utc,total,terrestrial,cosmic,thunderstorm
2021-08-05 00:00:00,101.0,94.0,4.0,3.0
2021-08-05 00:00:01,95.0,83.0,9.0,3.0
2021-08-05 00:00:02,110.0,97.0,11.0,2.0
2021-08-05 00:00:03,106.0,99.0,3.0,4.0
2021-08-05 00:00:04,95.0,85.0,7.0,3.0
2021-08-05 00:00:05,118.0,106.0,8.0,4.0
2021-08-05 00:00:06,106.0,98.0,4.0,4.0
2021-08-05 00:00:07,95.0,88.0,4.0,3.0
2021-08-05 00:00:08,107.0,102.0,4.0,1.0
2021-08-05 00:00:09,101.0,87.0,5.0,9.0
2021-08-05 00:00:10,103.0,93.0,9.0,1.0
2021-08-05 00:00:11,104.0,89.0,7.0,8.0
2021-08-05 00:00:12,119.0,105.0,6.0,8.0
2021-08-05 00:00:13,90.0,75.0,12.0,3.0
2021-08-05 00:00:14,117.0,102.0,10.0,5.0
2021-08-05 00:00:15,119.0,103.0,11.0,5.0
2021-08-05 00:00:16,103.0,88.0,13.0,2.0
2021-08-05 00:00:17,102.0,93.0,5.0,4.0
2021-08-05 00:00:18,117.0,104.0,6.0,7.0
2021-08-05 00:00:19,106.0,97.0,5.0,4.0
2021-08-05 00:00:20,93.0,86.0,4.0,3.0
2021-08-05 00:00:21,98.0,85.0,10.0,3.0
2021-08-05 00:00:22,97.0,89.0,6.0,2.0
2021-08-05 00:00:23,109.0,99.0,5.0,5.0
2021-08-05 00:00:24,109.0,93.0,11.0,5.0
2021-08-05 00:00:25,104.0,94.0,6.0,4.0
2021-08-05 00:00:26,102.0,93.0,5.0,4.0
2021-08-05 00:00:27,115.0,97.0,11.0,7.0
2021-08-05 00:00:28,105.0,96.0,7.0,2.0
2021-08-05 00:00:29,98.0,85.0,10.0,3.0
2021-08-05 00:00:30,108.0,96.0,4.0,8.0
2021-08-05 00:00:31,99.0,88.0,8.0,3.0
2021-08-05 00:00:32,92.0,82.0,7.0,3.0
2021-08-05 00:00:33,108.0,94.0,9.0,5.0
2021-08-05 00:00:34,98.0,88.0,6.0,4.0
2021-08-05 00:00:35,117.0,108.0,5.0,4.0
2021-08-05 00:00:36,106.0,94.0,9.0,3.0
2021-08-05 00:00:37,118.0,103.0,8.0,7.0
2021-08-05 00:00:38,119.0,108.0,8.0,3.0
2021-08-05 00:00:39,120.0,106.0,7.0,7.0
2021-08-05 00:00:40,94.0,83.0,6.0,5.0
2021-08-05 00:00:41,108.0,100.0,5.0,3.0
2021-08-05 00:00:42,123.0,113.0,7.0,3.0
2021-08-05 00:00:43,105.0,98.0,4.0,3.0
2021-08-05 00:00:44,110.0,92.0,10.0,8.0
2021-08-05 00:00:45,97.0,88.0,6.0,3.0
2021-08-05 00:00:46,112.0,95.0,12.0,5.0
2021-08-05 00:00:47,98.0,86.0,7.0,5.0
2021-08-05 00:00:48,99.0,88.0,7.0,4.0
2021-08-05 00:00:49,105.0,89.0,10.0,6.0
2021-08-05 00:00:50,98.0,89.0,3.0,6.0
2021-08-05 00:00:51,92.0,79.0,8.0,5.0
2021-08-05 00:00:52,98.0,83.0,12.0,3.0
2021-08-05 00:00:53,94.0,85.0,5.0,4.0
2021-08-05 00:00:54,101.0,89.0,8.0,4.0
2021-08-05 00:00:55,106.0,90.0,13.0,3.0
2021-08-05 00:00:56,100.0,87.0,10.0,3.0
2021-08-05 00:00:57,117.0,100.0,12.0,5.0
2021-08-05 00:00:58,99.0,83.0,12.0,4.0
2021-08-05 00:00:59,109.0,98.0,5.0,6.0
2021-08-05 00:01:00,109.0,101.0,5.0,3.0
2021-08-05 00:01:01,96.0,89.0,3.0,4.0
2021-08-05 00:01:02,102.0,88.0,13.0,1.0
2021-08-05 00:01:03,107.0,98.0,6.0,3.0
2021-08-05 00:01:04,104.0,91.0,9.0,4.0
2021-08-05 00:01:05,120.0,112.0,5.0,3.0
2021-08-05 00:01:06,103.0,90.0,5.0,8.0
2021-08-05 00:01:07,112.0,102.0,6.0,4.0
2021-08-05 00:01:08,90.0,76.0,6.0,8.0
2021-08-05 00:01:09,105.0,95.0,6.0,4.0
2021-08-05 00:01:10,141.0,130.0,6.0,5.0
2021-08-05 00:01:11,120.0,109.0,6.0,5.0
2021-08-05 00:01:12,115.0,103.0,9.0,3.0
2021-08-05 00:01:13,121.0,111.0,7.0,3.0
2021-08-05 00:01:14,101.0,89.0,6.0,6.0
2021-08-05 00:01:15,104.0,94.0,7.0,3.0
2021-08-05 00:01:16,96.0,88.0,7.0,1.0
2021-08-05 00:01:17,114.0,105.0,5.0,4.0
2021-08-05 00:01:18,121.0,108.0,7.0,6.0
2021-08-05 00:01:19,104.0,96.0,3.0,5.0
2021-08-05 00:01:20,97.0,86.0,6.0,5.0
2021-08-05 00:01:21,120.0,108.0,7.0,5.0
2021-08-05 00:01:22,120.0,106.0,11.0,3.0
2021-08-05 00:01:23,115.0,106.0,5.0,4.0
2021-08-05 00:01:24,92.0,77.0,10.0,5.0
2021-08-05 00:01:25,93.0,83.0,4.0,6.0
2021-08-05 00:01:26,106.0,95.0,5.0,6.0
2021-08-05 00:01:27,96.0,92.0,1.0,3.0
2021-08-05 00:01:28,128.0,119.0,7.0,2.0
2021-08-05 00:01:29,97.0,89.0,5.0,3.0
2021-08-05 00:01:30,111.0,102.0,4.0,5.0
2021-08-05 00:01:31,99.0,90.0,6.0,3.0
2021-08-05 00:01:32,113.0,103.0,6.0,4.0
2021-08-05 00:01:33,117.0,105.0,8.0,4.0
2021-08-05 00:01:34,113.0,107.0,4.0,2.0
2021-08-05 00:01:35,109.0,99.0,5.0,5.0
2021-08-05 00:01:36,97.0,85.0,6.0,6.0
2021-08-05 00:01:37,114.0,105.0,6.0,3.0
2021-08-05 00:01:38,104.0,95.0,5.0,4.0
2021-08-05 00:01:39,97.0,83.0,13.0,1.0
2021-08-05 00:01:40,119.0,105.0,6.0,8.0
2021-08-05 00:01:41,83.0,74.0,5.0,4.0
2021-08-05 00:01:42,111.0,94.0,12.0,5.0
2021-08-05 00:01:43,87.0,77.0,8.0,2.0
2021-08-05 00:01:44,109.0,101.0,6.0,2.0
2021-08-05 00:01:45,99.0,88.0,5.0,6.0
2021-08-05 00:01:46,109.0,99.0,9.0,1.0
2021-08-05 00:01:47,118.0,106.0,8.0,4.0
2021-08-05 00:01:48,112.0,101.0,7.0,4.0
2021-08-05 00:01:49,124.0,115.0,8.0,1.0
2021-08-05 00:01:50,105.0,99.0,4.0,2.0
2021-08-05 00:01:51,121.0,107.0,8.0,6.0
2021-08-05 00:01:52,101.0,93.0,5.0,3.0
2021-08-05 00:01:53,89.0,77.0,6.0,6.0
2021-08-05 00:01:54,109.0,101.0,4.0,4.0
2021-08-05 00:01:55,125.0,117.0,5.0,3.0
2021-08-05 00:01:56,109.0,100.0,4.0,5.0
2021-08-05 00:01:57,86.0,83.0,3.0,0.0
2021-08-05 00:01:58,113.0,104.0,7.0,2.0
2021-08-05 00:01:59,82.0,75.0,5.0,2.0
2021-08-05 00:02:00,104.0,91.0,5.0,8.0
2021-08-05 00:02:01,104.0,95.0,6.0,3.0
2021-08-05 00:02:02,86.0,75.0,6.0,5.0
2021-08-05 00:02:03,91.0,85.0,5.0,1.0
2021-08-05 00:02:04,101.0,83.0,9.0,9.0
2021-08-05 00:02:05,98.0,90.0,3.0,5.0
2021-08-05 00:02:06,114.0,98.0,11.0,5.0
2021-08-05 00:02:07,110.0,103.0,3.0,4.0
2021-08-05 00:02:08,118.0,107.0,7.0,4.0
2021-08-05 00:02:09,104.0,93.0,5.0,6.0
2021-08-05 00:02:10,125.0,116.0,4.0,5.0
2021-08-05 00:02:11,119.0,104.0,8.0,7.0
2021-08-05 00:02:12,117.0,105.0,7.0,5.0
2021-08-05 00:02:13,87.0,80.0,4.0,3.0
2021-08-05 00:02:14,121.0,107.0,7.0,7.0
2021-08-05 00:02:15,112.0,103.0,5.0,4.0
2021-08-05 00:02:16,131.0,119.0,8.0,4.0
2021-08-05 00:02:17,90.0,83.0,7.0,0.0
2021-08-05 00:02:18,98.0,85.0,8.0,5.0
2021-08-05 00:02:19,106.0,90.0,10.0,6.0
2021-08-05 00:02:20,97.0,87.0,3.0,7.0
2021-08-05 00:02:21,106.0,99.0,5.0,2.0
2021-08-05 00:02:22,111.0,92.0,10.0,9.0
2021-08-05 00:02:23,107.0,99.0,5.0,3.0
2021-08-05 00:02:24,111.0,103.0,6.0,2.0
2021-08-05 00:02:25,97.0,87.0,6.0,4.0
2021-08-05 00:02:26,111.0,96.0,11.0,4.0
2021-08-05 00:02:27,99.0,90.0,6.0,3.0
2021-08-05 00:02:28,110.0,94.0,9.0,7.0
2021-08-05 00:02:29,96.0,86.0,7.0,3.0
2021-08-05 00:02:30,87.0,78.0,5.0,4.0
2021-08-05 00:02:31,106.0,97.0,5.0,4.0
2021-08-05 00:02:32,102.0,89.0,7.0,6.0
2021-08-05 00:02:33,99.0,92.0,3.0,4.0
2021-08-05 00:02:34,97.0,87.0,8.0,2.0
2021-08-05 00:02:35,98.0,86.0,6.0,6.0
2021-08-05 00:02:36,99.0,88.0,8.0,3.0
2021-08-05 00:02:37,89.0,79.0,7.0,3.0
2021-08-05 00:02:38,119.0,109.0,6.0,4.0
2021-08-05 00:02:39,96.0,86.0,7.0,3.0
2021-08-05 00:02:40,115.0,102.0,9.0,4.0
2021-08-05 00:02:41,117.0,101.0,9.0,7.0
2021-08-05 00:02:42,121.0,104.0,7.0,10.0
2021-08-05 00:02:43,100.0,94.0,2.0,4.0
2021-08-05 00:02:44,115.0,103.0,10.0,2.0
2021-08-05 00:02:45,121.0,112.0,6.0,3.0
2021-08-05 00:02:46,108.0,98.0,3.0,7.0
2021-08-05 00:02:47,95.0,87.0,7.0,1.0
2021-08-05 00:02:48,114.0,103.0,5.0,6.0
2021-08-05 00:02:49,97.0,85.0,7.0,5.0
2021-08-05 00:02:50,108.0,100.0,5.0,3.0
2021-08-05 00:02:51,93.0,75.0,9.0,9.0
2021-08-05 00:02:52,103.0,93.0,9.0,1.0
2021-08-05 00:02:53,109.0,97.0,6.0,6.0
2021-08-05 00:02:54,118.0,105.0,8.0,5.0
2021-08-05 00:02:55,95.0,82.0,10.0,3.0
2021-08-05 00:02:56,106.0,90.0,6.0,10.0
2021-08-05 00:02:57,108.0,102.0,4.0,2.0
2021-08-05 00:02:58,107.0,95.0,9.0,3.0
2021-08-05 00:02:59,102.0,90.0,7.0,5.0
2021-08-05 00:03:00,95.0,86.0,7.0,2.0
2021-08-05 00:03:01,119.0,105.0,13.0,1.0
2021-08-05 00:03:02,92.0,81.0,9.0,2.0
2021-08-05 00:03:03,103.0,90.0,7.0,6.0
2021-08-05 00:03:04,113.0,102.0,5.0,6.0
2021-08-05 00:03:05,110.0,101.0,5.0,4.0
2021-08-05 00:03:06,101.0,91.0,7.0,3.0
2021-08-05 00:03:07,97.0,89.0,3.0,5.0
2021-08-05 00:03:08,107.0,92.0,13.0,2.0
2021-08-05 00:03:09,104.0,95.0,6.0,3.0
2021-08-05 00:03:10,98.0,85.0,8.0,5.0
2021-08-05 00:03:11,106.0,98.0,6.0,2.0
2021-08-05 00:03:12,99.0,87.0,7.0,5.0
2021-08-05 00:03:13,117.0,107.0,6.0,4.0
2021-08-05 00:03:14,128.0,108.0,13.0,7.0
2021-08-05 00:03:15,109.0,97.0,8.0,4.0
2021-08-05 00:03:16,116.0,111.0,1.0,4.0
2021-08-05 00:03:17,114.0,105.0,6.0,3.0
2021-08-05 00:03:18,98.0,85.0,8.0,5.0
2021-08-05 00:03:19,92.0,78.0,8.0,6.0
2021-08-05 00:03:20,104.0,84.0,9.0,11.0
2021-08-05 00:03:21,82.0,77.0,2.0,3.0
2021-08-05 00:03:22,112.0,102.0,6.0,4.0
2021-08-05 00:03:23,98.0,91.0,3.0,4.0
2021-08-05 00:03:24,112.0,98.0,6.0,8.0
2021-08-05 00:03:25,85.0,73.0,9.0,3.0
2021-08-05 00:03:26,125.0,110.0,9.0,6.0
2021-08-05 00:03:27,119.0,112.0,5.0,2.0
2021-08-05 00:03:28,100.0,87.0,10.0,3.0
2021-08-05 00:03:29,108.0,97.0,9.0,2.0
2021-08-05 00:03:30,108.0,95.0,11.0,2.0
2021-08-05 00:03:31,96.0,84.0,9.0,3.0
2021-08-05 00:03:32,117.0,107.0,5.0,5.0
2021-08-05 00:03:33,100.0,93.0,5.0,2.0
2021-08-05 00:03:34,95.0,89.0,5.0,1.0
2021-08-05 00:03:35,112.0,102.0,4.0,6.0
2021-08-05 00:03:36,97.0,88.0,5.0,4.0
2021-08-05 00:03:37,120.0,104.0,7.0,9.0
2021-08-05 00:03:38,100.0,88.0,9.0,3.0
2021-08-05 00:03:39,112.0,103.0,6.0,3.0
2021-08-05 00:03:40,101.0,91.0,3.0,7.0
2021-08-05 00:03:41,116.0,106.0,6.0,4.0
2021-08-05 00:03:42,123.0,113.0,7.0,3.0
2021-08-05 00:03:43,93.0,82.0,8.0,3.0
2021-08-05 00:03:44,95.0,87.0,6.0,2.0
2021-08-05 00:03:45,113.0,104.0,6.0,3.0
2021-08-05 00:03:46,101.0,91.0,6.0,4.0
2021-08-05 00:03:47,91.0,84.0,6.0,1.0
2021-08-05 00:03:48,101.0,91.0,5.0,5.0
2021-08-05 00:03:49,120.0,107.0,8.0,5.0
2021-08-05 00:03:50,104.0,89.0,12.0,3.0
2021-08-05 00:03:51,112.0,98.0,7.0,7.0
2021-08-05 00:03:52,110.0,104.0,3.0,3.0
2021-08-05 00:03:53,111.0,99.0,7.0,5.0
2021-08-05 00:03:54,95.0,87.0,6.0,2.0
2021-08-05 00:03:55,99.0,88.0,5.0,6.0
2021-08-05 00:03:56,108.0,96.0,8.0,4.0
2021-08-05 00:03:57,111.0,101.0,6.0,4.0
2021-08-05 00:03:58,108.0,100.0,7.0,1.0
2021-08-05 00:03:59,104.0,93.0,6.0,5.0
2021-08-05 00:04:00,121.0,113.0,5.0,3.0
2021-08-05 00:04:01,118.0,112.0,5.0,1.0
2021-08-05 00:04:02,121.0,109.0,8.0,4.0
2021-08-05 00:04:03,102.0,93.0,7.0,2.0
2021-08-05 00:04:04,100.0,92.0,3.0,5.0
2021-08-05 00:04:05,112.0,97.0,10.0,5.0
2021-08-05 00:04:06,114.0,100.0,7.0,7.0
2021-08-05 00:04:07,113.0,103.0,6.0,4.0
2021-08-05 00:04:08,121.0,101.0,14.0,6.0
2021-08-05 00:04:09,109.0,94.0,8.0,7.0
2021-08-05 00:04:10,99.0,90.0,4.0,5.0
2021-08-05 00:04:11,101.0,89.0,8.0,4.0
2021-08-05 00:04:12,117.0,111.0,3.0,3.0
2021-08-05 00:04:13,111.0,97.0,8.0,6.0
2021-08-05 00:04:14,105.0,96.0,5.0,4.0
2021-08-05 00:04:15,107.0,96.0,8.0,3.0
2021-08-05 00:04:16,87.0,79.0,5.0,3.0
2021-08-05 00:04:17,101.0,90.0,8.0,3.0
2021-08-05 00:04:18,116.0,102.0,11.0,3.0
2021-08-05 00:04:19,100.0,91.0,8.0,1.0
2021-08-05 00:04:20,121.0,112.0,5.0,4.0
2021-08-05 00:04:21,129.0,117.0,6.0,6.0
2021-08-05 00:04:22,92.0,87.0,2.0,3.0
2021-08-05 00:04:23,111.0,97.0,9.0,5.0
2021-08-05 00:04:24,107.0,95.0,9.0,3.0
2021-08-05 00:04:25,93.0,87.0,3.0,3.0
2021-08-05 00:04:26,119.0,109.0,7.0,3.0
2021-08-05 00:04:27,110.0,99.0,7.0,4.0
2021-08-05 00:04:28,103.0,92.0,6.0,5.0
2021-08-05 00:04:29,102.0,95.0,5.0,2.0
2021-08-05 00:04:30,102.0,94.0,5.0,3.0
2021-08-05 00:04:31,106.0,97.0,5.0,4.0
2021-08-05 00:04:32,112.0,99.0,11.0,2.0
2021-08-05 00:04:33,82.0,74.0,3.0,5.0
2021-08-05 00:04:34,104.0,91.0,7.0,6.0
2021-08-05 00:04:35,92.0,82.0,5.0,5.0
2021-08-05 00:04:36,110.0,98.0,10.0,2.0
2021-08-05 00:04:37,120.0,117.0,1.0,2.0
2021-08-05 00:04:38,112.0,97.0,7.0,8.0
2021-08-05 00:04:39,125.0,113.0,4.0,8.0
2021-08-05 00:04:40,119.0,102.0,12.0,5.0
2021-08-05 00:04:41,98.0,93.0,4.0,1.0
2021-08-05 00:04:42,95.0,89.0,4.0,2.0
2021-08-05 00:04:43,113.0,96.0,9.0,8.0
2021-08-05 00:04:44,120.0,109.0,9.0,2.0
2021-08-05 00:04:45,97.0,84.0,5.0,8.0
2021-08-05 00:04:46,98.0,86.0,6.0,6.0
2021-08-05 00:04:47,110.0,94.0,9.0,7.0
2021-08-05 00:04:48,113.0,104.0,8.0,1.0
2021-08-05 00:04:49,98.0,93.0,3.0,2.0
2021-08-05 00:04:50,101.0,91.0,7.0,3.0
2021-08-05 00:04:51,105.0,99.0,4.0,2.0
2021-08-05 00:04:52,99.0,90.0,5.0,4.0
2021-08-05 00:04:53,112.0,96.0,10.0,6.0
2021-08-05 00:04:54,109.0,96.0,10.0,3.0
2021-08-05 00:04:55,94.0,89.0,4.0,1.0
2021-08-05 00:04:56,120.0,113.0,4.0,3.0
2021-08-05 00:04:57,99.0,83.0,8.0,8.0
2021-08-05 00:04:58,134.0,118.0,11.0,5.0
2021-08-05 00:04:59,81.0,69.0,8.0,4.0
2021-08-05 00:05:00,111.0,98.0,7.0,6.0
2021-08-05 00:05:01,101.0,89.0,9.0,3.0
2021-08-05 00:05:02,121.0,112.0,6.0,3.0
2021-08-05 00:05:03,118.0,103.0,9.0,6.0
2021-08-05 00:05:04,99.0,90.0,5.0,4.0
2021-08-05 00:05:05,112.0,96.0,9.0,7.0
2021-08-05 00:05:06,101.0,90.0,7.0,4.0
2021-08-05 00:05:07,105.0,96.0,3.0,6.0
2021-08-05 00:05:08,99.0,86.0,7.0,6.0
2021-08-05 00:05:09,101.0,95.0,3.0,3.0
2021-08-05 00:05:10,105.0,94.0,6.0,5.0
2021-08-05 00:05:11,115.0,103.0,9.0,3.0
2021-08-05 00:05:12,94.0,87.0,5.0,2.0
2021-08-05 00:05:13,91.0,79.0,9.0,3.0
2021-08-05 00:05:14,121.0,108.0,6.0,7.0
2021-08-05 00:05:15,97.0,87.0,6.0,4.0
2021-08-05 00:05:16,113.0,104.0,5.0,4.0
2021-08-05 00:05:17,112.0,95.0,8.0,9.0
2021-08-05 00:05:18,96.0,91.0,2.0,3.0
2021-08-05 00:05:19,123.0,108.0,7.0,8.0
2021-08-05 00:05:20,106.0,95.0,4.0,7.0
2021-08-05 00:05:21,125.0,114.0,6.0,5.0
2021-08-05 00:05:22,99.0,90.0,3.0,6.0
2021-08-05 00:05:23,100.0,90.0,9.0,1.0
2021-08-05 00:05:24,107.0,100.0,5.0,2.0
2021-08-05 00:05:25,120.0,106.0,12.0,2.0
2021-08-05 00:05:26,102.0,92.0,6.0,4.0
2021-08-05 00:05:27,100.0,90.0,6.0,4.0
2021-08-05 00:05:28,113.0,101.0,9.0,3.0
2021-08-05 00:05:29,85.0,73.0,11.0,1.0
2021-08-05 00:05:30,116.0,100.0,9.0,7.0
2021-08-05 00:05:31,116.0,107.0,6.0,3.0
2021-08-05 00:05:32,117.0,106.0,8.0,3.0
2021-08-05 00:05:33,103.0,100.0,1.0,2.0
2021-08-05 00:05:34,110.0,104.0,3.0,3.0
2021-08-05 00:05:35,106.0,93.0,6.0,7.0
2021-08-05 00:05:36,115.0,102.0,10.0,3.0
2021-08-05 00:05:37,89.0,79.0,6.0,4.0
2021-08-05 00:05:38,91.0,75.0,7.0,9.0
2021-08-05 00:05:39,112.0,102.0,9.0,1.0
2021-08-05 00:05:40,110.0,100.0,7.0,3.0
2021-08-05 00:05:41,116.0,109.0,5.0,2.0
2021-08-05 00:05:42,105.0,94.0,6.0,5.0
2021-08-05 00:05:43,110.0,94.0,12.0,4.0
2021-08-05 00:05:44,106.0,94.0,7.0,5.0
2021-08-05 00:05:45,89.0,84.0,1.0,4.0
2021-08-05 00:05:46,90.0,80.0,7.0,3.0
2021-08-05 00:05:47,114.0,105.0,5.0,4.0
2021-08-05 00:05:48,114.0,105.0,5.0,4.0
2021-08-05 00:05:49,109.0,97.0,4.0,8.0
2021-08-05 00:05:50,108.0,99.0,6.0,3.0
2021-08-05 00:05:51,107.0,91.0,6.0,10.0
2021-08-05 00:05:52,102.0,91.0,8.0,3.0
2021-08-05 00:05:53,127.0,114.0,6.0,7.0
2021-08-05 00:05:54,94.0,82.0,5.0,7.0
2021-08-05 00:05:55,91.0,85.0,5.0,1.0
2021-08-05 00:05:56,105.0,93.0,5.0,7.0
2021-08-05 00:05:57,110.0,103.0,2.0,5.0
2021-08-05 00:05:58,109.0,96.0,8.0,5.0
2021-08-05 00:05:59,104.0,98.0,5.0,1.0
2021-08-05 00:06:00,100.0,87.0,7.0,6.0
2021-08-05 00:06:01,118.0,109.0,6.0,3.0
2021-08-05 00:06:02,114.0,101.0,8.0,5.0
2021-08-05 00:06:03,121.0,114.0,5.0,2.0
2021-08-05 00:06:04,108.0,96.0,7.0,5.0
2021-08-05 00:06:05,92.0,88.0,1.0,3.0
2021-08-05 00:06:06,99.0,91.0,6.0,2.0
2021-08-05 00:06:07,104.0,95.0,6.0,3.0
2021-08-05 00:06:08,108.0,92.0,9.0,7.0
2021-08-05 00:06:09,126.0,110.0,13.0,3.0
2021-08-05 00:06:10,102.0,96.0,6.0,0.0
2021-08-05 00:06:11,101.0,92.0,4.0,5.0
2021-08-05 00:06:12,100.0,88.0,8.0,4.0
2021-08-05 00:06:13,111.0,100.0,6.0,5.0
2021-08-05 00:06:14,110.0,99.0,5.0,6.0
2021-08-05 00:06:15,113.0,105.0,4.0,4.0
2021-08-05 00:06:16,122.0,114.0,2.0,6.0
2021-08-05 00:06:17,116.0,106.0,7.0,3.0
2021-08-05 00:06:18,91.0,82.0,5.0,4.0
2021-08-05 00:06:19,121.0,105.0,9.0,7.0
2021-08-05 00:06:20,110.0,96.0,8.0,6.0
2021-08-05 00:06:21,102.0,91.0,10.0,1.0
2021-08-05 00:06:22,124.0,112.0,8.0,4.0
2021-08-05 00:06:23,103.0,91.0,5.0,7.0
2021-08-05 00:06:24,111.0,101.0,3.0,7.0
2021-08-05 00:06:25,104.0,95.0,6.0,3.0
2021-08-05 00:06:26,105.0,95.0,4.0,6.0
2021-08-05 00:06:27,100.0,91.0,6.0,3.0
2021-08-05 00:06:28,115.0,104.0,7.0,4.0
2021-08-05 00:06:29,113.0,94.0,13.0,6.0
2021-08-05 00:06:30,125.0,110.0,10.0,5.0
2021-08-05 00:06:31,112.0,96.0,12.0,4.0
2021-08-05 00:06:32,92.0,83.0,7.0,2.0
2021-08-05 00:06:33,109.0,102.0,4.0,3.0
2021-08-05 00:06:34,102.0,91.0,10.0,1.0
2021-08-05 00:06:35,110.0,96.0,9.0,5.0
2021-08-05 00:06:36,106.0,99.0,3.0,4.0
2021-08-05 00:06:37,107.0,95.0,7.0,5.0
2021-08-05 00:06:38,116.0,103.0,10.0,3.0
2021-08-05 00:06:39,119.0,106.0,8.0,5.0
2021-08-05 00:06:40,103.0,96.0,4.0,3.0
2021-08-05 00:06:41,122.0,110.0,8.0,4.0
2021-08-05 00:06:42,97.0,88.0,4.0,5.0
2021-08-05 00:06:43,101.0,94.0,5.0,2.0
2021-08-05 00:06:44,94.0,82.0,9.0,3.0
2021-08-05 00:06:45,107.0,100.0,4.0,3.0
2021-08-05 00:06:46,108.0,96.0,9.0,3.0
2021-08-05 00:06:47,118.0,108.0,5.0,5.0
2021-08-05 00:06:48,99.0,93.0,4.0,2.0
2021-08-05 00:06:49,110.0,103.0,4.0,3.0
2021-08-05 00:06:50,118.0,109.0,3.0,6.0
2021-08-05 00:06:51,97.0,91.0,2.0,4.0
2021-08-05 00:06:52,103.0,94.0,7.0,2.0
2021-08-05 00:06:53,100.0,91.0,8.0,1.0
2021-08-05 00:06:54,112.0,101.0,7.0,4.0
2021-08-05 00:06:55,111.0,99.0,8.0,4.0
2021-08-05 00:06:56,113.0,105.0,5.0,3.0
2021-08-05 00:06:57,100.0,90.0,8.0,2.0
2021-08-05 00:06:58,124.0,112.0,9.0,3.0
2021-08-05 00:06:59,103.0,95.0,7.0,1.0
2021-08-05 00:07:00,109.0,100.0,7.0,2.0
2021-08-05 00:07:01,107.0,94.0,7.0,6.0
2021-08-05 00:07:02,123.0,118.0,4.0,1.0
2021-08-05 00:07:03,96.0,90.0,2.0,4.0
2021-08-05 00:07:04,114.0,103.0,7.0,4.0
2021-08-05 00:07:05,95.0,84.0,8.0,3.0
2021-08-05 00:07:06,108.0,100.0,3.0,5.0
2021-08-05 00:07:07,107.0,97.0,7.0,3.0
2021-08-05 00:07:08,104.0,94.0,7.0,3.0
2021-08-05 00:07:09,106.0,97.0,6.0,3.0
2021-08-05 00:07:10,95.0,90.0,5.0,0.0
2021-08-05 00:07:11,123.0,112.0,9.0,2.0
2021-08-05 00:07:12,125.0,116.0,7.0,2.0
2021-08-05 00:07:13,114.0,101.0,10.0,3.0
2021-08-05 00:07:14,101.0,93.0,4.0,4.0
2021-08-05 00:07:15,100.0,89.0,7.0,4.0
2021-08-05 00:07:16,103.0,96.0,3.0,4.0
2021-08-05 00:07:17,113.0,96.0,9.0,8.0
2021-08-05 00:07:18,133.0,123.0,9.0,1.0
2021-08-05 00:07:19,99.0,88.0,7.0,4.0
2021-08-05 00:07:20,121.0,103.0,9.0,9.0
2021-08-05 00:07:21,98.0,84.0,11.0,3.0
2021-08-05 00:07:22,102.0,93.0,7.0,2.0
2021-08-05 00:07:23,123.0,115.0,6.0,2.0
2021-08-05 00:07:24,109.0,94.0,13.0,2.0
2021-08-05 00:07:25,106.0,92.0,9.0,5.0
2021-08-05 00:07:26,107.0,97.0,3.0,7.0
2021-08-05 00:07:27,101.0,91.0,8.0,2.0
2021-08-05 00:07:28,103.0,93.0,4.0,6.0
2021-08-05 00:07:29,98.0,90.0,4.0,4.0
2021-08-05 00:07:30,95.0,90.0,5.0,0.0
2021-08-05 00:07:31,101.0,94.0,6.0,1.0
2021-08-05 00:07:32,104.0,92.0,9.0,3.0
2021-08-05 00:07:33,118.0,108.0,6.0,4.0
2021-08-05 00:07:34,115.0,104.0,8.0,3.0
2021-08-05 00:07:35,113.0,99.0,8.0,6.0
2021-08-05 00:07:36,104.0,92.0,5.0,7.0
2021-08-05 00:07:37,110.0,98.0,9.0,3.0
2021-08-05 00:07:38,99.0,91.0,4.0,4.0
2021-08-05 00:07:39,114.0,105.0,4.0,5.0
2021-08-05 00:07:40,119.0,110.0,6.0,3.0
2021-08-05 00:07:41,109.0,100.0,8.0,1.0
2021-08-05 00:07:42,96.0,86.0,6.0,4.0
2021-08-05 00:07:43,113.0,103.0,7.0,3.0
2021-08-05 00:07:44,102.0,94.0,6.0,2.0
2021-08-05 00:07:45,104.0,92.0,8.0,4.0
2021-08-05 00:07:46,113.0,97.0,10.0,6.0
2021-08-05 00:07:47,118.0,105.0,8.0,5.0
2021-08-05 00:07:48,116.0,109.0,4.0,3.0
2021-08-05 00:07:49,123.0,108.0,7.0,8.0
2021-08-05 00:07:50,125.0,110.0,5.0,10.0
2021-08-05 00:07:51,94.0,85.0,9.0,0.0
2021-08-05 00:07:52,111.0,103.0,4.0,4.0
2021-08-05 00:07:53,109.0,99.0,7.0,3.0
2021-08-05 00:07:54,107.0,96.0,6.0,5.0
2021-08-05 00:07:55,114.0,100.0,11.0,3.0
2021-08-05 00:07:56,85.0,77.0,3.0,5.0
2021-08-05 00:07:57,105.0,98.0,2.0,5.0
2021-08-05 00:07:58,108.0,100.0,8.0,0.0
2021-08-05 00:07:59,90.0,81.0,3.0,6.0
2021-08-05 00:08:00,106.0,95.0,6.0,5.0
2021-08-05 00:08:01,127.0,111.0,11.0,5.0
2021-08-05 00:08:02,107.0,96.0,9.0,2.0
2021-08-05 00:08:03,96.0,91.0,3.0,2.0
2021-08-05 00:08:04,105.0,100.0,3.0,2.0
2021-08-05 00:08:05,108.0,103.0,4.0,1.0
2021-08-05 00:08:06,100.0,90.0,6.0,4.0
2021-08-05 00:08:07,100.0,90.0,4.0,6.0
2021-08-05 00:08:08,83.0,75.0,5.0,3.0
2021-08-05 00:08:09,117.0,110.0,2.0,5.0
2021-08-05 00:08:10,111.0,101.0,8.0,2.0
2021-08-05 00:08:11,115.0,106.0,3.0,6.0
2021-08-05 00:08:12,110.0,98.0,10.0,2.0
2021-08-05 00:08:13,105.0,95.0,7.0,3.0
2021-08-05 00:08:14,96.0,85.0,8.0,3.0
2021-08-05 00:08:15,108.0,102.0,4.0,2.0
2021-08-05 00:08:16,113.0,104.0,5.0,4.0
2021-08-05 00:08:17,110.0,96.0,11.0,3.0
2021-08-05 00:08:18,113.0,97.0,13.0,3.0
2021-08-05 00:08:19,118.0,111.0,3.0,4.0
2021-08-05 00:08:20,125.0,113.0,8.0,4.0
2021-08-05 00:08:21,108.0,99.0,5.0,4.0
2021-08-05 00:08:22,115.0,101.0,7.0,7.0
2021-08-05 00:08:23,108.0,94.0,8.0,6.0
2021-08-05 00:08:24,103.0,92.0,4.0,7.0
2021-08-05 00:08:25,110.0,106.0,4.0,0.0
2021-08-05 00:08:26,119.0,110.0,5.0,4.0
2021-08-05 00:08:27,103.0,92.0,5.0,6.0
2021-08-05 00:08:28,98.0,87.0,7.0,4.0
2021-08-05 00:08:29,90.0,79.0,5.0,6.0
2021-08-05 00:08:30,119.0,108.0,7.0,4.0
2021-08-05 00:08:31,107.0,95.0,7.0,5.0
2021-08-05 00:08:32,105.0,96.0,6.0,3.0
2021-08-05 00:08:33,102.0,90.0,4.0,8.0
2021-08-05 00:08:34,116.0,100.0,6.0,10.0
2021-08-05 00:08:35,100.0,93.0,5.0,2.0
2021-08-05 00:08:36,118.0,105.0,8.0,5.0
2021-08-05 00:08:37,99.0,88.0,7.0,4.0
2021-08-05 00:08:38,131.0,121.0,6.0,4.0
2021-08-05 00:08:39,111.0,100.0,6.0,5.0
2021-08-05 00:08:40,124.0,114.0,8.0,2.0
2021-08-05 00:08:41,97.0,84.0,4.0,9.0
2021-08-05 00:08:42,100.0,89.0,6.0,5.0
2021-08-05 00:08:43,95.0,88.0,6.0,1.0
2021-08-05 00:08:44,115.0,108.0,3.0,4.0
2021-08-05 00:08:45,98.0,86.0,6.0,6.0
2021-08-05 00:08:46,124.0,111.0,9.0,4.0
2021-08-05 00:08:47,117.0,104.0,7.0,6.0
2021-08-05 00:08:48,103.0,98.0,3.0,2.0
2021-08-05 00:08:49,103.0,95.0,5.0,3.0
2021-08-05 00:08:50,103.0,95.0,5.0,3.0
2021-08-05 00:08:51,101.0,91.0,6.0,4.0
2021-08-05 00:08:52,103.0,90.0,9.0,4.0
2021-08-05 00:08:53,107.0,96.0,7.0,4.0
2021-08-05 00:08:54,117.0,110.0,3.0,4.0
2021-08-05 00:08:55,133.0,116.0,11.0,6.0
2021-08-05 00:08:56,84.0,74.0,6.0,4.0
2021-08-05 00:08:57,124.0,116.0,3.0,5.0
2021-08-05 00:08:58,100.0,83.0,8.0,9.0
2021-08-05 00:08:59,95.0,85.0,8.0,2.0
2021-08-05 00:09:00,119.0,109.0,5.0,5.0
2021-08-05 00:09:01,88.0,81.0,4.0,3.0
2021-08-05 00:09:02,106.0,94.0,10.0,2.0
2021-08-05 00:09:03,96.0,87.0,5.0,4.0
2021-08-05 00:09:04,113.0,106.0,4.0,3.0
2021-08-05 00:09:05,94.0,87.0,4.0,3.0
2021-08-05 00:09:06,97.0,86.0,6.0,5.0
2021-08-05 00:09:07,114.0,97.0,11.0,6.0
2021-08-05 00:09:08,113.0,103.0,6.0,4.0
2021-08-05 00:09:09,118.0,105.0,6.0,7.0
2021-08-05 00:09:10,104.0,97.0,6.0,1.0
2021-08-05 00:09:11,117.0,107.0,8.0,2.0
2021-08-05 00:09:12,110.0,101.0,4.0,5.0
2021-08-05 00:09:13,102.0,93.0,5.0,4.0
2021-08-05 00:09:14,128.0,117.0,10.0,1.0
2021-08-05 00:09:15,122.0,113.0,7.0,2.0
2021-08-05 00:09:16,99.0,92.0,6.0,1.0
2021-08-05 00:09:17,116.0,107.0,8.0,1.0
2021-08-05 00:09:18,114.0,100.0,8.0,6.0
2021-08-05 00:09:19,95.0,91.0,2.0,2.0
2021-08-05 00:09:20,102.0,91.0,5.0,6.0
2021-08-05 00:09:21,118.0,111.0,4.0,3.0
2021-08-05 00:09:22,103.0,90.0,7.0,6.0
2021-08-05 00:09:23,100.0,86.0,10.0,4.0
2021-08-05 00:09:24,107.0,96.0,7.0,4.0
2021-08-05 00:09:25,97.0,87.0,7.0,3.0
2021-08-05 00:09:26,107.0,92.0,14.0,1.0
2021-08-05 00:09:27,109.0,99.0,8.0,2.0
2021-08-05 00:09:28,102.0,91.0,8.0,3.0
2021-08-05 00:09:29,111.0,106.0,3.0,2.0
2021-08-05 00:09:30,94.0,87.0,4.0,3.0
2021-08-05 00:09:31,120.0,108.0,7.0,5.0
2021-08-05 00:09:32,92.0,87.0,2.0,3.0
2021-08-05 00:09:33,106.0,95.0,8.0,3.0
2021-08-05 00:09:34,122.0,114.0,5.0,3.0
2021-08-05 00:09:35,113.0,107.0,5.0,1.0
2021-08-05 00:09:36,101.0,83.0,8.0,10.0
2021-08-05 00:09:37,100.0,87.0,8.0,5.0
2021-08-05 00:09:38,107.0,100.0,4.0,3.0
2021-08-05 00:09:39,122.0,107.0,10.0,5.0
2021-08-05 00:09:40,121.0,109.0,9.0,3.0
2021-08-05 00:09:41,87.0,83.0,4.0,0.0
2021-08-05 00:09:42,108.0,98.0,6.0,4.0
2021-08-05 00:09:43,113.0,102.0,9.0,2.0
2021-08-05 00:09:44,96.0,83.0,6.0,7.0
2021-08-05 00:09:45,110.0,96.0,9.0,5.0
2021-08-05 00:09:46,97.0,88.0,5.0,4.0
2021-08-05 00:09:47,102.0,87.0,11.0,4.0
2021-08-05 00:09:48,111.0,106.0,3.0,2.0
2021-08-05 00:09:49,103.0,92.0,6.0,5.0
2021-08-05 00:09:50,108.0,96.0,5.0,7.0
2021-08-05 00:09:51,99.0,92.0,4.0,3.0
2021-08-05 00:09:52,91.0,82.0,7.0,2.0
2021-08-05 00:09:53,97.0,88.0,4.0,5.0
2021-08-05 00:09:54,124.0,111.0,8.0,5.0
2021-08-05 00:09:55,103.0,98.0,1.0,4.0
2021-08-05 00:09:56,101.0,91.0,6.0,4.0
2021-08-05 00:09:57,108.0,96.0,6.0,6.0
2021-08-05 00:09:58,113.0,98.0,9.0,6.0
2021-08-05 00:09:59,92.0,82.0,5.0,5.0
2021-08-05 00:10:00,116.0,104.0,6.0,6.0
2021-08-05 00:10:01,108.0,103.0,3.0,2.0
2021-08-05 00:10:02,108.0,100.0,3.0,5.0
2021-08-05 00:10:03,105.0,98.0,5.0,2.0
2021-08-05 00:10:04,106.0,100.0,3.0,3.0
2021-08-05 00:10:05,105.0,97.0,6.0,2.0
2021-08-05 00:10:06,109.0,98.0,8.0,3.0
2021-08-05 00:10:07,115.0,101.0,12.0,2.0
2021-08-05 00:10:08,114.0,104.0,7.0,3.0
2021-08-05 00:10:09,81.0,72.0,2.0,7.0
2021-08-05 00:10:10,105.0,98.0,5.0,2.0
2021-08-05 00:10:11,116.0,104.0,11.0,1.0
2021-08-05 00:10:12,105.0,95.0,7.0,3.0
2021-08-05 00:10:13,116.0,102.0,10.0,4.0
2021-08-05 00:10:14,98.0,88.0,8.0,2.0
2021-08-05 00:10:15,108.0,98.0,6.0,4.0
2021-08-05 00:10:16,110.0,100.0,5.0,5.0
2021-08-05 00:10:17,93.0,86.0,6.0,1.0
2021-08-05 00:10:18,115.0,102.0,11.0,2.0
2021-08-05 00:10:19,89.0,83.0,3.0,3.0
2021-08-05 00:10:20,106.0,91.0,9.0,6.0
2021-08-05 00:10:21,98.0,91.0,4.0,3.0
2021-08-05 00:10:22,92.0,82.0,8.0,2.0
2021-08-05 00:10:23,115.0,105.0,6.0,4.0
2021-08-05 00:10:24,113.0,104.0,3.0,6.0
2021-08-05 00:10:25,105.0,95.0,5.0,5.0
2021-08-05 00:10:26,114.0,103.0,5.0,6.0
2021-08-05 00:10:27,111.0,100.0,7.0,4.0
2021-08-05 00:10:28,111.0,95.0,10.0,6.0
2021-08-05 00:10:29,113.0,104.0,5.0,4.0
2021-08-05 00:10:30,107.0,100.0,6.0,1.0
2021-08-05 00:10:31,93.0,81.0,5.0,7.0
2021-08-05 00:10:32,105.0,93.0,9.0,3.0
2021-08-05 00:10:33,99.0,87.0,8.0,4.0
2021-08-05 00:10:34,127.0,117.0,4.0,6.0
2021-08-05 00:10:35,116.0,106.0,5.0,5.0
2021-08-05 00:10:36,124.0,114.0,7.0,3.0
2021-08-05 00:10:37,99.0,88.0,10.0,1.0
2021-08-05 00:10:38,119.0,110.0,5.0,4.0
2021-08-05 00:10:39,99.0,89.0,6.0,4.0
2021-08-05 00:10:40,104.0,97.0,3.0,4.0
2021-08-05 00:10:41,110.0,96.0,7.0,7.0
2021-08-05 00:10:42,125.0,113.0,9.0,3.0
2021-08-05 00:10:43,103.0,92.0,9.0,2.0
2021-08-05 00:10:44,109.0,98.0,8.0,3.0
2021-08-05 00:10:45,112.0,102.0,6.0,4.0
2021-08-05 00:10:46,98.0,87.0,7.0,4.0
2021-08-05 00:10:47,115.0,107.0,7.0,1.0
2021-08-05 00:10:48,114.0,98.0,11.0,5.0
2021-08-05 00:10:49,91.0,83.0,8.0,0.0
2021-08-05 00:10:50,92.0,88.0,4.0,0.0
2021-08-05 00:10:51,104.0,93.0,5.0,6.0
2021-08-05 00:10:52,111.0,98.0,8.0,5.0
2021-08-05 00:10:53,112.0,98.0,9.0,5.0
2021-08-05 00:10:54,95.0,82.0,5.0,8.0
2021-08-05 00:10:55,104.0,89.0,3.0,12.0
2021-08-05 00:10:56,115.0,106.0,4.0,5.0
2021-08-05 00:10:57,95.0,83.0,9.0,3.0
2021-08-05 00:10:58,91.0,85.0,4.0,2.0
2021-08-05 00:10:59,118.0,106.0,3.0,9.0
2021-08-05 00:11:00,109.0,97.0,5.0,7.0
2021-08-05 00:11:01,121.0,110.0,6.0,5.0
2021-08-05 00:11:02,129.0,113.0,8.0,8.0
2021-08-05 00:11:03,113.0,104.0,5.0,4.0
2021-08-05 00:11:04,111.0,105.0,3.0,3.0
2021-08-05 00:11:05,104.0,100.0,3.0,1.0
2021-08-05 00:11:06,112.0,97.0,10.0,5.0
2021-08-05 00:11:07,105.0,95.0,8.0,2.0
2021-08-05 00:11:08,105.0,94.0,7.0,4.0
2021-08-05 00:11:09,96.0,79.0,6.0,11.0
2021-08-05 00:11:10,98.0,78.0,8.0,12.0
2021-08-05 00:11:11,121.0,110.0,7.0,4.0
2021-08-05 00:11:12,111.0,101.0,9.0,1.0
2021-08-05 00:11:13,103.0,90.0,9.0,4.0
2021-08-05 00:11:14,126.0,122.0,3.0,1.0
2021-08-05 00:11:15,98.0,87.0,4.0,7.0
2021-08-05 00:11:16,111.0,96.0,7.0,8.0
2021-08-05 00:11:17,122.0,105.0,10.0,7.0
2021-08-05 00:11:18,101.0,96.0,3.0,2.0
2021-08-05 00:11:19,109.0,100.0,4.0,5.0
2021-08-05 00:11:20,100.0,96.0,3.0,1.0
2021-08-05 00:11:21,103.0,93.0,6.0,4.0
2021-08-05 00:11:22,102.0,95.0,4.0,3.0
2021-08-05 00:11:23,118.0,103.0,8.0,7.0
2021-08-05 00:11:24,97.0,88.0,5.0,4.0
2021-08-05 00:11:25,99.0,91.0,5.0,3.0
2021-08-05 00:11:26,118.0,103.0,13.0,2.0
2021-08-05 00:11:27,125.0,120.0,4.0,1.0
2021-08-05 00:11:28,123.0,114.0,8.0,1.0
2021-08-05 00:11:29,88.0,75.0,7.0,6.0
2021-08-05 00:11:30,117.0,106.0,8.0,3.0
2021-08-05 00:11:31,136.0,123.0,8.0,5.0
2021-08-05 00:11:32,123.0,112.0,7.0,4.0
2021-08-05 00:11:33,92.0,86.0,3.0,3.0
2021-08-05 00:11:34,106.0,91.0,9.0,6.0
2021-08-05 00:11:35,104.0,97.0,4.0,3.0
2021-08-05 00:11:36,108.0,101.0,3.0,4.0
2021-08-05 00:11:37,95.0,87.0,7.0,1.0
2021-08-05 00:11:38,106.0,102.0,2.0,2.0
2021-08-05 00:11:39,114.0,104.0,5.0,5.0
2021-08-05 00:11:40,96.0,85.0,9.0,2.0
2021-08-05 00:11:41,89.0,82.0,5.0,2.0
2021-08-05 00:11:42,112.0,98.0,6.0,8.0
2021-08-05 00:11:43,101.0,90.0,7.0,4.0
2021-08-05 00:11:44,81.0,70.0,7.0,4.0
2021-08-05 00:11:45,105.0,93.0,2.0,10.0
2021-08-05 00:11:46,122.0,111.0,7.0,4.0
2021-08-05 00:11:47,119.0,109.0,5.0,5.0
2021-08-05 00:11:48,126.0,115.0,7.0,4.0
2021-08-05 00:11:49,106.0,94.0,8.0,4.0
2021-08-05 00:11:50,106.0,94.0,11.0,1.0
2021-08-05 00:11:51,100.0,93.0,4.0,3.0
2021-08-05 00:11:52,113.0,103.0,6.0,4.0
2021-08-05 00:11:53,113.0,101.0,8.0,4.0
2021-08-05 00:11:54,114.0,101.0,7.0,6.0
2021-08-05 00:11:55,130.0,117.0,8.0,5.0
2021-08-05 00:11:56,113.0,104.0,6.0,3.0
2021-08-05 00:11:57,122.0,108.0,9.0,5.0
2021-08-05 00:11:58,94.0,91.0,1.0,2.0
2021-08-05 00:11:59,107.0,98.0,7.0,2.0
2021-08-05 00:12:00,110.0,99.0,5.0,6.0
2021-08-05 00:12:01,113.0,101.0,4.0,8.0
2021-08-05 00:12:02,123.0,113.0,6.0,4.0
2021-08-05 00:12:03,104.0,95.0,4.0,5.0
2021-08-05 00:12:04,111.0,101.0,5.0,5.0
2021-08-05 00:12:05,110.0,98.0,8.0,4.0
2021-08-05 00:12:06,94.0,82.0,7.0,5.0
2021-08-05 00:12:07,102.0,89.0,7.0,6.0
2021-08-05 00:12:08,99.0,94.0,4.0,1.0
2021-08-05 00:12:09,117.0,105.0,7.0,5.0
2021-08-05 00:12:10,129.0,111.0,8.0,10.0
2021-08-05 00:12:11,112.0,106.0,2.0,4.0
2021-08-05 00:12:12,117.0,103.0,7.0,7.0
2021-08-05 00:12:13,116.0,107.0,4.0,5.0
2021-08-05 00:12:14,101.0,90.0,7.0,4.0
2021-08-05 00:12:15,114.0,104.0,7.0,3.0
2021-08-05 00:12:16,108.0,94.0,4.0,10.0
2021-08-05 00:12:17,99.0,87.0,8.0,4.0
2021-08-05 00:12:18,118.0,113.0,4.0,1.0
2021-08-05 00:12:19,99.0,90.0,4.0,5.0
2021-08-05 00:12:20,97.0,93.0,3.0,1.0
2021-08-05 00:12:21,102.0,86.0,13.0,3.0
2021-08-05 00:12:22,121.0,113.0,6.0,2.0
2021-08-05 00:12:23,120.0,114.0,3.0,3.0
2021-08-05 00:12:24,124.0,114.0,6.0,4.0
2021-08-05 00:12:25,93.0,84.0,4.0,5.0
2021-08-05 00:12:26,95.0,82.0,8.0,5.0
2021-08-05 00:12:27,118.0,105.0,8.0,5.0
2021-08-05 00:12:28,98.0,89.0,5.0,4.0
2021-08-05 00:12:29,110.0,96.0,10.0,4.0
2021-08-05 00:12:30,97.0,88.0,4.0,5.0
2021-08-05 00:12:31,108.0,97.0,7.0,4.0
2021-08-05 00:12:32,111.0,99.0,8.0,4.0
2021-08-05 00:12:33,111.0,101.0,6.0,4.0
2021-08-05 00:12:34,98.0,89.0,4.0,5.0
2021-08-05 00:12:35,119.0,98.0,14.0,7.0
2021-08-05 00:12:36,88.0,80.0,4.0,4.0
2021-08-05 00:12:37,90.0,84.0,4.0,2.0
2021-08-05 00:12:38,88.0,78.0,8.0,2.0
2021-08-05 00:12:39,116.0,104.0,9.0,3.0
2021-08-05 00:12:40,112.0,99.0,8.0,5.0
2021-08-05 00:12:41,110.0,101.0,6.0,3.0
2021-08-05 00:12:42,111.0,100.0,6.0,5.0
2021-08-05 00:12:43,105.0,101.0,0.0,4.0
2021-08-05 00:12:44,95.0,80.0,8.0,7.0
2021-08-05 00:12:45,116.0,107.0,5.0,4.0
2021-08-05 00:12:46,109.0,94.0,9.0,6.0
2021-08-05 00:12:47,112.0,103.0,8.0,1.0
2021-08-05 00:12:48,129.0,118.0,6.0,5.0
2021-08-05 00:12:49,116.0,111.0,3.0,2.0
2021-08-05 00:12:50,121.0,104.0,13.0,4.0
2021-08-05 00:12:51,104.0,91.0,7.0,6.0
2021-08-05 00:12:52,120.0,113.0,4.0,3.0
2021-08-05 00:12:53,102.0,91.0,7.0,4.0
2021-08-05 00:12:54,106.0,99.0,7.0,0.0
2021-08-05 00:12:55,109.0,96.0,8.0,5.0
2021-08-05 00:12:56,88.0,78.0,5.0,5.0
2021-08-05 00:12:57,96.0,88.0,5.0,3.0
2021-08-05 00:12:58,115.0,109.0,3.0,3.0
2021-08-05 00:12:59,109.0,101.0,3.0,5.0
2021-08-05 00:13:00,105.0,92.0,8.0,5.0
2021-08-05 00:13:01,106.0,96.0,8.0,2.0
2021-08-05 00:13:02,95.0,86.0,4.0,5.0
2021-08-05 00:13:03,123.0,112.0,9.0,2.0
2021-08-05 00:13:04,111.0,99.0,8.0,4.0
2021-08-05 00:13:05,90.0,80.0,7.0,3.0
2021-08-05 00:13:06,99.0,95.0,3.0,1.0
2021-08-05 00:13:07,105.0,95.0,5.0,5.0
2021-08-05 00:13:08,117.0,106.0,6.0,5.0
2021-08-05 00:13:09,105.0,93.0,7.0,5.0
2021-08-05 00:13:10,99.0,93.0,3.0,3.0
2021-08-05 00:13:11,108.0,98.0,5.0,5.0
2021-08-05 00:13:12,96.0,85.0,9.0,2.0
2021-08-05 00:13:13,116.0,107.0,4.0,5.0
2021-08-05 00:13:14,104.0,92.0,3.0,9.0
2021-08-05 00:13:15,96.0,87.0,6.0,3.0
2021-08-05 00:13:16,124.0,111.0,8.0,5.0
2021-08-05 00:13:17,118.0,105.0,9.0,4.0
2021-08-05 00:13:18,102.0,93.0,6.0,3.0
2021-08-05 00:13:19,101.0,89.0,8.0,4.0
2021-08-05 00:13:20,115.0,110.0,3.0,2.0
2021-08-05 00:13:21,97.0,87.0,6.0,4.0
2021-08-05 00:13:22,96.0,86.0,7.0,3.0
2021-08-05 00:13:23,110.0,104.0,3.0,3.0
2021-08-05 00:13:24,107.0,100.0,3.0,4.0
2021-08-05 00:13:25,132.0,123.0,4.0,5.0
2021-08-05 00:13:26,105.0,94.0,6.0,5.0
2021-08-05 00:13:27,109.0,103.0,3.0,3.0
2021-08-05 00:13:28,126.0,112.0,9.0,5.0
2021-08-05 00:13:29,111.0,96.0,10.0,5.0
2021-08-05 00:13:30,106.0,97.0,7.0,2.0
2021-08-05 00:13:31,116.0,104.0,10.0,2.0
2021-08-05 00:13:32,113.0,103.0,7.0,3.0
2021-08-05 00:13:33,108.0,97.0,8.0,3.0
2021-08-05 00:13:34,98.0,92.0,5.0,1.0
2021-08-05 00:13:35,117.0,103.0,6.0,8.0
2021-08-05 00:13:36,108.0,100.0,5.0,3.0
2021-08-05 00:13:37,102.0,97.0,3.0,2.0
2021-08-05 00:13:38,101.0,90.0,6.0,5.0
2021-08-05 00:13:39,131.0,121.0,4.0,6.0
2021-08-05 00:13:40,111.0,101.0,6.0,4.0
2021-08-05 00:13:41,96.0,82.0,4.0,10.0
2021-08-05 00:13:42,102.0,90.0,7.0,5.0
2021-08-05 00:13:43,119.0,105.0,6.0,8.0
2021-08-05 00:13:44,107.0,95.0,8.0,4.0
2021-08-05 00:13:45,112.0,99.0,7.0,6.0
2021-08-05 00:13:46,111.0,102.0,8.0,1.0
2021-08-05 00:13:47,111.0,105.0,3.0,3.0
2021-08-05 00:13:48,109.0,95.0,9.0,5.0
2021-08-05 00:13:49,117.0,109.0,2.0,6.0
2021-08-05 00:13:50,103.0,96.0,4.0,3.0
2021-08-05 00:13:51,107.0,95.0,8.0,4.0
2021-08-05 00:13:52,102.0,91.0,6.0,5.0
2021-08-05 00:13:53,132.0,123.0,7.0,2.0
2021-08-05 00:13:54,128.0,112.0,10.0,6.0
2021-08-05 00:13:55,87.0,80.0,5.0,2.0
2021-08-05 00:13:56,138.0,122.0,10.0,6.0
2021-08-05 00:13:57,115.0,96.0,11.0,8.0
2021-08-05 00:13:58,103.0,91.0,4.0,8.0
2021-08-05 00:13:59,93.0,87.0,3.0,3.0
2021-08-05 00:14:00,117.0,102.0,11.0,4.0
2021-08-05 00:14:01,108.0,96.0,7.0,5.0
2021-08-05 00:14:02,117.0,102.0,7.0,8.0
2021-08-05 00:14:03,118.0,110.0,5.0,3.0
2021-08-05 00:14:04,120.0,111.0,5.0,4.0
2021-08-05 00:14:05,103.0,97.0,4.0,2.0
2021-08-05 00:14:06,109.0,98.0,4.0,7.0
2021-08-05 00:14:07,99.0,93.0,3.0,3.0
2021-08-05 00:14:08,113.0,102.0,9.0,2.0
2021-08-05 00:14:09,94.0,85.0,7.0,2.0
2021-08-05 00:14:10,105.0,95.0,4.0,6.0
2021-08-05 00:14:11,89.0,78.0,9.0,2.0
2021-08-05 00:14:12,115.0,105.0,7.0,3.0
2021-08-05 00:14:13,106.0,95.0,7.0,4.0
2021-08-05 00:14:14,95.0,84.0,7.0,4.0
2021-08-05 00:14:15,114.0,98.0,8.0,8.0
2021-08-05 00:14:16,120.0,110.0,6.0,4.0
2021-08-05 00:14:17,105.0,94.0,8.0,3.0
2021-08-05 00:14:18,105.0,91.0,6.0,8.0
2021-08-05 00:14:19,131.0,121.0,6.0,4.0
2021-08-05 00:14:20,101.0,89.0,5.0,7.0
2021-08-05 00:14:21,113.0,98.0,6.0,9.0
2021-08-05 00:14:22,109.0,99.0,7.0,3.0
2021-08-05 00:14:23,108.0,99.0,7.0,2.0
2021-08-05 00:14:24,113.0,102.0,7.0,4.0
2021-08-05 00:14:25,105.0,92.0,10.0,3.0
2021-08-05 00:14:26,114.0,103.0,4.0,7.0
2021-08-05 00:14:27,120.0,112.0,4.0,4.0
2021-08-05 00:14:28,112.0,107.0,4.0,1.0
2021-08-05 00:14:29,104.0,97.0,4.0,3.0
2021-08-05 00:14:30,110.0,97.0,5.0,8.0
2021-08-05 00:14:31,113.0,100.0,7.0,6.0
2021-08-05 00:14:32,96.0,89.0,4.0,3.0
2021-08-05 00:14:33,101.0,92.0,4.0,5.0
2021-08-05 00:14:34,110.0,101.0,5.0,4.0
2021-08-05 00:14:35,110.0,87.0,14.0,9.0
2021-08-05 00:14:36,120.0,108.0,9.0,3.0
2021-08-05 00:14:37,135.0,127.0,6.0,2.0
2021-08-05 00:14:38,115.0,107.0,4.0,4.0
2021-08-05 00:14:39,87.0,82.0,2.0,3.0
2021-08-05 00:14:40,111.0,103.0,3.0,5.0
2021-08-05 00:14:41,126.0,118.0,5.0,3.0
2021-08-05 00:14:42,101.0,89.0,10.0,2.0
2021-08-05 00:14:43,111.0,103.0,4.0,4.0
2021-08-05 00:14:44,92.0,85.0,7.0,0.0
2021-08-05 00:14:45,99.0,95.0,2.0,2.0
2021-08-05 00:14:46,111.0,101.0,6.0,4.0
2021-08-05 00:14:47,117.0,107.0,6.0,4.0
2021-08-05 00:14:48,112.0,99.0,8.0,5.0
2021-08-05 00:14:49,111.0,99.0,8.0,4.0
2021-08-05 00:14:50,92.0,87.0,2.0,3.0
2021-08-05 00:14:51,106.0,98.0,5.0,3.0
2021-08-05 00:14:52,99.0,91.0,5.0,3.0
2021-08-05 00:14:53,113.0,105.0,7.0,1.0
2021-08-05 00:14:54,99.0,96.0,3.0,0.0
2021-08-05 00:14:55,111.0,100.0,5.0,6.0
2021-08-05 00:14:56,106.0,97.0,6.0,3.0
2021-08-05 00:14:57,100.0,91.0,6.0,3.0
2021-08-05 00:14:58,110.0,98.0,7.0,5.0
2021-08-05 00:14:59,95.0,88.0,6.0,1.0
2021-08-05 00:15:00,109.0,98.0,6.0,5.0
2021-08-05 00:15:01,112.0,101.0,8.0,3.0
2021-08-05 00:15:02,95.0,86.0,8.0,1.0
2021-08-05 00:15:03,110.0,100.0,6.0,4.0
2021-08-05 00:15:04,87.0,81.0,3.0,3.0
2021-08-05 00:15:05,103.0,89.0,7.0,7.0
2021-08-05 00:15:06,117.0,106.0,6.0,5.0
2021-08-05 00:15:07,95.0,85.0,5.0,5.0
2021-08-05 00:15:08,120.0,106.0,7.0,7.0
2021-08-05 00:15:09,105.0,93.0,7.0,5.0
2021-08-05 00:15:10,108.0,99.0,4.0,5.0
2021-08-05 00:15:11,116.0,106.0,7.0,3.0
2021-08-05 00:15:12,103.0,85.0,14.0,4.0
2021-08-05 00:15:13,106.0,97.0,5.0,4.0
2021-08-05 00:15:14,102.0,94.0,3.0,5.0
2021-08-05 00:15:15,99.0,91.0,6.0,2.0
2021-08-05 00:15:16,116.0,100.0,11.0,5.0
2021-08-05 00:15:17,103.0,93.0,7.0,3.0
2021-08-05 00:15:18,109.0,103.0,3.0,3.0
2021-08-05 00:15:19,107.0,99.0,5.0,3.0
2021-08-05 00:15:20,108.0,98.0,7.0,3.0
2021-08-05 00:15:21,104.0,90.0,7.0,7.0
2021-08-05 00:15:22,120.0,109.0,7.0,4.0
2021-08-05 00:15:23,108.0,97.0,5.0,6.0
2021-08-05 00:15:24,117.0,103.0,4.0,10.0
2021-08-05 00:15:25,113.0,100.0,7.0,6.0
2021-08-05 00:15:26,112.0,101.0,8.0,3.0
2021-08-05 00:15:27,118.0,103.0,9.0,6.0
2021-08-05 00:15:28,113.0,104.0,4.0,5.0
2021-08-05 00:15:29,123.0,118.0,2.0,3.0
2021-08-05 00:15:30,92.0,83.0,5.0,4.0
2021-08-05 00:15:31,102.0,91.0,9.0,2.0
2021-08-05 00:15:32,111.0,104.0,3.0,4.0
2021-08-05 00:15:33,107.0,89.0,6.0,12.0
2021-08-05 00:15:34,118.0,107.0,8.0,3.0
2021-08-05 00:15:35,112.0,100.0,7.0,5.0
2021-08-05 00:15:36,124.0,116.0,3.0,5.0
2021-08-05 00:15:37,112.0,103.0,6.0,3.0
2021-08-05 00:15:38,116.0,104.0,7.0,5.0
2021-08-05 00:15:39,103.0,94.0,5.0,4.0
2021-08-05 00:15:40,86.0,75.0,7.0,4.0
2021-08-05 00:15:41,119.0,104.0,5.0,10.0
2021-08-05 00:15:42,122.0,104.0,11.0,7.0
2021-08-05 00:15:43,113.0,101.0,9.0,3.0
2021-08-05 00:15:44,112.0,102.0,4.0,6.0
2021-08-05 00:15:45,110.0,97.0,10.0,3.0
2021-08-05 00:15:46,125.0,116.0,6.0,3.0
2021-08-05 00:15:47,91.0,83.0,3.0,5.0
2021-08-05 00:15:48,133.0,122.0,5.0,6.0
2021-08-05 00:15:49,110.0,98.0,9.0,3.0
2021-08-05 00:15:50,111.0,103.0,5.0,3.0
2021-08-05 00:15:51,124.0,113.0,7.0,4.0
2021-08-05 00:15:52,122.0,106.0,12.0,4.0
2021-08-05 00:15:53,103.0,84.0,15.0,4.0
2021-08-05 00:15:54,81.0,74.0,5.0,2.0
2021-08-05 00:15:55,125.0,112.0,8.0,5.0
2021-08-05 00:15:56,120.0,108.0,4.0,8.0
2021-08-05 00:15:57,118.0,108.0,7.0,3.0
2021-08-05 00:15:58,119.0,108.0,7.0,4.0
2021-08-05 00:15:59,107.0,95.0,7.0,5.0
2021-08-05 00:16:00,142.0,136.0,4.0,2.0
2021-08-05 00:16:01,112.0,101.0,8.0,3.0
2021-08-05 00:16:02,102.0,88.0,10.0,4.0
2021-08-05 00:16:03,100.0,94.0,5.0,1.0
2021-08-05 00:16:04,105.0,97.0,5.0,3.0
2021-08-05 00:16:05,101.0,92.0,6.0,3.0
2021-08-05 00:16:06,105.0,94.0,5.0,6.0
2021-08-05 00:16:07,110.0,100.0,6.0,4.0
2021-08-05 00:16:08,116.0,106.0,7.0,3.0
2021-08-05 00:16:09,103.0,93.0,8.0,2.0
2021-08-05 00:16:10,115.0,96.0,9.0,10.0
2021-08-05 00:16:11,102.0,94.0,5.0,3.0
2021-08-05 00:16:12,111.0,102.0,5.0,4.0
2021-08-05 00:16:13,121.0,110.0,4.0,7.0
2021-08-05 00:16:14,111.0,99.0,7.0,5.0
2021-08-05 00:16:15,104.0,99.0,3.0,2.0
2021-08-05 00:16:16,105.0,94.0,6.0,5.0
2021-08-05 00:16:17,108.0,103.0,2.0,3.0
2021-08-05 00:16:18,94.0,87.0,5.0,2.0
2021-08-05 00:16:19,102.0,91.0,5.0,6.0
2021-08-05 00:16:20,104.0,94.0,8.0,2.0
2021-08-05 00:16:21,114.0,102.0,6.0,6.0
2021-08-05 00:16:22,127.0,116.0,4.0,7.0
2021-08-05 00:16:23,108.0,99.0,8.0,1.0
2021-08-05 00:16:24,90.0,80.0,6.0,4.0
2021-08-05 00:16:25,109.0,102.0,3.0,4.0
2021-08-05 00:16:26,108.0,98.0,5.0,5.0
2021-08-05 00:16:27,96.0,89.0,5.0,2.0
2021-08-05 00:16:28,109.0,103.0,2.0,4.0
2021-08-05 00:16:29,108.0,99.0,5.0,4.0
2021-08-05 00:16:30,109.0,95.0,9.0,5.0
2021-08-05 00:16:31,108.0,90.0,11.0,7.0
2021-08-05 00:16:32,116.0,102.0,8.0,6.0
2021-08-05 00:16:33,98.0,87.0,6.0,5.0
2021-08-05 00:16:34,103.0,91.0,6.0,6.0
2021-08-05 00:16:35,102.0,90.0,6.0,6.0
2021-08-05 00:16:36,112.0,100.0,10.0,2.0
2021-08-05 00:16:37,105.0,97.0,3.0,5.0
2021-08-05 00:16:38,102.0,91.0,8.0,3.0
2021-08-05 00:16:39,121.0,105.0,8.0,8.0
2021-08-05 00:16:40,114.0,106.0,4.0,4.0
2021-08-05 00:16:41,125.0,113.0,9.0,3.0
2021-08-05 00:16:42,101.0,93.0,5.0,3.0
2021-08-05 00:16:43,121.0,111.0,7.0,3.0
2021-08-05 00:16:44,106.0,99.0,5.0,2.0
2021-08-05 00:16:45,117.0,99.0,9.0,9.0
2021-08-05 00:16:46,97.0,89.0,6.0,2.0
2021-08-05 00:16:47,94.0,84.0,5.0,5.0
2021-08-05 00:16:48,123.0,102.0,15.0,6.0
2021-08-05 00:16:49,103.0,94.0,6.0,3.0
2021-08-05 00:16:50,108.0,94.0,7.0,7.0
2021-08-05 00:16:51,89.0,81.0,5.0,3.0
2021-08-05 00:16:52,134.0,120.0,4.0,10.0
2021-08-05 00:16:53,94.0,84.0,6.0,4.0
2021-08-05 00:16:54,103.0,91.0,7.0,5.0
2021-08-05 00:16:55,88.0,79.0,5.0,4.0
2021-08-05 00:16:56,109.0,91.0,8.0,10.0
2021-08-05 00:16:57,95.0,87.0,6.0,2.0
2021-08-05 00:16:58,127.0,111.0,8.0,8.0
2021-08-05 00:16:59,89.0,84.0,3.0,2.0
2021-08-05 00:17:00,112.0,100.0,7.0,5.0
2021-08-05 00:17:01,111.0,100.0,6.0,5.0
2021-08-05 00:17:02,108.0,99.0,5.0,4.0
2021-08-05 00:17:03,115.0,105.0,6.0,4.0
2021-08-05 00:17:04,114.0,107.0,2.0,5.0
2021-08-05 00:17:05,100.0,93.0,1.0,6.0
2021-08-05 00:17:06,99.0,89.0,5.0,5.0
2021-08-05 00:17:07,111.0,99.0,8.0,4.0
2021-08-05 00:17:08,123.0,109.0,12.0,2.0
2021-08-05 00:17:09,120.0,110.0,3.0,7.0
2021-08-05 00:17:10,110.0,103.0,6.0,1.0
2021-08-05 00:17:11,88.0,82.0,5.0,1.0
2021-08-05 00:17:12,116.0,104.0,8.0,4.0
2021-08-05 00:17:13,109.0,101.0,4.0,4.0
2021-08-05 00:17:14,107.0,98.0,8.0,1.0
2021-08-05 00:17:15,122.0,113.0,5.0,4.0
2021-08-05 00:17:16,108.0,100.0,7.0,1.0
2021-08-05 00:17:17,108.0,99.0,4.0,5.0
2021-08-05 00:17:18,106.0,98.0,6.0,2.0
2021-08-05 00:17:19,103.0,99.0,3.0,1.0
2021-08-05 00:17:20,91.0,83.0,4.0,4.0
2021-08-05 00:17:21,119.0,106.0,7.0,6.0
2021-08-05 00:17:22,115.0,108.0,5.0,2.0
2021-08-05 00:17:23,114.0,104.0,6.0,4.0
2021-08-05 00:17:24,96.0,85.0,4.0,7.0
2021-08-05 00:17:25,106.0,94.0,7.0,5.0
2021-08-05 00:17:26,114.0,103.0,6.0,5.0
2021-08-05 00:17:27,113.0,101.0,6.0,6.0
2021-08-05 00:17:28,105.0,98.0,5.0,2.0
2021-08-05 00:17:29,105.0,95.0,5.0,5.0
2021-08-05 00:17:30,85.0,70.0,14.0,1.0
2021-08-05 00:17:31,99.0,83.0,12.0,4.0
2021-08-05 00:17:32,92.0,84.0,5.0,3.0
2021-08-05 00:17:33,110.0,98.0,11.0,1.0
2021-08-05 00:17:34,98.0,89.0,7.0,2.0
2021-08-05 00:17:35,99.0,93.0,3.0,3.0
2021-08-05 00:17:36,117.0,108.0,5.0,4.0
2021-08-05 00:17:37,121.0,107.0,5.0,9.0
2021-08-05 00:17:38,109.0,103.0,4.0,2.0
2021-08-05 00:17:39,103.0,93.0,8.0,2.0
2021-08-05 00:17:40,115.0,106.0,6.0,3.0
2021-08-05 00:17:41,117.0,100.0,10.0,7.0
2021-08-05 00:17:42,109.0,100.0,7.0,2.0
2021-08-05 00:17:43,126.0,112.0,9.0,5.0
2021-08-05 00:17:44,111.0,101.0,5.0,5.0
2021-08-05 00:17:45,107.0,99.0,3.0,5.0
2021-08-05 00:17:46,102.0,95.0,2.0,5.0
2021-08-05 00:17:47,124.0,109.0,7.0,8.0
2021-08-05 00:17:48,99.0,90.0,4.0,5.0
2021-08-05 00:17:49,109.0,102.0,3.0,4.0
2021-08-05 00:17:50,118.0,107.0,6.0,5.0
2021-08-05 00:17:51,98.0,87.0,6.0,5.0
2021-08-05 00:17:52,110.0,95.0,9.0,6.0
2021-08-05 00:17:53,104.0,95.0,5.0,4.0
2021-08-05 00:17:54,102.0,90.0,7.0,5.0
2021-08-05 00:17:55,103.0,92.0,7.0,4.0
2021-08-05 00:17:56,104.0,93.0,6.0,5.0
2021-08-05 00:17:57,118.0,110.0,6.0,2.0
2021-08-05 00:17:58,90.0,82.0,4.0,4.0
2021-08-05 00:17:59,108.0,104.0,2.0,2.0
2021-08-05 00:18:00,114.0,98.0,9.0,7.0
2021-08-05 00:18:01,108.0,101.0,4.0,3.0
2021-08-05 00:18:02,116.0,104.0,10.0,2.0
2021-08-05 00:18:03,116.0,105.0,6.0,5.0
2021-08-05 00:18:04,119.0,112.0,3.0,4.0
2021-08-05 00:18:05,109.0,101.0,4.0,4.0
2021-08-05 00:18:06,103.0,93.0,7.0,3.0
2021-08-05 00:18:07,86.0,82.0,4.0,0.0
2021-08-05 00:18:08,121.0,111.0,7.0,3.0
2021-08-05 00:18:09,112.0,99.0,9.0,4.0
2021-08-05 00:18:10,118.0,110.0,3.0,5.0
2021-08-05 00:18:11,125.0,112.0,7.0,6.0
2021-08-05 00:18:12,104.0,89.0,11.0,4.0
2021-08-05 00:18:13,97.0,81.0,11.0,5.0
2021-08-05 00:18:14,106.0,88.0,12.0,6.0
2021-08-05 00:18:15,108.0,104.0,3.0,1.0
2021-08-05 00:18:16,108.0,97.0,5.0,6.0
2021-08-05 00:18:17,117.0,101.0,8.0,8.0
2021-08-05 00:18:18,96.0,83.0,7.0,6.0
2021-08-05 00:18:19,138.0,125.0,9.0,4.0
2021-08-05 00:18:20,119.0,110.0,6.0,3.0
2021-08-05 00:18:21,103.0,99.0,3.0,1.0
2021-08-05 00:18:22,136.0,122.0,8.0,6.0
2021-08-05 00:18:23,93.0,86.0,5.0,2.0
2021-08-05 00:18:24,118.0,103.0,12.0,3.0
2021-08-05 00:18:25,110.0,91.0,12.0,7.0
2021-08-05 00:18:26,99.0,88.0,4.0,7.0
2021-08-05 00:18:27,119.0,102.0,9.0,8.0
2021-08-05 00:18:28,113.0,106.0,7.0,0.0
2021-08-05 00:18:29,107.0,92.0,12.0,3.0
2021-08-05 00:18:30,101.0,90.0,6.0,5.0
2021-08-05 00:18:31,129.0,118.0,5.0,6.0
2021-08-05 00:18:32,105.0,93.0,7.0,5.0
2021-08-05 00:18:33,95.0,85.0,6.0,4.0
2021-08-05 00:18:34,89.0,78.0,7.0,4.0
2021-08-05 00:18:35,111.0,99.0,7.0,5.0
2021-08-05 00:18:36,123.0,110.0,9.0,4.0
2021-08-05 00:18:37,111.0,107.0,4.0,0.0
2021-08-05 00:18:38,116.0,101.0,11.0,4.0
2021-08-05 00:18:39,85.0,78.0,4.0,3.0
2021-08-05 00:18:40,130.0,120.0,5.0,5.0
2021-08-05 00:18:41,129.0,117.0,8.0,4.0
2021-08-05 00:18:42,99.0,86.0,7.0,6.0
2021-08-05 00:18:43,131.0,120.0,9.0,2.0
2021-08-05 00:18:44,106.0,93.0,6.0,7.0
2021-08-05 00:18:45,120.0,107.0,8.0,5.0
2021-08-05 00:18:46,94.0,80.0,5.0,9.0
2021-08-05 00:18:47,121.0,108.0,8.0,5.0
2021-08-05 00:18:48,119.0,113.0,4.0,2.0
2021-08-05 00:18:49,103.0,95.0,5.0,3.0
2021-08-05 00:18:50,104.0,95.0,7.0,2.0
2021-08-05 00:18:51,129.0,117.0,7.0,5.0
2021-08-05 00:18:52,122.0,106.0,8.0,8.0
2021-08-05 00:18:53,115.0,106.0,6.0,3.0
2021-08-05 00:18:54,92.0,82.0,7.0,3.0
2021-08-05 00:18:55,113.0,104.0,4.0,5.0
2021-08-05 00:18:56,111.0,103.0,6.0,2.0
2021-08-05 00:18:57,109.0,98.0,3.0,8.0
2021-08-05 00:18:58,123.0,111.0,5.0,7.0
2021-08-05 00:18:59,116.0,107.0,6.0,3.0
2021-08-05 00:19:00,111.0,97.0,9.0,5.0
2021-08-05 00:19:01,98.0,88.0,6.0,4.0
2021-08-05 00:19:02,117.0,100.0,11.0,6.0
2021-08-05 00:19:03,98.0,90.0,4.0,4.0
2021-08-05 00:19:04,105.0,91.0,10.0,4.0
2021-08-05 00:19:05,115.0,100.0,9.0,6.0
2021-08-05 00:19:06,123.0,112.0,7.0,4.0
2021-08-05 00:19:07,106.0,94.0,5.0,7.0
2021-08-05 00:19:08,125.0,114.0,6.0,5.0
2021-08-05 00:19:09,117.0,101.0,9.0,7.0
2021-08-05 00:19:10,118.0,106.0,9.0,3.0
2021-08-05 00:19:11,113.0,107.0,5.0,1.0
2021-08-05 00:19:12,107.0,98.0,5.0,4.0
2021-08-05 00:19:13,108.0,94.0,7.0,7.0
2021-08-05 00:19:14,84.0,74.0,6.0,4.0
2021-08-05 00:19:15,99.0,88.0,9.0,2.0
2021-08-05 00:19:16,103.0,95.0,5.0,3.0
2021-08-05 00:19:17,92.0,80.0,7.0,5.0
2021-08-05 00:19:18,105.0,95.0,5.0,5.0
2021-08-05 00:19:19,100.0,91.0,4.0,5.0
2021-08-05 00:19:20,118.0,110.0,5.0,3.0
2021-08-05 00:19:21,105.0,98.0,4.0,3.0
2021-08-05 00:19:22,107.0,91.0,8.0,8.0
2021-08-05 00:19:23,95.0,92.0,3.0,0.0
2021-08-05 00:19:24,108.0,98.0,7.0,3.0
2021-08-05 00:19:25,120.0,108.0,7.0,5.0
2021-08-05 00:19:26,124.0,106.0,12.0,6.0
2021-08-05 00:19:27,105.0,93.0,9.0,3.0
2021-08-05 00:19:28,105.0,96.0,4.0,5.0
2021-08-05 00:19:29,119.0,105.0,9.0,5.0
2021-08-05 00:19:30,103.0,90.0,9.0,4.0
2021-08-05 00:19:31,110.0,95.0,10.0,5.0
2021-08-05 00:19:32,107.0,99.0,5.0,3.0
2021-08-05 00:19:33,103.0,90.0,5.0,8.0
2021-08-05 00:19:34,111.0,102.0,8.0,1.0
2021-08-05 00:19:35,108.0,100.0,5.0,3.0
2021-08-05 00:19:36,111.0,98.0,6.0,7.0
2021-08-05 00:19:37,100.0,89.0,4.0,7.0
2021-08-05 00:19:38,88.0,74.0,10.0,4.0
2021-08-05 00:19:39,103.0,94.0,5.0,4.0
2021-08-05 00:19:40,114.0,103.0,7.0,4.0
2021-08-05 00:19:41,109.0,98.0,6.0,5.0
2021-08-05 00:19:42,97.0,88.0,6.0,3.0
2021-08-05 00:19:43,91.0,82.0,4.0,5.0
2021-08-05 00:19:44,124.0,110.0,10.0,4.0
2021-08-05 00:19:45,122.0,112.0,7.0,3.0
2021-08-05 00:19:46,121.0,113.0,5.0,3.0
2021-08-05 00:19:47,98.0,89.0,5.0,4.0
2021-08-05 00:19:48,99.0,90.0,8.0,1.0
2021-08-05 00:19:49,104.0,92.0,6.0,6.0
2021-08-05 00:19:50,106.0,97.0,6.0,3.0
2021-08-05 00:19:51,110.0,97.0,4.0,9.0
2021-08-05 00:19:52,108.0,92.0,9.0,7.0
2021-08-05 00:19:53,116.0,107.0,5.0,4.0
2021-08-05 00:19:54,114.0,100.0,10.0,4.0
2021-08-05 00:19:55,127.0,115.0,8.0,4.0
2021-08-05 00:19:56,109.0,99.0,7.0,3.0
2021-08-05 00:19:57,125.0,118.0,3.0,4.0
2021-08-05 00:19:58,107.0,97.0,5.0,5.0
2021-08-05 00:19:59,94.0,91.0,1.0,2.0
2021-08-05 00:20:00,87.0,78.0,6.0,3.0
2021-08-05 00:20:01,104.0,98.0,4.0,2.0
2021-08-05 00:20:02,120.0,109.0,6.0,5.0
2021-08-05 00:20:03,101.0,94.0,4.0,3.0
2021-08-05 00:20:04,106.0,95.0,6.0,5.0
2021-08-05 00:20:05,110.0,101.0,7.0,2.0
2021-08-05 00:20:06,121.0,109.0,6.0,6.0
2021-08-05 00:20:07,98.0,90.0,3.0,5.0
2021-08-05 00:20:08,104.0,89.0,7.0,8.0
2021-08-05 00:20:09,88.0,81.0,0.0,7.0
2021-08-05 00:20:10,104.0,98.0,3.0,3.0
2021-08-05 00:20:11,128.0,125.0,3.0,0.0
2021-08-05 00:20:12,95.0,91.0,3.0,1.0
2021-08-05 00:20:13,100.0,90.0,5.0,5.0
2021-08-05 00:20:14,114.0,103.0,5.0,6.0
2021-08-05 00:20:15,122.0,117.0,3.0,2.0
2021-08-05 00:20:16,94.0,87.0,5.0,2.0
2021-08-05 00:20:17,127.0,118.0,4.0,5.0
2021-08-05 00:20:18,85.0,79.0,3.0,3.0
2021-08-05 00:20:19,116.0,105.0,8.0,3.0
2021-08-05 00:20:20,91.0,84.0,6.0,1.0
2021-08-05 00:20:21,115.0,102.0,10.0,3.0
2021-08-05 00:20:22,111.0,104.0,5.0,2.0
2021-08-05 00:20:23,87.0,78.0,7.0,2.0
2021-08-05 00:20:24,114.0,103.0,7.0,4.0
2021-08-05 00:20:25,93.0,87.0,4.0,2.0
2021-08-05 00:20:26,122.0,112.0,7.0,3.0
2021-08-05 00:20:27,117.0,107.0,9.0,1.0
2021-08-05 00:20:28,111.0,100.0,8.0,3.0
2021-08-05 00:20:29,119.0,109.0,4.0,6.0
2021-08-05 00:20:30,97.0,92.0,4.0,1.0
2021-08-05 00:20:31,112.0,104.0,4.0,4.0
2021-08-05 00:20:32,114.0,107.0,4.0,3.0
2021-08-05 00:20:33,98.0,88.0,8.0,2.0
2021-08-05 00:20:34,106.0,100.0,2.0,4.0
2021-08-05 00:20:35,118.0,108.0,4.0,6.0
2021-08-05 00:20:36,113.0,108.0,3.0,2.0
2021-08-05 00:20:37,97.0,89.0,7.0,1.0
2021-08-05 00:20:38,98.0,90.0,6.0,2.0
2021-08-05 00:20:39,111.0,101.0,7.0,3.0
2021-08-05 00:20:40,113.0,102.0,6.0,5.0
2021-08-05 00:20:41,104.0,95.0,6.0,3.0
2021-08-05 00:20:42,118.0,108.0,7.0,3.0
2021-08-05 00:20:43,110.0,98.0,9.0,3.0
2021-08-05 00:20:44,120.0,104.0,7.0,9.0
2021-08-05 00:20:45,110.0,98.0,4.0,8.0
2021-08-05 00:20:46,114.0,101.0,10.0,3.0
2021-08-05 00:20:47,107.0,101.0,4.0,2.0
2021-08-05 00:20:48,98.0,88.0,4.0,6.0
2021-08-05 00:20:49,121.0,115.0,2.0,4.0
2021-08-05 00:20:50,99.0,89.0,7.0,3.0
2021-08-05 00:20:51,101.0,89.0,5.0,7.0
2021-08-05 00:20:52,91.0,77.0,8.0,6.0
2021-08-05 00:20:53,111.0,98.0,10.0,3.0
2021-08-05 00:20:54,122.0,106.0,6.0,10.0
2021-08-05 00:20:55,103.0,91.0,7.0,5.0
2021-08-05 00:20:56,105.0,95.0,4.0,6.0
2021-08-05 00:20:57,90.0,81.0,2.0,7.0
2021-08-05 00:20:58,102.0,90.0,7.0,5.0
2021-08-05 00:20:59,122.0,106.0,6.0,10.0
2021-08-05 00:21:00,109.0,103.0,2.0,4.0
2021-08-05 00:21:01,104.0,99.0,2.0,3.0
2021-08-05 00:21:02,111.0,102.0,3.0,6.0
2021-08-05 00:21:03,126.0,118.0,3.0,5.0
2021-08-05 00:21:04,112.0,99.0,10.0,3.0
2021-08-05 00:21:05,109.0,97.0,8.0,4.0
2021-08-05 00:21:06,119.0,108.0,9.0,2.0
2021-08-05 00:21:07,114.0,99.0,10.0,5.0
2021-08-05 00:21:08,105.0,90.0,8.0,7.0
2021-08-05 00:21:09,128.0,115.0,8.0,5.0
2021-08-05 00:21:10,130.0,119.0,8.0,3.0
2021-08-05 00:21:11,117.0,108.0,4.0,5.0
2021-08-05 00:21:12,113.0,104.0,5.0,4.0
2021-08-05 00:21:13,107.0,104.0,3.0,0.0
2021-08-05 00:21:14,117.0,106.0,9.0,2.0
2021-08-05 00:21:15,116.0,102.0,3.0,11.0
2021-08-05 00:21:16,109.0,96.0,7.0,6.0
2021-08-05 00:21:17,111.0,101.0,6.0,4.0
2021-08-05 00:21:18,130.0,112.0,11.0,7.0
2021-08-05 00:21:19,106.0,96.0,5.0,5.0
2021-08-05 00:21:20,109.0,102.0,5.0,2.0
2021-08-05 00:21:21,121.0,111.0,6.0,4.0
2021-08-05 00:21:22,118.0,109.0,5.0,4.0
2021-08-05 00:21:23,116.0,102.0,7.0,7.0
2021-08-05 00:21:24,118.0,103.0,6.0,9.0
2021-08-05 00:21:25,118.0,105.0,8.0,5.0
2021-08-05 00:21:26,115.0,105.0,4.0,6.0
2021-08-05 00:21:27,102.0,91.0,7.0,4.0
2021-08-05 00:21:28,118.0,102.0,7.0,9.0
2021-08-05 00:21:29,99.0,84.0,8.0,7.0
2021-08-05 00:21:30,116.0,101.0,11.0,4.0
2021-08-05 00:21:31,107.0,95.0,10.0,2.0
2021-08-05 00:21:32,114.0,105.0,6.0,3.0
2021-08-05 00:21:33,111.0,97.0,6.0,8.0
2021-08-05 00:21:34,100.0,83.0,9.0,8.0
2021-08-05 00:21:35,91.0,84.0,5.0,2.0
2021-08-05 00:21:36,101.0,90.0,9.0,2.0
2021-08-05 00:21:37,115.0,105.0,5.0,5.0
2021-08-05 00:21:38,115.0,101.0,10.0,4.0
2021-08-05 00:21:39,132.0,124.0,4.0,4.0
2021-08-05 00:21:40,120.0,108.0,8.0,4.0
2021-08-05 00:21:41,104.0,94.0,6.0,4.0
2021-08-05 00:21:42,115.0,101.0,10.0,4.0
2021-08-05 00:21:43,99.0,91.0,3.0,5.0
2021-08-05 00:21:44,109.0,102.0,6.0,1.0
2021-08-05 00:21:45,121.0,105.0,8.0,8.0
2021-08-05 00:21:46,107.0,92.0,7.0,8.0
2021-08-05 00:21:47,106.0,97.0,5.0,4.0
2021-08-05 00:21:48,106.0,94.0,10.0,2.0
2021-08-05 00:21:49,111.0,102.0,5.0,4.0
2021-08-05 00:21:50,101.0,93.0,6.0,2.0
2021-08-05 00:21:51,117.0,105.0,4.0,8.0
2021-08-05 00:21:52,102.0,91.0,5.0,6.0
2021-08-05 00:21:53,111.0,104.0,6.0,1.0
2021-08-05 00:21:54,99.0,90.0,7.0,2.0
2021-08-05 00:21:55,108.0,98.0,5.0,5.0
2021-08-05 00:21:56,111.0,100.0,8.0,3.0
2021-08-05 00:21:57,130.0,113.0,12.0,5.0
2021-08-05 00:21:58,101.0,92.0,6.0,3.0
2021-08-05 00:21:59,99.0,86.0,9.0,4.0
2021-08-05 00:22:00,120.0,105.0,14.0,1.0
2021-08-05 00:22:01,121.0,108.0,6.0,7.0
2021-08-05 00:22:02,104.0,97.0,4.0,3.0
2021-08-05 00:22:03,106.0,94.0,6.0,6.0
2021-08-05 00:22:04,112.0,105.0,2.0,5.0
2021-08-05 00:22:05,105.0,93.0,3.0,9.0
2021-08-05 00:22:06,106.0,95.0,5.0,6.0
2021-08-05 00:22:07,107.0,95.0,10.0,2.0
2021-08-05 00:22:08,113.0,103.0,7.0,3.0
2021-08-05 00:22:09,113.0,103.0,7.0,3.0
2021-08-05 00:22:10,127.0,115.0,7.0,5.0
2021-08-05 00:22:11,126.0,112.0,9.0,5.0
2021-08-05 00:22:12,105.0,103.0,0.0,2.0
2021-08-05 00:22:13,112.0,98.0,10.0,4.0
2021-08-05 00:22:14,111.0,102.0,5.0,4.0
2021-08-05 00:22:15,105.0,95.0,6.0,4.0
2021-08-05 00:22:16,96.0,86.0,3.0,7.0
2021-08-05 00:22:17,111.0,98.0,8.0,5.0
2021-08-05 00:22:18,110.0,94.0,10.0,6.0
2021-08-05 00:22:19,103.0,96.0,3.0,4.0
2021-08-05 00:22:20,125.0,113.0,8.0,4.0
2021-08-05 00:22:21,94.0,84.0,9.0,1.0
2021-08-05 00:22:22,116.0,104.0,7.0,5.0
2021-08-05 00:22:23,105.0,92.0,9.0,4.0
2021-08-05 00:22:24,94.0,85.0,5.0,4.0
2021-08-05 00:22:25,112.0,104.0,5.0,3.0
2021-08-05 00:22:26,123.0,116.0,6.0,1.0
2021-08-05 00:22:27,100.0,90.0,4.0,6.0
2021-08-05 00:22:28,110.0,100.0,7.0,3.0
2021-08-05 00:22:29,106.0,101.0,4.0,1.0
2021-08-05 00:22:30,101.0,90.0,6.0,5.0
2021-08-05 00:22:31,108.0,96.0,7.0,5.0
2021-08-05 00:22:32,98.0,83.0,10.0,5.0
2021-08-05 00:22:33,117.0,112.0,2.0,3.0
2021-08-05 00:22:34,118.0,105.0,10.0,3.0
2021-08-05 00:22:35,101.0,89.0,5.0,7.0
2021-08-05 00:22:36,102.0,94.0,5.0,3.0
2021-08-05 00:22:37,122.0,114.0,4.0,4.0
2021-08-05 00:22:38,101.0,90.0,6.0,5.0
2021-08-05 00:22:39,102.0,91.0,6.0,5.0
2021-08-05 00:22:40,105.0,98.0,3.0,4.0
2021-08-05 00:22:41,106.0,89.0,9.0,8.0
2021-08-05 00:22:42,98.0,86.0,7.0,5.0
2021-08-05 00:22:43,86.0,78.0,7.0,1.0
2021-08-05 00:22:44,99.0,86.0,12.0,1.0
2021-08-05 00:22:45,98.0,88.0,6.0,4.0
2021-08-05 00:22:46,110.0,99.0,7.0,4.0
2021-08-05 00:22:47,100.0,91.0,5.0,4.0
2021-08-05 00:22:48,111.0,99.0,8.0,4.0
2021-08-05 00:22:49,115.0,107.0,7.0,1.0
2021-08-05 00:22:50,124.0,115.0,4.0,5.0
2021-08-05 00:22:51,103.0,95.0,6.0,2.0
2021-08-05 00:22:52,92.0,87.0,4.0,1.0
2021-08-05 00:22:53,106.0,96.0,5.0,5.0
2021-08-05 00:22:54,96.0,88.0,3.0,5.0
2021-08-05 00:22:55,112.0,103.0,7.0,2.0
2021-08-05 00:22:56,98.0,88.0,7.0,3.0
2021-08-05 00:22:57,105.0,98.0,6.0,1.0
2021-08-05 00:22:58,107.0,95.0,6.0,6.0
2021-08-05 00:22:59,88.0,79.0,4.0,5.0
2021-08-05 00:23:00,121.0,105.0,9.0,7.0
2021-08-05 00:23:01,119.0,105.0,10.0,4.0
2021-08-05 00:23:02,119.0,108.0,7.0,4.0
2021-08-05 00:23:03,110.0,101.0,5.0,4.0
2021-08-05 00:23:04,89.0,82.0,4.0,3.0
2021-08-05 00:23:05,117.0,105.0,7.0,5.0
2021-08-05 00:23:06,107.0,96.0,8.0,3.0
2021-08-05 00:23:07,111.0,98.0,9.0,4.0
2021-08-05 00:23:08,99.0,87.0,9.0,3.0
2021-08-05 00:23:09,95.0,81.0,10.0,4.0
2021-08-05 00:23:10,103.0,96.0,4.0,3.0
2021-08-05 00:23:11,132.0,122.0,6.0,4.0
2021-08-05 00:23:12,106.0,102.0,4.0,0.0
2021-08-05 00:23:13,103.0,96.0,4.0,3.0
2021-08-05 00:23:14,111.0,101.0,5.0,5.0
2021-08-05 00:23:15,109.0,94.0,11.0,4.0
2021-08-05 00:23:16,115.0,108.0,4.0,3.0
2021-08-05 00:23:17,113.0,105.0,5.0,3.0
2021-08-05 00:23:18,106.0,95.0,5.0,6.0
2021-08-05 00:23:19,112.0,105.0,5.0,2.0
2021-08-05 00:23:20,117.0,111.0,4.0,2.0
2021-08-05 00:23:21,100.0,91.0,5.0,4.0
2021-08-05 00:23:22,100.0,86.0,8.0,6.0
2021-08-05 00:23:23,113.0,103.0,4.0,6.0
2021-08-05 00:23:24,114.0,101.0,7.0,6.0
2021-08-05 00:23:25,112.0,103.0,3.0,6.0
2021-08-05 00:23:26,124.0,106.0,10.0,8.0
2021-08-05 00:23:27,98.0,81.0,12.0,5.0
2021-08-05 00:23:28,94.0,85.0,3.0,6.0
2021-08-05 00:23:29,104.0,90.0,8.0,6.0
2021-08-05 00:23:30,102.0,95.0,4.0,3.0
2021-08-05 00:23:31,111.0,103.0,4.0,4.0
2021-08-05 00:23:32,122.0,106.0,13.0,3.0
2021-08-05 00:23:33,128.0,108.0,12.0,8.0
2021-08-05 00:23:34,114.0,102.0,6.0,6.0
2021-08-05 00:23:35,120.0,110.0,8.0,2.0
2021-08-05 00:23:36,98.0,89.0,7.0,2.0
2021-08-05 00:23:37,99.0,88.0,10.0,1.0
2021-08-05 00:23:38,108.0,98.0,8.0,2.0
2021-08-05 00:23:39,108.0,94.0,10.0,4.0
2021-08-05 00:23:40,100.0,88.0,9.0,3.0
2021-08-05 00:23:41,111.0,102.0,6.0,3.0
2021-08-05 00:23:42,123.0,109.0,10.0,4.0
2021-08-05 00:23:43,121.0,107.0,5.0,9.0
2021-08-05 00:23:44,100.0,86.0,10.0,4.0
2021-08-05 00:23:45,114.0,105.0,5.0,4.0
2021-08-05 00:23:46,100.0,91.0,4.0,5.0
2021-08-05 00:23:47,95.0,85.0,6.0,4.0
2021-08-05 00:23:48,123.0,113.0,6.0,4.0
2021-08-05 00:23:49,106.0,91.0,9.0,6.0
2021-08-05 00:23:50,105.0,93.0,8.0,4.0
2021-08-05 00:23:51,113.0,107.0,5.0,1.0
2021-08-05 00:23:52,110.0,102.0,5.0,3.0
2021-08-05 00:23:53,110.0,99.0,8.0,3.0
2021-08-05 00:23:54,97.0,90.0,4.0,3.0
2021-08-05 00:23:55,99.0,86.0,7.0,6.0
2021-08-05 00:23:56,98.0,86.0,7.0,5.0
2021-08-05 00:23:57,109.0,94.0,7.0,8.0
2021-08-05 00:23:58,112.0,97.0,8.0,7.0
2021-08-05 00:23:59,92.0,83.0,9.0,0.0
2021-08-05 00:24:00,117.0,103.0,7.0,7.0
2021-08-05 00:24:01,102.0,97.0,2.0,3.0
2021-08-05 00:24:02,98.0,92.0,1.0,5.0
2021-08-05 00:24:03,113.0,106.0,3.0,4.0
2021-08-05 00:24:04,110.0,104.0,3.0,3.0
2021-08-05 00:24:05,109.0,96.0,7.0,6.0
2021-08-05 00:24:06,125.0,115.0,6.0,4.0
2021-08-05 00:24:07,90.0,83.0,4.0,3.0
2021-08-05 00:24:08,113.0,99.0,8.0,6.0
2021-08-05 00:24:09,115.0,101.0,8.0,6.0
2021-08-05 00:24:10,114.0,110.0,4.0,0.0
2021-08-05 00:24:11,112.0,99.0,4.0,9.0
2021-08-05 00:24:12,126.0,111.0,9.0,6.0
2021-08-05 00:24:13,105.0,94.0,8.0,3.0
2021-08-05 00:24:14,100.0,94.0,5.0,1.0
2021-08-05 00:24:15,116.0,105.0,5.0,6.0
2021-08-05 00:24:16,114.0,98.0,15.0,1.0
2021-08-05 00:24:17,110.0,101.0,6.0,3.0
2021-08-05 00:24:18,101.0,87.0,11.0,3.0
2021-08-05 00:24:19,90.0,80.0,7.0,3.0
2021-08-05 00:24:20,98.0,88.0,3.0,7.0
2021-08-05 00:24:21,107.0,95.0,9.0,3.0
2021-08-05 00:24:22,107.0,98.0,8.0,1.0
2021-08-05 00:24:23,90.0,79.0,7.0,4.0
2021-08-05 00:24:24,98.0,93.0,4.0,1.0
2021-08-05 00:24:25,118.0,107.0,7.0,4.0
2021-08-05 00:24:26,106.0,93.0,10.0,3.0
2021-08-05 00:24:27,119.0,106.0,9.0,4.0
2021-08-05 00:24:28,112.0,102.0,7.0,3.0
2021-08-05 00:24:29,110.0,104.0,4.0,2.0
2021-08-05 00:24:30,103.0,92.0,7.0,4.0
2021-08-05 00:24:31,97.0,92.0,5.0,0.0
2021-08-05 00:24:32,102.0,90.0,10.0,2.0
2021-08-05 00:24:33,110.0,104.0,4.0,2.0
2021-08-05 00:24:34,122.0,114.0,5.0,3.0
2021-08-05 00:24:35,112.0,105.0,5.0,2.0
2021-08-05 00:24:36,104.0,93.0,6.0,5.0
2021-08-05 00:24:37,120.0,111.0,5.0,4.0
2021-08-05 00:24:38,114.0,102.0,4.0,8.0
2021-08-05 00:24:39,106.0,100.0,4.0,2.0
2021-08-05 00:24:40,100.0,86.0,9.0,5.0
2021-08-05 00:24:41,112.0,99.0,9.0,4.0
2021-08-05 00:24:42,99.0,86.0,7.0,6.0
2021-08-05 00:24:43,118.0,104.0,10.0,4.0
2021-08-05 00:24:44,106.0,95.0,7.0,4.0
2021-08-05 00:24:45,92.0,80.0,9.0,3.0
2021-08-05 00:24:46,102.0,91.0,8.0,3.0
2021-08-05 00:24:47,111.0,103.0,5.0,3.0
2021-08-05 00:24:48,86.0,78.0,3.0,5.0
2021-08-05 00:24:49,119.0,107.0,6.0,6.0
2021-08-05 00:24:50,113.0,105.0,3.0,5.0
2021-08-05 00:24:51,101.0,88.0,8.0,5.0
2021-08-05 00:24:52,105.0,94.0,6.0,5.0
2021-08-05 00:24:53,118.0,105.0,8.0,5.0
2021-08-05 00:24:54,103.0,88.0,8.0,7.0
2021-08-05 00:24:55,97.0,86.0,6.0,5.0
2021-08-05 00:24:56,108.0,103.0,5.0,0.0
2021-08-05 00:24:57,118.0,108.0,7.0,3.0
2021-08-05 00:24:58,106.0,101.0,4.0,1.0
2021-08-05 00:24:59,108.0,98.0,7.0,3.0
2021-08-05 00:25:00,102.0,92.0,5.0,5.0
2021-08-05 00:25:01,110.0,99.0,6.0,5.0
2021-08-05 00:25:02,114.0,104.0,6.0,4.0
2021-08-05 00:25:03,98.0,89.0,6.0,3.0
2021-08-05 00:25:04,99.0,88.0,9.0,2.0
2021-08-05 00:25:05,91.0,80.0,7.0,4.0
2021-08-05 00:25:06,110.0,101.0,7.0,2.0
2021-08-05 00:25:07,101.0,90.0,4.0,7.0
2021-08-05 00:25:08,114.0,105.0,6.0,3.0
2021-08-05 00:25:09,102.0,93.0,6.0,3.0
2021-08-05 00:25:10,115.0,103.0,6.0,6.0
2021-08-05 00:25:11,116.0,102.0,9.0,5.0
2021-08-05 00:25:12,112.0,105.0,2.0,5.0
2021-08-05 00:25:13,128.0,119.0,7.0,2.0
2021-08-05 00:25:14,122.0,112.0,5.0,5.0
2021-08-05 00:25:15,117.0,105.0,7.0,5.0
2021-08-05 00:25:16,109.0,104.0,3.0,2.0
2021-08-05 00:25:17,136.0,125.0,6.0,5.0
2021-08-05 00:25:18,106.0,100.0,4.0,2.0
2021-08-05 00:25:19,94.0,87.0,3.0,4.0
2021-08-05 00:25:20,93.0,82.0,5.0,6.0
2021-08-05 00:25:21,103.0,91.0,7.0,5.0
2021-08-05 00:25:22,99.0,88.0,8.0,3.0
2021-08-05 00:25:23,131.0,121.0,4.0,6.0
2021-08-05 00:25:24,112.0,101.0,7.0,4.0
2021-08-05 00:25:25,117.0,107.0,5.0,5.0
2021-08-05 00:25:26,112.0,103.0,7.0,2.0
2021-08-05 00:25:27,112.0,99.0,8.0,5.0
2021-08-05 00:25:28,105.0,93.0,4.0,8.0
2021-08-05 00:25:29,110.0,100.0,4.0,6.0
2021-08-05 00:25:30,127.0,116.0,8.0,3.0
2021-08-05 00:25:31,126.0,113.0,7.0,6.0
2021-08-05 00:25:32,120.0,109.0,7.0,4.0
2021-08-05 00:25:33,109.0,94.0,10.0,5.0
2021-08-05 00:25:34,86.0,75.0,5.0,6.0
2021-08-05 00:25:35,108.0,99.0,3.0,6.0
2021-08-05 00:25:36,116.0,103.0,9.0,4.0
2021-08-05 00:25:37,124.0,107.0,11.0,6.0
2021-08-05 00:25:38,122.0,105.0,12.0,5.0
2021-08-05 00:25:39,101.0,88.0,4.0,9.0
2021-08-05 00:25:40,107.0,101.0,3.0,3.0
2021-08-05 00:25:41,109.0,94.0,9.0,6.0
2021-08-05 00:25:42,93.0,84.0,5.0,4.0
2021-08-05 00:25:43,99.0,89.0,8.0,2.0
2021-08-05 00:25:44,104.0,97.0,4.0,3.0
2021-08-05 00:25:45,105.0,94.0,5.0,6.0
2021-08-05 00:25:46,131.0,114.0,10.0,7.0
2021-08-05 00:25:47,99.0,90.0,6.0,3.0
2021-08-05 00:25:48,103.0,85.0,12.0,6.0
2021-08-05 00:25:49,87.0,79.0,3.0,5.0
2021-08-05 00:25:50,101.0,94.0,5.0,2.0
2021-08-05 00:25:51,89.0,76.0,9.0,4.0
2021-08-05 00:25:52,97.0,88.0,4.0,5.0
2021-08-05 00:25:53,99.0,90.0,5.0,4.0
2021-08-05 00:25:54,128.0,116.0,10.0,2.0
2021-08-05 00:25:55,90.0,80.0,5.0,5.0
2021-08-05 00:25:56,98.0,87.0,4.0,7.0
2021-08-05 00:25:57,95.0,90.0,3.0,2.0
2021-08-05 00:25:58,110.0,93.0,10.0,7.0
2021-08-05 00:25:59,104.0,97.0,4.0,3.0
2021-08-05 00:26:00,119.0,107.0,9.0,3.0
2021-08-05 00:26:01,105.0,91.0,7.0,7.0
2021-08-05 00:26:02,124.0,111.0,7.0,6.0
2021-08-05 00:26:03,98.0,89.0,7.0,2.0
2021-08-05 00:26:04,116.0,107.0,5.0,4.0
2021-08-05 00:26:05,93.0,82.0,6.0,5.0
2021-08-05 00:26:06,116.0,109.0,5.0,2.0
2021-08-05 00:26:07,100.0,92.0,8.0,0.0
2021-08-05 00:26:08,113.0,105.0,4.0,4.0
2021-08-05 00:26:09,101.0,94.0,5.0,2.0
2021-08-05 00:26:10,102.0,92.0,7.0,3.0
2021-08-05 00:26:11,116.0,106.0,5.0,5.0
2021-08-05 00:26:12,113.0,100.0,6.0,7.0
2021-08-05 00:26:13,109.0,93.0,10.0,6.0
2021-08-05 00:26:14,95.0,87.0,5.0,3.0
2021-08-05 00:26:15,104.0,98.0,2.0,4.0
2021-08-05 00:26:16,125.0,110.0,12.0,3.0
2021-08-05 00:26:17,103.0,94.0,5.0,4.0
2021-08-05 00:26:18,107.0,100.0,4.0,3.0
2021-08-05 00:26:19,101.0,93.0,3.0,5.0
2021-08-05 00:26:20,90.0,85.0,3.0,2.0
2021-08-05 00:26:21,118.0,106.0,9.0,3.0
2021-08-05 00:26:22,116.0,103.0,9.0,4.0
2021-08-05 00:26:23,114.0,104.0,7.0,3.0
2021-08-05 00:26:24,123.0,111.0,5.0,7.0
2021-08-05 00:26:25,113.0,105.0,7.0,1.0
2021-08-05 00:26:26,90.0,77.0,9.0,4.0
2021-08-05 00:26:27,107.0,94.0,7.0,6.0
2021-08-05 00:26:28,108.0,102.0,2.0,4.0
2021-08-05 00:26:29,111.0,104.0,3.0,4.0
2021-08-05 00:26:30,108.0,96.0,9.0,3.0
2021-08-05 00:26:31,99.0,87.0,7.0,5.0
2021-08-05 00:26:32,114.0,104.0,5.0,5.0
2021-08-05 00:26:33,91.0,86.0,3.0,2.0
2021-08-05 00:26:34,118.0,104.0,11.0,3.0
2021-08-05 00:26:35,113.0,105.0,5.0,3.0
2021-08-05 00:26:36,116.0,107.0,3.0,6.0
2021-08-05 00:26:37,113.0,102.0,7.0,4.0
2021-08-05 00:26:38,118.0,102.0,11.0,5.0
2021-08-05 00:26:39,104.0,91.0,7.0,6.0
2021-08-05 00:26:40,101.0,94.0,3.0,4.0
2021-08-05 00:26:41,121.0,112.0,4.0,5.0
2021-08-05 00:26:42,104.0,95.0,6.0,3.0
2021-08-05 00:26:43,118.0,103.0,12.0,3.0
2021-08-05 00:26:44,119.0,107.0,8.0,4.0
2021-08-05 00:26:45,116.0,108.0,5.0,3.0
2021-08-05 00:26:46,117.0,105.0,6.0,6.0
2021-08-05 00:26:47,128.0,118.0,6.0,4.0
2021-08-05 00:26:48,125.0,114.0,7.0,4.0
2021-08-05 00:26:49,100.0,88.0,6.0,6.0
2021-08-05 00:26:50,89.0,69.0,10.0,10.0
2021-08-05 00:26:51,94.0,83.0,6.0,5.0
2021-08-05 00:26:52,119.0,109.0,5.0,5.0
2021-08-05 00:26:53,115.0,107.0,5.0,3.0
2021-08-05 00:26:54,113.0,100.0,12.0,1.0
2021-08-05 00:26:55,122.0,103.0,8.0,11.0
2021-08-05 00:26:56,105.0,91.0,8.0,6.0
2021-08-05 00:26:57,108.0,100.0,4.0,4.0
2021-08-05 00:26:58,101.0,91.0,5.0,5.0
2021-08-05 00:26:59,117.0,103.0,11.0,3.0
2021-08-05 00:27:00,96.0,88.0,5.0,3.0
2021-08-05 00:27:01,97.0,85.0,4.0,8.0
2021-08-05 00:27:02,115.0,106.0,5.0,4.0
2021-08-05 00:27:03,107.0,96.0,5.0,6.0
2021-08-05 00:27:04,103.0,94.0,6.0,3.0
2021-08-05 00:27:05,121.0,109.0,10.0,2.0
2021-08-05 00:27:06,127.0,112.0,8.0,7.0
2021-08-05 00:27:07,121.0,109.0,7.0,5.0
2021-08-05 00:27:08,102.0,92.0,3.0,7.0
2021-08-05 00:27:09,88.0,79.0,3.0,6.0
2021-08-05 00:27:10,91.0,83.0,7.0,1.0
2021-08-05 00:27:11,112.0,106.0,4.0,2.0
2021-08-05 00:27:12,97.0,88.0,5.0,4.0
2021-08-05 00:27:13,112.0,100.0,10.0,2.0
2021-08-05 00:27:14,102.0,90.0,6.0,6.0
2021-08-05 00:27:15,110.0,104.0,3.0,3.0
2021-08-05 00:27:16,109.0,103.0,5.0,1.0
2021-08-05 00:27:17,102.0,92.0,7.0,3.0
2021-08-05 00:27:18,98.0,88.0,4.0,6.0
2021-08-05 00:27:19,119.0,104.0,7.0,8.0
2021-08-05 00:27:20,91.0,83.0,4.0,4.0
2021-08-05 00:27:21,132.0,120.0,8.0,4.0
2021-08-05 00:27:22,121.0,110.0,10.0,1.0
2021-08-05 00:27:23,73.0,61.0,9.0,3.0
2021-08-05 00:27:24,93.0,84.0,6.0,3.0
2021-08-05 00:27:25,100.0,92.0,4.0,4.0
2021-08-05 00:27:26,121.0,110.0,4.0,7.0
2021-08-05 00:27:27,114.0,100.0,8.0,6.0
2021-08-05 00:27:28,98.0,85.0,4.0,9.0
2021-08-05 00:27:29,115.0,101.0,10.0,4.0
2021-08-05 00:27:30,125.0,112.0,6.0,7.0
2021-08-05 00:27:31,97.0,88.0,6.0,3.0
2021-08-05 00:27:32,131.0,122.0,5.0,4.0
2021-08-05 00:27:33,109.0,99.0,6.0,4.0
2021-08-05 00:27:34,102.0,88.0,11.0,3.0
2021-08-05 00:27:35,97.0,89.0,4.0,4.0
2021-08-05 00:27:36,107.0,100.0,2.0,5.0
2021-08-05 00:27:37,105.0,100.0,4.0,1.0
2021-08-05 00:27:38,117.0,105.0,9.0,3.0
2021-08-05 00:27:39,115.0,102.0,6.0,7.0
2021-08-05 00:27:40,127.0,117.0,4.0,6.0
2021-08-05 00:27:41,99.0,87.0,8.0,4.0
2021-08-05 00:27:42,106.0,98.0,5.0,3.0
2021-08-05 00:27:43,103.0,95.0,5.0,3.0
2021-08-05 00:27:44,107.0,100.0,2.0,5.0
2021-08-05 00:27:45,103.0,95.0,6.0,2.0
2021-08-05 00:27:46,125.0,117.0,5.0,3.0
2021-08-05 00:27:47,97.0,86.0,8.0,3.0
2021-08-05 00:27:48,91.0,81.0,6.0,4.0
2021-08-05 00:27:49,101.0,86.0,11.0,4.0
2021-08-05 00:27:50,108.0,96.0,6.0,6.0
2021-08-05 00:27:51,98.0,88.0,4.0,6.0
2021-08-05 00:27:52,122.0,110.0,7.0,5.0
2021-08-05 00:27:53,107.0,92.0,13.0,2.0
2021-08-05 00:27:54,108.0,100.0,7.0,1.0
2021-08-05 00:27:55,114.0,100.0,7.0,7.0
2021-08-05 00:27:56,96.0,94.0,2.0,0.0
2021-08-05 00:27:57,120.0,109.0,9.0,2.0
2021-08-05 00:27:58,121.0,114.0,4.0,3.0
2021-08-05 00:27:59,89.0,77.0,7.0,5.0
2021-08-05 00:28:00,112.0,102.0,4.0,6.0
2021-08-05 00:28:01,110.0,101.0,3.0,6.0
2021-08-05 00:28:02,109.0,99.0,5.0,5.0
2021-08-05 00:28:03,118.0,108.0,5.0,5.0
2021-08-05 00:28:04,118.0,107.0,7.0,4.0
2021-08-05 00:28:05,109.0,100.0,4.0,5.0
2021-08-05 00:28:06,109.0,96.0,10.0,3.0
2021-08-05 00:28:07,99.0,92.0,6.0,1.0
2021-08-05 00:28:08,114.0,102.0,8.0,4.0
2021-08-05 00:28:09,110.0,102.0,6.0,2.0
2021-08-05 00:28:10,110.0,96.0,9.0,5.0
2021-08-05 00:28:11,108.0,97.0,6.0,5.0
2021-08-05 00:28:12,105.0,88.0,9.0,8.0
2021-08-05 00:28:13,118.0,110.0,5.0,3.0
2021-08-05 00:28:14,105.0,94.0,3.0,8.0
2021-08-05 00:28:15,100.0,93.0,3.0,4.0
2021-08-05 00:28:16,111.0,101.0,8.0,2.0
2021-08-05 00:28:17,107.0,94.0,9.0,4.0
2021-08-05 00:28:18,98.0,88.0,8.0,2.0
2021-08-05 00:28:19,103.0,86.0,8.0,9.0
2021-08-05 00:28:20,104.0,95.0,7.0,2.0
2021-08-05 00:28:21,114.0,105.0,7.0,2.0
2021-08-05 00:28:22,105.0,92.0,5.0,8.0
2021-08-05 00:28:23,117.0,110.0,2.0,5.0
2021-08-05 00:28:24,115.0,109.0,4.0,2.0
2021-08-05 00:28:25,105.0,101.0,1.0,3.0
2021-08-05 00:28:26,118.0,105.0,6.0,7.0
2021-08-05 00:28:27,126.0,115.0,6.0,5.0
2021-08-05 00:28:28,99.0,91.0,5.0,3.0
2021-08-05 00:28:29,105.0,93.0,8.0,4.0
2021-08-05 00:28:30,98.0,81.0,11.0,6.0
2021-08-05 00:28:31,114.0,102.0,9.0,3.0
2021-08-05 00:28:32,121.0,101.0,10.0,10.0
2021-08-05 00:28:33,99.0,85.0,7.0,7.0
2021-08-05 00:28:34,124.0,113.0,7.0,4.0
2021-08-05 00:28:35,101.0,96.0,1.0,4.0
2021-08-05 00:28:36,100.0,87.0,9.0,4.0
2021-08-05 00:28:37,108.0,99.0,8.0,1.0
2021-08-05 00:28:38,96.0,86.0,4.0,6.0
2021-08-05 00:28:39,100.0,88.0,10.0,2.0
2021-08-05 00:28:40,95.0,83.0,7.0,5.0
2021-08-05 00:28:41,111.0,99.0,6.0,6.0
2021-08-05 00:28:42,121.0,113.0,3.0,5.0
2021-08-05 00:28:43,109.0,102.0,3.0,4.0
2021-08-05 00:28:44,109.0,97.0,8.0,4.0
2021-08-05 00:28:45,114.0,104.0,6.0,4.0
2021-08-05 00:28:46,95.0,85.0,6.0,4.0
2021-08-05 00:28:47,108.0,97.0,8.0,3.0
2021-08-05 00:28:48,130.0,122.0,4.0,4.0
2021-08-05 00:28:49,117.0,105.0,9.0,3.0
2021-08-05 00:28:50,106.0,95.0,7.0,4.0
2021-08-05 00:28:51,108.0,101.0,3.0,4.0
2021-08-05 00:28:52,110.0,98.0,8.0,4.0
2021-08-05 00:28:53,124.0,106.0,10.0,8.0
2021-08-05 00:28:54,111.0,99.0,3.0,9.0
2021-08-05 00:28:55,106.0,97.0,5.0,4.0
2021-08-05 00:28:56,109.0,100.0,6.0,3.0
2021-08-05 00:28:57,109.0,101.0,7.0,1.0
2021-08-05 00:28:58,108.0,98.0,9.0,1.0
2021-08-05 00:28:59,109.0,99.0,3.0,7.0
2021-08-05 00:29:00,107.0,104.0,0.0,3.0
2021-08-05 00:29:01,144.0,130.0,9.0,5.0
2021-08-05 00:29:02,111.0,100.0,9.0,2.0
2021-08-05 00:29:03,105.0,92.0,7.0,6.0
2021-08-05 00:29:04,94.0,82.0,8.0,4.0
2021-08-05 00:29:05,114.0,105.0,7.0,2.0
2021-08-05 00:29:06,95.0,87.0,5.0,3.0
2021-08-05 00:29:07,118.0,111.0,3.0,4.0
2021-08-05 00:29:08,108.0,95.0,6.0,7.0
2021-08-05 00:29:09,103.0,94.0,6.0,3.0
2021-08-05 00:29:10,120.0,108.0,8.0,4.0
2021-08-05 00:29:11,108.0,94.0,10.0,4.0
2021-08-05 00:29:12,100.0,95.0,3.0,2.0
2021-08-05 00:29:13,95.0,90.0,4.0,1.0
2021-08-05 00:29:14,111.0,103.0,4.0,4.0
2021-08-05 00:29:15,117.0,106.0,6.0,5.0
2021-08-05 00:29:16,120.0,106.0,9.0,5.0
2021-08-05 00:29:17,112.0,102.0,6.0,4.0
2021-08-05 00:29:18,86.0,77.0,6.0,3.0
2021-08-05 00:29:19,94.0,84.0,6.0,4.0
2021-08-05 00:29:20,106.0,98.0,2.0,6.0
2021-08-05 00:29:21,107.0,95.0,9.0,3.0
2021-08-05 00:29:22,105.0,94.0,6.0,5.0
2021-08-05 00:29:23,88.0,80.0,7.0,1.0
2021-08-05 00:29:24,123.0,114.0,5.0,4.0
2021-08-05 00:29:25,127.0,113.0,6.0,8.0
2021-08-05 00:29:26,90.0,81.0,6.0,3.0
2021-08-05 00:29:27,118.0,106.0,8.0,4.0
2021-08-05 00:29:28,115.0,102.0,8.0,5.0
2021-08-05 00:29:29,122.0,111.0,6.0,5.0
2021-08-05 00:29:30,109.0,103.0,5.0,1.0
2021-08-05 00:29:31,102.0,89.0,6.0,7.0
2021-08-05 00:29:32,118.0,98.0,11.0,9.0
2021-08-05 00:29:33,126.0,118.0,5.0,3.0
2021-08-05 00:29:34,122.0,105.0,10.0,7.0
2021-08-05 00:29:35,111.0,103.0,4.0,4.0
2021-08-05 00:29:36,92.0,84.0,4.0,4.0
2021-08-05 00:29:37,100.0,90.0,4.0,6.0
2021-08-05 00:29:38,120.0,107.0,7.0,6.0
2021-08-05 00:29:39,100.0,85.0,7.0,8.0
2021-08-05 00:29:40,114.0,106.0,3.0,5.0
2021-08-05 00:29:41,95.0,87.0,5.0,3.0
2021-08-05 00:29:42,101.0,92.0,4.0,5.0
2021-08-05 00:29:43,106.0,91.0,9.0,6.0
2021-08-05 00:29:44,114.0,94.0,15.0,5.0
2021-08-05 00:29:45,115.0,100.0,8.0,7.0
2021-08-05 00:29:46,109.0,100.0,5.0,4.0
2021-08-05 00:29:47,115.0,99.0,10.0,6.0
2021-08-05 00:29:48,92.0,83.0,8.0,1.0
2021-08-05 00:29:49,110.0,102.0,5.0,3.0
2021-08-05 00:29:50,92.0,85.0,1.0,6.0
2021-08-05 00:29:51,115.0,106.0,6.0,3.0
2021-08-05 00:29:52,121.0,109.0,7.0,5.0
2021-08-05 00:29:53,90.0,80.0,4.0,6.0
2021-08-05 00:29:54,103.0,94.0,3.0,6.0
2021-08-05 00:29:55,98.0,88.0,6.0,4.0
2021-08-05 00:29:56,99.0,94.0,2.0,3.0
2021-08-05 00:29:57,109.0,100.0,8.0,1.0
2021-08-05 00:29:58,115.0,104.0,7.0,4.0
2021-08-05 00:29:59,113.0,103.0,7.0,3.0
2021-08-05 00:30:00,121.0,108.0,9.0,4.0
2021-08-05 00:30:01,117.0,104.0,6.0,7.0
2021-08-05 00:30:02,101.0,90.0,7.0,4.0
2021-08-05 00:30:03,113.0,104.0,7.0,2.0
2021-08-05 00:30:04,106.0,94.0,5.0,7.0
2021-08-05 00:30:05,103.0,90.0,7.0,6.0
2021-08-05 00:30:06,113.0,101.0,7.0,5.0
2021-08-05 00:30:07,90.0,83.0,4.0,3.0
2021-08-05 00:30:08,106.0,95.0,5.0,6.0
2021-08-05 00:30:09,101.0,91.0,8.0,2.0
2021-08-05 00:30:10,109.0,104.0,5.0,0.0
2021-08-05 00:30:11,97.0,91.0,4.0,2.0
2021-08-05 00:30:12,106.0,95.0,7.0,4.0
2021-08-05 00:30:13,110.0,97.0,8.0,5.0
2021-08-05 00:30:14,116.0,109.0,3.0,4.0
2021-08-05 00:30:15,122.0,106.0,8.0,8.0
2021-08-05 00:30:16,108.0,100.0,7.0,1.0
2021-08-05 00:30:17,108.0,96.0,9.0,3.0
2021-08-05 00:30:18,109.0,101.0,2.0,6.0
2021-08-05 00:30:19,91.0,81.0,4.0,6.0
2021-08-05 00:30:20,126.0,110.0,12.0,4.0
2021-08-05 00:30:21,104.0,87.0,9.0,8.0
2021-08-05 00:30:22,103.0,99.0,2.0,2.0
2021-08-05 00:30:23,120.0,107.0,10.0,3.0
2021-08-05 00:30:24,143.0,129.0,9.0,5.0
2021-08-05 00:30:25,119.0,103.0,6.0,10.0
2021-08-05 00:30:26,107.0,101.0,5.0,1.0
2021-08-05 00:30:27,119.0,97.0,11.0,11.0
2021-08-05 00:30:28,102.0,92.0,6.0,4.0
2021-08-05 00:30:29,96.0,91.0,4.0,1.0
2021-08-05 00:30:30,96.0,89.0,4.0,3.0
2021-08-05 00:30:31,101.0,91.0,8.0,2.0
2021-08-05 00:30:32,97.0,89.0,7.0,1.0
2021-08-05 00:30:33,113.0,99.0,7.0,7.0
2021-08-05 00:30:34,122.0,111.0,8.0,3.0
2021-08-05 00:30:35,106.0,100.0,3.0,3.0
2021-08-05 00:30:36,114.0,107.0,3.0,4.0
2021-08-05 00:30:37,110.0,104.0,4.0,2.0
2021-08-05 00:30:38,121.0,104.0,12.0,5.0
2021-08-05 00:30:39,106.0,93.0,9.0,4.0
2021-08-05 00:30:40,110.0,103.0,5.0,2.0
2021-08-05 00:30:41,107.0,95.0,6.0,6.0
2021-08-05 00:30:42,97.0,85.0,9.0,3.0
2021-08-05 00:30:43,102.0,99.0,1.0,2.0
2021-08-05 00:30:44,97.0,91.0,4.0,2.0
2021-08-05 00:30:45,105.0,96.0,7.0,2.0
2021-08-05 00:30:46,91.0,77.0,7.0,7.0
2021-08-05 00:30:47,118.0,110.0,5.0,3.0
2021-08-05 00:30:48,118.0,111.0,6.0,1.0
2021-08-05 00:30:49,127.0,118.0,3.0,6.0
2021-08-05 00:30:50,113.0,103.0,4.0,6.0
2021-08-05 00:30:51,104.0,93.0,7.0,4.0
2021-08-05 00:30:52,91.0,85.0,4.0,2.0
2021-08-05 00:30:53,101.0,89.0,7.0,5.0
2021-08-05 00:30:54,106.0,94.0,9.0,3.0
2021-08-05 00:30:55,108.0,95.0,8.0,5.0
2021-08-05 00:30:56,115.0,101.0,9.0,5.0
2021-08-05 00:30:57,125.0,111.0,8.0,6.0
2021-08-05 00:30:58,110.0,98.0,6.0,6.0
2021-08-05 00:30:59,122.0,113.0,6.0,3.0
2021-08-05 00:31:00,107.0,97.0,3.0,7.0
2021-08-05 00:31:01,113.0,102.0,5.0,6.0
2021-08-05 00:31:02,104.0,96.0,7.0,1.0
2021-08-05 00:31:03,109.0,99.0,6.0,4.0
2021-08-05 00:31:04,99.0,88.0,7.0,4.0
2021-08-05 00:31:05,102.0,93.0,7.0,2.0
2021-08-05 00:31:06,122.0,109.0,5.0,8.0
2021-08-05 00:31:07,125.0,116.0,8.0,1.0
2021-08-05 00:31:08,96.0,89.0,3.0,4.0
2021-08-05 00:31:09,103.0,99.0,3.0,1.0
2021-08-05 00:31:10,113.0,102.0,6.0,5.0
2021-08-05 00:31:11,102.0,98.0,4.0,0.0
2021-08-05 00:31:12,122.0,109.0,8.0,5.0
2021-08-05 00:31:13,106.0,97.0,4.0,5.0
2021-08-05 00:31:14,107.0,95.0,6.0,6.0
2021-08-05 00:31:15,107.0,99.0,4.0,4.0
2021-08-05 00:31:16,116.0,107.0,4.0,5.0
2021-08-05 00:31:17,103.0,93.0,4.0,6.0
2021-08-05 00:31:18,99.0,92.0,5.0,2.0
2021-08-05 00:31:19,108.0,104.0,2.0,2.0
2021-08-05 00:31:20,102.0,95.0,5.0,2.0
2021-08-05 00:31:21,112.0,105.0,7.0,0.0
2021-08-05 00:31:22,119.0,106.0,9.0,4.0
2021-08-05 00:31:23,119.0,108.0,11.0,0.0
2021-08-05 00:31:24,124.0,115.0,5.0,4.0
2021-08-05 00:31:25,104.0,101.0,3.0,0.0
2021-08-05 00:31:26,117.0,105.0,8.0,4.0
2021-08-05 00:31:27,107.0,95.0,10.0,2.0
2021-08-05 00:31:28,105.0,92.0,10.0,3.0
2021-08-05 00:31:29,109.0,94.0,9.0,6.0
2021-08-05 00:31:30,110.0,95.0,11.0,4.0
2021-08-05 00:31:31,100.0,88.0,8.0,4.0
2021-08-05 00:31:32,117.0,108.0,3.0,6.0
2021-08-05 00:31:33,103.0,94.0,6.0,3.0
2021-08-05 00:31:34,109.0,95.0,9.0,5.0
2021-08-05 00:31:35,100.0,95.0,4.0,1.0
2021-08-05 00:31:36,97.0,86.0,8.0,3.0
2021-08-05 00:31:37,102.0,94.0,6.0,2.0
2021-08-05 00:31:38,115.0,105.0,8.0,2.0
2021-08-05 00:31:39,99.0,93.0,4.0,2.0
2021-08-05 00:31:40,118.0,106.0,8.0,4.0
2021-08-05 00:31:41,100.0,90.0,4.0,6.0
2021-08-05 00:31:42,98.0,91.0,5.0,2.0
2021-08-05 00:31:43,106.0,90.0,9.0,7.0
2021-08-05 00:31:44,99.0,89.0,2.0,8.0
2021-08-05 00:31:45,98.0,87.0,8.0,3.0
2021-08-05 00:31:46,105.0,97.0,5.0,3.0
2021-08-05 00:31:47,122.0,114.0,6.0,2.0
2021-08-05 00:31:48,96.0,83.0,5.0,8.0
2021-08-05 00:31:49,116.0,104.0,8.0,4.0
2021-08-05 00:31:50,101.0,92.0,4.0,5.0
2021-08-05 00:31:51,98.0,92.0,4.0,2.0
2021-08-05 00:31:52,115.0,97.0,8.0,10.0
2021-08-05 00:31:53,97.0,85.0,9.0,3.0
2021-08-05 00:31:54,102.0,94.0,6.0,2.0
2021-08-05 00:31:55,120.0,115.0,4.0,1.0
2021-08-05 00:31:56,106.0,94.0,6.0,6.0
2021-08-05 00:31:57,102.0,97.0,3.0,2.0
2021-08-05 00:31:58,109.0,90.0,14.0,5.0
2021-08-05 00:31:59,111.0,103.0,6.0,2.0
2021-08-05 00:32:00,91.0,83.0,3.0,5.0
2021-08-05 00:32:01,106.0,88.0,11.0,7.0
2021-08-05 00:32:02,113.0,105.0,6.0,2.0
2021-08-05 00:32:03,97.0,86.0,7.0,4.0
2021-08-05 00:32:04,123.0,112.0,5.0,6.0
2021-08-05 00:32:05,117.0,105.0,10.0,2.0
2021-08-05 00:32:06,132.0,122.0,7.0,3.0
2021-08-05 00:32:07,98.0,91.0,3.0,4.0
2021-08-05 00:32:08,93.0,87.0,3.0,3.0
2021-08-05 00:32:09,136.0,121.0,10.0,5.0
2021-08-05 00:32:10,104.0,90.0,11.0,3.0
2021-08-05 00:32:11,93.0,87.0,4.0,2.0
2021-08-05 00:32:12,107.0,95.0,10.0,2.0
2021-08-05 00:32:13,112.0,108.0,4.0,0.0
2021-08-05 00:32:14,114.0,101.0,7.0,6.0
2021-08-05 00:32:15,112.0,107.0,3.0,2.0
2021-08-05 00:32:16,92.0,79.0,6.0,7.0
2021-08-05 00:32:17,94.0,89.0,4.0,1.0
2021-08-05 00:32:18,96.0,83.0,9.0,4.0
2021-08-05 00:32:19,100.0,86.0,9.0,5.0
2021-08-05 00:32:20,103.0,95.0,5.0,3.0
2021-08-05 00:32:21,113.0,103.0,7.0,3.0
2021-08-05 00:32:22,104.0,94.0,5.0,5.0
2021-08-05 00:32:23,104.0,92.0,7.0,5.0
2021-08-05 00:32:24,114.0,103.0,5.0,6.0
2021-08-05 00:32:25,114.0,100.0,8.0,6.0
2021-08-05 00:32:26,88.0,80.0,7.0,1.0
2021-08-05 00:32:27,102.0,92.0,9.0,1.0
2021-08-05 00:32:28,125.0,118.0,5.0,2.0
2021-08-05 00:32:29,85.0,73.0,10.0,2.0
2021-08-05 00:32:30,143.0,128.0,8.0,7.0
2021-08-05 00:32:31,112.0,102.0,6.0,4.0
2021-08-05 00:32:32,103.0,95.0,5.0,3.0
2021-08-05 00:32:33,104.0,95.0,8.0,1.0
2021-08-05 00:32:34,78.0,67.0,9.0,2.0
2021-08-05 00:32:35,127.0,115.0,5.0,7.0
2021-08-05 00:32:36,100.0,97.0,2.0,1.0
2021-08-05 00:32:37,95.0,88.0,5.0,2.0
2021-08-05 00:32:38,113.0,101.0,3.0,9.0
2021-08-05 00:32:39,111.0,101.0,5.0,5.0
2021-08-05 00:32:40,104.0,94.0,8.0,2.0
2021-08-05 00:32:41,105.0,96.0,5.0,4.0
2021-08-05 00:32:42,104.0,93.0,7.0,4.0
2021-08-05 00:32:43,100.0,92.0,6.0,2.0
2021-08-05 00:32:44,102.0,97.0,2.0,3.0
2021-08-05 00:32:45,116.0,104.0,9.0,3.0
2021-08-05 00:32:46,119.0,115.0,3.0,1.0
2021-08-05 00:32:47,92.0,85.0,3.0,4.0
2021-08-05 00:32:48,116.0,103.0,7.0,6.0
2021-08-05 00:32:49,126.0,111.0,10.0,5.0
2021-08-05 00:32:50,108.0,102.0,3.0,3.0
2021-08-05 00:32:51,100.0,93.0,4.0,3.0
2021-08-05 00:32:52,121.0,111.0,9.0,1.0
2021-08-05 00:32:53,107.0,93.0,9.0,5.0
2021-08-05 00:32:54,118.0,108.0,5.0,5.0
2021-08-05 00:32:55,109.0,100.0,6.0,3.0
2021-08-05 00:32:56,120.0,108.0,7.0,5.0
2021-08-05 00:32:57,110.0,98.0,8.0,4.0
2021-08-05 00:32:58,100.0,91.0,5.0,4.0
2021-08-05 00:32:59,105.0,100.0,2.0,3.0
2021-08-05 00:33:00,119.0,108.0,8.0,3.0
2021-08-05 00:33:01,120.0,107.0,9.0,4.0
2021-08-05 00:33:02,123.0,102.0,11.0,10.0
2021-08-05 00:33:03,110.0,106.0,0.0,4.0
2021-08-05 00:33:04,116.0,97.0,13.0,6.0
2021-08-05 00:33:05,120.0,107.0,7.0,6.0
2021-08-05 00:33:06,99.0,89.0,7.0,3.0
2021-08-05 00:33:07,114.0,105.0,4.0,5.0
2021-08-05 00:33:08,119.0,104.0,11.0,4.0
2021-08-05 00:33:09,114.0,104.0,6.0,4.0
2021-08-05 00:33:10,106.0,98.0,6.0,2.0
2021-08-05 00:33:11,119.0,110.0,7.0,2.0
2021-08-05 00:33:12,112.0,90.0,11.0,11.0
2021-08-05 00:33:13,123.0,113.0,4.0,6.0
2021-08-05 00:33:14,117.0,106.0,7.0,4.0
2021-08-05 00:33:15,121.0,110.0,7.0,4.0
2021-08-05 00:33:16,105.0,99.0,2.0,4.0
2021-08-05 00:33:17,119.0,106.0,8.0,5.0
2021-08-05 00:33:18,114.0,99.0,11.0,4.0
2021-08-05 00:33:19,100.0,90.0,5.0,5.0
2021-08-05 00:33:20,101.0,93.0,7.0,1.0
2021-08-05 00:33:21,95.0,91.0,3.0,1.0
2021-08-05 00:33:22,111.0,92.0,11.0,8.0
2021-08-05 00:33:23,105.0,89.0,14.0,2.0
2021-08-05 00:33:24,86.0,75.0,7.0,4.0
2021-08-05 00:33:25,104.0,95.0,6.0,3.0
2021-08-05 00:33:26,109.0,102.0,5.0,2.0
2021-08-05 00:33:27,99.0,85.0,7.0,7.0
2021-08-05 00:33:28,93.0,82.0,9.0,2.0
2021-08-05 00:33:29,116.0,104.0,7.0,5.0
2021-08-05 00:33:30,103.0,84.0,11.0,8.0
2021-08-05 00:33:31,101.0,93.0,5.0,3.0
2021-08-05 00:33:32,125.0,112.0,6.0,7.0
2021-08-05 00:33:33,121.0,106.0,7.0,8.0
2021-08-05 00:33:34,96.0,85.0,6.0,5.0
2021-08-05 00:33:35,88.0,76.0,6.0,6.0
2021-08-05 00:33:36,113.0,105.0,4.0,4.0
2021-08-05 00:33:37,124.0,111.0,10.0,3.0
2021-08-05 00:33:38,125.0,108.0,11.0,6.0
2021-08-05 00:33:39,98.0,94.0,1.0,3.0
2021-08-05 00:33:40,113.0,103.0,7.0,3.0
2021-08-05 00:33:41,98.0,89.0,6.0,3.0
2021-08-05 00:33:42,99.0,86.0,7.0,6.0
2021-08-05 00:33:43,111.0,98.0,10.0,3.0
2021-08-05 00:33:44,121.0,109.0,8.0,4.0
2021-08-05 00:33:45,93.0,85.0,6.0,2.0
2021-08-05 00:33:46,116.0,104.0,8.0,4.0
2021-08-05 00:33:47,102.0,92.0,6.0,4.0
2021-08-05 00:33:48,103.0,92.0,2.0,9.0
2021-08-05 00:33:49,118.0,105.0,7.0,6.0
2021-08-05 00:33:50,111.0,102.0,7.0,2.0
2021-08-05 00:33:51,112.0,99.0,10.0,3.0
2021-08-05 00:33:52,98.0,94.0,3.0,1.0
2021-08-05 00:33:53,107.0,95.0,9.0,3.0
2021-08-05 00:33:54,116.0,103.0,8.0,5.0
2021-08-05 00:33:55,111.0,103.0,5.0,3.0
2021-08-05 00:33:56,98.0,90.0,5.0,3.0
2021-08-05 00:33:57,102.0,96.0,4.0,2.0
2021-08-05 00:33:58,96.0,87.0,7.0,2.0
2021-08-05 00:33:59,102.0,91.0,10.0,1.0
2021-08-05 00:34:00,89.0,79.0,2.0,8.0
2021-08-05 00:34:01,111.0,98.0,8.0,5.0
2021-08-05 00:34:02,98.0,90.0,2.0,6.0
2021-08-05 00:34:03,110.0,99.0,6.0,5.0
2021-08-05 00:34:04,103.0,96.0,5.0,2.0
2021-08-05 00:34:05,118.0,110.0,4.0,4.0
2021-08-05 00:34:06,93.0,82.0,9.0,2.0
2021-08-05 00:34:07,109.0,101.0,5.0,3.0
2021-08-05 00:34:08,120.0,109.0,8.0,3.0
2021-08-05 00:34:09,112.0,105.0,4.0,3.0
2021-08-05 00:34:10,109.0,92.0,8.0,9.0
2021-08-05 00:34:11,80.0,72.0,5.0,3.0
2021-08-05 00:34:12,108.0,103.0,1.0,4.0
2021-08-05 00:34:13,104.0,96.0,6.0,2.0
2021-08-05 00:34:14,110.0,103.0,3.0,4.0
2021-08-05 00:34:15,109.0,97.0,9.0,3.0
2021-08-05 00:34:16,125.0,119.0,5.0,1.0
2021-08-05 00:34:17,92.0,78.0,5.0,9.0
2021-08-05 00:34:18,95.0,83.0,9.0,3.0
2021-08-05 00:34:19,122.0,111.0,6.0,5.0
2021-08-05 00:34:20,93.0,85.0,6.0,2.0
2021-08-05 00:34:21,113.0,104.0,6.0,3.0
2021-08-05 00:34:22,87.0,79.0,7.0,1.0
2021-08-05 00:34:23,88.0,79.0,5.0,4.0
2021-08-05 00:34:24,96.0,81.0,10.0,5.0
2021-08-05 00:34:25,104.0,98.0,3.0,3.0
2021-08-05 00:34:26,100.0,89.0,8.0,3.0
2021-08-05 00:34:27,106.0,100.0,4.0,2.0
2021-08-05 00:34:28,103.0,88.0,9.0,6.0
2021-08-05 00:34:29,99.0,96.0,1.0,2.0
2021-08-05 00:34:30,102.0,89.0,8.0,5.0
2021-08-05 00:34:31,116.0,103.0,4.0,9.0
2021-08-05 00:34:32,105.0,93.0,7.0,5.0
2021-08-05 00:34:33,122.0,111.0,7.0,4.0
2021-08-05 00:34:34,106.0,95.0,6.0,5.0
2021-08-05 00:34:35,122.0,112.0,6.0,4.0
2021-08-05 00:34:36,87.0,78.0,8.0,1.0
2021-08-05 00:34:37,125.0,115.0,7.0,3.0
2021-08-05 00:34:38,109.0,99.0,3.0,7.0
2021-08-05 00:34:39,109.0,97.0,6.0,6.0
2021-08-05 00:34:40,103.0,95.0,5.0,3.0
2021-08-05 00:34:41,114.0,104.0,5.0,5.0
2021-08-05 00:34:42,108.0,96.0,6.0,6.0
2021-08-05 00:34:43,77.0,64.0,9.0,4.0
2021-08-05 00:34:44,106.0,95.0,7.0,4.0
2021-08-05 00:34:45,115.0,110.0,5.0,0.0
2021-08-05 00:34:46,109.0,100.0,6.0,3.0
2021-08-05 00:34:47,111.0,98.0,6.0,7.0
2021-08-05 00:34:48,92.0,85.0,5.0,2.0
2021-08-05 00:34:49,91.0,84.0,4.0,3.0
2021-08-05 00:34:50,108.0,100.0,5.0,3.0
2021-08-05 00:34:51,92.0,85.0,2.0,5.0
2021-08-05 00:34:52,103.0,95.0,8.0,0.0
2021-08-05 00:34:53,112.0,98.0,8.0,6.0
2021-08-05 00:34:54,108.0,95.0,7.0,6.0
2021-08-05 00:34:55,94.0,81.0,10.0,3.0
2021-08-05 00:34:56,112.0,98.0,9.0,5.0
2021-08-05 00:34:57,107.0,95.0,9.0,3.0
2021-08-05 00:34:58,94.0,82.0,6.0,6.0
2021-08-05 00:34:59,108.0,90.0,12.0,6.0
2021-08-05 00:35:00,105.0,91.0,8.0,6.0
2021-08-05 00:35:01,110.0,101.0,6.0,3.0
2021-08-05 00:35:02,102.0,92.0,5.0,5.0
2021-08-05 00:35:03,98.0,86.0,7.0,5.0
2021-08-05 00:35:04,119.0,104.0,9.0,6.0
2021-08-05 00:35:05,101.0,90.0,6.0,5.0
2021-08-05 00:35:06,117.0,102.0,8.0,7.0
2021-08-05 00:35:07,111.0,101.0,6.0,4.0
2021-08-05 00:35:08,102.0,94.0,6.0,2.0
2021-08-05 00:35:09,108.0,90.0,12.0,6.0
2021-08-05 00:35:10,96.0,90.0,3.0,3.0
2021-08-05 00:35:11,122.0,115.0,2.0,5.0
2021-08-05 00:35:12,108.0,99.0,4.0,5.0
2021-08-05 00:35:13,96.0,86.0,3.0,7.0
2021-08-05 00:35:14,106.0,95.0,9.0,2.0
2021-08-05 00:35:15,95.0,84.0,7.0,4.0
2021-08-05 00:35:16,83.0,70.0,7.0,6.0
2021-08-05 00:35:17,129.0,119.0,5.0,5.0
2021-08-05 00:35:18,119.0,105.0,10.0,4.0
2021-08-05 00:35:19,97.0,81.0,5.0,11.0
2021-08-05 00:35:20,108.0,100.0,5.0,3.0
2021-08-05 00:35:21,89.0,82.0,4.0,3.0
2021-08-05 00:35:22,124.0,109.0,12.0,3.0
2021-08-05 00:35:23,112.0,95.0,9.0,8.0
2021-08-05 00:35:24,105.0,96.0,6.0,3.0
2021-08-05 00:35:25,93.0,87.0,4.0,2.0
2021-08-05 00:35:26,123.0,114.0,8.0,1.0
2021-08-05 00:35:27,118.0,108.0,6.0,4.0
2021-08-05 00:35:28,100.0,91.0,5.0,4.0
2021-08-05 00:35:29,106.0,100.0,3.0,3.0
2021-08-05 00:35:30,110.0,97.0,5.0,8.0
2021-08-05 00:35:31,125.0,118.0,5.0,2.0
2021-08-05 00:35:32,107.0,96.0,7.0,4.0
2021-08-05 00:35:33,108.0,92.0,11.0,5.0
2021-08-05 00:35:34,100.0,92.0,6.0,2.0
2021-08-05 00:35:35,110.0,95.0,4.0,11.0
2021-08-05 00:35:36,123.0,111.0,7.0,5.0
2021-08-05 00:35:37,89.0,80.0,5.0,4.0
2021-08-05 00:35:38,101.0,94.0,4.0,3.0
2021-08-05 00:35:39,117.0,109.0,7.0,1.0
2021-08-05 00:35:40,114.0,97.0,10.0,7.0
2021-08-05 00:35:41,106.0,91.0,10.0,5.0
2021-08-05 00:35:42,107.0,95.0,5.0,7.0
2021-08-05 00:35:43,118.0,106.0,5.0,7.0
2021-08-05 00:35:44,111.0,101.0,7.0,3.0
2021-08-05 00:35:45,92.0,82.0,7.0,3.0
2021-08-05 00:35:46,111.0,101.0,5.0,5.0
2021-08-05 00:35:47,125.0,110.0,9.0,6.0
2021-08-05 00:35:48,101.0,92.0,4.0,5.0
2021-08-05 00:35:49,115.0,103.0,6.0,6.0
2021-08-05 00:35:50,97.0,89.0,5.0,3.0
2021-08-05 00:35:51,108.0,101.0,3.0,4.0
2021-08-05 00:35:52,108.0,104.0,3.0,1.0
2021-08-05 00:35:53,95.0,87.0,2.0,6.0
2021-08-05 00:35:54,103.0,96.0,4.0,3.0
2021-08-05 00:35:55,100.0,91.0,3.0,6.0
2021-08-05 00:35:56,103.0,88.0,9.0,6.0
2021-08-05 00:35:57,93.0,84.0,5.0,4.0
2021-08-05 00:35:58,103.0,91.0,10.0,2.0
2021-08-05 00:35:59,103.0,94.0,4.0,5.0
2021-08-05 00:36:00,105.0,92.0,6.0,7.0
2021-08-05 00:36:01,109.0,98.0,8.0,3.0
2021-08-05 00:36:02,118.0,102.0,14.0,2.0
2021-08-05 00:36:03,109.0,104.0,2.0,3.0
2021-08-05 00:36:04,108.0,98.0,6.0,4.0
2021-08-05 00:36:05,97.0,92.0,1.0,4.0
2021-08-05 00:36:06,103.0,95.0,8.0,0.0
2021-08-05 00:36:07,95.0,88.0,4.0,3.0
2021-08-05 00:36:08,93.0,79.0,10.0,4.0
2021-08-05 00:36:09,104.0,91.0,4.0,9.0
2021-08-05 00:36:10,96.0,89.0,2.0,5.0
2021-08-05 00:36:11,101.0,89.0,12.0,0.0
2021-08-05 00:36:12,121.0,105.0,11.0,5.0
2021-08-05 00:36:13,132.0,123.0,8.0,1.0
2021-08-05 00:36:14,120.0,112.0,7.0,1.0
2021-08-05 00:36:15,98.0,91.0,6.0,1.0
2021-08-05 00:36:16,103.0,96.0,5.0,2.0
2021-08-05 00:36:17,103.0,90.0,7.0,6.0
2021-08-05 00:36:18,114.0,106.0,3.0,5.0
2021-08-05 00:36:19,95.0,86.0,8.0,1.0
2021-08-05 00:36:20,92.0,84.0,4.0,4.0
2021-08-05 00:36:21,111.0,97.0,8.0,6.0
2021-08-05 00:36:22,101.0,93.0,3.0,5.0
2021-08-05 00:36:23,114.0,107.0,4.0,3.0
2021-08-05 00:36:24,110.0,105.0,4.0,1.0
2021-08-05 00:36:25,117.0,104.0,5.0,8.0
2021-08-05 00:36:26,108.0,99.0,5.0,4.0
2021-08-05 00:36:27,97.0,91.0,4.0,2.0
2021-08-05 00:36:28,91.0,82.0,6.0,3.0
2021-08-05 00:36:29,110.0,102.0,4.0,4.0
2021-08-05 00:36:30,108.0,96.0,6.0,6.0
2021-08-05 00:36:31,118.0,107.0,6.0,5.0
2021-08-05 00:36:32,127.0,115.0,9.0,3.0
2021-08-05 00:36:33,119.0,111.0,3.0,5.0
2021-08-05 00:36:34,104.0,90.0,9.0,5.0
2021-08-05 00:36:35,115.0,105.0,6.0,4.0
2021-08-05 00:36:36,116.0,108.0,5.0,3.0
2021-08-05 00:36:37,110.0,99.0,6.0,5.0
2021-08-05 00:36:38,95.0,86.0,7.0,2.0
2021-08-05 00:36:39,104.0,94.0,6.0,4.0
2021-08-05 00:36:40,126.0,116.0,9.0,1.0
2021-08-05 00:36:41,106.0,90.0,10.0,6.0
2021-08-05 00:36:42,121.0,108.0,6.0,7.0
2021-08-05 00:36:43,105.0,94.0,5.0,6.0
2021-08-05 00:36:44,116.0,107.0,5.0,4.0
2021-08-05 00:36:45,111.0,103.0,6.0,2.0
2021-08-05 00:36:46,109.0,100.0,7.0,2.0
2021-08-05 00:36:47,93.0,84.0,5.0,4.0
2021-08-05 00:36:48,81.0,73.0,4.0,4.0
2021-08-05 00:36:49,100.0,89.0,8.0,3.0
2021-08-05 00:36:50,113.0,102.0,6.0,5.0
2021-08-05 00:36:51,114.0,103.0,7.0,4.0
2021-08-05 00:36:52,100.0,89.0,10.0,1.0
2021-08-05 00:36:53,108.0,100.0,5.0,3.0
2021-08-05 00:36:54,103.0,93.0,6.0,4.0
2021-08-05 00:36:55,89.0,80.0,6.0,3.0
2021-08-05 00:36:56,100.0,92.0,3.0,5.0
2021-08-05 00:36:57,103.0,94.0,6.0,3.0
2021-08-05 00:36:58,113.0,103.0,8.0,2.0
2021-08-05 00:36:59,104.0,91.0,9.0,4.0
2021-08-05 00:37:00,119.0,104.0,8.0,7.0
2021-08-05 00:37:01,104.0,96.0,5.0,3.0
2021-08-05 00:37:02,113.0,104.0,6.0,3.0
2021-08-05 00:37:03,97.0,84.0,7.0,6.0
2021-08-05 00:37:04,108.0,93.0,9.0,6.0
2021-08-05 00:37:05,107.0,91.0,9.0,7.0
2021-08-05 00:37:06,107.0,101.0,4.0,2.0
2021-08-05 00:37:07,116.0,106.0,9.0,1.0
2021-08-05 00:37:08,118.0,105.0,8.0,5.0
2021-08-05 00:37:09,111.0,99.0,5.0,7.0
2021-08-05 00:37:10,129.0,122.0,3.0,4.0
2021-08-05 00:37:11,131.0,115.0,9.0,7.0
2021-08-05 00:37:12,91.0,82.0,4.0,5.0
2021-08-05 00:37:13,116.0,105.0,5.0,6.0
2021-08-05 00:37:14,101.0,87.0,11.0,3.0
2021-08-05 00:37:15,109.0,101.0,5.0,3.0
2021-08-05 00:37:16,110.0,98.0,8.0,4.0
2021-08-05 00:37:17,118.0,111.0,3.0,4.0
2021-08-05 00:37:18,99.0,90.0,4.0,5.0
2021-08-05 00:37:19,122.0,112.0,7.0,3.0
2021-08-05 00:37:20,82.0,72.0,4.0,6.0
2021-08-05 00:37:21,119.0,103.0,8.0,8.0
2021-08-05 00:37:22,112.0,99.0,11.0,2.0
2021-08-05 00:37:23,114.0,108.0,5.0,1.0
2021-08-05 00:37:24,113.0,101.0,8.0,4.0
2021-08-05 00:37:25,112.0,104.0,6.0,2.0
2021-08-05 00:37:26,97.0,83.0,6.0,8.0
2021-08-05 00:37:27,106.0,93.0,8.0,5.0
2021-08-05 00:37:28,111.0,100.0,8.0,3.0
2021-08-05 00:37:29,110.0,96.0,9.0,5.0
2021-08-05 00:37:30,104.0,95.0,5.0,4.0
2021-08-05 00:37:31,105.0,101.0,3.0,1.0
2021-08-05 00:37:32,102.0,88.0,9.0,5.0
2021-08-05 00:37:33,99.0,86.0,8.0,5.0
2021-08-05 00:37:34,116.0,103.0,8.0,5.0
2021-08-05 00:37:35,96.0,86.0,9.0,1.0
2021-08-05 00:37:36,113.0,105.0,5.0,3.0
2021-08-05 00:37:37,111.0,101.0,5.0,5.0
2021-08-05 00:37:38,115.0,102.0,8.0,5.0
2021-08-05 00:37:39,107.0,96.0,10.0,1.0
2021-08-05 00:37:40,128.0,118.0,6.0,4.0
2021-08-05 00:37:41,126.0,116.0,6.0,4.0
2021-08-05 00:37:42,89.0,80.0,6.0,3.0
2021-08-05 00:37:43,105.0,93.0,7.0,5.0
2021-08-05 00:37:44,108.0,96.0,8.0,4.0
2021-08-05 00:37:45,105.0,96.0,5.0,4.0
2021-08-05 00:37:46,105.0,95.0,8.0,2.0
2021-08-05 00:37:47,113.0,104.0,7.0,2.0
2021-08-05 00:37:48,127.0,117.0,5.0,5.0
2021-08-05 00:37:49,95.0,86.0,9.0,0.0
2021-08-05 00:37:50,105.0,88.0,12.0,5.0
2021-08-05 00:37:51,115.0,107.0,3.0,5.0
2021-08-05 00:37:52,112.0,102.0,5.0,5.0
2021-08-05 00:37:53,110.0,98.0,10.0,2.0
2021-08-05 00:37:54,92.0,81.0,6.0,5.0
2021-08-05 00:37:55,101.0,94.0,3.0,4.0
2021-08-05 00:37:56,119.0,104.0,10.0,5.0
2021-08-05 00:37:57,112.0,108.0,0.0,4.0
2021-08-05 00:37:58,92.0,85.0,5.0,2.0
2021-08-05 00:37:59,106.0,94.0,9.0,3.0
2021-08-05 00:38:00,123.0,104.0,7.0,12.0
2021-08-05 00:38:01,112.0,105.0,4.0,3.0
2021-08-05 00:38:02,109.0,102.0,4.0,3.0
2021-08-05 00:38:03,112.0,98.0,9.0,5.0
2021-08-05 00:38:04,104.0,94.0,9.0,1.0
2021-08-05 00:38:05,108.0,96.0,7.0,5.0
2021-08-05 00:38:06,123.0,107.0,11.0,5.0
2021-08-05 00:38:07,112.0,99.0,7.0,6.0
2021-08-05 00:38:08,101.0,93.0,5.0,3.0
2021-08-05 00:38:09,90.0,81.0,5.0,4.0
2021-08-05 00:38:10,94.0,85.0,7.0,2.0
2021-08-05 00:38:11,96.0,88.0,6.0,2.0
2021-08-05 00:38:12,104.0,96.0,5.0,3.0
2021-08-05 00:38:13,109.0,102.0,3.0,4.0
2021-08-05 00:38:14,112.0,99.0,7.0,6.0
2021-08-05 00:38:15,98.0,94.0,2.0,2.0
2021-08-05 00:38:16,98.0,90.0,4.0,4.0
2021-08-05 00:38:17,111.0,101.0,6.0,4.0
2021-08-05 00:38:18,96.0,85.0,7.0,4.0
2021-08-05 00:38:19,87.0,82.0,4.0,1.0
2021-08-05 00:38:20,120.0,103.0,9.0,8.0
2021-08-05 00:38:21,131.0,115.0,11.0,5.0
2021-08-05 00:38:22,106.0,96.0,6.0,4.0
2021-08-05 00:38:23,108.0,97.0,7.0,4.0
2021-08-05 00:38:24,91.0,83.0,7.0,1.0
2021-08-05 00:38:25,100.0,90.0,5.0,5.0
2021-08-05 00:38:26,126.0,111.0,9.0,6.0
2021-08-05 00:38:27,96.0,87.0,5.0,4.0
2021-08-05 00:38:28,121.0,107.0,8.0,6.0
2021-08-05 00:38:29,103.0,96.0,2.0,5.0
2021-08-05 00:38:30,107.0,93.0,10.0,4.0
2021-08-05 00:38:31,102.0,91.0,7.0,4.0
2021-08-05 00:38:32,90.0,84.0,4.0,2.0
2021-08-05 00:38:33,136.0,117.0,9.0,10.0
2021-08-05 00:38:34,85.0,74.0,4.0,7.0
2021-08-05 00:38:35,107.0,97.0,5.0,5.0
2021-08-05 00:38:36,95.0,87.0,4.0,4.0
2021-08-05 00:38:37,116.0,106.0,7.0,3.0
2021-08-05 00:38:38,73.0,68.0,3.0,2.0
2021-08-05 00:38:39,85.0,76.0,6.0,3.0
2021-08-05 00:38:40,89.0,85.0,1.0,3.0
2021-08-05 00:38:41,108.0,97.0,8.0,3.0
2021-08-05 00:38:42,89.0,77.0,4.0,8.0
2021-08-05 00:38:43,113.0,103.0,4.0,6.0
2021-08-05 00:38:44,113.0,109.0,0.0,4.0
2021-08-05 00:38:45,107.0,96.0,8.0,3.0
2021-08-05 00:38:46,106.0,92.0,8.0,6.0
2021-08-05 00:38:47,117.0,102.0,6.0,9.0
2021-08-05 00:38:48,108.0,97.0,6.0,5.0
2021-08-05 00:38:49,95.0,85.0,8.0,2.0
2021-08-05 00:38:50,108.0,99.0,3.0,6.0
2021-08-05 00:38:51,112.0,97.0,10.0,5.0
2021-08-05 00:38:52,91.0,84.0,3.0,4.0
2021-08-05 00:38:53,109.0,93.0,9.0,7.0
2021-08-05 00:38:54,95.0,83.0,8.0,4.0
2021-08-05 00:38:55,92.0,85.0,4.0,3.0
2021-08-05 00:38:56,118.0,109.0,3.0,6.0
2021-08-05 00:38:57,114.0,99.0,7.0,8.0
2021-08-05 00:38:58,107.0,98.0,3.0,6.0
2021-08-05 00:38:59,107.0,98.0,4.0,5.0
2021-08-05 00:39:00,116.0,102.0,9.0,5.0
2021-08-05 00:39:01,108.0,93.0,9.0,6.0
2021-08-05 00:39:02,111.0,98.0,7.0,6.0
2021-08-05 00:39:03,97.0,91.0,4.0,2.0
2021-08-05 00:39:04,125.0,110.0,10.0,5.0
2021-08-05 00:39:05,119.0,111.0,5.0,3.0
2021-08-05 00:39:06,95.0,87.0,6.0,2.0
2021-08-05 00:39:07,108.0,93.0,7.0,8.0
2021-08-05 00:39:08,108.0,103.0,4.0,1.0
2021-08-05 00:39:09,100.0,89.0,7.0,4.0
2021-08-05 00:39:10,94.0,87.0,5.0,2.0
2021-08-05 00:39:11,115.0,99.0,10.0,6.0
2021-08-05 00:39:12,111.0,101.0,4.0,6.0
2021-08-05 00:39:13,92.0,82.0,6.0,4.0
2021-08-05 00:39:14,110.0,103.0,3.0,4.0
2021-08-05 00:39:15,104.0,94.0,8.0,2.0
2021-08-05 00:39:16,105.0,93.0,8.0,4.0
2021-08-05 00:39:17,110.0,102.0,5.0,3.0
2021-08-05 00:39:18,105.0,96.0,6.0,3.0
2021-08-05 00:39:19,104.0,93.0,7.0,4.0
2021-08-05 00:39:20,95.0,82.0,4.0,9.0
2021-08-05 00:39:21,90.0,83.0,3.0,4.0
2021-08-05 00:39:22,100.0,92.0,7.0,1.0
2021-08-05 00:39:23,103.0,93.0,5.0,5.0
2021-08-05 00:39:24,110.0,97.0,4.0,9.0
2021-08-05 00:39:25,89.0,78.0,7.0,4.0
2021-08-05 00:39:26,113.0,101.0,9.0,3.0
2021-08-05 00:39:27,120.0,105.0,9.0,6.0
2021-08-05 00:39:28,110.0,97.0,9.0,4.0
2021-08-05 00:39:29,108.0,98.0,7.0,3.0
2021-08-05 00:39:30,108.0,94.0,6.0,8.0
2021-08-05 00:39:31,113.0,96.0,11.0,6.0
2021-08-05 00:39:32,123.0,115.0,6.0,2.0
2021-08-05 00:39:33,112.0,94.0,11.0,7.0
2021-08-05 00:39:34,104.0,98.0,4.0,2.0
2021-08-05 00:39:35,119.0,113.0,5.0,1.0
2021-08-05 00:39:36,122.0,112.0,5.0,5.0
2021-08-05 00:39:37,107.0,96.0,6.0,5.0
2021-08-05 00:39:38,103.0,93.0,6.0,4.0
2021-08-05 00:39:39,99.0,87.0,8.0,4.0
2021-08-05 00:39:40,130.0,117.0,11.0,2.0
2021-08-05 00:39:41,118.0,109.0,7.0,2.0
2021-08-05 00:39:42,94.0,85.0,7.0,2.0
2021-08-05 00:39:43,96.0,86.0,6.0,4.0
2021-08-05 00:39:44,72.0,66.0,2.0,4.0
2021-08-05 00:39:45,103.0,93.0,6.0,4.0
2021-08-05 00:39:46,105.0,94.0,5.0,6.0
2021-08-05 00:39:47,91.0,81.0,7.0,3.0
2021-08-05 00:39:48,102.0,93.0,6.0,3.0
2021-08-05 00:39:49,125.0,104.0,12.0,9.0
2021-08-05 00:39:50,111.0,100.0,9.0,2.0
2021-08-05 00:39:51,111.0,99.0,6.0,6.0
2021-08-05 00:39:52,108.0,100.0,5.0,3.0
2021-08-05 00:39:53,102.0,98.0,1.0,3.0
2021-08-05 00:39:54,100.0,91.0,5.0,4.0
2021-08-05 00:39:55,101.0,98.0,0.0,3.0
2021-08-05 00:39:56,93.0,83.0,8.0,2.0
2021-08-05 00:39:57,127.0,117.0,8.0,2.0
2021-08-05 00:39:58,98.0,83.0,8.0,7.0
2021-08-05 00:39:59,104.0,90.0,7.0,7.0
2021-08-05 00:40:00,96.0,94.0,2.0,0.0
2021-08-05 00:40:01,106.0,94.0,5.0,7.0
2021-08-05 00:40:02,94.0,85.0,5.0,4.0
2021-08-05 00:40:03,101.0,88.0,6.0,7.0
2021-08-05 00:40:04,116.0,104.0,8.0,4.0
2021-08-05 00:40:05,107.0,96.0,7.0,4.0
2021-08-05 00:40:06,119.0,111.0,5.0,3.0
2021-08-05 00:40:07,117.0,101.0,12.0,4.0
2021-08-05 00:40:08,107.0,92.0,9.0,6.0
2021-08-05 00:40:09,115.0,103.0,9.0,3.0
2021-08-05 00:40:10,90.0,80.0,7.0,3.0
2021-08-05 00:40:11,107.0,98.0,6.0,3.0
2021-08-05 00:40:12,113.0,106.0,4.0,3.0
2021-08-05 00:40:13,108.0,95.0,11.0,2.0
2021-08-05 00:40:14,106.0,99.0,3.0,4.0
2021-08-05 00:40:15,91.0,82.0,3.0,6.0
2021-08-05 00:40:16,114.0,101.0,6.0,7.0
2021-08-05 00:40:17,103.0,95.0,4.0,4.0
2021-08-05 00:40:18,112.0,99.0,8.0,5.0
2021-08-05 00:40:19,89.0,81.0,3.0,5.0
2021-08-05 00:40:20,106.0,98.0,3.0,5.0
2021-08-05 00:40:21,114.0,99.0,10.0,5.0
2021-08-05 00:40:22,101.0,91.0,7.0,3.0
2021-08-05 00:40:23,109.0,95.0,6.0,8.0
2021-08-05 00:40:24,89.0,79.0,7.0,3.0
2021-08-05 00:40:25,101.0,91.0,5.0,5.0
2021-08-05 00:40:26,105.0,95.0,5.0,5.0
2021-08-05 00:40:27,115.0,104.0,6.0,5.0
2021-08-05 00:40:28,95.0,87.0,5.0,3.0
2021-08-05 00:40:29,84.0,79.0,3.0,2.0
2021-08-05 00:40:30,105.0,91.0,10.0,4.0
2021-08-05 00:40:31,99.0,90.0,8.0,1.0
2021-08-05 00:40:32,117.0,103.0,9.0,5.0
2021-08-05 00:40:33,117.0,108.0,8.0,1.0
2021-08-05 00:40:34,113.0,101.0,7.0,5.0
2021-08-05 00:40:35,111.0,99.0,6.0,6.0
2021-08-05 00:40:36,116.0,99.0,7.0,10.0
2021-08-05 00:40:37,112.0,104.0,5.0,3.0
2021-08-05 00:40:38,101.0,88.0,10.0,3.0
2021-08-05 00:40:39,113.0,89.0,10.0,14.0
2021-08-05 00:40:40,98.0,90.0,4.0,4.0
2021-08-05 00:40:41,116.0,110.0,4.0,2.0
2021-08-05 00:40:42,98.0,88.0,5.0,5.0
2021-08-05 00:40:43,108.0,95.0,4.0,9.0
2021-08-05 00:40:44,97.0,83.0,10.0,4.0
2021-08-05 00:40:45,111.0,98.0,10.0,3.0
2021-08-05 00:40:46,93.0,84.0,5.0,4.0
2021-08-05 00:40:47,133.0,120.0,12.0,1.0
2021-08-05 00:40:48,100.0,91.0,5.0,4.0
2021-08-05 00:40:49,109.0,98.0,9.0,2.0
2021-08-05 00:40:50,102.0,92.0,4.0,6.0
2021-08-05 00:40:51,87.0,78.0,2.0,7.0
2021-08-05 00:40:52,95.0,80.0,6.0,9.0
2021-08-05 00:40:53,119.0,107.0,11.0,1.0
2021-08-05 00:40:54,92.0,84.0,4.0,4.0
2021-08-05 00:40:55,96.0,82.0,12.0,2.0
2021-08-05 00:40:56,88.0,77.0,7.0,4.0
2021-08-05 00:40:57,124.0,107.0,12.0,5.0
2021-08-05 00:40:58,107.0,92.0,10.0,5.0
2021-08-05 00:40:59,102.0,90.0,9.0,3.0
2021-08-05 00:41:00,107.0,92.0,10.0,5.0
2021-08-05 00:41:01,95.0,86.0,3.0,6.0
2021-08-05 00:41:02,113.0,94.0,11.0,8.0
2021-08-05 00:41:03,85.0,76.0,7.0,2.0
2021-08-05 00:41:04,104.0,92.0,4.0,8.0
2021-08-05 00:41:05,97.0,88.0,5.0,4.0
2021-08-05 00:41:06,98.0,89.0,3.0,6.0
2021-08-05 00:41:07,79.0,74.0,1.0,4.0
2021-08-05 00:41:08,107.0,90.0,14.0,3.0
2021-08-05 00:41:09,89.0,85.0,0.0,4.0
2021-08-05 00:41:10,129.0,120.0,6.0,3.0
2021-08-05 00:41:11,121.0,113.0,5.0,3.0
2021-08-05 00:41:12,105.0,97.0,5.0,3.0
2021-08-05 00:41:13,113.0,107.0,3.0,3.0
2021-08-05 00:41:14,115.0,100.0,10.0,5.0
2021-08-05 00:41:15,102.0,97.0,3.0,2.0
2021-08-05 00:41:16,113.0,108.0,2.0,3.0
2021-08-05 00:41:17,118.0,104.0,7.0,7.0
2021-08-05 00:41:18,111.0,99.0,4.0,8.0
2021-08-05 00:41:19,95.0,89.0,4.0,2.0
2021-08-05 00:41:20,93.0,85.0,6.0,2.0
2021-08-05 00:41:21,103.0,87.0,10.0,6.0
2021-08-05 00:41:22,110.0,93.0,9.0,8.0
2021-08-05 00:41:23,84.0,76.0,6.0,2.0
2021-08-05 00:41:24,104.0,94.0,4.0,6.0
2021-08-05 00:41:25,109.0,97.0,9.0,3.0
2021-08-05 00:41:26,100.0,86.0,10.0,4.0
2021-08-05 00:41:27,96.0,83.0,8.0,5.0
2021-08-05 00:41:28,102.0,86.0,13.0,3.0
2021-08-05 00:41:29,97.0,87.0,2.0,8.0
2021-08-05 00:41:30,109.0,101.0,6.0,2.0
2021-08-05 00:41:31,112.0,96.0,8.0,8.0
2021-08-05 00:41:32,91.0,84.0,4.0,3.0
2021-08-05 00:41:33,116.0,99.0,11.0,6.0
2021-08-05 00:41:34,114.0,96.0,11.0,7.0
2021-08-05 00:41:35,98.0,87.0,8.0,3.0
2021-08-05 00:41:36,101.0,96.0,4.0,1.0
2021-08-05 00:41:37,105.0,98.0,2.0,5.0
2021-08-05 00:41:38,94.0,90.0,4.0,0.0
2021-08-05 00:41:39,81.0,77.0,4.0,0.0
2021-08-05 00:41:40,118.0,105.0,8.0,5.0
2021-08-05 00:41:41,99.0,81.0,9.0,9.0
2021-08-05 00:41:42,119.0,109.0,7.0,3.0
2021-08-05 00:41:43,101.0,91.0,3.0,7.0
2021-08-05 00:41:44,120.0,113.0,5.0,2.0
2021-08-05 00:41:45,97.0,88.0,6.0,3.0
2021-08-05 00:41:46,90.0,79.0,9.0,2.0
2021-08-05 00:41:47,95.0,85.0,8.0,2.0
2021-08-05 00:41:48,90.0,80.0,7.0,3.0
2021-08-05 00:41:49,107.0,95.0,6.0,6.0
2021-08-05 00:41:50,96.0,88.0,7.0,1.0
2021-08-05 00:41:51,101.0,90.0,6.0,5.0
2021-08-05 00:41:52,118.0,105.0,9.0,4.0
2021-08-05 00:41:53,113.0,105.0,5.0,3.0
2021-08-05 00:41:54,110.0,95.0,9.0,6.0
2021-08-05 00:41:55,109.0,101.0,6.0,2.0
2021-08-05 00:41:56,104.0,101.0,1.0,2.0
2021-08-05 00:41:57,117.0,108.0,6.0,3.0
2021-08-05 00:41:58,107.0,98.0,5.0,4.0
2021-08-05 00:41:59,109.0,99.0,8.0,2.0
2021-08-05 00:42:00,108.0,93.0,9.0,6.0
2021-08-05 00:42:01,98.0,86.0,9.0,3.0
2021-08-05 00:42:02,103.0,92.0,6.0,5.0
2021-08-05 00:42:03,106.0,96.0,7.0,3.0
2021-08-05 00:42:04,113.0,101.0,7.0,5.0
2021-08-05 00:42:05,84.0,72.0,9.0,3.0
2021-08-05 00:42:06,89.0,84.0,3.0,2.0
2021-08-05 00:42:07,101.0,94.0,3.0,4.0
2021-08-05 00:42:08,109.0,94.0,8.0,7.0
2021-08-05 00:42:09,111.0,95.0,10.0,6.0
2021-08-05 00:42:10,136.0,126.0,7.0,3.0
2021-08-05 00:42:11,108.0,95.0,11.0,2.0
2021-08-05 00:42:12,88.0,77.0,7.0,4.0
2021-08-05 00:42:13,110.0,100.0,7.0,3.0
2021-08-05 00:42:14,103.0,93.0,7.0,3.0
2021-08-05 00:42:15,97.0,88.0,3.0,6.0
2021-08-05 00:42:16,108.0,100.0,7.0,1.0
2021-08-05 00:42:17,103.0,91.0,7.0,5.0
2021-08-05 00:42:18,97.0,87.0,6.0,4.0
2021-08-05 00:42:19,104.0,97.0,4.0,3.0
2021-08-05 00:42:20,100.0,88.0,7.0,5.0
2021-08-05 00:42:21,103.0,90.0,10.0,3.0
2021-08-05 00:42:22,106.0,88.0,12.0,6.0
2021-08-05 00:42:23,86.0,81.0,5.0,0.0
2021-08-05 00:42:24,87.0,81.0,3.0,3.0
2021-08-05 00:42:25,115.0,102.0,7.0,6.0
2021-08-05 00:42:26,107.0,97.0,7.0,3.0
2021-08-05 00:42:27,108.0,95.0,9.0,4.0
2021-08-05 00:42:28,84.0,73.0,8.0,3.0
2021-08-05 00:42:29,100.0,89.0,9.0,2.0
2021-08-05 00:42:30,101.0,91.0,6.0,4.0
2021-08-05 00:42:31,86.0,74.0,7.0,5.0
2021-08-05 00:42:32,105.0,100.0,3.0,2.0
2021-08-05 00:42:33,103.0,91.0,7.0,5.0
2021-08-05 00:42:34,104.0,90.0,9.0,5.0
2021-08-05 00:42:35,110.0,99.0,7.0,4.0
2021-08-05 00:42:36,117.0,105.0,6.0,6.0
2021-08-05 00:42:37,109.0,102.0,4.0,3.0
2021-08-05 00:42:38,110.0,101.0,6.0,3.0
2021-08-05 00:42:39,118.0,113.0,3.0,2.0
2021-08-05 00:42:40,99.0,86.0,8.0,5.0
2021-08-05 00:42:41,97.0,84.0,7.0,6.0
2021-08-05 00:42:42,86.0,78.0,5.0,3.0
2021-08-05 00:42:43,100.0,89.0,9.0,2.0
2021-08-05 00:42:44,103.0,91.0,8.0,4.0
2021-08-05 00:42:45,106.0,100.0,3.0,3.0
2021-08-05 00:42:46,109.0,101.0,4.0,4.0
2021-08-05 00:42:47,102.0,92.0,4.0,6.0
2021-08-05 00:42:48,120.0,102.0,13.0,5.0
2021-08-05 00:42:49,109.0,94.0,7.0,8.0
2021-08-05 00:42:50,93.0,80.0,6.0,7.0
2021-08-05 00:42:51,125.0,115.0,5.0,5.0
2021-08-05 00:42:52,89.0,80.0,5.0,4.0
2021-08-05 00:42:53,114.0,104.0,7.0,3.0
2021-08-05 00:42:54,104.0,94.0,7.0,3.0
2021-08-05 00:42:55,106.0,96.0,7.0,3.0
2021-08-05 00:42:56,107.0,96.0,6.0,5.0
2021-08-05 00:42:57,103.0,90.0,9.0,4.0
2021-08-05 00:42:58,106.0,90.0,10.0,6.0
2021-08-05 00:42:59,102.0,93.0,6.0,3.0
2021-08-05 00:43:00,103.0,90.0,10.0,3.0
2021-08-05 00:43:01,98.0,88.0,6.0,4.0
2021-08-05 00:43:02,108.0,97.0,6.0,5.0
2021-08-05 00:43:03,100.0,92.0,5.0,3.0
2021-08-05 00:43:04,115.0,102.0,8.0,5.0
2021-08-05 00:43:05,109.0,96.0,7.0,6.0
2021-08-05 00:43:06,103.0,93.0,9.0,1.0
2021-08-05 00:43:07,99.0,87.0,4.0,8.0
2021-08-05 00:43:08,110.0,101.0,5.0,4.0
2021-08-05 00:43:09,111.0,94.0,11.0,6.0
2021-08-05 00:43:10,110.0,99.0,6.0,5.0
2021-08-05 00:43:11,110.0,102.0,4.0,4.0
2021-08-05 00:43:12,116.0,105.0,8.0,3.0
2021-08-05 00:43:13,105.0,98.0,5.0,2.0
2021-08-05 00:43:14,100.0,90.0,4.0,6.0
2021-08-05 00:43:15,105.0,92.0,10.0,3.0
2021-08-05 00:43:16,80.0,74.0,5.0,1.0
2021-08-05 00:43:17,110.0,99.0,9.0,2.0
2021-08-05 00:43:18,93.0,85.0,6.0,2.0
2021-08-05 00:43:19,106.0,96.0,6.0,4.0
2021-08-05 00:43:20,119.0,110.0,6.0,3.0
2021-08-05 00:43:21,105.0,98.0,3.0,4.0
2021-08-05 00:43:22,114.0,106.0,7.0,1.0
2021-08-05 00:43:23,117.0,101.0,10.0,6.0
2021-08-05 00:43:24,101.0,91.0,4.0,6.0
2021-08-05 00:43:25,96.0,88.0,4.0,4.0
2021-08-05 00:43:26,112.0,102.0,5.0,5.0
2021-08-05 00:43:27,108.0,98.0,7.0,3.0
2021-08-05 00:43:28,98.0,94.0,3.0,1.0
2021-08-05 00:43:29,126.0,110.0,6.0,10.0
2021-08-05 00:43:30,90.0,80.0,5.0,5.0
2021-08-05 00:43:31,111.0,96.0,8.0,7.0
2021-08-05 00:43:32,93.0,85.0,4.0,4.0
2021-08-05 00:43:33,96.0,91.0,2.0,3.0
2021-08-05 00:43:34,111.0,104.0,3.0,4.0
2021-08-05 00:43:35,113.0,103.0,7.0,3.0
2021-08-05 00:43:36,93.0,81.0,9.0,3.0
2021-08-05 00:43:37,95.0,86.0,5.0,4.0
2021-08-05 00:43:38,85.0,75.0,8.0,2.0
2021-08-05 00:43:39,101.0,98.0,2.0,1.0
2021-08-05 00:43:40,113.0,103.0,8.0,2.0
2021-08-05 00:43:41,97.0,93.0,1.0,3.0
2021-08-05 00:43:42,104.0,97.0,3.0,4.0
2021-08-05 00:43:43,109.0,99.0,8.0,2.0
2021-08-05 00:43:44,108.0,95.0,7.0,6.0
2021-08-05 00:43:45,99.0,91.0,3.0,5.0
2021-08-05 00:43:46,105.0,94.0,8.0,3.0
2021-08-05 00:43:47,100.0,92.0,5.0,3.0
2021-08-05 00:43:48,99.0,90.0,6.0,3.0
2021-08-05 00:43:49,103.0,96.0,5.0,2.0
2021-08-05 00:43:50,113.0,100.0,7.0,6.0
2021-08-05 00:43:51,91.0,87.0,3.0,1.0
2021-08-05 00:43:52,89.0,86.0,2.0,1.0
2021-08-05 00:43:53,114.0,102.0,7.0,5.0
2021-08-05 00:43:54,89.0,74.0,10.0,5.0
2021-08-05 00:43:55,124.0,114.0,7.0,3.0
2021-08-05 00:43:56,100.0,88.0,9.0,3.0
2021-08-05 00:43:57,102.0,97.0,3.0,2.0
2021-08-05 00:43:58,85.0,78.0,2.0,5.0
2021-08-05 00:43:59,104.0,95.0,6.0,3.0
2021-08-05 00:44:00,103.0,96.0,3.0,4.0
2021-08-05 00:44:01,110.0,93.0,14.0,3.0
2021-08-05 00:44:02,98.0,86.0,8.0,4.0
2021-08-05 00:44:03,109.0,104.0,3.0,2.0
2021-08-05 00:44:04,108.0,97.0,5.0,6.0
2021-08-05 00:44:05,105.0,96.0,6.0,3.0
2021-08-05 00:44:06,118.0,105.0,11.0,2.0
2021-08-05 00:44:07,103.0,92.0,4.0,7.0
2021-08-05 00:44:08,128.0,113.0,11.0,4.0
2021-08-05 00:44:09,106.0,98.0,5.0,3.0
2021-08-05 00:44:10,93.0,87.0,5.0,1.0
2021-08-05 00:44:11,94.0,89.0,3.0,2.0
2021-08-05 00:44:12,93.0,82.0,8.0,3.0
2021-08-05 00:44:13,95.0,81.0,8.0,6.0
2021-08-05 00:44:14,77.0,64.0,8.0,5.0
2021-08-05 00:44:15,100.0,92.0,4.0,4.0
2021-08-05 00:44:16,115.0,99.0,11.0,5.0
2021-08-05 00:44:17,81.0,74.0,5.0,2.0
2021-08-05 00:44:18,107.0,99.0,2.0,6.0
2021-08-05 00:44:19,94.0,86.0,6.0,2.0
2021-08-05 00:44:20,105.0,91.0,10.0,4.0
2021-08-05 00:44:21,98.0,91.0,6.0,1.0
2021-08-05 00:44:22,104.0,97.0,2.0,5.0
2021-08-05 00:44:23,96.0,85.0,9.0,2.0
2021-08-05 00:44:24,110.0,100.0,7.0,3.0
2021-08-05 00:44:25,102.0,93.0,4.0,5.0
2021-08-05 00:44:26,101.0,95.0,3.0,3.0
2021-08-05 00:44:27,110.0,104.0,3.0,3.0
2021-08-05 00:44:28,91.0,80.0,9.0,2.0
2021-08-05 00:44:29,84.0,74.0,7.0,3.0
2021-08-05 00:44:30,117.0,101.0,10.0,6.0
2021-08-05 00:44:31,97.0,88.0,4.0,5.0
2021-08-05 00:44:32,104.0,92.0,8.0,4.0
2021-08-05 00:44:33,102.0,90.0,8.0,4.0
2021-08-05 00:44:34,116.0,109.0,3.0,4.0
2021-08-05 00:44:35,96.0,85.0,9.0,2.0
2021-08-05 00:44:36,109.0,98.0,5.0,6.0
2021-08-05 00:44:37,103.0,98.0,2.0,3.0
2021-08-05 00:44:38,98.0,87.0,7.0,4.0
2021-08-05 00:44:39,106.0,89.0,9.0,8.0
2021-08-05 00:44:40,118.0,106.0,7.0,5.0
2021-08-05 00:44:41,99.0,90.0,4.0,5.0
2021-08-05 00:44:42,102.0,96.0,3.0,3.0
2021-08-05 00:44:43,101.0,88.0,9.0,4.0
2021-08-05 00:44:44,109.0,104.0,3.0,2.0
2021-08-05 00:44:45,97.0,91.0,5.0,1.0
2021-08-05 00:44:46,101.0,94.0,5.0,2.0
2021-08-05 00:44:47,99.0,90.0,7.0,2.0
2021-08-05 00:44:48,102.0,95.0,4.0,3.0
2021-08-05 00:44:49,114.0,103.0,7.0,4.0
2021-08-05 00:44:50,95.0,83.0,8.0,4.0
2021-08-05 00:44:51,78.0,70.0,4.0,4.0
2021-08-05 00:44:52,117.0,99.0,12.0,6.0
2021-08-05 00:44:53,107.0,95.0,5.0,7.0
2021-08-05 00:44:54,120.0,111.0,3.0,6.0
2021-08-05 00:44:55,93.0,82.0,6.0,5.0
2021-08-05 00:44:56,112.0,98.0,8.0,6.0
2021-08-05 00:44:57,109.0,97.0,11.0,1.0
2021-08-05 00:44:58,103.0,94.0,7.0,2.0
2021-08-05 00:44:59,93.0,85.0,5.0,3.0
2021-08-05 00:45:00,115.0,102.0,5.0,8.0
2021-08-05 00:45:01,106.0,96.0,7.0,3.0
2021-08-05 00:45:02,121.0,111.0,5.0,5.0
2021-08-05 00:45:03,105.0,96.0,4.0,5.0
2021-08-05 00:45:04,93.0,82.0,4.0,7.0
2021-08-05 00:45:05,100.0,91.0,5.0,4.0
2021-08-05 00:45:06,101.0,90.0,6.0,5.0
2021-08-05 00:45:07,103.0,96.0,4.0,3.0
2021-08-05 00:45:08,89.0,80.0,4.0,5.0
2021-08-05 00:45:09,102.0,89.0,9.0,4.0
2021-08-05 00:45:10,107.0,94.0,8.0,5.0
2021-08-05 00:45:11,104.0,90.0,9.0,5.0
2021-08-05 00:45:12,107.0,91.0,8.0,8.0
2021-08-05 00:45:13,110.0,95.0,5.0,10.0
2021-08-05 00:45:14,119.0,108.0,3.0,8.0
2021-08-05 00:45:15,102.0,91.0,4.0,7.0
2021-08-05 00:45:16,123.0,112.0,5.0,6.0
2021-08-05 00:45:17,88.0,78.0,7.0,3.0
2021-08-05 00:45:18,100.0,91.0,5.0,4.0
2021-08-05 00:45:19,108.0,92.0,9.0,7.0
2021-08-05 00:45:20,117.0,106.0,9.0,2.0
2021-08-05 00:45:21,95.0,86.0,7.0,2.0
2021-08-05 00:45:22,105.0,95.0,3.0,7.0
2021-08-05 00:45:23,95.0,85.0,3.0,7.0
2021-08-05 00:45:24,92.0,81.0,7.0,4.0
2021-08-05 00:45:25,82.0,76.0,4.0,2.0
2021-08-05 00:45:26,87.0,77.0,6.0,4.0
2021-08-05 00:45:27,109.0,97.0,6.0,6.0
2021-08-05 00:45:28,96.0,83.0,8.0,5.0
2021-08-05 00:45:29,101.0,84.0,13.0,4.0
2021-08-05 00:45:30,92.0,85.0,2.0,5.0
2021-08-05 00:45:31,108.0,99.0,4.0,5.0
2021-08-05 00:45:32,107.0,103.0,2.0,2.0
2021-08-05 00:45:33,92.0,78.0,9.0,5.0
2021-08-05 00:45:34,96.0,86.0,5.0,5.0
2021-08-05 00:45:35,110.0,94.0,9.0,7.0
2021-08-05 00:45:36,89.0,76.0,5.0,8.0
2021-08-05 00:45:37,107.0,97.0,7.0,3.0
2021-08-05 00:45:38,104.0,94.0,7.0,3.0
2021-08-05 00:45:39,109.0,98.0,7.0,4.0
2021-08-05 00:45:40,107.0,98.0,4.0,5.0
2021-08-05 00:45:41,119.0,112.0,2.0,5.0
2021-08-05 00:45:42,106.0,100.0,5.0,1.0
2021-08-05 00:45:43,101.0,85.0,8.0,8.0
2021-08-05 00:45:44,97.0,85.0,8.0,4.0
2021-08-05 00:45:45,103.0,86.0,11.0,6.0
2021-08-05 00:45:46,102.0,94.0,5.0,3.0
2021-08-05 00:45:47,108.0,98.0,6.0,4.0
2021-08-05 00:45:48,115.0,96.0,6.0,13.0
2021-08-05 00:45:49,101.0,88.0,7.0,6.0
2021-08-05 00:45:50,87.0,73.0,8.0,6.0
2021-08-05 00:45:51,113.0,102.0,6.0,5.0
2021-08-05 00:45:52,83.0,78.0,1.0,4.0
2021-08-05 00:45:53,84.0,73.0,10.0,1.0
2021-08-05 00:45:54,104.0,88.0,13.0,3.0
2021-08-05 00:45:55,95.0,90.0,2.0,3.0
2021-08-05 00:45:56,110.0,96.0,11.0,3.0
2021-08-05 00:45:57,83.0,73.0,6.0,4.0
2021-08-05 00:45:58,107.0,97.0,6.0,4.0
2021-08-05 00:45:59,122.0,112.0,6.0,4.0
2021-08-05 00:46:00,98.0,92.0,3.0,3.0
2021-08-05 00:46:01,90.0,79.0,6.0,5.0
2021-08-05 00:46:02,84.0,75.0,5.0,4.0
2021-08-05 00:46:03,91.0,80.0,8.0,3.0
2021-08-05 00:46:04,134.0,127.0,6.0,1.0
2021-08-05 00:46:05,93.0,86.0,2.0,5.0
2021-08-05 00:46:06,98.0,90.0,3.0,5.0
2021-08-05 00:46:07,111.0,103.0,5.0,3.0
2021-08-05 00:46:08,82.0,79.0,2.0,1.0
2021-08-05 00:46:09,105.0,96.0,7.0,2.0
2021-08-05 00:46:10,102.0,92.0,5.0,5.0
2021-08-05 00:46:11,87.0,74.0,9.0,4.0
2021-08-05 00:46:12,102.0,92.0,5.0,5.0
2021-08-05 00:46:13,91.0,86.0,4.0,1.0
2021-08-05 00:46:14,77.0,67.0,1.0,9.0
2021-08-05 00:46:15,120.0,110.0,3.0,7.0
2021-08-05 00:46:16,112.0,97.0,13.0,2.0
2021-08-05 00:46:17,113.0,100.0,7.0,6.0
2021-08-05 00:46:18,104.0,97.0,4.0,3.0
2021-08-05 00:46:19,99.0,89.0,4.0,6.0
2021-08-05 00:46:20,113.0,99.0,11.0,3.0
2021-08-05 00:46:21,103.0,96.0,5.0,2.0
2021-08-05 00:46:22,105.0,94.0,7.0,4.0
2021-08-05 00:46:23,92.0,84.0,5.0,3.0
2021-08-05 00:46:24,88.0,81.0,7.0,0.0
2021-08-05 00:46:25,111.0,98.0,8.0,5.0
2021-08-05 00:46:26,107.0,98.0,4.0,5.0
2021-08-05 00:46:27,127.0,116.0,6.0,5.0
2021-08-05 00:46:28,82.0,71.0,7.0,4.0
2021-08-05 00:46:29,110.0,97.0,9.0,4.0
2021-08-05 00:46:30,94.0,76.0,10.0,8.0
2021-08-05 00:46:31,99.0,89.0,7.0,3.0
2021-08-05 00:46:32,110.0,99.0,7.0,4.0
2021-08-05 00:46:33,116.0,111.0,2.0,3.0
2021-08-05 00:46:34,90.0,81.0,4.0,5.0
2021-08-05 00:46:35,103.0,92.0,8.0,3.0
2021-08-05 00:46:36,109.0,101.0,3.0,5.0
2021-08-05 00:46:37,102.0,89.0,6.0,7.0
2021-08-05 00:46:38,111.0,102.0,5.0,4.0
2021-08-05 00:46:39,92.0,85.0,2.0,5.0
2021-08-05 00:46:40,106.0,92.0,9.0,5.0
2021-08-05 00:46:41,111.0,100.0,5.0,6.0
2021-08-05 00:46:42,100.0,85.0,8.0,7.0
2021-08-05 00:46:43,122.0,115.0,3.0,4.0
2021-08-05 00:46:44,96.0,84.0,8.0,4.0
2021-08-05 00:46:45,117.0,107.0,7.0,3.0
2021-08-05 00:46:46,97.0,90.0,4.0,3.0
2021-08-05 00:46:47,109.0,97.0,5.0,7.0
2021-08-05 00:46:48,103.0,95.0,8.0,0.0
2021-08-05 00:46:49,109.0,92.0,12.0,5.0
2021-08-05 00:46:50,94.0,86.0,4.0,4.0
2021-08-05 00:46:51,102.0,91.0,8.0,3.0
2021-08-05 00:46:52,108.0,93.0,10.0,5.0
2021-08-05 00:46:53,93.0,86.0,6.0,1.0
2021-08-05 00:46:54,103.0,93.0,8.0,2.0
2021-08-05 00:46:55,112.0,100.0,8.0,4.0
2021-08-05 00:46:56,121.0,112.0,4.0,5.0
2021-08-05 00:46:57,108.0,97.0,6.0,5.0
2021-08-05 00:46:58,100.0,93.0,3.0,4.0
2021-08-05 00:46:59,90.0,78.0,7.0,5.0
2021-08-05 00:47:00,113.0,102.0,7.0,4.0
2021-08-05 00:47:01,86.0,78.0,4.0,4.0
2021-08-05 00:47:02,103.0,95.0,7.0,1.0
2021-08-05 00:47:03,83.0,68.0,7.0,8.0
2021-08-05 00:47:04,93.0,86.0,3.0,4.0
2021-08-05 00:47:05,112.0,104.0,6.0,2.0
2021-08-05 00:47:06,111.0,98.0,7.0,6.0
2021-08-05 00:47:07,124.0,112.0,8.0,4.0
2021-08-05 00:47:08,91.0,81.0,3.0,7.0
2021-08-05 00:47:09,99.0,89.0,6.0,4.0
2021-08-05 00:47:10,107.0,94.0,4.0,9.0
2021-08-05 00:47:11,107.0,98.0,4.0,5.0
2021-08-05 00:47:12,102.0,89.0,10.0,3.0
2021-08-05 00:47:13,96.0,87.0,6.0,3.0
2021-08-05 00:47:14,109.0,101.0,3.0,5.0
2021-08-05 00:47:15,95.0,86.0,5.0,4.0
2021-08-05 00:47:16,98.0,84.0,9.0,5.0
2021-08-05 00:47:17,102.0,95.0,6.0,1.0
2021-08-05 00:47:18,102.0,92.0,6.0,4.0
2021-08-05 00:47:19,108.0,98.0,8.0,2.0
2021-08-05 00:47:20,103.0,86.0,8.0,9.0
2021-08-05 00:47:21,106.0,102.0,3.0,1.0
2021-08-05 00:47:22,99.0,93.0,2.0,4.0
2021-08-05 00:47:23,110.0,98.0,6.0,6.0
2021-08-05 00:47:24,107.0,92.0,8.0,7.0
2021-08-05 00:47:25,99.0,93.0,4.0,2.0
2021-08-05 00:47:26,99.0,87.0,7.0,5.0
2021-08-05 00:47:27,95.0,89.0,3.0,3.0
2021-08-05 00:47:28,98.0,88.0,7.0,3.0
2021-08-05 00:47:29,97.0,87.0,4.0,6.0
2021-08-05 00:47:30,100.0,88.0,8.0,4.0
2021-08-05 00:47:31,89.0,88.0,1.0,0.0
2021-08-05 00:47:32,113.0,103.0,5.0,5.0
2021-08-05 00:47:33,83.0,75.0,4.0,4.0
2021-08-05 00:47:34,98.0,87.0,7.0,4.0
2021-08-05 00:47:35,107.0,96.0,4.0,7.0
2021-08-05 00:47:36,108.0,103.0,3.0,2.0
2021-08-05 00:47:37,103.0,92.0,7.0,4.0
2021-08-05 00:47:38,108.0,95.0,5.0,8.0
2021-08-05 00:47:39,107.0,100.0,6.0,1.0
2021-08-05 00:47:40,85.0,78.0,6.0,1.0
2021-08-05 00:47:41,126.0,115.0,9.0,2.0
2021-08-05 00:47:42,107.0,94.0,8.0,5.0
2021-08-05 00:47:43,116.0,106.0,5.0,5.0
2021-08-05 00:47:44,112.0,96.0,11.0,5.0
2021-08-05 00:47:45,119.0,112.0,4.0,3.0
2021-08-05 00:47:46,97.0,90.0,6.0,1.0
2021-08-05 00:47:47,99.0,85.0,5.0,9.0
2021-08-05 00:47:48,95.0,88.0,5.0,2.0
2021-08-05 00:47:49,93.0,86.0,4.0,3.0
2021-08-05 00:47:50,105.0,95.0,7.0,3.0
2021-08-05 00:47:51,104.0,98.0,4.0,2.0
2021-08-05 00:47:52,107.0,92.0,8.0,7.0
2021-08-05 00:47:53,97.0,83.0,10.0,4.0
2021-08-05 00:47:54,122.0,102.0,10.0,10.0
2021-08-05 00:47:55,106.0,93.0,8.0,5.0
2021-08-05 00:47:56,104.0,91.0,8.0,5.0
2021-08-05 00:47:57,101.0,89.0,7.0,5.0
2021-08-05 00:47:58,96.0,84.0,11.0,1.0
2021-08-05 00:47:59,99.0,94.0,4.0,1.0
2021-08-05 00:48:00,114.0,101.0,10.0,3.0
2021-08-05 00:48:01,114.0,110.0,3.0,1.0
2021-08-05 00:48:02,97.0,86.0,7.0,4.0
2021-08-05 00:48:03,102.0,92.0,5.0,5.0
2021-08-05 00:48:04,94.0,88.0,4.0,2.0
2021-08-05 00:48:05,117.0,105.0,5.0,7.0
2021-08-05 00:48:06,109.0,99.0,7.0,3.0
2021-08-05 00:48:07,118.0,105.0,7.0,6.0
2021-08-05 00:48:08,114.0,106.0,4.0,4.0
2021-08-05 00:48:09,106.0,101.0,3.0,2.0
2021-08-05 00:48:10,108.0,101.0,3.0,4.0
2021-08-05 00:48:11,103.0,95.0,4.0,4.0
2021-08-05 00:48:12,100.0,88.0,9.0,3.0
2021-08-05 00:48:13,112.0,99.0,7.0,6.0
2021-08-05 00:48:14,72.0,65.0,3.0,4.0
2021-08-05 00:48:15,104.0,95.0,6.0,3.0
2021-08-05 00:48:16,90.0,82.0,4.0,4.0
2021-08-05 00:48:17,108.0,96.0,7.0,5.0
2021-08-05 00:48:18,97.0,84.0,8.0,5.0
2021-08-05 00:48:19,92.0,86.0,4.0,2.0
2021-08-05 00:48:20,93.0,86.0,7.0,0.0
2021-08-05 00:48:21,105.0,93.0,6.0,6.0
2021-08-05 00:48:22,98.0,90.0,4.0,4.0
2021-08-05 00:48:23,89.0,80.0,2.0,7.0
2021-08-05 00:48:24,126.0,115.0,8.0,3.0
2021-08-05 00:48:25,105.0,92.0,6.0,7.0
2021-08-05 00:48:26,94.0,81.0,7.0,6.0
2021-08-05 00:48:27,94.0,86.0,5.0,3.0
2021-08-05 00:48:28,97.0,87.0,7.0,3.0
2021-08-05 00:48:29,115.0,93.0,12.0,10.0
2021-08-05 00:48:30,85.0,74.0,7.0,4.0
2021-08-05 00:48:31,116.0,104.0,5.0,7.0
2021-08-05 00:48:32,98.0,90.0,8.0,0.0
2021-08-05 00:48:33,81.0,70.0,8.0,3.0
2021-08-05 00:48:34,92.0,83.0,9.0,0.0
2021-08-05 00:48:35,91.0,83.0,3.0,5.0
2021-08-05 00:48:36,121.0,110.0,10.0,1.0
2021-08-05 00:48:37,102.0,91.0,10.0,1.0
2021-08-05 00:48:38,109.0,101.0,3.0,5.0
2021-08-05 00:48:39,114.0,100.0,8.0,6.0
2021-08-05 00:48:40,112.0,96.0,11.0,5.0
2021-08-05 00:48:41,127.0,109.0,10.0,8.0
2021-08-05 00:48:42,107.0,97.0,4.0,6.0
2021-08-05 00:48:43,98.0,90.0,7.0,1.0
2021-08-05 00:48:44,101.0,90.0,5.0,6.0
2021-08-05 00:48:45,105.0,93.0,6.0,6.0
2021-08-05 00:48:46,105.0,100.0,3.0,2.0
2021-08-05 00:48:47,101.0,89.0,8.0,4.0
2021-08-05 00:48:48,97.0,91.0,4.0,2.0
2021-08-05 00:48:49,94.0,84.0,4.0,6.0
2021-08-05 00:48:50,110.0,96.0,7.0,7.0
2021-08-05 00:48:51,98.0,86.0,10.0,2.0
2021-08-05 00:48:52,110.0,98.0,7.0,5.0
2021-08-05 00:48:53,107.0,94.0,5.0,8.0
2021-08-05 00:48:54,105.0,97.0,5.0,3.0
2021-08-05 00:48:55,94.0,88.0,3.0,3.0
2021-08-05 00:48:56,92.0,85.0,6.0,1.0
2021-08-05 00:48:57,95.0,85.0,7.0,3.0
2021-08-05 00:48:58,100.0,90.0,5.0,5.0
2021-08-05 00:48:59,106.0,97.0,4.0,5.0
2021-08-05 00:49:00,99.0,88.0,6.0,5.0
2021-08-05 00:49:01,119.0,106.0,7.0,6.0
2021-08-05 00:49:02,102.0,86.0,9.0,7.0
2021-08-05 00:49:03,105.0,90.0,8.0,7.0
2021-08-05 00:49:04,93.0,83.0,4.0,6.0
2021-08-05 00:49:05,92.0,84.0,3.0,5.0
2021-08-05 00:49:06,87.0,74.0,9.0,4.0
2021-08-05 00:49:07,99.0,90.0,5.0,4.0
2021-08-05 00:49:08,89.0,79.0,6.0,4.0
2021-08-05 00:49:09,98.0,90.0,5.0,3.0
2021-08-05 00:49:10,107.0,95.0,10.0,2.0
2021-08-05 00:49:11,97.0,88.0,6.0,3.0
2021-08-05 00:49:12,96.0,86.0,4.0,6.0
2021-08-05 00:49:13,87.0,81.0,4.0,2.0
2021-08-05 00:49:14,104.0,88.0,10.0,6.0
2021-08-05 00:49:15,118.0,108.0,7.0,3.0
2021-08-05 00:49:16,105.0,99.0,3.0,3.0
2021-08-05 00:49:17,95.0,86.0,3.0,6.0
2021-08-05 00:49:18,117.0,108.0,5.0,4.0
2021-08-05 00:49:19,121.0,108.0,10.0,3.0
2021-08-05 00:49:20,109.0,93.0,11.0,5.0
2021-08-05 00:49:21,94.0,85.0,6.0,3.0
2021-08-05 00:49:22,94.0,91.0,1.0,2.0
2021-08-05 00:49:23,93.0,86.0,6.0,1.0
2021-08-05 00:49:24,97.0,85.0,7.0,5.0
2021-08-05 00:49:25,92.0,88.0,3.0,1.0
2021-08-05 00:49:26,111.0,100.0,8.0,3.0
2021-08-05 00:49:27,99.0,87.0,8.0,4.0
2021-08-05 00:49:28,87.0,77.0,9.0,1.0
2021-08-05 00:49:29,96.0,84.0,7.0,5.0
2021-08-05 00:49:30,94.0,87.0,6.0,1.0
2021-08-05 00:49:31,104.0,95.0,6.0,3.0
2021-08-05 00:49:32,114.0,102.0,10.0,2.0
2021-08-05 00:49:33,99.0,96.0,1.0,2.0
2021-08-05 00:49:34,112.0,101.0,6.0,5.0
2021-08-05 00:49:35,95.0,89.0,5.0,1.0
2021-08-05 00:49:36,107.0,96.0,7.0,4.0
2021-08-05 00:49:37,130.0,119.0,4.0,7.0
2021-08-05 00:49:38,111.0,96.0,8.0,7.0
2021-08-05 00:49:39,91.0,78.0,8.0,5.0
2021-08-05 00:49:40,103.0,91.0,9.0,3.0
2021-08-05 00:49:41,108.0,97.0,4.0,7.0
2021-08-05 00:49:42,98.0,89.0,7.0,2.0
2021-08-05 00:49:43,98.0,87.0,8.0,3.0
2021-08-05 00:49:44,114.0,105.0,5.0,4.0
2021-08-05 00:49:45,85.0,78.0,3.0,4.0
2021-08-05 00:49:46,104.0,92.0,3.0,9.0
2021-08-05 00:49:47,119.0,107.0,7.0,5.0
2021-08-05 00:49:48,107.0,94.0,8.0,5.0
2021-08-05 00:49:49,111.0,100.0,7.0,4.0
2021-08-05 00:49:50,111.0,95.0,9.0,7.0
2021-08-05 00:49:51,86.0,76.0,7.0,3.0
2021-08-05 00:49:52,93.0,87.0,4.0,2.0
2021-08-05 00:49:53,103.0,95.0,5.0,3.0
2021-08-05 00:49:54,99.0,92.0,3.0,4.0
2021-08-05 00:49:55,94.0,85.0,6.0,3.0
2021-08-05 00:49:56,103.0,96.0,5.0,2.0
2021-08-05 00:49:57,112.0,100.0,9.0,3.0
2021-08-05 00:49:58,96.0,87.0,6.0,3.0
2021-08-05 00:49:59,101.0,89.0,7.0,5.0
2021-08-05 00:50:00,94.0,86.0,7.0,1.0
2021-08-05 00:50:01,81.0,77.0,4.0,0.0
2021-08-05 00:50:02,100.0,85.0,7.0,8.0
2021-08-05 00:50:03,91.0,78.0,8.0,5.0
2021-08-05 00:50:04,89.0,84.0,4.0,1.0
2021-08-05 00:50:05,111.0,100.0,8.0,3.0
2021-08-05 00:50:06,98.0,88.0,5.0,5.0
2021-08-05 00:50:07,112.0,104.0,6.0,2.0
2021-08-05 00:50:08,95.0,83.0,10.0,2.0
2021-08-05 00:50:09,101.0,92.0,4.0,5.0
2021-08-05 00:50:10,96.0,83.0,6.0,7.0
2021-08-05 00:50:11,104.0,97.0,7.0,0.0
2021-08-05 00:50:12,119.0,107.0,6.0,6.0
2021-08-05 00:50:13,119.0,108.0,6.0,5.0
2021-08-05 00:50:14,103.0,95.0,7.0,1.0
2021-08-05 00:50:15,91.0,83.0,4.0,4.0
2021-08-05 00:50:16,99.0,91.0,6.0,2.0
2021-08-05 00:50:17,120.0,100.0,11.0,9.0
2021-08-05 00:50:18,88.0,80.0,4.0,4.0
2021-08-05 00:50:19,109.0,97.0,5.0,7.0
2021-08-05 00:50:20,103.0,98.0,3.0,2.0
2021-08-05 00:50:21,115.0,99.0,11.0,5.0
2021-08-05 00:50:22,106.0,99.0,3.0,4.0
2021-08-05 00:50:23,93.0,82.0,7.0,4.0
2021-08-05 00:50:24,77.0,75.0,2.0,0.0
2021-08-05 00:50:25,114.0,101.0,6.0,7.0
2021-08-05 00:50:26,79.0,67.0,6.0,6.0
2021-08-05 00:50:27,119.0,107.0,10.0,2.0
2021-08-05 00:50:28,89.0,79.0,1.0,9.0
2021-08-05 00:50:29,90.0,81.0,4.0,5.0
2021-08-05 00:50:30,92.0,76.0,8.0,8.0
2021-08-05 00:50:31,106.0,99.0,5.0,2.0
2021-08-05 00:50:32,98.0,88.0,3.0,7.0
2021-08-05 00:50:33,96.0,91.0,3.0,2.0
2021-08-05 00:50:34,110.0,95.0,11.0,4.0
2021-08-05 00:50:35,95.0,84.0,5.0,6.0
2021-08-05 00:50:36,89.0,79.0,8.0,2.0
2021-08-05 00:50:37,120.0,111.0,4.0,5.0
2021-08-05 00:50:38,100.0,95.0,4.0,1.0
2021-08-05 00:50:39,96.0,92.0,3.0,1.0
2021-08-05 00:50:40,116.0,108.0,4.0,4.0
2021-08-05 00:50:41,97.0,91.0,4.0,2.0
2021-08-05 00:50:42,89.0,78.0,6.0,5.0
2021-08-05 00:50:43,105.0,91.0,8.0,6.0
2021-08-05 00:50:44,97.0,84.0,9.0,4.0
2021-08-05 00:50:45,105.0,93.0,5.0,7.0
2021-08-05 00:50:46,98.0,86.0,8.0,4.0
2021-08-05 00:50:47,113.0,96.0,9.0,8.0
2021-08-05 00:50:48,100.0,96.0,2.0,2.0
2021-08-05 00:50:49,112.0,104.0,6.0,2.0
2021-08-05 00:50:50,100.0,88.0,6.0,6.0
2021-08-05 00:50:51,108.0,96.0,4.0,8.0
2021-08-05 00:50:52,96.0,81.0,9.0,6.0
2021-08-05 00:50:53,97.0,83.0,10.0,4.0
2021-08-05 00:50:54,122.0,104.0,10.0,8.0
2021-08-05 00:50:55,111.0,98.0,10.0,3.0
2021-08-05 00:50:56,109.0,97.0,4.0,8.0
2021-08-05 00:50:57,100.0,89.0,8.0,3.0
2021-08-05 00:50:58,104.0,89.0,10.0,5.0
2021-08-05 00:50:59,123.0,111.0,10.0,2.0
2021-08-05 00:51:00,89.0,79.0,7.0,3.0
2021-08-05 00:51:01,89.0,79.0,5.0,5.0
2021-08-05 00:51:02,106.0,99.0,3.0,4.0
2021-08-05 00:51:03,101.0,89.0,7.0,5.0
2021-08-05 00:51:04,88.0,77.0,8.0,3.0
2021-08-05 00:51:05,116.0,107.0,6.0,3.0
2021-08-05 00:51:06,102.0,95.0,5.0,2.0
2021-08-05 00:51:07,100.0,84.0,10.0,6.0
2021-08-05 00:51:08,85.0,78.0,6.0,1.0
2021-08-05 00:51:09,105.0,95.0,2.0,8.0
2021-08-05 00:51:10,114.0,104.0,7.0,3.0
2021-08-05 00:51:11,121.0,114.0,4.0,3.0
2021-08-05 00:51:12,114.0,104.0,6.0,4.0
2021-08-05 00:51:13,112.0,100.0,7.0,5.0
2021-08-05 00:51:14,115.0,103.0,5.0,7.0
2021-08-05 00:51:15,125.0,109.0,9.0,7.0
2021-08-05 00:51:16,101.0,86.0,10.0,5.0
2021-08-05 00:51:17,90.0,80.0,7.0,3.0
2021-08-05 00:51:18,100.0,91.0,5.0,4.0
2021-08-05 00:51:19,93.0,89.0,2.0,2.0
2021-08-05 00:51:20,118.0,108.0,6.0,4.0
2021-08-05 00:51:21,105.0,100.0,4.0,1.0
2021-08-05 00:51:22,104.0,90.0,8.0,6.0
2021-08-05 00:51:23,107.0,99.0,7.0,1.0
2021-08-05 00:51:24,96.0,90.0,4.0,2.0
2021-08-05 00:51:25,82.0,73.0,6.0,3.0
2021-08-05 00:51:26,104.0,96.0,6.0,2.0
2021-08-05 00:51:27,104.0,98.0,3.0,3.0
2021-08-05 00:51:28,94.0,84.0,6.0,4.0
2021-08-05 00:51:29,87.0,77.0,8.0,2.0
2021-08-05 00:51:30,98.0,92.0,5.0,1.0
2021-08-05 00:51:31,97.0,84.0,6.0,7.0
2021-08-05 00:51:32,113.0,101.0,7.0,5.0
2021-08-05 00:51:33,103.0,96.0,4.0,3.0
2021-08-05 00:51:34,107.0,97.0,6.0,4.0
2021-08-05 00:51:35,95.0,84.0,2.0,9.0
2021-08-05 00:51:36,118.0,107.0,10.0,1.0
2021-08-05 00:51:37,101.0,87.0,8.0,6.0
2021-08-05 00:51:38,119.0,111.0,3.0,5.0
2021-08-05 00:51:39,94.0,88.0,3.0,3.0
2021-08-05 00:51:40,114.0,106.0,3.0,5.0
2021-08-05 00:51:41,90.0,79.0,6.0,5.0
2021-08-05 00:51:42,89.0,79.0,8.0,2.0
2021-08-05 00:51:43,82.0,75.0,5.0,2.0
2021-08-05 00:51:44,116.0,102.0,10.0,4.0
2021-08-05 00:51:45,105.0,91.0,11.0,3.0
2021-08-05 00:51:46,113.0,101.0,6.0,6.0
2021-08-05 00:51:47,87.0,81.0,6.0,0.0
2021-08-05 00:51:48,89.0,76.0,6.0,7.0
2021-08-05 00:51:49,101.0,84.0,7.0,10.0
2021-08-05 00:51:50,112.0,99.0,7.0,6.0
2021-08-05 00:51:51,95.0,81.0,9.0,5.0
2021-08-05 00:51:52,98.0,82.0,8.0,8.0
2021-08-05 00:51:53,97.0,83.0,9.0,5.0
2021-08-05 00:51:54,112.0,95.0,9.0,8.0
2021-08-05 00:51:55,106.0,98.0,5.0,3.0
2021-08-05 00:51:56,96.0,87.0,6.0,3.0
2021-08-05 00:51:57,84.0,73.0,5.0,6.0
2021-08-05 00:51:58,97.0,84.0,6.0,7.0
2021-08-05 00:51:59,83.0,77.0,1.0,5.0
2021-08-05 00:52:00,107.0,94.0,8.0,5.0
2021-08-05 00:52:01,101.0,88.0,7.0,6.0
2021-08-05 00:52:02,102.0,88.0,9.0,5.0
2021-08-05 00:52:03,109.0,103.0,3.0,3.0
2021-08-05 00:52:04,116.0,102.0,9.0,5.0
2021-08-05 00:52:05,88.0,81.0,6.0,1.0
2021-08-05 00:52:06,101.0,90.0,6.0,5.0
2021-08-05 00:52:07,88.0,77.0,7.0,4.0
2021-08-05 00:52:08,84.0,77.0,5.0,2.0
2021-08-05 00:52:09,99.0,93.0,5.0,1.0
2021-08-05 00:52:10,104.0,97.0,5.0,2.0
2021-08-05 00:52:11,116.0,103.0,5.0,8.0
2021-08-05 00:52:12,107.0,96.0,6.0,5.0
2021-08-05 00:52:13,108.0,95.0,7.0,6.0
2021-08-05 00:52:14,97.0,89.0,4.0,4.0
2021-08-05 00:52:15,97.0,93.0,3.0,1.0
2021-08-05 00:52:16,92.0,82.0,6.0,4.0
2021-08-05 00:52:17,101.0,89.0,7.0,5.0
2021-08-05 00:52:18,96.0,84.0,8.0,4.0
2021-08-05 00:52:19,99.0,86.0,8.0,5.0
2021-08-05 00:52:20,109.0,99.0,6.0,4.0
2021-08-05 00:52:21,94.0,86.0,3.0,5.0
2021-08-05 00:52:22,118.0,107.0,10.0,1.0
2021-08-05 00:52:23,107.0,99.0,5.0,3.0
2021-08-05 00:52:24,124.0,112.0,8.0,4.0
2021-08-05 00:52:25,101.0,90.0,8.0,3.0
2021-08-05 00:52:26,98.0,89.0,4.0,5.0
2021-08-05 00:52:27,116.0,101.0,9.0,6.0
2021-08-05 00:52:28,111.0,103.0,5.0,3.0
2021-08-05 00:52:29,117.0,95.0,17.0,5.0
2021-08-05 00:52:30,100.0,94.0,2.0,4.0
2021-08-05 00:52:31,88.0,78.0,8.0,2.0
2021-08-05 00:52:32,109.0,95.0,8.0,6.0
2021-08-05 00:52:33,109.0,100.0,7.0,2.0
2021-08-05 00:52:34,108.0,96.0,6.0,6.0
2021-08-05 00:52:35,106.0,95.0,6.0,5.0
2021-08-05 00:52:36,89.0,79.0,7.0,3.0
2021-08-05 00:52:37,79.0,71.0,6.0,2.0
2021-08-05 00:52:38,95.0,87.0,7.0,1.0
2021-08-05 00:52:39,99.0,85.0,7.0,7.0
2021-08-05 00:52:40,104.0,90.0,11.0,3.0
2021-08-05 00:52:41,85.0,74.0,8.0,3.0
2021-08-05 00:52:42,117.0,99.0,11.0,7.0
2021-08-05 00:52:43,98.0,91.0,5.0,2.0
2021-08-05 00:52:44,96.0,85.0,9.0,2.0
2021-08-05 00:52:45,96.0,87.0,6.0,3.0
2021-08-05 00:52:46,85.0,79.0,2.0,4.0
2021-08-05 00:52:47,90.0,81.0,6.0,3.0
2021-08-05 00:52:48,109.0,95.0,6.0,8.0
2021-08-05 00:52:49,96.0,85.0,6.0,5.0
2021-08-05 00:52:50,92.0,86.0,4.0,2.0
2021-08-05 00:52:51,115.0,101.0,9.0,5.0
2021-08-05 00:52:52,98.0,86.0,8.0,4.0
2021-08-05 00:52:53,100.0,92.0,4.0,4.0
2021-08-05 00:52:54,102.0,93.0,7.0,2.0
2021-08-05 00:52:55,114.0,99.0,8.0,7.0
2021-08-05 00:52:56,95.0,89.0,1.0,5.0
2021-08-05 00:52:57,99.0,91.0,5.0,3.0
2021-08-05 00:52:58,95.0,83.0,7.0,5.0
2021-08-05 00:52:59,95.0,86.0,2.0,7.0
2021-08-05 00:53:00,102.0,87.0,9.0,6.0
2021-08-05 00:53:01,95.0,83.0,7.0,5.0
2021-08-05 00:53:02,99.0,89.0,7.0,3.0
2021-08-05 00:53:03,105.0,93.0,9.0,3.0
2021-08-05 00:53:04,96.0,87.0,7.0,2.0
2021-08-05 00:53:05,82.0,76.0,2.0,4.0
2021-08-05 00:53:06,110.0,98.0,7.0,5.0
2021-08-05 00:53:07,73.0,65.0,7.0,1.0
2021-08-05 00:53:08,109.0,102.0,4.0,3.0
2021-08-05 00:53:09,100.0,92.0,7.0,1.0
2021-08-05 00:53:10,107.0,99.0,3.0,5.0
2021-08-05 00:53:11,77.0,67.0,4.0,6.0
2021-08-05 00:53:12,115.0,108.0,5.0,2.0
2021-08-05 00:53:13,77.0,69.0,5.0,3.0
2021-08-05 00:53:14,97.0,85.0,6.0,6.0
2021-08-05 00:53:15,96.0,83.0,8.0,5.0
2021-08-05 00:53:16,107.0,97.0,4.0,6.0
2021-08-05 00:53:17,83.0,70.0,11.0,2.0
2021-08-05 00:53:18,101.0,88.0,8.0,5.0
2021-08-05 00:53:19,88.0,76.0,5.0,7.0
2021-08-05 00:53:20,111.0,97.0,7.0,7.0
2021-08-05 00:53:21,116.0,104.0,7.0,5.0
2021-08-05 00:53:22,100.0,86.0,12.0,2.0
2021-08-05 00:53:23,96.0,84.0,10.0,2.0
2021-08-05 00:53:24,98.0,89.0,5.0,4.0
2021-08-05 00:53:25,108.0,97.0,4.0,7.0
2021-08-05 00:53:26,105.0,94.0,9.0,2.0
2021-08-05 00:53:27,110.0,97.0,7.0,6.0
2021-08-05 00:53:28,106.0,92.0,11.0,3.0
2021-08-05 00:53:29,106.0,93.0,6.0,7.0
2021-08-05 00:53:30,94.0,88.0,3.0,3.0
2021-08-05 00:53:31,98.0,90.0,5.0,3.0
2021-08-05 00:53:32,100.0,92.0,6.0,2.0
2021-08-05 00:53:33,105.0,93.0,6.0,6.0
2021-08-05 00:53:34,119.0,108.0,8.0,3.0
2021-08-05 00:53:35,100.0,89.0,5.0,6.0
2021-08-05 00:53:36,106.0,93.0,8.0,5.0
2021-08-05 00:53:37,105.0,97.0,6.0,2.0
2021-08-05 00:53:38,107.0,96.0,5.0,6.0
2021-08-05 00:53:39,107.0,99.0,4.0,4.0
2021-08-05 00:53:40,123.0,113.0,7.0,3.0
2021-08-05 00:53:41,80.0,67.0,7.0,6.0
2021-08-05 00:53:42,99.0,89.0,6.0,4.0
2021-08-05 00:53:43,97.0,89.0,5.0,3.0
2021-08-05 00:53:44,83.0,75.0,3.0,5.0
2021-08-05 00:53:45,98.0,87.0,5.0,6.0
2021-08-05 00:53:46,103.0,96.0,4.0,3.0
2021-08-05 00:53:47,105.0,99.0,2.0,4.0
2021-08-05 00:53:48,117.0,112.0,5.0,0.0
2021-08-05 00:53:49,93.0,89.0,0.0,4.0
2021-08-05 00:53:50,105.0,93.0,6.0,6.0
2021-08-05 00:53:51,106.0,88.0,11.0,7.0
2021-08-05 00:53:52,99.0,84.0,8.0,7.0
2021-08-05 00:53:53,108.0,95.0,7.0,6.0
2021-08-05 00:53:54,97.0,87.0,7.0,3.0
2021-08-05 00:53:55,115.0,106.0,7.0,2.0
2021-08-05 00:53:56,93.0,80.0,8.0,5.0
2021-08-05 00:53:57,86.0,76.0,6.0,4.0
2021-08-05 00:53:58,92.0,82.0,7.0,3.0
2021-08-05 00:53:59,94.0,81.0,8.0,5.0
2021-08-05 00:54:00,97.0,86.0,8.0,3.0
2021-08-05 00:54:01,113.0,101.0,10.0,2.0
2021-08-05 00:54:02,117.0,96.0,10.0,11.0
2021-08-05 00:54:03,92.0,80.0,6.0,6.0
2021-08-05 00:54:04,105.0,91.0,7.0,7.0
2021-08-05 00:54:05,112.0,96.0,13.0,3.0
2021-08-05 00:54:06,96.0,87.0,4.0,5.0
2021-08-05 00:54:07,110.0,97.0,9.0,4.0
2021-08-05 00:54:08,103.0,91.0,11.0,1.0
2021-08-05 00:54:09,95.0,80.0,10.0,5.0
2021-08-05 00:54:10,117.0,109.0,7.0,1.0
2021-08-05 00:54:11,99.0,82.0,14.0,3.0
2021-08-05 00:54:12,99.0,91.0,3.0,5.0
2021-08-05 00:54:13,97.0,87.0,8.0,2.0
2021-08-05 00:54:14,92.0,86.0,2.0,4.0
2021-08-05 00:54:15,97.0,85.0,8.0,4.0
2021-08-05 00:54:16,102.0,92.0,7.0,3.0
2021-08-05 00:54:17,103.0,94.0,7.0,2.0
2021-08-05 00:54:18,91.0,84.0,4.0,3.0
2021-08-05 00:54:19,103.0,94.0,8.0,1.0
2021-08-05 00:54:20,103.0,91.0,7.0,5.0
2021-08-05 00:54:21,99.0,87.0,5.0,7.0
2021-08-05 00:54:22,84.0,75.0,4.0,5.0
2021-08-05 00:54:23,86.0,81.0,4.0,1.0
2021-08-05 00:54:24,103.0,93.0,6.0,4.0
2021-08-05 00:54:25,113.0,103.0,8.0,2.0
2021-08-05 00:54:26,102.0,93.0,7.0,2.0
2021-08-05 00:54:27,108.0,96.0,10.0,2.0
2021-08-05 00:54:28,100.0,90.0,7.0,3.0
2021-08-05 00:54:29,106.0,94.0,1.0,11.0
2021-08-05 00:54:30,99.0,87.0,7.0,5.0
2021-08-05 00:54:31,100.0,90.0,6.0,4.0
2021-08-05 00:54:32,107.0,97.0,7.0,3.0
2021-08-05 00:54:33,107.0,99.0,5.0,3.0
2021-08-05 00:54:34,117.0,102.0,11.0,4.0
2021-08-05 00:54:35,93.0,81.0,9.0,3.0
2021-08-05 00:54:36,90.0,76.0,7.0,7.0
2021-08-05 00:54:37,92.0,83.0,6.0,3.0
2021-08-05 00:54:38,112.0,97.0,7.0,8.0
2021-08-05 00:54:39,104.0,94.0,2.0,8.0
2021-08-05 00:54:40,109.0,98.0,6.0,5.0
2021-08-05 00:54:41,92.0,79.0,8.0,5.0
2021-08-05 00:54:42,110.0,100.0,6.0,4.0
2021-08-05 00:54:43,111.0,102.0,6.0,3.0
2021-08-05 00:54:44,108.0,97.0,5.0,6.0
2021-08-05 00:54:45,98.0,89.0,9.0,0.0
2021-08-05 00:54:46,87.0,79.0,6.0,2.0
2021-08-05 00:54:47,103.0,98.0,3.0,2.0
2021-08-05 00:54:48,119.0,106.0,10.0,3.0
2021-08-05 00:54:49,86.0,78.0,3.0,5.0
2021-08-05 00:54:50,93.0,84.0,6.0,3.0
2021-08-05 00:54:51,90.0,84.0,1.0,5.0
2021-08-05 00:54:52,122.0,110.0,8.0,4.0
2021-08-05 00:54:53,91.0,84.0,4.0,3.0
2021-08-05 00:54:54,83.0,75.0,6.0,2.0
2021-08-05 00:54:55,94.0,83.0,7.0,4.0
2021-08-05 00:54:56,114.0,100.0,10.0,4.0
2021-08-05 00:54:57,120.0,103.0,11.0,6.0
2021-08-05 00:54:58,93.0,82.0,4.0,7.0
2021-08-05 00:54:59,109.0,92.0,11.0,6.0
2021-08-05 00:55:00,99.0,87.0,6.0,6.0
2021-08-05 00:55:01,102.0,91.0,6.0,5.0
2021-08-05 00:55:02,108.0,94.0,10.0,4.0
2021-08-05 00:55:03,118.0,110.0,6.0,2.0
2021-08-05 00:55:04,114.0,104.0,9.0,1.0
2021-08-05 00:55:05,112.0,96.0,13.0,3.0
2021-08-05 00:55:06,95.0,83.0,7.0,5.0
2021-08-05 00:55:07,118.0,107.0,3.0,8.0
2021-08-05 00:55:08,109.0,98.0,6.0,5.0
2021-08-05 00:55:09,92.0,77.0,8.0,7.0
2021-08-05 00:55:10,96.0,86.0,5.0,5.0
2021-08-05 00:55:11,120.0,104.0,12.0,4.0
2021-08-05 00:55:12,102.0,90.0,7.0,5.0
2021-08-05 00:55:13,132.0,113.0,11.0,8.0
2021-08-05 00:55:14,97.0,87.0,4.0,6.0
2021-08-05 00:55:15,115.0,103.0,6.0,6.0
2021-08-05 00:55:16,89.0,82.0,6.0,1.0
2021-08-05 00:55:17,89.0,78.0,5.0,6.0
2021-08-05 00:55:18,106.0,97.0,5.0,4.0
2021-08-05 00:55:19,100.0,89.0,10.0,1.0
2021-08-05 00:55:20,99.0,87.0,7.0,5.0
2021-08-05 00:55:21,121.0,108.0,8.0,5.0
2021-08-05 00:55:22,94.0,81.0,5.0,8.0
2021-08-05 00:55:23,106.0,94.0,4.0,8.0
2021-08-05 00:55:24,101.0,93.0,5.0,3.0
2021-08-05 00:55:25,88.0,81.0,4.0,3.0
2021-08-05 00:55:26,108.0,96.0,9.0,3.0
2021-08-05 00:55:27,110.0,100.0,5.0,5.0
2021-08-05 00:55:28,102.0,94.0,5.0,3.0
2021-08-05 00:55:29,122.0,111.0,9.0,2.0
2021-08-05 00:55:30,116.0,102.0,13.0,1.0
2021-08-05 00:55:31,100.0,86.0,7.0,7.0
2021-08-05 00:55:32,107.0,89.0,6.0,12.0
2021-08-05 00:55:33,90.0,83.0,1.0,6.0
2021-08-05 00:55:34,102.0,91.0,5.0,6.0
2021-08-05 00:55:35,108.0,93.0,13.0,2.0
2021-08-05 00:55:36,77.0,70.0,5.0,2.0
2021-08-05 00:55:37,107.0,94.0,8.0,5.0
2021-08-05 00:55:38,116.0,104.0,9.0,3.0
2021-08-05 00:55:39,101.0,93.0,5.0,3.0
2021-08-05 00:55:40,102.0,90.0,4.0,8.0
2021-08-05 00:55:41,101.0,84.0,9.0,8.0
2021-08-05 00:55:42,96.0,85.0,6.0,5.0
2021-08-05 00:55:43,93.0,84.0,3.0,6.0
2021-08-05 00:55:44,103.0,93.0,5.0,5.0
2021-08-05 00:55:45,117.0,112.0,5.0,0.0
2021-08-05 00:55:46,109.0,96.0,8.0,5.0
2021-08-05 00:55:47,104.0,94.0,4.0,6.0
2021-08-05 00:55:48,104.0,89.0,8.0,7.0
2021-08-05 00:55:49,98.0,89.0,6.0,3.0
2021-08-05 00:55:50,107.0,98.0,6.0,3.0
2021-08-05 00:55:51,84.0,69.0,8.0,7.0
2021-08-05 00:55:52,90.0,80.0,6.0,4.0
2021-08-05 00:55:53,98.0,85.0,8.0,5.0
2021-08-05 00:55:54,92.0,87.0,3.0,2.0
2021-08-05 00:55:55,98.0,92.0,4.0,2.0
2021-08-05 00:55:56,99.0,90.0,3.0,6.0
2021-08-05 00:55:57,111.0,98.0,9.0,4.0
2021-08-05 00:55:58,102.0,87.0,10.0,5.0
2021-08-05 00:55:59,98.0,90.0,5.0,3.0
2021-08-05 00:56:00,106.0,96.0,7.0,3.0
2021-08-05 00:56:01,113.0,102.0,6.0,5.0
2021-08-05 00:56:02,106.0,97.0,8.0,1.0
2021-08-05 00:56:03,92.0,81.0,7.0,4.0
2021-08-05 00:56:04,86.0,80.0,3.0,3.0
2021-08-05 00:56:05,94.0,84.0,7.0,3.0
2021-08-05 00:56:06,87.0,77.0,8.0,2.0
2021-08-05 00:56:07,110.0,100.0,5.0,5.0
2021-08-05 00:56:08,112.0,107.0,4.0,1.0
2021-08-05 00:56:09,118.0,108.0,6.0,4.0
2021-08-05 00:56:10,112.0,94.0,14.0,4.0
2021-08-05 00:56:11,94.0,83.0,8.0,3.0
2021-08-05 00:56:12,97.0,88.0,6.0,3.0
2021-08-05 00:56:13,107.0,93.0,7.0,7.0
2021-08-05 00:56:14,105.0,94.0,6.0,5.0
2021-08-05 00:56:15,93.0,79.0,7.0,7.0
2021-08-05 00:56:16,108.0,97.0,10.0,1.0
2021-08-05 00:56:17,119.0,105.0,8.0,6.0
2021-08-05 00:56:18,103.0,93.0,6.0,4.0
2021-08-05 00:56:19,106.0,95.0,7.0,4.0
2021-08-05 00:56:20,110.0,100.0,6.0,4.0
2021-08-05 00:56:21,93.0,87.0,4.0,2.0
2021-08-05 00:56:22,100.0,90.0,6.0,4.0
2021-08-05 00:56:23,90.0,81.0,8.0,1.0
2021-08-05 00:56:24,105.0,90.0,9.0,6.0
2021-08-05 00:56:25,109.0,94.0,13.0,2.0
2021-08-05 00:56:26,118.0,108.0,5.0,5.0
2021-08-05 00:56:27,110.0,95.0,9.0,6.0
2021-08-05 00:56:28,98.0,88.0,6.0,4.0
2021-08-05 00:56:29,131.0,114.0,11.0,6.0
2021-08-05 00:56:30,102.0,86.0,9.0,7.0
2021-08-05 00:56:31,95.0,83.0,7.0,5.0
2021-08-05 00:56:32,91.0,86.0,3.0,2.0
2021-08-05 00:56:33,91.0,81.0,9.0,1.0
2021-08-05 00:56:34,95.0,84.0,7.0,4.0
2021-08-05 00:56:35,115.0,106.0,6.0,3.0
2021-08-05 00:56:36,98.0,89.0,4.0,5.0
2021-08-05 00:56:37,108.0,93.0,10.0,5.0
2021-08-05 00:56:38,108.0,100.0,5.0,3.0
2021-08-05 00:56:39,87.0,82.0,2.0,3.0
2021-08-05 00:56:40,109.0,94.0,6.0,9.0
2021-08-05 00:56:41,111.0,97.0,10.0,4.0
2021-08-05 00:56:42,111.0,97.0,7.0,7.0
2021-08-05 00:56:43,86.0,80.0,5.0,1.0
2021-08-05 00:56:44,108.0,99.0,7.0,2.0
2021-08-05 00:56:45,103.0,91.0,8.0,4.0
2021-08-05 00:56:46,108.0,96.0,7.0,5.0
2021-08-05 00:56:47,128.0,116.0,5.0,7.0
2021-08-05 00:56:48,88.0,73.0,9.0,6.0
2021-08-05 00:56:49,99.0,88.0,5.0,6.0
2021-08-05 00:56:50,119.0,104.0,8.0,7.0
2021-08-05 00:56:51,110.0,96.0,8.0,6.0
2021-08-05 00:56:52,96.0,81.0,13.0,2.0
2021-08-05 00:56:53,97.0,89.0,6.0,2.0
2021-08-05 00:56:54,83.0,73.0,8.0,2.0
2021-08-05 00:56:55,96.0,82.0,10.0,4.0
2021-08-05 00:56:56,88.0,83.0,3.0,2.0
2021-08-05 00:56:57,96.0,81.0,11.0,4.0
2021-08-05 00:56:58,91.0,78.0,8.0,5.0
2021-08-05 00:56:59,96.0,88.0,3.0,5.0
2021-08-05 00:57:00,94.0,83.0,8.0,3.0
2021-08-05 00:57:01,109.0,96.0,9.0,4.0
2021-08-05 00:57:02,113.0,104.0,6.0,3.0
2021-08-05 00:57:03,100.0,89.0,9.0,2.0
2021-08-05 00:57:04,114.0,107.0,6.0,1.0
2021-08-05 00:57:05,87.0,77.0,5.0,5.0
2021-08-05 00:57:06,113.0,103.0,7.0,3.0
2021-08-05 00:57:07,115.0,106.0,8.0,1.0
2021-08-05 00:57:08,96.0,79.0,11.0,6.0
2021-08-05 00:57:09,89.0,87.0,2.0,0.0
2021-08-05 00:57:10,105.0,92.0,7.0,6.0
2021-08-05 00:57:11,90.0,79.0,6.0,5.0
2021-08-05 00:57:12,84.0,75.0,1.0,8.0
2021-08-05 00:57:13,96.0,88.0,4.0,4.0
2021-08-05 00:57:14,116.0,98.0,7.0,11.0
2021-08-05 00:57:15,111.0,102.0,5.0,4.0
2021-08-05 00:57:16,89.0,81.0,6.0,2.0
2021-08-05 00:57:17,99.0,90.0,6.0,3.0
2021-08-05 00:57:18,105.0,92.0,8.0,5.0
2021-08-05 00:57:19,84.0,79.0,2.0,3.0
2021-08-05 00:57:20,108.0,96.0,8.0,4.0
2021-08-05 00:57:21,70.0,64.0,4.0,2.0
2021-08-05 00:57:22,101.0,91.0,4.0,6.0
2021-08-05 00:57:23,117.0,107.0,7.0,3.0
2021-08-05 00:57:24,95.0,84.0,7.0,4.0
2021-08-05 00:57:25,81.0,75.0,3.0,3.0
2021-08-05 00:57:26,102.0,93.0,4.0,5.0
2021-08-05 00:57:27,105.0,95.0,8.0,2.0
2021-08-05 00:57:28,108.0,97.0,7.0,4.0
2021-08-05 00:57:29,110.0,100.0,4.0,6.0
2021-08-05 00:57:30,114.0,106.0,3.0,5.0
2021-08-05 00:57:31,91.0,83.0,6.0,2.0
2021-08-05 00:57:32,88.0,83.0,5.0,0.0
2021-08-05 00:57:33,108.0,101.0,5.0,2.0
2021-08-05 00:57:34,97.0,89.0,7.0,1.0
2021-08-05 00:57:35,107.0,99.0,3.0,5.0
2021-08-05 00:57:36,116.0,105.0,5.0,6.0
2021-08-05 00:57:37,104.0,96.0,2.0,6.0
2021-08-05 00:57:38,95.0,87.0,3.0,5.0
2021-08-05 00:57:39,109.0,100.0,6.0,3.0
2021-08-05 00:57:40,106.0,98.0,5.0,3.0
2021-08-05 00:57:41,96.0,83.0,6.0,7.0
2021-08-05 00:57:42,109.0,98.0,8.0,3.0
2021-08-05 00:57:43,91.0,83.0,7.0,1.0
2021-08-05 00:57:44,114.0,103.0,7.0,4.0
2021-08-05 00:57:45,108.0,101.0,6.0,1.0
2021-08-05 00:57:46,107.0,98.0,5.0,4.0
2021-08-05 00:57:47,108.0,100.0,7.0,1.0
2021-08-05 00:57:48,112.0,100.0,9.0,3.0
2021-08-05 00:57:49,72.0,67.0,3.0,2.0
2021-08-05 00:57:50,95.0,84.0,8.0,3.0
2021-08-05 00:57:51,94.0,85.0,7.0,2.0
2021-08-05 00:57:52,98.0,85.0,8.0,5.0
2021-08-05 00:57:53,81.0,73.0,3.0,5.0
2021-08-05 00:57:54,97.0,84.0,10.0,3.0
2021-08-05 00:57:55,123.0,107.0,12.0,4.0
2021-08-05 00:57:56,105.0,92.0,10.0,3.0
2021-08-05 00:57:57,83.0,70.0,9.0,4.0
2021-08-05 00:57:58,99.0,86.0,7.0,6.0
2021-08-05 00:57:59,100.0,91.0,3.0,6.0
2021-08-05 00:58:00,101.0,93.0,2.0,6.0
2021-08-05 00:58:01,91.0,85.0,3.0,3.0
2021-08-05 00:58:02,111.0,98.0,8.0,5.0
2021-08-05 00:58:03,97.0,89.0,5.0,3.0
2021-08-05 00:58:04,86.0,80.0,5.0,1.0
2021-08-05 00:58:05,91.0,79.0,8.0,4.0
2021-08-05 00:58:06,93.0,87.0,4.0,2.0
2021-08-05 00:58:07,92.0,82.0,6.0,4.0
2021-08-05 00:58:08,98.0,90.0,4.0,4.0
2021-08-05 00:58:09,106.0,96.0,5.0,5.0
2021-08-05 00:58:10,86.0,78.0,3.0,5.0
2021-08-05 00:58:11,95.0,89.0,6.0,0.0
2021-08-05 00:58:12,95.0,83.0,7.0,5.0
2021-08-05 00:58:13,102.0,95.0,4.0,3.0
2021-08-05 00:58:14,117.0,108.0,5.0,4.0
2021-08-05 00:58:15,95.0,88.0,4.0,3.0
2021-08-05 00:58:16,95.0,86.0,4.0,5.0
2021-08-05 00:58:17,116.0,110.0,4.0,2.0
2021-08-05 00:58:18,123.0,107.0,11.0,5.0
2021-08-05 00:58:19,109.0,100.0,5.0,4.0
2021-08-05 00:58:20,98.0,87.0,5.0,6.0
2021-08-05 00:58:21,93.0,83.0,5.0,5.0
2021-08-05 00:58:22,98.0,87.0,8.0,3.0
2021-08-05 00:58:23,114.0,102.0,6.0,6.0
2021-08-05 00:58:24,118.0,108.0,5.0,5.0
2021-08-05 00:58:25,121.0,106.0,10.0,5.0
2021-08-05 00:58:26,96.0,88.0,4.0,4.0
2021-08-05 00:58:27,116.0,102.0,10.0,4.0
2021-08-05 00:58:28,107.0,96.0,7.0,4.0
2021-08-05 00:58:29,115.0,106.0,7.0,2.0
2021-08-05 00:58:30,119.0,105.0,7.0,7.0
2021-08-05 00:58:31,106.0,93.0,9.0,4.0
2021-08-05 00:58:32,101.0,87.0,10.0,4.0
2021-08-05 00:58:33,98.0,85.0,7.0,6.0
2021-08-05 00:58:34,115.0,103.0,10.0,2.0
2021-08-05 00:58:35,87.0,77.0,6.0,4.0
2021-08-05 00:58:36,96.0,87.0,8.0,1.0
2021-08-05 00:58:37,112.0,101.0,8.0,3.0
2021-08-05 00:58:38,98.0,88.0,5.0,5.0
2021-08-05 00:58:39,104.0,96.0,7.0,1.0
2021-08-05 00:58:40,98.0,86.0,9.0,3.0
2021-08-05 00:58:41,91.0,82.0,7.0,2.0
2021-08-05 00:58:42,93.0,79.0,10.0,4.0
2021-08-05 00:58:43,98.0,89.0,6.0,3.0
2021-08-05 00:58:44,86.0,74.0,7.0,5.0
2021-08-05 00:58:45,87.0,80.0,5.0,2.0
2021-08-05 00:58:46,103.0,94.0,5.0,4.0
2021-08-05 00:58:47,107.0,94.0,7.0,6.0
2021-08-05 00:58:48,93.0,87.0,2.0,4.0
2021-08-05 00:58:49,101.0,94.0,4.0,3.0
2021-08-05 00:58:50,117.0,98.0,14.0,5.0
2021-08-05 00:58:51,96.0,82.0,10.0,4.0
2021-08-05 00:58:52,117.0,107.0,4.0,6.0
2021-08-05 00:58:53,113.0,103.0,4.0,6.0
2021-08-05 00:58:54,101.0,86.0,9.0,6.0
2021-08-05 00:58:55,93.0,88.0,4.0,1.0
2021-08-05 00:58:56,86.0,75.0,6.0,5.0
2021-08-05 00:58:57,116.0,101.0,9.0,6.0
2021-08-05 00:58:58,101.0,86.0,12.0,3.0
2021-08-05 00:58:59,104.0,94.0,4.0,6.0
2021-08-05 00:59:00,109.0,96.0,8.0,5.0
2021-08-05 00:59:01,77.0,71.0,3.0,3.0
2021-08-05 00:59:02,94.0,87.0,2.0,5.0
2021-08-05 00:59:03,109.0,97.0,8.0,4.0
2021-08-05 00:59:04,111.0,100.0,6.0,5.0
2021-08-05 00:59:05,100.0,85.0,7.0,8.0
2021-08-05 00:59:06,99.0,88.0,6.0,5.0
2021-08-05 00:59:07,110.0,100.0,8.0,2.0
2021-08-05 00:59:08,121.0,109.0,7.0,5.0
2021-08-05 00:59:09,107.0,88.0,10.0,9.0
2021-08-05 00:59:10,97.0,91.0,3.0,3.0
2021-08-05 00:59:11,112.0,101.0,6.0,5.0
2021-08-05 00:59:12,89.0,83.0,5.0,1.0
2021-08-05 00:59:13,102.0,90.0,7.0,5.0
2021-08-05 00:59:14,92.0,83.0,4.0,5.0
2021-08-05 00:59:15,99.0,92.0,4.0,3.0
2021-08-05 00:59:16,101.0,90.0,5.0,6.0
2021-08-05 00:59:17,101.0,95.0,3.0,3.0
2021-08-05 00:59:18,100.0,93.0,6.0,1.0
2021-08-05 00:59:19,99.0,92.0,6.0,1.0
2021-08-05 00:59:20,89.0,75.0,8.0,6.0
2021-08-05 00:59:21,103.0,89.0,5.0,9.0
2021-08-05 00:59:22,123.0,107.0,12.0,4.0
2021-08-05 00:59:23,100.0,91.0,5.0,4.0
2021-08-05 00:59:24,107.0,91.0,7.0,9.0
2021-08-05 00:59:25,102.0,92.0,6.0,4.0
2021-08-05 00:59:26,102.0,96.0,4.0,2.0
2021-08-05 00:59:27,105.0,97.0,3.0,5.0
2021-08-05 00:59:28,111.0,100.0,5.0,6.0
2021-08-05 00:59:29,105.0,96.0,4.0,5.0
2021-08-05 00:59:30,102.0,92.0,5.0,5.0
2021-08-05 00:59:31,87.0,79.0,6.0,2.0
2021-08-05 00:59:32,94.0,89.0,4.0,1.0
2021-08-05 00:59:33,100.0,89.0,8.0,3.0
2021-08-05 00:59:34,121.0,104.0,10.0,7.0
2021-08-05 00:59:35,99.0,86.0,7.0,6.0
2021-08-05 00:59:36,111.0,103.0,5.0,3.0
2021-08-05 00:59:37,95.0,83.0,5.0,7.0
2021-08-05 00:59:38,109.0,101.0,5.0,3.0
2021-08-05 00:59:39,85.0,79.0,1.0,5.0
2021-08-05 00:59:40,102.0,92.0,5.0,5.0
2021-08-05 00:59:41,86.0,79.0,3.0,4.0
2021-08-05 00:59:42,94.0,84.0,8.0,2.0
2021-08-05 00:59:43,85.0,65.0,12.0,8.0
2021-08-05 00:59:44,107.0,95.0,6.0,6.0
2021-08-05 00:59:45,97.0,92.0,4.0,1.0
2021-08-05 00:59:46,104.0,93.0,4.0,7.0
2021-08-05 00:59:47,105.0,89.0,11.0,5.0
2021-08-05 00:59:48,109.0,101.0,7.0,1.0
2021-08-05 00:59:49,107.0,94.0,11.0,2.0
2021-08-05 00:59:50,109.0,98.0,7.0,4.0
2021-08-05 00:59:51,97.0,88.0,7.0,2.0
2021-08-05 00:59:52,103.0,97.0,3.0,3.0
2021-08-05 00:59:53,96.0,87.0,7.0,2.0
2021-08-05 00:59:54,102.0,90.0,9.0,3.0
2021-08-05 00:59:55,91.0,81.0,6.0,4.0
2021-08-05 00:59:56,98.0,90.0,6.0,2.0
2021-08-05 00:59:57,94.0,90.0,3.0,1.0
2021-08-05 00:59:58,96.0,89.0,4.0,3.0
2021-08-05 00:59:59,105.0,95.0,2.0,8.0
2021-08-05 01:00:00,101.0,89.0,3.0,9.0
2021-08-05 01:00:01,93.0,88.0,3.0,2.0
2021-08-05 01:00:02,104.0,91.0,7.0,6.0
2021-08-05 01:00:03,103.0,94.0,5.0,4.0
2021-08-05 01:00:04,77.0,71.0,3.0,3.0
2021-08-05 01:00:05,97.0,81.0,11.0,5.0
2021-08-05 01:00:06,106.0,91.0,8.0,7.0
2021-08-05 01:00:07,94.0,84.0,7.0,3.0
2021-08-05 01:00:08,101.0,90.0,8.0,3.0
2021-08-05 01:00:09,115.0,107.0,6.0,2.0
2021-08-05 01:00:10,85.0,74.0,8.0,3.0
2021-08-05 01:00:11,99.0,87.0,4.0,8.0
2021-08-05 01:00:12,95.0,88.0,2.0,5.0
2021-08-05 01:00:13,110.0,95.0,10.0,5.0
2021-08-05 01:00:14,105.0,100.0,4.0,1.0
2021-08-05 01:00:15,108.0,99.0,9.0,0.0
2021-08-05 01:00:16,113.0,99.0,9.0,5.0
2021-08-05 01:00:17,103.0,86.0,12.0,5.0
2021-08-05 01:00:18,118.0,109.0,4.0,5.0
2021-08-05 01:00:19,115.0,106.0,3.0,6.0
2021-08-05 01:00:20,102.0,92.0,7.0,3.0
2021-08-05 01:00:21,94.0,85.0,7.0,2.0
2021-08-05 01:00:22,95.0,81.0,10.0,4.0
2021-08-05 01:00:23,105.0,92.0,6.0,7.0
2021-08-05 01:00:24,104.0,94.0,8.0,2.0
2021-08-05 01:00:25,105.0,97.0,5.0,3.0
2021-08-05 01:00:26,111.0,101.0,6.0,4.0
2021-08-05 01:00:27,73.0,64.0,5.0,4.0
2021-08-05 01:00:28,113.0,104.0,7.0,2.0
2021-08-05 01:00:29,103.0,95.0,8.0,0.0
2021-08-05 01:00:30,90.0,79.0,6.0,5.0
2021-08-05 01:00:31,110.0,99.0,6.0,5.0
2021-08-05 01:00:32,108.0,99.0,6.0,3.0
2021-08-05 01:00:33,93.0,77.0,12.0,4.0
2021-08-05 01:00:34,117.0,94.0,15.0,8.0
2021-08-05 01:00:35,96.0,88.0,4.0,4.0
2021-08-05 01:00:36,96.0,86.0,8.0,2.0
2021-08-05 01:00:37,102.0,91.0,5.0,6.0
2021-08-05 01:00:38,101.0,88.0,8.0,5.0
2021-08-05 01:00:39,111.0,101.0,7.0,3.0
2021-08-05 01:00:40,105.0,90.0,9.0,6.0
2021-08-05 01:00:41,104.0,87.0,12.0,5.0
2021-08-05 01:00:42,98.0,89.0,7.0,2.0
2021-08-05 01:00:43,109.0,97.0,9.0,3.0
2021-08-05 01:00:44,97.0,83.0,7.0,7.0
2021-08-05 01:00:45,106.0,96.0,5.0,5.0
2021-08-05 01:00:46,102.0,95.0,5.0,2.0
2021-08-05 01:00:47,85.0,75.0,7.0,3.0
2021-08-05 01:00:48,120.0,98.0,13.0,9.0
2021-08-05 01:00:49,106.0,100.0,3.0,3.0
2021-08-05 01:00:50,104.0,92.0,6.0,6.0
2021-08-05 01:00:51,114.0,104.0,7.0,3.0
2021-08-05 01:00:52,98.0,90.0,4.0,4.0
2021-08-05 01:00:53,105.0,97.0,3.0,5.0
2021-08-05 01:00:54,97.0,92.0,5.0,0.0
2021-08-05 01:00:55,108.0,96.0,8.0,4.0
2021-08-05 01:00:56,87.0,74.0,8.0,5.0
2021-08-05 01:00:57,119.0,104.0,9.0,6.0
2021-08-05 01:00:58,104.0,96.0,4.0,4.0
2021-08-05 01:00:59,112.0,98.0,8.0,6.0
2021-08-05 01:01:00,103.0,91.0,6.0,6.0
2021-08-05 01:01:01,98.0,91.0,2.0,5.0
2021-08-05 01:01:02,89.0,82.0,4.0,3.0
2021-08-05 01:01:03,96.0,87.0,8.0,1.0
2021-08-05 01:01:04,103.0,90.0,11.0,2.0
2021-08-05 01:01:05,97.0,87.0,5.0,5.0
2021-08-05 01:01:06,120.0,108.0,8.0,4.0
2021-08-05 01:01:07,94.0,89.0,2.0,3.0
2021-08-05 01:01:08,89.0,73.0,13.0,3.0
2021-08-05 01:01:09,107.0,92.0,11.0,4.0
2021-08-05 01:01:10,108.0,94.0,11.0,3.0
2021-08-05 01:01:11,106.0,100.0,4.0,2.0
2021-08-05 01:01:12,101.0,92.0,4.0,5.0
2021-08-05 01:01:13,113.0,105.0,4.0,4.0
2021-08-05 01:01:14,86.0,73.0,8.0,5.0
2021-08-05 01:01:15,111.0,98.0,6.0,7.0
2021-08-05 01:01:16,91.0,82.0,7.0,2.0
2021-08-05 01:01:17,87.0,78.0,3.0,6.0
2021-08-05 01:01:18,111.0,99.0,2.0,10.0
2021-08-05 01:01:19,92.0,82.0,7.0,3.0
2021-08-05 01:01:20,108.0,100.0,6.0,2.0
2021-08-05 01:01:21,106.0,97.0,9.0,0.0
2021-08-05 01:01:22,102.0,89.0,8.0,5.0
2021-08-05 01:01:23,110.0,98.0,10.0,2.0
2021-08-05 01:01:24,94.0,86.0,4.0,4.0
2021-08-05 01:01:25,125.0,111.0,7.0,7.0
2021-08-05 01:01:26,117.0,104.0,7.0,6.0
2021-08-05 01:01:27,99.0,87.0,8.0,4.0
2021-08-05 01:01:28,81.0,68.0,6.0,7.0
2021-08-05 01:01:29,97.0,86.0,6.0,5.0
2021-08-05 01:01:30,103.0,90.0,8.0,5.0
2021-08-05 01:01:31,116.0,108.0,4.0,4.0
2021-08-05 01:01:32,99.0,85.0,8.0,6.0
2021-08-05 01:01:33,120.0,106.0,11.0,3.0
2021-08-05 01:01:34,79.0,74.0,4.0,1.0
2021-08-05 01:01:35,98.0,89.0,7.0,2.0
2021-08-05 01:01:36,100.0,88.0,6.0,6.0
2021-08-05 01:01:37,94.0,78.0,8.0,8.0
2021-08-05 01:01:38,107.0,92.0,12.0,3.0
2021-08-05 01:01:39,93.0,80.0,7.0,6.0
2021-08-05 01:01:40,107.0,98.0,4.0,5.0
2021-08-05 01:01:41,107.0,97.0,7.0,3.0
2021-08-05 01:01:42,104.0,95.0,6.0,3.0
2021-08-05 01:01:43,100.0,84.0,11.0,5.0
2021-08-05 01:01:44,92.0,78.0,10.0,4.0
2021-08-05 01:01:45,120.0,103.0,13.0,4.0
2021-08-05 01:01:46,83.0,71.0,7.0,5.0
2021-08-05 01:01:47,100.0,95.0,2.0,3.0
2021-08-05 01:01:48,106.0,99.0,3.0,4.0
2021-08-05 01:01:49,81.0,72.0,7.0,2.0
2021-08-05 01:01:50,90.0,84.0,4.0,2.0
2021-08-05 01:01:51,106.0,96.0,7.0,3.0
2021-08-05 01:01:52,97.0,87.0,6.0,4.0
2021-08-05 01:01:53,89.0,79.0,8.0,2.0
2021-08-05 01:01:54,99.0,92.0,2.0,5.0
2021-08-05 01:01:55,98.0,89.0,4.0,5.0
2021-08-05 01:01:56,102.0,92.0,5.0,5.0
2021-08-05 01:01:57,115.0,100.0,7.0,8.0
2021-08-05 01:01:58,90.0,85.0,3.0,2.0
2021-08-05 01:01:59,108.0,98.0,7.0,3.0
2021-08-05 01:02:00,115.0,101.0,9.0,5.0
2021-08-05 01:02:01,88.0,82.0,4.0,2.0
2021-08-05 01:02:02,108.0,99.0,5.0,4.0
2021-08-05 01:02:03,98.0,91.0,4.0,3.0
2021-08-05 01:02:04,106.0,92.0,12.0,2.0
2021-08-05 01:02:05,108.0,99.0,3.0,6.0
2021-08-05 01:02:06,109.0,96.0,7.0,6.0
2021-08-05 01:02:07,87.0,80.0,4.0,3.0
2021-08-05 01:02:08,94.0,89.0,3.0,2.0
2021-08-05 01:02:09,86.0,76.0,6.0,4.0
2021-08-05 01:02:10,91.0,83.0,5.0,3.0
2021-08-05 01:02:11,111.0,100.0,6.0,5.0
2021-08-05 01:02:12,109.0,102.0,7.0,0.0
2021-08-05 01:02:13,86.0,75.0,5.0,6.0
2021-08-05 01:02:14,88.0,83.0,2.0,3.0
2021-08-05 01:02:15,103.0,91.0,7.0,5.0
2021-08-05 01:02:16,101.0,91.0,7.0,3.0
2021-08-05 01:02:17,101.0,94.0,4.0,3.0
2021-08-05 01:02:18,107.0,99.0,6.0,2.0
2021-08-05 01:02:19,98.0,88.0,8.0,2.0
2021-08-05 01:02:20,72.0,62.0,4.0,6.0
2021-08-05 01:02:21,107.0,98.0,6.0,3.0
2021-08-05 01:02:22,84.0,75.0,6.0,3.0
2021-08-05 01:02:23,108.0,99.0,5.0,4.0
2021-08-05 01:02:24,103.0,91.0,5.0,7.0
2021-08-05 01:02:25,124.0,105.0,9.0,10.0
2021-08-05 01:02:26,107.0,95.0,9.0,3.0
2021-08-05 01:02:27,90.0,85.0,4.0,1.0
2021-08-05 01:02:28,100.0,90.0,4.0,6.0
2021-08-05 01:02:29,101.0,93.0,5.0,3.0
2021-08-05 01:02:30,88.0,80.0,7.0,1.0
2021-08-05 01:02:31,88.0,77.0,8.0,3.0
2021-08-05 01:02:32,89.0,83.0,1.0,5.0
2021-08-05 01:02:33,99.0,90.0,4.0,5.0
2021-08-05 01:02:34,119.0,110.0,3.0,6.0
2021-08-05 01:02:35,107.0,102.0,4.0,1.0
2021-08-05 01:02:36,90.0,82.0,6.0,2.0
2021-08-05 01:02:37,99.0,89.0,8.0,2.0
2021-08-05 01:02:38,86.0,82.0,3.0,1.0
2021-08-05 01:02:39,98.0,80.0,12.0,6.0
2021-08-05 01:02:40,97.0,86.0,8.0,3.0
2021-08-05 01:02:41,110.0,98.0,4.0,8.0
2021-08-05 01:02:42,100.0,91.0,7.0,2.0
2021-08-05 01:02:43,103.0,91.0,6.0,6.0
2021-08-05 01:02:44,103.0,95.0,6.0,2.0
2021-08-05 01:02:45,95.0,81.0,7.0,7.0
2021-08-05 01:02:46,99.0,92.0,4.0,3.0
2021-08-05 01:02:47,107.0,99.0,3.0,5.0
2021-08-05 01:02:48,113.0,101.0,8.0,4.0
2021-08-05 01:02:49,96.0,88.0,5.0,3.0
2021-08-05 01:02:50,107.0,98.0,4.0,5.0
2021-08-05 01:02:51,99.0,89.0,5.0,5.0
2021-08-05 01:02:52,99.0,86.0,7.0,6.0
2021-08-05 01:02:53,112.0,92.0,11.0,9.0
2021-08-05 01:02:54,94.0,79.0,9.0,6.0
2021-08-05 01:02:55,99.0,87.0,6.0,6.0
2021-08-05 01:02:56,99.0,86.0,5.0,8.0
2021-08-05 01:02:57,98.0,86.0,5.0,7.0
2021-08-05 01:02:58,86.0,78.0,5.0,3.0
2021-08-05 01:02:59,102.0,95.0,6.0,1.0
2021-08-05 01:03:00,111.0,97.0,9.0,5.0
2021-08-05 01:03:01,94.0,81.0,4.0,9.0
2021-08-05 01:03:02,97.0,89.0,7.0,1.0
2021-08-05 01:03:03,111.0,98.0,9.0,4.0
2021-08-05 01:03:04,85.0,77.0,3.0,5.0
2021-08-05 01:03:05,93.0,84.0,6.0,3.0
2021-08-05 01:03:06,93.0,81.0,10.0,2.0
2021-08-05 01:03:07,120.0,107.0,10.0,3.0
2021-08-05 01:03:08,93.0,86.0,6.0,1.0
2021-08-05 01:03:09,109.0,100.0,6.0,3.0
2021-08-05 01:03:10,117.0,101.0,14.0,2.0
2021-08-05 01:03:11,98.0,86.0,8.0,4.0
2021-08-05 01:03:12,85.0,78.0,2.0,5.0
2021-08-05 01:03:13,96.0,84.0,6.0,6.0
2021-08-05 01:03:14,112.0,100.0,9.0,3.0
2021-08-05 01:03:15,101.0,87.0,10.0,4.0
2021-08-05 01:03:16,101.0,90.0,4.0,7.0
2021-08-05 01:03:17,86.0,78.0,5.0,3.0
2021-08-05 01:03:18,86.0,72.0,5.0,9.0
2021-08-05 01:03:19,86.0,73.0,4.0,9.0
2021-08-05 01:03:20,114.0,106.0,4.0,4.0
2021-08-05 01:03:21,80.0,73.0,3.0,4.0
2021-08-05 01:03:22,99.0,91.0,5.0,3.0
2021-08-05 01:03:23,107.0,97.0,7.0,3.0
2021-08-05 01:03:24,100.0,91.0,4.0,5.0
2021-08-05 01:03:25,94.0,85.0,3.0,6.0
2021-08-05 01:03:26,112.0,102.0,8.0,2.0
2021-08-05 01:03:27,89.0,79.0,8.0,2.0
2021-08-05 01:03:28,97.0,89.0,5.0,3.0
2021-08-05 01:03:29,105.0,93.0,7.0,5.0
2021-08-05 01:03:30,106.0,93.0,10.0,3.0
2021-08-05 01:03:31,95.0,85.0,7.0,3.0
2021-08-05 01:03:32,74.0,68.0,3.0,3.0
2021-08-05 01:03:33,113.0,103.0,4.0,6.0
2021-08-05 01:03:34,99.0,85.0,9.0,5.0
2021-08-05 01:03:35,95.0,87.0,4.0,4.0
2021-08-05 01:03:36,95.0,87.0,4.0,4.0
2021-08-05 01:03:37,91.0,84.0,2.0,5.0
2021-08-05 01:03:38,105.0,90.0,8.0,7.0
2021-08-05 01:03:39,102.0,97.0,3.0,2.0
2021-08-05 01:03:40,95.0,87.0,6.0,2.0
2021-08-05 01:03:41,104.0,95.0,6.0,3.0
2021-08-05 01:03:42,100.0,87.0,5.0,8.0
2021-08-05 01:03:43,83.0,77.0,4.0,2.0
2021-08-05 01:03:44,92.0,80.0,7.0,5.0
2021-08-05 01:03:45,114.0,102.0,9.0,3.0
2021-08-05 01:03:46,96.0,90.0,3.0,3.0
2021-08-05 01:03:47,94.0,87.0,5.0,2.0
2021-08-05 01:03:48,83.0,73.0,4.0,6.0
2021-08-05 01:03:49,99.0,86.0,9.0,4.0
2021-08-05 01:03:50,105.0,95.0,4.0,6.0
2021-08-05 01:03:51,94.0,88.0,6.0,0.0
2021-08-05 01:03:52,95.0,92.0,1.0,2.0
2021-08-05 01:03:53,90.0,82.0,5.0,3.0
2021-08-05 01:03:54,81.0,75.0,4.0,2.0
2021-08-05 01:03:55,107.0,92.0,9.0,6.0
2021-08-05 01:03:56,97.0,89.0,4.0,4.0
2021-08-05 01:03:57,93.0,88.0,3.0,2.0
2021-08-05 01:03:58,98.0,89.0,6.0,3.0
2021-08-05 01:03:59,85.0,76.0,6.0,3.0
2021-08-05 01:04:00,108.0,95.0,8.0,5.0
2021-08-05 01:04:01,111.0,97.0,9.0,5.0
2021-08-05 01:04:02,110.0,95.0,9.0,6.0
2021-08-05 01:04:03,112.0,98.0,8.0,6.0
2021-08-05 01:04:04,77.0,70.0,5.0,2.0
2021-08-05 01:04:05,94.0,80.0,7.0,7.0
2021-08-05 01:04:06,100.0,95.0,5.0,0.0
2021-08-05 01:04:07,97.0,84.0,6.0,7.0
2021-08-05 01:04:08,97.0,86.0,9.0,2.0
2021-08-05 01:04:09,107.0,95.0,4.0,8.0
2021-08-05 01:04:10,88.0,84.0,4.0,0.0
2021-08-05 01:04:11,88.0,82.0,5.0,1.0
2021-08-05 01:04:12,115.0,101.0,5.0,9.0
2021-08-05 01:04:13,96.0,90.0,3.0,3.0
2021-08-05 01:04:14,111.0,99.0,9.0,3.0
2021-08-05 01:04:15,81.0,70.0,7.0,4.0
2021-08-05 01:04:16,104.0,95.0,3.0,6.0
2021-08-05 01:04:17,106.0,96.0,7.0,3.0
2021-08-05 01:04:18,87.0,79.0,4.0,4.0
2021-08-05 01:04:19,121.0,105.0,9.0,7.0
2021-08-05 01:04:20,94.0,88.0,5.0,1.0
2021-08-05 01:04:21,102.0,87.0,10.0,5.0
2021-08-05 01:04:22,94.0,86.0,5.0,3.0
2021-08-05 01:04:23,83.0,79.0,2.0,2.0
2021-08-05 01:04:24,101.0,88.0,10.0,3.0
2021-08-05 01:04:25,119.0,109.0,6.0,4.0
2021-08-05 01:04:26,87.0,73.0,6.0,8.0
2021-08-05 01:04:27,88.0,73.0,11.0,4.0
2021-08-05 01:04:28,93.0,89.0,2.0,2.0
2021-08-05 01:04:29,101.0,94.0,5.0,2.0
2021-08-05 01:04:30,101.0,92.0,8.0,1.0
2021-08-05 01:04:31,103.0,94.0,6.0,3.0
2021-08-05 01:04:32,113.0,102.0,8.0,3.0
2021-08-05 01:04:33,116.0,96.0,13.0,7.0
2021-08-05 01:04:34,86.0,79.0,4.0,3.0
2021-08-05 01:04:35,90.0,81.0,7.0,2.0
2021-08-05 01:04:36,99.0,80.0,11.0,8.0
2021-08-05 01:04:37,91.0,82.0,3.0,6.0
2021-08-05 01:04:38,85.0,77.0,6.0,2.0
2021-08-05 01:04:39,106.0,86.0,13.0,7.0
2021-08-05 01:04:40,100.0,88.0,8.0,4.0
2021-08-05 01:04:41,130.0,120.0,5.0,5.0
2021-08-05 01:04:42,91.0,80.0,8.0,3.0
2021-08-05 01:04:43,87.0,74.0,7.0,6.0
2021-08-05 01:04:44,81.0,68.0,7.0,6.0
2021-08-05 01:04:45,104.0,90.0,9.0,5.0
2021-08-05 01:04:46,99.0,88.0,8.0,3.0
2021-08-05 01:04:47,106.0,95.0,7.0,4.0
2021-08-05 01:04:48,95.0,82.0,9.0,4.0
2021-08-05 01:04:49,91.0,85.0,3.0,3.0
2021-08-05 01:04:50,98.0,91.0,4.0,3.0
2021-08-05 01:04:51,93.0,85.0,5.0,3.0
2021-08-05 01:04:52,111.0,96.0,8.0,7.0
2021-08-05 01:04:53,105.0,95.0,6.0,4.0
2021-08-05 01:04:54,85.0,77.0,5.0,3.0
2021-08-05 01:04:55,88.0,81.0,3.0,4.0
2021-08-05 01:04:56,93.0,80.0,6.0,7.0
2021-08-05 01:04:57,109.0,95.0,8.0,6.0
2021-08-05 01:04:58,89.0,81.0,7.0,1.0
2021-08-05 01:04:59,122.0,110.0,10.0,2.0
2021-08-05 01:05:00,99.0,85.0,7.0,7.0
2021-08-05 01:05:01,108.0,98.0,7.0,3.0
2021-08-05 01:05:02,76.0,69.0,1.0,6.0
2021-08-05 01:05:03,98.0,91.0,5.0,2.0
2021-08-05 01:05:04,74.0,64.0,5.0,5.0
2021-08-05 01:05:05,97.0,88.0,5.0,4.0
2021-08-05 01:05:06,95.0,80.0,10.0,5.0
2021-08-05 01:05:07,93.0,79.0,9.0,5.0
2021-08-05 01:05:08,98.0,86.0,6.0,6.0
2021-08-05 01:05:09,111.0,99.0,8.0,4.0
2021-08-05 01:05:10,99.0,88.0,7.0,4.0
2021-08-05 01:05:11,86.0,77.0,7.0,2.0
2021-08-05 01:05:12,96.0,83.0,8.0,5.0
2021-08-05 01:05:13,112.0,100.0,7.0,5.0
2021-08-05 01:05:14,93.0,83.0,4.0,6.0
2021-08-05 01:05:15,92.0,81.0,8.0,3.0
2021-08-05 01:05:16,111.0,101.0,7.0,3.0
2021-08-05 01:05:17,95.0,87.0,6.0,2.0
2021-08-05 01:05:18,94.0,82.0,7.0,5.0
2021-08-05 01:05:19,83.0,73.0,7.0,3.0
2021-08-05 01:05:20,99.0,87.0,10.0,2.0
2021-08-05 01:05:21,77.0,69.0,6.0,2.0
2021-08-05 01:05:22,91.0,90.0,0.0,1.0
2021-08-05 01:05:23,102.0,90.0,8.0,4.0
2021-08-05 01:05:24,91.0,81.0,6.0,4.0
2021-08-05 01:05:25,100.0,92.0,3.0,5.0
2021-08-05 01:05:26,113.0,101.0,8.0,4.0
2021-08-05 01:05:27,89.0,80.0,5.0,4.0
2021-08-05 01:05:28,95.0,83.0,6.0,6.0
2021-08-05 01:05:29,97.0,91.0,3.0,3.0
2021-08-05 01:05:30,114.0,102.0,10.0,2.0
2021-08-05 01:05:31,93.0,85.0,8.0,0.0
2021-08-05 01:05:32,84.0,78.0,6.0,0.0
2021-08-05 01:05:33,108.0,93.0,13.0,2.0
2021-08-05 01:05:34,98.0,88.0,7.0,3.0
2021-08-05 01:05:35,105.0,92.0,8.0,5.0
2021-08-05 01:05:36,112.0,98.0,8.0,6.0
2021-08-05 01:05:37,96.0,85.0,6.0,5.0
2021-08-05 01:05:38,88.0,80.0,5.0,3.0
2021-08-05 01:05:39,115.0,107.0,5.0,3.0
2021-08-05 01:05:40,103.0,90.0,9.0,4.0
2021-08-05 01:05:41,112.0,107.0,1.0,4.0
2021-08-05 01:05:42,103.0,94.0,3.0,6.0
2021-08-05 01:05:43,96.0,86.0,8.0,2.0
2021-08-05 01:05:44,90.0,78.0,7.0,5.0
2021-08-05 01:05:45,96.0,86.0,5.0,5.0
2021-08-05 01:05:46,88.0,80.0,7.0,1.0
2021-08-05 01:05:47,106.0,95.0,7.0,4.0
2021-08-05 01:05:48,93.0,80.0,6.0,7.0
2021-08-05 01:05:49,99.0,87.0,7.0,5.0
2021-08-05 01:05:50,105.0,95.0,7.0,3.0
2021-08-05 01:05:51,86.0,72.0,7.0,7.0
2021-08-05 01:05:52,88.0,76.0,8.0,4.0
2021-08-05 01:05:53,98.0,85.0,5.0,8.0
2021-08-05 01:05:54,76.0,69.0,5.0,2.0
2021-08-05 01:05:55,88.0,80.0,3.0,5.0
2021-08-05 01:05:56,102.0,92.0,9.0,1.0
2021-08-05 01:05:57,104.0,93.0,7.0,4.0
2021-08-05 01:05:58,110.0,99.0,6.0,5.0
2021-08-05 01:05:59,108.0,97.0,7.0,4.0
2021-08-05 01:06:00,106.0,94.0,9.0,3.0
2021-08-05 01:06:01,116.0,111.0,2.0,3.0
2021-08-05 01:06:02,107.0,96.0,7.0,4.0
2021-08-05 01:06:03,86.0,79.0,3.0,4.0
2021-08-05 01:06:04,104.0,90.0,10.0,4.0
2021-08-05 01:06:05,126.0,109.0,13.0,4.0
2021-08-05 01:06:06,109.0,100.0,6.0,3.0
2021-08-05 01:06:07,91.0,83.0,5.0,3.0
2021-08-05 01:06:08,98.0,86.0,8.0,4.0
2021-08-05 01:06:09,91.0,81.0,8.0,2.0
2021-08-05 01:06:10,93.0,81.0,6.0,6.0
2021-08-05 01:06:11,95.0,86.0,3.0,6.0
2021-08-05 01:06:12,102.0,98.0,2.0,2.0
2021-08-05 01:06:13,108.0,91.0,10.0,7.0
2021-08-05 01:06:14,111.0,99.0,6.0,6.0
2021-08-05 01:06:15,97.0,89.0,4.0,4.0
2021-08-05 01:06:16,102.0,94.0,4.0,4.0
2021-08-05 01:06:17,92.0,78.0,9.0,5.0
2021-08-05 01:06:18,97.0,85.0,6.0,6.0
2021-08-05 01:06:19,105.0,97.0,4.0,4.0
2021-08-05 01:06:20,114.0,100.0,9.0,5.0
2021-08-05 01:06:21,111.0,102.0,3.0,6.0
2021-08-05 01:06:22,106.0,98.0,3.0,5.0
2021-08-05 01:06:23,93.0,81.0,6.0,6.0
2021-08-05 01:06:24,93.0,84.0,6.0,3.0
2021-08-05 01:06:25,121.0,107.0,9.0,5.0
2021-08-05 01:06:26,87.0,80.0,5.0,2.0
2021-08-05 01:06:27,106.0,96.0,6.0,4.0
2021-08-05 01:06:28,87.0,75.0,6.0,6.0
2021-08-05 01:06:29,108.0,97.0,3.0,8.0
2021-08-05 01:06:30,87.0,76.0,6.0,5.0
2021-08-05 01:06:31,111.0,100.0,5.0,6.0
2021-08-05 01:06:32,96.0,92.0,2.0,2.0
2021-08-05 01:06:33,99.0,90.0,7.0,2.0
2021-08-05 01:06:34,102.0,95.0,6.0,1.0
2021-08-05 01:06:35,103.0,90.0,6.0,7.0
2021-08-05 01:06:36,109.0,93.0,11.0,5.0
2021-08-05 01:06:37,97.0,89.0,6.0,2.0
2021-08-05 01:06:38,108.0,98.0,6.0,4.0
2021-08-05 01:06:39,87.0,78.0,5.0,4.0
2021-08-05 01:06:40,94.0,83.0,7.0,4.0
2021-08-05 01:06:41,107.0,97.0,8.0,2.0
2021-08-05 01:06:42,93.0,83.0,6.0,4.0
2021-08-05 01:06:43,110.0,97.0,10.0,3.0
2021-08-05 01:06:44,88.0,76.0,6.0,6.0
2021-08-05 01:06:45,90.0,79.0,9.0,2.0
2021-08-05 01:06:46,105.0,91.0,9.0,5.0
2021-08-05 01:06:47,108.0,91.0,12.0,5.0
2021-08-05 01:06:48,103.0,94.0,9.0,0.0
2021-08-05 01:06:49,77.0,73.0,3.0,1.0
2021-08-05 01:06:50,123.0,112.0,6.0,5.0
2021-08-05 01:06:51,110.0,94.0,12.0,4.0
2021-08-05 01:06:52,97.0,84.0,7.0,6.0
2021-08-05 01:06:53,96.0,88.0,6.0,2.0
2021-08-05 01:06:54,106.0,92.0,10.0,4.0
2021-08-05 01:06:55,107.0,94.0,9.0,4.0
2021-08-05 01:06:56,96.0,81.0,6.0,9.0
2021-08-05 01:06:57,92.0,79.0,7.0,6.0
2021-08-05 01:06:58,90.0,76.0,5.0,9.0
2021-08-05 01:06:59,97.0,84.0,7.0,6.0
2021-08-05 01:07:00,98.0,86.0,8.0,4.0
2021-08-05 01:07:01,116.0,108.0,5.0,3.0
2021-08-05 01:07:02,111.0,99.0,9.0,3.0
2021-08-05 01:07:03,100.0,82.0,14.0,4.0
2021-08-05 01:07:04,90.0,80.0,5.0,5.0
2021-08-05 01:07:05,101.0,89.0,7.0,5.0
2021-08-05 01:07:06,99.0,92.0,5.0,2.0
2021-08-05 01:07:07,99.0,89.0,9.0,1.0
2021-08-05 01:07:08,91.0,78.0,8.0,5.0
2021-08-05 01:07:09,96.0,89.0,4.0,3.0
2021-08-05 01:07:10,107.0,93.0,10.0,4.0
2021-08-05 01:07:11,92.0,80.0,9.0,3.0
2021-08-05 01:07:12,97.0,83.0,8.0,6.0
2021-08-05 01:07:13,105.0,99.0,5.0,1.0
2021-08-05 01:07:14,104.0,94.0,5.0,5.0
2021-08-05 01:07:15,101.0,92.0,6.0,3.0
2021-08-05 01:07:16,97.0,83.0,9.0,5.0
2021-08-05 01:07:17,103.0,88.0,8.0,7.0
2021-08-05 01:07:18,100.0,90.0,7.0,3.0
2021-08-05 01:07:19,103.0,98.0,4.0,1.0
2021-08-05 01:07:20,111.0,98.0,4.0,9.0
2021-08-05 01:07:21,93.0,81.0,5.0,7.0
2021-08-05 01:07:22,103.0,93.0,5.0,5.0
2021-08-05 01:07:23,103.0,87.0,10.0,6.0
2021-08-05 01:07:24,116.0,105.0,7.0,4.0
2021-08-05 01:07:25,106.0,94.0,8.0,4.0
2021-08-05 01:07:26,101.0,91.0,5.0,5.0
2021-08-05 01:07:27,97.0,85.0,9.0,3.0
2021-08-05 01:07:28,114.0,100.0,6.0,8.0
2021-08-05 01:07:29,94.0,83.0,8.0,3.0
2021-08-05 01:07:30,96.0,86.0,4.0,6.0
2021-08-05 01:07:31,88.0,80.0,3.0,5.0
2021-08-05 01:07:32,90.0,83.0,4.0,3.0
2021-08-05 01:07:33,107.0,89.0,13.0,5.0
2021-08-05 01:07:34,111.0,101.0,5.0,5.0
2021-08-05 01:07:35,88.0,84.0,3.0,1.0
2021-08-05 01:07:36,96.0,85.0,9.0,2.0
2021-08-05 01:07:37,74.0,67.0,5.0,2.0
2021-08-05 01:07:38,97.0,88.0,6.0,3.0
2021-08-05 01:07:39,103.0,93.0,7.0,3.0
2021-08-05 01:07:40,98.0,94.0,3.0,1.0
2021-08-05 01:07:41,102.0,94.0,4.0,4.0
2021-08-05 01:07:42,100.0,80.0,14.0,6.0
2021-08-05 01:07:43,87.0,78.0,3.0,6.0
2021-08-05 01:07:44,96.0,78.0,11.0,7.0
2021-08-05 01:07:45,107.0,99.0,3.0,5.0
2021-08-05 01:07:46,97.0,87.0,5.0,5.0
2021-08-05 01:07:47,111.0,103.0,7.0,1.0
2021-08-05 01:07:48,103.0,82.0,15.0,6.0
2021-08-05 01:07:49,87.0,78.0,6.0,3.0
2021-08-05 01:07:50,93.0,86.0,2.0,5.0
2021-08-05 01:07:51,80.0,70.0,9.0,1.0
2021-08-05 01:07:52,102.0,97.0,3.0,2.0
2021-08-05 01:07:53,101.0,95.0,4.0,2.0
2021-08-05 01:07:54,105.0,90.0,9.0,6.0
2021-08-05 01:07:55,109.0,97.0,8.0,4.0
2021-08-05 01:07:56,102.0,94.0,4.0,4.0
2021-08-05 01:07:57,99.0,89.0,5.0,5.0
2021-08-05 01:07:58,94.0,81.0,8.0,5.0
2021-08-05 01:07:59,95.0,90.0,5.0,0.0
2021-08-05 01:08:00,113.0,102.0,7.0,4.0
2021-08-05 01:08:01,98.0,87.0,6.0,5.0
2021-08-05 01:08:02,91.0,79.0,8.0,4.0
2021-08-05 01:08:03,103.0,90.0,6.0,7.0
2021-08-05 01:08:04,108.0,94.0,5.0,9.0
2021-08-05 01:08:05,88.0,80.0,5.0,3.0
2021-08-05 01:08:06,118.0,108.0,9.0,1.0
2021-08-05 01:08:07,109.0,100.0,5.0,4.0
2021-08-05 01:08:08,93.0,83.0,10.0,0.0
2021-08-05 01:08:09,93.0,87.0,4.0,2.0
2021-08-05 01:08:10,101.0,88.0,5.0,8.0
2021-08-05 01:08:11,85.0,75.0,6.0,4.0
2021-08-05 01:08:12,97.0,84.0,10.0,3.0
2021-08-05 01:08:13,104.0,92.0,8.0,4.0
2021-08-05 01:08:14,111.0,101.0,5.0,5.0
2021-08-05 01:08:15,97.0,83.0,9.0,5.0
2021-08-05 01:08:16,98.0,90.0,4.0,4.0
2021-08-05 01:08:17,86.0,75.0,6.0,5.0
2021-08-05 01:08:18,96.0,81.0,13.0,2.0
2021-08-05 01:08:19,97.0,84.0,9.0,4.0
2021-08-05 01:08:20,116.0,106.0,8.0,2.0
2021-08-05 01:08:21,112.0,102.0,5.0,5.0
2021-08-05 01:08:22,98.0,92.0,3.0,3.0
2021-08-05 01:08:23,121.0,112.0,6.0,3.0
2021-08-05 01:08:24,104.0,89.0,7.0,8.0
2021-08-05 01:08:25,109.0,99.0,7.0,3.0
2021-08-05 01:08:26,105.0,94.0,9.0,2.0
2021-08-05 01:08:27,92.0,76.0,10.0,6.0
2021-08-05 01:08:28,114.0,105.0,4.0,5.0
2021-08-05 01:08:29,92.0,82.0,7.0,3.0
2021-08-05 01:08:30,97.0,90.0,4.0,3.0
2021-08-05 01:08:31,83.0,80.0,0.0,3.0
2021-08-05 01:08:32,101.0,87.0,8.0,6.0
2021-08-05 01:08:33,90.0,79.0,6.0,5.0
2021-08-05 01:08:34,95.0,90.0,3.0,2.0
2021-08-05 01:08:35,102.0,88.0,10.0,4.0
2021-08-05 01:08:36,98.0,90.0,5.0,3.0
2021-08-05 01:08:37,98.0,88.0,4.0,6.0
2021-08-05 01:08:38,100.0,90.0,3.0,7.0
2021-08-05 01:08:39,103.0,90.0,9.0,4.0
2021-08-05 01:08:40,103.0,89.0,6.0,8.0
2021-08-05 01:08:41,84.0,73.0,7.0,4.0
2021-08-05 01:08:42,102.0,87.0,8.0,7.0
2021-08-05 01:08:43,87.0,74.0,7.0,6.0
2021-08-05 01:08:44,110.0,102.0,6.0,2.0
2021-08-05 01:08:45,94.0,84.0,5.0,5.0
2021-08-05 01:08:46,133.0,118.0,10.0,5.0
2021-08-05 01:08:47,98.0,86.0,7.0,5.0
2021-08-05 01:08:48,106.0,93.0,9.0,4.0
2021-08-05 01:08:49,91.0,80.0,11.0,0.0
2021-08-05 01:08:50,108.0,95.0,9.0,4.0
2021-08-05 01:08:51,113.0,102.0,5.0,6.0
2021-08-05 01:08:52,116.0,100.0,11.0,5.0
2021-08-05 01:08:53,120.0,105.0,8.0,7.0
2021-08-05 01:08:54,103.0,94.0,6.0,3.0
2021-08-05 01:08:55,115.0,101.0,9.0,5.0
2021-08-05 01:08:56,97.0,91.0,5.0,1.0
2021-08-05 01:08:57,94.0,81.0,8.0,5.0
2021-08-05 01:08:58,100.0,93.0,3.0,4.0
2021-08-05 01:08:59,83.0,72.0,8.0,3.0
2021-08-05 01:09:00,93.0,82.0,4.0,7.0
2021-08-05 01:09:01,107.0,101.0,4.0,2.0
2021-08-05 01:09:02,73.0,65.0,6.0,2.0
2021-08-05 01:09:03,105.0,95.0,8.0,2.0
2021-08-05 01:09:04,90.0,76.0,9.0,5.0
2021-08-05 01:09:05,97.0,81.0,9.0,7.0
2021-08-05 01:09:06,111.0,99.0,7.0,5.0
2021-08-05 01:09:07,113.0,104.0,6.0,3.0
2021-08-05 01:09:08,83.0,74.0,6.0,3.0
2021-08-05 01:09:09,107.0,96.0,7.0,4.0
2021-08-05 01:09:10,96.0,83.0,6.0,7.0
2021-08-05 01:09:11,100.0,90.0,7.0,3.0
2021-08-05 01:09:12,91.0,84.0,5.0,2.0
2021-08-05 01:09:13,121.0,111.0,7.0,3.0
2021-08-05 01:09:14,91.0,81.0,7.0,3.0
2021-08-05 01:09:15,105.0,93.0,7.0,5.0
2021-08-05 01:09:16,93.0,80.0,5.0,8.0
2021-08-05 01:09:17,82.0,73.0,7.0,2.0
2021-08-05 01:09:18,99.0,88.0,4.0,7.0
2021-08-05 01:09:19,93.0,83.0,6.0,4.0
2021-08-05 01:09:20,92.0,82.0,6.0,4.0
2021-08-05 01:09:21,102.0,89.0,8.0,5.0
2021-08-05 01:09:22,114.0,99.0,9.0,6.0
2021-08-05 01:09:23,111.0,102.0,8.0,1.0
2021-08-05 01:09:24,104.0,94.0,6.0,4.0
2021-08-05 01:09:25,103.0,89.0,7.0,7.0
2021-08-05 01:09:26,92.0,87.0,2.0,3.0
2021-08-05 01:09:27,108.0,97.0,10.0,1.0
2021-08-05 01:09:28,100.0,94.0,1.0,5.0
2021-08-05 01:09:29,93.0,88.0,3.0,2.0
2021-08-05 01:09:30,109.0,93.0,11.0,5.0
2021-08-05 01:09:31,108.0,102.0,2.0,4.0
2021-08-05 01:09:32,90.0,81.0,1.0,8.0
2021-08-05 01:09:33,112.0,103.0,7.0,2.0
2021-08-05 01:09:34,104.0,93.0,7.0,4.0
2021-08-05 01:09:35,99.0,91.0,5.0,3.0
2021-08-05 01:09:36,92.0,87.0,4.0,1.0
2021-08-05 01:09:37,95.0,87.0,5.0,3.0
2021-08-05 01:09:38,88.0,75.0,5.0,8.0
2021-08-05 01:09:39,97.0,83.0,6.0,8.0
2021-08-05 01:09:40,89.0,76.0,7.0,6.0
2021-08-05 01:09:41,95.0,86.0,8.0,1.0
2021-08-05 01:09:42,87.0,74.0,8.0,5.0
2021-08-05 01:09:43,95.0,85.0,7.0,3.0
2021-08-05 01:09:44,85.0,77.0,3.0,5.0
2021-08-05 01:09:45,110.0,104.0,4.0,2.0
2021-08-05 01:09:46,101.0,92.0,7.0,2.0
2021-08-05 01:09:47,98.0,92.0,4.0,2.0
2021-08-05 01:09:48,91.0,85.0,6.0,0.0
2021-08-05 01:09:49,113.0,101.0,10.0,2.0
2021-08-05 01:09:50,100.0,88.0,6.0,6.0
2021-08-05 01:09:51,105.0,99.0,2.0,4.0
2021-08-05 01:09:52,120.0,110.0,4.0,6.0
2021-08-05 01:09:53,107.0,91.0,10.0,6.0
2021-08-05 01:09:54,96.0,87.0,6.0,3.0
2021-08-05 01:09:55,101.0,92.0,4.0,5.0
2021-08-05 01:09:56,111.0,100.0,7.0,4.0
2021-08-05 01:09:57,89.0,86.0,2.0,1.0
2021-08-05 01:09:58,105.0,91.0,3.0,11.0
2021-08-05 01:09:59,103.0,90.0,9.0,4.0
2021-08-05 01:10:00,94.0,81.0,8.0,5.0
2021-08-05 01:10:01,92.0,84.0,6.0,2.0
2021-08-05 01:10:02,109.0,98.0,6.0,5.0
2021-08-05 01:10:03,99.0,86.0,12.0,1.0
2021-08-05 01:10:04,103.0,83.0,10.0,10.0
2021-08-05 01:10:05,86.0,79.0,6.0,1.0
2021-08-05 01:10:06,91.0,84.0,4.0,3.0
2021-08-05 01:10:07,97.0,83.0,6.0,8.0
2021-08-05 01:10:08,105.0,86.0,13.0,6.0
2021-08-05 01:10:09,96.0,85.0,7.0,4.0
2021-08-05 01:10:10,99.0,87.0,4.0,8.0
2021-08-05 01:10:11,105.0,89.0,8.0,8.0
2021-08-05 01:10:12,87.0,75.0,8.0,4.0
2021-08-05 01:10:13,85.0,79.0,3.0,3.0
2021-08-05 01:10:14,105.0,99.0,3.0,3.0
2021-08-05 01:10:15,100.0,85.0,7.0,8.0
2021-08-05 01:10:16,102.0,95.0,5.0,2.0
2021-08-05 01:10:17,76.0,66.0,5.0,5.0
2021-08-05 01:10:18,100.0,90.0,5.0,5.0
2021-08-05 01:10:19,89.0,83.0,3.0,3.0
2021-08-05 01:10:20,109.0,94.0,10.0,5.0
2021-08-05 01:10:21,81.0,72.0,5.0,4.0
2021-08-05 01:10:22,120.0,108.0,6.0,6.0
2021-08-05 01:10:23,93.0,79.0,7.0,7.0
2021-08-05 01:10:24,99.0,87.0,5.0,7.0
2021-08-05 01:10:25,91.0,85.0,3.0,3.0
2021-08-05 01:10:26,92.0,81.0,7.0,4.0
2021-08-05 01:10:27,76.0,68.0,4.0,4.0
2021-08-05 01:10:28,104.0,95.0,6.0,3.0
2021-08-05 01:10:29,106.0,99.0,6.0,1.0
2021-08-05 01:10:30,87.0,79.0,6.0,2.0
2021-08-05 01:10:31,106.0,98.0,3.0,5.0
2021-08-05 01:10:32,86.0,77.0,6.0,3.0
2021-08-05 01:10:33,110.0,95.0,6.0,9.0
2021-08-05 01:10:34,97.0,81.0,12.0,4.0
2021-08-05 01:10:35,97.0,88.0,7.0,2.0
2021-08-05 01:10:36,100.0,85.0,8.0,7.0
2021-08-05 01:10:37,75.0,69.0,2.0,4.0
2021-08-05 01:10:38,98.0,87.0,8.0,3.0
2021-08-05 01:10:39,91.0,80.0,7.0,4.0
2021-08-05 01:10:40,91.0,80.0,3.0,8.0
2021-08-05 01:10:41,104.0,95.0,4.0,5.0
2021-08-05 01:10:42,78.0,69.0,4.0,5.0
2021-08-05 01:10:43,93.0,82.0,4.0,7.0
2021-08-05 01:10:44,108.0,101.0,3.0,4.0
2021-08-05 01:10:45,96.0,90.0,4.0,2.0
2021-08-05 01:10:46,104.0,91.0,9.0,4.0
2021-08-05 01:10:47,95.0,89.0,4.0,2.0
2021-08-05 01:10:48,100.0,86.0,9.0,5.0
2021-08-05 01:10:49,100.0,87.0,8.0,5.0
2021-08-05 01:10:50,121.0,114.0,2.0,5.0
2021-08-05 01:10:51,102.0,89.0,4.0,9.0
2021-08-05 01:10:52,85.0,79.0,4.0,2.0
2021-08-05 01:10:53,100.0,93.0,3.0,4.0
2021-08-05 01:10:54,101.0,93.0,5.0,3.0
2021-08-05 01:10:55,108.0,96.0,7.0,5.0
2021-08-05 01:10:56,99.0,87.0,9.0,3.0
2021-08-05 01:10:57,113.0,97.0,9.0,7.0
2021-08-05 01:10:58,106.0,97.0,5.0,4.0
2021-08-05 01:10:59,85.0,77.0,3.0,5.0
2021-08-05 01:11:00,102.0,91.0,6.0,5.0
2021-08-05 01:11:01,102.0,94.0,5.0,3.0
2021-08-05 01:11:02,92.0,78.0,8.0,6.0
2021-08-05 01:11:03,98.0,95.0,2.0,1.0
2021-08-05 01:11:04,108.0,97.0,7.0,4.0
2021-08-05 01:11:05,99.0,91.0,6.0,2.0
2021-08-05 01:11:06,96.0,87.0,2.0,7.0
2021-08-05 01:11:07,95.0,88.0,4.0,3.0
2021-08-05 01:11:08,93.0,84.0,8.0,1.0
2021-08-05 01:11:09,100.0,87.0,4.0,9.0
2021-08-05 01:11:10,91.0,78.0,6.0,7.0
2021-08-05 01:11:11,87.0,74.0,9.0,4.0
2021-08-05 01:11:12,84.0,79.0,3.0,2.0
2021-08-05 01:11:13,91.0,78.0,8.0,5.0
2021-08-05 01:11:14,89.0,82.0,4.0,3.0
2021-08-05 01:11:15,98.0,91.0,3.0,4.0
2021-08-05 01:11:16,110.0,102.0,2.0,6.0
2021-08-05 01:11:17,99.0,87.0,6.0,6.0
2021-08-05 01:11:18,91.0,83.0,1.0,7.0
2021-08-05 01:11:19,88.0,78.0,5.0,5.0
2021-08-05 01:11:20,95.0,87.0,7.0,1.0
2021-08-05 01:11:21,91.0,83.0,5.0,3.0
2021-08-05 01:11:22,100.0,92.0,3.0,5.0
2021-08-05 01:11:23,113.0,101.0,8.0,4.0
2021-08-05 01:11:24,113.0,101.0,7.0,5.0
2021-08-05 01:11:25,94.0,83.0,8.0,3.0
2021-08-05 01:11:26,84.0,71.0,9.0,4.0
2021-08-05 01:11:27,92.0,78.0,6.0,8.0
2021-08-05 01:11:28,92.0,83.0,7.0,2.0
2021-08-05 01:11:29,109.0,93.0,12.0,4.0
2021-08-05 01:11:30,100.0,82.0,6.0,12.0
2021-08-05 01:11:31,101.0,92.0,3.0,6.0
2021-08-05 01:11:32,100.0,88.0,9.0,3.0
2021-08-05 01:11:33,100.0,93.0,3.0,4.0
2021-08-05 01:11:34,95.0,88.0,3.0,4.0
2021-08-05 01:11:35,90.0,78.0,10.0,2.0
2021-08-05 01:11:36,115.0,103.0,5.0,7.0
2021-08-05 01:11:37,100.0,88.0,7.0,5.0
2021-08-05 01:11:38,95.0,84.0,6.0,5.0
2021-08-05 01:11:39,96.0,90.0,4.0,2.0
2021-08-05 01:11:40,97.0,84.0,7.0,6.0
2021-08-05 01:11:41,108.0,98.0,7.0,3.0
2021-08-05 01:11:42,98.0,88.0,5.0,5.0
2021-08-05 01:11:43,92.0,85.0,4.0,3.0
2021-08-05 01:11:44,107.0,96.0,8.0,3.0
2021-08-05 01:11:45,92.0,80.0,9.0,3.0
2021-08-05 01:11:46,119.0,114.0,4.0,1.0
2021-08-05 01:11:47,109.0,94.0,8.0,7.0
2021-08-05 01:11:48,98.0,90.0,5.0,3.0
2021-08-05 01:11:49,113.0,94.0,11.0,8.0
2021-08-05 01:11:50,86.0,73.0,12.0,1.0
2021-08-05 01:11:51,110.0,96.0,7.0,7.0
2021-08-05 01:11:52,106.0,93.0,7.0,6.0
2021-08-05 01:11:53,90.0,79.0,7.0,4.0
2021-08-05 01:11:54,103.0,93.0,5.0,5.0
2021-08-05 01:11:55,99.0,90.0,4.0,5.0
2021-08-05 01:11:56,115.0,101.0,11.0,3.0
2021-08-05 01:11:57,95.0,82.0,8.0,5.0
2021-08-05 01:11:58,97.0,85.0,6.0,6.0
2021-08-05 01:11:59,102.0,93.0,6.0,3.0
2021-08-05 01:12:00,93.0,85.0,2.0,6.0
2021-08-05 01:12:01,98.0,84.0,7.0,7.0
2021-08-05 01:12:02,93.0,81.0,7.0,5.0
2021-08-05 01:12:03,88.0,74.0,8.0,6.0
2021-08-05 01:12:04,85.0,79.0,4.0,2.0
2021-08-05 01:12:05,101.0,83.0,11.0,7.0
2021-08-05 01:12:06,92.0,84.0,6.0,2.0
2021-08-05 01:12:07,104.0,98.0,4.0,2.0
2021-08-05 01:12:08,105.0,90.0,10.0,5.0
2021-08-05 01:12:09,76.0,68.0,4.0,4.0
2021-08-05 01:12:10,109.0,101.0,4.0,4.0
2021-08-05 01:12:11,118.0,105.0,8.0,5.0
2021-08-05 01:12:12,94.0,78.0,9.0,7.0
2021-08-05 01:12:13,91.0,84.0,4.0,3.0
2021-08-05 01:12:14,82.0,75.0,5.0,2.0
2021-08-05 01:12:15,81.0,68.0,5.0,8.0
2021-08-05 01:12:16,106.0,94.0,9.0,3.0
2021-08-05 01:12:17,87.0,75.0,6.0,6.0
2021-08-05 01:12:18,112.0,98.0,8.0,6.0
2021-08-05 01:12:19,94.0,81.0,7.0,6.0
2021-08-05 01:12:20,97.0,91.0,3.0,3.0
2021-08-05 01:12:21,87.0,73.0,7.0,7.0
2021-08-05 01:12:22,104.0,92.0,7.0,5.0
2021-08-05 01:12:23,95.0,87.0,6.0,2.0
2021-08-05 01:12:24,105.0,87.0,10.0,8.0
2021-08-05 01:12:25,105.0,95.0,7.0,3.0
2021-08-05 01:12:26,98.0,86.0,7.0,5.0
2021-08-05 01:12:27,85.0,77.0,7.0,1.0
2021-08-05 01:12:28,104.0,94.0,6.0,4.0
2021-08-05 01:12:29,91.0,81.0,5.0,5.0
2021-08-05 01:12:30,103.0,87.0,9.0,7.0
2021-08-05 01:12:31,87.0,80.0,5.0,2.0
2021-08-05 01:12:32,97.0,91.0,2.0,4.0
2021-08-05 01:12:33,81.0,77.0,2.0,2.0
2021-08-05 01:12:34,89.0,81.0,5.0,3.0
2021-08-05 01:12:35,102.0,88.0,6.0,8.0
2021-08-05 01:12:36,105.0,95.0,5.0,5.0
2021-08-05 01:12:37,90.0,80.0,6.0,4.0
2021-08-05 01:12:38,100.0,87.0,8.0,5.0
2021-08-05 01:12:39,95.0,82.0,7.0,6.0
2021-08-05 01:12:40,87.0,81.0,3.0,3.0
2021-08-05 01:12:41,104.0,94.0,5.0,5.0
2021-08-05 01:12:42,95.0,85.0,4.0,6.0
2021-08-05 01:12:43,94.0,82.0,7.0,5.0
2021-08-05 01:12:44,97.0,87.0,8.0,2.0
2021-08-05 01:12:45,98.0,86.0,7.0,5.0
2021-08-05 01:12:46,95.0,82.0,6.0,7.0
2021-08-05 01:12:47,90.0,81.0,6.0,3.0
2021-08-05 01:12:48,83.0,72.0,6.0,5.0
2021-08-05 01:12:49,93.0,80.0,11.0,2.0
2021-08-05 01:12:50,92.0,83.0,5.0,4.0
2021-08-05 01:12:51,94.0,87.0,2.0,5.0
2021-08-05 01:12:52,84.0,79.0,3.0,2.0
2021-08-05 01:12:53,114.0,98.0,11.0,5.0
2021-08-05 01:12:54,106.0,92.0,7.0,7.0
2021-08-05 01:12:55,107.0,99.0,5.0,3.0
2021-08-05 01:12:56,111.0,103.0,5.0,3.0
2021-08-05 01:12:57,106.0,89.0,9.0,8.0
2021-08-05 01:12:58,104.0,93.0,6.0,5.0
2021-08-05 01:12:59,86.0,84.0,0.0,2.0
2021-08-05 01:13:00,101.0,92.0,7.0,2.0
2021-08-05 01:13:01,89.0,81.0,6.0,2.0
2021-08-05 01:13:02,111.0,99.0,6.0,6.0
2021-08-05 01:13:03,106.0,93.0,8.0,5.0
2021-08-05 01:13:04,82.0,73.0,5.0,4.0
2021-08-05 01:13:05,87.0,76.0,8.0,3.0
2021-08-05 01:13:06,105.0,96.0,7.0,2.0
2021-08-05 01:13:07,85.0,76.0,3.0,6.0
2021-08-05 01:13:08,85.0,77.0,6.0,2.0
2021-08-05 01:13:09,99.0,88.0,8.0,3.0
2021-08-05 01:13:10,100.0,93.0,4.0,3.0
2021-08-05 01:13:11,89.0,79.0,7.0,3.0
2021-08-05 01:13:12,100.0,91.0,4.0,5.0
2021-08-05 01:13:13,103.0,96.0,5.0,2.0
2021-08-05 01:13:14,89.0,79.0,7.0,3.0
2021-08-05 01:13:15,106.0,99.0,5.0,2.0
2021-08-05 01:13:16,111.0,103.0,6.0,2.0
2021-08-05 01:13:17,105.0,96.0,6.0,3.0
2021-08-05 01:13:18,102.0,93.0,5.0,4.0
2021-08-05 01:13:19,95.0,90.0,5.0,0.0
2021-08-05 01:13:20,93.0,83.0,4.0,6.0
2021-08-05 01:13:21,98.0,84.0,10.0,4.0
2021-08-05 01:13:22,96.0,87.0,3.0,6.0
2021-08-05 01:13:23,96.0,84.0,7.0,5.0
2021-08-05 01:13:24,102.0,92.0,5.0,5.0
2021-08-05 01:13:25,101.0,90.0,7.0,4.0
2021-08-05 01:13:26,93.0,87.0,5.0,1.0
2021-08-05 01:13:27,93.0,77.0,9.0,7.0
2021-08-05 01:13:28,82.0,74.0,6.0,2.0
2021-08-05 01:13:29,91.0,80.0,5.0,6.0
2021-08-05 01:13:30,90.0,74.0,10.0,6.0
2021-08-05 01:13:31,87.0,78.0,4.0,5.0
2021-08-05 01:13:32,87.0,79.0,4.0,4.0
2021-08-05 01:13:33,99.0,88.0,2.0,9.0
2021-08-05 01:13:34,89.0,81.0,6.0,2.0
2021-08-05 01:13:35,97.0,87.0,3.0,7.0
2021-08-05 01:13:36,104.0,90.0,5.0,9.0
2021-08-05 01:13:37,90.0,80.0,7.0,3.0
2021-08-05 01:13:38,96.0,83.0,10.0,3.0
2021-08-05 01:13:39,107.0,94.0,9.0,4.0
2021-08-05 01:13:40,93.0,84.0,8.0,1.0
2021-08-05 01:13:41,97.0,90.0,6.0,1.0
2021-08-05 01:13:42,102.0,87.0,5.0,10.0
2021-08-05 01:13:43,106.0,92.0,7.0,7.0
2021-08-05 01:13:44,100.0,87.0,8.0,5.0
2021-08-05 01:13:45,124.0,116.0,5.0,3.0
2021-08-05 01:13:46,87.0,74.0,8.0,5.0
2021-08-05 01:13:47,90.0,78.0,5.0,7.0
2021-08-05 01:13:48,95.0,87.0,6.0,2.0
2021-08-05 01:13:49,118.0,107.0,3.0,8.0
2021-08-05 01:13:50,111.0,97.0,8.0,6.0
2021-08-05 01:13:51,110.0,92.0,12.0,6.0
2021-08-05 01:13:52,99.0,90.0,4.0,5.0
2021-08-05 01:13:53,90.0,81.0,6.0,3.0
2021-08-05 01:13:54,98.0,85.0,11.0,2.0
2021-08-05 01:13:55,97.0,86.0,5.0,6.0
2021-08-05 01:13:56,84.0,68.0,8.0,8.0
2021-08-05 01:13:57,103.0,90.0,8.0,5.0
2021-08-05 01:13:58,114.0,91.0,11.0,12.0
2021-08-05 01:13:59,110.0,103.0,3.0,4.0
2021-08-05 01:14:00,93.0,80.0,9.0,4.0
2021-08-05 01:14:01,85.0,76.0,1.0,8.0
2021-08-05 01:14:02,91.0,81.0,5.0,5.0
2021-08-05 01:14:03,105.0,89.0,8.0,8.0
2021-08-05 01:14:04,100.0,82.0,9.0,9.0
2021-08-05 01:14:05,83.0,74.0,6.0,3.0
2021-08-05 01:14:06,105.0,89.0,10.0,6.0
2021-08-05 01:14:07,86.0,75.0,7.0,4.0
2021-08-05 01:14:08,95.0,91.0,3.0,1.0
2021-08-05 01:14:09,98.0,90.0,6.0,2.0
2021-08-05 01:14:10,104.0,95.0,5.0,4.0
2021-08-05 01:14:11,83.0,77.0,4.0,2.0
2021-08-05 01:14:12,103.0,95.0,7.0,1.0
2021-08-05 01:14:13,95.0,78.0,7.0,10.0
2021-08-05 01:14:14,99.0,89.0,5.0,5.0
2021-08-05 01:14:15,101.0,90.0,10.0,1.0
2021-08-05 01:14:16,99.0,87.0,7.0,5.0
2021-08-05 01:14:17,105.0,94.0,7.0,4.0
2021-08-05 01:14:18,85.0,72.0,9.0,4.0
2021-08-05 01:14:19,83.0,73.0,6.0,4.0
2021-08-05 01:14:20,98.0,84.0,9.0,5.0
2021-08-05 01:14:21,84.0,72.0,8.0,4.0
2021-08-05 01:14:22,99.0,86.0,5.0,8.0
2021-08-05 01:14:23,97.0,89.0,5.0,3.0
2021-08-05 01:14:24,127.0,111.0,10.0,6.0
2021-08-05 01:14:25,93.0,84.0,6.0,3.0
2021-08-05 01:14:26,119.0,107.0,8.0,4.0
2021-08-05 01:14:27,99.0,89.0,5.0,5.0
2021-08-05 01:14:28,99.0,89.0,6.0,4.0
2021-08-05 01:14:29,95.0,79.0,9.0,7.0
2021-08-05 01:14:30,100.0,90.0,6.0,4.0
2021-08-05 01:14:31,93.0,84.0,8.0,1.0
2021-08-05 01:14:32,102.0,86.0,8.0,8.0
2021-08-05 01:14:33,94.0,83.0,7.0,4.0
2021-08-05 01:14:34,83.0,75.0,5.0,3.0
2021-08-05 01:14:35,101.0,96.0,2.0,3.0
2021-08-05 01:14:36,83.0,74.0,6.0,3.0
2021-08-05 01:14:37,87.0,78.0,8.0,1.0
2021-08-05 01:14:38,90.0,80.0,6.0,4.0
2021-08-05 01:14:39,111.0,102.0,5.0,4.0
2021-08-05 01:14:40,118.0,104.0,7.0,7.0
2021-08-05 01:14:41,93.0,86.0,5.0,2.0
2021-08-05 01:14:42,96.0,87.0,4.0,5.0
2021-08-05 01:14:43,103.0,95.0,4.0,4.0
2021-08-05 01:14:44,90.0,81.0,5.0,4.0
2021-08-05 01:14:45,102.0,93.0,5.0,4.0
2021-08-05 01:14:46,110.0,99.0,6.0,5.0
2021-08-05 01:14:47,101.0,92.0,7.0,2.0
2021-08-05 01:14:48,97.0,92.0,3.0,2.0
2021-08-05 01:14:49,105.0,91.0,5.0,9.0
2021-08-05 01:14:50,93.0,88.0,4.0,1.0
2021-08-05 01:14:51,106.0,91.0,8.0,7.0
2021-08-05 01:14:52,128.0,120.0,1.0,7.0
2021-08-05 01:14:53,104.0,94.0,6.0,4.0
2021-08-05 01:14:54,91.0,81.0,8.0,2.0
2021-08-05 01:14:55,97.0,80.0,11.0,6.0
2021-08-05 01:14:56,100.0,88.0,9.0,3.0
2021-08-05 01:14:57,97.0,93.0,3.0,1.0
2021-08-05 01:14:58,91.0,80.0,9.0,2.0
2021-08-05 01:14:59,89.0,77.0,9.0,3.0
2021-08-05 01:15:00,80.0,69.0,6.0,5.0
2021-08-05 01:15:01,115.0,102.0,12.0,1.0
2021-08-05 01:15:02,79.0,70.0,6.0,3.0
2021-08-05 01:15:03,94.0,87.0,6.0,1.0
2021-08-05 01:15:04,111.0,94.0,11.0,6.0
2021-08-05 01:15:05,102.0,90.0,7.0,5.0
2021-08-05 01:15:06,84.0,77.0,6.0,1.0
2021-08-05 01:15:07,90.0,85.0,3.0,2.0
2021-08-05 01:15:08,98.0,90.0,6.0,2.0
2021-08-05 01:15:09,122.0,104.0,11.0,7.0
2021-08-05 01:15:10,92.0,78.0,8.0,6.0
2021-08-05 01:15:11,97.0,84.0,8.0,5.0
2021-08-05 01:15:12,89.0,78.0,6.0,5.0
2021-08-05 01:15:13,112.0,95.0,12.0,5.0
2021-08-05 01:15:14,110.0,95.0,9.0,6.0
2021-08-05 01:15:15,92.0,83.0,4.0,5.0
2021-08-05 01:15:16,94.0,83.0,9.0,2.0
2021-08-05 01:15:17,113.0,99.0,7.0,7.0
2021-08-05 01:15:18,88.0,75.0,8.0,5.0
2021-08-05 01:15:19,100.0,89.0,7.0,4.0
2021-08-05 01:15:20,94.0,81.0,9.0,4.0
2021-08-05 01:15:21,98.0,82.0,7.0,9.0
2021-08-05 01:15:22,86.0,81.0,4.0,1.0
2021-08-05 01:15:23,108.0,101.0,5.0,2.0
2021-08-05 01:15:24,103.0,91.0,9.0,3.0
2021-08-05 01:15:25,117.0,110.0,5.0,2.0
2021-08-05 01:15:26,90.0,78.0,7.0,5.0
2021-08-05 01:15:27,93.0,83.0,4.0,6.0
2021-08-05 01:15:28,91.0,80.0,6.0,5.0
2021-08-05 01:15:29,89.0,84.0,2.0,3.0
2021-08-05 01:15:30,101.0,94.0,5.0,2.0
2021-08-05 01:15:31,85.0,80.0,2.0,3.0
2021-08-05 01:15:32,94.0,86.0,3.0,5.0
2021-08-05 01:15:33,86.0,77.0,5.0,4.0
2021-08-05 01:15:34,87.0,76.0,4.0,7.0
2021-08-05 01:15:35,98.0,81.0,11.0,6.0
2021-08-05 01:15:36,85.0,77.0,6.0,2.0
2021-08-05 01:15:37,104.0,94.0,6.0,4.0
2021-08-05 01:15:38,97.0,88.0,4.0,5.0
2021-08-05 01:15:39,97.0,84.0,5.0,8.0
2021-08-05 01:15:40,113.0,104.0,9.0,0.0
2021-08-05 01:15:41,96.0,79.0,11.0,6.0
2021-08-05 01:15:42,87.0,78.0,6.0,3.0
2021-08-05 01:15:43,102.0,86.0,10.0,6.0
2021-08-05 01:15:44,97.0,89.0,4.0,4.0
2021-08-05 01:15:45,86.0,78.0,5.0,3.0
2021-08-05 01:15:46,118.0,104.0,5.0,9.0
2021-08-05 01:15:47,119.0,104.0,11.0,4.0
2021-08-05 01:15:48,91.0,83.0,6.0,2.0
2021-08-05 01:15:49,85.0,74.0,7.0,4.0
2021-08-05 01:15:50,77.0,73.0,2.0,2.0
2021-08-05 01:15:51,90.0,84.0,4.0,2.0
2021-08-05 01:15:52,81.0,71.0,8.0,2.0
2021-08-05 01:15:53,96.0,84.0,7.0,5.0
2021-08-05 01:15:54,101.0,91.0,4.0,6.0
2021-08-05 01:15:55,91.0,77.0,6.0,8.0
2021-08-05 01:15:56,97.0,87.0,7.0,3.0
2021-08-05 01:15:57,95.0,82.0,6.0,7.0
2021-08-05 01:15:58,90.0,82.0,4.0,4.0
2021-08-05 01:15:59,88.0,80.0,6.0,2.0
2021-08-05 01:16:00,104.0,89.0,9.0,6.0
2021-08-05 01:16:01,92.0,80.0,10.0,2.0
2021-08-05 01:16:02,99.0,87.0,7.0,5.0
2021-08-05 01:16:03,92.0,81.0,7.0,4.0
2021-08-05 01:16:04,93.0,78.0,8.0,7.0
2021-08-05 01:16:05,104.0,96.0,1.0,7.0
2021-08-05 01:16:06,106.0,91.0,10.0,5.0
2021-08-05 01:16:07,98.0,92.0,3.0,3.0
2021-08-05 01:16:08,86.0,73.0,9.0,4.0
2021-08-05 01:16:09,97.0,92.0,3.0,2.0
2021-08-05 01:16:10,93.0,85.0,4.0,4.0
2021-08-05 01:16:11,107.0,97.0,7.0,3.0
2021-08-05 01:16:12,100.0,87.0,8.0,5.0
2021-08-05 01:16:13,98.0,78.0,9.0,11.0
2021-08-05 01:16:14,104.0,97.0,4.0,3.0
2021-08-05 01:16:15,102.0,93.0,5.0,4.0
2021-08-05 01:16:16,105.0,94.0,6.0,5.0
2021-08-05 01:16:17,85.0,75.0,8.0,2.0
2021-08-05 01:16:18,113.0,100.0,7.0,6.0
2021-08-05 01:16:19,102.0,86.0,9.0,7.0
2021-08-05 01:16:20,104.0,90.0,10.0,4.0
2021-08-05 01:16:21,92.0,80.0,10.0,2.0
2021-08-05 01:16:22,83.0,71.0,9.0,3.0
2021-08-05 01:16:23,108.0,98.0,4.0,6.0
2021-08-05 01:16:24,90.0,82.0,3.0,5.0
2021-08-05 01:16:25,103.0,92.0,9.0,2.0
2021-08-05 01:16:26,103.0,93.0,7.0,3.0
2021-08-05 01:16:27,100.0,93.0,7.0,0.0
2021-08-05 01:16:28,91.0,78.0,7.0,6.0
2021-08-05 01:16:29,85.0,77.0,5.0,3.0
2021-08-05 01:16:30,97.0,88.0,4.0,5.0
2021-08-05 01:16:31,101.0,90.0,8.0,3.0
2021-08-05 01:16:32,101.0,89.0,8.0,4.0
2021-08-05 01:16:33,89.0,81.0,5.0,3.0
2021-08-05 01:16:34,91.0,80.0,10.0,1.0
2021-08-05 01:16:35,107.0,95.0,5.0,7.0
2021-08-05 01:16:36,87.0,80.0,5.0,2.0
2021-08-05 01:16:37,94.0,88.0,5.0,1.0
2021-08-05 01:16:38,95.0,89.0,3.0,3.0
2021-08-05 01:16:39,105.0,89.0,8.0,8.0
2021-08-05 01:16:40,84.0,76.0,3.0,5.0
2021-08-05 01:16:41,101.0,89.0,6.0,6.0
2021-08-05 01:16:42,71.0,61.0,5.0,5.0
2021-08-05 01:16:43,100.0,91.0,3.0,6.0
2021-08-05 01:16:44,100.0,89.0,7.0,4.0
2021-08-05 01:16:45,89.0,80.0,7.0,2.0
2021-08-05 01:16:46,95.0,89.0,5.0,1.0
2021-08-05 01:16:47,112.0,102.0,8.0,2.0
2021-08-05 01:16:48,101.0,94.0,6.0,1.0
2021-08-05 01:16:49,86.0,81.0,2.0,3.0
2021-08-05 01:16:50,107.0,88.0,10.0,9.0
2021-08-05 01:16:51,84.0,78.0,6.0,0.0
2021-08-05 01:16:52,97.0,85.0,10.0,2.0
2021-08-05 01:16:53,92.0,88.0,2.0,2.0
2021-08-05 01:16:54,84.0,75.0,4.0,5.0
2021-08-05 01:16:55,99.0,93.0,1.0,5.0
2021-08-05 01:16:56,113.0,104.0,8.0,1.0
2021-08-05 01:16:57,85.0,78.0,3.0,4.0
2021-08-05 01:16:58,102.0,91.0,7.0,4.0
2021-08-05 01:16:59,104.0,97.0,3.0,4.0
2021-08-05 01:17:00,85.0,76.0,5.0,4.0
2021-08-05 01:17:01,92.0,84.0,5.0,3.0
2021-08-05 01:17:02,96.0,82.0,6.0,8.0
2021-08-05 01:17:03,82.0,73.0,5.0,4.0
2021-08-05 01:17:04,78.0,68.0,6.0,4.0
2021-08-05 01:17:05,91.0,80.0,6.0,5.0
2021-08-05 01:17:06,119.0,107.0,10.0,2.0
2021-08-05 01:17:07,98.0,88.0,7.0,3.0
2021-08-05 01:17:08,103.0,95.0,3.0,5.0
2021-08-05 01:17:09,93.0,86.0,6.0,1.0
2021-08-05 01:17:10,97.0,81.0,10.0,6.0
2021-08-05 01:17:11,84.0,72.0,8.0,4.0
2021-08-05 01:17:12,96.0,86.0,5.0,5.0
2021-08-05 01:17:13,101.0,90.0,4.0,7.0
2021-08-05 01:17:14,100.0,85.0,12.0,3.0
2021-08-05 01:17:15,89.0,80.0,4.0,5.0
2021-08-05 01:17:16,100.0,92.0,5.0,3.0
2021-08-05 01:17:17,89.0,83.0,3.0,3.0
2021-08-05 01:17:18,100.0,91.0,6.0,3.0
2021-08-05 01:17:19,104.0,92.0,7.0,5.0
2021-08-05 01:17:20,115.0,104.0,7.0,4.0
2021-08-05 01:17:21,91.0,75.0,8.0,8.0
2021-08-05 01:17:22,86.0,75.0,9.0,2.0
2021-08-05 01:17:23,74.0,71.0,3.0,0.0
2021-08-05 01:17:24,97.0,88.0,2.0,7.0
2021-08-05 01:17:25,96.0,84.0,6.0,6.0
2021-08-05 01:17:26,97.0,85.0,9.0,3.0
2021-08-05 01:17:27,85.0,77.0,6.0,2.0
2021-08-05 01:17:28,94.0,85.0,5.0,4.0
2021-08-05 01:17:29,113.0,99.0,10.0,4.0
2021-08-05 01:17:30,76.0,68.0,4.0,4.0
2021-08-05 01:17:31,105.0,95.0,7.0,3.0
2021-08-05 01:17:32,94.0,91.0,1.0,2.0
2021-08-05 01:17:33,109.0,94.0,12.0,3.0
2021-08-05 01:17:34,102.0,90.0,5.0,7.0
2021-08-05 01:17:35,108.0,95.0,6.0,7.0
2021-08-05 01:17:36,92.0,81.0,7.0,4.0
2021-08-05 01:17:37,82.0,69.0,9.0,4.0
2021-08-05 01:17:38,108.0,90.0,13.0,5.0
2021-08-05 01:17:39,95.0,81.0,11.0,3.0
2021-08-05 01:17:40,91.0,78.0,10.0,3.0
2021-08-05 01:17:41,98.0,86.0,6.0,6.0
2021-08-05 01:17:42,90.0,80.0,5.0,5.0
2021-08-05 01:17:43,89.0,73.0,10.0,6.0
2021-08-05 01:17:44,96.0,83.0,7.0,6.0
2021-08-05 01:17:45,89.0,76.0,5.0,8.0
2021-08-05 01:17:46,101.0,93.0,3.0,5.0
2021-08-05 01:17:47,88.0,73.0,8.0,7.0
2021-08-05 01:17:48,100.0,87.0,4.0,9.0
2021-08-05 01:17:49,101.0,94.0,3.0,4.0
2021-08-05 01:17:50,97.0,86.0,7.0,4.0
2021-08-05 01:17:51,96.0,86.0,5.0,5.0
2021-08-05 01:17:52,96.0,82.0,11.0,3.0
2021-08-05 01:17:53,85.0,76.0,6.0,3.0
2021-08-05 01:17:54,108.0,95.0,9.0,4.0
2021-08-05 01:17:55,100.0,91.0,4.0,5.0
2021-08-05 01:17:56,103.0,83.0,10.0,10.0
2021-08-05 01:17:57,92.0,85.0,4.0,3.0
2021-08-05 01:17:58,93.0,80.0,8.0,5.0
2021-08-05 01:17:59,106.0,90.0,11.0,5.0
2021-08-05 01:18:00,117.0,98.0,11.0,8.0
2021-08-05 01:18:01,118.0,113.0,5.0,0.0
2021-08-05 01:18:02,95.0,89.0,2.0,4.0
2021-08-05 01:18:03,86.0,76.0,6.0,4.0
2021-08-05 01:18:04,89.0,78.0,8.0,3.0
2021-08-05 01:18:05,106.0,92.0,7.0,7.0
2021-08-05 01:18:06,99.0,89.0,9.0,1.0
2021-08-05 01:18:07,81.0,74.0,4.0,3.0
2021-08-05 01:18:08,116.0,109.0,4.0,3.0
2021-08-05 01:18:09,81.0,72.0,7.0,2.0
2021-08-05 01:18:10,96.0,86.0,5.0,5.0
2021-08-05 01:18:11,104.0,94.0,6.0,4.0
2021-08-05 01:18:12,86.0,74.0,4.0,8.0
2021-08-05 01:18:13,97.0,87.0,6.0,4.0
2021-08-05 01:18:14,84.0,70.0,8.0,6.0
2021-08-05 01:18:15,93.0,87.0,5.0,1.0
2021-08-05 01:18:16,97.0,86.0,7.0,4.0
2021-08-05 01:18:17,102.0,94.0,7.0,1.0
2021-08-05 01:18:18,97.0,83.0,6.0,8.0
2021-08-05 01:18:19,107.0,98.0,5.0,4.0
2021-08-05 01:18:20,89.0,81.0,5.0,3.0
2021-08-05 01:18:21,92.0,82.0,5.0,5.0
2021-08-05 01:18:22,89.0,77.0,9.0,3.0
2021-08-05 01:18:23,94.0,85.0,7.0,2.0
2021-08-05 01:18:24,103.0,95.0,4.0,4.0
2021-08-05 01:18:25,78.0,73.0,4.0,1.0
2021-08-05 01:18:26,102.0,95.0,3.0,4.0
2021-08-05 01:18:27,100.0,91.0,7.0,2.0
2021-08-05 01:18:28,85.0,82.0,2.0,1.0
2021-08-05 01:18:29,102.0,85.0,10.0,7.0
2021-08-05 01:18:30,104.0,96.0,6.0,2.0
2021-08-05 01:18:31,90.0,75.0,10.0,5.0
2021-08-05 01:18:32,108.0,93.0,10.0,5.0
2021-08-05 01:18:33,97.0,82.0,8.0,7.0
2021-08-05 01:18:34,87.0,83.0,3.0,1.0
2021-08-05 01:18:35,109.0,91.0,8.0,10.0
2021-08-05 01:18:36,91.0,78.0,10.0,3.0
2021-08-05 01:18:37,102.0,92.0,5.0,5.0
2021-08-05 01:18:38,96.0,85.0,7.0,4.0
2021-08-05 01:18:39,107.0,95.0,7.0,5.0
2021-08-05 01:18:40,105.0,92.0,7.0,6.0
2021-08-05 01:18:41,81.0,76.0,1.0,4.0
2021-08-05 01:18:42,92.0,81.0,5.0,6.0
2021-08-05 01:18:43,87.0,79.0,5.0,3.0
2021-08-05 01:18:44,88.0,77.0,6.0,5.0
2021-08-05 01:18:45,91.0,85.0,3.0,3.0
2021-08-05 01:18:46,102.0,91.0,7.0,4.0
2021-08-05 01:18:47,89.0,76.0,7.0,6.0
2021-08-05 01:18:48,82.0,67.0,10.0,5.0
2021-08-05 01:18:49,89.0,77.0,8.0,4.0
2021-08-05 01:18:50,111.0,95.0,10.0,6.0
2021-08-05 01:18:51,92.0,83.0,4.0,5.0
2021-08-05 01:18:52,76.0,70.0,6.0,0.0
2021-08-05 01:18:53,89.0,81.0,5.0,3.0
2021-08-05 01:18:54,99.0,87.0,9.0,3.0
2021-08-05 01:18:55,115.0,99.0,8.0,8.0
2021-08-05 01:18:56,103.0,90.0,7.0,6.0
2021-08-05 01:18:57,87.0,79.0,6.0,2.0
2021-08-05 01:18:58,79.0,70.0,5.0,4.0
2021-08-05 01:18:59,101.0,83.0,13.0,5.0
2021-08-05 01:19:00,92.0,85.0,3.0,4.0
2021-08-05 01:19:01,119.0,106.0,7.0,6.0
2021-08-05 01:19:02,83.0,70.0,6.0,7.0
2021-08-05 01:19:03,96.0,85.0,8.0,3.0
2021-08-05 01:19:04,89.0,83.0,4.0,2.0
2021-08-05 01:19:05,101.0,88.0,8.0,5.0
2021-08-05 01:19:06,96.0,82.0,11.0,3.0
2021-08-05 01:19:07,81.0,68.0,10.0,3.0
2021-08-05 01:19:08,106.0,92.0,8.0,6.0
2021-08-05 01:19:09,98.0,88.0,5.0,5.0
2021-08-05 01:19:10,99.0,90.0,7.0,2.0
2021-08-05 01:19:11,91.0,84.0,3.0,4.0
2021-08-05 01:19:12,106.0,90.0,12.0,4.0
2021-08-05 01:19:13,99.0,87.0,5.0,7.0
2021-08-05 01:19:14,112.0,96.0,13.0,3.0
2021-08-05 01:19:15,98.0,86.0,7.0,5.0
2021-08-05 01:19:16,96.0,88.0,2.0,6.0
2021-08-05 01:19:17,102.0,83.0,10.0,9.0
2021-08-05 01:19:18,92.0,81.0,4.0,7.0
2021-08-05 01:19:19,90.0,83.0,4.0,3.0
2021-08-05 01:19:20,98.0,90.0,4.0,4.0
2021-08-05 01:19:21,83.0,75.0,7.0,1.0
2021-08-05 01:19:22,106.0,96.0,5.0,5.0
2021-08-05 01:19:23,114.0,100.0,7.0,7.0
2021-08-05 01:19:24,90.0,81.0,4.0,5.0
2021-08-05 01:19:25,104.0,90.0,10.0,4.0
2021-08-05 01:19:26,93.0,83.0,8.0,2.0
2021-08-05 01:19:27,95.0,90.0,1.0,4.0
2021-08-05 01:19:28,100.0,90.0,1.0,9.0
2021-08-05 01:19:29,94.0,78.0,10.0,6.0
2021-08-05 01:19:30,82.0,71.0,8.0,3.0
2021-08-05 01:19:31,85.0,74.0,8.0,3.0
2021-08-05 01:19:32,89.0,81.0,4.0,4.0
2021-08-05 01:19:33,98.0,83.0,7.0,8.0
2021-08-05 01:19:34,90.0,83.0,4.0,3.0
2021-08-05 01:19:35,106.0,92.0,8.0,6.0
2021-08-05 01:19:36,97.0,89.0,7.0,1.0
2021-08-05 01:19:37,96.0,87.0,8.0,1.0
2021-08-05 01:19:38,78.0,70.0,5.0,3.0
2021-08-05 01:19:39,104.0,88.0,6.0,10.0
2021-08-05 01:19:40,90.0,86.0,2.0,2.0
2021-08-05 01:19:41,95.0,87.0,5.0,3.0
2021-08-05 01:19:42,79.0,68.0,5.0,6.0
2021-08-05 01:19:43,98.0,85.0,6.0,7.0
2021-08-05 01:19:44,92.0,81.0,6.0,5.0
2021-08-05 01:19:45,101.0,88.0,6.0,7.0
2021-08-05 01:19:46,106.0,89.0,8.0,9.0
2021-08-05 01:19:47,104.0,90.0,8.0,6.0
2021-08-05 01:19:48,83.0,75.0,5.0,3.0
2021-08-05 01:19:49,96.0,89.0,5.0,2.0
2021-08-05 01:19:50,106.0,94.0,10.0,2.0
2021-08-05 01:19:51,108.0,97.0,5.0,6.0
2021-08-05 01:19:52,94.0,84.0,6.0,4.0
2021-08-05 01:19:53,101.0,89.0,6.0,6.0
2021-08-05 01:19:54,80.0,71.0,5.0,4.0
2021-08-05 01:19:55,98.0,91.0,4.0,3.0
2021-08-05 01:19:56,92.0,81.0,8.0,3.0
2021-08-05 01:19:57,75.0,67.0,3.0,5.0
2021-08-05 01:19:58,97.0,93.0,2.0,2.0
2021-08-05 01:19:59,100.0,93.0,5.0,2.0
2021-08-05 01:20:00,86.0,73.0,10.0,3.0
2021-08-05 01:20:01,101.0,89.0,9.0,3.0
2021-08-05 01:20:02,97.0,83.0,4.0,10.0
2021-08-05 01:20:03,98.0,88.0,5.0,5.0
2021-08-05 01:20:04,104.0,89.0,13.0,2.0
2021-08-05 01:20:05,111.0,105.0,4.0,2.0
2021-08-05 01:20:06,98.0,87.0,5.0,6.0
2021-08-05 01:20:07,113.0,102.0,8.0,3.0
2021-08-05 01:20:08,90.0,81.0,4.0,5.0
2021-08-05 01:20:09,89.0,75.0,10.0,4.0
2021-08-05 01:20:10,101.0,90.0,8.0,3.0
2021-08-05 01:20:11,90.0,83.0,4.0,3.0
2021-08-05 01:20:12,103.0,95.0,4.0,4.0
2021-08-05 01:20:13,94.0,84.0,6.0,4.0
2021-08-05 01:20:14,86.0,83.0,2.0,1.0
2021-08-05 01:20:15,94.0,84.0,6.0,4.0
2021-08-05 01:20:16,96.0,85.0,5.0,6.0
2021-08-05 01:20:17,97.0,85.0,8.0,4.0
2021-08-05 01:20:18,100.0,81.0,13.0,6.0
2021-08-05 01:20:19,90.0,79.0,7.0,4.0
2021-08-05 01:20:20,90.0,82.0,4.0,4.0
2021-08-05 01:20:21,110.0,96.0,10.0,4.0
2021-08-05 01:20:22,102.0,93.0,8.0,1.0
2021-08-05 01:20:23,107.0,100.0,3.0,4.0
2021-08-05 01:20:24,96.0,84.0,7.0,5.0
2021-08-05 01:20:25,105.0,88.0,10.0,7.0
2021-08-05 01:20:26,86.0,82.0,3.0,1.0
2021-08-05 01:20:27,97.0,89.0,7.0,1.0
2021-08-05 01:20:28,125.0,105.0,14.0,6.0
2021-08-05 01:20:29,91.0,82.0,6.0,3.0
2021-08-05 01:20:30,97.0,84.0,4.0,9.0
2021-08-05 01:20:31,83.0,71.0,10.0,2.0
2021-08-05 01:20:32,82.0,73.0,7.0,2.0
2021-08-05 01:20:33,90.0,80.0,5.0,5.0
2021-08-05 01:20:34,111.0,94.0,9.0,8.0
2021-08-05 01:20:35,97.0,91.0,3.0,3.0
2021-08-05 01:20:36,95.0,80.0,10.0,5.0
2021-08-05 01:20:37,90.0,75.0,8.0,7.0
2021-08-05 01:20:38,90.0,73.0,8.0,9.0
2021-08-05 01:20:39,81.0,73.0,6.0,2.0
2021-08-05 01:20:40,91.0,81.0,5.0,5.0
2021-08-05 01:20:41,110.0,93.0,11.0,6.0
2021-08-05 01:20:42,98.0,86.0,11.0,1.0
2021-08-05 01:20:43,102.0,88.0,3.0,11.0
2021-08-05 01:20:44,88.0,80.0,4.0,4.0
2021-08-05 01:20:45,113.0,100.0,8.0,5.0
2021-08-05 01:20:46,115.0,107.0,4.0,4.0
2021-08-05 01:20:47,112.0,102.0,3.0,7.0
2021-08-05 01:20:48,110.0,101.0,8.0,1.0
2021-08-05 01:20:49,96.0,82.0,8.0,6.0
2021-08-05 01:20:50,99.0,86.0,10.0,3.0
2021-08-05 01:20:51,82.0,74.0,6.0,2.0
2021-08-05 01:20:52,111.0,99.0,7.0,5.0
2021-08-05 01:20:53,114.0,102.0,7.0,5.0
2021-08-05 01:20:54,99.0,90.0,4.0,5.0
2021-08-05 01:20:55,105.0,95.0,5.0,5.0
2021-08-05 01:20:56,71.0,64.0,3.0,4.0
2021-08-05 01:20:57,99.0,87.0,7.0,5.0
2021-08-05 01:20:58,117.0,103.0,11.0,3.0
2021-08-05 01:20:59,99.0,91.0,3.0,5.0
2021-08-05 01:21:00,89.0,83.0,4.0,2.0
2021-08-05 01:21:01,103.0,94.0,6.0,3.0
2021-08-05 01:21:02,110.0,97.0,9.0,4.0
2021-08-05 01:21:03,88.0,75.0,8.0,5.0
2021-08-05 01:21:04,81.0,72.0,9.0,0.0
2021-08-05 01:21:05,84.0,79.0,3.0,2.0
2021-08-05 01:21:06,97.0,88.0,6.0,3.0
2021-08-05 01:21:07,80.0,71.0,4.0,5.0
2021-08-05 01:21:08,100.0,90.0,9.0,1.0
2021-08-05 01:21:09,92.0,84.0,5.0,3.0
2021-08-05 01:21:10,107.0,93.0,8.0,6.0
2021-08-05 01:21:11,84.0,76.0,4.0,4.0
2021-08-05 01:21:12,103.0,88.0,10.0,5.0
2021-08-05 01:21:13,94.0,83.0,8.0,3.0
2021-08-05 01:21:14,96.0,83.0,7.0,6.0
2021-08-05 01:21:15,93.0,85.0,5.0,3.0
2021-08-05 01:21:16,103.0,88.0,9.0,6.0
2021-08-05 01:21:17,111.0,97.0,10.0,4.0
2021-08-05 01:21:18,96.0,87.0,5.0,4.0
2021-08-05 01:21:19,108.0,101.0,4.0,3.0
2021-08-05 01:21:20,98.0,87.0,6.0,5.0
2021-08-05 01:21:21,99.0,92.0,3.0,4.0
2021-08-05 01:21:22,97.0,84.0,7.0,6.0
2021-08-05 01:21:23,93.0,86.0,4.0,3.0
2021-08-05 01:21:24,81.0,73.0,2.0,6.0
2021-08-05 01:21:25,96.0,88.0,4.0,4.0
2021-08-05 01:21:26,89.0,80.0,7.0,2.0
2021-08-05 01:21:27,101.0,89.0,7.0,5.0
2021-08-05 01:21:28,98.0,85.0,11.0,2.0
2021-08-05 01:21:29,112.0,94.0,9.0,9.0
2021-08-05 01:21:30,100.0,91.0,6.0,3.0
2021-08-05 01:21:31,93.0,87.0,2.0,4.0
2021-08-05 01:21:32,93.0,80.0,11.0,2.0
2021-08-05 01:21:33,91.0,77.0,8.0,6.0
2021-08-05 01:21:34,86.0,79.0,2.0,5.0
2021-08-05 01:21:35,93.0,75.0,15.0,3.0
2021-08-05 01:21:36,96.0,84.0,3.0,9.0
2021-08-05 01:21:37,95.0,88.0,3.0,4.0
2021-08-05 01:21:38,100.0,96.0,3.0,1.0
2021-08-05 01:21:39,118.0,110.0,4.0,4.0
2021-08-05 01:21:40,109.0,91.0,10.0,8.0
2021-08-05 01:21:41,106.0,93.0,11.0,2.0
2021-08-05 01:21:42,79.0,71.0,3.0,5.0
2021-08-05 01:21:43,88.0,78.0,6.0,4.0
2021-08-05 01:21:44,99.0,89.0,8.0,2.0
2021-08-05 01:21:45,87.0,74.0,6.0,7.0
2021-08-05 01:21:46,98.0,86.0,6.0,6.0
2021-08-05 01:21:47,90.0,84.0,2.0,4.0
2021-08-05 01:21:48,112.0,102.0,7.0,3.0
2021-08-05 01:21:49,96.0,87.0,5.0,4.0
2021-08-05 01:21:50,100.0,81.0,16.0,3.0
2021-08-05 01:21:51,100.0,92.0,6.0,2.0
2021-08-05 01:21:52,108.0,94.0,8.0,6.0
2021-08-05 01:21:53,87.0,79.0,6.0,2.0
2021-08-05 01:21:54,98.0,84.0,11.0,3.0
2021-08-05 01:21:55,118.0,101.0,8.0,9.0
2021-08-05 01:21:56,112.0,100.0,10.0,2.0
2021-08-05 01:21:57,82.0,71.0,8.0,3.0
2021-08-05 01:21:58,90.0,82.0,7.0,1.0
2021-08-05 01:21:59,88.0,81.0,3.0,4.0
2021-08-05 01:22:00,120.0,111.0,6.0,3.0
2021-08-05 01:22:01,102.0,95.0,4.0,3.0
2021-08-05 01:22:02,99.0,89.0,6.0,4.0
2021-08-05 01:22:03,87.0,81.0,4.0,2.0
2021-08-05 01:22:04,94.0,85.0,5.0,4.0
2021-08-05 01:22:05,78.0,76.0,0.0,2.0
2021-08-05 01:22:06,115.0,102.0,7.0,6.0
2021-08-05 01:22:07,85.0,72.0,8.0,5.0
2021-08-05 01:22:08,92.0,81.0,4.0,7.0
2021-08-05 01:22:09,88.0,80.0,5.0,3.0
2021-08-05 01:22:10,99.0,85.0,8.0,6.0
2021-08-05 01:22:11,101.0,91.0,8.0,2.0
2021-08-05 01:22:12,89.0,74.0,12.0,3.0
2021-08-05 01:22:13,108.0,101.0,5.0,2.0
2021-08-05 01:22:14,81.0,71.0,6.0,4.0
2021-08-05 01:22:15,97.0,86.0,6.0,5.0
2021-08-05 01:22:16,100.0,88.0,10.0,2.0
2021-08-05 01:22:17,82.0,73.0,5.0,4.0
2021-08-05 01:22:18,93.0,89.0,3.0,1.0
2021-08-05 01:22:19,104.0,92.0,9.0,3.0
2021-08-05 01:22:20,84.0,75.0,8.0,1.0
2021-08-05 01:22:21,89.0,80.0,8.0,1.0
2021-08-05 01:22:22,97.0,87.0,6.0,4.0
2021-08-05 01:22:23,122.0,108.0,6.0,8.0
2021-08-05 01:22:24,93.0,81.0,8.0,4.0
2021-08-05 01:22:25,87.0,77.0,5.0,5.0
2021-08-05 01:22:26,95.0,85.0,6.0,4.0
2021-08-05 01:22:27,98.0,87.0,6.0,5.0
2021-08-05 01:22:28,95.0,84.0,7.0,4.0
2021-08-05 01:22:29,94.0,85.0,6.0,3.0
2021-08-05 01:22:30,93.0,83.0,7.0,3.0
2021-08-05 01:22:31,90.0,81.0,6.0,3.0
2021-08-05 01:22:32,107.0,95.0,7.0,5.0
2021-08-05 01:22:33,102.0,87.0,9.0,6.0
2021-08-05 01:22:34,98.0,87.0,10.0,1.0
2021-08-05 01:22:35,100.0,85.0,10.0,5.0
2021-08-05 01:22:36,98.0,83.0,8.0,7.0
2021-08-05 01:22:37,95.0,82.0,3.0,10.0
2021-08-05 01:22:38,83.0,76.0,4.0,3.0
2021-08-05 01:22:39,91.0,78.0,7.0,6.0
2021-08-05 01:22:40,114.0,104.0,5.0,5.0
2021-08-05 01:22:41,96.0,87.0,7.0,2.0
2021-08-05 01:22:42,98.0,89.0,7.0,2.0
2021-08-05 01:22:43,81.0,74.0,4.0,3.0
2021-08-05 01:22:44,100.0,97.0,0.0,3.0
2021-08-05 01:22:45,94.0,85.0,5.0,4.0
2021-08-05 01:22:46,101.0,92.0,5.0,4.0
2021-08-05 01:22:47,95.0,86.0,5.0,4.0
2021-08-05 01:22:48,87.0,74.0,6.0,7.0
2021-08-05 01:22:49,92.0,78.0,9.0,5.0
2021-08-05 01:22:50,112.0,97.0,8.0,7.0
2021-08-05 01:22:51,90.0,86.0,3.0,1.0
2021-08-05 01:22:52,111.0,100.0,7.0,4.0
2021-08-05 01:22:53,95.0,90.0,4.0,1.0
2021-08-05 01:22:54,84.0,70.0,7.0,7.0
2021-08-05 01:22:55,93.0,79.0,8.0,6.0
2021-08-05 01:22:56,95.0,77.0,7.0,11.0
2021-08-05 01:22:57,92.0,86.0,1.0,5.0
2021-08-05 01:22:58,96.0,91.0,3.0,2.0
2021-08-05 01:22:59,90.0,82.0,6.0,2.0
2021-08-05 01:23:00,89.0,81.0,3.0,5.0
2021-08-05 01:23:01,102.0,87.0,8.0,7.0
2021-08-05 01:23:02,101.0,91.0,4.0,6.0
2021-08-05 01:23:03,104.0,90.0,9.0,5.0
2021-08-05 01:23:04,84.0,73.0,9.0,2.0
2021-08-05 01:23:05,111.0,101.0,6.0,4.0
2021-08-05 01:23:06,87.0,78.0,4.0,5.0
2021-08-05 01:23:07,81.0,69.0,7.0,5.0
2021-08-05 01:23:08,103.0,91.0,6.0,6.0
2021-08-05 01:23:09,92.0,79.0,9.0,4.0
2021-08-05 01:23:10,84.0,73.0,8.0,3.0
2021-08-05 01:23:11,99.0,91.0,7.0,1.0
2021-08-05 01:23:12,75.0,65.0,8.0,2.0
2021-08-05 01:23:13,103.0,97.0,4.0,2.0
2021-08-05 01:23:14,106.0,94.0,7.0,5.0
2021-08-05 01:23:15,95.0,81.0,8.0,6.0
2021-08-05 01:23:16,88.0,76.0,8.0,4.0
2021-08-05 01:23:17,111.0,101.0,5.0,5.0
2021-08-05 01:23:18,96.0,87.0,8.0,1.0
2021-08-05 01:23:19,85.0,77.0,5.0,3.0
2021-08-05 01:23:20,81.0,69.0,9.0,3.0
2021-08-05 01:23:21,94.0,82.0,8.0,4.0
2021-08-05 01:23:22,86.0,80.0,5.0,1.0
2021-08-05 01:23:23,89.0,79.0,5.0,5.0
2021-08-05 01:23:24,94.0,82.0,6.0,6.0
2021-08-05 01:23:25,91.0,78.0,9.0,4.0
2021-08-05 01:23:26,100.0,86.0,5.0,9.0
2021-08-05 01:23:27,113.0,96.0,13.0,4.0
2021-08-05 01:23:28,103.0,85.0,13.0,5.0
2021-08-05 01:23:29,82.0,76.0,5.0,1.0
2021-08-05 01:23:30,115.0,106.0,3.0,6.0
2021-08-05 01:23:31,104.0,89.0,10.0,5.0
2021-08-05 01:23:32,82.0,71.0,5.0,6.0
2021-08-05 01:23:33,93.0,85.0,5.0,3.0
2021-08-05 01:23:34,99.0,89.0,6.0,4.0
2021-08-05 01:23:35,89.0,77.0,5.0,7.0
2021-08-05 01:23:36,73.0,68.0,3.0,2.0
2021-08-05 01:23:37,102.0,94.0,5.0,3.0
2021-08-05 01:23:38,99.0,86.0,7.0,6.0
2021-08-05 01:23:39,92.0,81.0,6.0,5.0
2021-08-05 01:23:40,106.0,93.0,7.0,6.0
2021-08-05 01:23:41,93.0,78.0,9.0,6.0
2021-08-05 01:23:42,85.0,79.0,1.0,5.0
2021-08-05 01:23:43,124.0,111.0,6.0,7.0
2021-08-05 01:23:44,87.0,81.0,3.0,3.0
2021-08-05 01:23:45,96.0,91.0,4.0,1.0
2021-08-05 01:23:46,94.0,89.0,4.0,1.0
2021-08-05 01:23:47,89.0,80.0,6.0,3.0
2021-08-05 01:23:48,93.0,76.0,13.0,4.0
2021-08-05 01:23:49,97.0,85.0,7.0,5.0
2021-08-05 01:23:50,93.0,87.0,4.0,2.0
2021-08-05 01:23:51,95.0,79.0,8.0,8.0
2021-08-05 01:23:52,83.0,75.0,4.0,4.0
2021-08-05 01:23:53,86.0,77.0,6.0,3.0
2021-08-05 01:23:54,88.0,77.0,6.0,5.0
2021-08-05 01:23:55,89.0,75.0,6.0,8.0
2021-08-05 01:23:56,106.0,97.0,5.0,4.0
2021-08-05 01:23:57,102.0,89.0,7.0,6.0
2021-08-05 01:23:58,86.0,80.0,4.0,2.0
2021-08-05 01:23:59,103.0,96.0,4.0,3.0
2021-08-05 01:24:00,97.0,88.0,7.0,2.0
2021-08-05 01:24:01,82.0,74.0,3.0,5.0
2021-08-05 01:24:02,88.0,77.0,7.0,4.0
2021-08-05 01:24:03,83.0,75.0,5.0,3.0
2021-08-05 01:24:04,102.0,91.0,5.0,6.0
2021-08-05 01:24:05,95.0,82.0,8.0,5.0
2021-08-05 01:24:06,91.0,86.0,4.0,1.0
2021-08-05 01:24:07,83.0,74.0,6.0,3.0
2021-08-05 01:24:08,95.0,83.0,7.0,5.0
2021-08-05 01:24:09,97.0,89.0,2.0,6.0
2021-08-05 01:24:10,90.0,85.0,4.0,1.0
2021-08-05 01:24:11,80.0,74.0,2.0,4.0
2021-08-05 01:24:12,100.0,86.0,7.0,7.0
2021-08-05 01:24:13,94.0,89.0,4.0,1.0
2021-08-05 01:24:14,98.0,93.0,3.0,2.0
2021-08-05 01:24:15,65.0,61.0,3.0,1.0
2021-08-05 01:24:16,75.0,69.0,4.0,2.0
2021-08-05 01:24:17,79.0,67.0,7.0,5.0
2021-08-05 01:24:18,91.0,85.0,3.0,3.0
2021-08-05 01:24:19,86.0,78.0,7.0,1.0
2021-08-05 01:24:20,90.0,79.0,7.0,4.0
2021-08-05 01:24:21,97.0,89.0,6.0,2.0
2021-08-05 01:24:22,87.0,77.0,4.0,6.0
2021-08-05 01:24:23,107.0,92.0,8.0,7.0
2021-08-05 01:24:24,103.0,89.0,9.0,5.0
2021-08-05 01:24:25,104.0,97.0,5.0,2.0
2021-08-05 01:24:26,98.0,88.0,4.0,6.0
2021-08-05 01:24:27,98.0,90.0,6.0,2.0
2021-08-05 01:24:28,71.0,66.0,3.0,2.0
2021-08-05 01:24:29,110.0,99.0,8.0,3.0
2021-08-05 01:24:30,117.0,107.0,6.0,4.0
2021-08-05 01:24:31,105.0,93.0,8.0,4.0
2021-08-05 01:24:32,103.0,89.0,9.0,5.0
2021-08-05 01:24:33,95.0,83.0,6.0,6.0
2021-08-05 01:24:34,112.0,98.0,10.0,4.0
2021-08-05 01:24:35,87.0,73.0,9.0,5.0
2021-08-05 01:24:36,116.0,108.0,5.0,3.0
2021-08-05 01:24:37,94.0,85.0,6.0,3.0
2021-08-05 01:24:38,99.0,93.0,3.0,3.0
2021-08-05 01:24:39,82.0,74.0,4.0,4.0
2021-08-05 01:24:40,97.0,94.0,2.0,1.0
2021-08-05 01:24:41,114.0,102.0,7.0,5.0
2021-08-05 01:24:42,113.0,93.0,14.0,6.0
2021-08-05 01:24:43,87.0,76.0,6.0,5.0
2021-08-05 01:24:44,94.0,83.0,9.0,2.0
2021-08-05 01:24:45,96.0,80.0,9.0,7.0
2021-08-05 01:24:46,102.0,91.0,10.0,1.0
2021-08-05 01:24:47,96.0,82.0,8.0,6.0
2021-08-05 01:24:48,113.0,108.0,2.0,3.0
2021-08-05 01:24:49,98.0,85.0,8.0,5.0
2021-08-05 01:24:50,93.0,85.0,4.0,4.0
2021-08-05 01:24:51,85.0,74.0,7.0,4.0
2021-08-05 01:24:52,100.0,88.0,7.0,5.0
2021-08-05 01:24:53,108.0,94.0,9.0,5.0
2021-08-05 01:24:54,88.0,76.0,6.0,6.0
2021-08-05 01:24:55,96.0,82.0,5.0,9.0
2021-08-05 01:24:56,86.0,79.0,4.0,3.0
2021-08-05 01:24:57,92.0,79.0,8.0,5.0
2021-08-05 01:24:58,93.0,81.0,6.0,6.0
2021-08-05 01:24:59,102.0,89.0,6.0,7.0
2021-08-05 01:25:00,95.0,84.0,8.0,3.0
2021-08-05 01:25:01,89.0,79.0,8.0,2.0
2021-08-05 01:25:02,86.0,74.0,11.0,1.0
2021-08-05 01:25:03,94.0,84.0,7.0,3.0
2021-08-05 01:25:04,94.0,80.0,8.0,6.0
2021-08-05 01:25:05,98.0,82.0,9.0,7.0
2021-08-05 01:25:06,102.0,95.0,5.0,2.0
2021-08-05 01:25:07,91.0,84.0,4.0,3.0
2021-08-05 01:25:08,95.0,87.0,6.0,2.0
2021-08-05 01:25:09,102.0,90.0,4.0,8.0
2021-08-05 01:25:10,93.0,87.0,2.0,4.0
2021-08-05 01:25:11,103.0,94.0,5.0,4.0
2021-08-05 01:25:12,92.0,86.0,5.0,1.0
2021-08-05 01:25:13,98.0,83.0,10.0,5.0
2021-08-05 01:25:14,95.0,83.0,5.0,7.0
2021-08-05 01:25:15,108.0,97.0,5.0,6.0
2021-08-05 01:25:16,79.0,76.0,3.0,0.0
2021-08-05 01:25:17,93.0,76.0,9.0,8.0
2021-08-05 01:25:18,87.0,76.0,6.0,5.0
2021-08-05 01:25:19,89.0,79.0,7.0,3.0
2021-08-05 01:25:20,100.0,84.0,9.0,7.0
2021-08-05 01:25:21,79.0,68.0,6.0,5.0
2021-08-05 01:25:22,90.0,82.0,5.0,3.0
2021-08-05 01:25:23,104.0,87.0,10.0,7.0
2021-08-05 01:25:24,95.0,90.0,5.0,0.0
2021-08-05 01:25:25,77.0,69.0,3.0,5.0
2021-08-05 01:25:26,99.0,82.0,13.0,4.0
2021-08-05 01:25:27,87.0,78.0,5.0,4.0
2021-08-05 01:25:28,96.0,81.0,8.0,7.0
2021-08-05 01:25:29,93.0,83.0,6.0,4.0
2021-08-05 01:25:30,98.0,87.0,7.0,4.0
2021-08-05 01:25:31,103.0,88.0,10.0,5.0
2021-08-05 01:25:32,100.0,88.0,5.0,7.0
2021-08-05 01:25:33,104.0,87.0,10.0,7.0
2021-08-05 01:25:34,83.0,75.0,1.0,7.0
2021-08-05 01:25:35,123.0,105.0,12.0,6.0
2021-08-05 01:25:36,108.0,97.0,6.0,5.0
2021-08-05 01:25:37,99.0,92.0,4.0,3.0
2021-08-05 01:25:38,102.0,85.0,11.0,6.0
2021-08-05 01:25:39,96.0,84.0,5.0,7.0
2021-08-05 01:25:40,94.0,84.0,8.0,2.0
2021-08-05 01:25:41,99.0,87.0,4.0,8.0
2021-08-05 01:25:42,84.0,77.0,2.0,5.0
2021-08-05 01:25:43,90.0,79.0,8.0,3.0
2021-08-05 01:25:44,105.0,94.0,5.0,6.0
2021-08-05 01:25:45,90.0,78.0,8.0,4.0
2021-08-05 01:25:46,99.0,90.0,4.0,5.0
2021-08-05 01:25:47,82.0,79.0,0.0,3.0
2021-08-05 01:25:48,101.0,92.0,6.0,3.0
2021-08-05 01:25:49,80.0,73.0,4.0,3.0
2021-08-05 01:25:50,100.0,85.0,10.0,5.0
2021-08-05 01:25:51,106.0,91.0,10.0,5.0
2021-08-05 01:25:52,111.0,98.0,6.0,7.0
2021-08-05 01:25:53,93.0,85.0,6.0,2.0
2021-08-05 01:25:54,89.0,77.0,6.0,6.0
2021-08-05 01:25:55,101.0,90.0,8.0,3.0
2021-08-05 01:25:56,103.0,88.0,12.0,3.0
2021-08-05 01:25:57,97.0,93.0,1.0,3.0
2021-08-05 01:25:58,87.0,82.0,2.0,3.0
2021-08-05 01:25:59,106.0,92.0,9.0,5.0
2021-08-05 01:26:00,103.0,88.0,8.0,7.0
2021-08-05 01:26:01,112.0,97.0,8.0,7.0
2021-08-05 01:26:02,92.0,79.0,5.0,8.0
2021-08-05 01:26:03,108.0,97.0,9.0,2.0
2021-08-05 01:26:04,102.0,90.0,4.0,8.0
2021-08-05 01:26:05,98.0,84.0,10.0,4.0
2021-08-05 01:26:06,103.0,92.0,5.0,6.0
2021-08-05 01:26:07,89.0,81.0,4.0,4.0
2021-08-05 01:26:08,77.0,70.0,4.0,3.0
2021-08-05 01:26:09,93.0,81.0,8.0,4.0
2021-08-05 01:26:10,119.0,110.0,5.0,4.0
2021-08-05 01:26:11,95.0,83.0,9.0,3.0
2021-08-05 01:26:12,95.0,78.0,14.0,3.0
2021-08-05 01:26:13,93.0,82.0,8.0,3.0
2021-08-05 01:26:14,105.0,94.0,7.0,4.0
2021-08-05 01:26:15,93.0,83.0,3.0,7.0
2021-08-05 01:26:16,93.0,83.0,7.0,3.0
2021-08-05 01:26:17,88.0,80.0,3.0,5.0
2021-08-05 01:26:18,97.0,90.0,5.0,2.0
2021-08-05 01:26:19,92.0,86.0,4.0,2.0
2021-08-05 01:26:20,78.0,69.0,3.0,6.0
2021-08-05 01:26:21,98.0,85.0,7.0,6.0
2021-08-05 01:26:22,91.0,84.0,2.0,5.0
2021-08-05 01:26:23,96.0,90.0,1.0,5.0
2021-08-05 01:26:24,102.0,90.0,6.0,6.0
2021-08-05 01:26:25,100.0,92.0,5.0,3.0
2021-08-05 01:26:26,79.0,65.0,6.0,8.0
2021-08-05 01:26:27,85.0,76.0,4.0,5.0
2021-08-05 01:26:28,95.0,84.0,6.0,5.0
2021-08-05 01:26:29,71.0,62.0,7.0,2.0
2021-08-05 01:26:30,106.0,94.0,5.0,7.0
2021-08-05 01:26:31,106.0,93.0,5.0,8.0
2021-08-05 01:26:32,81.0,71.0,3.0,7.0
2021-08-05 01:26:33,104.0,93.0,7.0,4.0
2021-08-05 01:26:34,99.0,90.0,4.0,5.0
2021-08-05 01:26:35,100.0,94.0,3.0,3.0
2021-08-05 01:26:36,91.0,82.0,5.0,4.0
2021-08-05 01:26:37,100.0,86.0,7.0,7.0
2021-08-05 01:26:38,119.0,109.0,4.0,6.0
2021-08-05 01:26:39,86.0,78.0,4.0,4.0
2021-08-05 01:26:40,104.0,91.0,5.0,8.0
2021-08-05 01:26:41,94.0,81.0,5.0,8.0
2021-08-05 01:26:42,96.0,81.0,10.0,5.0
2021-08-05 01:26:43,99.0,93.0,4.0,2.0
2021-08-05 01:26:44,97.0,89.0,4.0,4.0
2021-08-05 01:26:45,85.0,71.0,8.0,6.0
2021-08-05 01:26:46,102.0,90.0,8.0,4.0
2021-08-05 01:26:47,94.0,78.0,7.0,9.0
2021-08-05 01:26:48,115.0,102.0,8.0,5.0
2021-08-05 01:26:49,79.0,73.0,4.0,2.0
2021-08-05 01:26:50,105.0,93.0,5.0,7.0
2021-08-05 01:26:51,88.0,80.0,6.0,2.0
2021-08-05 01:26:52,101.0,87.0,8.0,6.0
2021-08-05 01:26:53,102.0,92.0,5.0,5.0
2021-08-05 01:26:54,101.0,95.0,1.0,5.0
2021-08-05 01:26:55,91.0,80.0,8.0,3.0
2021-08-05 01:26:56,85.0,75.0,8.0,2.0
2021-08-05 01:26:57,107.0,98.0,3.0,6.0
2021-08-05 01:26:58,98.0,84.0,8.0,6.0
2021-08-05 01:26:59,107.0,97.0,7.0,3.0
2021-08-05 01:27:00,103.0,87.0,7.0,9.0
2021-08-05 01:27:01,98.0,90.0,6.0,2.0
2021-08-05 01:27:02,92.0,82.0,4.0,6.0
2021-08-05 01:27:03,120.0,107.0,6.0,7.0
2021-08-05 01:27:04,102.0,84.0,12.0,6.0
2021-08-05 01:27:05,93.0,84.0,6.0,3.0
2021-08-05 01:27:06,110.0,98.0,7.0,5.0
2021-08-05 01:27:07,93.0,82.0,8.0,3.0
2021-08-05 01:27:08,92.0,82.0,7.0,3.0
2021-08-05 01:27:09,77.0,68.0,6.0,3.0
2021-08-05 01:27:10,102.0,88.0,8.0,6.0
2021-08-05 01:27:11,94.0,82.0,6.0,6.0
2021-08-05 01:27:12,99.0,89.0,8.0,2.0
2021-08-05 01:27:13,104.0,92.0,7.0,5.0
2021-08-05 01:27:14,92.0,83.0,7.0,2.0
2021-08-05 01:27:15,92.0,84.0,7.0,1.0
2021-08-05 01:27:16,106.0,92.0,7.0,7.0
2021-08-05 01:27:17,79.0,69.0,7.0,3.0
2021-08-05 01:27:18,93.0,80.0,8.0,5.0
2021-08-05 01:27:19,107.0,92.0,11.0,4.0
2021-08-05 01:27:20,107.0,96.0,3.0,8.0
2021-08-05 01:27:21,104.0,89.0,9.0,6.0
2021-08-05 01:27:22,100.0,92.0,6.0,2.0
2021-08-05 01:27:23,89.0,82.0,6.0,1.0
2021-08-05 01:27:24,125.0,112.0,3.0,10.0
2021-08-05 01:27:25,91.0,83.0,4.0,4.0
2021-08-05 01:27:26,101.0,89.0,6.0,6.0
2021-08-05 01:27:27,100.0,92.0,5.0,3.0
2021-08-05 01:27:28,102.0,91.0,5.0,6.0
2021-08-05 01:27:29,101.0,84.0,11.0,6.0
2021-08-05 01:27:30,113.0,105.0,4.0,4.0
2021-08-05 01:27:31,119.0,101.0,11.0,7.0
2021-08-05 01:27:32,94.0,85.0,6.0,3.0
2021-08-05 01:27:33,84.0,76.0,4.0,4.0
2021-08-05 01:27:34,100.0,88.0,4.0,8.0
2021-08-05 01:27:35,102.0,86.0,10.0,6.0
2021-08-05 01:27:36,80.0,71.0,6.0,3.0
2021-08-05 01:27:37,90.0,80.0,4.0,6.0
2021-08-05 01:27:38,93.0,79.0,8.0,6.0
2021-08-05 01:27:39,98.0,85.0,10.0,3.0
2021-08-05 01:27:40,99.0,82.0,10.0,7.0
2021-08-05 01:27:41,89.0,78.0,10.0,1.0
2021-08-05 01:27:42,85.0,78.0,3.0,4.0
2021-08-05 01:27:43,85.0,77.0,3.0,5.0
2021-08-05 01:27:44,85.0,76.0,2.0,7.0
2021-08-05 01:27:45,96.0,79.0,11.0,6.0
2021-08-05 01:27:46,90.0,83.0,4.0,3.0
2021-08-05 01:27:47,103.0,95.0,7.0,1.0
2021-08-05 01:27:48,91.0,74.0,12.0,5.0
2021-08-05 01:27:49,99.0,93.0,3.0,3.0
2021-08-05 01:27:50,103.0,92.0,6.0,5.0
2021-08-05 01:27:51,93.0,84.0,6.0,3.0
2021-08-05 01:27:52,90.0,80.0,5.0,5.0
2021-08-05 01:27:53,93.0,80.0,9.0,4.0
2021-08-05 01:27:54,103.0,89.0,7.0,7.0
2021-08-05 01:27:55,107.0,95.0,5.0,7.0
2021-08-05 01:27:56,97.0,91.0,3.0,3.0
2021-08-05 01:27:57,80.0,70.0,5.0,5.0
2021-08-05 01:27:58,90.0,79.0,3.0,8.0
2021-08-05 01:27:59,88.0,79.0,7.0,2.0
2021-08-05 01:28:00,90.0,83.0,3.0,4.0
2021-08-05 01:28:01,90.0,72.0,9.0,9.0
2021-08-05 01:28:02,109.0,98.0,6.0,5.0
2021-08-05 01:28:03,88.0,81.0,6.0,1.0
2021-08-05 01:28:04,98.0,91.0,4.0,3.0
2021-08-05 01:28:05,93.0,86.0,4.0,3.0
2021-08-05 01:28:06,92.0,84.0,4.0,4.0
2021-08-05 01:28:07,90.0,84.0,5.0,1.0
2021-08-05 01:28:08,92.0,85.0,4.0,3.0
2021-08-05 01:28:09,112.0,98.0,7.0,7.0
2021-08-05 01:28:10,120.0,108.0,10.0,2.0
2021-08-05 01:28:11,96.0,86.0,7.0,3.0
2021-08-05 01:28:12,81.0,70.0,9.0,2.0
2021-08-05 01:28:13,84.0,75.0,4.0,5.0
2021-08-05 01:28:14,76.0,67.0,6.0,3.0
2021-08-05 01:28:15,102.0,96.0,3.0,3.0
2021-08-05 01:28:16,98.0,90.0,6.0,2.0
2021-08-05 01:28:17,78.0,69.0,6.0,3.0
2021-08-05 01:28:18,92.0,79.0,6.0,7.0
2021-08-05 01:28:19,96.0,85.0,6.0,5.0
2021-08-05 01:28:20,106.0,97.0,8.0,1.0
2021-08-05 01:28:21,102.0,91.0,5.0,6.0
2021-08-05 01:28:22,89.0,78.0,10.0,1.0
2021-08-05 01:28:23,87.0,83.0,2.0,2.0
2021-08-05 01:28:24,93.0,87.0,3.0,3.0
2021-08-05 01:28:25,108.0,100.0,5.0,3.0
2021-08-05 01:28:26,102.0,88.0,9.0,5.0
2021-08-05 01:28:27,105.0,98.0,4.0,3.0
2021-08-05 01:28:28,91.0,85.0,3.0,3.0
2021-08-05 01:28:29,69.0,63.0,4.0,2.0
2021-08-05 01:28:30,91.0,78.0,4.0,9.0
2021-08-05 01:28:31,82.0,67.0,7.0,8.0
2021-08-05 01:28:32,103.0,89.0,7.0,7.0
2021-08-05 01:28:33,78.0,72.0,2.0,4.0
2021-08-05 01:28:34,72.0,62.0,8.0,2.0
2021-08-05 01:28:35,102.0,84.0,14.0,4.0
2021-08-05 01:28:36,105.0,95.0,7.0,3.0
2021-08-05 01:28:37,91.0,86.0,4.0,1.0
2021-08-05 01:28:38,97.0,87.0,8.0,2.0
2021-08-05 01:28:39,111.0,99.0,11.0,1.0
2021-08-05 01:28:40,98.0,93.0,4.0,1.0
2021-08-05 01:28:41,99.0,90.0,6.0,3.0
2021-08-05 01:28:42,85.0,73.0,5.0,7.0
2021-08-05 01:28:43,92.0,83.0,4.0,5.0
2021-08-05 01:28:44,103.0,98.0,2.0,3.0
2021-08-05 01:28:45,91.0,79.0,8.0,4.0
2021-08-05 01:28:46,91.0,84.0,6.0,1.0
2021-08-05 01:28:47,101.0,91.0,8.0,2.0
2021-08-05 01:28:48,101.0,89.0,4.0,8.0
2021-08-05 01:28:49,94.0,84.0,7.0,3.0
2021-08-05 01:28:50,101.0,92.0,7.0,2.0
2021-08-05 01:28:51,91.0,77.0,8.0,6.0
2021-08-05 01:28:52,78.0,67.0,8.0,3.0
2021-08-05 01:28:53,83.0,73.0,4.0,6.0
2021-08-05 01:28:54,88.0,82.0,6.0,0.0
2021-08-05 01:28:55,101.0,84.0,10.0,7.0
2021-08-05 01:28:56,90.0,78.0,6.0,6.0
2021-08-05 01:28:57,121.0,102.0,12.0,7.0
2021-08-05 01:28:58,103.0,90.0,9.0,4.0
2021-08-05 01:28:59,96.0,88.0,4.0,4.0
2021-08-05 01:29:00,92.0,88.0,2.0,2.0
2021-08-05 01:29:01,97.0,83.0,10.0,4.0
2021-08-05 01:29:02,92.0,80.0,3.0,9.0
2021-08-05 01:29:03,95.0,86.0,5.0,4.0
2021-08-05 01:29:04,93.0,85.0,4.0,4.0
2021-08-05 01:29:05,78.0,70.0,4.0,4.0
2021-08-05 01:29:06,85.0,76.0,6.0,3.0
2021-08-05 01:29:07,112.0,98.0,10.0,4.0
2021-08-05 01:29:08,106.0,95.0,5.0,6.0
2021-08-05 01:29:09,94.0,87.0,7.0,0.0
2021-08-05 01:29:10,111.0,98.0,5.0,8.0
2021-08-05 01:29:11,99.0,89.0,5.0,5.0
2021-08-05 01:29:12,100.0,91.0,7.0,2.0
2021-08-05 01:29:13,73.0,64.0,6.0,3.0
2021-08-05 01:29:14,99.0,82.0,10.0,7.0
2021-08-05 01:29:15,83.0,71.0,7.0,5.0
2021-08-05 01:29:16,99.0,86.0,7.0,6.0
2021-08-05 01:29:17,105.0,92.0,8.0,5.0
2021-08-05 01:29:18,90.0,84.0,4.0,2.0
2021-08-05 01:29:19,93.0,81.0,6.0,6.0
2021-08-05 01:29:20,103.0,94.0,5.0,4.0
2021-08-05 01:29:21,88.0,75.0,10.0,3.0
2021-08-05 01:29:22,107.0,93.0,9.0,5.0
2021-08-05 01:29:23,97.0,85.0,5.0,7.0
2021-08-05 01:29:24,77.0,67.0,5.0,5.0
2021-08-05 01:29:25,90.0,83.0,5.0,2.0
2021-08-05 01:29:26,86.0,76.0,5.0,5.0
2021-08-05 01:29:27,96.0,86.0,7.0,3.0
2021-08-05 01:29:28,108.0,94.0,10.0,4.0
2021-08-05 01:29:29,95.0,85.0,8.0,2.0
2021-08-05 01:29:30,93.0,88.0,2.0,3.0
2021-08-05 01:29:31,112.0,98.0,7.0,7.0
2021-08-05 01:29:32,98.0,83.0,10.0,5.0
2021-08-05 01:29:33,90.0,85.0,1.0,4.0
2021-08-05 01:29:34,93.0,82.0,7.0,4.0
2021-08-05 01:29:35,105.0,95.0,8.0,2.0
2021-08-05 01:29:36,85.0,71.0,9.0,5.0
2021-08-05 01:29:37,91.0,80.0,8.0,3.0
2021-08-05 01:29:38,98.0,88.0,5.0,5.0
2021-08-05 01:29:39,95.0,79.0,10.0,6.0
2021-08-05 01:29:40,92.0,81.0,5.0,6.0
2021-08-05 01:29:41,105.0,97.0,6.0,2.0
2021-08-05 01:29:42,100.0,87.0,9.0,4.0
2021-08-05 01:29:43,86.0,81.0,3.0,2.0
2021-08-05 01:29:44,87.0,80.0,7.0,0.0
2021-08-05 01:29:45,89.0,79.0,10.0,0.0
2021-08-05 01:29:46,101.0,90.0,4.0,7.0
2021-08-05 01:29:47,92.0,85.0,6.0,1.0
2021-08-05 01:29:48,93.0,84.0,5.0,4.0
2021-08-05 01:29:49,96.0,80.0,9.0,7.0
2021-08-05 01:29:50,99.0,92.0,3.0,4.0
2021-08-05 01:29:51,99.0,93.0,5.0,1.0
2021-08-05 01:29:52,81.0,71.0,7.0,3.0
2021-08-05 01:29:53,70.0,61.0,7.0,2.0
2021-08-05 01:29:54,87.0,78.0,7.0,2.0
2021-08-05 01:29:55,95.0,87.0,5.0,3.0
2021-08-05 01:29:56,90.0,78.0,7.0,5.0
2021-08-05 01:29:57,91.0,75.0,14.0,2.0
2021-08-05 01:29:58,91.0,80.0,7.0,4.0
2021-08-05 01:29:59,109.0,103.0,3.0,3.0
2021-08-05 01:30:00,92.0,83.0,5.0,4.0
2021-08-05 01:30:01,93.0,82.0,6.0,5.0
2021-08-05 01:30:02,80.0,70.0,9.0,1.0
2021-08-05 01:30:03,115.0,99.0,7.0,9.0
2021-08-05 01:30:04,100.0,89.0,6.0,5.0
2021-08-05 01:30:05,117.0,106.0,6.0,5.0
2021-08-05 01:30:06,111.0,95.0,10.0,6.0
2021-08-05 01:30:07,111.0,95.0,11.0,5.0
2021-08-05 01:30:08,96.0,77.0,9.0,10.0
2021-08-05 01:30:09,82.0,78.0,3.0,1.0
2021-08-05 01:30:10,87.0,79.0,4.0,4.0
2021-08-05 01:30:11,107.0,95.0,9.0,3.0
2021-08-05 01:30:12,93.0,81.0,4.0,8.0
2021-08-05 01:30:13,103.0,92.0,7.0,4.0
2021-08-05 01:30:14,102.0,91.0,8.0,3.0
2021-08-05 01:30:15,108.0,90.0,9.0,9.0
2021-08-05 01:30:16,94.0,84.0,6.0,4.0
2021-08-05 01:30:17,88.0,80.0,4.0,4.0
2021-08-05 01:30:18,75.0,71.0,2.0,2.0
2021-08-05 01:30:19,118.0,106.0,8.0,4.0
2021-08-05 01:30:20,96.0,84.0,6.0,6.0
2021-08-05 01:30:21,78.0,70.0,5.0,3.0
2021-08-05 01:30:22,89.0,81.0,6.0,2.0
2021-08-05 01:30:23,83.0,72.0,7.0,4.0
2021-08-05 01:30:24,109.0,99.0,9.0,1.0
2021-08-05 01:30:25,107.0,96.0,5.0,6.0
2021-08-05 01:30:26,91.0,79.0,8.0,4.0
2021-08-05 01:30:27,78.0,70.0,3.0,5.0
2021-08-05 01:30:28,90.0,78.0,8.0,4.0
2021-08-05 01:30:29,101.0,93.0,4.0,4.0
2021-08-05 01:30:30,75.0,68.0,4.0,3.0
2021-08-05 01:30:31,89.0,79.0,7.0,3.0
2021-08-05 01:30:32,72.0,64.0,7.0,1.0
2021-08-05 01:30:33,79.0,73.0,4.0,2.0
2021-08-05 01:30:34,90.0,79.0,9.0,2.0
2021-08-05 01:30:35,114.0,108.0,2.0,4.0
2021-08-05 01:30:36,97.0,86.0,6.0,5.0
2021-08-05 01:30:37,86.0,70.0,9.0,7.0
2021-08-05 01:30:38,92.0,83.0,6.0,3.0
2021-08-05 01:30:39,87.0,78.0,6.0,3.0
2021-08-05 01:30:40,87.0,83.0,2.0,2.0
2021-08-05 01:30:41,93.0,83.0,5.0,5.0
2021-08-05 01:30:42,100.0,85.0,6.0,9.0
2021-08-05 01:30:43,103.0,93.0,6.0,4.0
2021-08-05 01:30:44,95.0,79.0,8.0,8.0
2021-08-05 01:30:45,100.0,89.0,4.0,7.0
2021-08-05 01:30:46,92.0,82.0,6.0,4.0
2021-08-05 01:30:47,107.0,90.0,14.0,3.0
2021-08-05 01:30:48,95.0,87.0,6.0,2.0
2021-08-05 01:30:49,105.0,94.0,8.0,3.0
2021-08-05 01:30:50,95.0,88.0,3.0,4.0
2021-08-05 01:30:51,87.0,78.0,6.0,3.0
2021-08-05 01:30:52,86.0,77.0,2.0,7.0
2021-08-05 01:30:53,95.0,84.0,6.0,5.0
2021-08-05 01:30:54,89.0,80.0,4.0,5.0
2021-08-05 01:30:55,108.0,96.0,9.0,3.0
2021-08-05 01:30:56,91.0,76.0,9.0,6.0
2021-08-05 01:30:57,89.0,77.0,5.0,7.0
2021-08-05 01:30:58,77.0,64.0,6.0,7.0
2021-08-05 01:30:59,99.0,83.0,13.0,3.0
2021-08-05 01:31:00,92.0,85.0,4.0,3.0
2021-08-05 01:31:01,87.0,74.0,9.0,4.0
2021-08-05 01:31:02,99.0,89.0,5.0,5.0
2021-08-05 01:31:03,95.0,85.0,4.0,6.0
2021-08-05 01:31:04,92.0,79.0,10.0,3.0
2021-08-05 01:31:05,98.0,85.0,7.0,6.0
2021-08-05 01:31:06,84.0,71.0,8.0,5.0
2021-08-05 01:31:07,111.0,90.0,11.0,10.0
2021-08-05 01:31:08,98.0,84.0,6.0,8.0
2021-08-05 01:31:09,86.0,75.0,6.0,5.0
2021-08-05 01:31:10,88.0,82.0,5.0,1.0
2021-08-05 01:31:11,99.0,92.0,4.0,3.0
2021-08-05 01:31:12,76.0,69.0,2.0,5.0
2021-08-05 01:31:13,93.0,82.0,7.0,4.0
2021-08-05 01:31:14,105.0,96.0,4.0,5.0
2021-08-05 01:31:15,119.0,108.0,6.0,5.0
2021-08-05 01:31:16,101.0,89.0,8.0,4.0
2021-08-05 01:31:17,85.0,76.0,5.0,4.0
2021-08-05 01:31:18,95.0,88.0,2.0,5.0
2021-08-05 01:31:19,101.0,91.0,9.0,1.0
2021-08-05 01:31:20,83.0,74.0,7.0,2.0
2021-08-05 01:31:21,110.0,98.0,8.0,4.0
2021-08-05 01:31:22,101.0,91.0,5.0,5.0
2021-08-05 01:31:23,73.0,68.0,2.0,3.0
2021-08-05 01:31:24,83.0,73.0,5.0,5.0
2021-08-05 01:31:25,103.0,87.0,11.0,5.0
2021-08-05 01:31:26,89.0,80.0,7.0,2.0
2021-08-05 01:31:27,95.0,83.0,8.0,4.0
2021-08-05 01:31:28,111.0,97.0,5.0,9.0
2021-08-05 01:31:29,97.0,88.0,5.0,4.0
2021-08-05 01:31:30,80.0,74.0,2.0,4.0
2021-08-05 01:31:31,82.0,75.0,3.0,4.0
2021-08-05 01:31:32,87.0,80.0,5.0,2.0
2021-08-05 01:31:33,87.0,75.0,5.0,7.0
2021-08-05 01:31:34,87.0,70.0,10.0,7.0
2021-08-05 01:31:35,112.0,96.0,12.0,4.0
2021-08-05 01:31:36,100.0,90.0,5.0,5.0
2021-08-05 01:31:37,81.0,73.0,4.0,4.0
2021-08-05 01:31:38,97.0,86.0,7.0,4.0
2021-08-05 01:31:39,98.0,86.0,9.0,3.0
2021-08-05 01:31:40,95.0,82.0,7.0,6.0
2021-08-05 01:31:41,99.0,85.0,9.0,5.0
2021-08-05 01:31:42,86.0,78.0,4.0,4.0
2021-08-05 01:31:43,94.0,84.0,7.0,3.0
2021-08-05 01:31:44,99.0,91.0,4.0,4.0
2021-08-05 01:31:45,103.0,93.0,5.0,5.0
2021-08-05 01:31:46,95.0,86.0,7.0,2.0
2021-08-05 01:31:47,97.0,90.0,4.0,3.0
2021-08-05 01:31:48,93.0,82.0,8.0,3.0
2021-08-05 01:31:49,98.0,88.0,7.0,3.0
2021-08-05 01:31:50,85.0,70.0,8.0,7.0
2021-08-05 01:31:51,93.0,85.0,5.0,3.0
2021-08-05 01:31:52,117.0,109.0,6.0,2.0
2021-08-05 01:31:53,93.0,80.0,9.0,4.0
2021-08-05 01:31:54,101.0,87.0,10.0,4.0
2021-08-05 01:31:55,88.0,78.0,5.0,5.0
2021-08-05 01:31:56,93.0,80.0,8.0,5.0
2021-08-05 01:31:57,98.0,92.0,5.0,1.0
2021-08-05 01:31:58,99.0,91.0,7.0,1.0
2021-08-05 01:31:59,96.0,85.0,8.0,3.0
2021-08-05 01:32:00,104.0,90.0,10.0,4.0
2021-08-05 01:32:01,108.0,95.0,6.0,7.0
2021-08-05 01:32:02,101.0,89.0,7.0,5.0
2021-08-05 01:32:03,108.0,93.0,12.0,3.0
2021-08-05 01:32:04,115.0,103.0,8.0,4.0
2021-08-05 01:32:05,100.0,92.0,3.0,5.0
2021-08-05 01:32:06,92.0,82.0,7.0,3.0
2021-08-05 01:32:07,112.0,101.0,8.0,3.0
2021-08-05 01:32:08,95.0,88.0,3.0,4.0
2021-08-05 01:32:09,94.0,86.0,6.0,2.0
2021-08-05 01:32:10,103.0,85.0,11.0,7.0
2021-08-05 01:32:11,106.0,91.0,10.0,5.0
2021-08-05 01:32:12,85.0,78.0,4.0,3.0
2021-08-05 01:32:13,101.0,87.0,9.0,5.0
2021-08-05 01:32:14,92.0,85.0,5.0,2.0
2021-08-05 01:32:15,78.0,73.0,4.0,1.0
2021-08-05 01:32:16,99.0,86.0,4.0,9.0
2021-08-05 01:32:17,71.0,63.0,7.0,1.0
2021-08-05 01:32:18,81.0,74.0,3.0,4.0
2021-08-05 01:32:19,96.0,83.0,7.0,6.0
2021-08-05 01:32:20,82.0,77.0,2.0,3.0
2021-08-05 01:32:21,88.0,79.0,7.0,2.0
2021-08-05 01:32:22,112.0,99.0,4.0,9.0
2021-08-05 01:32:23,86.0,79.0,5.0,2.0
2021-08-05 01:32:24,95.0,81.0,10.0,4.0
2021-08-05 01:32:25,90.0,81.0,4.0,5.0
2021-08-05 01:32:26,92.0,83.0,6.0,3.0
2021-08-05 01:32:27,91.0,84.0,5.0,2.0
2021-08-05 01:32:28,82.0,73.0,4.0,5.0
2021-08-05 01:32:29,97.0,83.0,6.0,8.0
2021-08-05 01:32:30,109.0,95.0,9.0,5.0
2021-08-05 01:32:31,96.0,84.0,7.0,5.0
2021-08-05 01:32:32,77.0,66.0,9.0,2.0
2021-08-05 01:32:33,102.0,85.0,12.0,5.0
2021-08-05 01:32:34,72.0,67.0,2.0,3.0
2021-08-05 01:32:35,107.0,96.0,6.0,5.0
2021-08-05 01:32:36,81.0,67.0,4.0,10.0
2021-08-05 01:32:37,67.0,58.0,5.0,4.0
2021-08-05 01:32:38,91.0,84.0,6.0,1.0
2021-08-05 01:32:39,84.0,71.0,6.0,7.0
2021-08-05 01:32:40,100.0,91.0,6.0,3.0
2021-08-05 01:32:41,100.0,92.0,4.0,4.0
2021-08-05 01:32:42,87.0,77.0,5.0,5.0
2021-08-05 01:32:43,93.0,83.0,7.0,3.0
2021-08-05 01:32:44,98.0,91.0,4.0,3.0
2021-08-05 01:32:45,90.0,82.0,7.0,1.0
2021-08-05 01:32:46,92.0,76.0,8.0,8.0
2021-08-05 01:32:47,76.0,70.0,2.0,4.0
2021-08-05 01:32:48,88.0,78.0,4.0,6.0
2021-08-05 01:32:49,83.0,76.0,5.0,2.0
2021-08-05 01:32:50,99.0,87.0,7.0,5.0
2021-08-05 01:32:51,83.0,68.0,9.0,6.0
2021-08-05 01:32:52,101.0,90.0,7.0,4.0
2021-08-05 01:32:53,91.0,83.0,6.0,2.0
2021-08-05 01:32:54,101.0,93.0,5.0,3.0
2021-08-05 01:32:55,99.0,81.0,12.0,6.0
2021-08-05 01:32:56,95.0,85.0,6.0,4.0
2021-08-05 01:32:57,92.0,83.0,5.0,4.0
2021-08-05 01:32:58,94.0,84.0,6.0,4.0
2021-08-05 01:32:59,100.0,92.0,6.0,2.0
2021-08-05 01:33:00,82.0,75.0,2.0,5.0
2021-08-05 01:33:01,89.0,82.0,3.0,4.0
2021-08-05 01:33:02,82.0,77.0,1.0,4.0
2021-08-05 01:33:03,84.0,71.0,4.0,9.0
2021-08-05 01:33:04,88.0,72.0,11.0,5.0
2021-08-05 01:33:05,117.0,101.0,10.0,6.0
2021-08-05 01:33:06,110.0,96.0,11.0,3.0
2021-08-05 01:33:07,100.0,89.0,6.0,5.0
2021-08-05 01:33:08,89.0,78.0,6.0,5.0
2021-08-05 01:33:09,78.0,73.0,1.0,4.0
2021-08-05 01:33:10,92.0,86.0,4.0,2.0
2021-08-05 01:33:11,106.0,98.0,4.0,4.0
2021-08-05 01:33:12,94.0,82.0,8.0,4.0
2021-08-05 01:33:13,90.0,81.0,4.0,5.0
2021-08-05 01:33:14,107.0,98.0,5.0,4.0
2021-08-05 01:33:15,99.0,92.0,7.0,0.0
2021-08-05 01:33:16,82.0,71.0,8.0,3.0
2021-08-05 01:33:17,92.0,81.0,6.0,5.0
2021-08-05 01:33:18,82.0,73.0,9.0,0.0
2021-08-05 01:33:19,81.0,71.0,8.0,2.0
2021-08-05 01:33:20,102.0,89.0,5.0,8.0
2021-08-05 01:33:21,109.0,95.0,10.0,4.0
2021-08-05 01:33:22,104.0,98.0,4.0,2.0
2021-08-05 01:33:23,118.0,108.0,5.0,5.0
2021-08-05 01:33:24,107.0,99.0,5.0,3.0
2021-08-05 01:33:25,89.0,79.0,5.0,5.0
2021-08-05 01:33:26,99.0,88.0,8.0,3.0
2021-08-05 01:33:27,103.0,94.0,7.0,2.0
2021-08-05 01:33:28,85.0,75.0,9.0,1.0
2021-08-05 01:33:29,84.0,75.0,6.0,3.0
2021-08-05 01:33:30,95.0,87.0,3.0,5.0
2021-08-05 01:33:31,102.0,91.0,7.0,4.0
2021-08-05 01:33:32,99.0,87.0,7.0,5.0
2021-08-05 01:33:33,95.0,83.0,6.0,6.0
2021-08-05 01:33:34,93.0,80.0,5.0,8.0
2021-08-05 01:33:35,117.0,103.0,6.0,8.0
2021-08-05 01:33:36,96.0,85.0,6.0,5.0
2021-08-05 01:33:37,83.0,73.0,5.0,5.0
2021-08-05 01:33:38,90.0,85.0,3.0,2.0
2021-08-05 01:33:39,91.0,78.0,9.0,4.0
2021-08-05 01:33:40,93.0,83.0,6.0,4.0
2021-08-05 01:33:41,85.0,77.0,7.0,1.0
2021-08-05 01:33:42,93.0,86.0,3.0,4.0
2021-08-05 01:33:43,101.0,87.0,6.0,8.0
2021-08-05 01:33:44,107.0,96.0,6.0,5.0
2021-08-05 01:33:45,93.0,83.0,9.0,1.0
2021-08-05 01:33:46,102.0,93.0,4.0,5.0
2021-08-05 01:33:47,70.0,67.0,1.0,2.0
2021-08-05 01:33:48,80.0,73.0,5.0,2.0
2021-08-05 01:33:49,101.0,88.0,7.0,6.0
2021-08-05 01:33:50,78.0,71.0,3.0,4.0
2021-08-05 01:33:51,99.0,80.0,9.0,10.0
2021-08-05 01:33:52,92.0,82.0,6.0,4.0
2021-08-05 01:33:53,80.0,73.0,6.0,1.0
2021-08-05 01:33:54,106.0,95.0,7.0,4.0
2021-08-05 01:33:55,98.0,89.0,4.0,5.0
2021-08-05 01:33:56,82.0,77.0,2.0,3.0
2021-08-05 01:33:57,92.0,79.0,10.0,3.0
2021-08-05 01:33:58,102.0,95.0,3.0,4.0
2021-08-05 01:33:59,88.0,81.0,4.0,3.0
2021-08-05 01:34:00,96.0,84.0,10.0,2.0
2021-08-05 01:34:01,112.0,92.0,13.0,7.0
2021-08-05 01:34:02,91.0,80.0,6.0,5.0
2021-08-05 01:34:03,108.0,96.0,9.0,3.0
2021-08-05 01:34:04,107.0,88.0,16.0,3.0
2021-08-05 01:34:05,98.0,88.0,2.0,8.0
2021-08-05 01:34:06,96.0,86.0,8.0,2.0
2021-08-05 01:34:07,89.0,77.0,6.0,6.0
2021-08-05 01:34:08,107.0,99.0,5.0,3.0
2021-08-05 01:34:09,101.0,92.0,6.0,3.0
2021-08-05 01:34:10,89.0,81.0,5.0,3.0
2021-08-05 01:34:11,88.0,74.0,8.0,6.0
2021-08-05 01:34:12,86.0,74.0,5.0,7.0
2021-08-05 01:34:13,109.0,95.0,9.0,5.0
2021-08-05 01:34:14,98.0,83.0,8.0,7.0
2021-08-05 01:34:15,91.0,77.0,6.0,8.0
2021-08-05 01:34:16,92.0,81.0,4.0,7.0
2021-08-05 01:34:17,80.0,73.0,5.0,2.0
2021-08-05 01:34:18,86.0,77.0,5.0,4.0
2021-08-05 01:34:19,82.0,68.0,10.0,4.0
2021-08-05 01:34:20,91.0,79.0,9.0,3.0
2021-08-05 01:34:21,89.0,81.0,5.0,3.0
2021-08-05 01:34:22,115.0,105.0,7.0,3.0
2021-08-05 01:34:23,86.0,74.0,6.0,6.0
2021-08-05 01:34:24,96.0,85.0,6.0,5.0
2021-08-05 01:34:25,99.0,90.0,6.0,3.0
2021-08-05 01:34:26,92.0,86.0,4.0,2.0
2021-08-05 01:34:27,93.0,80.0,10.0,3.0
2021-08-05 01:34:28,109.0,97.0,8.0,4.0
2021-08-05 01:34:29,82.0,68.0,12.0,2.0
2021-08-05 01:34:30,95.0,85.0,8.0,2.0
2021-08-05 01:34:31,86.0,79.0,4.0,3.0
2021-08-05 01:34:32,83.0,74.0,2.0,7.0
2021-08-05 01:34:33,101.0,89.0,9.0,3.0
2021-08-05 01:34:34,99.0,87.0,8.0,4.0
2021-08-05 01:34:35,91.0,86.0,3.0,2.0
2021-08-05 01:34:36,71.0,63.0,6.0,2.0
2021-08-05 01:34:37,91.0,81.0,5.0,5.0
2021-08-05 01:34:38,78.0,68.0,5.0,5.0
2021-08-05 01:34:39,92.0,80.0,7.0,5.0
2021-08-05 01:34:40,87.0,81.0,4.0,2.0
2021-08-05 01:34:41,101.0,90.0,6.0,5.0
2021-08-05 01:34:42,95.0,82.0,3.0,10.0
2021-08-05 01:34:43,80.0,71.0,4.0,5.0
2021-08-05 01:34:44,97.0,92.0,2.0,3.0
2021-08-05 01:34:45,92.0,82.0,6.0,4.0
2021-08-05 01:34:46,95.0,79.0,11.0,5.0
2021-08-05 01:34:47,86.0,78.0,6.0,2.0
2021-08-05 01:34:48,110.0,100.0,6.0,4.0
2021-08-05 01:34:49,106.0,94.0,9.0,3.0
2021-08-05 01:34:50,82.0,77.0,3.0,2.0
2021-08-05 01:34:51,80.0,73.0,3.0,4.0
2021-08-05 01:34:52,79.0,70.0,4.0,5.0
2021-08-05 01:34:53,88.0,79.0,4.0,5.0
2021-08-05 01:34:54,75.0,69.0,4.0,2.0
2021-08-05 01:34:55,95.0,84.0,7.0,4.0
2021-08-05 01:34:56,92.0,81.0,9.0,2.0
2021-08-05 01:34:57,89.0,83.0,3.0,3.0
2021-08-05 01:34:58,87.0,77.0,6.0,4.0
2021-08-05 01:34:59,103.0,94.0,5.0,4.0
2021-08-05 01:35:00,96.0,83.0,10.0,3.0
2021-08-05 01:35:01,101.0,94.0,5.0,2.0
2021-08-05 01:35:02,88.0,79.0,5.0,4.0
2021-08-05 01:35:03,80.0,69.0,7.0,4.0
2021-08-05 01:35:04,85.0,70.0,9.0,6.0
2021-08-05 01:35:05,100.0,88.0,6.0,6.0
2021-08-05 01:35:06,84.0,79.0,4.0,1.0
2021-08-05 01:35:07,96.0,90.0,3.0,3.0
2021-08-05 01:35:08,90.0,83.0,6.0,1.0
2021-08-05 01:35:09,94.0,83.0,8.0,3.0
2021-08-05 01:35:10,85.0,75.0,6.0,4.0
2021-08-05 01:35:11,81.0,70.0,5.0,6.0
2021-08-05 01:35:12,85.0,73.0,7.0,5.0
2021-08-05 01:35:13,85.0,69.0,8.0,8.0
2021-08-05 01:35:14,102.0,91.0,7.0,4.0
2021-08-05 01:35:15,89.0,77.0,6.0,6.0
2021-08-05 01:35:16,79.0,71.0,4.0,4.0
2021-08-05 01:35:17,92.0,84.0,3.0,5.0
2021-08-05 01:35:18,89.0,77.0,6.0,6.0
2021-08-05 01:35:19,109.0,100.0,5.0,4.0
2021-08-05 01:35:20,86.0,77.0,7.0,2.0
2021-08-05 01:35:21,94.0,82.0,8.0,4.0
2021-08-05 01:35:22,90.0,82.0,3.0,5.0
2021-08-05 01:35:23,102.0,90.0,9.0,3.0
2021-08-05 01:35:24,91.0,84.0,3.0,4.0
2021-08-05 01:35:25,94.0,86.0,6.0,2.0
2021-08-05 01:35:26,73.0,67.0,3.0,3.0
2021-08-05 01:35:27,97.0,88.0,6.0,3.0
2021-08-05 01:35:28,88.0,76.0,8.0,4.0
2021-08-05 01:35:29,91.0,81.0,6.0,4.0
2021-08-05 01:35:30,78.0,69.0,5.0,4.0
2021-08-05 01:35:31,99.0,92.0,5.0,2.0
2021-08-05 01:35:32,79.0,67.0,7.0,5.0
2021-08-05 01:35:33,84.0,76.0,8.0,0.0
2021-08-05 01:35:34,89.0,78.0,5.0,6.0
2021-08-05 01:35:35,87.0,75.0,5.0,7.0
2021-08-05 01:35:36,103.0,94.0,5.0,4.0
2021-08-05 01:35:37,82.0,75.0,2.0,5.0
2021-08-05 01:35:38,80.0,67.0,9.0,4.0
2021-08-05 01:35:39,95.0,86.0,6.0,3.0
2021-08-05 01:35:40,82.0,69.0,3.0,10.0
2021-08-05 01:35:41,99.0,92.0,3.0,4.0
2021-08-05 01:35:42,91.0,83.0,4.0,4.0
2021-08-05 01:35:43,83.0,74.0,9.0,0.0
2021-08-05 01:35:44,88.0,74.0,5.0,9.0
2021-08-05 01:35:45,93.0,84.0,5.0,4.0
2021-08-05 01:35:46,99.0,83.0,14.0,2.0
2021-08-05 01:35:47,82.0,72.0,7.0,3.0
2021-08-05 01:35:48,81.0,73.0,4.0,4.0
2021-08-05 01:35:49,85.0,74.0,8.0,3.0
2021-08-05 01:35:50,87.0,76.0,4.0,7.0
2021-08-05 01:35:51,93.0,88.0,4.0,1.0
2021-08-05 01:35:52,106.0,97.0,5.0,4.0
2021-08-05 01:35:53,88.0,75.0,8.0,5.0
2021-08-05 01:35:54,103.0,93.0,5.0,5.0
2021-08-05 01:35:55,99.0,84.0,10.0,5.0
2021-08-05 01:35:56,95.0,85.0,7.0,3.0
2021-08-05 01:35:57,85.0,78.0,4.0,3.0
2021-08-05 01:35:58,93.0,86.0,2.0,5.0
2021-08-05 01:35:59,89.0,76.0,8.0,5.0
2021-08-05 01:36:00,90.0,78.0,7.0,5.0
2021-08-05 01:36:01,84.0,78.0,4.0,2.0
2021-08-05 01:36:02,103.0,90.0,7.0,6.0
2021-08-05 01:36:03,109.0,101.0,6.0,2.0
2021-08-05 01:36:04,77.0,71.0,4.0,2.0
2021-08-05 01:36:05,77.0,67.0,8.0,2.0
2021-08-05 01:36:06,109.0,98.0,9.0,2.0
2021-08-05 01:36:07,79.0,71.0,2.0,6.0
2021-08-05 01:36:08,105.0,95.0,6.0,4.0
2021-08-05 01:36:09,84.0,78.0,5.0,1.0
2021-08-05 01:36:10,93.0,83.0,6.0,4.0
2021-08-05 01:36:11,101.0,85.0,7.0,9.0
2021-08-05 01:36:12,96.0,85.0,4.0,7.0
2021-08-05 01:36:13,96.0,84.0,6.0,6.0
2021-08-05 01:36:14,94.0,88.0,4.0,2.0
2021-08-05 01:36:15,98.0,87.0,4.0,7.0
2021-08-05 01:36:16,100.0,89.0,5.0,6.0
2021-08-05 01:36:17,89.0,79.0,5.0,5.0
2021-08-05 01:36:18,97.0,80.0,12.0,5.0
2021-08-05 01:36:19,101.0,92.0,4.0,5.0
2021-08-05 01:36:20,86.0,76.0,6.0,4.0
2021-08-05 01:36:21,93.0,83.0,9.0,1.0
2021-08-05 01:36:22,103.0,90.0,6.0,7.0
2021-08-05 01:36:23,96.0,84.0,6.0,6.0
2021-08-05 01:36:24,95.0,84.0,4.0,7.0
2021-08-05 01:36:25,76.0,69.0,2.0,5.0
2021-08-05 01:36:26,83.0,74.0,4.0,5.0
2021-08-05 01:36:27,94.0,80.0,8.0,6.0
2021-08-05 01:36:28,100.0,86.0,8.0,6.0
2021-08-05 01:36:29,94.0,85.0,6.0,3.0
2021-08-05 01:36:30,92.0,83.0,6.0,3.0
2021-08-05 01:36:31,118.0,107.0,7.0,4.0
2021-08-05 01:36:32,101.0,88.0,9.0,4.0
2021-08-05 01:36:33,114.0,100.0,10.0,4.0
2021-08-05 01:36:34,104.0,95.0,7.0,2.0
2021-08-05 01:36:35,80.0,73.0,5.0,2.0
2021-08-05 01:36:36,104.0,87.0,7.0,10.0
2021-08-05 01:36:37,92.0,79.0,7.0,6.0
2021-08-05 01:36:38,110.0,93.0,12.0,5.0
2021-08-05 01:36:39,92.0,73.0,7.0,12.0
2021-08-05 01:36:40,99.0,81.0,11.0,7.0
2021-08-05 01:36:41,93.0,79.0,13.0,1.0
2021-08-05 01:36:42,106.0,95.0,6.0,5.0
2021-08-05 01:36:43,80.0,76.0,2.0,2.0
2021-08-05 01:36:44,101.0,93.0,5.0,3.0
2021-08-05 01:36:45,94.0,79.0,6.0,9.0
2021-08-05 01:36:46,96.0,82.0,10.0,4.0
2021-08-05 01:36:47,84.0,71.0,10.0,3.0
2021-08-05 01:36:48,104.0,96.0,1.0,7.0
2021-08-05 01:36:49,94.0,83.0,7.0,4.0
2021-08-05 01:36:50,97.0,85.0,5.0,7.0
2021-08-05 01:36:51,96.0,91.0,2.0,3.0
2021-08-05 01:36:52,75.0,67.0,4.0,4.0
2021-08-05 01:36:53,91.0,82.0,5.0,4.0
2021-08-05 01:36:54,95.0,83.0,9.0,3.0
2021-08-05 01:36:55,108.0,97.0,6.0,5.0
2021-08-05 01:36:56,80.0,70.0,4.0,6.0
2021-08-05 01:36:57,92.0,87.0,3.0,2.0
2021-08-05 01:36:58,78.0,70.0,6.0,2.0
2021-08-05 01:36:59,94.0,83.0,6.0,5.0
2021-08-05 01:37:00,88.0,79.0,4.0,5.0
2021-08-05 01:37:01,66.0,59.0,3.0,4.0
2021-08-05 01:37:02,70.0,62.0,6.0,2.0
2021-08-05 01:37:03,102.0,89.0,8.0,5.0
2021-08-05 01:37:04,96.0,91.0,3.0,2.0
2021-08-05 01:37:05,95.0,85.0,7.0,3.0
2021-08-05 01:37:06,98.0,84.0,6.0,8.0
2021-08-05 01:37:07,91.0,80.0,9.0,2.0
2021-08-05 01:37:08,85.0,82.0,3.0,0.0
2021-08-05 01:37:09,105.0,86.0,14.0,5.0
2021-08-05 01:37:10,100.0,87.0,10.0,3.0
2021-08-05 01:37:11,89.0,71.0,13.0,5.0
2021-08-05 01:37:12,98.0,90.0,6.0,2.0
2021-08-05 01:37:13,80.0,74.0,5.0,1.0
2021-08-05 01:37:14,102.0,90.0,9.0,3.0
2021-08-05 01:37:15,112.0,93.0,9.0,10.0
2021-08-05 01:37:16,83.0,74.0,3.0,6.0
2021-08-05 01:37:17,97.0,91.0,4.0,2.0
2021-08-05 01:37:18,79.0,70.0,6.0,3.0
2021-08-05 01:37:19,95.0,86.0,6.0,3.0
2021-08-05 01:37:20,96.0,89.0,1.0,6.0
2021-08-05 01:37:21,87.0,81.0,4.0,2.0
2021-08-05 01:37:22,96.0,87.0,4.0,5.0
2021-08-05 01:37:23,89.0,73.0,11.0,5.0
2021-08-05 01:37:24,82.0,71.0,7.0,4.0
2021-08-05 01:37:25,84.0,73.0,9.0,2.0
2021-08-05 01:37:26,91.0,79.0,6.0,6.0
2021-08-05 01:37:27,87.0,79.0,5.0,3.0
2021-08-05 01:37:28,116.0,97.0,14.0,5.0
2021-08-05 01:37:29,83.0,77.0,4.0,2.0
2021-08-05 01:37:30,95.0,80.0,11.0,4.0
2021-08-05 01:37:31,100.0,90.0,4.0,6.0
2021-08-05 01:37:32,64.0,56.0,6.0,2.0
2021-08-05 01:37:33,112.0,101.0,4.0,7.0
2021-08-05 01:37:34,84.0,73.0,9.0,2.0
2021-08-05 01:37:35,87.0,77.0,8.0,2.0
2021-08-05 01:37:36,77.0,71.0,3.0,3.0
2021-08-05 01:37:37,106.0,93.0,8.0,5.0
2021-08-05 01:37:38,98.0,87.0,7.0,4.0
2021-08-05 01:37:39,97.0,84.0,9.0,4.0
2021-08-05 01:37:40,87.0,75.0,7.0,5.0
2021-08-05 01:37:41,88.0,79.0,3.0,6.0
2021-08-05 01:37:42,88.0,76.0,6.0,6.0
2021-08-05 01:37:43,99.0,90.0,5.0,4.0
2021-08-05 01:37:44,87.0,83.0,0.0,4.0
2021-08-05 01:37:45,91.0,76.0,8.0,7.0
2021-08-05 01:37:46,90.0,76.0,10.0,4.0
2021-08-05 01:37:47,92.0,82.0,5.0,5.0
2021-08-05 01:37:48,105.0,93.0,7.0,5.0
2021-08-05 01:37:49,79.0,72.0,5.0,2.0
2021-08-05 01:37:50,77.0,64.0,9.0,4.0
2021-08-05 01:37:51,97.0,88.0,5.0,4.0
2021-08-05 01:37:52,93.0,78.0,11.0,4.0
2021-08-05 01:37:53,99.0,92.0,3.0,4.0
2021-08-05 01:37:54,91.0,79.0,10.0,2.0
2021-08-05 01:37:55,97.0,82.0,8.0,7.0
2021-08-05 01:37:56,111.0,96.0,8.0,7.0
2021-08-05 01:37:57,83.0,75.0,5.0,3.0
2021-08-05 01:37:58,99.0,90.0,4.0,5.0
2021-08-05 01:37:59,87.0,81.0,3.0,3.0
2021-08-05 01:38:00,77.0,61.0,10.0,6.0
2021-08-05 01:38:01,100.0,93.0,3.0,4.0
2021-08-05 01:38:02,82.0,71.0,6.0,5.0
2021-08-05 01:38:03,88.0,81.0,4.0,3.0
2021-08-05 01:38:04,69.0,63.0,1.0,5.0
2021-08-05 01:38:05,94.0,85.0,6.0,3.0
2021-08-05 01:38:06,85.0,75.0,5.0,5.0
2021-08-05 01:38:07,99.0,84.0,9.0,6.0
2021-08-05 01:38:08,101.0,93.0,4.0,4.0
2021-08-05 01:38:09,85.0,75.0,7.0,3.0
2021-08-05 01:38:10,96.0,85.0,7.0,4.0
2021-08-05 01:38:11,102.0,95.0,3.0,4.0
2021-08-05 01:38:12,96.0,78.0,11.0,7.0
2021-08-05 01:38:13,93.0,83.0,6.0,4.0
2021-08-05 01:38:14,97.0,85.0,9.0,3.0
2021-08-05 01:38:15,100.0,84.0,9.0,7.0
2021-08-05 01:38:16,86.0,74.0,8.0,4.0
2021-08-05 01:38:17,92.0,74.0,11.0,7.0
2021-08-05 01:38:18,88.0,79.0,7.0,2.0
2021-08-05 01:38:19,105.0,91.0,10.0,4.0
2021-08-05 01:38:20,83.0,76.0,4.0,3.0
2021-08-05 01:38:21,100.0,91.0,3.0,6.0
2021-08-05 01:38:22,112.0,95.0,10.0,7.0
2021-08-05 01:38:23,105.0,99.0,4.0,2.0
2021-08-05 01:38:24,94.0,84.0,6.0,4.0
2021-08-05 01:38:25,96.0,88.0,4.0,4.0
2021-08-05 01:38:26,109.0,93.0,10.0,6.0
2021-08-05 01:38:27,101.0,91.0,5.0,5.0
2021-08-05 01:38:28,78.0,69.0,5.0,4.0
2021-08-05 01:38:29,110.0,94.0,9.0,7.0
2021-08-05 01:38:30,102.0,86.0,11.0,5.0
2021-08-05 01:38:31,100.0,87.0,11.0,2.0
2021-08-05 01:38:32,91.0,83.0,3.0,5.0
2021-08-05 01:38:33,91.0,80.0,5.0,6.0
2021-08-05 01:38:34,116.0,100.0,8.0,8.0
2021-08-05 01:38:35,80.0,66.0,8.0,6.0
2021-08-05 01:38:36,88.0,77.0,9.0,2.0
2021-08-05 01:38:37,84.0,78.0,4.0,2.0
2021-08-05 01:38:38,96.0,86.0,7.0,3.0
2021-08-05 01:38:39,99.0,84.0,7.0,8.0
2021-08-05 01:38:40,85.0,77.0,6.0,2.0
2021-08-05 01:38:41,78.0,67.0,6.0,5.0
2021-08-05 01:38:42,79.0,73.0,5.0,1.0
2021-08-05 01:38:43,103.0,95.0,3.0,5.0
2021-08-05 01:38:44,88.0,81.0,6.0,1.0
2021-08-05 01:38:45,95.0,91.0,3.0,1.0
2021-08-05 01:38:46,89.0,79.0,6.0,4.0
2021-08-05 01:38:47,92.0,72.0,13.0,7.0
2021-08-05 01:38:48,86.0,77.0,7.0,2.0
2021-08-05 01:38:49,103.0,88.0,11.0,4.0
2021-08-05 01:38:50,93.0,85.0,4.0,4.0
2021-08-05 01:38:51,91.0,76.0,9.0,6.0
2021-08-05 01:38:52,111.0,103.0,7.0,1.0
2021-08-05 01:38:53,92.0,79.0,7.0,6.0
2021-08-05 01:38:54,111.0,97.0,9.0,5.0
2021-08-05 01:38:55,94.0,79.0,11.0,4.0
2021-08-05 01:38:56,88.0,80.0,7.0,1.0
2021-08-05 01:38:57,90.0,78.0,5.0,7.0
2021-08-05 01:38:58,110.0,98.0,6.0,6.0
2021-08-05 01:38:59,85.0,75.0,5.0,5.0
2021-08-05 01:39:00,102.0,91.0,9.0,2.0
2021-08-05 01:39:01,103.0,94.0,5.0,4.0
2021-08-05 01:39:02,78.0,68.0,7.0,3.0
2021-08-05 01:39:03,85.0,77.0,4.0,4.0
2021-08-05 01:39:04,108.0,98.0,8.0,2.0
2021-08-05 01:39:05,103.0,88.0,12.0,3.0
2021-08-05 01:39:06,83.0,78.0,2.0,3.0
2021-08-05 01:39:07,94.0,83.0,7.0,4.0
2021-08-05 01:39:08,97.0,86.0,7.0,4.0
2021-08-05 01:39:09,86.0,76.0,8.0,2.0
2021-08-05 01:39:10,89.0,77.0,7.0,5.0
2021-08-05 01:39:11,73.0,61.0,3.0,9.0
2021-08-05 01:39:12,83.0,72.0,5.0,6.0
2021-08-05 01:39:13,86.0,74.0,9.0,3.0
2021-08-05 01:39:14,77.0,67.0,3.0,7.0
2021-08-05 01:39:15,93.0,81.0,10.0,2.0
2021-08-05 01:39:16,93.0,83.0,9.0,1.0
2021-08-05 01:39:17,118.0,108.0,6.0,4.0
2021-08-05 01:39:18,98.0,84.0,9.0,5.0
2021-08-05 01:39:19,102.0,96.0,6.0,0.0
2021-08-05 01:39:20,106.0,96.0,6.0,4.0
2021-08-05 01:39:21,73.0,62.0,6.0,5.0
2021-08-05 01:39:22,89.0,76.0,8.0,5.0
2021-08-05 01:39:23,88.0,80.0,3.0,5.0
2021-08-05 01:39:24,95.0,86.0,5.0,4.0
2021-08-05 01:39:25,106.0,95.0,6.0,5.0
2021-08-05 01:39:26,84.0,77.0,6.0,1.0
2021-08-05 01:39:27,97.0,86.0,6.0,5.0
2021-08-05 01:39:28,101.0,91.0,6.0,4.0
2021-08-05 01:39:29,90.0,78.0,7.0,5.0
2021-08-05 01:39:30,88.0,79.0,7.0,2.0
2021-08-05 01:39:31,97.0,88.0,7.0,2.0
2021-08-05 01:39:32,111.0,101.0,6.0,4.0
2021-08-05 01:39:33,99.0,92.0,2.0,5.0
2021-08-05 01:39:34,78.0,71.0,5.0,2.0
2021-08-05 01:39:35,96.0,82.0,9.0,5.0
2021-08-05 01:39:36,86.0,76.0,3.0,7.0
2021-08-05 01:39:37,91.0,84.0,4.0,3.0
2021-08-05 01:39:38,84.0,74.0,7.0,3.0
2021-08-05 01:39:39,92.0,75.0,9.0,8.0
2021-08-05 01:39:40,92.0,83.0,6.0,3.0
2021-08-05 01:39:41,86.0,78.0,7.0,1.0
2021-08-05 01:39:42,105.0,93.0,4.0,8.0
2021-08-05 01:39:43,108.0,98.0,5.0,5.0
2021-08-05 01:39:44,104.0,88.0,13.0,3.0
2021-08-05 01:39:45,88.0,71.0,12.0,5.0
2021-08-05 01:39:46,87.0,80.0,4.0,3.0
2021-08-05 01:39:47,100.0,93.0,2.0,5.0
2021-08-05 01:39:48,88.0,76.0,6.0,6.0
2021-08-05 01:39:49,104.0,86.0,8.0,10.0
2021-08-05 01:39:50,81.0,62.0,11.0,8.0
2021-08-05 01:39:51,87.0,78.0,8.0,1.0
2021-08-05 01:39:52,85.0,76.0,6.0,3.0
2021-08-05 01:39:53,104.0,89.0,12.0,3.0
2021-08-05 01:39:54,96.0,87.0,5.0,4.0
2021-08-05 01:39:55,83.0,72.0,6.0,5.0
2021-08-05 01:39:56,98.0,86.0,10.0,2.0
2021-08-05 01:39:57,98.0,88.0,7.0,3.0
2021-08-05 01:39:58,90.0,81.0,4.0,5.0
2021-08-05 01:39:59,80.0,70.0,6.0,4.0
2021-08-05 01:40:00,84.0,71.0,7.0,6.0
2021-08-05 01:40:01,100.0,87.0,9.0,4.0
2021-08-05 01:40:02,105.0,100.0,3.0,2.0
2021-08-05 01:40:03,108.0,93.0,12.0,3.0
2021-08-05 01:40:04,97.0,86.0,6.0,5.0
2021-08-05 01:40:05,85.0,76.0,8.0,1.0
2021-08-05 01:40:06,86.0,76.0,5.0,5.0
2021-08-05 01:40:07,92.0,82.0,4.0,6.0
2021-08-05 01:40:08,86.0,79.0,4.0,3.0
2021-08-05 01:40:09,101.0,92.0,7.0,2.0
2021-08-05 01:40:10,82.0,76.0,3.0,3.0
2021-08-05 01:40:11,111.0,99.0,5.0,7.0
2021-08-05 01:40:12,107.0,93.0,7.0,7.0
2021-08-05 01:40:13,84.0,74.0,10.0,0.0
2021-08-05 01:40:14,103.0,88.0,6.0,9.0
2021-08-05 01:40:15,100.0,85.0,7.0,8.0
2021-08-05 01:40:16,99.0,86.0,8.0,5.0
2021-08-05 01:40:17,86.0,80.0,3.0,3.0
2021-08-05 01:40:18,95.0,88.0,3.0,4.0
2021-08-05 01:40:19,106.0,96.0,7.0,3.0
2021-08-05 01:40:20,87.0,81.0,5.0,1.0
2021-08-05 01:40:21,103.0,92.0,7.0,4.0
2021-08-05 01:40:22,94.0,83.0,6.0,5.0
2021-08-05 01:40:23,84.0,82.0,2.0,0.0
2021-08-05 01:40:24,98.0,95.0,2.0,1.0
2021-08-05 01:40:25,84.0,73.0,7.0,4.0
2021-08-05 01:40:26,107.0,92.0,10.0,5.0
2021-08-05 01:40:27,101.0,87.0,10.0,4.0
2021-08-05 01:40:28,111.0,95.0,10.0,6.0
2021-08-05 01:40:29,105.0,98.0,5.0,2.0
2021-08-05 01:40:30,111.0,97.0,7.0,7.0
2021-08-05 01:40:31,100.0,90.0,7.0,3.0
2021-08-05 01:40:32,104.0,94.0,6.0,4.0
2021-08-05 01:40:33,107.0,95.0,8.0,4.0
2021-08-05 01:40:34,92.0,82.0,7.0,3.0
2021-08-05 01:40:35,103.0,94.0,6.0,3.0
2021-08-05 01:40:36,109.0,96.0,7.0,6.0
2021-08-05 01:40:37,102.0,87.0,8.0,7.0
2021-08-05 01:40:38,89.0,77.0,4.0,8.0
2021-08-05 01:40:39,95.0,88.0,3.0,4.0
2021-08-05 01:40:40,102.0,89.0,8.0,5.0
2021-08-05 01:40:41,85.0,71.0,8.0,6.0
2021-08-05 01:40:42,101.0,83.0,13.0,5.0
2021-08-05 01:40:43,92.0,80.0,8.0,4.0
2021-08-05 01:40:44,88.0,81.0,4.0,3.0
2021-08-05 01:40:45,91.0,81.0,2.0,8.0
2021-08-05 01:40:46,86.0,80.0,1.0,5.0
2021-08-05 01:40:47,99.0,90.0,6.0,3.0
2021-08-05 01:40:48,84.0,77.0,5.0,2.0
2021-08-05 01:40:49,87.0,76.0,7.0,4.0
2021-08-05 01:40:50,79.0,69.0,7.0,3.0
2021-08-05 01:40:51,86.0,79.0,7.0,0.0
2021-08-05 01:40:52,98.0,84.0,11.0,3.0
2021-08-05 01:40:53,99.0,87.0,8.0,4.0
2021-08-05 01:40:54,95.0,88.0,5.0,2.0
2021-08-05 01:40:55,91.0,84.0,7.0,0.0
2021-08-05 01:40:56,121.0,107.0,10.0,4.0
2021-08-05 01:40:57,72.0,61.0,8.0,3.0
2021-08-05 01:40:58,88.0,76.0,6.0,6.0
2021-08-05 01:40:59,96.0,84.0,6.0,6.0
2021-08-05 01:41:00,88.0,75.0,9.0,4.0
2021-08-05 01:41:01,88.0,76.0,6.0,6.0
2021-08-05 01:41:02,92.0,77.0,7.0,8.0
2021-08-05 01:41:03,101.0,93.0,4.0,4.0
2021-08-05 01:41:04,73.0,62.0,5.0,6.0
2021-08-05 01:41:05,100.0,89.0,7.0,4.0
2021-08-05 01:41:06,79.0,70.0,6.0,3.0
2021-08-05 01:41:07,100.0,89.0,6.0,5.0
2021-08-05 01:41:08,92.0,80.0,5.0,7.0
2021-08-05 01:41:09,109.0,103.0,4.0,2.0
2021-08-05 01:41:10,86.0,74.0,6.0,6.0
2021-08-05 01:41:11,89.0,78.0,7.0,4.0
2021-08-05 01:41:12,105.0,90.0,10.0,5.0
2021-08-05 01:41:13,80.0,67.0,7.0,6.0
2021-08-05 01:41:14,93.0,79.0,8.0,6.0
2021-08-05 01:41:15,93.0,88.0,4.0,1.0
2021-08-05 01:41:16,91.0,73.0,13.0,5.0
2021-08-05 01:41:17,99.0,86.0,10.0,3.0
2021-08-05 01:41:18,97.0,76.0,13.0,8.0
2021-08-05 01:41:19,87.0,77.0,8.0,2.0
2021-08-05 01:41:20,103.0,89.0,8.0,6.0
2021-08-05 01:41:21,89.0,83.0,2.0,4.0
2021-08-05 01:41:22,93.0,85.0,8.0,0.0
2021-08-05 01:41:23,85.0,72.0,4.0,9.0
2021-08-05 01:41:24,92.0,78.0,7.0,7.0
2021-08-05 01:41:25,81.0,73.0,7.0,1.0
2021-08-05 01:41:26,102.0,86.0,13.0,3.0
2021-08-05 01:41:27,83.0,78.0,3.0,2.0
2021-08-05 01:41:28,94.0,81.0,7.0,6.0
2021-08-05 01:41:29,69.0,63.0,2.0,4.0
2021-08-05 01:41:30,82.0,69.0,9.0,4.0
2021-08-05 01:41:31,104.0,96.0,5.0,3.0
2021-08-05 01:41:32,98.0,84.0,11.0,3.0
2021-08-05 01:41:33,102.0,89.0,6.0,7.0
2021-08-05 01:41:34,80.0,70.0,5.0,5.0
2021-08-05 01:41:35,72.0,58.0,9.0,5.0
2021-08-05 01:41:36,84.0,70.0,10.0,4.0
2021-08-05 01:41:37,81.0,66.0,5.0,10.0
2021-08-05 01:41:38,103.0,96.0,4.0,3.0
2021-08-05 01:41:39,94.0,80.0,7.0,7.0
2021-08-05 01:41:40,90.0,82.0,5.0,3.0
2021-08-05 01:41:41,81.0,72.0,6.0,3.0
2021-08-05 01:41:42,72.0,67.0,3.0,2.0
2021-08-05 01:41:43,84.0,73.0,7.0,4.0
2021-08-05 01:41:44,81.0,69.0,7.0,5.0
2021-08-05 01:41:45,91.0,81.0,9.0,1.0
2021-08-05 01:41:46,83.0,75.0,7.0,1.0
2021-08-05 01:41:47,71.0,65.0,5.0,1.0
2021-08-05 01:41:48,99.0,87.0,7.0,5.0
2021-08-05 01:41:49,93.0,84.0,8.0,1.0
2021-08-05 01:41:50,83.0,77.0,6.0,0.0
2021-08-05 01:41:51,110.0,100.0,8.0,2.0
2021-08-05 01:41:52,87.0,74.0,6.0,7.0
2021-08-05 01:41:53,92.0,88.0,3.0,1.0
2021-08-05 01:41:54,94.0,84.0,7.0,3.0
2021-08-05 01:41:55,90.0,76.0,10.0,4.0
2021-08-05 01:41:56,105.0,92.0,6.0,7.0
2021-08-05 01:41:57,101.0,93.0,5.0,3.0
2021-08-05 01:41:58,99.0,93.0,4.0,2.0
2021-08-05 01:41:59,90.0,79.0,5.0,6.0
2021-08-05 01:42:00,96.0,82.0,9.0,5.0
2021-08-05 01:42:01,90.0,74.0,8.0,8.0
2021-08-05 01:42:02,102.0,93.0,7.0,2.0
2021-08-05 01:42:03,101.0,86.0,11.0,4.0
2021-08-05 01:42:04,90.0,78.0,6.0,6.0
2021-08-05 01:42:05,96.0,87.0,4.0,5.0
2021-08-05 01:42:06,87.0,81.0,5.0,1.0
2021-08-05 01:42:07,93.0,82.0,7.0,4.0
2021-08-05 01:42:08,86.0,76.0,5.0,5.0
2021-08-05 01:42:09,99.0,82.0,7.0,10.0
2021-08-05 01:42:10,87.0,77.0,4.0,6.0
2021-08-05 01:42:11,103.0,94.0,5.0,4.0
2021-08-05 01:42:12,95.0,78.0,10.0,7.0
2021-08-05 01:42:13,107.0,98.0,6.0,3.0
2021-08-05 01:42:14,94.0,86.0,6.0,2.0
2021-08-05 01:42:15,108.0,98.0,9.0,1.0
2021-08-05 01:42:16,109.0,97.0,7.0,5.0
2021-08-05 01:42:17,103.0,95.0,4.0,4.0
2021-08-05 01:42:18,90.0,82.0,8.0,0.0
2021-08-05 01:42:19,91.0,83.0,5.0,3.0
2021-08-05 01:42:20,96.0,86.0,7.0,3.0
2021-08-05 01:42:21,92.0,82.0,6.0,4.0
2021-08-05 01:42:22,90.0,79.0,4.0,7.0
2021-08-05 01:42:23,76.0,66.0,5.0,5.0
2021-08-05 01:42:24,98.0,84.0,9.0,5.0
2021-08-05 01:42:25,89.0,82.0,6.0,1.0
2021-08-05 01:42:26,95.0,87.0,3.0,5.0
2021-08-05 01:42:27,95.0,90.0,4.0,1.0
2021-08-05 01:42:28,96.0,86.0,9.0,1.0
2021-08-05 01:42:29,90.0,78.0,10.0,2.0
2021-08-05 01:42:30,87.0,74.0,11.0,2.0
2021-08-05 01:42:31,106.0,94.0,8.0,4.0
2021-08-05 01:42:32,91.0,72.0,12.0,7.0
2021-08-05 01:42:33,83.0,69.0,4.0,10.0
2021-08-05 01:42:34,89.0,78.0,8.0,3.0
2021-08-05 01:42:35,90.0,84.0,3.0,3.0
2021-08-05 01:42:36,79.0,72.0,5.0,2.0
2021-08-05 01:42:37,84.0,78.0,4.0,2.0
2021-08-05 01:42:38,77.0,66.0,7.0,4.0
2021-08-05 01:42:39,98.0,90.0,1.0,7.0
2021-08-05 01:42:40,88.0,75.0,9.0,4.0
2021-08-05 01:42:41,105.0,97.0,4.0,4.0
2021-08-05 01:42:42,82.0,68.0,7.0,7.0
2021-08-05 01:42:43,97.0,81.0,10.0,6.0
2021-08-05 01:42:44,94.0,85.0,5.0,4.0
2021-08-05 01:42:45,76.0,62.0,10.0,4.0
2021-08-05 01:42:46,87.0,72.0,11.0,4.0
2021-08-05 01:42:47,89.0,79.0,7.0,3.0
2021-08-05 01:42:48,101.0,94.0,3.0,4.0
2021-08-05 01:42:49,81.0,69.0,8.0,4.0
2021-08-05 01:42:50,92.0,78.0,11.0,3.0
2021-08-05 01:42:51,96.0,86.0,2.0,8.0
2021-08-05 01:42:52,93.0,85.0,3.0,5.0
2021-08-05 01:42:53,87.0,78.0,7.0,2.0
2021-08-05 01:42:54,107.0,98.0,6.0,3.0
2021-08-05 01:42:55,105.0,95.0,8.0,2.0
2021-08-05 01:42:56,86.0,77.0,7.0,2.0
2021-08-05 01:42:57,94.0,84.0,7.0,3.0
2021-08-05 01:42:58,107.0,94.0,7.0,6.0
2021-08-05 01:42:59,80.0,73.0,3.0,4.0
2021-08-05 01:43:00,111.0,96.0,13.0,2.0
2021-08-05 01:43:01,111.0,96.0,9.0,6.0
2021-08-05 01:43:02,80.0,64.0,12.0,4.0
2021-08-05 01:43:03,87.0,80.0,5.0,2.0
2021-08-05 01:43:04,96.0,83.0,10.0,3.0
2021-08-05 01:43:05,82.0,71.0,8.0,3.0
2021-08-05 01:43:06,84.0,73.0,9.0,2.0
2021-08-05 01:43:07,75.0,69.0,3.0,3.0
2021-08-05 01:43:08,105.0,98.0,6.0,1.0
2021-08-05 01:43:09,83.0,76.0,3.0,4.0
2021-08-05 01:43:10,79.0,68.0,6.0,5.0
2021-08-05 01:43:11,98.0,87.0,4.0,7.0
2021-08-05 01:43:12,99.0,87.0,7.0,5.0
2021-08-05 01:43:13,89.0,81.0,4.0,4.0
2021-08-05 01:43:14,99.0,84.0,8.0,7.0
2021-08-05 01:43:15,95.0,84.0,8.0,3.0
2021-08-05 01:43:16,91.0,76.0,11.0,4.0
2021-08-05 01:43:17,90.0,85.0,4.0,1.0
2021-08-05 01:43:18,92.0,79.0,7.0,6.0
2021-08-05 01:43:19,101.0,88.0,10.0,3.0
2021-08-05 01:43:20,90.0,75.0,10.0,5.0
2021-08-05 01:43:21,78.0,67.0,7.0,4.0
2021-08-05 01:43:22,98.0,86.0,3.0,9.0
2021-08-05 01:43:23,93.0,82.0,7.0,4.0
2021-08-05 01:43:24,107.0,95.0,8.0,4.0
2021-08-05 01:43:25,83.0,71.0,6.0,6.0
2021-08-05 01:43:26,97.0,81.0,12.0,4.0
2021-08-05 01:43:27,95.0,88.0,5.0,2.0
2021-08-05 01:43:28,95.0,83.0,6.0,6.0
2021-08-05 01:43:29,85.0,73.0,8.0,4.0
2021-08-05 01:43:30,81.0,70.0,5.0,6.0
2021-08-05 01:43:31,99.0,83.0,7.0,9.0
2021-08-05 01:43:32,108.0,96.0,8.0,4.0
2021-08-05 01:43:33,105.0,95.0,7.0,3.0
2021-08-05 01:43:34,72.0,64.0,3.0,5.0
2021-08-05 01:43:35,83.0,74.0,9.0,0.0
2021-08-05 01:43:36,98.0,85.0,5.0,8.0
2021-08-05 01:43:37,79.0,67.0,7.0,5.0
2021-08-05 01:43:38,74.0,70.0,1.0,3.0
2021-08-05 01:43:39,76.0,70.0,4.0,2.0
2021-08-05 01:43:40,94.0,80.0,9.0,5.0
2021-08-05 01:43:41,83.0,79.0,1.0,3.0
2021-08-05 01:43:42,96.0,82.0,11.0,3.0
2021-08-05 01:43:43,90.0,83.0,4.0,3.0
2021-08-05 01:43:44,95.0,87.0,5.0,3.0
2021-08-05 01:43:45,89.0,79.0,3.0,7.0
2021-08-05 01:43:46,95.0,89.0,2.0,4.0
2021-08-05 01:43:47,84.0,76.0,6.0,2.0
2021-08-05 01:43:48,106.0,88.0,10.0,8.0
2021-08-05 01:43:49,89.0,77.0,7.0,5.0
2021-08-05 01:43:50,78.0,68.0,3.0,7.0
2021-08-05 01:43:51,85.0,76.0,6.0,3.0
2021-08-05 01:43:52,83.0,70.0,5.0,8.0
2021-08-05 01:43:53,91.0,85.0,5.0,1.0
2021-08-05 01:43:54,93.0,78.0,9.0,6.0
2021-08-05 01:43:55,81.0,75.0,2.0,4.0
2021-08-05 01:43:56,82.0,67.0,13.0,2.0
2021-08-05 01:43:57,101.0,89.0,5.0,7.0
2021-08-05 01:43:58,88.0,82.0,5.0,1.0
2021-08-05 01:43:59,87.0,81.0,5.0,1.0
2021-08-05 01:44:00,90.0,81.0,2.0,7.0
2021-08-05 01:44:01,92.0,82.0,6.0,4.0
2021-08-05 01:44:02,93.0,84.0,5.0,4.0
2021-08-05 01:44:03,106.0,86.0,15.0,5.0
2021-08-05 01:44:04,88.0,81.0,3.0,4.0
2021-08-05 01:44:05,79.0,72.0,4.0,3.0
2021-08-05 01:44:06,85.0,73.0,8.0,4.0
2021-08-05 01:44:07,95.0,82.0,6.0,7.0
2021-08-05 01:44:08,98.0,89.0,2.0,7.0
2021-08-05 01:44:09,93.0,85.0,4.0,4.0
2021-08-05 01:44:10,108.0,96.0,9.0,3.0
2021-08-05 01:44:11,76.0,71.0,4.0,1.0
2021-08-05 01:44:12,81.0,73.0,3.0,5.0
2021-08-05 01:44:13,99.0,85.0,7.0,7.0
2021-08-05 01:44:14,101.0,93.0,4.0,4.0
2021-08-05 01:44:15,97.0,92.0,3.0,2.0
2021-08-05 01:44:16,92.0,86.0,4.0,2.0
2021-08-05 01:44:17,91.0,85.0,5.0,1.0
2021-08-05 01:44:18,95.0,87.0,3.0,5.0
2021-08-05 01:44:19,96.0,83.0,7.0,6.0
2021-08-05 01:44:20,97.0,82.0,5.0,10.0
2021-08-05 01:44:21,84.0,74.0,6.0,4.0
2021-08-05 01:44:22,84.0,69.0,10.0,5.0
2021-08-05 01:44:23,98.0,88.0,6.0,4.0
2021-08-05 01:44:24,97.0,89.0,1.0,7.0
2021-08-05 01:44:25,122.0,108.0,7.0,7.0
2021-08-05 01:44:26,98.0,86.0,8.0,4.0
2021-08-05 01:44:27,98.0,85.0,12.0,1.0
2021-08-05 01:44:28,87.0,74.0,9.0,4.0
2021-08-05 01:44:29,85.0,73.0,5.0,7.0
2021-08-05 01:44:30,104.0,84.0,11.0,9.0
2021-08-05 01:44:31,96.0,83.0,7.0,6.0
2021-08-05 01:44:32,102.0,98.0,1.0,3.0
2021-08-05 01:44:33,93.0,82.0,10.0,1.0
2021-08-05 01:44:34,99.0,88.0,6.0,5.0
2021-08-05 01:44:35,81.0,66.0,8.0,7.0
2021-08-05 01:44:36,75.0,71.0,1.0,3.0
2021-08-05 01:44:37,100.0,93.0,3.0,4.0
2021-08-05 01:44:38,86.0,72.0,8.0,6.0
2021-08-05 01:44:39,76.0,68.0,6.0,2.0
2021-08-05 01:44:40,77.0,69.0,7.0,1.0
2021-08-05 01:44:41,96.0,88.0,5.0,3.0
2021-08-05 01:44:42,90.0,85.0,4.0,1.0
2021-08-05 01:44:43,87.0,77.0,6.0,4.0
2021-08-05 01:44:44,87.0,71.0,8.0,8.0
2021-08-05 01:44:45,81.0,71.0,9.0,1.0
2021-08-05 01:44:46,75.0,67.0,4.0,4.0
2021-08-05 01:44:47,90.0,81.0,7.0,2.0
2021-08-05 01:44:48,89.0,81.0,5.0,3.0
2021-08-05 01:44:49,98.0,92.0,3.0,3.0
2021-08-05 01:44:50,88.0,75.0,9.0,4.0
2021-08-05 01:44:51,96.0,88.0,5.0,3.0
2021-08-05 01:44:52,113.0,100.0,10.0,3.0
2021-08-05 01:44:53,88.0,83.0,2.0,3.0
2021-08-05 01:44:54,85.0,80.0,3.0,2.0
2021-08-05 01:44:55,78.0,69.0,5.0,4.0
2021-08-05 01:44:56,85.0,74.0,6.0,5.0
2021-08-05 01:44:57,85.0,76.0,7.0,2.0
2021-08-05 01:44:58,75.0,66.0,4.0,5.0
2021-08-05 01:44:59,86.0,76.0,7.0,3.0
2021-08-05 01:45:00,101.0,91.0,8.0,2.0
2021-08-05 01:45:01,107.0,98.0,8.0,1.0
2021-08-05 01:45:02,95.0,82.0,7.0,6.0
2021-08-05 01:45:03,95.0,83.0,10.0,2.0
2021-08-05 01:45:04,76.0,66.0,4.0,6.0
2021-08-05 01:45:05,91.0,83.0,7.0,1.0
2021-08-05 01:45:06,98.0,89.0,4.0,5.0
2021-08-05 01:45:07,95.0,84.0,8.0,3.0
2021-08-05 01:45:08,90.0,80.0,8.0,2.0
2021-08-05 01:45:09,88.0,79.0,7.0,2.0
2021-08-05 01:45:10,91.0,83.0,6.0,2.0
2021-08-05 01:45:11,96.0,87.0,4.0,5.0
2021-08-05 01:45:12,102.0,87.0,11.0,4.0
2021-08-05 01:45:13,97.0,87.0,7.0,3.0
2021-08-05 01:45:14,83.0,76.0,2.0,5.0
2021-08-05 01:45:15,94.0,78.0,10.0,6.0
2021-08-05 01:45:16,100.0,83.0,12.0,5.0
2021-08-05 01:45:17,91.0,80.0,6.0,5.0
2021-08-05 01:45:18,99.0,90.0,7.0,2.0
2021-08-05 01:45:19,85.0,76.0,8.0,1.0
2021-08-05 01:45:20,90.0,76.0,12.0,2.0
2021-08-05 01:45:21,83.0,75.0,3.0,5.0
2021-08-05 01:45:22,89.0,81.0,5.0,3.0
2021-08-05 01:45:23,90.0,78.0,6.0,6.0
2021-08-05 01:45:24,98.0,87.0,7.0,4.0
2021-08-05 01:45:25,115.0,103.0,7.0,5.0
2021-08-05 01:45:26,92.0,80.0,8.0,4.0
2021-08-05 01:45:27,94.0,84.0,7.0,3.0
2021-08-05 01:45:28,78.0,65.0,5.0,8.0
2021-08-05 01:45:29,93.0,76.0,10.0,7.0
2021-08-05 01:45:30,104.0,93.0,8.0,3.0
2021-08-05 01:45:31,87.0,81.0,3.0,3.0
2021-08-05 01:45:32,78.0,68.0,6.0,4.0
2021-08-05 01:45:33,83.0,73.0,6.0,4.0
2021-08-05 01:45:34,114.0,99.0,8.0,7.0
2021-08-05 01:45:35,88.0,80.0,4.0,4.0
2021-08-05 01:45:36,85.0,76.0,4.0,5.0
2021-08-05 01:45:37,90.0,78.0,8.0,4.0
2021-08-05 01:45:38,90.0,80.0,5.0,5.0
2021-08-05 01:45:39,82.0,72.0,8.0,2.0
2021-08-05 01:45:40,89.0,75.0,5.0,9.0
2021-08-05 01:45:41,73.0,63.0,6.0,4.0
2021-08-05 01:45:42,104.0,92.0,11.0,1.0
2021-08-05 01:45:43,85.0,75.0,10.0,0.0
2021-08-05 01:45:44,83.0,77.0,4.0,2.0
2021-08-05 01:45:45,90.0,80.0,7.0,3.0
2021-08-05 01:45:46,96.0,90.0,5.0,1.0
2021-08-05 01:45:47,85.0,74.0,7.0,4.0
2021-08-05 01:45:48,95.0,86.0,5.0,4.0
2021-08-05 01:45:49,71.0,63.0,4.0,4.0
2021-08-05 01:45:50,97.0,88.0,6.0,3.0
2021-08-05 01:45:51,86.0,73.0,6.0,7.0
2021-08-05 01:45:52,82.0,72.0,7.0,3.0
2021-08-05 01:45:53,81.0,74.0,2.0,5.0
2021-08-05 01:45:54,88.0,82.0,5.0,1.0
2021-08-05 01:45:55,83.0,77.0,3.0,3.0
2021-08-05 01:45:56,88.0,80.0,5.0,3.0
2021-08-05 01:45:57,89.0,77.0,8.0,4.0
2021-08-05 01:45:58,92.0,78.0,9.0,5.0
2021-08-05 01:45:59,98.0,91.0,6.0,1.0
2021-08-05 01:46:00,84.0,79.0,3.0,2.0
2021-08-05 01:46:01,98.0,91.0,3.0,4.0
2021-08-05 01:46:02,97.0,84.0,6.0,7.0
2021-08-05 01:46:03,99.0,87.0,8.0,4.0
2021-08-05 01:46:04,95.0,78.0,9.0,8.0
2021-08-05 01:46:05,83.0,70.0,10.0,3.0
2021-08-05 01:46:06,99.0,88.0,8.0,3.0
2021-08-05 01:46:07,78.0,68.0,3.0,7.0
2021-08-05 01:46:08,104.0,87.0,8.0,9.0
2021-08-05 01:46:09,101.0,88.0,7.0,6.0
2021-08-05 01:46:10,96.0,87.0,7.0,2.0
2021-08-05 01:46:11,103.0,96.0,4.0,3.0
2021-08-05 01:46:12,98.0,87.0,7.0,4.0
2021-08-05 01:46:13,100.0,95.0,1.0,4.0
2021-08-05 01:46:14,106.0,92.0,8.0,6.0
2021-08-05 01:46:15,86.0,72.0,8.0,6.0
2021-08-05 01:46:16,102.0,92.0,8.0,2.0
2021-08-05 01:46:17,95.0,85.0,4.0,6.0
2021-08-05 01:46:18,107.0,89.0,12.0,6.0
2021-08-05 01:46:19,81.0,72.0,6.0,3.0
2021-08-05 01:46:20,100.0,84.0,11.0,5.0
2021-08-05 01:46:21,92.0,82.0,7.0,3.0
2021-08-05 01:46:22,100.0,90.0,7.0,3.0
2021-08-05 01:46:23,97.0,88.0,6.0,3.0
2021-08-05 01:46:24,90.0,72.0,12.0,6.0
2021-08-05 01:46:25,97.0,92.0,2.0,3.0
2021-08-05 01:46:26,91.0,75.0,12.0,4.0
2021-08-05 01:46:27,101.0,86.0,8.0,7.0
2021-08-05 01:46:28,84.0,71.0,4.0,9.0
2021-08-05 01:46:29,78.0,72.0,3.0,3.0
2021-08-05 01:46:30,96.0,89.0,5.0,2.0
2021-08-05 01:46:31,85.0,73.0,8.0,4.0
2021-08-05 01:46:32,100.0,91.0,7.0,2.0
2021-08-05 01:46:33,91.0,79.0,9.0,3.0
2021-08-05 01:46:34,80.0,63.0,9.0,8.0
2021-08-05 01:46:35,97.0,90.0,4.0,3.0
2021-08-05 01:46:36,83.0,73.0,8.0,2.0
2021-08-05 01:46:37,95.0,84.0,7.0,4.0
2021-08-05 01:46:38,84.0,78.0,3.0,3.0
2021-08-05 01:46:39,90.0,82.0,3.0,5.0
2021-08-05 01:46:40,97.0,84.0,7.0,6.0
2021-08-05 01:46:41,95.0,85.0,7.0,3.0
2021-08-05 01:46:42,94.0,86.0,5.0,3.0
2021-08-05 01:46:43,100.0,92.0,7.0,1.0
2021-08-05 01:46:44,98.0,90.0,4.0,4.0
2021-08-05 01:46:45,98.0,82.0,12.0,4.0
2021-08-05 01:46:46,103.0,90.0,5.0,8.0
2021-08-05 01:46:47,77.0,69.0,6.0,2.0
2021-08-05 01:46:48,88.0,80.0,4.0,4.0
2021-08-05 01:46:49,73.0,64.0,8.0,1.0
2021-08-05 01:46:50,102.0,90.0,7.0,5.0
2021-08-05 01:46:51,91.0,79.0,10.0,2.0
2021-08-05 01:46:52,93.0,84.0,7.0,2.0
2021-08-05 01:46:53,86.0,75.0,7.0,4.0
2021-08-05 01:46:54,91.0,77.0,6.0,8.0
2021-08-05 01:46:55,91.0,82.0,6.0,3.0
2021-08-05 01:46:56,95.0,85.0,4.0,6.0
2021-08-05 01:46:57,81.0,72.0,5.0,4.0
2021-08-05 01:46:58,108.0,93.0,10.0,5.0
2021-08-05 01:46:59,87.0,77.0,7.0,3.0
2021-08-05 01:47:00,102.0,89.0,10.0,3.0
2021-08-05 01:47:01,97.0,85.0,6.0,6.0
2021-08-05 01:47:02,94.0,82.0,9.0,3.0
2021-08-05 01:47:03,93.0,78.0,10.0,5.0
2021-08-05 01:47:04,79.0,74.0,4.0,1.0
2021-08-05 01:47:05,87.0,78.0,7.0,2.0
2021-08-05 01:47:06,105.0,92.0,8.0,5.0
2021-08-05 01:47:07,110.0,102.0,5.0,3.0
2021-08-05 01:47:08,101.0,81.0,9.0,11.0
2021-08-05 01:47:09,100.0,88.0,7.0,5.0
2021-08-05 01:47:10,90.0,78.0,8.0,4.0
2021-08-05 01:47:11,96.0,85.0,9.0,2.0
2021-08-05 01:47:12,84.0,70.0,7.0,7.0
2021-08-05 01:47:13,90.0,80.0,7.0,3.0
2021-08-05 01:47:14,94.0,82.0,8.0,4.0
2021-08-05 01:47:15,90.0,83.0,4.0,3.0
2021-08-05 01:47:16,90.0,82.0,5.0,3.0
2021-08-05 01:47:17,103.0,91.0,10.0,2.0
2021-08-05 01:47:18,113.0,102.0,6.0,5.0
2021-08-05 01:47:19,69.0,63.0,3.0,3.0
2021-08-05 01:47:20,109.0,92.0,8.0,9.0
2021-08-05 01:47:21,74.0,69.0,5.0,0.0
2021-08-05 01:47:22,108.0,91.0,10.0,7.0
2021-08-05 01:47:23,96.0,88.0,3.0,5.0
2021-08-05 01:47:24,76.0,70.0,4.0,2.0
2021-08-05 01:47:25,81.0,67.0,4.0,10.0
2021-08-05 01:47:26,116.0,101.0,6.0,9.0
2021-08-05 01:47:27,73.0,66.0,6.0,1.0
2021-08-05 01:47:28,85.0,76.0,6.0,3.0
2021-08-05 01:47:29,85.0,67.0,10.0,8.0
2021-08-05 01:47:30,88.0,81.0,4.0,3.0
2021-08-05 01:47:31,108.0,96.0,5.0,7.0
2021-08-05 01:47:32,88.0,76.0,7.0,5.0
2021-08-05 01:47:33,92.0,81.0,6.0,5.0
2021-08-05 01:47:34,90.0,82.0,5.0,3.0
2021-08-05 01:47:35,98.0,86.0,8.0,4.0
2021-08-05 01:47:36,88.0,73.0,10.0,5.0
2021-08-05 01:47:37,87.0,79.0,4.0,4.0
2021-08-05 01:47:38,79.0,70.0,3.0,6.0
2021-08-05 01:47:39,108.0,96.0,7.0,5.0
2021-08-05 01:47:40,84.0,70.0,8.0,6.0
2021-08-05 01:47:41,81.0,73.0,4.0,4.0
2021-08-05 01:47:42,95.0,81.0,6.0,8.0
2021-08-05 01:47:43,81.0,70.0,7.0,4.0
2021-08-05 01:47:44,78.0,71.0,3.0,4.0
2021-08-05 01:47:45,85.0,75.0,7.0,3.0
2021-08-05 01:47:46,68.0,62.0,6.0,0.0
2021-08-05 01:47:47,100.0,88.0,6.0,6.0
2021-08-05 01:47:48,93.0,82.0,6.0,5.0
2021-08-05 01:47:49,93.0,81.0,7.0,5.0
2021-08-05 01:47:50,112.0,95.0,10.0,7.0
2021-08-05 01:47:51,81.0,73.0,7.0,1.0
2021-08-05 01:47:52,110.0,98.0,3.0,9.0
2021-08-05 01:47:53,106.0,94.0,6.0,6.0
2021-08-05 01:47:54,101.0,92.0,4.0,5.0
2021-08-05 01:47:55,90.0,83.0,2.0,5.0
2021-08-05 01:47:56,88.0,77.0,6.0,5.0
2021-08-05 01:47:57,75.0,70.0,4.0,1.0
2021-08-05 01:47:58,91.0,88.0,1.0,2.0
2021-08-05 01:47:59,101.0,91.0,8.0,2.0
2021-08-05 01:48:00,92.0,84.0,1.0,7.0
2021-08-05 01:48:01,101.0,89.0,7.0,5.0
2021-08-05 01:48:02,88.0,79.0,6.0,3.0
2021-08-05 01:48:03,84.0,77.0,3.0,4.0
2021-08-05 01:48:04,94.0,80.0,6.0,8.0
2021-08-05 01:48:05,82.0,72.0,5.0,5.0
2021-08-05 01:48:06,76.0,67.0,3.0,6.0
2021-08-05 01:48:07,87.0,77.0,6.0,4.0
2021-08-05 01:48:08,104.0,96.0,5.0,3.0
2021-08-05 01:48:09,83.0,74.0,2.0,7.0
2021-08-05 01:48:10,84.0,74.0,4.0,6.0
2021-08-05 01:48:11,88.0,79.0,4.0,5.0
2021-08-05 01:48:12,86.0,68.0,8.0,10.0
2021-08-05 01:48:13,99.0,92.0,6.0,1.0
2021-08-05 01:48:14,90.0,80.0,4.0,6.0
2021-08-05 01:48:15,71.0,61.0,6.0,4.0
2021-08-05 01:48:16,92.0,85.0,2.0,5.0
2021-08-05 01:48:17,92.0,77.0,11.0,4.0
2021-08-05 01:48:18,86.0,77.0,5.0,4.0
2021-08-05 01:48:19,98.0,85.0,8.0,5.0
2021-08-05 01:48:20,93.0,83.0,4.0,6.0
2021-08-05 01:48:21,91.0,81.0,7.0,3.0
2021-08-05 01:48:22,105.0,95.0,8.0,2.0
2021-08-05 01:48:23,91.0,74.0,9.0,8.0
2021-08-05 01:48:24,90.0,78.0,7.0,5.0
2021-08-05 01:48:25,80.0,73.0,6.0,1.0
2021-08-05 01:48:26,92.0,84.0,5.0,3.0
2021-08-05 01:48:27,84.0,75.0,4.0,5.0
2021-08-05 01:48:28,92.0,85.0,5.0,2.0
2021-08-05 01:48:29,95.0,89.0,3.0,3.0
2021-08-05 01:48:30,91.0,82.0,5.0,4.0
2021-08-05 01:48:31,105.0,98.0,1.0,6.0
2021-08-05 01:48:32,84.0,75.0,7.0,2.0
2021-08-05 01:48:33,69.0,64.0,3.0,2.0
2021-08-05 01:48:34,85.0,78.0,6.0,1.0
2021-08-05 01:48:35,91.0,78.0,9.0,4.0
2021-08-05 01:48:36,98.0,87.0,8.0,3.0
2021-08-05 01:48:37,104.0,95.0,4.0,5.0
2021-08-05 01:48:38,109.0,93.0,13.0,3.0
2021-08-05 01:48:39,90.0,83.0,5.0,2.0
2021-08-05 01:48:40,98.0,90.0,5.0,3.0
2021-08-05 01:48:41,86.0,76.0,8.0,2.0
2021-08-05 01:48:42,91.0,83.0,5.0,3.0
2021-08-05 01:48:43,94.0,84.0,5.0,5.0
2021-08-05 01:48:44,107.0,97.0,5.0,5.0
2021-08-05 01:48:45,98.0,86.0,8.0,4.0
2021-08-05 01:48:46,94.0,88.0,4.0,2.0
2021-08-05 01:48:47,81.0,74.0,6.0,1.0
2021-08-05 01:48:48,89.0,75.0,9.0,5.0
2021-08-05 01:48:49,88.0,75.0,11.0,2.0
2021-08-05 01:48:50,85.0,76.0,7.0,2.0
2021-08-05 01:48:51,105.0,95.0,4.0,6.0
2021-08-05 01:48:52,88.0,75.0,9.0,4.0
2021-08-05 01:48:53,89.0,81.0,4.0,4.0
2021-08-05 01:48:54,89.0,76.0,5.0,8.0
2021-08-05 01:48:55,94.0,84.0,6.0,4.0
2021-08-05 01:48:56,107.0,97.0,4.0,6.0
2021-08-05 01:48:57,99.0,84.0,9.0,6.0
2021-08-05 01:48:58,85.0,79.0,6.0,0.0
2021-08-05 01:48:59,92.0,77.0,8.0,7.0
2021-08-05 01:49:00,86.0,73.0,8.0,5.0
2021-08-05 01:49:01,93.0,85.0,7.0,1.0
2021-08-05 01:49:02,104.0,94.0,4.0,6.0
2021-08-05 01:49:03,90.0,80.0,7.0,3.0
2021-08-05 01:49:04,100.0,92.0,5.0,3.0
2021-08-05 01:49:05,100.0,86.0,8.0,6.0
2021-08-05 01:49:06,91.0,85.0,3.0,3.0
2021-08-05 01:49:07,79.0,70.0,6.0,3.0
2021-08-05 01:49:08,103.0,92.0,7.0,4.0
2021-08-05 01:49:09,85.0,74.0,7.0,4.0
2021-08-05 01:49:10,87.0,80.0,5.0,2.0
2021-08-05 01:49:11,87.0,78.0,6.0,3.0
2021-08-05 01:49:12,120.0,101.0,10.0,9.0
2021-08-05 01:49:13,88.0,76.0,7.0,5.0
2021-08-05 01:49:14,91.0,85.0,4.0,2.0
2021-08-05 01:49:15,100.0,90.0,5.0,5.0
2021-08-05 01:49:16,87.0,79.0,6.0,2.0
2021-08-05 01:49:17,92.0,81.0,8.0,3.0
2021-08-05 01:49:18,96.0,85.0,3.0,8.0
2021-08-05 01:49:19,85.0,73.0,5.0,7.0
2021-08-05 01:49:20,92.0,82.0,7.0,3.0
2021-08-05 01:49:21,84.0,69.0,10.0,5.0
2021-08-05 01:49:22,90.0,81.0,6.0,3.0
2021-08-05 01:49:23,106.0,89.0,11.0,6.0
2021-08-05 01:49:24,97.0,87.0,7.0,3.0
2021-08-05 01:49:25,78.0,66.0,6.0,6.0
2021-08-05 01:49:26,92.0,77.0,8.0,7.0
2021-08-05 01:49:27,83.0,75.0,5.0,3.0
2021-08-05 01:49:28,106.0,92.0,10.0,4.0
2021-08-05 01:49:29,85.0,75.0,9.0,1.0
2021-08-05 01:49:30,93.0,86.0,5.0,2.0
2021-08-05 01:49:31,90.0,77.0,7.0,6.0
2021-08-05 01:49:32,98.0,86.0,9.0,3.0
2021-08-05 01:49:33,103.0,89.0,7.0,7.0
2021-08-05 01:49:34,90.0,83.0,4.0,3.0
2021-08-05 01:49:35,91.0,82.0,8.0,1.0
2021-08-05 01:49:36,107.0,98.0,7.0,2.0
2021-08-05 01:49:37,93.0,81.0,7.0,5.0
2021-08-05 01:49:38,85.0,69.0,10.0,6.0
2021-08-05 01:49:39,85.0,76.0,8.0,1.0
2021-08-05 01:49:40,103.0,90.0,8.0,5.0
2021-08-05 01:49:41,92.0,80.0,9.0,3.0
2021-08-05 01:49:42,90.0,81.0,6.0,3.0
2021-08-05 01:49:43,88.0,85.0,1.0,2.0
2021-08-05 01:49:44,70.0,63.0,4.0,3.0
2021-08-05 01:49:45,100.0,82.0,15.0,3.0
2021-08-05 01:49:46,93.0,83.0,4.0,6.0
2021-08-05 01:49:47,87.0,78.0,5.0,4.0
2021-08-05 01:49:48,98.0,84.0,9.0,5.0
2021-08-05 01:49:49,107.0,96.0,9.0,2.0
2021-08-05 01:49:50,87.0,78.0,6.0,3.0
2021-08-05 01:49:51,91.0,81.0,5.0,5.0
2021-08-05 01:49:52,113.0,105.0,3.0,5.0
2021-08-05 01:49:53,91.0,75.0,8.0,8.0
2021-08-05 01:49:54,104.0,90.0,9.0,5.0
2021-08-05 01:49:55,104.0,93.0,8.0,3.0
2021-08-05 01:49:56,93.0,83.0,8.0,2.0
2021-08-05 01:49:57,96.0,91.0,4.0,1.0
2021-08-05 01:49:58,105.0,97.0,3.0,5.0
2021-08-05 01:49:59,100.0,84.0,11.0,5.0
2021-08-05 01:50:00,91.0,76.0,11.0,4.0
2021-08-05 01:50:01,111.0,99.0,8.0,4.0
2021-08-05 01:50:02,85.0,76.0,5.0,4.0
2021-08-05 01:50:03,85.0,78.0,5.0,2.0
2021-08-05 01:50:04,98.0,89.0,6.0,3.0
2021-08-05 01:50:05,93.0,82.0,8.0,3.0
2021-08-05 01:50:06,87.0,79.0,2.0,6.0
2021-08-05 01:50:07,98.0,88.0,7.0,3.0
2021-08-05 01:50:08,100.0,91.0,6.0,3.0
2021-08-05 01:50:09,100.0,93.0,3.0,4.0
2021-08-05 01:50:10,98.0,86.0,8.0,4.0
2021-08-05 01:50:11,109.0,93.0,9.0,7.0
2021-08-05 01:50:12,85.0,74.0,7.0,4.0
2021-08-05 01:50:13,89.0,76.0,9.0,4.0
2021-08-05 01:50:14,101.0,85.0,6.0,10.0
2021-08-05 01:50:15,97.0,88.0,4.0,5.0
2021-08-05 01:50:16,89.0,77.0,5.0,7.0
2021-08-05 01:50:17,94.0,84.0,5.0,5.0
2021-08-05 01:50:18,91.0,79.0,4.0,8.0
2021-08-05 01:50:19,78.0,69.0,5.0,4.0
2021-08-05 01:50:20,97.0,86.0,7.0,4.0
2021-08-05 01:50:21,84.0,74.0,4.0,6.0
2021-08-05 01:50:22,93.0,82.0,7.0,4.0
2021-08-05 01:50:23,92.0,83.0,4.0,5.0
2021-08-05 01:50:24,85.0,80.0,3.0,2.0
2021-08-05 01:50:25,94.0,89.0,2.0,3.0
2021-08-05 01:50:26,83.0,74.0,4.0,5.0
2021-08-05 01:50:27,91.0,75.0,6.0,10.0
2021-08-05 01:50:28,110.0,99.0,8.0,3.0
2021-08-05 01:50:29,98.0,91.0,3.0,4.0
2021-08-05 01:50:30,85.0,74.0,6.0,5.0
2021-08-05 01:50:31,88.0,79.0,5.0,4.0
2021-08-05 01:50:32,79.0,70.0,6.0,3.0
2021-08-05 01:50:33,106.0,91.0,8.0,7.0
2021-08-05 01:50:34,99.0,86.0,7.0,6.0
2021-08-05 01:50:35,86.0,77.0,3.0,6.0
2021-08-05 01:50:36,98.0,87.0,9.0,2.0
2021-08-05 01:50:37,76.0,69.0,2.0,5.0
2021-08-05 01:50:38,105.0,90.0,11.0,4.0
2021-08-05 01:50:39,79.0,69.0,8.0,2.0
2021-08-05 01:50:40,108.0,93.0,8.0,7.0
2021-08-05 01:50:41,95.0,83.0,5.0,7.0
2021-08-05 01:50:42,109.0,100.0,5.0,4.0
2021-08-05 01:50:43,81.0,77.0,1.0,3.0
2021-08-05 01:50:44,82.0,74.0,3.0,5.0
2021-08-05 01:50:45,82.0,70.0,7.0,5.0
2021-08-05 01:50:46,92.0,82.0,7.0,3.0
2021-08-05 01:50:47,79.0,66.0,7.0,6.0
2021-08-05 01:50:48,86.0,69.0,9.0,8.0
2021-08-05 01:50:49,100.0,91.0,4.0,5.0
2021-08-05 01:50:50,77.0,65.0,6.0,6.0
2021-08-05 01:50:51,104.0,93.0,6.0,5.0
2021-08-05 01:50:52,96.0,85.0,6.0,5.0
2021-08-05 01:50:53,90.0,81.0,8.0,1.0
2021-08-05 01:50:54,85.0,76.0,8.0,1.0
2021-08-05 01:50:55,96.0,78.0,12.0,6.0
2021-08-05 01:50:56,106.0,94.0,6.0,6.0
2021-08-05 01:50:57,90.0,78.0,5.0,7.0
2021-08-05 01:50:58,103.0,89.0,6.0,8.0
2021-08-05 01:50:59,88.0,79.0,8.0,1.0
2021-08-05 01:51:00,88.0,82.0,5.0,1.0
2021-08-05 01:51:01,86.0,81.0,1.0,4.0
2021-08-05 01:51:02,99.0,84.0,11.0,4.0
2021-08-05 01:51:03,96.0,80.0,9.0,7.0
2021-08-05 01:51:04,108.0,88.0,9.0,11.0
2021-08-05 01:51:05,93.0,79.0,8.0,6.0
2021-08-05 01:51:06,85.0,76.0,5.0,4.0
2021-08-05 01:51:07,101.0,92.0,6.0,3.0
2021-08-05 01:51:08,78.0,69.0,6.0,3.0
2021-08-05 01:51:09,75.0,68.0,4.0,3.0
2021-08-05 01:51:10,91.0,80.0,7.0,4.0
2021-08-05 01:51:11,74.0,66.0,3.0,5.0
2021-08-05 01:51:12,104.0,99.0,3.0,2.0
2021-08-05 01:51:13,81.0,69.0,9.0,3.0
2021-08-05 01:51:14,83.0,72.0,8.0,3.0
2021-08-05 01:51:15,111.0,101.0,8.0,2.0
2021-08-05 01:51:16,107.0,97.0,5.0,5.0
2021-08-05 01:51:17,88.0,78.0,4.0,6.0
2021-08-05 01:51:18,87.0,80.0,2.0,5.0
2021-08-05 01:51:19,108.0,91.0,12.0,5.0
2021-08-05 01:51:20,100.0,90.0,7.0,3.0
2021-08-05 01:51:21,115.0,100.0,10.0,5.0
2021-08-05 01:51:22,93.0,83.0,6.0,4.0
2021-08-05 01:51:23,85.0,75.0,8.0,2.0
2021-08-05 01:51:24,99.0,87.0,9.0,3.0
2021-08-05 01:51:25,100.0,89.0,6.0,5.0
2021-08-05 01:51:26,77.0,73.0,3.0,1.0
2021-08-05 01:51:27,89.0,81.0,3.0,5.0
2021-08-05 01:51:28,74.0,66.0,6.0,2.0
2021-08-05 01:51:29,96.0,81.0,10.0,5.0
2021-08-05 01:51:30,89.0,81.0,5.0,3.0
2021-08-05 01:51:31,69.0,63.0,6.0,0.0
2021-08-05 01:51:32,85.0,69.0,9.0,7.0
2021-08-05 01:51:33,92.0,73.0,12.0,7.0
2021-08-05 01:51:34,103.0,93.0,7.0,3.0
2021-08-05 01:51:35,91.0,79.0,4.0,8.0
2021-08-05 01:51:36,116.0,101.0,12.0,3.0
2021-08-05 01:51:37,92.0,83.0,7.0,2.0
2021-08-05 01:51:38,92.0,83.0,5.0,4.0
2021-08-05 01:51:39,90.0,77.0,8.0,5.0
2021-08-05 01:51:40,89.0,75.0,9.0,5.0
2021-08-05 01:51:41,91.0,83.0,1.0,7.0
2021-08-05 01:51:42,84.0,76.0,5.0,3.0
2021-08-05 01:51:43,100.0,88.0,10.0,2.0
2021-08-05 01:51:44,103.0,97.0,3.0,3.0
2021-08-05 01:51:45,84.0,75.0,6.0,3.0
2021-08-05 01:51:46,102.0,87.0,8.0,7.0
2021-08-05 01:51:47,90.0,78.0,9.0,3.0
2021-08-05 01:51:48,90.0,80.0,6.0,4.0
2021-08-05 01:51:49,85.0,80.0,4.0,1.0
2021-08-05 01:51:50,106.0,97.0,3.0,6.0
2021-08-05 01:51:51,96.0,81.0,11.0,4.0
2021-08-05 01:51:52,91.0,79.0,9.0,3.0
2021-08-05 01:51:53,112.0,97.0,9.0,6.0
2021-08-05 01:51:54,81.0,69.0,7.0,5.0
2021-08-05 01:51:55,92.0,82.0,8.0,2.0
2021-08-05 01:51:56,92.0,83.0,4.0,5.0
2021-08-05 01:51:57,93.0,84.0,3.0,6.0
2021-08-05 01:51:58,93.0,78.0,8.0,7.0
2021-08-05 01:51:59,111.0,101.0,8.0,2.0
2021-08-05 01:52:00,82.0,70.0,6.0,6.0
2021-08-05 01:52:01,96.0,90.0,5.0,1.0
2021-08-05 01:52:02,88.0,77.0,6.0,5.0
2021-08-05 01:52:03,91.0,82.0,6.0,3.0
2021-08-05 01:52:04,103.0,87.0,8.0,8.0
2021-08-05 01:52:05,100.0,88.0,8.0,4.0
2021-08-05 01:52:06,88.0,77.0,6.0,5.0
2021-08-05 01:52:07,95.0,83.0,6.0,6.0
2021-08-05 01:52:08,88.0,79.0,4.0,5.0
2021-08-05 01:52:09,90.0,82.0,6.0,2.0
2021-08-05 01:52:10,105.0,95.0,6.0,4.0
2021-08-05 01:52:11,93.0,78.0,7.0,8.0
2021-08-05 01:52:12,105.0,91.0,9.0,5.0
2021-08-05 01:52:13,86.0,72.0,9.0,5.0
2021-08-05 01:52:14,87.0,80.0,4.0,3.0
2021-08-05 01:52:15,103.0,91.0,8.0,4.0
2021-08-05 01:52:16,89.0,82.0,5.0,2.0
2021-08-05 01:52:17,81.0,79.0,2.0,0.0
2021-08-05 01:52:18,76.0,67.0,2.0,7.0
2021-08-05 01:52:19,92.0,84.0,1.0,7.0
2021-08-05 01:52:20,87.0,74.0,7.0,6.0
2021-08-05 01:52:21,102.0,88.0,9.0,5.0
2021-08-05 01:52:22,79.0,72.0,5.0,2.0
2021-08-05 01:52:23,88.0,75.0,9.0,4.0
2021-08-05 01:52:24,91.0,77.0,6.0,8.0
2021-08-05 01:52:25,88.0,76.0,7.0,5.0
2021-08-05 01:52:26,97.0,89.0,5.0,3.0
2021-08-05 01:52:27,94.0,86.0,6.0,2.0
2021-08-05 01:52:28,111.0,97.0,10.0,4.0
2021-08-05 01:52:29,87.0,76.0,8.0,3.0
2021-08-05 01:52:30,82.0,72.0,3.0,7.0
2021-08-05 01:52:31,91.0,79.0,7.0,5.0
2021-08-05 01:52:32,97.0,85.0,7.0,5.0
2021-08-05 01:52:33,84.0,77.0,4.0,3.0
2021-08-05 01:52:34,100.0,89.0,5.0,6.0
2021-08-05 01:52:35,90.0,79.0,6.0,5.0
2021-08-05 01:52:36,79.0,69.0,7.0,3.0
2021-08-05 01:52:37,90.0,83.0,4.0,3.0
2021-08-05 01:52:38,92.0,82.0,6.0,4.0
2021-08-05 01:52:39,99.0,76.0,14.0,9.0
2021-08-05 01:52:40,91.0,85.0,1.0,5.0
2021-08-05 01:52:41,97.0,83.0,9.0,5.0
2021-08-05 01:52:42,95.0,86.0,4.0,5.0
2021-08-05 01:52:43,79.0,66.0,7.0,6.0
2021-08-05 01:52:44,92.0,79.0,7.0,6.0
2021-08-05 01:52:45,84.0,75.0,7.0,2.0
2021-08-05 01:52:46,99.0,90.0,6.0,3.0
2021-08-05 01:52:47,86.0,77.0,7.0,2.0
2021-08-05 01:52:48,90.0,83.0,5.0,2.0
2021-08-05 01:52:49,81.0,69.0,7.0,5.0
2021-08-05 01:52:50,78.0,69.0,8.0,1.0
2021-08-05 01:52:51,101.0,93.0,6.0,2.0
2021-08-05 01:52:52,110.0,98.0,8.0,4.0
2021-08-05 01:52:53,89.0,76.0,7.0,6.0
2021-08-05 01:52:54,88.0,74.0,7.0,7.0
2021-08-05 01:52:55,80.0,64.0,11.0,5.0
2021-08-05 01:52:56,84.0,72.0,7.0,5.0
2021-08-05 01:52:57,100.0,93.0,4.0,3.0
2021-08-05 01:52:58,94.0,83.0,5.0,6.0
2021-08-05 01:52:59,98.0,90.0,5.0,3.0
2021-08-05 01:53:00,96.0,90.0,4.0,2.0
2021-08-05 01:53:01,89.0,77.0,9.0,3.0
2021-08-05 01:53:02,100.0,93.0,0.0,7.0
2021-08-05 01:53:03,106.0,90.0,12.0,4.0
2021-08-05 01:53:04,95.0,86.0,6.0,3.0
2021-08-05 01:53:05,78.0,68.0,6.0,4.0
2021-08-05 01:53:06,94.0,85.0,7.0,2.0
2021-08-05 01:53:07,102.0,92.0,8.0,2.0
2021-08-05 01:53:08,96.0,89.0,4.0,3.0
2021-08-05 01:53:09,77.0,68.0,5.0,4.0
2021-08-05 01:53:10,80.0,75.0,3.0,2.0
2021-08-05 01:53:11,85.0,78.0,4.0,3.0
2021-08-05 01:53:12,90.0,80.0,6.0,4.0
2021-08-05 01:53:13,102.0,85.0,11.0,6.0
2021-08-05 01:53:14,90.0,80.0,4.0,6.0
2021-08-05 01:53:15,96.0,82.0,7.0,7.0
2021-08-05 01:53:16,70.0,62.0,4.0,4.0
2021-08-05 01:53:17,93.0,84.0,6.0,3.0
2021-08-05 01:53:18,92.0,83.0,5.0,4.0
2021-08-05 01:53:19,107.0,98.0,6.0,3.0
2021-08-05 01:53:20,99.0,91.0,5.0,3.0
2021-08-05 01:53:21,89.0,75.0,11.0,3.0
2021-08-05 01:53:22,88.0,74.0,8.0,6.0
2021-08-05 01:53:23,103.0,90.0,7.0,6.0
2021-08-05 01:53:24,114.0,101.0,7.0,6.0
2021-08-05 01:53:25,96.0,85.0,6.0,5.0
2021-08-05 01:53:26,93.0,77.0,11.0,5.0
2021-08-05 01:53:27,91.0,82.0,4.0,5.0
2021-08-05 01:53:28,88.0,73.0,10.0,5.0
2021-08-05 01:53:29,82.0,76.0,4.0,2.0
2021-08-05 01:53:30,98.0,88.0,6.0,4.0
2021-08-05 01:53:31,91.0,77.0,9.0,5.0
2021-08-05 01:53:32,86.0,75.0,8.0,3.0
2021-08-05 01:53:33,95.0,81.0,8.0,6.0
2021-08-05 01:53:34,70.0,60.0,3.0,7.0
2021-08-05 01:53:35,98.0,88.0,5.0,5.0
2021-08-05 01:53:36,73.0,64.0,6.0,3.0
2021-08-05 01:53:37,79.0,69.0,5.0,5.0
2021-08-05 01:53:38,95.0,78.0,12.0,5.0
2021-08-05 01:53:39,113.0,106.0,2.0,5.0
2021-08-05 01:53:40,85.0,78.0,3.0,4.0
2021-08-05 01:53:41,90.0,80.0,4.0,6.0
2021-08-05 01:53:42,82.0,68.0,7.0,7.0
2021-08-05 01:53:43,100.0,85.0,8.0,7.0
2021-08-05 01:53:44,87.0,80.0,6.0,1.0
2021-08-05 01:53:45,98.0,83.0,9.0,6.0
2021-08-05 01:53:46,97.0,83.0,9.0,5.0
2021-08-05 01:53:47,81.0,71.0,7.0,3.0
2021-08-05 01:53:48,105.0,96.0,6.0,3.0
2021-08-05 01:53:49,84.0,73.0,7.0,4.0
2021-08-05 01:53:50,83.0,72.0,9.0,2.0
2021-08-05 01:53:51,88.0,78.0,5.0,5.0
2021-08-05 01:53:52,85.0,78.0,4.0,3.0
2021-08-05 01:53:53,91.0,79.0,9.0,3.0
2021-08-05 01:53:54,85.0,73.0,7.0,5.0
2021-08-05 01:53:55,84.0,76.0,3.0,5.0
2021-08-05 01:53:56,113.0,100.0,6.0,7.0
2021-08-05 01:53:57,99.0,86.0,8.0,5.0
2021-08-05 01:53:58,90.0,85.0,5.0,0.0
2021-08-05 01:53:59,89.0,75.0,4.0,10.0
2021-08-05 01:54:00,79.0,64.0,11.0,4.0
2021-08-05 01:54:01,92.0,82.0,9.0,1.0
2021-08-05 01:54:02,93.0,83.0,6.0,4.0
2021-08-05 01:54:03,88.0,74.0,9.0,5.0
2021-08-05 01:54:04,90.0,79.0,9.0,2.0
2021-08-05 01:54:05,110.0,102.0,4.0,4.0
2021-08-05 01:54:06,100.0,81.0,12.0,7.0
2021-08-05 01:54:07,92.0,88.0,2.0,2.0
2021-08-05 01:54:08,79.0,70.0,6.0,3.0
2021-08-05 01:54:09,73.0,61.0,5.0,7.0
2021-08-05 01:54:10,115.0,96.0,14.0,5.0
2021-08-05 01:54:11,76.0,68.0,2.0,6.0
2021-08-05 01:54:12,73.0,68.0,4.0,1.0
2021-08-05 01:54:13,84.0,76.0,5.0,3.0
2021-08-05 01:54:14,84.0,77.0,5.0,2.0
2021-08-05 01:54:15,94.0,81.0,6.0,7.0
2021-08-05 01:54:16,77.0,64.0,8.0,5.0
2021-08-05 01:54:17,91.0,85.0,2.0,4.0
2021-08-05 01:54:18,86.0,75.0,8.0,3.0
2021-08-05 01:54:19,93.0,80.0,9.0,4.0
2021-08-05 01:54:20,98.0,84.0,8.0,6.0
2021-08-05 01:54:21,97.0,85.0,8.0,4.0
2021-08-05 01:54:22,87.0,79.0,7.0,1.0
2021-08-05 01:54:23,108.0,95.0,8.0,5.0
2021-08-05 01:54:24,93.0,87.0,3.0,3.0
2021-08-05 01:54:25,99.0,86.0,9.0,4.0
2021-08-05 01:54:26,100.0,83.0,9.0,8.0
2021-08-05 01:54:27,93.0,82.0,5.0,6.0
2021-08-05 01:54:28,87.0,78.0,4.0,5.0
2021-08-05 01:54:29,81.0,71.0,5.0,5.0
2021-08-05 01:54:30,83.0,73.0,5.0,5.0
2021-08-05 01:54:31,88.0,79.0,5.0,4.0
2021-08-05 01:54:32,102.0,91.0,7.0,4.0
2021-08-05 01:54:33,92.0,84.0,6.0,2.0
2021-08-05 01:54:34,91.0,79.0,6.0,6.0
2021-08-05 01:54:35,95.0,82.0,7.0,6.0
2021-08-05 01:54:36,94.0,85.0,5.0,4.0
2021-08-05 01:54:37,93.0,78.0,10.0,5.0
2021-08-05 01:54:38,98.0,87.0,3.0,8.0
2021-08-05 01:54:39,95.0,87.0,5.0,3.0
2021-08-05 01:54:40,88.0,75.0,9.0,4.0
2021-08-05 01:54:41,94.0,83.0,6.0,5.0
2021-08-05 01:54:42,72.0,63.0,4.0,5.0
2021-08-05 01:54:43,84.0,77.0,4.0,3.0
2021-08-05 01:54:44,104.0,95.0,4.0,5.0
2021-08-05 01:54:45,95.0,86.0,5.0,4.0
2021-08-05 01:54:46,111.0,101.0,9.0,1.0
2021-08-05 01:54:47,95.0,84.0,8.0,3.0
2021-08-05 01:54:48,88.0,79.0,6.0,3.0
2021-08-05 01:54:49,96.0,86.0,7.0,3.0
2021-08-05 01:54:50,125.0,102.0,15.0,8.0
2021-08-05 01:54:51,88.0,78.0,8.0,2.0
2021-08-05 01:54:52,95.0,82.0,5.0,8.0
2021-08-05 01:54:53,92.0,84.0,4.0,4.0
2021-08-05 01:54:54,99.0,81.0,10.0,8.0
2021-08-05 01:54:55,96.0,79.0,9.0,8.0
2021-08-05 01:54:56,92.0,81.0,7.0,4.0
2021-08-05 01:54:57,99.0,86.0,11.0,2.0
2021-08-05 01:54:58,88.0,76.0,6.0,6.0
2021-08-05 01:54:59,83.0,73.0,7.0,3.0
2021-08-05 01:55:00,110.0,102.0,4.0,4.0
2021-08-05 01:55:01,122.0,104.0,12.0,6.0
2021-08-05 01:55:02,76.0,68.0,6.0,2.0
2021-08-05 01:55:03,98.0,90.0,6.0,2.0
2021-08-05 01:55:04,100.0,92.0,4.0,4.0
2021-08-05 01:55:05,83.0,75.0,4.0,4.0
2021-08-05 01:55:06,89.0,79.0,8.0,2.0
2021-08-05 01:55:07,99.0,86.0,7.0,6.0
2021-08-05 01:55:08,93.0,80.0,3.0,10.0
2021-08-05 01:55:09,104.0,95.0,6.0,3.0
2021-08-05 01:55:10,84.0,79.0,2.0,3.0
2021-08-05 01:55:11,99.0,93.0,4.0,2.0
2021-08-05 01:55:12,99.0,78.0,9.0,12.0
2021-08-05 01:55:13,95.0,86.0,6.0,3.0
2021-08-05 01:55:14,94.0,84.0,5.0,5.0
2021-08-05 01:55:15,101.0,90.0,6.0,5.0
2021-08-05 01:55:16,79.0,76.0,2.0,1.0
2021-08-05 01:55:17,83.0,75.0,4.0,4.0
2021-08-05 01:55:18,99.0,90.0,5.0,4.0
2021-08-05 01:55:19,83.0,72.0,7.0,4.0
2021-08-05 01:55:20,105.0,92.0,9.0,4.0
2021-08-05 01:55:21,105.0,91.0,10.0,4.0
2021-08-05 01:55:22,108.0,97.0,4.0,7.0
2021-08-05 01:55:23,94.0,90.0,3.0,1.0
2021-08-05 01:55:24,92.0,75.0,10.0,7.0
2021-08-05 01:55:25,87.0,78.0,5.0,4.0
2021-08-05 01:55:26,98.0,88.0,7.0,3.0
2021-08-05 01:55:27,87.0,67.0,11.0,9.0
2021-08-05 01:55:28,83.0,72.0,7.0,4.0
2021-08-05 01:55:29,99.0,90.0,5.0,4.0
2021-08-05 01:55:30,107.0,98.0,6.0,3.0
2021-08-05 01:55:31,91.0,84.0,4.0,3.0
2021-08-05 01:55:32,87.0,81.0,6.0,0.0
2021-08-05 01:55:33,77.0,68.0,6.0,3.0
2021-08-05 01:55:34,95.0,84.0,6.0,5.0
2021-08-05 01:55:35,101.0,87.0,8.0,6.0
2021-08-05 01:55:36,76.0,71.0,3.0,2.0
2021-08-05 01:55:37,81.0,67.0,8.0,6.0
2021-08-05 01:55:38,90.0,81.0,4.0,5.0
2021-08-05 01:55:39,76.0,71.0,2.0,3.0
2021-08-05 01:55:40,99.0,82.0,10.0,7.0
2021-08-05 01:55:41,89.0,80.0,5.0,4.0
2021-08-05 01:55:42,82.0,71.0,8.0,3.0
2021-08-05 01:55:43,89.0,81.0,7.0,1.0
2021-08-05 01:55:44,73.0,66.0,4.0,3.0
2021-08-05 01:55:45,92.0,86.0,5.0,1.0
2021-08-05 01:55:46,96.0,86.0,6.0,4.0
2021-08-05 01:55:47,76.0,68.0,7.0,1.0
2021-08-05 01:55:48,81.0,68.0,4.0,9.0
2021-08-05 01:55:49,100.0,85.0,11.0,4.0
2021-08-05 01:55:50,83.0,72.0,6.0,5.0
2021-08-05 01:55:51,93.0,83.0,7.0,3.0
2021-08-05 01:55:52,99.0,91.0,3.0,5.0
2021-08-05 01:55:53,97.0,84.0,5.0,8.0
2021-08-05 01:55:54,90.0,78.0,10.0,2.0
2021-08-05 01:55:55,95.0,84.0,6.0,5.0
2021-08-05 01:55:56,86.0,75.0,5.0,6.0
2021-08-05 01:55:57,88.0,75.0,8.0,5.0
2021-08-05 01:55:58,87.0,79.0,3.0,5.0
2021-08-05 01:55:59,94.0,84.0,6.0,4.0
2021-08-05 01:56:00,97.0,83.0,11.0,3.0
2021-08-05 01:56:01,93.0,83.0,1.0,9.0
2021-08-05 01:56:02,92.0,85.0,4.0,3.0
2021-08-05 01:56:03,87.0,76.0,7.0,4.0
2021-08-05 01:56:04,101.0,87.0,8.0,6.0
2021-08-05 01:56:05,88.0,80.0,2.0,6.0
2021-08-05 01:56:06,95.0,83.0,6.0,6.0
2021-08-05 01:56:07,102.0,90.0,10.0,2.0
2021-08-05 01:56:08,103.0,89.0,11.0,3.0
2021-08-05 01:56:09,99.0,89.0,8.0,2.0
2021-08-05 01:56:10,80.0,70.0,6.0,4.0
2021-08-05 01:56:11,83.0,74.0,6.0,3.0
2021-08-05 01:56:12,90.0,80.0,6.0,4.0
2021-08-05 01:56:13,97.0,89.0,5.0,3.0
2021-08-05 01:56:14,83.0,75.0,3.0,5.0
2021-08-05 01:56:15,90.0,76.0,7.0,7.0
2021-08-05 01:56:16,100.0,88.0,8.0,4.0
2021-08-05 01:56:17,97.0,84.0,8.0,5.0
2021-08-05 01:56:18,91.0,82.0,6.0,3.0
2021-08-05 01:56:19,100.0,87.0,7.0,6.0
2021-08-05 01:56:20,101.0,93.0,7.0,1.0
2021-08-05 01:56:21,88.0,82.0,3.0,3.0
2021-08-05 01:56:22,88.0,79.0,4.0,5.0
2021-08-05 01:56:23,100.0,90.0,8.0,2.0
2021-08-05 01:56:24,97.0,86.0,4.0,7.0
2021-08-05 01:56:25,98.0,84.0,8.0,6.0
2021-08-05 01:56:26,94.0,83.0,7.0,4.0
2021-08-05 01:56:27,77.0,75.0,1.0,1.0
2021-08-05 01:56:28,92.0,81.0,5.0,6.0
2021-08-05 01:56:29,73.0,58.0,12.0,3.0
2021-08-05 01:56:30,85.0,74.0,9.0,2.0
2021-08-05 01:56:31,86.0,79.0,5.0,2.0
2021-08-05 01:56:32,91.0,85.0,5.0,1.0
2021-08-05 01:56:33,100.0,91.0,6.0,3.0
2021-08-05 01:56:34,78.0,72.0,3.0,3.0
2021-08-05 01:56:35,82.0,66.0,8.0,8.0
2021-08-05 01:56:36,65.0,52.0,11.0,2.0
2021-08-05 01:56:37,85.0,79.0,4.0,2.0
2021-08-05 01:56:38,91.0,75.0,9.0,7.0
2021-08-05 01:56:39,89.0,74.0,8.0,7.0
2021-08-05 01:56:40,104.0,90.0,6.0,8.0
2021-08-05 01:56:41,78.0,71.0,5.0,2.0
2021-08-05 01:56:42,97.0,88.0,7.0,2.0
2021-08-05 01:56:43,75.0,60.0,10.0,5.0
2021-08-05 01:56:44,98.0,86.0,5.0,7.0
2021-08-05 01:56:45,78.0,67.0,6.0,5.0
2021-08-05 01:56:46,83.0,79.0,3.0,1.0
2021-08-05 01:56:47,83.0,73.0,4.0,6.0
2021-08-05 01:56:48,81.0,73.0,4.0,4.0
2021-08-05 01:56:49,84.0,71.0,8.0,5.0
2021-08-05 01:56:50,92.0,76.0,7.0,9.0
2021-08-05 01:56:51,92.0,88.0,2.0,2.0
2021-08-05 01:56:52,85.0,75.0,5.0,5.0
2021-08-05 01:56:53,91.0,81.0,4.0,6.0
2021-08-05 01:56:54,91.0,78.0,12.0,1.0
2021-08-05 01:56:55,103.0,83.0,11.0,9.0
2021-08-05 01:56:56,101.0,82.0,13.0,6.0
2021-08-05 01:56:57,87.0,77.0,3.0,7.0
2021-08-05 01:56:58,89.0,79.0,8.0,2.0
2021-08-05 01:56:59,75.0,67.0,4.0,4.0
2021-08-05 01:57:00,100.0,86.0,9.0,5.0
2021-08-05 01:57:01,86.0,76.0,3.0,7.0
2021-08-05 01:57:02,89.0,83.0,1.0,5.0
2021-08-05 01:57:03,88.0,79.0,7.0,2.0
2021-08-05 01:57:04,84.0,73.0,9.0,2.0
2021-08-05 01:57:05,85.0,75.0,8.0,2.0
2021-08-05 01:57:06,85.0,74.0,5.0,6.0
2021-08-05 01:57:07,94.0,82.0,6.0,6.0
2021-08-05 01:57:08,79.0,68.0,8.0,3.0
2021-08-05 01:57:09,97.0,86.0,7.0,4.0
2021-08-05 01:57:10,120.0,112.0,4.0,4.0
2021-08-05 01:57:11,104.0,94.0,6.0,4.0
2021-08-05 01:57:12,90.0,81.0,6.0,3.0
2021-08-05 01:57:13,88.0,77.0,8.0,3.0
2021-08-05 01:57:14,82.0,77.0,4.0,1.0
2021-08-05 01:57:15,101.0,91.0,7.0,3.0
2021-08-05 01:57:16,89.0,74.0,10.0,5.0
2021-08-05 01:57:17,84.0,69.0,9.0,6.0
2021-08-05 01:57:18,89.0,82.0,6.0,1.0
2021-08-05 01:57:19,111.0,99.0,7.0,5.0
2021-08-05 01:57:20,88.0,72.0,10.0,6.0
2021-08-05 01:57:21,103.0,94.0,4.0,5.0
2021-08-05 01:57:22,99.0,91.0,7.0,1.0
2021-08-05 01:57:23,88.0,80.0,6.0,2.0
2021-08-05 01:57:24,98.0,90.0,4.0,4.0
2021-08-05 01:57:25,85.0,80.0,3.0,2.0
2021-08-05 01:57:26,86.0,78.0,5.0,3.0
2021-08-05 01:57:27,77.0,66.0,4.0,7.0
2021-08-05 01:57:28,90.0,79.0,4.0,7.0
2021-08-05 01:57:29,91.0,88.0,3.0,0.0
2021-08-05 01:57:30,98.0,88.0,6.0,4.0
2021-08-05 01:57:31,93.0,84.0,3.0,6.0
2021-08-05 01:57:32,99.0,89.0,6.0,4.0
2021-08-05 01:57:33,90.0,78.0,5.0,7.0
2021-08-05 01:57:34,98.0,87.0,5.0,6.0
2021-08-05 01:57:35,87.0,81.0,1.0,5.0
2021-08-05 01:57:36,94.0,82.0,7.0,5.0
2021-08-05 01:57:37,83.0,74.0,5.0,4.0
2021-08-05 01:57:38,91.0,75.0,9.0,7.0
2021-08-05 01:57:39,90.0,80.0,4.0,6.0
2021-08-05 01:57:40,87.0,77.0,9.0,1.0
2021-08-05 01:57:41,76.0,68.0,6.0,2.0
2021-08-05 01:57:42,84.0,77.0,6.0,1.0
2021-08-05 01:57:43,81.0,74.0,4.0,3.0
2021-08-05 01:57:44,97.0,82.0,7.0,8.0
2021-08-05 01:57:45,101.0,82.0,13.0,6.0
2021-08-05 01:57:46,105.0,93.0,7.0,5.0
2021-08-05 01:57:47,95.0,79.0,12.0,4.0
2021-08-05 01:57:48,108.0,93.0,10.0,5.0
2021-08-05 01:57:49,91.0,80.0,7.0,4.0
2021-08-05 01:57:50,68.0,62.0,4.0,2.0
2021-08-05 01:57:51,107.0,94.0,9.0,4.0
2021-08-05 01:57:52,97.0,86.0,8.0,3.0
2021-08-05 01:57:53,74.0,65.0,5.0,4.0
2021-08-05 01:57:54,80.0,71.0,6.0,3.0
2021-08-05 01:57:55,82.0,75.0,4.0,3.0
2021-08-05 01:57:56,91.0,80.0,6.0,5.0
2021-08-05 01:57:57,78.0,67.0,7.0,4.0
2021-08-05 01:57:58,88.0,83.0,2.0,3.0
2021-08-05 01:57:59,75.0,68.0,5.0,2.0
2021-08-05 01:58:00,80.0,70.0,5.0,5.0
2021-08-05 01:58:01,85.0,78.0,4.0,3.0
2021-08-05 01:58:02,107.0,91.0,10.0,6.0
2021-08-05 01:58:03,95.0,88.0,6.0,1.0
2021-08-05 01:58:04,91.0,81.0,5.0,5.0
2021-08-05 01:58:05,88.0,79.0,5.0,4.0
2021-08-05 01:58:06,86.0,82.0,2.0,2.0
2021-08-05 01:58:07,96.0,88.0,5.0,3.0
2021-08-05 01:58:08,70.0,62.0,6.0,2.0
2021-08-05 01:58:09,83.0,71.0,6.0,6.0
2021-08-05 01:58:10,91.0,81.0,5.0,5.0
2021-08-05 01:58:11,90.0,86.0,3.0,1.0
2021-08-05 01:58:12,94.0,89.0,2.0,3.0
2021-08-05 01:58:13,88.0,79.0,5.0,4.0
2021-08-05 01:58:14,101.0,81.0,11.0,9.0
2021-08-05 01:58:15,107.0,90.0,7.0,10.0
2021-08-05 01:58:16,104.0,96.0,4.0,4.0
2021-08-05 01:58:17,98.0,90.0,5.0,3.0
2021-08-05 01:58:18,99.0,86.0,10.0,3.0
2021-08-05 01:58:19,84.0,81.0,2.0,1.0
2021-08-05 01:58:20,86.0,76.0,5.0,5.0
2021-08-05 01:58:21,85.0,77.0,4.0,4.0
2021-08-05 01:58:22,92.0,82.0,7.0,3.0
2021-08-05 01:58:23,96.0,83.0,7.0,6.0
2021-08-05 01:58:24,88.0,70.0,12.0,6.0
2021-08-05 01:58:25,87.0,80.0,7.0,0.0
2021-08-05 01:58:26,111.0,103.0,5.0,3.0
2021-08-05 01:58:27,101.0,89.0,6.0,6.0
2021-08-05 01:58:28,69.0,62.0,5.0,2.0
2021-08-05 01:58:29,89.0,76.0,9.0,4.0
2021-08-05 01:58:30,96.0,90.0,4.0,2.0
2021-08-05 01:58:31,93.0,82.0,6.0,5.0
2021-08-05 01:58:32,73.0,64.0,8.0,1.0
2021-08-05 01:58:33,79.0,70.0,5.0,4.0
2021-08-05 01:58:34,97.0,90.0,3.0,4.0
2021-08-05 01:58:35,85.0,73.0,9.0,3.0
2021-08-05 01:58:36,99.0,82.0,12.0,5.0
2021-08-05 01:58:37,85.0,78.0,5.0,2.0
2021-08-05 01:58:38,84.0,73.0,8.0,3.0
2021-08-05 01:58:39,87.0,80.0,4.0,3.0
2021-08-05 01:58:40,94.0,87.0,4.0,3.0
2021-08-05 01:58:41,111.0,99.0,9.0,3.0
2021-08-05 01:58:42,92.0,79.0,6.0,7.0
2021-08-05 01:58:43,107.0,99.0,6.0,2.0
2021-08-05 01:58:44,100.0,88.0,8.0,4.0
2021-08-05 01:58:45,111.0,98.0,7.0,6.0
2021-08-05 01:58:46,95.0,80.0,9.0,6.0
2021-08-05 01:58:47,93.0,82.0,6.0,5.0
2021-08-05 01:58:48,97.0,86.0,7.0,4.0
2021-08-05 01:58:49,102.0,82.0,12.0,8.0
2021-08-05 01:58:50,103.0,90.0,6.0,7.0
2021-08-05 01:58:51,106.0,100.0,4.0,2.0
2021-08-05 01:58:52,105.0,94.0,6.0,5.0
2021-08-05 01:58:53,103.0,94.0,5.0,4.0
2021-08-05 01:58:54,93.0,86.0,5.0,2.0
2021-08-05 01:58:55,95.0,81.0,7.0,7.0
2021-08-05 01:58:56,112.0,94.0,10.0,8.0
2021-08-05 01:58:57,90.0,74.0,8.0,8.0
2021-08-05 01:58:58,87.0,76.0,6.0,5.0
2021-08-05 01:58:59,90.0,80.0,3.0,7.0
2021-08-05 01:59:00,89.0,83.0,4.0,2.0
2021-08-05 01:59:01,78.0,69.0,6.0,3.0
2021-08-05 01:59:02,99.0,90.0,3.0,6.0
2021-08-05 01:59:03,89.0,76.0,9.0,4.0
2021-08-05 01:59:04,88.0,75.0,8.0,5.0
2021-08-05 01:59:05,92.0,82.0,5.0,5.0
2021-08-05 01:59:06,101.0,89.0,6.0,6.0
2021-08-05 01:59:07,106.0,90.0,11.0,5.0
2021-08-05 01:59:08,91.0,80.0,7.0,4.0
2021-08-05 01:59:09,87.0,72.0,8.0,7.0
2021-08-05 01:59:10,92.0,84.0,4.0,4.0
2021-08-05 01:59:11,93.0,81.0,9.0,3.0
2021-08-05 01:59:12,92.0,84.0,5.0,3.0
2021-08-05 01:59:13,85.0,80.0,4.0,1.0
2021-08-05 01:59:14,100.0,89.0,3.0,8.0
2021-08-05 01:59:15,107.0,91.0,11.0,5.0
2021-08-05 01:59:16,107.0,91.0,9.0,7.0
2021-08-05 01:59:17,93.0,84.0,6.0,3.0
2021-08-05 01:59:18,100.0,81.0,9.0,10.0
2021-08-05 01:59:19,81.0,71.0,7.0,3.0
2021-08-05 01:59:20,90.0,82.0,8.0,0.0
2021-08-05 01:59:21,94.0,84.0,7.0,3.0
2021-08-05 01:59:22,81.0,78.0,1.0,2.0
2021-08-05 01:59:23,99.0,89.0,3.0,7.0
2021-08-05 01:59:24,93.0,89.0,2.0,2.0
2021-08-05 01:59:25,82.0,69.0,10.0,3.0
2021-08-05 01:59:26,99.0,82.0,11.0,6.0
2021-08-05 01:59:27,108.0,89.0,13.0,6.0
2021-08-05 01:59:28,95.0,81.0,9.0,5.0
2021-08-05 01:59:29,110.0,94.0,12.0,4.0
2021-08-05 01:59:30,98.0,91.0,5.0,2.0
2021-08-05 01:59:31,102.0,92.0,6.0,4.0
2021-08-05 01:59:32,81.0,72.0,5.0,4.0
2021-08-05 01:59:33,92.0,88.0,2.0,2.0
2021-08-05 01:59:34,103.0,92.0,8.0,3.0
2021-08-05 01:59:35,81.0,69.0,9.0,3.0
2021-08-05 01:59:36,97.0,78.0,11.0,8.0
2021-08-05 01:59:37,102.0,91.0,5.0,6.0
2021-08-05 01:59:38,89.0,80.0,5.0,4.0
2021-08-05 01:59:39,87.0,81.0,3.0,3.0
2021-08-05 01:59:40,91.0,80.0,6.0,5.0
2021-08-05 01:59:41,108.0,90.0,8.0,10.0
2021-08-05 01:59:42,99.0,82.0,10.0,7.0
2021-08-05 01:59:43,91.0,76.0,11.0,4.0
2021-08-05 01:59:44,88.0,77.0,6.0,5.0
2021-08-05 01:59:45,87.0,78.0,5.0,4.0
2021-08-05 01:59:46,100.0,89.0,6.0,5.0
2021-08-05 01:59:47,100.0,90.0,4.0,6.0
2021-08-05 01:59:48,74.0,61.0,5.0,8.0
2021-08-05 01:59:49,92.0,84.0,4.0,4.0
2021-08-05 01:59:50,112.0,102.0,7.0,3.0
2021-08-05 01:59:51,99.0,92.0,6.0,1.0
2021-08-05 01:59:52,103.0,89.0,7.0,7.0
2021-08-05 01:59:53,80.0,69.0,9.0,2.0
2021-08-05 01:59:54,86.0,75.0,6.0,5.0
2021-08-05 01:59:55,86.0,75.0,6.0,5.0
2021-08-05 01:59:56,84.0,77.0,3.0,4.0
2021-08-05 01:59:57,88.0,77.0,9.0,2.0
2021-08-05 01:59:58,72.0,66.0,5.0,1.0
2021-08-05 01:59:59,83.0,72.0,7.0,4.0
2021-08-05 02:00:00,81.0,75.0,6.0,0.0
2021-08-05 02:00:01,100.0,87.0,7.0,6.0
2021-08-05 02:00:02,76.0,64.0,8.0,4.0
2021-08-05 02:00:03,97.0,85.0,8.0,4.0
2021-08-05 02:00:04,90.0,79.0,10.0,1.0
2021-08-05 02:00:05,87.0,79.0,5.0,3.0
2021-08-05 02:00:06,95.0,84.0,6.0,5.0
2021-08-05 02:00:07,86.0,77.0,7.0,2.0
2021-08-05 02:00:08,103.0,91.0,5.0,7.0
2021-08-05 02:00:09,107.0,96.0,4.0,7.0
2021-08-05 02:00:10,92.0,84.0,3.0,5.0
2021-08-05 02:00:11,80.0,69.0,6.0,5.0
2021-08-05 02:00:12,98.0,87.0,8.0,3.0
2021-08-05 02:00:13,82.0,66.0,9.0,7.0
2021-08-05 02:00:14,100.0,84.0,8.0,8.0
2021-08-05 02:00:15,78.0,72.0,2.0,4.0
2021-08-05 02:00:16,88.0,77.0,6.0,5.0
2021-08-05 02:00:17,99.0,88.0,7.0,4.0
2021-08-05 02:00:18,87.0,73.0,10.0,4.0
2021-08-05 02:00:19,75.0,67.0,5.0,3.0
2021-08-05 02:00:20,86.0,75.0,8.0,3.0
2021-08-05 02:00:21,88.0,77.0,6.0,5.0
2021-08-05 02:00:22,97.0,89.0,3.0,5.0
2021-08-05 02:00:23,87.0,71.0,12.0,4.0
2021-08-05 02:00:24,83.0,72.0,5.0,6.0
2021-08-05 02:00:25,88.0,74.0,5.0,9.0
2021-08-05 02:00:26,76.0,70.0,4.0,2.0
2021-08-05 02:00:27,85.0,71.0,4.0,10.0
2021-08-05 02:00:28,77.0,68.0,7.0,2.0
2021-08-05 02:00:29,84.0,76.0,5.0,3.0
2021-08-05 02:00:30,83.0,74.0,6.0,3.0
2021-08-05 02:00:31,85.0,71.0,10.0,4.0
2021-08-05 02:00:32,77.0,67.0,8.0,2.0
2021-08-05 02:00:33,75.0,66.0,5.0,4.0
2021-08-05 02:00:34,97.0,86.0,7.0,4.0
2021-08-05 02:00:35,101.0,93.0,4.0,4.0
2021-08-05 02:00:36,101.0,87.0,8.0,6.0
2021-08-05 02:00:37,85.0,74.0,7.0,4.0
2021-08-05 02:00:38,77.0,68.0,3.0,6.0
2021-08-05 02:00:39,106.0,88.0,11.0,7.0
2021-08-05 02:00:40,87.0,75.0,10.0,2.0
2021-08-05 02:00:41,81.0,72.0,4.0,5.0
2021-08-05 02:00:42,94.0,80.0,7.0,7.0
2021-08-05 02:00:43,100.0,84.0,13.0,3.0
2021-08-05 02:00:44,72.0,67.0,1.0,4.0
2021-08-05 02:00:45,98.0,88.0,5.0,5.0
2021-08-05 02:00:46,93.0,83.0,5.0,5.0
2021-08-05 02:00:47,111.0,102.0,5.0,4.0
2021-08-05 02:00:48,94.0,75.0,11.0,8.0
2021-08-05 02:00:49,90.0,81.0,6.0,3.0
2021-08-05 02:00:50,75.0,66.0,6.0,3.0
2021-08-05 02:00:51,104.0,93.0,6.0,5.0
2021-08-05 02:00:52,83.0,71.0,6.0,6.0
2021-08-05 02:00:53,82.0,70.0,6.0,6.0
2021-08-05 02:00:54,89.0,81.0,6.0,2.0
2021-08-05 02:00:55,90.0,79.0,7.0,4.0
2021-08-05 02:00:56,94.0,82.0,10.0,2.0
2021-08-05 02:00:57,94.0,79.0,8.0,7.0
2021-08-05 02:00:58,96.0,88.0,7.0,1.0
2021-08-05 02:00:59,91.0,77.0,9.0,5.0
2021-08-05 02:01:00,83.0,67.0,5.0,11.0
2021-08-05 02:01:01,97.0,86.0,6.0,5.0
2021-08-05 02:01:02,99.0,88.0,8.0,3.0
2021-08-05 02:01:03,88.0,80.0,6.0,2.0
2021-08-05 02:01:04,88.0,80.0,6.0,2.0
2021-08-05 02:01:05,82.0,75.0,4.0,3.0
2021-08-05 02:01:06,110.0,93.0,8.0,9.0
2021-08-05 02:01:07,87.0,78.0,5.0,4.0
2021-08-05 02:01:08,98.0,92.0,3.0,3.0
2021-08-05 02:01:09,104.0,89.0,11.0,4.0
2021-08-05 02:01:10,91.0,78.0,8.0,5.0
2021-08-05 02:01:11,97.0,90.0,5.0,2.0
2021-08-05 02:01:12,87.0,77.0,4.0,6.0
2021-08-05 02:01:13,98.0,81.0,10.0,7.0
2021-08-05 02:01:14,64.0,54.0,5.0,5.0
2021-08-05 02:01:15,83.0,68.0,10.0,5.0
2021-08-05 02:01:16,86.0,70.0,7.0,9.0
2021-08-05 02:01:17,96.0,86.0,6.0,4.0
2021-08-05 02:01:18,81.0,66.0,8.0,7.0
2021-08-05 02:01:19,102.0,89.0,9.0,4.0
2021-08-05 02:01:20,93.0,76.0,12.0,5.0
2021-08-05 02:01:21,103.0,89.0,7.0,7.0
2021-08-05 02:01:22,101.0,90.0,7.0,4.0
2021-08-05 02:01:23,75.0,66.0,8.0,1.0
2021-08-05 02:01:24,96.0,89.0,6.0,1.0
2021-08-05 02:01:25,83.0,67.0,10.0,6.0
2021-08-05 02:01:26,89.0,83.0,3.0,3.0
2021-08-05 02:01:27,82.0,71.0,8.0,3.0
2021-08-05 02:01:28,90.0,81.0,3.0,6.0
2021-08-05 02:01:29,99.0,88.0,7.0,4.0
2021-08-05 02:01:30,83.0,70.0,9.0,4.0
2021-08-05 02:01:31,102.0,89.0,8.0,5.0
2021-08-05 02:01:32,82.0,73.0,7.0,2.0
2021-08-05 02:01:33,96.0,83.0,8.0,5.0
2021-08-05 02:01:34,91.0,77.0,9.0,5.0
2021-08-05 02:01:35,89.0,79.0,7.0,3.0
2021-08-05 02:01:36,78.0,65.0,6.0,7.0
2021-08-05 02:01:37,86.0,72.0,9.0,5.0
2021-08-05 02:01:38,119.0,103.0,10.0,6.0
2021-08-05 02:01:39,104.0,91.0,9.0,4.0
2021-08-05 02:01:40,102.0,94.0,3.0,5.0
2021-08-05 02:01:41,89.0,79.0,9.0,1.0
2021-08-05 02:01:42,92.0,83.0,2.0,7.0
2021-08-05 02:01:43,92.0,82.0,9.0,1.0
2021-08-05 02:01:44,82.0,74.0,5.0,3.0
2021-08-05 02:01:45,95.0,82.0,5.0,8.0
2021-08-05 02:01:46,82.0,70.0,9.0,3.0
2021-08-05 02:01:47,86.0,77.0,4.0,5.0
2021-08-05 02:01:48,90.0,79.0,8.0,3.0
2021-08-05 02:01:49,99.0,86.0,9.0,4.0
2021-08-05 02:01:50,75.0,66.0,6.0,3.0
2021-08-05 02:01:51,94.0,79.0,12.0,3.0
2021-08-05 02:01:52,93.0,81.0,8.0,4.0
2021-08-05 02:01:53,85.0,75.0,6.0,4.0
2021-08-05 02:01:54,83.0,68.0,10.0,5.0
2021-08-05 02:01:55,96.0,85.0,7.0,4.0
2021-08-05 02:01:56,92.0,81.0,5.0,6.0
2021-08-05 02:01:57,80.0,71.0,4.0,5.0
2021-08-05 02:01:58,93.0,81.0,8.0,4.0
2021-08-05 02:01:59,97.0,94.0,2.0,1.0
2021-08-05 02:02:00,115.0,100.0,10.0,5.0
2021-08-05 02:02:01,88.0,78.0,4.0,6.0
2021-08-05 02:02:02,76.0,69.0,4.0,3.0
2021-08-05 02:02:03,97.0,84.0,6.0,7.0
2021-08-05 02:02:04,78.0,71.0,5.0,2.0
2021-08-05 02:02:05,98.0,89.0,3.0,6.0
2021-08-05 02:02:06,90.0,76.0,10.0,4.0
2021-08-05 02:02:07,101.0,84.0,8.0,9.0
2021-08-05 02:02:08,95.0,86.0,4.0,5.0
2021-08-05 02:02:09,97.0,85.0,8.0,4.0
2021-08-05 02:02:10,80.0,69.0,8.0,3.0
2021-08-05 02:02:11,97.0,81.0,10.0,6.0
2021-08-05 02:02:12,106.0,92.0,10.0,4.0
2021-08-05 02:02:13,74.0,60.0,7.0,7.0
2021-08-05 02:02:14,86.0,74.0,6.0,6.0
2021-08-05 02:02:15,80.0,72.0,3.0,5.0
2021-08-05 02:02:16,110.0,98.0,8.0,4.0
2021-08-05 02:02:17,99.0,90.0,6.0,3.0
2021-08-05 02:02:18,91.0,82.0,5.0,4.0
2021-08-05 02:02:19,105.0,91.0,7.0,7.0
2021-08-05 02:02:20,90.0,79.0,5.0,6.0
2021-08-05 02:02:21,91.0,76.0,7.0,8.0
2021-08-05 02:02:22,99.0,92.0,3.0,4.0
2021-08-05 02:02:23,82.0,72.0,8.0,2.0
2021-08-05 02:02:24,88.0,81.0,3.0,4.0
2021-08-05 02:02:25,82.0,69.0,7.0,6.0
2021-08-05 02:02:26,104.0,92.0,6.0,6.0
2021-08-05 02:02:27,84.0,74.0,7.0,3.0
2021-08-05 02:02:28,86.0,79.0,5.0,2.0
2021-08-05 02:02:29,82.0,72.0,5.0,5.0
2021-08-05 02:02:30,69.0,59.0,5.0,5.0
2021-08-05 02:02:31,77.0,71.0,4.0,2.0
2021-08-05 02:02:32,107.0,93.0,6.0,8.0
2021-08-05 02:02:33,98.0,92.0,4.0,2.0
2021-08-05 02:02:34,98.0,88.0,3.0,7.0
2021-08-05 02:02:35,95.0,85.0,4.0,6.0
2021-08-05 02:02:36,88.0,72.0,11.0,5.0
2021-08-05 02:02:37,84.0,75.0,4.0,5.0
2021-08-05 02:02:38,68.0,55.0,11.0,2.0
2021-08-05 02:02:39,72.0,67.0,2.0,3.0
2021-08-05 02:02:40,97.0,92.0,5.0,0.0
2021-08-05 02:02:41,102.0,95.0,4.0,3.0
2021-08-05 02:02:42,97.0,81.0,12.0,4.0
2021-08-05 02:02:43,98.0,90.0,8.0,0.0
2021-08-05 02:02:44,81.0,77.0,2.0,2.0
2021-08-05 02:02:45,79.0,68.0,6.0,5.0
2021-08-05 02:02:46,86.0,74.0,6.0,6.0
2021-08-05 02:02:47,89.0,81.0,4.0,4.0
2021-08-05 02:02:48,85.0,78.0,4.0,3.0
2021-08-05 02:02:49,89.0,76.0,3.0,10.0
2021-08-05 02:02:50,95.0,82.0,7.0,6.0
2021-08-05 02:02:51,94.0,86.0,7.0,1.0
2021-08-05 02:02:52,79.0,73.0,2.0,4.0
2021-08-05 02:02:53,101.0,86.0,10.0,5.0
2021-08-05 02:02:54,102.0,87.0,8.0,7.0
2021-08-05 02:02:55,96.0,87.0,4.0,5.0
2021-08-05 02:02:56,68.0,62.0,5.0,1.0
2021-08-05 02:02:57,102.0,92.0,6.0,4.0
2021-08-05 02:02:58,99.0,94.0,4.0,1.0
2021-08-05 02:02:59,98.0,92.0,5.0,1.0
2021-08-05 02:03:00,96.0,86.0,8.0,2.0
2021-08-05 02:03:01,77.0,69.0,5.0,3.0
2021-08-05 02:03:02,86.0,78.0,6.0,2.0
2021-08-05 02:03:03,94.0,85.0,5.0,4.0
2021-08-05 02:03:04,102.0,92.0,6.0,4.0
2021-08-05 02:03:05,93.0,76.0,8.0,9.0
2021-08-05 02:03:06,95.0,80.0,10.0,5.0
2021-08-05 02:03:07,107.0,92.0,8.0,7.0
2021-08-05 02:03:08,103.0,92.0,7.0,4.0
2021-08-05 02:03:09,82.0,69.0,6.0,7.0
2021-08-05 02:03:10,103.0,90.0,8.0,5.0
2021-08-05 02:03:11,84.0,74.0,7.0,3.0
2021-08-05 02:03:12,94.0,80.0,10.0,4.0
2021-08-05 02:03:13,91.0,80.0,5.0,6.0
2021-08-05 02:03:14,95.0,89.0,4.0,2.0
2021-08-05 02:03:15,93.0,84.0,4.0,5.0
2021-08-05 02:03:16,108.0,94.0,7.0,7.0
2021-08-05 02:03:17,80.0,73.0,7.0,0.0
2021-08-05 02:03:18,93.0,86.0,5.0,2.0
2021-08-05 02:03:19,92.0,78.0,7.0,7.0
2021-08-05 02:03:20,92.0,85.0,4.0,3.0
2021-08-05 02:03:21,99.0,85.0,10.0,4.0
2021-08-05 02:03:22,83.0,76.0,6.0,1.0
2021-08-05 02:03:23,87.0,85.0,1.0,1.0
2021-08-05 02:03:24,82.0,73.0,6.0,3.0
2021-08-05 02:03:25,112.0,90.0,13.0,9.0
2021-08-05 02:03:26,95.0,81.0,9.0,5.0
2021-08-05 02:03:27,106.0,91.0,9.0,6.0
2021-08-05 02:03:28,89.0,80.0,3.0,6.0
2021-08-05 02:03:29,84.0,77.0,6.0,1.0
2021-08-05 02:03:30,89.0,79.0,4.0,6.0
2021-08-05 02:03:31,88.0,82.0,5.0,1.0
2021-08-05 02:03:32,92.0,78.0,8.0,6.0
2021-08-05 02:03:33,85.0,77.0,3.0,5.0
2021-08-05 02:03:34,92.0,81.0,5.0,6.0
2021-08-05 02:03:35,73.0,66.0,3.0,4.0
2021-08-05 02:03:36,92.0,80.0,10.0,2.0
2021-08-05 02:03:37,95.0,86.0,7.0,2.0
2021-08-05 02:03:38,105.0,92.0,8.0,5.0
2021-08-05 02:03:39,77.0,67.0,4.0,6.0
2021-08-05 02:03:40,92.0,81.0,8.0,3.0
2021-08-05 02:03:41,84.0,78.0,1.0,5.0
2021-08-05 02:03:42,87.0,70.0,9.0,8.0
2021-08-05 02:03:43,108.0,93.0,6.0,9.0
2021-08-05 02:03:44,96.0,81.0,8.0,7.0
2021-08-05 02:03:45,99.0,86.0,7.0,6.0
2021-08-05 02:03:46,88.0,77.0,7.0,4.0
2021-08-05 02:03:47,77.0,66.0,5.0,6.0
2021-08-05 02:03:48,88.0,80.0,6.0,2.0
2021-08-05 02:03:49,87.0,78.0,5.0,4.0
2021-08-05 02:03:50,87.0,78.0,6.0,3.0
2021-08-05 02:03:51,84.0,69.0,7.0,8.0
2021-08-05 02:03:52,82.0,71.0,7.0,4.0
2021-08-05 02:03:53,82.0,72.0,6.0,4.0
2021-08-05 02:03:54,99.0,93.0,4.0,2.0
2021-08-05 02:03:55,82.0,68.0,9.0,5.0
2021-08-05 02:03:56,81.0,68.0,7.0,6.0
2021-08-05 02:03:57,86.0,76.0,7.0,3.0
2021-08-05 02:03:58,96.0,79.0,10.0,7.0
2021-08-05 02:03:59,80.0,76.0,1.0,3.0
2021-08-05 02:04:00,74.0,67.0,4.0,3.0
2021-08-05 02:04:01,73.0,64.0,5.0,4.0
2021-08-05 02:04:02,79.0,67.0,4.0,8.0
2021-08-05 02:04:03,99.0,89.0,6.0,4.0
2021-08-05 02:04:04,86.0,71.0,8.0,7.0
2021-08-05 02:04:05,86.0,77.0,6.0,3.0
2021-08-05 02:04:06,96.0,82.0,9.0,5.0
2021-08-05 02:04:07,106.0,87.0,9.0,10.0
2021-08-05 02:04:08,84.0,69.0,11.0,4.0
2021-08-05 02:04:09,84.0,77.0,4.0,3.0
2021-08-05 02:04:10,85.0,76.0,7.0,2.0
2021-08-05 02:04:11,96.0,86.0,6.0,4.0
2021-08-05 02:04:12,98.0,86.0,8.0,4.0
2021-08-05 02:04:13,89.0,80.0,5.0,4.0
2021-08-05 02:04:14,94.0,85.0,6.0,3.0
2021-08-05 02:04:15,79.0,71.0,5.0,3.0
2021-08-05 02:04:16,87.0,75.0,4.0,8.0
2021-08-05 02:04:17,79.0,71.0,5.0,3.0
2021-08-05 02:04:18,86.0,75.0,7.0,4.0
2021-08-05 02:04:19,109.0,94.0,9.0,6.0
2021-08-05 02:04:20,97.0,85.0,8.0,4.0
2021-08-05 02:04:21,81.0,72.0,3.0,6.0
2021-08-05 02:04:22,96.0,77.0,9.0,10.0
2021-08-05 02:04:23,78.0,70.0,6.0,2.0
2021-08-05 02:04:24,85.0,80.0,4.0,1.0
2021-08-05 02:04:25,92.0,81.0,10.0,1.0
2021-08-05 02:04:26,96.0,86.0,5.0,5.0
2021-08-05 02:04:27,97.0,89.0,3.0,5.0
2021-08-05 02:04:28,116.0,99.0,13.0,4.0
2021-08-05 02:04:29,91.0,81.0,5.0,5.0
2021-08-05 02:04:30,92.0,83.0,4.0,5.0
2021-08-05 02:04:31,92.0,87.0,2.0,3.0
2021-08-05 02:04:32,86.0,75.0,9.0,2.0
2021-08-05 02:04:33,95.0,83.0,5.0,7.0
2021-08-05 02:04:34,91.0,82.0,7.0,2.0
2021-08-05 02:04:35,97.0,89.0,2.0,6.0
2021-08-05 02:04:36,92.0,81.0,7.0,4.0
2021-08-05 02:04:37,83.0,76.0,4.0,3.0
2021-08-05 02:04:38,106.0,100.0,6.0,0.0
2021-08-05 02:04:39,98.0,85.0,10.0,3.0
2021-08-05 02:04:40,69.0,65.0,3.0,1.0
2021-08-05 02:04:41,74.0,62.0,8.0,4.0
2021-08-05 02:04:42,99.0,86.0,8.0,5.0
2021-08-05 02:04:43,84.0,76.0,5.0,3.0
2021-08-05 02:04:44,75.0,70.0,2.0,3.0
2021-08-05 02:04:45,73.0,62.0,6.0,5.0
2021-08-05 02:04:46,80.0,73.0,4.0,3.0
2021-08-05 02:04:47,79.0,75.0,1.0,3.0
2021-08-05 02:04:48,98.0,82.0,8.0,8.0
2021-08-05 02:04:49,69.0,61.0,3.0,5.0
2021-08-05 02:04:50,80.0,68.0,6.0,6.0
2021-08-05 02:04:51,83.0,69.0,6.0,8.0
2021-08-05 02:04:52,89.0,79.0,6.0,4.0
2021-08-05 02:04:53,82.0,75.0,4.0,3.0
2021-08-05 02:04:54,105.0,98.0,4.0,3.0
2021-08-05 02:04:55,78.0,72.0,3.0,3.0
2021-08-05 02:04:56,91.0,78.0,6.0,7.0
2021-08-05 02:04:57,83.0,73.0,7.0,3.0
2021-08-05 02:04:58,84.0,75.0,5.0,4.0
2021-08-05 02:04:59,100.0,94.0,2.0,4.0
2021-08-05 02:05:00,102.0,94.0,7.0,1.0
2021-08-05 02:05:01,93.0,78.0,10.0,5.0
2021-08-05 02:05:02,75.0,66.0,5.0,4.0
2021-08-05 02:05:03,94.0,86.0,7.0,1.0
2021-08-05 02:05:04,92.0,81.0,7.0,4.0
2021-08-05 02:05:05,95.0,82.0,7.0,6.0
2021-08-05 02:05:06,75.0,66.0,7.0,2.0
2021-08-05 02:05:07,84.0,75.0,5.0,4.0
2021-08-05 02:05:08,83.0,65.0,13.0,5.0
2021-08-05 02:05:09,97.0,88.0,2.0,7.0
2021-08-05 02:05:10,74.0,61.0,9.0,4.0
2021-08-05 02:05:11,85.0,79.0,3.0,3.0
2021-08-05 02:05:12,84.0,69.0,10.0,5.0
2021-08-05 02:05:13,82.0,76.0,4.0,2.0
2021-08-05 02:05:14,86.0,73.0,9.0,4.0
2021-08-05 02:05:15,79.0,71.0,6.0,2.0
2021-08-05 02:05:16,96.0,86.0,7.0,3.0
2021-08-05 02:05:17,89.0,80.0,5.0,4.0
2021-08-05 02:05:18,71.0,62.0,5.0,4.0
2021-08-05 02:05:19,79.0,68.0,3.0,8.0
2021-08-05 02:05:20,99.0,90.0,3.0,6.0
2021-08-05 02:05:21,90.0,82.0,7.0,1.0
2021-08-05 02:05:22,92.0,84.0,5.0,3.0
2021-08-05 02:05:23,92.0,84.0,6.0,2.0
2021-08-05 02:05:24,80.0,71.0,3.0,6.0
2021-08-05 02:05:25,99.0,85.0,9.0,5.0
2021-08-05 02:05:26,98.0,85.0,10.0,3.0
2021-08-05 02:05:27,95.0,83.0,7.0,5.0
2021-08-05 02:05:28,82.0,73.0,6.0,3.0
2021-08-05 02:05:29,84.0,70.0,6.0,8.0
2021-08-05 02:05:30,83.0,79.0,1.0,3.0
2021-08-05 02:05:31,73.0,61.0,10.0,2.0
2021-08-05 02:05:32,96.0,88.0,5.0,3.0
2021-08-05 02:05:33,98.0,84.0,8.0,6.0
2021-08-05 02:05:34,88.0,74.0,8.0,6.0
2021-08-05 02:05:35,84.0,72.0,7.0,5.0
2021-08-05 02:05:36,94.0,80.0,11.0,3.0
2021-08-05 02:05:37,92.0,82.0,3.0,7.0
2021-08-05 02:05:38,94.0,86.0,4.0,4.0
2021-08-05 02:05:39,93.0,83.0,6.0,4.0
2021-08-05 02:05:40,92.0,78.0,5.0,9.0
2021-08-05 02:05:41,90.0,87.0,1.0,2.0
2021-08-05 02:05:42,92.0,82.0,6.0,4.0
2021-08-05 02:05:43,79.0,62.0,10.0,7.0
2021-08-05 02:05:44,84.0,70.0,9.0,5.0
2021-08-05 02:05:45,94.0,86.0,3.0,5.0
2021-08-05 02:05:46,93.0,82.0,8.0,3.0
2021-08-05 02:05:47,86.0,71.0,8.0,7.0
2021-08-05 02:05:48,80.0,63.0,12.0,5.0
2021-08-05 02:05:49,108.0,89.0,12.0,7.0
2021-08-05 02:05:50,88.0,79.0,5.0,4.0
2021-08-05 02:05:51,95.0,82.0,7.0,6.0
2021-08-05 02:05:52,78.0,73.0,3.0,2.0
2021-08-05 02:05:53,100.0,87.0,7.0,6.0
2021-08-05 02:05:54,99.0,82.0,10.0,7.0
2021-08-05 02:05:55,92.0,82.0,5.0,5.0
2021-08-05 02:05:56,82.0,72.0,5.0,5.0
2021-08-05 02:05:57,101.0,91.0,3.0,7.0
2021-08-05 02:05:58,79.0,66.0,8.0,5.0
2021-08-05 02:05:59,93.0,84.0,5.0,4.0
2021-08-05 02:06:00,86.0,71.0,11.0,4.0
2021-08-05 02:06:01,94.0,82.0,9.0,3.0
2021-08-05 02:06:02,91.0,84.0,5.0,2.0
2021-08-05 02:06:03,97.0,89.0,4.0,4.0
2021-08-05 02:06:04,87.0,81.0,4.0,2.0
2021-08-05 02:06:05,90.0,76.0,8.0,6.0
2021-08-05 02:06:06,79.0,71.0,4.0,4.0
2021-08-05 02:06:07,93.0,80.0,11.0,2.0
2021-08-05 02:06:08,94.0,75.0,11.0,8.0
2021-08-05 02:06:09,87.0,77.0,8.0,2.0
2021-08-05 02:06:10,104.0,94.0,5.0,5.0
2021-08-05 02:06:11,89.0,79.0,5.0,5.0
2021-08-05 02:06:12,77.0,71.0,3.0,3.0
2021-08-05 02:06:13,99.0,88.0,7.0,4.0
2021-08-05 02:06:14,90.0,83.0,3.0,4.0
2021-08-05 02:06:15,95.0,82.0,8.0,5.0
2021-08-05 02:06:16,103.0,83.0,16.0,4.0
2021-08-05 02:06:17,109.0,96.0,5.0,8.0
2021-08-05 02:06:18,85.0,76.0,4.0,5.0
2021-08-05 02:06:19,95.0,86.0,7.0,2.0
2021-08-05 02:06:20,99.0,83.0,15.0,1.0
2021-08-05 02:06:21,94.0,79.0,11.0,4.0
2021-08-05 02:06:22,84.0,74.0,10.0,0.0
2021-08-05 02:06:23,82.0,72.0,5.0,5.0
2021-08-05 02:06:24,109.0,91.0,13.0,5.0
2021-08-05 02:06:25,83.0,77.0,5.0,1.0
2021-08-05 02:06:26,81.0,75.0,1.0,5.0
2021-08-05 02:06:27,96.0,87.0,6.0,3.0
2021-08-05 02:06:28,94.0,88.0,5.0,1.0
2021-08-05 02:06:29,69.0,59.0,3.0,7.0
2021-08-05 02:06:30,71.0,64.0,4.0,3.0
2021-08-05 02:06:31,92.0,78.0,9.0,5.0
2021-08-05 02:06:32,106.0,94.0,9.0,3.0
2021-08-05 02:06:33,84.0,72.0,7.0,5.0
2021-08-05 02:06:34,78.0,65.0,5.0,8.0
2021-08-05 02:06:35,81.0,77.0,3.0,1.0
2021-08-05 02:06:36,83.0,75.0,3.0,5.0
2021-08-05 02:06:37,105.0,95.0,4.0,6.0
2021-08-05 02:06:38,95.0,81.0,7.0,7.0
2021-08-05 02:06:39,82.0,71.0,6.0,5.0
2021-08-05 02:06:40,81.0,68.0,9.0,4.0
2021-08-05 02:06:41,87.0,75.0,6.0,6.0
2021-08-05 02:06:42,100.0,85.0,8.0,7.0
2021-08-05 02:06:43,85.0,73.0,6.0,6.0
2021-08-05 02:06:44,73.0,65.0,4.0,4.0
2021-08-05 02:06:45,104.0,91.0,6.0,7.0
2021-08-05 02:06:46,87.0,81.0,5.0,1.0
2021-08-05 02:06:47,89.0,77.0,9.0,3.0
2021-08-05 02:06:48,90.0,81.0,8.0,1.0
2021-08-05 02:06:49,95.0,84.0,7.0,4.0
2021-08-05 02:06:50,78.0,66.0,7.0,5.0
2021-08-05 02:06:51,83.0,76.0,4.0,3.0
2021-08-05 02:06:52,90.0,79.0,5.0,6.0
2021-08-05 02:06:53,86.0,73.0,6.0,7.0
2021-08-05 02:06:54,87.0,71.0,13.0,3.0
2021-08-05 02:06:55,93.0,80.0,4.0,9.0
2021-08-05 02:06:56,82.0,68.0,7.0,7.0
2021-08-05 02:06:57,89.0,80.0,7.0,2.0
2021-08-05 02:06:58,83.0,76.0,3.0,4.0
2021-08-05 02:06:59,88.0,71.0,11.0,6.0
2021-08-05 02:07:00,86.0,80.0,4.0,2.0
2021-08-05 02:07:01,88.0,77.0,7.0,4.0
2021-08-05 02:07:02,84.0,75.0,4.0,5.0
2021-08-05 02:07:03,94.0,81.0,6.0,7.0
2021-08-05 02:07:04,96.0,83.0,8.0,5.0
2021-08-05 02:07:05,91.0,79.0,8.0,4.0
2021-08-05 02:07:06,93.0,82.0,6.0,5.0
2021-08-05 02:07:07,88.0,80.0,4.0,4.0
2021-08-05 02:07:08,81.0,69.0,7.0,5.0
2021-08-05 02:07:09,106.0,95.0,8.0,3.0
2021-08-05 02:07:10,88.0,79.0,6.0,3.0
2021-08-05 02:07:11,100.0,85.0,9.0,6.0
2021-08-05 02:07:12,77.0,71.0,1.0,5.0
2021-08-05 02:07:13,104.0,96.0,6.0,2.0
2021-08-05 02:07:14,115.0,103.0,5.0,7.0
2021-08-05 02:07:15,101.0,93.0,5.0,3.0
2021-08-05 02:07:16,93.0,82.0,6.0,5.0
2021-08-05 02:07:17,88.0,79.0,5.0,4.0
2021-08-05 02:07:18,105.0,97.0,5.0,3.0
2021-08-05 02:07:19,100.0,85.0,10.0,5.0
2021-08-05 02:07:20,92.0,80.0,8.0,4.0
2021-08-05 02:07:21,99.0,87.0,6.0,6.0
2021-08-05 02:07:22,112.0,100.0,5.0,7.0
2021-08-05 02:07:23,91.0,77.0,9.0,5.0
2021-08-05 02:07:24,91.0,81.0,6.0,4.0
2021-08-05 02:07:25,63.0,54.0,3.0,6.0
2021-08-05 02:07:26,93.0,85.0,5.0,3.0
2021-08-05 02:07:27,89.0,79.0,6.0,4.0
2021-08-05 02:07:28,92.0,83.0,6.0,3.0
2021-08-05 02:07:29,74.0,62.0,6.0,6.0
2021-08-05 02:07:30,83.0,75.0,6.0,2.0
2021-08-05 02:07:31,75.0,60.0,6.0,9.0
2021-08-05 02:07:32,109.0,97.0,4.0,8.0
2021-08-05 02:07:33,71.0,63.0,5.0,3.0
2021-08-05 02:07:34,80.0,72.0,6.0,2.0
2021-08-05 02:07:35,75.0,61.0,9.0,5.0
2021-08-05 02:07:36,101.0,91.0,4.0,6.0
2021-08-05 02:07:37,86.0,73.0,4.0,9.0
2021-08-05 02:07:38,88.0,81.0,2.0,5.0
2021-08-05 02:07:39,78.0,67.0,8.0,3.0
2021-08-05 02:07:40,82.0,70.0,10.0,2.0
2021-08-05 02:07:41,87.0,80.0,4.0,3.0
2021-08-05 02:07:42,84.0,75.0,6.0,3.0
2021-08-05 02:07:43,77.0,65.0,9.0,3.0
2021-08-05 02:07:44,75.0,66.0,4.0,5.0
2021-08-05 02:07:45,84.0,75.0,5.0,4.0
2021-08-05 02:07:46,81.0,69.0,7.0,5.0
2021-08-05 02:07:47,107.0,90.0,14.0,3.0
2021-08-05 02:07:48,87.0,77.0,8.0,2.0
2021-08-05 02:07:49,93.0,89.0,2.0,2.0
2021-08-05 02:07:50,78.0,67.0,7.0,4.0
2021-08-05 02:07:51,88.0,84.0,3.0,1.0
2021-08-05 02:07:52,86.0,69.0,12.0,5.0
2021-08-05 02:07:53,98.0,88.0,4.0,6.0
2021-08-05 02:07:54,97.0,86.0,6.0,5.0
2021-08-05 02:07:55,73.0,66.0,3.0,4.0
2021-08-05 02:07:56,128.0,118.0,3.0,7.0
2021-08-05 02:07:57,82.0,77.0,4.0,1.0
2021-08-05 02:07:58,97.0,87.0,9.0,1.0
2021-08-05 02:07:59,90.0,79.0,4.0,7.0
2021-08-05 02:08:00,89.0,80.0,6.0,3.0
2021-08-05 02:08:01,74.0,63.0,9.0,2.0
2021-08-05 02:08:02,97.0,88.0,7.0,2.0
2021-08-05 02:08:03,83.0,73.0,6.0,4.0
2021-08-05 02:08:04,99.0,81.0,11.0,7.0
2021-08-05 02:08:05,85.0,80.0,2.0,3.0
2021-08-05 02:08:06,96.0,88.0,6.0,2.0
2021-08-05 02:08:07,103.0,94.0,5.0,4.0
2021-08-05 02:08:08,75.0,65.0,7.0,3.0
2021-08-05 02:08:09,101.0,90.0,7.0,4.0
2021-08-05 02:08:10,84.0,71.0,7.0,6.0
2021-08-05 02:08:11,90.0,83.0,6.0,1.0
2021-08-05 02:08:12,82.0,74.0,5.0,3.0
2021-08-05 02:08:13,70.0,65.0,1.0,4.0
2021-08-05 02:08:14,83.0,78.0,3.0,2.0
2021-08-05 02:08:15,99.0,87.0,6.0,6.0
2021-08-05 02:08:16,92.0,81.0,6.0,5.0
2021-08-05 02:08:17,90.0,81.0,5.0,4.0
2021-08-05 02:08:18,110.0,106.0,1.0,3.0
2021-08-05 02:08:19,85.0,68.0,9.0,8.0
2021-08-05 02:08:20,80.0,71.0,6.0,3.0
2021-08-05 02:08:21,79.0,70.0,4.0,5.0
2021-08-05 02:08:22,95.0,82.0,7.0,6.0
2021-08-05 02:08:23,98.0,87.0,7.0,4.0
2021-08-05 02:08:24,109.0,100.0,5.0,4.0
2021-08-05 02:08:25,85.0,72.0,7.0,6.0
2021-08-05 02:08:26,89.0,74.0,5.0,10.0
2021-08-05 02:08:27,78.0,68.0,4.0,6.0
2021-08-05 02:08:28,109.0,102.0,4.0,3.0
2021-08-05 02:08:29,87.0,68.0,11.0,8.0
2021-08-05 02:08:30,102.0,87.0,9.0,6.0
2021-08-05 02:08:31,80.0,66.0,8.0,6.0
2021-08-05 02:08:32,89.0,78.0,8.0,3.0
2021-08-05 02:08:33,82.0,76.0,5.0,1.0
2021-08-05 02:08:34,89.0,79.0,7.0,3.0
2021-08-05 02:08:35,85.0,75.0,4.0,6.0
2021-08-05 02:08:36,95.0,79.0,11.0,5.0
2021-08-05 02:08:37,97.0,87.0,6.0,4.0
2021-08-05 02:08:38,93.0,83.0,6.0,4.0
2021-08-05 02:08:39,117.0,101.0,12.0,4.0
2021-08-05 02:08:40,78.0,71.0,6.0,1.0
2021-08-05 02:08:41,100.0,92.0,4.0,4.0
2021-08-05 02:08:42,92.0,79.0,8.0,5.0
2021-08-05 02:08:43,89.0,77.0,7.0,5.0
2021-08-05 02:08:44,82.0,71.0,8.0,3.0
2021-08-05 02:08:45,85.0,74.0,7.0,4.0
2021-08-05 02:08:46,78.0,69.0,5.0,4.0
2021-08-05 02:08:47,89.0,81.0,4.0,4.0
2021-08-05 02:08:48,100.0,86.0,6.0,8.0
2021-08-05 02:08:49,95.0,80.0,9.0,6.0
2021-08-05 02:08:50,80.0,72.0,4.0,4.0
2021-08-05 02:08:51,78.0,69.0,5.0,4.0
2021-08-05 02:08:52,92.0,85.0,5.0,2.0
2021-08-05 02:08:53,85.0,77.0,6.0,2.0
2021-08-05 02:08:54,78.0,74.0,2.0,2.0
2021-08-05 02:08:55,92.0,85.0,3.0,4.0
2021-08-05 02:08:56,102.0,84.0,13.0,5.0
2021-08-05 02:08:57,91.0,74.0,12.0,5.0
2021-08-05 02:08:58,96.0,84.0,8.0,4.0
2021-08-05 02:08:59,79.0,67.0,10.0,2.0
2021-08-05 02:09:00,86.0,76.0,9.0,1.0
2021-08-05 02:09:01,90.0,77.0,9.0,4.0
2021-08-05 02:09:02,92.0,80.0,4.0,8.0
2021-08-05 02:09:03,95.0,89.0,4.0,2.0
2021-08-05 02:09:04,101.0,92.0,2.0,7.0
2021-08-05 02:09:05,87.0,76.0,8.0,3.0
2021-08-05 02:09:06,82.0,70.0,8.0,4.0
2021-08-05 02:09:07,88.0,80.0,6.0,2.0
2021-08-05 02:09:08,74.0,68.0,2.0,4.0
2021-08-05 02:09:09,88.0,83.0,2.0,3.0
2021-08-05 02:09:10,88.0,78.0,4.0,6.0
2021-08-05 02:09:11,104.0,91.0,7.0,6.0
2021-08-05 02:09:12,90.0,83.0,4.0,3.0
2021-08-05 02:09:13,99.0,88.0,8.0,3.0
2021-08-05 02:09:14,93.0,78.0,5.0,10.0
2021-08-05 02:09:15,107.0,87.0,14.0,6.0
2021-08-05 02:09:16,88.0,78.0,6.0,4.0
2021-08-05 02:09:17,75.0,67.0,8.0,0.0
2021-08-05 02:09:18,99.0,87.0,5.0,7.0
2021-08-05 02:09:19,89.0,77.0,6.0,6.0
2021-08-05 02:09:20,92.0,80.0,7.0,5.0
2021-08-05 02:09:21,89.0,83.0,4.0,2.0
2021-08-05 02:09:22,89.0,86.0,1.0,2.0
2021-08-05 02:09:23,103.0,90.0,9.0,4.0
2021-08-05 02:09:24,109.0,89.0,15.0,5.0
2021-08-05 02:09:25,101.0,85.0,10.0,6.0
2021-08-05 02:09:26,90.0,75.0,10.0,5.0
2021-08-05 02:09:27,79.0,68.0,6.0,5.0
2021-08-05 02:09:28,90.0,80.0,7.0,3.0
2021-08-05 02:09:29,87.0,80.0,2.0,5.0
2021-08-05 02:09:30,90.0,79.0,6.0,5.0
2021-08-05 02:09:31,77.0,66.0,6.0,5.0
2021-08-05 02:09:32,87.0,77.0,6.0,4.0
2021-08-05 02:09:33,90.0,81.0,5.0,4.0
2021-08-05 02:09:34,86.0,78.0,3.0,5.0
2021-08-05 02:09:35,89.0,79.0,3.0,7.0
2021-08-05 02:09:36,75.0,67.0,4.0,4.0
2021-08-05 02:09:37,85.0,73.0,5.0,7.0
2021-08-05 02:09:38,106.0,91.0,7.0,8.0
2021-08-05 02:09:39,86.0,75.0,5.0,6.0
2021-08-05 02:09:40,84.0,75.0,7.0,2.0
2021-08-05 02:09:41,89.0,81.0,6.0,2.0
2021-08-05 02:09:42,104.0,95.0,8.0,1.0
2021-08-05 02:09:43,95.0,84.0,7.0,4.0
2021-08-05 02:09:44,78.0,70.0,4.0,4.0
2021-08-05 02:09:45,82.0,76.0,2.0,4.0
2021-08-05 02:09:46,105.0,92.0,10.0,3.0
2021-08-05 02:09:47,79.0,71.0,7.0,1.0
2021-08-05 02:09:48,84.0,67.0,8.0,9.0
2021-08-05 02:09:49,74.0,68.0,2.0,4.0
2021-08-05 02:09:50,91.0,83.0,3.0,5.0
2021-08-05 02:09:51,90.0,74.0,8.0,8.0
2021-08-05 02:09:52,108.0,98.0,6.0,4.0
2021-08-05 02:09:53,96.0,83.0,6.0,7.0
2021-08-05 02:09:54,64.0,55.0,6.0,3.0
2021-08-05 02:09:55,79.0,69.0,7.0,3.0
2021-08-05 02:09:56,89.0,80.0,7.0,2.0
2021-08-05 02:09:57,74.0,66.0,4.0,4.0
2021-08-05 02:09:58,83.0,73.0,7.0,3.0
2021-08-05 02:09:59,108.0,93.0,8.0,7.0
2021-08-05 02:10:00,102.0,89.0,7.0,6.0
2021-08-05 02:10:01,86.0,78.0,8.0,0.0
2021-08-05 02:10:02,83.0,70.0,5.0,8.0
2021-08-05 02:10:03,90.0,80.0,4.0,6.0
2021-08-05 02:10:04,95.0,87.0,5.0,3.0
2021-08-05 02:10:05,93.0,84.0,2.0,7.0
2021-08-05 02:10:06,96.0,85.0,7.0,4.0
2021-08-05 02:10:07,81.0,72.0,7.0,2.0
2021-08-05 02:10:08,91.0,77.0,8.0,6.0
2021-08-05 02:10:09,93.0,74.0,12.0,7.0
2021-08-05 02:10:10,100.0,89.0,6.0,5.0
2021-08-05 02:10:11,90.0,78.0,5.0,7.0
2021-08-05 02:10:12,86.0,78.0,2.0,6.0
2021-08-05 02:10:13,96.0,87.0,8.0,1.0
2021-08-05 02:10:14,86.0,79.0,1.0,6.0
2021-08-05 02:10:15,77.0,70.0,4.0,3.0
2021-08-05 02:10:16,95.0,83.0,6.0,6.0
2021-08-05 02:10:17,88.0,80.0,5.0,3.0
2021-08-05 02:10:18,94.0,85.0,5.0,4.0
2021-08-05 02:10:19,80.0,68.0,7.0,5.0
2021-08-05 02:10:20,83.0,76.0,5.0,2.0
2021-08-05 02:10:21,93.0,77.0,13.0,3.0
2021-08-05 02:10:22,102.0,89.0,10.0,3.0
2021-08-05 02:10:23,83.0,75.0,5.0,3.0
2021-08-05 02:10:24,87.0,75.0,6.0,6.0
2021-08-05 02:10:25,99.0,81.0,16.0,2.0
2021-08-05 02:10:26,71.0,66.0,3.0,2.0
2021-08-05 02:10:27,84.0,73.0,7.0,4.0
2021-08-05 02:10:28,87.0,74.0,10.0,3.0
2021-08-05 02:10:29,97.0,85.0,9.0,3.0
2021-08-05 02:10:30,93.0,80.0,5.0,8.0
2021-08-05 02:10:31,75.0,71.0,2.0,2.0
2021-08-05 02:10:32,85.0,75.0,4.0,6.0
2021-08-05 02:10:33,89.0,72.0,11.0,6.0
2021-08-05 02:10:34,100.0,88.0,7.0,5.0
2021-08-05 02:10:35,77.0,71.0,3.0,3.0
2021-08-05 02:10:36,87.0,72.0,9.0,6.0
2021-08-05 02:10:37,93.0,81.0,7.0,5.0
2021-08-05 02:10:38,93.0,77.0,9.0,7.0
2021-08-05 02:10:39,86.0,74.0,8.0,4.0
2021-08-05 02:10:40,96.0,83.0,10.0,3.0
2021-08-05 02:10:41,89.0,81.0,3.0,5.0
2021-08-05 02:10:42,106.0,86.0,12.0,8.0
2021-08-05 02:10:43,97.0,84.0,5.0,8.0
2021-08-05 02:10:44,90.0,82.0,3.0,5.0
2021-08-05 02:10:45,82.0,73.0,5.0,4.0
2021-08-05 02:10:46,92.0,80.0,5.0,7.0
2021-08-05 02:10:47,85.0,70.0,10.0,5.0
2021-08-05 02:10:48,88.0,83.0,4.0,1.0
2021-08-05 02:10:49,97.0,76.0,9.0,12.0
2021-08-05 02:10:50,93.0,87.0,2.0,4.0
2021-08-05 02:10:51,97.0,87.0,8.0,2.0
2021-08-05 02:10:52,92.0,77.0,6.0,9.0
2021-08-05 02:10:53,77.0,70.0,3.0,4.0
2021-08-05 02:10:54,105.0,91.0,9.0,5.0
2021-08-05 02:10:55,85.0,80.0,1.0,4.0
2021-08-05 02:10:56,87.0,79.0,4.0,4.0
2021-08-05 02:10:57,87.0,75.0,8.0,4.0
2021-08-05 02:10:58,81.0,68.0,9.0,4.0
2021-08-05 02:10:59,77.0,70.0,5.0,2.0
2021-08-05 02:11:00,86.0,74.0,11.0,1.0
2021-08-05 02:11:01,99.0,88.0,6.0,5.0
2021-08-05 02:11:02,86.0,80.0,4.0,2.0
2021-08-05 02:11:03,79.0,69.0,6.0,4.0
2021-08-05 02:11:04,87.0,69.0,12.0,6.0
2021-08-05 02:11:05,92.0,79.0,8.0,5.0
2021-08-05 02:11:06,103.0,92.0,5.0,6.0
2021-08-05 02:11:07,94.0,85.0,5.0,4.0
2021-08-05 02:11:08,109.0,97.0,9.0,3.0
2021-08-05 02:11:09,96.0,83.0,9.0,4.0
2021-08-05 02:11:10,79.0,69.0,4.0,6.0
2021-08-05 02:11:11,97.0,84.0,8.0,5.0
2021-08-05 02:11:12,71.0,58.0,9.0,4.0
2021-08-05 02:11:13,88.0,78.0,5.0,5.0
2021-08-05 02:11:14,87.0,81.0,3.0,3.0
2021-08-05 02:11:15,87.0,75.0,7.0,5.0
2021-08-05 02:11:16,83.0,74.0,8.0,1.0
2021-08-05 02:11:17,84.0,74.0,7.0,3.0
2021-08-05 02:11:18,99.0,91.0,5.0,3.0
2021-08-05 02:11:19,88.0,80.0,5.0,3.0
2021-08-05 02:11:20,106.0,96.0,4.0,6.0
2021-08-05 02:11:21,115.0,105.0,5.0,5.0
2021-08-05 02:11:22,88.0,67.0,10.0,11.0
2021-08-05 02:11:23,86.0,81.0,5.0,0.0
2021-08-05 02:11:24,87.0,81.0,3.0,3.0
2021-08-05 02:11:25,86.0,75.0,5.0,6.0
2021-08-05 02:11:26,78.0,71.0,6.0,1.0
2021-08-05 02:11:27,95.0,85.0,4.0,6.0
2021-08-05 02:11:28,77.0,70.0,4.0,3.0
2021-08-05 02:11:29,92.0,81.0,6.0,5.0
2021-08-05 02:11:30,87.0,80.0,6.0,1.0
2021-08-05 02:11:31,109.0,103.0,4.0,2.0
2021-08-05 02:11:32,96.0,83.0,6.0,7.0
2021-08-05 02:11:33,70.0,64.0,4.0,2.0
2021-08-05 02:11:34,110.0,101.0,6.0,3.0
2021-08-05 02:11:35,83.0,75.0,4.0,4.0
2021-08-05 02:11:36,103.0,95.0,5.0,3.0
2021-08-05 02:11:37,77.0,73.0,2.0,2.0
2021-08-05 02:11:38,94.0,83.0,5.0,6.0
2021-08-05 02:11:39,87.0,73.0,7.0,7.0
2021-08-05 02:11:40,97.0,84.0,9.0,4.0
2021-08-05 02:11:41,83.0,72.0,6.0,5.0
2021-08-05 02:11:42,71.0,60.0,8.0,3.0
2021-08-05 02:11:43,89.0,74.0,12.0,3.0
2021-08-05 02:11:44,96.0,87.0,4.0,5.0
2021-08-05 02:11:45,86.0,76.0,7.0,3.0
2021-08-05 02:11:46,110.0,98.0,6.0,6.0
2021-08-05 02:11:47,106.0,94.0,8.0,4.0
2021-08-05 02:11:48,92.0,79.0,9.0,4.0
2021-08-05 02:11:49,78.0,75.0,1.0,2.0
2021-08-05 02:11:50,79.0,70.0,5.0,4.0
2021-08-05 02:11:51,83.0,71.0,9.0,3.0
2021-08-05 02:11:52,82.0,71.0,11.0,0.0
2021-08-05 02:11:53,90.0,77.0,9.0,4.0
2021-08-05 02:11:54,77.0,65.0,9.0,3.0
2021-08-05 02:11:55,92.0,80.0,9.0,3.0
2021-08-05 02:11:56,90.0,79.0,5.0,6.0
2021-08-05 02:11:57,80.0,70.0,4.0,6.0
2021-08-05 02:11:58,92.0,84.0,4.0,4.0
2021-08-05 02:11:59,96.0,84.0,8.0,4.0
2021-08-05 02:12:00,95.0,83.0,7.0,5.0
2021-08-05 02:12:01,85.0,70.0,8.0,7.0
2021-08-05 02:12:02,91.0,75.0,8.0,8.0
2021-08-05 02:12:03,81.0,72.0,6.0,3.0
2021-08-05 02:12:04,88.0,74.0,7.0,7.0
2021-08-05 02:12:05,79.0,69.0,7.0,3.0
2021-08-05 02:12:06,75.0,65.0,9.0,1.0
2021-08-05 02:12:07,73.0,68.0,4.0,1.0
2021-08-05 02:12:08,83.0,73.0,7.0,3.0
2021-08-05 02:12:09,99.0,86.0,8.0,5.0
2021-08-05 02:12:10,97.0,85.0,11.0,1.0
2021-08-05 02:12:11,104.0,90.0,10.0,4.0
2021-08-05 02:12:12,84.0,73.0,9.0,2.0
2021-08-05 02:12:13,114.0,99.0,9.0,6.0
2021-08-05 02:12:14,75.0,64.0,9.0,2.0
2021-08-05 02:12:15,79.0,67.0,8.0,4.0
2021-08-05 02:12:16,88.0,83.0,4.0,1.0
2021-08-05 02:12:17,101.0,89.0,6.0,6.0
2021-08-05 02:12:18,76.0,68.0,6.0,2.0
2021-08-05 02:12:19,100.0,85.0,8.0,7.0
2021-08-05 02:12:20,76.0,68.0,4.0,4.0
2021-08-05 02:12:21,94.0,83.0,8.0,3.0
2021-08-05 02:12:22,95.0,83.0,8.0,4.0
2021-08-05 02:12:23,108.0,97.0,7.0,4.0
2021-08-05 02:12:24,94.0,87.0,3.0,4.0
2021-08-05 02:12:25,65.0,62.0,2.0,1.0
2021-08-05 02:12:26,81.0,66.0,7.0,8.0
2021-08-05 02:12:27,72.0,63.0,6.0,3.0
2021-08-05 02:12:28,90.0,83.0,4.0,3.0
2021-08-05 02:12:29,85.0,78.0,6.0,1.0
2021-08-05 02:12:30,94.0,81.0,5.0,8.0
2021-08-05 02:12:31,91.0,82.0,6.0,3.0
2021-08-05 02:12:32,81.0,72.0,6.0,3.0
2021-08-05 02:12:33,101.0,85.0,12.0,4.0
2021-08-05 02:12:34,83.0,76.0,4.0,3.0
2021-08-05 02:12:35,86.0,70.0,6.0,10.0
2021-08-05 02:12:36,96.0,83.0,6.0,7.0
2021-08-05 02:12:37,84.0,71.0,7.0,6.0
2021-08-05 02:12:38,83.0,71.0,7.0,5.0
2021-08-05 02:12:39,68.0,59.0,5.0,4.0
2021-08-05 02:12:40,89.0,79.0,8.0,2.0
2021-08-05 02:12:41,103.0,91.0,5.0,7.0
2021-08-05 02:12:42,100.0,86.0,8.0,6.0
2021-08-05 02:12:43,91.0,76.0,8.0,7.0
2021-08-05 02:12:44,91.0,81.0,5.0,5.0
2021-08-05 02:12:45,97.0,83.0,8.0,6.0
2021-08-05 02:12:46,91.0,80.0,10.0,1.0
2021-08-05 02:12:47,76.0,64.0,8.0,4.0
2021-08-05 02:12:48,91.0,80.0,6.0,5.0
2021-08-05 02:12:49,83.0,72.0,9.0,2.0
2021-08-05 02:12:50,85.0,78.0,5.0,2.0
2021-08-05 02:12:51,86.0,80.0,5.0,1.0
2021-08-05 02:12:52,90.0,81.0,6.0,3.0
2021-08-05 02:12:53,84.0,73.0,8.0,3.0
2021-08-05 02:12:54,89.0,75.0,11.0,3.0
2021-08-05 02:12:55,64.0,55.0,6.0,3.0
2021-08-05 02:12:56,89.0,82.0,5.0,2.0
2021-08-05 02:12:57,72.0,63.0,6.0,3.0
2021-08-05 02:12:58,102.0,96.0,2.0,4.0
2021-08-05 02:12:59,90.0,75.0,9.0,6.0
2021-08-05 02:13:00,90.0,79.0,4.0,7.0
2021-08-05 02:13:01,97.0,82.0,9.0,6.0
2021-08-05 02:13:02,93.0,86.0,5.0,2.0
2021-08-05 02:13:03,85.0,76.0,5.0,4.0
2021-08-05 02:13:04,96.0,86.0,9.0,1.0
2021-08-05 02:13:05,92.0,81.0,5.0,6.0
2021-08-05 02:13:06,82.0,77.0,2.0,3.0
2021-08-05 02:13:07,81.0,72.0,6.0,3.0
2021-08-05 02:13:08,86.0,75.0,7.0,4.0
2021-08-05 02:13:09,89.0,81.0,7.0,1.0
2021-08-05 02:13:10,93.0,79.0,6.0,8.0
2021-08-05 02:13:11,78.0,72.0,4.0,2.0
2021-08-05 02:13:12,91.0,74.0,9.0,8.0
2021-08-05 02:13:13,89.0,73.0,11.0,5.0
2021-08-05 02:13:14,103.0,93.0,9.0,1.0
2021-08-05 02:13:15,89.0,79.0,5.0,5.0
2021-08-05 02:13:16,85.0,79.0,4.0,2.0
2021-08-05 02:13:17,90.0,79.0,6.0,5.0
2021-08-05 02:13:18,63.0,59.0,4.0,0.0
2021-08-05 02:13:19,97.0,84.0,10.0,3.0
2021-08-05 02:13:20,90.0,79.0,8.0,3.0
2021-08-05 02:13:21,79.0,69.0,8.0,2.0
2021-08-05 02:13:22,94.0,81.0,10.0,3.0
2021-08-05 02:13:23,81.0,68.0,7.0,6.0
2021-08-05 02:13:24,102.0,91.0,7.0,4.0
2021-08-05 02:13:25,111.0,100.0,6.0,5.0
2021-08-05 02:13:26,91.0,83.0,4.0,4.0
2021-08-05 02:13:27,83.0,75.0,3.0,5.0
2021-08-05 02:13:28,94.0,84.0,5.0,5.0
2021-08-05 02:13:29,84.0,69.0,10.0,5.0
2021-08-05 02:13:30,91.0,76.0,6.0,9.0
2021-08-05 02:13:31,100.0,85.0,8.0,7.0
2021-08-05 02:13:32,93.0,79.0,9.0,5.0
2021-08-05 02:13:33,101.0,91.0,7.0,3.0
2021-08-05 02:13:34,93.0,75.0,17.0,1.0
2021-08-05 02:13:35,102.0,89.0,7.0,6.0
2021-08-05 02:13:36,98.0,80.0,15.0,3.0
2021-08-05 02:13:37,81.0,70.0,8.0,3.0
2021-08-05 02:13:38,90.0,83.0,4.0,3.0
2021-08-05 02:13:39,80.0,72.0,4.0,4.0
2021-08-05 02:13:40,96.0,83.0,9.0,4.0
2021-08-05 02:13:41,90.0,83.0,4.0,3.0
2021-08-05 02:13:42,93.0,78.0,6.0,9.0
2021-08-05 02:13:43,87.0,76.0,8.0,3.0
2021-08-05 02:13:44,98.0,78.0,17.0,3.0
2021-08-05 02:13:45,107.0,96.0,5.0,6.0
2021-08-05 02:13:46,80.0,71.0,7.0,2.0
2021-08-05 02:13:47,80.0,71.0,4.0,5.0
2021-08-05 02:13:48,94.0,83.0,7.0,4.0
2021-08-05 02:13:49,84.0,76.0,6.0,2.0
2021-08-05 02:13:50,91.0,82.0,5.0,4.0
2021-08-05 02:13:51,102.0,93.0,3.0,6.0
2021-08-05 02:13:52,81.0,74.0,6.0,1.0
2021-08-05 02:13:53,85.0,74.0,6.0,5.0
2021-08-05 02:13:54,99.0,89.0,6.0,4.0
2021-08-05 02:13:55,75.0,63.0,7.0,5.0
2021-08-05 02:13:56,99.0,82.0,8.0,9.0
2021-08-05 02:13:57,96.0,80.0,14.0,2.0
2021-08-05 02:13:58,73.0,62.0,7.0,4.0
2021-08-05 02:13:59,76.0,64.0,6.0,6.0
2021-08-05 02:14:00,83.0,70.0,9.0,4.0
2021-08-05 02:14:01,88.0,82.0,5.0,1.0
2021-08-05 02:14:02,83.0,77.0,4.0,2.0
2021-08-05 02:14:03,92.0,84.0,6.0,2.0
2021-08-05 02:14:04,91.0,74.0,8.0,9.0
2021-08-05 02:14:05,97.0,83.0,11.0,3.0
2021-08-05 02:14:06,100.0,90.0,6.0,4.0
2021-08-05 02:14:07,105.0,94.0,5.0,6.0
2021-08-05 02:14:08,95.0,82.0,8.0,5.0
2021-08-05 02:14:09,73.0,68.0,3.0,2.0
2021-08-05 02:14:10,102.0,89.0,6.0,7.0
2021-08-05 02:14:11,84.0,73.0,7.0,4.0
2021-08-05 02:14:12,72.0,62.0,4.0,6.0
2021-08-05 02:14:13,83.0,73.0,9.0,1.0
2021-08-05 02:14:14,73.0,64.0,5.0,4.0
2021-08-05 02:14:15,99.0,88.0,6.0,5.0
2021-08-05 02:14:16,98.0,83.0,6.0,9.0
2021-08-05 02:14:17,90.0,73.0,11.0,6.0
2021-08-05 02:14:18,90.0,80.0,5.0,5.0
2021-08-05 02:14:19,85.0,74.0,5.0,6.0
2021-08-05 02:14:20,98.0,89.0,4.0,5.0
2021-08-05 02:14:21,86.0,72.0,7.0,7.0
2021-08-05 02:14:22,83.0,73.0,4.0,6.0
2021-08-05 02:14:23,98.0,88.0,7.0,3.0
2021-08-05 02:14:24,109.0,85.0,16.0,8.0
2021-08-05 02:14:25,71.0,60.0,7.0,4.0
2021-08-05 02:14:26,104.0,90.0,9.0,5.0
2021-08-05 02:14:27,96.0,88.0,5.0,3.0
2021-08-05 02:14:28,103.0,95.0,5.0,3.0
2021-08-05 02:14:29,96.0,80.0,10.0,6.0
2021-08-05 02:14:30,67.0,55.0,3.0,9.0
2021-08-05 02:14:31,97.0,78.0,12.0,7.0
2021-08-05 02:14:32,99.0,85.0,9.0,5.0
2021-08-05 02:14:33,74.0,71.0,0.0,3.0
2021-08-05 02:14:34,99.0,90.0,2.0,7.0
2021-08-05 02:14:35,85.0,75.0,7.0,3.0
2021-08-05 02:14:36,95.0,84.0,6.0,5.0
2021-08-05 02:14:37,93.0,80.0,7.0,6.0
2021-08-05 02:14:38,100.0,87.0,10.0,3.0
2021-08-05 02:14:39,95.0,88.0,2.0,5.0
2021-08-05 02:14:40,90.0,74.0,10.0,6.0
2021-08-05 02:14:41,77.0,70.0,3.0,4.0
2021-08-05 02:14:42,78.0,68.0,5.0,5.0
2021-08-05 02:14:43,68.0,61.0,5.0,2.0
2021-08-05 02:14:44,78.0,69.0,6.0,3.0
2021-08-05 02:14:45,98.0,89.0,8.0,1.0
2021-08-05 02:14:46,90.0,78.0,8.0,4.0
2021-08-05 02:14:47,78.0,74.0,3.0,1.0
2021-08-05 02:14:48,69.0,63.0,3.0,3.0
2021-08-05 02:14:49,108.0,100.0,4.0,4.0
2021-08-05 02:14:50,99.0,89.0,7.0,3.0
2021-08-05 02:14:51,102.0,90.0,9.0,3.0
2021-08-05 02:14:52,79.0,72.0,5.0,2.0
2021-08-05 02:14:53,70.0,60.0,4.0,6.0
2021-08-05 02:14:54,81.0,73.0,7.0,1.0
2021-08-05 02:14:55,96.0,87.0,4.0,5.0
2021-08-05 02:14:56,79.0,75.0,1.0,3.0
2021-08-05 02:14:57,95.0,87.0,7.0,1.0
2021-08-05 02:14:58,77.0,69.0,6.0,2.0
2021-08-05 02:14:59,89.0,85.0,2.0,2.0
2021-08-05 02:15:00,94.0,84.0,6.0,4.0
2021-08-05 02:15:01,93.0,83.0,9.0,1.0
2021-08-05 02:15:02,97.0,88.0,4.0,5.0
2021-08-05 02:15:03,73.0,62.0,7.0,4.0
2021-08-05 02:15:04,112.0,95.0,12.0,5.0
2021-08-05 02:15:05,80.0,70.0,4.0,6.0
2021-08-05 02:15:06,83.0,77.0,4.0,2.0
2021-08-05 02:15:07,101.0,88.0,8.0,5.0
2021-08-05 02:15:08,83.0,65.0,11.0,7.0
2021-08-05 02:15:09,102.0,92.0,8.0,2.0
2021-08-05 02:15:10,87.0,73.0,9.0,5.0
2021-08-05 02:15:11,93.0,75.0,10.0,8.0
2021-08-05 02:15:12,90.0,76.0,7.0,7.0
2021-08-05 02:15:13,87.0,77.0,6.0,4.0
2021-08-05 02:15:14,76.0,73.0,3.0,0.0
2021-08-05 02:15:15,97.0,86.0,7.0,4.0
2021-08-05 02:15:16,84.0,78.0,3.0,3.0
2021-08-05 02:15:17,73.0,66.0,5.0,2.0
2021-08-05 02:15:18,71.0,65.0,4.0,2.0
2021-08-05 02:15:19,82.0,72.0,5.0,5.0
2021-08-05 02:15:20,91.0,77.0,8.0,6.0
2021-08-05 02:15:21,75.0,68.0,7.0,0.0
2021-08-05 02:15:22,101.0,89.0,8.0,4.0
2021-08-05 02:15:23,88.0,78.0,6.0,4.0
2021-08-05 02:15:24,87.0,77.0,10.0,0.0
2021-08-05 02:15:25,80.0,72.0,5.0,3.0
2021-08-05 02:15:26,90.0,87.0,2.0,1.0
2021-08-05 02:15:27,87.0,76.0,4.0,7.0
2021-08-05 02:15:28,100.0,85.0,7.0,8.0
2021-08-05 02:15:29,83.0,76.0,5.0,2.0
2021-08-05 02:15:30,88.0,78.0,5.0,5.0
2021-08-05 02:15:31,78.0,67.0,9.0,2.0
2021-08-05 02:15:32,100.0,85.0,6.0,9.0
2021-08-05 02:15:33,82.0,72.0,7.0,3.0
2021-08-05 02:15:34,91.0,82.0,5.0,4.0
2021-08-05 02:15:35,78.0,68.0,7.0,3.0
2021-08-05 02:15:36,101.0,87.0,9.0,5.0
2021-08-05 02:15:37,98.0,87.0,7.0,4.0
2021-08-05 02:15:38,82.0,73.0,6.0,3.0
2021-08-05 02:15:39,97.0,84.0,7.0,6.0
2021-08-05 02:15:40,82.0,73.0,5.0,4.0
2021-08-05 02:15:41,81.0,75.0,5.0,1.0
2021-08-05 02:15:42,98.0,83.0,9.0,6.0
2021-08-05 02:15:43,93.0,83.0,6.0,4.0
2021-08-05 02:15:44,105.0,92.0,7.0,6.0
2021-08-05 02:15:45,90.0,77.0,9.0,4.0
2021-08-05 02:15:46,82.0,79.0,2.0,1.0
2021-08-05 02:15:47,92.0,81.0,9.0,2.0
2021-08-05 02:15:48,104.0,88.0,4.0,12.0
2021-08-05 02:15:49,94.0,81.0,6.0,7.0
2021-08-05 02:15:50,84.0,77.0,5.0,2.0
2021-08-05 02:15:51,97.0,82.0,9.0,6.0
2021-08-05 02:15:52,94.0,84.0,6.0,4.0
2021-08-05 02:15:53,96.0,85.0,6.0,5.0
2021-08-05 02:15:54,82.0,73.0,5.0,4.0
2021-08-05 02:15:55,88.0,76.0,5.0,7.0
2021-08-05 02:15:56,83.0,74.0,9.0,0.0
2021-08-05 02:15:57,86.0,79.0,4.0,3.0
2021-08-05 02:15:58,94.0,88.0,2.0,4.0
2021-08-05 02:15:59,98.0,87.0,10.0,1.0
2021-08-05 02:16:00,117.0,99.0,11.0,7.0
2021-08-05 02:16:01,82.0,71.0,3.0,8.0
2021-08-05 02:16:02,93.0,80.0,6.0,7.0
2021-08-05 02:16:03,91.0,83.0,1.0,7.0
2021-08-05 02:16:04,89.0,80.0,4.0,5.0
2021-08-05 02:16:05,79.0,68.0,8.0,3.0
2021-08-05 02:16:06,61.0,55.0,3.0,3.0
2021-08-05 02:16:07,95.0,88.0,5.0,2.0
2021-08-05 02:16:08,92.0,86.0,3.0,3.0
2021-08-05 02:16:09,112.0,101.0,5.0,6.0
2021-08-05 02:16:10,79.0,71.0,5.0,3.0
2021-08-05 02:16:11,83.0,75.0,4.0,4.0
2021-08-05 02:16:12,104.0,89.0,11.0,4.0
2021-08-05 02:16:13,94.0,80.0,8.0,6.0
2021-08-05 02:16:14,98.0,89.0,7.0,2.0
2021-08-05 02:16:15,94.0,82.0,7.0,5.0
2021-08-05 02:16:16,85.0,75.0,7.0,3.0
2021-08-05 02:16:17,105.0,90.0,7.0,8.0
2021-08-05 02:16:18,106.0,86.0,14.0,6.0
2021-08-05 02:16:19,87.0,78.0,4.0,5.0
2021-08-05 02:16:20,80.0,69.0,7.0,4.0
2021-08-05 02:16:21,94.0,78.0,13.0,3.0
2021-08-05 02:16:22,73.0,60.0,6.0,7.0
2021-08-05 02:16:23,96.0,84.0,6.0,6.0
2021-08-05 02:16:24,92.0,84.0,4.0,4.0
2021-08-05 02:16:25,85.0,77.0,4.0,4.0
2021-08-05 02:16:26,97.0,88.0,5.0,4.0
2021-08-05 02:16:27,97.0,89.0,5.0,3.0
2021-08-05 02:16:28,87.0,79.0,7.0,1.0
2021-08-05 02:16:29,98.0,86.0,7.0,5.0
2021-08-05 02:16:30,76.0,71.0,2.0,3.0
2021-08-05 02:16:31,94.0,84.0,9.0,1.0
2021-08-05 02:16:32,93.0,82.0,7.0,4.0
2021-08-05 02:16:33,98.0,84.0,8.0,6.0
2021-08-05 02:16:34,91.0,79.0,5.0,7.0
2021-08-05 02:16:35,94.0,89.0,2.0,3.0
2021-08-05 02:16:36,90.0,81.0,2.0,7.0
2021-08-05 02:16:37,69.0,60.0,5.0,4.0
2021-08-05 02:16:38,90.0,76.0,9.0,5.0
2021-08-05 02:16:39,102.0,87.0,8.0,7.0
2021-08-05 02:16:40,92.0,77.0,8.0,7.0
2021-08-05 02:16:41,94.0,83.0,7.0,4.0
2021-08-05 02:16:42,88.0,78.0,7.0,3.0
2021-08-05 02:16:43,98.0,90.0,6.0,2.0
2021-08-05 02:16:44,83.0,71.0,7.0,5.0
2021-08-05 02:16:45,87.0,78.0,7.0,2.0
2021-08-05 02:16:46,88.0,76.0,11.0,1.0
2021-08-05 02:16:47,75.0,63.0,10.0,2.0
2021-08-05 02:16:48,93.0,88.0,3.0,2.0
2021-08-05 02:16:49,85.0,70.0,9.0,6.0
2021-08-05 02:16:50,92.0,78.0,9.0,5.0
2021-08-05 02:16:51,82.0,73.0,6.0,3.0
2021-08-05 02:16:52,80.0,70.0,5.0,5.0
2021-08-05 02:16:53,83.0,72.0,6.0,5.0
2021-08-05 02:16:54,98.0,87.0,7.0,4.0
2021-08-05 02:16:55,100.0,90.0,6.0,4.0
2021-08-05 02:16:56,82.0,73.0,4.0,5.0
2021-08-05 02:16:57,88.0,78.0,6.0,4.0
2021-08-05 02:16:58,77.0,66.0,5.0,6.0
2021-08-05 02:16:59,99.0,90.0,7.0,2.0
2021-08-05 02:17:00,73.0,64.0,6.0,3.0
2021-08-05 02:17:01,90.0,76.0,10.0,4.0
2021-08-05 02:17:02,86.0,78.0,6.0,2.0
2021-08-05 02:17:03,83.0,72.0,5.0,6.0
2021-08-05 02:17:04,102.0,91.0,5.0,6.0
2021-08-05 02:17:05,93.0,79.0,7.0,7.0
2021-08-05 02:17:06,93.0,85.0,5.0,3.0
2021-08-05 02:17:07,97.0,84.0,9.0,4.0
2021-08-05 02:17:08,82.0,74.0,5.0,3.0
2021-08-05 02:17:09,101.0,91.0,6.0,4.0
2021-08-05 02:17:10,75.0,67.0,6.0,2.0
2021-08-05 02:17:11,73.0,63.0,4.0,6.0
2021-08-05 02:17:12,101.0,85.0,12.0,4.0
2021-08-05 02:17:13,68.0,60.0,6.0,2.0
2021-08-05 02:17:14,104.0,84.0,15.0,5.0
2021-08-05 02:17:15,91.0,80.0,4.0,7.0
2021-08-05 02:17:16,99.0,80.0,10.0,9.0
2021-08-05 02:17:17,76.0,70.0,5.0,1.0
2021-08-05 02:17:18,80.0,69.0,7.0,4.0
2021-08-05 02:17:19,76.0,72.0,2.0,2.0
2021-08-05 02:17:20,81.0,64.0,12.0,5.0
2021-08-05 02:17:21,89.0,79.0,7.0,3.0
2021-08-05 02:17:22,93.0,87.0,3.0,3.0
2021-08-05 02:17:23,99.0,86.0,7.0,6.0
2021-08-05 02:17:24,98.0,89.0,5.0,4.0
2021-08-05 02:17:25,90.0,85.0,1.0,4.0
2021-08-05 02:17:26,72.0,63.0,4.0,5.0
2021-08-05 02:17:27,78.0,67.0,7.0,4.0
2021-08-05 02:17:28,90.0,79.0,5.0,6.0
2021-08-05 02:17:29,94.0,83.0,6.0,5.0
2021-08-05 02:17:30,83.0,70.0,7.0,6.0
2021-08-05 02:17:31,89.0,79.0,5.0,5.0
2021-08-05 02:17:32,66.0,60.0,5.0,1.0
2021-08-05 02:17:33,98.0,86.0,7.0,5.0
2021-08-05 02:17:34,92.0,82.0,9.0,1.0
2021-08-05 02:17:35,102.0,97.0,2.0,3.0
2021-08-05 02:17:36,87.0,76.0,8.0,3.0
2021-08-05 02:17:37,93.0,76.0,12.0,5.0
2021-08-05 02:17:38,72.0,61.0,5.0,6.0
2021-08-05 02:17:39,101.0,91.0,5.0,5.0
2021-08-05 02:17:40,92.0,84.0,4.0,4.0
2021-08-05 02:17:41,104.0,91.0,10.0,3.0
2021-08-05 02:17:42,72.0,69.0,3.0,0.0
2021-08-05 02:17:43,95.0,84.0,6.0,5.0
2021-08-05 02:17:44,78.0,68.0,6.0,4.0
2021-08-05 02:17:45,104.0,89.0,8.0,7.0
2021-08-05 02:17:46,86.0,72.0,7.0,7.0
2021-08-05 02:17:47,85.0,73.0,6.0,6.0
2021-08-05 02:17:48,87.0,76.0,9.0,2.0
2021-08-05 02:17:49,90.0,76.0,10.0,4.0
2021-08-05 02:17:50,102.0,87.0,8.0,7.0
2021-08-05 02:17:51,93.0,77.0,9.0,7.0
2021-08-05 02:17:52,94.0,78.0,9.0,7.0
2021-08-05 02:17:53,92.0,82.0,5.0,5.0
2021-08-05 02:17:54,85.0,75.0,7.0,3.0
2021-08-05 02:17:55,108.0,95.0,9.0,4.0
2021-08-05 02:17:56,103.0,92.0,7.0,4.0
2021-08-05 02:17:57,77.0,66.0,6.0,5.0
2021-08-05 02:17:58,70.0,60.0,7.0,3.0
2021-08-05 02:17:59,100.0,88.0,11.0,1.0
2021-08-05 02:18:00,89.0,76.0,11.0,2.0
2021-08-05 02:18:01,77.0,71.0,5.0,1.0
2021-08-05 02:18:02,75.0,63.0,6.0,6.0
2021-08-05 02:18:03,98.0,89.0,6.0,3.0
2021-08-05 02:18:04,78.0,69.0,5.0,4.0
2021-08-05 02:18:05,73.0,66.0,6.0,1.0
2021-08-05 02:18:06,63.0,55.0,5.0,3.0
2021-08-05 02:18:07,91.0,78.0,7.0,6.0
2021-08-05 02:18:08,81.0,71.0,4.0,6.0
2021-08-05 02:18:09,87.0,75.0,7.0,5.0
2021-08-05 02:18:10,83.0,73.0,5.0,5.0
2021-08-05 02:18:11,100.0,88.0,2.0,10.0
2021-08-05 02:18:12,84.0,75.0,5.0,4.0
2021-08-05 02:18:13,99.0,88.0,5.0,6.0
2021-08-05 02:18:14,97.0,80.0,11.0,6.0
2021-08-05 02:18:15,102.0,96.0,3.0,3.0
2021-08-05 02:18:16,85.0,74.0,6.0,5.0
2021-08-05 02:18:17,75.0,70.0,5.0,0.0
2021-08-05 02:18:18,94.0,77.0,12.0,5.0
2021-08-05 02:18:19,83.0,72.0,4.0,7.0
2021-08-05 02:18:20,85.0,70.0,11.0,4.0
2021-08-05 02:18:21,77.0,69.0,6.0,2.0
2021-08-05 02:18:22,85.0,75.0,3.0,7.0
2021-08-05 02:18:23,110.0,98.0,10.0,2.0
2021-08-05 02:18:24,71.0,65.0,4.0,2.0
2021-08-05 02:18:25,88.0,75.0,10.0,3.0
2021-08-05 02:18:26,86.0,77.0,3.0,6.0
2021-08-05 02:18:27,94.0,83.0,7.0,4.0
2021-08-05 02:18:28,102.0,78.0,14.0,10.0
2021-08-05 02:18:29,80.0,69.0,5.0,6.0
2021-08-05 02:18:30,78.0,74.0,2.0,2.0
2021-08-05 02:18:31,82.0,78.0,2.0,2.0
2021-08-05 02:18:32,99.0,84.0,6.0,9.0
2021-08-05 02:18:33,87.0,77.0,6.0,4.0
2021-08-05 02:18:34,90.0,76.0,7.0,7.0
2021-08-05 02:18:35,96.0,95.0,0.0,1.0
2021-08-05 02:18:36,100.0,90.0,6.0,4.0
2021-08-05 02:18:37,84.0,70.0,10.0,4.0
2021-08-05 02:18:38,97.0,82.0,10.0,5.0
2021-08-05 02:18:39,77.0,66.0,9.0,2.0
2021-08-05 02:18:40,98.0,89.0,7.0,2.0
2021-08-05 02:18:41,98.0,90.0,5.0,3.0
2021-08-05 02:18:42,76.0,70.0,1.0,5.0
2021-08-05 02:18:43,82.0,71.0,4.0,7.0
2021-08-05 02:18:44,88.0,81.0,4.0,3.0
2021-08-05 02:18:45,96.0,90.0,3.0,3.0
2021-08-05 02:18:46,87.0,78.0,4.0,5.0
2021-08-05 02:18:47,95.0,78.0,9.0,8.0
2021-08-05 02:18:48,94.0,85.0,4.0,5.0
2021-08-05 02:18:49,72.0,66.0,4.0,2.0
2021-08-05 02:18:50,103.0,92.0,6.0,5.0
2021-08-05 02:18:51,87.0,73.0,11.0,3.0
2021-08-05 02:18:52,88.0,73.0,9.0,6.0
2021-08-05 02:18:53,102.0,86.0,11.0,5.0
2021-08-05 02:18:54,89.0,80.0,4.0,5.0
2021-08-05 02:18:55,94.0,80.0,11.0,3.0
2021-08-05 02:18:56,83.0,73.0,7.0,3.0
2021-08-05 02:18:57,83.0,73.0,6.0,4.0
2021-08-05 02:18:58,90.0,76.0,6.0,8.0
2021-08-05 02:18:59,80.0,73.0,4.0,3.0
2021-08-05 02:19:00,75.0,67.0,4.0,4.0
2021-08-05 02:19:01,88.0,79.0,6.0,3.0
2021-08-05 02:19:02,88.0,77.0,8.0,3.0
2021-08-05 02:19:03,93.0,81.0,5.0,7.0
2021-08-05 02:19:04,78.0,68.0,6.0,4.0
2021-08-05 02:19:05,84.0,73.0,8.0,3.0
2021-08-05 02:19:06,100.0,90.0,5.0,5.0
2021-08-05 02:19:07,86.0,77.0,6.0,3.0
2021-08-05 02:19:08,93.0,89.0,3.0,1.0
2021-08-05 02:19:09,101.0,88.0,9.0,4.0
2021-08-05 02:19:10,93.0,86.0,5.0,2.0
2021-08-05 02:19:11,83.0,72.0,6.0,5.0
2021-08-05 02:19:12,87.0,79.0,7.0,1.0
2021-08-05 02:19:13,94.0,83.0,7.0,4.0
2021-08-05 02:19:14,80.0,69.0,5.0,6.0
2021-08-05 02:19:15,86.0,67.0,12.0,7.0
2021-08-05 02:19:16,87.0,75.0,8.0,4.0
2021-08-05 02:19:17,103.0,89.0,8.0,6.0
2021-08-05 02:19:18,92.0,86.0,3.0,3.0
2021-08-05 02:19:19,78.0,69.0,4.0,5.0
2021-08-05 02:19:20,95.0,87.0,4.0,4.0
2021-08-05 02:19:21,99.0,88.0,6.0,5.0
2021-08-05 02:19:22,88.0,77.0,7.0,4.0
2021-08-05 02:19:23,92.0,79.0,6.0,7.0
2021-08-05 02:19:24,83.0,69.0,5.0,9.0
2021-08-05 02:19:25,85.0,75.0,5.0,5.0
2021-08-05 02:19:26,88.0,73.0,11.0,4.0
2021-08-05 02:19:27,90.0,82.0,5.0,3.0
2021-08-05 02:19:28,84.0,67.0,8.0,9.0
2021-08-05 02:19:29,81.0,71.0,4.0,6.0
2021-08-05 02:19:30,91.0,81.0,6.0,4.0
2021-08-05 02:19:31,92.0,84.0,4.0,4.0
2021-08-05 02:19:32,84.0,78.0,3.0,3.0
2021-08-05 02:19:33,99.0,84.0,10.0,5.0
2021-08-05 02:19:34,78.0,64.0,8.0,6.0
2021-08-05 02:19:35,78.0,67.0,8.0,3.0
2021-08-05 02:19:36,95.0,82.0,6.0,7.0
2021-08-05 02:19:37,86.0,73.0,10.0,3.0
2021-08-05 02:19:38,83.0,73.0,8.0,2.0
2021-08-05 02:19:39,88.0,77.0,7.0,4.0
2021-08-05 02:19:40,69.0,62.0,4.0,3.0
2021-08-05 02:19:41,86.0,78.0,3.0,5.0
2021-08-05 02:19:42,77.0,66.0,8.0,3.0
2021-08-05 02:19:43,71.0,66.0,3.0,2.0
2021-08-05 02:19:44,89.0,80.0,5.0,4.0
2021-08-05 02:19:45,86.0,80.0,5.0,1.0
2021-08-05 02:19:46,89.0,72.0,7.0,10.0
2021-08-05 02:19:47,80.0,70.0,8.0,2.0
2021-08-05 02:19:48,90.0,80.0,6.0,4.0
2021-08-05 02:19:49,87.0,78.0,5.0,4.0
2021-08-05 02:19:50,81.0,65.0,10.0,6.0
2021-08-05 02:19:51,80.0,68.0,7.0,5.0
2021-08-05 02:19:52,92.0,79.0,5.0,8.0
2021-08-05 02:19:53,84.0,76.0,5.0,3.0
2021-08-05 02:19:54,72.0,66.0,5.0,1.0
2021-08-05 02:19:55,74.0,69.0,3.0,2.0
2021-08-05 02:19:56,91.0,84.0,1.0,6.0
2021-08-05 02:19:57,77.0,69.0,5.0,3.0
2021-08-05 02:19:58,103.0,91.0,6.0,6.0
2021-08-05 02:19:59,64.0,50.0,10.0,4.0
2021-08-05 02:20:00,110.0,93.0,11.0,6.0
2021-08-05 02:20:01,70.0,59.0,5.0,6.0
2021-08-05 02:20:02,98.0,83.0,8.0,7.0
2021-08-05 02:20:03,108.0,96.0,7.0,5.0
2021-08-05 02:20:04,77.0,69.0,5.0,3.0
2021-08-05 02:20:05,93.0,78.0,12.0,3.0
2021-08-05 02:20:06,90.0,73.0,8.0,9.0
2021-08-05 02:20:07,74.0,64.0,7.0,3.0
2021-08-05 02:20:08,85.0,72.0,6.0,7.0
2021-08-05 02:20:09,83.0,71.0,9.0,3.0
2021-08-05 02:20:10,104.0,99.0,3.0,2.0
2021-08-05 02:20:11,108.0,96.0,9.0,3.0
2021-08-05 02:20:12,74.0,63.0,4.0,7.0
2021-08-05 02:20:13,95.0,82.0,9.0,4.0
2021-08-05 02:20:14,85.0,77.0,4.0,4.0
2021-08-05 02:20:15,90.0,81.0,7.0,2.0
2021-08-05 02:20:16,77.0,70.0,5.0,2.0
2021-08-05 02:20:17,108.0,96.0,10.0,2.0
2021-08-05 02:20:18,107.0,93.0,9.0,5.0
2021-08-05 02:20:19,71.0,63.0,3.0,5.0
2021-08-05 02:20:20,96.0,88.0,5.0,3.0
2021-08-05 02:20:21,81.0,73.0,6.0,2.0
2021-08-05 02:20:22,72.0,63.0,3.0,6.0
2021-08-05 02:20:23,92.0,76.0,12.0,4.0
2021-08-05 02:20:24,83.0,71.0,6.0,6.0
2021-08-05 02:20:25,73.0,65.0,4.0,4.0
2021-08-05 02:20:26,96.0,82.0,5.0,9.0
2021-08-05 02:20:27,73.0,66.0,4.0,3.0
2021-08-05 02:20:28,88.0,80.0,6.0,2.0
2021-08-05 02:20:29,66.0,54.0,5.0,7.0
2021-08-05 02:20:30,92.0,79.0,9.0,4.0
2021-08-05 02:20:31,102.0,81.0,14.0,7.0
2021-08-05 02:20:32,77.0,63.0,9.0,5.0
2021-08-05 02:20:33,81.0,69.0,8.0,4.0
2021-08-05 02:20:34,99.0,90.0,5.0,4.0
2021-08-05 02:20:35,101.0,86.0,10.0,5.0
2021-08-05 02:20:36,97.0,89.0,4.0,4.0
2021-08-05 02:20:37,100.0,90.0,5.0,5.0
2021-08-05 02:20:38,100.0,86.0,9.0,5.0
2021-08-05 02:20:39,82.0,66.0,9.0,7.0
2021-08-05 02:20:40,92.0,83.0,5.0,4.0
2021-08-05 02:20:41,88.0,78.0,5.0,5.0
2021-08-05 02:20:42,86.0,78.0,5.0,3.0
2021-08-05 02:20:43,89.0,81.0,6.0,2.0
2021-08-05 02:20:44,83.0,72.0,9.0,2.0
2021-08-05 02:20:45,71.0,67.0,2.0,2.0
2021-08-05 02:20:46,92.0,79.0,8.0,5.0
2021-08-05 02:20:47,94.0,87.0,5.0,2.0
2021-08-05 02:20:48,110.0,99.0,5.0,6.0
2021-08-05 02:20:49,96.0,77.0,9.0,10.0
2021-08-05 02:20:50,85.0,76.0,7.0,2.0
2021-08-05 02:20:51,83.0,76.0,4.0,3.0
2021-08-05 02:20:52,87.0,80.0,4.0,3.0
2021-08-05 02:20:53,83.0,76.0,4.0,3.0
2021-08-05 02:20:54,92.0,83.0,4.0,5.0
2021-08-05 02:20:55,97.0,89.0,7.0,1.0
2021-08-05 02:20:56,86.0,77.0,5.0,4.0
2021-08-05 02:20:57,86.0,73.0,8.0,5.0
2021-08-05 02:20:58,83.0,71.0,7.0,5.0
2021-08-05 02:20:59,86.0,76.0,7.0,3.0
2021-08-05 02:21:00,90.0,75.0,11.0,4.0
2021-08-05 02:21:01,114.0,98.0,10.0,6.0
2021-08-05 02:21:02,83.0,73.0,7.0,3.0
2021-08-05 02:21:03,97.0,86.0,9.0,2.0
2021-08-05 02:21:04,92.0,80.0,8.0,4.0
2021-08-05 02:21:05,95.0,81.0,12.0,2.0
2021-08-05 02:21:06,96.0,86.0,5.0,5.0
2021-08-05 02:21:07,75.0,62.0,6.0,7.0
2021-08-05 02:21:08,95.0,85.0,6.0,4.0
2021-08-05 02:21:09,97.0,83.0,8.0,6.0
2021-08-05 02:21:10,86.0,75.0,7.0,4.0
2021-08-05 02:21:11,96.0,92.0,3.0,1.0
2021-08-05 02:21:12,98.0,86.0,7.0,5.0
2021-08-05 02:21:13,101.0,87.0,10.0,4.0
2021-08-05 02:21:14,98.0,88.0,9.0,1.0
2021-08-05 02:21:15,87.0,80.0,3.0,4.0
2021-08-05 02:21:16,66.0,59.0,3.0,4.0
2021-08-05 02:21:17,91.0,83.0,3.0,5.0
2021-08-05 02:21:18,100.0,88.0,8.0,4.0
2021-08-05 02:21:19,85.0,79.0,5.0,1.0
2021-08-05 02:21:20,107.0,94.0,7.0,6.0
2021-08-05 02:21:21,83.0,73.0,5.0,5.0
2021-08-05 02:21:22,75.0,67.0,5.0,3.0
2021-08-05 02:21:23,94.0,81.0,5.0,8.0
2021-08-05 02:21:24,79.0,71.0,5.0,3.0
2021-08-05 02:21:25,85.0,73.0,7.0,5.0
2021-08-05 02:21:26,80.0,73.0,4.0,3.0
2021-08-05 02:21:27,94.0,85.0,7.0,2.0
2021-08-05 02:21:28,82.0,71.0,6.0,5.0
2021-08-05 02:21:29,78.0,68.0,4.0,6.0
2021-08-05 02:21:30,99.0,86.0,9.0,4.0
2021-08-05 02:21:31,93.0,85.0,5.0,3.0
2021-08-05 02:21:32,91.0,79.0,3.0,9.0
2021-08-05 02:21:33,92.0,79.0,6.0,7.0
2021-08-05 02:21:34,101.0,88.0,7.0,6.0
2021-08-05 02:21:35,81.0,67.0,8.0,6.0
2021-08-05 02:21:36,89.0,75.0,7.0,7.0
2021-08-05 02:21:37,79.0,71.0,5.0,3.0
2021-08-05 02:21:38,85.0,73.0,6.0,6.0
2021-08-05 02:21:39,94.0,81.0,8.0,5.0
2021-08-05 02:21:40,100.0,86.0,5.0,9.0
2021-08-05 02:21:41,92.0,79.0,10.0,3.0
2021-08-05 02:21:42,121.0,107.0,11.0,3.0
2021-08-05 02:21:43,86.0,79.0,6.0,1.0
2021-08-05 02:21:44,93.0,81.0,8.0,4.0
2021-08-05 02:21:45,84.0,72.0,7.0,5.0
2021-08-05 02:21:46,97.0,89.0,6.0,2.0
2021-08-05 02:21:47,73.0,60.0,8.0,5.0
2021-08-05 02:21:48,83.0,73.0,5.0,5.0
2021-08-05 02:21:49,82.0,72.0,8.0,2.0
2021-08-05 02:21:50,89.0,78.0,5.0,6.0
2021-08-05 02:21:51,100.0,87.0,11.0,2.0
2021-08-05 02:21:52,87.0,80.0,6.0,1.0
2021-08-05 02:21:53,77.0,69.0,3.0,5.0
2021-08-05 02:21:54,85.0,74.0,6.0,5.0
2021-08-05 02:21:55,100.0,86.0,9.0,5.0
2021-08-05 02:21:56,117.0,97.0,10.0,10.0
2021-08-05 02:21:57,93.0,86.0,5.0,2.0
2021-08-05 02:21:58,75.0,65.0,7.0,3.0
2021-08-05 02:21:59,75.0,67.0,3.0,5.0
2021-08-05 02:22:00,71.0,64.0,5.0,2.0
2021-08-05 02:22:01,86.0,76.0,9.0,1.0
2021-08-05 02:22:02,70.0,65.0,4.0,1.0
2021-08-05 02:22:03,108.0,90.0,13.0,5.0
2021-08-05 02:22:04,91.0,78.0,6.0,7.0
2021-08-05 02:22:05,85.0,72.0,8.0,5.0
2021-08-05 02:22:06,86.0,74.0,4.0,8.0
2021-08-05 02:22:07,88.0,74.0,7.0,7.0
2021-08-05 02:22:08,90.0,71.0,12.0,7.0
2021-08-05 02:22:09,94.0,74.0,15.0,5.0
2021-08-05 02:22:10,75.0,58.0,8.0,9.0
2021-08-05 02:22:11,82.0,70.0,9.0,3.0
2021-08-05 02:22:12,64.0,59.0,2.0,3.0
2021-08-05 02:22:13,93.0,82.0,5.0,6.0
2021-08-05 02:22:14,82.0,72.0,7.0,3.0
2021-08-05 02:22:15,92.0,81.0,6.0,5.0
2021-08-05 02:22:16,88.0,78.0,5.0,5.0
2021-08-05 02:22:17,85.0,80.0,5.0,0.0
2021-08-05 02:22:18,98.0,84.0,10.0,4.0
2021-08-05 02:22:19,75.0,69.0,3.0,3.0
2021-08-05 02:22:20,80.0,69.0,8.0,3.0
2021-08-05 02:22:21,90.0,76.0,8.0,6.0
2021-08-05 02:22:22,68.0,62.0,2.0,4.0
2021-08-05 02:22:23,76.0,67.0,4.0,5.0
2021-08-05 02:22:24,85.0,74.0,6.0,5.0
2021-08-05 02:22:25,94.0,78.0,13.0,3.0
2021-08-05 02:22:26,75.0,64.0,4.0,7.0
2021-08-05 02:22:27,100.0,88.0,8.0,4.0
2021-08-05 02:22:28,81.0,74.0,5.0,2.0
2021-08-05 02:22:29,99.0,90.0,5.0,4.0
2021-08-05 02:22:30,80.0,71.0,6.0,3.0
2021-08-05 02:22:31,87.0,79.0,7.0,1.0
2021-08-05 02:22:32,87.0,81.0,4.0,2.0
2021-08-05 02:22:33,96.0,84.0,7.0,5.0
2021-08-05 02:22:34,81.0,71.0,4.0,6.0
2021-08-05 02:22:35,72.0,65.0,6.0,1.0
2021-08-05 02:22:36,92.0,81.0,6.0,5.0
2021-08-05 02:22:37,97.0,89.0,3.0,5.0
2021-08-05 02:22:38,86.0,75.0,5.0,6.0
2021-08-05 02:22:39,86.0,75.0,9.0,2.0
2021-08-05 02:22:40,83.0,73.0,5.0,5.0
2021-08-05 02:22:41,85.0,73.0,5.0,7.0
2021-08-05 02:22:42,78.0,71.0,2.0,5.0
2021-08-05 02:22:43,103.0,91.0,8.0,4.0
2021-08-05 02:22:44,103.0,88.0,11.0,4.0
2021-08-05 02:22:45,91.0,79.0,8.0,4.0
2021-08-05 02:22:46,96.0,88.0,5.0,3.0
2021-08-05 02:22:47,94.0,84.0,8.0,2.0
2021-08-05 02:22:48,78.0,69.0,3.0,6.0
2021-08-05 02:22:49,86.0,80.0,4.0,2.0
2021-08-05 02:22:50,76.0,66.0,4.0,6.0
2021-08-05 02:22:51,101.0,88.0,4.0,9.0
2021-08-05 02:22:52,77.0,68.0,7.0,2.0
2021-08-05 02:22:53,76.0,71.0,4.0,1.0
2021-08-05 02:22:54,76.0,66.0,6.0,4.0
2021-08-05 02:22:55,89.0,77.0,8.0,4.0
2021-08-05 02:22:56,73.0,70.0,3.0,0.0
2021-08-05 02:22:57,71.0,59.0,8.0,4.0
2021-08-05 02:22:58,100.0,88.0,7.0,5.0
2021-08-05 02:22:59,87.0,76.0,6.0,5.0
2021-08-05 02:23:00,98.0,84.0,5.0,9.0
2021-08-05 02:23:01,97.0,84.0,10.0,3.0
2021-08-05 02:23:02,86.0,78.0,2.0,6.0
2021-08-05 02:23:03,95.0,83.0,5.0,7.0
2021-08-05 02:23:04,75.0,65.0,5.0,5.0
2021-08-05 02:23:05,91.0,78.0,10.0,3.0
2021-08-05 02:23:06,84.0,73.0,7.0,4.0
2021-08-05 02:23:07,89.0,83.0,4.0,2.0
2021-08-05 02:23:08,72.0,66.0,5.0,1.0
2021-08-05 02:23:09,86.0,80.0,4.0,2.0
2021-08-05 02:23:10,88.0,74.0,7.0,7.0
2021-08-05 02:23:11,93.0,81.0,7.0,5.0
2021-08-05 02:23:12,90.0,79.0,6.0,5.0
2021-08-05 02:23:13,79.0,74.0,3.0,2.0
2021-08-05 02:23:14,101.0,90.0,8.0,3.0
2021-08-05 02:23:15,79.0,72.0,4.0,3.0
2021-08-05 02:23:16,72.0,61.0,6.0,5.0
2021-08-05 02:23:17,83.0,70.0,10.0,3.0
2021-08-05 02:23:18,95.0,79.0,12.0,4.0
2021-08-05 02:23:19,84.0,74.0,8.0,2.0
2021-08-05 02:23:20,81.0,68.0,8.0,5.0
2021-08-05 02:23:21,98.0,86.0,9.0,3.0
2021-08-05 02:23:22,82.0,73.0,5.0,4.0
2021-08-05 02:23:23,80.0,72.0,3.0,5.0
2021-08-05 02:23:24,82.0,71.0,7.0,4.0
2021-08-05 02:23:25,85.0,80.0,5.0,0.0
2021-08-05 02:23:26,92.0,83.0,2.0,7.0
2021-08-05 02:23:27,88.0,81.0,5.0,2.0
2021-08-05 02:23:28,71.0,67.0,2.0,2.0
2021-08-05 02:23:29,81.0,74.0,4.0,3.0
2021-08-05 02:23:30,81.0,70.0,4.0,7.0
2021-08-05 02:23:31,94.0,81.0,4.0,9.0
2021-08-05 02:23:32,86.0,73.0,9.0,4.0
2021-08-05 02:23:33,86.0,77.0,4.0,5.0
2021-08-05 02:23:34,104.0,95.0,3.0,6.0
2021-08-05 02:23:35,84.0,76.0,2.0,6.0
2021-08-05 02:23:36,87.0,83.0,2.0,2.0
2021-08-05 02:23:37,81.0,74.0,4.0,3.0
2021-08-05 02:23:38,97.0,89.0,2.0,6.0
2021-08-05 02:23:39,91.0,73.0,16.0,2.0
2021-08-05 02:23:40,89.0,82.0,5.0,2.0
2021-08-05 02:23:41,95.0,87.0,5.0,3.0
2021-08-05 02:23:42,92.0,76.0,7.0,9.0
2021-08-05 02:23:43,78.0,69.0,4.0,5.0
2021-08-05 02:23:44,101.0,88.0,11.0,2.0
2021-08-05 02:23:45,97.0,87.0,2.0,8.0
2021-08-05 02:23:46,82.0,72.0,7.0,3.0
2021-08-05 02:23:47,88.0,81.0,4.0,3.0
2021-08-05 02:23:48,93.0,84.0,5.0,4.0
2021-08-05 02:23:49,88.0,75.0,8.0,5.0
2021-08-05 02:23:50,109.0,96.0,8.0,5.0
2021-08-05 02:23:51,92.0,79.0,8.0,5.0
2021-08-05 02:23:52,76.0,66.0,7.0,3.0
2021-08-05 02:23:53,99.0,88.0,8.0,3.0
2021-08-05 02:23:54,100.0,91.0,4.0,5.0
2021-08-05 02:23:55,92.0,80.0,7.0,5.0
2021-08-05 02:23:56,100.0,90.0,4.0,6.0
2021-08-05 02:23:57,85.0,83.0,1.0,1.0
2021-08-05 02:23:58,107.0,92.0,10.0,5.0
2021-08-05 02:23:59,91.0,81.0,4.0,6.0
2021-08-05 02:24:00,88.0,81.0,5.0,2.0
2021-08-05 02:24:01,94.0,80.0,11.0,3.0
2021-08-05 02:24:02,96.0,86.0,7.0,3.0
2021-08-05 02:24:03,106.0,95.0,9.0,2.0
2021-08-05 02:24:04,83.0,68.0,8.0,7.0
2021-08-05 02:24:05,87.0,80.0,7.0,0.0
2021-08-05 02:24:06,90.0,84.0,5.0,1.0
2021-08-05 02:24:07,86.0,82.0,3.0,1.0
2021-08-05 02:24:08,88.0,81.0,6.0,1.0
2021-08-05 02:24:09,105.0,92.0,9.0,4.0
2021-08-05 02:24:10,89.0,77.0,8.0,4.0
2021-08-05 02:24:11,100.0,90.0,6.0,4.0
2021-08-05 02:24:12,93.0,84.0,5.0,4.0
2021-08-05 02:24:13,98.0,86.0,10.0,2.0
2021-08-05 02:24:14,80.0,72.0,4.0,4.0
2021-08-05 02:24:15,90.0,79.0,8.0,3.0
2021-08-05 02:24:16,81.0,68.0,9.0,4.0
2021-08-05 02:24:17,80.0,75.0,5.0,0.0
2021-08-05 02:24:18,97.0,89.0,6.0,2.0
2021-08-05 02:24:19,79.0,69.0,6.0,4.0
2021-08-05 02:24:20,78.0,71.0,5.0,2.0
2021-08-05 02:24:21,91.0,83.0,5.0,3.0
2021-08-05 02:24:22,98.0,87.0,10.0,1.0
2021-08-05 02:24:23,93.0,82.0,7.0,4.0
2021-08-05 02:24:24,95.0,76.0,11.0,8.0
2021-08-05 02:24:25,101.0,91.0,2.0,8.0
2021-08-05 02:24:26,81.0,70.0,8.0,3.0
2021-08-05 02:24:27,96.0,81.0,12.0,3.0
2021-08-05 02:24:28,81.0,75.0,5.0,1.0
2021-08-05 02:24:29,96.0,90.0,3.0,3.0
2021-08-05 02:24:30,96.0,79.0,13.0,4.0
2021-08-05 02:24:31,84.0,77.0,6.0,1.0
2021-08-05 02:24:32,100.0,87.0,8.0,5.0
2021-08-05 02:24:33,86.0,72.0,8.0,6.0
2021-08-05 02:24:34,109.0,101.0,5.0,3.0
2021-08-05 02:24:35,84.0,75.0,7.0,2.0
2021-08-05 02:24:36,78.0,66.0,8.0,4.0
2021-08-05 02:24:37,100.0,87.0,6.0,7.0
2021-08-05 02:24:38,89.0,76.0,9.0,4.0
2021-08-05 02:24:39,87.0,76.0,8.0,3.0
2021-08-05 02:24:40,92.0,86.0,3.0,3.0
2021-08-05 02:24:41,106.0,93.0,6.0,7.0
2021-08-05 02:24:42,77.0,63.0,7.0,7.0
2021-08-05 02:24:43,101.0,91.0,6.0,4.0
2021-08-05 02:24:44,92.0,83.0,6.0,3.0
2021-08-05 02:24:45,96.0,87.0,6.0,3.0
2021-08-05 02:24:46,87.0,72.0,10.0,5.0
2021-08-05 02:24:47,98.0,78.0,13.0,7.0
2021-08-05 02:24:48,97.0,87.0,7.0,3.0
2021-08-05 02:24:49,90.0,81.0,5.0,4.0
2021-08-05 02:24:50,109.0,97.0,5.0,7.0
2021-08-05 02:24:51,87.0,74.0,9.0,4.0
2021-08-05 02:24:52,101.0,89.0,7.0,5.0
2021-08-05 02:24:53,88.0,76.0,7.0,5.0
2021-08-05 02:24:54,84.0,73.0,9.0,2.0
2021-08-05 02:24:55,111.0,95.0,10.0,6.0
2021-08-05 02:24:56,85.0,71.0,9.0,5.0
2021-08-05 02:24:57,81.0,72.0,6.0,3.0
2021-08-05 02:24:58,93.0,79.0,11.0,3.0
2021-08-05 02:24:59,97.0,84.0,10.0,3.0
2021-08-05 02:25:00,92.0,77.0,10.0,5.0
2021-08-05 02:25:01,87.0,79.0,6.0,2.0
2021-08-05 02:25:02,90.0,80.0,9.0,1.0
2021-08-05 02:25:03,82.0,65.0,11.0,6.0
2021-08-05 02:25:04,88.0,79.0,8.0,1.0
2021-08-05 02:25:05,89.0,82.0,5.0,2.0
2021-08-05 02:25:06,78.0,72.0,4.0,2.0
2021-08-05 02:25:07,87.0,74.0,6.0,7.0
2021-08-05 02:25:08,111.0,97.0,10.0,4.0
2021-08-05 02:25:09,85.0,72.0,5.0,8.0
2021-08-05 02:25:10,93.0,85.0,5.0,3.0
2021-08-05 02:25:11,102.0,94.0,6.0,2.0
2021-08-05 02:25:12,100.0,89.0,8.0,3.0
2021-08-05 02:25:13,92.0,80.0,5.0,7.0
2021-08-05 02:25:14,92.0,80.0,4.0,8.0
2021-08-05 02:25:15,72.0,61.0,7.0,4.0
2021-08-05 02:25:16,85.0,75.0,6.0,4.0
2021-08-05 02:25:17,80.0,75.0,4.0,1.0
2021-08-05 02:25:18,79.0,70.0,7.0,2.0
2021-08-05 02:25:19,92.0,82.0,4.0,6.0
2021-08-05 02:25:20,82.0,72.0,7.0,3.0
2021-08-05 02:25:21,88.0,73.0,6.0,9.0
2021-08-05 02:25:22,87.0,86.0,1.0,0.0
2021-08-05 02:25:23,67.0,63.0,2.0,2.0
2021-08-05 02:25:24,101.0,91.0,5.0,5.0
2021-08-05 02:25:25,102.0,91.0,5.0,6.0
2021-08-05 02:25:26,89.0,80.0,4.0,5.0
2021-08-05 02:25:27,79.0,69.0,7.0,3.0
2021-08-05 02:25:28,102.0,92.0,7.0,3.0
2021-08-05 02:25:29,95.0,89.0,2.0,4.0
2021-08-05 02:25:30,87.0,79.0,3.0,5.0
2021-08-05 02:25:31,92.0,83.0,5.0,4.0
2021-08-05 02:25:32,94.0,78.0,9.0,7.0
2021-08-05 02:25:33,91.0,79.0,7.0,5.0
2021-08-05 02:25:34,78.0,71.0,5.0,2.0
2021-08-05 02:25:35,87.0,81.0,3.0,3.0
2021-08-05 02:25:36,94.0,86.0,3.0,5.0
2021-08-05 02:25:37,100.0,84.0,10.0,6.0
2021-08-05 02:25:38,112.0,98.0,8.0,6.0
2021-08-05 02:25:39,94.0,79.0,9.0,6.0
2021-08-05 02:25:40,89.0,79.0,7.0,3.0
2021-08-05 02:25:41,81.0,69.0,9.0,3.0
2021-08-05 02:25:42,90.0,77.0,7.0,6.0
2021-08-05 02:25:43,91.0,79.0,7.0,5.0
2021-08-05 02:25:44,82.0,70.0,6.0,6.0
2021-08-05 02:25:45,83.0,68.0,10.0,5.0
2021-08-05 02:25:46,95.0,87.0,4.0,4.0
2021-08-05 02:25:47,89.0,77.0,8.0,4.0
2021-08-05 02:25:48,76.0,64.0,5.0,7.0
2021-08-05 02:25:49,80.0,72.0,7.0,1.0
2021-08-05 02:25:50,77.0,63.0,10.0,4.0
2021-08-05 02:25:51,75.0,68.0,3.0,4.0
2021-08-05 02:25:52,93.0,76.0,11.0,6.0
2021-08-05 02:25:53,80.0,72.0,6.0,2.0
2021-08-05 02:25:54,76.0,71.0,4.0,1.0
2021-08-05 02:25:55,89.0,79.0,5.0,5.0
2021-08-05 02:25:56,85.0,78.0,3.0,4.0
2021-08-05 02:25:57,83.0,74.0,3.0,6.0
2021-08-05 02:25:58,78.0,67.0,9.0,2.0
2021-08-05 02:25:59,95.0,80.0,6.0,9.0
2021-08-05 02:26:00,80.0,68.0,4.0,8.0
2021-08-05 02:26:01,100.0,87.0,5.0,8.0
2021-08-05 02:26:02,95.0,82.0,5.0,8.0
2021-08-05 02:26:03,73.0,68.0,3.0,2.0
2021-08-05 02:26:04,89.0,83.0,3.0,3.0
2021-08-05 02:26:05,85.0,75.0,7.0,3.0
2021-08-05 02:26:06,71.0,68.0,2.0,1.0
2021-08-05 02:26:07,77.0,71.0,5.0,1.0
2021-08-05 02:26:08,85.0,76.0,4.0,5.0
2021-08-05 02:26:09,90.0,81.0,6.0,3.0
2021-08-05 02:26:10,89.0,80.0,4.0,5.0
2021-08-05 02:26:11,96.0,83.0,6.0,7.0
2021-08-05 02:26:12,87.0,75.0,8.0,4.0
2021-08-05 02:26:13,91.0,79.0,7.0,5.0
2021-08-05 02:26:14,106.0,98.0,6.0,2.0
2021-08-05 02:26:15,93.0,82.0,2.0,9.0
2021-08-05 02:26:16,84.0,71.0,7.0,6.0
2021-08-05 02:26:17,85.0,78.0,6.0,1.0
2021-08-05 02:26:18,87.0,75.0,6.0,6.0
2021-08-05 02:26:19,107.0,99.0,5.0,3.0
2021-08-05 02:26:20,90.0,84.0,6.0,0.0
2021-08-05 02:26:21,86.0,78.0,3.0,5.0
2021-08-05 02:26:22,77.0,70.0,2.0,5.0
2021-08-05 02:26:23,81.0,68.0,9.0,4.0
2021-08-05 02:26:24,89.0,78.0,6.0,5.0
2021-08-05 02:26:25,82.0,74.0,2.0,6.0
2021-08-05 02:26:26,102.0,94.0,6.0,2.0
2021-08-05 02:26:27,92.0,81.0,5.0,6.0
2021-08-05 02:26:28,82.0,69.0,5.0,8.0
2021-08-05 02:26:29,97.0,83.0,8.0,6.0
2021-08-05 02:26:30,87.0,84.0,2.0,1.0
2021-08-05 02:26:31,83.0,73.0,8.0,2.0
2021-08-05 02:26:32,79.0,68.0,8.0,3.0
2021-08-05 02:26:33,89.0,77.0,10.0,2.0
2021-08-05 02:26:34,97.0,86.0,7.0,4.0
2021-08-05 02:26:35,83.0,74.0,3.0,6.0
2021-08-05 02:26:36,103.0,92.0,4.0,7.0
2021-08-05 02:26:37,89.0,77.0,7.0,5.0
2021-08-05 02:26:38,76.0,66.0,7.0,3.0
2021-08-05 02:26:39,85.0,77.0,4.0,4.0
2021-08-05 02:26:40,89.0,83.0,5.0,1.0
2021-08-05 02:26:41,88.0,76.0,3.0,9.0
2021-08-05 02:26:42,83.0,71.0,6.0,6.0
2021-08-05 02:26:43,84.0,75.0,5.0,4.0
2021-08-05 02:26:44,90.0,82.0,4.0,4.0
2021-08-05 02:26:45,94.0,85.0,7.0,2.0
2021-08-05 02:26:46,92.0,82.0,7.0,3.0
2021-08-05 02:26:47,90.0,75.0,6.0,9.0
2021-08-05 02:26:48,97.0,82.0,8.0,7.0
2021-08-05 02:26:49,74.0,61.0,10.0,3.0
2021-08-05 02:26:50,81.0,75.0,3.0,3.0
2021-08-05 02:26:51,88.0,79.0,6.0,3.0
2021-08-05 02:26:52,116.0,95.0,8.0,13.0
2021-08-05 02:26:53,69.0,63.0,4.0,2.0
2021-08-05 02:26:54,103.0,97.0,4.0,2.0
2021-08-05 02:26:55,92.0,81.0,10.0,1.0
2021-08-05 02:26:56,88.0,77.0,7.0,4.0
2021-08-05 02:26:57,84.0,76.0,4.0,4.0
2021-08-05 02:26:58,89.0,80.0,5.0,4.0
2021-08-05 02:26:59,82.0,69.0,8.0,5.0
2021-08-05 02:27:00,99.0,83.0,10.0,6.0
2021-08-05 02:27:01,99.0,84.0,6.0,9.0
2021-08-05 02:27:02,83.0,70.0,9.0,4.0
2021-08-05 02:27:03,80.0,70.0,4.0,6.0
2021-08-05 02:27:04,84.0,74.0,5.0,5.0
2021-08-05 02:27:05,86.0,76.0,5.0,5.0
2021-08-05 02:27:06,89.0,76.0,8.0,5.0
2021-08-05 02:27:07,89.0,81.0,6.0,2.0
2021-08-05 02:27:08,99.0,86.0,9.0,4.0
2021-08-05 02:27:09,85.0,73.0,7.0,5.0
2021-08-05 02:27:10,97.0,80.0,9.0,8.0
2021-08-05 02:27:11,87.0,76.0,7.0,4.0
2021-08-05 02:27:12,73.0,68.0,4.0,1.0
2021-08-05 02:27:13,109.0,94.0,12.0,3.0
2021-08-05 02:27:14,79.0,68.0,8.0,3.0
2021-08-05 02:27:15,100.0,87.0,6.0,7.0
2021-08-05 02:27:16,92.0,84.0,6.0,2.0
2021-08-05 02:27:17,95.0,83.0,9.0,3.0
2021-08-05 02:27:18,89.0,83.0,2.0,4.0
2021-08-05 02:27:19,92.0,81.0,5.0,6.0
2021-08-05 02:27:20,86.0,73.0,10.0,3.0
2021-08-05 02:27:21,93.0,85.0,4.0,4.0
2021-08-05 02:27:22,90.0,82.0,5.0,3.0
2021-08-05 02:27:23,91.0,83.0,5.0,3.0
2021-08-05 02:27:24,75.0,61.0,9.0,5.0
2021-08-05 02:27:25,103.0,94.0,7.0,2.0
2021-08-05 02:27:26,102.0,93.0,5.0,4.0
2021-08-05 02:27:27,91.0,76.0,8.0,7.0
2021-08-05 02:27:28,98.0,86.0,8.0,4.0
2021-08-05 02:27:29,77.0,67.0,5.0,5.0
2021-08-05 02:27:30,73.0,63.0,6.0,4.0
2021-08-05 02:27:31,91.0,84.0,5.0,2.0
2021-08-05 02:27:32,82.0,74.0,6.0,2.0
2021-08-05 02:27:33,89.0,73.0,10.0,6.0
2021-08-05 02:27:34,85.0,73.0,6.0,6.0
2021-08-05 02:27:35,105.0,97.0,6.0,2.0
2021-08-05 02:27:36,87.0,75.0,8.0,4.0
2021-08-05 02:27:37,82.0,73.0,6.0,3.0
2021-08-05 02:27:38,74.0,66.0,4.0,4.0
2021-08-05 02:27:39,83.0,73.0,4.0,6.0
2021-08-05 02:27:40,93.0,78.0,9.0,6.0
2021-08-05 02:27:41,95.0,84.0,4.0,7.0
2021-08-05 02:27:42,101.0,92.0,6.0,3.0
2021-08-05 02:27:43,95.0,85.0,5.0,5.0
2021-08-05 02:27:44,84.0,77.0,6.0,1.0
2021-08-05 02:27:45,92.0,81.0,8.0,3.0
2021-08-05 02:27:46,87.0,82.0,3.0,2.0
2021-08-05 02:27:47,82.0,73.0,6.0,3.0
2021-08-05 02:27:48,74.0,66.0,4.0,4.0
2021-08-05 02:27:49,93.0,83.0,4.0,6.0
2021-08-05 02:27:50,106.0,94.0,7.0,5.0
2021-08-05 02:27:51,82.0,73.0,5.0,4.0
2021-08-05 02:27:52,101.0,90.0,7.0,4.0
2021-08-05 02:27:53,98.0,83.0,7.0,8.0
2021-08-05 02:27:54,87.0,77.0,7.0,3.0
2021-08-05 02:27:55,94.0,82.0,8.0,4.0
2021-08-05 02:27:56,92.0,81.0,4.0,7.0
2021-08-05 02:27:57,82.0,76.0,4.0,2.0
2021-08-05 02:27:58,86.0,71.0,12.0,3.0
2021-08-05 02:27:59,97.0,89.0,6.0,2.0
2021-08-05 02:28:00,105.0,87.0,6.0,12.0
2021-08-05 02:28:01,101.0,88.0,7.0,6.0
2021-08-05 02:28:02,86.0,76.0,7.0,3.0
2021-08-05 02:28:03,72.0,67.0,4.0,1.0
2021-08-05 02:28:04,101.0,87.0,9.0,5.0
2021-08-05 02:28:05,103.0,89.0,9.0,5.0
2021-08-05 02:28:06,73.0,55.0,12.0,6.0
2021-08-05 02:28:07,96.0,81.0,10.0,5.0
2021-08-05 02:28:08,92.0,81.0,5.0,6.0
2021-08-05 02:28:09,78.0,72.0,5.0,1.0
2021-08-05 02:28:10,119.0,106.0,6.0,7.0
2021-08-05 02:28:11,89.0,76.0,9.0,4.0
2021-08-05 02:28:12,128.0,112.0,10.0,6.0
2021-08-05 02:28:13,80.0,72.0,5.0,3.0
2021-08-05 02:28:14,95.0,87.0,7.0,1.0
2021-08-05 02:28:15,73.0,67.0,4.0,2.0
2021-08-05 02:28:16,85.0,76.0,5.0,4.0
2021-08-05 02:28:17,84.0,79.0,3.0,2.0
2021-08-05 02:28:18,79.0,65.0,7.0,7.0
2021-08-05 02:28:19,92.0,82.0,7.0,3.0
2021-08-05 02:28:20,88.0,76.0,7.0,5.0
2021-08-05 02:28:21,71.0,63.0,6.0,2.0
2021-08-05 02:28:22,97.0,87.0,6.0,4.0
2021-08-05 02:28:23,86.0,79.0,3.0,4.0
2021-08-05 02:28:24,93.0,83.0,5.0,5.0
2021-08-05 02:28:25,93.0,84.0,4.0,5.0
2021-08-05 02:28:26,95.0,89.0,4.0,2.0
2021-08-05 02:28:27,83.0,75.0,6.0,2.0
2021-08-05 02:28:28,83.0,74.0,7.0,2.0
2021-08-05 02:28:29,98.0,88.0,6.0,4.0
2021-08-05 02:28:30,98.0,87.0,4.0,7.0
2021-08-05 02:28:31,91.0,83.0,7.0,1.0
2021-08-05 02:28:32,105.0,96.0,3.0,6.0
2021-08-05 02:28:33,91.0,78.0,11.0,2.0
2021-08-05 02:28:34,73.0,66.0,6.0,1.0
2021-08-05 02:28:35,98.0,79.0,9.0,10.0
2021-08-05 02:28:36,77.0,69.0,6.0,2.0
2021-08-05 02:28:37,104.0,91.0,8.0,5.0
2021-08-05 02:28:38,82.0,75.0,5.0,2.0
2021-08-05 02:28:39,76.0,69.0,4.0,3.0
2021-08-05 02:28:40,92.0,85.0,5.0,2.0
2021-08-05 02:28:41,88.0,78.0,8.0,2.0
2021-08-05 02:28:42,73.0,66.0,3.0,4.0
2021-08-05 02:28:43,90.0,74.0,12.0,4.0
2021-08-05 02:28:44,92.0,78.0,9.0,5.0
2021-08-05 02:28:45,97.0,85.0,7.0,5.0
2021-08-05 02:28:46,71.0,60.0,5.0,6.0
2021-08-05 02:28:47,94.0,82.0,6.0,6.0
2021-08-05 02:28:48,85.0,78.0,5.0,2.0
2021-08-05 02:28:49,87.0,78.0,4.0,5.0
2021-08-05 02:28:50,85.0,73.0,8.0,4.0
2021-08-05 02:28:51,96.0,86.0,6.0,4.0
2021-08-05 02:28:52,78.0,65.0,8.0,5.0
2021-08-05 02:28:53,81.0,70.0,8.0,3.0
2021-08-05 02:28:54,82.0,70.0,9.0,3.0
2021-08-05 02:28:55,88.0,70.0,8.0,10.0
2021-08-05 02:28:56,81.0,67.0,8.0,6.0
2021-08-05 02:28:57,92.0,85.0,3.0,4.0
2021-08-05 02:28:58,86.0,74.0,7.0,5.0
2021-08-05 02:28:59,79.0,68.0,8.0,3.0
2021-08-05 02:29:00,79.0,67.0,5.0,7.0
2021-08-05 02:29:01,98.0,86.0,7.0,5.0
2021-08-05 02:29:02,99.0,89.0,4.0,6.0
2021-08-05 02:29:03,99.0,90.0,4.0,5.0
2021-08-05 02:29:04,92.0,81.0,4.0,7.0
2021-08-05 02:29:05,64.0,54.0,5.0,5.0
2021-08-05 02:29:06,82.0,70.0,8.0,4.0
2021-08-05 02:29:07,83.0,74.0,8.0,1.0
2021-08-05 02:29:08,101.0,87.0,11.0,3.0
2021-08-05 02:29:09,94.0,81.0,6.0,7.0
2021-08-05 02:29:10,103.0,86.0,12.0,5.0
2021-08-05 02:29:11,83.0,70.0,6.0,7.0
2021-08-05 02:29:12,86.0,80.0,4.0,2.0
2021-08-05 02:29:13,96.0,81.0,9.0,6.0
2021-08-05 02:29:14,89.0,79.0,6.0,4.0
2021-08-05 02:29:15,103.0,90.0,7.0,6.0
2021-08-05 02:29:16,89.0,80.0,4.0,5.0
2021-08-05 02:29:17,68.0,61.0,5.0,2.0
2021-08-05 02:29:18,101.0,88.0,7.0,6.0
2021-08-05 02:29:19,82.0,66.0,11.0,5.0
2021-08-05 02:29:20,94.0,82.0,6.0,6.0
2021-08-05 02:29:21,88.0,76.0,8.0,4.0
2021-08-05 02:29:22,84.0,71.0,9.0,4.0
2021-08-05 02:29:23,96.0,86.0,5.0,5.0
2021-08-05 02:29:24,107.0,90.0,8.0,9.0
2021-08-05 02:29:25,91.0,72.0,8.0,11.0
2021-08-05 02:29:26,87.0,75.0,9.0,3.0
2021-08-05 02:29:27,85.0,82.0,3.0,0.0
2021-08-05 02:29:28,87.0,81.0,6.0,0.0
2021-08-05 02:29:29,89.0,82.0,6.0,1.0
2021-08-05 02:29:30,81.0,73.0,3.0,5.0
2021-08-05 02:29:31,80.0,73.0,4.0,3.0
2021-08-05 02:29:32,70.0,62.0,3.0,5.0
2021-08-05 02:29:33,94.0,86.0,6.0,2.0
2021-08-05 02:29:34,88.0,74.0,9.0,5.0
2021-08-05 02:29:35,90.0,79.0,8.0,3.0
2021-08-05 02:29:36,87.0,84.0,2.0,1.0
2021-08-05 02:29:37,85.0,76.0,6.0,3.0
2021-08-05 02:29:38,80.0,71.0,6.0,3.0
2021-08-05 02:29:39,85.0,75.0,6.0,4.0
2021-08-05 02:29:40,86.0,76.0,8.0,2.0
2021-08-05 02:29:41,78.0,73.0,3.0,2.0
2021-08-05 02:29:42,91.0,80.0,7.0,4.0
2021-08-05 02:29:43,70.0,55.0,8.0,7.0
2021-08-05 02:29:44,74.0,64.0,4.0,6.0
2021-08-05 02:29:45,92.0,84.0,7.0,1.0
2021-08-05 02:29:46,90.0,76.0,7.0,7.0
2021-08-05 02:29:47,85.0,71.0,7.0,7.0
2021-08-05 02:29:48,76.0,68.0,4.0,4.0
2021-08-05 02:29:49,95.0,85.0,3.0,7.0
2021-08-05 02:29:50,102.0,93.0,4.0,5.0
2021-08-05 02:29:51,83.0,70.0,8.0,5.0
2021-08-05 02:29:52,89.0,79.0,4.0,6.0
2021-08-05 02:29:53,110.0,92.0,11.0,7.0
2021-08-05 02:29:54,99.0,91.0,3.0,5.0
2021-08-05 02:29:55,97.0,82.0,12.0,3.0
2021-08-05 02:29:56,95.0,89.0,4.0,2.0
2021-08-05 02:29:57,100.0,90.0,7.0,3.0
2021-08-05 02:29:58,107.0,94.0,8.0,5.0
2021-08-05 02:29:59,81.0,71.0,7.0,3.0
2021-08-05 02:30:00,81.0,71.0,4.0,6.0
2021-08-05 02:30:01,90.0,77.0,7.0,6.0
2021-08-05 02:30:02,98.0,89.0,5.0,4.0
2021-08-05 02:30:03,93.0,76.0,8.0,9.0
2021-08-05 02:30:04,92.0,81.0,5.0,6.0
2021-08-05 02:30:05,91.0,80.0,8.0,3.0
2021-08-05 02:30:06,83.0,74.0,6.0,3.0
2021-08-05 02:30:07,81.0,69.0,8.0,4.0
2021-08-05 02:30:08,86.0,77.0,6.0,3.0
2021-08-05 02:30:09,83.0,74.0,2.0,7.0
2021-08-05 02:30:10,86.0,76.0,5.0,5.0
2021-08-05 02:30:11,94.0,83.0,7.0,4.0
2021-08-05 02:30:12,93.0,79.0,9.0,5.0
2021-08-05 02:30:13,85.0,72.0,6.0,7.0
2021-08-05 02:30:14,88.0,78.0,6.0,4.0
2021-08-05 02:30:15,90.0,74.0,6.0,10.0
2021-08-05 02:30:16,67.0,60.0,6.0,1.0
2021-08-05 02:30:17,77.0,67.0,6.0,4.0
2021-08-05 02:30:18,95.0,84.0,8.0,3.0
2021-08-05 02:30:19,71.0,67.0,2.0,2.0
2021-08-05 02:30:20,80.0,73.0,3.0,4.0
2021-08-05 02:30:21,82.0,73.0,5.0,4.0
2021-08-05 02:30:22,101.0,93.0,7.0,1.0
2021-08-05 02:30:23,89.0,82.0,4.0,3.0
2021-08-05 02:30:24,89.0,76.0,4.0,9.0
2021-08-05 02:30:25,75.0,64.0,9.0,2.0
2021-08-05 02:30:26,101.0,89.0,4.0,8.0
2021-08-05 02:30:27,89.0,79.0,4.0,6.0
2021-08-05 02:30:28,92.0,77.0,10.0,5.0
2021-08-05 02:30:29,85.0,73.0,6.0,6.0
2021-08-05 02:30:30,83.0,75.0,6.0,2.0
2021-08-05 02:30:31,91.0,81.0,6.0,4.0
2021-08-05 02:30:32,87.0,68.0,9.0,10.0
2021-08-05 02:30:33,83.0,73.0,5.0,5.0
2021-08-05 02:30:34,69.0,59.0,3.0,7.0
2021-08-05 02:30:35,102.0,94.0,5.0,3.0
2021-08-05 02:30:36,61.0,50.0,7.0,4.0
2021-08-05 02:30:37,88.0,73.0,10.0,5.0
2021-08-05 02:30:38,91.0,80.0,7.0,4.0
2021-08-05 02:30:39,88.0,80.0,6.0,2.0
2021-08-05 02:30:40,90.0,76.0,10.0,4.0
2021-08-05 02:30:41,82.0,75.0,3.0,4.0
2021-08-05 02:30:42,71.0,63.0,3.0,5.0
2021-08-05 02:30:43,70.0,59.0,5.0,6.0
2021-08-05 02:30:44,83.0,68.0,8.0,7.0
2021-08-05 02:30:45,90.0,77.0,9.0,4.0
2021-08-05 02:30:46,93.0,85.0,6.0,2.0
2021-08-05 02:30:47,88.0,74.0,5.0,9.0
2021-08-05 02:30:48,91.0,82.0,4.0,5.0
2021-08-05 02:30:49,90.0,79.0,9.0,2.0
2021-08-05 02:30:50,84.0,78.0,5.0,1.0
2021-08-05 02:30:51,77.0,65.0,9.0,3.0
2021-08-05 02:30:52,99.0,81.0,12.0,6.0
2021-08-05 02:30:53,96.0,82.0,13.0,1.0
2021-08-05 02:30:54,74.0,59.0,9.0,6.0
2021-08-05 02:30:55,80.0,68.0,6.0,6.0
2021-08-05 02:30:56,92.0,81.0,5.0,6.0
2021-08-05 02:30:57,87.0,76.0,6.0,5.0
2021-08-05 02:30:58,81.0,76.0,4.0,1.0
2021-08-05 02:30:59,73.0,61.0,4.0,8.0
2021-08-05 02:31:00,77.0,67.0,2.0,8.0
2021-08-05 02:31:01,92.0,79.0,6.0,7.0
2021-08-05 02:31:02,89.0,74.0,8.0,7.0
2021-08-05 02:31:03,86.0,80.0,2.0,4.0
2021-08-05 02:31:04,97.0,88.0,6.0,3.0
2021-08-05 02:31:05,98.0,90.0,6.0,2.0
2021-08-05 02:31:06,90.0,78.0,7.0,5.0
2021-08-05 02:31:07,93.0,80.0,4.0,9.0
2021-08-05 02:31:08,81.0,71.0,5.0,5.0
2021-08-05 02:31:09,87.0,81.0,5.0,1.0
2021-08-05 02:31:10,72.0,61.0,8.0,3.0
2021-08-05 02:31:11,93.0,85.0,3.0,5.0
2021-08-05 02:31:12,93.0,83.0,7.0,3.0
2021-08-05 02:31:13,88.0,80.0,4.0,4.0
2021-08-05 02:31:14,88.0,82.0,4.0,2.0
2021-08-05 02:31:15,88.0,84.0,4.0,0.0
2021-08-05 02:31:16,81.0,68.0,10.0,3.0
2021-08-05 02:31:17,85.0,69.0,7.0,9.0
2021-08-05 02:31:18,95.0,83.0,5.0,7.0
2021-08-05 02:31:19,81.0,70.0,6.0,5.0
2021-08-05 02:31:20,86.0,72.0,6.0,8.0
2021-08-05 02:31:21,74.0,67.0,7.0,0.0
2021-08-05 02:31:22,87.0,74.0,10.0,3.0
2021-08-05 02:31:23,92.0,86.0,3.0,3.0
2021-08-05 02:31:24,92.0,84.0,5.0,3.0
2021-08-05 02:31:25,88.0,82.0,3.0,3.0
2021-08-05 02:31:26,82.0,75.0,4.0,3.0
2021-08-05 02:31:27,98.0,88.0,7.0,3.0
2021-08-05 02:31:28,84.0,74.0,8.0,2.0
2021-08-05 02:31:29,85.0,78.0,6.0,1.0
2021-08-05 02:31:30,89.0,78.0,4.0,7.0
2021-08-05 02:31:31,91.0,82.0,7.0,2.0
2021-08-05 02:31:32,68.0,62.0,6.0,0.0
2021-08-05 02:31:33,109.0,95.0,9.0,5.0
2021-08-05 02:31:34,84.0,77.0,5.0,2.0
2021-08-05 02:31:35,96.0,92.0,3.0,1.0
2021-08-05 02:31:36,92.0,80.0,8.0,4.0
2021-08-05 02:31:37,80.0,75.0,2.0,3.0
2021-08-05 02:31:38,92.0,85.0,3.0,4.0
2021-08-05 02:31:39,82.0,68.0,9.0,5.0
2021-08-05 02:31:40,83.0,75.0,2.0,6.0
2021-08-05 02:31:41,96.0,88.0,4.0,4.0
2021-08-05 02:31:42,78.0,63.0,9.0,6.0
2021-08-05 02:31:43,86.0,75.0,6.0,5.0
2021-08-05 02:31:44,63.0,56.0,5.0,2.0
2021-08-05 02:31:45,86.0,71.0,10.0,5.0
2021-08-05 02:31:46,81.0,68.0,9.0,4.0
2021-08-05 02:31:47,87.0,80.0,4.0,3.0
2021-08-05 02:31:48,99.0,85.0,11.0,3.0
2021-08-05 02:31:49,93.0,86.0,7.0,0.0
2021-08-05 02:31:50,76.0,60.0,8.0,8.0
2021-08-05 02:31:51,88.0,80.0,3.0,5.0
2021-08-05 02:31:52,79.0,76.0,1.0,2.0
2021-08-05 02:31:53,89.0,78.0,5.0,6.0
2021-08-05 02:31:54,86.0,77.0,4.0,5.0
2021-08-05 02:31:55,77.0,71.0,4.0,2.0
2021-08-05 02:31:56,84.0,75.0,4.0,5.0
2021-08-05 02:31:57,98.0,90.0,4.0,4.0
2021-08-05 02:31:58,105.0,91.0,9.0,5.0
2021-08-05 02:31:59,99.0,87.0,7.0,5.0
2021-08-05 02:32:00,94.0,84.0,6.0,4.0
2021-08-05 02:32:01,85.0,70.0,8.0,7.0
2021-08-05 02:32:02,95.0,81.0,9.0,5.0
2021-08-05 02:32:03,90.0,79.0,5.0,6.0
2021-08-05 02:32:04,72.0,61.0,7.0,4.0
2021-08-05 02:32:05,81.0,72.0,6.0,3.0
2021-08-05 02:32:06,80.0,74.0,3.0,3.0
2021-08-05 02:32:07,93.0,84.0,6.0,3.0
2021-08-05 02:32:08,83.0,71.0,8.0,4.0
2021-08-05 02:32:09,104.0,92.0,7.0,5.0
2021-08-05 02:32:10,98.0,87.0,4.0,7.0
2021-08-05 02:32:11,90.0,80.0,5.0,5.0
2021-08-05 02:32:12,97.0,85.0,9.0,3.0
2021-08-05 02:32:13,96.0,79.0,12.0,5.0
2021-08-05 02:32:14,100.0,82.0,8.0,10.0
2021-08-05 02:32:15,86.0,78.0,2.0,6.0
2021-08-05 02:32:16,96.0,85.0,9.0,2.0
2021-08-05 02:32:17,78.0,69.0,5.0,4.0
2021-08-05 02:32:18,91.0,80.0,9.0,2.0
2021-08-05 02:32:19,96.0,92.0,2.0,2.0
2021-08-05 02:32:20,84.0,75.0,7.0,2.0
2021-08-05 02:32:21,95.0,84.0,8.0,3.0
2021-08-05 02:32:22,102.0,93.0,7.0,2.0
2021-08-05 02:32:23,110.0,94.0,7.0,9.0
2021-08-05 02:32:24,89.0,80.0,6.0,3.0
2021-08-05 02:32:25,111.0,94.0,7.0,10.0
2021-08-05 02:32:26,90.0,77.0,7.0,6.0
2021-08-05 02:32:27,71.0,60.0,5.0,6.0
2021-08-05 02:32:28,89.0,78.0,6.0,5.0
2021-08-05 02:32:29,94.0,85.0,6.0,3.0
2021-08-05 02:32:30,83.0,78.0,2.0,3.0
2021-08-05 02:32:31,81.0,67.0,7.0,7.0
2021-08-05 02:32:32,87.0,76.0,4.0,7.0
2021-08-05 02:32:33,84.0,71.0,7.0,6.0
2021-08-05 02:32:34,89.0,83.0,4.0,2.0
2021-08-05 02:32:35,90.0,81.0,4.0,5.0
2021-08-05 02:32:36,81.0,70.0,5.0,6.0
2021-08-05 02:32:37,86.0,76.0,6.0,4.0
2021-08-05 02:32:38,96.0,81.0,10.0,5.0
2021-08-05 02:32:39,87.0,77.0,5.0,5.0
2021-08-05 02:32:40,99.0,93.0,2.0,4.0
2021-08-05 02:32:41,90.0,85.0,4.0,1.0
2021-08-05 02:32:42,79.0,69.0,6.0,4.0
2021-08-05 02:32:43,91.0,76.0,7.0,8.0
2021-08-05 02:32:44,86.0,79.0,3.0,4.0
2021-08-05 02:32:45,80.0,70.0,6.0,4.0
2021-08-05 02:32:46,105.0,94.0,7.0,4.0
2021-08-05 02:32:47,102.0,90.0,7.0,5.0
2021-08-05 02:32:48,81.0,73.0,6.0,2.0
2021-08-05 02:32:49,96.0,87.0,8.0,1.0
2021-08-05 02:32:50,73.0,63.0,7.0,3.0
2021-08-05 02:32:51,86.0,70.0,8.0,8.0
2021-08-05 02:32:52,96.0,90.0,3.0,3.0
2021-08-05 02:32:53,88.0,78.0,7.0,3.0
2021-08-05 02:32:54,82.0,67.0,11.0,4.0
2021-08-05 02:32:55,97.0,86.0,7.0,4.0
2021-08-05 02:32:56,99.0,90.0,5.0,4.0
2021-08-05 02:32:57,94.0,87.0,5.0,2.0
2021-08-05 02:32:58,79.0,69.0,2.0,8.0
2021-08-05 02:32:59,110.0,97.0,7.0,6.0
2021-08-05 02:33:00,80.0,67.0,9.0,4.0
2021-08-05 02:33:01,87.0,78.0,5.0,4.0
2021-08-05 02:33:02,95.0,78.0,10.0,7.0
2021-08-05 02:33:03,81.0,70.0,6.0,5.0
2021-08-05 02:33:04,82.0,74.0,4.0,4.0
2021-08-05 02:33:05,81.0,70.0,7.0,4.0
2021-08-05 02:33:06,98.0,91.0,4.0,3.0
2021-08-05 02:33:07,78.0,72.0,4.0,2.0
2021-08-05 02:33:08,86.0,80.0,3.0,3.0
2021-08-05 02:33:09,98.0,91.0,5.0,2.0
2021-08-05 02:33:10,108.0,92.0,12.0,4.0
2021-08-05 02:33:11,88.0,78.0,7.0,3.0
2021-08-05 02:33:12,87.0,76.0,7.0,4.0
2021-08-05 02:33:13,103.0,91.0,7.0,5.0
2021-08-05 02:33:14,79.0,76.0,2.0,1.0
2021-08-05 02:33:15,89.0,81.0,5.0,3.0
2021-08-05 02:33:16,72.0,63.0,6.0,3.0
2021-08-05 02:33:17,79.0,74.0,4.0,1.0
2021-08-05 02:33:18,93.0,82.0,7.0,4.0
2021-08-05 02:33:19,81.0,76.0,2.0,3.0
2021-08-05 02:33:20,84.0,79.0,2.0,3.0
2021-08-05 02:33:21,97.0,83.0,4.0,10.0
2021-08-05 02:33:22,85.0,74.0,6.0,5.0
2021-08-05 02:33:23,112.0,95.0,6.0,11.0
2021-08-05 02:33:24,82.0,68.0,6.0,8.0
2021-08-05 02:33:25,94.0,87.0,3.0,4.0
2021-08-05 02:33:26,72.0,66.0,3.0,3.0
2021-08-05 02:33:27,70.0,62.0,6.0,2.0
2021-08-05 02:33:28,88.0,75.0,11.0,2.0
2021-08-05 02:33:29,103.0,95.0,5.0,3.0
2021-08-05 02:33:30,88.0,82.0,3.0,3.0
2021-08-05 02:33:31,68.0,59.0,6.0,3.0
2021-08-05 02:33:32,104.0,87.0,13.0,4.0
2021-08-05 02:33:33,75.0,67.0,6.0,2.0
2021-08-05 02:33:34,99.0,84.0,12.0,3.0
2021-08-05 02:33:35,78.0,65.0,6.0,7.0
2021-08-05 02:33:36,79.0,66.0,9.0,4.0
2021-08-05 02:33:37,89.0,73.0,8.0,8.0
2021-08-05 02:33:38,96.0,83.0,9.0,4.0
2021-08-05 02:33:39,79.0,73.0,3.0,3.0
2021-08-05 02:33:40,80.0,72.0,5.0,3.0
2021-08-05 02:33:41,102.0,90.0,8.0,4.0
2021-08-05 02:33:42,92.0,78.0,5.0,9.0
2021-08-05 02:33:43,75.0,71.0,4.0,0.0
2021-08-05 02:33:44,98.0,87.0,8.0,3.0
2021-08-05 02:33:45,87.0,73.0,9.0,5.0
2021-08-05 02:33:46,91.0,78.0,9.0,4.0
2021-08-05 02:33:47,94.0,85.0,7.0,2.0
2021-08-05 02:33:48,77.0,70.0,5.0,2.0
2021-08-05 02:33:49,77.0,66.0,8.0,3.0
2021-08-05 02:33:50,92.0,80.0,9.0,3.0
2021-08-05 02:33:51,89.0,78.0,3.0,8.0
2021-08-05 02:33:52,91.0,77.0,9.0,5.0
2021-08-05 02:33:53,93.0,83.0,7.0,3.0
2021-08-05 02:33:54,92.0,80.0,7.0,5.0
2021-08-05 02:33:55,108.0,100.0,5.0,3.0
2021-08-05 02:33:56,85.0,73.0,6.0,6.0
2021-08-05 02:33:57,81.0,72.0,6.0,3.0
2021-08-05 02:33:58,78.0,68.0,6.0,4.0
2021-08-05 02:33:59,80.0,72.0,6.0,2.0
2021-08-05 02:34:00,91.0,83.0,6.0,2.0
2021-08-05 02:34:01,85.0,67.0,6.0,12.0
2021-08-05 02:34:02,95.0,84.0,8.0,3.0
2021-08-05 02:34:03,95.0,83.0,7.0,5.0
2021-08-05 02:34:04,89.0,79.0,7.0,3.0
2021-08-05 02:34:05,78.0,61.0,10.0,7.0
2021-08-05 02:34:06,84.0,73.0,5.0,6.0
2021-08-05 02:34:07,100.0,81.0,10.0,9.0
2021-08-05 02:34:08,100.0,85.0,7.0,8.0
2021-08-05 02:34:09,105.0,90.0,10.0,5.0
2021-08-05 02:34:10,86.0,77.0,5.0,4.0
2021-08-05 02:34:11,80.0,70.0,4.0,6.0
2021-08-05 02:34:12,84.0,75.0,5.0,4.0
2021-08-05 02:34:13,91.0,83.0,6.0,2.0
2021-08-05 02:34:14,87.0,78.0,4.0,5.0
2021-08-05 02:34:15,82.0,72.0,5.0,5.0
2021-08-05 02:34:16,93.0,81.0,6.0,6.0
2021-08-05 02:34:17,89.0,81.0,6.0,2.0
2021-08-05 02:34:18,86.0,74.0,6.0,6.0
2021-08-05 02:34:19,93.0,76.0,10.0,7.0
2021-08-05 02:34:20,102.0,86.0,10.0,6.0
2021-08-05 02:34:21,83.0,65.0,10.0,8.0
2021-08-05 02:34:22,92.0,85.0,5.0,2.0
2021-08-05 02:34:23,85.0,78.0,3.0,4.0
2021-08-05 02:34:24,96.0,84.0,6.0,6.0
2021-08-05 02:34:25,95.0,85.0,7.0,3.0
2021-08-05 02:34:26,105.0,94.0,7.0,4.0
2021-08-05 02:34:27,68.0,57.0,6.0,5.0
2021-08-05 02:34:28,81.0,68.0,11.0,2.0
2021-08-05 02:34:29,93.0,84.0,8.0,1.0
2021-08-05 02:34:30,88.0,77.0,3.0,8.0
2021-08-05 02:34:31,72.0,65.0,7.0,0.0
2021-08-05 02:34:32,72.0,64.0,7.0,1.0
2021-08-05 02:34:33,95.0,87.0,5.0,3.0
2021-08-05 02:34:34,101.0,89.0,6.0,6.0
2021-08-05 02:34:35,93.0,79.0,8.0,6.0
2021-08-05 02:34:36,76.0,67.0,2.0,7.0
2021-08-05 02:34:37,78.0,61.0,12.0,5.0
2021-08-05 02:34:38,87.0,68.0,12.0,7.0
2021-08-05 02:34:39,95.0,83.0,9.0,3.0
2021-08-05 02:34:40,83.0,75.0,6.0,2.0
2021-08-05 02:34:41,89.0,81.0,5.0,3.0
2021-08-05 02:34:42,88.0,74.0,9.0,5.0
2021-08-05 02:34:43,65.0,55.0,4.0,6.0
2021-08-05 02:34:44,89.0,78.0,8.0,3.0
2021-08-05 02:34:45,80.0,70.0,8.0,2.0
2021-08-05 02:34:46,90.0,74.0,6.0,10.0
2021-08-05 02:34:47,115.0,100.0,5.0,10.0
2021-08-05 02:34:48,83.0,68.0,7.0,8.0
2021-08-05 02:34:49,89.0,80.0,3.0,6.0
2021-08-05 02:34:50,95.0,81.0,10.0,4.0
2021-08-05 02:34:51,100.0,83.0,10.0,7.0
2021-08-05 02:34:52,101.0,83.0,5.0,13.0
2021-08-05 02:34:53,99.0,84.0,11.0,4.0
2021-08-05 02:34:54,93.0,80.0,11.0,2.0
2021-08-05 02:34:55,96.0,83.0,8.0,5.0
2021-08-05 02:34:56,95.0,81.0,8.0,6.0
2021-08-05 02:34:57,78.0,71.0,4.0,3.0
2021-08-05 02:34:58,95.0,83.0,6.0,6.0
2021-08-05 02:34:59,90.0,77.0,5.0,8.0
2021-08-05 02:35:00,86.0,76.0,4.0,6.0
2021-08-05 02:35:01,85.0,74.0,8.0,3.0
2021-08-05 02:35:02,92.0,78.0,5.0,9.0
2021-08-05 02:35:03,79.0,70.0,7.0,2.0
2021-08-05 02:35:04,101.0,91.0,7.0,3.0
2021-08-05 02:35:05,82.0,75.0,2.0,5.0
2021-08-05 02:35:06,92.0,84.0,3.0,5.0
2021-08-05 02:35:07,85.0,73.0,8.0,4.0
2021-08-05 02:35:08,86.0,71.0,10.0,5.0
2021-08-05 02:35:09,82.0,66.0,11.0,5.0
2021-08-05 02:35:10,92.0,79.0,7.0,6.0
2021-08-05 02:35:11,112.0,92.0,9.0,11.0
2021-08-05 02:35:12,91.0,84.0,4.0,3.0
2021-08-05 02:35:13,95.0,87.0,6.0,2.0
2021-08-05 02:35:14,103.0,91.0,5.0,7.0
2021-08-05 02:35:15,82.0,69.0,7.0,6.0
2021-08-05 02:35:16,100.0,89.0,4.0,7.0
2021-08-05 02:35:17,81.0,72.0,4.0,5.0
2021-08-05 02:35:18,76.0,65.0,8.0,3.0
2021-08-05 02:35:19,90.0,79.0,7.0,4.0
2021-08-05 02:35:20,90.0,83.0,3.0,4.0
2021-08-05 02:35:21,78.0,75.0,2.0,1.0
2021-08-05 02:35:22,79.0,69.0,5.0,5.0
2021-08-05 02:35:23,95.0,85.0,4.0,6.0
2021-08-05 02:35:24,85.0,78.0,5.0,2.0
2021-08-05 02:35:25,75.0,62.0,8.0,5.0
2021-08-05 02:35:26,86.0,74.0,7.0,5.0
2021-08-05 02:35:27,101.0,92.0,5.0,4.0
2021-08-05 02:35:28,99.0,84.0,10.0,5.0
2021-08-05 02:35:29,86.0,78.0,3.0,5.0
2021-08-05 02:35:30,103.0,92.0,7.0,4.0
2021-08-05 02:35:31,94.0,88.0,4.0,2.0
2021-08-05 02:35:32,101.0,92.0,4.0,5.0
2021-08-05 02:35:33,104.0,83.0,13.0,8.0
2021-08-05 02:35:34,115.0,102.0,11.0,2.0
2021-08-05 02:35:35,88.0,78.0,6.0,4.0
2021-08-05 02:35:36,91.0,80.0,8.0,3.0
2021-08-05 02:35:37,102.0,91.0,6.0,5.0
2021-08-05 02:35:38,92.0,80.0,6.0,6.0
2021-08-05 02:35:39,88.0,75.0,6.0,7.0
2021-08-05 02:35:40,85.0,69.0,4.0,12.0
2021-08-05 02:35:41,81.0,71.0,6.0,4.0
2021-08-05 02:35:42,81.0,77.0,3.0,1.0
2021-08-05 02:35:43,100.0,86.0,10.0,4.0
2021-08-05 02:35:44,77.0,73.0,2.0,2.0
2021-08-05 02:35:45,74.0,65.0,3.0,6.0
2021-08-05 02:35:46,100.0,92.0,4.0,4.0
2021-08-05 02:35:47,109.0,96.0,7.0,6.0
2021-08-05 02:35:48,95.0,86.0,8.0,1.0
2021-08-05 02:35:49,87.0,75.0,10.0,2.0
2021-08-05 02:35:50,90.0,82.0,5.0,3.0
2021-08-05 02:35:51,102.0,88.0,9.0,5.0
2021-08-05 02:35:52,84.0,70.0,8.0,6.0
2021-08-05 02:35:53,73.0,68.0,3.0,2.0
2021-08-05 02:35:54,99.0,88.0,4.0,7.0
2021-08-05 02:35:55,92.0,82.0,8.0,2.0
2021-08-05 02:35:56,75.0,62.0,6.0,7.0
2021-08-05 02:35:57,110.0,97.0,6.0,7.0
2021-08-05 02:35:58,96.0,84.0,6.0,6.0
2021-08-05 02:35:59,92.0,82.0,6.0,4.0
2021-08-05 02:36:00,98.0,80.0,12.0,6.0
2021-08-05 02:36:01,98.0,84.0,6.0,8.0
2021-08-05 02:36:02,75.0,66.0,5.0,4.0
2021-08-05 02:36:03,77.0,65.0,5.0,7.0
2021-08-05 02:36:04,99.0,89.0,7.0,3.0
2021-08-05 02:36:05,92.0,80.0,7.0,5.0
2021-08-05 02:36:06,73.0,61.0,7.0,5.0
2021-08-05 02:36:07,108.0,97.0,7.0,4.0
2021-08-05 02:36:08,104.0,92.0,10.0,2.0
2021-08-05 02:36:09,87.0,79.0,5.0,3.0
2021-08-05 02:36:10,86.0,70.0,10.0,6.0
2021-08-05 02:36:11,88.0,75.0,6.0,7.0
2021-08-05 02:36:12,80.0,67.0,5.0,8.0
2021-08-05 02:36:13,94.0,86.0,5.0,3.0
2021-08-05 02:36:14,70.0,60.0,6.0,4.0
2021-08-05 02:36:15,98.0,86.0,6.0,6.0
2021-08-05 02:36:16,78.0,70.0,6.0,2.0
2021-08-05 02:36:17,97.0,90.0,3.0,4.0
2021-08-05 02:36:18,76.0,68.0,3.0,5.0
2021-08-05 02:36:19,98.0,91.0,2.0,5.0
2021-08-05 02:36:20,80.0,74.0,3.0,3.0
2021-08-05 02:36:21,93.0,75.0,11.0,7.0
2021-08-05 02:36:22,98.0,85.0,9.0,4.0
2021-08-05 02:36:23,89.0,77.0,5.0,7.0
2021-08-05 02:36:24,100.0,94.0,6.0,0.0
2021-08-05 02:36:25,90.0,76.0,8.0,6.0
2021-08-05 02:36:26,103.0,88.0,9.0,6.0
2021-08-05 02:36:27,93.0,82.0,8.0,3.0
2021-08-05 02:36:28,83.0,73.0,7.0,3.0
2021-08-05 02:36:29,90.0,76.0,10.0,4.0
2021-08-05 02:36:30,85.0,75.0,8.0,2.0
2021-08-05 02:36:31,86.0,74.0,7.0,5.0
2021-08-05 02:36:32,86.0,82.0,1.0,3.0
2021-08-05 02:36:33,92.0,80.0,6.0,6.0
2021-08-05 02:36:34,104.0,83.0,13.0,8.0
2021-08-05 02:36:35,71.0,62.0,5.0,4.0
2021-08-05 02:36:36,79.0,70.0,7.0,2.0
2021-08-05 02:36:37,96.0,88.0,5.0,3.0
2021-08-05 02:36:38,101.0,94.0,3.0,4.0
2021-08-05 02:36:39,98.0,84.0,11.0,3.0
2021-08-05 02:36:40,96.0,82.0,8.0,6.0
2021-08-05 02:36:41,104.0,90.0,9.0,5.0
2021-08-05 02:36:42,87.0,77.0,5.0,5.0
2021-08-05 02:36:43,98.0,86.0,5.0,7.0
2021-08-05 02:36:44,89.0,80.0,3.0,6.0
2021-08-05 02:36:45,91.0,80.0,6.0,5.0
2021-08-05 02:36:46,103.0,92.0,7.0,4.0
2021-08-05 02:36:47,97.0,86.0,5.0,6.0
2021-08-05 02:36:48,85.0,71.0,9.0,5.0
2021-08-05 02:36:49,76.0,65.0,9.0,2.0
2021-08-05 02:36:50,72.0,66.0,2.0,4.0
2021-08-05 02:36:51,87.0,82.0,5.0,0.0
2021-08-05 02:36:52,84.0,77.0,4.0,3.0
2021-08-05 02:36:53,75.0,64.0,7.0,4.0
2021-08-05 02:36:54,102.0,85.0,12.0,5.0
2021-08-05 02:36:55,99.0,87.0,9.0,3.0
2021-08-05 02:36:56,86.0,78.0,5.0,3.0
2021-08-05 02:36:57,79.0,72.0,3.0,4.0
2021-08-05 02:36:58,91.0,80.0,10.0,1.0
2021-08-05 02:36:59,82.0,70.0,8.0,4.0
2021-08-05 02:37:00,102.0,85.0,12.0,5.0
2021-08-05 02:37:01,87.0,74.0,8.0,5.0
2021-08-05 02:37:02,103.0,90.0,5.0,8.0
2021-08-05 02:37:03,91.0,80.0,8.0,3.0
2021-08-05 02:37:04,82.0,67.0,9.0,6.0
2021-08-05 02:37:05,86.0,77.0,6.0,3.0
2021-08-05 02:37:06,87.0,77.0,7.0,3.0
2021-08-05 02:37:07,84.0,74.0,6.0,4.0
2021-08-05 02:37:08,78.0,66.0,10.0,2.0
2021-08-05 02:37:09,93.0,78.0,10.0,5.0
2021-08-05 02:37:10,97.0,81.0,8.0,8.0
2021-08-05 02:37:11,80.0,67.0,10.0,3.0
2021-08-05 02:37:12,86.0,76.0,6.0,4.0
2021-08-05 02:37:13,90.0,78.0,7.0,5.0
2021-08-05 02:37:14,86.0,75.0,8.0,3.0
2021-08-05 02:37:15,80.0,68.0,7.0,5.0
2021-08-05 02:37:16,84.0,74.0,9.0,1.0
2021-08-05 02:37:17,105.0,95.0,7.0,3.0
2021-08-05 02:37:18,87.0,81.0,5.0,1.0
2021-08-05 02:37:19,81.0,68.0,7.0,6.0
2021-08-05 02:37:20,76.0,67.0,4.0,5.0
2021-08-05 02:37:21,82.0,76.0,2.0,4.0
2021-08-05 02:37:22,100.0,88.0,5.0,7.0
2021-08-05 02:37:23,89.0,78.0,4.0,7.0
2021-08-05 02:37:24,95.0,83.0,6.0,6.0
2021-08-05 02:37:25,103.0,92.0,7.0,4.0
2021-08-05 02:37:26,89.0,74.0,11.0,4.0
2021-08-05 02:37:27,97.0,87.0,6.0,4.0
2021-08-05 02:37:28,74.0,63.0,3.0,8.0
2021-08-05 02:37:29,104.0,97.0,3.0,4.0
2021-08-05 02:37:30,98.0,85.0,8.0,5.0
2021-08-05 02:37:31,78.0,69.0,5.0,4.0
2021-08-05 02:37:32,84.0,69.0,9.0,6.0
2021-08-05 02:37:33,91.0,81.0,5.0,5.0
2021-08-05 02:37:34,90.0,75.0,12.0,3.0
2021-08-05 02:37:35,89.0,77.0,9.0,3.0
2021-08-05 02:37:36,94.0,81.0,8.0,5.0
2021-08-05 02:37:37,95.0,81.0,8.0,6.0
2021-08-05 02:37:38,90.0,77.0,8.0,5.0
2021-08-05 02:37:39,85.0,76.0,5.0,4.0
2021-08-05 02:37:40,87.0,70.0,12.0,5.0
2021-08-05 02:37:41,93.0,89.0,4.0,0.0
2021-08-05 02:37:42,98.0,92.0,4.0,2.0
2021-08-05 02:37:43,80.0,71.0,6.0,3.0
2021-08-05 02:37:44,69.0,62.0,3.0,4.0
2021-08-05 02:37:45,84.0,75.0,7.0,2.0
2021-08-05 02:37:46,79.0,72.0,1.0,6.0
2021-08-05 02:37:47,87.0,77.0,8.0,2.0
2021-08-05 02:37:48,110.0,96.0,10.0,4.0
2021-08-05 02:37:49,84.0,76.0,5.0,3.0
2021-08-05 02:37:50,77.0,67.0,7.0,3.0
2021-08-05 02:37:51,81.0,71.0,5.0,5.0
2021-08-05 02:37:52,88.0,75.0,9.0,4.0
2021-08-05 02:37:53,67.0,60.0,1.0,6.0
2021-08-05 02:37:54,84.0,70.0,7.0,7.0
2021-08-05 02:37:55,106.0,95.0,7.0,4.0
2021-08-05 02:37:56,90.0,79.0,8.0,3.0
2021-08-05 02:37:57,98.0,83.0,11.0,4.0
2021-08-05 02:37:58,78.0,71.0,5.0,2.0
2021-08-05 02:37:59,85.0,78.0,4.0,3.0
2021-08-05 02:38:00,91.0,80.0,6.0,5.0
2021-08-05 02:38:01,94.0,78.0,9.0,7.0
2021-08-05 02:38:02,92.0,83.0,6.0,3.0
2021-08-05 02:38:03,101.0,85.0,12.0,4.0
2021-08-05 02:38:04,91.0,80.0,7.0,4.0
2021-08-05 02:38:05,101.0,93.0,3.0,5.0
2021-08-05 02:38:06,97.0,89.0,7.0,1.0
2021-08-05 02:38:07,78.0,71.0,5.0,2.0
2021-08-05 02:38:08,87.0,72.0,7.0,8.0
2021-08-05 02:38:09,99.0,88.0,7.0,4.0
2021-08-05 02:38:10,80.0,71.0,7.0,2.0
2021-08-05 02:38:11,96.0,86.0,6.0,4.0
2021-08-05 02:38:12,90.0,77.0,11.0,2.0
2021-08-05 02:38:13,74.0,61.0,10.0,3.0
2021-08-05 02:38:14,81.0,74.0,3.0,4.0
2021-08-05 02:38:15,89.0,76.0,9.0,4.0
2021-08-05 02:38:16,105.0,94.0,7.0,4.0
2021-08-05 02:38:17,86.0,80.0,4.0,2.0
2021-08-05 02:38:18,75.0,69.0,5.0,1.0
2021-08-05 02:38:19,95.0,86.0,5.0,4.0
2021-08-05 02:38:20,82.0,74.0,4.0,4.0
2021-08-05 02:38:21,82.0,72.0,6.0,4.0
2021-08-05 02:38:22,73.0,65.0,3.0,5.0
2021-08-05 02:38:23,76.0,66.0,6.0,4.0
2021-08-05 02:38:24,94.0,87.0,5.0,2.0
2021-08-05 02:38:25,77.0,66.0,6.0,5.0
2021-08-05 02:38:26,85.0,76.0,4.0,5.0
2021-08-05 02:38:27,101.0,92.0,5.0,4.0
2021-08-05 02:38:28,86.0,77.0,8.0,1.0
2021-08-05 02:38:29,72.0,66.0,4.0,2.0
2021-08-05 02:38:30,100.0,86.0,9.0,5.0
2021-08-05 02:38:31,74.0,65.0,6.0,3.0
2021-08-05 02:38:32,108.0,99.0,5.0,4.0
2021-08-05 02:38:33,85.0,73.0,8.0,4.0
2021-08-05 02:38:34,77.0,71.0,5.0,1.0
2021-08-05 02:38:35,83.0,70.0,7.0,6.0
2021-08-05 02:38:36,103.0,95.0,4.0,4.0
2021-08-05 02:38:37,93.0,86.0,4.0,3.0
2021-08-05 02:38:38,92.0,81.0,9.0,2.0
2021-08-05 02:38:39,99.0,87.0,9.0,3.0
2021-08-05 02:38:40,85.0,73.0,8.0,4.0
2021-08-05 02:38:41,74.0,68.0,3.0,3.0
2021-08-05 02:38:42,107.0,101.0,3.0,3.0
2021-08-05 02:38:43,94.0,85.0,6.0,3.0
2021-08-05 02:38:44,88.0,70.0,12.0,6.0
2021-08-05 02:38:45,97.0,85.0,6.0,6.0
2021-08-05 02:38:46,97.0,92.0,2.0,3.0
2021-08-05 02:38:47,99.0,82.0,12.0,5.0
2021-08-05 02:38:48,96.0,87.0,6.0,3.0
2021-08-05 02:38:49,88.0,80.0,5.0,3.0
2021-08-05 02:38:50,81.0,74.0,3.0,4.0
2021-08-05 02:38:51,89.0,79.0,5.0,5.0
2021-08-05 02:38:52,99.0,88.0,9.0,2.0
2021-08-05 02:38:53,82.0,69.0,10.0,3.0
2021-08-05 02:38:54,96.0,86.0,4.0,6.0
2021-08-05 02:38:55,91.0,79.0,10.0,2.0
2021-08-05 02:38:56,104.0,95.0,7.0,2.0
2021-08-05 02:38:57,89.0,82.0,4.0,3.0
2021-08-05 02:38:58,83.0,68.0,10.0,5.0
2021-08-05 02:38:59,88.0,81.0,3.0,4.0
2021-08-05 02:39:00,80.0,63.0,11.0,6.0
2021-08-05 02:39:01,87.0,72.0,9.0,6.0
2021-08-05 02:39:02,106.0,94.0,7.0,5.0
2021-08-05 02:39:03,79.0,69.0,6.0,4.0
2021-08-05 02:39:04,104.0,89.0,8.0,7.0
2021-08-05 02:39:05,73.0,62.0,8.0,3.0
2021-08-05 02:39:06,95.0,82.0,7.0,6.0
2021-08-05 02:39:07,70.0,62.0,3.0,5.0
2021-08-05 02:39:08,100.0,83.0,9.0,8.0
2021-08-05 02:39:09,88.0,79.0,4.0,5.0
2021-08-05 02:39:10,101.0,86.0,12.0,3.0
2021-08-05 02:39:11,99.0,85.0,10.0,4.0
2021-08-05 02:39:12,103.0,92.0,7.0,4.0
2021-08-05 02:39:13,99.0,88.0,5.0,6.0
2021-08-05 02:39:14,98.0,81.0,7.0,10.0
2021-08-05 02:39:15,89.0,78.0,8.0,3.0
2021-08-05 02:39:16,95.0,79.0,8.0,8.0
2021-08-05 02:39:17,93.0,78.0,8.0,7.0
2021-08-05 02:39:18,96.0,85.0,8.0,3.0
2021-08-05 02:39:19,86.0,72.0,10.0,4.0
2021-08-05 02:39:20,90.0,76.0,10.0,4.0
2021-08-05 02:39:21,73.0,64.0,4.0,5.0
2021-08-05 02:39:22,104.0,90.0,9.0,5.0
2021-08-05 02:39:23,93.0,76.0,10.0,7.0
2021-08-05 02:39:24,87.0,78.0,4.0,5.0
2021-08-05 02:39:25,80.0,73.0,3.0,4.0
2021-08-05 02:39:26,89.0,78.0,7.0,4.0
2021-08-05 02:39:27,80.0,71.0,7.0,2.0
2021-08-05 02:39:28,91.0,74.0,9.0,8.0
2021-08-05 02:39:29,97.0,89.0,6.0,2.0
2021-08-05 02:39:30,76.0,64.0,8.0,4.0
2021-08-05 02:39:31,97.0,83.0,6.0,8.0
2021-08-05 02:39:32,88.0,80.0,3.0,5.0
2021-08-05 02:39:33,85.0,80.0,2.0,3.0
2021-08-05 02:39:34,77.0,63.0,9.0,5.0
2021-08-05 02:39:35,102.0,90.0,11.0,1.0
2021-08-05 02:39:36,102.0,94.0,5.0,3.0
2021-08-05 02:39:37,102.0,88.0,8.0,6.0
2021-08-05 02:39:38,110.0,97.0,8.0,5.0
2021-08-05 02:39:39,99.0,82.0,7.0,10.0
2021-08-05 02:39:40,81.0,71.0,6.0,4.0
2021-08-05 02:39:41,94.0,86.0,4.0,4.0
2021-08-05 02:39:42,101.0,86.0,6.0,9.0
2021-08-05 02:39:43,76.0,70.0,2.0,4.0
2021-08-05 02:39:44,84.0,73.0,8.0,3.0
2021-08-05 02:39:45,96.0,83.0,7.0,6.0
2021-08-05 02:39:46,83.0,69.0,10.0,4.0
2021-08-05 02:39:47,85.0,70.0,9.0,6.0
2021-08-05 02:39:48,85.0,76.0,6.0,3.0
2021-08-05 02:39:49,94.0,80.0,8.0,6.0
2021-08-05 02:39:50,93.0,80.0,5.0,8.0
2021-08-05 02:39:51,85.0,77.0,5.0,3.0
2021-08-05 02:39:52,84.0,75.0,6.0,3.0
2021-08-05 02:39:53,92.0,83.0,5.0,4.0
2021-08-05 02:39:54,95.0,86.0,6.0,3.0
2021-08-05 02:39:55,75.0,61.0,10.0,4.0
2021-08-05 02:39:56,98.0,87.0,8.0,3.0
2021-08-05 02:39:57,81.0,77.0,2.0,2.0
2021-08-05 02:39:58,94.0,82.0,7.0,5.0
2021-08-05 02:39:59,94.0,83.0,4.0,7.0
2021-08-05 02:40:00,76.0,59.0,10.0,7.0
2021-08-05 02:40:01,75.0,70.0,2.0,3.0
2021-08-05 02:40:02,86.0,72.0,9.0,5.0
2021-08-05 02:40:03,87.0,75.0,9.0,3.0
2021-08-05 02:40:04,90.0,76.0,7.0,7.0
2021-08-05 02:40:05,95.0,80.0,8.0,7.0
2021-08-05 02:40:06,72.0,59.0,7.0,6.0
2021-08-05 02:40:07,109.0,93.0,10.0,6.0
2021-08-05 02:40:08,78.0,69.0,7.0,2.0
2021-08-05 02:40:09,100.0,95.0,1.0,4.0
2021-08-05 02:40:10,105.0,95.0,4.0,6.0
2021-08-05 02:40:11,86.0,75.0,7.0,4.0
2021-08-05 02:40:12,94.0,91.0,2.0,1.0
2021-08-05 02:40:13,82.0,75.0,5.0,2.0
2021-08-05 02:40:14,90.0,78.0,8.0,4.0
2021-08-05 02:40:15,90.0,81.0,6.0,3.0
2021-08-05 02:40:16,80.0,75.0,3.0,2.0
2021-08-05 02:40:17,95.0,83.0,11.0,1.0
2021-08-05 02:40:18,95.0,77.0,13.0,5.0
2021-08-05 02:40:19,89.0,76.0,5.0,8.0
2021-08-05 02:40:20,81.0,73.0,1.0,7.0
2021-08-05 02:40:21,70.0,58.0,7.0,5.0
2021-08-05 02:40:22,75.0,65.0,7.0,3.0
2021-08-05 02:40:23,91.0,79.0,8.0,4.0
2021-08-05 02:40:24,83.0,78.0,3.0,2.0
2021-08-05 02:40:25,107.0,89.0,9.0,9.0
2021-08-05 02:40:26,110.0,96.0,8.0,6.0
2021-08-05 02:40:27,97.0,81.0,10.0,6.0
2021-08-05 02:40:28,75.0,65.0,6.0,4.0
2021-08-05 02:40:29,95.0,79.0,8.0,8.0
2021-08-05 02:40:30,89.0,83.0,5.0,1.0
2021-08-05 02:40:31,85.0,77.0,5.0,3.0
2021-08-05 02:40:32,74.0,64.0,6.0,4.0
2021-08-05 02:40:33,113.0,101.0,9.0,3.0
2021-08-05 02:40:34,89.0,80.0,5.0,4.0
2021-08-05 02:40:35,84.0,78.0,5.0,1.0
2021-08-05 02:40:36,93.0,80.0,8.0,5.0
2021-08-05 02:40:37,90.0,81.0,7.0,2.0
2021-08-05 02:40:38,85.0,74.0,10.0,1.0
2021-08-05 02:40:39,92.0,86.0,3.0,3.0
2021-08-05 02:40:40,90.0,76.0,9.0,5.0
2021-08-05 02:40:41,96.0,91.0,3.0,2.0
2021-08-05 02:40:42,96.0,84.0,8.0,4.0
2021-08-05 02:40:43,82.0,74.0,6.0,2.0
2021-08-05 02:40:44,95.0,83.0,6.0,6.0
2021-08-05 02:40:45,81.0,73.0,4.0,4.0
2021-08-05 02:40:46,95.0,81.0,9.0,5.0
2021-08-05 02:40:47,80.0,73.0,3.0,4.0
2021-08-05 02:40:48,92.0,87.0,2.0,3.0
2021-08-05 02:40:49,99.0,86.0,7.0,6.0
2021-08-05 02:40:50,81.0,77.0,2.0,2.0
2021-08-05 02:40:51,84.0,75.0,6.0,3.0
2021-08-05 02:40:52,93.0,77.0,11.0,5.0
2021-08-05 02:40:53,94.0,82.0,9.0,3.0
2021-08-05 02:40:54,90.0,79.0,6.0,5.0
2021-08-05 02:40:55,91.0,79.0,4.0,8.0
2021-08-05 02:40:56,96.0,83.0,10.0,3.0
2021-08-05 02:40:57,87.0,78.0,5.0,4.0
2021-08-05 02:40:58,83.0,72.0,5.0,6.0
2021-08-05 02:40:59,80.0,74.0,4.0,2.0
2021-08-05 02:41:00,72.0,66.0,4.0,2.0
2021-08-05 02:41:01,93.0,81.0,8.0,4.0
2021-08-05 02:41:02,89.0,77.0,6.0,6.0
2021-08-05 02:41:03,107.0,90.0,13.0,4.0
2021-08-05 02:41:04,79.0,67.0,8.0,4.0
2021-08-05 02:41:05,89.0,80.0,5.0,4.0
2021-08-05 02:41:06,71.0,59.0,10.0,2.0
2021-08-05 02:41:07,83.0,69.0,9.0,5.0
2021-08-05 02:41:08,76.0,64.0,8.0,4.0
2021-08-05 02:41:09,111.0,98.0,8.0,5.0
2021-08-05 02:41:10,88.0,73.0,12.0,3.0
2021-08-05 02:41:11,103.0,89.0,11.0,3.0
2021-08-05 02:41:12,99.0,91.0,2.0,6.0
2021-08-05 02:41:13,71.0,65.0,3.0,3.0
2021-08-05 02:41:14,85.0,74.0,8.0,3.0
2021-08-05 02:41:15,91.0,86.0,4.0,1.0
2021-08-05 02:41:16,86.0,74.0,7.0,5.0
2021-08-05 02:41:17,87.0,74.0,3.0,10.0
2021-08-05 02:41:18,82.0,73.0,4.0,5.0
2021-08-05 02:41:19,96.0,83.0,6.0,7.0
2021-08-05 02:41:20,84.0,74.0,6.0,4.0
2021-08-05 02:41:21,81.0,75.0,4.0,2.0
2021-08-05 02:41:22,74.0,66.0,7.0,1.0
2021-08-05 02:41:23,83.0,68.0,9.0,6.0
2021-08-05 02:41:24,72.0,62.0,6.0,4.0
2021-08-05 02:41:25,80.0,70.0,6.0,4.0
2021-08-05 02:41:26,91.0,86.0,2.0,3.0
2021-08-05 02:41:27,93.0,79.0,10.0,4.0
2021-08-05 02:41:28,98.0,92.0,4.0,2.0
2021-08-05 02:41:29,76.0,69.0,2.0,5.0
2021-08-05 02:41:30,84.0,74.0,10.0,0.0
2021-08-05 02:41:31,96.0,80.0,7.0,9.0
2021-08-05 02:41:32,82.0,70.0,8.0,4.0
2021-08-05 02:41:33,71.0,59.0,5.0,7.0
2021-08-05 02:41:34,80.0,68.0,5.0,7.0
2021-08-05 02:41:35,96.0,87.0,7.0,2.0
2021-08-05 02:41:36,97.0,87.0,7.0,3.0
2021-08-05 02:41:37,105.0,91.0,9.0,5.0
2021-08-05 02:41:38,94.0,82.0,8.0,4.0
2021-08-05 02:41:39,92.0,84.0,5.0,3.0
2021-08-05 02:41:40,101.0,92.0,9.0,0.0
2021-08-05 02:41:41,81.0,71.0,6.0,4.0
2021-08-05 02:41:42,75.0,66.0,4.0,5.0
2021-08-05 02:41:43,99.0,86.0,6.0,7.0
2021-08-05 02:41:44,84.0,74.0,7.0,3.0
2021-08-05 02:41:45,88.0,77.0,8.0,3.0
2021-08-05 02:41:46,93.0,86.0,3.0,4.0
2021-08-05 02:41:47,105.0,79.0,12.0,14.0
2021-08-05 02:41:48,84.0,76.0,6.0,2.0
2021-08-05 02:41:49,79.0,71.0,5.0,3.0
2021-08-05 02:41:50,93.0,78.0,11.0,4.0
2021-08-05 02:41:51,88.0,79.0,4.0,5.0
2021-08-05 02:41:52,102.0,94.0,6.0,2.0
2021-08-05 02:41:53,106.0,94.0,9.0,3.0
2021-08-05 02:41:54,90.0,75.0,12.0,3.0
2021-08-05 02:41:55,100.0,85.0,7.0,8.0
2021-08-05 02:41:56,91.0,80.0,7.0,4.0
2021-08-05 02:41:57,96.0,90.0,2.0,4.0
2021-08-05 02:41:58,92.0,81.0,8.0,3.0
2021-08-05 02:41:59,94.0,85.0,4.0,5.0
2021-08-05 02:42:00,98.0,87.0,8.0,3.0
2021-08-05 02:42:01,80.0,68.0,7.0,5.0
2021-08-05 02:42:02,89.0,80.0,4.0,5.0
2021-08-05 02:42:03,82.0,75.0,5.0,2.0
2021-08-05 02:42:04,93.0,87.0,2.0,4.0
2021-08-05 02:42:05,90.0,81.0,3.0,6.0
2021-08-05 02:42:06,83.0,74.0,9.0,0.0
2021-08-05 02:42:07,97.0,93.0,1.0,3.0
2021-08-05 02:42:08,91.0,83.0,3.0,5.0
2021-08-05 02:42:09,75.0,69.0,3.0,3.0
2021-08-05 02:42:10,83.0,74.0,4.0,5.0
2021-08-05 02:42:11,96.0,85.0,6.0,5.0
2021-08-05 02:42:12,69.0,61.0,7.0,1.0
2021-08-05 02:42:13,90.0,78.0,4.0,8.0
2021-08-05 02:42:14,90.0,82.0,7.0,1.0
2021-08-05 02:42:15,98.0,86.0,6.0,6.0
2021-08-05 02:42:16,84.0,80.0,3.0,1.0
2021-08-05 02:42:17,103.0,90.0,8.0,5.0
2021-08-05 02:42:18,85.0,76.0,3.0,6.0
2021-08-05 02:42:19,91.0,79.0,6.0,6.0
2021-08-05 02:42:20,88.0,83.0,3.0,2.0
2021-08-05 02:42:21,89.0,79.0,5.0,5.0
2021-08-05 02:42:22,89.0,79.0,5.0,5.0
2021-08-05 02:42:23,74.0,68.0,3.0,3.0
2021-08-05 02:42:24,105.0,94.0,8.0,3.0
2021-08-05 02:42:25,98.0,85.0,7.0,6.0
2021-08-05 02:42:26,108.0,95.0,8.0,5.0
2021-08-05 02:42:27,96.0,78.0,13.0,5.0
2021-08-05 02:42:28,89.0,81.0,6.0,2.0
2021-08-05 02:42:29,93.0,81.0,6.0,6.0
2021-08-05 02:42:30,95.0,84.0,6.0,5.0
2021-08-05 02:42:31,95.0,87.0,3.0,5.0
2021-08-05 02:42:32,95.0,88.0,6.0,1.0
2021-08-05 02:42:33,89.0,82.0,3.0,4.0
2021-08-05 02:42:34,71.0,65.0,3.0,3.0
2021-08-05 02:42:35,96.0,82.0,8.0,6.0
2021-08-05 02:42:36,77.0,67.0,7.0,3.0
2021-08-05 02:42:37,91.0,83.0,4.0,4.0
2021-08-05 02:42:38,98.0,87.0,7.0,4.0
2021-08-05 02:42:39,89.0,78.0,10.0,1.0
2021-08-05 02:42:40,109.0,97.0,6.0,6.0
2021-08-05 02:42:41,71.0,64.0,1.0,6.0
2021-08-05 02:42:42,76.0,63.0,4.0,9.0
2021-08-05 02:42:43,84.0,73.0,8.0,3.0
2021-08-05 02:42:44,94.0,79.0,12.0,3.0
2021-08-05 02:42:45,110.0,100.0,5.0,5.0
2021-08-05 02:42:46,98.0,90.0,6.0,2.0
2021-08-05 02:42:47,87.0,79.0,6.0,2.0
2021-08-05 02:42:48,112.0,99.0,7.0,6.0
2021-08-05 02:42:49,96.0,90.0,4.0,2.0
2021-08-05 02:42:50,100.0,82.0,10.0,8.0
2021-08-05 02:42:51,86.0,76.0,6.0,4.0
2021-08-05 02:42:52,81.0,64.0,11.0,6.0
2021-08-05 02:42:53,108.0,97.0,7.0,4.0
2021-08-05 02:42:54,84.0,70.0,5.0,9.0
2021-08-05 02:42:55,81.0,73.0,4.0,4.0
2021-08-05 02:42:56,91.0,75.0,9.0,7.0
2021-08-05 02:42:57,99.0,92.0,2.0,5.0
2021-08-05 02:42:58,82.0,73.0,6.0,3.0
2021-08-05 02:42:59,82.0,70.0,7.0,5.0
2021-08-05 02:43:00,113.0,93.0,11.0,9.0
2021-08-05 02:43:01,88.0,75.0,7.0,6.0
2021-08-05 02:43:02,67.0,61.0,2.0,4.0
2021-08-05 02:43:03,108.0,92.0,10.0,6.0
2021-08-05 02:43:04,105.0,87.0,10.0,8.0
2021-08-05 02:43:05,101.0,90.0,5.0,6.0
2021-08-05 02:43:06,97.0,87.0,7.0,3.0
2021-08-05 02:43:07,82.0,71.0,5.0,6.0
2021-08-05 02:43:08,85.0,81.0,3.0,1.0
2021-08-05 02:43:09,87.0,75.0,9.0,3.0
2021-08-05 02:43:10,90.0,81.0,5.0,4.0
2021-08-05 02:43:11,98.0,86.0,7.0,5.0
2021-08-05 02:43:12,90.0,81.0,5.0,4.0
2021-08-05 02:43:13,98.0,83.0,10.0,5.0
2021-08-05 02:43:14,83.0,73.0,5.0,5.0
2021-08-05 02:43:15,100.0,86.0,7.0,7.0
2021-08-05 02:43:16,85.0,72.0,8.0,5.0
2021-08-05 02:43:17,86.0,79.0,2.0,5.0
2021-08-05 02:43:18,91.0,77.0,9.0,5.0
2021-08-05 02:43:19,96.0,79.0,9.0,8.0
2021-08-05 02:43:20,86.0,77.0,4.0,5.0
2021-08-05 02:43:21,81.0,70.0,5.0,6.0
2021-08-05 02:43:22,81.0,70.0,8.0,3.0
2021-08-05 02:43:23,98.0,86.0,6.0,6.0
2021-08-05 02:43:24,94.0,82.0,7.0,5.0
2021-08-05 02:43:25,95.0,87.0,6.0,2.0
2021-08-05 02:43:26,88.0,79.0,6.0,3.0
2021-08-05 02:43:27,78.0,70.0,4.0,4.0
2021-08-05 02:43:28,105.0,93.0,7.0,5.0
2021-08-05 02:43:29,87.0,76.0,7.0,4.0
2021-08-05 02:43:30,84.0,71.0,7.0,6.0
2021-08-05 02:43:31,87.0,75.0,6.0,6.0
2021-08-05 02:43:32,110.0,98.0,6.0,6.0
2021-08-05 02:43:33,92.0,83.0,6.0,3.0
2021-08-05 02:43:34,104.0,90.0,8.0,6.0
2021-08-05 02:43:35,85.0,73.0,6.0,6.0
2021-08-05 02:43:36,81.0,70.0,7.0,4.0
2021-08-05 02:43:37,97.0,87.0,4.0,6.0
2021-08-05 02:43:38,101.0,88.0,8.0,5.0
2021-08-05 02:43:39,87.0,78.0,3.0,6.0
2021-08-05 02:43:40,94.0,83.0,8.0,3.0
2021-08-05 02:43:41,85.0,76.0,6.0,3.0
2021-08-05 02:43:42,93.0,80.0,7.0,6.0
2021-08-05 02:43:43,102.0,89.0,5.0,8.0
2021-08-05 02:43:44,92.0,80.0,7.0,5.0
2021-08-05 02:43:45,88.0,78.0,7.0,3.0
2021-08-05 02:43:46,76.0,65.0,6.0,5.0
2021-08-05 02:43:47,83.0,72.0,6.0,5.0
2021-08-05 02:43:48,78.0,71.0,5.0,2.0
2021-08-05 02:43:49,83.0,71.0,8.0,4.0
2021-08-05 02:43:50,78.0,73.0,1.0,4.0
2021-08-05 02:43:51,96.0,84.0,8.0,4.0
2021-08-05 02:43:52,95.0,80.0,5.0,10.0
2021-08-05 02:43:53,99.0,86.0,8.0,5.0
2021-08-05 02:43:54,71.0,61.0,6.0,4.0
2021-08-05 02:43:55,93.0,82.0,7.0,4.0
2021-08-05 02:43:56,85.0,77.0,3.0,5.0
2021-08-05 02:43:57,90.0,82.0,4.0,4.0
2021-08-05 02:43:58,96.0,85.0,6.0,5.0
2021-08-05 02:43:59,85.0,73.0,8.0,4.0
2021-08-05 02:44:00,98.0,88.0,5.0,5.0
2021-08-05 02:44:01,86.0,75.0,7.0,4.0
2021-08-05 02:44:02,92.0,84.0,7.0,1.0
2021-08-05 02:44:03,94.0,82.0,6.0,6.0
2021-08-05 02:44:04,85.0,73.0,10.0,2.0
2021-08-05 02:44:05,97.0,87.0,4.0,6.0
2021-08-05 02:44:06,100.0,86.0,6.0,8.0
2021-08-05 02:44:07,90.0,80.0,6.0,4.0
2021-08-05 02:44:08,109.0,98.0,3.0,8.0
2021-08-05 02:44:09,79.0,68.0,8.0,3.0
2021-08-05 02:44:10,74.0,65.0,4.0,5.0
2021-08-05 02:44:11,79.0,73.0,4.0,2.0
2021-08-05 02:44:12,96.0,85.0,5.0,6.0
2021-08-05 02:44:13,86.0,81.0,5.0,0.0
2021-08-05 02:44:14,86.0,79.0,6.0,1.0
2021-08-05 02:44:15,90.0,81.0,8.0,1.0
2021-08-05 02:44:16,82.0,74.0,6.0,2.0
2021-08-05 02:44:17,85.0,70.0,7.0,8.0
2021-08-05 02:44:18,102.0,88.0,8.0,6.0
2021-08-05 02:44:19,90.0,79.0,8.0,3.0
2021-08-05 02:44:20,106.0,86.0,10.0,10.0
2021-08-05 02:44:21,85.0,75.0,6.0,4.0
2021-08-05 02:44:22,86.0,73.0,6.0,7.0
2021-08-05 02:44:23,91.0,87.0,2.0,2.0
2021-08-05 02:44:24,86.0,76.0,6.0,4.0
2021-08-05 02:44:25,94.0,82.0,6.0,6.0
2021-08-05 02:44:26,94.0,89.0,3.0,2.0
2021-08-05 02:44:27,80.0,67.0,7.0,6.0
2021-08-05 02:44:28,80.0,69.0,7.0,4.0
2021-08-05 02:44:29,81.0,75.0,3.0,3.0
2021-08-05 02:44:30,76.0,68.0,4.0,4.0
2021-08-05 02:44:31,90.0,76.0,5.0,9.0
2021-08-05 02:44:32,101.0,91.0,5.0,5.0
2021-08-05 02:44:33,95.0,85.0,5.0,5.0
2021-08-05 02:44:34,107.0,95.0,9.0,3.0
2021-08-05 02:44:35,90.0,80.0,3.0,7.0
2021-08-05 02:44:36,83.0,78.0,3.0,2.0
2021-08-05 02:44:37,96.0,87.0,4.0,5.0
2021-08-05 02:44:38,86.0,78.0,4.0,4.0
2021-08-05 02:44:39,86.0,81.0,4.0,1.0
2021-08-05 02:44:40,83.0,64.0,14.0,5.0
2021-08-05 02:44:41,89.0,83.0,3.0,3.0
2021-08-05 02:44:42,79.0,68.0,7.0,4.0
2021-08-05 02:44:43,96.0,89.0,5.0,2.0
2021-08-05 02:44:44,83.0,73.0,7.0,3.0
2021-08-05 02:44:45,92.0,84.0,6.0,2.0
2021-08-05 02:44:46,87.0,79.0,7.0,1.0
2021-08-05 02:44:47,73.0,62.0,9.0,2.0
2021-08-05 02:44:48,89.0,82.0,2.0,5.0
2021-08-05 02:44:49,92.0,82.0,6.0,4.0
2021-08-05 02:44:50,97.0,90.0,4.0,3.0
2021-08-05 02:44:51,88.0,75.0,5.0,8.0
2021-08-05 02:44:52,86.0,79.0,4.0,3.0
2021-08-05 02:44:53,92.0,77.0,11.0,4.0
2021-08-05 02:44:54,85.0,81.0,2.0,2.0
2021-08-05 02:44:55,97.0,89.0,6.0,2.0
2021-08-05 02:44:56,95.0,77.0,11.0,7.0
2021-08-05 02:44:57,95.0,89.0,4.0,2.0
2021-08-05 02:44:58,105.0,95.0,3.0,7.0
2021-08-05 02:44:59,76.0,69.0,6.0,1.0
2021-08-05 02:45:00,92.0,84.0,5.0,3.0
2021-08-05 02:45:01,73.0,65.0,6.0,2.0
2021-08-05 02:45:02,84.0,80.0,3.0,1.0
2021-08-05 02:45:03,81.0,70.0,6.0,5.0
2021-08-05 02:45:04,104.0,94.0,4.0,6.0
2021-08-05 02:45:05,88.0,77.0,7.0,4.0
2021-08-05 02:45:06,84.0,72.0,5.0,7.0
2021-08-05 02:45:07,92.0,77.0,8.0,7.0
2021-08-05 02:45:08,100.0,89.0,5.0,6.0
2021-08-05 02:45:09,92.0,85.0,6.0,1.0
2021-08-05 02:45:10,80.0,69.0,11.0,0.0
2021-08-05 02:45:11,92.0,82.0,8.0,2.0
2021-08-05 02:45:12,95.0,88.0,3.0,4.0
2021-08-05 02:45:13,101.0,89.0,9.0,3.0
2021-08-05 02:45:14,100.0,91.0,3.0,6.0
2021-08-05 02:45:15,95.0,79.0,10.0,6.0
2021-08-05 02:45:16,88.0,79.0,4.0,5.0
2021-08-05 02:45:17,84.0,76.0,7.0,1.0
2021-08-05 02:45:18,90.0,77.0,7.0,6.0
2021-08-05 02:45:19,94.0,87.0,3.0,4.0
2021-08-05 02:45:20,79.0,72.0,2.0,5.0
2021-08-05 02:45:21,91.0,82.0,4.0,5.0
2021-08-05 02:45:22,78.0,64.0,9.0,5.0
2021-08-05 02:45:23,95.0,85.0,5.0,5.0
2021-08-05 02:45:24,93.0,86.0,6.0,1.0
2021-08-05 02:45:25,95.0,83.0,7.0,5.0
2021-08-05 02:45:26,90.0,80.0,5.0,5.0
2021-08-05 02:45:27,82.0,69.0,9.0,4.0
2021-08-05 02:45:28,79.0,70.0,5.0,4.0
2021-08-05 02:45:29,83.0,68.0,13.0,2.0
2021-08-05 02:45:30,89.0,77.0,9.0,3.0
2021-08-05 02:45:31,81.0,73.0,3.0,5.0
2021-08-05 02:45:32,92.0,83.0,2.0,7.0
2021-08-05 02:45:33,96.0,88.0,7.0,1.0
2021-08-05 02:45:34,70.0,65.0,4.0,1.0
2021-08-05 02:45:35,86.0,72.0,8.0,6.0
2021-08-05 02:45:36,101.0,97.0,3.0,1.0
2021-08-05 02:45:37,110.0,95.0,9.0,6.0
2021-08-05 02:45:38,98.0,88.0,5.0,5.0
2021-08-05 02:45:39,105.0,89.0,11.0,5.0
2021-08-05 02:45:40,102.0,92.0,6.0,4.0
2021-08-05 02:45:41,102.0,88.0,7.0,7.0
2021-08-05 02:45:42,93.0,79.0,7.0,7.0
2021-08-05 02:45:43,89.0,84.0,5.0,0.0
2021-08-05 02:45:44,86.0,70.0,10.0,6.0
2021-08-05 02:45:45,86.0,75.0,6.0,5.0
2021-08-05 02:45:46,93.0,84.0,7.0,2.0
2021-08-05 02:45:47,89.0,77.0,4.0,8.0
2021-08-05 02:45:48,94.0,81.0,8.0,5.0
2021-08-05 02:45:49,79.0,67.0,9.0,3.0
2021-08-05 02:45:50,77.0,66.0,7.0,4.0
2021-08-05 02:45:51,88.0,78.0,7.0,3.0
2021-08-05 02:45:52,101.0,88.0,7.0,6.0
2021-08-05 02:45:53,109.0,94.0,10.0,5.0
2021-08-05 02:45:54,84.0,76.0,7.0,1.0
2021-08-05 02:45:55,88.0,78.0,8.0,2.0
2021-08-05 02:45:56,98.0,90.0,4.0,4.0
2021-08-05 02:45:57,73.0,62.0,9.0,2.0
2021-08-05 02:45:58,72.0,56.0,10.0,6.0
2021-08-05 02:45:59,73.0,62.0,6.0,5.0
2021-08-05 02:46:00,91.0,82.0,4.0,5.0
2021-08-05 02:46:01,84.0,78.0,6.0,0.0
2021-08-05 02:46:02,98.0,88.0,7.0,3.0
2021-08-05 02:46:03,82.0,70.0,11.0,1.0
2021-08-05 02:46:04,98.0,88.0,5.0,5.0
2021-08-05 02:46:05,104.0,91.0,10.0,3.0
2021-08-05 02:46:06,67.0,60.0,4.0,3.0
2021-08-05 02:46:07,98.0,82.0,8.0,8.0
2021-08-05 02:46:08,92.0,78.0,8.0,6.0
2021-08-05 02:46:09,99.0,81.0,9.0,9.0
2021-08-05 02:46:10,69.0,63.0,1.0,5.0
2021-08-05 02:46:11,90.0,80.0,8.0,2.0
2021-08-05 02:46:12,98.0,86.0,9.0,3.0
2021-08-05 02:46:13,97.0,88.0,8.0,1.0
2021-08-05 02:46:14,84.0,74.0,5.0,5.0
2021-08-05 02:46:15,88.0,77.0,7.0,4.0
2021-08-05 02:46:16,81.0,74.0,2.0,5.0
2021-08-05 02:46:17,93.0,79.0,6.0,8.0
2021-08-05 02:46:18,83.0,79.0,2.0,2.0
2021-08-05 02:46:19,87.0,76.0,8.0,3.0
2021-08-05 02:46:20,75.0,62.0,7.0,6.0
2021-08-05 02:46:21,98.0,88.0,7.0,3.0
2021-08-05 02:46:22,72.0,67.0,2.0,3.0
2021-08-05 02:46:23,99.0,91.0,6.0,2.0
2021-08-05 02:46:24,82.0,73.0,2.0,7.0
2021-08-05 02:46:25,89.0,77.0,9.0,3.0
2021-08-05 02:46:26,76.0,68.0,6.0,2.0
2021-08-05 02:46:27,103.0,92.0,7.0,4.0
2021-08-05 02:46:28,92.0,80.0,8.0,4.0
2021-08-05 02:46:29,101.0,94.0,3.0,4.0
2021-08-05 02:46:30,93.0,87.0,4.0,2.0
2021-08-05 02:46:31,87.0,75.0,8.0,4.0
2021-08-05 02:46:32,90.0,81.0,6.0,3.0
2021-08-05 02:46:33,92.0,84.0,8.0,0.0
2021-08-05 02:46:34,94.0,89.0,2.0,3.0
2021-08-05 02:46:35,89.0,78.0,7.0,4.0
2021-08-05 02:46:36,90.0,82.0,4.0,4.0
2021-08-05 02:46:37,87.0,76.0,5.0,6.0
2021-08-05 02:46:38,77.0,65.0,8.0,4.0
2021-08-05 02:46:39,87.0,78.0,5.0,4.0
2021-08-05 02:46:40,108.0,97.0,8.0,3.0
2021-08-05 02:46:41,88.0,76.0,6.0,6.0
2021-08-05 02:46:42,93.0,83.0,5.0,5.0
2021-08-05 02:46:43,93.0,85.0,5.0,3.0
2021-08-05 02:46:44,108.0,95.0,8.0,5.0
2021-08-05 02:46:45,81.0,77.0,2.0,2.0
2021-08-05 02:46:46,94.0,81.0,11.0,2.0
2021-08-05 02:46:47,86.0,78.0,3.0,5.0
2021-08-05 02:46:48,94.0,85.0,6.0,3.0
2021-08-05 02:46:49,101.0,84.0,9.0,8.0
2021-08-05 02:46:50,92.0,83.0,4.0,5.0
2021-08-05 02:46:51,85.0,77.0,5.0,3.0
2021-08-05 02:46:52,81.0,71.0,8.0,2.0
2021-08-05 02:46:53,77.0,69.0,4.0,4.0
2021-08-05 02:46:54,98.0,83.0,7.0,8.0
2021-08-05 02:46:55,77.0,69.0,5.0,3.0
2021-08-05 02:46:56,87.0,80.0,5.0,2.0
2021-08-05 02:46:57,100.0,92.0,4.0,4.0
2021-08-05 02:46:58,94.0,86.0,6.0,2.0
2021-08-05 02:46:59,96.0,87.0,4.0,5.0
2021-08-05 02:47:00,94.0,81.0,9.0,4.0
2021-08-05 02:47:01,94.0,80.0,11.0,3.0
2021-08-05 02:47:02,98.0,88.0,6.0,4.0
2021-08-05 02:47:03,102.0,93.0,5.0,4.0
2021-08-05 02:47:04,96.0,78.0,9.0,9.0
2021-08-05 02:47:05,82.0,67.0,10.0,5.0
2021-08-05 02:47:06,76.0,66.0,6.0,4.0
2021-08-05 02:47:07,88.0,77.0,6.0,5.0
2021-08-05 02:47:08,81.0,73.0,6.0,2.0
2021-08-05 02:47:09,91.0,83.0,5.0,3.0
2021-08-05 02:47:10,85.0,78.0,6.0,1.0
2021-08-05 02:47:11,88.0,78.0,7.0,3.0
2021-08-05 02:47:12,86.0,79.0,3.0,4.0
2021-08-05 02:47:13,93.0,81.0,7.0,5.0
2021-08-05 02:47:14,76.0,62.0,7.0,7.0
2021-08-05 02:47:15,105.0,92.0,6.0,7.0
2021-08-05 02:47:16,90.0,83.0,4.0,3.0
2021-08-05 02:47:17,77.0,65.0,5.0,7.0
2021-08-05 02:47:18,91.0,82.0,6.0,3.0
2021-08-05 02:47:19,65.0,57.0,6.0,2.0
2021-08-05 02:47:20,81.0,73.0,5.0,3.0
2021-08-05 02:47:21,86.0,74.0,7.0,5.0
2021-08-05 02:47:22,78.0,68.0,7.0,3.0
2021-08-05 02:47:23,75.0,68.0,5.0,2.0
2021-08-05 02:47:24,85.0,73.0,7.0,5.0
2021-08-05 02:47:25,87.0,75.0,6.0,6.0
2021-08-05 02:47:26,93.0,87.0,5.0,1.0
2021-08-05 02:47:27,100.0,92.0,5.0,3.0
2021-08-05 02:47:28,89.0,79.0,8.0,2.0
2021-08-05 02:47:29,84.0,71.0,8.0,5.0
2021-08-05 02:47:30,93.0,83.0,6.0,4.0
2021-08-05 02:47:31,89.0,78.0,6.0,5.0
2021-08-05 02:47:32,100.0,90.0,3.0,7.0
2021-08-05 02:47:33,91.0,79.0,7.0,5.0
2021-08-05 02:47:34,100.0,88.0,8.0,4.0
2021-08-05 02:47:35,87.0,79.0,5.0,3.0
2021-08-05 02:47:36,100.0,88.0,8.0,4.0
2021-08-05 02:47:37,98.0,89.0,6.0,3.0
2021-08-05 02:47:38,91.0,80.0,8.0,3.0
2021-08-05 02:47:39,87.0,76.0,5.0,6.0
2021-08-05 02:47:40,97.0,86.0,6.0,5.0
2021-08-05 02:47:41,86.0,77.0,6.0,3.0
2021-08-05 02:47:42,73.0,57.0,10.0,6.0
2021-08-05 02:47:43,78.0,72.0,2.0,4.0
2021-08-05 02:47:44,85.0,73.0,9.0,3.0
2021-08-05 02:47:45,106.0,84.0,17.0,5.0
2021-08-05 02:47:46,80.0,69.0,7.0,4.0
2021-08-05 02:47:47,91.0,80.0,8.0,3.0
2021-08-05 02:47:48,94.0,83.0,5.0,6.0
2021-08-05 02:47:49,99.0,86.0,7.0,6.0
2021-08-05 02:47:50,97.0,81.0,8.0,8.0
2021-08-05 02:47:51,98.0,91.0,7.0,0.0
2021-08-05 02:47:52,78.0,73.0,3.0,2.0
2021-08-05 02:47:53,90.0,72.0,11.0,7.0
2021-08-05 02:47:54,81.0,72.0,6.0,3.0
2021-08-05 02:47:55,103.0,95.0,6.0,2.0
2021-08-05 02:47:56,81.0,72.0,4.0,5.0
2021-08-05 02:47:57,83.0,73.0,7.0,3.0
2021-08-05 02:47:58,92.0,87.0,2.0,3.0
2021-08-05 02:47:59,87.0,76.0,7.0,4.0
2021-08-05 02:48:00,87.0,75.0,8.0,4.0
2021-08-05 02:48:01,98.0,84.0,11.0,3.0
2021-08-05 02:48:02,93.0,78.0,7.0,8.0
2021-08-05 02:48:03,93.0,80.0,9.0,4.0
2021-08-05 02:48:04,79.0,71.0,5.0,3.0
2021-08-05 02:48:05,82.0,72.0,9.0,1.0
2021-08-05 02:48:06,103.0,95.0,6.0,2.0
2021-08-05 02:48:07,101.0,88.0,9.0,4.0
2021-08-05 02:48:08,88.0,80.0,5.0,3.0
2021-08-05 02:48:09,86.0,70.0,10.0,6.0
2021-08-05 02:48:10,99.0,88.0,7.0,4.0
2021-08-05 02:48:11,97.0,84.0,7.0,6.0
2021-08-05 02:48:12,81.0,69.0,7.0,5.0
2021-08-05 02:48:13,111.0,96.0,7.0,8.0
2021-08-05 02:48:14,100.0,87.0,9.0,4.0
2021-08-05 02:48:15,85.0,72.0,8.0,5.0
2021-08-05 02:48:16,108.0,95.0,9.0,4.0
2021-08-05 02:48:17,93.0,84.0,4.0,5.0
2021-08-05 02:48:18,94.0,88.0,4.0,2.0
2021-08-05 02:48:19,105.0,88.0,11.0,6.0
2021-08-05 02:48:20,99.0,82.0,6.0,11.0
2021-08-05 02:48:21,91.0,80.0,7.0,4.0
2021-08-05 02:48:22,90.0,79.0,7.0,4.0
2021-08-05 02:48:23,94.0,87.0,2.0,5.0
2021-08-05 02:48:24,85.0,76.0,4.0,5.0
2021-08-05 02:48:25,93.0,84.0,7.0,2.0
2021-08-05 02:48:26,80.0,62.0,10.0,8.0
2021-08-05 02:48:27,92.0,82.0,4.0,6.0
2021-08-05 02:48:28,66.0,60.0,1.0,5.0
2021-08-05 02:48:29,80.0,72.0,5.0,3.0
2021-08-05 02:48:30,87.0,81.0,2.0,4.0
2021-08-05 02:48:31,90.0,80.0,4.0,6.0
2021-08-05 02:48:32,81.0,73.0,7.0,1.0
2021-08-05 02:48:33,76.0,70.0,1.0,5.0
2021-08-05 02:48:34,72.0,63.0,4.0,5.0
2021-08-05 02:48:35,86.0,79.0,5.0,2.0
2021-08-05 02:48:36,92.0,79.0,9.0,4.0
2021-08-05 02:48:37,105.0,97.0,5.0,3.0
2021-08-05 02:48:38,87.0,77.0,6.0,4.0
2021-08-05 02:48:39,88.0,76.0,6.0,6.0
2021-08-05 02:48:40,77.0,69.0,7.0,1.0
2021-08-05 02:48:41,97.0,88.0,4.0,5.0
2021-08-05 02:48:42,99.0,84.0,8.0,7.0
2021-08-05 02:48:43,79.0,74.0,4.0,1.0
2021-08-05 02:48:44,82.0,74.0,6.0,2.0
2021-08-05 02:48:45,80.0,76.0,4.0,0.0
2021-08-05 02:48:46,99.0,91.0,7.0,1.0
2021-08-05 02:48:47,83.0,70.0,7.0,6.0
2021-08-05 02:48:48,68.0,55.0,7.0,6.0
2021-08-05 02:48:49,100.0,90.0,7.0,3.0
2021-08-05 02:48:50,82.0,75.0,5.0,2.0
2021-08-05 02:48:51,96.0,90.0,3.0,3.0
2021-08-05 02:48:52,93.0,83.0,8.0,2.0
2021-08-05 02:48:53,95.0,90.0,2.0,3.0
2021-08-05 02:48:54,91.0,74.0,13.0,4.0
2021-08-05 02:48:55,104.0,88.0,9.0,7.0
2021-08-05 02:48:56,80.0,74.0,5.0,1.0
2021-08-05 02:48:57,83.0,73.0,8.0,2.0
2021-08-05 02:48:58,93.0,82.0,9.0,2.0
2021-08-05 02:48:59,94.0,86.0,5.0,3.0
2021-08-05 02:49:00,90.0,81.0,6.0,3.0
2021-08-05 02:49:01,90.0,75.0,7.0,8.0
2021-08-05 02:49:02,102.0,89.0,11.0,2.0
2021-08-05 02:49:03,78.0,72.0,2.0,4.0
2021-08-05 02:49:04,94.0,83.0,7.0,4.0
2021-08-05 02:49:05,73.0,62.0,8.0,3.0
2021-08-05 02:49:06,96.0,82.0,7.0,7.0
2021-08-05 02:49:07,71.0,62.0,5.0,4.0
2021-08-05 02:49:08,93.0,78.0,8.0,7.0
2021-08-05 02:49:09,95.0,86.0,5.0,4.0
2021-08-05 02:49:10,82.0,76.0,2.0,4.0
2021-08-05 02:49:11,80.0,68.0,8.0,4.0
2021-08-05 02:49:12,104.0,89.0,10.0,5.0
2021-08-05 02:49:13,97.0,86.0,5.0,6.0
2021-08-05 02:49:14,78.0,69.0,5.0,4.0
2021-08-05 02:49:15,110.0,101.0,5.0,4.0
2021-08-05 02:49:16,61.0,53.0,3.0,5.0
2021-08-05 02:49:17,87.0,79.0,7.0,1.0
2021-08-05 02:49:18,113.0,97.0,11.0,5.0
2021-08-05 02:49:19,72.0,66.0,6.0,0.0
2021-08-05 02:49:20,103.0,89.0,5.0,9.0
2021-08-05 02:49:21,90.0,80.0,9.0,1.0
2021-08-05 02:49:22,95.0,78.0,16.0,1.0
2021-08-05 02:49:23,87.0,80.0,4.0,3.0
2021-08-05 02:49:24,102.0,87.0,9.0,6.0
2021-08-05 02:49:25,99.0,89.0,3.0,7.0
2021-08-05 02:49:26,78.0,71.0,4.0,3.0
2021-08-05 02:49:27,81.0,74.0,5.0,2.0
2021-08-05 02:49:28,82.0,77.0,4.0,1.0
2021-08-05 02:49:29,76.0,65.0,5.0,6.0
2021-08-05 02:49:30,89.0,77.0,7.0,5.0
2021-08-05 02:49:31,83.0,76.0,4.0,3.0
2021-08-05 02:49:32,79.0,68.0,7.0,4.0
2021-08-05 02:49:33,74.0,62.0,8.0,4.0
2021-08-05 02:49:34,90.0,79.0,9.0,2.0
2021-08-05 02:49:35,91.0,78.0,11.0,2.0
2021-08-05 02:49:36,95.0,82.0,10.0,3.0
2021-08-05 02:49:37,88.0,80.0,7.0,1.0
2021-08-05 02:49:38,88.0,78.0,7.0,3.0
2021-08-05 02:49:39,98.0,86.0,5.0,7.0
2021-08-05 02:49:40,94.0,80.0,6.0,8.0
2021-08-05 02:49:41,93.0,84.0,2.0,7.0
2021-08-05 02:49:42,101.0,88.0,7.0,6.0
2021-08-05 02:49:43,76.0,66.0,6.0,4.0
2021-08-05 02:49:44,91.0,83.0,6.0,2.0
2021-08-05 02:49:45,92.0,82.0,3.0,7.0
2021-08-05 02:49:46,94.0,87.0,5.0,2.0
2021-08-05 02:49:47,106.0,90.0,7.0,9.0
2021-08-05 02:49:48,114.0,104.0,7.0,3.0
2021-08-05 02:49:49,83.0,71.0,7.0,5.0
2021-08-05 02:49:50,97.0,94.0,2.0,1.0
2021-08-05 02:49:51,107.0,91.0,8.0,8.0
2021-08-05 02:49:52,80.0,67.0,7.0,6.0
2021-08-05 02:49:53,83.0,74.0,6.0,3.0
2021-08-05 02:49:54,102.0,93.0,6.0,3.0
2021-08-05 02:49:55,73.0,66.0,4.0,3.0
2021-08-05 02:49:56,108.0,97.0,8.0,3.0
2021-08-05 02:49:57,110.0,97.0,7.0,6.0
2021-08-05 02:49:58,90.0,81.0,6.0,3.0
2021-08-05 02:49:59,90.0,80.0,5.0,5.0
2021-08-05 02:50:00,94.0,82.0,6.0,6.0
2021-08-05 02:50:01,102.0,90.0,4.0,8.0
2021-08-05 02:50:02,107.0,95.0,6.0,6.0
2021-08-05 02:50:03,83.0,73.0,7.0,3.0
2021-08-05 02:50:04,89.0,80.0,3.0,6.0
2021-08-05 02:50:05,95.0,88.0,5.0,2.0
2021-08-05 02:50:06,87.0,78.0,5.0,4.0
2021-08-05 02:50:07,89.0,74.0,10.0,5.0
2021-08-05 02:50:08,102.0,86.0,14.0,2.0
2021-08-05 02:50:09,104.0,95.0,7.0,2.0
2021-08-05 02:50:10,77.0,70.0,5.0,2.0
2021-08-05 02:50:11,95.0,79.0,10.0,6.0
2021-08-05 02:50:12,99.0,91.0,4.0,4.0
2021-08-05 02:50:13,96.0,88.0,7.0,1.0
2021-08-05 02:50:14,75.0,63.0,6.0,6.0
2021-08-05 02:50:15,91.0,84.0,3.0,4.0
2021-08-05 02:50:16,88.0,78.0,4.0,6.0
2021-08-05 02:50:17,83.0,69.0,8.0,6.0
2021-08-05 02:50:18,81.0,68.0,7.0,6.0
2021-08-05 02:50:19,81.0,74.0,6.0,1.0
2021-08-05 02:50:20,96.0,84.0,8.0,4.0
2021-08-05 02:50:21,95.0,84.0,8.0,3.0
2021-08-05 02:50:22,80.0,65.0,14.0,1.0
2021-08-05 02:50:23,80.0,72.0,6.0,2.0
2021-08-05 02:50:24,92.0,84.0,7.0,1.0
2021-08-05 02:50:25,95.0,84.0,7.0,4.0
2021-08-05 02:50:26,96.0,82.0,9.0,5.0
2021-08-05 02:50:27,80.0,62.0,11.0,7.0
2021-08-05 02:50:28,89.0,80.0,6.0,3.0
2021-08-05 02:50:29,96.0,83.0,9.0,4.0
2021-08-05 02:50:30,78.0,69.0,6.0,3.0
2021-08-05 02:50:31,79.0,70.0,5.0,4.0
2021-08-05 02:50:32,100.0,86.0,9.0,5.0
2021-08-05 02:50:33,83.0,72.0,6.0,5.0
2021-08-05 02:50:34,90.0,79.0,6.0,5.0
2021-08-05 02:50:35,92.0,78.0,6.0,8.0
2021-08-05 02:50:36,91.0,81.0,8.0,2.0
2021-08-05 02:50:37,103.0,79.0,16.0,8.0
2021-08-05 02:50:38,88.0,78.0,6.0,4.0
2021-08-05 02:50:39,108.0,101.0,3.0,4.0
2021-08-05 02:50:40,97.0,86.0,2.0,9.0
2021-08-05 02:50:41,84.0,73.0,6.0,5.0
2021-08-05 02:50:42,97.0,83.0,6.0,8.0
2021-08-05 02:50:43,100.0,94.0,4.0,2.0
2021-08-05 02:50:44,93.0,81.0,3.0,9.0
2021-08-05 02:50:45,101.0,96.0,2.0,3.0
2021-08-05 02:50:46,89.0,80.0,7.0,2.0
2021-08-05 02:50:47,77.0,71.0,4.0,2.0
2021-08-05 02:50:48,96.0,84.0,6.0,6.0
2021-08-05 02:50:49,87.0,71.0,10.0,6.0
2021-08-05 02:50:50,110.0,95.0,11.0,4.0
2021-08-05 02:50:51,100.0,90.0,5.0,5.0
2021-08-05 02:50:52,84.0,76.0,7.0,1.0
2021-08-05 02:50:53,112.0,95.0,11.0,6.0
2021-08-05 02:50:54,75.0,68.0,5.0,2.0
2021-08-05 02:50:55,95.0,82.0,8.0,5.0
2021-08-05 02:50:56,108.0,96.0,8.0,4.0
2021-08-05 02:50:57,88.0,77.0,8.0,3.0
2021-08-05 02:50:58,82.0,69.0,7.0,6.0
2021-08-05 02:50:59,93.0,80.0,6.0,7.0
2021-08-05 02:51:00,84.0,78.0,3.0,3.0
2021-08-05 02:51:01,83.0,79.0,1.0,3.0
2021-08-05 02:51:02,87.0,74.0,9.0,4.0
2021-08-05 02:51:03,100.0,93.0,4.0,3.0
2021-08-05 02:51:04,84.0,67.0,7.0,10.0
2021-08-05 02:51:05,86.0,78.0,7.0,1.0
2021-08-05 02:51:06,78.0,67.0,7.0,4.0
2021-08-05 02:51:07,97.0,87.0,8.0,2.0
2021-08-05 02:51:08,97.0,84.0,8.0,5.0
2021-08-05 02:51:09,90.0,70.0,13.0,7.0
2021-08-05 02:51:10,86.0,71.0,8.0,7.0
2021-08-05 02:51:11,91.0,78.0,7.0,6.0
2021-08-05 02:51:12,92.0,84.0,3.0,5.0
2021-08-05 02:51:13,94.0,82.0,7.0,5.0
2021-08-05 02:51:14,93.0,81.0,10.0,2.0
2021-08-05 02:51:15,112.0,102.0,6.0,4.0
2021-08-05 02:51:16,92.0,85.0,6.0,1.0
2021-08-05 02:51:17,87.0,72.0,9.0,6.0
2021-08-05 02:51:18,88.0,80.0,5.0,3.0
2021-08-05 02:51:19,86.0,78.0,6.0,2.0
2021-08-05 02:51:20,89.0,77.0,6.0,6.0
2021-08-05 02:51:21,73.0,64.0,8.0,1.0
2021-08-05 02:51:22,92.0,80.0,7.0,5.0
2021-08-05 02:51:23,80.0,74.0,3.0,3.0
2021-08-05 02:51:24,88.0,76.0,7.0,5.0
2021-08-05 02:51:25,100.0,89.0,8.0,3.0
2021-08-05 02:51:26,88.0,75.0,8.0,5.0
2021-08-05 02:51:27,80.0,70.0,6.0,4.0
2021-08-05 02:51:28,74.0,67.0,4.0,3.0
2021-08-05 02:51:29,91.0,77.0,10.0,4.0
2021-08-05 02:51:30,93.0,83.0,8.0,2.0
2021-08-05 02:51:31,78.0,67.0,4.0,7.0
2021-08-05 02:51:32,92.0,82.0,6.0,4.0
2021-08-05 02:51:33,85.0,78.0,3.0,4.0
2021-08-05 02:51:34,78.0,68.0,6.0,4.0
2021-08-05 02:51:35,88.0,84.0,2.0,2.0
2021-08-05 02:51:36,85.0,80.0,3.0,2.0
2021-08-05 02:51:37,94.0,84.0,7.0,3.0
2021-08-05 02:51:38,92.0,84.0,6.0,2.0
2021-08-05 02:51:39,71.0,67.0,1.0,3.0
2021-08-05 02:51:40,94.0,83.0,9.0,2.0
2021-08-05 02:51:41,89.0,81.0,7.0,1.0
2021-08-05 02:51:42,91.0,80.0,4.0,7.0
2021-08-05 02:51:43,73.0,66.0,5.0,2.0
2021-08-05 02:51:44,73.0,65.0,4.0,4.0
2021-08-05 02:51:45,96.0,87.0,6.0,3.0
2021-08-05 02:51:46,76.0,65.0,8.0,3.0
2021-08-05 02:51:47,88.0,72.0,11.0,5.0
2021-08-05 02:51:48,92.0,82.0,7.0,3.0
2021-08-05 02:51:49,96.0,84.0,9.0,3.0
2021-08-05 02:51:50,86.0,79.0,4.0,3.0
2021-08-05 02:51:51,81.0,69.0,9.0,3.0
2021-08-05 02:51:52,72.0,62.0,4.0,6.0
2021-08-05 02:51:53,88.0,78.0,5.0,5.0
2021-08-05 02:51:54,76.0,66.0,9.0,1.0
2021-08-05 02:51:55,91.0,80.0,4.0,7.0
2021-08-05 02:51:56,82.0,73.0,8.0,1.0
2021-08-05 02:51:57,88.0,79.0,3.0,6.0
2021-08-05 02:51:58,72.0,66.0,3.0,3.0
2021-08-05 02:51:59,96.0,84.0,8.0,4.0
2021-08-05 02:52:00,104.0,92.0,7.0,5.0
2021-08-05 02:52:01,89.0,76.0,5.0,8.0
2021-08-05 02:52:02,86.0,80.0,4.0,2.0
2021-08-05 02:52:03,100.0,94.0,3.0,3.0
2021-08-05 02:52:04,72.0,64.0,5.0,3.0
2021-08-05 02:52:05,85.0,80.0,4.0,1.0
2021-08-05 02:52:06,83.0,79.0,2.0,2.0
2021-08-05 02:52:07,88.0,77.0,7.0,4.0
2021-08-05 02:52:08,96.0,82.0,9.0,5.0
2021-08-05 02:52:09,91.0,83.0,6.0,2.0
2021-08-05 02:52:10,84.0,77.0,5.0,2.0
2021-08-05 02:52:11,94.0,85.0,4.0,5.0
2021-08-05 02:52:12,96.0,86.0,4.0,6.0
2021-08-05 02:52:13,99.0,85.0,6.0,8.0
2021-08-05 02:52:14,83.0,73.0,7.0,3.0
2021-08-05 02:52:15,84.0,70.0,9.0,5.0
2021-08-05 02:52:16,89.0,81.0,6.0,2.0
2021-08-05 02:52:17,85.0,76.0,6.0,3.0
2021-08-05 02:52:18,86.0,69.0,13.0,4.0
2021-08-05 02:52:19,88.0,75.0,8.0,5.0
2021-08-05 02:52:20,80.0,72.0,5.0,3.0
2021-08-05 02:52:21,84.0,72.0,8.0,4.0
2021-08-05 02:52:22,84.0,71.0,9.0,4.0
2021-08-05 02:52:23,86.0,78.0,6.0,2.0
2021-08-05 02:52:24,72.0,62.0,8.0,2.0
2021-08-05 02:52:25,98.0,83.0,9.0,6.0
2021-08-05 02:52:26,84.0,79.0,2.0,3.0
2021-08-05 02:52:27,90.0,81.0,7.0,2.0
2021-08-05 02:52:28,93.0,83.0,5.0,5.0
2021-08-05 02:52:29,97.0,85.0,6.0,6.0
2021-08-05 02:52:30,101.0,89.0,8.0,4.0
2021-08-05 02:52:31,93.0,81.0,7.0,5.0
2021-08-05 02:52:32,93.0,84.0,3.0,6.0
2021-08-05 02:52:33,98.0,90.0,4.0,4.0
2021-08-05 02:52:34,94.0,78.0,9.0,7.0
2021-08-05 02:52:35,94.0,85.0,5.0,4.0
2021-08-05 02:52:36,87.0,74.0,6.0,7.0
2021-08-05 02:52:37,91.0,79.0,8.0,4.0
2021-08-05 02:52:38,78.0,73.0,3.0,2.0
2021-08-05 02:52:39,103.0,89.0,9.0,5.0
2021-08-05 02:52:40,94.0,86.0,4.0,4.0
2021-08-05 02:52:41,96.0,88.0,5.0,3.0
2021-08-05 02:52:42,83.0,75.0,4.0,4.0
2021-08-05 02:52:43,96.0,89.0,4.0,3.0
2021-08-05 02:52:44,89.0,81.0,5.0,3.0
2021-08-05 02:52:45,91.0,85.0,4.0,2.0
2021-08-05 02:52:46,92.0,78.0,10.0,4.0
2021-08-05 02:52:47,92.0,78.0,9.0,5.0
2021-08-05 02:52:48,81.0,73.0,3.0,5.0
2021-08-05 02:52:49,98.0,82.0,9.0,7.0
2021-08-05 02:52:50,85.0,74.0,6.0,5.0
2021-08-05 02:52:51,76.0,68.0,4.0,4.0
2021-08-05 02:52:52,98.0,83.0,7.0,8.0
2021-08-05 02:52:53,86.0,78.0,6.0,2.0
2021-08-05 02:52:54,82.0,68.0,6.0,8.0
2021-08-05 02:52:55,81.0,67.0,7.0,7.0
2021-08-05 02:52:56,107.0,99.0,4.0,4.0
2021-08-05 02:52:57,115.0,96.0,12.0,7.0
2021-08-05 02:52:58,95.0,86.0,7.0,2.0
2021-08-05 02:52:59,85.0,79.0,3.0,3.0
2021-08-05 02:53:00,110.0,98.0,7.0,5.0
2021-08-05 02:53:01,96.0,86.0,7.0,3.0
2021-08-05 02:53:02,98.0,87.0,5.0,6.0
2021-08-05 02:53:03,98.0,84.0,8.0,6.0
2021-08-05 02:53:04,83.0,74.0,3.0,6.0
2021-08-05 02:53:05,89.0,75.0,9.0,5.0
2021-08-05 02:53:06,84.0,74.0,6.0,4.0
2021-08-05 02:53:07,115.0,99.0,10.0,6.0
2021-08-05 02:53:08,94.0,76.0,13.0,5.0
2021-08-05 02:53:09,89.0,77.0,3.0,9.0
2021-08-05 02:53:10,93.0,82.0,4.0,7.0
2021-08-05 02:53:11,74.0,65.0,3.0,6.0
2021-08-05 02:53:12,96.0,91.0,2.0,3.0
2021-08-05 02:53:13,78.0,70.0,7.0,1.0
2021-08-05 02:53:14,95.0,84.0,5.0,6.0
2021-08-05 02:53:15,85.0,77.0,6.0,2.0
2021-08-05 02:53:16,95.0,81.0,5.0,9.0
2021-08-05 02:53:17,91.0,80.0,9.0,2.0
2021-08-05 02:53:18,88.0,75.0,9.0,4.0
2021-08-05 02:53:19,96.0,85.0,7.0,4.0
2021-08-05 02:53:20,84.0,75.0,5.0,4.0
2021-08-05 02:53:21,98.0,85.0,8.0,5.0
2021-08-05 02:53:22,100.0,90.0,8.0,2.0
2021-08-05 02:53:23,88.0,76.0,10.0,2.0
2021-08-05 02:53:24,98.0,86.0,5.0,7.0
2021-08-05 02:53:25,89.0,70.0,11.0,8.0
2021-08-05 02:53:26,87.0,83.0,3.0,1.0
2021-08-05 02:53:27,97.0,83.0,9.0,5.0
2021-08-05 02:53:28,89.0,81.0,4.0,4.0
2021-08-05 02:53:29,92.0,80.0,9.0,3.0
2021-08-05 02:53:30,93.0,84.0,4.0,5.0
2021-08-05 02:53:31,83.0,63.0,13.0,7.0
2021-08-05 02:53:32,94.0,86.0,5.0,3.0
2021-08-05 02:53:33,88.0,77.0,10.0,1.0
2021-08-05 02:53:34,86.0,75.0,6.0,5.0
2021-08-05 02:53:35,80.0,74.0,5.0,1.0
2021-08-05 02:53:36,99.0,88.0,7.0,4.0
2021-08-05 02:53:37,81.0,74.0,5.0,2.0
2021-08-05 02:53:38,93.0,81.0,10.0,2.0
2021-08-05 02:53:39,83.0,80.0,3.0,0.0
2021-08-05 02:53:40,77.0,67.0,6.0,4.0
2021-08-05 02:53:41,86.0,73.0,8.0,5.0
2021-08-05 02:53:42,89.0,72.0,10.0,7.0
2021-08-05 02:53:43,91.0,78.0,9.0,4.0
2021-08-05 02:53:44,83.0,74.0,7.0,2.0
2021-08-05 02:53:45,95.0,87.0,4.0,4.0
2021-08-05 02:53:46,103.0,85.0,11.0,7.0
2021-08-05 02:53:47,88.0,81.0,5.0,2.0
2021-08-05 02:53:48,92.0,81.0,8.0,3.0
2021-08-05 02:53:49,91.0,82.0,5.0,4.0
2021-08-05 02:53:50,94.0,88.0,3.0,3.0
2021-08-05 02:53:51,90.0,78.0,7.0,5.0
2021-08-05 02:53:52,86.0,80.0,3.0,3.0
2021-08-05 02:53:53,97.0,89.0,6.0,2.0
2021-08-05 02:53:54,82.0,70.0,8.0,4.0
2021-08-05 02:53:55,89.0,79.0,6.0,4.0
2021-08-05 02:53:56,108.0,94.0,12.0,2.0
2021-08-05 02:53:57,88.0,74.0,8.0,6.0
2021-08-05 02:53:58,98.0,86.0,8.0,4.0
2021-08-05 02:53:59,88.0,76.0,5.0,7.0
2021-08-05 02:54:00,92.0,84.0,5.0,3.0
2021-08-05 02:54:01,89.0,85.0,3.0,1.0
2021-08-05 02:54:02,100.0,81.0,13.0,6.0
2021-08-05 02:54:03,88.0,78.0,5.0,5.0
2021-08-05 02:54:04,84.0,71.0,10.0,3.0
2021-08-05 02:54:05,121.0,105.0,12.0,4.0
2021-08-05 02:54:06,87.0,73.0,8.0,6.0
2021-08-05 02:54:07,88.0,81.0,4.0,3.0
2021-08-05 02:54:08,90.0,83.0,4.0,3.0
2021-08-05 02:54:09,112.0,99.0,8.0,5.0
2021-08-05 02:54:10,100.0,86.0,7.0,7.0
2021-08-05 02:54:11,88.0,75.0,8.0,5.0
2021-08-05 02:54:12,95.0,82.0,8.0,5.0
2021-08-05 02:54:13,110.0,91.0,10.0,9.0
2021-08-05 02:54:14,81.0,70.0,7.0,4.0
2021-08-05 02:54:15,73.0,63.0,5.0,5.0
2021-08-05 02:54:16,81.0,65.0,7.0,9.0
2021-08-05 02:54:17,104.0,89.0,6.0,9.0
2021-08-05 02:54:18,89.0,80.0,4.0,5.0
2021-08-05 02:54:19,83.0,77.0,4.0,2.0
2021-08-05 02:54:20,93.0,80.0,6.0,7.0
2021-08-05 02:54:21,79.0,72.0,6.0,1.0
2021-08-05 02:54:22,91.0,80.0,7.0,4.0
2021-08-05 02:54:23,104.0,91.0,10.0,3.0
2021-08-05 02:54:24,86.0,78.0,3.0,5.0
2021-08-05 02:54:25,76.0,71.0,1.0,4.0
2021-08-05 02:54:26,95.0,81.0,11.0,3.0
2021-08-05 02:54:27,94.0,85.0,7.0,2.0
2021-08-05 02:54:28,115.0,91.0,15.0,9.0
2021-08-05 02:54:29,81.0,72.0,5.0,4.0
2021-08-05 02:54:30,102.0,92.0,8.0,2.0
2021-08-05 02:54:31,92.0,73.0,14.0,5.0
2021-08-05 02:54:32,90.0,82.0,5.0,3.0
2021-08-05 02:54:33,101.0,91.0,5.0,5.0
2021-08-05 02:54:34,93.0,79.0,8.0,6.0
2021-08-05 02:54:35,86.0,77.0,8.0,1.0
2021-08-05 02:54:36,102.0,92.0,6.0,4.0
2021-08-05 02:54:37,108.0,96.0,7.0,5.0
2021-08-05 02:54:38,102.0,93.0,5.0,4.0
2021-08-05 02:54:39,99.0,88.0,8.0,3.0
2021-08-05 02:54:40,99.0,81.0,12.0,6.0
2021-08-05 02:54:41,100.0,87.0,8.0,5.0
2021-08-05 02:54:42,91.0,83.0,4.0,4.0
2021-08-05 02:54:43,78.0,74.0,3.0,1.0
2021-08-05 02:54:44,97.0,89.0,3.0,5.0
2021-08-05 02:54:45,105.0,96.0,5.0,4.0
2021-08-05 02:54:46,90.0,81.0,9.0,0.0
2021-08-05 02:54:47,99.0,92.0,4.0,3.0
2021-08-05 02:54:48,93.0,81.0,9.0,3.0
2021-08-05 02:54:49,97.0,87.0,7.0,3.0
2021-08-05 02:54:50,94.0,81.0,8.0,5.0
2021-08-05 02:54:51,97.0,82.0,9.0,6.0
2021-08-05 02:54:52,97.0,84.0,9.0,4.0
2021-08-05 02:54:53,86.0,74.0,8.0,4.0
2021-08-05 02:54:54,89.0,77.0,2.0,10.0
2021-08-05 02:54:55,100.0,86.0,9.0,5.0
2021-08-05 02:54:56,82.0,75.0,4.0,3.0
2021-08-05 02:54:57,98.0,88.0,4.0,6.0
2021-08-05 02:54:58,82.0,69.0,8.0,5.0
2021-08-05 02:54:59,89.0,80.0,8.0,1.0
2021-08-05 02:55:00,79.0,72.0,4.0,3.0
2021-08-05 02:55:01,101.0,82.0,11.0,8.0
2021-08-05 02:55:02,89.0,83.0,5.0,1.0
2021-08-05 02:55:03,91.0,82.0,4.0,5.0
2021-08-05 02:55:04,86.0,73.0,9.0,4.0
2021-08-05 02:55:05,87.0,77.0,6.0,4.0
2021-08-05 02:55:06,109.0,100.0,7.0,2.0
2021-08-05 02:55:07,103.0,86.0,10.0,7.0
2021-08-05 02:55:08,94.0,81.0,4.0,9.0
2021-08-05 02:55:09,98.0,89.0,6.0,3.0
2021-08-05 02:55:10,86.0,73.0,7.0,6.0
2021-08-05 02:55:11,98.0,85.0,8.0,5.0
2021-08-05 02:55:12,90.0,73.0,9.0,8.0
2021-08-05 02:55:13,89.0,81.0,6.0,2.0
2021-08-05 02:55:14,79.0,69.0,8.0,2.0
2021-08-05 02:55:15,107.0,99.0,6.0,2.0
2021-08-05 02:55:16,96.0,84.0,6.0,6.0
2021-08-05 02:55:17,92.0,84.0,4.0,4.0
2021-08-05 02:55:18,97.0,88.0,7.0,2.0
2021-08-05 02:55:19,84.0,79.0,3.0,2.0
2021-08-05 02:55:20,94.0,83.0,8.0,3.0
2021-08-05 02:55:21,81.0,67.0,8.0,6.0
2021-08-05 02:55:22,93.0,80.0,9.0,4.0
2021-08-05 02:55:23,110.0,98.0,8.0,4.0
2021-08-05 02:55:24,87.0,78.0,6.0,3.0
2021-08-05 02:55:25,94.0,82.0,9.0,3.0
2021-08-05 02:55:26,93.0,87.0,1.0,5.0
2021-08-05 02:55:27,87.0,75.0,8.0,4.0
2021-08-05 02:55:28,101.0,85.0,6.0,10.0
2021-08-05 02:55:29,104.0,88.0,10.0,6.0
2021-08-05 02:55:30,85.0,78.0,4.0,3.0
2021-08-05 02:55:31,105.0,95.0,7.0,3.0
2021-08-05 02:55:32,90.0,81.0,5.0,4.0
2021-08-05 02:55:33,92.0,82.0,1.0,9.0
2021-08-05 02:55:34,92.0,82.0,7.0,3.0
2021-08-05 02:55:35,93.0,79.0,8.0,6.0
2021-08-05 02:55:36,72.0,61.0,5.0,6.0
2021-08-05 02:55:37,80.0,67.0,10.0,3.0
2021-08-05 02:55:38,83.0,72.0,4.0,7.0
2021-08-05 02:55:39,85.0,81.0,0.0,4.0
2021-08-05 02:55:40,99.0,91.0,3.0,5.0
2021-08-05 02:55:41,74.0,67.0,6.0,1.0
2021-08-05 02:55:42,95.0,81.0,9.0,5.0
2021-08-05 02:55:43,83.0,74.0,4.0,5.0
2021-08-05 02:55:44,106.0,92.0,7.0,7.0
2021-08-05 02:55:45,74.0,68.0,3.0,3.0
2021-08-05 02:55:46,80.0,71.0,5.0,4.0
2021-08-05 02:55:47,95.0,83.0,8.0,4.0
2021-08-05 02:55:48,89.0,80.0,6.0,3.0
2021-08-05 02:55:49,91.0,80.0,8.0,3.0
2021-08-05 02:55:50,92.0,83.0,3.0,6.0
2021-08-05 02:55:51,85.0,72.0,10.0,3.0
2021-08-05 02:55:52,84.0,71.0,6.0,7.0
2021-08-05 02:55:53,84.0,75.0,6.0,3.0
2021-08-05 02:55:54,87.0,80.0,3.0,4.0
2021-08-05 02:55:55,88.0,75.0,10.0,3.0
2021-08-05 02:55:56,82.0,76.0,1.0,5.0
2021-08-05 02:55:57,101.0,88.0,10.0,3.0
2021-08-05 02:55:58,100.0,87.0,6.0,7.0
2021-08-05 02:55:59,84.0,72.0,7.0,5.0
2021-08-05 02:56:00,84.0,72.0,6.0,6.0
2021-08-05 02:56:01,91.0,83.0,3.0,5.0
2021-08-05 02:56:02,81.0,72.0,3.0,6.0
2021-08-05 02:56:03,87.0,76.0,7.0,4.0
2021-08-05 02:56:04,97.0,85.0,8.0,4.0
2021-08-05 02:56:05,90.0,80.0,7.0,3.0
2021-08-05 02:56:06,90.0,83.0,7.0,0.0
2021-08-05 02:56:07,96.0,89.0,3.0,4.0
2021-08-05 02:56:08,84.0,72.0,6.0,6.0
2021-08-05 02:56:09,99.0,86.0,5.0,8.0
2021-08-05 02:56:10,103.0,85.0,12.0,6.0
2021-08-05 02:56:11,68.0,57.0,9.0,2.0
2021-08-05 02:56:12,78.0,66.0,6.0,6.0
2021-08-05 02:56:13,97.0,84.0,9.0,4.0
2021-08-05 02:56:14,80.0,73.0,2.0,5.0
2021-08-05 02:56:15,87.0,79.0,4.0,4.0
2021-08-05 02:56:16,94.0,78.0,9.0,7.0
2021-08-05 02:56:17,88.0,72.0,12.0,4.0
2021-08-05 02:56:18,84.0,74.0,8.0,2.0
2021-08-05 02:56:19,85.0,74.0,8.0,3.0
2021-08-05 02:56:20,102.0,91.0,5.0,6.0
2021-08-05 02:56:21,89.0,77.0,9.0,3.0
2021-08-05 02:56:22,86.0,75.0,5.0,6.0
2021-08-05 02:56:23,84.0,70.0,8.0,6.0
2021-08-05 02:56:24,91.0,76.0,10.0,5.0
2021-08-05 02:56:25,98.0,87.0,8.0,3.0
2021-08-05 02:56:26,84.0,74.0,5.0,5.0
2021-08-05 02:56:27,90.0,79.0,9.0,2.0
2021-08-05 02:56:28,87.0,71.0,12.0,4.0
2021-08-05 02:56:29,77.0,63.0,8.0,6.0
2021-08-05 02:56:30,96.0,85.0,8.0,3.0
2021-08-05 02:56:31,87.0,75.0,5.0,7.0
2021-08-05 02:56:32,96.0,84.0,5.0,7.0
2021-08-05 02:56:33,74.0,66.0,4.0,4.0
2021-08-05 02:56:34,92.0,80.0,6.0,6.0
2021-08-05 02:56:35,84.0,76.0,5.0,3.0
2021-08-05 02:56:36,83.0,73.0,6.0,4.0
2021-08-05 02:56:37,85.0,72.0,4.0,9.0
2021-08-05 02:56:38,91.0,75.0,10.0,6.0
2021-08-05 02:56:39,105.0,88.0,7.0,10.0
2021-08-05 02:56:40,91.0,80.0,6.0,5.0
2021-08-05 02:56:41,86.0,77.0,4.0,5.0
2021-08-05 02:56:42,88.0,80.0,5.0,3.0
2021-08-05 02:56:43,93.0,87.0,3.0,3.0
2021-08-05 02:56:44,97.0,82.0,12.0,3.0
2021-08-05 02:56:45,95.0,90.0,2.0,3.0
2021-08-05 02:56:46,81.0,68.0,10.0,3.0
2021-08-05 02:56:47,99.0,86.0,9.0,4.0
2021-08-05 02:56:48,93.0,75.0,12.0,6.0
2021-08-05 02:56:49,104.0,93.0,6.0,5.0
2021-08-05 02:56:50,100.0,88.0,8.0,4.0
2021-08-05 02:56:51,86.0,76.0,5.0,5.0
2021-08-05 02:56:52,82.0,78.0,2.0,2.0
2021-08-05 02:56:53,81.0,74.0,4.0,3.0
2021-08-05 02:56:54,90.0,78.0,6.0,6.0
2021-08-05 02:56:55,101.0,86.0,8.0,7.0
2021-08-05 02:56:56,96.0,79.0,8.0,9.0
2021-08-05 02:56:57,89.0,84.0,2.0,3.0
2021-08-05 02:56:58,89.0,79.0,7.0,3.0
2021-08-05 02:56:59,89.0,82.0,4.0,3.0
2021-08-05 02:57:00,95.0,84.0,6.0,5.0
2021-08-05 02:57:01,103.0,88.0,8.0,7.0
2021-08-05 02:57:02,99.0,89.0,8.0,2.0
2021-08-05 02:57:03,83.0,72.0,4.0,7.0
2021-08-05 02:57:04,93.0,79.0,7.0,7.0
2021-08-05 02:57:05,99.0,85.0,10.0,4.0
2021-08-05 02:57:06,96.0,84.0,7.0,5.0
2021-08-05 02:57:07,85.0,75.0,6.0,4.0
2021-08-05 02:57:08,81.0,73.0,6.0,2.0
2021-08-05 02:57:09,92.0,75.0,10.0,7.0
2021-08-05 02:57:10,79.0,69.0,6.0,4.0
2021-08-05 02:57:11,101.0,87.0,8.0,6.0
2021-08-05 02:57:12,79.0,72.0,4.0,3.0
2021-08-05 02:57:13,95.0,88.0,3.0,4.0
2021-08-05 02:57:14,86.0,74.0,6.0,6.0
2021-08-05 02:57:15,96.0,77.0,16.0,3.0
2021-08-05 02:57:16,95.0,80.0,7.0,8.0
2021-08-05 02:57:17,95.0,83.0,8.0,4.0
2021-08-05 02:57:18,91.0,84.0,4.0,3.0
2021-08-05 02:57:19,83.0,72.0,7.0,4.0
2021-08-05 02:57:20,86.0,69.0,9.0,8.0
2021-08-05 02:57:21,82.0,72.0,7.0,3.0
2021-08-05 02:57:22,108.0,96.0,6.0,6.0
2021-08-05 02:57:23,91.0,82.0,5.0,4.0
2021-08-05 02:57:24,96.0,85.0,5.0,6.0
2021-08-05 02:57:25,80.0,68.0,9.0,3.0
2021-08-05 02:57:26,118.0,100.0,10.0,8.0
2021-08-05 02:57:27,90.0,79.0,5.0,6.0
2021-08-05 02:57:28,112.0,96.0,7.0,9.0
2021-08-05 02:57:29,91.0,83.0,5.0,3.0
2021-08-05 02:57:30,96.0,82.0,11.0,3.0
2021-08-05 02:57:31,85.0,72.0,7.0,6.0
2021-08-05 02:57:32,87.0,79.0,6.0,2.0
2021-08-05 02:57:33,83.0,77.0,5.0,1.0
2021-08-05 02:57:34,85.0,75.0,6.0,4.0
2021-08-05 02:57:35,79.0,71.0,4.0,4.0
2021-08-05 02:57:36,76.0,67.0,7.0,2.0
2021-08-05 02:57:37,93.0,85.0,7.0,1.0
2021-08-05 02:57:38,117.0,104.0,6.0,7.0
2021-08-05 02:57:39,88.0,78.0,9.0,1.0
2021-08-05 02:57:40,100.0,88.0,7.0,5.0
2021-08-05 02:57:41,84.0,76.0,7.0,1.0
2021-08-05 02:57:42,88.0,74.0,8.0,6.0
2021-08-05 02:57:43,95.0,86.0,6.0,3.0
2021-08-05 02:57:44,83.0,69.0,10.0,4.0
2021-08-05 02:57:45,102.0,94.0,6.0,2.0
2021-08-05 02:57:46,90.0,83.0,6.0,1.0
2021-08-05 02:57:47,84.0,75.0,6.0,3.0
2021-08-05 02:57:48,94.0,86.0,5.0,3.0
2021-08-05 02:57:49,98.0,90.0,5.0,3.0
2021-08-05 02:57:50,90.0,79.0,6.0,5.0
2021-08-05 02:57:51,89.0,85.0,1.0,3.0
2021-08-05 02:57:52,87.0,79.0,6.0,2.0
2021-08-05 02:57:53,90.0,80.0,4.0,6.0
2021-08-05 02:57:54,99.0,89.0,6.0,4.0
2021-08-05 02:57:55,103.0,91.0,5.0,7.0
2021-08-05 02:57:56,86.0,73.0,9.0,4.0
2021-08-05 02:57:57,111.0,99.0,6.0,6.0
2021-08-05 02:57:58,105.0,94.0,7.0,4.0
2021-08-05 02:57:59,89.0,79.0,6.0,4.0
2021-08-05 02:58:00,88.0,81.0,6.0,1.0
2021-08-05 02:58:01,79.0,70.0,7.0,2.0
2021-08-05 02:58:02,91.0,83.0,4.0,4.0
2021-08-05 02:58:03,93.0,82.0,8.0,3.0
2021-08-05 02:58:04,96.0,84.0,7.0,5.0
2021-08-05 02:58:05,91.0,75.0,8.0,8.0
2021-08-05 02:58:06,91.0,79.0,10.0,2.0
2021-08-05 02:58:07,107.0,93.0,7.0,7.0
2021-08-05 02:58:08,76.0,71.0,1.0,4.0
2021-08-05 02:58:09,106.0,90.0,11.0,5.0
2021-08-05 02:58:10,95.0,86.0,7.0,2.0
2021-08-05 02:58:11,110.0,97.0,7.0,6.0
2021-08-05 02:58:12,95.0,83.0,7.0,5.0
2021-08-05 02:58:13,78.0,68.0,6.0,4.0
2021-08-05 02:58:14,104.0,92.0,8.0,4.0
2021-08-05 02:58:15,80.0,70.0,5.0,5.0
2021-08-05 02:58:16,95.0,85.0,7.0,3.0
2021-08-05 02:58:17,93.0,86.0,5.0,2.0
2021-08-05 02:58:18,115.0,98.0,10.0,7.0
2021-08-05 02:58:19,87.0,82.0,3.0,2.0
2021-08-05 02:58:20,91.0,86.0,4.0,1.0
2021-08-05 02:58:21,78.0,68.0,4.0,6.0
2021-08-05 02:58:22,100.0,86.0,8.0,6.0
2021-08-05 02:58:23,98.0,83.0,11.0,4.0
2021-08-05 02:58:24,116.0,102.0,8.0,6.0
2021-08-05 02:58:25,91.0,84.0,5.0,2.0
2021-08-05 02:58:26,94.0,83.0,6.0,5.0
2021-08-05 02:58:27,75.0,64.0,7.0,4.0
2021-08-05 02:58:28,115.0,97.0,12.0,6.0
2021-08-05 02:58:29,88.0,79.0,6.0,3.0
2021-08-05 02:58:30,87.0,79.0,5.0,3.0
2021-08-05 02:58:31,74.0,58.0,11.0,5.0
2021-08-05 02:58:32,79.0,72.0,4.0,3.0
2021-08-05 02:58:33,79.0,65.0,10.0,4.0
2021-08-05 02:58:34,124.0,105.0,12.0,7.0
2021-08-05 02:58:35,82.0,74.0,5.0,3.0
2021-08-05 02:58:36,91.0,74.0,8.0,9.0
2021-08-05 02:58:37,85.0,80.0,3.0,2.0
2021-08-05 02:58:38,84.0,79.0,0.0,5.0
2021-08-05 02:58:39,102.0,91.0,4.0,7.0
2021-08-05 02:58:40,103.0,89.0,7.0,7.0
2021-08-05 02:58:41,86.0,75.0,8.0,3.0
2021-08-05 02:58:42,98.0,88.0,8.0,2.0
2021-08-05 02:58:43,96.0,83.0,9.0,4.0
2021-08-05 02:58:44,91.0,82.0,3.0,6.0
2021-08-05 02:58:45,60.0,50.0,7.0,3.0
2021-08-05 02:58:46,99.0,91.0,6.0,2.0
2021-08-05 02:58:47,77.0,67.0,6.0,4.0
2021-08-05 02:58:48,93.0,79.0,5.0,9.0
2021-08-05 02:58:49,79.0,74.0,4.0,1.0
2021-08-05 02:58:50,85.0,74.0,4.0,7.0
2021-08-05 02:58:51,97.0,84.0,5.0,8.0
2021-08-05 02:58:52,91.0,80.0,7.0,4.0
2021-08-05 02:58:53,96.0,80.0,7.0,9.0
2021-08-05 02:58:54,104.0,92.0,8.0,4.0
2021-08-05 02:58:55,102.0,93.0,7.0,2.0
2021-08-05 02:58:56,111.0,98.0,9.0,4.0
2021-08-05 02:58:57,106.0,91.0,9.0,6.0
2021-08-05 02:58:58,78.0,74.0,2.0,2.0
2021-08-05 02:58:59,84.0,77.0,4.0,3.0
2021-08-05 02:59:00,69.0,61.0,7.0,1.0
2021-08-05 02:59:01,97.0,82.0,7.0,8.0
2021-08-05 02:59:02,91.0,79.0,7.0,5.0
2021-08-05 02:59:03,96.0,86.0,5.0,5.0
2021-08-05 02:59:04,93.0,86.0,3.0,4.0
2021-08-05 02:59:05,101.0,91.0,5.0,5.0
2021-08-05 02:59:06,92.0,84.0,7.0,1.0
2021-08-05 02:59:07,88.0,79.0,6.0,3.0
2021-08-05 02:59:08,106.0,94.0,7.0,5.0
2021-08-05 02:59:09,90.0,82.0,4.0,4.0
2021-08-05 02:59:10,86.0,71.0,9.0,6.0
2021-08-05 02:59:11,89.0,79.0,7.0,3.0
2021-08-05 02:59:12,99.0,91.0,5.0,3.0
2021-08-05 02:59:13,104.0,91.0,10.0,3.0
2021-08-05 02:59:14,86.0,76.0,9.0,1.0
2021-08-05 02:59:15,87.0,84.0,2.0,1.0
2021-08-05 02:59:16,83.0,72.0,8.0,3.0
2021-08-05 02:59:17,88.0,78.0,5.0,5.0
2021-08-05 02:59:18,121.0,108.0,6.0,7.0
2021-08-05 02:59:19,97.0,92.0,1.0,4.0
2021-08-05 02:59:20,96.0,86.0,5.0,5.0
2021-08-05 02:59:21,86.0,75.0,6.0,5.0
2021-08-05 02:59:22,85.0,79.0,3.0,3.0
2021-08-05 02:59:23,86.0,77.0,4.0,5.0
2021-08-05 02:59:24,80.0,70.0,5.0,5.0
2021-08-05 02:59:25,90.0,81.0,8.0,1.0
2021-08-05 02:59:26,101.0,84.0,14.0,3.0
2021-08-05 02:59:27,78.0,71.0,2.0,5.0
2021-08-05 02:59:28,90.0,81.0,5.0,4.0
2021-08-05 02:59:29,70.0,60.0,6.0,4.0
2021-08-05 02:59:30,103.0,87.0,11.0,5.0
2021-08-05 02:59:31,95.0,81.0,6.0,8.0
2021-08-05 02:59:32,109.0,95.0,10.0,4.0
2021-08-05 02:59:33,89.0,79.0,7.0,3.0
2021-08-05 02:59:34,82.0,78.0,2.0,2.0
2021-08-05 02:59:35,98.0,91.0,5.0,2.0
2021-08-05 02:59:36,103.0,85.0,9.0,9.0
2021-08-05 02:59:37,108.0,97.0,5.0,6.0
2021-08-05 02:59:38,86.0,74.0,9.0,3.0
2021-08-05 02:59:39,100.0,89.0,7.0,4.0
2021-08-05 02:59:40,88.0,80.0,3.0,5.0
2021-08-05 02:59:41,84.0,73.0,8.0,3.0
2021-08-05 02:59:42,95.0,84.0,8.0,3.0
2021-08-05 02:59:43,77.0,66.0,5.0,6.0
2021-08-05 02:59:44,88.0,75.0,7.0,6.0
2021-08-05 02:59:45,77.0,69.0,5.0,3.0
2021-08-05 02:59:46,79.0,72.0,3.0,4.0
2021-08-05 02:59:47,93.0,74.0,14.0,5.0
2021-08-05 02:59:48,83.0,74.0,5.0,4.0
2021-08-05 02:59:49,114.0,108.0,5.0,1.0
2021-08-05 02:59:50,77.0,65.0,7.0,5.0
2021-08-05 02:59:51,96.0,84.0,5.0,7.0
2021-08-05 02:59:52,89.0,82.0,5.0,2.0
2021-08-05 02:59:53,84.0,74.0,7.0,3.0
2021-08-05 02:59:54,85.0,76.0,6.0,3.0
2021-08-05 02:59:55,105.0,95.0,3.0,7.0
2021-08-05 02:59:56,90.0,80.0,6.0,4.0
2021-08-05 02:59:57,80.0,68.0,6.0,6.0
2021-08-05 02:59:58,101.0,93.0,6.0,2.0
2021-08-05 02:59:59,94.0,82.0,11.0,1.0
2021-08-05 03:00:00,92.0,76.0,11.0,5.0
2021-08-05 03:00:01,95.0,84.0,6.0,5.0
2021-08-05 03:00:02,82.0,73.0,7.0,2.0
2021-08-05 03:00:03,87.0,83.0,3.0,1.0
2021-08-05 03:00:04,96.0,86.0,6.0,4.0
2021-08-05 03:00:05,98.0,84.0,7.0,7.0
2021-08-05 03:00:06,79.0,65.0,7.0,7.0
2021-08-05 03:00:07,87.0,75.0,4.0,8.0
2021-08-05 03:00:08,98.0,87.0,7.0,4.0
2021-08-05 03:00:09,77.0,69.0,6.0,2.0
2021-08-05 03:00:10,91.0,85.0,5.0,1.0
2021-08-05 03:00:11,100.0,88.0,6.0,6.0
2021-08-05 03:00:12,90.0,80.0,5.0,5.0
2021-08-05 03:00:13,107.0,99.0,3.0,5.0
2021-08-05 03:00:14,86.0,76.0,9.0,1.0
2021-08-05 03:00:15,87.0,74.0,9.0,4.0
2021-08-05 03:00:16,77.0,69.0,1.0,7.0
2021-08-05 03:00:17,93.0,78.0,11.0,4.0
2021-08-05 03:00:18,81.0,68.0,7.0,6.0
2021-08-05 03:00:19,96.0,87.0,7.0,2.0
2021-08-05 03:00:20,115.0,104.0,6.0,5.0
2021-08-05 03:00:21,104.0,92.0,7.0,5.0
2021-08-05 03:00:22,99.0,84.0,11.0,4.0
2021-08-05 03:00:23,81.0,74.0,4.0,3.0
2021-08-05 03:00:24,71.0,62.0,6.0,3.0
2021-08-05 03:00:25,93.0,75.0,10.0,8.0
2021-08-05 03:00:26,87.0,75.0,10.0,2.0
2021-08-05 03:00:27,95.0,84.0,8.0,3.0
2021-08-05 03:00:28,106.0,97.0,5.0,4.0
2021-08-05 03:00:29,96.0,81.0,7.0,8.0
2021-08-05 03:00:30,101.0,89.0,8.0,4.0
2021-08-05 03:00:31,79.0,70.0,7.0,2.0
2021-08-05 03:00:32,89.0,77.0,6.0,6.0
2021-08-05 03:00:33,87.0,82.0,3.0,2.0
2021-08-05 03:00:34,97.0,89.0,6.0,2.0
2021-08-05 03:00:35,107.0,93.0,8.0,6.0
2021-08-05 03:00:36,95.0,82.0,8.0,5.0
2021-08-05 03:00:37,89.0,80.0,7.0,2.0
2021-08-05 03:00:38,107.0,94.0,8.0,5.0
2021-08-05 03:00:39,95.0,76.0,9.0,10.0
2021-08-05 03:00:40,105.0,97.0,6.0,2.0
2021-08-05 03:00:41,91.0,85.0,3.0,3.0
2021-08-05 03:00:42,97.0,85.0,8.0,4.0
2021-08-05 03:00:43,94.0,85.0,6.0,3.0
2021-08-05 03:00:44,80.0,70.0,6.0,4.0
2021-08-05 03:00:45,75.0,67.0,4.0,4.0
2021-08-05 03:00:46,88.0,78.0,6.0,4.0
2021-08-05 03:00:47,82.0,72.0,4.0,6.0
2021-08-05 03:00:48,90.0,81.0,7.0,2.0
2021-08-05 03:00:49,95.0,85.0,7.0,3.0
2021-08-05 03:00:50,75.0,66.0,7.0,2.0
2021-08-05 03:00:51,85.0,72.0,4.0,9.0
2021-08-05 03:00:52,92.0,82.0,6.0,4.0
2021-08-05 03:00:53,87.0,79.0,3.0,5.0
2021-08-05 03:00:54,88.0,77.0,9.0,2.0
2021-08-05 03:00:55,87.0,69.0,15.0,3.0
2021-08-05 03:00:56,85.0,80.0,4.0,1.0
2021-08-05 03:00:57,95.0,81.0,8.0,6.0
2021-08-05 03:00:58,81.0,68.0,9.0,4.0
2021-08-05 03:00:59,82.0,69.0,7.0,6.0
2021-08-05 03:01:00,99.0,88.0,6.0,5.0
2021-08-05 03:01:01,84.0,77.0,4.0,3.0
2021-08-05 03:01:02,92.0,83.0,3.0,6.0
2021-08-05 03:01:03,85.0,75.0,6.0,4.0
2021-08-05 03:01:04,80.0,66.0,9.0,5.0
2021-08-05 03:01:05,79.0,68.0,4.0,7.0
2021-08-05 03:01:06,91.0,83.0,6.0,2.0
2021-08-05 03:01:07,85.0,78.0,5.0,2.0
2021-08-05 03:01:08,90.0,83.0,4.0,3.0
2021-08-05 03:01:09,86.0,75.0,6.0,5.0
2021-08-05 03:01:10,93.0,83.0,4.0,6.0
2021-08-05 03:01:11,94.0,83.0,8.0,3.0
2021-08-05 03:01:12,110.0,99.0,6.0,5.0
2021-08-05 03:01:13,85.0,77.0,6.0,2.0
2021-08-05 03:01:14,83.0,74.0,6.0,3.0
2021-08-05 03:01:15,93.0,81.0,7.0,5.0
2021-08-05 03:01:16,90.0,81.0,7.0,2.0
2021-08-05 03:01:17,75.0,67.0,5.0,3.0
2021-08-05 03:01:18,95.0,86.0,6.0,3.0
2021-08-05 03:01:19,88.0,81.0,5.0,2.0
2021-08-05 03:01:20,86.0,80.0,2.0,4.0
2021-08-05 03:01:21,91.0,87.0,2.0,2.0
2021-08-05 03:01:22,89.0,81.0,5.0,3.0
2021-08-05 03:01:23,87.0,78.0,2.0,7.0
2021-08-05 03:01:24,100.0,87.0,9.0,4.0
2021-08-05 03:01:25,91.0,78.0,7.0,6.0
2021-08-05 03:01:26,106.0,91.0,9.0,6.0
2021-08-05 03:01:27,91.0,78.0,5.0,8.0
2021-08-05 03:01:28,97.0,86.0,5.0,6.0
2021-08-05 03:01:29,86.0,80.0,2.0,4.0
2021-08-05 03:01:30,81.0,76.0,2.0,3.0
2021-08-05 03:01:31,82.0,69.0,8.0,5.0
2021-08-05 03:01:32,95.0,80.0,9.0,6.0
2021-08-05 03:01:33,99.0,88.0,7.0,4.0
2021-08-05 03:01:34,89.0,79.0,7.0,3.0
2021-08-05 03:01:35,103.0,83.0,10.0,10.0
2021-08-05 03:01:36,86.0,76.0,5.0,5.0
2021-08-05 03:01:37,94.0,85.0,4.0,5.0
2021-08-05 03:01:38,101.0,92.0,7.0,2.0
2021-08-05 03:01:39,93.0,81.0,7.0,5.0
2021-08-05 03:01:40,88.0,73.0,7.0,8.0
2021-08-05 03:01:41,96.0,78.0,11.0,7.0
2021-08-05 03:01:42,93.0,84.0,4.0,5.0
2021-08-05 03:01:43,89.0,78.0,5.0,6.0
2021-08-05 03:01:44,98.0,86.0,5.0,7.0
2021-08-05 03:01:45,92.0,82.0,6.0,4.0
2021-08-05 03:01:46,71.0,61.0,6.0,4.0
2021-08-05 03:01:47,84.0,68.0,10.0,6.0
2021-08-05 03:01:48,97.0,87.0,6.0,4.0
2021-08-05 03:01:49,95.0,85.0,8.0,2.0
2021-08-05 03:01:50,98.0,90.0,5.0,3.0
2021-08-05 03:01:51,101.0,91.0,6.0,4.0
2021-08-05 03:01:52,92.0,86.0,5.0,1.0
2021-08-05 03:01:53,85.0,75.0,6.0,4.0
2021-08-05 03:01:54,88.0,78.0,5.0,5.0
2021-08-05 03:01:55,90.0,83.0,3.0,4.0
2021-08-05 03:01:56,89.0,76.0,7.0,6.0
2021-08-05 03:01:57,85.0,72.0,6.0,7.0
2021-08-05 03:01:58,101.0,86.0,11.0,4.0
2021-08-05 03:01:59,90.0,80.0,2.0,8.0
2021-08-05 03:02:00,98.0,92.0,3.0,3.0
2021-08-05 03:02:01,81.0,75.0,2.0,4.0
2021-08-05 03:02:02,100.0,90.0,6.0,4.0
2021-08-05 03:02:03,69.0,65.0,3.0,1.0
2021-08-05 03:02:04,95.0,83.0,6.0,6.0
2021-08-05 03:02:05,85.0,78.0,4.0,3.0
2021-08-05 03:02:06,70.0,62.0,6.0,2.0
2021-08-05 03:02:07,100.0,89.0,5.0,6.0
2021-08-05 03:02:08,79.0,71.0,3.0,5.0
2021-08-05 03:02:09,86.0,75.0,10.0,1.0
2021-08-05 03:02:10,96.0,85.0,7.0,4.0
2021-08-05 03:02:11,89.0,83.0,5.0,1.0
2021-08-05 03:02:12,81.0,74.0,5.0,2.0
2021-08-05 03:02:13,86.0,66.0,12.0,8.0
2021-08-05 03:02:14,89.0,81.0,2.0,6.0
2021-08-05 03:02:15,101.0,92.0,6.0,3.0
2021-08-05 03:02:16,84.0,70.0,7.0,7.0
2021-08-05 03:02:17,88.0,82.0,4.0,2.0
2021-08-05 03:02:18,99.0,88.0,6.0,5.0
2021-08-05 03:02:19,92.0,82.0,5.0,5.0
2021-08-05 03:02:20,97.0,86.0,7.0,4.0
2021-08-05 03:02:21,99.0,84.0,7.0,8.0
2021-08-05 03:02:22,112.0,98.0,11.0,3.0
2021-08-05 03:02:23,83.0,74.0,5.0,4.0
2021-08-05 03:02:24,92.0,83.0,3.0,6.0
2021-08-05 03:02:25,99.0,86.0,5.0,8.0
2021-08-05 03:02:26,94.0,87.0,5.0,2.0
2021-08-05 03:02:27,102.0,93.0,5.0,4.0
2021-08-05 03:02:28,93.0,81.0,5.0,7.0
2021-08-05 03:02:29,101.0,86.0,7.0,8.0
2021-08-05 03:02:30,81.0,69.0,4.0,8.0
2021-08-05 03:02:31,80.0,73.0,4.0,3.0
2021-08-05 03:02:32,111.0,100.0,4.0,7.0
2021-08-05 03:02:33,81.0,73.0,6.0,2.0
2021-08-05 03:02:34,85.0,72.0,7.0,6.0
2021-08-05 03:02:35,97.0,89.0,5.0,3.0
2021-08-05 03:02:36,113.0,98.0,10.0,5.0
2021-08-05 03:02:37,87.0,78.0,5.0,4.0
2021-08-05 03:02:38,105.0,87.0,13.0,5.0
2021-08-05 03:02:39,98.0,88.0,7.0,3.0
2021-08-05 03:02:40,87.0,77.0,6.0,4.0
2021-08-05 03:02:41,91.0,78.0,7.0,6.0
2021-08-05 03:02:42,87.0,81.0,5.0,1.0
2021-08-05 03:02:43,100.0,85.0,9.0,6.0
2021-08-05 03:02:44,93.0,84.0,6.0,3.0
2021-08-05 03:02:45,105.0,91.0,8.0,6.0
2021-08-05 03:02:46,89.0,77.0,6.0,6.0
2021-08-05 03:02:47,116.0,102.0,9.0,5.0
2021-08-05 03:02:48,104.0,93.0,10.0,1.0
2021-08-05 03:02:49,97.0,90.0,6.0,1.0
2021-08-05 03:02:50,93.0,86.0,4.0,3.0
2021-08-05 03:02:51,84.0,73.0,4.0,7.0
2021-08-05 03:02:52,104.0,98.0,5.0,1.0
2021-08-05 03:02:53,80.0,68.0,7.0,5.0
2021-08-05 03:02:54,83.0,69.0,9.0,5.0
2021-08-05 03:02:55,98.0,91.0,4.0,3.0
2021-08-05 03:02:56,99.0,91.0,3.0,5.0
2021-08-05 03:02:57,86.0,72.0,8.0,6.0
2021-08-05 03:02:58,91.0,81.0,6.0,4.0
2021-08-05 03:02:59,89.0,80.0,7.0,2.0
2021-08-05 03:03:00,90.0,84.0,5.0,1.0
2021-08-05 03:03:01,91.0,80.0,8.0,3.0
2021-08-05 03:03:02,96.0,82.0,6.0,8.0
2021-08-05 03:03:03,80.0,73.0,4.0,3.0
2021-08-05 03:03:04,92.0,79.0,6.0,7.0
2021-08-05 03:03:05,106.0,95.0,5.0,6.0
2021-08-05 03:03:06,98.0,85.0,9.0,4.0
2021-08-05 03:03:07,59.0,54.0,3.0,2.0
2021-08-05 03:03:08,81.0,73.0,5.0,3.0
2021-08-05 03:03:09,71.0,62.0,8.0,1.0
2021-08-05 03:03:10,90.0,80.0,6.0,4.0
2021-08-05 03:03:11,135.0,120.0,9.0,6.0
2021-08-05 03:03:12,78.0,72.0,5.0,1.0
2021-08-05 03:03:13,92.0,76.0,10.0,6.0
2021-08-05 03:03:14,82.0,72.0,5.0,5.0
2021-08-05 03:03:15,72.0,67.0,2.0,3.0
2021-08-05 03:03:16,82.0,72.0,7.0,3.0
2021-08-05 03:03:17,100.0,86.0,8.0,6.0
2021-08-05 03:03:18,96.0,82.0,6.0,8.0
2021-08-05 03:03:19,95.0,89.0,3.0,3.0
2021-08-05 03:03:20,89.0,79.0,6.0,4.0
2021-08-05 03:03:21,81.0,70.0,8.0,3.0
2021-08-05 03:03:22,99.0,90.0,7.0,2.0
2021-08-05 03:03:23,81.0,71.0,6.0,4.0
2021-08-05 03:03:24,92.0,76.0,8.0,8.0
2021-08-05 03:03:25,101.0,85.0,5.0,11.0
2021-08-05 03:03:26,103.0,96.0,3.0,4.0
2021-08-05 03:03:27,92.0,76.0,8.0,8.0
2021-08-05 03:03:28,79.0,66.0,9.0,4.0
2021-08-05 03:03:29,87.0,74.0,9.0,4.0
2021-08-05 03:03:30,87.0,69.0,14.0,4.0
2021-08-05 03:03:31,90.0,83.0,4.0,3.0
2021-08-05 03:03:32,102.0,91.0,4.0,7.0
2021-08-05 03:03:33,78.0,71.0,6.0,1.0
2021-08-05 03:03:34,93.0,87.0,2.0,4.0
2021-08-05 03:03:35,83.0,72.0,5.0,6.0
2021-08-05 03:03:36,109.0,96.0,7.0,6.0
2021-08-05 03:03:37,84.0,71.0,6.0,7.0
2021-08-05 03:03:38,84.0,79.0,1.0,4.0
2021-08-05 03:03:39,102.0,89.0,8.0,5.0
2021-08-05 03:03:40,88.0,78.0,6.0,4.0
2021-08-05 03:03:41,76.0,67.0,6.0,3.0
2021-08-05 03:03:42,93.0,82.0,7.0,4.0
2021-08-05 03:03:43,88.0,75.0,6.0,7.0
2021-08-05 03:03:44,119.0,105.0,11.0,3.0
2021-08-05 03:03:45,80.0,72.0,3.0,5.0
2021-08-05 03:03:46,99.0,88.0,7.0,4.0
2021-08-05 03:03:47,101.0,88.0,7.0,6.0
2021-08-05 03:03:48,88.0,75.0,7.0,6.0
2021-08-05 03:03:49,97.0,85.0,6.0,6.0
2021-08-05 03:03:50,90.0,83.0,5.0,2.0
2021-08-05 03:03:51,99.0,90.0,6.0,3.0
2021-08-05 03:03:52,102.0,87.0,10.0,5.0
2021-08-05 03:03:53,93.0,81.0,5.0,7.0
2021-08-05 03:03:54,101.0,94.0,4.0,3.0
2021-08-05 03:03:55,88.0,74.0,9.0,5.0
2021-08-05 03:03:56,94.0,87.0,4.0,3.0
2021-08-05 03:03:57,107.0,95.0,10.0,2.0
2021-08-05 03:03:58,95.0,85.0,5.0,5.0
2021-08-05 03:03:59,90.0,78.0,5.0,7.0
2021-08-05 03:04:00,106.0,97.0,4.0,5.0
2021-08-05 03:04:01,65.0,62.0,2.0,1.0
2021-08-05 03:04:02,77.0,66.0,7.0,4.0
2021-08-05 03:04:03,90.0,76.0,11.0,3.0
2021-08-05 03:04:04,81.0,70.0,5.0,6.0
2021-08-05 03:04:05,85.0,71.0,7.0,7.0
2021-08-05 03:04:06,93.0,84.0,3.0,6.0
2021-08-05 03:04:07,89.0,77.0,8.0,4.0
2021-08-05 03:04:08,103.0,91.0,6.0,6.0
2021-08-05 03:04:09,76.0,65.0,7.0,4.0
2021-08-05 03:04:10,101.0,94.0,6.0,1.0
2021-08-05 03:04:11,104.0,88.0,7.0,9.0
2021-08-05 03:04:12,87.0,68.0,9.0,10.0
2021-08-05 03:04:13,88.0,78.0,4.0,6.0
2021-08-05 03:04:14,95.0,82.0,9.0,4.0
2021-08-05 03:04:15,98.0,83.0,11.0,4.0
2021-08-05 03:04:16,72.0,68.0,2.0,2.0
2021-08-05 03:04:17,99.0,90.0,7.0,2.0
2021-08-05 03:04:18,93.0,80.0,8.0,5.0
2021-08-05 03:04:19,89.0,78.0,6.0,5.0
2021-08-05 03:04:20,104.0,91.0,5.0,8.0
2021-08-05 03:04:21,84.0,75.0,7.0,2.0
2021-08-05 03:04:22,102.0,93.0,8.0,1.0
2021-08-05 03:04:23,93.0,77.0,7.0,9.0
2021-08-05 03:04:24,109.0,95.0,6.0,8.0
2021-08-05 03:04:25,85.0,73.0,9.0,3.0
2021-08-05 03:04:26,86.0,75.0,3.0,8.0
2021-08-05 03:04:27,77.0,71.0,4.0,2.0
2021-08-05 03:04:28,100.0,83.0,9.0,8.0
2021-08-05 03:04:29,70.0,61.0,3.0,6.0
2021-08-05 03:04:30,102.0,91.0,6.0,5.0
2021-08-05 03:04:31,98.0,85.0,7.0,6.0
2021-08-05 03:04:32,95.0,85.0,7.0,3.0
2021-08-05 03:04:33,90.0,77.0,7.0,6.0
2021-08-05 03:04:34,104.0,92.0,3.0,9.0
2021-08-05 03:04:35,95.0,88.0,3.0,4.0
2021-08-05 03:04:36,113.0,102.0,5.0,6.0
2021-08-05 03:04:37,119.0,107.0,10.0,2.0
2021-08-05 03:04:38,92.0,87.0,2.0,3.0
2021-08-05 03:04:39,94.0,82.0,7.0,5.0
2021-08-05 03:04:40,98.0,90.0,2.0,6.0
2021-08-05 03:04:41,96.0,87.0,6.0,3.0
2021-08-05 03:04:42,82.0,72.0,5.0,5.0
2021-08-05 03:04:43,108.0,98.0,6.0,4.0
2021-08-05 03:04:44,103.0,87.0,12.0,4.0
2021-08-05 03:04:45,105.0,95.0,7.0,3.0
2021-08-05 03:04:46,84.0,74.0,6.0,4.0
2021-08-05 03:04:47,82.0,72.0,8.0,2.0
2021-08-05 03:04:48,80.0,71.0,6.0,3.0
2021-08-05 03:04:49,105.0,93.0,7.0,5.0
2021-08-05 03:04:50,78.0,64.0,8.0,6.0
2021-08-05 03:04:51,92.0,83.0,4.0,5.0
2021-08-05 03:04:52,94.0,85.0,8.0,1.0
2021-08-05 03:04:53,94.0,81.0,10.0,3.0
2021-08-05 03:04:54,84.0,72.0,11.0,1.0
2021-08-05 03:04:55,97.0,83.0,8.0,6.0
2021-08-05 03:04:56,90.0,80.0,7.0,3.0
2021-08-05 03:04:57,88.0,76.0,8.0,4.0
2021-08-05 03:04:58,108.0,94.0,9.0,5.0
2021-08-05 03:04:59,74.0,62.0,11.0,1.0
2021-08-05 03:05:00,93.0,82.0,9.0,2.0
2021-08-05 03:05:01,96.0,83.0,9.0,4.0
2021-08-05 03:05:02,96.0,85.0,8.0,3.0
2021-08-05 03:05:03,93.0,81.0,7.0,5.0
2021-08-05 03:05:04,95.0,87.0,3.0,5.0
2021-08-05 03:05:05,81.0,69.0,2.0,10.0
2021-08-05 03:05:06,83.0,71.0,5.0,7.0
2021-08-05 03:05:07,113.0,98.0,10.0,5.0
2021-08-05 03:05:08,111.0,95.0,9.0,7.0
2021-08-05 03:05:09,92.0,83.0,4.0,5.0
2021-08-05 03:05:10,76.0,67.0,6.0,3.0
2021-08-05 03:05:11,107.0,92.0,9.0,6.0
2021-08-05 03:05:12,80.0,66.0,5.0,9.0
2021-08-05 03:05:13,98.0,90.0,6.0,2.0
2021-08-05 03:05:14,98.0,87.0,8.0,3.0
2021-08-05 03:05:15,76.0,65.0,5.0,6.0
2021-08-05 03:05:16,96.0,85.0,9.0,2.0
2021-08-05 03:05:17,109.0,97.0,9.0,3.0
2021-08-05 03:05:18,86.0,75.0,7.0,4.0
2021-08-05 03:05:19,92.0,78.0,7.0,7.0
2021-08-05 03:05:20,82.0,73.0,6.0,3.0
2021-08-05 03:05:21,106.0,93.0,9.0,4.0
2021-08-05 03:05:22,78.0,70.0,4.0,4.0
2021-08-05 03:05:23,125.0,113.0,3.0,9.0
2021-08-05 03:05:24,90.0,81.0,7.0,2.0
2021-08-05 03:05:25,76.0,66.0,8.0,2.0
2021-08-05 03:05:26,87.0,81.0,2.0,4.0
2021-08-05 03:05:27,89.0,79.0,6.0,4.0
2021-08-05 03:05:28,86.0,79.0,4.0,3.0
2021-08-05 03:05:29,102.0,92.0,4.0,6.0
2021-08-05 03:05:30,91.0,79.0,7.0,5.0
2021-08-05 03:05:31,80.0,76.0,2.0,2.0
2021-08-05 03:05:32,83.0,73.0,7.0,3.0
2021-08-05 03:05:33,86.0,79.0,3.0,4.0
2021-08-05 03:05:34,95.0,82.0,10.0,3.0
2021-08-05 03:05:35,103.0,95.0,7.0,1.0
2021-08-05 03:05:36,76.0,69.0,5.0,2.0
2021-08-05 03:05:37,93.0,85.0,6.0,2.0
2021-08-05 03:05:38,75.0,66.0,4.0,5.0
2021-08-05 03:05:39,77.0,64.0,9.0,4.0
2021-08-05 03:05:40,81.0,69.0,10.0,2.0
2021-08-05 03:05:41,93.0,81.0,6.0,6.0
2021-08-05 03:05:42,114.0,108.0,5.0,1.0
2021-08-05 03:05:43,92.0,85.0,5.0,2.0
2021-08-05 03:05:44,89.0,83.0,4.0,2.0
2021-08-05 03:05:45,75.0,69.0,3.0,3.0
2021-08-05 03:05:46,94.0,82.0,6.0,6.0
2021-08-05 03:05:47,89.0,80.0,6.0,3.0
2021-08-05 03:05:48,94.0,85.0,5.0,4.0
2021-08-05 03:05:49,81.0,74.0,6.0,1.0
2021-08-05 03:05:50,91.0,80.0,8.0,3.0
2021-08-05 03:05:51,96.0,86.0,5.0,5.0
2021-08-05 03:05:52,99.0,89.0,5.0,5.0
2021-08-05 03:05:53,98.0,88.0,6.0,4.0
2021-08-05 03:05:54,91.0,78.0,6.0,7.0
2021-08-05 03:05:55,79.0,68.0,8.0,3.0
2021-08-05 03:05:56,92.0,86.0,2.0,4.0
2021-08-05 03:05:57,83.0,70.0,5.0,8.0
2021-08-05 03:05:58,85.0,74.0,5.0,6.0
2021-08-05 03:05:59,95.0,86.0,4.0,5.0
2021-08-05 03:06:00,95.0,82.0,9.0,4.0
2021-08-05 03:06:01,83.0,77.0,3.0,3.0
2021-08-05 03:06:02,80.0,69.0,5.0,6.0
2021-08-05 03:06:03,93.0,82.0,7.0,4.0
2021-08-05 03:06:04,73.0,67.0,5.0,1.0
2021-08-05 03:06:05,97.0,81.0,9.0,7.0
2021-08-05 03:06:06,72.0,63.0,5.0,4.0
2021-08-05 03:06:07,75.0,64.0,4.0,7.0
2021-08-05 03:06:08,88.0,80.0,3.0,5.0
2021-08-05 03:06:09,88.0,70.0,10.0,8.0
2021-08-05 03:06:10,84.0,72.0,5.0,7.0
2021-08-05 03:06:11,84.0,74.0,5.0,5.0
2021-08-05 03:06:12,97.0,91.0,5.0,1.0
2021-08-05 03:06:13,86.0,77.0,5.0,4.0
2021-08-05 03:06:14,92.0,82.0,7.0,3.0
2021-08-05 03:06:15,85.0,73.0,8.0,4.0
2021-08-05 03:06:16,93.0,84.0,6.0,3.0
2021-08-05 03:06:17,89.0,73.0,11.0,5.0
2021-08-05 03:06:18,86.0,74.0,3.0,9.0
2021-08-05 03:06:19,92.0,81.0,7.0,4.0
2021-08-05 03:06:20,84.0,75.0,6.0,3.0
2021-08-05 03:06:21,97.0,86.0,11.0,0.0
2021-08-05 03:06:22,94.0,82.0,5.0,7.0
2021-08-05 03:06:23,92.0,84.0,6.0,2.0
2021-08-05 03:06:24,99.0,87.0,7.0,5.0
2021-08-05 03:06:25,95.0,85.0,5.0,5.0
2021-08-05 03:06:26,93.0,81.0,7.0,5.0
2021-08-05 03:06:27,93.0,84.0,6.0,3.0
2021-08-05 03:06:28,92.0,81.0,8.0,3.0
2021-08-05 03:06:29,93.0,82.0,7.0,4.0
2021-08-05 03:06:30,82.0,75.0,4.0,3.0
2021-08-05 03:06:31,97.0,88.0,5.0,4.0
2021-08-05 03:06:32,89.0,79.0,6.0,4.0
2021-08-05 03:06:33,72.0,66.0,5.0,1.0
2021-08-05 03:06:34,94.0,84.0,6.0,4.0
2021-08-05 03:06:35,98.0,87.0,8.0,3.0
2021-08-05 03:06:36,112.0,96.0,8.0,8.0
2021-08-05 03:06:37,93.0,82.0,8.0,3.0
2021-08-05 03:06:38,96.0,85.0,8.0,3.0
2021-08-05 03:06:39,95.0,81.0,9.0,5.0
2021-08-05 03:06:40,93.0,88.0,3.0,2.0
2021-08-05 03:06:41,103.0,91.0,3.0,9.0
2021-08-05 03:06:42,93.0,87.0,3.0,3.0
2021-08-05 03:06:43,92.0,84.0,5.0,3.0
2021-08-05 03:06:44,95.0,86.0,8.0,1.0
2021-08-05 03:06:45,77.0,64.0,8.0,5.0
2021-08-05 03:06:46,90.0,78.0,7.0,5.0
2021-08-05 03:06:47,96.0,85.0,8.0,3.0
2021-08-05 03:06:48,88.0,76.0,7.0,5.0
2021-08-05 03:06:49,95.0,83.0,3.0,9.0
2021-08-05 03:06:50,89.0,82.0,2.0,5.0
2021-08-05 03:06:51,92.0,87.0,5.0,0.0
2021-08-05 03:06:52,97.0,84.0,5.0,8.0
2021-08-05 03:06:53,92.0,74.0,9.0,9.0
2021-08-05 03:06:54,95.0,82.0,8.0,5.0
2021-08-05 03:06:55,90.0,75.0,12.0,3.0
2021-08-05 03:06:56,99.0,89.0,7.0,3.0
2021-08-05 03:06:57,106.0,94.0,7.0,5.0
2021-08-05 03:06:58,98.0,86.0,8.0,4.0
2021-08-05 03:06:59,91.0,83.0,6.0,2.0
2021-08-05 03:07:00,83.0,73.0,4.0,6.0
2021-08-05 03:07:01,92.0,79.0,9.0,4.0
2021-08-05 03:07:02,97.0,86.0,5.0,6.0
2021-08-05 03:07:03,102.0,86.0,13.0,3.0
2021-08-05 03:07:04,97.0,85.0,9.0,3.0
2021-08-05 03:07:05,89.0,77.0,7.0,5.0
2021-08-05 03:07:06,87.0,75.0,8.0,4.0
2021-08-05 03:07:07,107.0,92.0,9.0,6.0
2021-08-05 03:07:08,102.0,85.0,8.0,9.0
2021-08-05 03:07:09,97.0,83.0,7.0,7.0
2021-08-05 03:07:10,99.0,85.0,6.0,8.0
2021-08-05 03:07:11,105.0,90.0,5.0,10.0
2021-08-05 03:07:12,89.0,81.0,6.0,2.0
2021-08-05 03:07:13,96.0,86.0,8.0,2.0
2021-08-05 03:07:14,104.0,92.0,5.0,7.0
2021-08-05 03:07:15,82.0,72.0,7.0,3.0
2021-08-05 03:07:16,83.0,71.0,9.0,3.0
2021-08-05 03:07:17,87.0,79.0,3.0,5.0
2021-08-05 03:07:18,88.0,80.0,3.0,5.0
2021-08-05 03:07:19,100.0,91.0,8.0,1.0
2021-08-05 03:07:20,86.0,74.0,8.0,4.0
2021-08-05 03:07:21,87.0,82.0,2.0,3.0
2021-08-05 03:07:22,101.0,87.0,7.0,7.0
2021-08-05 03:07:23,74.0,63.0,5.0,6.0
2021-08-05 03:07:24,110.0,101.0,6.0,3.0
2021-08-05 03:07:25,82.0,72.0,5.0,5.0
2021-08-05 03:07:26,83.0,75.0,3.0,5.0
2021-08-05 03:07:27,94.0,90.0,1.0,3.0
2021-08-05 03:07:28,101.0,92.0,7.0,2.0
2021-08-05 03:07:29,100.0,92.0,4.0,4.0
2021-08-05 03:07:30,97.0,86.0,6.0,5.0
2021-08-05 03:07:31,86.0,69.0,14.0,3.0
2021-08-05 03:07:32,82.0,75.0,4.0,3.0
2021-08-05 03:07:33,99.0,84.0,13.0,2.0
2021-08-05 03:07:34,91.0,73.0,9.0,9.0
2021-08-05 03:07:35,90.0,80.0,5.0,5.0
2021-08-05 03:07:36,88.0,78.0,6.0,4.0
2021-08-05 03:07:37,85.0,77.0,4.0,4.0
2021-08-05 03:07:38,82.0,73.0,4.0,5.0
2021-08-05 03:07:39,102.0,90.0,6.0,6.0
2021-08-05 03:07:40,95.0,92.0,2.0,1.0
2021-08-05 03:07:41,89.0,82.0,5.0,2.0
2021-08-05 03:07:42,112.0,102.0,7.0,3.0
2021-08-05 03:07:43,87.0,72.0,12.0,3.0
2021-08-05 03:07:44,90.0,79.0,6.0,5.0
2021-08-05 03:07:45,91.0,77.0,10.0,4.0
2021-08-05 03:07:46,82.0,76.0,4.0,2.0
2021-08-05 03:07:47,78.0,69.0,5.0,4.0
2021-08-05 03:07:48,91.0,83.0,6.0,2.0
2021-08-05 03:07:49,97.0,80.0,13.0,4.0
2021-08-05 03:07:50,101.0,82.0,10.0,9.0
2021-08-05 03:07:51,103.0,96.0,3.0,4.0
2021-08-05 03:07:52,100.0,92.0,4.0,4.0
2021-08-05 03:07:53,76.0,70.0,5.0,1.0
2021-08-05 03:07:54,95.0,79.0,9.0,7.0
2021-08-05 03:07:55,91.0,81.0,7.0,3.0
2021-08-05 03:07:56,94.0,81.0,8.0,5.0
2021-08-05 03:07:57,111.0,102.0,6.0,3.0
2021-08-05 03:07:58,108.0,92.0,8.0,8.0
2021-08-05 03:07:59,90.0,80.0,6.0,4.0
2021-08-05 03:08:00,103.0,91.0,7.0,5.0
2021-08-05 03:08:01,92.0,83.0,5.0,4.0
2021-08-05 03:08:02,88.0,81.0,4.0,3.0
2021-08-05 03:08:03,78.0,61.0,8.0,9.0
2021-08-05 03:08:04,94.0,77.0,9.0,8.0
2021-08-05 03:08:05,97.0,87.0,4.0,6.0
2021-08-05 03:08:06,84.0,74.0,7.0,3.0
2021-08-05 03:08:07,77.0,68.0,6.0,3.0
2021-08-05 03:08:08,102.0,93.0,5.0,4.0
2021-08-05 03:08:09,85.0,75.0,7.0,3.0
2021-08-05 03:08:10,74.0,60.0,10.0,4.0
2021-08-05 03:08:11,92.0,82.0,6.0,4.0
2021-08-05 03:08:12,92.0,80.0,8.0,4.0
2021-08-05 03:08:13,90.0,82.0,5.0,3.0
2021-08-05 03:08:14,89.0,76.0,8.0,5.0
2021-08-05 03:08:15,98.0,84.0,9.0,5.0
2021-08-05 03:08:16,99.0,87.0,6.0,6.0
2021-08-05 03:08:17,87.0,78.0,5.0,4.0
2021-08-05 03:08:18,101.0,91.0,8.0,2.0
2021-08-05 03:08:19,73.0,64.0,1.0,8.0
2021-08-05 03:08:20,107.0,98.0,7.0,2.0
2021-08-05 03:08:21,89.0,76.0,8.0,5.0
2021-08-05 03:08:22,78.0,73.0,2.0,3.0
2021-08-05 03:08:23,82.0,74.0,5.0,3.0
2021-08-05 03:08:24,81.0,74.0,2.0,5.0
2021-08-05 03:08:25,88.0,77.0,9.0,2.0
2021-08-05 03:08:26,87.0,79.0,5.0,3.0
2021-08-05 03:08:27,89.0,76.0,7.0,6.0
2021-08-05 03:08:28,81.0,76.0,2.0,3.0
2021-08-05 03:08:29,85.0,79.0,4.0,2.0
2021-08-05 03:08:30,101.0,86.0,13.0,2.0
2021-08-05 03:08:31,95.0,86.0,6.0,3.0
2021-08-05 03:08:32,95.0,89.0,5.0,1.0
2021-08-05 03:08:33,90.0,78.0,6.0,6.0
2021-08-05 03:08:34,95.0,80.0,8.0,7.0
2021-08-05 03:08:35,79.0,67.0,9.0,3.0
2021-08-05 03:08:36,117.0,102.0,10.0,5.0
2021-08-05 03:08:37,97.0,89.0,5.0,3.0
2021-08-05 03:08:38,108.0,94.0,11.0,3.0
2021-08-05 03:08:39,71.0,68.0,2.0,1.0
2021-08-05 03:08:40,96.0,83.0,4.0,9.0
2021-08-05 03:08:41,108.0,94.0,8.0,6.0
2021-08-05 03:08:42,105.0,95.0,5.0,5.0
2021-08-05 03:08:43,81.0,70.0,7.0,4.0
2021-08-05 03:08:44,114.0,105.0,6.0,3.0
2021-08-05 03:08:45,93.0,80.0,6.0,7.0
2021-08-05 03:08:46,104.0,89.0,10.0,5.0
2021-08-05 03:08:47,104.0,89.0,11.0,4.0
2021-08-05 03:08:48,102.0,93.0,5.0,4.0
2021-08-05 03:08:49,84.0,73.0,6.0,5.0
2021-08-05 03:08:50,86.0,78.0,5.0,3.0
2021-08-05 03:08:51,82.0,73.0,3.0,6.0
2021-08-05 03:08:52,87.0,78.0,5.0,4.0
2021-08-05 03:08:53,83.0,74.0,4.0,5.0
2021-08-05 03:08:54,99.0,86.0,8.0,5.0
2021-08-05 03:08:55,78.0,72.0,3.0,3.0
2021-08-05 03:08:56,93.0,77.0,9.0,7.0
2021-08-05 03:08:57,83.0,79.0,3.0,1.0
2021-08-05 03:08:58,94.0,82.0,7.0,5.0
2021-08-05 03:08:59,93.0,78.0,4.0,11.0
2021-08-05 03:09:00,83.0,72.0,7.0,4.0
2021-08-05 03:09:01,104.0,91.0,7.0,6.0
2021-08-05 03:09:02,75.0,67.0,5.0,3.0
2021-08-05 03:09:03,73.0,68.0,3.0,2.0
2021-08-05 03:09:04,88.0,73.0,11.0,4.0
2021-08-05 03:09:05,87.0,76.0,6.0,5.0
2021-08-05 03:09:06,86.0,75.0,6.0,5.0
2021-08-05 03:09:07,100.0,85.0,9.0,6.0
2021-08-05 03:09:08,92.0,82.0,4.0,6.0
2021-08-05 03:09:09,90.0,78.0,6.0,6.0
2021-08-05 03:09:10,93.0,84.0,5.0,4.0
2021-08-05 03:09:11,86.0,76.0,5.0,5.0
2021-08-05 03:09:12,104.0,96.0,3.0,5.0
2021-08-05 03:09:13,88.0,80.0,4.0,4.0
2021-08-05 03:09:14,103.0,88.0,8.0,7.0
2021-08-05 03:09:15,116.0,112.0,2.0,2.0
2021-08-05 03:09:16,104.0,95.0,5.0,4.0
2021-08-05 03:09:17,98.0,93.0,4.0,1.0
2021-08-05 03:09:18,100.0,85.0,9.0,6.0
2021-08-05 03:09:19,87.0,77.0,5.0,5.0
2021-08-05 03:09:20,78.0,71.0,6.0,1.0
2021-08-05 03:09:21,109.0,95.0,9.0,5.0
2021-08-05 03:09:22,91.0,77.0,8.0,6.0
2021-08-05 03:09:23,100.0,88.0,8.0,4.0
2021-08-05 03:09:24,93.0,81.0,8.0,4.0
2021-08-05 03:09:25,92.0,83.0,8.0,1.0
2021-08-05 03:09:26,105.0,95.0,6.0,4.0
2021-08-05 03:09:27,95.0,81.0,11.0,3.0
2021-08-05 03:09:28,99.0,87.0,3.0,9.0
2021-08-05 03:09:29,90.0,78.0,8.0,4.0
2021-08-05 03:09:30,98.0,81.0,10.0,7.0
2021-08-05 03:09:31,93.0,85.0,3.0,5.0
2021-08-05 03:09:32,79.0,71.0,4.0,4.0
2021-08-05 03:09:33,93.0,83.0,6.0,4.0
2021-08-05 03:09:34,87.0,72.0,8.0,7.0
2021-08-05 03:09:35,99.0,87.0,5.0,7.0
2021-08-05 03:09:36,91.0,77.0,7.0,7.0
2021-08-05 03:09:37,86.0,72.0,11.0,3.0
2021-08-05 03:09:38,76.0,67.0,3.0,6.0
2021-08-05 03:09:39,84.0,77.0,5.0,2.0
2021-08-05 03:09:40,89.0,79.0,5.0,5.0
2021-08-05 03:09:41,91.0,75.0,8.0,8.0
2021-08-05 03:09:42,100.0,89.0,6.0,5.0
2021-08-05 03:09:43,96.0,88.0,4.0,4.0
2021-08-05 03:09:44,79.0,67.0,5.0,7.0
2021-08-05 03:09:45,106.0,93.0,9.0,4.0
2021-08-05 03:09:46,99.0,89.0,6.0,4.0
2021-08-05 03:09:47,93.0,76.0,12.0,5.0
2021-08-05 03:09:48,91.0,82.0,6.0,3.0
2021-08-05 03:09:49,103.0,92.0,6.0,5.0
2021-08-05 03:09:50,116.0,101.0,8.0,7.0
2021-08-05 03:09:51,95.0,88.0,5.0,2.0
2021-08-05 03:09:52,99.0,90.0,7.0,2.0
2021-08-05 03:09:53,73.0,61.0,7.0,5.0
2021-08-05 03:09:54,105.0,86.0,9.0,10.0
2021-08-05 03:09:55,85.0,75.0,7.0,3.0
2021-08-05 03:09:56,88.0,76.0,10.0,2.0
2021-08-05 03:09:57,85.0,75.0,6.0,4.0
2021-08-05 03:09:58,105.0,88.0,11.0,6.0
2021-08-05 03:09:59,74.0,70.0,3.0,1.0
2021-08-05 03:10:00,87.0,78.0,3.0,6.0
2021-08-05 03:10:01,79.0,65.0,10.0,4.0
2021-08-05 03:10:02,77.0,65.0,8.0,4.0
2021-08-05 03:10:03,114.0,101.0,9.0,4.0
2021-08-05 03:10:04,107.0,93.0,10.0,4.0
2021-08-05 03:10:05,73.0,67.0,5.0,1.0
2021-08-05 03:10:06,102.0,92.0,6.0,4.0
2021-08-05 03:10:07,100.0,92.0,7.0,1.0
2021-08-05 03:10:08,94.0,82.0,6.0,6.0
2021-08-05 03:10:09,92.0,80.0,5.0,7.0
2021-08-05 03:10:10,100.0,90.0,6.0,4.0
2021-08-05 03:10:11,104.0,93.0,6.0,5.0
2021-08-05 03:10:12,86.0,80.0,1.0,5.0
2021-08-05 03:10:13,89.0,84.0,2.0,3.0
2021-08-05 03:10:14,92.0,83.0,3.0,6.0
2021-08-05 03:10:15,83.0,72.0,4.0,7.0
2021-08-05 03:10:16,98.0,85.0,12.0,1.0
2021-08-05 03:10:17,82.0,75.0,5.0,2.0
2021-08-05 03:10:18,98.0,90.0,5.0,3.0
2021-08-05 03:10:19,80.0,73.0,2.0,5.0
2021-08-05 03:10:20,73.0,67.0,6.0,0.0
2021-08-05 03:10:21,99.0,95.0,2.0,2.0
2021-08-05 03:10:22,90.0,78.0,10.0,2.0
2021-08-05 03:10:23,87.0,74.0,5.0,8.0
2021-08-05 03:10:24,100.0,91.0,5.0,4.0
2021-08-05 03:10:25,91.0,78.0,4.0,9.0
2021-08-05 03:10:26,76.0,64.0,8.0,4.0
2021-08-05 03:10:27,103.0,90.0,9.0,4.0
2021-08-05 03:10:28,103.0,92.0,7.0,4.0
2021-08-05 03:10:29,84.0,75.0,7.0,2.0
2021-08-05 03:10:30,97.0,93.0,4.0,0.0
2021-08-05 03:10:31,105.0,95.0,8.0,2.0
2021-08-05 03:10:32,95.0,84.0,7.0,4.0
2021-08-05 03:10:33,80.0,78.0,2.0,0.0
2021-08-05 03:10:34,82.0,71.0,8.0,3.0
2021-08-05 03:10:35,102.0,89.0,9.0,4.0
2021-08-05 03:10:36,94.0,83.0,9.0,2.0
2021-08-05 03:10:37,88.0,77.0,7.0,4.0
2021-08-05 03:10:38,91.0,84.0,1.0,6.0
2021-08-05 03:10:39,97.0,83.0,10.0,4.0
2021-08-05 03:10:40,113.0,96.0,12.0,5.0
2021-08-05 03:10:41,82.0,74.0,5.0,3.0
2021-08-05 03:10:42,119.0,103.0,12.0,4.0
2021-08-05 03:10:43,90.0,79.0,6.0,5.0
2021-08-05 03:10:44,88.0,78.0,7.0,3.0
2021-08-05 03:10:45,90.0,80.0,7.0,3.0
2021-08-05 03:10:46,110.0,97.0,9.0,4.0
2021-08-05 03:10:47,79.0,71.0,6.0,2.0
2021-08-05 03:10:48,89.0,81.0,7.0,1.0
2021-08-05 03:10:49,88.0,79.0,5.0,4.0
2021-08-05 03:10:50,83.0,72.0,8.0,3.0
2021-08-05 03:10:51,110.0,94.0,11.0,5.0
2021-08-05 03:10:52,81.0,72.0,7.0,2.0
2021-08-05 03:10:53,103.0,92.0,7.0,4.0
2021-08-05 03:10:54,112.0,94.0,10.0,8.0
2021-08-05 03:10:55,92.0,85.0,4.0,3.0
2021-08-05 03:10:56,105.0,96.0,9.0,0.0
2021-08-05 03:10:57,81.0,70.0,4.0,7.0
2021-08-05 03:10:58,106.0,93.0,11.0,2.0
2021-08-05 03:10:59,104.0,88.0,10.0,6.0
2021-08-05 03:11:00,81.0,74.0,2.0,5.0
2021-08-05 03:11:01,82.0,73.0,6.0,3.0
2021-08-05 03:11:02,102.0,96.0,0.0,6.0
2021-08-05 03:11:03,86.0,74.0,8.0,4.0
2021-08-05 03:11:04,109.0,101.0,5.0,3.0
2021-08-05 03:11:05,86.0,75.0,7.0,4.0
2021-08-05 03:11:06,95.0,85.0,7.0,3.0
2021-08-05 03:11:07,96.0,83.0,8.0,5.0
2021-08-05 03:11:08,76.0,68.0,7.0,1.0
2021-08-05 03:11:09,96.0,92.0,2.0,2.0
2021-08-05 03:11:10,89.0,82.0,2.0,5.0
2021-08-05 03:11:11,102.0,86.0,10.0,6.0
2021-08-05 03:11:12,91.0,81.0,4.0,6.0
2021-08-05 03:11:13,98.0,90.0,5.0,3.0
2021-08-05 03:11:14,77.0,70.0,4.0,3.0
2021-08-05 03:11:15,98.0,85.0,12.0,1.0
2021-08-05 03:11:16,93.0,82.0,6.0,5.0
2021-08-05 03:11:17,89.0,77.0,8.0,4.0
2021-08-05 03:11:18,100.0,88.0,8.0,4.0
2021-08-05 03:11:19,94.0,79.0,8.0,7.0
2021-08-05 03:11:20,92.0,81.0,6.0,5.0
2021-08-05 03:11:21,89.0,77.0,10.0,2.0
2021-08-05 03:11:22,86.0,75.0,7.0,4.0
2021-08-05 03:11:23,94.0,79.0,11.0,4.0
2021-08-05 03:11:24,67.0,57.0,6.0,4.0
2021-08-05 03:11:25,105.0,98.0,3.0,4.0
2021-08-05 03:11:26,89.0,77.0,8.0,4.0
2021-08-05 03:11:27,98.0,89.0,6.0,3.0
2021-08-05 03:11:28,99.0,86.0,7.0,6.0
2021-08-05 03:11:29,96.0,88.0,3.0,5.0
2021-08-05 03:11:30,98.0,84.0,4.0,10.0
2021-08-05 03:11:31,99.0,89.0,8.0,2.0
2021-08-05 03:11:32,89.0,80.0,4.0,5.0
2021-08-05 03:11:33,95.0,83.0,6.0,6.0
2021-08-05 03:11:34,84.0,72.0,8.0,4.0
2021-08-05 03:11:35,107.0,90.0,11.0,6.0
2021-08-05 03:11:36,102.0,89.0,6.0,7.0
2021-08-05 03:11:37,81.0,72.0,5.0,4.0
2021-08-05 03:11:38,90.0,76.0,10.0,4.0
2021-08-05 03:11:39,93.0,83.0,6.0,4.0
2021-08-05 03:11:40,75.0,64.0,5.0,6.0
2021-08-05 03:11:41,90.0,87.0,1.0,2.0
2021-08-05 03:11:42,89.0,77.0,8.0,4.0
2021-08-05 03:11:43,95.0,86.0,8.0,1.0
2021-08-05 03:11:44,94.0,75.0,13.0,6.0
2021-08-05 03:11:45,87.0,80.0,4.0,3.0
2021-08-05 03:11:46,102.0,89.0,7.0,6.0
2021-08-05 03:11:47,106.0,90.0,9.0,7.0
2021-08-05 03:11:48,98.0,88.0,7.0,3.0
2021-08-05 03:11:49,93.0,81.0,9.0,3.0
2021-08-05 03:11:50,85.0,74.0,5.0,6.0
2021-08-05 03:11:51,97.0,89.0,5.0,3.0
2021-08-05 03:11:52,82.0,73.0,2.0,7.0
2021-08-05 03:11:53,84.0,74.0,6.0,4.0
2021-08-05 03:11:54,79.0,69.0,6.0,4.0
2021-08-05 03:11:55,97.0,89.0,2.0,6.0
2021-08-05 03:11:56,101.0,88.0,7.0,6.0
2021-08-05 03:11:57,88.0,79.0,4.0,5.0
2021-08-05 03:11:58,107.0,87.0,10.0,10.0
2021-08-05 03:11:59,77.0,65.0,10.0,2.0
2021-08-05 03:12:00,91.0,83.0,5.0,3.0
2021-08-05 03:12:01,101.0,82.0,10.0,9.0
2021-08-05 03:12:02,103.0,88.0,8.0,7.0
2021-08-05 03:12:03,94.0,86.0,5.0,3.0
2021-08-05 03:12:04,84.0,75.0,4.0,5.0
2021-08-05 03:12:05,100.0,82.0,15.0,3.0
2021-08-05 03:12:06,88.0,76.0,6.0,6.0
2021-08-05 03:12:07,95.0,81.0,8.0,6.0
2021-08-05 03:12:08,93.0,82.0,7.0,4.0
2021-08-05 03:12:09,86.0,80.0,2.0,4.0
2021-08-05 03:12:10,103.0,96.0,6.0,1.0
2021-08-05 03:12:11,81.0,77.0,4.0,0.0
2021-08-05 03:12:12,73.0,58.0,9.0,6.0
2021-08-05 03:12:13,96.0,88.0,6.0,2.0
2021-08-05 03:12:14,93.0,80.0,7.0,6.0
2021-08-05 03:12:15,101.0,91.0,8.0,2.0
2021-08-05 03:12:16,83.0,74.0,6.0,3.0
2021-08-05 03:12:17,82.0,69.0,11.0,2.0
2021-08-05 03:12:18,84.0,72.0,7.0,5.0
2021-08-05 03:12:19,82.0,77.0,4.0,1.0
2021-08-05 03:12:20,101.0,88.0,8.0,5.0
2021-08-05 03:12:21,101.0,94.0,4.0,3.0
2021-08-05 03:12:22,102.0,90.0,7.0,5.0
2021-08-05 03:12:23,80.0,78.0,1.0,1.0
2021-08-05 03:12:24,94.0,86.0,3.0,5.0
2021-08-05 03:12:25,88.0,82.0,3.0,3.0
2021-08-05 03:12:26,97.0,87.0,6.0,4.0
2021-08-05 03:12:27,106.0,88.0,9.0,9.0
2021-08-05 03:12:28,94.0,81.0,9.0,4.0
2021-08-05 03:12:29,95.0,82.0,5.0,8.0
2021-08-05 03:12:30,94.0,82.0,6.0,6.0
2021-08-05 03:12:31,109.0,85.0,15.0,9.0
2021-08-05 03:12:32,97.0,88.0,5.0,4.0
2021-08-05 03:12:33,78.0,73.0,3.0,2.0
2021-08-05 03:12:34,83.0,80.0,1.0,2.0
2021-08-05 03:12:35,90.0,81.0,7.0,2.0
2021-08-05 03:12:36,85.0,74.0,8.0,3.0
2021-08-05 03:12:37,96.0,86.0,5.0,5.0
2021-08-05 03:12:38,103.0,97.0,5.0,1.0
2021-08-05 03:12:39,104.0,88.0,11.0,5.0
2021-08-05 03:12:40,92.0,85.0,4.0,3.0
2021-08-05 03:12:41,87.0,72.0,12.0,3.0
2021-08-05 03:12:42,101.0,90.0,7.0,4.0
2021-08-05 03:12:43,91.0,84.0,4.0,3.0
2021-08-05 03:12:44,99.0,89.0,8.0,2.0
2021-08-05 03:12:45,93.0,81.0,9.0,3.0
2021-08-05 03:12:46,96.0,82.0,12.0,2.0
2021-08-05 03:12:47,93.0,80.0,8.0,5.0
2021-08-05 03:12:48,101.0,92.0,6.0,3.0
2021-08-05 03:12:49,75.0,65.0,6.0,4.0
2021-08-05 03:12:50,84.0,74.0,6.0,4.0
2021-08-05 03:12:51,105.0,96.0,4.0,5.0
2021-08-05 03:12:52,90.0,77.0,5.0,8.0
2021-08-05 03:12:53,87.0,78.0,2.0,7.0
2021-08-05 03:12:54,99.0,83.0,9.0,7.0
2021-08-05 03:12:55,88.0,84.0,1.0,3.0
2021-08-05 03:12:56,91.0,82.0,3.0,6.0
2021-08-05 03:12:57,90.0,81.0,5.0,4.0
2021-08-05 03:12:58,95.0,85.0,8.0,2.0
2021-08-05 03:12:59,98.0,84.0,10.0,4.0
2021-08-05 03:13:00,104.0,91.0,9.0,4.0
2021-08-05 03:13:01,91.0,82.0,4.0,5.0
2021-08-05 03:13:02,92.0,84.0,5.0,3.0
2021-08-05 03:13:03,97.0,91.0,3.0,3.0
2021-08-05 03:13:04,102.0,89.0,9.0,4.0
2021-08-05 03:13:05,90.0,83.0,5.0,2.0
2021-08-05 03:13:06,93.0,83.0,7.0,3.0
2021-08-05 03:13:07,90.0,80.0,8.0,2.0
2021-08-05 03:13:08,85.0,77.0,4.0,4.0
2021-08-05 03:13:09,101.0,88.0,8.0,5.0
2021-08-05 03:13:10,102.0,87.0,8.0,7.0
2021-08-05 03:13:11,101.0,86.0,7.0,8.0
2021-08-05 03:13:12,81.0,68.0,8.0,5.0
2021-08-05 03:13:13,98.0,86.0,7.0,5.0
2021-08-05 03:13:14,88.0,76.0,6.0,6.0
2021-08-05 03:13:15,98.0,90.0,5.0,3.0
2021-08-05 03:13:16,87.0,76.0,3.0,8.0
2021-08-05 03:13:17,97.0,83.0,9.0,5.0
2021-08-05 03:13:18,101.0,87.0,7.0,7.0
2021-08-05 03:13:19,98.0,92.0,3.0,3.0
2021-08-05 03:13:20,113.0,101.0,6.0,6.0
2021-08-05 03:13:21,85.0,76.0,6.0,3.0
2021-08-05 03:13:22,91.0,81.0,7.0,3.0
2021-08-05 03:13:23,96.0,84.0,6.0,6.0
2021-08-05 03:13:24,99.0,86.0,8.0,5.0
2021-08-05 03:13:25,79.0,69.0,5.0,5.0
2021-08-05 03:13:26,82.0,74.0,5.0,3.0
2021-08-05 03:13:27,108.0,91.0,13.0,4.0
2021-08-05 03:13:28,85.0,74.0,6.0,5.0
2021-08-05 03:13:29,103.0,94.0,3.0,6.0
2021-08-05 03:13:30,94.0,85.0,5.0,4.0
2021-08-05 03:13:31,85.0,78.0,4.0,3.0
2021-08-05 03:13:32,92.0,81.0,6.0,5.0
2021-08-05 03:13:33,96.0,85.0,7.0,4.0
2021-08-05 03:13:34,96.0,83.0,9.0,4.0
2021-08-05 03:13:35,90.0,86.0,1.0,3.0
2021-08-05 03:13:36,113.0,100.0,11.0,2.0
2021-08-05 03:13:37,94.0,81.0,9.0,4.0
2021-08-05 03:13:38,103.0,88.0,7.0,8.0
2021-08-05 03:13:39,89.0,80.0,7.0,2.0
2021-08-05 03:13:40,92.0,83.0,6.0,3.0
2021-08-05 03:13:41,101.0,90.0,3.0,8.0
2021-08-05 03:13:42,88.0,77.0,9.0,2.0
2021-08-05 03:13:43,90.0,82.0,5.0,3.0
2021-08-05 03:13:44,85.0,75.0,7.0,3.0
2021-08-05 03:13:45,76.0,68.0,8.0,0.0
2021-08-05 03:13:46,82.0,71.0,5.0,6.0
2021-08-05 03:13:47,101.0,90.0,3.0,8.0
2021-08-05 03:13:48,96.0,84.0,10.0,2.0
2021-08-05 03:13:49,92.0,83.0,5.0,4.0
2021-08-05 03:13:50,88.0,81.0,2.0,5.0
2021-08-05 03:13:51,98.0,90.0,4.0,4.0
2021-08-05 03:13:52,96.0,86.0,7.0,3.0
2021-08-05 03:13:53,95.0,81.0,8.0,6.0
2021-08-05 03:13:54,107.0,97.0,3.0,7.0
2021-08-05 03:13:55,103.0,96.0,5.0,2.0
2021-08-05 03:13:56,97.0,85.0,7.0,5.0
2021-08-05 03:13:57,105.0,97.0,4.0,4.0
2021-08-05 03:13:58,91.0,83.0,7.0,1.0
2021-08-05 03:13:59,91.0,82.0,6.0,3.0
2021-08-05 03:14:00,107.0,90.0,9.0,8.0
2021-08-05 03:14:01,103.0,88.0,9.0,6.0
2021-08-05 03:14:02,94.0,78.0,9.0,7.0
2021-08-05 03:14:03,102.0,90.0,6.0,6.0
2021-08-05 03:14:04,98.0,88.0,5.0,5.0
2021-08-05 03:14:05,99.0,93.0,4.0,2.0
2021-08-05 03:14:06,98.0,86.0,8.0,4.0
2021-08-05 03:14:07,82.0,77.0,3.0,2.0
2021-08-05 03:14:08,88.0,79.0,5.0,4.0
2021-08-05 03:14:09,81.0,70.0,4.0,7.0
2021-08-05 03:14:10,92.0,79.0,4.0,9.0
2021-08-05 03:14:11,88.0,81.0,4.0,3.0
2021-08-05 03:14:12,95.0,80.0,12.0,3.0
2021-08-05 03:14:13,110.0,100.0,4.0,6.0
2021-08-05 03:14:14,93.0,84.0,3.0,6.0
2021-08-05 03:14:15,95.0,85.0,5.0,5.0
2021-08-05 03:14:16,105.0,95.0,5.0,5.0
2021-08-05 03:14:17,93.0,84.0,6.0,3.0
2021-08-05 03:14:18,72.0,64.0,5.0,3.0
2021-08-05 03:14:19,87.0,80.0,6.0,1.0
2021-08-05 03:14:20,97.0,84.0,8.0,5.0
2021-08-05 03:14:21,82.0,73.0,7.0,2.0
2021-08-05 03:14:22,94.0,83.0,6.0,5.0
2021-08-05 03:14:23,109.0,98.0,8.0,3.0
2021-08-05 03:14:24,85.0,74.0,6.0,5.0
2021-08-05 03:14:25,94.0,83.0,6.0,5.0
2021-08-05 03:14:26,98.0,86.0,7.0,5.0
2021-08-05 03:14:27,98.0,89.0,7.0,2.0
2021-08-05 03:14:28,100.0,89.0,6.0,5.0
2021-08-05 03:14:29,88.0,72.0,11.0,5.0
2021-08-05 03:14:30,94.0,83.0,6.0,5.0
2021-08-05 03:14:31,83.0,73.0,6.0,4.0
2021-08-05 03:14:32,87.0,72.0,6.0,9.0
2021-08-05 03:14:33,104.0,96.0,6.0,2.0
2021-08-05 03:14:34,114.0,104.0,9.0,1.0
2021-08-05 03:14:35,87.0,71.0,6.0,10.0
2021-08-05 03:14:36,93.0,85.0,3.0,5.0
2021-08-05 03:14:37,89.0,78.0,6.0,5.0
2021-08-05 03:14:38,91.0,77.0,7.0,7.0
2021-08-05 03:14:39,85.0,77.0,4.0,4.0
2021-08-05 03:14:40,96.0,84.0,10.0,2.0
2021-08-05 03:14:41,104.0,94.0,6.0,4.0
2021-08-05 03:14:42,101.0,93.0,6.0,2.0
2021-08-05 03:14:43,78.0,67.0,8.0,3.0
2021-08-05 03:14:44,94.0,84.0,5.0,5.0
2021-08-05 03:14:45,92.0,79.0,9.0,4.0
2021-08-05 03:14:46,103.0,94.0,4.0,5.0
2021-08-05 03:14:47,86.0,79.0,4.0,3.0
2021-08-05 03:14:48,91.0,83.0,6.0,2.0
2021-08-05 03:14:49,81.0,68.0,8.0,5.0
2021-08-05 03:14:50,80.0,70.0,6.0,4.0
2021-08-05 03:14:51,101.0,92.0,6.0,3.0
2021-08-05 03:14:52,90.0,72.0,11.0,7.0
2021-08-05 03:14:53,91.0,83.0,6.0,2.0
2021-08-05 03:14:54,84.0,73.0,5.0,6.0
2021-08-05 03:14:55,83.0,76.0,4.0,3.0
2021-08-05 03:14:56,93.0,82.0,2.0,9.0
2021-08-05 03:14:57,78.0,71.0,6.0,1.0
2021-08-05 03:14:58,78.0,67.0,9.0,2.0
2021-08-05 03:14:59,98.0,82.0,13.0,3.0
2021-08-05 03:15:00,111.0,99.0,8.0,4.0
2021-08-05 03:15:01,81.0,70.0,8.0,3.0
2021-08-05 03:15:02,103.0,87.0,7.0,9.0
2021-08-05 03:15:03,101.0,92.0,7.0,2.0
2021-08-05 03:15:04,89.0,79.0,7.0,3.0
2021-08-05 03:15:05,88.0,78.0,7.0,3.0
2021-08-05 03:15:06,93.0,81.0,9.0,3.0
2021-08-05 03:15:07,96.0,86.0,8.0,2.0
2021-08-05 03:15:08,77.0,69.0,4.0,4.0
2021-08-05 03:15:09,81.0,74.0,5.0,2.0
2021-08-05 03:15:10,86.0,76.0,5.0,5.0
2021-08-05 03:15:11,77.0,69.0,5.0,3.0
2021-08-05 03:15:12,96.0,89.0,2.0,5.0
2021-08-05 03:15:13,82.0,71.0,3.0,8.0
2021-08-05 03:15:14,85.0,77.0,2.0,6.0
2021-08-05 03:15:15,100.0,88.0,10.0,2.0
2021-08-05 03:15:16,82.0,79.0,2.0,1.0
2021-08-05 03:15:17,102.0,90.0,6.0,6.0
2021-08-05 03:15:18,77.0,70.0,3.0,4.0
2021-08-05 03:15:19,87.0,79.0,3.0,5.0
2021-08-05 03:15:20,102.0,93.0,5.0,4.0
2021-08-05 03:15:21,108.0,100.0,3.0,5.0
2021-08-05 03:15:22,93.0,86.0,4.0,3.0
2021-08-05 03:15:23,95.0,86.0,6.0,3.0
2021-08-05 03:15:24,87.0,78.0,5.0,4.0
2021-08-05 03:15:25,89.0,76.0,9.0,4.0
2021-08-05 03:15:26,98.0,87.0,6.0,5.0
2021-08-05 03:15:27,78.0,70.0,7.0,1.0
2021-08-05 03:15:28,90.0,78.0,3.0,9.0
2021-08-05 03:15:29,98.0,90.0,6.0,2.0
2021-08-05 03:15:30,105.0,98.0,6.0,1.0
2021-08-05 03:15:31,91.0,86.0,4.0,1.0
2021-08-05 03:15:32,108.0,93.0,10.0,5.0
2021-08-05 03:15:33,105.0,98.0,2.0,5.0
2021-08-05 03:15:34,94.0,83.0,9.0,2.0
2021-08-05 03:15:35,95.0,83.0,5.0,7.0
2021-08-05 03:15:36,93.0,91.0,1.0,1.0
2021-08-05 03:15:37,84.0,74.0,6.0,4.0
2021-08-05 03:15:38,99.0,94.0,4.0,1.0
2021-08-05 03:15:39,97.0,89.0,4.0,4.0
2021-08-05 03:15:40,88.0,76.0,8.0,4.0
2021-08-05 03:15:41,113.0,106.0,4.0,3.0
2021-08-05 03:15:42,89.0,81.0,5.0,3.0
2021-08-05 03:15:43,96.0,87.0,6.0,3.0
2021-08-05 03:15:44,96.0,79.0,7.0,10.0
2021-08-05 03:15:45,100.0,84.0,10.0,6.0
2021-08-05 03:15:46,89.0,75.0,10.0,4.0
2021-08-05 03:15:47,85.0,73.0,7.0,5.0
2021-08-05 03:15:48,94.0,78.0,9.0,7.0
2021-08-05 03:15:49,103.0,92.0,4.0,7.0
2021-08-05 03:15:50,109.0,94.0,9.0,6.0
2021-08-05 03:15:51,87.0,75.0,7.0,5.0
2021-08-05 03:15:52,90.0,81.0,5.0,4.0
2021-08-05 03:15:53,92.0,82.0,6.0,4.0
2021-08-05 03:15:54,97.0,82.0,12.0,3.0
2021-08-05 03:15:55,79.0,70.0,3.0,6.0
2021-08-05 03:15:56,83.0,71.0,9.0,3.0
2021-08-05 03:15:57,82.0,76.0,4.0,2.0
2021-08-05 03:15:58,95.0,80.0,6.0,9.0
2021-08-05 03:15:59,93.0,86.0,4.0,3.0
2021-08-05 03:16:00,91.0,79.0,8.0,4.0
2021-08-05 03:16:01,97.0,87.0,4.0,6.0
2021-08-05 03:16:02,88.0,80.0,5.0,3.0
2021-08-05 03:16:03,95.0,87.0,6.0,2.0
2021-08-05 03:16:04,98.0,92.0,4.0,2.0
2021-08-05 03:16:05,88.0,76.0,5.0,7.0
2021-08-05 03:16:06,86.0,78.0,4.0,4.0
2021-08-05 03:16:07,108.0,99.0,6.0,3.0
2021-08-05 03:16:08,76.0,72.0,2.0,2.0
2021-08-05 03:16:09,98.0,85.0,6.0,7.0
2021-08-05 03:16:10,85.0,73.0,6.0,6.0
2021-08-05 03:16:11,84.0,74.0,6.0,4.0
2021-08-05 03:16:12,76.0,70.0,4.0,2.0
2021-08-05 03:16:13,96.0,83.0,3.0,10.0
2021-08-05 03:16:14,92.0,83.0,5.0,4.0
2021-08-05 03:16:15,81.0,72.0,6.0,3.0
2021-08-05 03:16:16,87.0,77.0,6.0,4.0
2021-08-05 03:16:17,91.0,84.0,5.0,2.0
2021-08-05 03:16:18,88.0,76.0,6.0,6.0
2021-08-05 03:16:19,98.0,89.0,2.0,7.0
2021-08-05 03:16:20,75.0,64.0,5.0,6.0
2021-08-05 03:16:21,104.0,95.0,7.0,2.0
2021-08-05 03:16:22,79.0,69.0,7.0,3.0
2021-08-05 03:16:23,107.0,97.0,7.0,3.0
2021-08-05 03:16:24,93.0,79.0,9.0,5.0
2021-08-05 03:16:25,98.0,88.0,5.0,5.0
2021-08-05 03:16:26,84.0,71.0,5.0,8.0
2021-08-05 03:16:27,87.0,75.0,7.0,5.0
2021-08-05 03:16:28,97.0,86.0,5.0,6.0
2021-08-05 03:16:29,80.0,75.0,1.0,4.0
2021-08-05 03:16:30,98.0,85.0,5.0,8.0
2021-08-05 03:16:31,90.0,74.0,11.0,5.0
2021-08-05 03:16:32,87.0,74.0,8.0,5.0
2021-08-05 03:16:33,103.0,91.0,7.0,5.0
2021-08-05 03:16:34,91.0,82.0,5.0,4.0
2021-08-05 03:16:35,86.0,77.0,6.0,3.0
2021-08-05 03:16:36,96.0,86.0,5.0,5.0
2021-08-05 03:16:37,88.0,79.0,6.0,3.0
2021-08-05 03:16:38,73.0,67.0,2.0,4.0
2021-08-05 03:16:39,98.0,82.0,6.0,10.0
2021-08-05 03:16:40,82.0,72.0,7.0,3.0
2021-08-05 03:16:41,93.0,82.0,6.0,5.0
2021-08-05 03:16:42,101.0,91.0,6.0,4.0
2021-08-05 03:16:43,84.0,73.0,6.0,5.0
2021-08-05 03:16:44,85.0,77.0,5.0,3.0
2021-08-05 03:16:45,84.0,72.0,7.0,5.0
2021-08-05 03:16:46,105.0,91.0,8.0,6.0
2021-08-05 03:16:47,81.0,69.0,9.0,3.0
2021-08-05 03:16:48,84.0,73.0,5.0,6.0
2021-08-05 03:16:49,104.0,94.0,4.0,6.0
2021-08-05 03:16:50,97.0,89.0,6.0,2.0
2021-08-05 03:16:51,104.0,90.0,10.0,4.0
2021-08-05 03:16:52,80.0,74.0,4.0,2.0
2021-08-05 03:16:53,89.0,79.0,8.0,2.0
2021-08-05 03:16:54,88.0,77.0,8.0,3.0
2021-08-05 03:16:55,87.0,73.0,11.0,3.0
2021-08-05 03:16:56,115.0,103.0,7.0,5.0
2021-08-05 03:16:57,87.0,75.0,6.0,6.0
2021-08-05 03:16:58,93.0,83.0,4.0,6.0
2021-08-05 03:16:59,99.0,85.0,12.0,2.0
2021-08-05 03:17:00,107.0,101.0,1.0,5.0
2021-08-05 03:17:01,84.0,74.0,4.0,6.0
2021-08-05 03:17:02,116.0,103.0,9.0,4.0
2021-08-05 03:17:03,95.0,81.0,7.0,7.0
2021-08-05 03:17:04,89.0,80.0,6.0,3.0
2021-08-05 03:17:05,94.0,83.0,7.0,4.0
2021-08-05 03:17:06,83.0,73.0,8.0,2.0
2021-08-05 03:17:07,117.0,106.0,8.0,3.0
2021-08-05 03:17:08,109.0,99.0,5.0,5.0
2021-08-05 03:17:09,91.0,79.0,9.0,3.0
2021-08-05 03:17:10,81.0,72.0,6.0,3.0
2021-08-05 03:17:11,97.0,89.0,5.0,3.0
2021-08-05 03:17:12,82.0,71.0,4.0,7.0
2021-08-05 03:17:13,94.0,80.0,10.0,4.0
2021-08-05 03:17:14,83.0,74.0,7.0,2.0
2021-08-05 03:17:15,102.0,90.0,7.0,5.0
2021-08-05 03:17:16,87.0,79.0,6.0,2.0
2021-08-05 03:17:17,103.0,90.0,6.0,7.0
2021-08-05 03:17:18,83.0,73.0,1.0,9.0
2021-08-05 03:17:19,94.0,83.0,6.0,5.0
2021-08-05 03:17:20,77.0,67.0,4.0,6.0
2021-08-05 03:17:21,97.0,86.0,7.0,4.0
2021-08-05 03:17:22,83.0,77.0,4.0,2.0
2021-08-05 03:17:23,84.0,70.0,7.0,7.0
2021-08-05 03:17:24,93.0,85.0,8.0,0.0
2021-08-05 03:17:25,92.0,86.0,3.0,3.0
2021-08-05 03:17:26,117.0,104.0,8.0,5.0
2021-08-05 03:17:27,102.0,91.0,7.0,4.0
2021-08-05 03:17:28,84.0,74.0,4.0,6.0
2021-08-05 03:17:29,95.0,87.0,4.0,4.0
2021-08-05 03:17:30,88.0,77.0,7.0,4.0
2021-08-05 03:17:31,118.0,105.0,9.0,4.0
2021-08-05 03:17:32,85.0,69.0,5.0,11.0
2021-08-05 03:17:33,98.0,88.0,7.0,3.0
2021-08-05 03:17:34,107.0,94.0,9.0,4.0
2021-08-05 03:17:35,91.0,83.0,4.0,4.0
2021-08-05 03:17:36,83.0,75.0,5.0,3.0
2021-08-05 03:17:37,96.0,82.0,8.0,6.0
2021-08-05 03:17:38,92.0,84.0,2.0,6.0
2021-08-05 03:17:39,93.0,84.0,6.0,3.0
2021-08-05 03:17:40,105.0,95.0,6.0,4.0
2021-08-05 03:17:41,102.0,94.0,6.0,2.0
2021-08-05 03:17:42,105.0,94.0,8.0,3.0
2021-08-05 03:17:43,98.0,82.0,11.0,5.0
2021-08-05 03:17:44,90.0,82.0,6.0,2.0
2021-08-05 03:17:45,102.0,90.0,7.0,5.0
2021-08-05 03:17:46,96.0,81.0,3.0,12.0
2021-08-05 03:17:47,86.0,77.0,6.0,3.0
2021-08-05 03:17:48,102.0,97.0,3.0,2.0
2021-08-05 03:17:49,108.0,104.0,2.0,2.0
2021-08-05 03:17:50,85.0,73.0,4.0,8.0
2021-08-05 03:17:51,107.0,92.0,10.0,5.0
2021-08-05 03:17:52,105.0,85.0,13.0,7.0
2021-08-05 03:17:53,94.0,83.0,4.0,7.0
2021-08-05 03:17:54,96.0,80.0,9.0,7.0
2021-08-05 03:17:55,96.0,88.0,5.0,3.0
2021-08-05 03:17:56,100.0,91.0,4.0,5.0
2021-08-05 03:17:57,114.0,102.0,8.0,4.0
2021-08-05 03:17:58,99.0,89.0,6.0,4.0
2021-08-05 03:17:59,99.0,87.0,6.0,6.0
2021-08-05 03:18:00,91.0,81.0,7.0,3.0
2021-08-05 03:18:01,107.0,93.0,7.0,7.0
2021-08-05 03:18:02,92.0,82.0,6.0,4.0
2021-08-05 03:18:03,92.0,86.0,3.0,3.0
2021-08-05 03:18:04,88.0,79.0,5.0,4.0
2021-08-05 03:18:05,85.0,75.0,7.0,3.0
2021-08-05 03:18:06,101.0,89.0,4.0,8.0
2021-08-05 03:18:07,98.0,85.0,9.0,4.0
2021-08-05 03:18:08,94.0,84.0,7.0,3.0
2021-08-05 03:18:09,105.0,95.0,7.0,3.0
2021-08-05 03:18:10,93.0,81.0,9.0,3.0
2021-08-05 03:18:11,99.0,87.0,6.0,6.0
2021-08-05 03:18:12,98.0,89.0,7.0,2.0
2021-08-05 03:18:13,99.0,85.0,9.0,5.0
2021-08-05 03:18:14,80.0,71.0,6.0,3.0
2021-08-05 03:18:15,96.0,82.0,8.0,6.0
2021-08-05 03:18:16,92.0,85.0,5.0,2.0
2021-08-05 03:18:17,102.0,93.0,2.0,7.0
2021-08-05 03:18:18,93.0,71.0,13.0,9.0
2021-08-05 03:18:19,93.0,80.0,6.0,7.0
2021-08-05 03:18:20,107.0,92.0,10.0,5.0
2021-08-05 03:18:21,85.0,74.0,6.0,5.0
2021-08-05 03:18:22,97.0,89.0,8.0,0.0
2021-08-05 03:18:23,100.0,93.0,4.0,3.0
2021-08-05 03:18:24,98.0,86.0,6.0,6.0
2021-08-05 03:18:25,100.0,90.0,7.0,3.0
2021-08-05 03:18:26,96.0,88.0,6.0,2.0
2021-08-05 03:18:27,101.0,91.0,6.0,4.0
2021-08-05 03:18:28,98.0,94.0,2.0,2.0
2021-08-05 03:18:29,92.0,80.0,8.0,4.0
2021-08-05 03:18:30,99.0,87.0,10.0,2.0
2021-08-05 03:18:31,95.0,79.0,11.0,5.0
2021-08-05 03:18:32,101.0,86.0,8.0,7.0
2021-08-05 03:18:33,97.0,83.0,7.0,7.0
2021-08-05 03:18:34,86.0,76.0,7.0,3.0
2021-08-05 03:18:35,82.0,70.0,9.0,3.0
2021-08-05 03:18:36,75.0,66.0,7.0,2.0
2021-08-05 03:18:37,88.0,80.0,6.0,2.0
2021-08-05 03:18:38,102.0,88.0,5.0,9.0
2021-08-05 03:18:39,79.0,76.0,2.0,1.0
2021-08-05 03:18:40,98.0,82.0,8.0,8.0
2021-08-05 03:18:41,105.0,89.0,10.0,6.0
2021-08-05 03:18:42,95.0,88.0,1.0,6.0
2021-08-05 03:18:43,90.0,80.0,5.0,5.0
2021-08-05 03:18:44,87.0,76.0,9.0,2.0
2021-08-05 03:18:45,88.0,75.0,10.0,3.0
2021-08-05 03:18:46,91.0,84.0,5.0,2.0
2021-08-05 03:18:47,93.0,82.0,6.0,5.0
2021-08-05 03:18:48,99.0,88.0,6.0,5.0
2021-08-05 03:18:49,90.0,85.0,3.0,2.0
2021-08-05 03:18:50,81.0,72.0,5.0,4.0
2021-08-05 03:18:51,93.0,81.0,9.0,3.0
2021-08-05 03:18:52,107.0,93.0,10.0,4.0
2021-08-05 03:18:53,78.0,69.0,3.0,6.0
2021-08-05 03:18:54,98.0,91.0,6.0,1.0
2021-08-05 03:18:55,79.0,73.0,5.0,1.0
2021-08-05 03:18:56,90.0,77.0,7.0,6.0
2021-08-05 03:18:57,97.0,88.0,6.0,3.0
2021-08-05 03:18:58,83.0,77.0,6.0,0.0
2021-08-05 03:18:59,90.0,80.0,4.0,6.0
2021-08-05 03:19:00,100.0,88.0,8.0,4.0
2021-08-05 03:19:01,80.0,76.0,2.0,2.0
2021-08-05 03:19:02,89.0,83.0,5.0,1.0
2021-08-05 03:19:03,94.0,79.0,8.0,7.0
2021-08-05 03:19:04,78.0,69.0,5.0,4.0
2021-08-05 03:19:05,78.0,68.0,4.0,6.0
2021-08-05 03:19:06,92.0,85.0,3.0,4.0
2021-08-05 03:19:07,105.0,99.0,4.0,2.0
2021-08-05 03:19:08,95.0,84.0,7.0,4.0
2021-08-05 03:19:09,111.0,103.0,5.0,3.0
2021-08-05 03:19:10,100.0,90.0,9.0,1.0
2021-08-05 03:19:11,98.0,88.0,7.0,3.0
2021-08-05 03:19:12,92.0,78.0,8.0,6.0
2021-08-05 03:19:13,85.0,77.0,4.0,4.0
2021-08-05 03:19:14,85.0,75.0,5.0,5.0
2021-08-05 03:19:15,108.0,100.0,5.0,3.0
2021-08-05 03:19:16,95.0,85.0,6.0,4.0
2021-08-05 03:19:17,89.0,79.0,6.0,4.0
2021-08-05 03:19:18,100.0,83.0,9.0,8.0
2021-08-05 03:19:19,102.0,89.0,9.0,4.0
2021-08-05 03:19:20,90.0,82.0,5.0,3.0
2021-08-05 03:19:21,85.0,73.0,7.0,5.0
2021-08-05 03:19:22,118.0,107.0,6.0,5.0
2021-08-05 03:19:23,91.0,81.0,7.0,3.0
2021-08-05 03:19:24,92.0,85.0,3.0,4.0
2021-08-05 03:19:25,78.0,74.0,4.0,0.0
2021-08-05 03:19:26,113.0,102.0,3.0,8.0
2021-08-05 03:19:27,98.0,88.0,4.0,6.0
2021-08-05 03:19:28,98.0,87.0,10.0,1.0
2021-08-05 03:19:29,100.0,83.0,10.0,7.0
2021-08-05 03:19:30,84.0,73.0,7.0,4.0
2021-08-05 03:19:31,105.0,94.0,5.0,6.0
2021-08-05 03:19:32,97.0,84.0,5.0,8.0
2021-08-05 03:19:33,118.0,110.0,4.0,4.0
2021-08-05 03:19:34,90.0,85.0,2.0,3.0
2021-08-05 03:19:35,104.0,88.0,8.0,8.0
2021-08-05 03:19:36,85.0,75.0,6.0,4.0
2021-08-05 03:19:37,104.0,94.0,7.0,3.0
2021-08-05 03:19:38,83.0,73.0,7.0,3.0
2021-08-05 03:19:39,91.0,81.0,5.0,5.0
2021-08-05 03:19:40,96.0,78.0,6.0,12.0
2021-08-05 03:19:41,79.0,72.0,3.0,4.0
2021-08-05 03:19:42,107.0,90.0,8.0,9.0
2021-08-05 03:19:43,89.0,73.0,12.0,4.0
2021-08-05 03:19:44,90.0,78.0,8.0,4.0
2021-08-05 03:19:45,77.0,71.0,4.0,2.0
2021-08-05 03:19:46,93.0,85.0,4.0,4.0
2021-08-05 03:19:47,84.0,71.0,11.0,2.0
2021-08-05 03:19:48,99.0,84.0,8.0,7.0
2021-08-05 03:19:49,84.0,74.0,3.0,7.0
2021-08-05 03:19:50,93.0,87.0,4.0,2.0
2021-08-05 03:19:51,81.0,70.0,3.0,8.0
2021-08-05 03:19:52,77.0,69.0,2.0,6.0
2021-08-05 03:19:53,87.0,77.0,7.0,3.0
2021-08-05 03:19:54,86.0,75.0,5.0,6.0
2021-08-05 03:19:55,82.0,74.0,5.0,3.0
2021-08-05 03:19:56,109.0,91.0,11.0,7.0
2021-08-05 03:19:57,97.0,87.0,5.0,5.0
2021-08-05 03:19:58,92.0,81.0,8.0,3.0
2021-08-05 03:19:59,87.0,78.0,7.0,2.0
2021-08-05 03:20:00,100.0,88.0,9.0,3.0
2021-08-05 03:20:01,103.0,92.0,2.0,9.0
2021-08-05 03:20:02,99.0,87.0,8.0,4.0
2021-08-05 03:20:03,89.0,80.0,7.0,2.0
2021-08-05 03:20:04,104.0,98.0,1.0,5.0
2021-08-05 03:20:05,117.0,100.0,5.0,12.0
2021-08-05 03:20:06,84.0,73.0,9.0,2.0
2021-08-05 03:20:07,84.0,76.0,5.0,3.0
2021-08-05 03:20:08,92.0,84.0,4.0,4.0
2021-08-05 03:20:09,105.0,91.0,8.0,6.0
2021-08-05 03:20:10,93.0,82.0,9.0,2.0
2021-08-05 03:20:11,90.0,79.0,7.0,4.0
2021-08-05 03:20:12,91.0,84.0,4.0,3.0
2021-08-05 03:20:13,96.0,87.0,5.0,4.0
2021-08-05 03:20:14,115.0,95.0,9.0,11.0
2021-08-05 03:20:15,103.0,92.0,10.0,1.0
2021-08-05 03:20:16,102.0,89.0,7.0,6.0
2021-08-05 03:20:17,96.0,91.0,4.0,1.0
2021-08-05 03:20:18,107.0,97.0,7.0,3.0
2021-08-05 03:20:19,87.0,79.0,3.0,5.0
2021-08-05 03:20:20,78.0,67.0,5.0,6.0
2021-08-05 03:20:21,107.0,99.0,6.0,2.0
2021-08-05 03:20:22,100.0,86.0,11.0,3.0
2021-08-05 03:20:23,98.0,90.0,6.0,2.0
2021-08-05 03:20:24,101.0,84.0,13.0,4.0
2021-08-05 03:20:25,83.0,77.0,4.0,2.0
2021-08-05 03:20:26,90.0,80.0,6.0,4.0
2021-08-05 03:20:27,84.0,74.0,8.0,2.0
2021-08-05 03:20:28,99.0,83.0,12.0,4.0
2021-08-05 03:20:29,96.0,81.0,8.0,7.0
2021-08-05 03:20:30,103.0,92.0,6.0,5.0
2021-08-05 03:20:31,90.0,81.0,5.0,4.0
2021-08-05 03:20:32,95.0,87.0,6.0,2.0
2021-08-05 03:20:33,102.0,92.0,5.0,5.0
2021-08-05 03:20:34,95.0,82.0,8.0,5.0
2021-08-05 03:20:35,85.0,74.0,6.0,5.0
2021-08-05 03:20:36,82.0,68.0,9.0,5.0
2021-08-05 03:20:37,95.0,82.0,7.0,6.0
2021-08-05 03:20:38,94.0,87.0,5.0,2.0
2021-08-05 03:20:39,98.0,87.0,6.0,5.0
2021-08-05 03:20:40,97.0,87.0,8.0,2.0
2021-08-05 03:20:41,95.0,83.0,7.0,5.0
2021-08-05 03:20:42,78.0,70.0,4.0,4.0
2021-08-05 03:20:43,93.0,86.0,4.0,3.0
2021-08-05 03:20:44,88.0,78.0,6.0,4.0
2021-08-05 03:20:45,106.0,92.0,7.0,7.0
2021-08-05 03:20:46,97.0,91.0,3.0,3.0
2021-08-05 03:20:47,91.0,83.0,5.0,3.0
2021-08-05 03:20:48,94.0,82.0,5.0,7.0
2021-08-05 03:20:49,80.0,70.0,6.0,4.0
2021-08-05 03:20:50,85.0,77.0,5.0,3.0
2021-08-05 03:20:51,117.0,100.0,9.0,8.0
2021-08-05 03:20:52,83.0,75.0,6.0,2.0
2021-08-05 03:20:53,90.0,83.0,6.0,1.0
2021-08-05 03:20:54,102.0,89.0,10.0,3.0
2021-08-05 03:20:55,103.0,91.0,10.0,2.0
2021-08-05 03:20:56,108.0,95.0,9.0,4.0
2021-08-05 03:20:57,94.0,78.0,9.0,7.0
2021-08-05 03:20:58,94.0,88.0,5.0,1.0
2021-08-05 03:20:59,95.0,81.0,8.0,6.0
2021-08-05 03:21:00,93.0,81.0,7.0,5.0
2021-08-05 03:21:01,103.0,90.0,7.0,6.0
2021-08-05 03:21:02,84.0,72.0,6.0,6.0
2021-08-05 03:21:03,92.0,86.0,3.0,3.0
2021-08-05 03:21:04,100.0,84.0,8.0,8.0
2021-08-05 03:21:05,93.0,77.0,9.0,7.0
2021-08-05 03:21:06,98.0,83.0,10.0,5.0
2021-08-05 03:21:07,124.0,111.0,6.0,7.0
2021-08-05 03:21:08,69.0,61.0,4.0,4.0
2021-08-05 03:21:09,81.0,76.0,4.0,1.0
2021-08-05 03:21:10,90.0,84.0,4.0,2.0
2021-08-05 03:21:11,79.0,69.0,5.0,5.0
2021-08-05 03:21:12,82.0,72.0,6.0,4.0
2021-08-05 03:21:13,91.0,81.0,7.0,3.0
2021-08-05 03:21:14,83.0,73.0,7.0,3.0
2021-08-05 03:21:15,99.0,93.0,5.0,1.0
2021-08-05 03:21:16,89.0,81.0,5.0,3.0
2021-08-05 03:21:17,99.0,87.0,4.0,8.0
2021-08-05 03:21:18,84.0,71.0,10.0,3.0
2021-08-05 03:21:19,85.0,72.0,8.0,5.0
2021-08-05 03:21:20,91.0,85.0,3.0,3.0
2021-08-05 03:21:21,91.0,85.0,3.0,3.0
2021-08-05 03:21:22,87.0,78.0,4.0,5.0
2021-08-05 03:21:23,87.0,79.0,7.0,1.0
2021-08-05 03:21:24,111.0,103.0,5.0,3.0
2021-08-05 03:21:25,93.0,86.0,4.0,3.0
2021-08-05 03:21:26,98.0,91.0,3.0,4.0
2021-08-05 03:21:27,92.0,83.0,7.0,2.0
2021-08-05 03:21:28,79.0,72.0,7.0,0.0
2021-08-05 03:21:29,101.0,89.0,4.0,8.0
2021-08-05 03:21:30,96.0,90.0,4.0,2.0
2021-08-05 03:21:31,106.0,91.0,9.0,6.0
2021-08-05 03:21:32,118.0,107.0,6.0,5.0
2021-08-05 03:21:33,77.0,67.0,5.0,5.0
2021-08-05 03:21:34,93.0,86.0,4.0,3.0
2021-08-05 03:21:35,95.0,81.0,10.0,4.0
2021-08-05 03:21:36,104.0,92.0,6.0,6.0
2021-08-05 03:21:37,109.0,95.0,6.0,8.0
2021-08-05 03:21:38,102.0,89.0,5.0,8.0
2021-08-05 03:21:39,99.0,86.0,9.0,4.0
2021-08-05 03:21:40,87.0,77.0,7.0,3.0
2021-08-05 03:21:41,89.0,75.0,4.0,10.0
2021-08-05 03:21:42,107.0,95.0,6.0,6.0
2021-08-05 03:21:43,101.0,86.0,7.0,8.0
2021-08-05 03:21:44,95.0,73.0,15.0,7.0
2021-08-05 03:21:45,102.0,85.0,13.0,4.0
2021-08-05 03:21:46,102.0,93.0,5.0,4.0
2021-08-05 03:21:47,86.0,75.0,7.0,4.0
2021-08-05 03:21:48,90.0,84.0,4.0,2.0
2021-08-05 03:21:49,77.0,67.0,6.0,4.0
2021-08-05 03:21:50,89.0,81.0,2.0,6.0
2021-08-05 03:21:51,94.0,82.0,4.0,8.0
2021-08-05 03:21:52,93.0,80.0,5.0,8.0
2021-08-05 03:21:53,85.0,73.0,6.0,6.0
2021-08-05 03:21:54,100.0,88.0,7.0,5.0
2021-08-05 03:21:55,71.0,64.0,4.0,3.0
2021-08-05 03:21:56,72.0,64.0,5.0,3.0
2021-08-05 03:21:57,109.0,100.0,5.0,4.0
2021-08-05 03:21:58,101.0,88.0,10.0,3.0
2021-08-05 03:21:59,95.0,77.0,10.0,8.0
2021-08-05 03:22:00,91.0,82.0,7.0,2.0
2021-08-05 03:22:01,104.0,96.0,5.0,3.0
2021-08-05 03:22:02,96.0,85.0,9.0,2.0
2021-08-05 03:22:03,90.0,79.0,8.0,3.0
2021-08-05 03:22:04,77.0,66.0,7.0,4.0
2021-08-05 03:22:05,102.0,89.0,11.0,2.0
2021-08-05 03:22:06,97.0,85.0,7.0,5.0
2021-08-05 03:22:07,71.0,61.0,7.0,3.0
2021-08-05 03:22:08,105.0,93.0,10.0,2.0
2021-08-05 03:22:09,120.0,110.0,6.0,4.0
2021-08-05 03:22:10,97.0,84.0,8.0,5.0
2021-08-05 03:22:11,99.0,85.0,8.0,6.0
2021-08-05 03:22:12,92.0,85.0,6.0,1.0
2021-08-05 03:22:13,95.0,84.0,5.0,6.0
2021-08-05 03:22:14,79.0,66.0,7.0,6.0
2021-08-05 03:22:15,86.0,79.0,6.0,1.0
2021-08-05 03:22:16,109.0,100.0,4.0,5.0
2021-08-05 03:22:17,91.0,82.0,5.0,4.0
2021-08-05 03:22:18,89.0,83.0,4.0,2.0
2021-08-05 03:22:19,98.0,86.0,5.0,7.0
2021-08-05 03:22:20,81.0,75.0,6.0,0.0
2021-08-05 03:22:21,99.0,89.0,2.0,8.0
2021-08-05 03:22:22,106.0,94.0,6.0,6.0
2021-08-05 03:22:23,76.0,65.0,4.0,7.0
2021-08-05 03:22:24,105.0,96.0,6.0,3.0
2021-08-05 03:22:25,102.0,87.0,7.0,8.0
2021-08-05 03:22:26,92.0,77.0,9.0,6.0
2021-08-05 03:22:27,106.0,96.0,5.0,5.0
2021-08-05 03:22:28,98.0,81.0,11.0,6.0
2021-08-05 03:22:29,74.0,70.0,3.0,1.0
2021-08-05 03:22:30,86.0,77.0,6.0,3.0
2021-08-05 03:22:31,88.0,72.0,10.0,6.0
2021-08-05 03:22:32,94.0,83.0,7.0,4.0
2021-08-05 03:22:33,85.0,76.0,7.0,2.0
2021-08-05 03:22:34,85.0,74.0,7.0,4.0
2021-08-05 03:22:35,93.0,78.0,7.0,8.0
2021-08-05 03:22:36,91.0,80.0,9.0,2.0
2021-08-05 03:22:37,76.0,65.0,7.0,4.0
2021-08-05 03:22:38,93.0,81.0,7.0,5.0
2021-08-05 03:22:39,83.0,71.0,5.0,7.0
2021-08-05 03:22:40,82.0,75.0,3.0,4.0
2021-08-05 03:22:41,105.0,96.0,7.0,2.0
2021-08-05 03:22:42,88.0,77.0,11.0,0.0
2021-08-05 03:22:43,106.0,98.0,1.0,7.0
2021-08-05 03:22:44,90.0,80.0,8.0,2.0
2021-08-05 03:22:45,91.0,80.0,6.0,5.0
2021-08-05 03:22:46,85.0,75.0,8.0,2.0
2021-08-05 03:22:47,101.0,89.0,4.0,8.0
2021-08-05 03:22:48,84.0,69.0,11.0,4.0
2021-08-05 03:22:49,97.0,84.0,9.0,4.0
2021-08-05 03:22:50,73.0,61.0,6.0,6.0
2021-08-05 03:22:51,77.0,75.0,1.0,1.0
2021-08-05 03:22:52,77.0,70.0,2.0,5.0
2021-08-05 03:22:53,77.0,68.0,5.0,4.0
2021-08-05 03:22:54,84.0,69.0,10.0,5.0
2021-08-05 03:22:55,108.0,95.0,9.0,4.0
2021-08-05 03:22:56,78.0,71.0,2.0,5.0
2021-08-05 03:22:57,88.0,81.0,6.0,1.0
2021-08-05 03:22:58,92.0,81.0,6.0,5.0
2021-08-05 03:22:59,99.0,88.0,6.0,5.0
2021-08-05 03:23:00,98.0,85.0,4.0,9.0
2021-08-05 03:23:01,84.0,75.0,3.0,6.0
2021-08-05 03:23:02,83.0,72.0,7.0,4.0
2021-08-05 03:23:03,81.0,74.0,6.0,1.0
2021-08-05 03:23:04,85.0,74.0,5.0,6.0
2021-08-05 03:23:05,89.0,76.0,10.0,3.0
2021-08-05 03:23:06,85.0,79.0,4.0,2.0
2021-08-05 03:23:07,106.0,90.0,12.0,4.0
2021-08-05 03:23:08,101.0,88.0,8.0,5.0
2021-08-05 03:23:09,83.0,74.0,5.0,4.0
2021-08-05 03:23:10,83.0,76.0,3.0,4.0
2021-08-05 03:23:11,78.0,67.0,9.0,2.0
2021-08-05 03:23:12,110.0,98.0,10.0,2.0
2021-08-05 03:23:13,109.0,98.0,4.0,7.0
2021-08-05 03:23:14,104.0,98.0,5.0,1.0
2021-08-05 03:23:15,97.0,81.0,6.0,10.0
2021-08-05 03:23:16,113.0,101.0,8.0,4.0
2021-08-05 03:23:17,96.0,84.0,5.0,7.0
2021-08-05 03:23:18,99.0,84.0,8.0,7.0
2021-08-05 03:23:19,94.0,82.0,7.0,5.0
2021-08-05 03:23:20,93.0,86.0,5.0,2.0
2021-08-05 03:23:21,106.0,92.0,9.0,5.0
2021-08-05 03:23:22,92.0,85.0,3.0,4.0
2021-08-05 03:23:23,84.0,77.0,4.0,3.0
2021-08-05 03:23:24,100.0,90.0,7.0,3.0
2021-08-05 03:23:25,96.0,81.0,7.0,8.0
2021-08-05 03:23:26,87.0,83.0,3.0,1.0
2021-08-05 03:23:27,93.0,81.0,9.0,3.0
2021-08-05 03:23:28,100.0,83.0,11.0,6.0
2021-08-05 03:23:29,81.0,71.0,7.0,3.0
2021-08-05 03:23:30,95.0,87.0,7.0,1.0
2021-08-05 03:23:31,110.0,90.0,10.0,10.0
2021-08-05 03:23:32,70.0,63.0,3.0,4.0
2021-08-05 03:23:33,103.0,92.0,7.0,4.0
2021-08-05 03:23:34,78.0,74.0,2.0,2.0
2021-08-05 03:23:35,87.0,84.0,2.0,1.0
2021-08-05 03:23:36,102.0,93.0,6.0,3.0
2021-08-05 03:23:37,93.0,82.0,10.0,1.0
2021-08-05 03:23:38,89.0,79.0,3.0,7.0
2021-08-05 03:23:39,93.0,80.0,5.0,8.0
2021-08-05 03:23:40,97.0,87.0,6.0,4.0
2021-08-05 03:23:41,102.0,91.0,7.0,4.0
2021-08-05 03:23:42,82.0,77.0,3.0,2.0
2021-08-05 03:23:43,102.0,90.0,7.0,5.0
2021-08-05 03:23:44,108.0,98.0,4.0,6.0
2021-08-05 03:23:45,93.0,81.0,8.0,4.0
2021-08-05 03:23:46,90.0,81.0,5.0,4.0
2021-08-05 03:23:47,86.0,78.0,3.0,5.0
2021-08-05 03:23:48,109.0,97.0,5.0,7.0
2021-08-05 03:23:49,86.0,71.0,7.0,8.0
2021-08-05 03:23:50,88.0,78.0,6.0,4.0
2021-08-05 03:23:51,81.0,75.0,3.0,3.0
2021-08-05 03:23:52,95.0,84.0,5.0,6.0
2021-08-05 03:23:53,84.0,76.0,5.0,3.0
2021-08-05 03:23:54,88.0,81.0,6.0,1.0
2021-08-05 03:23:55,112.0,101.0,6.0,5.0
2021-08-05 03:23:56,108.0,99.0,5.0,4.0
2021-08-05 03:23:57,89.0,69.0,10.0,10.0
2021-08-05 03:23:58,94.0,88.0,3.0,3.0
2021-08-05 03:23:59,87.0,74.0,6.0,7.0
2021-08-05 03:24:00,86.0,77.0,2.0,7.0
2021-08-05 03:24:01,96.0,92.0,3.0,1.0
2021-08-05 03:24:02,100.0,91.0,4.0,5.0
2021-08-05 03:24:03,82.0,75.0,2.0,5.0
2021-08-05 03:24:04,86.0,77.0,8.0,1.0
2021-08-05 03:24:05,104.0,87.0,10.0,7.0
2021-08-05 03:24:06,98.0,86.0,10.0,2.0
2021-08-05 03:24:07,98.0,84.0,9.0,5.0
2021-08-05 03:24:08,106.0,97.0,5.0,4.0
2021-08-05 03:24:09,84.0,75.0,5.0,4.0
2021-08-05 03:24:10,107.0,93.0,9.0,5.0
2021-08-05 03:24:11,93.0,84.0,7.0,2.0
2021-08-05 03:24:12,95.0,83.0,7.0,5.0
2021-08-05 03:24:13,88.0,76.0,8.0,4.0
2021-08-05 03:24:14,92.0,81.0,6.0,5.0
2021-08-05 03:24:15,90.0,79.0,7.0,4.0
2021-08-05 03:24:16,82.0,71.0,8.0,3.0
2021-08-05 03:24:17,93.0,78.0,11.0,4.0
2021-08-05 03:24:18,72.0,64.0,6.0,2.0
2021-08-05 03:24:19,88.0,78.0,7.0,3.0
2021-08-05 03:24:20,84.0,76.0,3.0,5.0
2021-08-05 03:24:21,88.0,82.0,3.0,3.0
2021-08-05 03:24:22,106.0,92.0,10.0,4.0
2021-08-05 03:24:23,96.0,82.0,8.0,6.0
2021-08-05 03:24:24,95.0,78.0,13.0,4.0
2021-08-05 03:24:25,91.0,80.0,6.0,5.0
2021-08-05 03:24:26,114.0,98.0,10.0,6.0
2021-08-05 03:24:27,87.0,80.0,6.0,1.0
2021-08-05 03:24:28,83.0,74.0,5.0,4.0
2021-08-05 03:24:29,89.0,77.0,7.0,5.0
2021-08-05 03:24:30,95.0,86.0,7.0,2.0
2021-08-05 03:24:31,86.0,74.0,8.0,4.0
2021-08-05 03:24:32,95.0,84.0,5.0,6.0
2021-08-05 03:24:33,77.0,68.0,5.0,4.0
2021-08-05 03:24:34,75.0,68.0,6.0,1.0
2021-08-05 03:24:35,104.0,88.0,11.0,5.0
2021-08-05 03:24:36,89.0,82.0,4.0,3.0
2021-08-05 03:24:37,106.0,94.0,8.0,4.0
2021-08-05 03:24:38,91.0,83.0,5.0,3.0
2021-08-05 03:24:39,95.0,84.0,6.0,5.0
2021-08-05 03:24:40,90.0,82.0,4.0,4.0
2021-08-05 03:24:41,97.0,85.0,7.0,5.0
2021-08-05 03:24:42,112.0,96.0,9.0,7.0
2021-08-05 03:24:43,91.0,82.0,5.0,4.0
2021-08-05 03:24:44,117.0,99.0,13.0,5.0
2021-08-05 03:24:45,90.0,76.0,8.0,6.0
2021-08-05 03:24:46,95.0,88.0,3.0,4.0
2021-08-05 03:24:47,90.0,80.0,8.0,2.0
2021-08-05 03:24:48,98.0,88.0,6.0,4.0
2021-08-05 03:24:49,115.0,102.0,9.0,4.0
2021-08-05 03:24:50,87.0,73.0,9.0,5.0
2021-08-05 03:24:51,93.0,82.0,6.0,5.0
2021-08-05 03:24:52,78.0,67.0,4.0,7.0
2021-08-05 03:24:53,95.0,80.0,6.0,9.0
2021-08-05 03:24:54,72.0,66.0,4.0,2.0
2021-08-05 03:24:55,96.0,84.0,8.0,4.0
2021-08-05 03:24:56,87.0,77.0,4.0,6.0
2021-08-05 03:24:57,95.0,88.0,3.0,4.0
2021-08-05 03:24:58,98.0,89.0,6.0,3.0
2021-08-05 03:24:59,97.0,83.0,10.0,4.0
2021-08-05 03:25:00,104.0,92.0,7.0,5.0
2021-08-05 03:25:01,99.0,88.0,7.0,4.0
2021-08-05 03:25:02,92.0,77.0,8.0,7.0
2021-08-05 03:25:03,99.0,87.0,6.0,6.0
2021-08-05 03:25:04,86.0,73.0,4.0,9.0
2021-08-05 03:25:05,99.0,90.0,0.0,9.0
2021-08-05 03:25:06,113.0,106.0,4.0,3.0
2021-08-05 03:25:07,99.0,86.0,9.0,4.0
2021-08-05 03:25:08,84.0,75.0,6.0,3.0
2021-08-05 03:25:09,103.0,88.0,12.0,3.0
2021-08-05 03:25:10,90.0,80.0,6.0,4.0
2021-08-05 03:25:11,92.0,85.0,2.0,5.0
2021-08-05 03:25:12,98.0,89.0,3.0,6.0
2021-08-05 03:25:13,105.0,94.0,6.0,5.0
2021-08-05 03:25:14,86.0,79.0,2.0,5.0
2021-08-05 03:25:15,79.0,73.0,5.0,1.0
2021-08-05 03:25:16,85.0,72.0,8.0,5.0
2021-08-05 03:25:17,99.0,89.0,5.0,5.0
2021-08-05 03:25:18,90.0,83.0,4.0,3.0
2021-08-05 03:25:19,102.0,90.0,6.0,6.0
2021-08-05 03:25:20,94.0,83.0,6.0,5.0
2021-08-05 03:25:21,78.0,72.0,5.0,1.0
2021-08-05 03:25:22,79.0,71.0,6.0,2.0
2021-08-05 03:25:23,73.0,63.0,5.0,5.0
2021-08-05 03:25:24,93.0,84.0,3.0,6.0
2021-08-05 03:25:25,114.0,101.0,4.0,9.0
2021-08-05 03:25:26,98.0,86.0,7.0,5.0
2021-08-05 03:25:27,87.0,82.0,4.0,1.0
2021-08-05 03:25:28,98.0,91.0,6.0,1.0
2021-08-05 03:25:29,98.0,87.0,5.0,6.0
2021-08-05 03:25:30,98.0,82.0,10.0,6.0
2021-08-05 03:25:31,107.0,89.0,12.0,6.0
2021-08-05 03:25:32,90.0,80.0,9.0,1.0
2021-08-05 03:25:33,97.0,76.0,13.0,8.0
2021-08-05 03:25:34,100.0,91.0,6.0,3.0
2021-08-05 03:25:35,101.0,86.0,9.0,6.0
2021-08-05 03:25:36,95.0,85.0,5.0,5.0
2021-08-05 03:25:37,107.0,89.0,11.0,7.0
2021-08-05 03:25:38,103.0,97.0,5.0,1.0
2021-08-05 03:25:39,90.0,80.0,6.0,4.0
2021-08-05 03:25:40,66.0,55.0,5.0,6.0
2021-08-05 03:25:41,102.0,93.0,8.0,1.0
2021-08-05 03:25:42,90.0,81.0,6.0,3.0
2021-08-05 03:25:43,79.0,68.0,7.0,4.0
2021-08-05 03:25:44,85.0,79.0,2.0,4.0
2021-08-05 03:25:45,80.0,73.0,4.0,3.0
2021-08-05 03:25:46,88.0,78.0,7.0,3.0
2021-08-05 03:25:47,100.0,88.0,6.0,6.0
2021-08-05 03:25:48,83.0,70.0,8.0,5.0
2021-08-05 03:25:49,108.0,97.0,9.0,2.0
2021-08-05 03:25:50,87.0,78.0,4.0,5.0
2021-08-05 03:25:51,124.0,112.0,9.0,3.0
2021-08-05 03:25:52,91.0,85.0,3.0,3.0
2021-08-05 03:25:53,95.0,85.0,4.0,6.0
2021-08-05 03:25:54,83.0,71.0,7.0,5.0
2021-08-05 03:25:55,72.0,59.0,7.0,6.0
2021-08-05 03:25:56,106.0,94.0,8.0,4.0
2021-08-05 03:25:57,100.0,92.0,4.0,4.0
2021-08-05 03:25:58,100.0,89.0,7.0,4.0
2021-08-05 03:25:59,106.0,97.0,6.0,3.0
2021-08-05 03:26:00,93.0,80.0,8.0,5.0
2021-08-05 03:26:01,91.0,78.0,6.0,7.0
2021-08-05 03:26:02,93.0,83.0,5.0,5.0
2021-08-05 03:26:03,97.0,82.0,10.0,5.0
2021-08-05 03:26:04,90.0,80.0,7.0,3.0
2021-08-05 03:26:05,102.0,97.0,4.0,1.0
2021-08-05 03:26:06,107.0,94.0,8.0,5.0
2021-08-05 03:26:07,92.0,80.0,10.0,2.0
2021-08-05 03:26:08,88.0,78.0,5.0,5.0
2021-08-05 03:26:09,103.0,88.0,8.0,7.0
2021-08-05 03:26:10,104.0,92.0,7.0,5.0
2021-08-05 03:26:11,87.0,78.0,7.0,2.0
2021-08-05 03:26:12,102.0,91.0,5.0,6.0
2021-08-05 03:26:13,97.0,86.0,6.0,5.0
2021-08-05 03:26:14,92.0,77.0,10.0,5.0
2021-08-05 03:26:15,106.0,96.0,6.0,4.0
2021-08-05 03:26:16,93.0,81.0,5.0,7.0
2021-08-05 03:26:17,85.0,70.0,10.0,5.0
2021-08-05 03:26:18,97.0,81.0,13.0,3.0
2021-08-05 03:26:19,107.0,96.0,5.0,6.0
2021-08-05 03:26:20,99.0,88.0,7.0,4.0
2021-08-05 03:26:21,89.0,76.0,8.0,5.0
2021-08-05 03:26:22,106.0,96.0,6.0,4.0
2021-08-05 03:26:23,95.0,89.0,2.0,4.0
2021-08-05 03:26:24,95.0,82.0,5.0,8.0
2021-08-05 03:26:25,82.0,71.0,6.0,5.0
2021-08-05 03:26:26,116.0,110.0,4.0,2.0
2021-08-05 03:26:27,89.0,80.0,6.0,3.0
2021-08-05 03:26:28,100.0,86.0,6.0,8.0
2021-08-05 03:26:29,92.0,78.0,8.0,6.0
2021-08-05 03:26:30,96.0,87.0,7.0,2.0
2021-08-05 03:26:31,94.0,86.0,4.0,4.0
2021-08-05 03:26:32,83.0,74.0,6.0,3.0
2021-08-05 03:26:33,93.0,86.0,5.0,2.0
2021-08-05 03:26:34,105.0,94.0,6.0,5.0
2021-08-05 03:26:35,107.0,97.0,6.0,4.0
2021-08-05 03:26:36,101.0,92.0,6.0,3.0
2021-08-05 03:26:37,92.0,79.0,6.0,7.0
2021-08-05 03:26:38,103.0,89.0,5.0,9.0
2021-08-05 03:26:39,106.0,89.0,8.0,9.0
2021-08-05 03:26:40,75.0,67.0,8.0,0.0
2021-08-05 03:26:41,94.0,82.0,8.0,4.0
2021-08-05 03:26:42,94.0,82.0,4.0,8.0
2021-08-05 03:26:43,105.0,96.0,3.0,6.0
2021-08-05 03:26:44,95.0,84.0,8.0,3.0
2021-08-05 03:26:45,109.0,94.0,8.0,7.0
2021-08-05 03:26:46,83.0,75.0,5.0,3.0
2021-08-05 03:26:47,79.0,68.0,9.0,2.0
2021-08-05 03:26:48,101.0,88.0,9.0,4.0
2021-08-05 03:26:49,90.0,82.0,4.0,4.0
2021-08-05 03:26:50,92.0,82.0,6.0,4.0
2021-08-05 03:26:51,95.0,79.0,8.0,8.0
2021-08-05 03:26:52,91.0,86.0,4.0,1.0
2021-08-05 03:26:53,71.0,64.0,2.0,5.0
2021-08-05 03:26:54,88.0,78.0,6.0,4.0
2021-08-05 03:26:55,109.0,99.0,7.0,3.0
2021-08-05 03:26:56,118.0,106.0,9.0,3.0
2021-08-05 03:26:57,86.0,72.0,6.0,8.0
2021-08-05 03:26:58,105.0,90.0,9.0,6.0
2021-08-05 03:26:59,94.0,81.0,7.0,6.0
2021-08-05 03:27:00,89.0,77.0,8.0,4.0
2021-08-05 03:27:01,92.0,85.0,6.0,1.0
2021-08-05 03:27:02,83.0,74.0,4.0,5.0
2021-08-05 03:27:03,90.0,83.0,6.0,1.0
2021-08-05 03:27:04,91.0,78.0,7.0,6.0
2021-08-05 03:27:05,97.0,83.0,9.0,5.0
2021-08-05 03:27:06,89.0,78.0,7.0,4.0
2021-08-05 03:27:07,78.0,70.0,5.0,3.0
2021-08-05 03:27:08,100.0,89.0,6.0,5.0
2021-08-05 03:27:09,83.0,72.0,6.0,5.0
2021-08-05 03:27:10,109.0,94.0,8.0,7.0
2021-08-05 03:27:11,91.0,80.0,8.0,3.0
2021-08-05 03:27:12,103.0,88.0,10.0,5.0
2021-08-05 03:27:13,93.0,88.0,3.0,2.0
2021-08-05 03:27:14,83.0,69.0,10.0,4.0
2021-08-05 03:27:15,106.0,86.0,11.0,9.0
2021-08-05 03:27:16,69.0,61.0,5.0,3.0
2021-08-05 03:27:17,93.0,81.0,6.0,6.0
2021-08-05 03:27:18,82.0,68.0,11.0,3.0
2021-08-05 03:27:19,102.0,98.0,2.0,2.0
2021-08-05 03:27:20,96.0,84.0,5.0,7.0
2021-08-05 03:27:21,101.0,92.0,7.0,2.0
2021-08-05 03:27:22,96.0,76.0,12.0,8.0
2021-08-05 03:27:23,109.0,101.0,6.0,2.0
2021-08-05 03:27:24,92.0,83.0,3.0,6.0
2021-08-05 03:27:25,91.0,83.0,6.0,2.0
2021-08-05 03:27:26,78.0,69.0,8.0,1.0
2021-08-05 03:27:27,108.0,97.0,8.0,3.0
2021-08-05 03:27:28,87.0,76.0,5.0,6.0
2021-08-05 03:27:29,79.0,72.0,2.0,5.0
2021-08-05 03:27:30,91.0,85.0,4.0,2.0
2021-08-05 03:27:31,79.0,67.0,4.0,8.0
2021-08-05 03:27:32,99.0,87.0,7.0,5.0
2021-08-05 03:27:33,108.0,102.0,5.0,1.0
2021-08-05 03:27:34,103.0,92.0,8.0,3.0
2021-08-05 03:27:35,97.0,83.0,10.0,4.0
2021-08-05 03:27:36,85.0,75.0,3.0,7.0
2021-08-05 03:27:37,91.0,82.0,7.0,2.0
2021-08-05 03:27:38,88.0,72.0,8.0,8.0
2021-08-05 03:27:39,89.0,77.0,6.0,6.0
2021-08-05 03:27:40,91.0,75.0,9.0,7.0
2021-08-05 03:27:41,91.0,82.0,5.0,4.0
2021-08-05 03:27:42,88.0,75.0,7.0,6.0
2021-08-05 03:27:43,85.0,74.0,5.0,6.0
2021-08-05 03:27:44,98.0,86.0,8.0,4.0
2021-08-05 03:27:45,91.0,83.0,3.0,5.0
2021-08-05 03:27:46,104.0,95.0,7.0,2.0
2021-08-05 03:27:47,81.0,73.0,4.0,4.0
2021-08-05 03:27:48,107.0,96.0,7.0,4.0
2021-08-05 03:27:49,83.0,74.0,6.0,3.0
2021-08-05 03:27:50,83.0,76.0,5.0,2.0
2021-08-05 03:27:51,90.0,76.0,10.0,4.0
2021-08-05 03:27:52,99.0,90.0,6.0,3.0
2021-08-05 03:27:53,93.0,84.0,6.0,3.0
2021-08-05 03:27:54,81.0,76.0,4.0,1.0
2021-08-05 03:27:55,110.0,97.0,7.0,6.0
2021-08-05 03:27:56,80.0,73.0,4.0,3.0
2021-08-05 03:27:57,103.0,92.0,10.0,1.0
2021-08-05 03:27:58,84.0,70.0,5.0,9.0
2021-08-05 03:27:59,100.0,91.0,3.0,6.0
2021-08-05 03:28:00,90.0,81.0,4.0,5.0
2021-08-05 03:28:01,113.0,95.0,13.0,5.0
2021-08-05 03:28:02,105.0,87.0,9.0,9.0
2021-08-05 03:28:03,105.0,93.0,8.0,4.0
2021-08-05 03:28:04,102.0,87.0,8.0,7.0
2021-08-05 03:28:05,93.0,84.0,4.0,5.0
2021-08-05 03:28:06,97.0,85.0,6.0,6.0
2021-08-05 03:28:07,98.0,86.0,10.0,2.0
2021-08-05 03:28:08,95.0,84.0,7.0,4.0
2021-08-05 03:28:09,93.0,76.0,10.0,7.0
2021-08-05 03:28:10,86.0,74.0,6.0,6.0
2021-08-05 03:28:11,90.0,79.0,5.0,6.0
2021-08-05 03:28:12,86.0,79.0,5.0,2.0
2021-08-05 03:28:13,92.0,79.0,9.0,4.0
2021-08-05 03:28:14,113.0,98.0,8.0,7.0
2021-08-05 03:28:15,94.0,85.0,5.0,4.0
2021-08-05 03:28:16,81.0,72.0,8.0,1.0
2021-08-05 03:28:17,81.0,74.0,5.0,2.0
2021-08-05 03:28:18,81.0,72.0,5.0,4.0
2021-08-05 03:28:19,102.0,93.0,5.0,4.0
2021-08-05 03:28:20,110.0,97.0,7.0,6.0
2021-08-05 03:28:21,83.0,76.0,4.0,3.0
2021-08-05 03:28:22,99.0,94.0,3.0,2.0
2021-08-05 03:28:23,101.0,91.0,7.0,3.0
2021-08-05 03:28:24,81.0,71.0,5.0,5.0
2021-08-05 03:28:25,94.0,81.0,10.0,3.0
2021-08-05 03:28:26,97.0,90.0,5.0,2.0
2021-08-05 03:28:27,93.0,79.0,8.0,6.0
2021-08-05 03:28:28,84.0,71.0,7.0,6.0
2021-08-05 03:28:29,95.0,88.0,5.0,2.0
2021-08-05 03:28:30,101.0,92.0,3.0,6.0
2021-08-05 03:28:31,95.0,87.0,6.0,2.0
2021-08-05 03:28:32,94.0,76.0,7.0,11.0
2021-08-05 03:28:33,92.0,80.0,8.0,4.0
2021-08-05 03:28:34,96.0,90.0,5.0,1.0
2021-08-05 03:28:35,89.0,76.0,8.0,5.0
2021-08-05 03:28:36,95.0,92.0,2.0,1.0
2021-08-05 03:28:37,92.0,77.0,9.0,6.0
2021-08-05 03:28:38,85.0,75.0,3.0,7.0
2021-08-05 03:28:39,66.0,61.0,4.0,1.0
2021-08-05 03:28:40,103.0,92.0,5.0,6.0
2021-08-05 03:28:41,102.0,92.0,7.0,3.0
2021-08-05 03:28:42,95.0,90.0,4.0,1.0
2021-08-05 03:28:43,100.0,92.0,4.0,4.0
2021-08-05 03:28:44,92.0,75.0,10.0,7.0
2021-08-05 03:28:45,95.0,83.0,5.0,7.0
2021-08-05 03:28:46,98.0,87.0,8.0,3.0
2021-08-05 03:28:47,98.0,88.0,6.0,4.0
2021-08-05 03:28:48,103.0,84.0,10.0,9.0
2021-08-05 03:28:49,79.0,73.0,2.0,4.0
2021-08-05 03:28:50,113.0,97.0,10.0,6.0
2021-08-05 03:28:51,93.0,84.0,4.0,5.0
2021-08-05 03:28:52,91.0,77.0,9.0,5.0
2021-08-05 03:28:53,76.0,68.0,5.0,3.0
2021-08-05 03:28:54,84.0,75.0,7.0,2.0
2021-08-05 03:28:55,95.0,90.0,3.0,2.0
2021-08-05 03:28:56,80.0,73.0,4.0,3.0
2021-08-05 03:28:57,100.0,88.0,7.0,5.0
2021-08-05 03:28:58,87.0,78.0,7.0,2.0
2021-08-05 03:28:59,107.0,97.0,6.0,4.0
2021-08-05 03:29:00,89.0,82.0,6.0,1.0
2021-08-05 03:29:01,81.0,75.0,2.0,4.0
2021-08-05 03:29:02,98.0,83.0,7.0,8.0
2021-08-05 03:29:03,90.0,72.0,9.0,9.0
2021-08-05 03:29:04,96.0,92.0,2.0,2.0
2021-08-05 03:29:05,96.0,86.0,6.0,4.0
2021-08-05 03:29:06,96.0,81.0,6.0,9.0
2021-08-05 03:29:07,97.0,84.0,8.0,5.0
2021-08-05 03:29:08,89.0,79.0,7.0,3.0
2021-08-05 03:29:09,110.0,101.0,6.0,3.0
2021-08-05 03:29:10,77.0,71.0,2.0,4.0
2021-08-05 03:29:11,90.0,76.0,9.0,5.0
2021-08-05 03:29:12,95.0,87.0,4.0,4.0
2021-08-05 03:29:13,86.0,80.0,3.0,3.0
2021-08-05 03:29:14,76.0,66.0,6.0,4.0
2021-08-05 03:29:15,101.0,84.0,12.0,5.0
2021-08-05 03:29:16,99.0,87.0,6.0,6.0
2021-08-05 03:29:17,102.0,87.0,9.0,6.0
2021-08-05 03:29:18,104.0,93.0,7.0,4.0
2021-08-05 03:29:19,92.0,85.0,3.0,4.0
2021-08-05 03:29:20,102.0,90.0,7.0,5.0
2021-08-05 03:29:21,97.0,81.0,11.0,5.0
2021-08-05 03:29:22,107.0,96.0,5.0,6.0
2021-08-05 03:29:23,89.0,72.0,9.0,8.0
2021-08-05 03:29:24,87.0,82.0,5.0,0.0
2021-08-05 03:29:25,95.0,87.0,5.0,3.0
2021-08-05 03:29:26,89.0,81.0,4.0,4.0
2021-08-05 03:29:27,104.0,96.0,6.0,2.0
2021-08-05 03:29:28,106.0,93.0,8.0,5.0
2021-08-05 03:29:29,104.0,94.0,7.0,3.0
2021-08-05 03:29:30,97.0,89.0,6.0,2.0
2021-08-05 03:29:31,98.0,85.0,6.0,7.0
2021-08-05 03:29:32,98.0,82.0,8.0,8.0
2021-08-05 03:29:33,110.0,91.0,11.0,8.0
2021-08-05 03:29:34,77.0,71.0,3.0,3.0
2021-08-05 03:29:35,80.0,70.0,7.0,3.0
2021-08-05 03:29:36,97.0,87.0,6.0,4.0
2021-08-05 03:29:37,88.0,74.0,8.0,6.0
2021-08-05 03:29:38,99.0,89.0,5.0,5.0
2021-08-05 03:29:39,91.0,82.0,5.0,4.0
2021-08-05 03:29:40,88.0,75.0,7.0,6.0
2021-08-05 03:29:41,86.0,80.0,4.0,2.0
2021-08-05 03:29:42,109.0,99.0,8.0,2.0
2021-08-05 03:29:43,113.0,101.0,5.0,7.0
2021-08-05 03:29:44,96.0,81.0,10.0,5.0
2021-08-05 03:29:45,99.0,85.0,10.0,4.0
2021-08-05 03:29:46,93.0,80.0,7.0,6.0
2021-08-05 03:29:47,115.0,101.0,9.0,5.0
2021-08-05 03:29:48,100.0,91.0,4.0,5.0
2021-08-05 03:29:49,99.0,92.0,2.0,5.0
2021-08-05 03:29:50,89.0,76.0,9.0,4.0
2021-08-05 03:29:51,95.0,83.0,6.0,6.0
2021-08-05 03:29:52,87.0,79.0,4.0,4.0
2021-08-05 03:29:53,77.0,63.0,11.0,3.0
2021-08-05 03:29:54,105.0,93.0,7.0,5.0
2021-08-05 03:29:55,85.0,71.0,7.0,7.0
2021-08-05 03:29:56,84.0,75.0,5.0,4.0
2021-08-05 03:29:57,80.0,68.0,7.0,5.0
2021-08-05 03:29:58,89.0,79.0,7.0,3.0
2021-08-05 03:29:59,104.0,92.0,11.0,1.0
2021-08-05 03:30:00,82.0,78.0,3.0,1.0
2021-08-05 03:30:01,99.0,89.0,7.0,3.0
2021-08-05 03:30:02,85.0,78.0,1.0,6.0
2021-08-05 03:30:03,96.0,89.0,4.0,3.0
2021-08-05 03:30:04,86.0,76.0,6.0,4.0
2021-08-05 03:30:05,85.0,77.0,5.0,3.0
2021-08-05 03:30:06,72.0,62.0,7.0,3.0
2021-08-05 03:30:07,109.0,99.0,5.0,5.0
2021-08-05 03:30:08,91.0,84.0,3.0,4.0
2021-08-05 03:30:09,92.0,80.0,10.0,2.0
2021-08-05 03:30:10,106.0,101.0,1.0,4.0
2021-08-05 03:30:11,103.0,95.0,8.0,0.0
2021-08-05 03:30:12,97.0,89.0,5.0,3.0
2021-08-05 03:30:13,80.0,73.0,4.0,3.0
2021-08-05 03:30:14,93.0,75.0,12.0,6.0
2021-08-05 03:30:15,88.0,79.0,3.0,6.0
2021-08-05 03:30:16,105.0,93.0,7.0,5.0
2021-08-05 03:30:17,81.0,73.0,5.0,3.0
2021-08-05 03:30:18,85.0,77.0,3.0,5.0
2021-08-05 03:30:19,96.0,87.0,3.0,6.0
2021-08-05 03:30:20,81.0,70.0,7.0,4.0
2021-08-05 03:30:21,110.0,94.0,11.0,5.0
2021-08-05 03:30:22,100.0,92.0,6.0,2.0
2021-08-05 03:30:23,88.0,81.0,3.0,4.0
2021-08-05 03:30:24,84.0,78.0,3.0,3.0
2021-08-05 03:30:25,79.0,73.0,4.0,2.0
2021-08-05 03:30:26,77.0,66.0,5.0,6.0
2021-08-05 03:30:27,81.0,73.0,6.0,2.0
2021-08-05 03:30:28,94.0,84.0,7.0,3.0
2021-08-05 03:30:29,83.0,73.0,5.0,5.0
2021-08-05 03:30:30,86.0,77.0,5.0,4.0
2021-08-05 03:30:31,85.0,77.0,6.0,2.0
2021-08-05 03:30:32,95.0,88.0,4.0,3.0
2021-08-05 03:30:33,81.0,70.0,4.0,7.0
2021-08-05 03:30:34,93.0,84.0,6.0,3.0
2021-08-05 03:30:35,93.0,86.0,4.0,3.0
2021-08-05 03:30:36,103.0,98.0,4.0,1.0
2021-08-05 03:30:37,107.0,96.0,3.0,8.0
2021-08-05 03:30:38,88.0,77.0,8.0,3.0
2021-08-05 03:30:39,101.0,91.0,6.0,4.0
2021-08-05 03:30:40,111.0,100.0,8.0,3.0
2021-08-05 03:30:41,81.0,75.0,4.0,2.0
2021-08-05 03:30:42,89.0,75.0,7.0,7.0
2021-08-05 03:30:43,108.0,102.0,6.0,0.0
2021-08-05 03:30:44,93.0,83.0,0.0,10.0
2021-08-05 03:30:45,90.0,85.0,1.0,4.0
2021-08-05 03:30:46,92.0,83.0,6.0,3.0
2021-08-05 03:30:47,85.0,81.0,2.0,2.0
2021-08-05 03:30:48,84.0,78.0,5.0,1.0
2021-08-05 03:30:49,89.0,82.0,4.0,3.0
2021-08-05 03:30:50,81.0,72.0,7.0,2.0
2021-08-05 03:30:51,88.0,77.0,5.0,6.0
2021-08-05 03:30:52,95.0,86.0,6.0,3.0
2021-08-05 03:30:53,91.0,80.0,7.0,4.0
2021-08-05 03:30:54,84.0,74.0,7.0,3.0
2021-08-05 03:30:55,102.0,92.0,4.0,6.0
2021-08-05 03:30:56,87.0,80.0,5.0,2.0
2021-08-05 03:30:57,106.0,97.0,5.0,4.0
2021-08-05 03:30:58,86.0,71.0,8.0,7.0
2021-08-05 03:30:59,89.0,79.0,6.0,4.0
2021-08-05 03:31:00,95.0,89.0,4.0,2.0
2021-08-05 03:31:01,93.0,83.0,9.0,1.0
2021-08-05 03:31:02,78.0,68.0,8.0,2.0
2021-08-05 03:31:03,96.0,85.0,9.0,2.0
2021-08-05 03:31:04,93.0,76.0,11.0,6.0
2021-08-05 03:31:05,83.0,73.0,8.0,2.0
2021-08-05 03:31:06,102.0,89.0,10.0,3.0
2021-08-05 03:31:07,102.0,93.0,5.0,4.0
2021-08-05 03:31:08,90.0,85.0,4.0,1.0
2021-08-05 03:31:09,113.0,95.0,14.0,4.0
2021-08-05 03:31:10,97.0,92.0,4.0,1.0
2021-08-05 03:31:11,115.0,98.0,9.0,8.0
2021-08-05 03:31:12,95.0,85.0,9.0,1.0
2021-08-05 03:31:13,107.0,100.0,5.0,2.0
2021-08-05 03:31:14,88.0,78.0,8.0,2.0
2021-08-05 03:31:15,97.0,82.0,11.0,4.0
2021-08-05 03:31:16,85.0,78.0,3.0,4.0
2021-08-05 03:31:17,98.0,92.0,5.0,1.0
2021-08-05 03:31:18,87.0,79.0,0.0,8.0
2021-08-05 03:31:19,95.0,80.0,12.0,3.0
2021-08-05 03:31:20,86.0,76.0,4.0,6.0
2021-08-05 03:31:21,105.0,90.0,8.0,7.0
2021-08-05 03:31:22,93.0,82.0,6.0,5.0
2021-08-05 03:31:23,88.0,77.0,7.0,4.0
2021-08-05 03:31:24,95.0,83.0,6.0,6.0
2021-08-05 03:31:25,94.0,87.0,5.0,2.0
2021-08-05 03:31:26,106.0,82.0,19.0,5.0
2021-08-05 03:31:27,93.0,91.0,2.0,0.0
2021-08-05 03:31:28,90.0,82.0,7.0,1.0
2021-08-05 03:31:29,71.0,67.0,3.0,1.0
2021-08-05 03:31:30,83.0,69.0,10.0,4.0
2021-08-05 03:31:31,104.0,88.0,10.0,6.0
2021-08-05 03:31:32,77.0,70.0,4.0,3.0
2021-08-05 03:31:33,89.0,74.0,9.0,6.0
2021-08-05 03:31:34,98.0,86.0,6.0,6.0
2021-08-05 03:31:35,93.0,85.0,4.0,4.0
2021-08-05 03:31:36,100.0,88.0,8.0,4.0
2021-08-05 03:31:37,100.0,88.0,9.0,3.0
2021-08-05 03:31:38,99.0,88.0,6.0,5.0
2021-08-05 03:31:39,97.0,86.0,8.0,3.0
2021-08-05 03:31:40,85.0,75.0,4.0,6.0
2021-08-05 03:31:41,90.0,85.0,2.0,3.0
2021-08-05 03:31:42,99.0,93.0,5.0,1.0
2021-08-05 03:31:43,100.0,85.0,7.0,8.0
2021-08-05 03:31:44,100.0,97.0,1.0,2.0
2021-08-05 03:31:45,108.0,93.0,8.0,7.0
2021-08-05 03:31:46,95.0,85.0,5.0,5.0
2021-08-05 03:31:47,94.0,81.0,5.0,8.0
2021-08-05 03:31:48,106.0,94.0,9.0,3.0
2021-08-05 03:31:49,84.0,71.0,9.0,4.0
2021-08-05 03:31:50,94.0,84.0,4.0,6.0
2021-08-05 03:31:51,98.0,83.0,8.0,7.0
2021-08-05 03:31:52,64.0,56.0,7.0,1.0
2021-08-05 03:31:53,95.0,84.0,7.0,4.0
2021-08-05 03:31:54,104.0,82.0,13.0,9.0
2021-08-05 03:31:55,77.0,65.0,9.0,3.0
2021-08-05 03:31:56,94.0,80.0,6.0,8.0
2021-08-05 03:31:57,93.0,85.0,5.0,3.0
2021-08-05 03:31:58,106.0,93.0,11.0,2.0
2021-08-05 03:31:59,95.0,84.0,8.0,3.0
2021-08-05 03:32:00,84.0,75.0,7.0,2.0
2021-08-05 03:32:01,87.0,79.0,6.0,2.0
2021-08-05 03:32:02,92.0,75.0,9.0,8.0
2021-08-05 03:32:03,103.0,94.0,6.0,3.0
2021-08-05 03:32:04,93.0,78.0,8.0,7.0
2021-08-05 03:32:05,89.0,84.0,3.0,2.0
2021-08-05 03:32:06,84.0,77.0,4.0,3.0
2021-08-05 03:32:07,113.0,97.0,9.0,7.0
2021-08-05 03:32:08,87.0,78.0,6.0,3.0
2021-08-05 03:32:09,98.0,86.0,6.0,6.0
2021-08-05 03:32:10,110.0,102.0,5.0,3.0
2021-08-05 03:32:11,107.0,92.0,11.0,4.0
2021-08-05 03:32:12,90.0,84.0,4.0,2.0
2021-08-05 03:32:13,82.0,72.0,5.0,5.0
2021-08-05 03:32:14,101.0,87.0,7.0,7.0
2021-08-05 03:32:15,96.0,86.0,6.0,4.0
2021-08-05 03:32:16,90.0,82.0,6.0,2.0
2021-08-05 03:32:17,100.0,89.0,6.0,5.0
2021-08-05 03:32:18,107.0,95.0,9.0,3.0
2021-08-05 03:32:19,81.0,74.0,4.0,3.0
2021-08-05 03:32:20,109.0,94.0,11.0,4.0
2021-08-05 03:32:21,82.0,73.0,5.0,4.0
2021-08-05 03:32:22,88.0,79.0,3.0,6.0
2021-08-05 03:32:23,91.0,82.0,5.0,4.0
2021-08-05 03:32:24,96.0,86.0,8.0,2.0
2021-08-05 03:32:25,98.0,83.0,12.0,3.0
2021-08-05 03:32:26,89.0,77.0,6.0,6.0
2021-08-05 03:32:27,95.0,80.0,8.0,7.0
2021-08-05 03:32:28,100.0,90.0,6.0,4.0
2021-08-05 03:32:29,97.0,84.0,7.0,6.0
2021-08-05 03:32:30,114.0,104.0,6.0,4.0
2021-08-05 03:32:31,101.0,89.0,10.0,2.0
2021-08-05 03:32:32,125.0,111.0,9.0,5.0
2021-08-05 03:32:33,108.0,95.0,7.0,6.0
2021-08-05 03:32:34,100.0,83.0,13.0,4.0
2021-08-05 03:32:35,93.0,84.0,6.0,3.0
2021-08-05 03:32:36,101.0,94.0,3.0,4.0
2021-08-05 03:32:37,86.0,74.0,4.0,8.0
2021-08-05 03:32:38,81.0,71.0,6.0,4.0
2021-08-05 03:32:39,89.0,80.0,7.0,2.0
2021-08-05 03:32:40,93.0,78.0,10.0,5.0
2021-08-05 03:32:41,87.0,76.0,5.0,6.0
2021-08-05 03:32:42,98.0,86.0,6.0,6.0
2021-08-05 03:32:43,112.0,100.0,6.0,6.0
2021-08-05 03:32:44,101.0,89.0,5.0,7.0
2021-08-05 03:32:45,110.0,101.0,5.0,4.0
2021-08-05 03:32:46,82.0,72.0,5.0,5.0
2021-08-05 03:32:47,93.0,79.0,9.0,5.0
2021-08-05 03:32:48,107.0,88.0,10.0,9.0
2021-08-05 03:32:49,100.0,93.0,7.0,0.0
2021-08-05 03:32:50,77.0,65.0,9.0,3.0
2021-08-05 03:32:51,82.0,71.0,7.0,4.0
2021-08-05 03:32:52,97.0,82.0,9.0,6.0
2021-08-05 03:32:53,95.0,88.0,3.0,4.0
2021-08-05 03:32:54,99.0,85.0,6.0,8.0
2021-08-05 03:32:55,96.0,81.0,9.0,6.0
2021-08-05 03:32:56,111.0,96.0,7.0,8.0
2021-08-05 03:32:57,75.0,70.0,3.0,2.0
2021-08-05 03:32:58,79.0,68.0,9.0,2.0
2021-08-05 03:32:59,75.0,70.0,4.0,1.0
2021-08-05 03:33:00,98.0,90.0,6.0,2.0
2021-08-05 03:33:01,97.0,89.0,4.0,4.0
2021-08-05 03:33:02,98.0,89.0,5.0,4.0
2021-08-05 03:33:03,110.0,93.0,13.0,4.0
2021-08-05 03:33:04,83.0,72.0,6.0,5.0
2021-08-05 03:33:05,75.0,66.0,5.0,4.0
2021-08-05 03:33:06,94.0,85.0,7.0,2.0
2021-08-05 03:33:07,87.0,69.0,15.0,3.0
2021-08-05 03:33:08,98.0,91.0,6.0,1.0
2021-08-05 03:33:09,62.0,54.0,4.0,4.0
2021-08-05 03:33:10,81.0,70.0,6.0,5.0
2021-08-05 03:33:11,79.0,71.0,4.0,4.0
2021-08-05 03:33:12,100.0,83.0,14.0,3.0
2021-08-05 03:33:13,112.0,99.0,7.0,6.0
2021-08-05 03:33:14,82.0,73.0,4.0,5.0
2021-08-05 03:33:15,102.0,91.0,5.0,6.0
2021-08-05 03:33:16,73.0,66.0,1.0,6.0
2021-08-05 03:33:17,97.0,89.0,6.0,2.0
2021-08-05 03:33:18,86.0,73.0,6.0,7.0
2021-08-05 03:33:19,98.0,93.0,2.0,3.0
2021-08-05 03:33:20,93.0,83.0,8.0,2.0
2021-08-05 03:33:21,80.0,69.0,8.0,3.0
2021-08-05 03:33:22,95.0,86.0,4.0,5.0
2021-08-05 03:33:23,82.0,75.0,5.0,2.0
2021-08-05 03:33:24,100.0,85.0,11.0,4.0
2021-08-05 03:33:25,106.0,97.0,4.0,5.0
2021-08-05 03:33:26,90.0,78.0,8.0,4.0
2021-08-05 03:33:27,95.0,83.0,6.0,6.0
2021-08-05 03:33:28,93.0,84.0,5.0,4.0
2021-08-05 03:33:29,97.0,89.0,4.0,4.0
2021-08-05 03:33:30,86.0,74.0,6.0,6.0
2021-08-05 03:33:31,98.0,87.0,9.0,2.0
2021-08-05 03:33:32,80.0,66.0,8.0,6.0
2021-08-05 03:33:33,98.0,88.0,6.0,4.0
2021-08-05 03:33:34,88.0,83.0,4.0,1.0
2021-08-05 03:33:35,75.0,68.0,4.0,3.0
2021-08-05 03:33:36,85.0,76.0,3.0,6.0
2021-08-05 03:33:37,95.0,86.0,6.0,3.0
2021-08-05 03:33:38,83.0,67.0,10.0,6.0
2021-08-05 03:33:39,97.0,86.0,5.0,6.0
2021-08-05 03:33:40,93.0,82.0,9.0,2.0
2021-08-05 03:33:41,85.0,75.0,7.0,3.0
2021-08-05 03:33:42,84.0,70.0,8.0,6.0
2021-08-05 03:33:43,106.0,95.0,3.0,8.0
2021-08-05 03:33:44,105.0,96.0,7.0,2.0
2021-08-05 03:33:45,100.0,92.0,6.0,2.0
2021-08-05 03:33:46,76.0,70.0,3.0,3.0
2021-08-05 03:33:47,71.0,64.0,3.0,4.0
2021-08-05 03:33:48,106.0,101.0,5.0,0.0
2021-08-05 03:33:49,93.0,86.0,4.0,3.0
2021-08-05 03:33:50,94.0,86.0,5.0,3.0
2021-08-05 03:33:51,80.0,71.0,5.0,4.0
2021-08-05 03:33:52,86.0,72.0,9.0,5.0
2021-08-05 03:33:53,85.0,77.0,3.0,5.0
2021-08-05 03:33:54,85.0,75.0,2.0,8.0
2021-08-05 03:33:55,83.0,72.0,8.0,3.0
2021-08-05 03:33:56,95.0,87.0,6.0,2.0
2021-08-05 03:33:57,88.0,78.0,4.0,6.0
2021-08-05 03:33:58,98.0,85.0,8.0,5.0
2021-08-05 03:33:59,98.0,91.0,5.0,2.0
2021-08-05 03:34:00,102.0,91.0,6.0,5.0
2021-08-05 03:34:01,90.0,85.0,3.0,2.0
2021-08-05 03:34:02,86.0,80.0,3.0,3.0
2021-08-05 03:34:03,89.0,82.0,4.0,3.0
2021-08-05 03:34:04,84.0,75.0,2.0,7.0
2021-08-05 03:34:05,89.0,79.0,5.0,5.0
2021-08-05 03:34:06,100.0,91.0,2.0,7.0
2021-08-05 03:34:07,92.0,81.0,7.0,4.0
2021-08-05 03:34:08,92.0,80.0,8.0,4.0
2021-08-05 03:34:09,78.0,69.0,7.0,2.0
2021-08-05 03:34:10,76.0,68.0,5.0,3.0
2021-08-05 03:34:11,104.0,90.0,7.0,7.0
2021-08-05 03:34:12,88.0,75.0,4.0,9.0
2021-08-05 03:34:13,102.0,91.0,6.0,5.0
2021-08-05 03:34:14,97.0,94.0,2.0,1.0
2021-08-05 03:34:15,104.0,91.0,5.0,8.0
2021-08-05 03:34:16,97.0,81.0,12.0,4.0
2021-08-05 03:34:17,84.0,75.0,8.0,1.0
2021-08-05 03:34:18,86.0,80.0,4.0,2.0
2021-08-05 03:34:19,87.0,80.0,5.0,2.0
2021-08-05 03:34:20,115.0,92.0,15.0,8.0
2021-08-05 03:34:21,105.0,91.0,8.0,6.0
2021-08-05 03:34:22,112.0,104.0,3.0,5.0
2021-08-05 03:34:23,96.0,87.0,8.0,1.0
2021-08-05 03:34:24,96.0,81.0,6.0,9.0
2021-08-05 03:34:25,110.0,101.0,5.0,4.0
2021-08-05 03:34:26,86.0,81.0,3.0,2.0
2021-08-05 03:34:27,101.0,86.0,10.0,5.0
2021-08-05 03:34:28,87.0,78.0,7.0,2.0
2021-08-05 03:34:29,102.0,95.0,4.0,3.0
2021-08-05 03:34:30,86.0,76.0,6.0,4.0
2021-08-05 03:34:31,81.0,65.0,6.0,10.0
2021-08-05 03:34:32,91.0,76.0,8.0,7.0
2021-08-05 03:34:33,103.0,93.0,5.0,5.0
2021-08-05 03:34:34,113.0,95.0,10.0,8.0
2021-08-05 03:34:35,84.0,70.0,7.0,7.0
2021-08-05 03:34:36,83.0,75.0,6.0,2.0
2021-08-05 03:34:37,115.0,105.0,7.0,3.0
2021-08-05 03:34:38,119.0,110.0,5.0,4.0
2021-08-05 03:34:39,75.0,70.0,3.0,2.0
2021-08-05 03:34:40,105.0,81.0,8.0,16.0
2021-08-05 03:34:41,97.0,84.0,8.0,5.0
2021-08-05 03:34:42,87.0,76.0,8.0,3.0
2021-08-05 03:34:43,99.0,83.0,9.0,7.0
2021-08-05 03:34:44,98.0,86.0,6.0,6.0
2021-08-05 03:34:45,108.0,99.0,5.0,4.0
2021-08-05 03:34:46,84.0,75.0,6.0,3.0
2021-08-05 03:34:47,113.0,106.0,4.0,3.0
2021-08-05 03:34:48,75.0,62.0,10.0,3.0
2021-08-05 03:34:49,92.0,78.0,11.0,3.0
2021-08-05 03:34:50,83.0,72.0,8.0,3.0
2021-08-05 03:34:51,86.0,78.0,7.0,1.0
2021-08-05 03:34:52,93.0,83.0,8.0,2.0
2021-08-05 03:34:53,100.0,87.0,10.0,3.0
2021-08-05 03:34:54,97.0,86.0,7.0,4.0
2021-08-05 03:34:55,97.0,87.0,4.0,6.0
2021-08-05 03:34:56,93.0,81.0,5.0,7.0
2021-08-05 03:34:57,91.0,82.0,5.0,4.0
2021-08-05 03:34:58,91.0,83.0,5.0,3.0
2021-08-05 03:34:59,97.0,84.0,7.0,6.0
2021-08-05 03:35:00,103.0,93.0,5.0,5.0
2021-08-05 03:35:01,89.0,86.0,1.0,2.0
2021-08-05 03:35:02,90.0,83.0,2.0,5.0
2021-08-05 03:35:03,106.0,96.0,6.0,4.0
2021-08-05 03:35:04,113.0,104.0,5.0,4.0
2021-08-05 03:35:05,88.0,81.0,4.0,3.0
2021-08-05 03:35:06,98.0,88.0,4.0,6.0
2021-08-05 03:35:07,83.0,78.0,3.0,2.0
2021-08-05 03:35:08,94.0,85.0,6.0,3.0
2021-08-05 03:35:09,82.0,75.0,5.0,2.0
2021-08-05 03:35:10,88.0,78.0,8.0,2.0
2021-08-05 03:35:11,111.0,97.0,10.0,4.0
2021-08-05 03:35:12,102.0,90.0,7.0,5.0
2021-08-05 03:35:13,91.0,78.0,8.0,5.0
2021-08-05 03:35:14,89.0,78.0,9.0,2.0
2021-08-05 03:35:15,88.0,79.0,7.0,2.0
2021-08-05 03:35:16,81.0,73.0,4.0,4.0
2021-08-05 03:35:17,89.0,82.0,4.0,3.0
2021-08-05 03:35:18,98.0,91.0,4.0,3.0
2021-08-05 03:35:19,100.0,88.0,5.0,7.0
2021-08-05 03:35:20,96.0,89.0,6.0,1.0
2021-08-05 03:35:21,80.0,70.0,7.0,3.0
2021-08-05 03:35:22,101.0,93.0,4.0,4.0
2021-08-05 03:35:23,89.0,77.0,7.0,5.0
2021-08-05 03:35:24,83.0,75.0,7.0,1.0
2021-08-05 03:35:25,83.0,73.0,6.0,4.0
2021-08-05 03:35:26,117.0,104.0,9.0,4.0
2021-08-05 03:35:27,92.0,80.0,6.0,6.0
2021-08-05 03:35:28,91.0,82.0,7.0,2.0
2021-08-05 03:35:29,107.0,91.0,11.0,5.0
2021-08-05 03:35:30,100.0,85.0,9.0,6.0
2021-08-05 03:35:31,93.0,84.0,5.0,4.0
2021-08-05 03:35:32,123.0,111.0,7.0,5.0
2021-08-05 03:35:33,87.0,75.0,8.0,4.0
2021-08-05 03:35:34,112.0,96.0,11.0,5.0
2021-08-05 03:35:35,102.0,94.0,5.0,3.0
2021-08-05 03:35:36,106.0,86.0,12.0,8.0
2021-08-05 03:35:37,118.0,100.0,8.0,10.0
2021-08-05 03:35:38,90.0,79.0,4.0,7.0
2021-08-05 03:35:39,76.0,62.0,9.0,5.0
2021-08-05 03:35:40,90.0,77.0,7.0,6.0
2021-08-05 03:35:41,105.0,95.0,4.0,6.0
2021-08-05 03:35:42,95.0,81.0,10.0,4.0
2021-08-05 03:35:43,100.0,90.0,9.0,1.0
2021-08-05 03:35:44,100.0,88.0,10.0,2.0
2021-08-05 03:35:45,98.0,88.0,8.0,2.0
2021-08-05 03:35:46,89.0,81.0,7.0,1.0
2021-08-05 03:35:47,100.0,88.0,8.0,4.0
2021-08-05 03:35:48,97.0,88.0,3.0,6.0
2021-08-05 03:35:49,92.0,83.0,4.0,5.0
2021-08-05 03:35:50,94.0,85.0,6.0,3.0
2021-08-05 03:35:51,104.0,91.0,6.0,7.0
2021-08-05 03:35:52,93.0,81.0,4.0,8.0
2021-08-05 03:35:53,91.0,84.0,3.0,4.0
2021-08-05 03:35:54,91.0,78.0,5.0,8.0
2021-08-05 03:35:55,98.0,86.0,8.0,4.0
2021-08-05 03:35:56,77.0,70.0,5.0,2.0
2021-08-05 03:35:57,81.0,72.0,5.0,4.0
2021-08-05 03:35:58,105.0,100.0,4.0,1.0
2021-08-05 03:35:59,83.0,74.0,8.0,1.0
2021-08-05 03:36:00,110.0,93.0,7.0,10.0
2021-08-05 03:36:01,101.0,86.0,9.0,6.0
2021-08-05 03:36:02,85.0,73.0,8.0,4.0
2021-08-05 03:36:03,82.0,78.0,3.0,1.0
2021-08-05 03:36:04,110.0,97.0,8.0,5.0
2021-08-05 03:36:05,120.0,107.0,7.0,6.0
2021-08-05 03:36:06,108.0,99.0,5.0,4.0
2021-08-05 03:36:07,90.0,86.0,3.0,1.0
2021-08-05 03:36:08,91.0,82.0,6.0,3.0
2021-08-05 03:36:09,101.0,86.0,12.0,3.0
2021-08-05 03:36:10,83.0,76.0,1.0,6.0
2021-08-05 03:36:11,90.0,81.0,7.0,2.0
2021-08-05 03:36:12,102.0,86.0,8.0,8.0
2021-08-05 03:36:13,80.0,69.0,7.0,4.0
2021-08-05 03:36:14,105.0,96.0,5.0,4.0
2021-08-05 03:36:15,119.0,102.0,12.0,5.0
2021-08-05 03:36:16,94.0,89.0,3.0,2.0
2021-08-05 03:36:17,97.0,89.0,3.0,5.0
2021-08-05 03:36:18,89.0,80.0,7.0,2.0
2021-08-05 03:36:19,85.0,76.0,3.0,6.0
2021-08-05 03:36:20,100.0,91.0,5.0,4.0
2021-08-05 03:36:21,107.0,96.0,8.0,3.0
2021-08-05 03:36:22,89.0,80.0,6.0,3.0
2021-08-05 03:36:23,109.0,89.0,13.0,7.0
2021-08-05 03:36:24,90.0,75.0,10.0,5.0
2021-08-05 03:36:25,95.0,83.0,8.0,4.0
2021-08-05 03:36:26,97.0,83.0,9.0,5.0
2021-08-05 03:36:27,87.0,78.0,5.0,4.0
2021-08-05 03:36:28,93.0,84.0,6.0,3.0
2021-08-05 03:36:29,84.0,74.0,6.0,4.0
2021-08-05 03:36:30,109.0,100.0,5.0,4.0
2021-08-05 03:36:31,101.0,87.0,7.0,7.0
2021-08-05 03:36:32,91.0,82.0,5.0,4.0
2021-08-05 03:36:33,90.0,82.0,5.0,3.0
2021-08-05 03:36:34,91.0,82.0,4.0,5.0
2021-08-05 03:36:35,98.0,87.0,7.0,4.0
2021-08-05 03:36:36,111.0,96.0,10.0,5.0
2021-08-05 03:36:37,94.0,86.0,5.0,3.0
2021-08-05 03:36:38,93.0,80.0,9.0,4.0
2021-08-05 03:36:39,83.0,73.0,7.0,3.0
2021-08-05 03:36:40,83.0,75.0,6.0,2.0
2021-08-05 03:36:41,110.0,91.0,11.0,8.0
2021-08-05 03:36:42,88.0,73.0,10.0,5.0
2021-08-05 03:36:43,89.0,79.0,4.0,6.0
2021-08-05 03:36:44,93.0,82.0,8.0,3.0
2021-08-05 03:36:45,100.0,87.0,8.0,5.0
2021-08-05 03:36:46,106.0,92.0,10.0,4.0
2021-08-05 03:36:47,94.0,85.0,4.0,5.0
2021-08-05 03:36:48,94.0,82.0,6.0,6.0
2021-08-05 03:36:49,114.0,101.0,7.0,6.0
2021-08-05 03:36:50,106.0,94.0,9.0,3.0
2021-08-05 03:36:51,87.0,75.0,6.0,6.0
2021-08-05 03:36:52,108.0,99.0,6.0,3.0
2021-08-05 03:36:53,106.0,95.0,7.0,4.0
2021-08-05 03:36:54,90.0,84.0,5.0,1.0
2021-08-05 03:36:55,108.0,100.0,4.0,4.0
2021-08-05 03:36:56,92.0,81.0,4.0,7.0
2021-08-05 03:36:57,87.0,78.0,6.0,3.0
2021-08-05 03:36:58,103.0,88.0,7.0,8.0
2021-08-05 03:36:59,107.0,96.0,9.0,2.0
2021-08-05 03:37:00,98.0,86.0,6.0,6.0
2021-08-05 03:37:01,93.0,77.0,9.0,7.0
2021-08-05 03:37:02,82.0,71.0,8.0,3.0
2021-08-05 03:37:03,87.0,75.0,5.0,7.0
2021-08-05 03:37:04,106.0,95.0,8.0,3.0
2021-08-05 03:37:05,88.0,80.0,7.0,1.0
2021-08-05 03:37:06,90.0,80.0,6.0,4.0
2021-08-05 03:37:07,103.0,91.0,7.0,5.0
2021-08-05 03:37:08,88.0,79.0,7.0,2.0
2021-08-05 03:37:09,83.0,75.0,8.0,0.0
2021-08-05 03:37:10,82.0,73.0,5.0,4.0
2021-08-05 03:37:11,90.0,79.0,10.0,1.0
2021-08-05 03:37:12,98.0,85.0,6.0,7.0
2021-08-05 03:37:13,98.0,87.0,7.0,4.0
2021-08-05 03:37:14,95.0,84.0,9.0,2.0
2021-08-05 03:37:15,94.0,89.0,3.0,2.0
2021-08-05 03:37:16,104.0,95.0,4.0,5.0
2021-08-05 03:37:17,99.0,87.0,9.0,3.0
2021-08-05 03:37:18,85.0,73.0,6.0,6.0
2021-08-05 03:37:19,107.0,99.0,6.0,2.0
2021-08-05 03:37:20,95.0,83.0,10.0,2.0
2021-08-05 03:37:21,79.0,70.0,6.0,3.0
2021-08-05 03:37:22,96.0,85.0,7.0,4.0
2021-08-05 03:37:23,94.0,79.0,10.0,5.0
2021-08-05 03:37:24,92.0,82.0,9.0,1.0
2021-08-05 03:37:25,87.0,74.0,8.0,5.0
2021-08-05 03:37:26,101.0,95.0,3.0,3.0
2021-08-05 03:37:27,87.0,78.0,4.0,5.0
2021-08-05 03:37:28,97.0,86.0,6.0,5.0
2021-08-05 03:37:29,91.0,83.0,6.0,2.0
2021-08-05 03:37:30,91.0,81.0,3.0,7.0
2021-08-05 03:37:31,90.0,79.0,8.0,3.0
2021-08-05 03:37:32,112.0,96.0,9.0,7.0
2021-08-05 03:37:33,88.0,77.0,8.0,3.0
2021-08-05 03:37:34,99.0,87.0,5.0,7.0
2021-08-05 03:37:35,96.0,82.0,7.0,7.0
2021-08-05 03:37:36,91.0,86.0,1.0,4.0
2021-08-05 03:37:37,96.0,84.0,7.0,5.0
2021-08-05 03:37:38,85.0,78.0,2.0,5.0
2021-08-05 03:37:39,86.0,75.0,6.0,5.0
2021-08-05 03:37:40,81.0,71.0,5.0,5.0
2021-08-05 03:37:41,105.0,94.0,7.0,4.0
2021-08-05 03:37:42,95.0,87.0,5.0,3.0
2021-08-05 03:37:43,87.0,80.0,3.0,4.0
2021-08-05 03:37:44,86.0,74.0,7.0,5.0
2021-08-05 03:37:45,90.0,84.0,5.0,1.0
2021-08-05 03:37:46,109.0,102.0,3.0,4.0
2021-08-05 03:37:47,83.0,74.0,7.0,2.0
2021-08-05 03:37:48,87.0,78.0,8.0,1.0
2021-08-05 03:37:49,92.0,83.0,5.0,4.0
2021-08-05 03:37:50,100.0,93.0,5.0,2.0
2021-08-05 03:37:51,102.0,87.0,10.0,5.0
2021-08-05 03:37:52,96.0,89.0,4.0,3.0
2021-08-05 03:37:53,84.0,69.0,7.0,8.0
2021-08-05 03:37:54,95.0,85.0,4.0,6.0
2021-08-05 03:37:55,93.0,88.0,1.0,4.0
2021-08-05 03:37:56,99.0,93.0,6.0,0.0
2021-08-05 03:37:57,94.0,82.0,7.0,5.0
2021-08-05 03:37:58,79.0,69.0,4.0,6.0
2021-08-05 03:37:59,92.0,81.0,6.0,5.0
2021-08-05 03:38:00,94.0,79.0,8.0,7.0
2021-08-05 03:38:01,120.0,107.0,7.0,6.0
2021-08-05 03:38:02,98.0,82.0,12.0,4.0
2021-08-05 03:38:03,103.0,92.0,11.0,0.0
2021-08-05 03:38:04,85.0,73.0,4.0,8.0
2021-08-05 03:38:05,87.0,68.0,13.0,6.0
2021-08-05 03:38:06,91.0,82.0,5.0,4.0
2021-08-05 03:38:07,91.0,80.0,5.0,6.0
2021-08-05 03:38:08,86.0,74.0,8.0,4.0
2021-08-05 03:38:09,85.0,81.0,1.0,3.0
2021-08-05 03:38:10,108.0,100.0,4.0,4.0
2021-08-05 03:38:11,102.0,92.0,3.0,7.0
2021-08-05 03:38:12,111.0,93.0,13.0,5.0
2021-08-05 03:38:13,96.0,85.0,7.0,4.0
2021-08-05 03:38:14,85.0,72.0,8.0,5.0
2021-08-05 03:38:15,88.0,75.0,11.0,2.0
2021-08-05 03:38:16,87.0,78.0,4.0,5.0
2021-08-05 03:38:17,103.0,93.0,7.0,3.0
2021-08-05 03:38:18,99.0,91.0,4.0,4.0
2021-08-05 03:38:19,120.0,114.0,4.0,2.0
2021-08-05 03:38:20,99.0,85.0,7.0,7.0
2021-08-05 03:38:21,107.0,94.0,10.0,3.0
2021-08-05 03:38:22,107.0,95.0,8.0,4.0
2021-08-05 03:38:23,83.0,72.0,7.0,4.0
2021-08-05 03:38:24,92.0,81.0,7.0,4.0
2021-08-05 03:38:25,105.0,97.0,5.0,3.0
2021-08-05 03:38:26,111.0,103.0,1.0,7.0
2021-08-05 03:38:27,107.0,90.0,15.0,2.0
2021-08-05 03:38:28,91.0,81.0,6.0,4.0
2021-08-05 03:38:29,78.0,67.0,3.0,8.0
2021-08-05 03:38:30,104.0,92.0,7.0,5.0
2021-08-05 03:38:31,97.0,89.0,4.0,4.0
2021-08-05 03:38:32,96.0,83.0,8.0,5.0
2021-08-05 03:38:33,95.0,83.0,9.0,3.0
2021-08-05 03:38:34,72.0,66.0,2.0,4.0
2021-08-05 03:38:35,89.0,77.0,7.0,5.0
2021-08-05 03:38:36,110.0,97.0,8.0,5.0
2021-08-05 03:38:37,99.0,86.0,10.0,3.0
2021-08-05 03:38:38,78.0,71.0,3.0,4.0
2021-08-05 03:38:39,103.0,88.0,9.0,6.0
2021-08-05 03:38:40,103.0,88.0,7.0,8.0
2021-08-05 03:38:41,100.0,90.0,6.0,4.0
2021-08-05 03:38:42,100.0,86.0,9.0,5.0
2021-08-05 03:38:43,91.0,86.0,2.0,3.0
2021-08-05 03:38:44,102.0,93.0,6.0,3.0
2021-08-05 03:38:45,85.0,74.0,6.0,5.0
2021-08-05 03:38:46,84.0,76.0,3.0,5.0
2021-08-05 03:38:47,104.0,89.0,7.0,8.0
2021-08-05 03:38:48,99.0,83.0,8.0,8.0
2021-08-05 03:38:49,101.0,92.0,5.0,4.0
2021-08-05 03:38:50,91.0,80.0,8.0,3.0
2021-08-05 03:38:51,104.0,89.0,8.0,7.0
2021-08-05 03:38:52,95.0,87.0,6.0,2.0
2021-08-05 03:38:53,102.0,90.0,8.0,4.0
2021-08-05 03:38:54,81.0,74.0,6.0,1.0
2021-08-05 03:38:55,94.0,86.0,6.0,2.0
2021-08-05 03:38:56,88.0,80.0,3.0,5.0
2021-08-05 03:38:57,84.0,78.0,3.0,3.0
2021-08-05 03:38:58,92.0,81.0,2.0,9.0
2021-08-05 03:38:59,94.0,88.0,5.0,1.0
2021-08-05 03:39:00,91.0,80.0,6.0,5.0
2021-08-05 03:39:01,113.0,102.0,8.0,3.0
2021-08-05 03:39:02,101.0,85.0,11.0,5.0
2021-08-05 03:39:03,96.0,85.0,6.0,5.0
2021-08-05 03:39:04,98.0,85.0,9.0,4.0
2021-08-05 03:39:05,101.0,92.0,4.0,5.0
2021-08-05 03:39:06,107.0,89.0,10.0,8.0
2021-08-05 03:39:07,93.0,81.0,6.0,6.0
2021-08-05 03:39:08,94.0,83.0,7.0,4.0
2021-08-05 03:39:09,87.0,78.0,7.0,2.0
2021-08-05 03:39:10,110.0,98.0,9.0,3.0
2021-08-05 03:39:11,107.0,97.0,4.0,6.0
2021-08-05 03:39:12,89.0,77.0,5.0,7.0
2021-08-05 03:39:13,86.0,77.0,4.0,5.0
2021-08-05 03:39:14,111.0,97.0,8.0,6.0
2021-08-05 03:39:15,76.0,67.0,8.0,1.0
2021-08-05 03:39:16,110.0,95.0,9.0,6.0
2021-08-05 03:39:17,92.0,82.0,7.0,3.0
2021-08-05 03:39:18,83.0,74.0,5.0,4.0
2021-08-05 03:39:19,93.0,85.0,7.0,1.0
2021-08-05 03:39:20,83.0,75.0,6.0,2.0
2021-08-05 03:39:21,90.0,70.0,12.0,8.0
2021-08-05 03:39:22,86.0,79.0,4.0,3.0
2021-08-05 03:39:23,117.0,97.0,14.0,6.0
2021-08-05 03:39:24,98.0,88.0,8.0,2.0
2021-08-05 03:39:25,93.0,80.0,8.0,5.0
2021-08-05 03:39:26,88.0,76.0,10.0,2.0
2021-08-05 03:39:27,86.0,75.0,7.0,4.0
2021-08-05 03:39:28,90.0,74.0,10.0,6.0
2021-08-05 03:39:29,103.0,90.0,7.0,6.0
2021-08-05 03:39:30,73.0,63.0,6.0,4.0
2021-08-05 03:39:31,98.0,84.0,10.0,4.0
2021-08-05 03:39:32,101.0,91.0,5.0,5.0
2021-08-05 03:39:33,87.0,75.0,7.0,5.0
2021-08-05 03:39:34,114.0,101.0,5.0,8.0
2021-08-05 03:39:35,90.0,79.0,9.0,2.0
2021-08-05 03:39:36,86.0,76.0,6.0,4.0
2021-08-05 03:39:37,107.0,93.0,10.0,4.0
2021-08-05 03:39:38,93.0,85.0,7.0,1.0
2021-08-05 03:39:39,90.0,82.0,4.0,4.0
2021-08-05 03:39:40,87.0,75.0,7.0,5.0
2021-08-05 03:39:41,82.0,76.0,1.0,5.0
2021-08-05 03:39:42,97.0,85.0,8.0,4.0
2021-08-05 03:39:43,111.0,94.0,15.0,2.0
2021-08-05 03:39:44,85.0,80.0,2.0,3.0
2021-08-05 03:39:45,86.0,78.0,5.0,3.0
2021-08-05 03:39:46,103.0,92.0,6.0,5.0
2021-08-05 03:39:47,78.0,68.0,2.0,8.0
2021-08-05 03:39:48,92.0,81.0,3.0,8.0
2021-08-05 03:39:49,90.0,78.0,5.0,7.0
2021-08-05 03:39:50,102.0,87.0,6.0,9.0
2021-08-05 03:39:51,88.0,72.0,13.0,3.0
2021-08-05 03:39:52,95.0,88.0,4.0,3.0
2021-08-05 03:39:53,84.0,73.0,7.0,4.0
2021-08-05 03:39:54,87.0,78.0,6.0,3.0
2021-08-05 03:39:55,91.0,86.0,4.0,1.0
2021-08-05 03:39:56,96.0,86.0,7.0,3.0
2021-08-05 03:39:57,106.0,96.0,8.0,2.0
2021-08-05 03:39:58,82.0,71.0,4.0,7.0
2021-08-05 03:39:59,90.0,85.0,2.0,3.0
2021-08-05 03:40:00,90.0,81.0,5.0,4.0
2021-08-05 03:40:01,85.0,77.0,7.0,1.0
2021-08-05 03:40:02,97.0,82.0,6.0,9.0
2021-08-05 03:40:03,88.0,76.0,8.0,4.0
2021-08-05 03:40:04,99.0,89.0,8.0,2.0
2021-08-05 03:40:05,114.0,103.0,7.0,4.0
2021-08-05 03:40:06,93.0,85.0,5.0,3.0
2021-08-05 03:40:07,86.0,78.0,3.0,5.0
2021-08-05 03:40:08,96.0,87.0,6.0,3.0
2021-08-05 03:40:09,114.0,102.0,7.0,5.0
2021-08-05 03:40:10,103.0,94.0,8.0,1.0
2021-08-05 03:40:11,89.0,76.0,5.0,8.0
2021-08-05 03:40:12,109.0,90.0,11.0,8.0
2021-08-05 03:40:13,110.0,97.0,12.0,1.0
2021-08-05 03:40:14,85.0,78.0,7.0,0.0
2021-08-05 03:40:15,100.0,88.0,4.0,8.0
2021-08-05 03:40:16,96.0,91.0,4.0,1.0
2021-08-05 03:40:17,110.0,96.0,10.0,4.0
2021-08-05 03:40:18,107.0,96.0,8.0,3.0
2021-08-05 03:40:19,91.0,83.0,4.0,4.0
2021-08-05 03:40:20,112.0,102.0,4.0,6.0
2021-08-05 03:40:21,95.0,82.0,12.0,1.0
2021-08-05 03:40:22,104.0,97.0,3.0,4.0
2021-08-05 03:40:23,104.0,94.0,7.0,3.0
2021-08-05 03:40:24,92.0,81.0,7.0,4.0
2021-08-05 03:40:25,87.0,81.0,4.0,2.0
2021-08-05 03:40:26,100.0,89.0,10.0,1.0
2021-08-05 03:40:27,83.0,75.0,6.0,2.0
2021-08-05 03:40:28,83.0,76.0,4.0,3.0
2021-08-05 03:40:29,112.0,98.0,7.0,7.0
2021-08-05 03:40:30,97.0,87.0,5.0,5.0
2021-08-05 03:40:31,79.0,67.0,7.0,5.0
2021-08-05 03:40:32,90.0,82.0,3.0,5.0
2021-08-05 03:40:33,92.0,81.0,7.0,4.0
2021-08-05 03:40:34,89.0,76.0,9.0,4.0
2021-08-05 03:40:35,115.0,102.0,9.0,4.0
2021-08-05 03:40:36,84.0,77.0,5.0,2.0
2021-08-05 03:40:37,102.0,94.0,4.0,4.0
2021-08-05 03:40:38,91.0,82.0,4.0,5.0
2021-08-05 03:40:39,97.0,91.0,3.0,3.0
2021-08-05 03:40:40,113.0,95.0,11.0,7.0
2021-08-05 03:40:41,83.0,75.0,6.0,2.0
2021-08-05 03:40:42,111.0,102.0,6.0,3.0
2021-08-05 03:40:43,100.0,90.0,6.0,4.0
2021-08-05 03:40:44,86.0,74.0,6.0,6.0
2021-08-05 03:40:45,73.0,68.0,2.0,3.0
2021-08-05 03:40:46,100.0,92.0,4.0,4.0
2021-08-05 03:40:47,97.0,89.0,7.0,1.0
2021-08-05 03:40:48,80.0,70.0,5.0,5.0
2021-08-05 03:40:49,98.0,91.0,6.0,1.0
2021-08-05 03:40:50,89.0,74.0,8.0,7.0
2021-08-05 03:40:51,79.0,70.0,7.0,2.0
2021-08-05 03:40:52,98.0,85.0,5.0,8.0
2021-08-05 03:40:53,108.0,95.0,6.0,7.0
2021-08-05 03:40:54,85.0,75.0,5.0,5.0
2021-08-05 03:40:55,87.0,74.0,10.0,3.0
2021-08-05 03:40:56,101.0,81.0,13.0,7.0
2021-08-05 03:40:57,87.0,79.0,5.0,3.0
2021-08-05 03:40:58,99.0,88.0,7.0,4.0
2021-08-05 03:40:59,97.0,85.0,9.0,3.0
2021-08-05 03:41:00,82.0,74.0,4.0,4.0
2021-08-05 03:41:01,63.0,57.0,3.0,3.0
2021-08-05 03:41:02,89.0,80.0,6.0,3.0
2021-08-05 03:41:03,102.0,90.0,11.0,1.0
2021-08-05 03:41:04,96.0,84.0,4.0,8.0
2021-08-05 03:41:05,100.0,89.0,7.0,4.0
2021-08-05 03:41:06,84.0,78.0,2.0,4.0
2021-08-05 03:41:07,100.0,89.0,7.0,4.0
2021-08-05 03:41:08,84.0,75.0,5.0,4.0
2021-08-05 03:41:09,103.0,91.0,9.0,3.0
2021-08-05 03:41:10,99.0,87.0,6.0,6.0
2021-08-05 03:41:11,84.0,78.0,6.0,0.0
2021-08-05 03:41:12,90.0,76.0,10.0,4.0
2021-08-05 03:41:13,98.0,86.0,8.0,4.0
2021-08-05 03:41:14,112.0,96.0,11.0,5.0
2021-08-05 03:41:15,82.0,74.0,3.0,5.0
2021-08-05 03:41:16,114.0,101.0,6.0,7.0
2021-08-05 03:41:17,88.0,76.0,5.0,7.0
2021-08-05 03:41:18,114.0,97.0,11.0,6.0
2021-08-05 03:41:19,96.0,79.0,12.0,5.0
2021-08-05 03:41:20,113.0,100.0,9.0,4.0
2021-08-05 03:41:21,96.0,90.0,2.0,4.0
2021-08-05 03:41:22,85.0,72.0,7.0,6.0
2021-08-05 03:41:23,104.0,92.0,4.0,8.0
2021-08-05 03:41:24,102.0,91.0,7.0,4.0
2021-08-05 03:41:25,92.0,85.0,4.0,3.0
2021-08-05 03:41:26,101.0,91.0,6.0,4.0
2021-08-05 03:41:27,101.0,91.0,4.0,6.0
2021-08-05 03:41:28,83.0,75.0,4.0,4.0
2021-08-05 03:41:29,108.0,92.0,10.0,6.0
2021-08-05 03:41:30,102.0,89.0,8.0,5.0
2021-08-05 03:41:31,88.0,79.0,3.0,6.0
2021-08-05 03:41:32,110.0,98.0,6.0,6.0
2021-08-05 03:41:33,87.0,77.0,8.0,2.0
2021-08-05 03:41:34,98.0,84.0,10.0,4.0
2021-08-05 03:41:35,96.0,82.0,7.0,7.0
2021-08-05 03:41:36,125.0,103.0,14.0,8.0
2021-08-05 03:41:37,93.0,88.0,3.0,2.0
2021-08-05 03:41:38,104.0,88.0,11.0,5.0
2021-08-05 03:41:39,87.0,80.0,4.0,3.0
2021-08-05 03:41:40,98.0,90.0,7.0,1.0
2021-08-05 03:41:41,108.0,95.0,9.0,4.0
2021-08-05 03:41:42,84.0,78.0,2.0,4.0
2021-08-05 03:41:43,105.0,95.0,6.0,4.0
2021-08-05 03:41:44,82.0,73.0,7.0,2.0
2021-08-05 03:41:45,86.0,81.0,3.0,2.0
2021-08-05 03:41:46,100.0,88.0,8.0,4.0
2021-08-05 03:41:47,99.0,88.0,7.0,4.0
2021-08-05 03:41:48,113.0,103.0,4.0,6.0
2021-08-05 03:41:49,102.0,93.0,6.0,3.0
2021-08-05 03:41:50,86.0,76.0,6.0,4.0
2021-08-05 03:41:51,105.0,92.0,9.0,4.0
2021-08-05 03:41:52,99.0,84.0,6.0,9.0
2021-08-05 03:41:53,101.0,90.0,4.0,7.0
2021-08-05 03:41:54,98.0,85.0,7.0,6.0
2021-08-05 03:41:55,98.0,89.0,9.0,0.0
2021-08-05 03:41:56,76.0,68.0,5.0,3.0
2021-08-05 03:41:57,96.0,89.0,7.0,0.0
2021-08-05 03:41:58,103.0,83.0,16.0,4.0
2021-08-05 03:41:59,107.0,96.0,8.0,3.0
2021-08-05 03:42:00,90.0,75.0,10.0,5.0
2021-08-05 03:42:01,81.0,72.0,6.0,3.0
2021-08-05 03:42:02,94.0,85.0,6.0,3.0
2021-08-05 03:42:03,89.0,73.0,8.0,8.0
2021-08-05 03:42:04,98.0,87.0,7.0,4.0
2021-08-05 03:42:05,101.0,90.0,5.0,6.0
2021-08-05 03:42:06,99.0,90.0,4.0,5.0
2021-08-05 03:42:07,99.0,85.0,8.0,6.0
2021-08-05 03:42:08,86.0,77.0,6.0,3.0
2021-08-05 03:42:09,95.0,81.0,9.0,5.0
2021-08-05 03:42:10,94.0,83.0,5.0,6.0
2021-08-05 03:42:11,95.0,80.0,11.0,4.0
2021-08-05 03:42:12,90.0,85.0,3.0,2.0
2021-08-05 03:42:13,111.0,98.0,8.0,5.0
2021-08-05 03:42:14,92.0,84.0,4.0,4.0
2021-08-05 03:42:15,78.0,70.0,3.0,5.0
2021-08-05 03:42:16,103.0,94.0,6.0,3.0
2021-08-05 03:42:17,112.0,100.0,6.0,6.0
2021-08-05 03:42:18,86.0,79.0,2.0,5.0
2021-08-05 03:42:19,91.0,77.0,8.0,6.0
2021-08-05 03:42:20,104.0,97.0,6.0,1.0
2021-08-05 03:42:21,98.0,81.0,13.0,4.0
2021-08-05 03:42:22,91.0,83.0,6.0,2.0
2021-08-05 03:42:23,105.0,94.0,7.0,4.0
2021-08-05 03:42:24,103.0,93.0,5.0,5.0
2021-08-05 03:42:25,113.0,100.0,8.0,5.0
2021-08-05 03:42:26,92.0,85.0,4.0,3.0
2021-08-05 03:42:27,106.0,101.0,3.0,2.0
2021-08-05 03:42:28,95.0,81.0,8.0,6.0
2021-08-05 03:42:29,108.0,91.0,11.0,6.0
2021-08-05 03:42:30,110.0,98.0,6.0,6.0
2021-08-05 03:42:31,106.0,95.0,10.0,1.0
2021-08-05 03:42:32,102.0,89.0,8.0,5.0
2021-08-05 03:42:33,103.0,88.0,8.0,7.0
2021-08-05 03:42:34,92.0,76.0,6.0,10.0
2021-08-05 03:42:35,102.0,88.0,9.0,5.0
2021-08-05 03:42:36,90.0,84.0,4.0,2.0
2021-08-05 03:42:37,97.0,82.0,9.0,6.0
2021-08-05 03:42:38,100.0,85.0,4.0,11.0
2021-08-05 03:42:39,105.0,94.0,6.0,5.0
2021-08-05 03:42:40,98.0,89.0,6.0,3.0
2021-08-05 03:42:41,91.0,79.0,7.0,5.0
2021-08-05 03:42:42,90.0,79.0,5.0,6.0
2021-08-05 03:42:43,99.0,88.0,6.0,5.0
2021-08-05 03:42:44,107.0,94.0,8.0,5.0
2021-08-05 03:42:45,102.0,92.0,6.0,4.0
2021-08-05 03:42:46,102.0,92.0,5.0,5.0
2021-08-05 03:42:47,96.0,80.0,11.0,5.0
2021-08-05 03:42:48,85.0,74.0,8.0,3.0
2021-08-05 03:42:49,74.0,61.0,7.0,6.0
2021-08-05 03:42:50,103.0,94.0,6.0,3.0
2021-08-05 03:42:51,89.0,82.0,4.0,3.0
2021-08-05 03:42:52,91.0,77.0,6.0,8.0
2021-08-05 03:42:53,81.0,71.0,6.0,4.0
2021-08-05 03:42:54,79.0,72.0,4.0,3.0
2021-08-05 03:42:55,78.0,72.0,4.0,2.0
2021-08-05 03:42:56,108.0,98.0,6.0,4.0
2021-08-05 03:42:57,100.0,87.0,8.0,5.0
2021-08-05 03:42:58,86.0,76.0,9.0,1.0
2021-08-05 03:42:59,109.0,98.0,7.0,4.0
2021-08-05 03:43:00,96.0,88.0,3.0,5.0
2021-08-05 03:43:01,103.0,92.0,10.0,1.0
2021-08-05 03:43:02,87.0,76.0,5.0,6.0
2021-08-05 03:43:03,101.0,90.0,6.0,5.0
2021-08-05 03:43:04,86.0,77.0,8.0,1.0
2021-08-05 03:43:05,95.0,87.0,6.0,2.0
2021-08-05 03:43:06,83.0,70.0,7.0,6.0
2021-08-05 03:43:07,93.0,85.0,4.0,4.0
2021-08-05 03:43:08,102.0,91.0,4.0,7.0
2021-08-05 03:43:09,99.0,90.0,4.0,5.0
2021-08-05 03:43:10,109.0,99.0,5.0,5.0
2021-08-05 03:43:11,99.0,89.0,4.0,6.0
2021-08-05 03:43:12,86.0,73.0,8.0,5.0
2021-08-05 03:43:13,114.0,105.0,6.0,3.0
2021-08-05 03:43:14,85.0,73.0,6.0,6.0
2021-08-05 03:43:15,87.0,78.0,8.0,1.0
2021-08-05 03:43:16,87.0,74.0,7.0,6.0
2021-08-05 03:43:17,102.0,90.0,9.0,3.0
2021-08-05 03:43:18,103.0,93.0,5.0,5.0
2021-08-05 03:43:19,102.0,94.0,5.0,3.0
2021-08-05 03:43:20,100.0,84.0,10.0,6.0
2021-08-05 03:43:21,63.0,53.0,7.0,3.0
2021-08-05 03:43:22,86.0,75.0,7.0,4.0
2021-08-05 03:43:23,104.0,90.0,8.0,6.0
2021-08-05 03:43:24,81.0,70.0,6.0,5.0
2021-08-05 03:43:25,86.0,75.0,7.0,4.0
2021-08-05 03:43:26,84.0,71.0,11.0,2.0
2021-08-05 03:43:27,102.0,91.0,8.0,3.0
2021-08-05 03:43:28,97.0,83.0,7.0,7.0
2021-08-05 03:43:29,103.0,88.0,11.0,4.0
2021-08-05 03:43:30,97.0,87.0,4.0,6.0
2021-08-05 03:43:31,85.0,75.0,6.0,4.0
2021-08-05 03:43:32,85.0,78.0,4.0,3.0
2021-08-05 03:43:33,93.0,84.0,6.0,3.0
2021-08-05 03:43:34,88.0,81.0,6.0,1.0
2021-08-05 03:43:35,99.0,89.0,5.0,5.0
2021-08-05 03:43:36,110.0,102.0,6.0,2.0
2021-08-05 03:43:37,105.0,89.0,8.0,8.0
2021-08-05 03:43:38,101.0,89.0,9.0,3.0
2021-08-05 03:43:39,84.0,75.0,5.0,4.0
2021-08-05 03:43:40,101.0,94.0,4.0,3.0
2021-08-05 03:43:41,99.0,86.0,8.0,5.0
2021-08-05 03:43:42,101.0,92.0,6.0,3.0
2021-08-05 03:43:43,101.0,88.0,7.0,6.0
2021-08-05 03:43:44,89.0,79.0,7.0,3.0
2021-08-05 03:43:45,95.0,90.0,3.0,2.0
2021-08-05 03:43:46,91.0,77.0,8.0,6.0
2021-08-05 03:43:47,104.0,91.0,8.0,5.0
2021-08-05 03:43:48,88.0,80.0,8.0,0.0
2021-08-05 03:43:49,94.0,86.0,4.0,4.0
2021-08-05 03:43:50,114.0,103.0,4.0,7.0
2021-08-05 03:43:51,90.0,86.0,2.0,2.0
2021-08-05 03:43:52,113.0,103.0,7.0,3.0
2021-08-05 03:43:53,89.0,77.0,5.0,7.0
2021-08-05 03:43:54,87.0,79.0,5.0,3.0
2021-08-05 03:43:55,93.0,91.0,2.0,0.0
2021-08-05 03:43:56,76.0,64.0,7.0,5.0
2021-08-05 03:43:57,81.0,71.0,7.0,3.0
2021-08-05 03:43:58,103.0,91.0,9.0,3.0
2021-08-05 03:43:59,82.0,73.0,3.0,6.0
2021-08-05 03:44:00,94.0,81.0,6.0,7.0
2021-08-05 03:44:01,103.0,91.0,8.0,4.0
2021-08-05 03:44:02,84.0,73.0,3.0,8.0
2021-08-05 03:44:03,87.0,76.0,4.0,7.0
2021-08-05 03:44:04,94.0,86.0,4.0,4.0
2021-08-05 03:44:05,104.0,97.0,5.0,2.0
2021-08-05 03:44:06,95.0,87.0,2.0,6.0
2021-08-05 03:44:07,87.0,76.0,8.0,3.0
2021-08-05 03:44:08,79.0,76.0,2.0,1.0
2021-08-05 03:44:09,99.0,92.0,5.0,2.0
2021-08-05 03:44:10,92.0,80.0,10.0,2.0
2021-08-05 03:44:11,95.0,86.0,5.0,4.0
2021-08-05 03:44:12,98.0,90.0,4.0,4.0
2021-08-05 03:44:13,101.0,93.0,5.0,3.0
2021-08-05 03:44:14,78.0,73.0,3.0,2.0
2021-08-05 03:44:15,117.0,107.0,7.0,3.0
2021-08-05 03:44:16,106.0,92.0,9.0,5.0
2021-08-05 03:44:17,93.0,76.0,8.0,9.0
2021-08-05 03:44:18,75.0,64.0,6.0,5.0
2021-08-05 03:44:19,72.0,64.0,5.0,3.0
2021-08-05 03:44:20,100.0,90.0,7.0,3.0
2021-08-05 03:44:21,88.0,80.0,7.0,1.0
2021-08-05 03:44:22,99.0,87.0,6.0,6.0
2021-08-05 03:44:23,101.0,93.0,3.0,5.0
2021-08-05 03:44:24,96.0,85.0,5.0,6.0
2021-08-05 03:44:25,107.0,97.0,4.0,6.0
2021-08-05 03:44:26,83.0,72.0,9.0,2.0
2021-08-05 03:44:27,77.0,68.0,6.0,3.0
2021-08-05 03:44:28,81.0,73.0,4.0,4.0
2021-08-05 03:44:29,100.0,90.0,7.0,3.0
2021-08-05 03:44:30,91.0,81.0,7.0,3.0
2021-08-05 03:44:31,94.0,80.0,4.0,10.0
2021-08-05 03:44:32,91.0,74.0,13.0,4.0
2021-08-05 03:44:33,108.0,97.0,6.0,5.0
2021-08-05 03:44:34,100.0,91.0,5.0,4.0
2021-08-05 03:44:35,101.0,90.0,8.0,3.0
2021-08-05 03:44:36,90.0,83.0,2.0,5.0
2021-08-05 03:44:37,93.0,86.0,3.0,4.0
2021-08-05 03:44:38,79.0,71.0,5.0,3.0
2021-08-05 03:44:39,109.0,93.0,7.0,9.0
2021-08-05 03:44:40,89.0,78.0,8.0,3.0
2021-08-05 03:44:41,93.0,83.0,5.0,5.0
2021-08-05 03:44:42,83.0,66.0,8.0,9.0
2021-08-05 03:44:43,84.0,77.0,3.0,4.0
2021-08-05 03:44:44,97.0,84.0,11.0,2.0
2021-08-05 03:44:45,98.0,87.0,9.0,2.0
2021-08-05 03:44:46,109.0,99.0,6.0,4.0
2021-08-05 03:44:47,78.0,71.0,7.0,0.0
2021-08-05 03:44:48,117.0,98.0,14.0,5.0
2021-08-05 03:44:49,96.0,88.0,5.0,3.0
2021-08-05 03:44:50,86.0,73.0,7.0,6.0
2021-08-05 03:44:51,90.0,82.0,7.0,1.0
2021-08-05 03:44:52,89.0,80.0,4.0,5.0
2021-08-05 03:44:53,103.0,93.0,7.0,3.0
2021-08-05 03:44:54,106.0,92.0,10.0,4.0
2021-08-05 03:44:55,99.0,87.0,8.0,4.0
2021-08-05 03:44:56,86.0,75.0,8.0,3.0
2021-08-05 03:44:57,92.0,80.0,8.0,4.0
2021-08-05 03:44:58,108.0,93.0,11.0,4.0
2021-08-05 03:44:59,92.0,81.0,9.0,2.0
2021-08-05 03:45:00,89.0,76.0,6.0,7.0
2021-08-05 03:45:01,105.0,96.0,5.0,4.0
2021-08-05 03:45:02,103.0,93.0,7.0,3.0
2021-08-05 03:45:03,76.0,72.0,3.0,1.0
2021-08-05 03:45:04,96.0,83.0,7.0,6.0
2021-08-05 03:45:05,99.0,86.0,8.0,5.0
2021-08-05 03:45:06,93.0,81.0,8.0,4.0
2021-08-05 03:45:07,95.0,80.0,7.0,8.0
2021-08-05 03:45:08,99.0,89.0,7.0,3.0
2021-08-05 03:45:09,90.0,83.0,2.0,5.0
2021-08-05 03:45:10,78.0,70.0,4.0,4.0
2021-08-05 03:45:11,79.0,67.0,6.0,6.0
2021-08-05 03:45:12,84.0,76.0,6.0,2.0
2021-08-05 03:45:13,90.0,79.0,7.0,4.0
2021-08-05 03:45:14,81.0,70.0,9.0,2.0
2021-08-05 03:45:15,90.0,76.0,11.0,3.0
2021-08-05 03:45:16,110.0,98.0,9.0,3.0
2021-08-05 03:45:17,102.0,92.0,4.0,6.0
2021-08-05 03:45:18,107.0,101.0,4.0,2.0
2021-08-05 03:45:19,104.0,90.0,9.0,5.0
2021-08-05 03:45:20,99.0,89.0,5.0,5.0
2021-08-05 03:45:21,89.0,84.0,4.0,1.0
2021-08-05 03:45:22,104.0,90.0,6.0,8.0
2021-08-05 03:45:23,98.0,93.0,3.0,2.0
2021-08-05 03:45:24,101.0,94.0,7.0,0.0
2021-08-05 03:45:25,93.0,81.0,7.0,5.0
2021-08-05 03:45:26,88.0,70.0,13.0,5.0
2021-08-05 03:45:27,94.0,83.0,6.0,5.0
2021-08-05 03:45:28,84.0,80.0,2.0,2.0
2021-08-05 03:45:29,96.0,85.0,8.0,3.0
2021-08-05 03:45:30,99.0,88.0,7.0,4.0
2021-08-05 03:45:31,92.0,85.0,3.0,4.0
2021-08-05 03:45:32,73.0,64.0,5.0,4.0
2021-08-05 03:45:33,92.0,82.0,7.0,3.0
2021-08-05 03:45:34,110.0,99.0,4.0,7.0
2021-08-05 03:45:35,91.0,84.0,5.0,2.0
2021-08-05 03:45:36,80.0,72.0,4.0,4.0
2021-08-05 03:45:37,96.0,82.0,8.0,6.0
2021-08-05 03:45:38,86.0,79.0,5.0,2.0
2021-08-05 03:45:39,90.0,76.0,11.0,3.0
2021-08-05 03:45:40,89.0,77.0,6.0,6.0
2021-08-05 03:45:41,93.0,83.0,8.0,2.0
2021-08-05 03:45:42,89.0,76.0,9.0,4.0
2021-08-05 03:45:43,83.0,75.0,6.0,2.0
2021-08-05 03:45:44,105.0,88.0,14.0,3.0
2021-08-05 03:45:45,89.0,78.0,6.0,5.0
2021-08-05 03:45:46,97.0,89.0,4.0,4.0
2021-08-05 03:45:47,96.0,81.0,5.0,10.0
2021-08-05 03:45:48,112.0,95.0,11.0,6.0
2021-08-05 03:45:49,106.0,94.0,7.0,5.0
2021-08-05 03:45:50,96.0,84.0,7.0,5.0
2021-08-05 03:45:51,96.0,82.0,8.0,6.0
2021-08-05 03:45:52,90.0,76.0,9.0,5.0
2021-08-05 03:45:53,98.0,85.0,10.0,3.0
2021-08-05 03:45:54,102.0,90.0,6.0,6.0
2021-08-05 03:45:55,101.0,84.0,10.0,7.0
2021-08-05 03:45:56,99.0,88.0,9.0,2.0
2021-08-05 03:45:57,91.0,80.0,6.0,5.0
2021-08-05 03:45:58,95.0,87.0,4.0,4.0
2021-08-05 03:45:59,104.0,95.0,5.0,4.0
2021-08-05 03:46:00,83.0,69.0,10.0,4.0
2021-08-05 03:46:01,88.0,82.0,3.0,3.0
2021-08-05 03:46:02,96.0,90.0,3.0,3.0
2021-08-05 03:46:03,84.0,75.0,4.0,5.0
2021-08-05 03:46:04,103.0,90.0,9.0,4.0
2021-08-05 03:46:05,82.0,74.0,3.0,5.0
2021-08-05 03:46:06,95.0,87.0,6.0,2.0
2021-08-05 03:46:07,89.0,76.0,6.0,7.0
2021-08-05 03:46:08,92.0,84.0,4.0,4.0
2021-08-05 03:46:09,76.0,68.0,3.0,5.0
2021-08-05 03:46:10,90.0,83.0,3.0,4.0
2021-08-05 03:46:11,106.0,93.0,9.0,4.0
2021-08-05 03:46:12,96.0,90.0,2.0,4.0
2021-08-05 03:46:13,73.0,65.0,5.0,3.0
2021-08-05 03:46:14,113.0,97.0,11.0,5.0
2021-08-05 03:46:15,100.0,88.0,9.0,3.0
2021-08-05 03:46:16,108.0,90.0,14.0,4.0
2021-08-05 03:46:17,95.0,85.0,4.0,6.0
2021-08-05 03:46:18,85.0,79.0,4.0,2.0
2021-08-05 03:46:19,85.0,76.0,5.0,4.0
2021-08-05 03:46:20,89.0,76.0,11.0,2.0
2021-08-05 03:46:21,93.0,79.0,10.0,4.0
2021-08-05 03:46:22,96.0,87.0,6.0,3.0
2021-08-05 03:46:23,96.0,84.0,6.0,6.0
2021-08-05 03:46:24,92.0,87.0,4.0,1.0
2021-08-05 03:46:25,98.0,78.0,14.0,6.0
2021-08-05 03:46:26,85.0,70.0,10.0,5.0
2021-08-05 03:46:27,100.0,87.0,10.0,3.0
2021-08-05 03:46:28,81.0,72.0,7.0,2.0
2021-08-05 03:46:29,84.0,75.0,4.0,5.0
2021-08-05 03:46:30,90.0,82.0,5.0,3.0
2021-08-05 03:46:31,92.0,79.0,8.0,5.0
2021-08-05 03:46:32,91.0,75.0,10.0,6.0
2021-08-05 03:46:33,78.0,71.0,5.0,2.0
2021-08-05 03:46:34,103.0,95.0,4.0,4.0
2021-08-05 03:46:35,83.0,74.0,9.0,0.0
2021-08-05 03:46:36,102.0,90.0,8.0,4.0
2021-08-05 03:46:37,76.0,67.0,7.0,2.0
2021-08-05 03:46:38,93.0,81.0,8.0,4.0
2021-08-05 03:46:39,103.0,90.0,7.0,6.0
2021-08-05 03:46:40,101.0,92.0,5.0,4.0
2021-08-05 03:46:41,75.0,65.0,7.0,3.0
2021-08-05 03:46:42,107.0,98.0,5.0,4.0
2021-08-05 03:46:43,100.0,92.0,7.0,1.0
2021-08-05 03:46:44,113.0,104.0,4.0,5.0
2021-08-05 03:46:45,95.0,83.0,7.0,5.0
2021-08-05 03:46:46,84.0,70.0,10.0,4.0
2021-08-05 03:46:47,92.0,81.0,9.0,2.0
2021-08-05 03:46:48,111.0,98.0,9.0,4.0
2021-08-05 03:46:49,106.0,89.0,11.0,6.0
2021-08-05 03:46:50,104.0,96.0,6.0,2.0
2021-08-05 03:46:51,108.0,98.0,8.0,2.0
2021-08-05 03:46:52,108.0,92.0,10.0,6.0
2021-08-05 03:46:53,90.0,79.0,6.0,5.0
2021-08-05 03:46:54,96.0,88.0,5.0,3.0
2021-08-05 03:46:55,94.0,82.0,5.0,7.0
2021-08-05 03:46:56,93.0,85.0,3.0,5.0
2021-08-05 03:46:57,112.0,103.0,5.0,4.0
2021-08-05 03:46:58,98.0,86.0,9.0,3.0
2021-08-05 03:46:59,97.0,82.0,7.0,8.0
2021-08-05 03:47:00,80.0,67.0,6.0,7.0
2021-08-05 03:47:01,96.0,89.0,3.0,4.0
2021-08-05 03:47:02,85.0,78.0,5.0,2.0
2021-08-05 03:47:03,88.0,82.0,3.0,3.0
2021-08-05 03:47:04,107.0,90.0,10.0,7.0
2021-08-05 03:47:05,94.0,76.0,8.0,10.0
2021-08-05 03:47:06,85.0,73.0,8.0,4.0
2021-08-05 03:47:07,80.0,69.0,7.0,4.0
2021-08-05 03:47:08,85.0,74.0,8.0,3.0
2021-08-05 03:47:09,114.0,98.0,7.0,9.0
2021-08-05 03:47:10,122.0,109.0,6.0,7.0
2021-08-05 03:47:11,105.0,93.0,6.0,6.0
2021-08-05 03:47:12,95.0,92.0,3.0,0.0
2021-08-05 03:47:13,86.0,72.0,10.0,4.0
2021-08-05 03:47:14,104.0,89.0,6.0,9.0
2021-08-05 03:47:15,83.0,76.0,5.0,2.0
2021-08-05 03:47:16,92.0,83.0,6.0,3.0
2021-08-05 03:47:17,94.0,81.0,9.0,4.0
2021-08-05 03:47:18,96.0,81.0,12.0,3.0
2021-08-05 03:47:19,98.0,85.0,8.0,5.0
2021-08-05 03:47:20,71.0,65.0,3.0,3.0
2021-08-05 03:47:21,101.0,88.0,6.0,7.0
2021-08-05 03:47:22,98.0,86.0,7.0,5.0
2021-08-05 03:47:23,85.0,71.0,11.0,3.0
2021-08-05 03:47:24,88.0,79.0,6.0,3.0
2021-08-05 03:47:25,108.0,93.0,8.0,7.0
2021-08-05 03:47:26,103.0,89.0,7.0,7.0
2021-08-05 03:47:27,93.0,83.0,4.0,6.0
2021-08-05 03:47:28,91.0,78.0,10.0,3.0
2021-08-05 03:47:29,92.0,84.0,4.0,4.0
2021-08-05 03:47:30,91.0,82.0,4.0,5.0
2021-08-05 03:47:31,87.0,77.0,5.0,5.0
2021-08-05 03:47:32,94.0,83.0,6.0,5.0
2021-08-05 03:47:33,107.0,91.0,6.0,10.0
2021-08-05 03:47:34,83.0,75.0,6.0,2.0
2021-08-05 03:47:35,103.0,85.0,9.0,9.0
2021-08-05 03:47:36,119.0,107.0,12.0,0.0
2021-08-05 03:47:37,77.0,70.0,5.0,2.0
2021-08-05 03:47:38,94.0,84.0,8.0,2.0
2021-08-05 03:47:39,89.0,80.0,5.0,4.0
2021-08-05 03:47:40,84.0,78.0,2.0,4.0
2021-08-05 03:47:41,77.0,66.0,3.0,8.0
2021-08-05 03:47:42,86.0,70.0,9.0,7.0
2021-08-05 03:47:43,103.0,89.0,7.0,7.0
2021-08-05 03:47:44,95.0,82.0,6.0,7.0
2021-08-05 03:47:45,98.0,88.0,8.0,2.0
2021-08-05 03:47:46,94.0,84.0,6.0,4.0
2021-08-05 03:47:47,80.0,70.0,3.0,7.0
2021-08-05 03:47:48,90.0,77.0,6.0,7.0
2021-08-05 03:47:49,104.0,94.0,6.0,4.0
2021-08-05 03:47:50,89.0,81.0,6.0,2.0
2021-08-05 03:47:51,105.0,94.0,9.0,2.0
2021-08-05 03:47:52,96.0,84.0,7.0,5.0
2021-08-05 03:47:53,85.0,71.0,9.0,5.0
2021-08-05 03:47:54,100.0,89.0,6.0,5.0
2021-08-05 03:47:55,93.0,79.0,8.0,6.0
2021-08-05 03:47:56,90.0,83.0,4.0,3.0
2021-08-05 03:47:57,93.0,77.0,9.0,7.0
2021-08-05 03:47:58,98.0,89.0,7.0,2.0
2021-08-05 03:47:59,101.0,90.0,6.0,5.0
2021-08-05 03:48:00,91.0,85.0,3.0,3.0
2021-08-05 03:48:01,81.0,76.0,1.0,4.0
2021-08-05 03:48:02,90.0,81.0,5.0,4.0
2021-08-05 03:48:03,101.0,93.0,5.0,3.0
2021-08-05 03:48:04,97.0,87.0,7.0,3.0
2021-08-05 03:48:05,89.0,77.0,6.0,6.0
2021-08-05 03:48:06,99.0,85.0,9.0,5.0
2021-08-05 03:48:07,81.0,73.0,2.0,6.0
2021-08-05 03:48:08,101.0,91.0,7.0,3.0
2021-08-05 03:48:09,107.0,97.0,4.0,6.0
2021-08-05 03:48:10,75.0,70.0,2.0,3.0
2021-08-05 03:48:11,116.0,103.0,10.0,3.0
2021-08-05 03:48:12,96.0,84.0,7.0,5.0
2021-08-05 03:48:13,103.0,89.0,8.0,6.0
2021-08-05 03:48:14,103.0,92.0,6.0,5.0
2021-08-05 03:48:15,92.0,82.0,7.0,3.0
2021-08-05 03:48:16,85.0,77.0,6.0,2.0
2021-08-05 03:48:17,88.0,79.0,4.0,5.0
2021-08-05 03:48:18,114.0,109.0,5.0,0.0
2021-08-05 03:48:19,95.0,89.0,2.0,4.0
2021-08-05 03:48:20,100.0,89.0,9.0,2.0
2021-08-05 03:48:21,101.0,88.0,12.0,1.0
2021-08-05 03:48:22,81.0,76.0,3.0,2.0
2021-08-05 03:48:23,87.0,80.0,5.0,2.0
2021-08-05 03:48:24,91.0,84.0,5.0,2.0
2021-08-05 03:48:25,89.0,81.0,5.0,3.0
2021-08-05 03:48:26,96.0,85.0,8.0,3.0
2021-08-05 03:48:27,104.0,95.0,3.0,6.0
2021-08-05 03:48:28,81.0,75.0,4.0,2.0
2021-08-05 03:48:29,104.0,96.0,6.0,2.0
2021-08-05 03:48:30,86.0,75.0,8.0,3.0
2021-08-05 03:48:31,90.0,83.0,6.0,1.0
2021-08-05 03:48:32,102.0,91.0,7.0,4.0
2021-08-05 03:48:33,90.0,84.0,5.0,1.0
2021-08-05 03:48:34,84.0,77.0,5.0,2.0
2021-08-05 03:48:35,102.0,94.0,6.0,2.0
2021-08-05 03:48:36,110.0,95.0,6.0,9.0
2021-08-05 03:48:37,87.0,81.0,4.0,2.0
2021-08-05 03:48:38,83.0,73.0,3.0,7.0
2021-08-05 03:48:39,90.0,85.0,5.0,0.0
2021-08-05 03:48:40,94.0,82.0,7.0,5.0
2021-08-05 03:48:41,100.0,89.0,7.0,4.0
2021-08-05 03:48:42,81.0,71.0,5.0,5.0
2021-08-05 03:48:43,103.0,91.0,10.0,2.0
2021-08-05 03:48:44,100.0,90.0,5.0,5.0
2021-08-05 03:48:45,109.0,95.0,10.0,4.0
2021-08-05 03:48:46,95.0,81.0,9.0,5.0
2021-08-05 03:48:47,80.0,69.0,8.0,3.0
2021-08-05 03:48:48,111.0,102.0,6.0,3.0
2021-08-05 03:48:49,85.0,77.0,5.0,3.0
2021-08-05 03:48:50,107.0,95.0,9.0,3.0
2021-08-05 03:48:51,106.0,94.0,8.0,4.0
2021-08-05 03:48:52,103.0,92.0,7.0,4.0
2021-08-05 03:48:53,98.0,86.0,6.0,6.0
2021-08-05 03:48:54,103.0,97.0,2.0,4.0
2021-08-05 03:48:55,87.0,80.0,3.0,4.0
2021-08-05 03:48:56,108.0,101.0,4.0,3.0
2021-08-05 03:48:57,78.0,66.0,9.0,3.0
2021-08-05 03:48:58,84.0,73.0,5.0,6.0
2021-08-05 03:48:59,95.0,82.0,7.0,6.0
2021-08-05 03:49:00,96.0,87.0,6.0,3.0
2021-08-05 03:49:01,104.0,93.0,8.0,3.0
2021-08-05 03:49:02,113.0,102.0,9.0,2.0
2021-08-05 03:49:03,96.0,83.0,7.0,6.0
2021-08-05 03:49:04,111.0,103.0,5.0,3.0
2021-08-05 03:49:05,95.0,88.0,5.0,2.0
2021-08-05 03:49:06,109.0,101.0,5.0,3.0
2021-08-05 03:49:07,105.0,90.0,11.0,4.0
2021-08-05 03:49:08,97.0,86.0,8.0,3.0
2021-08-05 03:49:09,102.0,91.0,9.0,2.0
2021-08-05 03:49:10,88.0,77.0,6.0,5.0
2021-08-05 03:49:11,113.0,102.0,9.0,2.0
2021-08-05 03:49:12,87.0,77.0,7.0,3.0
2021-08-05 03:49:13,108.0,92.0,11.0,5.0
2021-08-05 03:49:14,103.0,90.0,10.0,3.0
2021-08-05 03:49:15,98.0,92.0,6.0,0.0
2021-08-05 03:49:16,81.0,68.0,5.0,8.0
2021-08-05 03:49:17,114.0,103.0,10.0,1.0
2021-08-05 03:49:18,115.0,106.0,7.0,2.0
2021-08-05 03:49:19,86.0,82.0,3.0,1.0
2021-08-05 03:49:20,108.0,99.0,6.0,3.0
2021-08-05 03:49:21,119.0,103.0,9.0,7.0
2021-08-05 03:49:22,99.0,85.0,10.0,4.0
2021-08-05 03:49:23,101.0,86.0,11.0,4.0
2021-08-05 03:49:24,86.0,74.0,8.0,4.0
2021-08-05 03:49:25,120.0,106.0,10.0,4.0
2021-08-05 03:49:26,114.0,104.0,6.0,4.0
2021-08-05 03:49:27,105.0,89.0,9.0,7.0
2021-08-05 03:49:28,112.0,105.0,7.0,0.0
2021-08-05 03:49:29,88.0,79.0,8.0,1.0
2021-08-05 03:49:30,106.0,90.0,9.0,7.0
2021-08-05 03:49:31,94.0,84.0,7.0,3.0
2021-08-05 03:49:32,110.0,95.0,12.0,3.0
2021-08-05 03:49:33,90.0,82.0,7.0,1.0
2021-08-05 03:49:34,105.0,97.0,2.0,6.0
2021-08-05 03:49:35,94.0,88.0,5.0,1.0
2021-08-05 03:49:36,99.0,95.0,2.0,2.0
2021-08-05 03:49:37,100.0,87.0,10.0,3.0
2021-08-05 03:49:38,76.0,66.0,3.0,7.0
2021-08-05 03:49:39,112.0,99.0,10.0,3.0
2021-08-05 03:49:40,101.0,87.0,9.0,5.0
2021-08-05 03:49:41,100.0,92.0,3.0,5.0
2021-08-05 03:49:42,96.0,91.0,2.0,3.0
2021-08-05 03:49:43,111.0,94.0,9.0,8.0
2021-08-05 03:49:44,109.0,94.0,7.0,8.0
2021-08-05 03:49:45,113.0,102.0,10.0,1.0
2021-08-05 03:49:46,98.0,89.0,5.0,4.0
2021-08-05 03:49:47,84.0,68.0,9.0,7.0
2021-08-05 03:49:48,99.0,90.0,6.0,3.0
2021-08-05 03:49:49,86.0,76.0,6.0,4.0
2021-08-05 03:49:50,103.0,92.0,8.0,3.0
2021-08-05 03:49:51,103.0,96.0,3.0,4.0
2021-08-05 03:49:52,88.0,81.0,3.0,4.0
2021-08-05 03:49:53,115.0,101.0,10.0,4.0
2021-08-05 03:49:54,74.0,64.0,5.0,5.0
2021-08-05 03:49:55,84.0,75.0,4.0,5.0
2021-08-05 03:49:56,79.0,66.0,9.0,4.0
2021-08-05 03:49:57,100.0,87.0,13.0,0.0
2021-08-05 03:49:58,99.0,88.0,9.0,2.0
2021-08-05 03:49:59,84.0,69.0,5.0,10.0
2021-08-05 03:50:00,99.0,87.0,10.0,2.0
2021-08-05 03:50:01,91.0,78.0,7.0,6.0
2021-08-05 03:50:02,101.0,92.0,4.0,5.0
2021-08-05 03:50:03,98.0,85.0,9.0,4.0
2021-08-05 03:50:04,87.0,80.0,3.0,4.0
2021-08-05 03:50:05,89.0,81.0,4.0,4.0
2021-08-05 03:50:06,85.0,75.0,8.0,2.0
2021-08-05 03:50:07,102.0,96.0,4.0,2.0
2021-08-05 03:50:08,114.0,104.0,8.0,2.0
2021-08-05 03:50:09,109.0,104.0,3.0,2.0
2021-08-05 03:50:10,91.0,79.0,7.0,5.0
2021-08-05 03:50:11,100.0,92.0,4.0,4.0
2021-08-05 03:50:12,81.0,70.0,6.0,5.0
2021-08-05 03:50:13,88.0,75.0,10.0,3.0
2021-08-05 03:50:14,94.0,87.0,4.0,3.0
2021-08-05 03:50:15,83.0,74.0,6.0,3.0
2021-08-05 03:50:16,97.0,88.0,6.0,3.0
2021-08-05 03:50:17,122.0,101.0,10.0,11.0
2021-08-05 03:50:18,88.0,77.0,5.0,6.0
2021-08-05 03:50:19,79.0,73.0,1.0,5.0
2021-08-05 03:50:20,89.0,83.0,5.0,1.0
2021-08-05 03:50:21,102.0,92.0,5.0,5.0
2021-08-05 03:50:22,97.0,91.0,2.0,4.0
2021-08-05 03:50:23,75.0,67.0,3.0,5.0
2021-08-05 03:50:24,98.0,83.0,11.0,4.0
2021-08-05 03:50:25,99.0,86.0,7.0,6.0
2021-08-05 03:50:26,110.0,97.0,10.0,3.0
2021-08-05 03:50:27,97.0,89.0,7.0,1.0
2021-08-05 03:50:28,94.0,83.0,4.0,7.0
2021-08-05 03:50:29,110.0,94.0,12.0,4.0
2021-08-05 03:50:30,90.0,77.0,6.0,7.0
2021-08-05 03:50:31,91.0,80.0,6.0,5.0
2021-08-05 03:50:32,95.0,87.0,3.0,5.0
2021-08-05 03:50:33,101.0,89.0,6.0,6.0
2021-08-05 03:50:34,96.0,82.0,5.0,9.0
2021-08-05 03:50:35,88.0,81.0,4.0,3.0
2021-08-05 03:50:36,103.0,90.0,6.0,7.0
2021-08-05 03:50:37,84.0,74.0,10.0,0.0
2021-08-05 03:50:38,93.0,84.0,3.0,6.0
2021-08-05 03:50:39,92.0,82.0,6.0,4.0
2021-08-05 03:50:40,84.0,71.0,8.0,5.0
2021-08-05 03:50:41,100.0,88.0,6.0,6.0
2021-08-05 03:50:42,111.0,97.0,9.0,5.0
2021-08-05 03:50:43,103.0,91.0,8.0,4.0
2021-08-05 03:50:44,96.0,87.0,6.0,3.0
2021-08-05 03:50:45,111.0,102.0,8.0,1.0
2021-08-05 03:50:46,87.0,75.0,6.0,6.0
2021-08-05 03:50:47,96.0,82.0,7.0,7.0
2021-08-05 03:50:48,110.0,92.0,7.0,11.0
2021-08-05 03:50:49,106.0,94.0,7.0,5.0
2021-08-05 03:50:50,107.0,98.0,6.0,3.0
2021-08-05 03:50:51,96.0,81.0,9.0,6.0
2021-08-05 03:50:52,104.0,88.0,8.0,8.0
2021-08-05 03:50:53,81.0,77.0,4.0,0.0
2021-08-05 03:50:54,90.0,72.0,14.0,4.0
2021-08-05 03:50:55,95.0,84.0,6.0,5.0
2021-08-05 03:50:56,93.0,83.0,4.0,6.0
2021-08-05 03:50:57,102.0,91.0,8.0,3.0
2021-08-05 03:50:58,89.0,79.0,5.0,5.0
2021-08-05 03:50:59,123.0,111.0,10.0,2.0
2021-08-05 03:51:00,93.0,86.0,4.0,3.0
2021-08-05 03:51:01,89.0,79.0,5.0,5.0
2021-08-05 03:51:02,113.0,103.0,7.0,3.0
2021-08-05 03:51:03,85.0,82.0,2.0,1.0
2021-08-05 03:51:04,100.0,83.0,14.0,3.0
2021-08-05 03:51:05,87.0,78.0,1.0,8.0
2021-08-05 03:51:06,101.0,89.0,8.0,4.0
2021-08-05 03:51:07,106.0,92.0,11.0,3.0
2021-08-05 03:51:08,81.0,69.0,9.0,3.0
2021-08-05 03:51:09,103.0,90.0,6.0,7.0
2021-08-05 03:51:10,93.0,87.0,5.0,1.0
2021-08-05 03:51:11,96.0,88.0,4.0,4.0
2021-08-05 03:51:12,83.0,76.0,4.0,3.0
2021-08-05 03:51:13,85.0,77.0,5.0,3.0
2021-08-05 03:51:14,95.0,85.0,7.0,3.0
2021-08-05 03:51:15,107.0,99.0,5.0,3.0
2021-08-05 03:51:16,86.0,67.0,9.0,10.0
2021-08-05 03:51:17,82.0,73.0,9.0,0.0
2021-08-05 03:51:18,105.0,99.0,2.0,4.0
2021-08-05 03:51:19,89.0,79.0,8.0,2.0
2021-08-05 03:51:20,96.0,86.0,9.0,1.0
2021-08-05 03:51:21,119.0,106.0,7.0,6.0
2021-08-05 03:51:22,93.0,82.0,5.0,6.0
2021-08-05 03:51:23,101.0,93.0,4.0,4.0
2021-08-05 03:51:24,105.0,89.0,11.0,5.0
2021-08-05 03:51:25,91.0,81.0,8.0,2.0
2021-08-05 03:51:26,92.0,81.0,8.0,3.0
2021-08-05 03:51:27,88.0,82.0,4.0,2.0
2021-08-05 03:51:28,103.0,91.0,7.0,5.0
2021-08-05 03:51:29,98.0,88.0,7.0,3.0
2021-08-05 03:51:30,89.0,77.0,7.0,5.0
2021-08-05 03:51:31,98.0,89.0,5.0,4.0
2021-08-05 03:51:32,96.0,91.0,1.0,4.0
2021-08-05 03:51:33,80.0,66.0,10.0,4.0
2021-08-05 03:51:34,86.0,77.0,6.0,3.0
2021-08-05 03:51:35,90.0,82.0,5.0,3.0
2021-08-05 03:51:36,82.0,75.0,5.0,2.0
2021-08-05 03:51:37,103.0,90.0,7.0,6.0
2021-08-05 03:51:38,85.0,76.0,6.0,3.0
2021-08-05 03:51:39,93.0,79.0,10.0,4.0
2021-08-05 03:51:40,110.0,100.0,6.0,4.0
2021-08-05 03:51:41,93.0,88.0,2.0,3.0
2021-08-05 03:51:42,93.0,84.0,4.0,5.0
2021-08-05 03:51:43,100.0,94.0,4.0,2.0
2021-08-05 03:51:44,96.0,82.0,8.0,6.0
2021-08-05 03:51:45,94.0,86.0,3.0,5.0
2021-08-05 03:51:46,79.0,74.0,4.0,1.0
2021-08-05 03:51:47,84.0,69.0,10.0,5.0
2021-08-05 03:51:48,104.0,88.0,8.0,8.0
2021-08-05 03:51:49,93.0,83.0,9.0,1.0
2021-08-05 03:51:50,101.0,87.0,7.0,7.0
2021-08-05 03:51:51,98.0,88.0,5.0,5.0
2021-08-05 03:51:52,89.0,78.0,10.0,1.0
2021-08-05 03:51:53,99.0,87.0,7.0,5.0
2021-08-05 03:51:54,106.0,93.0,10.0,3.0
2021-08-05 03:51:55,93.0,85.0,3.0,5.0
2021-08-05 03:51:56,100.0,89.0,7.0,4.0
2021-08-05 03:51:57,108.0,97.0,5.0,6.0
2021-08-05 03:51:58,115.0,103.0,4.0,8.0
2021-08-05 03:51:59,97.0,89.0,4.0,4.0
2021-08-05 03:52:00,91.0,81.0,4.0,6.0
2021-08-05 03:52:01,85.0,77.0,5.0,3.0
2021-08-05 03:52:02,78.0,70.0,4.0,4.0
2021-08-05 03:52:03,103.0,93.0,8.0,2.0
2021-08-05 03:52:04,112.0,101.0,8.0,3.0
2021-08-05 03:52:05,94.0,86.0,5.0,3.0
2021-08-05 03:52:06,84.0,75.0,6.0,3.0
2021-08-05 03:52:07,91.0,78.0,7.0,6.0
2021-08-05 03:52:08,101.0,90.0,5.0,6.0
2021-08-05 03:52:09,82.0,71.0,6.0,5.0
2021-08-05 03:52:10,101.0,88.0,7.0,6.0
2021-08-05 03:52:11,99.0,91.0,6.0,2.0
2021-08-05 03:52:12,111.0,101.0,7.0,3.0
2021-08-05 03:52:13,101.0,96.0,3.0,2.0
2021-08-05 03:52:14,101.0,97.0,2.0,2.0
2021-08-05 03:52:15,113.0,92.0,16.0,5.0
2021-08-05 03:52:16,90.0,79.0,6.0,5.0
2021-08-05 03:52:17,82.0,69.0,9.0,4.0
2021-08-05 03:52:18,97.0,88.0,6.0,3.0
2021-08-05 03:52:19,88.0,77.0,7.0,4.0
2021-08-05 03:52:20,96.0,80.0,11.0,5.0
2021-08-05 03:52:21,91.0,83.0,5.0,3.0
2021-08-05 03:52:22,83.0,74.0,2.0,7.0
2021-08-05 03:52:23,105.0,91.0,8.0,6.0
2021-08-05 03:52:24,87.0,80.0,5.0,2.0
2021-08-05 03:52:25,68.0,60.0,4.0,4.0
2021-08-05 03:52:26,98.0,79.0,11.0,8.0
2021-08-05 03:52:27,97.0,85.0,3.0,9.0
2021-08-05 03:52:28,95.0,84.0,8.0,3.0
2021-08-05 03:52:29,81.0,73.0,6.0,2.0
2021-08-05 03:52:30,116.0,103.0,9.0,4.0
2021-08-05 03:52:31,89.0,84.0,4.0,1.0
2021-08-05 03:52:32,87.0,75.0,8.0,4.0
2021-08-05 03:52:33,93.0,82.0,8.0,3.0
2021-08-05 03:52:34,99.0,91.0,6.0,2.0
2021-08-05 03:52:35,81.0,74.0,4.0,3.0
2021-08-05 03:52:36,97.0,89.0,5.0,3.0
2021-08-05 03:52:37,95.0,89.0,5.0,1.0
2021-08-05 03:52:38,97.0,82.0,9.0,6.0
2021-08-05 03:52:39,91.0,81.0,6.0,4.0
2021-08-05 03:52:40,91.0,79.0,7.0,5.0
2021-08-05 03:52:41,98.0,79.0,10.0,9.0
2021-08-05 03:52:42,97.0,91.0,3.0,3.0
2021-08-05 03:52:43,102.0,94.0,7.0,1.0
2021-08-05 03:52:44,92.0,87.0,5.0,0.0
2021-08-05 03:52:45,105.0,92.0,10.0,3.0
2021-08-05 03:52:46,81.0,69.0,7.0,5.0
2021-08-05 03:52:47,114.0,102.0,8.0,4.0
2021-08-05 03:52:48,96.0,87.0,6.0,3.0
2021-08-05 03:52:49,90.0,80.0,6.0,4.0
2021-08-05 03:52:50,102.0,93.0,3.0,6.0
2021-08-05 03:52:51,80.0,71.0,7.0,2.0
2021-08-05 03:52:52,84.0,74.0,7.0,3.0
2021-08-05 03:52:53,95.0,82.0,6.0,7.0
2021-08-05 03:52:54,97.0,83.0,9.0,5.0
2021-08-05 03:52:55,100.0,93.0,6.0,1.0
2021-08-05 03:52:56,99.0,91.0,4.0,4.0
2021-08-05 03:52:57,102.0,91.0,8.0,3.0
2021-08-05 03:52:58,103.0,94.0,5.0,4.0
2021-08-05 03:52:59,85.0,74.0,8.0,3.0
2021-08-05 03:53:00,88.0,77.0,4.0,7.0
2021-08-05 03:53:01,97.0,83.0,9.0,5.0
2021-08-05 03:53:02,88.0,78.0,6.0,4.0
2021-08-05 03:53:03,91.0,79.0,7.0,5.0
2021-08-05 03:53:04,99.0,81.0,12.0,6.0
2021-08-05 03:53:05,74.0,67.0,5.0,2.0
2021-08-05 03:53:06,90.0,80.0,7.0,3.0
2021-08-05 03:53:07,93.0,89.0,1.0,3.0
2021-08-05 03:53:08,93.0,88.0,4.0,1.0
2021-08-05 03:53:09,91.0,79.0,9.0,3.0
2021-08-05 03:53:10,94.0,87.0,6.0,1.0
2021-08-05 03:53:11,93.0,82.0,6.0,5.0
2021-08-05 03:53:12,103.0,93.0,6.0,4.0
2021-08-05 03:53:13,105.0,95.0,6.0,4.0
2021-08-05 03:53:14,105.0,91.0,7.0,7.0
2021-08-05 03:53:15,104.0,94.0,2.0,8.0
2021-08-05 03:53:16,84.0,72.0,8.0,4.0
2021-08-05 03:53:17,91.0,83.0,5.0,3.0
2021-08-05 03:53:18,103.0,88.0,10.0,5.0
2021-08-05 03:53:19,117.0,109.0,4.0,4.0
2021-08-05 03:53:20,89.0,78.0,10.0,1.0
2021-08-05 03:53:21,98.0,91.0,5.0,2.0
2021-08-05 03:53:22,87.0,79.0,5.0,3.0
2021-08-05 03:53:23,85.0,77.0,3.0,5.0
2021-08-05 03:53:24,115.0,101.0,10.0,4.0
2021-08-05 03:53:25,96.0,83.0,8.0,5.0
2021-08-05 03:53:26,98.0,83.0,8.0,7.0
2021-08-05 03:53:27,93.0,80.0,8.0,5.0
2021-08-05 03:53:28,87.0,76.0,9.0,2.0
2021-08-05 03:53:29,89.0,80.0,7.0,2.0
2021-08-05 03:53:30,85.0,77.0,5.0,3.0
2021-08-05 03:53:31,113.0,101.0,8.0,4.0
2021-08-05 03:53:32,86.0,75.0,7.0,4.0
2021-08-05 03:53:33,91.0,84.0,4.0,3.0
2021-08-05 03:53:34,94.0,82.0,8.0,4.0
2021-08-05 03:53:35,79.0,76.0,3.0,0.0
2021-08-05 03:53:36,96.0,87.0,7.0,2.0
2021-08-05 03:53:37,86.0,76.0,5.0,5.0
2021-08-05 03:53:38,79.0,70.0,7.0,2.0
2021-08-05 03:53:39,74.0,68.0,6.0,0.0
2021-08-05 03:53:40,90.0,78.0,10.0,2.0
2021-08-05 03:53:41,112.0,99.0,4.0,9.0
2021-08-05 03:53:42,89.0,79.0,5.0,5.0
2021-08-05 03:53:43,105.0,89.0,8.0,8.0
2021-08-05 03:53:44,87.0,79.0,5.0,3.0
2021-08-05 03:53:45,95.0,86.0,5.0,4.0
2021-08-05 03:53:46,94.0,85.0,5.0,4.0
2021-08-05 03:53:47,104.0,94.0,4.0,6.0
2021-08-05 03:53:48,105.0,98.0,5.0,2.0
2021-08-05 03:53:49,92.0,85.0,3.0,4.0
2021-08-05 03:53:50,89.0,75.0,12.0,2.0
2021-08-05 03:53:51,111.0,103.0,4.0,4.0
2021-08-05 03:53:52,87.0,77.0,7.0,3.0
2021-08-05 03:53:53,92.0,75.0,14.0,3.0
2021-08-05 03:53:54,86.0,75.0,7.0,4.0
2021-08-05 03:53:55,79.0,67.0,7.0,5.0
2021-08-05 03:53:56,109.0,97.0,6.0,6.0
2021-08-05 03:53:57,98.0,86.0,6.0,6.0
2021-08-05 03:53:58,91.0,81.0,8.0,2.0
2021-08-05 03:53:59,84.0,74.0,5.0,5.0
2021-08-05 03:54:00,111.0,95.0,9.0,7.0
2021-08-05 03:54:01,87.0,82.0,3.0,2.0
2021-08-05 03:54:02,114.0,101.0,7.0,6.0
2021-08-05 03:54:03,100.0,89.0,11.0,0.0
2021-08-05 03:54:04,96.0,86.0,6.0,4.0
2021-08-05 03:54:05,104.0,89.0,11.0,4.0
2021-08-05 03:54:06,96.0,89.0,3.0,4.0
2021-08-05 03:54:07,99.0,88.0,6.0,5.0
2021-08-05 03:54:08,111.0,103.0,4.0,4.0
2021-08-05 03:54:09,94.0,86.0,4.0,4.0
2021-08-05 03:54:10,72.0,66.0,4.0,2.0
2021-08-05 03:54:11,99.0,91.0,3.0,5.0
2021-08-05 03:54:12,86.0,75.0,6.0,5.0
2021-08-05 03:54:13,93.0,81.0,5.0,7.0
2021-08-05 03:54:14,104.0,86.0,13.0,5.0
2021-08-05 03:54:15,91.0,77.0,10.0,4.0
2021-08-05 03:54:16,84.0,70.0,10.0,4.0
2021-08-05 03:54:17,88.0,84.0,2.0,2.0
2021-08-05 03:54:18,118.0,106.0,6.0,6.0
2021-08-05 03:54:19,92.0,77.0,9.0,6.0
2021-08-05 03:54:20,112.0,96.0,8.0,8.0
2021-08-05 03:54:21,91.0,84.0,5.0,2.0
2021-08-05 03:54:22,77.0,72.0,4.0,1.0
2021-08-05 03:54:23,94.0,84.0,3.0,7.0
2021-08-05 03:54:24,82.0,71.0,8.0,3.0
2021-08-05 03:54:25,90.0,82.0,5.0,3.0
2021-08-05 03:54:26,87.0,72.0,5.0,10.0
2021-08-05 03:54:27,109.0,95.0,10.0,4.0
2021-08-05 03:54:28,102.0,91.0,7.0,4.0
2021-08-05 03:54:29,93.0,80.0,10.0,3.0
2021-08-05 03:54:30,99.0,91.0,4.0,4.0
2021-08-05 03:54:31,98.0,84.0,11.0,3.0
2021-08-05 03:54:32,95.0,85.0,8.0,2.0
2021-08-05 03:54:33,93.0,84.0,6.0,3.0
2021-08-05 03:54:34,108.0,92.0,8.0,8.0
2021-08-05 03:54:35,81.0,70.0,6.0,5.0
2021-08-05 03:54:36,115.0,106.0,6.0,3.0
2021-08-05 03:54:37,100.0,89.0,7.0,4.0
2021-08-05 03:54:38,96.0,85.0,8.0,3.0
2021-08-05 03:54:39,78.0,61.0,5.0,12.0
2021-08-05 03:54:40,101.0,90.0,7.0,4.0
2021-08-05 03:54:41,90.0,79.0,11.0,0.0
2021-08-05 03:54:42,100.0,94.0,4.0,2.0
2021-08-05 03:54:43,96.0,84.0,8.0,4.0
2021-08-05 03:54:44,114.0,103.0,9.0,2.0
2021-08-05 03:54:45,108.0,92.0,8.0,8.0
2021-08-05 03:54:46,100.0,93.0,4.0,3.0
2021-08-05 03:54:47,112.0,104.0,6.0,2.0
2021-08-05 03:54:48,100.0,87.0,8.0,5.0
2021-08-05 03:54:49,77.0,69.0,7.0,1.0
2021-08-05 03:54:50,98.0,86.0,7.0,5.0
2021-08-05 03:54:51,104.0,93.0,8.0,3.0
2021-08-05 03:54:52,101.0,92.0,8.0,1.0
2021-08-05 03:54:53,85.0,72.0,8.0,5.0
2021-08-05 03:54:54,100.0,93.0,4.0,3.0
2021-08-05 03:54:55,92.0,82.0,7.0,3.0
2021-08-05 03:54:56,101.0,90.0,6.0,5.0
2021-08-05 03:54:57,95.0,83.0,10.0,2.0
2021-08-05 03:54:58,114.0,104.0,4.0,6.0
2021-08-05 03:54:59,93.0,88.0,2.0,3.0
2021-08-05 03:55:00,110.0,88.0,10.0,12.0
2021-08-05 03:55:01,90.0,83.0,6.0,1.0
2021-08-05 03:55:02,87.0,78.0,3.0,6.0
2021-08-05 03:55:03,104.0,95.0,7.0,2.0
2021-08-05 03:55:04,87.0,72.0,11.0,4.0
2021-08-05 03:55:05,99.0,86.0,9.0,4.0
2021-08-05 03:55:06,80.0,69.0,8.0,3.0
2021-08-05 03:55:07,94.0,85.0,6.0,3.0
2021-08-05 03:55:08,83.0,72.0,11.0,0.0
2021-08-05 03:55:09,100.0,83.0,13.0,4.0
2021-08-05 03:55:10,103.0,93.0,9.0,1.0
2021-08-05 03:55:11,98.0,88.0,5.0,5.0
2021-08-05 03:55:12,86.0,77.0,4.0,5.0
2021-08-05 03:55:13,81.0,69.0,10.0,2.0
2021-08-05 03:55:14,97.0,84.0,8.0,5.0
2021-08-05 03:55:15,95.0,86.0,6.0,3.0
2021-08-05 03:55:16,104.0,94.0,8.0,2.0
2021-08-05 03:55:17,94.0,83.0,9.0,2.0
2021-08-05 03:55:18,89.0,80.0,3.0,6.0
2021-08-05 03:55:19,85.0,71.0,6.0,8.0
2021-08-05 03:55:20,104.0,94.0,6.0,4.0
2021-08-05 03:55:21,102.0,91.0,7.0,4.0
2021-08-05 03:55:22,110.0,98.0,6.0,6.0
2021-08-05 03:55:23,103.0,94.0,4.0,5.0
2021-08-05 03:55:24,90.0,86.0,2.0,2.0
2021-08-05 03:55:25,73.0,65.0,5.0,3.0
2021-08-05 03:55:26,87.0,80.0,4.0,3.0
2021-08-05 03:55:27,88.0,78.0,5.0,5.0
2021-08-05 03:55:28,106.0,91.0,9.0,6.0
2021-08-05 03:55:29,99.0,87.0,6.0,6.0
2021-08-05 03:55:30,87.0,69.0,10.0,8.0
2021-08-05 03:55:31,102.0,81.0,12.0,9.0
2021-08-05 03:55:32,104.0,91.0,7.0,6.0
2021-08-05 03:55:33,91.0,84.0,3.0,4.0
2021-08-05 03:55:34,83.0,79.0,4.0,0.0
2021-08-05 03:55:35,88.0,75.0,8.0,5.0
2021-08-05 03:55:36,98.0,88.0,9.0,1.0
2021-08-05 03:55:37,90.0,80.0,6.0,4.0
2021-08-05 03:55:38,110.0,98.0,10.0,2.0
2021-08-05 03:55:39,88.0,74.0,8.0,6.0
2021-08-05 03:55:40,89.0,83.0,5.0,1.0
2021-08-05 03:55:41,106.0,100.0,4.0,2.0
2021-08-05 03:55:42,103.0,95.0,5.0,3.0
2021-08-05 03:55:43,91.0,80.0,7.0,4.0
2021-08-05 03:55:44,84.0,78.0,6.0,0.0
2021-08-05 03:55:45,86.0,73.0,9.0,4.0
2021-08-05 03:55:46,88.0,79.0,6.0,3.0
2021-08-05 03:55:47,87.0,73.0,9.0,5.0
2021-08-05 03:55:48,99.0,90.0,8.0,1.0
2021-08-05 03:55:49,82.0,69.0,7.0,6.0
2021-08-05 03:55:50,108.0,99.0,5.0,4.0
2021-08-05 03:55:51,112.0,103.0,7.0,2.0
2021-08-05 03:55:52,104.0,100.0,3.0,1.0
2021-08-05 03:55:53,92.0,84.0,6.0,2.0
2021-08-05 03:55:54,90.0,81.0,4.0,5.0
2021-08-05 03:55:55,103.0,90.0,8.0,5.0
2021-08-05 03:55:56,96.0,89.0,3.0,4.0
2021-08-05 03:55:57,124.0,115.0,7.0,2.0
2021-08-05 03:55:58,99.0,83.0,11.0,5.0
2021-08-05 03:55:59,101.0,94.0,6.0,1.0
2021-08-05 03:56:00,85.0,73.0,9.0,3.0
2021-08-05 03:56:01,96.0,93.0,1.0,2.0
2021-08-05 03:56:02,97.0,87.0,5.0,5.0
2021-08-05 03:56:03,103.0,90.0,8.0,5.0
2021-08-05 03:56:04,87.0,71.0,10.0,6.0
2021-08-05 03:56:05,95.0,80.0,11.0,4.0
2021-08-05 03:56:06,104.0,87.0,7.0,10.0
2021-08-05 03:56:07,95.0,88.0,6.0,1.0
2021-08-05 03:56:08,92.0,79.0,10.0,3.0
2021-08-05 03:56:09,99.0,91.0,3.0,5.0
2021-08-05 03:56:10,101.0,93.0,5.0,3.0
2021-08-05 03:56:11,89.0,76.0,9.0,4.0
2021-08-05 03:56:12,85.0,76.0,6.0,3.0
2021-08-05 03:56:13,104.0,97.0,7.0,0.0
2021-08-05 03:56:14,99.0,92.0,4.0,3.0
2021-08-05 03:56:15,81.0,72.0,5.0,4.0
2021-08-05 03:56:16,92.0,83.0,3.0,6.0
2021-08-05 03:56:17,88.0,82.0,1.0,5.0
2021-08-05 03:56:18,96.0,88.0,5.0,3.0
2021-08-05 03:56:19,124.0,107.0,10.0,7.0
2021-08-05 03:56:20,96.0,89.0,5.0,2.0
2021-08-05 03:56:21,78.0,69.0,8.0,1.0
2021-08-05 03:56:22,84.0,71.0,5.0,8.0
2021-08-05 03:56:23,83.0,78.0,1.0,4.0
2021-08-05 03:56:24,92.0,80.0,9.0,3.0
2021-08-05 03:56:25,78.0,70.0,6.0,2.0
2021-08-05 03:56:26,98.0,89.0,5.0,4.0
2021-08-05 03:56:27,85.0,76.0,6.0,3.0
2021-08-05 03:56:28,81.0,78.0,1.0,2.0
2021-08-05 03:56:29,86.0,77.0,7.0,2.0
2021-08-05 03:56:30,82.0,77.0,3.0,2.0
2021-08-05 03:56:31,108.0,102.0,4.0,2.0
2021-08-05 03:56:32,98.0,86.0,8.0,4.0
2021-08-05 03:56:33,85.0,74.0,7.0,4.0
2021-08-05 03:56:34,93.0,83.0,5.0,5.0
2021-08-05 03:56:35,96.0,83.0,7.0,6.0
2021-08-05 03:56:36,93.0,76.0,9.0,8.0
2021-08-05 03:56:37,85.0,76.0,7.0,2.0
2021-08-05 03:56:38,111.0,106.0,3.0,2.0
2021-08-05 03:56:39,106.0,95.0,9.0,2.0
2021-08-05 03:56:40,88.0,79.0,4.0,5.0
2021-08-05 03:56:41,99.0,84.0,6.0,9.0
2021-08-05 03:56:42,98.0,77.0,14.0,7.0
2021-08-05 03:56:43,97.0,83.0,8.0,6.0
2021-08-05 03:56:44,104.0,90.0,8.0,6.0
2021-08-05 03:56:45,90.0,83.0,2.0,5.0
2021-08-05 03:56:46,97.0,86.0,9.0,2.0
2021-08-05 03:56:47,82.0,75.0,5.0,2.0
2021-08-05 03:56:48,101.0,87.0,10.0,4.0
2021-08-05 03:56:49,93.0,82.0,8.0,3.0
2021-08-05 03:56:50,93.0,81.0,6.0,6.0
2021-08-05 03:56:51,105.0,93.0,3.0,9.0
2021-08-05 03:56:52,116.0,104.0,8.0,4.0
2021-08-05 03:56:53,85.0,75.0,6.0,4.0
2021-08-05 03:56:54,73.0,66.0,5.0,2.0
2021-08-05 03:56:55,97.0,87.0,6.0,4.0
2021-08-05 03:56:56,96.0,90.0,5.0,1.0
2021-08-05 03:56:57,93.0,80.0,8.0,5.0
2021-08-05 03:56:58,89.0,79.0,9.0,1.0
2021-08-05 03:56:59,86.0,76.0,7.0,3.0
2021-08-05 03:57:00,74.0,64.0,6.0,4.0
2021-08-05 03:57:01,88.0,75.0,5.0,8.0
2021-08-05 03:57:02,97.0,84.0,8.0,5.0
2021-08-05 03:57:03,112.0,101.0,10.0,1.0
2021-08-05 03:57:04,97.0,86.0,10.0,1.0
2021-08-05 03:57:05,99.0,89.0,3.0,7.0
2021-08-05 03:57:06,79.0,75.0,2.0,2.0
2021-08-05 03:57:07,97.0,86.0,7.0,4.0
2021-08-05 03:57:08,92.0,83.0,7.0,2.0
2021-08-05 03:57:09,107.0,96.0,5.0,6.0
2021-08-05 03:57:10,91.0,84.0,3.0,4.0
2021-08-05 03:57:11,86.0,75.0,6.0,5.0
2021-08-05 03:57:12,97.0,86.0,9.0,2.0
2021-08-05 03:57:13,87.0,76.0,6.0,5.0
2021-08-05 03:57:14,107.0,97.0,6.0,4.0
2021-08-05 03:57:15,93.0,78.0,11.0,4.0
2021-08-05 03:57:16,105.0,89.0,10.0,6.0
2021-08-05 03:57:17,96.0,91.0,3.0,2.0
2021-08-05 03:57:18,96.0,82.0,9.0,5.0
2021-08-05 03:57:19,95.0,91.0,2.0,2.0
2021-08-05 03:57:20,118.0,109.0,6.0,3.0
2021-08-05 03:57:21,88.0,80.0,5.0,3.0
2021-08-05 03:57:22,112.0,103.0,5.0,4.0
2021-08-05 03:57:23,105.0,96.0,6.0,3.0
2021-08-05 03:57:24,82.0,73.0,7.0,2.0
2021-08-05 03:57:25,97.0,88.0,6.0,3.0
2021-08-05 03:57:26,85.0,71.0,9.0,5.0
2021-08-05 03:57:27,98.0,88.0,6.0,4.0
2021-08-05 03:57:28,86.0,72.0,9.0,5.0
2021-08-05 03:57:29,93.0,81.0,7.0,5.0
2021-08-05 03:57:30,85.0,79.0,4.0,2.0
2021-08-05 03:57:31,85.0,78.0,4.0,3.0
2021-08-05 03:57:32,101.0,85.0,6.0,10.0
2021-08-05 03:57:33,92.0,85.0,4.0,3.0
2021-08-05 03:57:34,109.0,94.0,9.0,6.0
2021-08-05 03:57:35,82.0,78.0,2.0,2.0
2021-08-05 03:57:36,95.0,84.0,5.0,6.0
2021-08-05 03:57:37,93.0,81.0,8.0,4.0
2021-08-05 03:57:38,91.0,87.0,2.0,2.0
2021-08-05 03:57:39,100.0,95.0,2.0,3.0
2021-08-05 03:57:40,101.0,91.0,5.0,5.0
2021-08-05 03:57:41,102.0,87.0,9.0,6.0
2021-08-05 03:57:42,88.0,74.0,8.0,6.0
2021-08-05 03:57:43,83.0,79.0,2.0,2.0
2021-08-05 03:57:44,91.0,82.0,7.0,2.0
2021-08-05 03:57:45,97.0,86.0,6.0,5.0
2021-08-05 03:57:46,100.0,94.0,2.0,4.0
2021-08-05 03:57:47,105.0,97.0,4.0,4.0
2021-08-05 03:57:48,87.0,76.0,6.0,5.0
2021-08-05 03:57:49,115.0,105.0,7.0,3.0
2021-08-05 03:57:50,93.0,81.0,9.0,3.0
2021-08-05 03:57:51,91.0,80.0,7.0,4.0
2021-08-05 03:57:52,100.0,86.0,11.0,3.0
2021-08-05 03:57:53,107.0,87.0,11.0,9.0
2021-08-05 03:57:54,94.0,84.0,7.0,3.0
2021-08-05 03:57:55,87.0,81.0,2.0,4.0
2021-08-05 03:57:56,96.0,86.0,7.0,3.0
2021-08-05 03:57:57,99.0,88.0,5.0,6.0
2021-08-05 03:57:58,114.0,104.0,5.0,5.0
2021-08-05 03:57:59,94.0,82.0,8.0,4.0
2021-08-05 03:58:00,80.0,72.0,3.0,5.0
2021-08-05 03:58:01,123.0,110.0,7.0,6.0
2021-08-05 03:58:02,88.0,81.0,5.0,2.0
2021-08-05 03:58:03,89.0,75.0,8.0,6.0
2021-08-05 03:58:04,84.0,75.0,6.0,3.0
2021-08-05 03:58:05,100.0,87.0,9.0,4.0
2021-08-05 03:58:06,81.0,71.0,8.0,2.0
2021-08-05 03:58:07,82.0,71.0,7.0,4.0
2021-08-05 03:58:08,115.0,99.0,10.0,6.0
2021-08-05 03:58:09,92.0,79.0,9.0,4.0
2021-08-05 03:58:10,100.0,89.0,9.0,2.0
2021-08-05 03:58:11,113.0,100.0,12.0,1.0
2021-08-05 03:58:12,95.0,84.0,8.0,3.0
2021-08-05 03:58:13,86.0,75.0,7.0,4.0
2021-08-05 03:58:14,86.0,75.0,7.0,4.0
2021-08-05 03:58:15,93.0,81.0,4.0,8.0
2021-08-05 03:58:16,96.0,85.0,5.0,6.0
2021-08-05 03:58:17,91.0,74.0,8.0,9.0
2021-08-05 03:58:18,99.0,87.0,10.0,2.0
2021-08-05 03:58:19,102.0,90.0,8.0,4.0
2021-08-05 03:58:20,106.0,95.0,7.0,4.0
2021-08-05 03:58:21,94.0,83.0,5.0,6.0
2021-08-05 03:58:22,85.0,77.0,5.0,3.0
2021-08-05 03:58:23,80.0,64.0,8.0,8.0
2021-08-05 03:58:24,117.0,102.0,10.0,5.0
2021-08-05 03:58:25,104.0,96.0,5.0,3.0
2021-08-05 03:58:26,92.0,74.0,11.0,7.0
2021-08-05 03:58:27,114.0,104.0,6.0,4.0
2021-08-05 03:58:28,105.0,95.0,5.0,5.0
2021-08-05 03:58:29,94.0,83.0,7.0,4.0
2021-08-05 03:58:30,75.0,66.0,8.0,1.0
2021-08-05 03:58:31,112.0,101.0,7.0,4.0
2021-08-05 03:58:32,83.0,76.0,2.0,5.0
2021-08-05 03:58:33,96.0,86.0,5.0,5.0
2021-08-05 03:58:34,93.0,85.0,3.0,5.0
2021-08-05 03:58:35,73.0,65.0,7.0,1.0
2021-08-05 03:58:36,97.0,89.0,2.0,6.0
2021-08-05 03:58:37,104.0,93.0,9.0,2.0
2021-08-05 03:58:38,94.0,86.0,5.0,3.0
2021-08-05 03:58:39,92.0,86.0,4.0,2.0
2021-08-05 03:58:40,96.0,84.0,8.0,4.0
2021-08-05 03:58:41,87.0,79.0,4.0,4.0
2021-08-05 03:58:42,100.0,85.0,8.0,7.0
2021-08-05 03:58:43,106.0,93.0,4.0,9.0
2021-08-05 03:58:44,112.0,106.0,3.0,3.0
2021-08-05 03:58:45,88.0,77.0,6.0,5.0
2021-08-05 03:58:46,100.0,89.0,9.0,2.0
2021-08-05 03:58:47,92.0,75.0,10.0,7.0
2021-08-05 03:58:48,95.0,86.0,3.0,6.0
2021-08-05 03:58:49,112.0,102.0,5.0,5.0
2021-08-05 03:58:50,90.0,72.0,11.0,7.0
2021-08-05 03:58:51,92.0,83.0,6.0,3.0
2021-08-05 03:58:52,98.0,87.0,5.0,6.0
2021-08-05 03:58:53,99.0,90.0,6.0,3.0
2021-08-05 03:58:54,85.0,74.0,7.0,4.0
2021-08-05 03:58:55,98.0,89.0,4.0,5.0
2021-08-05 03:58:56,85.0,78.0,5.0,2.0
2021-08-05 03:58:57,95.0,82.0,8.0,5.0
2021-08-05 03:58:58,95.0,90.0,2.0,3.0
2021-08-05 03:58:59,103.0,94.0,6.0,3.0
2021-08-05 03:59:00,101.0,84.0,9.0,8.0
2021-08-05 03:59:01,87.0,74.0,7.0,6.0
2021-08-05 03:59:02,107.0,98.0,3.0,6.0
2021-08-05 03:59:03,91.0,80.0,5.0,6.0
2021-08-05 03:59:04,97.0,88.0,7.0,2.0
2021-08-05 03:59:05,97.0,86.0,6.0,5.0
2021-08-05 03:59:06,104.0,92.0,8.0,4.0
2021-08-05 03:59:07,90.0,81.0,3.0,6.0
2021-08-05 03:59:08,76.0,64.0,2.0,10.0
2021-08-05 03:59:09,100.0,87.0,4.0,9.0
2021-08-05 03:59:10,92.0,83.0,6.0,3.0
2021-08-05 03:59:11,93.0,83.0,3.0,7.0
2021-08-05 03:59:12,92.0,85.0,4.0,3.0
2021-08-05 03:59:13,108.0,97.0,5.0,6.0
2021-08-05 03:59:14,92.0,81.0,7.0,4.0
2021-08-05 03:59:15,101.0,86.0,8.0,7.0
2021-08-05 03:59:16,86.0,77.0,1.0,8.0
2021-08-05 03:59:17,100.0,89.0,10.0,1.0
2021-08-05 03:59:18,104.0,93.0,7.0,4.0
2021-08-05 03:59:19,91.0,84.0,6.0,1.0
2021-08-05 03:59:20,99.0,90.0,5.0,4.0
2021-08-05 03:59:21,101.0,87.0,10.0,4.0
2021-08-05 03:59:22,98.0,89.0,5.0,4.0
2021-08-05 03:59:23,75.0,66.0,4.0,5.0
2021-08-05 03:59:24,93.0,87.0,3.0,3.0
2021-08-05 03:59:25,98.0,82.0,10.0,6.0
2021-08-05 03:59:26,110.0,98.0,6.0,6.0
2021-08-05 03:59:27,98.0,85.0,7.0,6.0
2021-08-05 03:59:28,82.0,71.0,8.0,3.0
2021-08-05 03:59:29,89.0,79.0,7.0,3.0
2021-08-05 03:59:30,108.0,98.0,5.0,5.0
2021-08-05 03:59:31,96.0,81.0,7.0,8.0
2021-08-05 03:59:32,85.0,70.0,7.0,8.0
2021-08-05 03:59:33,81.0,76.0,4.0,1.0
2021-08-05 03:59:34,88.0,75.0,5.0,8.0
2021-08-05 03:59:35,107.0,90.0,11.0,6.0
2021-08-05 03:59:36,84.0,73.0,5.0,6.0
2021-08-05 03:59:37,96.0,89.0,5.0,2.0
2021-08-05 03:59:38,80.0,78.0,2.0,0.0
2021-08-05 03:59:39,88.0,81.0,6.0,1.0
2021-08-05 03:59:40,106.0,92.0,9.0,5.0
2021-08-05 03:59:41,92.0,76.0,10.0,6.0
2021-08-05 03:59:42,117.0,96.0,10.0,11.0
2021-08-05 03:59:43,86.0,79.0,5.0,2.0
2021-08-05 03:59:44,97.0,86.0,10.0,1.0
2021-08-05 03:59:45,77.0,67.0,3.0,7.0
2021-08-05 03:59:46,90.0,79.0,9.0,2.0
2021-08-05 03:59:47,113.0,104.0,5.0,4.0
2021-08-05 03:59:48,93.0,84.0,6.0,3.0
2021-08-05 03:59:49,75.0,68.0,4.0,3.0
2021-08-05 03:59:50,90.0,85.0,2.0,3.0
2021-08-05 03:59:51,96.0,89.0,6.0,1.0
2021-08-05 03:59:52,91.0,81.0,7.0,3.0
2021-08-05 03:59:53,108.0,95.0,6.0,7.0
2021-08-05 03:59:54,99.0,87.0,9.0,3.0
2021-08-05 03:59:55,110.0,93.0,8.0,9.0
2021-08-05 03:59:56,82.0,72.0,7.0,3.0
2021-08-05 03:59:57,97.0,83.0,12.0,2.0
2021-08-05 03:59:58,95.0,85.0,8.0,2.0
2021-08-05 03:59:59,100.0,91.0,7.0,2.0
2021-08-05 04:00:00,101.0,81.0,10.0,10.0
2021-08-05 04:00:01,90.0,83.0,3.0,4.0
2021-08-05 04:00:02,82.0,72.0,4.0,6.0
2021-08-05 04:00:03,89.0,79.0,5.0,5.0
2021-08-05 04:00:04,89.0,80.0,4.0,5.0
2021-08-05 04:00:05,86.0,80.0,2.0,4.0
2021-08-05 04:00:06,88.0,75.0,8.0,5.0
2021-08-05 04:00:07,103.0,95.0,7.0,1.0
2021-08-05 04:00:08,97.0,88.0,6.0,3.0
2021-08-05 04:00:09,87.0,79.0,2.0,6.0
2021-08-05 04:00:10,108.0,97.0,3.0,8.0
2021-08-05 04:00:11,107.0,94.0,10.0,3.0
2021-08-05 04:00:12,95.0,86.0,4.0,5.0
2021-08-05 04:00:13,90.0,74.0,9.0,7.0
2021-08-05 04:00:14,67.0,60.0,5.0,2.0
2021-08-05 04:00:15,77.0,69.0,5.0,3.0
2021-08-05 04:00:16,91.0,74.0,9.0,8.0
2021-08-05 04:00:17,119.0,104.0,13.0,2.0
2021-08-05 04:00:18,81.0,69.0,6.0,6.0
2021-08-05 04:00:19,87.0,80.0,5.0,2.0
2021-08-05 04:00:20,110.0,97.0,9.0,4.0
2021-08-05 04:00:21,97.0,86.0,2.0,9.0
2021-08-05 04:00:22,99.0,91.0,5.0,3.0
2021-08-05 04:00:23,110.0,102.0,5.0,3.0
2021-08-05 04:00:24,101.0,91.0,7.0,3.0
2021-08-05 04:00:25,101.0,93.0,6.0,2.0
2021-08-05 04:00:26,87.0,78.0,5.0,4.0
2021-08-05 04:00:27,102.0,89.0,5.0,8.0
2021-08-05 04:00:28,94.0,82.0,9.0,3.0
2021-08-05 04:00:29,103.0,92.0,5.0,6.0
2021-08-05 04:00:30,96.0,80.0,10.0,6.0
2021-08-05 04:00:31,102.0,91.0,6.0,5.0
2021-08-05 04:00:32,86.0,71.0,8.0,7.0
2021-08-05 04:00:33,104.0,94.0,7.0,3.0
2021-08-05 04:00:34,92.0,81.0,7.0,4.0
2021-08-05 04:00:35,89.0,75.0,7.0,7.0
2021-08-05 04:00:36,83.0,72.0,10.0,1.0
2021-08-05 04:00:37,117.0,104.0,9.0,4.0
2021-08-05 04:00:38,85.0,78.0,3.0,4.0
2021-08-05 04:00:39,96.0,82.0,10.0,4.0
2021-08-05 04:00:40,103.0,86.0,10.0,7.0
2021-08-05 04:00:41,87.0,74.0,9.0,4.0
2021-08-05 04:00:42,101.0,87.0,10.0,4.0
2021-08-05 04:00:43,95.0,92.0,3.0,0.0
2021-08-05 04:00:44,79.0,73.0,4.0,2.0
2021-08-05 04:00:45,97.0,85.0,7.0,5.0
2021-08-05 04:00:46,94.0,82.0,8.0,4.0
2021-08-05 04:00:47,76.0,65.0,5.0,6.0
2021-08-05 04:00:48,91.0,78.0,8.0,5.0
2021-08-05 04:00:49,105.0,97.0,5.0,3.0
2021-08-05 04:00:50,86.0,77.0,4.0,5.0
2021-08-05 04:00:51,78.0,68.0,6.0,4.0
2021-08-05 04:00:52,88.0,82.0,5.0,1.0
2021-08-05 04:00:53,105.0,94.0,7.0,4.0
2021-08-05 04:00:54,99.0,86.0,10.0,3.0
2021-08-05 04:00:55,105.0,95.0,8.0,2.0
2021-08-05 04:00:56,108.0,90.0,7.0,11.0
2021-08-05 04:00:57,106.0,95.0,7.0,4.0
2021-08-05 04:00:58,111.0,99.0,7.0,5.0
2021-08-05 04:00:59,98.0,87.0,6.0,5.0
2021-08-05 04:01:00,98.0,87.0,7.0,4.0
2021-08-05 04:01:01,93.0,80.0,9.0,4.0
2021-08-05 04:01:02,91.0,84.0,4.0,3.0
2021-08-05 04:01:03,92.0,78.0,8.0,6.0
2021-08-05 04:01:04,106.0,94.0,7.0,5.0
2021-08-05 04:01:05,108.0,98.0,8.0,2.0
2021-08-05 04:01:06,102.0,95.0,6.0,1.0
2021-08-05 04:01:07,107.0,94.0,8.0,5.0
2021-08-05 04:01:08,88.0,77.0,9.0,2.0
2021-08-05 04:01:09,99.0,86.0,9.0,4.0
2021-08-05 04:01:10,97.0,88.0,3.0,6.0
2021-08-05 04:01:11,94.0,83.0,8.0,3.0
2021-08-05 04:01:12,104.0,92.0,9.0,3.0
2021-08-05 04:01:13,94.0,78.0,11.0,5.0
2021-08-05 04:01:14,99.0,92.0,5.0,2.0
2021-08-05 04:01:15,96.0,87.0,6.0,3.0
2021-08-05 04:01:16,70.0,62.0,4.0,4.0
2021-08-05 04:01:17,82.0,74.0,4.0,4.0
2021-08-05 04:01:18,99.0,91.0,5.0,3.0
2021-08-05 04:01:19,109.0,96.0,8.0,5.0
2021-08-05 04:01:20,91.0,81.0,8.0,2.0
2021-08-05 04:01:21,103.0,95.0,5.0,3.0
2021-08-05 04:01:22,97.0,86.0,6.0,5.0
2021-08-05 04:01:23,114.0,101.0,8.0,5.0
2021-08-05 04:01:24,91.0,83.0,6.0,2.0
2021-08-05 04:01:25,92.0,84.0,3.0,5.0
2021-08-05 04:01:26,102.0,90.0,5.0,7.0
2021-08-05 04:01:27,97.0,88.0,6.0,3.0
2021-08-05 04:01:28,108.0,100.0,8.0,0.0
2021-08-05 04:01:29,96.0,74.0,11.0,11.0
2021-08-05 04:01:30,76.0,67.0,4.0,5.0
2021-08-05 04:01:31,103.0,91.0,7.0,5.0
2021-08-05 04:01:32,88.0,71.0,14.0,3.0
2021-08-05 04:01:33,102.0,93.0,4.0,5.0
2021-08-05 04:01:34,85.0,73.0,6.0,6.0
2021-08-05 04:01:35,94.0,91.0,1.0,2.0
2021-08-05 04:01:36,93.0,84.0,7.0,2.0
2021-08-05 04:01:37,109.0,91.0,11.0,7.0
2021-08-05 04:01:38,88.0,77.0,8.0,3.0
2021-08-05 04:01:39,83.0,74.0,9.0,0.0
2021-08-05 04:01:40,98.0,88.0,6.0,4.0
2021-08-05 04:01:41,77.0,72.0,3.0,2.0
2021-08-05 04:01:42,94.0,83.0,9.0,2.0
2021-08-05 04:01:43,89.0,80.0,3.0,6.0
2021-08-05 04:01:44,96.0,88.0,5.0,3.0
2021-08-05 04:01:45,111.0,95.0,9.0,7.0
2021-08-05 04:01:46,101.0,94.0,3.0,4.0
2021-08-05 04:01:47,83.0,75.0,5.0,3.0
2021-08-05 04:01:48,102.0,95.0,3.0,4.0
2021-08-05 04:01:49,103.0,98.0,3.0,2.0
2021-08-05 04:01:50,105.0,94.0,6.0,5.0
2021-08-05 04:01:51,95.0,87.0,6.0,2.0
2021-08-05 04:01:52,89.0,79.0,8.0,2.0
2021-08-05 04:01:53,98.0,87.0,7.0,4.0
2021-08-05 04:01:54,84.0,78.0,3.0,3.0
2021-08-05 04:01:55,101.0,93.0,6.0,2.0
2021-08-05 04:01:56,90.0,78.0,5.0,7.0
2021-08-05 04:01:57,101.0,89.0,5.0,7.0
2021-08-05 04:01:58,92.0,86.0,3.0,3.0
2021-08-05 04:01:59,104.0,92.0,5.0,7.0
2021-08-05 04:02:00,89.0,81.0,5.0,3.0
2021-08-05 04:02:01,103.0,90.0,5.0,8.0
2021-08-05 04:02:02,119.0,109.0,5.0,5.0
2021-08-05 04:02:03,99.0,85.0,7.0,7.0
2021-08-05 04:02:04,80.0,66.0,9.0,5.0
2021-08-05 04:02:05,93.0,88.0,4.0,1.0
2021-08-05 04:02:06,102.0,99.0,1.0,2.0
2021-08-05 04:02:07,95.0,87.0,7.0,1.0
2021-08-05 04:02:08,90.0,79.0,7.0,4.0
2021-08-05 04:02:09,103.0,90.0,10.0,3.0
2021-08-05 04:02:10,83.0,77.0,4.0,2.0
2021-08-05 04:02:11,95.0,89.0,4.0,2.0
2021-08-05 04:02:12,103.0,94.0,8.0,1.0
2021-08-05 04:02:13,99.0,93.0,4.0,2.0
2021-08-05 04:02:14,96.0,83.0,9.0,4.0
2021-08-05 04:02:15,93.0,87.0,5.0,1.0
2021-08-05 04:02:16,77.0,72.0,4.0,1.0
2021-08-05 04:02:17,94.0,83.0,8.0,3.0
2021-08-05 04:02:18,88.0,76.0,9.0,3.0
2021-08-05 04:02:19,104.0,91.0,8.0,5.0
2021-08-05 04:02:20,97.0,88.0,9.0,0.0
2021-08-05 04:02:21,97.0,91.0,5.0,1.0
2021-08-05 04:02:22,104.0,87.0,13.0,4.0
2021-08-05 04:02:23,109.0,95.0,7.0,7.0
2021-08-05 04:02:24,98.0,87.0,4.0,7.0
2021-08-05 04:02:25,91.0,76.0,8.0,7.0
2021-08-05 04:02:26,94.0,79.0,6.0,9.0
2021-08-05 04:02:27,81.0,67.0,9.0,5.0
2021-08-05 04:02:28,99.0,90.0,5.0,4.0
2021-08-05 04:02:29,114.0,97.0,8.0,9.0
2021-08-05 04:02:30,101.0,89.0,7.0,5.0
2021-08-05 04:02:31,76.0,71.0,3.0,2.0
2021-08-05 04:02:32,109.0,98.0,7.0,4.0
2021-08-05 04:02:33,89.0,81.0,5.0,3.0
2021-08-05 04:02:34,78.0,73.0,3.0,2.0
2021-08-05 04:02:35,90.0,72.0,12.0,6.0
2021-08-05 04:02:36,112.0,91.0,10.0,11.0
2021-08-05 04:02:37,100.0,82.0,9.0,9.0
2021-08-05 04:02:38,100.0,89.0,4.0,7.0
2021-08-05 04:02:39,85.0,77.0,4.0,4.0
2021-08-05 04:02:40,91.0,79.0,5.0,7.0
2021-08-05 04:02:41,91.0,77.0,9.0,5.0
2021-08-05 04:02:42,97.0,86.0,8.0,3.0
2021-08-05 04:02:43,99.0,90.0,4.0,5.0
2021-08-05 04:02:44,106.0,94.0,7.0,5.0
2021-08-05 04:02:45,83.0,74.0,6.0,3.0
2021-08-05 04:02:46,90.0,82.0,3.0,5.0
2021-08-05 04:02:47,89.0,78.0,6.0,5.0
2021-08-05 04:02:48,91.0,80.0,10.0,1.0
2021-08-05 04:02:49,78.0,70.0,6.0,2.0
2021-08-05 04:02:50,96.0,79.0,10.0,7.0
2021-08-05 04:02:51,99.0,86.0,9.0,4.0
2021-08-05 04:02:52,96.0,86.0,7.0,3.0
2021-08-05 04:02:53,125.0,114.0,6.0,5.0
2021-08-05 04:02:54,83.0,71.0,6.0,6.0
2021-08-05 04:02:55,89.0,76.0,7.0,6.0
2021-08-05 04:02:56,98.0,84.0,8.0,6.0
2021-08-05 04:02:57,91.0,84.0,3.0,4.0
2021-08-05 04:02:58,97.0,86.0,4.0,7.0
2021-08-05 04:02:59,87.0,75.0,9.0,3.0
2021-08-05 04:03:00,78.0,70.0,1.0,7.0
2021-08-05 04:03:01,95.0,86.0,3.0,6.0
2021-08-05 04:03:02,87.0,79.0,5.0,3.0
2021-08-05 04:03:03,118.0,107.0,5.0,6.0
2021-08-05 04:03:04,119.0,99.0,10.0,10.0
2021-08-05 04:03:05,88.0,77.0,7.0,4.0
2021-08-05 04:03:06,80.0,70.0,6.0,4.0
2021-08-05 04:03:07,79.0,70.0,6.0,3.0
2021-08-05 04:03:08,89.0,74.0,9.0,6.0
2021-08-05 04:03:09,75.0,71.0,2.0,2.0
2021-08-05 04:03:10,119.0,105.0,7.0,7.0
2021-08-05 04:03:11,89.0,83.0,4.0,2.0
2021-08-05 04:03:12,106.0,94.0,5.0,7.0
2021-08-05 04:03:13,112.0,102.0,7.0,3.0
2021-08-05 04:03:14,82.0,68.0,11.0,3.0
2021-08-05 04:03:15,106.0,97.0,7.0,2.0
2021-08-05 04:03:16,80.0,73.0,4.0,3.0
2021-08-05 04:03:17,98.0,86.0,6.0,6.0
2021-08-05 04:03:18,88.0,75.0,7.0,6.0
2021-08-05 04:03:19,102.0,91.0,4.0,7.0
2021-08-05 04:03:20,98.0,83.0,8.0,7.0
2021-08-05 04:03:21,105.0,92.0,6.0,7.0
2021-08-05 04:03:22,102.0,92.0,6.0,4.0
2021-08-05 04:03:23,88.0,76.0,7.0,5.0
2021-08-05 04:03:24,90.0,86.0,3.0,1.0
2021-08-05 04:03:25,84.0,78.0,1.0,5.0
2021-08-05 04:03:26,98.0,94.0,2.0,2.0
2021-08-05 04:03:27,91.0,84.0,5.0,2.0
2021-08-05 04:03:28,100.0,92.0,6.0,2.0
2021-08-05 04:03:29,87.0,81.0,5.0,1.0
2021-08-05 04:03:30,97.0,85.0,8.0,4.0
2021-08-05 04:03:31,100.0,94.0,5.0,1.0
2021-08-05 04:03:32,78.0,69.0,3.0,6.0
2021-08-05 04:03:33,106.0,98.0,6.0,2.0
2021-08-05 04:03:34,104.0,96.0,4.0,4.0
2021-08-05 04:03:35,98.0,92.0,5.0,1.0
2021-08-05 04:03:36,80.0,73.0,1.0,6.0
2021-08-05 04:03:37,88.0,74.0,10.0,4.0
2021-08-05 04:03:38,95.0,86.0,3.0,6.0
2021-08-05 04:03:39,88.0,76.0,9.0,3.0
2021-08-05 04:03:40,89.0,80.0,7.0,2.0
2021-08-05 04:03:41,95.0,85.0,6.0,4.0
2021-08-05 04:03:42,107.0,93.0,7.0,7.0
2021-08-05 04:03:43,100.0,90.0,5.0,5.0
2021-08-05 04:03:44,99.0,89.0,6.0,4.0
2021-08-05 04:03:45,99.0,93.0,4.0,2.0
2021-08-05 04:03:46,87.0,75.0,9.0,3.0
2021-08-05 04:03:47,92.0,80.0,9.0,3.0
2021-08-05 04:03:48,97.0,86.0,5.0,6.0
2021-08-05 04:03:49,99.0,88.0,7.0,4.0
2021-08-05 04:03:50,79.0,68.0,8.0,3.0
2021-08-05 04:03:51,90.0,78.0,4.0,8.0
2021-08-05 04:03:52,104.0,92.0,7.0,5.0
2021-08-05 04:03:53,92.0,79.0,8.0,5.0
2021-08-05 04:03:54,91.0,80.0,5.0,6.0
2021-08-05 04:03:55,97.0,85.0,9.0,3.0
2021-08-05 04:03:56,78.0,73.0,5.0,0.0
2021-08-05 04:03:57,102.0,92.0,5.0,5.0
2021-08-05 04:03:58,106.0,89.0,9.0,8.0
2021-08-05 04:03:59,88.0,74.0,8.0,6.0
2021-08-05 04:04:00,107.0,93.0,8.0,6.0
2021-08-05 04:04:01,112.0,107.0,4.0,1.0
2021-08-05 04:04:02,93.0,81.0,7.0,5.0
2021-08-05 04:04:03,93.0,83.0,7.0,3.0
2021-08-05 04:04:04,91.0,81.0,6.0,4.0
2021-08-05 04:04:05,93.0,75.0,14.0,4.0
2021-08-05 04:04:06,96.0,90.0,6.0,0.0
2021-08-05 04:04:07,105.0,90.0,10.0,5.0
2021-08-05 04:04:08,111.0,93.0,10.0,8.0
2021-08-05 04:04:09,100.0,79.0,13.0,8.0
2021-08-05 04:04:10,94.0,82.0,7.0,5.0
2021-08-05 04:04:11,87.0,79.0,6.0,2.0
2021-08-05 04:04:12,96.0,86.0,5.0,5.0
2021-08-05 04:04:13,96.0,91.0,4.0,1.0
2021-08-05 04:04:14,95.0,79.0,12.0,4.0
2021-08-05 04:04:15,86.0,78.0,5.0,3.0
2021-08-05 04:04:16,80.0,71.0,7.0,2.0
2021-08-05 04:04:17,88.0,77.0,8.0,3.0
2021-08-05 04:04:18,93.0,82.0,7.0,4.0
2021-08-05 04:04:19,88.0,80.0,4.0,4.0
2021-08-05 04:04:20,103.0,93.0,8.0,2.0
2021-08-05 04:04:21,95.0,74.0,13.0,8.0
2021-08-05 04:04:22,90.0,76.0,9.0,5.0
2021-08-05 04:04:23,115.0,95.0,11.0,9.0
2021-08-05 04:04:24,81.0,74.0,3.0,4.0
2021-08-05 04:04:25,69.0,64.0,4.0,1.0
2021-08-05 04:04:26,91.0,86.0,3.0,2.0
2021-08-05 04:04:27,84.0,75.0,5.0,4.0
2021-08-05 04:04:28,96.0,87.0,7.0,2.0
2021-08-05 04:04:29,98.0,84.0,12.0,2.0
2021-08-05 04:04:30,87.0,75.0,9.0,3.0
2021-08-05 04:04:31,106.0,91.0,11.0,4.0
2021-08-05 04:04:32,86.0,76.0,5.0,5.0
2021-08-05 04:04:33,106.0,98.0,6.0,2.0
2021-08-05 04:04:34,103.0,90.0,9.0,4.0
2021-08-05 04:04:35,102.0,92.0,7.0,3.0
2021-08-05 04:04:36,103.0,90.0,9.0,4.0
2021-08-05 04:04:37,80.0,73.0,3.0,4.0
2021-08-05 04:04:38,75.0,72.0,3.0,0.0
2021-08-05 04:04:39,100.0,87.0,7.0,6.0
2021-08-05 04:04:40,104.0,86.0,9.0,9.0
2021-08-05 04:04:41,95.0,87.0,6.0,2.0
2021-08-05 04:04:42,94.0,87.0,3.0,4.0
2021-08-05 04:04:43,91.0,87.0,3.0,1.0
2021-08-05 04:04:44,111.0,95.0,11.0,5.0
2021-08-05 04:04:45,99.0,92.0,3.0,4.0
2021-08-05 04:04:46,113.0,99.0,6.0,8.0
2021-08-05 04:04:47,98.0,83.0,6.0,9.0
2021-08-05 04:04:48,97.0,90.0,4.0,3.0
2021-08-05 04:04:49,91.0,81.0,3.0,7.0
2021-08-05 04:04:50,93.0,88.0,4.0,1.0
2021-08-05 04:04:51,92.0,78.0,9.0,5.0
2021-08-05 04:04:52,111.0,98.0,9.0,4.0
2021-08-05 04:04:53,93.0,85.0,3.0,5.0
2021-08-05 04:04:54,114.0,95.0,11.0,8.0
2021-08-05 04:04:55,105.0,95.0,8.0,2.0
2021-08-05 04:04:56,86.0,77.0,8.0,1.0
2021-08-05 04:04:57,95.0,86.0,3.0,6.0
2021-08-05 04:04:58,94.0,85.0,7.0,2.0
2021-08-05 04:04:59,81.0,71.0,6.0,4.0
2021-08-05 04:05:00,95.0,86.0,7.0,2.0
2021-08-05 04:05:01,93.0,85.0,6.0,2.0
2021-08-05 04:05:02,87.0,73.0,10.0,4.0
2021-08-05 04:05:03,92.0,79.0,8.0,5.0
2021-08-05 04:05:04,95.0,86.0,4.0,5.0
2021-08-05 04:05:05,96.0,87.0,4.0,5.0
2021-08-05 04:05:06,95.0,79.0,10.0,6.0
2021-08-05 04:05:07,70.0,63.0,5.0,2.0
2021-08-05 04:05:08,104.0,93.0,7.0,4.0
2021-08-05 04:05:09,83.0,77.0,2.0,4.0
2021-08-05 04:05:10,100.0,87.0,8.0,5.0
2021-08-05 04:05:11,88.0,80.0,4.0,4.0
2021-08-05 04:05:12,78.0,75.0,2.0,1.0
2021-08-05 04:05:13,94.0,86.0,7.0,1.0
2021-08-05 04:05:14,100.0,90.0,8.0,2.0
2021-08-05 04:05:15,107.0,92.0,11.0,4.0
2021-08-05 04:05:16,90.0,83.0,2.0,5.0
2021-08-05 04:05:17,110.0,97.0,11.0,2.0
2021-08-05 04:05:18,83.0,76.0,3.0,4.0
2021-08-05 04:05:19,102.0,92.0,6.0,4.0
2021-08-05 04:05:20,106.0,98.0,4.0,4.0
2021-08-05 04:05:21,77.0,66.0,2.0,9.0
2021-08-05 04:05:22,106.0,91.0,9.0,6.0
2021-08-05 04:05:23,96.0,89.0,4.0,3.0
2021-08-05 04:05:24,97.0,86.0,6.0,5.0
2021-08-05 04:05:25,82.0,71.0,9.0,2.0
2021-08-05 04:05:26,121.0,107.0,8.0,6.0
2021-08-05 04:05:27,88.0,79.0,6.0,3.0
2021-08-05 04:05:28,96.0,86.0,7.0,3.0
2021-08-05 04:05:29,101.0,89.0,6.0,6.0
2021-08-05 04:05:30,94.0,85.0,5.0,4.0
2021-08-05 04:05:31,95.0,81.0,7.0,7.0
2021-08-05 04:05:32,82.0,71.0,5.0,6.0
2021-08-05 04:05:33,95.0,83.0,4.0,8.0
2021-08-05 04:05:34,85.0,72.0,7.0,6.0
2021-08-05 04:05:35,93.0,86.0,2.0,5.0
2021-08-05 04:05:36,95.0,85.0,7.0,3.0
2021-08-05 04:05:37,71.0,64.0,4.0,3.0
2021-08-05 04:05:38,104.0,92.0,6.0,6.0
2021-08-05 04:05:39,98.0,84.0,10.0,4.0
2021-08-05 04:05:40,93.0,81.0,8.0,4.0
2021-08-05 04:05:41,84.0,72.0,7.0,5.0
2021-08-05 04:05:42,97.0,85.0,9.0,3.0
2021-08-05 04:05:43,92.0,82.0,7.0,3.0
2021-08-05 04:05:44,90.0,81.0,6.0,3.0
2021-08-05 04:05:45,97.0,88.0,5.0,4.0
2021-08-05 04:05:46,76.0,66.0,7.0,3.0
2021-08-05 04:05:47,93.0,82.0,7.0,4.0
2021-08-05 04:05:48,94.0,79.0,10.0,5.0
2021-08-05 04:05:49,96.0,90.0,2.0,4.0
2021-08-05 04:05:50,108.0,97.0,7.0,4.0
2021-08-05 04:05:51,111.0,93.0,13.0,5.0
2021-08-05 04:05:52,103.0,91.0,9.0,3.0
2021-08-05 04:05:53,88.0,79.0,7.0,2.0
2021-08-05 04:05:54,100.0,86.0,9.0,5.0
2021-08-05 04:05:55,80.0,62.0,7.0,11.0
2021-08-05 04:05:56,97.0,89.0,6.0,2.0
2021-08-05 04:05:57,77.0,67.0,6.0,4.0
2021-08-05 04:05:58,95.0,88.0,5.0,2.0
2021-08-05 04:05:59,97.0,84.0,8.0,5.0
2021-08-05 04:06:00,94.0,85.0,5.0,4.0
2021-08-05 04:06:01,102.0,90.0,6.0,6.0
2021-08-05 04:06:02,93.0,83.0,7.0,3.0
2021-08-05 04:06:03,97.0,84.0,10.0,3.0
2021-08-05 04:06:04,105.0,88.0,12.0,5.0
2021-08-05 04:06:05,87.0,79.0,5.0,3.0
2021-08-05 04:06:06,90.0,81.0,5.0,4.0
2021-08-05 04:06:07,96.0,87.0,4.0,5.0
2021-08-05 04:06:08,112.0,100.0,9.0,3.0
2021-08-05 04:06:09,75.0,72.0,1.0,2.0
2021-08-05 04:06:10,94.0,81.0,6.0,7.0
2021-08-05 04:06:11,85.0,77.0,7.0,1.0
2021-08-05 04:06:12,94.0,81.0,8.0,5.0
2021-08-05 04:06:13,99.0,91.0,3.0,5.0
2021-08-05 04:06:14,81.0,68.0,11.0,2.0
2021-08-05 04:06:15,105.0,89.0,10.0,6.0
2021-08-05 04:06:16,114.0,99.0,9.0,6.0
2021-08-05 04:06:17,94.0,82.0,9.0,3.0
2021-08-05 04:06:18,103.0,94.0,6.0,3.0
2021-08-05 04:06:19,85.0,74.0,7.0,4.0
2021-08-05 04:06:20,97.0,89.0,5.0,3.0
2021-08-05 04:06:21,91.0,80.0,6.0,5.0
2021-08-05 04:06:22,90.0,83.0,6.0,1.0
2021-08-05 04:06:23,90.0,82.0,5.0,3.0
2021-08-05 04:06:24,93.0,82.0,9.0,2.0
2021-08-05 04:06:25,102.0,91.0,7.0,4.0
2021-08-05 04:06:26,89.0,84.0,4.0,1.0
2021-08-05 04:06:27,100.0,85.0,11.0,4.0
2021-08-05 04:06:28,95.0,83.0,2.0,10.0
2021-08-05 04:06:29,106.0,91.0,8.0,7.0
2021-08-05 04:06:30,86.0,72.0,8.0,6.0
2021-08-05 04:06:31,96.0,82.0,8.0,6.0
2021-08-05 04:06:32,107.0,98.0,4.0,5.0
2021-08-05 04:06:33,108.0,97.0,8.0,3.0
2021-08-05 04:06:34,91.0,83.0,5.0,3.0
2021-08-05 04:06:35,89.0,76.0,7.0,6.0
2021-08-05 04:06:36,86.0,76.0,8.0,2.0
2021-08-05 04:06:37,82.0,74.0,6.0,2.0
2021-08-05 04:06:38,94.0,81.0,7.0,6.0
2021-08-05 04:06:39,93.0,84.0,7.0,2.0
2021-08-05 04:06:40,102.0,89.0,9.0,4.0
2021-08-05 04:06:41,95.0,84.0,7.0,4.0
2021-08-05 04:06:42,98.0,81.0,13.0,4.0
2021-08-05 04:06:43,89.0,84.0,4.0,1.0
2021-08-05 04:06:44,85.0,77.0,8.0,0.0
2021-08-05 04:06:45,87.0,77.0,5.0,5.0
2021-08-05 04:06:46,106.0,89.0,10.0,7.0
2021-08-05 04:06:47,101.0,91.0,5.0,5.0
2021-08-05 04:06:48,103.0,91.0,5.0,7.0
2021-08-05 04:06:49,85.0,67.0,12.0,6.0
2021-08-05 04:06:50,72.0,62.0,7.0,3.0
2021-08-05 04:06:51,93.0,85.0,6.0,2.0
2021-08-05 04:06:52,88.0,78.0,7.0,3.0
2021-08-05 04:06:53,89.0,84.0,1.0,4.0
2021-08-05 04:06:54,97.0,85.0,8.0,4.0
2021-08-05 04:06:55,88.0,73.0,9.0,6.0
2021-08-05 04:06:56,99.0,86.0,6.0,7.0
2021-08-05 04:06:57,76.0,71.0,2.0,3.0
2021-08-05 04:06:58,105.0,95.0,4.0,6.0
2021-08-05 04:06:59,98.0,88.0,2.0,8.0
2021-08-05 04:07:00,93.0,87.0,4.0,2.0
2021-08-05 04:07:01,106.0,93.0,8.0,5.0
2021-08-05 04:07:02,92.0,79.0,6.0,7.0
2021-08-05 04:07:03,122.0,105.0,7.0,10.0
2021-08-05 04:07:04,91.0,85.0,3.0,3.0
2021-08-05 04:07:05,100.0,92.0,6.0,2.0
2021-08-05 04:07:06,102.0,89.0,8.0,5.0
2021-08-05 04:07:07,80.0,69.0,9.0,2.0
2021-08-05 04:07:08,91.0,83.0,6.0,2.0
2021-08-05 04:07:09,76.0,69.0,7.0,0.0
2021-08-05 04:07:10,83.0,67.0,9.0,7.0
2021-08-05 04:07:11,83.0,68.0,11.0,4.0
2021-08-05 04:07:12,96.0,84.0,10.0,2.0
2021-08-05 04:07:13,103.0,90.0,7.0,6.0
2021-08-05 04:07:14,75.0,67.0,6.0,2.0
2021-08-05 04:07:15,96.0,81.0,12.0,3.0
2021-08-05 04:07:16,95.0,87.0,4.0,4.0
2021-08-05 04:07:17,95.0,83.0,6.0,6.0
2021-08-05 04:07:18,108.0,97.0,7.0,4.0
2021-08-05 04:07:19,107.0,102.0,3.0,2.0
2021-08-05 04:07:20,88.0,81.0,4.0,3.0
2021-08-05 04:07:21,89.0,82.0,5.0,2.0
2021-08-05 04:07:22,112.0,99.0,8.0,5.0
2021-08-05 04:07:23,85.0,72.0,9.0,4.0
2021-08-05 04:07:24,79.0,68.0,7.0,4.0
2021-08-05 04:07:25,89.0,79.0,9.0,1.0
2021-08-05 04:07:26,101.0,86.0,4.0,11.0
2021-08-05 04:07:27,103.0,92.0,6.0,5.0
2021-08-05 04:07:28,68.0,61.0,4.0,3.0
2021-08-05 04:07:29,87.0,78.0,7.0,2.0
2021-08-05 04:07:30,90.0,82.0,5.0,3.0
2021-08-05 04:07:31,94.0,80.0,9.0,5.0
2021-08-05 04:07:32,98.0,84.0,10.0,4.0
2021-08-05 04:07:33,83.0,73.0,5.0,5.0
2021-08-05 04:07:34,86.0,76.0,6.0,4.0
2021-08-05 04:07:35,115.0,100.0,10.0,5.0
2021-08-05 04:07:36,88.0,79.0,5.0,4.0
2021-08-05 04:07:37,83.0,76.0,5.0,2.0
2021-08-05 04:07:38,102.0,86.0,11.0,5.0
2021-08-05 04:07:39,85.0,76.0,4.0,5.0
2021-08-05 04:07:40,93.0,84.0,4.0,5.0
2021-08-05 04:07:41,98.0,88.0,6.0,4.0
2021-08-05 04:07:42,74.0,63.0,6.0,5.0
2021-08-05 04:07:43,91.0,79.0,8.0,4.0
2021-08-05 04:07:44,98.0,87.0,7.0,4.0
2021-08-05 04:07:45,85.0,80.0,4.0,1.0
2021-08-05 04:07:46,105.0,95.0,6.0,4.0
2021-08-05 04:07:47,101.0,90.0,4.0,7.0
2021-08-05 04:07:48,90.0,75.0,8.0,7.0
2021-08-05 04:07:49,100.0,91.0,6.0,3.0
2021-08-05 04:07:50,90.0,81.0,6.0,3.0
2021-08-05 04:07:51,103.0,97.0,3.0,3.0
2021-08-05 04:07:52,93.0,78.0,8.0,7.0
2021-08-05 04:07:53,86.0,77.0,5.0,4.0
2021-08-05 04:07:54,103.0,92.0,5.0,6.0
2021-08-05 04:07:55,102.0,90.0,6.0,6.0
2021-08-05 04:07:56,91.0,83.0,6.0,2.0
2021-08-05 04:07:57,96.0,88.0,8.0,0.0
2021-08-05 04:07:58,89.0,76.0,7.0,6.0
2021-08-05 04:07:59,88.0,76.0,9.0,3.0
2021-08-05 04:08:00,87.0,76.0,5.0,6.0
2021-08-05 04:08:01,96.0,82.0,10.0,4.0
2021-08-05 04:08:02,91.0,84.0,5.0,2.0
2021-08-05 04:08:03,112.0,100.0,6.0,6.0
2021-08-05 04:08:04,100.0,89.0,6.0,5.0
2021-08-05 04:08:05,86.0,76.0,7.0,3.0
2021-08-05 04:08:06,124.0,104.0,12.0,8.0
2021-08-05 04:08:07,105.0,95.0,6.0,4.0
2021-08-05 04:08:08,92.0,82.0,6.0,4.0
2021-08-05 04:08:09,101.0,87.0,6.0,8.0
2021-08-05 04:08:10,76.0,70.0,4.0,2.0
2021-08-05 04:08:11,118.0,96.0,14.0,8.0
2021-08-05 04:08:12,95.0,82.0,7.0,6.0
2021-08-05 04:08:13,113.0,102.0,6.0,5.0
2021-08-05 04:08:14,92.0,80.0,8.0,4.0
2021-08-05 04:08:15,100.0,93.0,4.0,3.0
2021-08-05 04:08:16,116.0,109.0,6.0,1.0
2021-08-05 04:08:17,91.0,79.0,5.0,7.0
2021-08-05 04:08:18,82.0,69.0,9.0,4.0
2021-08-05 04:08:19,92.0,77.0,12.0,3.0
2021-08-05 04:08:20,103.0,96.0,4.0,3.0
2021-08-05 04:08:21,76.0,72.0,3.0,1.0
2021-08-05 04:08:22,95.0,79.0,11.0,5.0
2021-08-05 04:08:23,90.0,84.0,2.0,4.0
2021-08-05 04:08:24,95.0,82.0,9.0,4.0
2021-08-05 04:08:25,91.0,79.0,5.0,7.0
2021-08-05 04:08:26,106.0,95.0,6.0,5.0
2021-08-05 04:08:27,111.0,98.0,7.0,6.0
2021-08-05 04:08:28,86.0,74.0,9.0,3.0
2021-08-05 04:08:29,92.0,84.0,4.0,4.0
2021-08-05 04:08:30,108.0,93.0,9.0,6.0
2021-08-05 04:08:31,106.0,96.0,9.0,1.0
2021-08-05 04:08:32,96.0,83.0,8.0,5.0
2021-08-05 04:08:33,107.0,95.0,7.0,5.0
2021-08-05 04:08:34,85.0,76.0,4.0,5.0
2021-08-05 04:08:35,98.0,88.0,7.0,3.0
2021-08-05 04:08:36,98.0,86.0,8.0,4.0
2021-08-05 04:08:37,72.0,57.0,5.0,10.0
2021-08-05 04:08:38,89.0,73.0,12.0,4.0
2021-08-05 04:08:39,110.0,102.0,5.0,3.0
2021-08-05 04:08:40,97.0,89.0,6.0,2.0
2021-08-05 04:08:41,86.0,79.0,4.0,3.0
2021-08-05 04:08:42,100.0,86.0,10.0,4.0
2021-08-05 04:08:43,95.0,87.0,5.0,3.0
2021-08-05 04:08:44,92.0,84.0,3.0,5.0
2021-08-05 04:08:45,92.0,81.0,8.0,3.0
2021-08-05 04:08:46,84.0,71.0,6.0,7.0
2021-08-05 04:08:47,89.0,82.0,6.0,1.0
2021-08-05 04:08:48,96.0,84.0,9.0,3.0
2021-08-05 04:08:49,107.0,95.0,5.0,7.0
2021-08-05 04:08:50,121.0,103.0,10.0,8.0
2021-08-05 04:08:51,84.0,74.0,6.0,4.0
2021-08-05 04:08:52,95.0,89.0,5.0,1.0
2021-08-05 04:08:53,87.0,84.0,2.0,1.0
2021-08-05 04:08:54,95.0,85.0,8.0,2.0
2021-08-05 04:08:55,113.0,100.0,9.0,4.0
2021-08-05 04:08:56,99.0,89.0,5.0,5.0
2021-08-05 04:08:57,102.0,92.0,6.0,4.0
2021-08-05 04:08:58,100.0,95.0,3.0,2.0
2021-08-05 04:08:59,93.0,86.0,6.0,1.0
2021-08-05 04:09:00,115.0,100.0,10.0,5.0
2021-08-05 04:09:01,100.0,83.0,10.0,7.0
2021-08-05 04:09:02,100.0,87.0,7.0,6.0
2021-08-05 04:09:03,113.0,97.0,7.0,9.0
2021-08-05 04:09:04,99.0,84.0,8.0,7.0
2021-08-05 04:09:05,90.0,83.0,4.0,3.0
2021-08-05 04:09:06,100.0,86.0,11.0,3.0
2021-08-05 04:09:07,110.0,96.0,10.0,4.0
2021-08-05 04:09:08,84.0,74.0,4.0,6.0
2021-08-05 04:09:09,82.0,73.0,7.0,2.0
2021-08-05 04:09:10,91.0,84.0,5.0,2.0
2021-08-05 04:09:11,90.0,77.0,12.0,1.0
2021-08-05 04:09:12,86.0,72.0,9.0,5.0
2021-08-05 04:09:13,104.0,96.0,3.0,5.0
2021-08-05 04:09:14,107.0,90.0,12.0,5.0
2021-08-05 04:09:15,78.0,71.0,6.0,1.0
2021-08-05 04:09:16,106.0,98.0,5.0,3.0
2021-08-05 04:09:17,89.0,84.0,1.0,4.0
2021-08-05 04:09:18,92.0,76.0,9.0,7.0
2021-08-05 04:09:19,85.0,75.0,7.0,3.0
2021-08-05 04:09:20,97.0,91.0,3.0,3.0
2021-08-05 04:09:21,104.0,98.0,5.0,1.0
2021-08-05 04:09:22,90.0,83.0,5.0,2.0
2021-08-05 04:09:23,93.0,85.0,4.0,4.0
2021-08-05 04:09:24,82.0,76.0,5.0,1.0
2021-08-05 04:09:25,81.0,75.0,3.0,3.0
2021-08-05 04:09:26,90.0,81.0,1.0,8.0
2021-08-05 04:09:27,106.0,91.0,7.0,8.0
2021-08-05 04:09:28,85.0,80.0,3.0,2.0
2021-08-05 04:09:29,102.0,92.0,6.0,4.0
2021-08-05 04:09:30,98.0,87.0,6.0,5.0
2021-08-05 04:09:31,94.0,81.0,7.0,6.0
2021-08-05 04:09:32,99.0,86.0,7.0,6.0
2021-08-05 04:09:33,80.0,70.0,8.0,2.0
2021-08-05 04:09:34,77.0,68.0,5.0,4.0
2021-08-05 04:09:35,104.0,91.0,9.0,4.0
2021-08-05 04:09:36,104.0,92.0,7.0,5.0
2021-08-05 04:09:37,95.0,82.0,5.0,8.0
2021-08-05 04:09:38,84.0,70.0,8.0,6.0
2021-08-05 04:09:39,88.0,78.0,4.0,6.0
2021-08-05 04:09:40,88.0,81.0,3.0,4.0
2021-08-05 04:09:41,88.0,77.0,7.0,4.0
2021-08-05 04:09:42,94.0,80.0,8.0,6.0
2021-08-05 04:09:43,95.0,79.0,10.0,6.0
2021-08-05 04:09:44,76.0,69.0,6.0,1.0
2021-08-05 04:09:45,88.0,79.0,7.0,2.0
2021-08-05 04:09:46,104.0,90.0,9.0,5.0
2021-08-05 04:09:47,98.0,86.0,9.0,3.0
2021-08-05 04:09:48,83.0,77.0,5.0,1.0
2021-08-05 04:09:49,93.0,82.0,9.0,2.0
2021-08-05 04:09:50,95.0,86.0,6.0,3.0
2021-08-05 04:09:51,109.0,98.0,7.0,4.0
2021-08-05 04:09:52,103.0,88.0,9.0,6.0
2021-08-05 04:09:53,100.0,89.0,5.0,6.0
2021-08-05 04:09:54,110.0,101.0,5.0,4.0
2021-08-05 04:09:55,86.0,77.0,3.0,6.0
2021-08-05 04:09:56,83.0,76.0,3.0,4.0
2021-08-05 04:09:57,90.0,74.0,8.0,8.0
2021-08-05 04:09:58,102.0,87.0,9.0,6.0
2021-08-05 04:09:59,101.0,87.0,8.0,6.0
2021-08-05 04:10:00,115.0,99.0,12.0,4.0
2021-08-05 04:10:01,88.0,77.0,8.0,3.0
2021-08-05 04:10:02,96.0,90.0,3.0,3.0
2021-08-05 04:10:03,108.0,90.0,10.0,8.0
2021-08-05 04:10:04,89.0,76.0,9.0,4.0
2021-08-05 04:10:05,86.0,72.0,9.0,5.0
2021-08-05 04:10:06,101.0,88.0,7.0,6.0
2021-08-05 04:10:07,94.0,91.0,2.0,1.0
2021-08-05 04:10:08,90.0,81.0,4.0,5.0
2021-08-05 04:10:09,94.0,82.0,5.0,7.0
2021-08-05 04:10:10,106.0,94.0,9.0,3.0
2021-08-05 04:10:11,94.0,87.0,5.0,2.0
2021-08-05 04:10:12,107.0,94.0,7.0,6.0
2021-08-05 04:10:13,91.0,76.0,8.0,7.0
2021-08-05 04:10:14,112.0,97.0,13.0,2.0
2021-08-05 04:10:15,104.0,92.0,5.0,7.0
2021-08-05 04:10:16,83.0,75.0,4.0,4.0
2021-08-05 04:10:17,85.0,81.0,2.0,2.0
2021-08-05 04:10:18,91.0,84.0,6.0,1.0
2021-08-05 04:10:19,106.0,95.0,9.0,2.0
2021-08-05 04:10:20,101.0,93.0,7.0,1.0
2021-08-05 04:10:21,112.0,96.0,10.0,6.0
2021-08-05 04:10:22,77.0,71.0,4.0,2.0
2021-08-05 04:10:23,79.0,71.0,6.0,2.0
2021-08-05 04:10:24,101.0,91.0,4.0,6.0
2021-08-05 04:10:25,109.0,104.0,4.0,1.0
2021-08-05 04:10:26,100.0,87.0,8.0,5.0
2021-08-05 04:10:27,78.0,64.0,11.0,3.0
2021-08-05 04:10:28,86.0,77.0,6.0,3.0
2021-08-05 04:10:29,96.0,89.0,4.0,3.0
2021-08-05 04:10:30,89.0,82.0,5.0,2.0
2021-08-05 04:10:31,97.0,82.0,7.0,8.0
2021-08-05 04:10:32,93.0,85.0,3.0,5.0
2021-08-05 04:10:33,92.0,80.0,6.0,6.0
2021-08-05 04:10:34,113.0,98.0,8.0,7.0
2021-08-05 04:10:35,83.0,69.0,9.0,5.0
2021-08-05 04:10:36,86.0,75.0,8.0,3.0
2021-08-05 04:10:37,109.0,100.0,7.0,2.0
2021-08-05 04:10:38,106.0,95.0,8.0,3.0
2021-08-05 04:10:39,96.0,86.0,6.0,4.0
2021-08-05 04:10:40,116.0,98.0,12.0,6.0
2021-08-05 04:10:41,105.0,97.0,5.0,3.0
2021-08-05 04:10:42,96.0,84.0,7.0,5.0
2021-08-05 04:10:43,76.0,66.0,6.0,4.0
2021-08-05 04:10:44,103.0,92.0,5.0,6.0
2021-08-05 04:10:45,101.0,87.0,6.0,8.0
2021-08-05 04:10:46,104.0,91.0,10.0,3.0
2021-08-05 04:10:47,83.0,73.0,7.0,3.0
2021-08-05 04:10:48,97.0,91.0,3.0,3.0
2021-08-05 04:10:49,92.0,80.0,7.0,5.0
2021-08-05 04:10:50,85.0,71.0,9.0,5.0
2021-08-05 04:10:51,108.0,93.0,8.0,7.0
2021-08-05 04:10:52,85.0,77.0,6.0,2.0
2021-08-05 04:10:53,105.0,90.0,10.0,5.0
2021-08-05 04:10:54,94.0,87.0,3.0,4.0
2021-08-05 04:10:55,92.0,75.0,9.0,8.0
2021-08-05 04:10:56,98.0,90.0,4.0,4.0
2021-08-05 04:10:57,101.0,88.0,8.0,5.0
2021-08-05 04:10:58,83.0,77.0,4.0,2.0
2021-08-05 04:10:59,89.0,81.0,5.0,3.0
2021-08-05 04:11:00,94.0,72.0,11.0,11.0
2021-08-05 04:11:01,116.0,106.0,4.0,6.0
2021-08-05 04:11:02,96.0,85.0,6.0,5.0
2021-08-05 04:11:03,98.0,88.0,5.0,5.0
2021-08-05 04:11:04,93.0,80.0,10.0,3.0
2021-08-05 04:11:05,77.0,69.0,4.0,4.0
2021-08-05 04:11:06,108.0,89.0,10.0,9.0
2021-08-05 04:11:07,105.0,97.0,5.0,3.0
2021-08-05 04:11:08,97.0,83.0,7.0,7.0
2021-08-05 04:11:09,88.0,80.0,6.0,2.0
2021-08-05 04:11:10,85.0,71.0,13.0,1.0
2021-08-05 04:11:11,86.0,76.0,7.0,3.0
2021-08-05 04:11:12,91.0,78.0,9.0,4.0
2021-08-05 04:11:13,90.0,78.0,5.0,7.0
2021-08-05 04:11:14,91.0,82.0,4.0,5.0
2021-08-05 04:11:15,86.0,74.0,7.0,5.0
2021-08-05 04:11:16,100.0,87.0,10.0,3.0
2021-08-05 04:11:17,101.0,93.0,4.0,4.0
2021-08-05 04:11:18,100.0,93.0,6.0,1.0
2021-08-05 04:11:19,88.0,79.0,6.0,3.0
2021-08-05 04:11:20,89.0,76.0,8.0,5.0
2021-08-05 04:11:21,80.0,74.0,4.0,2.0
2021-08-05 04:11:22,99.0,84.0,6.0,9.0
2021-08-05 04:11:23,97.0,86.0,8.0,3.0
2021-08-05 04:11:24,101.0,80.0,10.0,11.0
2021-08-05 04:11:25,89.0,85.0,2.0,2.0
2021-08-05 04:11:26,89.0,82.0,3.0,4.0
2021-08-05 04:11:27,87.0,81.0,4.0,2.0
2021-08-05 04:11:28,109.0,103.0,4.0,2.0
2021-08-05 04:11:29,85.0,73.0,5.0,7.0
2021-08-05 04:11:30,100.0,93.0,4.0,3.0
2021-08-05 04:11:31,98.0,86.0,8.0,4.0
2021-08-05 04:11:32,103.0,91.0,8.0,4.0
2021-08-05 04:11:33,112.0,98.0,9.0,5.0
2021-08-05 04:11:34,92.0,87.0,3.0,2.0
2021-08-05 04:11:35,100.0,83.0,8.0,9.0
2021-08-05 04:11:36,104.0,91.0,8.0,5.0
2021-08-05 04:11:37,105.0,97.0,3.0,5.0
2021-08-05 04:11:38,92.0,80.0,11.0,1.0
2021-08-05 04:11:39,93.0,80.0,9.0,4.0
2021-08-05 04:11:40,106.0,95.0,7.0,4.0
2021-08-05 04:11:41,90.0,81.0,6.0,3.0
2021-08-05 04:11:42,102.0,90.0,7.0,5.0
2021-08-05 04:11:43,109.0,102.0,4.0,3.0
2021-08-05 04:11:44,96.0,81.0,9.0,6.0
2021-08-05 04:11:45,103.0,90.0,6.0,7.0
2021-08-05 04:11:46,92.0,83.0,7.0,2.0
2021-08-05 04:11:47,89.0,82.0,4.0,3.0
2021-08-05 04:11:48,94.0,78.0,9.0,7.0
2021-08-05 04:11:49,97.0,89.0,4.0,4.0
2021-08-05 04:11:50,87.0,80.0,4.0,3.0
2021-08-05 04:11:51,93.0,87.0,3.0,3.0
2021-08-05 04:11:52,89.0,82.0,6.0,1.0
2021-08-05 04:11:53,83.0,73.0,4.0,6.0
2021-08-05 04:11:54,102.0,82.0,16.0,4.0
2021-08-05 04:11:55,89.0,80.0,6.0,3.0
2021-08-05 04:11:56,94.0,83.0,5.0,6.0
2021-08-05 04:11:57,115.0,105.0,6.0,4.0
2021-08-05 04:11:58,89.0,75.0,7.0,7.0
2021-08-05 04:11:59,92.0,82.0,8.0,2.0
2021-08-05 04:12:00,107.0,94.0,8.0,5.0
2021-08-05 04:12:01,103.0,85.0,11.0,7.0
2021-08-05 04:12:02,87.0,81.0,3.0,3.0
2021-08-05 04:12:03,95.0,92.0,1.0,2.0
2021-08-05 04:12:04,79.0,69.0,9.0,1.0
2021-08-05 04:12:05,78.0,72.0,3.0,3.0
2021-08-05 04:12:06,110.0,95.0,9.0,6.0
2021-08-05 04:12:07,111.0,99.0,7.0,5.0
2021-08-05 04:12:08,93.0,86.0,3.0,4.0
2021-08-05 04:12:09,105.0,92.0,4.0,9.0
2021-08-05 04:12:10,111.0,100.0,8.0,3.0
2021-08-05 04:12:11,99.0,87.0,9.0,3.0
2021-08-05 04:12:12,110.0,102.0,6.0,2.0
2021-08-05 04:12:13,89.0,83.0,3.0,3.0
2021-08-05 04:12:14,107.0,94.0,10.0,3.0
2021-08-05 04:12:15,100.0,90.0,5.0,5.0
2021-08-05 04:12:16,90.0,78.0,11.0,1.0
2021-08-05 04:12:17,102.0,92.0,7.0,3.0
2021-08-05 04:12:18,98.0,93.0,5.0,0.0
2021-08-05 04:12:19,103.0,93.0,8.0,2.0
2021-08-05 04:12:20,79.0,70.0,3.0,6.0
2021-08-05 04:12:21,87.0,81.0,1.0,5.0
2021-08-05 04:12:22,87.0,75.0,7.0,5.0
2021-08-05 04:12:23,103.0,92.0,5.0,6.0
2021-08-05 04:12:24,77.0,64.0,10.0,3.0
2021-08-05 04:12:25,92.0,81.0,10.0,1.0
2021-08-05 04:12:26,82.0,74.0,7.0,1.0
2021-08-05 04:12:27,83.0,75.0,4.0,4.0
2021-08-05 04:12:28,101.0,90.0,5.0,6.0
2021-08-05 04:12:29,103.0,92.0,5.0,6.0
2021-08-05 04:12:30,91.0,75.0,12.0,4.0
2021-08-05 04:12:31,81.0,75.0,1.0,5.0
2021-08-05 04:12:32,98.0,86.0,7.0,5.0
2021-08-05 04:12:33,101.0,90.0,5.0,6.0
2021-08-05 04:12:34,88.0,78.0,8.0,2.0
2021-08-05 04:12:35,108.0,98.0,6.0,4.0
2021-08-05 04:12:36,82.0,70.0,7.0,5.0
2021-08-05 04:12:37,87.0,79.0,5.0,3.0
2021-08-05 04:12:38,93.0,83.0,6.0,4.0
2021-08-05 04:12:39,89.0,83.0,2.0,4.0
2021-08-05 04:12:40,96.0,85.0,6.0,5.0
2021-08-05 04:12:41,94.0,82.0,7.0,5.0
2021-08-05 04:12:42,91.0,81.0,5.0,5.0
2021-08-05 04:12:43,104.0,89.0,6.0,9.0
2021-08-05 04:12:44,96.0,83.0,7.0,6.0
2021-08-05 04:12:45,81.0,69.0,6.0,6.0
2021-08-05 04:12:46,90.0,82.0,7.0,1.0
2021-08-05 04:12:47,90.0,80.0,7.0,3.0
2021-08-05 04:12:48,108.0,100.0,5.0,3.0
2021-08-05 04:12:49,93.0,77.0,7.0,9.0
2021-08-05 04:12:50,83.0,76.0,5.0,2.0
2021-08-05 04:12:51,100.0,89.0,5.0,6.0
2021-08-05 04:12:52,115.0,100.0,11.0,4.0
2021-08-05 04:12:53,94.0,79.0,10.0,5.0
2021-08-05 04:12:54,97.0,86.0,5.0,6.0
2021-08-05 04:12:55,97.0,91.0,3.0,3.0
2021-08-05 04:12:56,88.0,81.0,3.0,4.0
2021-08-05 04:12:57,99.0,91.0,5.0,3.0
2021-08-05 04:12:58,80.0,75.0,3.0,2.0
2021-08-05 04:12:59,104.0,87.0,10.0,7.0
2021-08-05 04:13:00,100.0,90.0,6.0,4.0
2021-08-05 04:13:01,100.0,82.0,12.0,6.0
2021-08-05 04:13:02,97.0,87.0,5.0,5.0
2021-08-05 04:13:03,89.0,80.0,5.0,4.0
2021-08-05 04:13:04,88.0,79.0,4.0,5.0
2021-08-05 04:13:05,81.0,69.0,7.0,5.0
2021-08-05 04:13:06,118.0,103.0,9.0,6.0
2021-08-05 04:13:07,92.0,80.0,9.0,3.0
2021-08-05 04:13:08,90.0,81.0,5.0,4.0
2021-08-05 04:13:09,104.0,91.0,7.0,6.0
2021-08-05 04:13:10,95.0,79.0,12.0,4.0
2021-08-05 04:13:11,90.0,77.0,8.0,5.0
2021-08-05 04:13:12,107.0,98.0,3.0,6.0
2021-08-05 04:13:13,106.0,91.0,11.0,4.0
2021-08-05 04:13:14,97.0,92.0,3.0,2.0
2021-08-05 04:13:15,90.0,82.0,5.0,3.0
2021-08-05 04:13:16,83.0,69.0,9.0,5.0
2021-08-05 04:13:17,103.0,93.0,7.0,3.0
2021-08-05 04:13:18,86.0,80.0,4.0,2.0
2021-08-05 04:13:19,92.0,74.0,15.0,3.0
2021-08-05 04:13:20,109.0,97.0,8.0,4.0
2021-08-05 04:13:21,93.0,82.0,6.0,5.0
2021-08-05 04:13:22,85.0,77.0,6.0,2.0
2021-08-05 04:13:23,90.0,78.0,5.0,7.0
2021-08-05 04:13:24,94.0,81.0,6.0,7.0
2021-08-05 04:13:25,86.0,76.0,8.0,2.0
2021-08-05 04:13:26,85.0,76.0,6.0,3.0
2021-08-05 04:13:27,87.0,76.0,8.0,3.0
2021-08-05 04:13:28,87.0,75.0,5.0,7.0
2021-08-05 04:13:29,84.0,75.0,6.0,3.0
2021-08-05 04:13:30,93.0,82.0,8.0,3.0
2021-08-05 04:13:31,79.0,72.0,5.0,2.0
2021-08-05 04:13:32,89.0,80.0,5.0,4.0
2021-08-05 04:13:33,83.0,72.0,5.0,6.0
2021-08-05 04:13:34,93.0,84.0,2.0,7.0
2021-08-05 04:13:35,100.0,85.0,8.0,7.0
2021-08-05 04:13:36,88.0,82.0,3.0,3.0
2021-08-05 04:13:37,93.0,86.0,4.0,3.0
2021-08-05 04:13:38,83.0,78.0,3.0,2.0
2021-08-05 04:13:39,97.0,81.0,8.0,8.0
2021-08-05 04:13:40,81.0,68.0,8.0,5.0
2021-08-05 04:13:41,102.0,92.0,8.0,2.0
2021-08-05 04:13:42,82.0,74.0,4.0,4.0
2021-08-05 04:13:43,90.0,81.0,7.0,2.0
2021-08-05 04:13:44,100.0,86.0,7.0,7.0
2021-08-05 04:13:45,83.0,69.0,6.0,8.0
2021-08-05 04:13:46,102.0,87.0,11.0,4.0
2021-08-05 04:13:47,100.0,87.0,6.0,7.0
2021-08-05 04:13:48,92.0,81.0,7.0,4.0
2021-08-05 04:13:49,90.0,80.0,4.0,6.0
2021-08-05 04:13:50,109.0,94.0,10.0,5.0
2021-08-05 04:13:51,95.0,89.0,5.0,1.0
2021-08-05 04:13:52,111.0,98.0,9.0,4.0
2021-08-05 04:13:53,80.0,73.0,5.0,2.0
2021-08-05 04:13:54,100.0,91.0,4.0,5.0
2021-08-05 04:13:55,78.0,75.0,1.0,2.0
2021-08-05 04:13:56,103.0,86.0,13.0,4.0
2021-08-05 04:13:57,88.0,80.0,6.0,2.0
2021-08-05 04:13:58,96.0,90.0,5.0,1.0
2021-08-05 04:13:59,103.0,91.0,6.0,6.0
2021-08-05 04:14:00,85.0,72.0,8.0,5.0
2021-08-05 04:14:01,86.0,81.0,3.0,2.0
2021-08-05 04:14:02,96.0,87.0,4.0,5.0
2021-08-05 04:14:03,103.0,92.0,7.0,4.0
2021-08-05 04:14:04,111.0,96.0,8.0,7.0
2021-08-05 04:14:05,72.0,62.0,6.0,4.0
2021-08-05 04:14:06,86.0,80.0,4.0,2.0
2021-08-05 04:14:07,90.0,80.0,6.0,4.0
2021-08-05 04:14:08,103.0,93.0,6.0,4.0
2021-08-05 04:14:09,85.0,72.0,8.0,5.0
2021-08-05 04:14:10,90.0,78.0,9.0,3.0
2021-08-05 04:14:11,90.0,79.0,6.0,5.0
2021-08-05 04:14:12,79.0,69.0,5.0,5.0
2021-08-05 04:14:13,97.0,86.0,5.0,6.0
2021-08-05 04:14:14,85.0,72.0,5.0,8.0
2021-08-05 04:14:15,94.0,85.0,6.0,3.0
2021-08-05 04:14:16,83.0,73.0,7.0,3.0
2021-08-05 04:14:17,99.0,83.0,9.0,7.0
2021-08-05 04:14:18,91.0,81.0,7.0,3.0
2021-08-05 04:14:19,93.0,77.0,6.0,10.0
2021-08-05 04:14:20,88.0,78.0,6.0,4.0
2021-08-05 04:14:21,86.0,76.0,7.0,3.0
2021-08-05 04:14:22,95.0,86.0,5.0,4.0
2021-08-05 04:14:23,88.0,80.0,3.0,5.0
2021-08-05 04:14:24,89.0,78.0,6.0,5.0
2021-08-05 04:14:25,89.0,68.0,12.0,9.0
2021-08-05 04:14:26,78.0,69.0,4.0,5.0
2021-08-05 04:14:27,103.0,90.0,9.0,4.0
2021-08-05 04:14:28,95.0,89.0,3.0,3.0
2021-08-05 04:14:29,88.0,82.0,5.0,1.0
2021-08-05 04:14:30,98.0,83.0,11.0,4.0
2021-08-05 04:14:31,113.0,95.0,12.0,6.0
2021-08-05 04:14:32,95.0,88.0,3.0,4.0
2021-08-05 04:14:33,99.0,85.0,6.0,8.0
2021-08-05 04:14:34,80.0,69.0,6.0,5.0
2021-08-05 04:14:35,108.0,100.0,5.0,3.0
2021-08-05 04:14:36,89.0,81.0,4.0,4.0
2021-08-05 04:14:37,114.0,101.0,10.0,3.0
2021-08-05 04:14:38,97.0,87.0,6.0,4.0
2021-08-05 04:14:39,112.0,93.0,11.0,8.0
2021-08-05 04:14:40,100.0,84.0,9.0,7.0
2021-08-05 04:14:41,121.0,110.0,6.0,5.0
2021-08-05 04:14:42,106.0,94.0,9.0,3.0
2021-08-05 04:14:43,79.0,68.0,10.0,1.0
2021-08-05 04:14:44,103.0,88.0,9.0,6.0
2021-08-05 04:14:45,89.0,78.0,4.0,7.0
2021-08-05 04:14:46,85.0,72.0,8.0,5.0
2021-08-05 04:14:47,101.0,88.0,10.0,3.0
2021-08-05 04:14:48,94.0,87.0,2.0,5.0
2021-08-05 04:14:49,91.0,79.0,10.0,2.0
2021-08-05 04:14:50,84.0,74.0,7.0,3.0
2021-08-05 04:14:51,89.0,81.0,5.0,3.0
2021-08-05 04:14:52,92.0,85.0,4.0,3.0
2021-08-05 04:14:53,101.0,96.0,3.0,2.0
2021-08-05 04:14:54,83.0,68.0,10.0,5.0
2021-08-05 04:14:55,84.0,80.0,1.0,3.0
2021-08-05 04:14:56,99.0,92.0,3.0,4.0
2021-08-05 04:14:57,90.0,81.0,7.0,2.0
2021-08-05 04:14:58,85.0,76.0,3.0,6.0
2021-08-05 04:14:59,93.0,86.0,2.0,5.0
2021-08-05 04:15:00,96.0,89.0,3.0,4.0
2021-08-05 04:15:01,90.0,79.0,5.0,6.0
2021-08-05 04:15:02,86.0,76.0,6.0,4.0
2021-08-05 04:15:03,81.0,73.0,4.0,4.0
2021-08-05 04:15:04,99.0,90.0,4.0,5.0
2021-08-05 04:15:05,92.0,86.0,4.0,2.0
2021-08-05 04:15:06,73.0,65.0,4.0,4.0
2021-08-05 04:15:07,90.0,76.0,7.0,7.0
2021-08-05 04:15:08,92.0,79.0,12.0,1.0
2021-08-05 04:15:09,106.0,93.0,7.0,6.0
2021-08-05 04:15:10,93.0,84.0,6.0,3.0
2021-08-05 04:15:11,85.0,80.0,2.0,3.0
2021-08-05 04:15:12,101.0,95.0,4.0,2.0
2021-08-05 04:15:13,86.0,79.0,5.0,2.0
2021-08-05 04:15:14,111.0,98.0,9.0,4.0
2021-08-05 04:15:15,104.0,85.0,10.0,9.0
2021-08-05 04:15:16,80.0,71.0,4.0,5.0
2021-08-05 04:15:17,95.0,85.0,7.0,3.0
2021-08-05 04:15:18,103.0,91.0,4.0,8.0
2021-08-05 04:15:19,90.0,83.0,5.0,2.0
2021-08-05 04:15:20,99.0,92.0,3.0,4.0
2021-08-05 04:15:21,109.0,94.0,8.0,7.0
2021-08-05 04:15:22,107.0,99.0,5.0,3.0
2021-08-05 04:15:23,95.0,84.0,6.0,5.0
2021-08-05 04:15:24,88.0,78.0,4.0,6.0
2021-08-05 04:15:25,114.0,101.0,10.0,3.0
2021-08-05 04:15:26,88.0,80.0,6.0,2.0
2021-08-05 04:15:27,100.0,88.0,7.0,5.0
2021-08-05 04:15:28,95.0,84.0,8.0,3.0
2021-08-05 04:15:29,96.0,87.0,3.0,6.0
2021-08-05 04:15:30,108.0,91.0,8.0,9.0
2021-08-05 04:15:31,92.0,83.0,5.0,4.0
2021-08-05 04:15:32,102.0,88.0,11.0,3.0
2021-08-05 04:15:33,98.0,90.0,1.0,7.0
2021-08-05 04:15:34,97.0,79.0,12.0,6.0
2021-08-05 04:15:35,99.0,85.0,10.0,4.0
2021-08-05 04:15:36,102.0,91.0,7.0,4.0
2021-08-05 04:15:37,100.0,87.0,6.0,7.0
2021-08-05 04:15:38,108.0,96.0,8.0,4.0
2021-08-05 04:15:39,93.0,83.0,5.0,5.0
2021-08-05 04:15:40,94.0,88.0,4.0,2.0
2021-08-05 04:15:41,79.0,71.0,6.0,2.0
2021-08-05 04:15:42,93.0,81.0,8.0,4.0
2021-08-05 04:15:43,96.0,86.0,5.0,5.0
2021-08-05 04:15:44,94.0,83.0,6.0,5.0
2021-08-05 04:15:45,81.0,74.0,5.0,2.0
2021-08-05 04:15:46,101.0,86.0,11.0,4.0
2021-08-05 04:15:47,84.0,72.0,7.0,5.0
2021-08-05 04:15:48,87.0,73.0,9.0,5.0
2021-08-05 04:15:49,108.0,94.0,7.0,7.0
2021-08-05 04:15:50,102.0,86.0,10.0,6.0
2021-08-05 04:15:51,75.0,69.0,5.0,1.0
2021-08-05 04:15:52,101.0,94.0,4.0,3.0
2021-08-05 04:15:53,92.0,81.0,7.0,4.0
2021-08-05 04:15:54,95.0,82.0,9.0,4.0
2021-08-05 04:15:55,96.0,80.0,11.0,5.0
2021-08-05 04:15:56,96.0,87.0,5.0,4.0
2021-08-05 04:15:57,110.0,96.0,6.0,8.0
2021-08-05 04:15:58,89.0,77.0,6.0,6.0
2021-08-05 04:15:59,99.0,91.0,5.0,3.0
2021-08-05 04:16:00,89.0,79.0,4.0,6.0
2021-08-05 04:16:01,82.0,72.0,10.0,0.0
2021-08-05 04:16:02,84.0,77.0,6.0,1.0
2021-08-05 04:16:03,85.0,73.0,7.0,5.0
2021-08-05 04:16:04,104.0,93.0,8.0,3.0
2021-08-05 04:16:05,71.0,65.0,3.0,3.0
2021-08-05 04:16:06,99.0,89.0,5.0,5.0
2021-08-05 04:16:07,112.0,102.0,7.0,3.0
2021-08-05 04:16:08,102.0,91.0,5.0,6.0
2021-08-05 04:16:09,92.0,84.0,6.0,2.0
2021-08-05 04:16:10,79.0,74.0,1.0,4.0
2021-08-05 04:16:11,89.0,79.0,8.0,2.0
2021-08-05 04:16:12,88.0,78.0,6.0,4.0
2021-08-05 04:16:13,94.0,77.0,11.0,6.0
2021-08-05 04:16:14,85.0,76.0,5.0,4.0
2021-08-05 04:16:15,116.0,102.0,5.0,9.0
2021-08-05 04:16:16,87.0,73.0,7.0,7.0
2021-08-05 04:16:17,95.0,89.0,4.0,2.0
2021-08-05 04:16:18,89.0,79.0,9.0,1.0
2021-08-05 04:16:19,91.0,75.0,11.0,5.0
2021-08-05 04:16:20,100.0,84.0,10.0,6.0
2021-08-05 04:16:21,111.0,102.0,6.0,3.0
2021-08-05 04:16:22,93.0,84.0,7.0,2.0
2021-08-05 04:16:23,87.0,80.0,4.0,3.0
2021-08-05 04:16:24,103.0,90.0,7.0,6.0
2021-08-05 04:16:25,95.0,86.0,6.0,3.0
2021-08-05 04:16:26,100.0,89.0,7.0,4.0
2021-08-05 04:16:27,84.0,73.0,8.0,3.0
2021-08-05 04:16:28,87.0,76.0,6.0,5.0
2021-08-05 04:16:29,93.0,84.0,7.0,2.0
2021-08-05 04:16:30,91.0,80.0,5.0,6.0
2021-08-05 04:16:31,99.0,88.0,7.0,4.0
2021-08-05 04:16:32,104.0,95.0,4.0,5.0
2021-08-05 04:16:33,102.0,96.0,5.0,1.0
2021-08-05 04:16:34,81.0,73.0,5.0,3.0
2021-08-05 04:16:35,90.0,79.0,5.0,6.0
2021-08-05 04:16:36,83.0,76.0,3.0,4.0
2021-08-05 04:16:37,81.0,70.0,8.0,3.0
2021-08-05 04:16:38,71.0,65.0,4.0,2.0
2021-08-05 04:16:39,82.0,69.0,9.0,4.0
2021-08-05 04:16:40,92.0,81.0,6.0,5.0
2021-08-05 04:16:41,122.0,112.0,7.0,3.0
2021-08-05 04:16:42,102.0,90.0,8.0,4.0
2021-08-05 04:16:43,92.0,80.0,6.0,6.0
2021-08-05 04:16:44,93.0,84.0,4.0,5.0
2021-08-05 04:16:45,96.0,90.0,3.0,3.0
2021-08-05 04:16:46,105.0,89.0,10.0,6.0
2021-08-05 04:16:47,92.0,78.0,7.0,7.0
2021-08-05 04:16:48,113.0,101.0,7.0,5.0
2021-08-05 04:16:49,87.0,71.0,8.0,8.0
2021-08-05 04:16:50,102.0,88.0,10.0,4.0
2021-08-05 04:16:51,89.0,81.0,5.0,3.0
2021-08-05 04:16:52,103.0,87.0,11.0,5.0
2021-08-05 04:16:53,102.0,93.0,7.0,2.0
2021-08-05 04:16:54,92.0,83.0,8.0,1.0
2021-08-05 04:16:55,102.0,83.0,13.0,6.0
2021-08-05 04:16:56,100.0,89.0,6.0,5.0
2021-08-05 04:16:57,98.0,85.0,8.0,5.0
2021-08-05 04:16:58,97.0,79.0,9.0,9.0
2021-08-05 04:16:59,95.0,83.0,11.0,1.0
2021-08-05 04:17:00,92.0,80.0,4.0,8.0
2021-08-05 04:17:01,101.0,92.0,6.0,3.0
2021-08-05 04:17:02,83.0,67.0,7.0,9.0
2021-08-05 04:17:03,88.0,78.0,5.0,5.0
2021-08-05 04:17:04,97.0,90.0,6.0,1.0
2021-08-05 04:17:05,92.0,78.0,10.0,4.0
2021-08-05 04:17:06,78.0,69.0,6.0,3.0
2021-08-05 04:17:07,89.0,79.0,6.0,4.0
2021-08-05 04:17:08,85.0,75.0,8.0,2.0
2021-08-05 04:17:09,87.0,78.0,7.0,2.0
2021-08-05 04:17:10,104.0,95.0,7.0,2.0
2021-08-05 04:17:11,86.0,73.0,9.0,4.0
2021-08-05 04:17:12,99.0,88.0,4.0,7.0
2021-08-05 04:17:13,82.0,75.0,3.0,4.0
2021-08-05 04:17:14,96.0,84.0,8.0,4.0
2021-08-05 04:17:15,99.0,79.0,15.0,5.0
2021-08-05 04:17:16,98.0,95.0,2.0,1.0
2021-08-05 04:17:17,106.0,96.0,6.0,4.0
2021-08-05 04:17:18,90.0,82.0,4.0,4.0
2021-08-05 04:17:19,92.0,83.0,6.0,3.0
2021-08-05 04:17:20,84.0,76.0,6.0,2.0
2021-08-05 04:17:21,89.0,83.0,3.0,3.0
2021-08-05 04:17:22,99.0,91.0,5.0,3.0
2021-08-05 04:17:23,98.0,86.0,5.0,7.0
2021-08-05 04:17:24,88.0,79.0,7.0,2.0
2021-08-05 04:17:25,89.0,78.0,8.0,3.0
2021-08-05 04:17:26,96.0,84.0,5.0,7.0
2021-08-05 04:17:27,106.0,96.0,6.0,4.0
2021-08-05 04:17:28,93.0,82.0,6.0,5.0
2021-08-05 04:17:29,79.0,72.0,5.0,2.0
2021-08-05 04:17:30,102.0,89.0,8.0,5.0
2021-08-05 04:17:31,81.0,71.0,7.0,3.0
2021-08-05 04:17:32,87.0,78.0,6.0,3.0
2021-08-05 04:17:33,92.0,81.0,5.0,6.0
2021-08-05 04:17:34,111.0,93.0,11.0,7.0
2021-08-05 04:17:35,96.0,86.0,10.0,0.0
2021-08-05 04:17:36,97.0,93.0,1.0,3.0
2021-08-05 04:17:37,85.0,73.0,4.0,8.0
2021-08-05 04:17:38,112.0,94.0,8.0,10.0
2021-08-05 04:17:39,88.0,79.0,6.0,3.0
2021-08-05 04:17:40,89.0,76.0,8.0,5.0
2021-08-05 04:17:41,86.0,75.0,9.0,2.0
2021-08-05 04:17:42,89.0,79.0,6.0,4.0
2021-08-05 04:17:43,95.0,84.0,7.0,4.0
2021-08-05 04:17:44,115.0,107.0,3.0,5.0
2021-08-05 04:17:45,107.0,98.0,4.0,5.0
2021-08-05 04:17:46,92.0,79.0,5.0,8.0
2021-08-05 04:17:47,82.0,68.0,12.0,2.0
2021-08-05 04:17:48,101.0,92.0,5.0,4.0
2021-08-05 04:17:49,97.0,86.0,5.0,6.0
2021-08-05 04:17:50,96.0,83.0,7.0,6.0
2021-08-05 04:17:51,86.0,78.0,5.0,3.0
2021-08-05 04:17:52,95.0,87.0,6.0,2.0
2021-08-05 04:17:53,89.0,80.0,3.0,6.0
2021-08-05 04:17:54,89.0,79.0,7.0,3.0
2021-08-05 04:17:55,76.0,71.0,2.0,3.0
2021-08-05 04:17:56,101.0,90.0,5.0,6.0
2021-08-05 04:17:57,91.0,79.0,3.0,9.0
2021-08-05 04:17:58,95.0,86.0,7.0,2.0
2021-08-05 04:17:59,88.0,82.0,3.0,3.0
2021-08-05 04:18:00,99.0,87.0,5.0,7.0
2021-08-05 04:18:01,78.0,72.0,4.0,2.0
2021-08-05 04:18:02,98.0,86.0,7.0,5.0
2021-08-05 04:18:03,86.0,77.0,6.0,3.0
2021-08-05 04:18:04,101.0,85.0,11.0,5.0
2021-08-05 04:18:05,109.0,99.0,6.0,4.0
2021-08-05 04:18:06,103.0,91.0,5.0,7.0
2021-08-05 04:18:07,111.0,100.0,8.0,3.0
2021-08-05 04:18:08,96.0,86.0,7.0,3.0
2021-08-05 04:18:09,93.0,82.0,8.0,3.0
2021-08-05 04:18:10,110.0,98.0,8.0,4.0
2021-08-05 04:18:11,97.0,87.0,6.0,4.0
2021-08-05 04:18:12,103.0,94.0,7.0,2.0
2021-08-05 04:18:13,85.0,76.0,6.0,3.0
2021-08-05 04:18:14,77.0,66.0,9.0,2.0
2021-08-05 04:18:15,99.0,91.0,5.0,3.0
2021-08-05 04:18:16,100.0,87.0,6.0,7.0
2021-08-05 04:18:17,97.0,90.0,3.0,4.0
2021-08-05 04:18:18,92.0,85.0,4.0,3.0
2021-08-05 04:18:19,110.0,99.0,6.0,5.0
2021-08-05 04:18:20,88.0,80.0,6.0,2.0
2021-08-05 04:18:21,96.0,86.0,5.0,5.0
2021-08-05 04:18:22,83.0,78.0,2.0,3.0
2021-08-05 04:18:23,96.0,85.0,6.0,5.0
2021-08-05 04:18:24,106.0,92.0,9.0,5.0
2021-08-05 04:18:25,100.0,91.0,7.0,2.0
2021-08-05 04:18:26,91.0,83.0,7.0,1.0
2021-08-05 04:18:27,99.0,86.0,9.0,4.0
2021-08-05 04:18:28,88.0,69.0,13.0,6.0
2021-08-05 04:18:29,100.0,88.0,7.0,5.0
2021-08-05 04:18:30,102.0,95.0,4.0,3.0
2021-08-05 04:18:31,96.0,88.0,2.0,6.0
2021-08-05 04:18:32,94.0,88.0,5.0,1.0
2021-08-05 04:18:33,98.0,90.0,5.0,3.0
2021-08-05 04:18:34,92.0,84.0,5.0,3.0
2021-08-05 04:18:35,100.0,91.0,4.0,5.0
2021-08-05 04:18:36,87.0,79.0,4.0,4.0
2021-08-05 04:18:37,81.0,68.0,7.0,6.0
2021-08-05 04:18:38,91.0,81.0,5.0,5.0
2021-08-05 04:18:39,101.0,92.0,3.0,6.0
2021-08-05 04:18:40,88.0,79.0,8.0,1.0
2021-08-05 04:18:41,87.0,75.0,6.0,6.0
2021-08-05 04:18:42,107.0,92.0,9.0,6.0
2021-08-05 04:18:43,93.0,82.0,7.0,4.0
2021-08-05 04:18:44,99.0,85.0,9.0,5.0
2021-08-05 04:18:45,85.0,75.0,1.0,9.0
2021-08-05 04:18:46,74.0,66.0,4.0,4.0
2021-08-05 04:18:47,104.0,95.0,5.0,4.0
2021-08-05 04:18:48,83.0,70.0,7.0,6.0
2021-08-05 04:18:49,105.0,93.0,5.0,7.0
2021-08-05 04:18:50,84.0,71.0,6.0,7.0
2021-08-05 04:18:51,98.0,89.0,7.0,2.0
2021-08-05 04:18:52,104.0,89.0,10.0,5.0
2021-08-05 04:18:53,96.0,86.0,3.0,7.0
2021-08-05 04:18:54,86.0,77.0,7.0,2.0
2021-08-05 04:18:55,91.0,77.0,10.0,4.0
2021-08-05 04:18:56,98.0,89.0,4.0,5.0
2021-08-05 04:18:57,91.0,85.0,3.0,3.0
2021-08-05 04:18:58,101.0,87.0,8.0,6.0
2021-08-05 04:18:59,107.0,97.0,7.0,3.0
2021-08-05 04:19:00,91.0,81.0,7.0,3.0
2021-08-05 04:19:01,98.0,88.0,6.0,4.0
2021-08-05 04:19:02,92.0,85.0,3.0,4.0
2021-08-05 04:19:03,88.0,79.0,7.0,2.0
2021-08-05 04:19:04,73.0,68.0,4.0,1.0
2021-08-05 04:19:05,104.0,96.0,3.0,5.0
2021-08-05 04:19:06,101.0,93.0,6.0,2.0
2021-08-05 04:19:07,95.0,83.0,6.0,6.0
2021-08-05 04:19:08,106.0,97.0,5.0,4.0
2021-08-05 04:19:09,89.0,81.0,5.0,3.0
2021-08-05 04:19:10,94.0,88.0,3.0,3.0
2021-08-05 04:19:11,93.0,83.0,6.0,4.0
2021-08-05 04:19:12,105.0,90.0,5.0,10.0
2021-08-05 04:19:13,82.0,76.0,3.0,3.0
2021-08-05 04:19:14,97.0,90.0,5.0,2.0
2021-08-05 04:19:15,103.0,90.0,5.0,8.0
2021-08-05 04:19:16,92.0,82.0,4.0,6.0
2021-08-05 04:19:17,102.0,92.0,5.0,5.0
2021-08-05 04:19:18,107.0,93.0,8.0,6.0
2021-08-05 04:19:19,92.0,86.0,3.0,3.0
2021-08-05 04:19:20,95.0,85.0,6.0,4.0
2021-08-05 04:19:21,93.0,80.0,9.0,4.0
2021-08-05 04:19:22,92.0,81.0,6.0,5.0
2021-08-05 04:19:23,90.0,76.0,7.0,7.0
2021-08-05 04:19:24,81.0,70.0,8.0,3.0
2021-08-05 04:19:25,96.0,87.0,6.0,3.0
2021-08-05 04:19:26,108.0,95.0,8.0,5.0
2021-08-05 04:19:27,83.0,73.0,8.0,2.0
2021-08-05 04:19:28,103.0,90.0,8.0,5.0
2021-08-05 04:19:29,107.0,91.0,11.0,5.0
2021-08-05 04:19:30,100.0,88.0,6.0,6.0
2021-08-05 04:19:31,92.0,77.0,10.0,5.0
2021-08-05 04:19:32,89.0,80.0,4.0,5.0
2021-08-05 04:19:33,86.0,75.0,7.0,4.0
2021-08-05 04:19:34,93.0,83.0,5.0,5.0
2021-08-05 04:19:35,89.0,80.0,3.0,6.0
2021-08-05 04:19:36,93.0,84.0,5.0,4.0
2021-08-05 04:19:37,95.0,82.0,9.0,4.0
2021-08-05 04:19:38,94.0,83.0,8.0,3.0
2021-08-05 04:19:39,80.0,70.0,2.0,8.0
2021-08-05 04:19:40,118.0,104.0,8.0,6.0
2021-08-05 04:19:41,91.0,79.0,7.0,5.0
2021-08-05 04:19:42,77.0,72.0,3.0,2.0
2021-08-05 04:19:43,81.0,73.0,7.0,1.0
2021-08-05 04:19:44,81.0,75.0,6.0,0.0
2021-08-05 04:19:45,108.0,91.0,12.0,5.0
2021-08-05 04:19:46,80.0,69.0,6.0,5.0
2021-08-05 04:19:47,99.0,90.0,7.0,2.0
2021-08-05 04:19:48,110.0,98.0,7.0,5.0
2021-08-05 04:19:49,87.0,76.0,9.0,2.0
2021-08-05 04:19:50,97.0,82.0,7.0,8.0
2021-08-05 04:19:51,97.0,86.0,9.0,2.0
2021-08-05 04:19:52,113.0,95.0,10.0,8.0
2021-08-05 04:19:53,84.0,72.0,6.0,6.0
2021-08-05 04:19:54,100.0,87.0,6.0,7.0
2021-08-05 04:19:55,80.0,69.0,6.0,5.0
2021-08-05 04:19:56,106.0,94.0,5.0,7.0
2021-08-05 04:19:57,91.0,80.0,1.0,10.0
2021-08-05 04:19:58,87.0,77.0,5.0,5.0
2021-08-05 04:19:59,89.0,82.0,5.0,2.0
2021-08-05 04:20:00,99.0,83.0,6.0,10.0
2021-08-05 04:20:01,106.0,92.0,6.0,8.0
2021-08-05 04:20:02,105.0,94.0,8.0,3.0
2021-08-05 04:20:03,109.0,97.0,3.0,9.0
2021-08-05 04:20:04,79.0,68.0,6.0,5.0
2021-08-05 04:20:05,99.0,87.0,7.0,5.0
2021-08-05 04:20:06,98.0,88.0,6.0,4.0
2021-08-05 04:20:07,101.0,87.0,9.0,5.0
2021-08-05 04:20:08,88.0,81.0,4.0,3.0
2021-08-05 04:20:09,93.0,80.0,10.0,3.0
2021-08-05 04:20:10,94.0,79.0,10.0,5.0
2021-08-05 04:20:11,76.0,68.0,4.0,4.0
2021-08-05 04:20:12,98.0,89.0,4.0,5.0
2021-08-05 04:20:13,78.0,67.0,9.0,2.0
2021-08-05 04:20:14,87.0,77.0,5.0,5.0
2021-08-05 04:20:15,109.0,99.0,6.0,4.0
2021-08-05 04:20:16,91.0,82.0,3.0,6.0
2021-08-05 04:20:17,105.0,97.0,5.0,3.0
2021-08-05 04:20:18,95.0,86.0,5.0,4.0
2021-08-05 04:20:19,81.0,71.0,5.0,5.0
2021-08-05 04:20:20,118.0,105.0,9.0,4.0
2021-08-05 04:20:21,89.0,83.0,4.0,2.0
2021-08-05 04:20:22,82.0,72.0,5.0,5.0
2021-08-05 04:20:23,109.0,99.0,8.0,2.0
2021-08-05 04:20:24,99.0,82.0,8.0,9.0
2021-08-05 04:20:25,100.0,95.0,1.0,4.0
2021-08-05 04:20:26,93.0,80.0,8.0,5.0
2021-08-05 04:20:27,103.0,88.0,7.0,8.0
2021-08-05 04:20:28,84.0,79.0,3.0,2.0
2021-08-05 04:20:29,101.0,89.0,6.0,6.0
2021-08-05 04:20:30,91.0,79.0,8.0,4.0
2021-08-05 04:20:31,102.0,94.0,2.0,6.0
2021-08-05 04:20:32,122.0,115.0,4.0,3.0
2021-08-05 04:20:33,110.0,101.0,3.0,6.0
2021-08-05 04:20:34,111.0,97.0,7.0,7.0
2021-08-05 04:20:35,91.0,80.0,3.0,8.0
2021-08-05 04:20:36,85.0,76.0,3.0,6.0
2021-08-05 04:20:37,83.0,74.0,4.0,5.0
2021-08-05 04:20:38,88.0,77.0,7.0,4.0
2021-08-05 04:20:39,83.0,75.0,5.0,3.0
2021-08-05 04:20:40,77.0,63.0,10.0,4.0
2021-08-05 04:20:41,100.0,88.0,10.0,2.0
2021-08-05 04:20:42,71.0,62.0,4.0,5.0
2021-08-05 04:20:43,95.0,86.0,4.0,5.0
2021-08-05 04:20:44,100.0,90.0,5.0,5.0
2021-08-05 04:20:45,103.0,94.0,2.0,7.0
2021-08-05 04:20:46,134.0,113.0,12.0,9.0
2021-08-05 04:20:47,103.0,86.0,10.0,7.0
2021-08-05 04:20:48,82.0,73.0,6.0,3.0
2021-08-05 04:20:49,104.0,93.0,6.0,5.0
2021-08-05 04:20:50,101.0,87.0,7.0,7.0
2021-08-05 04:20:51,83.0,65.0,9.0,9.0
2021-08-05 04:20:52,87.0,80.0,3.0,4.0
2021-08-05 04:20:53,97.0,87.0,7.0,3.0
2021-08-05 04:20:54,104.0,97.0,5.0,2.0
2021-08-05 04:20:55,90.0,80.0,7.0,3.0
2021-08-05 04:20:56,97.0,90.0,4.0,3.0
2021-08-05 04:20:57,86.0,76.0,5.0,5.0
2021-08-05 04:20:58,98.0,83.0,11.0,4.0
2021-08-05 04:20:59,109.0,96.0,10.0,3.0
2021-08-05 04:21:00,98.0,87.0,8.0,3.0
2021-08-05 04:21:01,86.0,74.0,7.0,5.0
2021-08-05 04:21:02,81.0,75.0,3.0,3.0
2021-08-05 04:21:03,82.0,73.0,6.0,3.0
2021-08-05 04:21:04,92.0,79.0,10.0,3.0
2021-08-05 04:21:05,84.0,77.0,4.0,3.0
2021-08-05 04:21:06,103.0,92.0,6.0,5.0
2021-08-05 04:21:07,90.0,83.0,6.0,1.0
2021-08-05 04:21:08,88.0,78.0,6.0,4.0
2021-08-05 04:21:09,90.0,81.0,6.0,3.0
2021-08-05 04:21:10,91.0,76.0,11.0,4.0
2021-08-05 04:21:11,104.0,89.0,11.0,4.0
2021-08-05 04:21:12,93.0,86.0,3.0,4.0
2021-08-05 04:21:13,102.0,90.0,5.0,7.0
2021-08-05 04:21:14,99.0,88.0,8.0,3.0
2021-08-05 04:21:15,84.0,72.0,5.0,7.0
2021-08-05 04:21:16,88.0,78.0,4.0,6.0
2021-08-05 04:21:17,88.0,81.0,4.0,3.0
2021-08-05 04:21:18,97.0,84.0,5.0,8.0
2021-08-05 04:21:19,101.0,91.0,6.0,4.0
2021-08-05 04:21:20,94.0,83.0,6.0,5.0
2021-08-05 04:21:21,102.0,89.0,7.0,6.0
2021-08-05 04:21:22,91.0,80.0,6.0,5.0
2021-08-05 04:21:23,80.0,73.0,3.0,4.0
2021-08-05 04:21:24,107.0,91.0,6.0,10.0
2021-08-05 04:21:25,78.0,70.0,7.0,1.0
2021-08-05 04:21:26,88.0,81.0,6.0,1.0
2021-08-05 04:21:27,116.0,106.0,5.0,5.0
2021-08-05 04:21:28,92.0,79.0,10.0,3.0
2021-08-05 04:21:29,100.0,84.0,12.0,4.0
2021-08-05 04:21:30,96.0,83.0,8.0,5.0
2021-08-05 04:21:31,94.0,78.0,10.0,6.0
2021-08-05 04:21:32,103.0,91.0,9.0,3.0
2021-08-05 04:21:33,91.0,84.0,5.0,2.0
2021-08-05 04:21:34,95.0,81.0,10.0,4.0
2021-08-05 04:21:35,88.0,79.0,5.0,4.0
2021-08-05 04:21:36,98.0,87.0,7.0,4.0
2021-08-05 04:21:37,93.0,81.0,9.0,3.0
2021-08-05 04:21:38,96.0,84.0,5.0,7.0
2021-08-05 04:21:39,93.0,84.0,7.0,2.0
2021-08-05 04:21:40,104.0,88.0,9.0,7.0
2021-08-05 04:21:41,92.0,83.0,5.0,4.0
2021-08-05 04:21:42,107.0,93.0,11.0,3.0
2021-08-05 04:21:43,86.0,80.0,4.0,2.0
2021-08-05 04:21:44,106.0,93.0,3.0,10.0
2021-08-05 04:21:45,108.0,100.0,5.0,3.0
2021-08-05 04:21:46,90.0,81.0,2.0,7.0
2021-08-05 04:21:47,101.0,90.0,7.0,4.0
2021-08-05 04:21:48,99.0,91.0,5.0,3.0
2021-08-05 04:21:49,95.0,76.0,8.0,11.0
2021-08-05 04:21:50,90.0,78.0,8.0,4.0
2021-08-05 04:21:51,100.0,91.0,3.0,6.0
2021-08-05 04:21:52,95.0,86.0,5.0,4.0
2021-08-05 04:21:53,78.0,69.0,6.0,3.0
2021-08-05 04:21:54,109.0,96.0,6.0,7.0
2021-08-05 04:21:55,86.0,76.0,6.0,4.0
2021-08-05 04:21:56,87.0,75.0,9.0,3.0
2021-08-05 04:21:57,103.0,91.0,6.0,6.0
2021-08-05 04:21:58,100.0,92.0,6.0,2.0
2021-08-05 04:21:59,99.0,84.0,5.0,10.0
2021-08-05 04:22:00,98.0,88.0,4.0,6.0
2021-08-05 04:22:01,85.0,76.0,4.0,5.0
2021-08-05 04:22:02,78.0,73.0,1.0,4.0
2021-08-05 04:22:03,92.0,82.0,7.0,3.0
2021-08-05 04:22:04,98.0,86.0,8.0,4.0
2021-08-05 04:22:05,92.0,82.0,3.0,7.0
2021-08-05 04:22:06,88.0,83.0,4.0,1.0
2021-08-05 04:22:07,102.0,90.0,9.0,3.0
2021-08-05 04:22:08,99.0,86.0,9.0,4.0
2021-08-05 04:22:09,91.0,84.0,4.0,3.0
2021-08-05 04:22:10,78.0,71.0,5.0,2.0
2021-08-05 04:22:11,101.0,89.0,5.0,7.0
2021-08-05 04:22:12,88.0,77.0,8.0,3.0
2021-08-05 04:22:13,84.0,68.0,8.0,8.0
2021-08-05 04:22:14,108.0,96.0,7.0,5.0
2021-08-05 04:22:15,97.0,87.0,6.0,4.0
2021-08-05 04:22:16,96.0,87.0,6.0,3.0
2021-08-05 04:22:17,88.0,77.0,4.0,7.0
2021-08-05 04:22:18,107.0,89.0,11.0,7.0
2021-08-05 04:22:19,91.0,79.0,9.0,3.0
2021-08-05 04:22:20,87.0,77.0,6.0,4.0
2021-08-05 04:22:21,89.0,80.0,3.0,6.0
2021-08-05 04:22:22,104.0,94.0,5.0,5.0
2021-08-05 04:22:23,110.0,97.0,8.0,5.0
2021-08-05 04:22:24,105.0,96.0,7.0,2.0
2021-08-05 04:22:25,92.0,85.0,4.0,3.0
2021-08-05 04:22:26,89.0,76.0,8.0,5.0
2021-08-05 04:22:27,103.0,94.0,6.0,3.0
2021-08-05 04:22:28,105.0,96.0,4.0,5.0
2021-08-05 04:22:29,100.0,89.0,6.0,5.0
2021-08-05 04:22:30,100.0,91.0,5.0,4.0
2021-08-05 04:22:31,92.0,82.0,5.0,5.0
2021-08-05 04:22:32,94.0,84.0,7.0,3.0
2021-08-05 04:22:33,92.0,80.0,11.0,1.0
2021-08-05 04:22:34,98.0,89.0,5.0,4.0
2021-08-05 04:22:35,101.0,87.0,9.0,5.0
2021-08-05 04:22:36,95.0,81.0,9.0,5.0
2021-08-05 04:22:37,85.0,78.0,5.0,2.0
2021-08-05 04:22:38,82.0,74.0,5.0,3.0
2021-08-05 04:22:39,83.0,72.0,5.0,6.0
2021-08-05 04:22:40,89.0,81.0,7.0,1.0
2021-08-05 04:22:41,85.0,75.0,6.0,4.0
2021-08-05 04:22:42,88.0,84.0,4.0,0.0
2021-08-05 04:22:43,98.0,83.0,9.0,6.0
2021-08-05 04:22:44,98.0,88.0,8.0,2.0
2021-08-05 04:22:45,88.0,79.0,7.0,2.0
2021-08-05 04:22:46,80.0,69.0,7.0,4.0
2021-08-05 04:22:47,92.0,83.0,7.0,2.0
2021-08-05 04:22:48,93.0,86.0,4.0,3.0
2021-08-05 04:22:49,88.0,74.0,10.0,4.0
2021-08-05 04:22:50,101.0,91.0,4.0,6.0
2021-08-05 04:22:51,101.0,91.0,8.0,2.0
2021-08-05 04:22:52,91.0,82.0,6.0,3.0
2021-08-05 04:22:53,84.0,70.0,7.0,7.0
2021-08-05 04:22:54,100.0,91.0,4.0,5.0
2021-08-05 04:22:55,88.0,77.0,5.0,6.0
2021-08-05 04:22:56,111.0,100.0,7.0,4.0
2021-08-05 04:22:57,88.0,73.0,7.0,8.0
2021-08-05 04:22:58,99.0,89.0,5.0,5.0
2021-08-05 04:22:59,105.0,87.0,13.0,5.0
2021-08-05 04:23:00,102.0,92.0,8.0,2.0
2021-08-05 04:23:01,93.0,84.0,4.0,5.0
2021-08-05 04:23:02,95.0,86.0,7.0,2.0
2021-08-05 04:23:03,98.0,90.0,5.0,3.0
2021-08-05 04:23:04,100.0,88.0,8.0,4.0
2021-08-05 04:23:05,89.0,81.0,4.0,4.0
2021-08-05 04:23:06,95.0,83.0,6.0,6.0
2021-08-05 04:23:07,79.0,71.0,5.0,3.0
2021-08-05 04:23:08,82.0,72.0,5.0,5.0
2021-08-05 04:23:09,109.0,100.0,6.0,3.0
2021-08-05 04:23:10,81.0,74.0,5.0,2.0
2021-08-05 04:23:11,93.0,84.0,8.0,1.0
2021-08-05 04:23:12,112.0,100.0,7.0,5.0
2021-08-05 04:23:13,104.0,87.0,7.0,10.0
2021-08-05 04:23:14,88.0,81.0,3.0,4.0
2021-08-05 04:23:15,89.0,81.0,3.0,5.0
2021-08-05 04:23:16,101.0,88.0,12.0,1.0
2021-08-05 04:23:17,82.0,75.0,6.0,1.0
2021-08-05 04:23:18,100.0,88.0,5.0,7.0
2021-08-05 04:23:19,121.0,109.0,6.0,6.0
2021-08-05 04:23:20,92.0,84.0,8.0,0.0
2021-08-05 04:23:21,83.0,70.0,5.0,8.0
2021-08-05 04:23:22,98.0,84.0,8.0,6.0
2021-08-05 04:23:23,81.0,67.0,11.0,3.0
2021-08-05 04:23:24,90.0,86.0,1.0,3.0
2021-08-05 04:23:25,90.0,81.0,7.0,2.0
2021-08-05 04:23:26,92.0,82.0,5.0,5.0
2021-08-05 04:23:27,98.0,89.0,8.0,1.0
2021-08-05 04:23:28,91.0,80.0,8.0,3.0
2021-08-05 04:23:29,102.0,89.0,7.0,6.0
2021-08-05 04:23:30,86.0,78.0,6.0,2.0
2021-08-05 04:23:31,105.0,88.0,9.0,8.0
2021-08-05 04:23:32,104.0,92.0,7.0,5.0
2021-08-05 04:23:33,109.0,94.0,8.0,7.0
2021-08-05 04:23:34,89.0,81.0,6.0,2.0
2021-08-05 04:23:35,77.0,65.0,6.0,6.0
2021-08-05 04:23:36,102.0,87.0,13.0,2.0
2021-08-05 04:23:37,113.0,106.0,3.0,4.0
2021-08-05 04:23:38,82.0,71.0,5.0,6.0
2021-08-05 04:23:39,97.0,85.0,8.0,4.0
2021-08-05 04:23:40,117.0,105.0,6.0,6.0
2021-08-05 04:23:41,98.0,81.0,11.0,6.0
2021-08-05 04:23:42,89.0,81.0,3.0,5.0
2021-08-05 04:23:43,90.0,81.0,6.0,3.0
2021-08-05 04:23:44,95.0,79.0,14.0,2.0
2021-08-05 04:23:45,95.0,80.0,8.0,7.0
2021-08-05 04:23:46,95.0,88.0,5.0,2.0
2021-08-05 04:23:47,101.0,88.0,7.0,6.0
2021-08-05 04:23:48,69.0,64.0,4.0,1.0
2021-08-05 04:23:49,100.0,90.0,5.0,5.0
2021-08-05 04:23:50,76.0,69.0,5.0,2.0
2021-08-05 04:23:51,96.0,87.0,5.0,4.0
2021-08-05 04:23:52,119.0,105.0,6.0,8.0
2021-08-05 04:23:53,97.0,87.0,9.0,1.0
2021-08-05 04:23:54,99.0,85.0,8.0,6.0
2021-08-05 04:23:55,97.0,90.0,4.0,3.0
2021-08-05 04:23:56,83.0,74.0,6.0,3.0
2021-08-05 04:23:57,90.0,75.0,9.0,6.0
2021-08-05 04:23:58,98.0,95.0,2.0,1.0
2021-08-05 04:23:59,94.0,80.0,11.0,3.0
2021-08-05 04:24:00,100.0,94.0,4.0,2.0
2021-08-05 04:24:01,92.0,78.0,6.0,8.0
2021-08-05 04:24:02,93.0,81.0,6.0,6.0
2021-08-05 04:24:03,87.0,76.0,8.0,3.0
2021-08-05 04:24:04,93.0,82.0,6.0,5.0
2021-08-05 04:24:05,97.0,85.0,6.0,6.0
2021-08-05 04:24:06,103.0,94.0,7.0,2.0
2021-08-05 04:24:07,85.0,75.0,3.0,7.0
2021-08-05 04:24:08,107.0,96.0,7.0,4.0
2021-08-05 04:24:09,120.0,109.0,8.0,3.0
2021-08-05 04:24:10,79.0,74.0,1.0,4.0
2021-08-05 04:24:11,92.0,86.0,4.0,2.0
2021-08-05 04:24:12,100.0,91.0,8.0,1.0
2021-08-05 04:24:13,93.0,82.0,8.0,3.0
2021-08-05 04:24:14,81.0,73.0,4.0,4.0
2021-08-05 04:24:15,103.0,88.0,11.0,4.0
2021-08-05 04:24:16,91.0,80.0,8.0,3.0
2021-08-05 04:24:17,97.0,89.0,5.0,3.0
2021-08-05 04:24:18,90.0,79.0,6.0,5.0
2021-08-05 04:24:19,97.0,86.0,6.0,5.0
2021-08-05 04:24:20,76.0,68.0,5.0,3.0
2021-08-05 04:24:21,110.0,90.0,11.0,9.0
2021-08-05 04:24:22,101.0,92.0,4.0,5.0
2021-08-05 04:24:23,94.0,84.0,6.0,4.0
2021-08-05 04:24:24,101.0,94.0,4.0,3.0
2021-08-05 04:24:25,101.0,89.0,4.0,8.0
2021-08-05 04:24:26,98.0,86.0,9.0,3.0
2021-08-05 04:24:27,91.0,83.0,5.0,3.0
2021-08-05 04:24:28,95.0,83.0,4.0,8.0
2021-08-05 04:24:29,82.0,72.0,6.0,4.0
2021-08-05 04:24:30,98.0,84.0,10.0,4.0
2021-08-05 04:24:31,90.0,81.0,4.0,5.0
2021-08-05 04:24:32,88.0,83.0,4.0,1.0
2021-08-05 04:24:33,92.0,80.0,7.0,5.0
2021-08-05 04:24:34,90.0,80.0,7.0,3.0
2021-08-05 04:24:35,99.0,87.0,7.0,5.0
2021-08-05 04:24:36,99.0,89.0,7.0,3.0
2021-08-05 04:24:37,88.0,80.0,4.0,4.0
2021-08-05 04:24:38,97.0,90.0,2.0,5.0
2021-08-05 04:24:39,104.0,92.0,9.0,3.0
2021-08-05 04:24:40,74.0,66.0,6.0,2.0
2021-08-05 04:24:41,81.0,67.0,12.0,2.0
2021-08-05 04:24:42,93.0,83.0,7.0,3.0
2021-08-05 04:24:43,91.0,80.0,9.0,2.0
2021-08-05 04:24:44,108.0,103.0,3.0,2.0
2021-08-05 04:24:45,103.0,92.0,6.0,5.0
2021-08-05 04:24:46,91.0,82.0,6.0,3.0
2021-08-05 04:24:47,94.0,83.0,7.0,4.0
2021-08-05 04:24:48,98.0,87.0,5.0,6.0
2021-08-05 04:24:49,88.0,75.0,11.0,2.0
2021-08-05 04:24:50,86.0,77.0,6.0,3.0
2021-08-05 04:24:51,94.0,85.0,6.0,3.0
2021-08-05 04:24:52,102.0,92.0,6.0,4.0
2021-08-05 04:24:53,99.0,82.0,12.0,5.0
2021-08-05 04:24:54,92.0,82.0,4.0,6.0
2021-08-05 04:24:55,102.0,93.0,6.0,3.0
2021-08-05 04:24:56,80.0,74.0,3.0,3.0
2021-08-05 04:24:57,107.0,94.0,7.0,6.0
2021-08-05 04:24:58,110.0,98.0,4.0,8.0
2021-08-05 04:24:59,75.0,70.0,3.0,2.0
2021-08-05 04:25:00,112.0,100.0,7.0,5.0
2021-08-05 04:25:01,95.0,83.0,8.0,4.0
2021-08-05 04:25:02,102.0,90.0,4.0,8.0
2021-08-05 04:25:03,77.0,67.0,5.0,5.0
2021-08-05 04:25:04,109.0,95.0,6.0,8.0
2021-08-05 04:25:05,109.0,97.0,11.0,1.0
2021-08-05 04:25:06,111.0,100.0,5.0,6.0
2021-08-05 04:25:07,93.0,80.0,8.0,5.0
2021-08-05 04:25:08,106.0,92.0,8.0,6.0
2021-08-05 04:25:09,81.0,70.0,5.0,6.0
2021-08-05 04:25:10,99.0,90.0,5.0,4.0
2021-08-05 04:25:11,90.0,79.0,8.0,3.0
2021-08-05 04:25:12,103.0,93.0,4.0,6.0
2021-08-05 04:25:13,103.0,91.0,4.0,8.0
2021-08-05 04:25:14,81.0,68.0,10.0,3.0
2021-08-05 04:25:15,89.0,85.0,3.0,1.0
2021-08-05 04:25:16,99.0,94.0,2.0,3.0
2021-08-05 04:25:17,104.0,96.0,2.0,6.0
2021-08-05 04:25:18,85.0,76.0,5.0,4.0
2021-08-05 04:25:19,100.0,89.0,3.0,8.0
2021-08-05 04:25:20,107.0,95.0,4.0,8.0
2021-08-05 04:25:21,97.0,81.0,12.0,4.0
2021-08-05 04:25:22,91.0,78.0,4.0,9.0
2021-08-05 04:25:23,83.0,71.0,8.0,4.0
2021-08-05 04:25:24,94.0,86.0,7.0,1.0
2021-08-05 04:25:25,90.0,79.0,6.0,5.0
2021-08-05 04:25:26,90.0,80.0,6.0,4.0
2021-08-05 04:25:27,90.0,74.0,10.0,6.0
2021-08-05 04:25:28,92.0,87.0,3.0,2.0
2021-08-05 04:25:29,97.0,89.0,7.0,1.0
2021-08-05 04:25:30,76.0,70.0,3.0,3.0
2021-08-05 04:25:31,88.0,76.0,9.0,3.0
2021-08-05 04:25:32,103.0,95.0,5.0,3.0
2021-08-05 04:25:33,110.0,97.0,6.0,7.0
2021-08-05 04:25:34,90.0,80.0,5.0,5.0
2021-08-05 04:25:35,92.0,74.0,12.0,6.0
2021-08-05 04:25:36,92.0,81.0,6.0,5.0
2021-08-05 04:25:37,106.0,92.0,10.0,4.0
2021-08-05 04:25:38,102.0,94.0,3.0,5.0
2021-08-05 04:25:39,73.0,65.0,6.0,2.0
2021-08-05 04:25:40,90.0,79.0,7.0,4.0
2021-08-05 04:25:41,98.0,90.0,4.0,4.0
2021-08-05 04:25:42,94.0,83.0,8.0,3.0
2021-08-05 04:25:43,98.0,86.0,8.0,4.0
2021-08-05 04:25:44,107.0,88.0,13.0,6.0
2021-08-05 04:25:45,108.0,95.0,10.0,3.0
2021-08-05 04:25:46,85.0,74.0,8.0,3.0
2021-08-05 04:25:47,102.0,88.0,11.0,3.0
2021-08-05 04:25:48,109.0,92.0,9.0,8.0
2021-08-05 04:25:49,110.0,97.0,5.0,8.0
2021-08-05 04:25:50,96.0,85.0,7.0,4.0
2021-08-05 04:25:51,87.0,76.0,7.0,4.0
2021-08-05 04:25:52,70.0,62.0,5.0,3.0
2021-08-05 04:25:53,97.0,78.0,8.0,11.0
2021-08-05 04:25:54,84.0,71.0,7.0,6.0
2021-08-05 04:25:55,89.0,82.0,4.0,3.0
2021-08-05 04:25:56,101.0,94.0,6.0,1.0
2021-08-05 04:25:57,90.0,84.0,3.0,3.0
2021-08-05 04:25:58,103.0,93.0,5.0,5.0
2021-08-05 04:25:59,88.0,77.0,9.0,2.0
2021-08-05 04:26:00,94.0,87.0,5.0,2.0
2021-08-05 04:26:01,102.0,89.0,7.0,6.0
2021-08-05 04:26:02,85.0,70.0,6.0,9.0
2021-08-05 04:26:03,93.0,78.0,11.0,4.0
2021-08-05 04:26:04,89.0,84.0,1.0,4.0
2021-08-05 04:26:05,96.0,89.0,4.0,3.0
2021-08-05 04:26:06,86.0,76.0,6.0,4.0
2021-08-05 04:26:07,100.0,87.0,4.0,9.0
2021-08-05 04:26:08,92.0,78.0,7.0,7.0
2021-08-05 04:26:09,87.0,77.0,6.0,4.0
2021-08-05 04:26:10,94.0,85.0,3.0,6.0
2021-08-05 04:26:11,88.0,78.0,8.0,2.0
2021-08-05 04:26:12,98.0,91.0,4.0,3.0
2021-08-05 04:26:13,99.0,90.0,5.0,4.0
2021-08-05 04:26:14,100.0,88.0,6.0,6.0
2021-08-05 04:26:15,92.0,80.0,6.0,6.0
2021-08-05 04:26:16,93.0,87.0,1.0,5.0
2021-08-05 04:26:17,94.0,87.0,3.0,4.0
2021-08-05 04:26:18,89.0,83.0,3.0,3.0
2021-08-05 04:26:19,96.0,91.0,4.0,1.0
2021-08-05 04:26:20,98.0,93.0,4.0,1.0
2021-08-05 04:26:21,90.0,82.0,5.0,3.0
2021-08-05 04:26:22,107.0,98.0,4.0,5.0
2021-08-05 04:26:23,93.0,81.0,7.0,5.0
2021-08-05 04:26:24,110.0,97.0,7.0,6.0
2021-08-05 04:26:25,102.0,95.0,4.0,3.0
2021-08-05 04:26:26,92.0,88.0,2.0,2.0
2021-08-05 04:26:27,104.0,95.0,3.0,6.0
2021-08-05 04:26:28,78.0,69.0,6.0,3.0
2021-08-05 04:26:29,93.0,79.0,10.0,4.0
2021-08-05 04:26:30,90.0,82.0,5.0,3.0
2021-08-05 04:26:31,99.0,86.0,4.0,9.0
2021-08-05 04:26:32,108.0,97.0,8.0,3.0
2021-08-05 04:26:33,109.0,100.0,7.0,2.0
2021-08-05 04:26:34,80.0,71.0,5.0,4.0
2021-08-05 04:26:35,96.0,85.0,6.0,5.0
2021-08-05 04:26:36,91.0,85.0,5.0,1.0
2021-08-05 04:26:37,103.0,96.0,5.0,2.0
2021-08-05 04:26:38,98.0,85.0,5.0,8.0
2021-08-05 04:26:39,81.0,69.0,9.0,3.0
2021-08-05 04:26:40,93.0,85.0,4.0,4.0
2021-08-05 04:26:41,106.0,95.0,4.0,7.0
2021-08-05 04:26:42,87.0,76.0,5.0,6.0
2021-08-05 04:26:43,74.0,69.0,3.0,2.0
2021-08-05 04:26:44,97.0,83.0,10.0,4.0
2021-08-05 04:26:45,100.0,91.0,4.0,5.0
2021-08-05 04:26:46,103.0,95.0,6.0,2.0
2021-08-05 04:26:47,86.0,76.0,5.0,5.0
2021-08-05 04:26:48,102.0,92.0,6.0,4.0
2021-08-05 04:26:49,107.0,96.0,5.0,6.0
2021-08-05 04:26:50,78.0,60.0,9.0,9.0
2021-08-05 04:26:51,103.0,89.0,9.0,5.0
2021-08-05 04:26:52,98.0,86.0,6.0,6.0
2021-08-05 04:26:53,105.0,91.0,12.0,2.0
2021-08-05 04:26:54,95.0,84.0,9.0,2.0
2021-08-05 04:26:55,96.0,85.0,6.0,5.0
2021-08-05 04:26:56,92.0,82.0,6.0,4.0
2021-08-05 04:26:57,102.0,90.0,8.0,4.0
2021-08-05 04:26:58,88.0,79.0,7.0,2.0
2021-08-05 04:26:59,105.0,95.0,6.0,4.0
2021-08-05 04:27:00,103.0,89.0,9.0,5.0
2021-08-05 04:27:01,88.0,75.0,11.0,2.0
2021-08-05 04:27:02,119.0,100.0,14.0,5.0
2021-08-05 04:27:03,84.0,74.0,8.0,2.0
2021-08-05 04:27:04,100.0,86.0,9.0,5.0
2021-08-05 04:27:05,101.0,93.0,4.0,4.0
2021-08-05 04:27:06,77.0,72.0,2.0,3.0
2021-08-05 04:27:07,91.0,82.0,3.0,6.0
2021-08-05 04:27:08,100.0,89.0,5.0,6.0
2021-08-05 04:27:09,92.0,81.0,7.0,4.0
2021-08-05 04:27:10,105.0,90.0,8.0,7.0
2021-08-05 04:27:11,84.0,74.0,6.0,4.0
2021-08-05 04:27:12,84.0,75.0,7.0,2.0
2021-08-05 04:27:13,96.0,80.0,10.0,6.0
2021-08-05 04:27:14,101.0,90.0,10.0,1.0
2021-08-05 04:27:15,115.0,101.0,10.0,4.0
2021-08-05 04:27:16,95.0,86.0,4.0,5.0
2021-08-05 04:27:17,95.0,81.0,9.0,5.0
2021-08-05 04:27:18,89.0,83.0,3.0,3.0
2021-08-05 04:27:19,99.0,89.0,7.0,3.0
2021-08-05 04:27:20,78.0,64.0,8.0,6.0
2021-08-05 04:27:21,102.0,90.0,9.0,3.0
2021-08-05 04:27:22,90.0,79.0,5.0,6.0
2021-08-05 04:27:23,107.0,93.0,6.0,8.0
2021-08-05 04:27:24,116.0,95.0,13.0,8.0
2021-08-05 04:27:25,105.0,93.0,7.0,5.0
2021-08-05 04:27:26,83.0,74.0,6.0,3.0
2021-08-05 04:27:27,80.0,75.0,4.0,1.0
2021-08-05 04:27:28,106.0,93.0,8.0,5.0
2021-08-05 04:27:29,81.0,72.0,6.0,3.0
2021-08-05 04:27:30,94.0,82.0,4.0,8.0
2021-08-05 04:27:31,99.0,91.0,4.0,4.0
2021-08-05 04:27:32,90.0,81.0,7.0,2.0
2021-08-05 04:27:33,88.0,79.0,6.0,3.0
2021-08-05 04:27:34,92.0,75.0,7.0,10.0
2021-08-05 04:27:35,111.0,102.0,7.0,2.0
2021-08-05 04:27:36,102.0,87.0,9.0,6.0
2021-08-05 04:27:37,96.0,79.0,14.0,3.0
2021-08-05 04:27:38,95.0,87.0,2.0,6.0
2021-08-05 04:27:39,121.0,108.0,8.0,5.0
2021-08-05 04:27:40,88.0,79.0,7.0,2.0
2021-08-05 04:27:41,93.0,85.0,3.0,5.0
2021-08-05 04:27:42,109.0,92.0,9.0,8.0
2021-08-05 04:27:43,82.0,74.0,3.0,5.0
2021-08-05 04:27:44,104.0,93.0,9.0,2.0
2021-08-05 04:27:45,105.0,93.0,7.0,5.0
2021-08-05 04:27:46,91.0,85.0,4.0,2.0
2021-08-05 04:27:47,85.0,77.0,4.0,4.0
2021-08-05 04:27:48,103.0,95.0,6.0,2.0
2021-08-05 04:27:49,79.0,70.0,4.0,5.0
2021-08-05 04:27:50,102.0,89.0,12.0,1.0
2021-08-05 04:27:51,72.0,67.0,1.0,4.0
2021-08-05 04:27:52,87.0,73.0,10.0,4.0
2021-08-05 04:27:53,92.0,82.0,4.0,6.0
2021-08-05 04:27:54,106.0,98.0,3.0,5.0
2021-08-05 04:27:55,109.0,97.0,8.0,4.0
2021-08-05 04:27:56,79.0,74.0,2.0,3.0
2021-08-05 04:27:57,82.0,70.0,7.0,5.0
2021-08-05 04:27:58,82.0,75.0,2.0,5.0
2021-08-05 04:27:59,105.0,90.0,6.0,9.0
2021-08-05 04:28:00,92.0,77.0,10.0,5.0
2021-08-05 04:28:01,93.0,84.0,6.0,3.0
2021-08-05 04:28:02,105.0,98.0,2.0,5.0
2021-08-05 04:28:03,104.0,89.0,9.0,6.0
2021-08-05 04:28:04,81.0,75.0,5.0,1.0
2021-08-05 04:28:05,94.0,82.0,5.0,7.0
2021-08-05 04:28:06,90.0,79.0,6.0,5.0
2021-08-05 04:28:07,96.0,84.0,8.0,4.0
2021-08-05 04:28:08,95.0,84.0,8.0,3.0
2021-08-05 04:28:09,100.0,88.0,8.0,4.0
2021-08-05 04:28:10,117.0,105.0,8.0,4.0
2021-08-05 04:28:11,106.0,96.0,7.0,3.0
2021-08-05 04:28:12,89.0,81.0,4.0,4.0
2021-08-05 04:28:13,89.0,82.0,5.0,2.0
2021-08-05 04:28:14,72.0,67.0,2.0,3.0
2021-08-05 04:28:15,101.0,96.0,5.0,0.0
2021-08-05 04:28:16,100.0,86.0,6.0,8.0
2021-08-05 04:28:17,96.0,84.0,6.0,6.0
2021-08-05 04:28:18,102.0,84.0,11.0,7.0
2021-08-05 04:28:19,81.0,72.0,4.0,5.0
2021-08-05 04:28:20,109.0,100.0,4.0,5.0
2021-08-05 04:28:21,105.0,88.0,8.0,9.0
2021-08-05 04:28:22,101.0,92.0,7.0,2.0
2021-08-05 04:28:23,83.0,77.0,4.0,2.0
2021-08-05 04:28:24,96.0,81.0,5.0,10.0
2021-08-05 04:28:25,112.0,96.0,9.0,7.0
2021-08-05 04:28:26,75.0,68.0,6.0,1.0
2021-08-05 04:28:27,91.0,84.0,6.0,1.0
2021-08-05 04:28:28,93.0,84.0,6.0,3.0
2021-08-05 04:28:29,80.0,71.0,7.0,2.0
2021-08-05 04:28:30,94.0,86.0,7.0,1.0
2021-08-05 04:28:31,115.0,104.0,8.0,3.0
2021-08-05 04:28:32,111.0,90.0,10.0,11.0
2021-08-05 04:28:33,96.0,89.0,3.0,4.0
2021-08-05 04:28:34,93.0,74.0,11.0,8.0
2021-08-05 04:28:35,107.0,96.0,7.0,4.0
2021-08-05 04:28:36,77.0,67.0,4.0,6.0
2021-08-05 04:28:37,94.0,83.0,9.0,2.0
2021-08-05 04:28:38,106.0,98.0,5.0,3.0
2021-08-05 04:28:39,99.0,89.0,9.0,1.0
2021-08-05 04:28:40,94.0,86.0,4.0,4.0
2021-08-05 04:28:41,105.0,92.0,10.0,3.0
2021-08-05 04:28:42,95.0,85.0,4.0,6.0
2021-08-05 04:28:43,77.0,70.0,4.0,3.0
2021-08-05 04:28:44,107.0,99.0,5.0,3.0
2021-08-05 04:28:45,92.0,79.0,7.0,6.0
2021-08-05 04:28:46,87.0,80.0,5.0,2.0
2021-08-05 04:28:47,99.0,91.0,4.0,4.0
2021-08-05 04:28:48,92.0,86.0,4.0,2.0
2021-08-05 04:28:49,113.0,100.0,8.0,5.0
2021-08-05 04:28:50,88.0,78.0,7.0,3.0
2021-08-05 04:28:51,106.0,92.0,8.0,6.0
2021-08-05 04:28:52,84.0,77.0,4.0,3.0
2021-08-05 04:28:53,92.0,79.0,12.0,1.0
2021-08-05 04:28:54,102.0,87.0,9.0,6.0
2021-08-05 04:28:55,95.0,80.0,6.0,9.0
2021-08-05 04:28:56,73.0,65.0,3.0,5.0
2021-08-05 04:28:57,102.0,94.0,6.0,2.0
2021-08-05 04:28:58,91.0,84.0,6.0,1.0
2021-08-05 04:28:59,78.0,66.0,3.0,9.0
2021-08-05 04:29:00,81.0,73.0,1.0,7.0
2021-08-05 04:29:01,89.0,82.0,2.0,5.0
2021-08-05 04:29:02,123.0,107.0,12.0,4.0
2021-08-05 04:29:03,103.0,92.0,6.0,5.0
2021-08-05 04:29:04,103.0,94.0,4.0,5.0
2021-08-05 04:29:05,71.0,70.0,0.0,1.0
2021-08-05 04:29:06,101.0,90.0,8.0,3.0
2021-08-05 04:29:07,95.0,81.0,7.0,7.0
2021-08-05 04:29:08,99.0,86.0,9.0,4.0
2021-08-05 04:29:09,98.0,88.0,9.0,1.0
2021-08-05 04:29:10,84.0,75.0,4.0,5.0
2021-08-05 04:29:11,111.0,101.0,5.0,5.0
2021-08-05 04:29:12,84.0,77.0,4.0,3.0
2021-08-05 04:29:13,96.0,85.0,8.0,3.0
2021-08-05 04:29:14,87.0,75.0,10.0,2.0
2021-08-05 04:29:15,101.0,91.0,8.0,2.0
2021-08-05 04:29:16,95.0,87.0,6.0,2.0
2021-08-05 04:29:17,92.0,83.0,5.0,4.0
2021-08-05 04:29:18,89.0,83.0,5.0,1.0
2021-08-05 04:29:19,95.0,89.0,4.0,2.0
2021-08-05 04:29:20,94.0,80.0,9.0,5.0
2021-08-05 04:29:21,114.0,108.0,2.0,4.0
2021-08-05 04:29:22,99.0,90.0,8.0,1.0
2021-08-05 04:29:23,97.0,90.0,5.0,2.0
2021-08-05 04:29:24,86.0,77.0,4.0,5.0
2021-08-05 04:29:25,88.0,77.0,6.0,5.0
2021-08-05 04:29:26,93.0,78.0,9.0,6.0
2021-08-05 04:29:27,93.0,80.0,6.0,7.0
2021-08-05 04:29:28,110.0,93.0,10.0,7.0
2021-08-05 04:29:29,93.0,82.0,9.0,2.0
2021-08-05 04:29:30,94.0,89.0,1.0,4.0
2021-08-05 04:29:31,105.0,97.0,1.0,7.0
2021-08-05 04:29:32,82.0,69.0,6.0,7.0
2021-08-05 04:29:33,104.0,95.0,4.0,5.0
2021-08-05 04:29:34,94.0,82.0,5.0,7.0
2021-08-05 04:29:35,89.0,74.0,12.0,3.0
2021-08-05 04:29:36,95.0,83.0,8.0,4.0
2021-08-05 04:29:37,85.0,73.0,6.0,6.0
2021-08-05 04:29:38,98.0,87.0,10.0,1.0
2021-08-05 04:29:39,88.0,78.0,5.0,5.0
2021-08-05 04:29:40,100.0,85.0,9.0,6.0
2021-08-05 04:29:41,72.0,62.0,8.0,2.0
2021-08-05 04:29:42,98.0,85.0,8.0,5.0
2021-08-05 04:29:43,110.0,103.0,6.0,1.0
2021-08-05 04:29:44,91.0,85.0,0.0,6.0
2021-08-05 04:29:45,96.0,90.0,3.0,3.0
2021-08-05 04:29:46,87.0,77.0,4.0,6.0
2021-08-05 04:29:47,85.0,78.0,6.0,1.0
2021-08-05 04:29:48,119.0,103.0,10.0,6.0
2021-08-05 04:29:49,87.0,74.0,7.0,6.0
2021-08-05 04:29:50,91.0,76.0,5.0,10.0
2021-08-05 04:29:51,109.0,91.0,8.0,10.0
2021-08-05 04:29:52,94.0,81.0,8.0,5.0
2021-08-05 04:29:53,96.0,86.0,3.0,7.0
2021-08-05 04:29:54,102.0,92.0,4.0,6.0
2021-08-05 04:29:55,95.0,79.0,8.0,8.0
2021-08-05 04:29:56,105.0,94.0,11.0,0.0
2021-08-05 04:29:57,89.0,76.0,8.0,5.0
2021-08-05 04:29:58,104.0,98.0,4.0,2.0
2021-08-05 04:29:59,99.0,85.0,6.0,8.0
2021-08-05 04:30:00,82.0,68.0,12.0,2.0
2021-08-05 04:30:01,113.0,96.0,10.0,7.0
2021-08-05 04:30:02,93.0,80.0,8.0,5.0
2021-08-05 04:30:03,97.0,81.0,10.0,6.0
2021-08-05 04:30:04,111.0,103.0,5.0,3.0
2021-08-05 04:30:05,87.0,78.0,5.0,4.0
2021-08-05 04:30:06,107.0,93.0,10.0,4.0
2021-08-05 04:30:07,94.0,84.0,6.0,4.0
2021-08-05 04:30:08,111.0,106.0,2.0,3.0
2021-08-05 04:30:09,99.0,94.0,4.0,1.0
2021-08-05 04:30:10,99.0,90.0,5.0,4.0
2021-08-05 04:30:11,107.0,94.0,9.0,4.0
2021-08-05 04:30:12,99.0,83.0,11.0,5.0
2021-08-05 04:30:13,92.0,83.0,6.0,3.0
2021-08-05 04:30:14,115.0,99.0,12.0,4.0
2021-08-05 04:30:15,104.0,90.0,10.0,4.0
2021-08-05 04:30:16,82.0,71.0,6.0,5.0
2021-08-05 04:30:17,84.0,72.0,7.0,5.0
2021-08-05 04:30:18,91.0,81.0,6.0,4.0
2021-08-05 04:30:19,80.0,72.0,4.0,4.0
2021-08-05 04:30:20,110.0,106.0,2.0,2.0
2021-08-05 04:30:21,94.0,87.0,5.0,2.0
2021-08-05 04:30:22,91.0,82.0,7.0,2.0
2021-08-05 04:30:23,91.0,84.0,6.0,1.0
2021-08-05 04:30:24,107.0,91.0,8.0,8.0
2021-08-05 04:30:25,106.0,95.0,5.0,6.0
2021-08-05 04:30:26,101.0,87.0,9.0,5.0
2021-08-05 04:30:27,104.0,93.0,4.0,7.0
2021-08-05 04:30:28,94.0,80.0,9.0,5.0
2021-08-05 04:30:29,99.0,87.0,7.0,5.0
2021-08-05 04:30:30,91.0,83.0,4.0,4.0
2021-08-05 04:30:31,90.0,79.0,7.0,4.0
2021-08-05 04:30:32,88.0,82.0,3.0,3.0
2021-08-05 04:30:33,90.0,80.0,2.0,8.0
2021-08-05 04:30:34,86.0,75.0,8.0,3.0
2021-08-05 04:30:35,107.0,93.0,8.0,6.0
2021-08-05 04:30:36,87.0,76.0,5.0,6.0
2021-08-05 04:30:37,93.0,86.0,5.0,2.0
2021-08-05 04:30:38,81.0,75.0,3.0,3.0
2021-08-05 04:30:39,85.0,73.0,8.0,4.0
2021-08-05 04:30:40,96.0,88.0,8.0,0.0
2021-08-05 04:30:41,93.0,87.0,2.0,4.0
2021-08-05 04:30:42,92.0,84.0,4.0,4.0
2021-08-05 04:30:43,83.0,72.0,8.0,3.0
2021-08-05 04:30:44,95.0,84.0,6.0,5.0
2021-08-05 04:30:45,93.0,79.0,10.0,4.0
2021-08-05 04:30:46,115.0,107.0,6.0,2.0
2021-08-05 04:30:47,104.0,94.0,5.0,5.0
2021-08-05 04:30:48,84.0,75.0,5.0,4.0
2021-08-05 04:30:49,71.0,65.0,2.0,4.0
2021-08-05 04:30:50,97.0,86.0,5.0,6.0
2021-08-05 04:30:51,103.0,95.0,5.0,3.0
2021-08-05 04:30:52,107.0,92.0,7.0,8.0
2021-08-05 04:30:53,96.0,84.0,7.0,5.0
2021-08-05 04:30:54,98.0,87.0,6.0,5.0
2021-08-05 04:30:55,99.0,92.0,4.0,3.0
2021-08-05 04:30:56,89.0,76.0,9.0,4.0
2021-08-05 04:30:57,81.0,77.0,1.0,3.0
2021-08-05 04:30:58,93.0,83.0,8.0,2.0
2021-08-05 04:30:59,84.0,77.0,4.0,3.0
2021-08-05 04:31:00,93.0,81.0,7.0,5.0
2021-08-05 04:31:01,86.0,77.0,5.0,4.0
2021-08-05 04:31:02,98.0,89.0,5.0,4.0
2021-08-05 04:31:03,85.0,80.0,3.0,2.0
2021-08-05 04:31:04,69.0,65.0,3.0,1.0
2021-08-05 04:31:05,72.0,67.0,5.0,0.0
2021-08-05 04:31:06,102.0,91.0,4.0,7.0
2021-08-05 04:31:07,100.0,90.0,5.0,5.0
2021-08-05 04:31:08,103.0,92.0,6.0,5.0
2021-08-05 04:31:09,111.0,100.0,5.0,6.0
2021-08-05 04:31:10,93.0,80.0,8.0,5.0
2021-08-05 04:31:11,108.0,97.0,9.0,2.0
2021-08-05 04:31:12,93.0,81.0,6.0,6.0
2021-08-05 04:31:13,97.0,79.0,9.0,9.0
2021-08-05 04:31:14,111.0,95.0,12.0,4.0
2021-08-05 04:31:15,88.0,78.0,6.0,4.0
2021-08-05 04:31:16,82.0,70.0,7.0,5.0
2021-08-05 04:31:17,95.0,88.0,5.0,2.0
2021-08-05 04:31:18,106.0,89.0,12.0,5.0
2021-08-05 04:31:19,89.0,79.0,7.0,3.0
2021-08-05 04:31:20,106.0,92.0,8.0,6.0
2021-08-05 04:31:21,106.0,91.0,8.0,7.0
2021-08-05 04:31:22,102.0,94.0,5.0,3.0
2021-08-05 04:31:23,96.0,87.0,6.0,3.0
2021-08-05 04:31:24,104.0,95.0,4.0,5.0
2021-08-05 04:31:25,90.0,78.0,8.0,4.0
2021-08-05 04:31:26,90.0,81.0,4.0,5.0
2021-08-05 04:31:27,90.0,76.0,8.0,6.0
2021-08-05 04:31:28,87.0,80.0,4.0,3.0
2021-08-05 04:31:29,118.0,110.0,5.0,3.0
2021-08-05 04:31:30,100.0,81.0,11.0,8.0
2021-08-05 04:31:31,76.0,69.0,3.0,4.0
2021-08-05 04:31:32,89.0,79.0,6.0,4.0
2021-08-05 04:31:33,92.0,83.0,8.0,1.0
2021-08-05 04:31:34,100.0,90.0,6.0,4.0
2021-08-05 04:31:35,93.0,81.0,6.0,6.0
2021-08-05 04:31:36,107.0,98.0,4.0,5.0
2021-08-05 04:31:37,91.0,81.0,5.0,5.0
2021-08-05 04:31:38,84.0,76.0,7.0,1.0
2021-08-05 04:31:39,95.0,85.0,7.0,3.0
2021-08-05 04:31:40,98.0,83.0,10.0,5.0
2021-08-05 04:31:41,74.0,67.0,6.0,1.0
2021-08-05 04:31:42,81.0,69.0,7.0,5.0
2021-08-05 04:31:43,89.0,82.0,3.0,4.0
2021-08-05 04:31:44,114.0,100.0,10.0,4.0
2021-08-05 04:31:45,95.0,83.0,7.0,5.0
2021-08-05 04:31:46,115.0,96.0,15.0,4.0
2021-08-05 04:31:47,113.0,106.0,4.0,3.0
2021-08-05 04:31:48,99.0,83.0,8.0,8.0
2021-08-05 04:31:49,87.0,81.0,3.0,3.0
2021-08-05 04:31:50,82.0,74.0,5.0,3.0
2021-08-05 04:31:51,80.0,65.0,8.0,7.0
2021-08-05 04:31:52,95.0,84.0,10.0,1.0
2021-08-05 04:31:53,81.0,72.0,5.0,4.0
2021-08-05 04:31:54,83.0,77.0,4.0,2.0
2021-08-05 04:31:55,89.0,77.0,5.0,7.0
2021-08-05 04:31:56,84.0,68.0,10.0,6.0
2021-08-05 04:31:57,81.0,67.0,11.0,3.0
2021-08-05 04:31:58,96.0,80.0,12.0,4.0
2021-08-05 04:31:59,88.0,78.0,9.0,1.0
2021-08-05 04:32:00,92.0,84.0,4.0,4.0
2021-08-05 04:32:01,94.0,84.0,4.0,6.0
2021-08-05 04:32:02,84.0,71.0,7.0,6.0
2021-08-05 04:32:03,91.0,80.0,8.0,3.0
2021-08-05 04:32:04,110.0,102.0,5.0,3.0
2021-08-05 04:32:05,87.0,74.0,8.0,5.0
2021-08-05 04:32:06,84.0,75.0,4.0,5.0
2021-08-05 04:32:07,94.0,84.0,6.0,4.0
2021-08-05 04:32:08,94.0,88.0,5.0,1.0
2021-08-05 04:32:09,80.0,67.0,7.0,6.0
2021-08-05 04:32:10,86.0,71.0,8.0,7.0
2021-08-05 04:32:11,92.0,82.0,9.0,1.0
2021-08-05 04:32:12,95.0,84.0,7.0,4.0
2021-08-05 04:32:13,83.0,72.0,3.0,8.0
2021-08-05 04:32:14,78.0,69.0,6.0,3.0
2021-08-05 04:32:15,88.0,79.0,6.0,3.0
2021-08-05 04:32:16,108.0,96.0,8.0,4.0
2021-08-05 04:32:17,87.0,72.0,10.0,5.0
2021-08-05 04:32:18,98.0,92.0,3.0,3.0
2021-08-05 04:32:19,118.0,105.0,7.0,6.0
2021-08-05 04:32:20,85.0,74.0,8.0,3.0
2021-08-05 04:32:21,93.0,86.0,4.0,3.0
2021-08-05 04:32:22,95.0,82.0,10.0,3.0
2021-08-05 04:32:23,79.0,66.0,7.0,6.0
2021-08-05 04:32:24,76.0,69.0,5.0,2.0
2021-08-05 04:32:25,81.0,73.0,4.0,4.0
2021-08-05 04:32:26,86.0,78.0,5.0,3.0
2021-08-05 04:32:27,91.0,84.0,6.0,1.0
2021-08-05 04:32:28,85.0,72.0,9.0,4.0
2021-08-05 04:32:29,105.0,85.0,13.0,7.0
2021-08-05 04:32:30,69.0,67.0,1.0,1.0
2021-08-05 04:32:31,95.0,85.0,8.0,2.0
2021-08-05 04:32:32,81.0,71.0,5.0,5.0
2021-08-05 04:32:33,88.0,81.0,4.0,3.0
2021-08-05 04:32:34,111.0,97.0,10.0,4.0
2021-08-05 04:32:35,77.0,67.0,7.0,3.0
2021-08-05 04:32:36,89.0,79.0,6.0,4.0
2021-08-05 04:32:37,97.0,85.0,6.0,6.0
2021-08-05 04:32:38,95.0,84.0,7.0,4.0
2021-08-05 04:32:39,106.0,96.0,6.0,4.0
2021-08-05 04:32:40,110.0,93.0,8.0,9.0
2021-08-05 04:32:41,115.0,100.0,10.0,5.0
2021-08-05 04:32:42,95.0,83.0,6.0,6.0
2021-08-05 04:32:43,98.0,84.0,4.0,10.0
2021-08-05 04:32:44,95.0,88.0,7.0,0.0
2021-08-05 04:32:45,90.0,81.0,6.0,3.0
2021-08-05 04:32:46,85.0,75.0,6.0,4.0
2021-08-05 04:32:47,82.0,75.0,3.0,4.0
2021-08-05 04:32:48,87.0,83.0,3.0,1.0
2021-08-05 04:32:49,101.0,90.0,8.0,3.0
2021-08-05 04:32:50,105.0,93.0,5.0,7.0
2021-08-05 04:32:51,81.0,70.0,7.0,4.0
2021-08-05 04:32:52,102.0,91.0,5.0,6.0
2021-08-05 04:32:53,100.0,90.0,4.0,6.0
2021-08-05 04:32:54,104.0,98.0,4.0,2.0
2021-08-05 04:32:55,89.0,80.0,5.0,4.0
2021-08-05 04:32:56,102.0,90.0,10.0,2.0
2021-08-05 04:32:57,103.0,89.0,4.0,10.0
2021-08-05 04:32:58,96.0,82.0,5.0,9.0
2021-08-05 04:32:59,98.0,87.0,7.0,4.0
2021-08-05 04:33:00,95.0,86.0,6.0,3.0
2021-08-05 04:33:01,98.0,88.0,6.0,4.0
2021-08-05 04:33:02,114.0,106.0,6.0,2.0
2021-08-05 04:33:03,100.0,94.0,4.0,2.0
2021-08-05 04:33:04,101.0,88.0,6.0,7.0
2021-08-05 04:33:05,108.0,96.0,7.0,5.0
2021-08-05 04:33:06,99.0,89.0,6.0,4.0
2021-08-05 04:33:07,94.0,81.0,6.0,7.0
2021-08-05 04:33:08,100.0,93.0,5.0,2.0
2021-08-05 04:33:09,83.0,71.0,6.0,6.0
2021-08-05 04:33:10,92.0,75.0,11.0,6.0
2021-08-05 04:33:11,110.0,100.0,8.0,2.0
2021-08-05 04:33:12,107.0,96.0,9.0,2.0
2021-08-05 04:33:13,92.0,81.0,5.0,6.0
2021-08-05 04:33:14,105.0,86.0,11.0,8.0
2021-08-05 04:33:15,94.0,84.0,3.0,7.0
2021-08-05 04:33:16,103.0,94.0,4.0,5.0
2021-08-05 04:33:17,84.0,70.0,9.0,5.0
2021-08-05 04:33:18,83.0,74.0,5.0,4.0
2021-08-05 04:33:19,94.0,85.0,8.0,1.0
2021-08-05 04:33:20,94.0,80.0,9.0,5.0
2021-08-05 04:33:21,103.0,90.0,8.0,5.0
2021-08-05 04:33:22,86.0,78.0,5.0,3.0
2021-08-05 04:33:23,98.0,84.0,4.0,10.0
2021-08-05 04:33:24,101.0,87.0,8.0,6.0
2021-08-05 04:33:25,91.0,77.0,11.0,3.0
2021-08-05 04:33:26,93.0,80.0,11.0,2.0
2021-08-05 04:33:27,86.0,71.0,7.0,8.0
2021-08-05 04:33:28,83.0,75.0,5.0,3.0
2021-08-05 04:33:29,107.0,100.0,3.0,4.0
2021-08-05 04:33:30,91.0,80.0,4.0,7.0
2021-08-05 04:33:31,102.0,96.0,6.0,0.0
2021-08-05 04:33:32,85.0,77.0,6.0,2.0
2021-08-05 04:33:33,93.0,82.0,10.0,1.0
2021-08-05 04:33:34,77.0,69.0,5.0,3.0
2021-08-05 04:33:35,90.0,73.0,9.0,8.0
2021-08-05 04:33:36,101.0,94.0,6.0,1.0
2021-08-05 04:33:37,91.0,77.0,9.0,5.0
2021-08-05 04:33:38,109.0,102.0,5.0,2.0
2021-08-05 04:33:39,101.0,87.0,8.0,6.0
2021-08-05 04:33:40,83.0,73.0,7.0,3.0
2021-08-05 04:33:41,99.0,89.0,8.0,2.0
2021-08-05 04:33:42,85.0,78.0,4.0,3.0
2021-08-05 04:33:43,96.0,85.0,3.0,8.0
2021-08-05 04:33:44,78.0,66.0,10.0,2.0
2021-08-05 04:33:45,88.0,79.0,4.0,5.0
2021-08-05 04:33:46,93.0,84.0,7.0,2.0
2021-08-05 04:33:47,86.0,74.0,8.0,4.0
2021-08-05 04:33:48,95.0,89.0,5.0,1.0
2021-08-05 04:33:49,94.0,82.0,4.0,8.0
2021-08-05 04:33:50,86.0,76.0,3.0,7.0
2021-08-05 04:33:51,89.0,79.0,5.0,5.0
2021-08-05 04:33:52,96.0,82.0,7.0,7.0
2021-08-05 04:33:53,99.0,84.0,10.0,5.0
2021-08-05 04:33:54,72.0,65.0,5.0,2.0
2021-08-05 04:33:55,97.0,87.0,6.0,4.0
2021-08-05 04:33:56,98.0,91.0,6.0,1.0
2021-08-05 04:33:57,111.0,100.0,4.0,7.0
2021-08-05 04:33:58,103.0,94.0,8.0,1.0
2021-08-05 04:33:59,100.0,87.0,7.0,6.0
2021-08-05 04:34:00,79.0,69.0,5.0,5.0
2021-08-05 04:34:01,92.0,74.0,14.0,4.0
2021-08-05 04:34:02,104.0,95.0,5.0,4.0
2021-08-05 04:34:03,99.0,94.0,3.0,2.0
2021-08-05 04:34:04,91.0,83.0,5.0,3.0
2021-08-05 04:34:05,102.0,92.0,5.0,5.0
2021-08-05 04:34:06,93.0,85.0,3.0,5.0
2021-08-05 04:34:07,98.0,87.0,8.0,3.0
2021-08-05 04:34:08,96.0,83.0,10.0,3.0
2021-08-05 04:34:09,91.0,82.0,7.0,2.0
2021-08-05 04:34:10,107.0,91.0,10.0,6.0
2021-08-05 04:34:11,90.0,80.0,5.0,5.0
2021-08-05 04:34:12,95.0,87.0,5.0,3.0
2021-08-05 04:34:13,99.0,87.0,9.0,3.0
2021-08-05 04:34:14,101.0,91.0,6.0,4.0
2021-08-05 04:34:15,100.0,89.0,6.0,5.0
2021-08-05 04:34:16,82.0,78.0,1.0,3.0
2021-08-05 04:34:17,86.0,76.0,6.0,4.0
2021-08-05 04:34:18,85.0,78.0,5.0,2.0
2021-08-05 04:34:19,81.0,71.0,5.0,5.0
2021-08-05 04:34:20,86.0,79.0,3.0,4.0
2021-08-05 04:34:21,113.0,100.0,11.0,2.0
2021-08-05 04:34:22,103.0,98.0,1.0,4.0
2021-08-05 04:34:23,76.0,63.0,8.0,5.0
2021-08-05 04:34:24,94.0,80.0,9.0,5.0
2021-08-05 04:34:25,105.0,89.0,8.0,8.0
2021-08-05 04:34:26,109.0,101.0,6.0,2.0
2021-08-05 04:34:27,96.0,84.0,7.0,5.0
2021-08-05 04:34:28,96.0,89.0,6.0,1.0
2021-08-05 04:34:29,92.0,82.0,4.0,6.0
2021-08-05 04:34:30,105.0,91.0,9.0,5.0
2021-08-05 04:34:31,103.0,90.0,9.0,4.0
2021-08-05 04:34:32,93.0,82.0,6.0,5.0
2021-08-05 04:34:33,103.0,92.0,8.0,3.0
2021-08-05 04:34:34,101.0,87.0,10.0,4.0
2021-08-05 04:34:35,91.0,78.0,7.0,6.0
2021-08-05 04:34:36,84.0,79.0,4.0,1.0
2021-08-05 04:34:37,79.0,67.0,8.0,4.0
2021-08-05 04:34:38,86.0,76.0,3.0,7.0
2021-08-05 04:34:39,93.0,84.0,6.0,3.0
2021-08-05 04:34:40,73.0,63.0,5.0,5.0
2021-08-05 04:34:41,92.0,87.0,1.0,4.0
2021-08-05 04:34:42,103.0,91.0,6.0,6.0
2021-08-05 04:34:43,90.0,82.0,5.0,3.0
2021-08-05 04:34:44,88.0,78.0,6.0,4.0
2021-08-05 04:34:45,107.0,98.0,6.0,3.0
2021-08-05 04:34:46,89.0,78.0,6.0,5.0
2021-08-05 04:34:47,118.0,108.0,9.0,1.0
2021-08-05 04:34:48,90.0,80.0,3.0,7.0
2021-08-05 04:34:49,97.0,86.0,6.0,5.0
2021-08-05 04:34:50,96.0,88.0,7.0,1.0
2021-08-05 04:34:51,94.0,90.0,4.0,0.0
2021-08-05 04:34:52,105.0,96.0,5.0,4.0
2021-08-05 04:34:53,83.0,71.0,8.0,4.0
2021-08-05 04:34:54,94.0,81.0,6.0,7.0
2021-08-05 04:34:55,92.0,87.0,3.0,2.0
2021-08-05 04:34:56,93.0,82.0,8.0,3.0
2021-08-05 04:34:57,103.0,87.0,12.0,4.0
2021-08-05 04:34:58,81.0,76.0,3.0,2.0
2021-08-05 04:34:59,96.0,86.0,5.0,5.0
2021-08-05 04:35:00,81.0,71.0,6.0,4.0
2021-08-05 04:35:01,83.0,71.0,7.0,5.0
2021-08-05 04:35:02,102.0,89.0,6.0,7.0
2021-08-05 04:35:03,82.0,75.0,4.0,3.0
2021-08-05 04:35:04,105.0,96.0,7.0,2.0
2021-08-05 04:35:05,88.0,75.0,7.0,6.0
2021-08-05 04:35:06,97.0,86.0,6.0,5.0
2021-08-05 04:35:07,79.0,67.0,5.0,7.0
2021-08-05 04:35:08,92.0,82.0,6.0,4.0
2021-08-05 04:35:09,87.0,74.0,8.0,5.0
2021-08-05 04:35:10,92.0,84.0,7.0,1.0
2021-08-05 04:35:11,92.0,81.0,6.0,5.0
2021-08-05 04:35:12,84.0,74.0,3.0,7.0
2021-08-05 04:35:13,98.0,88.0,5.0,5.0
2021-08-05 04:35:14,83.0,73.0,4.0,6.0
2021-08-05 04:35:15,92.0,83.0,6.0,3.0
2021-08-05 04:35:16,105.0,91.0,6.0,8.0
2021-08-05 04:35:17,99.0,89.0,8.0,2.0
2021-08-05 04:35:18,96.0,84.0,8.0,4.0
2021-08-05 04:35:19,104.0,88.0,12.0,4.0
2021-08-05 04:35:20,79.0,69.0,8.0,2.0
2021-08-05 04:35:21,96.0,82.0,8.0,6.0
2021-08-05 04:35:22,71.0,64.0,4.0,3.0
2021-08-05 04:35:23,106.0,95.0,8.0,3.0
2021-08-05 04:35:24,90.0,77.0,6.0,7.0
2021-08-05 04:35:25,91.0,80.0,6.0,5.0
2021-08-05 04:35:26,85.0,77.0,3.0,5.0
2021-08-05 04:35:27,89.0,82.0,4.0,3.0
2021-08-05 04:35:28,94.0,80.0,9.0,5.0
2021-08-05 04:35:29,92.0,89.0,2.0,1.0
2021-08-05 04:35:30,80.0,76.0,3.0,1.0
2021-08-05 04:35:31,106.0,94.0,6.0,6.0
2021-08-05 04:35:32,86.0,78.0,7.0,1.0
2021-08-05 04:35:33,103.0,93.0,8.0,2.0
2021-08-05 04:35:34,93.0,80.0,8.0,5.0
2021-08-05 04:35:35,98.0,82.0,12.0,4.0
2021-08-05 04:35:36,96.0,79.0,10.0,7.0
2021-08-05 04:35:37,79.0,72.0,4.0,3.0
2021-08-05 04:35:38,95.0,82.0,8.0,5.0
2021-08-05 04:35:39,98.0,82.0,9.0,7.0
2021-08-05 04:35:40,105.0,94.0,6.0,5.0
2021-08-05 04:35:41,87.0,75.0,4.0,8.0
2021-08-05 04:35:42,91.0,75.0,11.0,5.0
2021-08-05 04:35:43,89.0,80.0,3.0,6.0
2021-08-05 04:35:44,96.0,84.0,9.0,3.0
2021-08-05 04:35:45,98.0,76.0,16.0,6.0
2021-08-05 04:35:46,88.0,75.0,6.0,7.0
2021-08-05 04:35:47,103.0,91.0,6.0,6.0
2021-08-05 04:35:48,93.0,82.0,7.0,4.0
2021-08-05 04:35:49,97.0,88.0,7.0,2.0
2021-08-05 04:35:50,101.0,87.0,9.0,5.0
2021-08-05 04:35:51,101.0,97.0,2.0,2.0
2021-08-05 04:35:52,87.0,84.0,3.0,0.0
2021-08-05 04:35:53,88.0,80.0,4.0,4.0
2021-08-05 04:35:54,99.0,87.0,5.0,7.0
2021-08-05 04:35:55,91.0,87.0,2.0,2.0
2021-08-05 04:35:56,88.0,80.0,6.0,2.0
2021-08-05 04:35:57,90.0,81.0,5.0,4.0
2021-08-05 04:35:58,96.0,86.0,6.0,4.0
2021-08-05 04:35:59,106.0,91.0,13.0,2.0
2021-08-05 04:36:00,86.0,79.0,5.0,2.0
2021-08-05 04:36:01,110.0,94.0,11.0,5.0
2021-08-05 04:36:02,82.0,71.0,5.0,6.0
2021-08-05 04:36:03,96.0,82.0,8.0,6.0
2021-08-05 04:36:04,89.0,82.0,5.0,2.0
2021-08-05 04:36:05,91.0,84.0,3.0,4.0
2021-08-05 04:36:06,101.0,93.0,3.0,5.0
2021-08-05 04:36:07,91.0,80.0,7.0,4.0
2021-08-05 04:36:08,100.0,87.0,10.0,3.0
2021-08-05 04:36:09,104.0,92.0,4.0,8.0
2021-08-05 04:36:10,106.0,97.0,4.0,5.0
2021-08-05 04:36:11,90.0,78.0,4.0,8.0
2021-08-05 04:36:12,86.0,77.0,7.0,2.0
2021-08-05 04:36:13,95.0,86.0,7.0,2.0
2021-08-05 04:36:14,91.0,74.0,7.0,10.0
2021-08-05 04:36:15,104.0,87.0,12.0,5.0
2021-08-05 04:36:16,82.0,73.0,6.0,3.0
2021-08-05 04:36:17,95.0,87.0,4.0,4.0
2021-08-05 04:36:18,91.0,82.0,5.0,4.0
2021-08-05 04:36:19,94.0,83.0,6.0,5.0
2021-08-05 04:36:20,88.0,79.0,4.0,5.0
2021-08-05 04:36:21,99.0,91.0,7.0,1.0
2021-08-05 04:36:22,88.0,79.0,6.0,3.0
2021-08-05 04:36:23,94.0,80.0,8.0,6.0
2021-08-05 04:36:24,75.0,63.0,7.0,5.0
2021-08-05 04:36:25,92.0,85.0,3.0,4.0
2021-08-05 04:36:26,92.0,83.0,6.0,3.0
2021-08-05 04:36:27,83.0,74.0,7.0,2.0
2021-08-05 04:36:28,85.0,74.0,7.0,4.0
2021-08-05 04:36:29,83.0,70.0,6.0,7.0
2021-08-05 04:36:30,91.0,81.0,5.0,5.0
2021-08-05 04:36:31,109.0,99.0,8.0,2.0
2021-08-05 04:36:32,117.0,101.0,10.0,6.0
2021-08-05 04:36:33,91.0,87.0,3.0,1.0
2021-08-05 04:36:34,103.0,91.0,6.0,6.0
2021-08-05 04:36:35,83.0,71.0,8.0,4.0
2021-08-05 04:36:36,118.0,110.0,6.0,2.0
2021-08-05 04:36:37,87.0,80.0,4.0,3.0
2021-08-05 04:36:38,96.0,89.0,3.0,4.0
2021-08-05 04:36:39,88.0,80.0,4.0,4.0
2021-08-05 04:36:40,97.0,86.0,7.0,4.0
2021-08-05 04:36:41,97.0,87.0,9.0,1.0
2021-08-05 04:36:42,94.0,86.0,4.0,4.0
2021-08-05 04:36:43,62.0,56.0,1.0,5.0
2021-08-05 04:36:44,106.0,90.0,7.0,9.0
2021-08-05 04:36:45,89.0,82.0,4.0,3.0
2021-08-05 04:36:46,93.0,78.0,9.0,6.0
2021-08-05 04:36:47,84.0,76.0,6.0,2.0
2021-08-05 04:36:48,94.0,85.0,5.0,4.0
2021-08-05 04:36:49,101.0,95.0,5.0,1.0
2021-08-05 04:36:50,89.0,73.0,9.0,7.0
2021-08-05 04:36:51,83.0,77.0,3.0,3.0
2021-08-05 04:36:52,100.0,86.0,12.0,2.0
2021-08-05 04:36:53,79.0,71.0,7.0,1.0
2021-08-05 04:36:54,73.0,62.0,8.0,3.0
2021-08-05 04:36:55,83.0,74.0,3.0,6.0
2021-08-05 04:36:56,111.0,101.0,6.0,4.0
2021-08-05 04:36:57,100.0,85.0,9.0,6.0
2021-08-05 04:36:58,84.0,69.0,5.0,10.0
2021-08-05 04:36:59,94.0,82.0,9.0,3.0
2021-08-05 04:37:00,118.0,106.0,6.0,6.0
2021-08-05 04:37:01,92.0,84.0,3.0,5.0
2021-08-05 04:37:02,99.0,89.0,4.0,6.0
2021-08-05 04:37:03,92.0,80.0,10.0,2.0
2021-08-05 04:37:04,69.0,55.0,11.0,3.0
2021-08-05 04:37:05,100.0,84.0,8.0,8.0
2021-08-05 04:37:06,98.0,88.0,8.0,2.0
2021-08-05 04:37:07,86.0,79.0,1.0,6.0
2021-08-05 04:37:08,96.0,83.0,10.0,3.0
2021-08-05 04:37:09,87.0,83.0,1.0,3.0
2021-08-05 04:37:10,83.0,75.0,6.0,2.0
2021-08-05 04:37:11,100.0,77.0,11.0,12.0
2021-08-05 04:37:12,76.0,64.0,7.0,5.0
2021-08-05 04:37:13,88.0,80.0,5.0,3.0
2021-08-05 04:37:14,105.0,96.0,6.0,3.0
2021-08-05 04:37:15,79.0,71.0,4.0,4.0
2021-08-05 04:37:16,85.0,70.0,11.0,4.0
2021-08-05 04:37:17,87.0,72.0,9.0,6.0
2021-08-05 04:37:18,112.0,99.0,4.0,9.0
2021-08-05 04:37:19,79.0,64.0,11.0,4.0
2021-08-05 04:37:20,98.0,85.0,7.0,6.0
2021-08-05 04:37:21,91.0,80.0,7.0,4.0
2021-08-05 04:37:22,85.0,74.0,6.0,5.0
2021-08-05 04:37:23,87.0,78.0,7.0,2.0
2021-08-05 04:37:24,102.0,88.0,8.0,6.0
2021-08-05 04:37:25,110.0,92.0,9.0,9.0
2021-08-05 04:37:26,104.0,95.0,5.0,4.0
2021-08-05 04:37:27,105.0,95.0,6.0,4.0
2021-08-05 04:37:28,87.0,78.0,7.0,2.0
2021-08-05 04:37:29,88.0,76.0,6.0,6.0
2021-08-05 04:37:30,94.0,86.0,6.0,2.0
2021-08-05 04:37:31,89.0,79.0,8.0,2.0
2021-08-05 04:37:32,111.0,93.0,12.0,6.0
2021-08-05 04:37:33,116.0,102.0,8.0,6.0
2021-08-05 04:37:34,92.0,83.0,5.0,4.0
2021-08-05 04:37:35,98.0,88.0,5.0,5.0
2021-08-05 04:37:36,102.0,87.0,14.0,1.0
2021-08-05 04:37:37,96.0,89.0,2.0,5.0
2021-08-05 04:37:38,78.0,69.0,5.0,4.0
2021-08-05 04:37:39,91.0,82.0,4.0,5.0
2021-08-05 04:37:40,87.0,76.0,6.0,5.0
2021-08-05 04:37:41,104.0,91.0,10.0,3.0
2021-08-05 04:37:42,90.0,76.0,8.0,6.0
2021-08-05 04:37:43,91.0,83.0,7.0,1.0
2021-08-05 04:37:44,102.0,87.0,9.0,6.0
2021-08-05 04:37:45,83.0,76.0,6.0,1.0
2021-08-05 04:37:46,91.0,78.0,10.0,3.0
2021-08-05 04:37:47,122.0,106.0,11.0,5.0
2021-08-05 04:37:48,99.0,91.0,5.0,3.0
2021-08-05 04:37:49,103.0,88.0,7.0,8.0
2021-08-05 04:37:50,107.0,95.0,7.0,5.0
2021-08-05 04:37:51,87.0,76.0,6.0,5.0
2021-08-05 04:37:52,85.0,81.0,2.0,2.0
2021-08-05 04:37:53,80.0,73.0,5.0,2.0
2021-08-05 04:37:54,79.0,70.0,6.0,3.0
2021-08-05 04:37:55,104.0,97.0,4.0,3.0
2021-08-05 04:37:56,116.0,105.0,7.0,4.0
2021-08-05 04:37:57,103.0,85.0,12.0,6.0
2021-08-05 04:37:58,99.0,90.0,7.0,2.0
2021-08-05 04:37:59,97.0,86.0,3.0,8.0
2021-08-05 04:38:00,118.0,104.0,12.0,2.0
2021-08-05 04:38:01,93.0,80.0,6.0,7.0
2021-08-05 04:38:02,82.0,74.0,2.0,6.0
2021-08-05 04:38:03,95.0,84.0,8.0,3.0
2021-08-05 04:38:04,105.0,91.0,9.0,5.0
2021-08-05 04:38:05,104.0,90.0,10.0,4.0
2021-08-05 04:38:06,79.0,72.0,6.0,1.0
2021-08-05 04:38:07,94.0,83.0,5.0,6.0
2021-08-05 04:38:08,98.0,88.0,9.0,1.0
2021-08-05 04:38:09,100.0,83.0,8.0,9.0
2021-08-05 04:38:10,86.0,74.0,8.0,4.0
2021-08-05 04:38:11,104.0,89.0,11.0,4.0
2021-08-05 04:38:12,90.0,82.0,3.0,5.0
2021-08-05 04:38:13,97.0,82.0,8.0,7.0
2021-08-05 04:38:14,106.0,89.0,6.0,11.0
2021-08-05 04:38:15,100.0,91.0,6.0,3.0
2021-08-05 04:38:16,90.0,82.0,5.0,3.0
2021-08-05 04:38:17,94.0,88.0,3.0,3.0
2021-08-05 04:38:18,98.0,90.0,5.0,3.0
2021-08-05 04:38:19,93.0,84.0,7.0,2.0
2021-08-05 04:38:20,77.0,64.0,7.0,6.0
2021-08-05 04:38:21,79.0,67.0,4.0,8.0
2021-08-05 04:38:22,84.0,71.0,9.0,4.0
2021-08-05 04:38:23,96.0,83.0,10.0,3.0
2021-08-05 04:38:24,93.0,80.0,9.0,4.0
2021-08-05 04:38:25,111.0,99.0,5.0,7.0
2021-08-05 04:38:26,85.0,72.0,8.0,5.0
2021-08-05 04:38:27,82.0,72.0,8.0,2.0
2021-08-05 04:38:28,63.0,56.0,5.0,2.0
2021-08-05 04:38:29,83.0,77.0,6.0,0.0
2021-08-05 04:38:30,108.0,98.0,4.0,6.0
2021-08-05 04:38:31,102.0,88.0,9.0,5.0
2021-08-05 04:38:32,119.0,107.0,7.0,5.0
2021-08-05 04:38:33,75.0,70.0,1.0,4.0
2021-08-05 04:38:34,106.0,96.0,8.0,2.0
2021-08-05 04:38:35,89.0,81.0,7.0,1.0
2021-08-05 04:38:36,94.0,80.0,11.0,3.0
2021-08-05 04:38:37,95.0,82.0,6.0,7.0
2021-08-05 04:38:38,87.0,68.0,11.0,8.0
2021-08-05 04:38:39,99.0,87.0,7.0,5.0
2021-08-05 04:38:40,100.0,90.0,7.0,3.0
2021-08-05 04:38:41,85.0,74.0,7.0,4.0
2021-08-05 04:38:42,95.0,84.0,7.0,4.0
2021-08-05 04:38:43,95.0,83.0,6.0,6.0
2021-08-05 04:38:44,97.0,83.0,10.0,4.0
2021-08-05 04:38:45,102.0,91.0,9.0,2.0
2021-08-05 04:38:46,91.0,74.0,12.0,5.0
2021-08-05 04:38:47,93.0,84.0,7.0,2.0
2021-08-05 04:38:48,102.0,91.0,6.0,5.0
2021-08-05 04:38:49,100.0,89.0,8.0,3.0
2021-08-05 04:38:50,91.0,86.0,2.0,3.0
2021-08-05 04:38:51,81.0,76.0,3.0,2.0
2021-08-05 04:38:52,73.0,68.0,2.0,3.0
2021-08-05 04:38:53,74.0,66.0,6.0,2.0
2021-08-05 04:38:54,111.0,97.0,7.0,7.0
2021-08-05 04:38:55,102.0,93.0,7.0,2.0
2021-08-05 04:38:56,97.0,84.0,5.0,8.0
2021-08-05 04:38:57,89.0,76.0,9.0,4.0
2021-08-05 04:38:58,101.0,83.0,11.0,7.0
2021-08-05 04:38:59,97.0,88.0,3.0,6.0
2021-08-05 04:39:00,98.0,85.0,8.0,5.0
2021-08-05 04:39:01,97.0,89.0,5.0,3.0
2021-08-05 04:39:02,85.0,79.0,4.0,2.0
2021-08-05 04:39:03,98.0,89.0,7.0,2.0
2021-08-05 04:39:04,107.0,99.0,8.0,0.0
2021-08-05 04:39:05,89.0,80.0,5.0,4.0
2021-08-05 04:39:06,96.0,84.0,7.0,5.0
2021-08-05 04:39:07,95.0,81.0,10.0,4.0
2021-08-05 04:39:08,101.0,91.0,3.0,7.0
2021-08-05 04:39:09,74.0,69.0,1.0,4.0
2021-08-05 04:39:10,102.0,89.0,5.0,8.0
2021-08-05 04:39:11,88.0,78.0,7.0,3.0
2021-08-05 04:39:12,100.0,86.0,9.0,5.0
2021-08-05 04:39:13,96.0,86.0,6.0,4.0
2021-08-05 04:39:14,112.0,97.0,9.0,6.0
2021-08-05 04:39:15,91.0,81.0,5.0,5.0
2021-08-05 04:39:16,85.0,75.0,4.0,6.0
2021-08-05 04:39:17,86.0,78.0,7.0,1.0
2021-08-05 04:39:18,92.0,83.0,7.0,2.0
2021-08-05 04:39:19,80.0,69.0,5.0,6.0
2021-08-05 04:39:20,102.0,90.0,8.0,4.0
2021-08-05 04:39:21,87.0,82.0,3.0,2.0
2021-08-05 04:39:22,74.0,67.0,7.0,0.0
2021-08-05 04:39:23,78.0,72.0,3.0,3.0
2021-08-05 04:39:24,100.0,90.0,4.0,6.0
2021-08-05 04:39:25,98.0,90.0,5.0,3.0
2021-08-05 04:39:26,105.0,94.0,6.0,5.0
2021-08-05 04:39:27,83.0,77.0,2.0,4.0
2021-08-05 04:39:28,84.0,76.0,4.0,4.0
2021-08-05 04:39:29,98.0,84.0,10.0,4.0
2021-08-05 04:39:30,91.0,80.0,3.0,8.0
2021-08-05 04:39:31,104.0,96.0,2.0,6.0
2021-08-05 04:39:32,115.0,107.0,5.0,3.0
2021-08-05 04:39:33,111.0,102.0,7.0,2.0
2021-08-05 04:39:34,93.0,78.0,7.0,8.0
2021-08-05 04:39:35,94.0,80.0,10.0,4.0
2021-08-05 04:39:36,87.0,81.0,3.0,3.0
2021-08-05 04:39:37,89.0,81.0,5.0,3.0
2021-08-05 04:39:38,86.0,76.0,9.0,1.0
2021-08-05 04:39:39,83.0,70.0,7.0,6.0
2021-08-05 04:39:40,89.0,85.0,3.0,1.0
2021-08-05 04:39:41,88.0,77.0,8.0,3.0
2021-08-05 04:39:42,77.0,72.0,2.0,3.0
2021-08-05 04:39:43,91.0,74.0,11.0,6.0
2021-08-05 04:39:44,105.0,94.0,6.0,5.0
2021-08-05 04:39:45,109.0,94.0,10.0,5.0
2021-08-05 04:39:46,96.0,83.0,4.0,9.0
2021-08-05 04:39:47,108.0,95.0,6.0,7.0
2021-08-05 04:39:48,110.0,101.0,7.0,2.0
2021-08-05 04:39:49,108.0,94.0,7.0,7.0
2021-08-05 04:39:50,91.0,85.0,3.0,3.0
2021-08-05 04:39:51,107.0,93.0,6.0,8.0
2021-08-05 04:39:52,95.0,80.0,11.0,4.0
2021-08-05 04:39:53,100.0,89.0,7.0,4.0
2021-08-05 04:39:54,103.0,92.0,4.0,7.0
2021-08-05 04:39:55,100.0,91.0,5.0,4.0
2021-08-05 04:39:56,83.0,75.0,6.0,2.0
2021-08-05 04:39:57,95.0,83.0,8.0,4.0
2021-08-05 04:39:58,89.0,70.0,14.0,5.0
2021-08-05 04:39:59,87.0,73.0,10.0,4.0
2021-08-05 04:40:00,97.0,87.0,5.0,5.0
2021-08-05 04:40:01,93.0,81.0,7.0,5.0
2021-08-05 04:40:02,92.0,79.0,9.0,4.0
2021-08-05 04:40:03,94.0,81.0,9.0,4.0
2021-08-05 04:40:04,91.0,80.0,6.0,5.0
2021-08-05 04:40:05,100.0,88.0,4.0,8.0
2021-08-05 04:40:06,96.0,86.0,6.0,4.0
2021-08-05 04:40:07,88.0,80.0,6.0,2.0
2021-08-05 04:40:08,96.0,88.0,4.0,4.0
2021-08-05 04:40:09,86.0,74.0,7.0,5.0
2021-08-05 04:40:10,102.0,92.0,8.0,2.0
2021-08-05 04:40:11,106.0,96.0,3.0,7.0
2021-08-05 04:40:12,106.0,89.0,11.0,6.0
2021-08-05 04:40:13,98.0,89.0,8.0,1.0
2021-08-05 04:40:14,110.0,95.0,8.0,7.0
2021-08-05 04:40:15,94.0,82.0,7.0,5.0
2021-08-05 04:40:16,81.0,73.0,4.0,4.0
2021-08-05 04:40:17,92.0,87.0,3.0,2.0
2021-08-05 04:40:18,97.0,87.0,6.0,4.0
2021-08-05 04:40:19,72.0,67.0,2.0,3.0
2021-08-05 04:40:20,91.0,83.0,5.0,3.0
2021-08-05 04:40:21,96.0,85.0,9.0,2.0
2021-08-05 04:40:22,93.0,85.0,5.0,3.0
2021-08-05 04:40:23,102.0,94.0,5.0,3.0
2021-08-05 04:40:24,96.0,83.0,3.0,10.0
2021-08-05 04:40:25,112.0,100.0,10.0,2.0
2021-08-05 04:40:26,100.0,90.0,9.0,1.0
2021-08-05 04:40:27,84.0,73.0,7.0,4.0
2021-08-05 04:40:28,85.0,70.0,11.0,4.0
2021-08-05 04:40:29,80.0,75.0,3.0,2.0
2021-08-05 04:40:30,97.0,84.0,9.0,4.0
2021-08-05 04:40:31,84.0,72.0,6.0,6.0
2021-08-05 04:40:32,89.0,75.0,8.0,6.0
2021-08-05 04:40:33,98.0,89.0,6.0,3.0
2021-08-05 04:40:34,91.0,80.0,10.0,1.0
2021-08-05 04:40:35,92.0,80.0,8.0,4.0
2021-08-05 04:40:36,84.0,76.0,5.0,3.0
2021-08-05 04:40:37,91.0,77.0,8.0,6.0
2021-08-05 04:40:38,101.0,93.0,7.0,1.0
2021-08-05 04:40:39,86.0,71.0,10.0,5.0
2021-08-05 04:40:40,87.0,81.0,4.0,2.0
2021-08-05 04:40:41,109.0,95.0,7.0,7.0
2021-08-05 04:40:42,96.0,83.0,6.0,7.0
2021-08-05 04:40:43,98.0,90.0,6.0,2.0
2021-08-05 04:40:44,85.0,78.0,5.0,2.0
2021-08-05 04:40:45,103.0,94.0,5.0,4.0
2021-08-05 04:40:46,81.0,70.0,5.0,6.0
2021-08-05 04:40:47,104.0,94.0,5.0,5.0
2021-08-05 04:40:48,86.0,77.0,5.0,4.0
2021-08-05 04:40:49,77.0,73.0,3.0,1.0
2021-08-05 04:40:50,89.0,78.0,7.0,4.0
2021-08-05 04:40:51,98.0,85.0,8.0,5.0
2021-08-05 04:40:52,79.0,69.0,7.0,3.0
2021-08-05 04:40:53,95.0,81.0,7.0,7.0
2021-08-05 04:40:54,89.0,82.0,4.0,3.0
2021-08-05 04:40:55,79.0,70.0,5.0,4.0
2021-08-05 04:40:56,93.0,79.0,9.0,5.0
2021-08-05 04:40:57,121.0,103.0,13.0,5.0
2021-08-05 04:40:58,94.0,80.0,9.0,5.0
2021-08-05 04:40:59,94.0,77.0,11.0,6.0
2021-08-05 04:41:00,97.0,84.0,6.0,7.0
2021-08-05 04:41:01,89.0,77.0,10.0,2.0
2021-08-05 04:41:02,89.0,78.0,8.0,3.0
2021-08-05 04:41:03,94.0,83.0,9.0,2.0
2021-08-05 04:41:04,103.0,93.0,4.0,6.0
2021-08-05 04:41:05,101.0,91.0,10.0,0.0
2021-08-05 04:41:06,67.0,60.0,3.0,4.0
2021-08-05 04:41:07,115.0,105.0,7.0,3.0
2021-08-05 04:41:08,87.0,78.0,6.0,3.0
2021-08-05 04:41:09,115.0,103.0,9.0,3.0
2021-08-05 04:41:10,113.0,103.0,6.0,4.0
2021-08-05 04:41:11,91.0,81.0,6.0,4.0
2021-08-05 04:41:12,89.0,82.0,3.0,4.0
2021-08-05 04:41:13,93.0,83.0,5.0,5.0
2021-08-05 04:41:14,87.0,76.0,7.0,4.0
2021-08-05 04:41:15,103.0,88.0,7.0,8.0
2021-08-05 04:41:16,76.0,69.0,5.0,2.0
2021-08-05 04:41:17,104.0,98.0,5.0,1.0
2021-08-05 04:41:18,80.0,67.0,12.0,1.0
2021-08-05 04:41:19,83.0,72.0,5.0,6.0
2021-08-05 04:41:20,89.0,77.0,9.0,3.0
2021-08-05 04:41:21,111.0,96.0,8.0,7.0
2021-08-05 04:41:22,88.0,71.0,12.0,5.0
2021-08-05 04:41:23,105.0,95.0,5.0,5.0
2021-08-05 04:41:24,97.0,91.0,4.0,2.0
2021-08-05 04:41:25,87.0,79.0,6.0,2.0
2021-08-05 04:41:26,87.0,72.0,10.0,5.0
2021-08-05 04:41:27,114.0,102.0,9.0,3.0
2021-08-05 04:41:28,100.0,82.0,9.0,9.0
2021-08-05 04:41:29,106.0,94.0,5.0,7.0
2021-08-05 04:41:30,98.0,90.0,4.0,4.0
2021-08-05 04:41:31,96.0,87.0,8.0,1.0
2021-08-05 04:41:32,97.0,86.0,5.0,6.0
2021-08-05 04:41:33,95.0,85.0,5.0,5.0
2021-08-05 04:41:34,83.0,77.0,3.0,3.0
2021-08-05 04:41:35,104.0,90.0,9.0,5.0
2021-08-05 04:41:36,102.0,93.0,6.0,3.0
2021-08-05 04:41:37,86.0,74.0,7.0,5.0
2021-08-05 04:41:38,92.0,79.0,9.0,4.0
2021-08-05 04:41:39,93.0,82.0,7.0,4.0
2021-08-05 04:41:40,82.0,76.0,2.0,4.0
2021-08-05 04:41:41,99.0,85.0,8.0,6.0
2021-08-05 04:41:42,95.0,86.0,6.0,3.0
2021-08-05 04:41:43,86.0,71.0,9.0,6.0
2021-08-05 04:41:44,91.0,81.0,6.0,4.0
2021-08-05 04:41:45,88.0,74.0,9.0,5.0
2021-08-05 04:41:46,84.0,79.0,2.0,3.0
2021-08-05 04:41:47,79.0,72.0,6.0,1.0
2021-08-05 04:41:48,83.0,71.0,12.0,0.0
2021-08-05 04:41:49,82.0,74.0,3.0,5.0
2021-08-05 04:41:50,104.0,90.0,6.0,8.0
2021-08-05 04:41:51,99.0,89.0,4.0,6.0
2021-08-05 04:41:52,95.0,88.0,2.0,5.0
2021-08-05 04:41:53,98.0,89.0,5.0,4.0
2021-08-05 04:41:54,84.0,75.0,5.0,4.0
2021-08-05 04:41:55,96.0,79.0,11.0,6.0
2021-08-05 04:41:56,79.0,66.0,8.0,5.0
2021-08-05 04:41:57,90.0,81.0,8.0,1.0
2021-08-05 04:41:58,103.0,96.0,1.0,6.0
2021-08-05 04:41:59,99.0,83.0,12.0,4.0
2021-08-05 04:42:00,100.0,89.0,6.0,5.0
2021-08-05 04:42:01,117.0,107.0,5.0,5.0
2021-08-05 04:42:02,94.0,86.0,6.0,2.0
2021-08-05 04:42:03,96.0,89.0,4.0,3.0
2021-08-05 04:42:04,97.0,89.0,4.0,4.0
2021-08-05 04:42:05,99.0,89.0,8.0,2.0
2021-08-05 04:42:06,95.0,85.0,7.0,3.0
2021-08-05 04:42:07,87.0,76.0,7.0,4.0
2021-08-05 04:42:08,86.0,76.0,5.0,5.0
2021-08-05 04:42:09,102.0,92.0,5.0,5.0
2021-08-05 04:42:10,83.0,73.0,5.0,5.0
2021-08-05 04:42:11,80.0,73.0,4.0,3.0
2021-08-05 04:42:12,81.0,76.0,5.0,0.0
2021-08-05 04:42:13,100.0,95.0,3.0,2.0
2021-08-05 04:42:14,74.0,61.0,8.0,5.0
2021-08-05 04:42:15,100.0,90.0,4.0,6.0
2021-08-05 04:42:16,87.0,78.0,8.0,1.0
2021-08-05 04:42:17,85.0,75.0,7.0,3.0
2021-08-05 04:42:18,96.0,91.0,1.0,4.0
2021-08-05 04:42:19,90.0,81.0,4.0,5.0
2021-08-05 04:42:20,96.0,84.0,8.0,4.0
2021-08-05 04:42:21,81.0,73.0,4.0,4.0
2021-08-05 04:42:22,106.0,97.0,8.0,1.0
2021-08-05 04:42:23,83.0,76.0,4.0,3.0
2021-08-05 04:42:24,98.0,87.0,6.0,5.0
2021-08-05 04:42:25,77.0,72.0,2.0,3.0
2021-08-05 04:42:26,103.0,94.0,6.0,3.0
2021-08-05 04:42:27,94.0,90.0,3.0,1.0
2021-08-05 04:42:28,95.0,84.0,6.0,5.0
2021-08-05 04:42:29,84.0,78.0,3.0,3.0
2021-08-05 04:42:30,95.0,84.0,6.0,5.0
2021-08-05 04:42:31,95.0,87.0,6.0,2.0
2021-08-05 04:42:32,96.0,77.0,10.0,9.0
2021-08-05 04:42:33,98.0,86.0,6.0,6.0
2021-08-05 04:42:34,81.0,70.0,7.0,4.0
2021-08-05 04:42:35,96.0,87.0,4.0,5.0
2021-08-05 04:42:36,81.0,74.0,6.0,1.0
2021-08-05 04:42:37,86.0,80.0,1.0,5.0
2021-08-05 04:42:38,80.0,68.0,10.0,2.0
2021-08-05 04:42:39,84.0,76.0,4.0,4.0
2021-08-05 04:42:40,105.0,92.0,9.0,4.0
2021-08-05 04:42:41,98.0,80.0,11.0,7.0
2021-08-05 04:42:42,98.0,87.0,6.0,5.0
2021-08-05 04:42:43,100.0,88.0,7.0,5.0
2021-08-05 04:42:44,96.0,86.0,7.0,3.0
2021-08-05 04:42:45,96.0,85.0,8.0,3.0
2021-08-05 04:42:46,107.0,95.0,10.0,2.0
2021-08-05 04:42:47,93.0,82.0,8.0,3.0
2021-08-05 04:42:48,103.0,90.0,2.0,11.0
2021-08-05 04:42:49,112.0,103.0,5.0,4.0
2021-08-05 04:42:50,88.0,73.0,5.0,10.0
2021-08-05 04:42:51,81.0,69.0,10.0,2.0
2021-08-05 04:42:52,103.0,86.0,10.0,7.0
2021-08-05 04:42:53,89.0,81.0,6.0,2.0
2021-08-05 04:42:54,82.0,75.0,6.0,1.0
2021-08-05 04:42:55,87.0,79.0,5.0,3.0
2021-08-05 04:42:56,88.0,79.0,5.0,4.0
2021-08-05 04:42:57,83.0,71.0,7.0,5.0
2021-08-05 04:42:58,83.0,73.0,7.0,3.0
2021-08-05 04:42:59,94.0,85.0,8.0,1.0
2021-08-05 04:43:00,95.0,80.0,12.0,3.0
2021-08-05 04:43:01,91.0,86.0,3.0,2.0
2021-08-05 04:43:02,93.0,81.0,10.0,2.0
2021-08-05 04:43:03,94.0,85.0,4.0,5.0
2021-08-05 04:43:04,99.0,83.0,9.0,7.0
2021-08-05 04:43:05,91.0,86.0,4.0,1.0
2021-08-05 04:43:06,97.0,83.0,8.0,6.0
2021-08-05 04:43:07,104.0,90.0,7.0,7.0
2021-08-05 04:43:08,111.0,98.0,6.0,7.0
2021-08-05 04:43:09,83.0,72.0,7.0,4.0
2021-08-05 04:43:10,98.0,86.0,10.0,2.0
2021-08-05 04:43:11,103.0,91.0,8.0,4.0
2021-08-05 04:43:12,104.0,93.0,8.0,3.0
2021-08-05 04:43:13,85.0,75.0,6.0,4.0
2021-08-05 04:43:14,72.0,63.0,4.0,5.0
2021-08-05 04:43:15,98.0,86.0,9.0,3.0
2021-08-05 04:43:16,81.0,73.0,4.0,4.0
2021-08-05 04:43:17,92.0,79.0,8.0,5.0
2021-08-05 04:43:18,72.0,66.0,5.0,1.0
2021-08-05 04:43:19,96.0,81.0,9.0,6.0
2021-08-05 04:43:20,110.0,96.0,10.0,4.0
2021-08-05 04:43:21,98.0,89.0,5.0,4.0
2021-08-05 04:43:22,93.0,79.0,6.0,8.0
2021-08-05 04:43:23,85.0,68.0,10.0,7.0
2021-08-05 04:43:24,104.0,87.0,7.0,10.0
2021-08-05 04:43:25,83.0,74.0,3.0,6.0
2021-08-05 04:43:26,88.0,81.0,3.0,4.0
2021-08-05 04:43:27,100.0,83.0,9.0,8.0
2021-08-05 04:43:28,93.0,81.0,9.0,3.0
2021-08-05 04:43:29,91.0,81.0,5.0,5.0
2021-08-05 04:43:30,95.0,85.0,5.0,5.0
2021-08-05 04:43:31,91.0,78.0,8.0,5.0
2021-08-05 04:43:32,96.0,82.0,11.0,3.0
2021-08-05 04:43:33,92.0,79.0,4.0,9.0
2021-08-05 04:43:34,92.0,79.0,7.0,6.0
2021-08-05 04:43:35,106.0,91.0,11.0,4.0
2021-08-05 04:43:36,94.0,84.0,4.0,6.0
2021-08-05 04:43:37,84.0,74.0,6.0,4.0
2021-08-05 04:43:38,76.0,67.0,6.0,3.0
2021-08-05 04:43:39,76.0,64.0,6.0,6.0
2021-08-05 04:43:40,86.0,82.0,2.0,2.0
2021-08-05 04:43:41,85.0,73.0,7.0,5.0
2021-08-05 04:43:42,97.0,87.0,4.0,6.0
2021-08-05 04:43:43,95.0,88.0,1.0,6.0
2021-08-05 04:43:44,110.0,97.0,10.0,3.0
2021-08-05 04:43:45,103.0,92.0,7.0,4.0
2021-08-05 04:43:46,103.0,99.0,4.0,0.0
2021-08-05 04:43:47,95.0,85.0,7.0,3.0
2021-08-05 04:43:48,80.0,70.0,8.0,2.0
2021-08-05 04:43:49,98.0,82.0,7.0,9.0
2021-08-05 04:43:50,96.0,84.0,6.0,6.0
2021-08-05 04:43:51,104.0,96.0,3.0,5.0
2021-08-05 04:43:52,90.0,82.0,4.0,4.0
2021-08-05 04:43:53,100.0,89.0,7.0,4.0
2021-08-05 04:43:54,92.0,75.0,12.0,5.0
2021-08-05 04:43:55,92.0,78.0,11.0,3.0
2021-08-05 04:43:56,81.0,70.0,5.0,6.0
2021-08-05 04:43:57,92.0,81.0,6.0,5.0
2021-08-05 04:43:58,80.0,63.0,12.0,5.0
2021-08-05 04:43:59,98.0,86.0,7.0,5.0
2021-08-05 04:44:00,83.0,75.0,5.0,3.0
2021-08-05 04:44:01,104.0,88.0,11.0,5.0
2021-08-05 04:44:02,96.0,84.0,7.0,5.0
2021-08-05 04:44:03,91.0,79.0,5.0,7.0
2021-08-05 04:44:04,95.0,87.0,5.0,3.0
2021-08-05 04:44:05,99.0,88.0,5.0,6.0
2021-08-05 04:44:06,98.0,90.0,4.0,4.0
2021-08-05 04:44:07,91.0,79.0,6.0,6.0
2021-08-05 04:44:08,87.0,78.0,5.0,4.0
2021-08-05 04:44:09,99.0,88.0,7.0,4.0
2021-08-05 04:44:10,79.0,69.0,5.0,5.0
2021-08-05 04:44:11,77.0,65.0,8.0,4.0
2021-08-05 04:44:12,87.0,79.0,4.0,4.0
2021-08-05 04:44:13,93.0,84.0,5.0,4.0
2021-08-05 04:44:14,90.0,75.0,10.0,5.0
2021-08-05 04:44:15,111.0,100.0,10.0,1.0
2021-08-05 04:44:16,86.0,73.0,8.0,5.0
2021-08-05 04:44:17,88.0,79.0,4.0,5.0
2021-08-05 04:44:18,90.0,77.0,5.0,8.0
2021-08-05 04:44:19,106.0,95.0,7.0,4.0
2021-08-05 04:44:20,94.0,81.0,6.0,7.0
2021-08-05 04:44:21,88.0,77.0,3.0,8.0
2021-08-05 04:44:22,93.0,77.0,10.0,6.0
2021-08-05 04:44:23,101.0,88.0,11.0,2.0
2021-08-05 04:44:24,91.0,82.0,7.0,2.0
2021-08-05 04:44:25,93.0,87.0,2.0,4.0
2021-08-05 04:44:26,95.0,87.0,6.0,2.0
2021-08-05 04:44:27,89.0,76.0,9.0,4.0
2021-08-05 04:44:28,77.0,70.0,1.0,6.0
2021-08-05 04:44:29,103.0,93.0,6.0,4.0
2021-08-05 04:44:30,96.0,87.0,4.0,5.0
2021-08-05 04:44:31,99.0,90.0,6.0,3.0
2021-08-05 04:44:32,102.0,88.0,11.0,3.0
2021-08-05 04:44:33,87.0,78.0,6.0,3.0
2021-08-05 04:44:34,76.0,67.0,4.0,5.0
2021-08-05 04:44:35,85.0,78.0,3.0,4.0
2021-08-05 04:44:36,107.0,97.0,7.0,3.0
2021-08-05 04:44:37,102.0,92.0,6.0,4.0
2021-08-05 04:44:38,90.0,83.0,6.0,1.0
2021-08-05 04:44:39,93.0,84.0,4.0,5.0
2021-08-05 04:44:40,106.0,92.0,11.0,3.0
2021-08-05 04:44:41,76.0,70.0,1.0,5.0
2021-08-05 04:44:42,78.0,66.0,9.0,3.0
2021-08-05 04:44:43,110.0,99.0,4.0,7.0
2021-08-05 04:44:44,91.0,81.0,4.0,6.0
2021-08-05 04:44:45,87.0,77.0,8.0,2.0
2021-08-05 04:44:46,96.0,80.0,10.0,6.0
2021-08-05 04:44:47,101.0,90.0,8.0,3.0
2021-08-05 04:44:48,110.0,97.0,7.0,6.0
2021-08-05 04:44:49,100.0,83.0,13.0,4.0
2021-08-05 04:44:50,94.0,79.0,10.0,5.0
2021-08-05 04:44:51,93.0,86.0,4.0,3.0
2021-08-05 04:44:52,100.0,85.0,12.0,3.0
2021-08-05 04:44:53,82.0,71.0,7.0,4.0
2021-08-05 04:44:54,82.0,69.0,6.0,7.0
2021-08-05 04:44:55,93.0,82.0,5.0,6.0
2021-08-05 04:44:56,107.0,92.0,8.0,7.0
2021-08-05 04:44:57,98.0,91.0,6.0,1.0
2021-08-05 04:44:58,99.0,93.0,4.0,2.0
2021-08-05 04:44:59,97.0,84.0,10.0,3.0
2021-08-05 04:45:00,91.0,83.0,7.0,1.0
2021-08-05 04:45:01,103.0,89.0,5.0,9.0
2021-08-05 04:45:02,93.0,80.0,9.0,4.0
2021-08-05 04:45:03,90.0,77.0,6.0,7.0
2021-08-05 04:45:04,90.0,83.0,3.0,4.0
2021-08-05 04:45:05,94.0,87.0,2.0,5.0
2021-08-05 04:45:06,93.0,82.0,6.0,5.0
2021-08-05 04:45:07,95.0,85.0,7.0,3.0
2021-08-05 04:45:08,91.0,77.0,7.0,7.0
2021-08-05 04:45:09,86.0,78.0,2.0,6.0
2021-08-05 04:45:10,92.0,84.0,6.0,2.0
2021-08-05 04:45:11,92.0,87.0,3.0,2.0
2021-08-05 04:45:12,101.0,88.0,6.0,7.0
2021-08-05 04:45:13,103.0,96.0,5.0,2.0
2021-08-05 04:45:14,93.0,83.0,6.0,4.0
2021-08-05 04:45:15,95.0,83.0,8.0,4.0
2021-08-05 04:45:16,95.0,84.0,5.0,6.0
2021-08-05 04:45:17,85.0,80.0,1.0,4.0
2021-08-05 04:45:18,84.0,75.0,4.0,5.0
2021-08-05 04:45:19,89.0,79.0,4.0,6.0
2021-08-05 04:45:20,98.0,87.0,4.0,7.0
2021-08-05 04:45:21,88.0,82.0,4.0,2.0
2021-08-05 04:45:22,92.0,85.0,3.0,4.0
2021-08-05 04:45:23,87.0,73.0,8.0,6.0
2021-08-05 04:45:24,96.0,81.0,10.0,5.0
2021-08-05 04:45:25,102.0,93.0,6.0,3.0
2021-08-05 04:45:26,115.0,107.0,6.0,2.0
2021-08-05 04:45:27,99.0,92.0,6.0,1.0
2021-08-05 04:45:28,89.0,80.0,3.0,6.0
2021-08-05 04:45:29,86.0,78.0,5.0,3.0
2021-08-05 04:45:30,86.0,78.0,4.0,4.0
2021-08-05 04:45:31,80.0,70.0,7.0,3.0
2021-08-05 04:45:32,100.0,88.0,5.0,7.0
2021-08-05 04:45:33,92.0,82.0,6.0,4.0
2021-08-05 04:45:34,85.0,77.0,6.0,2.0
2021-08-05 04:45:35,98.0,84.0,9.0,5.0
2021-08-05 04:45:36,94.0,81.0,8.0,5.0
2021-08-05 04:45:37,73.0,70.0,2.0,1.0
2021-08-05 04:45:38,93.0,83.0,7.0,3.0
2021-08-05 04:45:39,99.0,89.0,8.0,2.0
2021-08-05 04:45:40,81.0,73.0,4.0,4.0
2021-08-05 04:45:41,71.0,66.0,3.0,2.0
2021-08-05 04:45:42,95.0,84.0,6.0,5.0
2021-08-05 04:45:43,100.0,92.0,6.0,2.0
2021-08-05 04:45:44,82.0,65.0,13.0,4.0
2021-08-05 04:45:45,96.0,86.0,5.0,5.0
2021-08-05 04:45:46,95.0,83.0,5.0,7.0
2021-08-05 04:45:47,88.0,78.0,8.0,2.0
2021-08-05 04:45:48,83.0,73.0,4.0,6.0
2021-08-05 04:45:49,96.0,91.0,2.0,3.0
2021-08-05 04:45:50,88.0,81.0,4.0,3.0
2021-08-05 04:45:51,83.0,73.0,6.0,4.0
2021-08-05 04:45:52,97.0,85.0,8.0,4.0
2021-08-05 04:45:53,80.0,71.0,5.0,4.0
2021-08-05 04:45:54,96.0,86.0,5.0,5.0
2021-08-05 04:45:55,102.0,90.0,8.0,4.0
2021-08-05 04:45:56,110.0,90.0,14.0,6.0
2021-08-05 04:45:57,77.0,70.0,5.0,2.0
2021-08-05 04:45:58,85.0,75.0,9.0,1.0
2021-08-05 04:45:59,97.0,92.0,3.0,2.0
2021-08-05 04:46:00,93.0,84.0,6.0,3.0
2021-08-05 04:46:01,99.0,89.0,4.0,6.0
2021-08-05 04:46:02,84.0,73.0,6.0,5.0
2021-08-05 04:46:03,116.0,107.0,5.0,4.0
2021-08-05 04:46:04,101.0,91.0,7.0,3.0
2021-08-05 04:46:05,96.0,88.0,6.0,2.0
2021-08-05 04:46:06,83.0,78.0,3.0,2.0
2021-08-05 04:46:07,84.0,76.0,5.0,3.0
2021-08-05 04:46:08,84.0,75.0,5.0,4.0
2021-08-05 04:46:09,98.0,87.0,7.0,4.0
2021-08-05 04:46:10,94.0,82.0,6.0,6.0
2021-08-05 04:46:11,100.0,92.0,4.0,4.0
2021-08-05 04:46:12,102.0,83.0,14.0,5.0
2021-08-05 04:46:13,99.0,92.0,7.0,0.0
2021-08-05 04:46:14,113.0,100.0,8.0,5.0
2021-08-05 04:46:15,94.0,85.0,8.0,1.0
2021-08-05 04:46:16,99.0,89.0,4.0,6.0
2021-08-05 04:46:17,102.0,97.0,1.0,4.0
2021-08-05 04:46:18,94.0,80.0,7.0,7.0
2021-08-05 04:46:19,106.0,92.0,7.0,7.0
2021-08-05 04:46:20,79.0,71.0,4.0,4.0
2021-08-05 04:46:21,92.0,85.0,4.0,3.0
2021-08-05 04:46:22,100.0,87.0,9.0,4.0
2021-08-05 04:46:23,105.0,98.0,5.0,2.0
2021-08-05 04:46:24,100.0,92.0,5.0,3.0
2021-08-05 04:46:25,75.0,64.0,6.0,5.0
2021-08-05 04:46:26,96.0,87.0,4.0,5.0
2021-08-05 04:46:27,81.0,73.0,5.0,3.0
2021-08-05 04:46:28,80.0,69.0,8.0,3.0
2021-08-05 04:46:29,82.0,75.0,4.0,3.0
2021-08-05 04:46:30,82.0,76.0,5.0,1.0
2021-08-05 04:46:31,89.0,83.0,4.0,2.0
2021-08-05 04:46:32,88.0,74.0,9.0,5.0
2021-08-05 04:46:33,93.0,84.0,6.0,3.0
2021-08-05 04:46:34,81.0,72.0,5.0,4.0
2021-08-05 04:46:35,107.0,90.0,9.0,8.0
2021-08-05 04:46:36,84.0,78.0,5.0,1.0
2021-08-05 04:46:37,108.0,94.0,10.0,4.0
2021-08-05 04:46:38,95.0,87.0,4.0,4.0
2021-08-05 04:46:39,100.0,83.0,11.0,6.0
2021-08-05 04:46:40,78.0,68.0,4.0,6.0
2021-08-05 04:46:41,85.0,75.0,6.0,4.0
2021-08-05 04:46:42,92.0,83.0,5.0,4.0
2021-08-05 04:46:43,89.0,79.0,5.0,5.0
2021-08-05 04:46:44,85.0,77.0,3.0,5.0
2021-08-05 04:46:45,75.0,68.0,4.0,3.0
2021-08-05 04:46:46,77.0,70.0,4.0,3.0
2021-08-05 04:46:47,99.0,87.0,4.0,8.0
2021-08-05 04:46:48,102.0,90.0,9.0,3.0
2021-08-05 04:46:49,118.0,105.0,8.0,5.0
2021-08-05 04:46:50,78.0,70.0,5.0,3.0
2021-08-05 04:46:51,84.0,72.0,5.0,7.0
2021-08-05 04:46:52,80.0,71.0,6.0,3.0
2021-08-05 04:46:53,90.0,78.0,4.0,8.0
2021-08-05 04:46:54,77.0,69.0,4.0,4.0
2021-08-05 04:46:55,85.0,78.0,5.0,2.0
2021-08-05 04:46:56,108.0,101.0,5.0,2.0
2021-08-05 04:46:57,94.0,85.0,7.0,2.0
2021-08-05 04:46:58,86.0,75.0,7.0,4.0
2021-08-05 04:46:59,98.0,86.0,6.0,6.0
2021-08-05 04:47:00,99.0,83.0,9.0,7.0
2021-08-05 04:47:01,78.0,72.0,2.0,4.0
2021-08-05 04:47:02,81.0,69.0,10.0,2.0
2021-08-05 04:47:03,97.0,87.0,4.0,6.0
2021-08-05 04:47:04,108.0,87.0,10.0,11.0
2021-08-05 04:47:05,80.0,70.0,4.0,6.0
2021-08-05 04:47:06,93.0,81.0,4.0,8.0
2021-08-05 04:47:07,84.0,76.0,3.0,5.0
2021-08-05 04:47:08,91.0,87.0,3.0,1.0
2021-08-05 04:47:09,113.0,100.0,7.0,6.0
2021-08-05 04:47:10,80.0,72.0,7.0,1.0
2021-08-05 04:47:11,86.0,75.0,6.0,5.0
2021-08-05 04:47:12,107.0,98.0,3.0,6.0
2021-08-05 04:47:13,87.0,80.0,5.0,2.0
2021-08-05 04:47:14,92.0,84.0,5.0,3.0
2021-08-05 04:47:15,99.0,89.0,3.0,7.0
2021-08-05 04:47:16,99.0,82.0,11.0,6.0
2021-08-05 04:47:17,88.0,80.0,4.0,4.0
2021-08-05 04:47:18,84.0,73.0,5.0,6.0
2021-08-05 04:47:19,101.0,92.0,3.0,6.0
2021-08-05 04:47:20,83.0,77.0,3.0,3.0
2021-08-05 04:47:21,75.0,68.0,6.0,1.0
2021-08-05 04:47:22,96.0,80.0,11.0,5.0
2021-08-05 04:47:23,113.0,102.0,3.0,8.0
2021-08-05 04:47:24,89.0,82.0,4.0,3.0
2021-08-05 04:47:25,92.0,81.0,7.0,4.0
2021-08-05 04:47:26,85.0,75.0,7.0,3.0
2021-08-05 04:47:27,109.0,98.0,6.0,5.0
2021-08-05 04:47:28,101.0,89.0,10.0,2.0
2021-08-05 04:47:29,94.0,80.0,8.0,6.0
2021-08-05 04:47:30,79.0,69.0,6.0,4.0
2021-08-05 04:47:31,87.0,77.0,9.0,1.0
2021-08-05 04:47:32,104.0,90.0,7.0,7.0
2021-08-05 04:47:33,100.0,93.0,5.0,2.0
2021-08-05 04:47:34,93.0,82.0,4.0,7.0
2021-08-05 04:47:35,86.0,76.0,9.0,1.0
2021-08-05 04:47:36,100.0,84.0,4.0,12.0
2021-08-05 04:47:37,103.0,90.0,6.0,7.0
2021-08-05 04:47:38,84.0,73.0,6.0,5.0
2021-08-05 04:47:39,91.0,80.0,4.0,7.0
2021-08-05 04:47:40,83.0,74.0,8.0,1.0
2021-08-05 04:47:41,90.0,79.0,6.0,5.0
2021-08-05 04:47:42,94.0,82.0,9.0,3.0
2021-08-05 04:47:43,92.0,78.0,9.0,5.0
2021-08-05 04:47:44,84.0,75.0,5.0,4.0
2021-08-05 04:47:45,81.0,74.0,3.0,4.0
2021-08-05 04:47:46,100.0,83.0,10.0,7.0
2021-08-05 04:47:47,105.0,92.0,6.0,7.0
2021-08-05 04:47:48,96.0,84.0,6.0,6.0
2021-08-05 04:47:49,81.0,73.0,5.0,3.0
2021-08-05 04:47:50,111.0,105.0,5.0,1.0
2021-08-05 04:47:51,105.0,94.0,3.0,8.0
2021-08-05 04:47:52,100.0,88.0,10.0,2.0
2021-08-05 04:47:53,88.0,73.0,10.0,5.0
2021-08-05 04:47:54,107.0,95.0,7.0,5.0
2021-08-05 04:47:55,90.0,78.0,6.0,6.0
2021-08-05 04:47:56,82.0,74.0,4.0,4.0
2021-08-05 04:47:57,87.0,79.0,4.0,4.0
2021-08-05 04:47:58,86.0,80.0,4.0,2.0
2021-08-05 04:47:59,103.0,91.0,7.0,5.0
2021-08-05 04:48:00,85.0,77.0,4.0,4.0
2021-08-05 04:48:01,83.0,76.0,4.0,3.0
2021-08-05 04:48:02,82.0,75.0,3.0,4.0
2021-08-05 04:48:03,77.0,65.0,6.0,6.0
2021-08-05 04:48:04,103.0,91.0,7.0,5.0
2021-08-05 04:48:05,89.0,77.0,7.0,5.0
2021-08-05 04:48:06,94.0,86.0,7.0,1.0
2021-08-05 04:48:07,94.0,81.0,9.0,4.0
2021-08-05 04:48:08,106.0,94.0,6.0,6.0
2021-08-05 04:48:09,116.0,105.0,6.0,5.0
2021-08-05 04:48:10,98.0,79.0,12.0,7.0
2021-08-05 04:48:11,91.0,81.0,7.0,3.0
2021-08-05 04:48:12,96.0,84.0,8.0,4.0
2021-08-05 04:48:13,80.0,71.0,5.0,4.0
2021-08-05 04:48:14,89.0,76.0,8.0,5.0
2021-08-05 04:48:15,84.0,77.0,3.0,4.0
2021-08-05 04:48:16,93.0,83.0,3.0,7.0
2021-08-05 04:48:17,78.0,72.0,4.0,2.0
2021-08-05 04:48:18,101.0,87.0,9.0,5.0
2021-08-05 04:48:19,86.0,76.0,8.0,2.0
2021-08-05 04:48:20,94.0,84.0,3.0,7.0
2021-08-05 04:48:21,111.0,98.0,5.0,8.0
2021-08-05 04:48:22,80.0,72.0,4.0,4.0
2021-08-05 04:48:23,108.0,90.0,13.0,5.0
2021-08-05 04:48:24,89.0,76.0,7.0,6.0
2021-08-05 04:48:25,95.0,84.0,6.0,5.0
2021-08-05 04:48:26,82.0,71.0,7.0,4.0
2021-08-05 04:48:27,94.0,82.0,7.0,5.0
2021-08-05 04:48:28,97.0,89.0,3.0,5.0
2021-08-05 04:48:29,86.0,79.0,5.0,2.0
2021-08-05 04:48:30,87.0,75.0,9.0,3.0
2021-08-05 04:48:31,101.0,89.0,7.0,5.0
2021-08-05 04:48:32,92.0,80.0,9.0,3.0
2021-08-05 04:48:33,94.0,77.0,9.0,8.0
2021-08-05 04:48:34,110.0,98.0,8.0,4.0
2021-08-05 04:48:35,95.0,85.0,8.0,2.0
2021-08-05 04:48:36,107.0,99.0,4.0,4.0
2021-08-05 04:48:37,99.0,84.0,10.0,5.0
2021-08-05 04:48:38,95.0,83.0,8.0,4.0
2021-08-05 04:48:39,102.0,85.0,13.0,4.0
2021-08-05 04:48:40,80.0,73.0,5.0,2.0
2021-08-05 04:48:41,77.0,68.0,6.0,3.0
2021-08-05 04:48:42,85.0,75.0,6.0,4.0
2021-08-05 04:48:43,99.0,86.0,7.0,6.0
2021-08-05 04:48:44,86.0,75.0,5.0,6.0
2021-08-05 04:48:45,93.0,83.0,3.0,7.0
2021-08-05 04:48:46,74.0,66.0,4.0,4.0
2021-08-05 04:48:47,98.0,89.0,6.0,3.0
2021-08-05 04:48:48,105.0,95.0,5.0,5.0
2021-08-05 04:48:49,105.0,90.0,12.0,3.0
2021-08-05 04:48:50,100.0,87.0,10.0,3.0
2021-08-05 04:48:51,92.0,81.0,7.0,4.0
2021-08-05 04:48:52,114.0,103.0,5.0,6.0
2021-08-05 04:48:53,89.0,81.0,5.0,3.0
2021-08-05 04:48:54,92.0,85.0,7.0,0.0
2021-08-05 04:48:55,94.0,81.0,8.0,5.0
2021-08-05 04:48:56,87.0,64.0,18.0,5.0
2021-08-05 04:48:57,90.0,82.0,6.0,2.0
2021-08-05 04:48:58,83.0,72.0,6.0,5.0
2021-08-05 04:48:59,105.0,95.0,7.0,3.0
2021-08-05 04:49:00,81.0,74.0,1.0,6.0
2021-08-05 04:49:01,91.0,84.0,6.0,1.0
2021-08-05 04:49:02,102.0,94.0,4.0,4.0
2021-08-05 04:49:03,89.0,76.0,8.0,5.0
2021-08-05 04:49:04,87.0,79.0,6.0,2.0
2021-08-05 04:49:05,103.0,93.0,4.0,6.0
2021-08-05 04:49:06,93.0,88.0,5.0,0.0
2021-08-05 04:49:07,116.0,108.0,7.0,1.0
2021-08-05 04:49:08,107.0,94.0,8.0,5.0
2021-08-05 04:49:09,93.0,81.0,9.0,3.0
2021-08-05 04:49:10,88.0,78.0,8.0,2.0
2021-08-05 04:49:11,81.0,70.0,7.0,4.0
2021-08-05 04:49:12,98.0,85.0,7.0,6.0
2021-08-05 04:49:13,95.0,84.0,7.0,4.0
2021-08-05 04:49:14,83.0,71.0,7.0,5.0
2021-08-05 04:49:15,100.0,88.0,5.0,7.0
2021-08-05 04:49:16,91.0,85.0,2.0,4.0
2021-08-05 04:49:17,93.0,79.0,9.0,5.0
2021-08-05 04:49:18,108.0,97.0,6.0,5.0
2021-08-05 04:49:19,91.0,82.0,2.0,7.0
2021-08-05 04:49:20,85.0,77.0,5.0,3.0
2021-08-05 04:49:21,88.0,72.0,8.0,8.0
2021-08-05 04:49:22,73.0,65.0,3.0,5.0
2021-08-05 04:49:23,87.0,75.0,6.0,6.0
2021-08-05 04:49:24,91.0,80.0,6.0,5.0
2021-08-05 04:49:25,102.0,93.0,8.0,1.0
2021-08-05 04:49:26,88.0,78.0,3.0,7.0
2021-08-05 04:49:27,99.0,89.0,7.0,3.0
2021-08-05 04:49:28,103.0,94.0,3.0,6.0
2021-08-05 04:49:29,82.0,69.0,8.0,5.0
2021-08-05 04:49:30,93.0,88.0,3.0,2.0
2021-08-05 04:49:31,93.0,85.0,2.0,6.0
2021-08-05 04:49:32,85.0,73.0,8.0,4.0
2021-08-05 04:49:33,91.0,82.0,4.0,5.0
2021-08-05 04:49:34,110.0,102.0,5.0,3.0
2021-08-05 04:49:35,90.0,83.0,2.0,5.0
2021-08-05 04:49:36,102.0,95.0,4.0,3.0
2021-08-05 04:49:37,98.0,90.0,4.0,4.0
2021-08-05 04:49:38,87.0,75.0,7.0,5.0
2021-08-05 04:49:39,107.0,88.0,12.0,7.0
2021-08-05 04:49:40,87.0,77.0,7.0,3.0
2021-08-05 04:49:41,91.0,83.0,7.0,1.0
2021-08-05 04:49:42,95.0,84.0,6.0,5.0
2021-08-05 04:49:43,109.0,102.0,3.0,4.0
2021-08-05 04:49:44,80.0,71.0,6.0,3.0
2021-08-05 04:49:45,105.0,89.0,7.0,9.0
2021-08-05 04:49:46,94.0,82.0,7.0,5.0
2021-08-05 04:49:47,96.0,86.0,6.0,4.0
2021-08-05 04:49:48,90.0,80.0,6.0,4.0
2021-08-05 04:49:49,75.0,72.0,0.0,3.0
2021-08-05 04:49:50,100.0,89.0,6.0,5.0
2021-08-05 04:49:51,99.0,83.0,11.0,5.0
2021-08-05 04:49:52,83.0,75.0,7.0,1.0
2021-08-05 04:49:53,91.0,78.0,9.0,4.0
2021-08-05 04:49:54,83.0,77.0,3.0,3.0
2021-08-05 04:49:55,95.0,85.0,8.0,2.0
2021-08-05 04:49:56,77.0,74.0,3.0,0.0
2021-08-05 04:49:57,113.0,100.0,6.0,7.0
2021-08-05 04:49:58,87.0,79.0,6.0,2.0
2021-08-05 04:49:59,94.0,79.0,9.0,6.0
2021-08-05 04:50:00,98.0,89.0,3.0,6.0
2021-08-05 04:50:01,82.0,73.0,7.0,2.0
2021-08-05 04:50:02,83.0,77.0,4.0,2.0
2021-08-05 04:50:03,89.0,75.0,3.0,11.0
2021-08-05 04:50:04,118.0,106.0,6.0,6.0
2021-08-05 04:50:05,110.0,97.0,5.0,8.0
2021-08-05 04:50:06,76.0,65.0,5.0,6.0
2021-08-05 04:50:07,97.0,84.0,5.0,8.0
2021-08-05 04:50:08,93.0,83.0,7.0,3.0
2021-08-05 04:50:09,79.0,69.0,6.0,4.0
2021-08-05 04:50:10,103.0,96.0,4.0,3.0
2021-08-05 04:50:11,103.0,90.0,7.0,6.0
2021-08-05 04:50:12,92.0,87.0,3.0,2.0
2021-08-05 04:50:13,101.0,91.0,5.0,5.0
2021-08-05 04:50:14,106.0,95.0,6.0,5.0
2021-08-05 04:50:15,99.0,81.0,10.0,8.0
2021-08-05 04:50:16,95.0,84.0,8.0,3.0
2021-08-05 04:50:17,98.0,83.0,10.0,5.0
2021-08-05 04:50:18,96.0,86.0,6.0,4.0
2021-08-05 04:50:19,87.0,81.0,3.0,3.0
2021-08-05 04:50:20,77.0,65.0,7.0,5.0
2021-08-05 04:50:21,90.0,84.0,4.0,2.0
2021-08-05 04:50:22,85.0,73.0,9.0,3.0
2021-08-05 04:50:23,89.0,77.0,7.0,5.0
2021-08-05 04:50:24,109.0,97.0,7.0,5.0
2021-08-05 04:50:25,84.0,76.0,6.0,2.0
2021-08-05 04:50:26,94.0,81.0,8.0,5.0
2021-08-05 04:50:27,94.0,87.0,4.0,3.0
2021-08-05 04:50:28,103.0,90.0,9.0,4.0
2021-08-05 04:50:29,89.0,80.0,5.0,4.0
2021-08-05 04:50:30,81.0,72.0,5.0,4.0
2021-08-05 04:50:31,89.0,77.0,9.0,3.0
2021-08-05 04:50:32,94.0,84.0,7.0,3.0
2021-08-05 04:50:33,81.0,73.0,5.0,3.0
2021-08-05 04:50:34,88.0,78.0,9.0,1.0
2021-08-05 04:50:35,84.0,75.0,4.0,5.0
2021-08-05 04:50:36,100.0,86.0,5.0,9.0
2021-08-05 04:50:37,88.0,77.0,8.0,3.0
2021-08-05 04:50:38,96.0,85.0,8.0,3.0
2021-08-05 04:50:39,93.0,82.0,7.0,4.0
2021-08-05 04:50:40,92.0,80.0,7.0,5.0
2021-08-05 04:50:41,90.0,77.0,8.0,5.0
2021-08-05 04:50:42,100.0,94.0,4.0,2.0
2021-08-05 04:50:43,98.0,91.0,5.0,2.0
2021-08-05 04:50:44,104.0,88.0,11.0,5.0
2021-08-05 04:50:45,113.0,100.0,9.0,4.0
2021-08-05 04:50:46,79.0,69.0,6.0,4.0
2021-08-05 04:50:47,87.0,80.0,4.0,3.0
2021-08-05 04:50:48,94.0,84.0,5.0,5.0
2021-08-05 04:50:49,84.0,74.0,4.0,6.0
2021-08-05 04:50:50,90.0,77.0,7.0,6.0
2021-08-05 04:50:51,90.0,76.0,9.0,5.0
2021-08-05 04:50:52,112.0,101.0,8.0,3.0
2021-08-05 04:50:53,92.0,82.0,8.0,2.0
2021-08-05 04:50:54,92.0,83.0,4.0,5.0
2021-08-05 04:50:55,99.0,90.0,5.0,4.0
2021-08-05 04:50:56,98.0,86.0,8.0,4.0
2021-08-05 04:50:57,91.0,80.0,5.0,6.0
2021-08-05 04:50:58,78.0,66.0,8.0,4.0
2021-08-05 04:50:59,100.0,85.0,9.0,6.0
2021-08-05 04:51:00,93.0,88.0,2.0,3.0
2021-08-05 04:51:01,101.0,88.0,8.0,5.0
2021-08-05 04:51:02,92.0,84.0,6.0,2.0
2021-08-05 04:51:03,96.0,87.0,7.0,2.0
2021-08-05 04:51:04,111.0,96.0,10.0,5.0
2021-08-05 04:51:05,102.0,92.0,4.0,6.0
2021-08-05 04:51:06,92.0,83.0,5.0,4.0
2021-08-05 04:51:07,80.0,68.0,7.0,5.0
2021-08-05 04:51:08,95.0,86.0,8.0,1.0
2021-08-05 04:51:09,85.0,75.0,7.0,3.0
2021-08-05 04:51:10,104.0,93.0,7.0,4.0
2021-08-05 04:51:11,79.0,70.0,6.0,3.0
2021-08-05 04:51:12,94.0,86.0,7.0,1.0
2021-08-05 04:51:13,84.0,73.0,4.0,7.0
2021-08-05 04:51:14,82.0,74.0,2.0,6.0
2021-08-05 04:51:15,99.0,83.0,9.0,7.0
2021-08-05 04:51:16,105.0,93.0,5.0,7.0
2021-08-05 04:51:17,97.0,84.0,8.0,5.0
2021-08-05 04:51:18,86.0,78.0,4.0,4.0
2021-08-05 04:51:19,100.0,88.0,7.0,5.0
2021-08-05 04:51:20,94.0,83.0,5.0,6.0
2021-08-05 04:51:21,89.0,82.0,3.0,4.0
2021-08-05 04:51:22,104.0,92.0,9.0,3.0
2021-08-05 04:51:23,94.0,80.0,10.0,4.0
2021-08-05 04:51:24,88.0,82.0,3.0,3.0
2021-08-05 04:51:25,70.0,63.0,3.0,4.0
2021-08-05 04:51:26,110.0,93.0,13.0,4.0
2021-08-05 04:51:27,99.0,81.0,9.0,9.0
2021-08-05 04:51:28,93.0,80.0,9.0,4.0
2021-08-05 04:51:29,91.0,81.0,7.0,3.0
2021-08-05 04:51:30,91.0,84.0,6.0,1.0
2021-08-05 04:51:31,104.0,91.0,9.0,4.0
2021-08-05 04:51:32,99.0,83.0,11.0,5.0
2021-08-05 04:51:33,98.0,89.0,5.0,4.0
2021-08-05 04:51:34,87.0,76.0,7.0,4.0
2021-08-05 04:51:35,76.0,71.0,5.0,0.0
2021-08-05 04:51:36,88.0,75.0,6.0,7.0
2021-08-05 04:51:37,97.0,83.0,6.0,8.0
2021-08-05 04:51:38,85.0,76.0,5.0,4.0
2021-08-05 04:51:39,86.0,77.0,6.0,3.0
2021-08-05 04:51:40,87.0,76.0,4.0,7.0
2021-08-05 04:51:41,80.0,72.0,6.0,2.0
2021-08-05 04:51:42,91.0,84.0,3.0,4.0
2021-08-05 04:51:43,94.0,80.0,6.0,8.0
2021-08-05 04:51:44,98.0,85.0,8.0,5.0
2021-08-05 04:51:45,86.0,78.0,3.0,5.0
2021-08-05 04:51:46,107.0,100.0,4.0,3.0
2021-08-05 04:51:47,91.0,84.0,5.0,2.0
2021-08-05 04:51:48,118.0,107.0,7.0,4.0
2021-08-05 04:51:49,96.0,89.0,5.0,2.0
2021-08-05 04:51:50,107.0,91.0,9.0,7.0
2021-08-05 04:51:51,80.0,76.0,2.0,2.0
2021-08-05 04:51:52,100.0,80.0,11.0,9.0
2021-08-05 04:51:53,92.0,79.0,6.0,7.0
2021-08-05 04:51:54,92.0,76.0,11.0,5.0
2021-08-05 04:51:55,94.0,88.0,5.0,1.0
2021-08-05 04:51:56,91.0,79.0,8.0,4.0
2021-08-05 04:51:57,108.0,91.0,10.0,7.0
2021-08-05 04:51:58,87.0,81.0,2.0,4.0
2021-08-05 04:51:59,93.0,80.0,7.0,6.0
2021-08-05 04:52:00,89.0,77.0,6.0,6.0
2021-08-05 04:52:01,93.0,81.0,8.0,4.0
2021-08-05 04:52:02,89.0,84.0,5.0,0.0
2021-08-05 04:52:03,84.0,71.0,11.0,2.0
2021-08-05 04:52:04,92.0,84.0,5.0,3.0
2021-08-05 04:52:05,82.0,75.0,4.0,3.0
2021-08-05 04:52:06,95.0,83.0,8.0,4.0
2021-08-05 04:52:07,95.0,82.0,9.0,4.0
2021-08-05 04:52:08,89.0,77.0,8.0,4.0
2021-08-05 04:52:09,102.0,95.0,4.0,3.0
2021-08-05 04:52:10,85.0,73.0,7.0,5.0
2021-08-05 04:52:11,72.0,65.0,5.0,2.0
2021-08-05 04:52:12,93.0,84.0,5.0,4.0
2021-08-05 04:52:13,112.0,97.0,11.0,4.0
2021-08-05 04:52:14,100.0,86.0,8.0,6.0
2021-08-05 04:52:15,96.0,87.0,6.0,3.0
2021-08-05 04:52:16,69.0,60.0,5.0,4.0
2021-08-05 04:52:17,97.0,85.0,7.0,5.0
2021-08-05 04:52:18,99.0,88.0,5.0,6.0
2021-08-05 04:52:19,86.0,71.0,10.0,5.0
2021-08-05 04:52:20,79.0,71.0,5.0,3.0
2021-08-05 04:52:21,95.0,86.0,5.0,4.0
2021-08-05 04:52:22,94.0,87.0,4.0,3.0
2021-08-05 04:52:23,93.0,84.0,7.0,2.0
2021-08-05 04:52:24,109.0,101.0,7.0,1.0
2021-08-05 04:52:25,103.0,91.0,4.0,8.0
2021-08-05 04:52:26,88.0,79.0,0.0,9.0
2021-08-05 04:52:27,94.0,81.0,6.0,7.0
2021-08-05 04:52:28,88.0,80.0,5.0,3.0
2021-08-05 04:52:29,101.0,94.0,4.0,3.0
2021-08-05 04:52:30,97.0,88.0,4.0,5.0
2021-08-05 04:52:31,88.0,80.0,4.0,4.0
2021-08-05 04:52:32,95.0,79.0,9.0,7.0
2021-08-05 04:52:33,89.0,79.0,5.0,5.0
2021-08-05 04:52:34,87.0,79.0,5.0,3.0
2021-08-05 04:52:35,97.0,90.0,5.0,2.0
2021-08-05 04:52:36,105.0,90.0,9.0,6.0
2021-08-05 04:52:37,114.0,99.0,6.0,9.0
2021-08-05 04:52:38,94.0,85.0,7.0,2.0
2021-08-05 04:52:39,103.0,91.0,9.0,3.0
2021-08-05 04:52:40,91.0,84.0,3.0,4.0
2021-08-05 04:52:41,102.0,91.0,8.0,3.0
2021-08-05 04:52:42,89.0,82.0,4.0,3.0
2021-08-05 04:52:43,108.0,94.0,10.0,4.0
2021-08-05 04:52:44,82.0,71.0,7.0,4.0
2021-08-05 04:52:45,83.0,74.0,2.0,7.0
2021-08-05 04:52:46,101.0,88.0,7.0,6.0
2021-08-05 04:52:47,101.0,96.0,2.0,3.0
2021-08-05 04:52:48,105.0,95.0,8.0,2.0
2021-08-05 04:52:49,108.0,96.0,8.0,4.0
2021-08-05 04:52:50,95.0,90.0,3.0,2.0
2021-08-05 04:52:51,100.0,91.0,5.0,4.0
2021-08-05 04:52:52,83.0,73.0,6.0,4.0
2021-08-05 04:52:53,91.0,84.0,6.0,1.0
2021-08-05 04:52:54,94.0,86.0,4.0,4.0
2021-08-05 04:52:55,93.0,80.0,4.0,9.0
2021-08-05 04:52:56,86.0,74.0,6.0,6.0
2021-08-05 04:52:57,109.0,101.0,4.0,4.0
2021-08-05 04:52:58,92.0,78.0,6.0,8.0
2021-08-05 04:52:59,87.0,78.0,5.0,4.0
2021-08-05 04:53:00,102.0,88.0,11.0,3.0
2021-08-05 04:53:01,102.0,87.0,8.0,7.0
2021-08-05 04:53:02,105.0,94.0,6.0,5.0
2021-08-05 04:53:03,97.0,87.0,6.0,4.0
2021-08-05 04:53:04,79.0,72.0,6.0,1.0
2021-08-05 04:53:05,106.0,93.0,11.0,2.0
2021-08-05 04:53:06,84.0,72.0,5.0,7.0
2021-08-05 04:53:07,95.0,82.0,10.0,3.0
2021-08-05 04:53:08,96.0,85.0,9.0,2.0
2021-08-05 04:53:09,99.0,82.0,12.0,5.0
2021-08-05 04:53:10,86.0,77.0,6.0,3.0
2021-08-05 04:53:11,97.0,82.0,10.0,5.0
2021-08-05 04:53:12,91.0,79.0,6.0,6.0
2021-08-05 04:53:13,88.0,76.0,7.0,5.0
2021-08-05 04:53:14,80.0,72.0,7.0,1.0
2021-08-05 04:53:15,115.0,106.0,7.0,2.0
2021-08-05 04:53:16,101.0,90.0,6.0,5.0
2021-08-05 04:53:17,93.0,84.0,5.0,4.0
2021-08-05 04:53:18,94.0,86.0,8.0,0.0
2021-08-05 04:53:19,109.0,101.0,7.0,1.0
2021-08-05 04:53:20,100.0,83.0,14.0,3.0
2021-08-05 04:53:21,88.0,82.0,3.0,3.0
2021-08-05 04:53:22,93.0,83.0,9.0,1.0
2021-08-05 04:53:23,76.0,69.0,6.0,1.0
2021-08-05 04:53:24,98.0,81.0,8.0,9.0
2021-08-05 04:53:25,102.0,87.0,7.0,8.0
2021-08-05 04:53:26,77.0,70.0,4.0,3.0
2021-08-05 04:53:27,93.0,86.0,2.0,5.0
2021-08-05 04:53:28,93.0,81.0,10.0,2.0
2021-08-05 04:53:29,87.0,81.0,2.0,4.0
2021-08-05 04:53:30,90.0,77.0,4.0,9.0
2021-08-05 04:53:31,102.0,90.0,7.0,5.0
2021-08-05 04:53:32,101.0,93.0,5.0,3.0
2021-08-05 04:53:33,89.0,79.0,5.0,5.0
2021-08-05 04:53:34,88.0,77.0,8.0,3.0
2021-08-05 04:53:35,117.0,107.0,6.0,4.0
2021-08-05 04:53:36,84.0,73.0,8.0,3.0
2021-08-05 04:53:37,101.0,85.0,10.0,6.0
2021-08-05 04:53:38,92.0,83.0,6.0,3.0
2021-08-05 04:53:39,88.0,73.0,8.0,7.0
2021-08-05 04:53:40,90.0,79.0,9.0,2.0
2021-08-05 04:53:41,85.0,73.0,9.0,3.0
2021-08-05 04:53:42,82.0,77.0,4.0,1.0
2021-08-05 04:53:43,83.0,75.0,6.0,2.0
2021-08-05 04:53:44,96.0,84.0,7.0,5.0
2021-08-05 04:53:45,96.0,87.0,6.0,3.0
2021-08-05 04:53:46,79.0,69.0,5.0,5.0
2021-08-05 04:53:47,92.0,81.0,5.0,6.0
2021-08-05 04:53:48,103.0,94.0,5.0,4.0
2021-08-05 04:53:49,92.0,81.0,4.0,7.0
2021-08-05 04:53:50,98.0,88.0,7.0,3.0
2021-08-05 04:53:51,102.0,87.0,10.0,5.0
2021-08-05 04:53:52,89.0,79.0,5.0,5.0
2021-08-05 04:53:53,87.0,81.0,5.0,1.0
2021-08-05 04:53:54,87.0,78.0,6.0,3.0
2021-08-05 04:53:55,108.0,98.0,3.0,7.0
2021-08-05 04:53:56,100.0,91.0,5.0,4.0
2021-08-05 04:53:57,102.0,89.0,6.0,7.0
2021-08-05 04:53:58,93.0,80.0,9.0,4.0
2021-08-05 04:53:59,97.0,87.0,8.0,2.0
2021-08-05 04:54:00,78.0,70.0,5.0,3.0
2021-08-05 04:54:01,76.0,62.0,9.0,5.0
2021-08-05 04:54:02,92.0,80.0,7.0,5.0
2021-08-05 04:54:03,96.0,86.0,7.0,3.0
2021-08-05 04:54:04,77.0,69.0,5.0,3.0
2021-08-05 04:54:05,92.0,87.0,5.0,0.0
2021-08-05 04:54:06,95.0,81.0,10.0,4.0
2021-08-05 04:54:07,98.0,91.0,7.0,0.0
2021-08-05 04:54:08,83.0,76.0,7.0,0.0
2021-08-05 04:54:09,102.0,90.0,6.0,6.0
2021-08-05 04:54:10,83.0,72.0,7.0,4.0
2021-08-05 04:54:11,85.0,78.0,2.0,5.0
2021-08-05 04:54:12,96.0,86.0,5.0,5.0
2021-08-05 04:54:13,102.0,94.0,3.0,5.0
2021-08-05 04:54:14,92.0,86.0,3.0,3.0
2021-08-05 04:54:15,88.0,81.0,4.0,3.0
2021-08-05 04:54:16,93.0,87.0,2.0,4.0
2021-08-05 04:54:17,99.0,87.0,10.0,2.0
2021-08-05 04:54:18,102.0,94.0,7.0,1.0
2021-08-05 04:54:19,92.0,83.0,8.0,1.0
2021-08-05 04:54:20,98.0,86.0,8.0,4.0
2021-08-05 04:54:21,83.0,72.0,8.0,3.0
2021-08-05 04:54:22,81.0,70.0,6.0,5.0
2021-08-05 04:54:23,118.0,102.0,10.0,6.0
2021-08-05 04:54:24,99.0,86.0,9.0,4.0
2021-08-05 04:54:25,81.0,70.0,7.0,4.0
2021-08-05 04:54:26,84.0,68.0,11.0,5.0
2021-08-05 04:54:27,94.0,81.0,6.0,7.0
2021-08-05 04:54:28,91.0,84.0,2.0,5.0
2021-08-05 04:54:29,85.0,75.0,4.0,6.0
2021-08-05 04:54:30,88.0,79.0,6.0,3.0
2021-08-05 04:54:31,96.0,89.0,4.0,3.0
2021-08-05 04:54:32,76.0,69.0,6.0,1.0
2021-08-05 04:54:33,91.0,86.0,2.0,3.0
2021-08-05 04:54:34,85.0,75.0,5.0,5.0
2021-08-05 04:54:35,95.0,85.0,5.0,5.0
2021-08-05 04:54:36,104.0,91.0,10.0,3.0
2021-08-05 04:54:37,85.0,76.0,5.0,4.0
2021-08-05 04:54:38,81.0,68.0,7.0,6.0
2021-08-05 04:54:39,78.0,68.0,8.0,2.0
2021-08-05 04:54:40,85.0,73.0,7.0,5.0
2021-08-05 04:54:41,110.0,90.0,10.0,10.0
2021-08-05 04:54:42,90.0,75.0,9.0,6.0
2021-08-05 04:54:43,99.0,87.0,6.0,6.0
2021-08-05 04:54:44,92.0,85.0,4.0,3.0
2021-08-05 04:54:45,95.0,89.0,3.0,3.0
2021-08-05 04:54:46,96.0,81.0,10.0,5.0
2021-08-05 04:54:47,110.0,100.0,4.0,6.0
2021-08-05 04:54:48,82.0,70.0,9.0,3.0
2021-08-05 04:54:49,88.0,80.0,3.0,5.0
2021-08-05 04:54:50,92.0,79.0,7.0,6.0
2021-08-05 04:54:51,93.0,84.0,7.0,2.0
2021-08-05 04:54:52,102.0,86.0,8.0,8.0
2021-08-05 04:54:53,98.0,82.0,12.0,4.0
2021-08-05 04:54:54,82.0,78.0,2.0,2.0
2021-08-05 04:54:55,93.0,81.0,7.0,5.0
2021-08-05 04:54:56,95.0,77.0,8.0,10.0
2021-08-05 04:54:57,93.0,78.0,8.0,7.0
2021-08-05 04:54:58,108.0,97.0,6.0,5.0
2021-08-05 04:54:59,92.0,82.0,6.0,4.0
2021-08-05 04:55:00,98.0,87.0,8.0,3.0
2021-08-05 04:55:01,94.0,80.0,8.0,6.0
2021-08-05 04:55:02,98.0,91.0,5.0,2.0
2021-08-05 04:55:03,95.0,81.0,11.0,3.0
2021-08-05 04:55:04,101.0,91.0,2.0,8.0
2021-08-05 04:55:05,95.0,84.0,4.0,7.0
2021-08-05 04:55:06,103.0,91.0,10.0,2.0
2021-08-05 04:55:07,94.0,87.0,6.0,1.0
2021-08-05 04:55:08,78.0,67.0,8.0,3.0
2021-08-05 04:55:09,92.0,82.0,9.0,1.0
2021-08-05 04:55:10,102.0,91.0,8.0,3.0
2021-08-05 04:55:11,90.0,82.0,3.0,5.0
2021-08-05 04:55:12,89.0,83.0,4.0,2.0
2021-08-05 04:55:13,85.0,79.0,5.0,1.0
2021-08-05 04:55:14,92.0,84.0,7.0,1.0
2021-08-05 04:55:15,115.0,102.0,11.0,2.0
2021-08-05 04:55:16,95.0,84.0,7.0,4.0
2021-08-05 04:55:17,105.0,92.0,7.0,6.0
2021-08-05 04:55:18,88.0,80.0,4.0,4.0
2021-08-05 04:55:19,108.0,94.0,9.0,5.0
2021-08-05 04:55:20,87.0,76.0,6.0,5.0
2021-08-05 04:55:21,98.0,85.0,9.0,4.0
2021-08-05 04:55:22,94.0,83.0,8.0,3.0
2021-08-05 04:55:23,94.0,80.0,7.0,7.0
2021-08-05 04:55:24,90.0,75.0,7.0,8.0
2021-08-05 04:55:25,84.0,76.0,1.0,7.0
2021-08-05 04:55:26,86.0,76.0,7.0,3.0
2021-08-05 04:55:27,96.0,91.0,3.0,2.0
2021-08-05 04:55:28,83.0,70.0,5.0,8.0
2021-08-05 04:55:29,107.0,96.0,8.0,3.0
2021-08-05 04:55:30,98.0,90.0,2.0,6.0
2021-08-05 04:55:31,69.0,62.0,4.0,3.0
2021-08-05 04:55:32,87.0,74.0,5.0,8.0
2021-08-05 04:55:33,112.0,95.0,9.0,8.0
2021-08-05 04:55:34,81.0,72.0,7.0,2.0
2021-08-05 04:55:35,90.0,75.0,9.0,6.0
2021-08-05 04:55:36,82.0,77.0,3.0,2.0
2021-08-05 04:55:37,98.0,85.0,5.0,8.0
2021-08-05 04:55:38,102.0,90.0,4.0,8.0
2021-08-05 04:55:39,98.0,90.0,4.0,4.0
2021-08-05 04:55:40,107.0,95.0,7.0,5.0
2021-08-05 04:55:41,72.0,69.0,2.0,1.0
2021-08-05 04:55:42,71.0,61.0,5.0,5.0
2021-08-05 04:55:43,92.0,84.0,1.0,7.0
2021-08-05 04:55:44,96.0,87.0,4.0,5.0
2021-08-05 04:55:45,88.0,79.0,4.0,5.0
2021-08-05 04:55:46,95.0,79.0,8.0,8.0
2021-08-05 04:55:47,91.0,79.0,6.0,6.0
2021-08-05 04:55:48,102.0,88.0,9.0,5.0
2021-08-05 04:55:49,111.0,98.0,9.0,4.0
2021-08-05 04:55:50,93.0,85.0,7.0,1.0
2021-08-05 04:55:51,91.0,85.0,3.0,3.0
2021-08-05 04:55:52,92.0,85.0,4.0,3.0
2021-08-05 04:55:53,93.0,79.0,6.0,8.0
2021-08-05 04:55:54,76.0,67.0,5.0,4.0
2021-08-05 04:55:55,114.0,101.0,6.0,7.0
2021-08-05 04:55:56,87.0,80.0,4.0,3.0
2021-08-05 04:55:57,97.0,90.0,5.0,2.0
2021-08-05 04:55:58,111.0,102.0,8.0,1.0
2021-08-05 04:55:59,104.0,90.0,11.0,3.0
2021-08-05 04:56:00,89.0,83.0,4.0,2.0
2021-08-05 04:56:01,75.0,69.0,4.0,2.0
2021-08-05 04:56:02,86.0,79.0,4.0,3.0
2021-08-05 04:56:03,83.0,71.0,5.0,7.0
2021-08-05 04:56:04,87.0,79.0,4.0,4.0
2021-08-05 04:56:05,85.0,75.0,5.0,5.0
2021-08-05 04:56:06,103.0,92.0,6.0,5.0
2021-08-05 04:56:07,82.0,70.0,8.0,4.0
2021-08-05 04:56:08,98.0,88.0,4.0,6.0
2021-08-05 04:56:09,74.0,68.0,5.0,1.0
2021-08-05 04:56:10,106.0,97.0,5.0,4.0
2021-08-05 04:56:11,81.0,68.0,10.0,3.0
2021-08-05 04:56:12,90.0,83.0,4.0,3.0
2021-08-05 04:56:13,104.0,93.0,5.0,6.0
2021-08-05 04:56:14,109.0,93.0,9.0,7.0
2021-08-05 04:56:15,79.0,67.0,7.0,5.0
2021-08-05 04:56:16,96.0,86.0,5.0,5.0
2021-08-05 04:56:17,103.0,95.0,5.0,3.0
2021-08-05 04:56:18,88.0,77.0,6.0,5.0
2021-08-05 04:56:19,103.0,100.0,1.0,2.0
2021-08-05 04:56:20,94.0,81.0,6.0,7.0
2021-08-05 04:56:21,101.0,96.0,4.0,1.0
2021-08-05 04:56:22,94.0,88.0,5.0,1.0
2021-08-05 04:56:23,76.0,66.0,8.0,2.0
2021-08-05 04:56:24,104.0,89.0,12.0,3.0
2021-08-05 04:56:25,94.0,76.0,12.0,6.0
2021-08-05 04:56:26,91.0,76.0,12.0,3.0
2021-08-05 04:56:27,86.0,76.0,7.0,3.0
2021-08-05 04:56:28,95.0,84.0,6.0,5.0
2021-08-05 04:56:29,86.0,80.0,6.0,0.0
2021-08-05 04:56:30,86.0,78.0,5.0,3.0
2021-08-05 04:56:31,83.0,73.0,5.0,5.0
2021-08-05 04:56:32,97.0,87.0,5.0,5.0
2021-08-05 04:56:33,88.0,74.0,8.0,6.0
2021-08-05 04:56:34,85.0,74.0,7.0,4.0
2021-08-05 04:56:35,97.0,87.0,5.0,5.0
2021-08-05 04:56:36,94.0,86.0,6.0,2.0
2021-08-05 04:56:37,91.0,80.0,6.0,5.0
2021-08-05 04:56:38,80.0,70.0,5.0,5.0
2021-08-05 04:56:39,95.0,79.0,8.0,8.0
2021-08-05 04:56:40,89.0,79.0,6.0,4.0
2021-08-05 04:56:41,77.0,69.0,7.0,1.0
2021-08-05 04:56:42,81.0,69.0,7.0,5.0
2021-08-05 04:56:43,75.0,68.0,4.0,3.0
2021-08-05 04:56:44,92.0,80.0,9.0,3.0
2021-08-05 04:56:45,105.0,93.0,3.0,9.0
2021-08-05 04:56:46,96.0,87.0,4.0,5.0
2021-08-05 04:56:47,78.0,70.0,6.0,2.0
2021-08-05 04:56:48,90.0,77.0,8.0,5.0
2021-08-05 04:56:49,93.0,79.0,7.0,7.0
2021-08-05 04:56:50,92.0,86.0,4.0,2.0
2021-08-05 04:56:51,90.0,79.0,5.0,6.0
2021-08-05 04:56:52,98.0,84.0,8.0,6.0
2021-08-05 04:56:53,100.0,95.0,4.0,1.0
2021-08-05 04:56:54,94.0,86.0,6.0,2.0
2021-08-05 04:56:55,83.0,75.0,6.0,2.0
2021-08-05 04:56:56,103.0,86.0,7.0,10.0
2021-08-05 04:56:57,77.0,70.0,4.0,3.0
2021-08-05 04:56:58,102.0,88.0,11.0,3.0
2021-08-05 04:56:59,104.0,97.0,6.0,1.0
2021-08-05 04:57:00,82.0,76.0,5.0,1.0
2021-08-05 04:57:01,98.0,87.0,8.0,3.0
2021-08-05 04:57:02,83.0,71.0,8.0,4.0
2021-08-05 04:57:03,92.0,85.0,4.0,3.0
2021-08-05 04:57:04,92.0,84.0,4.0,4.0
2021-08-05 04:57:05,86.0,73.0,9.0,4.0
2021-08-05 04:57:06,88.0,77.0,6.0,5.0
2021-08-05 04:57:07,93.0,81.0,6.0,6.0
2021-08-05 04:57:08,75.0,68.0,4.0,3.0
2021-08-05 04:57:09,94.0,81.0,10.0,3.0
2021-08-05 04:57:10,89.0,76.0,8.0,5.0
2021-08-05 04:57:11,71.0,61.0,4.0,6.0
2021-08-05 04:57:12,96.0,84.0,7.0,5.0
2021-08-05 04:57:13,105.0,93.0,6.0,6.0
2021-08-05 04:57:14,98.0,92.0,3.0,3.0
2021-08-05 04:57:15,96.0,85.0,4.0,7.0
2021-08-05 04:57:16,92.0,83.0,2.0,7.0
2021-08-05 04:57:17,83.0,73.0,5.0,5.0
2021-08-05 04:57:18,105.0,98.0,6.0,1.0
2021-08-05 04:57:19,112.0,103.0,3.0,6.0
2021-08-05 04:57:20,77.0,70.0,4.0,3.0
2021-08-05 04:57:21,90.0,73.0,11.0,6.0
2021-08-05 04:57:22,84.0,73.0,4.0,7.0
2021-08-05 04:57:23,85.0,77.0,5.0,3.0
2021-08-05 04:57:24,85.0,70.0,5.0,10.0
2021-08-05 04:57:25,85.0,76.0,5.0,4.0
2021-08-05 04:57:26,77.0,68.0,5.0,4.0
2021-08-05 04:57:27,87.0,77.0,5.0,5.0
2021-08-05 04:57:28,78.0,70.0,4.0,4.0
2021-08-05 04:57:29,97.0,88.0,5.0,4.0
2021-08-05 04:57:30,82.0,72.0,5.0,5.0
2021-08-05 04:57:31,91.0,83.0,5.0,3.0
2021-08-05 04:57:32,87.0,78.0,8.0,1.0
2021-08-05 04:57:33,92.0,80.0,8.0,4.0
2021-08-05 04:57:34,71.0,65.0,4.0,2.0
2021-08-05 04:57:35,94.0,81.0,7.0,6.0
2021-08-05 04:57:36,89.0,78.0,8.0,3.0
2021-08-05 04:57:37,92.0,77.0,12.0,3.0
2021-08-05 04:57:38,96.0,86.0,5.0,5.0
2021-08-05 04:57:39,78.0,69.0,3.0,6.0
2021-08-05 04:57:40,90.0,78.0,7.0,5.0
2021-08-05 04:57:41,108.0,97.0,8.0,3.0
2021-08-05 04:57:42,84.0,75.0,1.0,8.0
2021-08-05 04:57:43,102.0,93.0,5.0,4.0
2021-08-05 04:57:44,107.0,94.0,8.0,5.0
2021-08-05 04:57:45,80.0,71.0,5.0,4.0
2021-08-05 04:57:46,75.0,71.0,1.0,3.0
2021-08-05 04:57:47,82.0,74.0,6.0,2.0
2021-08-05 04:57:48,90.0,80.0,8.0,2.0
2021-08-05 04:57:49,106.0,95.0,8.0,3.0
2021-08-05 04:57:50,92.0,81.0,4.0,7.0
2021-08-05 04:57:51,105.0,89.0,12.0,4.0
2021-08-05 04:57:52,84.0,75.0,6.0,3.0
2021-08-05 04:57:53,83.0,69.0,7.0,7.0
2021-08-05 04:57:54,102.0,85.0,12.0,5.0
2021-08-05 04:57:55,92.0,85.0,4.0,3.0
2021-08-05 04:57:56,97.0,87.0,8.0,2.0
2021-08-05 04:57:57,93.0,80.0,4.0,9.0
2021-08-05 04:57:58,95.0,86.0,6.0,3.0
2021-08-05 04:57:59,86.0,77.0,5.0,4.0
2021-08-05 04:58:00,94.0,86.0,5.0,3.0
2021-08-05 04:58:01,71.0,64.0,6.0,1.0
2021-08-05 04:58:02,90.0,80.0,4.0,6.0
2021-08-05 04:58:03,107.0,97.0,4.0,6.0
2021-08-05 04:58:04,100.0,90.0,5.0,5.0
2021-08-05 04:58:05,81.0,73.0,4.0,4.0
2021-08-05 04:58:06,87.0,76.0,6.0,5.0
2021-08-05 04:58:07,93.0,82.0,9.0,2.0
2021-08-05 04:58:08,82.0,70.0,7.0,5.0
2021-08-05 04:58:09,83.0,74.0,4.0,5.0
2021-08-05 04:58:10,99.0,85.0,6.0,8.0
2021-08-05 04:58:11,100.0,91.0,7.0,2.0
2021-08-05 04:58:12,101.0,87.0,9.0,5.0
2021-08-05 04:58:13,87.0,68.0,10.0,9.0
2021-08-05 04:58:14,91.0,74.0,10.0,7.0
2021-08-05 04:58:15,83.0,74.0,4.0,5.0
2021-08-05 04:58:16,86.0,76.0,6.0,4.0
2021-08-05 04:58:17,99.0,84.0,7.0,8.0
2021-08-05 04:58:18,88.0,78.0,6.0,4.0
2021-08-05 04:58:19,98.0,85.0,5.0,8.0
2021-08-05 04:58:20,90.0,84.0,2.0,4.0
2021-08-05 04:58:21,98.0,85.0,6.0,7.0
2021-08-05 04:58:22,96.0,88.0,6.0,2.0
2021-08-05 04:58:23,92.0,78.0,10.0,4.0
2021-08-05 04:58:24,97.0,82.0,9.0,6.0
2021-08-05 04:58:25,84.0,76.0,3.0,5.0
2021-08-05 04:58:26,108.0,89.0,13.0,6.0
2021-08-05 04:58:27,79.0,69.0,4.0,6.0
2021-08-05 04:58:28,87.0,80.0,6.0,1.0
2021-08-05 04:58:29,91.0,82.0,6.0,3.0
2021-08-05 04:58:30,90.0,78.0,6.0,6.0
2021-08-05 04:58:31,104.0,95.0,4.0,5.0
2021-08-05 04:58:32,80.0,75.0,2.0,3.0
2021-08-05 04:58:33,97.0,90.0,4.0,3.0
2021-08-05 04:58:34,80.0,71.0,5.0,4.0
2021-08-05 04:58:35,99.0,83.0,9.0,7.0
2021-08-05 04:58:36,90.0,77.0,9.0,4.0
2021-08-05 04:58:37,88.0,77.0,6.0,5.0
2021-08-05 04:58:38,94.0,79.0,10.0,5.0
2021-08-05 04:58:39,99.0,79.0,13.0,7.0
2021-08-05 04:58:40,102.0,88.0,10.0,4.0
2021-08-05 04:58:41,85.0,75.0,4.0,6.0
2021-08-05 04:58:42,84.0,79.0,4.0,1.0
2021-08-05 04:58:43,89.0,76.0,10.0,3.0
2021-08-05 04:58:44,85.0,71.0,8.0,6.0
2021-08-05 04:58:45,94.0,88.0,4.0,2.0
2021-08-05 04:58:46,99.0,89.0,6.0,4.0
2021-08-05 04:58:47,100.0,88.0,3.0,9.0
2021-08-05 04:58:48,79.0,71.0,6.0,2.0
2021-08-05 04:58:49,98.0,89.0,7.0,2.0
2021-08-05 04:58:50,96.0,83.0,8.0,5.0
2021-08-05 04:58:51,94.0,83.0,6.0,5.0
2021-08-05 04:58:52,100.0,88.0,7.0,5.0
2021-08-05 04:58:53,104.0,94.0,4.0,6.0
2021-08-05 04:58:54,86.0,78.0,6.0,2.0
2021-08-05 04:58:55,69.0,62.0,2.0,5.0
2021-08-05 04:58:56,86.0,78.0,4.0,4.0
2021-08-05 04:58:57,94.0,82.0,7.0,5.0
2021-08-05 04:58:58,84.0,71.0,7.0,6.0
2021-08-05 04:58:59,82.0,68.0,7.0,7.0
2021-08-05 04:59:00,104.0,91.0,8.0,5.0
2021-08-05 04:59:01,91.0,80.0,9.0,2.0
2021-08-05 04:59:02,104.0,96.0,6.0,2.0
2021-08-05 04:59:03,95.0,83.0,7.0,5.0
2021-08-05 04:59:04,92.0,83.0,6.0,3.0
2021-08-05 04:59:05,104.0,92.0,4.0,8.0
2021-08-05 04:59:06,102.0,88.0,9.0,5.0
2021-08-05 04:59:07,90.0,80.0,6.0,4.0
2021-08-05 04:59:08,83.0,70.0,9.0,4.0
2021-08-05 04:59:09,91.0,84.0,3.0,4.0
2021-08-05 04:59:10,91.0,78.0,7.0,6.0
2021-08-05 04:59:11,103.0,92.0,6.0,5.0
2021-08-05 04:59:12,100.0,87.0,9.0,4.0
2021-08-05 04:59:13,74.0,64.0,4.0,6.0
2021-08-05 04:59:14,88.0,78.0,7.0,3.0
2021-08-05 04:59:15,66.0,55.0,3.0,8.0
2021-08-05 04:59:16,104.0,86.0,14.0,4.0
2021-08-05 04:59:17,109.0,96.0,6.0,7.0
2021-08-05 04:59:18,78.0,74.0,2.0,2.0
2021-08-05 04:59:19,103.0,97.0,4.0,2.0
2021-08-05 04:59:20,82.0,73.0,4.0,5.0
2021-08-05 04:59:21,87.0,71.0,8.0,8.0
2021-08-05 04:59:22,81.0,69.0,7.0,5.0
2021-08-05 04:59:23,91.0,77.0,11.0,3.0
2021-08-05 04:59:24,90.0,80.0,5.0,5.0
2021-08-05 04:59:25,92.0,76.0,7.0,9.0
2021-08-05 04:59:26,83.0,71.0,8.0,4.0
2021-08-05 04:59:27,80.0,70.0,7.0,3.0
2021-08-05 04:59:28,105.0,94.0,5.0,6.0
2021-08-05 04:59:29,90.0,79.0,7.0,4.0
2021-08-05 04:59:30,98.0,85.0,7.0,6.0
2021-08-05 04:59:31,101.0,84.0,12.0,5.0
2021-08-05 04:59:32,84.0,77.0,2.0,5.0
2021-08-05 04:59:33,103.0,95.0,6.0,2.0
2021-08-05 04:59:34,79.0,72.0,4.0,3.0
2021-08-05 04:59:35,97.0,86.0,8.0,3.0
2021-08-05 04:59:36,87.0,78.0,7.0,2.0
2021-08-05 04:59:37,97.0,85.0,6.0,6.0
2021-08-05 04:59:38,85.0,73.0,8.0,4.0
2021-08-05 04:59:39,93.0,82.0,8.0,3.0
2021-08-05 04:59:40,88.0,76.0,7.0,5.0
2021-08-05 04:59:41,81.0,69.0,7.0,5.0
2021-08-05 04:59:42,79.0,75.0,3.0,1.0
2021-08-05 04:59:43,98.0,92.0,4.0,2.0
2021-08-05 04:59:44,91.0,80.0,8.0,3.0
2021-08-05 04:59:45,97.0,91.0,2.0,4.0
2021-08-05 04:59:46,89.0,78.0,7.0,4.0
2021-08-05 04:59:47,89.0,82.0,7.0,0.0
2021-08-05 04:59:48,75.0,71.0,3.0,1.0
2021-08-05 04:59:49,85.0,77.0,3.0,5.0
2021-08-05 04:59:50,110.0,97.0,4.0,9.0
2021-08-05 04:59:51,114.0,105.0,5.0,4.0
2021-08-05 04:59:52,90.0,74.0,9.0,7.0
2021-08-05 04:59:53,78.0,72.0,4.0,2.0
2021-08-05 04:59:54,98.0,95.0,1.0,2.0
2021-08-05 04:59:55,98.0,90.0,5.0,3.0
2021-08-05 04:59:56,95.0,82.0,7.0,6.0
2021-08-05 04:59:57,76.0,68.0,2.0,6.0
2021-08-05 04:59:58,97.0,89.0,4.0,4.0
2021-08-05 04:59:59,93.0,80.0,8.0,5.0
2021-08-05 05:00:00,95.0,85.0,7.0,3.0
2021-08-05 05:00:01,76.0,65.0,7.0,4.0
2021-08-05 05:00:02,94.0,85.0,6.0,3.0
2021-08-05 05:00:03,93.0,79.0,8.0,6.0
2021-08-05 05:00:04,87.0,76.0,8.0,3.0
2021-08-05 05:00:05,91.0,84.0,3.0,4.0
2021-08-05 05:00:06,95.0,78.0,10.0,7.0
2021-08-05 05:00:07,91.0,81.0,6.0,4.0
2021-08-05 05:00:08,101.0,88.0,5.0,8.0
2021-08-05 05:00:09,89.0,78.0,2.0,9.0
2021-08-05 05:00:10,97.0,84.0,12.0,1.0
2021-08-05 05:00:11,114.0,102.0,5.0,7.0
2021-08-05 05:00:12,82.0,70.0,6.0,6.0
2021-08-05 05:00:13,98.0,88.0,4.0,6.0
2021-08-05 05:00:14,106.0,90.0,8.0,8.0
2021-08-05 05:00:15,96.0,83.0,7.0,6.0
2021-08-05 05:00:16,105.0,95.0,6.0,4.0
2021-08-05 05:00:17,83.0,78.0,3.0,2.0
2021-08-05 05:00:18,92.0,78.0,9.0,5.0
2021-08-05 05:00:19,96.0,85.0,7.0,4.0
2021-08-05 05:00:20,80.0,77.0,2.0,1.0
2021-08-05 05:00:21,92.0,77.0,8.0,7.0
2021-08-05 05:00:22,89.0,76.0,6.0,7.0
2021-08-05 05:00:23,93.0,88.0,4.0,1.0
2021-08-05 05:00:24,101.0,85.0,14.0,2.0
2021-08-05 05:00:25,102.0,97.0,2.0,3.0
2021-08-05 05:00:26,89.0,80.0,7.0,2.0
2021-08-05 05:00:27,97.0,90.0,4.0,3.0
2021-08-05 05:00:28,95.0,80.0,11.0,4.0
2021-08-05 05:00:29,93.0,83.0,6.0,4.0
2021-08-05 05:00:30,109.0,98.0,6.0,5.0
2021-08-05 05:00:31,92.0,80.0,7.0,5.0
2021-08-05 05:00:32,108.0,100.0,4.0,4.0
2021-08-05 05:00:33,94.0,86.0,4.0,4.0
2021-08-05 05:00:34,92.0,83.0,4.0,5.0
2021-08-05 05:00:35,112.0,98.0,7.0,7.0
2021-08-05 05:00:36,92.0,83.0,6.0,3.0
2021-08-05 05:00:37,92.0,84.0,5.0,3.0
2021-08-05 05:00:38,97.0,86.0,6.0,5.0
2021-08-05 05:00:39,93.0,83.0,5.0,5.0
2021-08-05 05:00:40,95.0,88.0,6.0,1.0
2021-08-05 05:00:41,101.0,87.0,8.0,6.0
2021-08-05 05:00:42,85.0,72.0,8.0,5.0
2021-08-05 05:00:43,87.0,74.0,9.0,4.0
2021-08-05 05:00:44,103.0,92.0,6.0,5.0
2021-08-05 05:00:45,100.0,92.0,5.0,3.0
2021-08-05 05:00:46,88.0,80.0,5.0,3.0
2021-08-05 05:00:47,102.0,91.0,5.0,6.0
2021-08-05 05:00:48,92.0,77.0,9.0,6.0
2021-08-05 05:00:49,88.0,84.0,3.0,1.0
2021-08-05 05:00:50,102.0,86.0,11.0,5.0
2021-08-05 05:00:51,88.0,82.0,4.0,2.0
2021-08-05 05:00:52,99.0,88.0,8.0,3.0
2021-08-05 05:00:53,97.0,86.0,9.0,2.0
2021-08-05 05:00:54,97.0,85.0,6.0,6.0
2021-08-05 05:00:55,95.0,85.0,3.0,7.0
2021-08-05 05:00:56,86.0,78.0,4.0,4.0
2021-08-05 05:00:57,81.0,74.0,3.0,4.0
2021-08-05 05:00:58,87.0,76.0,6.0,5.0
2021-08-05 05:00:59,94.0,86.0,7.0,1.0
2021-08-05 05:01:00,112.0,99.0,9.0,4.0
2021-08-05 05:01:01,99.0,87.0,5.0,7.0
2021-08-05 05:01:02,94.0,83.0,7.0,4.0
2021-08-05 05:01:03,100.0,85.0,9.0,6.0
2021-08-05 05:01:04,72.0,65.0,6.0,1.0
2021-08-05 05:01:05,105.0,93.0,6.0,6.0
2021-08-05 05:01:06,83.0,74.0,6.0,3.0
2021-08-05 05:01:07,84.0,76.0,7.0,1.0
2021-08-05 05:01:08,97.0,85.0,7.0,5.0
2021-08-05 05:01:09,84.0,75.0,5.0,4.0
2021-08-05 05:01:10,92.0,84.0,5.0,3.0
2021-08-05 05:01:11,116.0,103.0,6.0,7.0
2021-08-05 05:01:12,107.0,100.0,6.0,1.0
2021-08-05 05:01:13,92.0,82.0,8.0,2.0
2021-08-05 05:01:14,94.0,81.0,8.0,5.0
2021-08-05 05:01:15,84.0,75.0,6.0,3.0
2021-08-05 05:01:16,82.0,74.0,5.0,3.0
2021-08-05 05:01:17,103.0,91.0,6.0,6.0
2021-08-05 05:01:18,97.0,86.0,10.0,1.0
2021-08-05 05:01:19,95.0,86.0,5.0,4.0
2021-08-05 05:01:20,80.0,69.0,6.0,5.0
2021-08-05 05:01:21,91.0,81.0,4.0,6.0
2021-08-05 05:01:22,91.0,82.0,6.0,3.0
2021-08-05 05:01:23,101.0,86.0,8.0,7.0
2021-08-05 05:01:24,96.0,88.0,6.0,2.0
2021-08-05 05:01:25,94.0,78.0,9.0,7.0
2021-08-05 05:01:26,102.0,90.0,5.0,7.0
2021-08-05 05:01:27,107.0,101.0,4.0,2.0
2021-08-05 05:01:28,98.0,92.0,3.0,3.0
2021-08-05 05:01:29,83.0,71.0,9.0,3.0
2021-08-05 05:01:30,85.0,76.0,2.0,7.0
2021-08-05 05:01:31,87.0,79.0,6.0,2.0
2021-08-05 05:01:32,100.0,85.0,9.0,6.0
2021-08-05 05:01:33,81.0,73.0,6.0,2.0
2021-08-05 05:01:34,87.0,75.0,9.0,3.0
2021-08-05 05:01:35,96.0,84.0,6.0,6.0
2021-08-05 05:01:36,94.0,81.0,10.0,3.0
2021-08-05 05:01:37,96.0,91.0,2.0,3.0
2021-08-05 05:01:38,90.0,79.0,7.0,4.0
2021-08-05 05:01:39,97.0,85.0,5.0,7.0
2021-08-05 05:01:40,94.0,88.0,3.0,3.0
2021-08-05 05:01:41,95.0,87.0,4.0,4.0
2021-08-05 05:01:42,100.0,93.0,4.0,3.0
2021-08-05 05:01:43,96.0,80.0,13.0,3.0
2021-08-05 05:01:44,92.0,80.0,6.0,6.0
2021-08-05 05:01:45,93.0,86.0,6.0,1.0
2021-08-05 05:01:46,106.0,94.0,7.0,5.0
2021-08-05 05:01:47,91.0,79.0,4.0,8.0
2021-08-05 05:01:48,89.0,81.0,5.0,3.0
2021-08-05 05:01:49,114.0,99.0,12.0,3.0
2021-08-05 05:01:50,73.0,69.0,3.0,1.0
2021-08-05 05:01:51,73.0,62.0,6.0,5.0
2021-08-05 05:01:52,98.0,90.0,5.0,3.0
2021-08-05 05:01:53,103.0,89.0,7.0,7.0
2021-08-05 05:01:54,94.0,79.0,8.0,7.0
2021-08-05 05:01:55,95.0,84.0,7.0,4.0
2021-08-05 05:01:56,113.0,102.0,5.0,6.0
2021-08-05 05:01:57,83.0,70.0,10.0,3.0
2021-08-05 05:01:58,83.0,72.0,7.0,4.0
2021-08-05 05:01:59,99.0,85.0,8.0,6.0
2021-08-05 05:02:00,78.0,67.0,8.0,3.0
2021-08-05 05:02:01,94.0,87.0,4.0,3.0
2021-08-05 05:02:02,96.0,86.0,4.0,6.0
2021-08-05 05:02:03,97.0,85.0,7.0,5.0
2021-08-05 05:02:04,94.0,83.0,6.0,5.0
2021-08-05 05:02:05,102.0,94.0,4.0,4.0
2021-08-05 05:02:06,93.0,87.0,4.0,2.0
2021-08-05 05:02:07,96.0,85.0,6.0,5.0
2021-08-05 05:02:08,86.0,79.0,5.0,2.0
2021-08-05 05:02:09,100.0,88.0,6.0,6.0
2021-08-05 05:02:10,87.0,76.0,9.0,2.0
2021-08-05 05:02:11,88.0,80.0,3.0,5.0
2021-08-05 05:02:12,84.0,78.0,4.0,2.0
2021-08-05 05:02:13,95.0,82.0,7.0,6.0
2021-08-05 05:02:14,99.0,87.0,9.0,3.0
2021-08-05 05:02:15,82.0,70.0,8.0,4.0
2021-08-05 05:02:16,91.0,79.0,8.0,4.0
2021-08-05 05:02:17,84.0,70.0,10.0,4.0
2021-08-05 05:02:18,114.0,100.0,10.0,4.0
2021-08-05 05:02:19,93.0,78.0,11.0,4.0
2021-08-05 05:02:20,82.0,70.0,10.0,2.0
2021-08-05 05:02:21,112.0,96.0,9.0,7.0
2021-08-05 05:02:22,96.0,84.0,8.0,4.0
2021-08-05 05:02:23,103.0,89.0,7.0,7.0
2021-08-05 05:02:24,94.0,86.0,6.0,2.0
2021-08-05 05:02:25,110.0,96.0,9.0,5.0
2021-08-05 05:02:26,83.0,75.0,5.0,3.0
2021-08-05 05:02:27,90.0,82.0,4.0,4.0
2021-08-05 05:02:28,101.0,94.0,4.0,3.0
2021-08-05 05:02:29,79.0,75.0,3.0,1.0
2021-08-05 05:02:30,93.0,79.0,10.0,4.0
2021-08-05 05:02:31,84.0,72.0,6.0,6.0
2021-08-05 05:02:32,99.0,86.0,8.0,5.0
2021-08-05 05:02:33,82.0,75.0,5.0,2.0
2021-08-05 05:02:34,98.0,86.0,5.0,7.0
2021-08-05 05:02:35,83.0,76.0,6.0,1.0
2021-08-05 05:02:36,101.0,90.0,10.0,1.0
2021-08-05 05:02:37,78.0,69.0,5.0,4.0
2021-08-05 05:02:38,91.0,74.0,6.0,11.0
2021-08-05 05:02:39,94.0,80.0,11.0,3.0
2021-08-05 05:02:40,84.0,68.0,8.0,8.0
2021-08-05 05:02:41,93.0,82.0,7.0,4.0
2021-08-05 05:02:42,92.0,81.0,6.0,5.0
2021-08-05 05:02:43,86.0,77.0,6.0,3.0
2021-08-05 05:02:44,92.0,81.0,7.0,4.0
2021-08-05 05:02:45,88.0,71.0,9.0,8.0
2021-08-05 05:02:46,92.0,83.0,7.0,2.0
2021-08-05 05:02:47,97.0,86.0,7.0,4.0
2021-08-05 05:02:48,90.0,75.0,7.0,8.0
2021-08-05 05:02:49,88.0,81.0,4.0,3.0
2021-08-05 05:02:50,88.0,78.0,3.0,7.0
2021-08-05 05:02:51,86.0,78.0,5.0,3.0
2021-08-05 05:02:52,101.0,88.0,12.0,1.0
2021-08-05 05:02:53,70.0,61.0,7.0,2.0
2021-08-05 05:02:54,109.0,92.0,7.0,10.0
2021-08-05 05:02:55,99.0,84.0,6.0,9.0
2021-08-05 05:02:56,88.0,77.0,7.0,4.0
2021-08-05 05:02:57,88.0,82.0,4.0,2.0
2021-08-05 05:02:58,103.0,88.0,10.0,5.0
2021-08-05 05:02:59,78.0,75.0,1.0,2.0
2021-08-05 05:03:00,96.0,85.0,8.0,3.0
2021-08-05 05:03:01,85.0,74.0,5.0,6.0
2021-08-05 05:03:02,91.0,81.0,5.0,5.0
2021-08-05 05:03:03,110.0,101.0,6.0,3.0
2021-08-05 05:03:04,96.0,90.0,3.0,3.0
2021-08-05 05:03:05,90.0,76.0,9.0,5.0
2021-08-05 05:03:06,98.0,89.0,7.0,2.0
2021-08-05 05:03:07,97.0,84.0,8.0,5.0
2021-08-05 05:03:08,110.0,98.0,7.0,5.0
2021-08-05 05:03:09,94.0,84.0,8.0,2.0
2021-08-05 05:03:10,98.0,88.0,4.0,6.0
2021-08-05 05:03:11,86.0,77.0,2.0,7.0
2021-08-05 05:03:12,110.0,103.0,2.0,5.0
2021-08-05 05:03:13,103.0,94.0,3.0,6.0
2021-08-05 05:03:14,89.0,82.0,3.0,4.0
2021-08-05 05:03:15,86.0,75.0,5.0,6.0
2021-08-05 05:03:16,84.0,68.0,13.0,3.0
2021-08-05 05:03:17,83.0,76.0,5.0,2.0
2021-08-05 05:03:18,72.0,64.0,6.0,2.0
2021-08-05 05:03:19,91.0,80.0,6.0,5.0
2021-08-05 05:03:20,84.0,78.0,5.0,1.0
2021-08-05 05:03:21,89.0,80.0,6.0,3.0
2021-08-05 05:03:22,99.0,91.0,4.0,4.0
2021-08-05 05:03:23,85.0,79.0,3.0,3.0
2021-08-05 05:03:24,105.0,93.0,7.0,5.0
2021-08-05 05:03:25,95.0,83.0,7.0,5.0
2021-08-05 05:03:26,109.0,95.0,6.0,8.0
2021-08-05 05:03:27,89.0,72.0,11.0,6.0
2021-08-05 05:03:28,92.0,79.0,8.0,5.0
2021-08-05 05:03:29,82.0,72.0,6.0,4.0
2021-08-05 05:03:30,85.0,73.0,6.0,6.0
2021-08-05 05:03:31,103.0,89.0,8.0,6.0
2021-08-05 05:03:32,97.0,87.0,6.0,4.0
2021-08-05 05:03:33,91.0,82.0,3.0,6.0
2021-08-05 05:03:34,89.0,79.0,6.0,4.0
2021-08-05 05:03:35,101.0,91.0,7.0,3.0
2021-08-05 05:03:36,95.0,85.0,5.0,5.0
2021-08-05 05:03:37,91.0,78.0,6.0,7.0
2021-08-05 05:03:38,91.0,85.0,4.0,2.0
2021-08-05 05:03:39,104.0,90.0,10.0,4.0
2021-08-05 05:03:40,78.0,69.0,6.0,3.0
2021-08-05 05:03:41,106.0,97.0,7.0,2.0
2021-08-05 05:03:42,77.0,72.0,3.0,2.0
2021-08-05 05:03:43,106.0,94.0,7.0,5.0
2021-08-05 05:03:44,88.0,77.0,7.0,4.0
2021-08-05 05:03:45,99.0,85.0,9.0,5.0
2021-08-05 05:03:46,90.0,81.0,7.0,2.0
2021-08-05 05:03:47,98.0,87.0,8.0,3.0
2021-08-05 05:03:48,96.0,81.0,12.0,3.0
2021-08-05 05:03:49,94.0,80.0,11.0,3.0
2021-08-05 05:03:50,90.0,73.0,12.0,5.0
2021-08-05 05:03:51,74.0,68.0,4.0,2.0
2021-08-05 05:03:52,88.0,79.0,6.0,3.0
2021-08-05 05:03:53,83.0,72.0,8.0,3.0
2021-08-05 05:03:54,96.0,73.0,15.0,8.0
2021-08-05 05:03:55,92.0,76.0,9.0,7.0
2021-08-05 05:03:56,96.0,84.0,8.0,4.0
2021-08-05 05:03:57,98.0,86.0,7.0,5.0
2021-08-05 05:03:58,84.0,76.0,6.0,2.0
2021-08-05 05:03:59,81.0,69.0,9.0,3.0
2021-08-05 05:04:00,86.0,80.0,5.0,1.0
2021-08-05 05:04:01,105.0,97.0,4.0,4.0
2021-08-05 05:04:02,82.0,75.0,5.0,2.0
2021-08-05 05:04:03,120.0,112.0,2.0,6.0
2021-08-05 05:04:04,89.0,82.0,6.0,1.0
2021-08-05 05:04:05,102.0,85.0,10.0,7.0
2021-08-05 05:04:06,83.0,72.0,8.0,3.0
2021-08-05 05:04:07,101.0,86.0,11.0,4.0
2021-08-05 05:04:08,104.0,92.0,9.0,3.0
2021-08-05 05:04:09,75.0,72.0,0.0,3.0
2021-08-05 05:04:10,99.0,89.0,4.0,6.0
2021-08-05 05:04:11,102.0,91.0,5.0,6.0
2021-08-05 05:04:12,88.0,76.0,7.0,5.0
2021-08-05 05:04:13,99.0,86.0,9.0,4.0
2021-08-05 05:04:14,90.0,79.0,7.0,4.0
2021-08-05 05:04:15,98.0,87.0,6.0,5.0
2021-08-05 05:04:16,104.0,87.0,11.0,6.0
2021-08-05 05:04:17,84.0,73.0,7.0,4.0
2021-08-05 05:04:18,105.0,94.0,8.0,3.0
2021-08-05 05:04:19,107.0,94.0,11.0,2.0
2021-08-05 05:04:20,76.0,66.0,7.0,3.0
2021-08-05 05:04:21,104.0,92.0,8.0,4.0
2021-08-05 05:04:22,99.0,85.0,12.0,2.0
2021-08-05 05:04:23,100.0,91.0,5.0,4.0
2021-08-05 05:04:24,104.0,87.0,11.0,6.0
2021-08-05 05:04:25,104.0,92.0,6.0,6.0
2021-08-05 05:04:26,108.0,95.0,9.0,4.0
2021-08-05 05:04:27,98.0,89.0,3.0,6.0
2021-08-05 05:04:28,72.0,64.0,8.0,0.0
2021-08-05 05:04:29,112.0,96.0,8.0,8.0
2021-08-05 05:04:30,88.0,76.0,7.0,5.0
2021-08-05 05:04:31,92.0,82.0,4.0,6.0
2021-08-05 05:04:32,85.0,69.0,9.0,7.0
2021-08-05 05:04:33,85.0,72.0,4.0,9.0
2021-08-05 05:04:34,94.0,79.0,9.0,6.0
2021-08-05 05:04:35,99.0,84.0,10.0,5.0
2021-08-05 05:04:36,97.0,86.0,8.0,3.0
2021-08-05 05:04:37,111.0,100.0,7.0,4.0
2021-08-05 05:04:38,89.0,81.0,6.0,2.0
2021-08-05 05:04:39,101.0,90.0,7.0,4.0
2021-08-05 05:04:40,80.0,69.0,7.0,4.0
2021-08-05 05:04:41,89.0,76.0,8.0,5.0
2021-08-05 05:04:42,82.0,66.0,9.0,7.0
2021-08-05 05:04:43,97.0,86.0,6.0,5.0
2021-08-05 05:04:44,78.0,68.0,6.0,4.0
2021-08-05 05:04:45,95.0,87.0,6.0,2.0
2021-08-05 05:04:46,80.0,70.0,6.0,4.0
2021-08-05 05:04:47,81.0,67.0,9.0,5.0
2021-08-05 05:04:48,108.0,95.0,8.0,5.0
2021-08-05 05:04:49,106.0,97.0,4.0,5.0
2021-08-05 05:04:50,83.0,74.0,4.0,5.0
2021-08-05 05:04:51,107.0,94.0,7.0,6.0
2021-08-05 05:04:52,99.0,87.0,8.0,4.0
2021-08-05 05:04:53,104.0,87.0,10.0,7.0
2021-08-05 05:04:54,79.0,71.0,2.0,6.0
2021-08-05 05:04:55,105.0,97.0,5.0,3.0
2021-08-05 05:04:56,107.0,93.0,5.0,9.0
2021-08-05 05:04:57,89.0,77.0,5.0,7.0
2021-08-05 05:04:58,111.0,100.0,5.0,6.0
2021-08-05 05:04:59,84.0,75.0,4.0,5.0
2021-08-05 05:05:00,90.0,78.0,8.0,4.0
2021-08-05 05:05:01,79.0,70.0,6.0,3.0
2021-08-05 05:05:02,104.0,94.0,7.0,3.0
2021-08-05 05:05:03,99.0,87.0,8.0,4.0
2021-08-05 05:05:04,98.0,87.0,6.0,5.0
2021-08-05 05:05:05,87.0,76.0,8.0,3.0
2021-08-05 05:05:06,88.0,82.0,3.0,3.0
2021-08-05 05:05:07,91.0,81.0,3.0,7.0
2021-08-05 05:05:08,88.0,84.0,2.0,2.0
2021-08-05 05:05:09,87.0,81.0,3.0,3.0
2021-08-05 05:05:10,85.0,72.0,9.0,4.0
2021-08-05 05:05:11,98.0,88.0,6.0,4.0
2021-08-05 05:05:12,90.0,81.0,7.0,2.0
2021-08-05 05:05:13,100.0,90.0,7.0,3.0
2021-08-05 05:05:14,85.0,72.0,10.0,3.0
2021-08-05 05:05:15,95.0,84.0,6.0,5.0
2021-08-05 05:05:16,103.0,91.0,7.0,5.0
2021-08-05 05:05:17,87.0,72.0,11.0,4.0
2021-08-05 05:05:18,84.0,70.0,9.0,5.0
2021-08-05 05:05:19,96.0,86.0,7.0,3.0
2021-08-05 05:05:20,98.0,83.0,8.0,7.0
2021-08-05 05:05:21,85.0,74.0,6.0,5.0
2021-08-05 05:05:22,93.0,83.0,8.0,2.0
2021-08-05 05:05:23,97.0,86.0,6.0,5.0
2021-08-05 05:05:24,105.0,94.0,7.0,4.0
2021-08-05 05:05:25,84.0,75.0,7.0,2.0
2021-08-05 05:05:26,100.0,90.0,5.0,5.0
2021-08-05 05:05:27,89.0,77.0,7.0,5.0
2021-08-05 05:05:28,110.0,101.0,5.0,4.0
2021-08-05 05:05:29,101.0,85.0,6.0,10.0
2021-08-05 05:05:30,96.0,87.0,5.0,4.0
2021-08-05 05:05:31,85.0,72.0,8.0,5.0
2021-08-05 05:05:32,95.0,83.0,9.0,3.0
2021-08-05 05:05:33,93.0,79.0,7.0,7.0
2021-08-05 05:05:34,97.0,84.0,9.0,4.0
2021-08-05 05:05:35,86.0,82.0,2.0,2.0
2021-08-05 05:05:36,104.0,91.0,6.0,7.0
2021-08-05 05:05:37,90.0,79.0,6.0,5.0
2021-08-05 05:05:38,89.0,75.0,10.0,4.0
2021-08-05 05:05:39,94.0,84.0,6.0,4.0
2021-08-05 05:05:40,66.0,53.0,8.0,5.0
2021-08-05 05:05:41,99.0,90.0,9.0,0.0
2021-08-05 05:05:42,111.0,92.0,9.0,10.0
2021-08-05 05:05:43,92.0,78.0,8.0,6.0
2021-08-05 05:05:44,93.0,84.0,6.0,3.0
2021-08-05 05:05:45,93.0,82.0,9.0,2.0
2021-08-05 05:05:46,89.0,79.0,7.0,3.0
2021-08-05 05:05:47,74.0,69.0,2.0,3.0
2021-08-05 05:05:48,98.0,83.0,11.0,4.0
2021-08-05 05:05:49,73.0,68.0,4.0,1.0
2021-08-05 05:05:50,96.0,88.0,6.0,2.0
2021-08-05 05:05:51,97.0,84.0,7.0,6.0
2021-08-05 05:05:52,90.0,80.0,7.0,3.0
2021-08-05 05:05:53,96.0,85.0,7.0,4.0
2021-08-05 05:05:54,107.0,91.0,9.0,7.0
2021-08-05 05:05:55,86.0,74.0,9.0,3.0
2021-08-05 05:05:56,101.0,82.0,10.0,9.0
2021-08-05 05:05:57,87.0,73.0,10.0,4.0
2021-08-05 05:05:58,100.0,89.0,7.0,4.0
2021-08-05 05:05:59,86.0,79.0,2.0,5.0
2021-08-05 05:06:00,88.0,78.0,6.0,4.0
2021-08-05 05:06:01,86.0,71.0,8.0,7.0
2021-08-05 05:06:02,88.0,78.0,4.0,6.0
2021-08-05 05:06:03,109.0,96.0,8.0,5.0
2021-08-05 05:06:04,75.0,69.0,4.0,2.0
2021-08-05 05:06:05,71.0,60.0,8.0,3.0
2021-08-05 05:06:06,90.0,84.0,4.0,2.0
2021-08-05 05:06:07,111.0,101.0,2.0,8.0
2021-08-05 05:06:08,74.0,65.0,4.0,5.0
2021-08-05 05:06:09,81.0,71.0,8.0,2.0
2021-08-05 05:06:10,87.0,75.0,6.0,6.0
2021-08-05 05:06:11,89.0,79.0,3.0,7.0
2021-08-05 05:06:12,91.0,79.0,9.0,3.0
2021-08-05 05:06:13,86.0,73.0,9.0,4.0
2021-08-05 05:06:14,111.0,99.0,8.0,4.0
2021-08-05 05:06:15,82.0,72.0,7.0,3.0
2021-08-05 05:06:16,85.0,79.0,2.0,4.0
2021-08-05 05:06:17,76.0,60.0,9.0,7.0
2021-08-05 05:06:18,96.0,84.0,9.0,3.0
2021-08-05 05:06:19,99.0,87.0,4.0,8.0
2021-08-05 05:06:20,97.0,87.0,7.0,3.0
2021-08-05 05:06:21,89.0,73.0,9.0,7.0
2021-08-05 05:06:22,107.0,100.0,3.0,4.0
2021-08-05 05:06:23,116.0,112.0,3.0,1.0
2021-08-05 05:06:24,96.0,86.0,5.0,5.0
2021-08-05 05:06:25,91.0,78.0,8.0,5.0
2021-08-05 05:06:26,78.0,72.0,5.0,1.0
2021-08-05 05:06:27,102.0,88.0,9.0,5.0
2021-08-05 05:06:28,90.0,83.0,2.0,5.0
2021-08-05 05:06:29,85.0,76.0,6.0,3.0
2021-08-05 05:06:30,98.0,89.0,6.0,3.0
2021-08-05 05:06:31,99.0,87.0,7.0,5.0
2021-08-05 05:06:32,102.0,94.0,5.0,3.0
2021-08-05 05:06:33,95.0,86.0,4.0,5.0
2021-08-05 05:06:34,105.0,94.0,9.0,2.0
2021-08-05 05:06:35,97.0,83.0,8.0,6.0
2021-08-05 05:06:36,92.0,83.0,5.0,4.0
2021-08-05 05:06:37,95.0,87.0,3.0,5.0
2021-08-05 05:06:38,101.0,89.0,10.0,2.0
2021-08-05 05:06:39,126.0,112.0,9.0,5.0
2021-08-05 05:06:40,82.0,70.0,9.0,3.0
2021-08-05 05:06:41,91.0,80.0,8.0,3.0
2021-08-05 05:06:42,92.0,88.0,2.0,2.0
2021-08-05 05:06:43,96.0,84.0,8.0,4.0
2021-08-05 05:06:44,88.0,82.0,4.0,2.0
2021-08-05 05:06:45,108.0,94.0,8.0,6.0
2021-08-05 05:06:46,89.0,82.0,4.0,3.0
2021-08-05 05:06:47,102.0,90.0,6.0,6.0
2021-08-05 05:06:48,93.0,84.0,8.0,1.0
2021-08-05 05:06:49,92.0,83.0,6.0,3.0
2021-08-05 05:06:50,97.0,83.0,10.0,4.0
2021-08-05 05:06:51,106.0,96.0,4.0,6.0
2021-08-05 05:06:52,75.0,66.0,5.0,4.0
2021-08-05 05:06:53,99.0,86.0,5.0,8.0
2021-08-05 05:06:54,101.0,92.0,5.0,4.0
2021-08-05 05:06:55,88.0,81.0,6.0,1.0
2021-08-05 05:06:56,94.0,81.0,8.0,5.0
2021-08-05 05:06:57,91.0,79.0,6.0,6.0
2021-08-05 05:06:58,100.0,92.0,6.0,2.0
2021-08-05 05:06:59,90.0,79.0,4.0,7.0
2021-08-05 05:07:00,77.0,69.0,5.0,3.0
2021-08-05 05:07:01,97.0,80.0,10.0,7.0
2021-08-05 05:07:02,91.0,79.0,10.0,2.0
2021-08-05 05:07:03,91.0,78.0,9.0,4.0
2021-08-05 05:07:04,99.0,90.0,6.0,3.0
2021-08-05 05:07:05,84.0,79.0,4.0,1.0
2021-08-05 05:07:06,88.0,83.0,2.0,3.0
2021-08-05 05:07:07,99.0,88.0,8.0,3.0
2021-08-05 05:07:08,90.0,78.0,8.0,4.0
2021-08-05 05:07:09,84.0,75.0,7.0,2.0
2021-08-05 05:07:10,98.0,87.0,8.0,3.0
2021-08-05 05:07:11,84.0,71.0,10.0,3.0
2021-08-05 05:07:12,73.0,67.0,4.0,2.0
2021-08-05 05:07:13,94.0,83.0,10.0,1.0
2021-08-05 05:07:14,96.0,80.0,8.0,8.0
2021-08-05 05:07:15,90.0,80.0,4.0,6.0
2021-08-05 05:07:16,100.0,84.0,11.0,5.0
2021-08-05 05:07:17,95.0,84.0,8.0,3.0
2021-08-05 05:07:18,88.0,78.0,6.0,4.0
2021-08-05 05:07:19,76.0,71.0,2.0,3.0
2021-08-05 05:07:20,87.0,77.0,3.0,7.0
2021-08-05 05:07:21,103.0,91.0,6.0,6.0
2021-08-05 05:07:22,97.0,87.0,3.0,7.0
2021-08-05 05:07:23,85.0,73.0,6.0,6.0
2021-08-05 05:07:24,86.0,74.0,5.0,7.0
2021-08-05 05:07:25,115.0,101.0,7.0,7.0
2021-08-05 05:07:26,100.0,92.0,8.0,0.0
2021-08-05 05:07:27,96.0,86.0,7.0,3.0
2021-08-05 05:07:28,104.0,90.0,8.0,6.0
2021-08-05 05:07:29,95.0,84.0,8.0,3.0
2021-08-05 05:07:30,79.0,74.0,3.0,2.0
2021-08-05 05:07:31,90.0,80.0,8.0,2.0
2021-08-05 05:07:32,107.0,93.0,11.0,3.0
2021-08-05 05:07:33,93.0,85.0,6.0,2.0
2021-08-05 05:07:34,113.0,105.0,2.0,6.0
2021-08-05 05:07:35,83.0,70.0,10.0,3.0
2021-08-05 05:07:36,94.0,78.0,10.0,6.0
2021-08-05 05:07:37,87.0,82.0,4.0,1.0
2021-08-05 05:07:38,86.0,74.0,10.0,2.0
2021-08-05 05:07:39,93.0,83.0,3.0,7.0
2021-08-05 05:07:40,99.0,91.0,5.0,3.0
2021-08-05 05:07:41,85.0,80.0,2.0,3.0
2021-08-05 05:07:42,78.0,69.0,5.0,4.0
2021-08-05 05:07:43,89.0,78.0,8.0,3.0
2021-08-05 05:07:44,91.0,83.0,7.0,1.0
2021-08-05 05:07:45,79.0,71.0,5.0,3.0
2021-08-05 05:07:46,95.0,85.0,8.0,2.0
2021-08-05 05:07:47,81.0,72.0,7.0,2.0
2021-08-05 05:07:48,70.0,60.0,5.0,5.0
2021-08-05 05:07:49,99.0,88.0,2.0,9.0
2021-08-05 05:07:50,83.0,72.0,6.0,5.0
2021-08-05 05:07:51,81.0,74.0,3.0,4.0
2021-08-05 05:07:52,91.0,82.0,6.0,3.0
2021-08-05 05:07:53,100.0,91.0,4.0,5.0
2021-08-05 05:07:54,86.0,73.0,10.0,3.0
2021-08-05 05:07:55,109.0,91.0,9.0,9.0
2021-08-05 05:07:56,103.0,91.0,7.0,5.0
2021-08-05 05:07:57,104.0,101.0,1.0,2.0
2021-08-05 05:07:58,80.0,76.0,0.0,4.0
2021-08-05 05:07:59,100.0,93.0,6.0,1.0
2021-08-05 05:08:00,88.0,83.0,5.0,0.0
2021-08-05 05:08:01,86.0,73.0,9.0,4.0
2021-08-05 05:08:02,98.0,86.0,9.0,3.0
2021-08-05 05:08:03,89.0,79.0,4.0,6.0
2021-08-05 05:08:04,86.0,77.0,4.0,5.0
2021-08-05 05:08:05,79.0,68.0,7.0,4.0
2021-08-05 05:08:06,93.0,74.0,12.0,7.0
2021-08-05 05:08:07,94.0,85.0,5.0,4.0
2021-08-05 05:08:08,99.0,93.0,4.0,2.0
2021-08-05 05:08:09,94.0,81.0,8.0,5.0
2021-08-05 05:08:10,90.0,82.0,2.0,6.0
2021-08-05 05:08:11,99.0,86.0,9.0,4.0
2021-08-05 05:08:12,119.0,108.0,7.0,4.0
2021-08-05 05:08:13,76.0,68.0,3.0,5.0
2021-08-05 05:08:14,107.0,94.0,8.0,5.0
2021-08-05 05:08:15,112.0,100.0,8.0,4.0
2021-08-05 05:08:16,95.0,82.0,4.0,9.0
2021-08-05 05:08:17,94.0,85.0,6.0,3.0
2021-08-05 05:08:18,97.0,88.0,4.0,5.0
2021-08-05 05:08:19,90.0,80.0,6.0,4.0
2021-08-05 05:08:20,101.0,77.0,16.0,8.0
2021-08-05 05:08:21,84.0,73.0,6.0,5.0
2021-08-05 05:08:22,78.0,64.0,7.0,7.0
2021-08-05 05:08:23,100.0,94.0,3.0,3.0
2021-08-05 05:08:24,101.0,89.0,4.0,8.0
2021-08-05 05:08:25,105.0,95.0,8.0,2.0
2021-08-05 05:08:26,104.0,91.0,10.0,3.0
2021-08-05 05:08:27,79.0,68.0,7.0,4.0
2021-08-05 05:08:28,91.0,81.0,4.0,6.0
2021-08-05 05:08:29,77.0,70.0,4.0,3.0
2021-08-05 05:08:30,84.0,74.0,8.0,2.0
2021-08-05 05:08:31,95.0,85.0,7.0,3.0
2021-08-05 05:08:32,93.0,76.0,13.0,4.0
2021-08-05 05:08:33,85.0,75.0,4.0,6.0
2021-08-05 05:08:34,85.0,76.0,4.0,5.0
2021-08-05 05:08:35,86.0,74.0,4.0,8.0
2021-08-05 05:08:36,85.0,79.0,1.0,5.0
2021-08-05 05:08:37,91.0,84.0,3.0,4.0
2021-08-05 05:08:38,83.0,75.0,4.0,4.0
2021-08-05 05:08:39,95.0,83.0,5.0,7.0
2021-08-05 05:08:40,100.0,94.0,3.0,3.0
2021-08-05 05:08:41,110.0,104.0,4.0,2.0
2021-08-05 05:08:42,101.0,85.0,13.0,3.0
2021-08-05 05:08:43,96.0,86.0,4.0,6.0
2021-08-05 05:08:44,92.0,81.0,7.0,4.0
2021-08-05 05:08:45,89.0,74.0,12.0,3.0
2021-08-05 05:08:46,101.0,89.0,6.0,6.0
2021-08-05 05:08:47,98.0,91.0,6.0,1.0
2021-08-05 05:08:48,77.0,71.0,5.0,1.0
2021-08-05 05:08:49,92.0,83.0,7.0,2.0
2021-08-05 05:08:50,89.0,78.0,8.0,3.0
2021-08-05 05:08:51,95.0,89.0,2.0,4.0
2021-08-05 05:08:52,100.0,92.0,4.0,4.0
2021-08-05 05:08:53,103.0,91.0,7.0,5.0
2021-08-05 05:08:54,94.0,84.0,8.0,2.0
2021-08-05 05:08:55,97.0,89.0,7.0,1.0
2021-08-05 05:08:56,73.0,58.0,13.0,2.0
2021-08-05 05:08:57,89.0,77.0,7.0,5.0
2021-08-05 05:08:58,77.0,70.0,4.0,3.0
2021-08-05 05:08:59,88.0,73.0,10.0,5.0
2021-08-05 05:09:00,88.0,78.0,3.0,7.0
2021-08-05 05:09:01,91.0,83.0,6.0,2.0
2021-08-05 05:09:02,85.0,76.0,1.0,8.0
2021-08-05 05:09:03,90.0,78.0,10.0,2.0
2021-08-05 05:09:04,95.0,88.0,3.0,4.0
2021-08-05 05:09:05,85.0,76.0,4.0,5.0
2021-08-05 05:09:06,85.0,75.0,5.0,5.0
2021-08-05 05:09:07,81.0,70.0,8.0,3.0
2021-08-05 05:09:08,95.0,88.0,4.0,3.0
2021-08-05 05:09:09,91.0,78.0,6.0,7.0
2021-08-05 05:09:10,84.0,77.0,2.0,5.0
2021-08-05 05:09:11,104.0,87.0,9.0,8.0
2021-08-05 05:09:12,88.0,83.0,1.0,4.0
2021-08-05 05:09:13,93.0,84.0,4.0,5.0
2021-08-05 05:09:14,101.0,94.0,3.0,4.0
2021-08-05 05:09:15,101.0,88.0,9.0,4.0
2021-08-05 05:09:16,113.0,105.0,5.0,3.0
2021-08-05 05:09:17,96.0,88.0,5.0,3.0
2021-08-05 05:09:18,93.0,79.0,5.0,9.0
2021-08-05 05:09:19,95.0,85.0,4.0,6.0
2021-08-05 05:09:20,85.0,76.0,4.0,5.0
2021-08-05 05:09:21,83.0,74.0,6.0,3.0
2021-08-05 05:09:22,104.0,93.0,5.0,6.0
2021-08-05 05:09:23,82.0,75.0,4.0,3.0
2021-08-05 05:09:24,92.0,82.0,6.0,4.0
2021-08-05 05:09:25,98.0,87.0,6.0,5.0
2021-08-05 05:09:26,106.0,91.0,12.0,3.0
2021-08-05 05:09:27,74.0,69.0,2.0,3.0
2021-08-05 05:09:28,91.0,86.0,2.0,3.0
2021-08-05 05:09:29,86.0,79.0,5.0,2.0
2021-08-05 05:09:30,91.0,81.0,4.0,6.0
2021-08-05 05:09:31,89.0,85.0,2.0,2.0
2021-08-05 05:09:32,113.0,98.0,12.0,3.0
2021-08-05 05:09:33,91.0,83.0,5.0,3.0
2021-08-05 05:09:34,79.0,68.0,6.0,5.0
2021-08-05 05:09:35,98.0,91.0,5.0,2.0
2021-08-05 05:09:36,89.0,79.0,5.0,5.0
2021-08-05 05:09:37,88.0,79.0,4.0,5.0
2021-08-05 05:09:38,105.0,93.0,8.0,4.0
2021-08-05 05:09:39,80.0,69.0,8.0,3.0
2021-08-05 05:09:40,82.0,71.0,5.0,6.0
2021-08-05 05:09:41,87.0,78.0,4.0,5.0
2021-08-05 05:09:42,103.0,89.0,12.0,2.0
2021-08-05 05:09:43,89.0,79.0,4.0,6.0
2021-08-05 05:09:44,111.0,101.0,8.0,2.0
2021-08-05 05:09:45,86.0,72.0,8.0,6.0
2021-08-05 05:09:46,94.0,80.0,6.0,8.0
2021-08-05 05:09:47,89.0,82.0,5.0,2.0
2021-08-05 05:09:48,95.0,85.0,7.0,3.0
2021-08-05 05:09:49,91.0,80.0,6.0,5.0
2021-08-05 05:09:50,86.0,78.0,6.0,2.0
2021-08-05 05:09:51,95.0,87.0,7.0,1.0
2021-08-05 05:09:52,99.0,92.0,4.0,3.0
2021-08-05 05:09:53,77.0,72.0,3.0,2.0
2021-08-05 05:09:54,92.0,81.0,2.0,9.0
2021-08-05 05:09:55,99.0,88.0,3.0,8.0
2021-08-05 05:09:56,86.0,78.0,4.0,4.0
2021-08-05 05:09:57,95.0,86.0,7.0,2.0
2021-08-05 05:09:58,84.0,77.0,3.0,4.0
2021-08-05 05:09:59,82.0,67.0,8.0,7.0
2021-08-05 05:10:00,91.0,80.0,8.0,3.0
2021-08-05 05:10:01,113.0,99.0,8.0,6.0
2021-08-05 05:10:02,98.0,87.0,8.0,3.0
2021-08-05 05:10:03,116.0,105.0,6.0,5.0
2021-08-05 05:10:04,92.0,80.0,7.0,5.0
2021-08-05 05:10:05,96.0,80.0,6.0,10.0
2021-08-05 05:10:06,81.0,69.0,7.0,5.0
2021-08-05 05:10:07,93.0,85.0,4.0,4.0
2021-08-05 05:10:08,110.0,97.0,5.0,8.0
2021-08-05 05:10:09,86.0,80.0,3.0,3.0
2021-08-05 05:10:10,86.0,78.0,6.0,2.0
2021-08-05 05:10:11,105.0,94.0,8.0,3.0
2021-08-05 05:10:12,98.0,88.0,4.0,6.0
2021-08-05 05:10:13,85.0,76.0,7.0,2.0
2021-08-05 05:10:14,93.0,81.0,3.0,9.0
2021-08-05 05:10:15,91.0,81.0,6.0,4.0
2021-08-05 05:10:16,97.0,81.0,8.0,8.0
2021-08-05 05:10:17,95.0,90.0,3.0,2.0
2021-08-05 05:10:18,89.0,85.0,3.0,1.0
2021-08-05 05:10:19,89.0,74.0,9.0,6.0
2021-08-05 05:10:20,89.0,79.0,8.0,2.0
2021-08-05 05:10:21,100.0,88.0,5.0,7.0
2021-08-05 05:10:22,98.0,92.0,5.0,1.0
2021-08-05 05:10:23,91.0,80.0,5.0,6.0
2021-08-05 05:10:24,85.0,73.0,6.0,6.0
2021-08-05 05:10:25,84.0,73.0,8.0,3.0
2021-08-05 05:10:26,89.0,81.0,7.0,1.0
2021-08-05 05:10:27,102.0,91.0,8.0,3.0
2021-08-05 05:10:28,89.0,76.0,10.0,3.0
2021-08-05 05:10:29,82.0,69.0,6.0,7.0
2021-08-05 05:10:30,100.0,90.0,5.0,5.0
2021-08-05 05:10:31,90.0,79.0,6.0,5.0
2021-08-05 05:10:32,72.0,63.0,4.0,5.0
2021-08-05 05:10:33,93.0,80.0,11.0,2.0
2021-08-05 05:10:34,101.0,90.0,8.0,3.0
2021-08-05 05:10:35,101.0,85.0,3.0,13.0
2021-08-05 05:10:36,70.0,60.0,7.0,3.0
2021-08-05 05:10:37,90.0,81.0,5.0,4.0
2021-08-05 05:10:38,91.0,80.0,6.0,5.0
2021-08-05 05:10:39,79.0,66.0,10.0,3.0
2021-08-05 05:10:40,80.0,68.0,6.0,6.0
2021-08-05 05:10:41,111.0,99.0,10.0,2.0
2021-08-05 05:10:42,94.0,77.0,12.0,5.0
2021-08-05 05:10:43,95.0,87.0,6.0,2.0
2021-08-05 05:10:44,76.0,71.0,4.0,1.0
2021-08-05 05:10:45,99.0,87.0,7.0,5.0
2021-08-05 05:10:46,111.0,99.0,6.0,6.0
2021-08-05 05:10:47,98.0,92.0,3.0,3.0
2021-08-05 05:10:48,97.0,84.0,9.0,4.0
2021-08-05 05:10:49,86.0,74.0,10.0,2.0
2021-08-05 05:10:50,103.0,96.0,4.0,3.0
2021-08-05 05:10:51,105.0,94.0,4.0,7.0
2021-08-05 05:10:52,97.0,89.0,6.0,2.0
2021-08-05 05:10:53,105.0,94.0,6.0,5.0
2021-08-05 05:10:54,96.0,84.0,6.0,6.0
2021-08-05 05:10:55,112.0,94.0,10.0,8.0
2021-08-05 05:10:56,95.0,83.0,7.0,5.0
2021-08-05 05:10:57,94.0,86.0,5.0,3.0
2021-08-05 05:10:58,78.0,64.0,10.0,4.0
2021-08-05 05:10:59,92.0,78.0,9.0,5.0
2021-08-05 05:11:00,114.0,101.0,8.0,5.0
2021-08-05 05:11:01,100.0,93.0,6.0,1.0
2021-08-05 05:11:02,114.0,99.0,10.0,5.0
2021-08-05 05:11:03,101.0,83.0,9.0,9.0
2021-08-05 05:11:04,98.0,93.0,2.0,3.0
2021-08-05 05:11:05,88.0,80.0,4.0,4.0
2021-08-05 05:11:06,94.0,88.0,6.0,0.0
2021-08-05 05:11:07,77.0,74.0,2.0,1.0
2021-08-05 05:11:08,80.0,70.0,4.0,6.0
2021-08-05 05:11:09,85.0,80.0,2.0,3.0
2021-08-05 05:11:10,99.0,86.0,6.0,7.0
2021-08-05 05:11:11,88.0,76.0,9.0,3.0
2021-08-05 05:11:12,82.0,72.0,10.0,0.0
2021-08-05 05:11:13,84.0,76.0,6.0,2.0
2021-08-05 05:11:14,109.0,98.0,4.0,7.0
2021-08-05 05:11:15,110.0,100.0,7.0,3.0
2021-08-05 05:11:16,105.0,94.0,8.0,3.0
2021-08-05 05:11:17,120.0,109.0,7.0,4.0
2021-08-05 05:11:18,104.0,87.0,11.0,6.0
2021-08-05 05:11:19,97.0,84.0,10.0,3.0
2021-08-05 05:11:20,82.0,71.0,8.0,3.0
2021-08-05 05:11:21,97.0,86.0,8.0,3.0
2021-08-05 05:11:22,73.0,64.0,5.0,4.0
2021-08-05 05:11:23,89.0,80.0,1.0,8.0
2021-08-05 05:11:24,79.0,66.0,9.0,4.0
2021-08-05 05:11:25,94.0,87.0,4.0,3.0
2021-08-05 05:11:26,101.0,87.0,8.0,6.0
2021-08-05 05:11:27,88.0,82.0,3.0,3.0
2021-08-05 05:11:28,96.0,92.0,2.0,2.0
2021-08-05 05:11:29,94.0,83.0,6.0,5.0
2021-08-05 05:11:30,81.0,75.0,5.0,1.0
2021-08-05 05:11:31,105.0,94.0,5.0,6.0
2021-08-05 05:11:32,96.0,81.0,10.0,5.0
2021-08-05 05:11:33,96.0,89.0,4.0,3.0
2021-08-05 05:11:34,112.0,95.0,9.0,8.0
2021-08-05 05:11:35,84.0,80.0,3.0,1.0
2021-08-05 05:11:36,89.0,78.0,4.0,7.0
2021-08-05 05:11:37,105.0,94.0,5.0,6.0
2021-08-05 05:11:38,90.0,79.0,5.0,6.0
2021-08-05 05:11:39,86.0,76.0,8.0,2.0
2021-08-05 05:11:40,91.0,77.0,8.0,6.0
2021-08-05 05:11:41,82.0,72.0,7.0,3.0
2021-08-05 05:11:42,84.0,73.0,9.0,2.0
2021-08-05 05:11:43,107.0,92.0,8.0,7.0
2021-08-05 05:11:44,88.0,74.0,12.0,2.0
2021-08-05 05:11:45,83.0,69.0,8.0,6.0
2021-08-05 05:11:46,105.0,96.0,5.0,4.0
2021-08-05 05:11:47,94.0,80.0,7.0,7.0
2021-08-05 05:11:48,76.0,63.0,9.0,4.0
2021-08-05 05:11:49,102.0,90.0,5.0,7.0
2021-08-05 05:11:50,87.0,75.0,2.0,10.0
2021-08-05 05:11:51,91.0,79.0,7.0,5.0
2021-08-05 05:11:52,90.0,82.0,6.0,2.0
2021-08-05 05:11:53,85.0,77.0,4.0,4.0
2021-08-05 05:11:54,91.0,75.0,9.0,7.0
2021-08-05 05:11:55,81.0,73.0,4.0,4.0
2021-08-05 05:11:56,103.0,92.0,4.0,7.0
2021-08-05 05:11:57,101.0,92.0,7.0,2.0
2021-08-05 05:11:58,89.0,80.0,8.0,1.0
2021-08-05 05:11:59,84.0,72.0,10.0,2.0
2021-08-05 05:12:00,84.0,79.0,3.0,2.0
2021-08-05 05:12:01,76.0,69.0,4.0,3.0
2021-08-05 05:12:02,104.0,96.0,7.0,1.0
2021-08-05 05:12:03,90.0,82.0,6.0,2.0
2021-08-05 05:12:04,95.0,87.0,4.0,4.0
2021-08-05 05:12:05,108.0,96.0,9.0,3.0
2021-08-05 05:12:06,90.0,81.0,6.0,3.0
2021-08-05 05:12:07,95.0,80.0,12.0,3.0
2021-08-05 05:12:08,109.0,95.0,9.0,5.0
2021-08-05 05:12:09,115.0,103.0,7.0,5.0
2021-08-05 05:12:10,76.0,67.0,7.0,2.0
2021-08-05 05:12:11,93.0,80.0,7.0,6.0
2021-08-05 05:12:12,93.0,81.0,8.0,4.0
2021-08-05 05:12:13,94.0,81.0,11.0,2.0
2021-08-05 05:12:14,81.0,76.0,2.0,3.0
2021-08-05 05:12:15,87.0,76.0,7.0,4.0
2021-08-05 05:12:16,92.0,79.0,3.0,10.0
2021-08-05 05:12:17,84.0,71.0,9.0,4.0
2021-08-05 05:12:18,92.0,84.0,7.0,1.0
2021-08-05 05:12:19,79.0,67.0,7.0,5.0
2021-08-05 05:12:20,90.0,79.0,5.0,6.0
2021-08-05 05:12:21,86.0,81.0,0.0,5.0
2021-08-05 05:12:22,107.0,93.0,6.0,8.0
2021-08-05 05:12:23,102.0,90.0,9.0,3.0
2021-08-05 05:12:24,88.0,80.0,5.0,3.0
2021-08-05 05:12:25,106.0,92.0,9.0,5.0
2021-08-05 05:12:26,112.0,99.0,8.0,5.0
2021-08-05 05:12:27,86.0,74.0,4.0,8.0
2021-08-05 05:12:28,104.0,95.0,6.0,3.0
2021-08-05 05:12:29,80.0,69.0,5.0,6.0
2021-08-05 05:12:30,99.0,86.0,5.0,8.0
2021-08-05 05:12:31,100.0,90.0,7.0,3.0
2021-08-05 05:12:32,86.0,79.0,4.0,3.0
2021-08-05 05:12:33,97.0,80.0,9.0,8.0
2021-08-05 05:12:34,104.0,91.0,6.0,7.0
2021-08-05 05:12:35,100.0,88.0,8.0,4.0
2021-08-05 05:12:36,88.0,79.0,8.0,1.0
2021-08-05 05:12:37,97.0,80.0,10.0,7.0
2021-08-05 05:12:38,100.0,91.0,5.0,4.0
2021-08-05 05:12:39,75.0,60.0,7.0,8.0
2021-08-05 05:12:40,78.0,65.0,9.0,4.0
2021-08-05 05:12:41,92.0,81.0,7.0,4.0
2021-08-05 05:12:42,82.0,74.0,4.0,4.0
2021-08-05 05:12:43,90.0,79.0,4.0,7.0
2021-08-05 05:12:44,93.0,82.0,7.0,4.0
2021-08-05 05:12:45,93.0,83.0,6.0,4.0
2021-08-05 05:12:46,106.0,94.0,10.0,2.0
2021-08-05 05:12:47,89.0,79.0,5.0,5.0
2021-08-05 05:12:48,84.0,75.0,8.0,1.0
2021-08-05 05:12:49,76.0,67.0,4.0,5.0
2021-08-05 05:12:50,88.0,76.0,10.0,2.0
2021-08-05 05:12:51,98.0,91.0,4.0,3.0
2021-08-05 05:12:52,78.0,71.0,3.0,4.0
2021-08-05 05:12:53,81.0,66.0,9.0,6.0
2021-08-05 05:12:54,84.0,74.0,9.0,1.0
2021-08-05 05:12:55,89.0,81.0,3.0,5.0
2021-08-05 05:12:56,93.0,80.0,8.0,5.0
2021-08-05 05:12:57,104.0,85.0,14.0,5.0
2021-08-05 05:12:58,95.0,81.0,11.0,3.0
2021-08-05 05:12:59,94.0,84.0,5.0,5.0
2021-08-05 05:13:00,81.0,66.0,9.0,6.0
2021-08-05 05:13:01,86.0,74.0,8.0,4.0
2021-08-05 05:13:02,71.0,63.0,3.0,5.0
2021-08-05 05:13:03,75.0,67.0,4.0,4.0
2021-08-05 05:13:04,85.0,78.0,5.0,2.0
2021-08-05 05:13:05,86.0,75.0,8.0,3.0
2021-08-05 05:13:06,97.0,85.0,7.0,5.0
2021-08-05 05:13:07,110.0,100.0,7.0,3.0
2021-08-05 05:13:08,90.0,83.0,4.0,3.0
2021-08-05 05:13:09,101.0,89.0,5.0,7.0
2021-08-05 05:13:10,103.0,94.0,5.0,4.0
2021-08-05 05:13:11,69.0,61.0,4.0,4.0
2021-08-05 05:13:12,100.0,89.0,4.0,7.0
2021-08-05 05:13:13,86.0,77.0,6.0,3.0
2021-08-05 05:13:14,85.0,78.0,5.0,2.0
2021-08-05 05:13:15,108.0,97.0,7.0,4.0
2021-08-05 05:13:16,93.0,82.0,8.0,3.0
2021-08-05 05:13:17,101.0,87.0,8.0,6.0
2021-08-05 05:13:18,106.0,94.0,6.0,6.0
2021-08-05 05:13:19,88.0,78.0,7.0,3.0
2021-08-05 05:13:20,82.0,71.0,4.0,7.0
2021-08-05 05:13:21,102.0,85.0,10.0,7.0
2021-08-05 05:13:22,92.0,84.0,5.0,3.0
2021-08-05 05:13:23,93.0,81.0,8.0,4.0
2021-08-05 05:13:24,99.0,91.0,6.0,2.0
2021-08-05 05:13:25,89.0,76.0,10.0,3.0
2021-08-05 05:13:26,103.0,92.0,4.0,7.0
2021-08-05 05:13:27,95.0,86.0,6.0,3.0
2021-08-05 05:13:28,92.0,81.0,6.0,5.0
2021-08-05 05:13:29,102.0,93.0,5.0,4.0
2021-08-05 05:13:30,94.0,88.0,4.0,2.0
2021-08-05 05:13:31,82.0,73.0,7.0,2.0
2021-08-05 05:13:32,92.0,86.0,3.0,3.0
2021-08-05 05:13:33,111.0,101.0,7.0,3.0
2021-08-05 05:13:34,90.0,78.0,5.0,7.0
2021-08-05 05:13:35,87.0,78.0,6.0,3.0
2021-08-05 05:13:36,91.0,85.0,5.0,1.0
2021-08-05 05:13:37,84.0,78.0,2.0,4.0
2021-08-05 05:13:38,89.0,79.0,6.0,4.0
2021-08-05 05:13:39,98.0,93.0,4.0,1.0
2021-08-05 05:13:40,81.0,66.0,9.0,6.0
2021-08-05 05:13:41,97.0,86.0,6.0,5.0
2021-08-05 05:13:42,81.0,72.0,3.0,6.0
2021-08-05 05:13:43,91.0,82.0,8.0,1.0
2021-08-05 05:13:44,92.0,81.0,5.0,6.0
2021-08-05 05:13:45,98.0,88.0,3.0,7.0
2021-08-05 05:13:46,100.0,86.0,6.0,8.0
2021-08-05 05:13:47,76.0,69.0,5.0,2.0
2021-08-05 05:13:48,99.0,91.0,5.0,3.0
2021-08-05 05:13:49,89.0,80.0,5.0,4.0
2021-08-05 05:13:50,90.0,77.0,8.0,5.0
2021-08-05 05:13:51,74.0,71.0,2.0,1.0
2021-08-05 05:13:52,89.0,82.0,5.0,2.0
2021-08-05 05:13:53,73.0,63.0,8.0,2.0
2021-08-05 05:13:54,78.0,63.0,13.0,2.0
2021-08-05 05:13:55,98.0,91.0,5.0,2.0
2021-08-05 05:13:56,107.0,98.0,6.0,3.0
2021-08-05 05:13:57,87.0,73.0,8.0,6.0
2021-08-05 05:13:58,108.0,98.0,7.0,3.0
2021-08-05 05:13:59,88.0,78.0,5.0,5.0
2021-08-05 05:14:00,96.0,87.0,4.0,5.0
2021-08-05 05:14:01,104.0,91.0,12.0,1.0
2021-08-05 05:14:02,98.0,89.0,5.0,4.0
2021-08-05 05:14:03,100.0,91.0,6.0,3.0
2021-08-05 05:14:04,99.0,85.0,11.0,3.0
2021-08-05 05:14:05,105.0,95.0,5.0,5.0
2021-08-05 05:14:06,89.0,78.0,6.0,5.0
2021-08-05 05:14:07,98.0,86.0,8.0,4.0
2021-08-05 05:14:08,103.0,85.0,10.0,8.0
2021-08-05 05:14:09,86.0,82.0,2.0,2.0
2021-08-05 05:14:10,83.0,72.0,9.0,2.0
2021-08-05 05:14:11,93.0,78.0,7.0,8.0
2021-08-05 05:14:12,77.0,63.0,10.0,4.0
2021-08-05 05:14:13,110.0,96.0,11.0,3.0
2021-08-05 05:14:14,94.0,84.0,5.0,5.0
2021-08-05 05:14:15,100.0,85.0,11.0,4.0
2021-08-05 05:14:16,103.0,90.0,8.0,5.0
2021-08-05 05:14:17,97.0,88.0,5.0,4.0
2021-08-05 05:14:18,97.0,84.0,5.0,8.0
2021-08-05 05:14:19,100.0,87.0,5.0,8.0
2021-08-05 05:14:20,82.0,73.0,3.0,6.0
2021-08-05 05:14:21,83.0,73.0,4.0,6.0
2021-08-05 05:14:22,73.0,68.0,3.0,2.0
2021-08-05 05:14:23,85.0,71.0,8.0,6.0
2021-08-05 05:14:24,100.0,82.0,9.0,9.0
2021-08-05 05:14:25,99.0,89.0,5.0,5.0
2021-08-05 05:14:26,87.0,78.0,6.0,3.0
2021-08-05 05:14:27,89.0,82.0,4.0,3.0
2021-08-05 05:14:28,97.0,91.0,2.0,4.0
2021-08-05 05:14:29,91.0,80.0,7.0,4.0
2021-08-05 05:14:30,83.0,71.0,6.0,6.0
2021-08-05 05:14:31,86.0,75.0,4.0,7.0
2021-08-05 05:14:32,101.0,85.0,9.0,7.0
2021-08-05 05:14:33,84.0,69.0,9.0,6.0
2021-08-05 05:14:34,119.0,108.0,7.0,4.0
2021-08-05 05:14:35,84.0,71.0,5.0,8.0
2021-08-05 05:14:36,99.0,87.0,8.0,4.0
2021-08-05 05:14:37,97.0,84.0,5.0,8.0
2021-08-05 05:14:38,85.0,72.0,10.0,3.0
2021-08-05 05:14:39,89.0,81.0,4.0,4.0
2021-08-05 05:14:40,96.0,78.0,10.0,8.0
2021-08-05 05:14:41,76.0,69.0,5.0,2.0
2021-08-05 05:14:42,86.0,76.0,6.0,4.0
2021-08-05 05:14:43,99.0,89.0,2.0,8.0
2021-08-05 05:14:44,90.0,79.0,8.0,3.0
2021-08-05 05:14:45,89.0,81.0,4.0,4.0
2021-08-05 05:14:46,100.0,86.0,11.0,3.0
2021-08-05 05:14:47,101.0,94.0,3.0,4.0
2021-08-05 05:14:48,98.0,87.0,7.0,4.0
2021-08-05 05:14:49,104.0,94.0,7.0,3.0
2021-08-05 05:14:50,88.0,69.0,9.0,10.0
2021-08-05 05:14:51,98.0,90.0,4.0,4.0
2021-08-05 05:14:52,84.0,77.0,5.0,2.0
2021-08-05 05:14:53,107.0,100.0,3.0,4.0
2021-08-05 05:14:54,97.0,87.0,5.0,5.0
2021-08-05 05:14:55,98.0,85.0,11.0,2.0
2021-08-05 05:14:56,109.0,97.0,8.0,4.0
2021-08-05 05:14:57,84.0,77.0,5.0,2.0
2021-08-05 05:14:58,82.0,72.0,4.0,6.0
2021-08-05 05:14:59,121.0,107.0,7.0,7.0
2021-08-05 05:15:00,80.0,71.0,7.0,2.0
2021-08-05 05:15:01,105.0,91.0,6.0,8.0
2021-08-05 05:15:02,106.0,93.0,6.0,7.0
2021-08-05 05:15:03,90.0,81.0,3.0,6.0
2021-08-05 05:15:04,72.0,64.0,5.0,3.0
2021-08-05 05:15:05,96.0,88.0,7.0,1.0
2021-08-05 05:15:06,102.0,91.0,3.0,8.0
2021-08-05 05:15:07,74.0,63.0,6.0,5.0
2021-08-05 05:15:08,78.0,68.0,6.0,4.0
2021-08-05 05:15:09,100.0,91.0,4.0,5.0
2021-08-05 05:15:10,87.0,79.0,5.0,3.0
2021-08-05 05:15:11,85.0,79.0,1.0,5.0
2021-08-05 05:15:12,86.0,74.0,10.0,2.0
2021-08-05 05:15:13,85.0,73.0,5.0,7.0
2021-08-05 05:15:14,87.0,78.0,7.0,2.0
2021-08-05 05:15:15,83.0,67.0,12.0,4.0
2021-08-05 05:15:16,100.0,86.0,9.0,5.0
2021-08-05 05:15:17,94.0,83.0,2.0,9.0
2021-08-05 05:15:18,96.0,80.0,8.0,8.0
2021-08-05 05:15:19,76.0,68.0,7.0,1.0
2021-08-05 05:15:20,94.0,84.0,8.0,2.0
2021-08-05 05:15:21,92.0,81.0,2.0,9.0
2021-08-05 05:15:22,101.0,87.0,8.0,6.0
2021-08-05 05:15:23,86.0,69.0,12.0,5.0
2021-08-05 05:15:24,86.0,77.0,6.0,3.0
2021-08-05 05:15:25,87.0,77.0,8.0,2.0
2021-08-05 05:15:26,78.0,68.0,4.0,6.0
2021-08-05 05:15:27,88.0,75.0,7.0,6.0
2021-08-05 05:15:28,100.0,89.0,8.0,3.0
2021-08-05 05:15:29,82.0,75.0,4.0,3.0
2021-08-05 05:15:30,95.0,80.0,6.0,9.0
2021-08-05 05:15:31,85.0,77.0,4.0,4.0
2021-08-05 05:15:32,80.0,62.0,10.0,8.0
2021-08-05 05:15:33,100.0,89.0,9.0,2.0
2021-08-05 05:15:34,81.0,71.0,6.0,4.0
2021-08-05 05:15:35,99.0,87.0,8.0,4.0
2021-08-05 05:15:36,87.0,78.0,5.0,4.0
2021-08-05 05:15:37,84.0,72.0,8.0,4.0
2021-08-05 05:15:38,85.0,70.0,7.0,8.0
2021-08-05 05:15:39,96.0,83.0,6.0,7.0
2021-08-05 05:15:40,92.0,81.0,4.0,7.0
2021-08-05 05:15:41,95.0,83.0,8.0,4.0
2021-08-05 05:15:42,88.0,78.0,9.0,1.0
2021-08-05 05:15:43,79.0,67.0,2.0,10.0
2021-08-05 05:15:44,93.0,87.0,3.0,3.0
2021-08-05 05:15:45,87.0,78.0,6.0,3.0
2021-08-05 05:15:46,104.0,91.0,8.0,5.0
2021-08-05 05:15:47,85.0,72.0,5.0,8.0
2021-08-05 05:15:48,88.0,77.0,6.0,5.0
2021-08-05 05:15:49,97.0,87.0,6.0,4.0
2021-08-05 05:15:50,100.0,88.0,11.0,1.0
2021-08-05 05:15:51,86.0,74.0,9.0,3.0
2021-08-05 05:15:52,86.0,80.0,2.0,4.0
2021-08-05 05:15:53,99.0,89.0,8.0,2.0
2021-08-05 05:15:54,79.0,74.0,2.0,3.0
2021-08-05 05:15:55,88.0,76.0,7.0,5.0
2021-08-05 05:15:56,90.0,79.0,7.0,4.0
2021-08-05 05:15:57,68.0,61.0,6.0,1.0
2021-08-05 05:15:58,91.0,83.0,5.0,3.0
2021-08-05 05:15:59,91.0,84.0,5.0,2.0
2021-08-05 05:16:00,92.0,79.0,7.0,6.0
2021-08-05 05:16:01,82.0,73.0,4.0,5.0
2021-08-05 05:16:02,100.0,89.0,6.0,5.0
2021-08-05 05:16:03,93.0,85.0,6.0,2.0
2021-08-05 05:16:04,98.0,88.0,6.0,4.0
2021-08-05 05:16:05,93.0,79.0,8.0,6.0
2021-08-05 05:16:06,89.0,80.0,5.0,4.0
2021-08-05 05:16:07,85.0,78.0,5.0,2.0
2021-08-05 05:16:08,97.0,90.0,2.0,5.0
2021-08-05 05:16:09,83.0,71.0,8.0,4.0
2021-08-05 05:16:10,82.0,66.0,12.0,4.0
2021-08-05 05:16:11,83.0,74.0,5.0,4.0
2021-08-05 05:16:12,96.0,84.0,8.0,4.0
2021-08-05 05:16:13,88.0,74.0,9.0,5.0
2021-08-05 05:16:14,113.0,104.0,6.0,3.0
2021-08-05 05:16:15,81.0,69.0,7.0,5.0
2021-08-05 05:16:16,83.0,80.0,2.0,1.0
2021-08-05 05:16:17,94.0,85.0,7.0,2.0
2021-08-05 05:16:18,94.0,80.0,7.0,7.0
2021-08-05 05:16:19,97.0,85.0,7.0,5.0
2021-08-05 05:16:20,89.0,82.0,6.0,1.0
2021-08-05 05:16:21,103.0,92.0,4.0,7.0
2021-08-05 05:16:22,85.0,78.0,3.0,4.0
2021-08-05 05:16:23,100.0,87.0,9.0,4.0
2021-08-05 05:16:24,90.0,82.0,7.0,1.0
2021-08-05 05:16:25,106.0,94.0,7.0,5.0
2021-08-05 05:16:26,85.0,79.0,3.0,3.0
2021-08-05 05:16:27,83.0,71.0,6.0,6.0
2021-08-05 05:16:28,103.0,95.0,7.0,1.0
2021-08-05 05:16:29,81.0,73.0,7.0,1.0
2021-08-05 05:16:30,81.0,74.0,5.0,2.0
2021-08-05 05:16:31,93.0,76.0,8.0,9.0
2021-08-05 05:16:32,77.0,71.0,5.0,1.0
2021-08-05 05:16:33,84.0,74.0,6.0,4.0
2021-08-05 05:16:34,97.0,82.0,6.0,9.0
2021-08-05 05:16:35,114.0,97.0,8.0,9.0
2021-08-05 05:16:36,83.0,74.0,6.0,3.0
2021-08-05 05:16:37,102.0,86.0,7.0,9.0
2021-08-05 05:16:38,92.0,81.0,5.0,6.0
2021-08-05 05:16:39,91.0,83.0,3.0,5.0
2021-08-05 05:16:40,77.0,71.0,4.0,2.0
2021-08-05 05:16:41,103.0,85.0,12.0,6.0
2021-08-05 05:16:42,93.0,78.0,12.0,3.0
2021-08-05 05:16:43,78.0,63.0,11.0,4.0
2021-08-05 05:16:44,90.0,79.0,6.0,5.0
2021-08-05 05:16:45,83.0,80.0,1.0,2.0
2021-08-05 05:16:46,100.0,86.0,10.0,4.0
2021-08-05 05:16:47,85.0,81.0,3.0,1.0
2021-08-05 05:16:48,106.0,97.0,8.0,1.0
2021-08-05 05:16:49,103.0,91.0,7.0,5.0
2021-08-05 05:16:50,92.0,85.0,3.0,4.0
2021-08-05 05:16:51,90.0,85.0,4.0,1.0
2021-08-05 05:16:52,97.0,87.0,7.0,3.0
2021-08-05 05:16:53,99.0,85.0,10.0,4.0
2021-08-05 05:16:54,103.0,90.0,3.0,10.0
2021-08-05 05:16:55,96.0,84.0,6.0,6.0
2021-08-05 05:16:56,82.0,74.0,4.0,4.0
2021-08-05 05:16:57,90.0,84.0,5.0,1.0
2021-08-05 05:16:58,97.0,86.0,7.0,4.0
2021-08-05 05:16:59,94.0,84.0,5.0,5.0
2021-08-05 05:17:00,85.0,74.0,8.0,3.0
2021-08-05 05:17:01,88.0,76.0,6.0,6.0
2021-08-05 05:17:02,87.0,77.0,9.0,1.0
2021-08-05 05:17:03,115.0,99.0,12.0,4.0
2021-08-05 05:17:04,88.0,78.0,8.0,2.0
2021-08-05 05:17:05,88.0,75.0,6.0,7.0
2021-08-05 05:17:06,94.0,91.0,2.0,1.0
2021-08-05 05:17:07,100.0,90.0,6.0,4.0
2021-08-05 05:17:08,94.0,85.0,5.0,4.0
2021-08-05 05:17:09,107.0,98.0,4.0,5.0
2021-08-05 05:17:10,85.0,78.0,3.0,4.0
2021-08-05 05:17:11,73.0,66.0,5.0,2.0
2021-08-05 05:17:12,99.0,88.0,7.0,4.0
2021-08-05 05:17:13,83.0,74.0,6.0,3.0
2021-08-05 05:17:14,81.0,72.0,7.0,2.0
2021-08-05 05:17:15,89.0,77.0,8.0,4.0
2021-08-05 05:17:16,101.0,90.0,6.0,5.0
2021-08-05 05:17:17,83.0,77.0,3.0,3.0
2021-08-05 05:17:18,97.0,86.0,5.0,6.0
2021-08-05 05:17:19,64.0,55.0,6.0,3.0
2021-08-05 05:17:20,95.0,82.0,8.0,5.0
2021-08-05 05:17:21,94.0,83.0,6.0,5.0
2021-08-05 05:17:22,98.0,92.0,4.0,2.0
2021-08-05 05:17:23,90.0,76.0,11.0,3.0
2021-08-05 05:17:24,84.0,76.0,3.0,5.0
2021-08-05 05:17:25,95.0,89.0,3.0,3.0
2021-08-05 05:17:26,94.0,82.0,7.0,5.0
2021-08-05 05:17:27,89.0,83.0,3.0,3.0
2021-08-05 05:17:28,92.0,81.0,7.0,4.0
2021-08-05 05:17:29,86.0,76.0,5.0,5.0
2021-08-05 05:17:30,93.0,84.0,6.0,3.0
2021-08-05 05:17:31,89.0,80.0,4.0,5.0
2021-08-05 05:17:32,88.0,82.0,6.0,0.0
2021-08-05 05:17:33,105.0,96.0,5.0,4.0
2021-08-05 05:17:34,88.0,80.0,4.0,4.0
2021-08-05 05:17:35,92.0,81.0,9.0,2.0
2021-08-05 05:17:36,99.0,83.0,13.0,3.0
2021-08-05 05:17:37,86.0,78.0,4.0,4.0
2021-08-05 05:17:38,100.0,86.0,6.0,8.0
2021-08-05 05:17:39,105.0,92.0,10.0,3.0
2021-08-05 05:17:40,92.0,83.0,4.0,5.0
2021-08-05 05:17:41,85.0,77.0,4.0,4.0
2021-08-05 05:17:42,86.0,77.0,6.0,3.0
2021-08-05 05:17:43,101.0,90.0,8.0,3.0
2021-08-05 05:17:44,101.0,85.0,10.0,6.0
2021-08-05 05:17:45,74.0,68.0,3.0,3.0
2021-08-05 05:17:46,88.0,79.0,6.0,3.0
2021-08-05 05:17:47,95.0,80.0,10.0,5.0
2021-08-05 05:17:48,97.0,89.0,7.0,1.0
2021-08-05 05:17:49,81.0,73.0,2.0,6.0
2021-08-05 05:17:50,76.0,66.0,9.0,1.0
2021-08-05 05:17:51,90.0,79.0,5.0,6.0
2021-08-05 05:17:52,91.0,83.0,4.0,4.0
2021-08-05 05:17:53,83.0,72.0,6.0,5.0
2021-08-05 05:17:54,86.0,80.0,2.0,4.0
2021-08-05 05:17:55,96.0,90.0,5.0,1.0
2021-08-05 05:17:56,89.0,82.0,7.0,0.0
2021-08-05 05:17:57,101.0,85.0,11.0,5.0
2021-08-05 05:17:58,97.0,88.0,4.0,5.0
2021-08-05 05:17:59,99.0,87.0,10.0,2.0
2021-08-05 05:18:00,96.0,85.0,8.0,3.0
2021-08-05 05:18:01,85.0,73.0,11.0,1.0
2021-08-05 05:18:02,86.0,75.0,6.0,5.0
2021-08-05 05:18:03,97.0,87.0,8.0,2.0
2021-08-05 05:18:04,97.0,81.0,7.0,9.0
2021-08-05 05:18:05,81.0,76.0,3.0,2.0
2021-08-05 05:18:06,104.0,88.0,9.0,7.0
2021-08-05 05:18:07,98.0,90.0,7.0,1.0
2021-08-05 05:18:08,94.0,80.0,5.0,9.0
2021-08-05 05:18:09,86.0,73.0,10.0,3.0
2021-08-05 05:18:10,89.0,79.0,5.0,5.0
2021-08-05 05:18:11,89.0,77.0,6.0,6.0
2021-08-05 05:18:12,117.0,110.0,5.0,2.0
2021-08-05 05:18:13,86.0,76.0,7.0,3.0
2021-08-05 05:18:14,86.0,81.0,3.0,2.0
2021-08-05 05:18:15,80.0,74.0,4.0,2.0
2021-08-05 05:18:16,77.0,65.0,5.0,7.0
2021-08-05 05:18:17,86.0,70.0,11.0,5.0
2021-08-05 05:18:18,94.0,85.0,5.0,4.0
2021-08-05 05:18:19,93.0,83.0,10.0,0.0
2021-08-05 05:18:20,87.0,76.0,8.0,3.0
2021-08-05 05:18:21,84.0,75.0,7.0,2.0
2021-08-05 05:18:22,84.0,66.0,13.0,5.0
2021-08-05 05:18:23,77.0,66.0,8.0,3.0
2021-08-05 05:18:24,102.0,91.0,7.0,4.0
2021-08-05 05:18:25,94.0,81.0,8.0,5.0
2021-08-05 05:18:26,77.0,67.0,6.0,4.0
2021-08-05 05:18:27,82.0,77.0,2.0,3.0
2021-08-05 05:18:28,121.0,100.0,13.0,8.0
2021-08-05 05:18:29,89.0,82.0,4.0,3.0
2021-08-05 05:18:30,101.0,92.0,8.0,1.0
2021-08-05 05:18:31,114.0,99.0,11.0,4.0
2021-08-05 05:18:32,80.0,62.0,9.0,9.0
2021-08-05 05:18:33,101.0,91.0,6.0,4.0
2021-08-05 05:18:34,101.0,89.0,9.0,3.0
2021-08-05 05:18:35,97.0,85.0,4.0,8.0
2021-08-05 05:18:36,95.0,84.0,8.0,3.0
2021-08-05 05:18:37,95.0,86.0,4.0,5.0
2021-08-05 05:18:38,98.0,93.0,3.0,2.0
2021-08-05 05:18:39,93.0,84.0,5.0,4.0
2021-08-05 05:18:40,95.0,85.0,4.0,6.0
2021-08-05 05:18:41,85.0,75.0,5.0,5.0
2021-08-05 05:18:42,87.0,71.0,11.0,5.0
2021-08-05 05:18:43,92.0,82.0,5.0,5.0
2021-08-05 05:18:44,83.0,77.0,2.0,4.0
2021-08-05 05:18:45,109.0,95.0,6.0,8.0
2021-08-05 05:18:46,78.0,69.0,6.0,3.0
2021-08-05 05:18:47,96.0,79.0,12.0,5.0
2021-08-05 05:18:48,82.0,75.0,3.0,4.0
2021-08-05 05:18:49,92.0,84.0,5.0,3.0
2021-08-05 05:18:50,101.0,87.0,10.0,4.0
2021-08-05 05:18:51,83.0,77.0,2.0,4.0
2021-08-05 05:18:52,73.0,69.0,2.0,2.0
2021-08-05 05:18:53,83.0,73.0,3.0,7.0
2021-08-05 05:18:54,90.0,72.0,11.0,7.0
2021-08-05 05:18:55,77.0,64.0,10.0,3.0
2021-08-05 05:18:56,86.0,73.0,10.0,3.0
2021-08-05 05:18:57,113.0,98.0,11.0,4.0
2021-08-05 05:18:58,108.0,96.0,7.0,5.0
2021-08-05 05:18:59,102.0,93.0,5.0,4.0
2021-08-05 05:19:00,82.0,75.0,6.0,1.0
2021-08-05 05:19:01,78.0,69.0,5.0,4.0
2021-08-05 05:19:02,94.0,82.0,4.0,8.0
2021-08-05 05:19:03,100.0,78.0,12.0,10.0
2021-08-05 05:19:04,94.0,84.0,5.0,5.0
2021-08-05 05:19:05,95.0,79.0,12.0,4.0
2021-08-05 05:19:06,79.0,71.0,8.0,0.0
2021-08-05 05:19:07,93.0,83.0,6.0,4.0
2021-08-05 05:19:08,101.0,88.0,8.0,5.0
2021-08-05 05:19:09,86.0,80.0,6.0,0.0
2021-08-05 05:19:10,94.0,83.0,5.0,6.0
2021-08-05 05:19:11,103.0,94.0,5.0,4.0
2021-08-05 05:19:12,112.0,100.0,6.0,6.0
2021-08-05 05:19:13,103.0,85.0,12.0,6.0
2021-08-05 05:19:14,90.0,83.0,6.0,1.0
2021-08-05 05:19:15,94.0,86.0,6.0,2.0
2021-08-05 05:19:16,115.0,99.0,10.0,6.0
2021-08-05 05:19:17,86.0,78.0,3.0,5.0
2021-08-05 05:19:18,82.0,74.0,5.0,3.0
2021-08-05 05:19:19,80.0,75.0,1.0,4.0
2021-08-05 05:19:20,109.0,96.0,11.0,2.0
2021-08-05 05:19:21,89.0,75.0,10.0,4.0
2021-08-05 05:19:22,96.0,84.0,7.0,5.0
2021-08-05 05:19:23,80.0,69.0,6.0,5.0
2021-08-05 05:19:24,91.0,80.0,4.0,7.0
2021-08-05 05:19:25,96.0,84.0,10.0,2.0
2021-08-05 05:19:26,90.0,82.0,7.0,1.0
2021-08-05 05:19:27,94.0,87.0,4.0,3.0
2021-08-05 05:19:28,101.0,94.0,2.0,5.0
2021-08-05 05:19:29,82.0,70.0,8.0,4.0
2021-08-05 05:19:30,104.0,89.0,9.0,6.0
2021-08-05 05:19:31,88.0,78.0,6.0,4.0
2021-08-05 05:19:32,77.0,69.0,2.0,6.0
2021-08-05 05:19:33,117.0,102.0,7.0,8.0
2021-08-05 05:19:34,107.0,89.0,15.0,3.0
2021-08-05 05:19:35,107.0,92.0,9.0,6.0
2021-08-05 05:19:36,96.0,87.0,4.0,5.0
2021-08-05 05:19:37,94.0,85.0,6.0,3.0
2021-08-05 05:19:38,102.0,93.0,5.0,4.0
2021-08-05 05:19:39,80.0,69.0,9.0,2.0
2021-08-05 05:19:40,79.0,70.0,6.0,3.0
2021-08-05 05:19:41,99.0,87.0,6.0,6.0
2021-08-05 05:19:42,94.0,89.0,3.0,2.0
2021-08-05 05:19:43,87.0,77.0,7.0,3.0
2021-08-05 05:19:44,79.0,69.0,7.0,3.0
2021-08-05 05:19:45,93.0,83.0,6.0,4.0
2021-08-05 05:19:46,122.0,103.0,11.0,8.0
2021-08-05 05:19:47,93.0,82.0,9.0,2.0
2021-08-05 05:19:48,81.0,70.0,5.0,6.0
2021-08-05 05:19:49,80.0,68.0,10.0,2.0
2021-08-05 05:19:50,83.0,73.0,7.0,3.0
2021-08-05 05:19:51,91.0,78.0,7.0,6.0
2021-08-05 05:19:52,91.0,80.0,6.0,5.0
2021-08-05 05:19:53,100.0,84.0,14.0,2.0
2021-08-05 05:19:54,76.0,66.0,8.0,2.0
2021-08-05 05:19:55,88.0,78.0,6.0,4.0
2021-08-05 05:19:56,88.0,84.0,2.0,2.0
2021-08-05 05:19:57,88.0,84.0,2.0,2.0
2021-08-05 05:19:58,93.0,84.0,7.0,2.0
2021-08-05 05:19:59,98.0,87.0,6.0,5.0
2021-08-05 05:20:00,92.0,81.0,4.0,7.0
2021-08-05 05:20:01,68.0,60.0,5.0,3.0
2021-08-05 05:20:02,93.0,85.0,6.0,2.0
2021-08-05 05:20:03,86.0,74.0,10.0,2.0
2021-08-05 05:20:04,82.0,72.0,6.0,4.0
2021-08-05 05:20:05,75.0,65.0,7.0,3.0
2021-08-05 05:20:06,102.0,88.0,11.0,3.0
2021-08-05 05:20:07,89.0,80.0,4.0,5.0
2021-08-05 05:20:08,91.0,85.0,4.0,2.0
2021-08-05 05:20:09,89.0,76.0,5.0,8.0
2021-08-05 05:20:10,89.0,79.0,7.0,3.0
2021-08-05 05:20:11,79.0,72.0,4.0,3.0
2021-08-05 05:20:12,100.0,92.0,6.0,2.0
2021-08-05 05:20:13,82.0,69.0,9.0,4.0
2021-08-05 05:20:14,93.0,80.0,9.0,4.0
2021-08-05 05:20:15,102.0,88.0,12.0,2.0
2021-08-05 05:20:16,109.0,98.0,6.0,5.0
2021-08-05 05:20:17,92.0,74.0,13.0,5.0
2021-08-05 05:20:18,99.0,85.0,7.0,7.0
2021-08-05 05:20:19,99.0,84.0,7.0,8.0
2021-08-05 05:20:20,72.0,67.0,2.0,3.0
2021-08-05 05:20:21,92.0,86.0,3.0,3.0
2021-08-05 05:20:22,102.0,87.0,10.0,5.0
2021-08-05 05:20:23,98.0,85.0,10.0,3.0
2021-08-05 05:20:24,101.0,93.0,7.0,1.0
2021-08-05 05:20:25,77.0,70.0,4.0,3.0
2021-08-05 05:20:26,92.0,82.0,6.0,4.0
2021-08-05 05:20:27,95.0,86.0,8.0,1.0
2021-08-05 05:20:28,90.0,76.0,8.0,6.0
2021-08-05 05:20:29,106.0,95.0,6.0,5.0
2021-08-05 05:20:30,90.0,79.0,5.0,6.0
2021-08-05 05:20:31,83.0,75.0,5.0,3.0
2021-08-05 05:20:32,109.0,97.0,6.0,6.0
2021-08-05 05:20:33,90.0,82.0,3.0,5.0
2021-08-05 05:20:34,89.0,74.0,8.0,7.0
2021-08-05 05:20:35,98.0,87.0,10.0,1.0
2021-08-05 05:20:36,75.0,61.0,7.0,7.0
2021-08-05 05:20:37,88.0,79.0,7.0,2.0
2021-08-05 05:20:38,86.0,77.0,4.0,5.0
2021-08-05 05:20:39,81.0,75.0,5.0,1.0
2021-08-05 05:20:40,98.0,85.0,4.0,9.0
2021-08-05 05:20:41,89.0,80.0,5.0,4.0
2021-08-05 05:20:42,70.0,61.0,7.0,2.0
2021-08-05 05:20:43,92.0,83.0,4.0,5.0
2021-08-05 05:20:44,86.0,80.0,4.0,2.0
2021-08-05 05:20:45,95.0,84.0,6.0,5.0
2021-08-05 05:20:46,88.0,81.0,4.0,3.0
2021-08-05 05:20:47,80.0,68.0,8.0,4.0
2021-08-05 05:20:48,90.0,83.0,3.0,4.0
2021-08-05 05:20:49,81.0,76.0,4.0,1.0
2021-08-05 05:20:50,100.0,94.0,5.0,1.0
2021-08-05 05:20:51,74.0,65.0,6.0,3.0
2021-08-05 05:20:52,101.0,88.0,9.0,4.0
2021-08-05 05:20:53,88.0,76.0,6.0,6.0
2021-08-05 05:20:54,89.0,70.0,8.0,11.0
2021-08-05 05:20:55,91.0,80.0,3.0,8.0
2021-08-05 05:20:56,90.0,82.0,5.0,3.0
2021-08-05 05:20:57,93.0,84.0,4.0,5.0
2021-08-05 05:20:58,92.0,74.0,8.0,10.0
2021-08-05 05:20:59,96.0,87.0,6.0,3.0
2021-08-05 05:21:00,93.0,83.0,4.0,6.0
2021-08-05 05:21:01,87.0,81.0,3.0,3.0
2021-08-05 05:21:02,88.0,77.0,5.0,6.0
2021-08-05 05:21:03,99.0,90.0,5.0,4.0
2021-08-05 05:21:04,101.0,91.0,7.0,3.0
2021-08-05 05:21:05,89.0,80.0,4.0,5.0
2021-08-05 05:21:06,96.0,84.0,11.0,1.0
2021-08-05 05:21:07,79.0,68.0,7.0,4.0
2021-08-05 05:21:08,95.0,83.0,7.0,5.0
2021-08-05 05:21:09,88.0,76.0,8.0,4.0
2021-08-05 05:21:10,100.0,91.0,4.0,5.0
2021-08-05 05:21:11,73.0,64.0,7.0,2.0
2021-08-05 05:21:12,83.0,78.0,1.0,4.0
2021-08-05 05:21:13,90.0,83.0,4.0,3.0
2021-08-05 05:21:14,88.0,74.0,4.0,10.0
2021-08-05 05:21:15,93.0,82.0,9.0,2.0
2021-08-05 05:21:16,85.0,74.0,8.0,3.0
2021-08-05 05:21:17,75.0,65.0,8.0,2.0
2021-08-05 05:21:18,88.0,77.0,8.0,3.0
2021-08-05 05:21:19,95.0,84.0,9.0,2.0
2021-08-05 05:21:20,108.0,97.0,6.0,5.0
2021-08-05 05:21:21,93.0,80.0,7.0,6.0
2021-08-05 05:21:22,84.0,79.0,4.0,1.0
2021-08-05 05:21:23,97.0,91.0,5.0,1.0
2021-08-05 05:21:24,83.0,69.0,10.0,4.0
2021-08-05 05:21:25,95.0,87.0,6.0,2.0
2021-08-05 05:21:26,92.0,83.0,8.0,1.0
2021-08-05 05:21:27,88.0,75.0,11.0,2.0
2021-08-05 05:21:28,86.0,77.0,7.0,2.0
2021-08-05 05:21:29,89.0,82.0,4.0,3.0
2021-08-05 05:21:30,86.0,77.0,5.0,4.0
2021-08-05 05:21:31,84.0,78.0,5.0,1.0
2021-08-05 05:21:32,87.0,72.0,8.0,7.0
2021-08-05 05:21:33,90.0,75.0,11.0,4.0
2021-08-05 05:21:34,87.0,82.0,4.0,1.0
2021-08-05 05:21:35,109.0,94.0,11.0,4.0
2021-08-05 05:21:36,88.0,74.0,8.0,6.0
2021-08-05 05:21:37,95.0,89.0,4.0,2.0
2021-08-05 05:21:38,92.0,86.0,3.0,3.0
2021-08-05 05:21:39,98.0,91.0,2.0,5.0
2021-08-05 05:21:40,82.0,75.0,4.0,3.0
2021-08-05 05:21:41,102.0,88.0,8.0,6.0
2021-08-05 05:21:42,96.0,80.0,9.0,7.0
2021-08-05 05:21:43,97.0,82.0,8.0,7.0
2021-08-05 05:21:44,86.0,81.0,5.0,0.0
2021-08-05 05:21:45,97.0,82.0,7.0,8.0
2021-08-05 05:21:46,98.0,87.0,7.0,4.0
2021-08-05 05:21:47,84.0,78.0,5.0,1.0
2021-08-05 05:21:48,98.0,89.0,4.0,5.0
2021-08-05 05:21:49,88.0,86.0,2.0,0.0
2021-08-05 05:21:50,88.0,77.0,9.0,2.0
2021-08-05 05:21:51,92.0,78.0,8.0,6.0
2021-08-05 05:21:52,95.0,84.0,6.0,5.0
2021-08-05 05:21:53,78.0,67.0,5.0,6.0
2021-08-05 05:21:54,94.0,86.0,5.0,3.0
2021-08-05 05:21:55,73.0,63.0,2.0,8.0
2021-08-05 05:21:56,83.0,75.0,7.0,1.0
2021-08-05 05:21:57,95.0,88.0,5.0,2.0
2021-08-05 05:21:58,89.0,80.0,4.0,5.0
2021-08-05 05:21:59,94.0,82.0,8.0,4.0
2021-08-05 05:22:00,111.0,101.0,6.0,4.0
2021-08-05 05:22:01,82.0,75.0,2.0,5.0
2021-08-05 05:22:02,97.0,87.0,4.0,6.0
2021-08-05 05:22:03,88.0,81.0,2.0,5.0
2021-08-05 05:22:04,96.0,82.0,10.0,4.0
2021-08-05 05:22:05,100.0,85.0,9.0,6.0
2021-08-05 05:22:06,88.0,80.0,2.0,6.0
2021-08-05 05:22:07,81.0,73.0,4.0,4.0
2021-08-05 05:22:08,91.0,81.0,3.0,7.0
2021-08-05 05:22:09,91.0,82.0,7.0,2.0
2021-08-05 05:22:10,85.0,80.0,2.0,3.0
2021-08-05 05:22:11,87.0,79.0,6.0,2.0
2021-08-05 05:22:12,95.0,88.0,2.0,5.0
2021-08-05 05:22:13,90.0,79.0,6.0,5.0
2021-08-05 05:22:14,98.0,86.0,7.0,5.0
2021-08-05 05:22:15,85.0,75.0,8.0,2.0
2021-08-05 05:22:16,102.0,88.0,5.0,9.0
2021-08-05 05:22:17,82.0,72.0,6.0,4.0
2021-08-05 05:22:18,78.0,71.0,3.0,4.0
2021-08-05 05:22:19,105.0,96.0,7.0,2.0
2021-08-05 05:22:20,102.0,94.0,5.0,3.0
2021-08-05 05:22:21,84.0,79.0,2.0,3.0
2021-08-05 05:22:22,94.0,85.0,6.0,3.0
2021-08-05 05:22:23,96.0,87.0,7.0,2.0
2021-08-05 05:22:24,102.0,95.0,4.0,3.0
2021-08-05 05:22:25,100.0,89.0,8.0,3.0
2021-08-05 05:22:26,93.0,86.0,2.0,5.0
2021-08-05 05:22:27,110.0,100.0,6.0,4.0
2021-08-05 05:22:28,104.0,94.0,8.0,2.0
2021-08-05 05:22:29,101.0,93.0,5.0,3.0
2021-08-05 05:22:30,103.0,89.0,8.0,6.0
2021-08-05 05:22:31,102.0,85.0,6.0,11.0
2021-08-05 05:22:32,88.0,75.0,11.0,2.0
2021-08-05 05:22:33,74.0,70.0,2.0,2.0
2021-08-05 05:22:34,103.0,91.0,6.0,6.0
2021-08-05 05:22:35,92.0,81.0,8.0,3.0
2021-08-05 05:22:36,88.0,77.0,9.0,2.0
2021-08-05 05:22:37,95.0,81.0,6.0,8.0
2021-08-05 05:22:38,83.0,72.0,6.0,5.0
2021-08-05 05:22:39,96.0,88.0,5.0,3.0
2021-08-05 05:22:40,106.0,92.0,8.0,6.0
2021-08-05 05:22:41,113.0,97.0,11.0,5.0
2021-08-05 05:22:42,84.0,79.0,2.0,3.0
2021-08-05 05:22:43,105.0,98.0,4.0,3.0
2021-08-05 05:22:44,93.0,87.0,1.0,5.0
2021-08-05 05:22:45,98.0,88.0,7.0,3.0
2021-08-05 05:22:46,94.0,80.0,10.0,4.0
2021-08-05 05:22:47,106.0,92.0,6.0,8.0
2021-08-05 05:22:48,87.0,75.0,3.0,9.0
2021-08-05 05:22:49,98.0,85.0,4.0,9.0
2021-08-05 05:22:50,99.0,92.0,6.0,1.0
2021-08-05 05:22:51,110.0,102.0,3.0,5.0
2021-08-05 05:22:52,79.0,68.0,7.0,4.0
2021-08-05 05:22:53,110.0,95.0,11.0,4.0
2021-08-05 05:22:54,92.0,81.0,7.0,4.0
2021-08-05 05:22:55,91.0,79.0,7.0,5.0
2021-08-05 05:22:56,97.0,85.0,9.0,3.0
2021-08-05 05:22:57,79.0,69.0,7.0,3.0
2021-08-05 05:22:58,75.0,71.0,2.0,2.0
2021-08-05 05:22:59,84.0,75.0,6.0,3.0
2021-08-05 05:23:00,94.0,83.0,5.0,6.0
2021-08-05 05:23:01,86.0,75.0,8.0,3.0
2021-08-05 05:23:02,97.0,87.0,6.0,4.0
2021-08-05 05:23:03,79.0,75.0,2.0,2.0
2021-08-05 05:23:04,106.0,97.0,5.0,4.0
2021-08-05 05:23:05,83.0,70.0,12.0,1.0
2021-08-05 05:23:06,96.0,80.0,6.0,10.0
2021-08-05 05:23:07,100.0,80.0,11.0,9.0
2021-08-05 05:23:08,102.0,92.0,4.0,6.0
2021-08-05 05:23:09,97.0,86.0,5.0,6.0
2021-08-05 05:23:10,87.0,79.0,3.0,5.0
2021-08-05 05:23:11,97.0,88.0,7.0,2.0
2021-08-05 05:23:12,95.0,84.0,8.0,3.0
2021-08-05 05:23:13,74.0,67.0,4.0,3.0
2021-08-05 05:23:14,85.0,73.0,8.0,4.0
2021-08-05 05:23:15,90.0,76.0,8.0,6.0
2021-08-05 05:23:16,80.0,73.0,5.0,2.0
2021-08-05 05:23:17,105.0,90.0,10.0,5.0
2021-08-05 05:23:18,90.0,83.0,4.0,3.0
2021-08-05 05:23:19,81.0,71.0,9.0,1.0
2021-08-05 05:23:20,105.0,96.0,7.0,2.0
2021-08-05 05:23:21,76.0,70.0,4.0,2.0
2021-08-05 05:23:22,87.0,72.0,8.0,7.0
2021-08-05 05:23:23,94.0,82.0,6.0,6.0
2021-08-05 05:23:24,106.0,88.0,9.0,9.0
2021-08-05 05:23:25,93.0,79.0,10.0,4.0
2021-08-05 05:23:26,87.0,77.0,7.0,3.0
2021-08-05 05:23:27,95.0,76.0,13.0,6.0
2021-08-05 05:23:28,81.0,74.0,3.0,4.0
2021-08-05 05:23:29,86.0,78.0,4.0,4.0
2021-08-05 05:23:30,91.0,86.0,3.0,2.0
2021-08-05 05:23:31,104.0,92.0,7.0,5.0
2021-08-05 05:23:32,91.0,79.0,7.0,5.0
2021-08-05 05:23:33,106.0,94.0,8.0,4.0
2021-08-05 05:23:34,98.0,89.0,5.0,4.0
2021-08-05 05:23:35,86.0,73.0,7.0,6.0
2021-08-05 05:23:36,97.0,85.0,9.0,3.0
2021-08-05 05:23:37,86.0,80.0,2.0,4.0
2021-08-05 05:23:38,89.0,77.0,7.0,5.0
2021-08-05 05:23:39,99.0,87.0,7.0,5.0
2021-08-05 05:23:40,88.0,79.0,6.0,3.0
2021-08-05 05:23:41,91.0,79.0,10.0,2.0
2021-08-05 05:23:42,93.0,82.0,7.0,4.0
2021-08-05 05:23:43,102.0,89.0,9.0,4.0
2021-08-05 05:23:44,102.0,90.0,6.0,6.0
2021-08-05 05:23:45,91.0,80.0,4.0,7.0
2021-08-05 05:23:46,101.0,86.0,10.0,5.0
2021-08-05 05:23:47,96.0,85.0,4.0,7.0
2021-08-05 05:23:48,94.0,84.0,7.0,3.0
2021-08-05 05:23:49,67.0,60.0,3.0,4.0
2021-08-05 05:23:50,89.0,80.0,3.0,6.0
2021-08-05 05:23:51,100.0,82.0,12.0,6.0
2021-08-05 05:23:52,101.0,93.0,4.0,4.0
2021-08-05 05:23:53,104.0,88.0,9.0,7.0
2021-08-05 05:23:54,95.0,87.0,6.0,2.0
2021-08-05 05:23:55,98.0,84.0,10.0,4.0
2021-08-05 05:23:56,101.0,93.0,4.0,4.0
2021-08-05 05:23:57,109.0,95.0,9.0,5.0
2021-08-05 05:23:58,88.0,81.0,4.0,3.0
2021-08-05 05:23:59,100.0,91.0,6.0,3.0
2021-08-05 05:24:00,90.0,80.0,8.0,2.0
2021-08-05 05:24:01,96.0,84.0,4.0,8.0
2021-08-05 05:24:02,89.0,77.0,9.0,3.0
2021-08-05 05:24:03,80.0,68.0,5.0,7.0
2021-08-05 05:24:04,70.0,60.0,6.0,4.0
2021-08-05 05:24:05,108.0,92.0,10.0,6.0
2021-08-05 05:24:06,85.0,73.0,9.0,3.0
2021-08-05 05:24:07,97.0,87.0,4.0,6.0
2021-08-05 05:24:08,109.0,96.0,7.0,6.0
2021-08-05 05:24:09,99.0,92.0,4.0,3.0
2021-08-05 05:24:10,93.0,77.0,10.0,6.0
2021-08-05 05:24:11,89.0,84.0,4.0,1.0
2021-08-05 05:24:12,86.0,78.0,2.0,6.0
2021-08-05 05:24:13,88.0,83.0,3.0,2.0
2021-08-05 05:24:14,83.0,75.0,3.0,5.0
2021-08-05 05:24:15,87.0,77.0,5.0,5.0
2021-08-05 05:24:16,88.0,77.0,5.0,6.0
2021-08-05 05:24:17,90.0,83.0,3.0,4.0
2021-08-05 05:24:18,75.0,68.0,5.0,2.0
2021-08-05 05:24:19,85.0,75.0,4.0,6.0
2021-08-05 05:24:20,102.0,89.0,8.0,5.0
2021-08-05 05:24:21,89.0,85.0,1.0,3.0
2021-08-05 05:24:22,105.0,87.0,11.0,7.0
2021-08-05 05:24:23,82.0,75.0,7.0,0.0
2021-08-05 05:24:24,92.0,88.0,3.0,1.0
2021-08-05 05:24:25,83.0,73.0,5.0,5.0
2021-08-05 05:24:26,85.0,75.0,5.0,5.0
2021-08-05 05:24:27,87.0,82.0,3.0,2.0
2021-08-05 05:24:28,86.0,74.0,8.0,4.0
2021-08-05 05:24:29,96.0,85.0,8.0,3.0
2021-08-05 05:24:30,92.0,82.0,6.0,4.0
2021-08-05 05:24:31,97.0,93.0,2.0,2.0
2021-08-05 05:24:32,79.0,70.0,6.0,3.0
2021-08-05 05:24:33,86.0,76.0,6.0,4.0
2021-08-05 05:24:34,80.0,73.0,4.0,3.0
2021-08-05 05:24:35,90.0,86.0,1.0,3.0
2021-08-05 05:24:36,80.0,71.0,6.0,3.0
2021-08-05 05:24:37,89.0,78.0,9.0,2.0
2021-08-05 05:24:38,103.0,92.0,7.0,4.0
2021-08-05 05:24:39,94.0,83.0,8.0,3.0
2021-08-05 05:24:40,91.0,83.0,6.0,2.0
2021-08-05 05:24:41,66.0,61.0,4.0,1.0
2021-08-05 05:24:42,92.0,83.0,5.0,4.0
2021-08-05 05:24:43,96.0,87.0,5.0,4.0
2021-08-05 05:24:44,80.0,64.0,10.0,6.0
2021-08-05 05:24:45,92.0,82.0,7.0,3.0
2021-08-05 05:24:46,92.0,81.0,9.0,2.0
2021-08-05 05:24:47,89.0,81.0,6.0,2.0
2021-08-05 05:24:48,87.0,72.0,8.0,7.0
2021-08-05 05:24:49,105.0,92.0,7.0,6.0
2021-08-05 05:24:50,95.0,78.0,9.0,8.0
2021-08-05 05:24:51,102.0,94.0,6.0,2.0
2021-08-05 05:24:52,93.0,89.0,2.0,2.0
2021-08-05 05:24:53,102.0,90.0,6.0,6.0
2021-08-05 05:24:54,68.0,67.0,1.0,0.0
2021-08-05 05:24:55,95.0,82.0,7.0,6.0
2021-08-05 05:24:56,101.0,88.0,9.0,4.0
2021-08-05 05:24:57,98.0,89.0,5.0,4.0
2021-08-05 05:24:58,91.0,82.0,6.0,3.0
2021-08-05 05:24:59,96.0,85.0,8.0,3.0
2021-08-05 05:25:00,91.0,72.0,12.0,7.0
2021-08-05 05:25:01,97.0,87.0,4.0,6.0
2021-08-05 05:25:02,101.0,80.0,8.0,13.0
2021-08-05 05:25:03,110.0,91.0,10.0,9.0
2021-08-05 05:25:04,94.0,88.0,4.0,2.0
2021-08-05 05:25:05,92.0,77.0,12.0,3.0
2021-08-05 05:25:06,83.0,67.0,10.0,6.0
2021-08-05 05:25:07,89.0,79.0,6.0,4.0
2021-08-05 05:25:08,82.0,72.0,9.0,1.0
2021-08-05 05:25:09,109.0,99.0,7.0,3.0
2021-08-05 05:25:10,81.0,73.0,3.0,5.0
2021-08-05 05:25:11,96.0,89.0,4.0,3.0
2021-08-05 05:25:12,81.0,71.0,8.0,2.0
2021-08-05 05:25:13,77.0,67.0,7.0,3.0
2021-08-05 05:25:14,98.0,89.0,5.0,4.0
2021-08-05 05:25:15,94.0,87.0,4.0,3.0
2021-08-05 05:25:16,93.0,86.0,3.0,4.0
2021-08-05 05:25:17,102.0,87.0,7.0,8.0
2021-08-05 05:25:18,88.0,80.0,4.0,4.0
2021-08-05 05:25:19,95.0,83.0,8.0,4.0
2021-08-05 05:25:20,96.0,81.0,9.0,6.0
2021-08-05 05:25:21,86.0,76.0,5.0,5.0
2021-08-05 05:25:22,101.0,90.0,9.0,2.0
2021-08-05 05:25:23,98.0,85.0,5.0,8.0
2021-08-05 05:25:24,97.0,90.0,3.0,4.0
2021-08-05 05:25:25,92.0,82.0,7.0,3.0
2021-08-05 05:25:26,93.0,81.0,10.0,2.0
2021-08-05 05:25:27,89.0,84.0,2.0,3.0
2021-08-05 05:25:28,104.0,89.0,8.0,7.0
2021-08-05 05:25:29,94.0,86.0,3.0,5.0
2021-08-05 05:25:30,86.0,79.0,4.0,3.0
2021-08-05 05:25:31,68.0,62.0,2.0,4.0
2021-08-05 05:25:32,86.0,72.0,10.0,4.0
2021-08-05 05:25:33,95.0,79.0,9.0,7.0
2021-08-05 05:25:34,81.0,68.0,8.0,5.0
2021-08-05 05:25:35,86.0,74.0,9.0,3.0
2021-08-05 05:25:36,101.0,88.0,5.0,8.0
2021-08-05 05:25:37,72.0,61.0,7.0,4.0
2021-08-05 05:25:38,89.0,78.0,7.0,4.0
2021-08-05 05:25:39,94.0,83.0,7.0,4.0
2021-08-05 05:25:40,81.0,73.0,3.0,5.0
2021-08-05 05:25:41,78.0,72.0,4.0,2.0
2021-08-05 05:25:42,90.0,77.0,8.0,5.0
2021-08-05 05:25:43,98.0,85.0,7.0,6.0
2021-08-05 05:25:44,105.0,94.0,7.0,4.0
2021-08-05 05:25:45,100.0,83.0,9.0,8.0
2021-08-05 05:25:46,84.0,73.0,7.0,4.0
2021-08-05 05:25:47,100.0,85.0,12.0,3.0
2021-08-05 05:25:48,89.0,74.0,4.0,11.0
2021-08-05 05:25:49,83.0,71.0,8.0,4.0
2021-08-05 05:25:50,90.0,83.0,6.0,1.0
2021-08-05 05:25:51,85.0,73.0,7.0,5.0
2021-08-05 05:25:52,115.0,96.0,12.0,7.0
2021-08-05 05:25:53,109.0,100.0,5.0,4.0
2021-08-05 05:25:54,88.0,78.0,8.0,2.0
2021-08-05 05:25:55,67.0,56.0,5.0,6.0
2021-08-05 05:25:56,100.0,86.0,8.0,6.0
2021-08-05 05:25:57,99.0,82.0,9.0,8.0
2021-08-05 05:25:58,79.0,67.0,8.0,4.0
2021-08-05 05:25:59,90.0,82.0,6.0,2.0
2021-08-05 05:26:00,99.0,85.0,10.0,4.0
2021-08-05 05:26:01,99.0,91.0,3.0,5.0
2021-08-05 05:26:02,86.0,75.0,6.0,5.0
2021-08-05 05:26:03,91.0,76.0,9.0,6.0
2021-08-05 05:26:04,94.0,86.0,3.0,5.0
2021-08-05 05:26:05,98.0,88.0,9.0,1.0
2021-08-05 05:26:06,94.0,80.0,10.0,4.0
2021-08-05 05:26:07,96.0,84.0,8.0,4.0
2021-08-05 05:26:08,96.0,83.0,5.0,8.0
2021-08-05 05:26:09,101.0,90.0,3.0,8.0
2021-08-05 05:26:10,80.0,74.0,6.0,0.0
2021-08-05 05:26:11,98.0,87.0,9.0,2.0
2021-08-05 05:26:12,89.0,73.0,9.0,7.0
2021-08-05 05:26:13,82.0,76.0,5.0,1.0
2021-08-05 05:26:14,91.0,79.0,6.0,6.0
2021-08-05 05:26:15,86.0,74.0,8.0,4.0
2021-08-05 05:26:16,89.0,87.0,2.0,0.0
2021-08-05 05:26:17,108.0,98.0,4.0,6.0
2021-08-05 05:26:18,88.0,77.0,5.0,6.0
2021-08-05 05:26:19,91.0,78.0,5.0,8.0
2021-08-05 05:26:20,106.0,97.0,6.0,3.0
2021-08-05 05:26:21,81.0,71.0,6.0,4.0
2021-08-05 05:26:22,92.0,82.0,6.0,4.0
2021-08-05 05:26:23,88.0,81.0,4.0,3.0
2021-08-05 05:26:24,112.0,105.0,3.0,4.0
2021-08-05 05:26:25,101.0,91.0,7.0,3.0
2021-08-05 05:26:26,80.0,73.0,4.0,3.0
2021-08-05 05:26:27,75.0,67.0,6.0,2.0
2021-08-05 05:26:28,95.0,85.0,7.0,3.0
2021-08-05 05:26:29,96.0,85.0,7.0,4.0
2021-08-05 05:26:30,90.0,77.0,10.0,3.0
2021-08-05 05:26:31,94.0,77.0,12.0,5.0
2021-08-05 05:26:32,110.0,99.0,6.0,5.0
2021-08-05 05:26:33,89.0,82.0,4.0,3.0
2021-08-05 05:26:34,113.0,104.0,4.0,5.0
2021-08-05 05:26:35,82.0,69.0,9.0,4.0
2021-08-05 05:26:36,89.0,74.0,10.0,5.0
2021-08-05 05:26:37,102.0,86.0,10.0,6.0
2021-08-05 05:26:38,89.0,76.0,9.0,4.0
2021-08-05 05:26:39,99.0,86.0,9.0,4.0
2021-08-05 05:26:40,82.0,79.0,1.0,2.0
2021-08-05 05:26:41,100.0,85.0,11.0,4.0
2021-08-05 05:26:42,92.0,81.0,8.0,3.0
2021-08-05 05:26:43,92.0,83.0,5.0,4.0
2021-08-05 05:26:44,95.0,87.0,6.0,2.0
2021-08-05 05:26:45,90.0,73.0,10.0,7.0
2021-08-05 05:26:46,78.0,68.0,5.0,5.0
2021-08-05 05:26:47,81.0,69.0,5.0,7.0
2021-08-05 05:26:48,95.0,89.0,3.0,3.0
2021-08-05 05:26:49,80.0,77.0,1.0,2.0
2021-08-05 05:26:50,80.0,65.0,10.0,5.0
2021-08-05 05:26:51,94.0,80.0,8.0,6.0
2021-08-05 05:26:52,91.0,83.0,7.0,1.0
2021-08-05 05:26:53,103.0,87.0,9.0,7.0
2021-08-05 05:26:54,96.0,84.0,7.0,5.0
2021-08-05 05:26:55,91.0,83.0,4.0,4.0
2021-08-05 05:26:56,89.0,83.0,4.0,2.0
2021-08-05 05:26:57,85.0,74.0,8.0,3.0
2021-08-05 05:26:58,125.0,115.0,6.0,4.0
2021-08-05 05:26:59,105.0,96.0,5.0,4.0
2021-08-05 05:27:00,90.0,81.0,6.0,3.0
2021-08-05 05:27:01,94.0,84.0,6.0,4.0
2021-08-05 05:27:02,87.0,78.0,5.0,4.0
2021-08-05 05:27:03,98.0,92.0,4.0,2.0
2021-08-05 05:27:04,77.0,71.0,5.0,1.0
2021-08-05 05:27:05,106.0,89.0,13.0,4.0
2021-08-05 05:27:06,88.0,78.0,5.0,5.0
2021-08-05 05:27:07,85.0,74.0,9.0,2.0
2021-08-05 05:27:08,93.0,85.0,6.0,2.0
2021-08-05 05:27:09,94.0,87.0,2.0,5.0
2021-08-05 05:27:10,109.0,98.0,6.0,5.0
2021-08-05 05:27:11,86.0,75.0,4.0,7.0
2021-08-05 05:27:12,85.0,78.0,5.0,2.0
2021-08-05 05:27:13,92.0,80.0,9.0,3.0
2021-08-05 05:27:14,87.0,74.0,9.0,4.0
2021-08-05 05:27:15,76.0,72.0,1.0,3.0
2021-08-05 05:27:16,103.0,95.0,5.0,3.0
2021-08-05 05:27:17,75.0,66.0,3.0,6.0
2021-08-05 05:27:18,74.0,67.0,4.0,3.0
2021-08-05 05:27:19,81.0,69.0,7.0,5.0
2021-08-05 05:27:20,107.0,97.0,7.0,3.0
2021-08-05 05:27:21,106.0,101.0,3.0,2.0
2021-08-05 05:27:22,108.0,94.0,8.0,6.0
2021-08-05 05:27:23,104.0,88.0,11.0,5.0
2021-08-05 05:27:24,92.0,78.0,9.0,5.0
2021-08-05 05:27:25,109.0,103.0,3.0,3.0
2021-08-05 05:27:26,89.0,73.0,9.0,7.0
2021-08-05 05:27:27,95.0,77.0,12.0,6.0
2021-08-05 05:27:28,86.0,79.0,3.0,4.0
2021-08-05 05:27:29,72.0,65.0,6.0,1.0
2021-08-05 05:27:30,92.0,80.0,8.0,4.0
2021-08-05 05:27:31,66.0,59.0,5.0,2.0
2021-08-05 05:27:32,100.0,94.0,6.0,0.0
2021-08-05 05:27:33,110.0,99.0,5.0,6.0
2021-08-05 05:27:34,95.0,84.0,7.0,4.0
2021-08-05 05:27:35,85.0,72.0,12.0,1.0
2021-08-05 05:27:36,93.0,81.0,7.0,5.0
2021-08-05 05:27:37,109.0,95.0,11.0,3.0
2021-08-05 05:27:38,104.0,91.0,8.0,5.0
2021-08-05 05:27:39,94.0,84.0,5.0,5.0
2021-08-05 05:27:40,86.0,69.0,10.0,7.0
2021-08-05 05:27:41,101.0,89.0,6.0,6.0
2021-08-05 05:27:42,85.0,73.0,7.0,5.0
2021-08-05 05:27:43,108.0,92.0,11.0,5.0
2021-08-05 05:27:44,80.0,72.0,5.0,3.0
2021-08-05 05:27:45,119.0,102.0,9.0,8.0
2021-08-05 05:27:46,88.0,78.0,4.0,6.0
2021-08-05 05:27:47,79.0,69.0,6.0,4.0
2021-08-05 05:27:48,109.0,98.0,9.0,2.0
2021-08-05 05:27:49,84.0,73.0,8.0,3.0
2021-08-05 05:27:50,95.0,84.0,5.0,6.0
2021-08-05 05:27:51,84.0,73.0,8.0,3.0
2021-08-05 05:27:52,91.0,79.0,6.0,6.0
2021-08-05 05:27:53,86.0,78.0,6.0,2.0
2021-08-05 05:27:54,109.0,93.0,9.0,7.0
2021-08-05 05:27:55,81.0,68.0,8.0,5.0
2021-08-05 05:27:56,106.0,96.0,5.0,5.0
2021-08-05 05:27:57,96.0,82.0,11.0,3.0
2021-08-05 05:27:58,92.0,80.0,6.0,6.0
2021-08-05 05:27:59,90.0,80.0,5.0,5.0
2021-08-05 05:28:00,89.0,82.0,5.0,2.0
2021-08-05 05:28:01,101.0,87.0,13.0,1.0
2021-08-05 05:28:02,82.0,78.0,4.0,0.0
2021-08-05 05:28:03,94.0,84.0,6.0,4.0
2021-08-05 05:28:04,91.0,81.0,5.0,5.0
2021-08-05 05:28:05,91.0,78.0,8.0,5.0
2021-08-05 05:28:06,95.0,85.0,5.0,5.0
2021-08-05 05:28:07,86.0,78.0,4.0,4.0
2021-08-05 05:28:08,97.0,80.0,15.0,2.0
2021-08-05 05:28:09,100.0,84.0,10.0,6.0
2021-08-05 05:28:10,111.0,100.0,8.0,3.0
2021-08-05 05:28:11,90.0,83.0,7.0,0.0
2021-08-05 05:28:12,85.0,75.0,6.0,4.0
2021-08-05 05:28:13,93.0,79.0,7.0,7.0
2021-08-05 05:28:14,79.0,69.0,10.0,0.0
2021-08-05 05:28:15,99.0,82.0,10.0,7.0
2021-08-05 05:28:16,97.0,87.0,7.0,3.0
2021-08-05 05:28:17,97.0,80.0,12.0,5.0
2021-08-05 05:28:18,77.0,70.0,4.0,3.0
2021-08-05 05:28:19,85.0,73.0,9.0,3.0
2021-08-05 05:28:20,86.0,78.0,4.0,4.0
2021-08-05 05:28:21,103.0,92.0,3.0,8.0
2021-08-05 05:28:22,97.0,85.0,10.0,2.0
2021-08-05 05:28:23,107.0,93.0,8.0,6.0
2021-08-05 05:28:24,96.0,87.0,5.0,4.0
2021-08-05 05:28:25,106.0,94.0,10.0,2.0
2021-08-05 05:28:26,87.0,79.0,6.0,2.0
2021-08-05 05:28:27,89.0,80.0,4.0,5.0
2021-08-05 05:28:28,98.0,84.0,7.0,7.0
2021-08-05 05:28:29,81.0,72.0,4.0,5.0
2021-08-05 05:28:30,95.0,85.0,6.0,4.0
2021-08-05 05:28:31,90.0,84.0,4.0,2.0
2021-08-05 05:28:32,95.0,81.0,12.0,2.0
2021-08-05 05:28:33,82.0,68.0,9.0,5.0
2021-08-05 05:28:34,83.0,75.0,6.0,2.0
2021-08-05 05:28:35,95.0,85.0,6.0,4.0
2021-08-05 05:28:36,88.0,77.0,8.0,3.0
2021-08-05 05:28:37,90.0,83.0,5.0,2.0
2021-08-05 05:28:38,93.0,80.0,9.0,4.0
2021-08-05 05:28:39,92.0,85.0,5.0,2.0
2021-08-05 05:28:40,89.0,77.0,7.0,5.0
2021-08-05 05:28:41,85.0,70.0,7.0,8.0
2021-08-05 05:28:42,106.0,94.0,5.0,7.0
2021-08-05 05:28:43,83.0,75.0,5.0,3.0
2021-08-05 05:28:44,87.0,76.0,7.0,4.0
2021-08-05 05:28:45,91.0,81.0,9.0,1.0
2021-08-05 05:28:46,100.0,93.0,6.0,1.0
2021-08-05 05:28:47,94.0,84.0,6.0,4.0
2021-08-05 05:28:48,86.0,76.0,2.0,8.0
2021-08-05 05:28:49,91.0,78.0,10.0,3.0
2021-08-05 05:28:50,90.0,78.0,7.0,5.0
2021-08-05 05:28:51,97.0,89.0,6.0,2.0
2021-08-05 05:28:52,81.0,70.0,8.0,3.0
2021-08-05 05:28:53,99.0,84.0,5.0,10.0
2021-08-05 05:28:54,100.0,90.0,7.0,3.0
2021-08-05 05:28:55,89.0,73.0,9.0,7.0
2021-08-05 05:28:56,82.0,76.0,5.0,1.0
2021-08-05 05:28:57,79.0,71.0,2.0,6.0
2021-08-05 05:28:58,93.0,87.0,2.0,4.0
2021-08-05 05:28:59,87.0,81.0,3.0,3.0
2021-08-05 05:29:00,91.0,81.0,8.0,2.0
2021-08-05 05:29:01,98.0,86.0,5.0,7.0
2021-08-05 05:29:02,104.0,93.0,5.0,6.0
2021-08-05 05:29:03,109.0,97.0,6.0,6.0
2021-08-05 05:29:04,112.0,102.0,4.0,6.0
2021-08-05 05:29:05,94.0,83.0,7.0,4.0
2021-08-05 05:29:06,73.0,66.0,2.0,5.0
2021-08-05 05:29:07,94.0,82.0,6.0,6.0
2021-08-05 05:29:08,92.0,82.0,6.0,4.0
2021-08-05 05:29:09,112.0,98.0,10.0,4.0
2021-08-05 05:29:10,72.0,54.0,12.0,6.0
2021-08-05 05:29:11,87.0,78.0,4.0,5.0
2021-08-05 05:29:12,85.0,77.0,4.0,4.0
2021-08-05 05:29:13,83.0,76.0,6.0,1.0
2021-08-05 05:29:14,96.0,92.0,2.0,2.0
2021-08-05 05:29:15,90.0,79.0,4.0,7.0
2021-08-05 05:29:16,96.0,80.0,11.0,5.0
2021-08-05 05:29:17,86.0,79.0,6.0,1.0
2021-08-05 05:29:18,107.0,92.0,5.0,10.0
2021-08-05 05:29:19,91.0,83.0,3.0,5.0
2021-08-05 05:29:20,106.0,98.0,4.0,4.0
2021-08-05 05:29:21,98.0,83.0,11.0,4.0
2021-08-05 05:29:22,114.0,101.0,6.0,7.0
2021-08-05 05:29:23,79.0,71.0,3.0,5.0
2021-08-05 05:29:24,79.0,73.0,4.0,2.0
2021-08-05 05:29:25,85.0,73.0,6.0,6.0
2021-08-05 05:29:26,79.0,69.0,6.0,4.0
2021-08-05 05:29:27,93.0,84.0,5.0,4.0
2021-08-05 05:29:28,98.0,87.0,6.0,5.0
2021-08-05 05:29:29,88.0,78.0,9.0,1.0
2021-08-05 05:29:30,86.0,74.0,7.0,5.0
2021-08-05 05:29:31,91.0,82.0,5.0,4.0
2021-08-05 05:29:32,111.0,93.0,13.0,5.0
2021-08-05 05:29:33,100.0,89.0,7.0,4.0
2021-08-05 05:29:34,97.0,91.0,4.0,2.0
2021-08-05 05:29:35,90.0,80.0,4.0,6.0
2021-08-05 05:29:36,92.0,84.0,4.0,4.0
2021-08-05 05:29:37,85.0,82.0,2.0,1.0
2021-08-05 05:29:38,82.0,71.0,9.0,2.0
2021-08-05 05:29:39,103.0,96.0,4.0,3.0
2021-08-05 05:29:40,97.0,86.0,6.0,5.0
2021-08-05 05:29:41,84.0,76.0,5.0,3.0
2021-08-05 05:29:42,103.0,97.0,3.0,3.0
2021-08-05 05:29:43,99.0,90.0,3.0,6.0
2021-08-05 05:29:44,105.0,91.0,3.0,11.0
2021-08-05 05:29:45,83.0,74.0,6.0,3.0
2021-08-05 05:29:46,93.0,88.0,3.0,2.0
2021-08-05 05:29:47,102.0,92.0,7.0,3.0
2021-08-05 05:29:48,98.0,89.0,4.0,5.0
2021-08-05 05:29:49,87.0,76.0,9.0,2.0
2021-08-05 05:29:50,88.0,78.0,3.0,7.0
2021-08-05 05:29:51,84.0,77.0,4.0,3.0
2021-08-05 05:29:52,95.0,88.0,5.0,2.0
2021-08-05 05:29:53,98.0,84.0,12.0,2.0
2021-08-05 05:29:54,98.0,78.0,14.0,6.0
2021-08-05 05:29:55,94.0,82.0,6.0,6.0
2021-08-05 05:29:56,112.0,100.0,8.0,4.0
2021-08-05 05:29:57,102.0,88.0,10.0,4.0
2021-08-05 05:29:58,99.0,83.0,10.0,6.0
2021-08-05 05:29:59,102.0,96.0,3.0,3.0
2021-08-05 05:30:00,87.0,74.0,12.0,1.0
2021-08-05 05:30:01,101.0,94.0,4.0,3.0
2021-08-05 05:30:02,89.0,79.0,6.0,4.0
2021-08-05 05:30:03,83.0,75.0,3.0,5.0
2021-08-05 05:30:04,103.0,91.0,8.0,4.0
2021-08-05 05:30:05,90.0,78.0,10.0,2.0
2021-08-05 05:30:06,83.0,77.0,4.0,2.0
2021-08-05 05:30:07,102.0,87.0,7.0,8.0
2021-08-05 05:30:08,80.0,70.0,6.0,4.0
2021-08-05 05:30:09,97.0,85.0,8.0,4.0
2021-08-05 05:30:10,53.0,47.0,6.0,0.0
2021-08-05 05:30:11,79.0,70.0,6.0,3.0
2021-08-05 05:30:12,98.0,84.0,12.0,2.0
2021-08-05 05:30:13,85.0,77.0,6.0,2.0
2021-08-05 05:30:14,87.0,73.0,6.0,8.0
2021-08-05 05:30:15,74.0,64.0,5.0,5.0
2021-08-05 05:30:16,85.0,71.0,8.0,6.0
2021-08-05 05:30:17,80.0,72.0,5.0,3.0
2021-08-05 05:30:18,97.0,85.0,9.0,3.0
2021-08-05 05:30:19,86.0,79.0,5.0,2.0
2021-08-05 05:30:20,107.0,97.0,4.0,6.0
2021-08-05 05:30:21,94.0,88.0,3.0,3.0
2021-08-05 05:30:22,87.0,74.0,9.0,4.0
2021-08-05 05:30:23,102.0,91.0,6.0,5.0
2021-08-05 05:30:24,94.0,85.0,8.0,1.0
2021-08-05 05:30:25,103.0,86.0,12.0,5.0
2021-08-05 05:30:26,80.0,75.0,3.0,2.0
2021-08-05 05:30:27,91.0,74.0,11.0,6.0
2021-08-05 05:30:28,81.0,73.0,6.0,2.0
2021-08-05 05:30:29,98.0,89.0,5.0,4.0
2021-08-05 05:30:30,75.0,65.0,6.0,4.0
2021-08-05 05:30:31,89.0,80.0,5.0,4.0
2021-08-05 05:30:32,85.0,77.0,7.0,1.0
2021-08-05 05:30:33,96.0,80.0,10.0,6.0
2021-08-05 05:30:34,90.0,79.0,6.0,5.0
2021-08-05 05:30:35,85.0,77.0,3.0,5.0
2021-08-05 05:30:36,78.0,66.0,7.0,5.0
2021-08-05 05:30:37,100.0,89.0,8.0,3.0
2021-08-05 05:30:38,109.0,91.0,12.0,6.0
2021-08-05 05:30:39,76.0,69.0,4.0,3.0
2021-08-05 05:30:40,92.0,82.0,5.0,5.0
2021-08-05 05:30:41,100.0,90.0,8.0,2.0
2021-08-05 05:30:42,96.0,84.0,6.0,6.0
2021-08-05 05:30:43,80.0,71.0,7.0,2.0
2021-08-05 05:30:44,115.0,104.0,4.0,7.0
2021-08-05 05:30:45,93.0,79.0,8.0,6.0
2021-08-05 05:30:46,95.0,81.0,9.0,5.0
2021-08-05 05:30:47,77.0,64.0,8.0,5.0
2021-08-05 05:30:48,101.0,91.0,6.0,4.0
2021-08-05 05:30:49,95.0,81.0,8.0,6.0
2021-08-05 05:30:50,92.0,85.0,6.0,1.0
2021-08-05 05:30:51,94.0,79.0,9.0,6.0
2021-08-05 05:30:52,94.0,81.0,7.0,6.0
2021-08-05 05:30:53,90.0,72.0,12.0,6.0
2021-08-05 05:30:54,106.0,91.0,12.0,3.0
2021-08-05 05:30:55,81.0,71.0,5.0,5.0
2021-08-05 05:30:56,77.0,70.0,4.0,3.0
2021-08-05 05:30:57,93.0,84.0,3.0,6.0
2021-08-05 05:30:58,93.0,84.0,4.0,5.0
2021-08-05 05:30:59,99.0,90.0,5.0,4.0
2021-08-05 05:31:00,110.0,96.0,8.0,6.0
2021-08-05 05:31:01,96.0,82.0,9.0,5.0
2021-08-05 05:31:02,87.0,75.0,7.0,5.0
2021-08-05 05:31:03,80.0,69.0,10.0,1.0
2021-08-05 05:31:04,87.0,78.0,5.0,4.0
2021-08-05 05:31:05,91.0,82.0,6.0,3.0
2021-08-05 05:31:06,87.0,77.0,7.0,3.0
2021-08-05 05:31:07,86.0,75.0,7.0,4.0
2021-08-05 05:31:08,83.0,73.0,9.0,1.0
2021-08-05 05:31:09,69.0,66.0,2.0,1.0
2021-08-05 05:31:10,75.0,69.0,4.0,2.0
2021-08-05 05:31:11,106.0,95.0,8.0,3.0
2021-08-05 05:31:12,89.0,78.0,4.0,7.0
2021-08-05 05:31:13,94.0,86.0,5.0,3.0
2021-08-05 05:31:14,76.0,68.0,4.0,4.0
2021-08-05 05:31:15,88.0,82.0,2.0,4.0
2021-08-05 05:31:16,85.0,78.0,7.0,0.0
2021-08-05 05:31:17,98.0,88.0,7.0,3.0
2021-08-05 05:31:18,80.0,68.0,7.0,5.0
2021-08-05 05:31:19,115.0,102.0,9.0,4.0
2021-08-05 05:31:20,98.0,93.0,4.0,1.0
2021-08-05 05:31:21,95.0,88.0,4.0,3.0
2021-08-05 05:31:22,89.0,80.0,9.0,0.0
2021-08-05 05:31:23,99.0,90.0,3.0,6.0
2021-08-05 05:31:24,84.0,65.0,10.0,9.0
2021-08-05 05:31:25,76.0,68.0,5.0,3.0
2021-08-05 05:31:26,102.0,88.0,7.0,7.0
2021-08-05 05:31:27,102.0,90.0,7.0,5.0
2021-08-05 05:31:28,80.0,67.0,8.0,5.0
2021-08-05 05:31:29,86.0,74.0,8.0,4.0
2021-08-05 05:31:30,92.0,84.0,5.0,3.0
2021-08-05 05:31:31,88.0,78.0,7.0,3.0
2021-08-05 05:31:32,107.0,92.0,6.0,9.0
2021-08-05 05:31:33,88.0,80.0,5.0,3.0
2021-08-05 05:31:34,92.0,83.0,3.0,6.0
2021-08-05 05:31:35,88.0,77.0,7.0,4.0
2021-08-05 05:31:36,95.0,88.0,5.0,2.0
2021-08-05 05:31:37,86.0,79.0,6.0,1.0
2021-08-05 05:31:38,94.0,84.0,5.0,5.0
2021-08-05 05:31:39,80.0,71.0,8.0,1.0
2021-08-05 05:31:40,81.0,72.0,7.0,2.0
2021-08-05 05:31:41,98.0,93.0,4.0,1.0
2021-08-05 05:31:42,105.0,90.0,8.0,7.0
2021-08-05 05:31:43,81.0,68.0,8.0,5.0
2021-08-05 05:31:44,83.0,72.0,3.0,8.0
2021-08-05 05:31:45,91.0,86.0,4.0,1.0
2021-08-05 05:31:46,71.0,60.0,6.0,5.0
2021-08-05 05:31:47,98.0,84.0,8.0,6.0
2021-08-05 05:31:48,91.0,80.0,8.0,3.0
2021-08-05 05:31:49,82.0,69.0,7.0,6.0
2021-08-05 05:31:50,73.0,62.0,8.0,3.0
2021-08-05 05:31:51,98.0,83.0,7.0,8.0
2021-08-05 05:31:52,89.0,82.0,4.0,3.0
2021-08-05 05:31:53,109.0,97.0,7.0,5.0
2021-08-05 05:31:54,75.0,64.0,7.0,4.0
2021-08-05 05:31:55,94.0,87.0,6.0,1.0
2021-08-05 05:31:56,98.0,84.0,10.0,4.0
2021-08-05 05:31:57,98.0,88.0,5.0,5.0
2021-08-05 05:31:58,87.0,77.0,7.0,3.0
2021-08-05 05:31:59,101.0,88.0,7.0,6.0
2021-08-05 05:32:00,76.0,67.0,5.0,4.0
2021-08-05 05:32:01,90.0,80.0,5.0,5.0
2021-08-05 05:32:02,89.0,76.0,7.0,6.0
2021-08-05 05:32:03,77.0,67.0,9.0,1.0
2021-08-05 05:32:04,73.0,64.0,5.0,4.0
2021-08-05 05:32:05,88.0,80.0,5.0,3.0
2021-08-05 05:32:06,83.0,72.0,9.0,2.0
2021-08-05 05:32:07,97.0,85.0,9.0,3.0
2021-08-05 05:32:08,103.0,93.0,5.0,5.0
2021-08-05 05:32:09,108.0,99.0,5.0,4.0
2021-08-05 05:32:10,94.0,85.0,3.0,6.0
2021-08-05 05:32:11,89.0,76.0,8.0,5.0
2021-08-05 05:32:12,120.0,111.0,8.0,1.0
2021-08-05 05:32:13,84.0,80.0,3.0,1.0
2021-08-05 05:32:14,95.0,82.0,9.0,4.0
2021-08-05 05:32:15,94.0,85.0,7.0,2.0
2021-08-05 05:32:16,104.0,91.0,9.0,4.0
2021-08-05 05:32:17,77.0,70.0,3.0,4.0
2021-08-05 05:32:18,106.0,86.0,12.0,8.0
2021-08-05 05:32:19,87.0,71.0,9.0,7.0
2021-08-05 05:32:20,100.0,92.0,4.0,4.0
2021-08-05 05:32:21,91.0,83.0,4.0,4.0
2021-08-05 05:32:22,96.0,85.0,7.0,4.0
2021-08-05 05:32:23,84.0,76.0,4.0,4.0
2021-08-05 05:32:24,96.0,83.0,5.0,8.0
2021-08-05 05:32:25,83.0,70.0,8.0,5.0
2021-08-05 05:32:26,105.0,91.0,10.0,4.0
2021-08-05 05:32:27,88.0,79.0,6.0,3.0
2021-08-05 05:32:28,90.0,76.0,10.0,4.0
2021-08-05 05:32:29,96.0,90.0,3.0,3.0
2021-08-05 05:32:30,94.0,85.0,3.0,6.0
2021-08-05 05:32:31,105.0,88.0,14.0,3.0
2021-08-05 05:32:32,99.0,82.0,14.0,3.0
2021-08-05 05:32:33,93.0,82.0,7.0,4.0
2021-08-05 05:32:34,93.0,85.0,2.0,6.0
2021-08-05 05:32:35,90.0,75.0,9.0,6.0
2021-08-05 05:32:36,89.0,77.0,10.0,2.0
2021-08-05 05:32:37,87.0,79.0,4.0,4.0
2021-08-05 05:32:38,88.0,77.0,7.0,4.0
2021-08-05 05:32:39,108.0,90.0,12.0,6.0
2021-08-05 05:32:40,90.0,81.0,8.0,1.0
2021-08-05 05:32:41,108.0,95.0,6.0,7.0
2021-08-05 05:32:42,97.0,85.0,7.0,5.0
2021-08-05 05:32:43,74.0,65.0,6.0,3.0
2021-08-05 05:32:44,93.0,87.0,3.0,3.0
2021-08-05 05:32:45,93.0,78.0,11.0,4.0
2021-08-05 05:32:46,109.0,104.0,5.0,0.0
2021-08-05 05:32:47,103.0,95.0,7.0,1.0
2021-08-05 05:32:48,96.0,82.0,4.0,10.0
2021-08-05 05:32:49,99.0,88.0,4.0,7.0
2021-08-05 05:32:50,102.0,95.0,2.0,5.0
2021-08-05 05:32:51,102.0,87.0,9.0,6.0
2021-08-05 05:32:52,84.0,75.0,6.0,3.0
2021-08-05 05:32:53,71.0,63.0,5.0,3.0
2021-08-05 05:32:54,86.0,78.0,6.0,2.0
2021-08-05 05:32:55,116.0,98.0,10.0,8.0
2021-08-05 05:32:56,81.0,73.0,6.0,2.0
2021-08-05 05:32:57,95.0,85.0,8.0,2.0
2021-08-05 05:32:58,93.0,85.0,4.0,4.0
2021-08-05 05:32:59,105.0,93.0,7.0,5.0
2021-08-05 05:33:00,83.0,70.0,9.0,4.0
2021-08-05 05:33:01,91.0,81.0,5.0,5.0
2021-08-05 05:33:02,95.0,84.0,6.0,5.0
2021-08-05 05:33:03,94.0,87.0,5.0,2.0
2021-08-05 05:33:04,109.0,96.0,7.0,6.0
2021-08-05 05:33:05,94.0,78.0,10.0,6.0
2021-08-05 05:33:06,97.0,84.0,5.0,8.0
2021-08-05 05:33:07,88.0,79.0,2.0,7.0
2021-08-05 05:33:08,88.0,77.0,8.0,3.0
2021-08-05 05:33:09,87.0,82.0,3.0,2.0
2021-08-05 05:33:10,84.0,79.0,1.0,4.0
2021-08-05 05:33:11,95.0,88.0,4.0,3.0
2021-08-05 05:33:12,90.0,76.0,10.0,4.0
2021-08-05 05:33:13,89.0,80.0,4.0,5.0
2021-08-05 05:33:14,99.0,87.0,7.0,5.0
2021-08-05 05:33:15,92.0,79.0,8.0,5.0
2021-08-05 05:33:16,88.0,79.0,5.0,4.0
2021-08-05 05:33:17,78.0,66.0,7.0,5.0
2021-08-05 05:33:18,104.0,92.0,9.0,3.0
2021-08-05 05:33:19,94.0,83.0,9.0,2.0
2021-08-05 05:33:20,94.0,86.0,7.0,1.0
2021-08-05 05:33:21,88.0,75.0,10.0,3.0
2021-08-05 05:33:22,89.0,81.0,7.0,1.0
2021-08-05 05:33:23,89.0,81.0,5.0,3.0
2021-08-05 05:33:24,81.0,73.0,5.0,3.0
2021-08-05 05:33:25,104.0,93.0,6.0,5.0
2021-08-05 05:33:26,105.0,95.0,8.0,2.0
2021-08-05 05:33:27,84.0,72.0,7.0,5.0
2021-08-05 05:33:28,99.0,89.0,6.0,4.0
2021-08-05 05:33:29,94.0,85.0,4.0,5.0
2021-08-05 05:33:30,98.0,85.0,7.0,6.0
2021-08-05 05:33:31,80.0,73.0,6.0,1.0
2021-08-05 05:33:32,97.0,85.0,9.0,3.0
2021-08-05 05:33:33,109.0,97.0,5.0,7.0
2021-08-05 05:33:34,97.0,82.0,10.0,5.0
2021-08-05 05:33:35,99.0,82.0,8.0,9.0
2021-08-05 05:33:36,107.0,97.0,7.0,3.0
2021-08-05 05:33:37,100.0,87.0,8.0,5.0
2021-08-05 05:33:38,95.0,85.0,6.0,4.0
2021-08-05 05:33:39,98.0,84.0,9.0,5.0
2021-08-05 05:33:40,91.0,76.0,7.0,8.0
2021-08-05 05:33:41,86.0,75.0,8.0,3.0
2021-08-05 05:33:42,101.0,90.0,4.0,7.0
2021-08-05 05:33:43,113.0,96.0,13.0,4.0
2021-08-05 05:33:44,111.0,97.0,9.0,5.0
2021-08-05 05:33:45,93.0,79.0,8.0,6.0
2021-08-05 05:33:46,80.0,70.0,6.0,4.0
2021-08-05 05:33:47,89.0,77.0,7.0,5.0
2021-08-05 05:33:48,106.0,93.0,9.0,4.0
2021-08-05 05:33:49,82.0,76.0,3.0,3.0
2021-08-05 05:33:50,106.0,98.0,3.0,5.0
2021-08-05 05:33:51,105.0,90.0,10.0,5.0
2021-08-05 05:33:52,95.0,82.0,9.0,4.0
2021-08-05 05:33:53,82.0,72.0,5.0,5.0
2021-08-05 05:33:54,106.0,90.0,10.0,6.0
2021-08-05 05:33:55,111.0,94.0,9.0,8.0
2021-08-05 05:33:56,100.0,86.0,9.0,5.0
2021-08-05 05:33:57,90.0,81.0,3.0,6.0
2021-08-05 05:33:58,94.0,82.0,8.0,4.0
2021-08-05 05:33:59,96.0,87.0,8.0,1.0
2021-08-05 05:34:00,97.0,83.0,7.0,7.0
2021-08-05 05:34:01,111.0,98.0,10.0,3.0
2021-08-05 05:34:02,92.0,80.0,9.0,3.0
2021-08-05 05:34:03,86.0,75.0,7.0,4.0
2021-08-05 05:34:04,108.0,94.0,9.0,5.0
2021-08-05 05:34:05,89.0,85.0,3.0,1.0
2021-08-05 05:34:06,88.0,75.0,7.0,6.0
2021-08-05 05:34:07,92.0,85.0,5.0,2.0
2021-08-05 05:34:08,103.0,95.0,6.0,2.0
2021-08-05 05:34:09,96.0,87.0,3.0,6.0
2021-08-05 05:34:10,85.0,82.0,1.0,2.0
2021-08-05 05:34:11,92.0,79.0,7.0,6.0
2021-08-05 05:34:12,93.0,87.0,4.0,2.0
2021-08-05 05:34:13,89.0,78.0,5.0,6.0
2021-08-05 05:34:14,100.0,90.0,4.0,6.0
2021-08-05 05:34:15,91.0,84.0,5.0,2.0
2021-08-05 05:34:16,100.0,92.0,4.0,4.0
2021-08-05 05:34:17,89.0,77.0,5.0,7.0
2021-08-05 05:34:18,85.0,75.0,6.0,4.0
2021-08-05 05:34:19,94.0,83.0,7.0,4.0
2021-08-05 05:34:20,100.0,86.0,11.0,3.0
2021-08-05 05:34:21,97.0,87.0,7.0,3.0
2021-08-05 05:34:22,107.0,92.0,9.0,6.0
2021-08-05 05:34:23,79.0,71.0,7.0,1.0
2021-08-05 05:34:24,90.0,83.0,4.0,3.0
2021-08-05 05:34:25,84.0,77.0,4.0,3.0
2021-08-05 05:34:26,73.0,63.0,6.0,4.0
2021-08-05 05:34:27,101.0,94.0,2.0,5.0
2021-08-05 05:34:28,101.0,91.0,7.0,3.0
2021-08-05 05:34:29,88.0,78.0,6.0,4.0
2021-08-05 05:34:30,84.0,73.0,6.0,5.0
2021-08-05 05:34:31,102.0,89.0,6.0,7.0
2021-08-05 05:34:32,96.0,83.0,8.0,5.0
2021-08-05 05:34:33,84.0,69.0,7.0,8.0
2021-08-05 05:34:34,103.0,89.0,6.0,8.0
2021-08-05 05:34:35,105.0,85.0,11.0,9.0
2021-08-05 05:34:36,95.0,81.0,10.0,4.0
2021-08-05 05:34:37,89.0,73.0,13.0,3.0
2021-08-05 05:34:38,102.0,89.0,8.0,5.0
2021-08-05 05:34:39,96.0,89.0,4.0,3.0
2021-08-05 05:34:40,95.0,86.0,3.0,6.0
2021-08-05 05:34:41,87.0,78.0,2.0,7.0
2021-08-05 05:34:42,92.0,84.0,6.0,2.0
2021-08-05 05:34:43,111.0,102.0,3.0,6.0
2021-08-05 05:34:44,104.0,95.0,7.0,2.0
2021-08-05 05:34:45,83.0,75.0,2.0,6.0
2021-08-05 05:34:46,89.0,81.0,4.0,4.0
2021-08-05 05:34:47,99.0,88.0,6.0,5.0
2021-08-05 05:34:48,107.0,94.0,8.0,5.0
2021-08-05 05:34:49,98.0,82.0,9.0,7.0
2021-08-05 05:34:50,86.0,77.0,5.0,4.0
2021-08-05 05:34:51,96.0,87.0,5.0,4.0
2021-08-05 05:34:52,109.0,98.0,4.0,7.0
2021-08-05 05:34:53,96.0,86.0,4.0,6.0
2021-08-05 05:34:54,91.0,80.0,9.0,2.0
2021-08-05 05:34:55,87.0,79.0,6.0,2.0
2021-08-05 05:34:56,92.0,84.0,4.0,4.0
2021-08-05 05:34:57,90.0,76.0,6.0,8.0
2021-08-05 05:34:58,90.0,82.0,5.0,3.0
2021-08-05 05:34:59,103.0,89.0,12.0,2.0
2021-08-05 05:35:00,95.0,84.0,9.0,2.0
2021-08-05 05:35:01,104.0,95.0,6.0,3.0
2021-08-05 05:35:02,102.0,92.0,7.0,3.0
2021-08-05 05:35:03,94.0,85.0,5.0,4.0
2021-08-05 05:35:04,82.0,76.0,5.0,1.0
2021-08-05 05:35:05,100.0,91.0,6.0,3.0
2021-08-05 05:35:06,118.0,106.0,6.0,6.0
2021-08-05 05:35:07,105.0,95.0,7.0,3.0
2021-08-05 05:35:08,96.0,88.0,4.0,4.0
2021-08-05 05:35:09,104.0,94.0,8.0,2.0
2021-08-05 05:35:10,92.0,77.0,9.0,6.0
2021-08-05 05:35:11,86.0,73.0,8.0,5.0
2021-08-05 05:35:12,99.0,86.0,8.0,5.0
2021-08-05 05:35:13,79.0,69.0,7.0,3.0
2021-08-05 05:35:14,79.0,74.0,3.0,2.0
2021-08-05 05:35:15,93.0,84.0,2.0,7.0
2021-08-05 05:35:16,111.0,99.0,7.0,5.0
2021-08-05 05:35:17,109.0,95.0,8.0,6.0
2021-08-05 05:35:18,102.0,89.0,8.0,5.0
2021-08-05 05:35:19,77.0,71.0,2.0,4.0
2021-08-05 05:35:20,88.0,85.0,2.0,1.0
2021-08-05 05:35:21,92.0,78.0,8.0,6.0
2021-08-05 05:35:22,114.0,101.0,9.0,4.0
2021-08-05 05:35:23,94.0,88.0,5.0,1.0
2021-08-05 05:35:24,89.0,80.0,3.0,6.0
2021-08-05 05:35:25,100.0,94.0,4.0,2.0
2021-08-05 05:35:26,94.0,87.0,6.0,1.0
2021-08-05 05:35:27,90.0,79.0,7.0,4.0
2021-08-05 05:35:28,103.0,86.0,8.0,9.0
2021-08-05 05:35:29,97.0,85.0,11.0,1.0
2021-08-05 05:35:30,93.0,86.0,5.0,2.0
2021-08-05 05:35:31,78.0,73.0,1.0,4.0
2021-08-05 05:35:32,95.0,84.0,3.0,8.0
2021-08-05 05:35:33,113.0,102.0,8.0,3.0
2021-08-05 05:35:34,107.0,94.0,9.0,4.0
2021-08-05 05:35:35,100.0,86.0,7.0,7.0
2021-08-05 05:35:36,74.0,66.0,2.0,6.0
2021-08-05 05:35:37,87.0,81.0,2.0,4.0
2021-08-05 05:35:38,82.0,72.0,5.0,5.0
2021-08-05 05:35:39,92.0,80.0,6.0,6.0
2021-08-05 05:35:40,85.0,67.0,9.0,9.0
2021-08-05 05:35:41,84.0,78.0,3.0,3.0
2021-08-05 05:35:42,83.0,76.0,4.0,3.0
2021-08-05 05:35:43,105.0,96.0,6.0,3.0
2021-08-05 05:35:44,70.0,61.0,8.0,1.0
2021-08-05 05:35:45,85.0,74.0,7.0,4.0
2021-08-05 05:35:46,90.0,77.0,7.0,6.0
2021-08-05 05:35:47,96.0,84.0,9.0,3.0
2021-08-05 05:35:48,95.0,88.0,4.0,3.0
2021-08-05 05:35:49,86.0,78.0,4.0,4.0
2021-08-05 05:35:50,99.0,87.0,8.0,4.0
2021-08-05 05:35:51,94.0,88.0,5.0,1.0
2021-08-05 05:35:52,81.0,71.0,6.0,4.0
2021-08-05 05:35:53,94.0,88.0,5.0,1.0
2021-08-05 05:35:54,93.0,87.0,2.0,4.0
2021-08-05 05:35:55,87.0,80.0,7.0,0.0
2021-08-05 05:35:56,98.0,84.0,6.0,8.0
2021-08-05 05:35:57,108.0,99.0,2.0,7.0
2021-08-05 05:35:58,101.0,83.0,12.0,6.0
2021-08-05 05:35:59,101.0,93.0,5.0,3.0
2021-08-05 05:36:00,92.0,78.0,7.0,7.0
2021-08-05 05:36:01,113.0,101.0,7.0,5.0
2021-08-05 05:36:02,95.0,86.0,4.0,5.0
2021-08-05 05:36:03,87.0,78.0,5.0,4.0
2021-08-05 05:36:04,92.0,83.0,3.0,6.0
2021-08-05 05:36:05,85.0,79.0,4.0,2.0
2021-08-05 05:36:06,84.0,74.0,6.0,4.0
2021-08-05 05:36:07,111.0,99.0,8.0,4.0
2021-08-05 05:36:08,73.0,67.0,2.0,4.0
2021-08-05 05:36:09,99.0,90.0,5.0,4.0
2021-08-05 05:36:10,81.0,77.0,2.0,2.0
2021-08-05 05:36:11,79.0,72.0,3.0,4.0
2021-08-05 05:36:12,90.0,80.0,6.0,4.0
2021-08-05 05:36:13,82.0,72.0,6.0,4.0
2021-08-05 05:36:14,91.0,82.0,4.0,5.0
2021-08-05 05:36:15,96.0,84.0,7.0,5.0
2021-08-05 05:36:16,94.0,78.0,12.0,4.0
2021-08-05 05:36:17,87.0,78.0,7.0,2.0
2021-08-05 05:36:18,95.0,81.0,8.0,6.0
2021-08-05 05:36:19,100.0,91.0,6.0,3.0
2021-08-05 05:36:20,80.0,72.0,5.0,3.0
2021-08-05 05:36:21,87.0,78.0,4.0,5.0
2021-08-05 05:36:22,112.0,94.0,9.0,9.0
2021-08-05 05:36:23,102.0,88.0,8.0,6.0
2021-08-05 05:36:24,102.0,90.0,8.0,4.0
2021-08-05 05:36:25,81.0,72.0,6.0,3.0
2021-08-05 05:36:26,77.0,73.0,2.0,2.0
2021-08-05 05:36:27,91.0,81.0,5.0,5.0
2021-08-05 05:36:28,95.0,82.0,10.0,3.0
2021-08-05 05:36:29,104.0,92.0,6.0,6.0
2021-08-05 05:36:30,108.0,98.0,5.0,5.0
2021-08-05 05:36:31,104.0,94.0,7.0,3.0
2021-08-05 05:36:32,105.0,96.0,4.0,5.0
2021-08-05 05:36:33,88.0,72.0,9.0,7.0
2021-08-05 05:36:34,90.0,82.0,6.0,2.0
2021-08-05 05:36:35,84.0,79.0,4.0,1.0
2021-08-05 05:36:36,87.0,78.0,7.0,2.0
2021-08-05 05:36:37,89.0,78.0,7.0,4.0
2021-08-05 05:36:38,95.0,82.0,10.0,3.0
2021-08-05 05:36:39,90.0,83.0,6.0,1.0
2021-08-05 05:36:40,97.0,83.0,11.0,3.0
2021-08-05 05:36:41,76.0,62.0,10.0,4.0
2021-08-05 05:36:42,98.0,86.0,8.0,4.0
2021-08-05 05:36:43,98.0,91.0,3.0,4.0
2021-08-05 05:36:44,88.0,81.0,4.0,3.0
2021-08-05 05:36:45,95.0,87.0,7.0,1.0
2021-08-05 05:36:46,89.0,82.0,5.0,2.0
2021-08-05 05:36:47,81.0,73.0,5.0,3.0
2021-08-05 05:36:48,104.0,95.0,6.0,3.0
2021-08-05 05:36:49,73.0,64.0,5.0,4.0
2021-08-05 05:36:50,103.0,91.0,9.0,3.0
2021-08-05 05:36:51,95.0,80.0,13.0,2.0
2021-08-05 05:36:52,86.0,77.0,6.0,3.0
2021-08-05 05:36:53,108.0,98.0,6.0,4.0
2021-08-05 05:36:54,88.0,75.0,11.0,2.0
2021-08-05 05:36:55,95.0,85.0,7.0,3.0
2021-08-05 05:36:56,101.0,95.0,3.0,3.0
2021-08-05 05:36:57,96.0,87.0,7.0,2.0
2021-08-05 05:36:58,85.0,76.0,4.0,5.0
2021-08-05 05:36:59,90.0,79.0,6.0,5.0
2021-08-05 05:37:00,91.0,82.0,2.0,7.0
2021-08-05 05:37:01,90.0,79.0,6.0,5.0
2021-08-05 05:37:02,105.0,93.0,9.0,3.0
2021-08-05 05:37:03,116.0,105.0,6.0,5.0
2021-08-05 05:37:04,89.0,81.0,5.0,3.0
2021-08-05 05:37:05,86.0,77.0,8.0,1.0
2021-08-05 05:37:06,102.0,86.0,8.0,8.0
2021-08-05 05:37:07,95.0,90.0,4.0,1.0
2021-08-05 05:37:08,78.0,70.0,4.0,4.0
2021-08-05 05:37:09,96.0,89.0,4.0,3.0
2021-08-05 05:37:10,88.0,76.0,9.0,3.0
2021-08-05 05:37:11,87.0,82.0,2.0,3.0
2021-08-05 05:37:12,92.0,82.0,5.0,5.0
2021-08-05 05:37:13,93.0,77.0,10.0,6.0
2021-08-05 05:37:14,87.0,75.0,7.0,5.0
2021-08-05 05:37:15,109.0,102.0,4.0,3.0
2021-08-05 05:37:16,80.0,74.0,5.0,1.0
2021-08-05 05:37:17,77.0,70.0,3.0,4.0
2021-08-05 05:37:18,80.0,69.0,9.0,2.0
2021-08-05 05:37:19,82.0,74.0,4.0,4.0
2021-08-05 05:37:20,95.0,86.0,6.0,3.0
2021-08-05 05:37:21,111.0,97.0,9.0,5.0
2021-08-05 05:37:22,97.0,84.0,9.0,4.0
2021-08-05 05:37:23,82.0,73.0,4.0,5.0
2021-08-05 05:37:24,117.0,94.0,16.0,7.0
2021-08-05 05:37:25,81.0,69.0,8.0,4.0
2021-08-05 05:37:26,86.0,71.0,8.0,7.0
2021-08-05 05:37:27,90.0,87.0,3.0,0.0
2021-08-05 05:37:28,83.0,68.0,4.0,11.0
2021-08-05 05:37:29,78.0,72.0,3.0,3.0
2021-08-05 05:37:30,99.0,90.0,8.0,1.0
2021-08-05 05:37:31,80.0,72.0,5.0,3.0
2021-08-05 05:37:32,92.0,80.0,4.0,8.0
2021-08-05 05:37:33,94.0,85.0,7.0,2.0
2021-08-05 05:37:34,79.0,69.0,6.0,4.0
2021-08-05 05:37:35,83.0,75.0,7.0,1.0
2021-08-05 05:37:36,93.0,82.0,8.0,3.0
2021-08-05 05:37:37,85.0,78.0,4.0,3.0
2021-08-05 05:37:38,83.0,79.0,2.0,2.0
2021-08-05 05:37:39,83.0,71.0,5.0,7.0
2021-08-05 05:37:40,116.0,105.0,8.0,3.0
2021-08-05 05:37:41,92.0,78.0,10.0,4.0
2021-08-05 05:37:42,88.0,75.0,8.0,5.0
2021-08-05 05:37:43,90.0,78.0,7.0,5.0
2021-08-05 05:37:44,99.0,88.0,7.0,4.0
2021-08-05 05:37:45,86.0,77.0,3.0,6.0
2021-08-05 05:37:46,91.0,76.0,7.0,8.0
2021-08-05 05:37:47,92.0,83.0,5.0,4.0
2021-08-05 05:37:48,86.0,75.0,7.0,4.0
2021-08-05 05:37:49,102.0,88.0,9.0,5.0
2021-08-05 05:37:50,102.0,82.0,12.0,8.0
2021-08-05 05:37:51,82.0,72.0,5.0,5.0
2021-08-05 05:37:52,100.0,88.0,9.0,3.0
2021-08-05 05:37:53,107.0,97.0,3.0,7.0
2021-08-05 05:37:54,111.0,106.0,2.0,3.0
2021-08-05 05:37:55,87.0,79.0,6.0,2.0
2021-08-05 05:37:56,95.0,86.0,6.0,3.0
2021-08-05 05:37:57,99.0,88.0,6.0,5.0
2021-08-05 05:37:58,96.0,87.0,6.0,3.0
2021-08-05 05:37:59,76.0,65.0,7.0,4.0
2021-08-05 05:38:00,101.0,89.0,9.0,3.0
2021-08-05 05:38:01,89.0,76.0,9.0,4.0
2021-08-05 05:38:02,78.0,70.0,5.0,3.0
2021-08-05 05:38:03,106.0,88.0,9.0,9.0
2021-08-05 05:38:04,91.0,79.0,9.0,3.0
2021-08-05 05:38:05,96.0,80.0,10.0,6.0
2021-08-05 05:38:06,103.0,91.0,6.0,6.0
2021-08-05 05:38:07,111.0,100.0,8.0,3.0
2021-08-05 05:38:08,103.0,92.0,5.0,6.0
2021-08-05 05:38:09,92.0,81.0,6.0,5.0
2021-08-05 05:38:10,96.0,88.0,6.0,2.0
2021-08-05 05:38:11,101.0,92.0,7.0,2.0
2021-08-05 05:38:12,92.0,87.0,5.0,0.0
2021-08-05 05:38:13,104.0,93.0,5.0,6.0
2021-08-05 05:38:14,89.0,81.0,3.0,5.0
2021-08-05 05:38:15,87.0,70.0,8.0,9.0
2021-08-05 05:38:16,84.0,77.0,3.0,4.0
2021-08-05 05:38:17,98.0,83.0,8.0,7.0
2021-08-05 05:38:18,92.0,88.0,3.0,1.0
2021-08-05 05:38:19,99.0,88.0,3.0,8.0
2021-08-05 05:38:20,89.0,74.0,9.0,6.0
2021-08-05 05:38:21,92.0,82.0,6.0,4.0
2021-08-05 05:38:22,106.0,96.0,8.0,2.0
2021-08-05 05:38:23,75.0,70.0,3.0,2.0
2021-08-05 05:38:24,90.0,83.0,4.0,3.0
2021-08-05 05:38:25,101.0,85.0,10.0,6.0
2021-08-05 05:38:26,102.0,98.0,2.0,2.0
2021-08-05 05:38:27,94.0,87.0,4.0,3.0
2021-08-05 05:38:28,102.0,95.0,3.0,4.0
2021-08-05 05:38:29,85.0,74.0,5.0,6.0
2021-08-05 05:38:30,100.0,87.0,11.0,2.0
2021-08-05 05:38:31,110.0,92.0,10.0,8.0
2021-08-05 05:38:32,88.0,76.0,9.0,3.0
2021-08-05 05:38:33,78.0,68.0,8.0,2.0
2021-08-05 05:38:34,74.0,61.0,7.0,6.0
2021-08-05 05:38:35,116.0,104.0,7.0,5.0
2021-08-05 05:38:36,93.0,81.0,8.0,4.0
2021-08-05 05:38:37,93.0,87.0,3.0,3.0
2021-08-05 05:38:38,91.0,80.0,7.0,4.0
2021-08-05 05:38:39,99.0,85.0,9.0,5.0
2021-08-05 05:38:40,99.0,86.0,6.0,7.0
2021-08-05 05:38:41,101.0,91.0,5.0,5.0
2021-08-05 05:38:42,83.0,73.0,7.0,3.0
2021-08-05 05:38:43,95.0,85.0,9.0,1.0
2021-08-05 05:38:44,69.0,62.0,5.0,2.0
2021-08-05 05:38:45,97.0,89.0,3.0,5.0
2021-08-05 05:38:46,80.0,74.0,5.0,1.0
2021-08-05 05:38:47,91.0,82.0,5.0,4.0
2021-08-05 05:38:48,82.0,72.0,7.0,3.0
2021-08-05 05:38:49,99.0,89.0,6.0,4.0
2021-08-05 05:38:50,82.0,72.0,6.0,4.0
2021-08-05 05:38:51,105.0,95.0,3.0,7.0
2021-08-05 05:38:52,93.0,83.0,8.0,2.0
2021-08-05 05:38:53,95.0,79.0,11.0,5.0
2021-08-05 05:38:54,100.0,92.0,5.0,3.0
2021-08-05 05:38:55,76.0,64.0,4.0,8.0
2021-08-05 05:38:56,92.0,86.0,1.0,5.0
2021-08-05 05:38:57,94.0,82.0,7.0,5.0
2021-08-05 05:38:58,87.0,69.0,6.0,12.0
2021-08-05 05:38:59,90.0,77.0,9.0,4.0
2021-08-05 05:39:00,90.0,80.0,3.0,7.0
2021-08-05 05:39:01,88.0,75.0,9.0,4.0
2021-08-05 05:39:02,95.0,87.0,5.0,3.0
2021-08-05 05:39:03,88.0,74.0,7.0,7.0
2021-08-05 05:39:04,90.0,82.0,6.0,2.0
2021-08-05 05:39:05,89.0,81.0,6.0,2.0
2021-08-05 05:39:06,85.0,80.0,2.0,3.0
2021-08-05 05:39:07,95.0,83.0,8.0,4.0
2021-08-05 05:39:08,85.0,76.0,6.0,3.0
2021-08-05 05:39:09,103.0,89.0,6.0,8.0
2021-08-05 05:39:10,101.0,95.0,4.0,2.0
2021-08-05 05:39:11,101.0,91.0,6.0,4.0
2021-08-05 05:39:12,70.0,57.0,7.0,6.0
2021-08-05 05:39:13,81.0,71.0,5.0,5.0
2021-08-05 05:39:14,79.0,65.0,10.0,4.0
2021-08-05 05:39:15,107.0,97.0,6.0,4.0
2021-08-05 05:39:16,112.0,99.0,10.0,3.0
2021-08-05 05:39:17,79.0,75.0,4.0,0.0
2021-08-05 05:39:18,80.0,71.0,6.0,3.0
2021-08-05 05:39:19,93.0,79.0,8.0,6.0
2021-08-05 05:39:20,86.0,79.0,6.0,1.0
2021-08-05 05:39:21,79.0,73.0,1.0,5.0
2021-08-05 05:39:22,85.0,71.0,7.0,7.0
2021-08-05 05:39:23,91.0,77.0,10.0,4.0
2021-08-05 05:39:24,77.0,70.0,6.0,1.0
2021-08-05 05:39:25,90.0,80.0,7.0,3.0
2021-08-05 05:39:26,90.0,79.0,7.0,4.0
2021-08-05 05:39:27,83.0,75.0,4.0,4.0
2021-08-05 05:39:28,104.0,90.0,7.0,7.0
2021-08-05 05:39:29,91.0,77.0,10.0,4.0
2021-08-05 05:39:30,94.0,80.0,6.0,8.0
2021-08-05 05:39:31,80.0,71.0,2.0,7.0
2021-08-05 05:39:32,113.0,103.0,4.0,6.0
2021-08-05 05:39:33,95.0,87.0,6.0,2.0
2021-08-05 05:39:34,95.0,80.0,6.0,9.0
2021-08-05 05:39:35,90.0,81.0,3.0,6.0
2021-08-05 05:39:36,99.0,87.0,7.0,5.0
2021-08-05 05:39:37,112.0,92.0,8.0,12.0
2021-08-05 05:39:38,103.0,98.0,3.0,2.0
2021-08-05 05:39:39,97.0,89.0,5.0,3.0
2021-08-05 05:39:40,107.0,98.0,5.0,4.0
2021-08-05 05:39:41,85.0,79.0,4.0,2.0
2021-08-05 05:39:42,96.0,86.0,5.0,5.0
2021-08-05 05:39:43,80.0,71.0,7.0,2.0
2021-08-05 05:39:44,84.0,76.0,5.0,3.0
2021-08-05 05:39:45,112.0,100.0,8.0,4.0
2021-08-05 05:39:46,108.0,103.0,3.0,2.0
2021-08-05 05:39:47,92.0,86.0,5.0,1.0
2021-08-05 05:39:48,89.0,78.0,9.0,2.0
2021-08-05 05:39:49,74.0,66.0,5.0,3.0
2021-08-05 05:39:50,91.0,80.0,8.0,3.0
2021-08-05 05:39:51,100.0,88.0,8.0,4.0
2021-08-05 05:39:52,98.0,84.0,9.0,5.0
2021-08-05 05:39:53,98.0,93.0,3.0,2.0
2021-08-05 05:39:54,84.0,75.0,6.0,3.0
2021-08-05 05:39:55,96.0,85.0,7.0,4.0
2021-08-05 05:39:56,93.0,89.0,4.0,0.0
2021-08-05 05:39:57,97.0,81.0,5.0,11.0
2021-08-05 05:39:58,102.0,93.0,6.0,3.0
2021-08-05 05:39:59,83.0,76.0,6.0,1.0
2021-08-05 05:40:00,93.0,80.0,8.0,5.0
2021-08-05 05:40:01,96.0,90.0,3.0,3.0
2021-08-05 05:40:02,86.0,75.0,4.0,7.0
2021-08-05 05:40:03,98.0,84.0,11.0,3.0
2021-08-05 05:40:04,97.0,87.0,5.0,5.0
2021-08-05 05:40:05,86.0,78.0,5.0,3.0
2021-08-05 05:40:06,97.0,85.0,6.0,6.0
2021-08-05 05:40:07,88.0,78.0,3.0,7.0
2021-08-05 05:40:08,95.0,87.0,5.0,3.0
2021-08-05 05:40:09,93.0,76.0,11.0,6.0
2021-08-05 05:40:10,98.0,89.0,4.0,5.0
2021-08-05 05:40:11,97.0,87.0,8.0,2.0
2021-08-05 05:40:12,121.0,112.0,8.0,1.0
2021-08-05 05:40:13,95.0,82.0,9.0,4.0
2021-08-05 05:40:14,93.0,87.0,4.0,2.0
2021-08-05 05:40:15,83.0,73.0,6.0,4.0
2021-08-05 05:40:16,110.0,94.0,10.0,6.0
2021-08-05 05:40:17,99.0,89.0,6.0,4.0
2021-08-05 05:40:18,88.0,83.0,1.0,4.0
2021-08-05 05:40:19,97.0,90.0,4.0,3.0
2021-08-05 05:40:20,95.0,82.0,11.0,2.0
2021-08-05 05:40:21,101.0,88.0,9.0,4.0
2021-08-05 05:40:22,103.0,88.0,13.0,2.0
2021-08-05 05:40:23,105.0,89.0,10.0,6.0
2021-08-05 05:40:24,86.0,78.0,5.0,3.0
2021-08-05 05:40:25,82.0,72.0,6.0,4.0
2021-08-05 05:40:26,91.0,83.0,5.0,3.0
2021-08-05 05:40:27,95.0,84.0,8.0,3.0
2021-08-05 05:40:28,84.0,75.0,6.0,3.0
2021-08-05 05:40:29,111.0,90.0,11.0,10.0
2021-08-05 05:40:30,105.0,92.0,9.0,4.0
2021-08-05 05:40:31,91.0,78.0,10.0,3.0
2021-08-05 05:40:32,96.0,86.0,8.0,2.0
2021-08-05 05:40:33,116.0,106.0,5.0,5.0
2021-08-05 05:40:34,92.0,81.0,7.0,4.0
2021-08-05 05:40:35,82.0,72.0,5.0,5.0
2021-08-05 05:40:36,97.0,85.0,9.0,3.0
2021-08-05 05:40:37,104.0,96.0,3.0,5.0
2021-08-05 05:40:38,92.0,84.0,6.0,2.0
2021-08-05 05:40:39,101.0,94.0,3.0,4.0
2021-08-05 05:40:40,96.0,89.0,5.0,2.0
2021-08-05 05:40:41,90.0,79.0,7.0,4.0
2021-08-05 05:40:42,84.0,69.0,6.0,9.0
2021-08-05 05:40:43,81.0,75.0,4.0,2.0
2021-08-05 05:40:44,94.0,81.0,10.0,3.0
2021-08-05 05:40:45,89.0,77.0,6.0,6.0
2021-08-05 05:40:46,97.0,84.0,8.0,5.0
2021-08-05 05:40:47,92.0,81.0,6.0,5.0
2021-08-05 05:40:48,115.0,99.0,12.0,4.0
2021-08-05 05:40:49,91.0,83.0,4.0,4.0
2021-08-05 05:40:50,106.0,100.0,2.0,4.0
2021-08-05 05:40:51,97.0,87.0,4.0,6.0
2021-08-05 05:40:52,85.0,75.0,4.0,6.0
2021-08-05 05:40:53,97.0,90.0,4.0,3.0
2021-08-05 05:40:54,80.0,75.0,3.0,2.0
2021-08-05 05:40:55,101.0,89.0,6.0,6.0
2021-08-05 05:40:56,94.0,88.0,2.0,4.0
2021-08-05 05:40:57,92.0,80.0,6.0,6.0
2021-08-05 05:40:58,100.0,84.0,8.0,8.0
2021-08-05 05:40:59,90.0,85.0,3.0,2.0
2021-08-05 05:41:00,110.0,103.0,5.0,2.0
2021-08-05 05:41:01,100.0,94.0,3.0,3.0
2021-08-05 05:41:02,114.0,98.0,10.0,6.0
2021-08-05 05:41:03,86.0,75.0,8.0,3.0
2021-08-05 05:41:04,100.0,90.0,7.0,3.0
2021-08-05 05:41:05,79.0,70.0,6.0,3.0
2021-08-05 05:41:06,97.0,90.0,2.0,5.0
2021-08-05 05:41:07,85.0,79.0,5.0,1.0
2021-08-05 05:41:08,105.0,93.0,7.0,5.0
2021-08-05 05:41:09,89.0,74.0,9.0,6.0
2021-08-05 05:41:10,93.0,81.0,6.0,6.0
2021-08-05 05:41:11,87.0,77.0,5.0,5.0
2021-08-05 05:41:12,97.0,86.0,7.0,4.0
2021-08-05 05:41:13,96.0,88.0,6.0,2.0
2021-08-05 05:41:14,96.0,84.0,10.0,2.0
2021-08-05 05:41:15,70.0,65.0,3.0,2.0
2021-08-05 05:41:16,91.0,76.0,11.0,4.0
2021-08-05 05:41:17,95.0,83.0,10.0,2.0
2021-08-05 05:41:18,102.0,93.0,4.0,5.0
2021-08-05 05:41:19,95.0,82.0,9.0,4.0
2021-08-05 05:41:20,97.0,83.0,7.0,7.0
2021-08-05 05:41:21,94.0,86.0,7.0,1.0
2021-08-05 05:41:22,105.0,92.0,9.0,4.0
2021-08-05 05:41:23,106.0,94.0,9.0,3.0
2021-08-05 05:41:24,92.0,83.0,4.0,5.0
2021-08-05 05:41:25,92.0,83.0,7.0,2.0
2021-08-05 05:41:26,107.0,86.0,14.0,7.0
2021-08-05 05:41:27,104.0,94.0,4.0,6.0
2021-08-05 05:41:28,93.0,85.0,3.0,5.0
2021-08-05 05:41:29,96.0,86.0,5.0,5.0
2021-08-05 05:41:30,101.0,89.0,6.0,6.0
2021-08-05 05:41:31,88.0,81.0,4.0,3.0
2021-08-05 05:41:32,117.0,99.0,14.0,4.0
2021-08-05 05:41:33,96.0,90.0,5.0,1.0
2021-08-05 05:41:34,97.0,86.0,9.0,2.0
2021-08-05 05:41:35,79.0,69.0,6.0,4.0
2021-08-05 05:41:36,112.0,101.0,9.0,2.0
2021-08-05 05:41:37,96.0,83.0,7.0,6.0
2021-08-05 05:41:38,89.0,81.0,2.0,6.0
2021-08-05 05:41:39,109.0,99.0,7.0,3.0
2021-08-05 05:41:40,88.0,81.0,3.0,4.0
2021-08-05 05:41:41,85.0,79.0,3.0,3.0
2021-08-05 05:41:42,110.0,95.0,12.0,3.0
2021-08-05 05:41:43,91.0,80.0,7.0,4.0
2021-08-05 05:41:44,94.0,80.0,8.0,6.0
2021-08-05 05:41:45,106.0,97.0,6.0,3.0
2021-08-05 05:41:46,105.0,97.0,3.0,5.0
2021-08-05 05:41:47,99.0,91.0,4.0,4.0
2021-08-05 05:41:48,89.0,77.0,5.0,7.0
2021-08-05 05:41:49,97.0,90.0,5.0,2.0
2021-08-05 05:41:50,72.0,67.0,3.0,2.0
2021-08-05 05:41:51,109.0,97.0,7.0,5.0
2021-08-05 05:41:52,98.0,89.0,7.0,2.0
2021-08-05 05:41:53,95.0,86.0,3.0,6.0
2021-08-05 05:41:54,81.0,72.0,6.0,3.0
2021-08-05 05:41:55,88.0,80.0,3.0,5.0
2021-08-05 05:41:56,97.0,81.0,8.0,8.0
2021-08-05 05:41:57,81.0,77.0,2.0,2.0
2021-08-05 05:41:58,94.0,84.0,5.0,5.0
2021-08-05 05:41:59,92.0,79.0,5.0,8.0
2021-08-05 05:42:00,104.0,93.0,9.0,2.0
2021-08-05 05:42:01,87.0,77.0,8.0,2.0
2021-08-05 05:42:02,108.0,94.0,8.0,6.0
2021-08-05 05:42:03,90.0,81.0,7.0,2.0
2021-08-05 05:42:04,100.0,91.0,5.0,4.0
2021-08-05 05:42:05,98.0,85.0,9.0,4.0
2021-08-05 05:42:06,86.0,81.0,4.0,1.0
2021-08-05 05:42:07,101.0,95.0,2.0,4.0
2021-08-05 05:42:08,105.0,92.0,9.0,4.0
2021-08-05 05:42:09,120.0,109.0,10.0,1.0
2021-08-05 05:42:10,100.0,88.0,7.0,5.0
2021-08-05 05:42:11,107.0,94.0,7.0,6.0
2021-08-05 05:42:12,98.0,92.0,3.0,3.0
2021-08-05 05:42:13,107.0,96.0,8.0,3.0
2021-08-05 05:42:14,88.0,80.0,7.0,1.0
2021-08-05 05:42:15,101.0,87.0,11.0,3.0
2021-08-05 05:42:16,93.0,81.0,7.0,5.0
2021-08-05 05:42:17,92.0,83.0,5.0,4.0
2021-08-05 05:42:18,93.0,77.0,9.0,7.0
2021-08-05 05:42:19,100.0,88.0,5.0,7.0
2021-08-05 05:42:20,104.0,91.0,10.0,3.0
2021-08-05 05:42:21,89.0,78.0,6.0,5.0
2021-08-05 05:42:22,107.0,96.0,8.0,3.0
2021-08-05 05:42:23,94.0,83.0,7.0,4.0
2021-08-05 05:42:24,110.0,95.0,7.0,8.0
2021-08-05 05:42:25,95.0,85.0,4.0,6.0
2021-08-05 05:42:26,100.0,93.0,5.0,2.0
2021-08-05 05:42:27,94.0,81.0,10.0,3.0
2021-08-05 05:42:28,103.0,94.0,4.0,5.0
2021-08-05 05:42:29,92.0,77.0,12.0,3.0
2021-08-05 05:42:30,104.0,97.0,4.0,3.0
2021-08-05 05:42:31,97.0,84.0,5.0,8.0
2021-08-05 05:42:32,102.0,92.0,7.0,3.0
2021-08-05 05:42:33,87.0,75.0,7.0,5.0
2021-08-05 05:42:34,84.0,77.0,3.0,4.0
2021-08-05 05:42:35,84.0,73.0,5.0,6.0
2021-08-05 05:42:36,82.0,73.0,5.0,4.0
2021-08-05 05:42:37,100.0,92.0,4.0,4.0
2021-08-05 05:42:38,109.0,101.0,6.0,2.0
2021-08-05 05:42:39,104.0,90.0,8.0,6.0
2021-08-05 05:42:40,84.0,77.0,3.0,4.0
2021-08-05 05:42:41,101.0,90.0,7.0,4.0
2021-08-05 05:42:42,116.0,101.0,10.0,5.0
2021-08-05 05:42:43,98.0,88.0,4.0,6.0
2021-08-05 05:42:44,98.0,90.0,6.0,2.0
2021-08-05 05:42:45,99.0,86.0,11.0,2.0
2021-08-05 05:42:46,93.0,80.0,10.0,3.0
2021-08-05 05:42:47,98.0,91.0,5.0,2.0
2021-08-05 05:42:48,102.0,88.0,11.0,3.0
2021-08-05 05:42:49,103.0,90.0,11.0,2.0
2021-08-05 05:42:50,103.0,93.0,7.0,3.0
2021-08-05 05:42:51,90.0,80.0,6.0,4.0
2021-08-05 05:42:52,100.0,87.0,8.0,5.0
2021-08-05 05:42:53,76.0,67.0,5.0,4.0
2021-08-05 05:42:54,106.0,94.0,8.0,4.0
2021-08-05 05:42:55,104.0,92.0,10.0,2.0
2021-08-05 05:42:56,106.0,90.0,11.0,5.0
2021-08-05 05:42:57,91.0,81.0,4.0,6.0
2021-08-05 05:42:58,83.0,74.0,5.0,4.0
2021-08-05 05:42:59,110.0,101.0,6.0,3.0
2021-08-05 05:43:00,93.0,84.0,4.0,5.0
2021-08-05 05:43:01,91.0,78.0,10.0,3.0
2021-08-05 05:43:02,93.0,85.0,4.0,4.0
2021-08-05 05:43:03,98.0,86.0,4.0,8.0
2021-08-05 05:43:04,86.0,74.0,6.0,6.0
2021-08-05 05:43:05,100.0,96.0,4.0,0.0
2021-08-05 05:43:06,92.0,80.0,8.0,4.0
2021-08-05 05:43:07,89.0,81.0,6.0,2.0
2021-08-05 05:43:08,101.0,88.0,7.0,6.0
2021-08-05 05:43:09,90.0,84.0,2.0,4.0
2021-08-05 05:43:10,106.0,94.0,7.0,5.0
2021-08-05 05:43:11,100.0,90.0,4.0,6.0
2021-08-05 05:43:12,70.0,67.0,1.0,2.0
2021-08-05 05:43:13,92.0,79.0,8.0,5.0
2021-08-05 05:43:14,74.0,67.0,4.0,3.0
2021-08-05 05:43:15,95.0,82.0,6.0,7.0
2021-08-05 05:43:16,99.0,86.0,8.0,5.0
2021-08-05 05:43:17,88.0,76.0,7.0,5.0
2021-08-05 05:43:18,84.0,73.0,5.0,6.0
2021-08-05 05:43:19,88.0,80.0,7.0,1.0
2021-08-05 05:43:20,89.0,84.0,4.0,1.0
2021-08-05 05:43:21,105.0,96.0,5.0,4.0
2021-08-05 05:43:22,94.0,88.0,4.0,2.0
2021-08-05 05:43:23,83.0,77.0,5.0,1.0
2021-08-05 05:43:24,101.0,95.0,4.0,2.0
2021-08-05 05:43:25,84.0,72.0,3.0,9.0
2021-08-05 05:43:26,94.0,86.0,5.0,3.0
2021-08-05 05:43:27,88.0,78.0,6.0,4.0
2021-08-05 05:43:28,84.0,74.0,9.0,1.0
2021-08-05 05:43:29,93.0,81.0,8.0,4.0
2021-08-05 05:43:30,94.0,82.0,7.0,5.0
2021-08-05 05:43:31,90.0,79.0,6.0,5.0
2021-08-05 05:43:32,90.0,84.0,4.0,2.0
2021-08-05 05:43:33,93.0,79.0,8.0,6.0
2021-08-05 05:43:34,103.0,92.0,7.0,4.0
2021-08-05 05:43:35,93.0,85.0,5.0,3.0
2021-08-05 05:43:36,91.0,84.0,4.0,3.0
2021-08-05 05:43:37,70.0,60.0,6.0,4.0
2021-08-05 05:43:38,93.0,88.0,3.0,2.0
2021-08-05 05:43:39,91.0,86.0,3.0,2.0
2021-08-05 05:43:40,85.0,73.0,8.0,4.0
2021-08-05 05:43:41,90.0,81.0,2.0,7.0
2021-08-05 05:43:42,100.0,93.0,3.0,4.0
2021-08-05 05:43:43,98.0,89.0,5.0,4.0
2021-08-05 05:43:44,94.0,83.0,5.0,6.0
2021-08-05 05:43:45,88.0,73.0,10.0,5.0
2021-08-05 05:43:46,102.0,90.0,8.0,4.0
2021-08-05 05:43:47,92.0,84.0,7.0,1.0
2021-08-05 05:43:48,103.0,90.0,7.0,6.0
2021-08-05 05:43:49,89.0,81.0,4.0,4.0
2021-08-05 05:43:50,88.0,79.0,5.0,4.0
2021-08-05 05:43:51,98.0,88.0,4.0,6.0
2021-08-05 05:43:52,83.0,79.0,1.0,3.0
2021-08-05 05:43:53,93.0,80.0,10.0,3.0
2021-08-05 05:43:54,90.0,79.0,8.0,3.0
2021-08-05 05:43:55,99.0,87.0,10.0,2.0
2021-08-05 05:43:56,87.0,82.0,3.0,2.0
2021-08-05 05:43:57,94.0,80.0,9.0,5.0
2021-08-05 05:43:58,101.0,86.0,7.0,8.0
2021-08-05 05:43:59,100.0,94.0,2.0,4.0
2021-08-05 05:44:00,94.0,85.0,6.0,3.0
2021-08-05 05:44:01,83.0,71.0,8.0,4.0
2021-08-05 05:44:02,80.0,71.0,7.0,2.0
2021-08-05 05:44:03,68.0,61.0,3.0,4.0
2021-08-05 05:44:04,83.0,70.0,8.0,5.0
2021-08-05 05:44:05,95.0,87.0,4.0,4.0
2021-08-05 05:44:06,110.0,100.0,6.0,4.0
2021-08-05 05:44:07,87.0,81.0,3.0,3.0
2021-08-05 05:44:08,93.0,86.0,3.0,4.0
2021-08-05 05:44:09,92.0,76.0,11.0,5.0
2021-08-05 05:44:10,99.0,88.0,10.0,1.0
2021-08-05 05:44:11,106.0,92.0,8.0,6.0
2021-08-05 05:44:12,80.0,72.0,4.0,4.0
2021-08-05 05:44:13,86.0,78.0,5.0,3.0
2021-08-05 05:44:14,95.0,84.0,6.0,5.0
2021-08-05 05:44:15,95.0,79.0,7.0,9.0
2021-08-05 05:44:16,80.0,69.0,6.0,5.0
2021-08-05 05:44:17,103.0,94.0,3.0,6.0
2021-08-05 05:44:18,96.0,81.0,9.0,6.0
2021-08-05 05:44:19,110.0,100.0,7.0,3.0
2021-08-05 05:44:20,83.0,74.0,4.0,5.0
2021-08-05 05:44:21,92.0,75.0,13.0,4.0
2021-08-05 05:44:22,93.0,81.0,9.0,3.0
2021-08-05 05:44:23,77.0,70.0,3.0,4.0
2021-08-05 05:44:24,104.0,94.0,4.0,6.0
2021-08-05 05:44:25,80.0,68.0,6.0,6.0
2021-08-05 05:44:26,88.0,83.0,2.0,3.0
2021-08-05 05:44:27,94.0,88.0,4.0,2.0
2021-08-05 05:44:28,92.0,82.0,5.0,5.0
2021-08-05 05:44:29,97.0,85.0,7.0,5.0
2021-08-05 05:44:30,85.0,76.0,8.0,1.0
2021-08-05 05:44:31,89.0,77.0,7.0,5.0
2021-08-05 05:44:32,97.0,85.0,7.0,5.0
2021-08-05 05:44:33,87.0,82.0,3.0,2.0
2021-08-05 05:44:34,114.0,103.0,5.0,6.0
2021-08-05 05:44:35,103.0,87.0,10.0,6.0
2021-08-05 05:44:36,85.0,80.0,1.0,4.0
2021-08-05 05:44:37,98.0,84.0,9.0,5.0
2021-08-05 05:44:38,98.0,82.0,11.0,5.0
2021-08-05 05:44:39,81.0,76.0,5.0,0.0
2021-08-05 05:44:40,89.0,75.0,8.0,6.0
2021-08-05 05:44:41,102.0,92.0,6.0,4.0
2021-08-05 05:44:42,97.0,85.0,7.0,5.0
2021-08-05 05:44:43,113.0,99.0,7.0,7.0
2021-08-05 05:44:44,80.0,74.0,5.0,1.0
2021-08-05 05:44:45,88.0,75.0,12.0,1.0
2021-08-05 05:44:46,106.0,94.0,6.0,6.0
2021-08-05 05:44:47,107.0,93.0,12.0,2.0
2021-08-05 05:44:48,94.0,82.0,7.0,5.0
2021-08-05 05:44:49,93.0,82.0,5.0,6.0
2021-08-05 05:44:50,103.0,90.0,10.0,3.0
2021-08-05 05:44:51,104.0,90.0,9.0,5.0
2021-08-05 05:44:52,95.0,83.0,9.0,3.0
2021-08-05 05:44:53,97.0,88.0,4.0,5.0
2021-08-05 05:44:54,92.0,86.0,5.0,1.0
2021-08-05 05:44:55,94.0,85.0,5.0,4.0
2021-08-05 05:44:56,101.0,90.0,9.0,2.0
2021-08-05 05:44:57,120.0,108.0,8.0,4.0
2021-08-05 05:44:58,98.0,87.0,6.0,5.0
2021-08-05 05:44:59,83.0,69.0,6.0,8.0
2021-08-05 05:45:00,137.0,123.0,7.0,7.0
2021-08-05 05:45:01,79.0,72.0,5.0,2.0
2021-08-05 05:45:02,86.0,82.0,2.0,2.0
2021-08-05 05:45:03,104.0,93.0,4.0,7.0
2021-08-05 05:45:04,94.0,86.0,4.0,4.0
2021-08-05 05:45:05,101.0,91.0,4.0,6.0
2021-08-05 05:45:06,102.0,89.0,8.0,5.0
2021-08-05 05:45:07,88.0,78.0,3.0,7.0
2021-08-05 05:45:08,97.0,85.0,6.0,6.0
2021-08-05 05:45:09,93.0,84.0,8.0,1.0
2021-08-05 05:45:10,84.0,77.0,4.0,3.0
2021-08-05 05:45:11,93.0,81.0,10.0,2.0
2021-08-05 05:45:12,78.0,64.0,9.0,5.0
2021-08-05 05:45:13,95.0,85.0,5.0,5.0
2021-08-05 05:45:14,87.0,77.0,5.0,5.0
2021-08-05 05:45:15,105.0,92.0,6.0,7.0
2021-08-05 05:45:16,112.0,100.0,5.0,7.0
2021-08-05 05:45:17,104.0,93.0,1.0,10.0
2021-08-05 05:45:18,100.0,91.0,6.0,3.0
2021-08-05 05:45:19,107.0,100.0,4.0,3.0
2021-08-05 05:45:20,86.0,76.0,6.0,4.0
2021-08-05 05:45:21,90.0,76.0,10.0,4.0
2021-08-05 05:45:22,120.0,110.0,6.0,4.0
2021-08-05 05:45:23,85.0,78.0,3.0,4.0
2021-08-05 05:45:24,103.0,93.0,7.0,3.0
2021-08-05 05:45:25,99.0,88.0,6.0,5.0
2021-08-05 05:45:26,97.0,78.0,11.0,8.0
2021-08-05 05:45:27,100.0,89.0,6.0,5.0
2021-08-05 05:45:28,78.0,69.0,3.0,6.0
2021-08-05 05:45:29,105.0,94.0,9.0,2.0
2021-08-05 05:45:30,80.0,70.0,7.0,3.0
2021-08-05 05:45:31,95.0,88.0,6.0,1.0
2021-08-05 05:45:32,107.0,88.0,12.0,7.0
2021-08-05 05:45:33,94.0,81.0,7.0,6.0
2021-08-05 05:45:34,84.0,79.0,2.0,3.0
2021-08-05 05:45:35,110.0,93.0,13.0,4.0
2021-08-05 05:45:36,85.0,77.0,5.0,3.0
2021-08-05 05:45:37,88.0,73.0,6.0,9.0
2021-08-05 05:45:38,109.0,97.0,10.0,2.0
2021-08-05 05:45:39,95.0,82.0,6.0,7.0
2021-08-05 05:45:40,85.0,74.0,9.0,2.0
2021-08-05 05:45:41,104.0,95.0,4.0,5.0
2021-08-05 05:45:42,97.0,78.0,5.0,14.0
2021-08-05 05:45:43,73.0,62.0,6.0,5.0
2021-08-05 05:45:44,93.0,87.0,4.0,2.0
2021-08-05 05:45:45,93.0,86.0,4.0,3.0
2021-08-05 05:45:46,84.0,74.0,6.0,4.0
2021-08-05 05:45:47,93.0,85.0,3.0,5.0
2021-08-05 05:45:48,105.0,92.0,8.0,5.0
2021-08-05 05:45:49,110.0,100.0,6.0,4.0
2021-08-05 05:45:50,83.0,78.0,2.0,3.0
2021-08-05 05:45:51,104.0,92.0,9.0,3.0
2021-08-05 05:45:52,82.0,73.0,5.0,4.0
2021-08-05 05:45:53,106.0,96.0,6.0,4.0
2021-08-05 05:45:54,87.0,80.0,2.0,5.0
2021-08-05 05:45:55,111.0,103.0,5.0,3.0
2021-08-05 05:45:56,88.0,75.0,8.0,5.0
2021-08-05 05:45:57,103.0,90.0,7.0,6.0
2021-08-05 05:45:58,85.0,77.0,5.0,3.0
2021-08-05 05:45:59,78.0,69.0,8.0,1.0
2021-08-05 05:46:00,106.0,97.0,2.0,7.0
2021-08-05 05:46:01,95.0,83.0,7.0,5.0
2021-08-05 05:46:02,82.0,71.0,5.0,6.0
2021-08-05 05:46:03,87.0,80.0,4.0,3.0
2021-08-05 05:46:04,96.0,88.0,5.0,3.0
2021-08-05 05:46:05,112.0,98.0,8.0,6.0
2021-08-05 05:46:06,101.0,93.0,5.0,3.0
2021-08-05 05:46:07,89.0,79.0,4.0,6.0
2021-08-05 05:46:08,98.0,86.0,7.0,5.0
2021-08-05 05:46:09,86.0,80.0,5.0,1.0
2021-08-05 05:46:10,107.0,96.0,10.0,1.0
2021-08-05 05:46:11,89.0,73.0,7.0,9.0
2021-08-05 05:46:12,108.0,99.0,4.0,5.0
2021-08-05 05:46:13,111.0,101.0,6.0,4.0
2021-08-05 05:46:14,103.0,85.0,11.0,7.0
2021-08-05 05:46:15,80.0,70.0,8.0,2.0
2021-08-05 05:46:16,102.0,94.0,3.0,5.0
2021-08-05 05:46:17,69.0,61.0,7.0,1.0
2021-08-05 05:46:18,100.0,91.0,7.0,2.0
2021-08-05 05:46:19,100.0,88.0,10.0,2.0
2021-08-05 05:46:20,97.0,86.0,8.0,3.0
2021-08-05 05:46:21,91.0,78.0,7.0,6.0
2021-08-05 05:46:22,113.0,97.0,11.0,5.0
2021-08-05 05:46:23,99.0,85.0,9.0,5.0
2021-08-05 05:46:24,120.0,107.0,8.0,5.0
2021-08-05 05:46:25,110.0,98.0,8.0,4.0
2021-08-05 05:46:26,97.0,85.0,6.0,6.0
2021-08-05 05:46:27,113.0,99.0,7.0,7.0
2021-08-05 05:46:28,89.0,81.0,5.0,3.0
2021-08-05 05:46:29,109.0,96.0,7.0,6.0
2021-08-05 05:46:30,96.0,83.0,7.0,6.0
2021-08-05 05:46:31,93.0,83.0,7.0,3.0
2021-08-05 05:46:32,75.0,70.0,5.0,0.0
2021-08-05 05:46:33,92.0,79.0,7.0,6.0
2021-08-05 05:46:34,92.0,86.0,3.0,3.0
2021-08-05 05:46:35,85.0,77.0,5.0,3.0
2021-08-05 05:46:36,81.0,63.0,11.0,7.0
2021-08-05 05:46:37,90.0,86.0,2.0,2.0
2021-08-05 05:46:38,96.0,89.0,6.0,1.0
2021-08-05 05:46:39,101.0,92.0,4.0,5.0
2021-08-05 05:46:40,86.0,70.0,8.0,8.0
2021-08-05 05:46:41,92.0,82.0,4.0,6.0
2021-08-05 05:46:42,82.0,71.0,8.0,3.0
2021-08-05 05:46:43,95.0,80.0,7.0,8.0
2021-08-05 05:46:44,99.0,90.0,6.0,3.0
2021-08-05 05:46:45,100.0,93.0,5.0,2.0
2021-08-05 05:46:46,83.0,73.0,5.0,5.0
2021-08-05 05:46:47,103.0,93.0,4.0,6.0
2021-08-05 05:46:48,86.0,78.0,5.0,3.0
2021-08-05 05:46:49,91.0,80.0,5.0,6.0
2021-08-05 05:46:50,75.0,70.0,3.0,2.0
2021-08-05 05:46:51,92.0,81.0,7.0,4.0
2021-08-05 05:46:52,95.0,82.0,8.0,5.0
2021-08-05 05:46:53,110.0,96.0,8.0,6.0
2021-08-05 05:46:54,89.0,80.0,5.0,4.0
2021-08-05 05:46:55,93.0,89.0,2.0,2.0
2021-08-05 05:46:56,95.0,86.0,7.0,2.0
2021-08-05 05:46:57,86.0,79.0,4.0,3.0
2021-08-05 05:46:58,106.0,97.0,5.0,4.0
2021-08-05 05:46:59,81.0,75.0,4.0,2.0
2021-08-05 05:47:00,107.0,98.0,7.0,2.0
2021-08-05 05:47:01,98.0,88.0,6.0,4.0
2021-08-05 05:47:02,97.0,87.0,7.0,3.0
2021-08-05 05:47:03,103.0,90.0,10.0,3.0
2021-08-05 05:47:04,109.0,95.0,9.0,5.0
2021-08-05 05:47:05,101.0,92.0,6.0,3.0
2021-08-05 05:47:06,102.0,90.0,7.0,5.0
2021-08-05 05:47:07,90.0,80.0,5.0,5.0
2021-08-05 05:47:08,103.0,86.0,10.0,7.0
2021-08-05 05:47:09,92.0,83.0,5.0,4.0
2021-08-05 05:47:10,92.0,87.0,3.0,2.0
2021-08-05 05:47:11,90.0,81.0,7.0,2.0
2021-08-05 05:47:12,91.0,75.0,8.0,8.0
2021-08-05 05:47:13,88.0,81.0,4.0,3.0
2021-08-05 05:47:14,103.0,88.0,10.0,5.0
2021-08-05 05:47:15,93.0,83.0,4.0,6.0
2021-08-05 05:47:16,87.0,78.0,5.0,4.0
2021-08-05 05:47:17,109.0,100.0,5.0,4.0
2021-08-05 05:47:18,98.0,82.0,10.0,6.0
2021-08-05 05:47:19,86.0,73.0,11.0,2.0
2021-08-05 05:47:20,109.0,102.0,3.0,4.0
2021-08-05 05:47:21,85.0,68.0,10.0,7.0
2021-08-05 05:47:22,96.0,82.0,4.0,10.0
2021-08-05 05:47:23,90.0,81.0,6.0,3.0
2021-08-05 05:47:24,93.0,83.0,7.0,3.0
2021-08-05 05:47:25,103.0,90.0,8.0,5.0
2021-08-05 05:47:26,94.0,86.0,5.0,3.0
2021-08-05 05:47:27,86.0,76.0,7.0,3.0
2021-08-05 05:47:28,96.0,87.0,6.0,3.0
2021-08-05 05:47:29,93.0,84.0,6.0,3.0
2021-08-05 05:47:30,95.0,84.0,7.0,4.0
2021-08-05 05:47:31,84.0,70.0,12.0,2.0
2021-08-05 05:47:32,95.0,90.0,3.0,2.0
2021-08-05 05:47:33,100.0,89.0,8.0,3.0
2021-08-05 05:47:34,90.0,83.0,3.0,4.0
2021-08-05 05:47:35,110.0,97.0,7.0,6.0
2021-08-05 05:47:36,92.0,77.0,9.0,6.0
2021-08-05 05:47:37,91.0,76.0,10.0,5.0
2021-08-05 05:47:38,100.0,91.0,4.0,5.0
2021-08-05 05:47:39,81.0,68.0,8.0,5.0
2021-08-05 05:47:40,92.0,81.0,6.0,5.0
2021-08-05 05:47:41,88.0,76.0,5.0,7.0
2021-08-05 05:47:42,87.0,75.0,9.0,3.0
2021-08-05 05:47:43,103.0,98.0,3.0,2.0
2021-08-05 05:47:44,88.0,85.0,0.0,3.0
2021-08-05 05:47:45,87.0,79.0,6.0,2.0
2021-08-05 05:47:46,90.0,81.0,7.0,2.0
2021-08-05 05:47:47,102.0,89.0,10.0,3.0
2021-08-05 05:47:48,76.0,63.0,9.0,4.0
2021-08-05 05:47:49,109.0,95.0,7.0,7.0
2021-08-05 05:47:50,101.0,92.0,6.0,3.0
2021-08-05 05:47:51,101.0,93.0,5.0,3.0
2021-08-05 05:47:52,111.0,92.0,11.0,8.0
2021-08-05 05:47:53,85.0,75.0,5.0,5.0
2021-08-05 05:47:54,100.0,90.0,6.0,4.0
2021-08-05 05:47:55,111.0,94.0,8.0,9.0
2021-08-05 05:47:56,106.0,97.0,7.0,2.0
2021-08-05 05:47:57,97.0,87.0,6.0,4.0
2021-08-05 05:47:58,103.0,94.0,7.0,2.0
2021-08-05 05:47:59,109.0,92.0,12.0,5.0
2021-08-05 05:48:00,99.0,95.0,3.0,1.0
2021-08-05 05:48:01,74.0,67.0,6.0,1.0
2021-08-05 05:48:02,94.0,86.0,5.0,3.0
2021-08-05 05:48:03,98.0,87.0,8.0,3.0
2021-08-05 05:48:04,99.0,88.0,6.0,5.0
2021-08-05 05:48:05,89.0,78.0,9.0,2.0
2021-08-05 05:48:06,80.0,65.0,8.0,7.0
2021-08-05 05:48:07,101.0,89.0,6.0,6.0
2021-08-05 05:48:08,93.0,79.0,10.0,4.0
2021-08-05 05:48:09,92.0,78.0,6.0,8.0
2021-08-05 05:48:10,104.0,95.0,6.0,3.0
2021-08-05 05:48:11,84.0,76.0,6.0,2.0
2021-08-05 05:48:12,83.0,71.0,9.0,3.0
2021-08-05 05:48:13,102.0,97.0,5.0,0.0
2021-08-05 05:48:14,100.0,88.0,6.0,6.0
2021-08-05 05:48:15,93.0,83.0,4.0,6.0
2021-08-05 05:48:16,92.0,78.0,6.0,8.0
2021-08-05 05:48:17,102.0,96.0,4.0,2.0
2021-08-05 05:48:18,99.0,86.0,7.0,6.0
2021-08-05 05:48:19,91.0,83.0,5.0,3.0
2021-08-05 05:48:20,82.0,72.0,5.0,5.0
2021-08-05 05:48:21,88.0,81.0,6.0,1.0
2021-08-05 05:48:22,91.0,78.0,8.0,5.0
2021-08-05 05:48:23,87.0,81.0,2.0,4.0
2021-08-05 05:48:24,100.0,85.0,10.0,5.0
2021-08-05 05:48:25,85.0,76.0,6.0,3.0
2021-08-05 05:48:26,83.0,72.0,8.0,3.0
2021-08-05 05:48:27,99.0,86.0,10.0,3.0
2021-08-05 05:48:28,97.0,82.0,9.0,6.0
2021-08-05 05:48:29,91.0,85.0,5.0,1.0
2021-08-05 05:48:30,104.0,93.0,9.0,2.0
2021-08-05 05:48:31,117.0,107.0,5.0,5.0
2021-08-05 05:48:32,94.0,86.0,5.0,3.0
2021-08-05 05:48:33,91.0,81.0,4.0,6.0
2021-08-05 05:48:34,104.0,96.0,4.0,4.0
2021-08-05 05:48:35,87.0,71.0,9.0,7.0
2021-08-05 05:48:36,108.0,96.0,6.0,6.0
2021-08-05 05:48:37,98.0,82.0,10.0,6.0
2021-08-05 05:48:38,119.0,101.0,8.0,10.0
2021-08-05 05:48:39,98.0,88.0,6.0,4.0
2021-08-05 05:48:40,94.0,86.0,6.0,2.0
2021-08-05 05:48:41,97.0,89.0,7.0,1.0
2021-08-05 05:48:42,106.0,95.0,6.0,5.0
2021-08-05 05:48:43,92.0,81.0,7.0,4.0
2021-08-05 05:48:44,99.0,79.0,15.0,5.0
2021-08-05 05:48:45,106.0,96.0,6.0,4.0
2021-08-05 05:48:46,90.0,77.0,5.0,8.0
2021-08-05 05:48:47,110.0,98.0,6.0,6.0
2021-08-05 05:48:48,89.0,71.0,9.0,9.0
2021-08-05 05:48:49,110.0,102.0,5.0,3.0
2021-08-05 05:48:50,85.0,71.0,8.0,6.0
2021-08-05 05:48:51,100.0,95.0,3.0,2.0
2021-08-05 05:48:52,123.0,116.0,5.0,2.0
2021-08-05 05:48:53,94.0,81.0,7.0,6.0
2021-08-05 05:48:54,97.0,88.0,5.0,4.0
2021-08-05 05:48:55,106.0,95.0,8.0,3.0
2021-08-05 05:48:56,98.0,86.0,6.0,6.0
2021-08-05 05:48:57,86.0,79.0,4.0,3.0
2021-08-05 05:48:58,83.0,74.0,6.0,3.0
2021-08-05 05:48:59,108.0,100.0,3.0,5.0
2021-08-05 05:49:00,100.0,94.0,3.0,3.0
2021-08-05 05:49:01,120.0,108.0,7.0,5.0
2021-08-05 05:49:02,95.0,82.0,10.0,3.0
2021-08-05 05:49:03,92.0,85.0,5.0,2.0
2021-08-05 05:49:04,113.0,108.0,4.0,1.0
2021-08-05 05:49:05,93.0,83.0,4.0,6.0
2021-08-05 05:49:06,116.0,105.0,7.0,4.0
2021-08-05 05:49:07,87.0,78.0,5.0,4.0
2021-08-05 05:49:08,109.0,97.0,6.0,6.0
2021-08-05 05:49:09,75.0,68.0,5.0,2.0
2021-08-05 05:49:10,97.0,86.0,8.0,3.0
2021-08-05 05:49:11,107.0,92.0,11.0,4.0
2021-08-05 05:49:12,102.0,91.0,7.0,4.0
2021-08-05 05:49:13,97.0,89.0,2.0,6.0
2021-08-05 05:49:14,100.0,88.0,4.0,8.0
2021-08-05 05:49:15,109.0,102.0,5.0,2.0
2021-08-05 05:49:16,97.0,87.0,8.0,2.0
2021-08-05 05:49:17,106.0,95.0,8.0,3.0
2021-08-05 05:49:18,97.0,85.0,7.0,5.0
2021-08-05 05:49:19,92.0,80.0,4.0,8.0
2021-08-05 05:49:20,94.0,84.0,6.0,4.0
2021-08-05 05:49:21,101.0,90.0,5.0,6.0
2021-08-05 05:49:22,106.0,100.0,2.0,4.0
2021-08-05 05:49:23,93.0,82.0,4.0,7.0
2021-08-05 05:49:24,103.0,93.0,8.0,2.0
2021-08-05 05:49:25,75.0,66.0,5.0,4.0
2021-08-05 05:49:26,110.0,95.0,7.0,8.0
2021-08-05 05:49:27,93.0,83.0,5.0,5.0
2021-08-05 05:49:28,89.0,80.0,5.0,4.0
2021-08-05 05:49:29,89.0,76.0,9.0,4.0
2021-08-05 05:49:30,90.0,80.0,7.0,3.0
2021-08-05 05:49:31,94.0,86.0,6.0,2.0
2021-08-05 05:49:32,103.0,94.0,6.0,3.0
2021-08-05 05:49:33,87.0,77.0,7.0,3.0
2021-08-05 05:49:34,95.0,84.0,4.0,7.0
2021-08-05 05:49:35,97.0,79.0,11.0,7.0
2021-08-05 05:49:36,92.0,88.0,2.0,2.0
2021-08-05 05:49:37,108.0,89.0,11.0,8.0
2021-08-05 05:49:38,87.0,79.0,7.0,1.0
2021-08-05 05:49:39,108.0,94.0,9.0,5.0
2021-08-05 05:49:40,105.0,97.0,4.0,4.0
2021-08-05 05:49:41,110.0,103.0,2.0,5.0
2021-08-05 05:49:42,78.0,65.0,6.0,7.0
2021-08-05 05:49:43,102.0,92.0,5.0,5.0
2021-08-05 05:49:44,104.0,97.0,4.0,3.0
2021-08-05 05:49:45,96.0,81.0,11.0,4.0
2021-08-05 05:49:46,98.0,78.0,13.0,7.0
2021-08-05 05:49:47,98.0,87.0,6.0,5.0
2021-08-05 05:49:48,87.0,77.0,8.0,2.0
2021-08-05 05:49:49,101.0,82.0,11.0,8.0
2021-08-05 05:49:50,105.0,92.0,5.0,8.0
2021-08-05 05:49:51,86.0,79.0,3.0,4.0
2021-08-05 05:49:52,91.0,80.0,7.0,4.0
2021-08-05 05:49:53,112.0,103.0,5.0,4.0
2021-08-05 05:49:54,101.0,90.0,6.0,5.0
2021-08-05 05:49:55,106.0,96.0,9.0,1.0
2021-08-05 05:49:56,111.0,94.0,10.0,7.0
2021-08-05 05:49:57,94.0,86.0,6.0,2.0
2021-08-05 05:49:58,97.0,83.0,8.0,6.0
2021-08-05 05:49:59,83.0,73.0,4.0,6.0
2021-08-05 05:50:00,93.0,83.0,8.0,2.0
2021-08-05 05:50:01,71.0,61.0,6.0,4.0
2021-08-05 05:50:02,79.0,73.0,4.0,2.0
2021-08-05 05:50:03,100.0,88.0,5.0,7.0
2021-08-05 05:50:04,100.0,86.0,10.0,4.0
2021-08-05 05:50:05,83.0,73.0,6.0,4.0
2021-08-05 05:50:06,108.0,99.0,7.0,2.0
2021-08-05 05:50:07,102.0,93.0,6.0,3.0
2021-08-05 05:50:08,96.0,84.0,7.0,5.0
2021-08-05 05:50:09,90.0,80.0,7.0,3.0
2021-08-05 05:50:10,97.0,85.0,7.0,5.0
2021-08-05 05:50:11,99.0,89.0,6.0,4.0
2021-08-05 05:50:12,107.0,97.0,4.0,6.0
2021-08-05 05:50:13,100.0,92.0,3.0,5.0
2021-08-05 05:50:14,91.0,82.0,3.0,6.0
2021-08-05 05:50:15,96.0,79.0,7.0,10.0
2021-08-05 05:50:16,97.0,83.0,8.0,6.0
2021-08-05 05:50:17,86.0,77.0,5.0,4.0
2021-08-05 05:50:18,97.0,89.0,4.0,4.0
2021-08-05 05:50:19,87.0,78.0,5.0,4.0
2021-08-05 05:50:20,90.0,80.0,8.0,2.0
2021-08-05 05:50:21,95.0,83.0,5.0,7.0
2021-08-05 05:50:22,103.0,91.0,11.0,1.0
2021-08-05 05:50:23,92.0,79.0,7.0,6.0
2021-08-05 05:50:24,109.0,97.0,3.0,9.0
2021-08-05 05:50:25,105.0,96.0,6.0,3.0
2021-08-05 05:50:26,106.0,93.0,8.0,5.0
2021-08-05 05:50:27,107.0,89.0,13.0,5.0
2021-08-05 05:50:28,73.0,70.0,2.0,1.0
2021-08-05 05:50:29,83.0,75.0,6.0,2.0
2021-08-05 05:50:30,94.0,87.0,3.0,4.0
2021-08-05 05:50:31,99.0,94.0,3.0,2.0
2021-08-05 05:50:32,70.0,61.0,5.0,4.0
2021-08-05 05:50:33,92.0,86.0,3.0,3.0
2021-08-05 05:50:34,94.0,82.0,5.0,7.0
2021-08-05 05:50:35,111.0,92.0,10.0,9.0
2021-08-05 05:50:36,89.0,78.0,7.0,4.0
2021-08-05 05:50:37,104.0,91.0,12.0,1.0
2021-08-05 05:50:38,90.0,77.0,8.0,5.0
2021-08-05 05:50:39,105.0,98.0,5.0,2.0
2021-08-05 05:50:40,100.0,92.0,2.0,6.0
2021-08-05 05:50:41,93.0,81.0,8.0,4.0
2021-08-05 05:50:42,92.0,83.0,6.0,3.0
2021-08-05 05:50:43,92.0,85.0,3.0,4.0
2021-08-05 05:50:44,112.0,96.0,10.0,6.0
2021-08-05 05:50:45,92.0,84.0,6.0,2.0
2021-08-05 05:50:46,89.0,80.0,5.0,4.0
2021-08-05 05:50:47,85.0,77.0,6.0,2.0
2021-08-05 05:50:48,89.0,84.0,3.0,2.0
2021-08-05 05:50:49,103.0,89.0,10.0,4.0
2021-08-05 05:50:50,95.0,87.0,5.0,3.0
2021-08-05 05:50:51,91.0,72.0,12.0,7.0
2021-08-05 05:50:52,117.0,104.0,7.0,6.0
2021-08-05 05:50:53,103.0,93.0,8.0,2.0
2021-08-05 05:50:54,111.0,99.0,8.0,4.0
2021-08-05 05:50:55,88.0,73.0,8.0,7.0
2021-08-05 05:50:56,107.0,96.0,6.0,5.0
2021-08-05 05:50:57,100.0,91.0,7.0,2.0
2021-08-05 05:50:58,91.0,81.0,8.0,2.0
2021-08-05 05:50:59,95.0,92.0,1.0,2.0
2021-08-05 05:51:00,95.0,86.0,7.0,2.0
2021-08-05 05:51:01,102.0,91.0,8.0,3.0
2021-08-05 05:51:02,94.0,80.0,9.0,5.0
2021-08-05 05:51:03,96.0,87.0,6.0,3.0
2021-08-05 05:51:04,98.0,89.0,6.0,3.0
2021-08-05 05:51:05,82.0,74.0,7.0,1.0
2021-08-05 05:51:06,100.0,92.0,3.0,5.0
2021-08-05 05:51:07,109.0,97.0,4.0,8.0
2021-08-05 05:51:08,88.0,73.0,4.0,11.0
2021-08-05 05:51:09,86.0,76.0,8.0,2.0
2021-08-05 05:51:10,109.0,97.0,8.0,4.0
2021-08-05 05:51:11,96.0,83.0,12.0,1.0
2021-08-05 05:51:12,103.0,90.0,9.0,4.0
2021-08-05 05:51:13,108.0,97.0,8.0,3.0
2021-08-05 05:51:14,81.0,71.0,5.0,5.0
2021-08-05 05:51:15,92.0,79.0,8.0,5.0
2021-08-05 05:51:16,95.0,78.0,15.0,2.0
2021-08-05 05:51:17,96.0,87.0,4.0,5.0
2021-08-05 05:51:18,86.0,78.0,3.0,5.0
2021-08-05 05:51:19,92.0,78.0,9.0,5.0
2021-08-05 05:51:20,97.0,86.0,6.0,5.0
2021-08-05 05:51:21,96.0,80.0,13.0,3.0
2021-08-05 05:51:22,87.0,73.0,9.0,5.0
2021-08-05 05:51:23,89.0,79.0,4.0,6.0
2021-08-05 05:51:24,93.0,82.0,8.0,3.0
2021-08-05 05:51:25,92.0,78.0,7.0,7.0
2021-08-05 05:51:26,100.0,88.0,8.0,4.0
2021-08-05 05:51:27,90.0,84.0,3.0,3.0
2021-08-05 05:51:28,107.0,94.0,8.0,5.0
2021-08-05 05:51:29,101.0,87.0,10.0,4.0
2021-08-05 05:51:30,97.0,87.0,8.0,2.0
2021-08-05 05:51:31,90.0,80.0,5.0,5.0
2021-08-05 05:51:32,113.0,99.0,10.0,4.0
2021-08-05 05:51:33,98.0,86.0,6.0,6.0
2021-08-05 05:51:34,94.0,84.0,3.0,7.0
2021-08-05 05:51:35,71.0,61.0,7.0,3.0
2021-08-05 05:51:36,106.0,98.0,5.0,3.0
2021-08-05 05:51:37,100.0,92.0,7.0,1.0
2021-08-05 05:51:38,80.0,72.0,6.0,2.0
2021-08-05 05:51:39,104.0,90.0,8.0,6.0
2021-08-05 05:51:40,89.0,83.0,6.0,0.0
2021-08-05 05:51:41,113.0,101.0,7.0,5.0
2021-08-05 05:51:42,118.0,103.0,9.0,6.0
2021-08-05 05:51:43,99.0,90.0,5.0,4.0
2021-08-05 05:51:44,106.0,91.0,9.0,6.0
2021-08-05 05:51:45,111.0,100.0,6.0,5.0
2021-08-05 05:51:46,92.0,82.0,7.0,3.0
2021-08-05 05:51:47,91.0,78.0,9.0,4.0
2021-08-05 05:51:48,112.0,102.0,6.0,4.0
2021-08-05 05:51:49,94.0,82.0,5.0,7.0
2021-08-05 05:51:50,97.0,91.0,4.0,2.0
2021-08-05 05:51:51,102.0,90.0,10.0,2.0
2021-08-05 05:51:52,100.0,92.0,6.0,2.0
2021-08-05 05:51:53,98.0,82.0,12.0,4.0
2021-08-05 05:51:54,89.0,76.0,10.0,3.0
2021-08-05 05:51:55,93.0,83.0,6.0,4.0
2021-08-05 05:51:56,102.0,87.0,11.0,4.0
2021-08-05 05:51:57,91.0,83.0,4.0,4.0
2021-08-05 05:51:58,112.0,99.0,5.0,8.0
2021-08-05 05:51:59,78.0,71.0,5.0,2.0
2021-08-05 05:52:00,108.0,100.0,4.0,4.0
2021-08-05 05:52:01,88.0,79.0,7.0,2.0
2021-08-05 05:52:02,93.0,83.0,6.0,4.0
2021-08-05 05:52:03,91.0,82.0,7.0,2.0
2021-08-05 05:52:04,99.0,85.0,8.0,6.0
2021-08-05 05:52:05,92.0,83.0,4.0,5.0
2021-08-05 05:52:06,86.0,74.0,6.0,6.0
2021-08-05 05:52:07,93.0,80.0,9.0,4.0
2021-08-05 05:52:08,108.0,101.0,5.0,2.0
2021-08-05 05:52:09,109.0,100.0,3.0,6.0
2021-08-05 05:52:10,77.0,68.0,7.0,2.0
2021-08-05 05:52:11,95.0,77.0,13.0,5.0
2021-08-05 05:52:12,101.0,87.0,7.0,7.0
2021-08-05 05:52:13,99.0,87.0,8.0,4.0
2021-08-05 05:52:14,87.0,78.0,3.0,6.0
2021-08-05 05:52:15,96.0,90.0,4.0,2.0
2021-08-05 05:52:16,94.0,74.0,14.0,6.0
2021-08-05 05:52:17,78.0,67.0,9.0,2.0
2021-08-05 05:52:18,106.0,95.0,8.0,3.0
2021-08-05 05:52:19,102.0,88.0,8.0,6.0
2021-08-05 05:52:20,94.0,77.0,10.0,7.0
2021-08-05 05:52:21,100.0,88.0,9.0,3.0
2021-08-05 05:52:22,91.0,79.0,7.0,5.0
2021-08-05 05:52:23,97.0,85.0,3.0,9.0
2021-08-05 05:52:24,86.0,76.0,7.0,3.0
2021-08-05 05:52:25,99.0,85.0,10.0,4.0
2021-08-05 05:52:26,111.0,99.0,9.0,3.0
2021-08-05 05:52:27,88.0,81.0,4.0,3.0
2021-08-05 05:52:28,83.0,76.0,3.0,4.0
2021-08-05 05:52:29,96.0,84.0,8.0,4.0
2021-08-05 05:52:30,70.0,61.0,4.0,5.0
2021-08-05 05:52:31,95.0,81.0,7.0,7.0
2021-08-05 05:52:32,89.0,83.0,3.0,3.0
2021-08-05 05:52:33,99.0,86.0,10.0,3.0
2021-08-05 05:52:34,85.0,74.0,8.0,3.0
2021-08-05 05:52:35,93.0,77.0,8.0,8.0
2021-08-05 05:52:36,92.0,83.0,8.0,1.0
2021-08-05 05:52:37,106.0,90.0,11.0,5.0
2021-08-05 05:52:38,74.0,64.0,6.0,4.0
2021-08-05 05:52:39,97.0,86.0,5.0,6.0
2021-08-05 05:52:40,101.0,91.0,6.0,4.0
2021-08-05 05:52:41,97.0,84.0,7.0,6.0
2021-08-05 05:52:42,100.0,87.0,7.0,6.0
2021-08-05 05:52:43,100.0,85.0,8.0,7.0
2021-08-05 05:52:44,86.0,79.0,3.0,4.0
2021-08-05 05:52:45,74.0,66.0,4.0,4.0
2021-08-05 05:52:46,96.0,87.0,6.0,3.0
2021-08-05 05:52:47,93.0,85.0,6.0,2.0
2021-08-05 05:52:48,88.0,77.0,5.0,6.0
2021-08-05 05:52:49,103.0,85.0,9.0,9.0
2021-08-05 05:52:50,104.0,94.0,7.0,3.0
2021-08-05 05:52:51,89.0,73.0,11.0,5.0
2021-08-05 05:52:52,77.0,68.0,7.0,2.0
2021-08-05 05:52:53,74.0,63.0,7.0,4.0
2021-08-05 05:52:54,95.0,84.0,8.0,3.0
2021-08-05 05:52:55,93.0,81.0,9.0,3.0
2021-08-05 05:52:56,98.0,86.0,8.0,4.0
2021-08-05 05:52:57,92.0,78.0,5.0,9.0
2021-08-05 05:52:58,89.0,82.0,5.0,2.0
2021-08-05 05:52:59,100.0,91.0,2.0,7.0
2021-08-05 05:53:00,82.0,69.0,7.0,6.0
2021-08-05 05:53:01,99.0,85.0,9.0,5.0
2021-08-05 05:53:02,92.0,80.0,5.0,7.0
2021-08-05 05:53:03,94.0,84.0,5.0,5.0
2021-08-05 05:53:04,89.0,78.0,5.0,6.0
2021-08-05 05:53:05,98.0,83.0,9.0,6.0
2021-08-05 05:53:06,110.0,100.0,6.0,4.0
2021-08-05 05:53:07,104.0,88.0,8.0,8.0
2021-08-05 05:53:08,100.0,91.0,5.0,4.0
2021-08-05 05:53:09,104.0,92.0,8.0,4.0
2021-08-05 05:53:10,80.0,70.0,3.0,7.0
2021-08-05 05:53:11,80.0,65.0,10.0,5.0
2021-08-05 05:53:12,98.0,89.0,4.0,5.0
2021-08-05 05:53:13,97.0,84.0,7.0,6.0
2021-08-05 05:53:14,100.0,96.0,1.0,3.0
2021-08-05 05:53:15,103.0,91.0,9.0,3.0
2021-08-05 05:53:16,92.0,80.0,8.0,4.0
2021-08-05 05:53:17,99.0,90.0,5.0,4.0
2021-08-05 05:53:18,107.0,97.0,7.0,3.0
2021-08-05 05:53:19,121.0,108.0,10.0,3.0
2021-08-05 05:53:20,93.0,84.0,3.0,6.0
2021-08-05 05:53:21,93.0,84.0,7.0,2.0
2021-08-05 05:53:22,78.0,66.0,6.0,6.0
2021-08-05 05:53:23,102.0,85.0,4.0,13.0
2021-08-05 05:53:24,73.0,65.0,3.0,5.0
2021-08-05 05:53:25,98.0,87.0,6.0,5.0
2021-08-05 05:53:26,108.0,90.0,10.0,8.0
2021-08-05 05:53:27,97.0,87.0,5.0,5.0
2021-08-05 05:53:28,96.0,88.0,5.0,3.0
2021-08-05 05:53:29,131.0,111.0,12.0,8.0
2021-08-05 05:53:30,96.0,85.0,3.0,8.0
2021-08-05 05:53:31,105.0,96.0,3.0,6.0
2021-08-05 05:53:32,80.0,73.0,5.0,2.0
2021-08-05 05:53:33,100.0,94.0,2.0,4.0
2021-08-05 05:53:34,89.0,80.0,6.0,3.0
2021-08-05 05:53:35,87.0,73.0,6.0,8.0
2021-08-05 05:53:36,94.0,80.0,8.0,6.0
2021-08-05 05:53:37,82.0,69.0,8.0,5.0
2021-08-05 05:53:38,94.0,86.0,5.0,3.0
2021-08-05 05:53:39,91.0,81.0,5.0,5.0
2021-08-05 05:53:40,97.0,87.0,5.0,5.0
2021-08-05 05:53:41,93.0,79.0,8.0,6.0
2021-08-05 05:53:42,121.0,106.0,7.0,8.0
2021-08-05 05:53:43,111.0,95.0,13.0,3.0
2021-08-05 05:53:44,110.0,98.0,8.0,4.0
2021-08-05 05:53:45,86.0,79.0,3.0,4.0
2021-08-05 05:53:46,100.0,93.0,3.0,4.0
2021-08-05 05:53:47,103.0,97.0,4.0,2.0
2021-08-05 05:53:48,106.0,87.0,12.0,7.0
2021-08-05 05:53:49,100.0,89.0,9.0,2.0
2021-08-05 05:53:50,97.0,90.0,5.0,2.0
2021-08-05 05:53:51,78.0,72.0,4.0,2.0
2021-08-05 05:53:52,92.0,83.0,4.0,5.0
2021-08-05 05:53:53,93.0,80.0,8.0,5.0
2021-08-05 05:53:54,100.0,87.0,6.0,7.0
2021-08-05 05:53:55,109.0,89.0,11.0,9.0
2021-08-05 05:53:56,94.0,85.0,4.0,5.0
2021-08-05 05:53:57,96.0,80.0,8.0,8.0
2021-08-05 05:53:58,105.0,91.0,10.0,4.0
2021-08-05 05:53:59,101.0,93.0,6.0,2.0
2021-08-05 05:54:00,97.0,91.0,5.0,1.0
2021-08-05 05:54:01,87.0,74.0,8.0,5.0
2021-08-05 05:54:02,118.0,98.0,10.0,10.0
2021-08-05 05:54:03,102.0,94.0,7.0,1.0
2021-08-05 05:54:04,103.0,98.0,2.0,3.0
2021-08-05 05:54:05,98.0,85.0,10.0,3.0
2021-08-05 05:54:06,83.0,73.0,6.0,4.0
2021-08-05 05:54:07,96.0,87.0,4.0,5.0
2021-08-05 05:54:08,105.0,94.0,7.0,4.0
2021-08-05 05:54:09,85.0,77.0,5.0,3.0
2021-08-05 05:54:10,83.0,77.0,6.0,0.0
2021-08-05 05:54:11,92.0,79.0,8.0,5.0
2021-08-05 05:54:12,83.0,77.0,6.0,0.0
2021-08-05 05:54:13,87.0,79.0,4.0,4.0
2021-08-05 05:54:14,100.0,89.0,8.0,3.0
2021-08-05 05:54:15,73.0,67.0,2.0,4.0
2021-08-05 05:54:16,97.0,92.0,3.0,2.0
2021-08-05 05:54:17,101.0,96.0,3.0,2.0
2021-08-05 05:54:18,89.0,74.0,9.0,6.0
2021-08-05 05:54:19,109.0,100.0,4.0,5.0
2021-08-05 05:54:20,92.0,80.0,7.0,5.0
2021-08-05 05:54:21,102.0,94.0,2.0,6.0
2021-08-05 05:54:22,103.0,88.0,10.0,5.0
2021-08-05 05:54:23,88.0,78.0,5.0,5.0
2021-08-05 05:54:24,82.0,78.0,3.0,1.0
2021-08-05 05:54:25,86.0,75.0,9.0,2.0
2021-08-05 05:54:26,81.0,72.0,5.0,4.0
2021-08-05 05:54:27,107.0,94.0,7.0,6.0
2021-08-05 05:54:28,95.0,89.0,4.0,2.0
2021-08-05 05:54:29,82.0,72.0,5.0,5.0
2021-08-05 05:54:30,87.0,77.0,5.0,5.0
2021-08-05 05:54:31,104.0,84.0,16.0,4.0
2021-08-05 05:54:32,96.0,84.0,8.0,4.0
2021-08-05 05:54:33,83.0,78.0,2.0,3.0
2021-08-05 05:54:34,92.0,82.0,8.0,2.0
2021-08-05 05:54:35,102.0,96.0,5.0,1.0
2021-08-05 05:54:36,93.0,82.0,8.0,3.0
2021-08-05 05:54:37,106.0,96.0,9.0,1.0
2021-08-05 05:54:38,93.0,81.0,9.0,3.0
2021-08-05 05:54:39,83.0,63.0,12.0,8.0
2021-08-05 05:54:40,95.0,84.0,7.0,4.0
2021-08-05 05:54:41,77.0,68.0,6.0,3.0
2021-08-05 05:54:42,98.0,86.0,7.0,5.0
2021-08-05 05:54:43,83.0,72.0,8.0,3.0
2021-08-05 05:54:44,111.0,103.0,6.0,2.0
2021-08-05 05:54:45,86.0,74.0,7.0,5.0
2021-08-05 05:54:46,100.0,86.0,10.0,4.0
2021-08-05 05:54:47,96.0,80.0,9.0,7.0
2021-08-05 05:54:48,95.0,87.0,3.0,5.0
2021-08-05 05:54:49,86.0,75.0,5.0,6.0
2021-08-05 05:54:50,99.0,94.0,3.0,2.0
2021-08-05 05:54:51,89.0,76.0,10.0,3.0
2021-08-05 05:54:52,89.0,81.0,5.0,3.0
2021-08-05 05:54:53,119.0,104.0,7.0,8.0
2021-08-05 05:54:54,96.0,89.0,6.0,1.0
2021-08-05 05:54:55,105.0,96.0,4.0,5.0
2021-08-05 05:54:56,95.0,90.0,5.0,0.0
2021-08-05 05:54:57,91.0,81.0,6.0,4.0
2021-08-05 05:54:58,82.0,73.0,5.0,4.0
2021-08-05 05:54:59,86.0,74.0,7.0,5.0
2021-08-05 05:55:00,91.0,79.0,6.0,6.0
2021-08-05 05:55:01,94.0,81.0,8.0,5.0
2021-08-05 05:55:02,82.0,77.0,2.0,3.0
2021-08-05 05:55:03,104.0,97.0,5.0,2.0
2021-08-05 05:55:04,112.0,99.0,7.0,6.0
2021-08-05 05:55:05,114.0,97.0,13.0,4.0
2021-08-05 05:55:06,107.0,90.0,10.0,7.0
2021-08-05 05:55:07,98.0,90.0,7.0,1.0
2021-08-05 05:55:08,87.0,76.0,9.0,2.0
2021-08-05 05:55:09,105.0,94.0,7.0,4.0
2021-08-05 05:55:10,106.0,98.0,7.0,1.0
2021-08-05 05:55:11,88.0,79.0,6.0,3.0
2021-08-05 05:55:12,114.0,98.0,10.0,6.0
2021-08-05 05:55:13,99.0,90.0,9.0,0.0
2021-08-05 05:55:14,103.0,92.0,9.0,2.0
2021-08-05 05:55:15,84.0,76.0,5.0,3.0
2021-08-05 05:55:16,108.0,93.0,9.0,6.0
2021-08-05 05:55:17,103.0,90.0,5.0,8.0
2021-08-05 05:55:18,97.0,79.0,12.0,6.0
2021-08-05 05:55:19,86.0,82.0,1.0,3.0
2021-08-05 05:55:20,99.0,86.0,9.0,4.0
2021-08-05 05:55:21,94.0,82.0,10.0,2.0
2021-08-05 05:55:22,103.0,89.0,5.0,9.0
2021-08-05 05:55:23,91.0,78.0,7.0,6.0
2021-08-05 05:55:24,98.0,82.0,7.0,9.0
2021-08-05 05:55:25,74.0,64.0,6.0,4.0
2021-08-05 05:55:26,95.0,83.0,6.0,6.0
2021-08-05 05:55:27,100.0,93.0,2.0,5.0
2021-08-05 05:55:28,104.0,90.0,11.0,3.0
2021-08-05 05:55:29,87.0,78.0,8.0,1.0
2021-08-05 05:55:30,89.0,77.0,9.0,3.0
2021-08-05 05:55:31,100.0,89.0,7.0,4.0
2021-08-05 05:55:32,103.0,85.0,13.0,5.0
2021-08-05 05:55:33,93.0,85.0,3.0,5.0
2021-08-05 05:55:34,85.0,78.0,6.0,1.0
2021-08-05 05:55:35,98.0,87.0,7.0,4.0
2021-08-05 05:55:36,103.0,96.0,5.0,2.0
2021-08-05 05:55:37,91.0,83.0,5.0,3.0
2021-08-05 05:55:38,88.0,77.0,5.0,6.0
2021-08-05 05:55:39,84.0,80.0,1.0,3.0
2021-08-05 05:55:40,115.0,99.0,10.0,6.0
2021-08-05 05:55:41,106.0,99.0,3.0,4.0
2021-08-05 05:55:42,99.0,92.0,5.0,2.0
2021-08-05 05:55:43,87.0,80.0,4.0,3.0
2021-08-05 05:55:44,97.0,91.0,3.0,3.0
2021-08-05 05:55:45,89.0,79.0,5.0,5.0
2021-08-05 05:55:46,91.0,76.0,10.0,5.0
2021-08-05 05:55:47,91.0,84.0,4.0,3.0
2021-08-05 05:55:48,103.0,87.0,9.0,7.0
2021-08-05 05:55:49,110.0,98.0,6.0,6.0
2021-08-05 05:55:50,97.0,80.0,12.0,5.0
2021-08-05 05:55:51,85.0,80.0,3.0,2.0
2021-08-05 05:55:52,92.0,82.0,7.0,3.0
2021-08-05 05:55:53,112.0,103.0,3.0,6.0
2021-08-05 05:55:54,106.0,94.0,6.0,6.0
2021-08-05 05:55:55,100.0,86.0,9.0,5.0
2021-08-05 05:55:56,62.0,54.0,7.0,1.0
2021-08-05 05:55:57,89.0,80.0,6.0,3.0
2021-08-05 05:55:58,82.0,71.0,5.0,6.0
2021-08-05 05:55:59,95.0,83.0,9.0,3.0
2021-08-05 05:56:00,86.0,77.0,4.0,5.0
2021-08-05 05:56:01,97.0,83.0,7.0,7.0
2021-08-05 05:56:02,106.0,97.0,4.0,5.0
2021-08-05 05:56:03,91.0,78.0,5.0,8.0
2021-08-05 05:56:04,101.0,90.0,5.0,6.0
2021-08-05 05:56:05,99.0,90.0,4.0,5.0
2021-08-05 05:56:06,103.0,93.0,9.0,1.0
2021-08-05 05:56:07,105.0,87.0,8.0,10.0
2021-08-05 05:56:08,100.0,90.0,8.0,2.0
2021-08-05 05:56:09,92.0,77.0,6.0,9.0
2021-08-05 05:56:10,93.0,86.0,5.0,2.0
2021-08-05 05:56:11,87.0,80.0,5.0,2.0
2021-08-05 05:56:12,89.0,79.0,5.0,5.0
2021-08-05 05:56:13,94.0,80.0,6.0,8.0
2021-08-05 05:56:14,110.0,95.0,10.0,5.0
2021-08-05 05:56:15,91.0,78.0,9.0,4.0
2021-08-05 05:56:16,91.0,80.0,8.0,3.0
2021-08-05 05:56:17,74.0,61.0,10.0,3.0
2021-08-05 05:56:18,90.0,82.0,8.0,0.0
2021-08-05 05:56:19,85.0,77.0,5.0,3.0
2021-08-05 05:56:20,101.0,94.0,3.0,4.0
2021-08-05 05:56:21,83.0,77.0,2.0,4.0
2021-08-05 05:56:22,81.0,69.0,7.0,5.0
2021-08-05 05:56:23,91.0,81.0,7.0,3.0
2021-08-05 05:56:24,99.0,89.0,5.0,5.0
2021-08-05 05:56:25,115.0,102.0,8.0,5.0
2021-08-05 05:56:26,93.0,79.0,10.0,4.0
2021-08-05 05:56:27,74.0,63.0,4.0,7.0
2021-08-05 05:56:28,104.0,94.0,9.0,1.0
2021-08-05 05:56:29,102.0,96.0,4.0,2.0
2021-08-05 05:56:30,96.0,85.0,8.0,3.0
2021-08-05 05:56:31,94.0,87.0,3.0,4.0
2021-08-05 05:56:32,84.0,73.0,4.0,7.0
2021-08-05 05:56:33,99.0,89.0,4.0,6.0
2021-08-05 05:56:34,89.0,80.0,4.0,5.0
2021-08-05 05:56:35,103.0,93.0,5.0,5.0
2021-08-05 05:56:36,84.0,75.0,4.0,5.0
2021-08-05 05:56:37,104.0,88.0,10.0,6.0
2021-08-05 05:56:38,87.0,71.0,7.0,9.0
2021-08-05 05:56:39,102.0,94.0,2.0,6.0
2021-08-05 05:56:40,98.0,90.0,7.0,1.0
2021-08-05 05:56:41,94.0,88.0,4.0,2.0
2021-08-05 05:56:42,82.0,75.0,5.0,2.0
2021-08-05 05:56:43,102.0,91.0,7.0,4.0
2021-08-05 05:56:44,108.0,94.0,7.0,7.0
2021-08-05 05:56:45,103.0,85.0,10.0,8.0
2021-08-05 05:56:46,105.0,90.0,12.0,3.0
2021-08-05 05:56:47,98.0,88.0,7.0,3.0
2021-08-05 05:56:48,101.0,86.0,9.0,6.0
2021-08-05 05:56:49,102.0,91.0,8.0,3.0
2021-08-05 05:56:50,107.0,99.0,5.0,3.0
2021-08-05 05:56:51,104.0,85.0,9.0,10.0
2021-08-05 05:56:52,100.0,85.0,8.0,7.0
2021-08-05 05:56:53,98.0,83.0,10.0,5.0
2021-08-05 05:56:54,97.0,88.0,6.0,3.0
2021-08-05 05:56:55,82.0,66.0,9.0,7.0
2021-08-05 05:56:56,121.0,105.0,10.0,6.0
2021-08-05 05:56:57,80.0,71.0,6.0,3.0
2021-08-05 05:56:58,104.0,91.0,10.0,3.0
2021-08-05 05:56:59,89.0,77.0,7.0,5.0
2021-08-05 05:57:00,97.0,85.0,5.0,7.0
2021-08-05 05:57:01,96.0,81.0,7.0,8.0
2021-08-05 05:57:02,100.0,90.0,6.0,4.0
2021-08-05 05:57:03,109.0,98.0,6.0,5.0
2021-08-05 05:57:04,109.0,92.0,11.0,6.0
2021-08-05 05:57:05,88.0,74.0,6.0,8.0
2021-08-05 05:57:06,97.0,87.0,4.0,6.0
2021-08-05 05:57:07,95.0,86.0,7.0,2.0
2021-08-05 05:57:08,84.0,64.0,11.0,9.0
2021-08-05 05:57:09,115.0,103.0,10.0,2.0
2021-08-05 05:57:10,103.0,90.0,9.0,4.0
2021-08-05 05:57:11,100.0,91.0,8.0,1.0
2021-08-05 05:57:12,76.0,65.0,9.0,2.0
2021-08-05 05:57:13,105.0,92.0,8.0,5.0
2021-08-05 05:57:14,94.0,81.0,9.0,4.0
2021-08-05 05:57:15,127.0,108.0,10.0,9.0
2021-08-05 05:57:16,108.0,100.0,4.0,4.0
2021-08-05 05:57:17,90.0,79.0,8.0,3.0
2021-08-05 05:57:18,100.0,91.0,6.0,3.0
2021-08-05 05:57:19,109.0,98.0,7.0,4.0
2021-08-05 05:57:20,107.0,96.0,6.0,5.0
2021-08-05 05:57:21,101.0,95.0,4.0,2.0
2021-08-05 05:57:22,101.0,89.0,7.0,5.0
2021-08-05 05:57:23,76.0,72.0,3.0,1.0
2021-08-05 05:57:24,114.0,106.0,8.0,0.0
2021-08-05 05:57:25,88.0,78.0,5.0,5.0
2021-08-05 05:57:26,106.0,94.0,9.0,3.0
2021-08-05 05:57:27,81.0,74.0,6.0,1.0
2021-08-05 05:57:28,91.0,76.0,9.0,6.0
2021-08-05 05:57:29,97.0,88.0,8.0,1.0
2021-08-05 05:57:30,86.0,76.0,5.0,5.0
2021-08-05 05:57:31,113.0,97.0,11.0,5.0
2021-08-05 05:57:32,104.0,93.0,6.0,5.0
2021-08-05 05:57:33,94.0,81.0,5.0,8.0
2021-08-05 05:57:34,101.0,89.0,7.0,5.0
2021-08-05 05:57:35,87.0,77.0,5.0,5.0
2021-08-05 05:57:36,80.0,74.0,4.0,2.0
2021-08-05 05:57:37,96.0,89.0,5.0,2.0
2021-08-05 05:57:38,88.0,81.0,1.0,6.0
2021-08-05 05:57:39,106.0,88.0,11.0,7.0
2021-08-05 05:57:40,91.0,79.0,8.0,4.0
2021-08-05 05:57:41,104.0,95.0,4.0,5.0
2021-08-05 05:57:42,101.0,87.0,8.0,6.0
2021-08-05 05:57:43,99.0,84.0,8.0,7.0
2021-08-05 05:57:44,103.0,99.0,3.0,1.0
2021-08-05 05:57:45,102.0,90.0,8.0,4.0
2021-08-05 05:57:46,100.0,89.0,6.0,5.0
2021-08-05 05:57:47,90.0,82.0,7.0,1.0
2021-08-05 05:57:48,97.0,86.0,5.0,6.0
2021-08-05 05:57:49,102.0,88.0,9.0,5.0
2021-08-05 05:57:50,91.0,82.0,4.0,5.0
2021-08-05 05:57:51,84.0,74.0,6.0,4.0
2021-08-05 05:57:52,90.0,76.0,8.0,6.0
2021-08-05 05:57:53,105.0,92.0,6.0,7.0
2021-08-05 05:57:54,82.0,72.0,4.0,6.0
2021-08-05 05:57:55,84.0,75.0,4.0,5.0
2021-08-05 05:57:56,100.0,95.0,3.0,2.0
2021-08-05 05:57:57,103.0,88.0,8.0,7.0
2021-08-05 05:57:58,108.0,100.0,6.0,2.0
2021-08-05 05:57:59,103.0,90.0,7.0,6.0
2021-08-05 05:58:00,81.0,77.0,4.0,0.0
2021-08-05 05:58:01,93.0,83.0,5.0,5.0
2021-08-05 05:58:02,91.0,84.0,4.0,3.0
2021-08-05 05:58:03,103.0,94.0,7.0,2.0
2021-08-05 05:58:04,91.0,77.0,7.0,7.0
2021-08-05 05:58:05,88.0,81.0,6.0,1.0
2021-08-05 05:58:06,98.0,87.0,9.0,2.0
2021-08-05 05:58:07,91.0,86.0,2.0,3.0
2021-08-05 05:58:08,85.0,72.0,7.0,6.0
2021-08-05 05:58:09,98.0,89.0,6.0,3.0
2021-08-05 05:58:10,101.0,85.0,11.0,5.0
2021-08-05 05:58:11,98.0,89.0,6.0,3.0
2021-08-05 05:58:12,95.0,88.0,3.0,4.0
2021-08-05 05:58:13,91.0,80.0,6.0,5.0
2021-08-05 05:58:14,85.0,71.0,8.0,6.0
2021-08-05 05:58:15,100.0,88.0,7.0,5.0
2021-08-05 05:58:16,95.0,85.0,5.0,5.0
2021-08-05 05:58:17,85.0,74.0,8.0,3.0
2021-08-05 05:58:18,94.0,88.0,3.0,3.0
2021-08-05 05:58:19,112.0,98.0,8.0,6.0
2021-08-05 05:58:20,83.0,73.0,6.0,4.0
2021-08-05 05:58:21,75.0,60.0,8.0,7.0
2021-08-05 05:58:22,80.0,71.0,6.0,3.0
2021-08-05 05:58:23,98.0,90.0,4.0,4.0
2021-08-05 05:58:24,118.0,111.0,3.0,4.0
2021-08-05 05:58:25,80.0,68.0,8.0,4.0
2021-08-05 05:58:26,99.0,88.0,8.0,3.0
2021-08-05 05:58:27,94.0,88.0,2.0,4.0
2021-08-05 05:58:28,79.0,70.0,7.0,2.0
2021-08-05 05:58:29,78.0,65.0,8.0,5.0
2021-08-05 05:58:30,94.0,83.0,7.0,4.0
2021-08-05 05:58:31,93.0,82.0,9.0,2.0
2021-08-05 05:58:32,99.0,84.0,7.0,8.0
2021-08-05 05:58:33,81.0,76.0,2.0,3.0
2021-08-05 05:58:34,85.0,79.0,3.0,3.0
2021-08-05 05:58:35,100.0,91.0,2.0,7.0
2021-08-05 05:58:36,101.0,88.0,7.0,6.0
2021-08-05 05:58:37,86.0,75.0,5.0,6.0
2021-08-05 05:58:38,87.0,76.0,6.0,5.0
2021-08-05 05:58:39,96.0,83.0,8.0,5.0
2021-08-05 05:58:40,102.0,91.0,7.0,4.0
2021-08-05 05:58:41,82.0,73.0,5.0,4.0
2021-08-05 05:58:42,85.0,75.0,7.0,3.0
2021-08-05 05:58:43,87.0,74.0,6.0,7.0
2021-08-05 05:58:44,100.0,87.0,8.0,5.0
2021-08-05 05:58:45,89.0,83.0,4.0,2.0
2021-08-05 05:58:46,107.0,96.0,5.0,6.0
2021-08-05 05:58:47,109.0,97.0,5.0,7.0
2021-08-05 05:58:48,91.0,78.0,8.0,5.0
2021-08-05 05:58:49,92.0,83.0,9.0,0.0
2021-08-05 05:58:50,93.0,77.0,11.0,5.0
2021-08-05 05:58:51,96.0,88.0,6.0,2.0
2021-08-05 05:58:52,88.0,80.0,5.0,3.0
2021-08-05 05:58:53,95.0,82.0,8.0,5.0
2021-08-05 05:58:54,124.0,112.0,5.0,7.0
2021-08-05 05:58:55,115.0,97.0,13.0,5.0
2021-08-05 05:58:56,92.0,79.0,9.0,4.0
2021-08-05 05:58:57,95.0,88.0,3.0,4.0
2021-08-05 05:58:58,95.0,79.0,11.0,5.0
2021-08-05 05:58:59,100.0,90.0,7.0,3.0
2021-08-05 05:59:00,103.0,88.0,6.0,9.0
2021-08-05 05:59:01,109.0,93.0,10.0,6.0
2021-08-05 05:59:02,92.0,87.0,4.0,1.0
2021-08-05 05:59:03,114.0,99.0,7.0,8.0
2021-08-05 05:59:04,94.0,82.0,8.0,4.0
2021-08-05 05:59:05,100.0,91.0,6.0,3.0
2021-08-05 05:59:06,103.0,87.0,5.0,11.0
2021-08-05 05:59:07,99.0,89.0,5.0,5.0
2021-08-05 05:59:08,113.0,105.0,4.0,4.0
2021-08-05 05:59:09,94.0,77.0,5.0,12.0
2021-08-05 05:59:10,88.0,75.0,7.0,6.0
2021-08-05 05:59:11,86.0,76.0,7.0,3.0
2021-08-05 05:59:12,78.0,68.0,8.0,2.0
2021-08-05 05:59:13,107.0,89.0,9.0,9.0
2021-08-05 05:59:14,92.0,86.0,3.0,3.0
2021-08-05 05:59:15,94.0,77.0,11.0,6.0
2021-08-05 05:59:16,94.0,87.0,3.0,4.0
2021-08-05 05:59:17,95.0,87.0,4.0,4.0
2021-08-05 05:59:18,92.0,74.0,10.0,8.0
2021-08-05 05:59:19,84.0,68.0,10.0,6.0
2021-08-05 05:59:20,114.0,96.0,7.0,11.0
2021-08-05 05:59:21,87.0,79.0,6.0,2.0
2021-08-05 05:59:22,90.0,81.0,7.0,2.0
2021-08-05 05:59:23,97.0,86.0,4.0,7.0
2021-08-05 05:59:24,96.0,88.0,7.0,1.0
2021-08-05 05:59:25,100.0,90.0,5.0,5.0
2021-08-05 05:59:26,91.0,83.0,6.0,2.0
2021-08-05 05:59:27,84.0,79.0,3.0,2.0
2021-08-05 05:59:28,94.0,88.0,3.0,3.0
2021-08-05 05:59:29,79.0,70.0,3.0,6.0
2021-08-05 05:59:30,87.0,77.0,6.0,4.0
2021-08-05 05:59:31,89.0,76.0,9.0,4.0
2021-08-05 05:59:32,101.0,89.0,9.0,3.0
2021-08-05 05:59:33,82.0,74.0,3.0,5.0
2021-08-05 05:59:34,90.0,81.0,7.0,2.0
2021-08-05 05:59:35,89.0,79.0,6.0,4.0
2021-08-05 05:59:36,100.0,93.0,5.0,2.0
2021-08-05 05:59:37,75.0,66.0,5.0,4.0
2021-08-05 05:59:38,119.0,103.0,12.0,4.0
2021-08-05 05:59:39,104.0,91.0,9.0,4.0
2021-08-05 05:59:40,119.0,105.0,9.0,5.0
2021-08-05 05:59:41,102.0,88.0,7.0,7.0
2021-08-05 05:59:42,93.0,83.0,6.0,4.0
2021-08-05 05:59:43,92.0,88.0,1.0,3.0
2021-08-05 05:59:44,86.0,75.0,7.0,4.0
2021-08-05 05:59:45,117.0,108.0,7.0,2.0
2021-08-05 05:59:46,91.0,81.0,6.0,4.0
2021-08-05 05:59:47,114.0,96.0,10.0,8.0
2021-08-05 05:59:48,93.0,81.0,8.0,4.0
2021-08-05 05:59:49,118.0,100.0,10.0,8.0
2021-08-05 05:59:50,95.0,79.0,15.0,1.0
2021-08-05 05:59:51,95.0,85.0,5.0,5.0
2021-08-05 05:59:52,82.0,75.0,2.0,5.0
2021-08-05 05:59:53,100.0,83.0,9.0,8.0
2021-08-05 05:59:54,97.0,89.0,4.0,4.0
2021-08-05 05:59:55,97.0,84.0,6.0,7.0
2021-08-05 05:59:56,100.0,92.0,4.0,4.0
2021-08-05 05:59:57,86.0,78.0,2.0,6.0
2021-08-05 05:59:58,90.0,79.0,7.0,4.0
2021-08-05 05:59:59,115.0,100.0,12.0,3.0
2021-08-05 06:00:00,81.0,70.0,6.0,5.0
2021-08-05 06:00:01,111.0,103.0,6.0,2.0
2021-08-05 06:00:02,108.0,99.0,4.0,5.0
2021-08-05 06:00:03,105.0,95.0,4.0,6.0
2021-08-05 06:00:04,116.0,104.0,7.0,5.0
2021-08-05 06:00:05,108.0,95.0,8.0,5.0
2021-08-05 06:00:06,94.0,82.0,9.0,3.0
2021-08-05 06:00:07,105.0,89.0,8.0,8.0
2021-08-05 06:00:08,72.0,63.0,6.0,3.0
2021-08-05 06:00:09,86.0,83.0,2.0,1.0
2021-08-05 06:00:10,100.0,87.0,9.0,4.0
2021-08-05 06:00:11,114.0,104.0,4.0,6.0
2021-08-05 06:00:12,81.0,73.0,3.0,5.0
2021-08-05 06:00:13,104.0,95.0,5.0,4.0
2021-08-05 06:00:14,113.0,103.0,7.0,3.0
2021-08-05 06:00:15,109.0,91.0,11.0,7.0
2021-08-05 06:00:16,117.0,104.0,8.0,5.0
2021-08-05 06:00:17,83.0,72.0,9.0,2.0
2021-08-05 06:00:18,78.0,66.0,8.0,4.0
2021-08-05 06:00:19,91.0,81.0,7.0,3.0
2021-08-05 06:00:20,102.0,94.0,5.0,3.0
2021-08-05 06:00:21,98.0,94.0,2.0,2.0
2021-08-05 06:00:22,98.0,92.0,4.0,2.0
2021-08-05 06:00:23,100.0,81.0,10.0,9.0
2021-08-05 06:00:24,93.0,84.0,4.0,5.0
2021-08-05 06:00:25,97.0,86.0,5.0,6.0
2021-08-05 06:00:26,117.0,98.0,16.0,3.0
2021-08-05 06:00:27,90.0,84.0,5.0,1.0
2021-08-05 06:00:28,85.0,79.0,0.0,6.0
2021-08-05 06:00:29,94.0,83.0,5.0,6.0
2021-08-05 06:00:30,104.0,91.0,8.0,5.0
2021-08-05 06:00:31,78.0,70.0,5.0,3.0
2021-08-05 06:00:32,85.0,78.0,5.0,2.0
2021-08-05 06:00:33,87.0,78.0,8.0,1.0
2021-08-05 06:00:34,98.0,86.0,8.0,4.0
2021-08-05 06:00:35,83.0,73.0,5.0,5.0
2021-08-05 06:00:36,102.0,90.0,7.0,5.0
2021-08-05 06:00:37,83.0,75.0,6.0,2.0
2021-08-05 06:00:38,94.0,81.0,11.0,2.0
2021-08-05 06:00:39,103.0,95.0,6.0,2.0
2021-08-05 06:00:40,98.0,83.0,9.0,6.0
2021-08-05 06:00:41,93.0,80.0,4.0,9.0
2021-08-05 06:00:42,89.0,81.0,4.0,4.0
2021-08-05 06:00:43,120.0,112.0,6.0,2.0
2021-08-05 06:00:44,89.0,82.0,4.0,3.0
2021-08-05 06:00:45,86.0,81.0,4.0,1.0
2021-08-05 06:00:46,91.0,81.0,6.0,4.0
2021-08-05 06:00:47,92.0,81.0,4.0,7.0
2021-08-05 06:00:48,87.0,77.0,8.0,2.0
2021-08-05 06:00:49,101.0,95.0,3.0,3.0
2021-08-05 06:00:50,97.0,92.0,4.0,1.0
2021-08-05 06:00:51,92.0,81.0,5.0,6.0
2021-08-05 06:00:52,91.0,80.0,3.0,8.0
2021-08-05 06:00:53,95.0,85.0,7.0,3.0
2021-08-05 06:00:54,103.0,92.0,7.0,4.0
2021-08-05 06:00:55,96.0,84.0,8.0,4.0
2021-08-05 06:00:56,101.0,90.0,7.0,4.0
2021-08-05 06:00:57,96.0,89.0,2.0,5.0
2021-08-05 06:00:58,94.0,82.0,8.0,4.0
2021-08-05 06:00:59,101.0,96.0,3.0,2.0
2021-08-05 06:01:00,109.0,100.0,6.0,3.0
2021-08-05 06:01:01,104.0,94.0,8.0,2.0
2021-08-05 06:01:02,88.0,77.0,6.0,5.0
2021-08-05 06:01:03,101.0,95.0,4.0,2.0
2021-08-05 06:01:04,71.0,64.0,3.0,4.0
2021-08-05 06:01:05,98.0,84.0,8.0,6.0
2021-08-05 06:01:06,103.0,94.0,6.0,3.0
2021-08-05 06:01:07,96.0,86.0,5.0,5.0
2021-08-05 06:01:08,90.0,77.0,9.0,4.0
2021-08-05 06:01:09,95.0,84.0,6.0,5.0
2021-08-05 06:01:10,90.0,80.0,7.0,3.0
2021-08-05 06:01:11,96.0,88.0,5.0,3.0
2021-08-05 06:01:12,87.0,79.0,6.0,2.0
2021-08-05 06:01:13,72.0,64.0,4.0,4.0
2021-08-05 06:01:14,120.0,101.0,11.0,8.0
2021-08-05 06:01:15,88.0,74.0,9.0,5.0
2021-08-05 06:01:16,100.0,89.0,4.0,7.0
2021-08-05 06:01:17,107.0,91.0,10.0,6.0
2021-08-05 06:01:18,93.0,80.0,10.0,3.0
2021-08-05 06:01:19,91.0,84.0,4.0,3.0
2021-08-05 06:01:20,91.0,79.0,7.0,5.0
2021-08-05 06:01:21,79.0,67.0,8.0,4.0
2021-08-05 06:01:22,108.0,95.0,7.0,6.0
2021-08-05 06:01:23,90.0,87.0,1.0,2.0
2021-08-05 06:01:24,108.0,94.0,10.0,4.0
2021-08-05 06:01:25,103.0,88.0,8.0,7.0
2021-08-05 06:01:26,97.0,86.0,6.0,5.0
2021-08-05 06:01:27,102.0,95.0,4.0,3.0
2021-08-05 06:01:28,96.0,90.0,6.0,0.0
2021-08-05 06:01:29,99.0,82.0,13.0,4.0
2021-08-05 06:01:30,93.0,86.0,5.0,2.0
2021-08-05 06:01:31,97.0,80.0,12.0,5.0
2021-08-05 06:01:32,112.0,101.0,6.0,5.0
2021-08-05 06:01:33,84.0,76.0,4.0,4.0
2021-08-05 06:01:34,95.0,90.0,3.0,2.0
2021-08-05 06:01:35,97.0,85.0,10.0,2.0
2021-08-05 06:01:36,97.0,89.0,4.0,4.0
2021-08-05 06:01:37,103.0,86.0,9.0,8.0
2021-08-05 06:01:38,98.0,83.0,12.0,3.0
2021-08-05 06:01:39,108.0,98.0,6.0,4.0
2021-08-05 06:01:40,89.0,82.0,5.0,2.0
2021-08-05 06:01:41,109.0,90.0,15.0,4.0
2021-08-05 06:01:42,91.0,80.0,6.0,5.0
2021-08-05 06:01:43,94.0,86.0,3.0,5.0
2021-08-05 06:01:44,92.0,83.0,8.0,1.0
2021-08-05 06:01:45,95.0,85.0,6.0,4.0
2021-08-05 06:01:46,82.0,74.0,3.0,5.0
2021-08-05 06:01:47,102.0,96.0,1.0,5.0
2021-08-05 06:01:48,86.0,74.0,7.0,5.0
2021-08-05 06:01:49,84.0,77.0,4.0,3.0
2021-08-05 06:01:50,101.0,93.0,4.0,4.0
2021-08-05 06:01:51,96.0,80.0,7.0,9.0
2021-08-05 06:01:52,95.0,85.0,7.0,3.0
2021-08-05 06:01:53,89.0,80.0,8.0,1.0
2021-08-05 06:01:54,107.0,95.0,8.0,4.0
2021-08-05 06:01:55,97.0,90.0,5.0,2.0
2021-08-05 06:01:56,93.0,85.0,5.0,3.0
2021-08-05 06:01:57,83.0,72.0,7.0,4.0
2021-08-05 06:01:58,101.0,90.0,7.0,4.0
2021-08-05 06:01:59,113.0,102.0,7.0,4.0
2021-08-05 06:02:00,109.0,94.0,6.0,9.0
2021-08-05 06:02:01,77.0,71.0,3.0,3.0
2021-08-05 06:02:02,94.0,85.0,5.0,4.0
2021-08-05 06:02:03,90.0,80.0,6.0,4.0
2021-08-05 06:02:04,90.0,80.0,6.0,4.0
2021-08-05 06:02:05,80.0,71.0,7.0,2.0
2021-08-05 06:02:06,92.0,79.0,5.0,8.0
2021-08-05 06:02:07,104.0,92.0,9.0,3.0
2021-08-05 06:02:08,104.0,95.0,4.0,5.0
2021-08-05 06:02:09,89.0,83.0,3.0,3.0
2021-08-05 06:02:10,93.0,88.0,3.0,2.0
2021-08-05 06:02:11,94.0,82.0,7.0,5.0
2021-08-05 06:02:12,100.0,87.0,7.0,6.0
2021-08-05 06:02:13,109.0,100.0,7.0,2.0
2021-08-05 06:02:14,98.0,88.0,9.0,1.0
2021-08-05 06:02:15,96.0,87.0,5.0,4.0
2021-08-05 06:02:16,92.0,84.0,3.0,5.0
2021-08-05 06:02:17,97.0,88.0,5.0,4.0
2021-08-05 06:02:18,78.0,70.0,5.0,3.0
2021-08-05 06:02:19,92.0,82.0,4.0,6.0
2021-08-05 06:02:20,89.0,75.0,10.0,4.0
2021-08-05 06:02:21,105.0,94.0,5.0,6.0
2021-08-05 06:02:22,83.0,79.0,3.0,1.0
2021-08-05 06:02:23,102.0,91.0,4.0,7.0
2021-08-05 06:02:24,94.0,91.0,1.0,2.0
2021-08-05 06:02:25,93.0,85.0,5.0,3.0
2021-08-05 06:02:26,94.0,86.0,5.0,3.0
2021-08-05 06:02:27,87.0,77.0,6.0,4.0
2021-08-05 06:02:28,91.0,84.0,5.0,2.0
2021-08-05 06:02:29,94.0,82.0,4.0,8.0
2021-08-05 06:02:30,104.0,95.0,5.0,4.0
2021-08-05 06:02:31,82.0,74.0,7.0,1.0
2021-08-05 06:02:32,92.0,77.0,9.0,6.0
2021-08-05 06:02:33,85.0,73.0,5.0,7.0
2021-08-05 06:02:34,88.0,77.0,5.0,6.0
2021-08-05 06:02:35,107.0,91.0,8.0,8.0
2021-08-05 06:02:36,80.0,67.0,9.0,4.0
2021-08-05 06:02:37,82.0,76.0,1.0,5.0
2021-08-05 06:02:38,83.0,75.0,4.0,4.0
2021-08-05 06:02:39,102.0,87.0,12.0,3.0
2021-08-05 06:02:40,102.0,92.0,7.0,3.0
2021-08-05 06:02:41,85.0,77.0,4.0,4.0
2021-08-05 06:02:42,87.0,83.0,2.0,2.0
2021-08-05 06:02:43,120.0,110.0,9.0,1.0
2021-08-05 06:02:44,87.0,75.0,8.0,4.0
2021-08-05 06:02:45,71.0,62.0,5.0,4.0
2021-08-05 06:02:46,110.0,103.0,4.0,3.0
2021-08-05 06:02:47,97.0,80.0,9.0,8.0
2021-08-05 06:02:48,89.0,79.0,6.0,4.0
2021-08-05 06:02:49,108.0,97.0,7.0,4.0
2021-08-05 06:02:50,107.0,99.0,6.0,2.0
2021-08-05 06:02:51,109.0,100.0,7.0,2.0
2021-08-05 06:02:52,86.0,76.0,4.0,6.0
2021-08-05 06:02:53,107.0,97.0,6.0,4.0
2021-08-05 06:02:54,95.0,84.0,7.0,4.0
2021-08-05 06:02:55,103.0,92.0,6.0,5.0
2021-08-05 06:02:56,105.0,97.0,6.0,2.0
2021-08-05 06:02:57,89.0,83.0,3.0,3.0
2021-08-05 06:02:58,88.0,78.0,6.0,4.0
2021-08-05 06:02:59,97.0,81.0,9.0,7.0
2021-08-05 06:03:00,108.0,99.0,6.0,3.0
2021-08-05 06:03:01,100.0,89.0,9.0,2.0
2021-08-05 06:03:02,104.0,93.0,7.0,4.0
2021-08-05 06:03:03,114.0,98.0,7.0,9.0
2021-08-05 06:03:04,86.0,75.0,6.0,5.0
2021-08-05 06:03:05,89.0,79.0,6.0,4.0
2021-08-05 06:03:06,99.0,90.0,5.0,4.0
2021-08-05 06:03:07,87.0,77.0,7.0,3.0
2021-08-05 06:03:08,90.0,82.0,4.0,4.0
2021-08-05 06:03:09,110.0,92.0,8.0,10.0
2021-08-05 06:03:10,105.0,89.0,9.0,7.0
2021-08-05 06:03:11,75.0,65.0,8.0,2.0
2021-08-05 06:03:12,98.0,89.0,5.0,4.0
2021-08-05 06:03:13,97.0,87.0,7.0,3.0
2021-08-05 06:03:14,89.0,79.0,5.0,5.0
2021-08-05 06:03:15,80.0,71.0,7.0,2.0
2021-08-05 06:03:16,84.0,77.0,5.0,2.0
2021-08-05 06:03:17,104.0,89.0,9.0,6.0
2021-08-05 06:03:18,103.0,96.0,2.0,5.0
2021-08-05 06:03:19,90.0,80.0,3.0,7.0
2021-08-05 06:03:20,112.0,101.0,9.0,2.0
2021-08-05 06:03:21,91.0,82.0,7.0,2.0
2021-08-05 06:03:22,100.0,86.0,8.0,6.0
2021-08-05 06:03:23,101.0,90.0,7.0,4.0
2021-08-05 06:03:24,94.0,84.0,5.0,5.0
2021-08-05 06:03:25,82.0,72.0,8.0,2.0
2021-08-05 06:03:26,91.0,80.0,6.0,5.0
2021-08-05 06:03:27,105.0,94.0,8.0,3.0
2021-08-05 06:03:28,86.0,75.0,8.0,3.0
2021-08-05 06:03:29,103.0,87.0,9.0,7.0
2021-08-05 06:03:30,103.0,95.0,5.0,3.0
2021-08-05 06:03:31,115.0,93.0,13.0,9.0
2021-08-05 06:03:32,98.0,89.0,7.0,2.0
2021-08-05 06:03:33,92.0,86.0,3.0,3.0
2021-08-05 06:03:34,91.0,73.0,9.0,9.0
2021-08-05 06:03:35,91.0,78.0,9.0,4.0
2021-08-05 06:03:36,93.0,80.0,7.0,6.0
2021-08-05 06:03:37,90.0,84.0,3.0,3.0
2021-08-05 06:03:38,101.0,91.0,6.0,4.0
2021-08-05 06:03:39,93.0,82.0,7.0,4.0
2021-08-05 06:03:40,91.0,78.0,8.0,5.0
2021-08-05 06:03:41,94.0,84.0,6.0,4.0
2021-08-05 06:03:42,86.0,77.0,4.0,5.0
2021-08-05 06:03:43,109.0,95.0,9.0,5.0
2021-08-05 06:03:44,82.0,74.0,7.0,1.0
2021-08-05 06:03:45,93.0,83.0,9.0,1.0
2021-08-05 06:03:46,101.0,81.0,10.0,10.0
2021-08-05 06:03:47,82.0,75.0,4.0,3.0
2021-08-05 06:03:48,94.0,86.0,5.0,3.0
2021-08-05 06:03:49,92.0,79.0,10.0,3.0
2021-08-05 06:03:50,90.0,80.0,9.0,1.0
2021-08-05 06:03:51,81.0,74.0,4.0,3.0
2021-08-05 06:03:52,101.0,88.0,8.0,5.0
2021-08-05 06:03:53,83.0,73.0,8.0,2.0
2021-08-05 06:03:54,98.0,89.0,5.0,4.0
2021-08-05 06:03:55,106.0,94.0,6.0,6.0
2021-08-05 06:03:56,99.0,85.0,7.0,7.0
2021-08-05 06:03:57,96.0,80.0,13.0,3.0
2021-08-05 06:03:58,96.0,88.0,4.0,4.0
2021-08-05 06:03:59,96.0,88.0,6.0,2.0
2021-08-05 06:04:00,98.0,86.0,7.0,5.0
2021-08-05 06:04:01,104.0,93.0,8.0,3.0
2021-08-05 06:04:02,95.0,86.0,8.0,1.0
2021-08-05 06:04:03,104.0,91.0,7.0,6.0
2021-08-05 06:04:04,99.0,91.0,4.0,4.0
2021-08-05 06:04:05,104.0,90.0,8.0,6.0
2021-08-05 06:04:06,111.0,97.0,6.0,8.0
2021-08-05 06:04:07,88.0,80.0,4.0,4.0
2021-08-05 06:04:08,106.0,94.0,8.0,4.0
2021-08-05 06:04:09,86.0,72.0,4.0,10.0
2021-08-05 06:04:10,106.0,97.0,4.0,5.0
2021-08-05 06:04:11,95.0,91.0,2.0,2.0
2021-08-05 06:04:12,97.0,85.0,7.0,5.0
2021-08-05 06:04:13,93.0,85.0,4.0,4.0
2021-08-05 06:04:14,107.0,91.0,11.0,5.0
2021-08-05 06:04:15,87.0,81.0,3.0,3.0
2021-08-05 06:04:16,86.0,78.0,6.0,2.0
2021-08-05 06:04:17,88.0,75.0,9.0,4.0
2021-08-05 06:04:18,85.0,80.0,4.0,1.0
2021-08-05 06:04:19,89.0,80.0,5.0,4.0
2021-08-05 06:04:20,95.0,83.0,7.0,5.0
2021-08-05 06:04:21,88.0,81.0,3.0,4.0
2021-08-05 06:04:22,105.0,96.0,6.0,3.0
2021-08-05 06:04:23,102.0,91.0,7.0,4.0
2021-08-05 06:04:24,107.0,96.0,8.0,3.0
2021-08-05 06:04:25,110.0,100.0,5.0,5.0
2021-08-05 06:04:26,84.0,75.0,7.0,2.0
2021-08-05 06:04:27,93.0,89.0,3.0,1.0
2021-08-05 06:04:28,86.0,76.0,7.0,3.0
2021-08-05 06:04:29,115.0,107.0,5.0,3.0
2021-08-05 06:04:30,110.0,96.0,11.0,3.0
2021-08-05 06:04:31,101.0,95.0,4.0,2.0
2021-08-05 06:04:32,103.0,88.0,11.0,4.0
2021-08-05 06:04:33,96.0,89.0,2.0,5.0
2021-08-05 06:04:34,93.0,82.0,8.0,3.0
2021-08-05 06:04:35,107.0,96.0,10.0,1.0
2021-08-05 06:04:36,93.0,81.0,8.0,4.0
2021-08-05 06:04:37,98.0,88.0,5.0,5.0
2021-08-05 06:04:38,106.0,96.0,9.0,1.0
2021-08-05 06:04:39,102.0,95.0,4.0,3.0
2021-08-05 06:04:40,86.0,78.0,4.0,4.0
2021-08-05 06:04:41,104.0,92.0,9.0,3.0
2021-08-05 06:04:42,82.0,72.0,4.0,6.0
2021-08-05 06:04:43,102.0,88.0,7.0,7.0
2021-08-05 06:04:44,91.0,76.0,11.0,4.0
2021-08-05 06:04:45,99.0,93.0,6.0,0.0
2021-08-05 06:04:46,80.0,72.0,4.0,4.0
2021-08-05 06:04:47,106.0,97.0,6.0,3.0
2021-08-05 06:04:48,100.0,81.0,10.0,9.0
2021-08-05 06:04:49,98.0,85.0,5.0,8.0
2021-08-05 06:04:50,96.0,91.0,4.0,1.0
2021-08-05 06:04:51,108.0,97.0,7.0,4.0
2021-08-05 06:04:52,105.0,95.0,8.0,2.0
2021-08-05 06:04:53,100.0,80.0,12.0,8.0
2021-08-05 06:04:54,81.0,72.0,4.0,5.0
2021-08-05 06:04:55,94.0,86.0,8.0,0.0
2021-08-05 06:04:56,101.0,93.0,5.0,3.0
2021-08-05 06:04:57,91.0,81.0,3.0,7.0
2021-08-05 06:04:58,104.0,87.0,7.0,10.0
2021-08-05 06:04:59,82.0,71.0,7.0,4.0
2021-08-05 06:05:00,110.0,91.0,11.0,8.0
2021-08-05 06:05:01,95.0,82.0,9.0,4.0
2021-08-05 06:05:02,99.0,92.0,3.0,4.0
2021-08-05 06:05:03,100.0,92.0,4.0,4.0
2021-08-05 06:05:04,80.0,67.0,6.0,7.0
2021-08-05 06:05:05,95.0,88.0,3.0,4.0
2021-08-05 06:05:06,94.0,84.0,6.0,4.0
2021-08-05 06:05:07,101.0,88.0,7.0,6.0
2021-08-05 06:05:08,97.0,89.0,6.0,2.0
2021-08-05 06:05:09,99.0,87.0,8.0,4.0
2021-08-05 06:05:10,86.0,74.0,6.0,6.0
2021-08-05 06:05:11,98.0,92.0,4.0,2.0
2021-08-05 06:05:12,86.0,77.0,5.0,4.0
2021-08-05 06:05:13,99.0,91.0,8.0,0.0
2021-08-05 06:05:14,85.0,76.0,7.0,2.0
2021-08-05 06:05:15,103.0,91.0,7.0,5.0
2021-08-05 06:05:16,91.0,81.0,6.0,4.0
2021-08-05 06:05:17,84.0,74.0,6.0,4.0
2021-08-05 06:05:18,91.0,83.0,5.0,3.0
2021-08-05 06:05:19,87.0,73.0,9.0,5.0
2021-08-05 06:05:20,94.0,83.0,5.0,6.0
2021-08-05 06:05:21,95.0,78.0,12.0,5.0
2021-08-05 06:05:22,94.0,83.0,7.0,4.0
2021-08-05 06:05:23,98.0,85.0,7.0,6.0
2021-08-05 06:05:24,111.0,108.0,2.0,1.0
2021-08-05 06:05:25,101.0,92.0,5.0,4.0
2021-08-05 06:05:26,88.0,83.0,2.0,3.0
2021-08-05 06:05:27,108.0,99.0,7.0,2.0
2021-08-05 06:05:28,89.0,76.0,8.0,5.0
2021-08-05 06:05:29,102.0,84.0,7.0,11.0
2021-08-05 06:05:30,98.0,88.0,5.0,5.0
2021-08-05 06:05:31,98.0,83.0,11.0,4.0
2021-08-05 06:05:32,94.0,78.0,12.0,4.0
2021-08-05 06:05:33,89.0,79.0,7.0,3.0
2021-08-05 06:05:34,88.0,77.0,5.0,6.0
2021-08-05 06:05:35,104.0,90.0,9.0,5.0
2021-08-05 06:05:36,86.0,80.0,2.0,4.0
2021-08-05 06:05:37,103.0,92.0,6.0,5.0
2021-08-05 06:05:38,100.0,89.0,6.0,5.0
2021-08-05 06:05:39,100.0,90.0,4.0,6.0
2021-08-05 06:05:40,85.0,75.0,6.0,4.0
2021-08-05 06:05:41,83.0,78.0,3.0,2.0
2021-08-05 06:05:42,103.0,92.0,6.0,5.0
2021-08-05 06:05:43,95.0,87.0,4.0,4.0
2021-08-05 06:05:44,99.0,88.0,8.0,3.0
2021-08-05 06:05:45,95.0,88.0,2.0,5.0
2021-08-05 06:05:46,112.0,95.0,8.0,9.0
2021-08-05 06:05:47,89.0,76.0,7.0,6.0
2021-08-05 06:05:48,88.0,78.0,6.0,4.0
2021-08-05 06:05:49,100.0,88.0,6.0,6.0
2021-08-05 06:05:50,79.0,68.0,7.0,4.0
2021-08-05 06:05:51,88.0,79.0,6.0,3.0
2021-08-05 06:05:52,94.0,76.0,12.0,6.0
2021-08-05 06:05:53,97.0,83.0,7.0,7.0
2021-08-05 06:05:54,107.0,94.0,7.0,6.0
2021-08-05 06:05:55,96.0,84.0,9.0,3.0
2021-08-05 06:05:56,109.0,95.0,9.0,5.0
2021-08-05 06:05:57,95.0,86.0,3.0,6.0
2021-08-05 06:05:58,91.0,86.0,2.0,3.0
2021-08-05 06:05:59,87.0,73.0,10.0,4.0
2021-08-05 06:06:00,90.0,80.0,7.0,3.0
2021-08-05 06:06:01,92.0,81.0,6.0,5.0
2021-08-05 06:06:02,96.0,84.0,5.0,7.0
2021-08-05 06:06:03,119.0,103.0,11.0,5.0
2021-08-05 06:06:04,106.0,95.0,5.0,6.0
2021-08-05 06:06:05,97.0,87.0,5.0,5.0
2021-08-05 06:06:06,105.0,92.0,7.0,6.0
2021-08-05 06:06:07,106.0,94.0,9.0,3.0
2021-08-05 06:06:08,89.0,82.0,6.0,1.0
2021-08-05 06:06:09,113.0,101.0,9.0,3.0
2021-08-05 06:06:10,91.0,86.0,2.0,3.0
2021-08-05 06:06:11,95.0,88.0,4.0,3.0
2021-08-05 06:06:12,95.0,85.0,4.0,6.0
2021-08-05 06:06:13,90.0,80.0,4.0,6.0
2021-08-05 06:06:14,102.0,86.0,11.0,5.0
2021-08-05 06:06:15,81.0,75.0,4.0,2.0
2021-08-05 06:06:16,90.0,80.0,6.0,4.0
2021-08-05 06:06:17,87.0,75.0,8.0,4.0
2021-08-05 06:06:18,82.0,74.0,6.0,2.0
2021-08-05 06:06:19,85.0,74.0,6.0,5.0
2021-08-05 06:06:20,90.0,76.0,8.0,6.0
2021-08-05 06:06:21,99.0,90.0,4.0,5.0
2021-08-05 06:06:22,100.0,89.0,9.0,2.0
2021-08-05 06:06:23,113.0,99.0,10.0,4.0
2021-08-05 06:06:24,83.0,70.0,6.0,7.0
2021-08-05 06:06:25,81.0,75.0,5.0,1.0
2021-08-05 06:06:26,99.0,90.0,6.0,3.0
2021-08-05 06:06:27,110.0,99.0,7.0,4.0
2021-08-05 06:06:28,103.0,98.0,1.0,4.0
2021-08-05 06:06:29,95.0,90.0,3.0,2.0
2021-08-05 06:06:30,108.0,93.0,10.0,5.0
2021-08-05 06:06:31,80.0,69.0,5.0,6.0
2021-08-05 06:06:32,107.0,97.0,8.0,2.0
2021-08-05 06:06:33,101.0,85.0,10.0,6.0
2021-08-05 06:06:34,98.0,87.0,7.0,4.0
2021-08-05 06:06:35,99.0,87.0,9.0,3.0
2021-08-05 06:06:36,98.0,94.0,3.0,1.0
2021-08-05 06:06:37,88.0,76.0,7.0,5.0
2021-08-05 06:06:38,90.0,76.0,8.0,6.0
2021-08-05 06:06:39,97.0,93.0,2.0,2.0
2021-08-05 06:06:40,101.0,92.0,5.0,4.0
2021-08-05 06:06:41,89.0,76.0,9.0,4.0
2021-08-05 06:06:42,113.0,106.0,4.0,3.0
2021-08-05 06:06:43,102.0,85.0,13.0,4.0
2021-08-05 06:06:44,81.0,74.0,3.0,4.0
2021-08-05 06:06:45,110.0,96.0,6.0,8.0
2021-08-05 06:06:46,99.0,87.0,7.0,5.0
2021-08-05 06:06:47,97.0,87.0,6.0,4.0
2021-08-05 06:06:48,83.0,72.0,10.0,1.0
2021-08-05 06:06:49,92.0,78.0,7.0,7.0
2021-08-05 06:06:50,100.0,88.0,7.0,5.0
2021-08-05 06:06:51,82.0,76.0,4.0,2.0
2021-08-05 06:06:52,81.0,73.0,6.0,2.0
2021-08-05 06:06:53,113.0,104.0,6.0,3.0
2021-08-05 06:06:54,87.0,79.0,4.0,4.0
2021-08-05 06:06:55,112.0,102.0,8.0,2.0
2021-08-05 06:06:56,69.0,64.0,3.0,2.0
2021-08-05 06:06:57,107.0,98.0,5.0,4.0
2021-08-05 06:06:58,90.0,78.0,11.0,1.0
2021-08-05 06:06:59,93.0,75.0,7.0,11.0
2021-08-05 06:07:00,85.0,76.0,3.0,6.0
2021-08-05 06:07:01,94.0,80.0,9.0,5.0
2021-08-05 06:07:02,89.0,85.0,3.0,1.0
2021-08-05 06:07:03,82.0,73.0,5.0,4.0
2021-08-05 06:07:04,100.0,84.0,8.0,8.0
2021-08-05 06:07:05,83.0,69.0,10.0,4.0
2021-08-05 06:07:06,96.0,85.0,6.0,5.0
2021-08-05 06:07:07,87.0,78.0,3.0,6.0
2021-08-05 06:07:08,110.0,97.0,11.0,2.0
2021-08-05 06:07:09,93.0,84.0,5.0,4.0
2021-08-05 06:07:10,84.0,73.0,5.0,6.0
2021-08-05 06:07:11,97.0,87.0,7.0,3.0
2021-08-05 06:07:12,95.0,83.0,5.0,7.0
2021-08-05 06:07:13,111.0,95.0,5.0,11.0
2021-08-05 06:07:14,83.0,72.0,8.0,3.0
2021-08-05 06:07:15,85.0,79.0,3.0,3.0
2021-08-05 06:07:16,86.0,76.0,5.0,5.0
2021-08-05 06:07:17,99.0,83.0,10.0,6.0
2021-08-05 06:07:18,74.0,67.0,3.0,4.0
2021-08-05 06:07:19,104.0,91.0,7.0,6.0
2021-08-05 06:07:20,81.0,70.0,4.0,7.0
2021-08-05 06:07:21,109.0,101.0,7.0,1.0
2021-08-05 06:07:22,100.0,88.0,7.0,5.0
2021-08-05 06:07:23,85.0,78.0,4.0,3.0
2021-08-05 06:07:24,99.0,90.0,6.0,3.0
2021-08-05 06:07:25,89.0,81.0,4.0,4.0
2021-08-05 06:07:26,96.0,86.0,7.0,3.0
2021-08-05 06:07:27,89.0,77.0,8.0,4.0
2021-08-05 06:07:28,114.0,105.0,6.0,3.0
2021-08-05 06:07:29,96.0,81.0,9.0,6.0
2021-08-05 06:07:30,103.0,86.0,11.0,6.0
2021-08-05 06:07:31,101.0,92.0,6.0,3.0
2021-08-05 06:07:32,107.0,96.0,7.0,4.0
2021-08-05 06:07:33,96.0,79.0,12.0,5.0
2021-08-05 06:07:34,87.0,81.0,6.0,0.0
2021-08-05 06:07:35,89.0,80.0,4.0,5.0
2021-08-05 06:07:36,92.0,76.0,6.0,10.0
2021-08-05 06:07:37,108.0,94.0,11.0,3.0
2021-08-05 06:07:38,96.0,86.0,7.0,3.0
2021-08-05 06:07:39,87.0,83.0,2.0,2.0
2021-08-05 06:07:40,87.0,81.0,3.0,3.0
2021-08-05 06:07:41,97.0,85.0,9.0,3.0
2021-08-05 06:07:42,112.0,100.0,9.0,3.0
2021-08-05 06:07:43,95.0,85.0,8.0,2.0
2021-08-05 06:07:44,93.0,85.0,4.0,4.0
2021-08-05 06:07:45,87.0,80.0,5.0,2.0
2021-08-05 06:07:46,96.0,84.0,6.0,6.0
2021-08-05 06:07:47,103.0,93.0,7.0,3.0
2021-08-05 06:07:48,92.0,79.0,10.0,3.0
2021-08-05 06:07:49,112.0,97.0,10.0,5.0
2021-08-05 06:07:50,106.0,95.0,8.0,3.0
2021-08-05 06:07:51,95.0,82.0,8.0,5.0
2021-08-05 06:07:52,97.0,87.0,4.0,6.0
2021-08-05 06:07:53,103.0,90.0,10.0,3.0
2021-08-05 06:07:54,96.0,84.0,8.0,4.0
2021-08-05 06:07:55,80.0,69.0,4.0,7.0
2021-08-05 06:07:56,96.0,81.0,10.0,5.0
2021-08-05 06:07:57,109.0,101.0,5.0,3.0
2021-08-05 06:07:58,99.0,92.0,3.0,4.0
2021-08-05 06:07:59,84.0,78.0,4.0,2.0
2021-08-05 06:08:00,105.0,98.0,3.0,4.0
2021-08-05 06:08:01,115.0,99.0,12.0,4.0
2021-08-05 06:08:02,89.0,77.0,5.0,7.0
2021-08-05 06:08:03,80.0,70.0,5.0,5.0
2021-08-05 06:08:04,91.0,77.0,8.0,6.0
2021-08-05 06:08:05,96.0,86.0,7.0,3.0
2021-08-05 06:08:06,88.0,82.0,4.0,2.0
2021-08-05 06:08:07,84.0,71.0,9.0,4.0
2021-08-05 06:08:08,79.0,71.0,4.0,4.0
2021-08-05 06:08:09,104.0,93.0,5.0,6.0
2021-08-05 06:08:10,92.0,86.0,6.0,0.0
2021-08-05 06:08:11,105.0,91.0,9.0,5.0
2021-08-05 06:08:12,87.0,77.0,7.0,3.0
2021-08-05 06:08:13,105.0,97.0,4.0,4.0
2021-08-05 06:08:14,104.0,94.0,3.0,7.0
2021-08-05 06:08:15,100.0,91.0,7.0,2.0
2021-08-05 06:08:16,110.0,91.0,12.0,7.0
2021-08-05 06:08:17,87.0,80.0,4.0,3.0
2021-08-05 06:08:18,93.0,83.0,5.0,5.0
2021-08-05 06:08:19,103.0,98.0,2.0,3.0
2021-08-05 06:08:20,75.0,70.0,3.0,2.0
2021-08-05 06:08:21,93.0,79.0,8.0,6.0
2021-08-05 06:08:22,92.0,80.0,7.0,5.0
2021-08-05 06:08:23,93.0,82.0,6.0,5.0
2021-08-05 06:08:24,92.0,83.0,6.0,3.0
2021-08-05 06:08:25,105.0,90.0,10.0,5.0
2021-08-05 06:08:26,94.0,85.0,2.0,7.0
2021-08-05 06:08:27,90.0,78.0,8.0,4.0
2021-08-05 06:08:28,89.0,85.0,4.0,0.0
2021-08-05 06:08:29,98.0,84.0,7.0,7.0
2021-08-05 06:08:30,85.0,72.0,6.0,7.0
2021-08-05 06:08:31,99.0,89.0,5.0,5.0
2021-08-05 06:08:32,80.0,63.0,10.0,7.0
2021-08-05 06:08:33,86.0,77.0,5.0,4.0
2021-08-05 06:08:34,104.0,92.0,6.0,6.0
2021-08-05 06:08:35,100.0,85.0,7.0,8.0
2021-08-05 06:08:36,93.0,85.0,5.0,3.0
2021-08-05 06:08:37,97.0,83.0,7.0,7.0
2021-08-05 06:08:38,98.0,91.0,4.0,3.0
2021-08-05 06:08:39,89.0,80.0,6.0,3.0
2021-08-05 06:08:40,90.0,81.0,4.0,5.0
2021-08-05 06:08:41,97.0,82.0,9.0,6.0
2021-08-05 06:08:42,111.0,100.0,8.0,3.0
2021-08-05 06:08:43,111.0,102.0,8.0,1.0
2021-08-05 06:08:44,95.0,80.0,5.0,10.0
2021-08-05 06:08:45,87.0,75.0,8.0,4.0
2021-08-05 06:08:46,97.0,89.0,4.0,4.0
2021-08-05 06:08:47,102.0,87.0,11.0,4.0
2021-08-05 06:08:48,87.0,75.0,6.0,6.0
2021-08-05 06:08:49,96.0,83.0,6.0,7.0
2021-08-05 06:08:50,77.0,68.0,4.0,5.0
2021-08-05 06:08:51,111.0,98.0,7.0,6.0
2021-08-05 06:08:52,94.0,81.0,8.0,5.0
2021-08-05 06:08:53,103.0,90.0,9.0,4.0
2021-08-05 06:08:54,91.0,85.0,3.0,3.0
2021-08-05 06:08:55,93.0,87.0,2.0,4.0
2021-08-05 06:08:56,89.0,76.0,5.0,8.0
2021-08-05 06:08:57,104.0,90.0,10.0,4.0
2021-08-05 06:08:58,105.0,89.0,10.0,6.0
2021-08-05 06:08:59,99.0,83.0,9.0,7.0
2021-08-05 06:09:00,115.0,102.0,7.0,6.0
2021-08-05 06:09:01,94.0,85.0,6.0,3.0
2021-08-05 06:09:02,77.0,70.0,4.0,3.0
2021-08-05 06:09:03,93.0,80.0,9.0,4.0
2021-08-05 06:09:04,95.0,87.0,6.0,2.0
2021-08-05 06:09:05,93.0,86.0,5.0,2.0
2021-08-05 06:09:06,94.0,77.0,10.0,7.0
2021-08-05 06:09:07,102.0,88.0,8.0,6.0
2021-08-05 06:09:08,103.0,90.0,9.0,4.0
2021-08-05 06:09:09,106.0,94.0,5.0,7.0
2021-08-05 06:09:10,93.0,82.0,6.0,5.0
2021-08-05 06:09:11,85.0,75.0,5.0,5.0
2021-08-05 06:09:12,91.0,85.0,4.0,2.0
2021-08-05 06:09:13,115.0,98.0,9.0,8.0
2021-08-05 06:09:14,115.0,105.0,8.0,2.0
2021-08-05 06:09:15,87.0,79.0,3.0,5.0
2021-08-05 06:09:16,115.0,98.0,11.0,6.0
2021-08-05 06:09:17,100.0,91.0,6.0,3.0
2021-08-05 06:09:18,109.0,94.0,12.0,3.0
2021-08-05 06:09:19,109.0,94.0,8.0,7.0
2021-08-05 06:09:20,105.0,97.0,7.0,1.0
2021-08-05 06:09:21,100.0,88.0,9.0,3.0
2021-08-05 06:09:22,92.0,80.0,6.0,6.0
2021-08-05 06:09:23,78.0,69.0,7.0,2.0
2021-08-05 06:09:24,106.0,97.0,7.0,2.0
2021-08-05 06:09:25,102.0,91.0,7.0,4.0
2021-08-05 06:09:26,102.0,90.0,5.0,7.0
2021-08-05 06:09:27,91.0,82.0,8.0,1.0
2021-08-05 06:09:28,105.0,90.0,11.0,4.0
2021-08-05 06:09:29,102.0,89.0,8.0,5.0
2021-08-05 06:09:30,94.0,83.0,5.0,6.0
2021-08-05 06:09:31,86.0,81.0,4.0,1.0
2021-08-05 06:09:32,105.0,98.0,6.0,1.0
2021-08-05 06:09:33,93.0,81.0,9.0,3.0
2021-08-05 06:09:34,92.0,75.0,9.0,8.0
2021-08-05 06:09:35,110.0,96.0,8.0,6.0
2021-08-05 06:09:36,113.0,105.0,3.0,5.0
2021-08-05 06:09:37,94.0,81.0,8.0,5.0
2021-08-05 06:09:38,95.0,84.0,5.0,6.0
2021-08-05 06:09:39,99.0,83.0,8.0,8.0
2021-08-05 06:09:40,80.0,70.0,3.0,7.0
2021-08-05 06:09:41,113.0,106.0,4.0,3.0
2021-08-05 06:09:42,80.0,67.0,5.0,8.0
2021-08-05 06:09:43,99.0,85.0,7.0,7.0
2021-08-05 06:09:44,95.0,85.0,6.0,4.0
2021-08-05 06:09:45,81.0,77.0,3.0,1.0
2021-08-05 06:09:46,99.0,83.0,12.0,4.0
2021-08-05 06:09:47,93.0,81.0,6.0,6.0
2021-08-05 06:09:48,85.0,73.0,9.0,3.0
2021-08-05 06:09:49,105.0,93.0,6.0,6.0
2021-08-05 06:09:50,103.0,91.0,7.0,5.0
2021-08-05 06:09:51,98.0,86.0,7.0,5.0
2021-08-05 06:09:52,88.0,80.0,5.0,3.0
2021-08-05 06:09:53,99.0,91.0,4.0,4.0
2021-08-05 06:09:54,88.0,87.0,1.0,0.0
2021-08-05 06:09:55,98.0,84.0,8.0,6.0
2021-08-05 06:09:56,94.0,81.0,9.0,4.0
2021-08-05 06:09:57,90.0,79.0,7.0,4.0
2021-08-05 06:09:58,106.0,92.0,8.0,6.0
2021-08-05 06:09:59,87.0,71.0,9.0,7.0
2021-08-05 06:10:00,94.0,87.0,5.0,2.0
2021-08-05 06:10:01,91.0,80.0,9.0,2.0
2021-08-05 06:10:02,109.0,102.0,6.0,1.0
2021-08-05 06:10:03,94.0,85.0,5.0,4.0
2021-08-05 06:10:04,95.0,85.0,5.0,5.0
2021-08-05 06:10:05,89.0,79.0,8.0,2.0
2021-08-05 06:10:06,121.0,109.0,9.0,3.0
2021-08-05 06:10:07,89.0,81.0,5.0,3.0
2021-08-05 06:10:08,104.0,89.0,6.0,9.0
2021-08-05 06:10:09,88.0,80.0,4.0,4.0
2021-08-05 06:10:10,93.0,83.0,6.0,4.0
2021-08-05 06:10:11,86.0,80.0,2.0,4.0
2021-08-05 06:10:12,113.0,101.0,7.0,5.0
2021-08-05 06:10:13,93.0,81.0,8.0,4.0
2021-08-05 06:10:14,103.0,91.0,8.0,4.0
2021-08-05 06:10:15,93.0,80.0,8.0,5.0
2021-08-05 06:10:16,100.0,95.0,4.0,1.0
2021-08-05 06:10:17,86.0,76.0,7.0,3.0
2021-08-05 06:10:18,99.0,90.0,5.0,4.0
2021-08-05 06:10:19,85.0,69.0,9.0,7.0
2021-08-05 06:10:20,106.0,96.0,7.0,3.0
2021-08-05 06:10:21,80.0,72.0,4.0,4.0
2021-08-05 06:10:22,79.0,73.0,4.0,2.0
2021-08-05 06:10:23,121.0,107.0,5.0,9.0
2021-08-05 06:10:24,91.0,71.0,13.0,7.0
2021-08-05 06:10:25,70.0,63.0,3.0,4.0
2021-08-05 06:10:26,93.0,85.0,3.0,5.0
2021-08-05 06:10:27,104.0,99.0,4.0,1.0
2021-08-05 06:10:28,73.0,63.0,4.0,6.0
2021-08-05 06:10:29,91.0,81.0,5.0,5.0
2021-08-05 06:10:30,94.0,80.0,11.0,3.0
2021-08-05 06:10:31,111.0,105.0,2.0,4.0
2021-08-05 06:10:32,90.0,83.0,4.0,3.0
2021-08-05 06:10:33,95.0,83.0,9.0,3.0
2021-08-05 06:10:34,95.0,84.0,8.0,3.0
2021-08-05 06:10:35,108.0,95.0,10.0,3.0
2021-08-05 06:10:36,88.0,78.0,4.0,6.0
2021-08-05 06:10:37,84.0,72.0,7.0,5.0
2021-08-05 06:10:38,99.0,84.0,9.0,6.0
2021-08-05 06:10:39,85.0,72.0,11.0,2.0
2021-08-05 06:10:40,90.0,82.0,3.0,5.0
2021-08-05 06:10:41,91.0,78.0,5.0,8.0
2021-08-05 06:10:42,109.0,97.0,7.0,5.0
2021-08-05 06:10:43,101.0,91.0,6.0,4.0
2021-08-05 06:10:44,94.0,83.0,7.0,4.0
2021-08-05 06:10:45,112.0,99.0,11.0,2.0
2021-08-05 06:10:46,92.0,88.0,1.0,3.0
2021-08-05 06:10:47,81.0,74.0,2.0,5.0
2021-08-05 06:10:48,100.0,90.0,5.0,5.0
2021-08-05 06:10:49,80.0,74.0,4.0,2.0
2021-08-05 06:10:50,97.0,88.0,5.0,4.0
2021-08-05 06:10:51,106.0,93.0,9.0,4.0
2021-08-05 06:10:52,84.0,66.0,10.0,8.0
2021-08-05 06:10:53,106.0,100.0,3.0,3.0
2021-08-05 06:10:54,92.0,77.0,6.0,9.0
2021-08-05 06:10:55,95.0,87.0,6.0,2.0
2021-08-05 06:10:56,100.0,93.0,4.0,3.0
2021-08-05 06:10:57,103.0,91.0,5.0,7.0
2021-08-05 06:10:58,104.0,90.0,7.0,7.0
2021-08-05 06:10:59,87.0,76.0,8.0,3.0
2021-08-05 06:11:00,88.0,79.0,5.0,4.0
2021-08-05 06:11:01,103.0,91.0,7.0,5.0
2021-08-05 06:11:02,90.0,81.0,3.0,6.0
2021-08-05 06:11:03,108.0,94.0,11.0,3.0
2021-08-05 06:11:04,107.0,93.0,7.0,7.0
2021-08-05 06:11:05,85.0,74.0,6.0,5.0
2021-08-05 06:11:06,97.0,86.0,6.0,5.0
2021-08-05 06:11:07,97.0,83.0,7.0,7.0
2021-08-05 06:11:08,109.0,100.0,6.0,3.0
2021-08-05 06:11:09,90.0,78.0,10.0,2.0
2021-08-05 06:11:10,77.0,65.0,5.0,7.0
2021-08-05 06:11:11,106.0,94.0,7.0,5.0
2021-08-05 06:11:12,83.0,70.0,7.0,6.0
2021-08-05 06:11:13,95.0,86.0,5.0,4.0
2021-08-05 06:11:14,86.0,75.0,6.0,5.0
2021-08-05 06:11:15,91.0,84.0,3.0,4.0
2021-08-05 06:11:16,106.0,94.0,5.0,7.0
2021-08-05 06:11:17,99.0,82.0,9.0,8.0
2021-08-05 06:11:18,92.0,81.0,6.0,5.0
2021-08-05 06:11:19,85.0,75.0,4.0,6.0
2021-08-05 06:11:20,95.0,83.0,7.0,5.0
2021-08-05 06:11:21,87.0,81.0,2.0,4.0
2021-08-05 06:11:22,119.0,107.0,9.0,3.0
2021-08-05 06:11:23,102.0,92.0,3.0,7.0
2021-08-05 06:11:24,79.0,66.0,8.0,5.0
2021-08-05 06:11:25,90.0,78.0,5.0,7.0
2021-08-05 06:11:26,89.0,78.0,8.0,3.0
2021-08-05 06:11:27,101.0,93.0,2.0,6.0
2021-08-05 06:11:28,91.0,81.0,6.0,4.0
2021-08-05 06:11:29,98.0,86.0,9.0,3.0
2021-08-05 06:11:30,82.0,70.0,6.0,6.0
2021-08-05 06:11:31,108.0,98.0,3.0,7.0
2021-08-05 06:11:32,98.0,87.0,7.0,4.0
2021-08-05 06:11:33,97.0,83.0,7.0,7.0
2021-08-05 06:11:34,96.0,89.0,5.0,2.0
2021-08-05 06:11:35,77.0,69.0,2.0,6.0
2021-08-05 06:11:36,95.0,85.0,5.0,5.0
2021-08-05 06:11:37,88.0,80.0,4.0,4.0
2021-08-05 06:11:38,88.0,75.0,9.0,4.0
2021-08-05 06:11:39,91.0,84.0,6.0,1.0
2021-08-05 06:11:40,99.0,90.0,5.0,4.0
2021-08-05 06:11:41,91.0,83.0,5.0,3.0
2021-08-05 06:11:42,80.0,76.0,3.0,1.0
2021-08-05 06:11:43,100.0,88.0,7.0,5.0
2021-08-05 06:11:44,96.0,84.0,7.0,5.0
2021-08-05 06:11:45,88.0,80.0,4.0,4.0
2021-08-05 06:11:46,96.0,82.0,11.0,3.0
2021-08-05 06:11:47,100.0,95.0,4.0,1.0
2021-08-05 06:11:48,96.0,82.0,8.0,6.0
2021-08-05 06:11:49,105.0,95.0,9.0,1.0
2021-08-05 06:11:50,86.0,79.0,4.0,3.0
2021-08-05 06:11:51,99.0,92.0,6.0,1.0
2021-08-05 06:11:52,93.0,83.0,6.0,4.0
2021-08-05 06:11:53,90.0,82.0,7.0,1.0
2021-08-05 06:11:54,98.0,93.0,2.0,3.0
2021-08-05 06:11:55,100.0,87.0,5.0,8.0
2021-08-05 06:11:56,95.0,81.0,7.0,7.0
2021-08-05 06:11:57,109.0,100.0,5.0,4.0
2021-08-05 06:11:58,76.0,65.0,6.0,5.0
2021-08-05 06:11:59,81.0,68.0,6.0,7.0
2021-08-05 06:12:00,98.0,94.0,3.0,1.0
2021-08-05 06:12:01,100.0,91.0,5.0,4.0
2021-08-05 06:12:02,87.0,77.0,6.0,4.0
2021-08-05 06:12:03,89.0,78.0,4.0,7.0
2021-08-05 06:12:04,83.0,74.0,7.0,2.0
2021-08-05 06:12:05,90.0,81.0,5.0,4.0
2021-08-05 06:12:06,107.0,101.0,5.0,1.0
2021-08-05 06:12:07,106.0,93.0,7.0,6.0
2021-08-05 06:12:08,109.0,101.0,3.0,5.0
2021-08-05 06:12:09,100.0,89.0,3.0,8.0
2021-08-05 06:12:10,105.0,88.0,13.0,4.0
2021-08-05 06:12:11,80.0,72.0,3.0,5.0
2021-08-05 06:12:12,93.0,82.0,6.0,5.0
2021-08-05 06:12:13,88.0,78.0,4.0,6.0
2021-08-05 06:12:14,92.0,83.0,8.0,1.0
2021-08-05 06:12:15,79.0,71.0,4.0,4.0
2021-08-05 06:12:16,95.0,86.0,9.0,0.0
2021-08-05 06:12:17,86.0,73.0,8.0,5.0
2021-08-05 06:12:18,106.0,97.0,2.0,7.0
2021-08-05 06:12:19,89.0,78.0,6.0,5.0
2021-08-05 06:12:20,94.0,88.0,4.0,2.0
2021-08-05 06:12:21,89.0,78.0,6.0,5.0
2021-08-05 06:12:22,120.0,108.0,5.0,7.0
2021-08-05 06:12:23,96.0,87.0,6.0,3.0
2021-08-05 06:12:24,99.0,82.0,9.0,8.0
2021-08-05 06:12:25,78.0,64.0,9.0,5.0
2021-08-05 06:12:26,96.0,85.0,8.0,3.0
2021-08-05 06:12:27,87.0,74.0,9.0,4.0
2021-08-05 06:12:28,76.0,66.0,6.0,4.0
2021-08-05 06:12:29,81.0,71.0,4.0,6.0
2021-08-05 06:12:30,87.0,81.0,4.0,2.0
2021-08-05 06:12:31,75.0,69.0,5.0,1.0
2021-08-05 06:12:32,100.0,93.0,6.0,1.0
2021-08-05 06:12:33,92.0,86.0,4.0,2.0
2021-08-05 06:12:34,109.0,103.0,4.0,2.0
2021-08-05 06:12:35,86.0,79.0,3.0,4.0
2021-08-05 06:12:36,88.0,76.0,7.0,5.0
2021-08-05 06:12:37,88.0,74.0,7.0,7.0
2021-08-05 06:12:38,102.0,92.0,7.0,3.0
2021-08-05 06:12:39,94.0,86.0,4.0,4.0
2021-08-05 06:12:40,95.0,83.0,8.0,4.0
2021-08-05 06:12:41,98.0,91.0,4.0,3.0
2021-08-05 06:12:42,98.0,88.0,8.0,2.0
2021-08-05 06:12:43,83.0,76.0,5.0,2.0
2021-08-05 06:12:44,92.0,78.0,12.0,2.0
2021-08-05 06:12:45,94.0,86.0,2.0,6.0
2021-08-05 06:12:46,93.0,81.0,7.0,5.0
2021-08-05 06:12:47,84.0,76.0,7.0,1.0
2021-08-05 06:12:48,99.0,90.0,4.0,5.0
2021-08-05 06:12:49,104.0,92.0,9.0,3.0
2021-08-05 06:12:50,97.0,92.0,3.0,2.0
2021-08-05 06:12:51,98.0,88.0,7.0,3.0
2021-08-05 06:12:52,109.0,96.0,9.0,4.0
2021-08-05 06:12:53,99.0,91.0,3.0,5.0
2021-08-05 06:12:54,78.0,68.0,4.0,6.0
2021-08-05 06:12:55,108.0,97.0,2.0,9.0
2021-08-05 06:12:56,96.0,84.0,5.0,7.0
2021-08-05 06:12:57,100.0,86.0,5.0,9.0
2021-08-05 06:12:58,90.0,75.0,11.0,4.0
2021-08-05 06:12:59,98.0,87.0,9.0,2.0
2021-08-05 06:13:00,97.0,82.0,9.0,6.0
2021-08-05 06:13:01,103.0,97.0,5.0,1.0
2021-08-05 06:13:02,89.0,84.0,2.0,3.0
2021-08-05 06:13:03,91.0,82.0,5.0,4.0
2021-08-05 06:13:04,106.0,94.0,10.0,2.0
2021-08-05 06:13:05,94.0,75.0,12.0,7.0
2021-08-05 06:13:06,104.0,92.0,9.0,3.0
2021-08-05 06:13:07,106.0,90.0,7.0,9.0
2021-08-05 06:13:08,74.0,64.0,8.0,2.0
2021-08-05 06:13:09,89.0,77.0,7.0,5.0
2021-08-05 06:13:10,89.0,78.0,7.0,4.0
2021-08-05 06:13:11,88.0,78.0,7.0,3.0
2021-08-05 06:13:12,89.0,79.0,5.0,5.0
2021-08-05 06:13:13,98.0,83.0,12.0,3.0
2021-08-05 06:13:14,106.0,97.0,6.0,3.0
2021-08-05 06:13:15,116.0,104.0,7.0,5.0
2021-08-05 06:13:16,92.0,84.0,5.0,3.0
2021-08-05 06:13:17,87.0,82.0,3.0,2.0
2021-08-05 06:13:18,97.0,84.0,9.0,4.0
2021-08-05 06:13:19,88.0,72.0,11.0,5.0
2021-08-05 06:13:20,91.0,77.0,3.0,11.0
2021-08-05 06:13:21,85.0,76.0,3.0,6.0
2021-08-05 06:13:22,99.0,85.0,10.0,4.0
2021-08-05 06:13:23,105.0,92.0,8.0,5.0
2021-08-05 06:13:24,89.0,77.0,8.0,4.0
2021-08-05 06:13:25,96.0,84.0,8.0,4.0
2021-08-05 06:13:26,95.0,84.0,6.0,5.0
2021-08-05 06:13:27,82.0,73.0,5.0,4.0
2021-08-05 06:13:28,86.0,76.0,7.0,3.0
2021-08-05 06:13:29,90.0,80.0,8.0,2.0
2021-08-05 06:13:30,95.0,81.0,11.0,3.0
2021-08-05 06:13:31,90.0,83.0,4.0,3.0
2021-08-05 06:13:32,72.0,67.0,4.0,1.0
2021-08-05 06:13:33,113.0,103.0,8.0,2.0
2021-08-05 06:13:34,98.0,87.0,8.0,3.0
2021-08-05 06:13:35,91.0,78.0,7.0,6.0
2021-08-05 06:13:36,105.0,98.0,3.0,4.0
2021-08-05 06:13:37,91.0,83.0,5.0,3.0
2021-08-05 06:13:38,91.0,84.0,4.0,3.0
2021-08-05 06:13:39,93.0,85.0,4.0,4.0
2021-08-05 06:13:40,90.0,71.0,13.0,6.0
2021-08-05 06:13:41,91.0,83.0,6.0,2.0
2021-08-05 06:13:42,87.0,74.0,6.0,7.0
2021-08-05 06:13:43,122.0,110.0,10.0,2.0
2021-08-05 06:13:44,101.0,85.0,5.0,11.0
2021-08-05 06:13:45,101.0,87.0,10.0,4.0
2021-08-05 06:13:46,98.0,83.0,5.0,10.0
2021-08-05 06:13:47,90.0,79.0,4.0,7.0
2021-08-05 06:13:48,86.0,80.0,4.0,2.0
2021-08-05 06:13:49,100.0,90.0,7.0,3.0
2021-08-05 06:13:50,89.0,75.0,9.0,5.0
2021-08-05 06:13:51,94.0,87.0,4.0,3.0
2021-08-05 06:13:52,91.0,83.0,6.0,2.0
2021-08-05 06:13:53,105.0,97.0,6.0,2.0
2021-08-05 06:13:54,99.0,95.0,3.0,1.0
2021-08-05 06:13:55,85.0,73.0,6.0,6.0
2021-08-05 06:13:56,103.0,97.0,2.0,4.0
2021-08-05 06:13:57,99.0,88.0,9.0,2.0
2021-08-05 06:13:58,96.0,87.0,7.0,2.0
2021-08-05 06:13:59,86.0,73.0,8.0,5.0
2021-08-05 06:14:00,93.0,83.0,7.0,3.0
2021-08-05 06:14:01,96.0,88.0,3.0,5.0
2021-08-05 06:14:02,96.0,87.0,6.0,3.0
2021-08-05 06:14:03,93.0,88.0,3.0,2.0
2021-08-05 06:14:04,88.0,82.0,4.0,2.0
2021-08-05 06:14:05,105.0,96.0,6.0,3.0
2021-08-05 06:14:06,103.0,95.0,5.0,3.0
2021-08-05 06:14:07,99.0,84.0,10.0,5.0
2021-08-05 06:14:08,93.0,83.0,6.0,4.0
2021-08-05 06:14:09,91.0,80.0,6.0,5.0
2021-08-05 06:14:10,94.0,83.0,8.0,3.0
2021-08-05 06:14:11,76.0,65.0,8.0,3.0
2021-08-05 06:14:12,104.0,90.0,9.0,5.0
2021-08-05 06:14:13,94.0,84.0,7.0,3.0
2021-08-05 06:14:14,92.0,82.0,7.0,3.0
2021-08-05 06:14:15,77.0,66.0,7.0,4.0
2021-08-05 06:14:16,93.0,85.0,5.0,3.0
2021-08-05 06:14:17,97.0,85.0,10.0,2.0
2021-08-05 06:14:18,72.0,63.0,5.0,4.0
2021-08-05 06:14:19,98.0,88.0,7.0,3.0
2021-08-05 06:14:20,107.0,99.0,6.0,2.0
2021-08-05 06:14:21,98.0,90.0,4.0,4.0
2021-08-05 06:14:22,84.0,78.0,5.0,1.0
2021-08-05 06:14:23,95.0,82.0,9.0,4.0
2021-08-05 06:14:24,90.0,80.0,6.0,4.0
2021-08-05 06:14:25,84.0,74.0,5.0,5.0
2021-08-05 06:14:26,97.0,84.0,8.0,5.0
2021-08-05 06:14:27,95.0,83.0,5.0,7.0
2021-08-05 06:14:28,101.0,94.0,4.0,3.0
2021-08-05 06:14:29,96.0,90.0,4.0,2.0
2021-08-05 06:14:30,98.0,94.0,3.0,1.0
2021-08-05 06:14:31,97.0,86.0,8.0,3.0
2021-08-05 06:14:32,95.0,79.0,9.0,7.0
2021-08-05 06:14:33,92.0,79.0,9.0,4.0
2021-08-05 06:14:34,119.0,108.0,3.0,8.0
2021-08-05 06:14:35,104.0,91.0,7.0,6.0
2021-08-05 06:14:36,106.0,93.0,8.0,5.0
2021-08-05 06:14:37,94.0,81.0,10.0,3.0
2021-08-05 06:14:38,87.0,79.0,5.0,3.0
2021-08-05 06:14:39,88.0,76.0,11.0,1.0
2021-08-05 06:14:40,85.0,74.0,8.0,3.0
2021-08-05 06:14:41,82.0,75.0,3.0,4.0
2021-08-05 06:14:42,82.0,69.0,9.0,4.0
2021-08-05 06:14:43,111.0,94.0,11.0,6.0
2021-08-05 06:14:44,91.0,80.0,7.0,4.0
2021-08-05 06:14:45,82.0,74.0,2.0,6.0
2021-08-05 06:14:46,93.0,84.0,5.0,4.0
2021-08-05 06:14:47,87.0,78.0,7.0,2.0
2021-08-05 06:14:48,89.0,77.0,5.0,7.0
2021-08-05 06:14:49,99.0,91.0,4.0,4.0
2021-08-05 06:14:50,109.0,95.0,10.0,4.0
2021-08-05 06:14:51,85.0,73.0,7.0,5.0
2021-08-05 06:14:52,112.0,101.0,4.0,7.0
2021-08-05 06:14:53,83.0,75.0,4.0,4.0
2021-08-05 06:14:54,97.0,89.0,5.0,3.0
2021-08-05 06:14:55,88.0,65.0,15.0,8.0
2021-08-05 06:14:56,93.0,80.0,7.0,6.0
2021-08-05 06:14:57,124.0,115.0,4.0,5.0
2021-08-05 06:14:58,82.0,71.0,6.0,5.0
2021-08-05 06:14:59,104.0,91.0,5.0,8.0
2021-08-05 06:15:00,111.0,100.0,8.0,3.0
2021-08-05 06:15:01,95.0,85.0,8.0,2.0
2021-08-05 06:15:02,95.0,79.0,4.0,12.0
2021-08-05 06:15:03,74.0,58.0,10.0,6.0
2021-08-05 06:15:04,106.0,93.0,12.0,1.0
2021-08-05 06:15:05,89.0,81.0,5.0,3.0
2021-08-05 06:15:06,90.0,81.0,5.0,4.0
2021-08-05 06:15:07,75.0,66.0,4.0,5.0
2021-08-05 06:15:08,98.0,89.0,7.0,2.0
2021-08-05 06:15:09,91.0,85.0,4.0,2.0
2021-08-05 06:15:10,92.0,81.0,8.0,3.0
2021-08-05 06:15:11,109.0,104.0,2.0,3.0
2021-08-05 06:15:12,91.0,77.0,8.0,6.0
2021-08-05 06:15:13,86.0,79.0,7.0,0.0
2021-08-05 06:15:14,83.0,72.0,7.0,4.0
2021-08-05 06:15:15,97.0,84.0,8.0,5.0
2021-08-05 06:15:16,93.0,79.0,7.0,7.0
2021-08-05 06:15:17,97.0,84.0,11.0,2.0
2021-08-05 06:15:18,90.0,76.0,6.0,8.0
2021-08-05 06:15:19,96.0,83.0,10.0,3.0
2021-08-05 06:15:20,105.0,91.0,6.0,8.0
2021-08-05 06:15:21,84.0,79.0,4.0,1.0
2021-08-05 06:15:22,108.0,84.0,15.0,9.0
2021-08-05 06:15:23,87.0,73.0,9.0,5.0
2021-08-05 06:15:24,100.0,90.0,7.0,3.0
2021-08-05 06:15:25,97.0,86.0,5.0,6.0
2021-08-05 06:15:26,103.0,94.0,6.0,3.0
2021-08-05 06:15:27,107.0,97.0,3.0,7.0
2021-08-05 06:15:28,69.0,63.0,2.0,4.0
2021-08-05 06:15:29,98.0,88.0,7.0,3.0
2021-08-05 06:15:30,103.0,94.0,6.0,3.0
2021-08-05 06:15:31,82.0,75.0,4.0,3.0
2021-08-05 06:15:32,89.0,78.0,8.0,3.0
2021-08-05 06:15:33,104.0,93.0,6.0,5.0
2021-08-05 06:15:34,105.0,89.0,10.0,6.0
2021-08-05 06:15:35,78.0,70.0,4.0,4.0
2021-08-05 06:15:36,80.0,68.0,6.0,6.0
2021-08-05 06:15:37,100.0,90.0,5.0,5.0
2021-08-05 06:15:38,95.0,84.0,6.0,5.0
2021-08-05 06:15:39,74.0,64.0,7.0,3.0
2021-08-05 06:15:40,87.0,76.0,7.0,4.0
2021-08-05 06:15:41,105.0,98.0,4.0,3.0
2021-08-05 06:15:42,99.0,90.0,5.0,4.0
2021-08-05 06:15:43,80.0,73.0,4.0,3.0
2021-08-05 06:15:44,100.0,92.0,5.0,3.0
2021-08-05 06:15:45,103.0,90.0,6.0,7.0
2021-08-05 06:15:46,102.0,85.0,8.0,9.0
2021-08-05 06:15:47,87.0,76.0,8.0,3.0
2021-08-05 06:15:48,96.0,83.0,10.0,3.0
2021-08-05 06:15:49,84.0,78.0,3.0,3.0
2021-08-05 06:15:50,92.0,81.0,5.0,6.0
2021-08-05 06:15:51,103.0,93.0,6.0,4.0
2021-08-05 06:15:52,92.0,86.0,3.0,3.0
2021-08-05 06:15:53,99.0,91.0,6.0,2.0
2021-08-05 06:15:54,90.0,83.0,6.0,1.0
2021-08-05 06:15:55,93.0,85.0,7.0,1.0
2021-08-05 06:15:56,112.0,104.0,3.0,5.0
2021-08-05 06:15:57,81.0,73.0,3.0,5.0
2021-08-05 06:15:58,80.0,74.0,3.0,3.0
2021-08-05 06:15:59,85.0,70.0,6.0,9.0
2021-08-05 06:16:00,100.0,84.0,10.0,6.0
2021-08-05 06:16:01,71.0,65.0,4.0,2.0
2021-08-05 06:16:02,116.0,106.0,4.0,6.0
2021-08-05 06:16:03,90.0,77.0,9.0,4.0
2021-08-05 06:16:04,81.0,69.0,8.0,4.0
2021-08-05 06:16:05,101.0,91.0,8.0,2.0
2021-08-05 06:16:06,89.0,77.0,7.0,5.0
2021-08-05 06:16:07,102.0,93.0,6.0,3.0
2021-08-05 06:16:08,93.0,85.0,6.0,2.0
2021-08-05 06:16:09,103.0,92.0,4.0,7.0
2021-08-05 06:16:10,104.0,92.0,7.0,5.0
2021-08-05 06:16:11,97.0,93.0,3.0,1.0
2021-08-05 06:16:12,78.0,68.0,4.0,6.0
2021-08-05 06:16:13,87.0,82.0,3.0,2.0
2021-08-05 06:16:14,86.0,78.0,2.0,6.0
2021-08-05 06:16:15,98.0,87.0,7.0,4.0
2021-08-05 06:16:16,76.0,65.0,5.0,6.0
2021-08-05 06:16:17,102.0,91.0,6.0,5.0
2021-08-05 06:16:18,95.0,86.0,8.0,1.0
2021-08-05 06:16:19,102.0,85.0,10.0,7.0
2021-08-05 06:16:20,93.0,78.0,5.0,10.0
2021-08-05 06:16:21,104.0,93.0,6.0,5.0
2021-08-05 06:16:22,93.0,83.0,6.0,4.0
2021-08-05 06:16:23,88.0,75.0,9.0,4.0
2021-08-05 06:16:24,113.0,95.0,13.0,5.0
2021-08-05 06:16:25,89.0,83.0,4.0,2.0
2021-08-05 06:16:26,92.0,81.0,6.0,5.0
2021-08-05 06:16:27,109.0,93.0,7.0,9.0
2021-08-05 06:16:28,94.0,82.0,7.0,5.0
2021-08-05 06:16:29,98.0,89.0,6.0,3.0
2021-08-05 06:16:30,95.0,87.0,7.0,1.0
2021-08-05 06:16:31,101.0,94.0,4.0,3.0
2021-08-05 06:16:32,86.0,80.0,1.0,5.0
2021-08-05 06:16:33,78.0,70.0,5.0,3.0
2021-08-05 06:16:34,107.0,94.0,5.0,8.0
2021-08-05 06:16:35,101.0,91.0,7.0,3.0
2021-08-05 06:16:36,85.0,77.0,3.0,5.0
2021-08-05 06:16:37,88.0,79.0,7.0,2.0
2021-08-05 06:16:38,83.0,77.0,5.0,1.0
2021-08-05 06:16:39,95.0,87.0,2.0,6.0
2021-08-05 06:16:40,97.0,85.0,5.0,7.0
2021-08-05 06:16:41,85.0,77.0,5.0,3.0
2021-08-05 06:16:42,109.0,96.0,7.0,6.0
2021-08-05 06:16:43,87.0,78.0,5.0,4.0
2021-08-05 06:16:44,110.0,96.0,12.0,2.0
2021-08-05 06:16:45,103.0,86.0,9.0,8.0
2021-08-05 06:16:46,97.0,81.0,12.0,4.0
2021-08-05 06:16:47,94.0,79.0,9.0,6.0
2021-08-05 06:16:48,97.0,86.0,9.0,2.0
2021-08-05 06:16:49,101.0,88.0,10.0,3.0
2021-08-05 06:16:50,103.0,91.0,9.0,3.0
2021-08-05 06:16:51,97.0,91.0,5.0,1.0
2021-08-05 06:16:52,94.0,83.0,5.0,6.0
2021-08-05 06:16:53,105.0,90.0,9.0,6.0
2021-08-05 06:16:54,97.0,84.0,8.0,5.0
2021-08-05 06:16:55,87.0,71.0,7.0,9.0
2021-08-05 06:16:56,93.0,79.0,10.0,4.0
2021-08-05 06:16:57,101.0,89.0,8.0,4.0
2021-08-05 06:16:58,96.0,81.0,9.0,6.0
2021-08-05 06:16:59,85.0,72.0,7.0,6.0
2021-08-05 06:17:00,119.0,109.0,5.0,5.0
2021-08-05 06:17:01,91.0,82.0,7.0,2.0
2021-08-05 06:17:02,108.0,95.0,7.0,6.0
2021-08-05 06:17:03,99.0,93.0,3.0,3.0
2021-08-05 06:17:04,96.0,83.0,8.0,5.0
2021-08-05 06:17:05,116.0,109.0,4.0,3.0
2021-08-05 06:17:06,93.0,81.0,8.0,4.0
2021-08-05 06:17:07,86.0,77.0,3.0,6.0
2021-08-05 06:17:08,95.0,83.0,7.0,5.0
2021-08-05 06:17:09,106.0,96.0,8.0,2.0
2021-08-05 06:17:10,93.0,86.0,3.0,4.0
2021-08-05 06:17:11,105.0,93.0,7.0,5.0
2021-08-05 06:17:12,97.0,89.0,5.0,3.0
2021-08-05 06:17:13,95.0,86.0,5.0,4.0
2021-08-05 06:17:14,94.0,83.0,7.0,4.0
2021-08-05 06:17:15,108.0,97.0,6.0,5.0
2021-08-05 06:17:16,109.0,96.0,10.0,3.0
2021-08-05 06:17:17,118.0,107.0,7.0,4.0
2021-08-05 06:17:18,104.0,97.0,4.0,3.0
2021-08-05 06:17:19,86.0,77.0,5.0,4.0
2021-08-05 06:17:20,119.0,110.0,4.0,5.0
2021-08-05 06:17:21,91.0,76.0,9.0,6.0
2021-08-05 06:17:22,96.0,85.0,7.0,4.0
2021-08-05 06:17:23,89.0,77.0,6.0,6.0
2021-08-05 06:17:24,86.0,74.0,5.0,7.0
2021-08-05 06:17:25,101.0,81.0,11.0,9.0
2021-08-05 06:17:26,90.0,83.0,4.0,3.0
2021-08-05 06:17:27,90.0,82.0,7.0,1.0
2021-08-05 06:17:28,87.0,82.0,4.0,1.0
2021-08-05 06:17:29,97.0,86.0,5.0,6.0
2021-08-05 06:17:30,109.0,102.0,5.0,2.0
2021-08-05 06:17:31,109.0,99.0,5.0,5.0
2021-08-05 06:17:32,93.0,81.0,9.0,3.0
2021-08-05 06:17:33,86.0,74.0,6.0,6.0
2021-08-05 06:17:34,100.0,91.0,7.0,2.0
2021-08-05 06:17:35,105.0,98.0,5.0,2.0
2021-08-05 06:17:36,93.0,83.0,8.0,2.0
2021-08-05 06:17:37,101.0,90.0,6.0,5.0
2021-08-05 06:17:38,89.0,73.0,11.0,5.0
2021-08-05 06:17:39,81.0,72.0,6.0,3.0
2021-08-05 06:17:40,91.0,79.0,8.0,4.0
2021-08-05 06:17:41,75.0,67.0,6.0,2.0
2021-08-05 06:17:42,96.0,88.0,3.0,5.0
2021-08-05 06:17:43,86.0,75.0,9.0,2.0
2021-08-05 06:17:44,84.0,74.0,6.0,4.0
2021-08-05 06:17:45,80.0,72.0,4.0,4.0
2021-08-05 06:17:46,110.0,97.0,8.0,5.0
2021-08-05 06:17:47,85.0,72.0,10.0,3.0
2021-08-05 06:17:48,104.0,95.0,8.0,1.0
2021-08-05 06:17:49,89.0,77.0,7.0,5.0
2021-08-05 06:17:50,89.0,79.0,5.0,5.0
2021-08-05 06:17:51,81.0,71.0,6.0,4.0
2021-08-05 06:17:52,100.0,88.0,7.0,5.0
2021-08-05 06:17:53,102.0,88.0,8.0,6.0
2021-08-05 06:17:54,78.0,69.0,5.0,4.0
2021-08-05 06:17:55,105.0,92.0,7.0,6.0
2021-08-05 06:17:56,80.0,75.0,4.0,1.0
2021-08-05 06:17:57,81.0,74.0,5.0,2.0
2021-08-05 06:17:58,95.0,87.0,6.0,2.0
2021-08-05 06:17:59,99.0,88.0,5.0,6.0
2021-08-05 06:18:00,90.0,81.0,4.0,5.0
2021-08-05 06:18:01,104.0,92.0,9.0,3.0
2021-08-05 06:18:02,100.0,90.0,6.0,4.0
2021-08-05 06:18:03,99.0,91.0,6.0,2.0
2021-08-05 06:18:04,98.0,87.0,6.0,5.0
2021-08-05 06:18:05,85.0,76.0,7.0,2.0
2021-08-05 06:18:06,87.0,80.0,5.0,2.0
2021-08-05 06:18:07,94.0,78.0,11.0,5.0
2021-08-05 06:18:08,90.0,80.0,7.0,3.0
2021-08-05 06:18:09,87.0,82.0,2.0,3.0
2021-08-05 06:18:10,83.0,72.0,4.0,7.0
2021-08-05 06:18:11,87.0,81.0,2.0,4.0
2021-08-05 06:18:12,100.0,91.0,4.0,5.0
2021-08-05 06:18:13,110.0,104.0,5.0,1.0
2021-08-05 06:18:14,91.0,84.0,5.0,2.0
2021-08-05 06:18:15,106.0,93.0,9.0,4.0
2021-08-05 06:18:16,77.0,69.0,6.0,2.0
2021-08-05 06:18:17,79.0,72.0,5.0,2.0
2021-08-05 06:18:18,97.0,84.0,7.0,6.0
2021-08-05 06:18:19,83.0,77.0,4.0,2.0
2021-08-05 06:18:20,96.0,88.0,5.0,3.0
2021-08-05 06:18:21,86.0,79.0,7.0,0.0
2021-08-05 06:18:22,101.0,89.0,9.0,3.0
2021-08-05 06:18:23,84.0,72.0,8.0,4.0
2021-08-05 06:18:24,81.0,72.0,8.0,1.0
2021-08-05 06:18:25,92.0,76.0,10.0,6.0
2021-08-05 06:18:26,85.0,77.0,5.0,3.0
2021-08-05 06:18:27,98.0,85.0,8.0,5.0
2021-08-05 06:18:28,93.0,82.0,6.0,5.0
2021-08-05 06:18:29,101.0,86.0,10.0,5.0
2021-08-05 06:18:30,83.0,74.0,3.0,6.0
2021-08-05 06:18:31,91.0,82.0,1.0,8.0
2021-08-05 06:18:32,82.0,71.0,9.0,2.0
2021-08-05 06:18:33,95.0,84.0,5.0,6.0
2021-08-05 06:18:34,103.0,90.0,5.0,8.0
2021-08-05 06:18:35,91.0,76.0,5.0,10.0
2021-08-05 06:18:36,85.0,76.0,6.0,3.0
2021-08-05 06:18:37,103.0,89.0,5.0,9.0
2021-08-05 06:18:38,112.0,97.0,11.0,4.0
2021-08-05 06:18:39,79.0,67.0,7.0,5.0
2021-08-05 06:18:40,86.0,76.0,7.0,3.0
2021-08-05 06:18:41,92.0,80.0,4.0,8.0
2021-08-05 06:18:42,103.0,93.0,5.0,5.0
2021-08-05 06:18:43,108.0,95.0,9.0,4.0
2021-08-05 06:18:44,96.0,89.0,7.0,0.0
2021-08-05 06:18:45,112.0,96.0,10.0,6.0
2021-08-05 06:18:46,101.0,92.0,3.0,6.0
2021-08-05 06:18:47,100.0,86.0,7.0,7.0
2021-08-05 06:18:48,94.0,86.0,5.0,3.0
2021-08-05 06:18:49,105.0,94.0,4.0,7.0
2021-08-05 06:18:50,102.0,90.0,10.0,2.0
2021-08-05 06:18:51,107.0,100.0,4.0,3.0
2021-08-05 06:18:52,92.0,82.0,7.0,3.0
2021-08-05 06:18:53,87.0,73.0,7.0,7.0
2021-08-05 06:18:54,108.0,89.0,13.0,6.0
2021-08-05 06:18:55,96.0,86.0,6.0,4.0
2021-08-05 06:18:56,103.0,95.0,4.0,4.0
2021-08-05 06:18:57,78.0,65.0,7.0,6.0
2021-08-05 06:18:58,79.0,70.0,6.0,3.0
2021-08-05 06:18:59,102.0,90.0,7.0,5.0
2021-08-05 06:19:00,96.0,86.0,6.0,4.0
2021-08-05 06:19:01,98.0,81.0,10.0,7.0
2021-08-05 06:19:02,88.0,79.0,6.0,3.0
2021-08-05 06:19:03,80.0,71.0,4.0,5.0
2021-08-05 06:19:04,91.0,80.0,5.0,6.0
2021-08-05 06:19:05,84.0,73.0,8.0,3.0
2021-08-05 06:19:06,93.0,86.0,3.0,4.0
2021-08-05 06:19:07,92.0,85.0,6.0,1.0
2021-08-05 06:19:08,99.0,84.0,8.0,7.0
2021-08-05 06:19:09,97.0,85.0,8.0,4.0
2021-08-05 06:19:10,89.0,77.0,11.0,1.0
2021-08-05 06:19:11,86.0,78.0,4.0,4.0
2021-08-05 06:19:12,105.0,93.0,7.0,5.0
2021-08-05 06:19:13,90.0,86.0,3.0,1.0
2021-08-05 06:19:14,76.0,69.0,3.0,4.0
2021-08-05 06:19:15,105.0,94.0,7.0,4.0
2021-08-05 06:19:16,89.0,77.0,3.0,9.0
2021-08-05 06:19:17,96.0,85.0,4.0,7.0
2021-08-05 06:19:18,84.0,79.0,2.0,3.0
2021-08-05 06:19:19,94.0,79.0,8.0,7.0
2021-08-05 06:19:20,101.0,89.0,12.0,0.0
2021-08-05 06:19:21,79.0,73.0,6.0,0.0
2021-08-05 06:19:22,108.0,98.0,5.0,5.0
2021-08-05 06:19:23,95.0,86.0,4.0,5.0
2021-08-05 06:19:24,105.0,95.0,10.0,0.0
2021-08-05 06:19:25,88.0,81.0,4.0,3.0
2021-08-05 06:19:26,105.0,92.0,8.0,5.0
2021-08-05 06:19:27,110.0,99.0,5.0,6.0
2021-08-05 06:19:28,89.0,79.0,7.0,3.0
2021-08-05 06:19:29,88.0,74.0,9.0,5.0
2021-08-05 06:19:30,95.0,76.0,8.0,11.0
2021-08-05 06:19:31,107.0,102.0,4.0,1.0
2021-08-05 06:19:32,90.0,79.0,10.0,1.0
2021-08-05 06:19:33,95.0,84.0,7.0,4.0
2021-08-05 06:19:34,102.0,92.0,7.0,3.0
2021-08-05 06:19:35,90.0,82.0,4.0,4.0
2021-08-05 06:19:36,86.0,76.0,9.0,1.0
2021-08-05 06:19:37,86.0,78.0,5.0,3.0
2021-08-05 06:19:38,97.0,90.0,4.0,3.0
2021-08-05 06:19:39,76.0,68.0,5.0,3.0
2021-08-05 06:19:40,88.0,78.0,7.0,3.0
2021-08-05 06:19:41,104.0,92.0,5.0,7.0
2021-08-05 06:19:42,98.0,86.0,9.0,3.0
2021-08-05 06:19:43,110.0,103.0,5.0,2.0
2021-08-05 06:19:44,104.0,86.0,11.0,7.0
2021-08-05 06:19:45,106.0,94.0,6.0,6.0
2021-08-05 06:19:46,89.0,80.0,5.0,4.0
2021-08-05 06:19:47,81.0,71.0,7.0,3.0
2021-08-05 06:19:48,90.0,82.0,4.0,4.0
2021-08-05 06:19:49,95.0,84.0,6.0,5.0
2021-08-05 06:19:50,91.0,84.0,1.0,6.0
2021-08-05 06:19:51,96.0,86.0,3.0,7.0
2021-08-05 06:19:52,109.0,100.0,4.0,5.0
2021-08-05 06:19:53,80.0,76.0,2.0,2.0
2021-08-05 06:19:54,96.0,83.0,7.0,6.0
2021-08-05 06:19:55,88.0,81.0,4.0,3.0
2021-08-05 06:19:56,93.0,80.0,11.0,2.0
2021-08-05 06:19:57,87.0,79.0,7.0,1.0
2021-08-05 06:19:58,93.0,86.0,3.0,4.0
2021-08-05 06:19:59,95.0,83.0,7.0,5.0
2021-08-05 06:20:00,98.0,86.0,10.0,2.0
2021-08-05 06:20:01,102.0,92.0,5.0,5.0
2021-08-05 06:20:02,98.0,84.0,12.0,2.0
2021-08-05 06:20:03,100.0,89.0,6.0,5.0
2021-08-05 06:20:04,89.0,79.0,5.0,5.0
2021-08-05 06:20:05,113.0,100.0,5.0,8.0
2021-08-05 06:20:06,95.0,82.0,6.0,7.0
2021-08-05 06:20:07,113.0,102.0,8.0,3.0
2021-08-05 06:20:08,80.0,69.0,7.0,4.0
2021-08-05 06:20:09,98.0,90.0,4.0,4.0
2021-08-05 06:20:10,102.0,97.0,0.0,5.0
2021-08-05 06:20:11,89.0,81.0,5.0,3.0
2021-08-05 06:20:12,89.0,79.0,2.0,8.0
2021-08-05 06:20:13,95.0,82.0,7.0,6.0
2021-08-05 06:20:14,96.0,85.0,6.0,5.0
2021-08-05 06:20:15,107.0,98.0,5.0,4.0
2021-08-05 06:20:16,93.0,81.0,10.0,2.0
2021-08-05 06:20:17,101.0,84.0,8.0,9.0
2021-08-05 06:20:18,105.0,94.0,8.0,3.0
2021-08-05 06:20:19,105.0,92.0,7.0,6.0
2021-08-05 06:20:20,100.0,90.0,8.0,2.0
2021-08-05 06:20:21,94.0,80.0,6.0,8.0
2021-08-05 06:20:22,111.0,105.0,5.0,1.0
2021-08-05 06:20:23,86.0,75.0,6.0,5.0
2021-08-05 06:20:24,92.0,83.0,6.0,3.0
2021-08-05 06:20:25,105.0,91.0,10.0,4.0
2021-08-05 06:20:26,89.0,82.0,5.0,2.0
2021-08-05 06:20:27,80.0,69.0,8.0,3.0
2021-08-05 06:20:28,80.0,72.0,5.0,3.0
2021-08-05 06:20:29,94.0,80.0,5.0,9.0
2021-08-05 06:20:30,81.0,74.0,5.0,2.0
2021-08-05 06:20:31,102.0,91.0,7.0,4.0
2021-08-05 06:20:32,120.0,106.0,7.0,7.0
2021-08-05 06:20:33,108.0,99.0,6.0,3.0
2021-08-05 06:20:34,118.0,102.0,11.0,5.0
2021-08-05 06:20:35,102.0,92.0,8.0,2.0
2021-08-05 06:20:36,104.0,99.0,3.0,2.0
2021-08-05 06:20:37,79.0,65.0,10.0,4.0
2021-08-05 06:20:38,110.0,101.0,7.0,2.0
2021-08-05 06:20:39,100.0,91.0,5.0,4.0
2021-08-05 06:20:40,110.0,99.0,7.0,4.0
2021-08-05 06:20:41,100.0,92.0,5.0,3.0
2021-08-05 06:20:42,105.0,91.0,11.0,3.0
2021-08-05 06:20:43,111.0,97.0,7.0,7.0
2021-08-05 06:20:44,102.0,92.0,8.0,2.0
2021-08-05 06:20:45,86.0,79.0,6.0,1.0
2021-08-05 06:20:46,88.0,79.0,4.0,5.0
2021-08-05 06:20:47,82.0,73.0,7.0,2.0
2021-08-05 06:20:48,91.0,79.0,6.0,6.0
2021-08-05 06:20:49,94.0,79.0,10.0,5.0
2021-08-05 06:20:50,97.0,79.0,11.0,7.0
2021-08-05 06:20:51,101.0,85.0,5.0,11.0
2021-08-05 06:20:52,93.0,83.0,6.0,4.0
2021-08-05 06:20:53,101.0,87.0,9.0,5.0
2021-08-05 06:20:54,91.0,78.0,6.0,7.0
2021-08-05 06:20:55,107.0,96.0,9.0,2.0
2021-08-05 06:20:56,79.0,71.0,4.0,4.0
2021-08-05 06:20:57,87.0,78.0,6.0,3.0
2021-08-05 06:20:58,87.0,79.0,5.0,3.0
2021-08-05 06:20:59,92.0,85.0,2.0,5.0
2021-08-05 06:21:00,101.0,92.0,4.0,5.0
2021-08-05 06:21:01,81.0,75.0,2.0,4.0
2021-08-05 06:21:02,89.0,84.0,4.0,1.0
2021-08-05 06:21:03,114.0,103.0,8.0,3.0
2021-08-05 06:21:04,94.0,79.0,9.0,6.0
2021-08-05 06:21:05,79.0,74.0,4.0,1.0
2021-08-05 06:21:06,89.0,77.0,8.0,4.0
2021-08-05 06:21:07,99.0,84.0,7.0,8.0
2021-08-05 06:21:08,85.0,73.0,9.0,3.0
2021-08-05 06:21:09,101.0,89.0,8.0,4.0
2021-08-05 06:21:10,89.0,82.0,6.0,1.0
2021-08-05 06:21:11,96.0,84.0,8.0,4.0
2021-08-05 06:21:12,71.0,58.0,9.0,4.0
2021-08-05 06:21:13,115.0,96.0,10.0,9.0
2021-08-05 06:21:14,97.0,84.0,6.0,7.0
2021-08-05 06:21:15,95.0,83.0,8.0,4.0
2021-08-05 06:21:16,97.0,88.0,7.0,2.0
2021-08-05 06:21:17,113.0,106.0,5.0,2.0
2021-08-05 06:21:18,101.0,87.0,9.0,5.0
2021-08-05 06:21:19,95.0,84.0,8.0,3.0
2021-08-05 06:21:20,85.0,78.0,3.0,4.0
2021-08-05 06:21:21,99.0,88.0,7.0,4.0
2021-08-05 06:21:22,84.0,77.0,3.0,4.0
2021-08-05 06:21:23,100.0,92.0,3.0,5.0
2021-08-05 06:21:24,101.0,79.0,12.0,10.0
2021-08-05 06:21:25,95.0,77.0,11.0,7.0
2021-08-05 06:21:26,93.0,78.0,8.0,7.0
2021-08-05 06:21:27,95.0,90.0,4.0,1.0
2021-08-05 06:21:28,103.0,93.0,9.0,1.0
2021-08-05 06:21:29,108.0,93.0,10.0,5.0
2021-08-05 06:21:30,95.0,83.0,8.0,4.0
2021-08-05 06:21:31,84.0,73.0,9.0,2.0
2021-08-05 06:21:32,101.0,92.0,7.0,2.0
2021-08-05 06:21:33,80.0,72.0,5.0,3.0
2021-08-05 06:21:34,77.0,65.0,6.0,6.0
2021-08-05 06:21:35,76.0,62.0,9.0,5.0
2021-08-05 06:21:36,86.0,76.0,8.0,2.0
2021-08-05 06:21:37,96.0,85.0,8.0,3.0
2021-08-05 06:21:38,88.0,81.0,6.0,1.0
2021-08-05 06:21:39,83.0,76.0,3.0,4.0
2021-08-05 06:21:40,111.0,99.0,6.0,6.0
2021-08-05 06:21:41,94.0,85.0,6.0,3.0
2021-08-05 06:21:42,96.0,86.0,8.0,2.0
2021-08-05 06:21:43,100.0,94.0,5.0,1.0
2021-08-05 06:21:44,79.0,70.0,5.0,4.0
2021-08-05 06:21:45,102.0,94.0,6.0,2.0
2021-08-05 06:21:46,98.0,92.0,1.0,5.0
2021-08-05 06:21:47,84.0,74.0,6.0,4.0
2021-08-05 06:21:48,95.0,83.0,8.0,4.0
2021-08-05 06:21:49,70.0,64.0,4.0,2.0
2021-08-05 06:21:50,93.0,82.0,7.0,4.0
2021-08-05 06:21:51,104.0,98.0,4.0,2.0
2021-08-05 06:21:52,79.0,70.0,7.0,2.0
2021-08-05 06:21:53,87.0,78.0,4.0,5.0
2021-08-05 06:21:54,104.0,90.0,5.0,9.0
2021-08-05 06:21:55,94.0,81.0,6.0,7.0
2021-08-05 06:21:56,99.0,87.0,5.0,7.0
2021-08-05 06:21:57,112.0,98.0,5.0,9.0
2021-08-05 06:21:58,115.0,97.0,13.0,5.0
2021-08-05 06:21:59,101.0,88.0,8.0,5.0
2021-08-05 06:22:00,97.0,85.0,9.0,3.0
2021-08-05 06:22:01,89.0,79.0,5.0,5.0
2021-08-05 06:22:02,93.0,83.0,3.0,7.0
2021-08-05 06:22:03,88.0,77.0,7.0,4.0
2021-08-05 06:22:04,88.0,74.0,9.0,5.0
2021-08-05 06:22:05,113.0,102.0,6.0,5.0
2021-08-05 06:22:06,108.0,97.0,6.0,5.0
2021-08-05 06:22:07,100.0,87.0,9.0,4.0
2021-08-05 06:22:08,95.0,87.0,4.0,4.0
2021-08-05 06:22:09,109.0,99.0,7.0,3.0
2021-08-05 06:22:10,88.0,77.0,7.0,4.0
2021-08-05 06:22:11,79.0,69.0,7.0,3.0
2021-08-05 06:22:12,88.0,78.0,7.0,3.0
2021-08-05 06:22:13,87.0,76.0,3.0,8.0
2021-08-05 06:22:14,90.0,81.0,6.0,3.0
2021-08-05 06:22:15,96.0,81.0,10.0,5.0
2021-08-05 06:22:16,91.0,81.0,5.0,5.0
2021-08-05 06:22:17,94.0,86.0,6.0,2.0
2021-08-05 06:22:18,122.0,111.0,6.0,5.0
2021-08-05 06:22:19,96.0,86.0,5.0,5.0
2021-08-05 06:22:20,82.0,72.0,6.0,4.0
2021-08-05 06:22:21,89.0,82.0,4.0,3.0
2021-08-05 06:22:22,111.0,102.0,4.0,5.0
2021-08-05 06:22:23,94.0,82.0,7.0,5.0
2021-08-05 06:22:24,87.0,81.0,4.0,2.0
2021-08-05 06:22:25,102.0,92.0,6.0,4.0
2021-08-05 06:22:26,100.0,90.0,7.0,3.0
2021-08-05 06:22:27,96.0,91.0,4.0,1.0
2021-08-05 06:22:28,98.0,85.0,8.0,5.0
2021-08-05 06:22:29,94.0,85.0,3.0,6.0
2021-08-05 06:22:30,84.0,75.0,6.0,3.0
2021-08-05 06:22:31,93.0,86.0,4.0,3.0
2021-08-05 06:22:32,82.0,74.0,3.0,5.0
2021-08-05 06:22:33,117.0,107.0,5.0,5.0
2021-08-05 06:22:34,114.0,104.0,7.0,3.0
2021-08-05 06:22:35,82.0,77.0,4.0,1.0
2021-08-05 06:22:36,92.0,75.0,14.0,3.0
2021-08-05 06:22:37,102.0,91.0,7.0,4.0
2021-08-05 06:22:38,119.0,105.0,8.0,6.0
2021-08-05 06:22:39,113.0,92.0,13.0,8.0
2021-08-05 06:22:40,91.0,83.0,4.0,4.0
2021-08-05 06:22:41,90.0,75.0,8.0,7.0
2021-08-05 06:22:42,94.0,86.0,5.0,3.0
2021-08-05 06:22:43,99.0,87.0,7.0,5.0
2021-08-05 06:22:44,91.0,80.0,4.0,7.0
2021-08-05 06:22:45,93.0,86.0,5.0,2.0
2021-08-05 06:22:46,96.0,87.0,5.0,4.0
2021-08-05 06:22:47,78.0,69.0,6.0,3.0
2021-08-05 06:22:48,96.0,91.0,2.0,3.0
2021-08-05 06:22:49,101.0,83.0,4.0,14.0
2021-08-05 06:22:50,111.0,98.0,10.0,3.0
2021-08-05 06:22:51,116.0,101.0,5.0,10.0
2021-08-05 06:22:52,109.0,94.0,6.0,9.0
2021-08-05 06:22:53,112.0,101.0,9.0,2.0
2021-08-05 06:22:54,94.0,88.0,3.0,3.0
2021-08-05 06:22:55,78.0,72.0,5.0,1.0
2021-08-05 06:22:56,87.0,80.0,4.0,3.0
2021-08-05 06:22:57,80.0,71.0,3.0,6.0
2021-08-05 06:22:58,74.0,64.0,4.0,6.0
2021-08-05 06:22:59,102.0,89.0,7.0,6.0
2021-08-05 06:23:00,97.0,90.0,4.0,3.0
2021-08-05 06:23:01,82.0,76.0,4.0,2.0
2021-08-05 06:23:02,85.0,72.0,10.0,3.0
2021-08-05 06:23:03,108.0,92.0,9.0,7.0
2021-08-05 06:23:04,107.0,98.0,5.0,4.0
2021-08-05 06:23:05,90.0,74.0,10.0,6.0
2021-08-05 06:23:06,90.0,82.0,3.0,5.0
2021-08-05 06:23:07,116.0,105.0,6.0,5.0
2021-08-05 06:23:08,99.0,89.0,6.0,4.0
2021-08-05 06:23:09,99.0,85.0,10.0,4.0
2021-08-05 06:23:10,93.0,83.0,6.0,4.0
2021-08-05 06:23:11,89.0,78.0,8.0,3.0
2021-08-05 06:23:12,120.0,109.0,4.0,7.0
2021-08-05 06:23:13,81.0,72.0,4.0,5.0
2021-08-05 06:23:14,78.0,72.0,3.0,3.0
2021-08-05 06:23:15,100.0,90.0,7.0,3.0
2021-08-05 06:23:16,109.0,100.0,7.0,2.0
2021-08-05 06:23:17,90.0,83.0,4.0,3.0
2021-08-05 06:23:18,84.0,68.0,11.0,5.0
2021-08-05 06:23:19,103.0,92.0,6.0,5.0
2021-08-05 06:23:20,96.0,89.0,3.0,4.0
2021-08-05 06:23:21,90.0,83.0,2.0,5.0
2021-08-05 06:23:22,102.0,86.0,12.0,4.0
2021-08-05 06:23:23,92.0,80.0,7.0,5.0
2021-08-05 06:23:24,79.0,65.0,8.0,6.0
2021-08-05 06:23:25,94.0,83.0,8.0,3.0
2021-08-05 06:23:26,76.0,62.0,9.0,5.0
2021-08-05 06:23:27,92.0,79.0,3.0,10.0
2021-08-05 06:23:28,92.0,79.0,8.0,5.0
2021-08-05 06:23:29,91.0,83.0,5.0,3.0
2021-08-05 06:23:30,94.0,86.0,5.0,3.0
2021-08-05 06:23:31,98.0,86.0,8.0,4.0
2021-08-05 06:23:32,81.0,74.0,6.0,1.0
2021-08-05 06:23:33,80.0,69.0,7.0,4.0
2021-08-05 06:23:34,89.0,84.0,3.0,2.0
2021-08-05 06:23:35,114.0,108.0,1.0,5.0
2021-08-05 06:23:36,87.0,79.0,3.0,5.0
2021-08-05 06:23:37,85.0,78.0,4.0,3.0
2021-08-05 06:23:38,96.0,82.0,12.0,2.0
2021-08-05 06:23:39,95.0,83.0,6.0,6.0
2021-08-05 06:23:40,92.0,82.0,7.0,3.0
2021-08-05 06:23:41,106.0,92.0,11.0,3.0
2021-08-05 06:23:42,90.0,81.0,3.0,6.0
2021-08-05 06:23:43,95.0,85.0,6.0,4.0
2021-08-05 06:23:44,90.0,78.0,6.0,6.0
2021-08-05 06:23:45,98.0,86.0,9.0,3.0
2021-08-05 06:23:46,112.0,102.0,3.0,7.0
2021-08-05 06:23:47,88.0,77.0,7.0,4.0
2021-08-05 06:23:48,105.0,94.0,9.0,2.0
2021-08-05 06:23:49,112.0,97.0,10.0,5.0
2021-08-05 06:23:50,95.0,89.0,4.0,2.0
2021-08-05 06:23:51,92.0,83.0,7.0,2.0
2021-08-05 06:23:52,102.0,88.0,6.0,8.0
2021-08-05 06:23:53,92.0,77.0,10.0,5.0
2021-08-05 06:23:54,116.0,96.0,14.0,6.0
2021-08-05 06:23:55,102.0,94.0,5.0,3.0
2021-08-05 06:23:56,89.0,83.0,4.0,2.0
2021-08-05 06:23:57,102.0,90.0,9.0,3.0
2021-08-05 06:23:58,94.0,80.0,9.0,5.0
2021-08-05 06:23:59,95.0,83.0,9.0,3.0
2021-08-05 06:24:00,97.0,90.0,4.0,3.0
2021-08-05 06:24:01,86.0,79.0,4.0,3.0
2021-08-05 06:24:02,89.0,75.0,7.0,7.0
2021-08-05 06:24:03,93.0,82.0,5.0,6.0
2021-08-05 06:24:04,93.0,85.0,4.0,4.0
2021-08-05 06:24:05,93.0,91.0,1.0,1.0
2021-08-05 06:24:06,109.0,95.0,9.0,5.0
2021-08-05 06:24:07,98.0,82.0,8.0,8.0
2021-08-05 06:24:08,92.0,78.0,9.0,5.0
2021-08-05 06:24:09,98.0,86.0,6.0,6.0
2021-08-05 06:24:10,104.0,92.0,9.0,3.0
2021-08-05 06:24:11,89.0,79.0,7.0,3.0
2021-08-05 06:24:12,106.0,90.0,9.0,7.0
2021-08-05 06:24:13,95.0,86.0,9.0,0.0
2021-08-05 06:24:14,94.0,87.0,4.0,3.0
2021-08-05 06:24:15,93.0,81.0,7.0,5.0
2021-08-05 06:24:16,101.0,87.0,6.0,8.0
2021-08-05 06:24:17,99.0,91.0,6.0,2.0
2021-08-05 06:24:18,91.0,76.0,5.0,10.0
2021-08-05 06:24:19,95.0,85.0,7.0,3.0
2021-08-05 06:24:20,102.0,91.0,3.0,8.0
2021-08-05 06:24:21,88.0,80.0,1.0,7.0
2021-08-05 06:24:22,101.0,89.0,5.0,7.0
2021-08-05 06:24:23,94.0,85.0,5.0,4.0
2021-08-05 06:24:24,92.0,82.0,5.0,5.0
2021-08-05 06:24:25,94.0,86.0,4.0,4.0
2021-08-05 06:24:26,85.0,73.0,6.0,6.0
2021-08-05 06:24:27,103.0,94.0,8.0,1.0
2021-08-05 06:24:28,101.0,84.0,9.0,8.0
2021-08-05 06:24:29,111.0,100.0,6.0,5.0
2021-08-05 06:24:30,107.0,95.0,6.0,6.0
2021-08-05 06:24:31,91.0,83.0,3.0,5.0
2021-08-05 06:24:32,110.0,94.0,9.0,7.0
2021-08-05 06:24:33,84.0,79.0,2.0,3.0
2021-08-05 06:24:34,95.0,81.0,5.0,9.0
2021-08-05 06:24:35,94.0,85.0,5.0,4.0
2021-08-05 06:24:36,80.0,70.0,5.0,5.0
2021-08-05 06:24:37,82.0,75.0,4.0,3.0
2021-08-05 06:24:38,101.0,90.0,9.0,2.0
2021-08-05 06:24:39,95.0,86.0,5.0,4.0
2021-08-05 06:24:40,99.0,89.0,8.0,2.0
2021-08-05 06:24:41,89.0,77.0,7.0,5.0
2021-08-05 06:24:42,87.0,74.0,8.0,5.0
2021-08-05 06:24:43,116.0,105.0,6.0,5.0
2021-08-05 06:24:44,83.0,75.0,6.0,2.0
2021-08-05 06:24:45,96.0,89.0,5.0,2.0
2021-08-05 06:24:46,92.0,83.0,3.0,6.0
2021-08-05 06:24:47,92.0,79.0,11.0,2.0
2021-08-05 06:24:48,93.0,83.0,9.0,1.0
2021-08-05 06:24:49,97.0,86.0,8.0,3.0
2021-08-05 06:24:50,95.0,87.0,2.0,6.0
2021-08-05 06:24:51,111.0,101.0,9.0,1.0
2021-08-05 06:24:52,89.0,78.0,5.0,6.0
2021-08-05 06:24:53,98.0,85.0,6.0,7.0
2021-08-05 06:24:54,105.0,96.0,6.0,3.0
2021-08-05 06:24:55,83.0,71.0,9.0,3.0
2021-08-05 06:24:56,106.0,90.0,8.0,8.0
2021-08-05 06:24:57,97.0,80.0,9.0,8.0
2021-08-05 06:24:58,91.0,84.0,5.0,2.0
2021-08-05 06:24:59,97.0,88.0,6.0,3.0
2021-08-05 06:25:00,96.0,83.0,9.0,4.0
2021-08-05 06:25:01,107.0,92.0,11.0,4.0
2021-08-05 06:25:02,89.0,77.0,7.0,5.0
2021-08-05 06:25:03,84.0,79.0,4.0,1.0
2021-08-05 06:25:04,88.0,81.0,3.0,4.0
2021-08-05 06:25:05,98.0,90.0,3.0,5.0
2021-08-05 06:25:06,97.0,82.0,7.0,8.0
2021-08-05 06:25:07,82.0,77.0,2.0,3.0
2021-08-05 06:25:08,102.0,95.0,6.0,1.0
2021-08-05 06:25:09,91.0,80.0,5.0,6.0
2021-08-05 06:25:10,98.0,83.0,9.0,6.0
2021-08-05 06:25:11,109.0,97.0,6.0,6.0
2021-08-05 06:25:12,96.0,86.0,5.0,5.0
2021-08-05 06:25:13,103.0,91.0,7.0,5.0
2021-08-05 06:25:14,102.0,89.0,6.0,7.0
2021-08-05 06:25:15,97.0,83.0,12.0,2.0
2021-08-05 06:25:16,81.0,75.0,5.0,1.0
2021-08-05 06:25:17,86.0,77.0,8.0,1.0
2021-08-05 06:25:18,103.0,91.0,6.0,6.0
2021-08-05 06:25:19,87.0,72.0,7.0,8.0
2021-08-05 06:25:20,100.0,93.0,3.0,4.0
2021-08-05 06:25:21,91.0,81.0,8.0,2.0
2021-08-05 06:25:22,85.0,75.0,7.0,3.0
2021-08-05 06:25:23,105.0,96.0,6.0,3.0
2021-08-05 06:25:24,91.0,80.0,10.0,1.0
2021-08-05 06:25:25,85.0,71.0,8.0,6.0
2021-08-05 06:25:26,114.0,106.0,4.0,4.0
2021-08-05 06:25:27,100.0,88.0,7.0,5.0
2021-08-05 06:25:28,83.0,70.0,5.0,8.0
2021-08-05 06:25:29,98.0,82.0,9.0,7.0
2021-08-05 06:25:30,92.0,82.0,8.0,2.0
2021-08-05 06:25:31,97.0,91.0,6.0,0.0
2021-08-05 06:25:32,83.0,68.0,7.0,8.0
2021-08-05 06:25:33,96.0,84.0,9.0,3.0
2021-08-05 06:25:34,102.0,89.0,7.0,6.0
2021-08-05 06:25:35,96.0,86.0,3.0,7.0
2021-08-05 06:25:36,93.0,80.0,10.0,3.0
2021-08-05 06:25:37,100.0,90.0,5.0,5.0
2021-08-05 06:25:38,90.0,86.0,1.0,3.0
2021-08-05 06:25:39,106.0,91.0,7.0,8.0
2021-08-05 06:25:40,87.0,74.0,7.0,6.0
2021-08-05 06:25:41,83.0,74.0,6.0,3.0
2021-08-05 06:25:42,94.0,81.0,9.0,4.0
2021-08-05 06:25:43,91.0,76.0,6.0,9.0
2021-08-05 06:25:44,94.0,78.0,12.0,4.0
2021-08-05 06:25:45,90.0,78.0,10.0,2.0
2021-08-05 06:25:46,97.0,82.0,7.0,8.0
2021-08-05 06:25:47,112.0,101.0,5.0,6.0
2021-08-05 06:25:48,94.0,86.0,4.0,4.0
2021-08-05 06:25:49,114.0,97.0,11.0,6.0
2021-08-05 06:25:50,81.0,71.0,4.0,6.0
2021-08-05 06:25:51,98.0,78.0,15.0,5.0
2021-08-05 06:25:52,83.0,72.0,6.0,5.0
2021-08-05 06:25:53,110.0,99.0,7.0,4.0
2021-08-05 06:25:54,91.0,79.0,8.0,4.0
2021-08-05 06:25:55,101.0,89.0,9.0,3.0
2021-08-05 06:25:56,95.0,83.0,9.0,3.0
2021-08-05 06:25:57,105.0,96.0,7.0,2.0
2021-08-05 06:25:58,76.0,70.0,3.0,3.0
2021-08-05 06:25:59,101.0,96.0,5.0,0.0
2021-08-05 06:26:00,109.0,101.0,6.0,2.0
2021-08-05 06:26:01,88.0,83.0,1.0,4.0
2021-08-05 06:26:02,84.0,77.0,3.0,4.0
2021-08-05 06:26:03,108.0,102.0,4.0,2.0
2021-08-05 06:26:04,102.0,94.0,6.0,2.0
2021-08-05 06:26:05,97.0,88.0,7.0,2.0
2021-08-05 06:26:06,94.0,86.0,5.0,3.0
2021-08-05 06:26:07,95.0,83.0,8.0,4.0
2021-08-05 06:26:08,90.0,83.0,5.0,2.0
2021-08-05 06:26:09,90.0,78.0,7.0,5.0
2021-08-05 06:26:10,101.0,89.0,6.0,6.0
2021-08-05 06:26:11,102.0,99.0,2.0,1.0
2021-08-05 06:26:12,102.0,89.0,7.0,6.0
2021-08-05 06:26:13,100.0,89.0,3.0,8.0
2021-08-05 06:26:14,105.0,87.0,10.0,8.0
2021-08-05 06:26:15,92.0,80.0,7.0,5.0
2021-08-05 06:26:16,100.0,85.0,11.0,4.0
2021-08-05 06:26:17,99.0,88.0,6.0,5.0
2021-08-05 06:26:18,94.0,83.0,5.0,6.0
2021-08-05 06:26:19,102.0,93.0,5.0,4.0
2021-08-05 06:26:20,98.0,87.0,4.0,7.0
2021-08-05 06:26:21,97.0,89.0,4.0,4.0
2021-08-05 06:26:22,97.0,88.0,8.0,1.0
2021-08-05 06:26:23,87.0,76.0,3.0,8.0
2021-08-05 06:26:24,108.0,98.0,8.0,2.0
2021-08-05 06:26:25,99.0,87.0,5.0,7.0
2021-08-05 06:26:26,112.0,101.0,8.0,3.0
2021-08-05 06:26:27,93.0,83.0,6.0,4.0
2021-08-05 06:26:28,88.0,77.0,8.0,3.0
2021-08-05 06:26:29,93.0,75.0,11.0,7.0
2021-08-05 06:26:30,89.0,73.0,11.0,5.0
2021-08-05 06:26:31,103.0,85.0,15.0,3.0
2021-08-05 06:26:32,114.0,102.0,5.0,7.0
2021-08-05 06:26:33,95.0,86.0,5.0,4.0
2021-08-05 06:26:34,87.0,77.0,7.0,3.0
2021-08-05 06:26:35,90.0,79.0,9.0,2.0
2021-08-05 06:26:36,97.0,87.0,4.0,6.0
2021-08-05 06:26:37,97.0,88.0,9.0,0.0
2021-08-05 06:26:38,79.0,68.0,5.0,6.0
2021-08-05 06:26:39,117.0,105.0,7.0,5.0
2021-08-05 06:26:40,117.0,107.0,6.0,4.0
2021-08-05 06:26:41,95.0,84.0,9.0,2.0
2021-08-05 06:26:42,94.0,83.0,6.0,5.0
2021-08-05 06:26:43,99.0,91.0,4.0,4.0
2021-08-05 06:26:44,104.0,86.0,8.0,10.0
2021-08-05 06:26:45,99.0,85.0,9.0,5.0
2021-08-05 06:26:46,112.0,99.0,7.0,6.0
2021-08-05 06:26:47,106.0,92.0,3.0,11.0
2021-08-05 06:26:48,73.0,70.0,1.0,2.0
2021-08-05 06:26:49,112.0,97.0,8.0,7.0
2021-08-05 06:26:50,102.0,88.0,10.0,4.0
2021-08-05 06:26:51,88.0,79.0,3.0,6.0
2021-08-05 06:26:52,102.0,87.0,10.0,5.0
2021-08-05 06:26:53,94.0,87.0,5.0,2.0
2021-08-05 06:26:54,96.0,86.0,4.0,6.0
2021-08-05 06:26:55,118.0,102.0,11.0,5.0
2021-08-05 06:26:56,95.0,86.0,6.0,3.0
2021-08-05 06:26:57,107.0,96.0,5.0,6.0
2021-08-05 06:26:58,98.0,92.0,3.0,3.0
2021-08-05 06:26:59,67.0,56.0,8.0,3.0
2021-08-05 06:27:00,90.0,78.0,6.0,6.0
2021-08-05 06:27:01,102.0,92.0,6.0,4.0
2021-08-05 06:27:02,95.0,84.0,6.0,5.0
2021-08-05 06:27:03,103.0,89.0,7.0,7.0
2021-08-05 06:27:04,99.0,85.0,8.0,6.0
2021-08-05 06:27:05,92.0,85.0,4.0,3.0
2021-08-05 06:27:06,96.0,79.0,10.0,7.0
2021-08-05 06:27:07,109.0,98.0,10.0,1.0
2021-08-05 06:27:08,93.0,82.0,6.0,5.0
2021-08-05 06:27:09,104.0,92.0,8.0,4.0
2021-08-05 06:27:10,101.0,89.0,6.0,6.0
2021-08-05 06:27:11,105.0,97.0,5.0,3.0
2021-08-05 06:27:12,108.0,93.0,7.0,8.0
2021-08-05 06:27:13,94.0,82.0,8.0,4.0
2021-08-05 06:27:14,100.0,89.0,5.0,6.0
2021-08-05 06:27:15,110.0,101.0,5.0,4.0
2021-08-05 06:27:16,88.0,85.0,1.0,2.0
2021-08-05 06:27:17,113.0,100.0,12.0,1.0
2021-08-05 06:27:18,90.0,85.0,3.0,2.0
2021-08-05 06:27:19,98.0,82.0,8.0,8.0
2021-08-05 06:27:20,106.0,97.0,5.0,4.0
2021-08-05 06:27:21,85.0,72.0,9.0,4.0
2021-08-05 06:27:22,97.0,87.0,5.0,5.0
2021-08-05 06:27:23,104.0,90.0,11.0,3.0
2021-08-05 06:27:24,90.0,78.0,7.0,5.0
2021-08-05 06:27:25,101.0,87.0,10.0,4.0
2021-08-05 06:27:26,109.0,98.0,7.0,4.0
2021-08-05 06:27:27,98.0,82.0,10.0,6.0
2021-08-05 06:27:28,101.0,94.0,5.0,2.0
2021-08-05 06:27:29,104.0,93.0,7.0,4.0
2021-08-05 06:27:30,98.0,87.0,8.0,3.0
2021-08-05 06:27:31,110.0,97.0,8.0,5.0
2021-08-05 06:27:32,99.0,87.0,5.0,7.0
2021-08-05 06:27:33,88.0,80.0,5.0,3.0
2021-08-05 06:27:34,88.0,80.0,4.0,4.0
2021-08-05 06:27:35,83.0,74.0,6.0,3.0
2021-08-05 06:27:36,98.0,87.0,7.0,4.0
2021-08-05 06:27:37,102.0,86.0,9.0,7.0
2021-08-05 06:27:38,101.0,85.0,10.0,6.0
2021-08-05 06:27:39,104.0,92.0,8.0,4.0
2021-08-05 06:27:40,105.0,98.0,7.0,0.0
2021-08-05 06:27:41,91.0,78.0,8.0,5.0
2021-08-05 06:27:42,92.0,81.0,10.0,1.0
2021-08-05 06:27:43,98.0,87.0,8.0,3.0
2021-08-05 06:27:44,72.0,65.0,5.0,2.0
2021-08-05 06:27:45,98.0,88.0,8.0,2.0
2021-08-05 06:27:46,91.0,80.0,5.0,6.0
2021-08-05 06:27:47,103.0,89.0,8.0,6.0
2021-08-05 06:27:48,109.0,101.0,7.0,1.0
2021-08-05 06:27:49,96.0,88.0,3.0,5.0
2021-08-05 06:27:50,80.0,72.0,4.0,4.0
2021-08-05 06:27:51,87.0,76.0,10.0,1.0
2021-08-05 06:27:52,99.0,89.0,8.0,2.0
2021-08-05 06:27:53,93.0,83.0,4.0,6.0
2021-08-05 06:27:54,106.0,92.0,8.0,6.0
2021-08-05 06:27:55,90.0,83.0,7.0,0.0
2021-08-05 06:27:56,95.0,87.0,3.0,5.0
2021-08-05 06:27:57,95.0,81.0,5.0,9.0
2021-08-05 06:27:58,113.0,98.0,7.0,8.0
2021-08-05 06:27:59,90.0,81.0,5.0,4.0
2021-08-05 06:28:00,100.0,85.0,9.0,6.0
2021-08-05 06:28:01,93.0,79.0,10.0,4.0
2021-08-05 06:28:02,92.0,87.0,2.0,3.0
2021-08-05 06:28:03,80.0,73.0,4.0,3.0
2021-08-05 06:28:04,79.0,70.0,5.0,4.0
2021-08-05 06:28:05,94.0,88.0,5.0,1.0
2021-08-05 06:28:06,105.0,90.0,10.0,5.0
2021-08-05 06:28:07,106.0,93.0,9.0,4.0
2021-08-05 06:28:08,93.0,86.0,5.0,2.0
2021-08-05 06:28:09,75.0,67.0,4.0,4.0
2021-08-05 06:28:10,93.0,81.0,10.0,2.0
2021-08-05 06:28:11,111.0,98.0,7.0,6.0
2021-08-05 06:28:12,100.0,90.0,8.0,2.0
2021-08-05 06:28:13,96.0,85.0,8.0,3.0
2021-08-05 06:28:14,94.0,77.0,9.0,8.0
2021-08-05 06:28:15,85.0,76.0,6.0,3.0
2021-08-05 06:28:16,82.0,72.0,6.0,4.0
2021-08-05 06:28:17,83.0,73.0,7.0,3.0
2021-08-05 06:28:18,81.0,67.0,8.0,6.0
2021-08-05 06:28:19,99.0,86.0,10.0,3.0
2021-08-05 06:28:20,93.0,80.0,6.0,7.0
2021-08-05 06:28:21,103.0,92.0,9.0,2.0
2021-08-05 06:28:22,88.0,80.0,5.0,3.0
2021-08-05 06:28:23,105.0,98.0,6.0,1.0
2021-08-05 06:28:24,110.0,99.0,8.0,3.0
2021-08-05 06:28:25,92.0,84.0,5.0,3.0
2021-08-05 06:28:26,90.0,77.0,7.0,6.0
2021-08-05 06:28:27,95.0,87.0,4.0,4.0
2021-08-05 06:28:28,86.0,77.0,3.0,6.0
2021-08-05 06:28:29,83.0,73.0,4.0,6.0
2021-08-05 06:28:30,102.0,84.0,11.0,7.0
2021-08-05 06:28:31,88.0,76.0,9.0,3.0
2021-08-05 06:28:32,78.0,69.0,6.0,3.0
2021-08-05 06:28:33,89.0,74.0,9.0,6.0
2021-08-05 06:28:34,93.0,88.0,5.0,0.0
2021-08-05 06:28:35,97.0,92.0,4.0,1.0
2021-08-05 06:28:36,96.0,83.0,10.0,3.0
2021-08-05 06:28:37,93.0,84.0,4.0,5.0
2021-08-05 06:28:38,78.0,70.0,4.0,4.0
2021-08-05 06:28:39,88.0,77.0,10.0,1.0
2021-08-05 06:28:40,86.0,73.0,10.0,3.0
2021-08-05 06:28:41,88.0,77.0,5.0,6.0
2021-08-05 06:28:42,92.0,85.0,3.0,4.0
2021-08-05 06:28:43,88.0,78.0,4.0,6.0
2021-08-05 06:28:44,86.0,73.0,11.0,2.0
2021-08-05 06:28:45,85.0,77.0,6.0,2.0
2021-08-05 06:28:46,94.0,85.0,5.0,4.0
2021-08-05 06:28:47,92.0,78.0,7.0,7.0
2021-08-05 06:28:48,110.0,99.0,9.0,2.0
2021-08-05 06:28:49,96.0,83.0,6.0,7.0
2021-08-05 06:28:50,100.0,84.0,8.0,8.0
2021-08-05 06:28:51,93.0,83.0,8.0,2.0
2021-08-05 06:28:52,96.0,88.0,4.0,4.0
2021-08-05 06:28:53,97.0,86.0,5.0,6.0
2021-08-05 06:28:54,90.0,82.0,6.0,2.0
2021-08-05 06:28:55,83.0,77.0,2.0,4.0
2021-08-05 06:28:56,105.0,92.0,7.0,6.0
2021-08-05 06:28:57,88.0,82.0,1.0,5.0
2021-08-05 06:28:58,88.0,82.0,4.0,2.0
2021-08-05 06:28:59,94.0,90.0,2.0,2.0
2021-08-05 06:29:00,102.0,92.0,7.0,3.0
2021-08-05 06:29:01,83.0,70.0,6.0,7.0
2021-08-05 06:29:02,87.0,80.0,5.0,2.0
2021-08-05 06:29:03,95.0,88.0,5.0,2.0
2021-08-05 06:29:04,86.0,69.0,13.0,4.0
2021-08-05 06:29:05,80.0,71.0,4.0,5.0
2021-08-05 06:29:06,96.0,84.0,6.0,6.0
2021-08-05 06:29:07,110.0,99.0,5.0,6.0
2021-08-05 06:29:08,98.0,90.0,5.0,3.0
2021-08-05 06:29:09,92.0,80.0,7.0,5.0
2021-08-05 06:29:10,99.0,85.0,9.0,5.0
2021-08-05 06:29:11,117.0,104.0,7.0,6.0
2021-08-05 06:29:12,92.0,82.0,7.0,3.0
2021-08-05 06:29:13,85.0,76.0,6.0,3.0
2021-08-05 06:29:14,103.0,91.0,10.0,2.0
2021-08-05 06:29:15,90.0,84.0,2.0,4.0
2021-08-05 06:29:16,102.0,87.0,8.0,7.0
2021-08-05 06:29:17,100.0,89.0,6.0,5.0
2021-08-05 06:29:18,102.0,92.0,6.0,4.0
2021-08-05 06:29:19,122.0,112.0,3.0,7.0
2021-08-05 06:29:20,93.0,84.0,5.0,4.0
2021-08-05 06:29:21,91.0,84.0,6.0,1.0
2021-08-05 06:29:22,105.0,92.0,8.0,5.0
2021-08-05 06:29:23,83.0,73.0,4.0,6.0
2021-08-05 06:29:24,95.0,85.0,8.0,2.0
2021-08-05 06:29:25,102.0,95.0,5.0,2.0
2021-08-05 06:29:26,99.0,96.0,2.0,1.0
2021-08-05 06:29:27,74.0,67.0,4.0,3.0
2021-08-05 06:29:28,90.0,78.0,9.0,3.0
2021-08-05 06:29:29,105.0,93.0,8.0,4.0
2021-08-05 06:29:30,98.0,89.0,6.0,3.0
2021-08-05 06:29:31,84.0,76.0,6.0,2.0
2021-08-05 06:29:32,104.0,94.0,7.0,3.0
2021-08-05 06:29:33,78.0,70.0,4.0,4.0
2021-08-05 06:29:34,95.0,83.0,9.0,3.0
2021-08-05 06:29:35,102.0,85.0,12.0,5.0
2021-08-05 06:29:36,88.0,76.0,8.0,4.0
2021-08-05 06:29:37,99.0,84.0,9.0,6.0
2021-08-05 06:29:38,80.0,73.0,4.0,3.0
2021-08-05 06:29:39,104.0,92.0,8.0,4.0
2021-08-05 06:29:40,103.0,88.0,8.0,7.0
2021-08-05 06:29:41,97.0,88.0,5.0,4.0
2021-08-05 06:29:42,90.0,80.0,4.0,6.0
2021-08-05 06:29:43,97.0,87.0,5.0,5.0
2021-08-05 06:29:44,103.0,93.0,5.0,5.0
2021-08-05 06:29:45,87.0,77.0,5.0,5.0
2021-08-05 06:29:46,102.0,92.0,1.0,9.0
2021-08-05 06:29:47,94.0,83.0,6.0,5.0
2021-08-05 06:29:48,87.0,79.0,5.0,3.0
2021-08-05 06:29:49,94.0,84.0,4.0,6.0
2021-08-05 06:29:50,107.0,94.0,5.0,8.0
2021-08-05 06:29:51,97.0,81.0,14.0,2.0
2021-08-05 06:29:52,88.0,75.0,7.0,6.0
2021-08-05 06:29:53,89.0,83.0,4.0,2.0
2021-08-05 06:29:54,99.0,88.0,8.0,3.0
2021-08-05 06:29:55,91.0,84.0,3.0,4.0
2021-08-05 06:29:56,94.0,74.0,13.0,7.0
2021-08-05 06:29:57,83.0,73.0,7.0,3.0
2021-08-05 06:29:58,87.0,76.0,5.0,6.0
2021-08-05 06:29:59,82.0,73.0,7.0,2.0
2021-08-05 06:30:00,86.0,79.0,6.0,1.0
2021-08-05 06:30:01,98.0,85.0,6.0,7.0
2021-08-05 06:30:02,102.0,89.0,5.0,8.0
2021-08-05 06:30:03,100.0,87.0,8.0,5.0
2021-08-05 06:30:04,86.0,75.0,9.0,2.0
2021-08-05 06:30:05,90.0,78.0,7.0,5.0
2021-08-05 06:30:06,107.0,99.0,3.0,5.0
2021-08-05 06:30:07,99.0,87.0,6.0,6.0
2021-08-05 06:30:08,86.0,76.0,9.0,1.0
2021-08-05 06:30:09,86.0,77.0,5.0,4.0
2021-08-05 06:30:10,99.0,82.0,9.0,8.0
2021-08-05 06:30:11,91.0,82.0,5.0,4.0
2021-08-05 06:30:12,99.0,87.0,8.0,4.0
2021-08-05 06:30:13,97.0,88.0,6.0,3.0
2021-08-05 06:30:14,83.0,74.0,3.0,6.0
2021-08-05 06:30:15,107.0,96.0,6.0,5.0
2021-08-05 06:30:16,94.0,82.0,7.0,5.0
2021-08-05 06:30:17,99.0,92.0,5.0,2.0
2021-08-05 06:30:18,111.0,96.0,10.0,5.0
2021-08-05 06:30:19,94.0,87.0,4.0,3.0
2021-08-05 06:30:20,95.0,85.0,7.0,3.0
2021-08-05 06:30:21,123.0,104.0,12.0,7.0
2021-08-05 06:30:22,102.0,92.0,7.0,3.0
2021-08-05 06:30:23,85.0,78.0,3.0,4.0
2021-08-05 06:30:24,81.0,74.0,5.0,2.0
2021-08-05 06:30:25,95.0,85.0,5.0,5.0
2021-08-05 06:30:26,97.0,87.0,6.0,4.0
2021-08-05 06:30:27,87.0,75.0,5.0,7.0
2021-08-05 06:30:28,95.0,85.0,8.0,2.0
2021-08-05 06:30:29,95.0,88.0,4.0,3.0
2021-08-05 06:30:30,93.0,85.0,4.0,4.0
2021-08-05 06:30:31,114.0,97.0,12.0,5.0
2021-08-05 06:30:32,84.0,74.0,8.0,2.0
2021-08-05 06:30:33,94.0,84.0,3.0,7.0
2021-08-05 06:30:34,100.0,88.0,10.0,2.0
2021-08-05 06:30:35,91.0,77.0,8.0,6.0
2021-08-05 06:30:36,94.0,83.0,7.0,4.0
2021-08-05 06:30:37,102.0,84.0,11.0,7.0
2021-08-05 06:30:38,115.0,106.0,6.0,3.0
2021-08-05 06:30:39,96.0,82.0,10.0,4.0
2021-08-05 06:30:40,114.0,102.0,8.0,4.0
2021-08-05 06:30:41,97.0,84.0,8.0,5.0
2021-08-05 06:30:42,105.0,93.0,6.0,6.0
2021-08-05 06:30:43,93.0,83.0,9.0,1.0
2021-08-05 06:30:44,112.0,103.0,4.0,5.0
2021-08-05 06:30:45,82.0,71.0,8.0,3.0
2021-08-05 06:30:46,93.0,77.0,9.0,7.0
2021-08-05 06:30:47,86.0,77.0,6.0,3.0
2021-08-05 06:30:48,91.0,81.0,5.0,5.0
2021-08-05 06:30:49,87.0,75.0,9.0,3.0
2021-08-05 06:30:50,101.0,91.0,3.0,7.0
2021-08-05 06:30:51,93.0,83.0,6.0,4.0
2021-08-05 06:30:52,89.0,78.0,8.0,3.0
2021-08-05 06:30:53,93.0,85.0,4.0,4.0
2021-08-05 06:30:54,85.0,72.0,8.0,5.0
2021-08-05 06:30:55,95.0,79.0,10.0,6.0
2021-08-05 06:30:56,101.0,92.0,6.0,3.0
2021-08-05 06:30:57,100.0,89.0,7.0,4.0
2021-08-05 06:30:58,102.0,94.0,5.0,3.0
2021-08-05 06:30:59,86.0,76.0,6.0,4.0
2021-08-05 06:31:00,83.0,75.0,6.0,2.0
2021-08-05 06:31:01,98.0,91.0,3.0,4.0
2021-08-05 06:31:02,93.0,84.0,7.0,2.0
2021-08-05 06:31:03,120.0,111.0,5.0,4.0
2021-08-05 06:31:04,86.0,78.0,6.0,2.0
2021-08-05 06:31:05,88.0,74.0,10.0,4.0
2021-08-05 06:31:06,99.0,93.0,3.0,3.0
2021-08-05 06:31:07,102.0,89.0,4.0,9.0
2021-08-05 06:31:08,90.0,81.0,2.0,7.0
2021-08-05 06:31:09,86.0,82.0,4.0,0.0
2021-08-05 06:31:10,91.0,80.0,8.0,3.0
2021-08-05 06:31:11,106.0,93.0,6.0,7.0
2021-08-05 06:31:12,83.0,73.0,8.0,2.0
2021-08-05 06:31:13,104.0,95.0,7.0,2.0
2021-08-05 06:31:14,96.0,85.0,6.0,5.0
2021-08-05 06:31:15,101.0,88.0,9.0,4.0
2021-08-05 06:31:16,104.0,89.0,11.0,4.0
2021-08-05 06:31:17,92.0,87.0,2.0,3.0
2021-08-05 06:31:18,99.0,89.0,6.0,4.0
2021-08-05 06:31:19,99.0,87.0,10.0,2.0
2021-08-05 06:31:20,112.0,93.0,11.0,8.0
2021-08-05 06:31:21,102.0,95.0,4.0,3.0
2021-08-05 06:31:22,96.0,84.0,9.0,3.0
2021-08-05 06:31:23,85.0,78.0,3.0,4.0
2021-08-05 06:31:24,92.0,82.0,3.0,7.0
2021-08-05 06:31:25,90.0,80.0,5.0,5.0
2021-08-05 06:31:26,91.0,79.0,12.0,0.0
2021-08-05 06:31:27,90.0,78.0,10.0,2.0
2021-08-05 06:31:28,99.0,85.0,7.0,7.0
2021-08-05 06:31:29,95.0,82.0,6.0,7.0
2021-08-05 06:31:30,104.0,94.0,7.0,3.0
2021-08-05 06:31:31,105.0,89.0,11.0,5.0
2021-08-05 06:31:32,89.0,78.0,8.0,3.0
2021-08-05 06:31:33,109.0,101.0,5.0,3.0
2021-08-05 06:31:34,96.0,78.0,12.0,6.0
2021-08-05 06:31:35,102.0,89.0,5.0,8.0
2021-08-05 06:31:36,110.0,95.0,9.0,6.0
2021-08-05 06:31:37,96.0,83.0,5.0,8.0
2021-08-05 06:31:38,90.0,79.0,7.0,4.0
2021-08-05 06:31:39,113.0,99.0,8.0,6.0
2021-08-05 06:31:40,91.0,79.0,9.0,3.0
2021-08-05 06:31:41,89.0,83.0,5.0,1.0
2021-08-05 06:31:42,106.0,92.0,9.0,5.0
2021-08-05 06:31:43,101.0,92.0,4.0,5.0
2021-08-05 06:31:44,105.0,94.0,5.0,6.0
2021-08-05 06:31:45,95.0,86.0,4.0,5.0
2021-08-05 06:31:46,99.0,88.0,5.0,6.0
2021-08-05 06:31:47,83.0,76.0,4.0,3.0
2021-08-05 06:31:48,99.0,93.0,5.0,1.0
2021-08-05 06:31:49,92.0,81.0,6.0,5.0
2021-08-05 06:31:50,103.0,87.0,11.0,5.0
2021-08-05 06:31:51,94.0,81.0,10.0,3.0
2021-08-05 06:31:52,81.0,71.0,7.0,3.0
2021-08-05 06:31:53,96.0,92.0,0.0,4.0
2021-08-05 06:31:54,95.0,83.0,10.0,2.0
2021-08-05 06:31:55,78.0,67.0,6.0,5.0
2021-08-05 06:31:56,84.0,75.0,5.0,4.0
2021-08-05 06:31:57,94.0,85.0,3.0,6.0
2021-08-05 06:31:58,79.0,72.0,5.0,2.0
2021-08-05 06:31:59,82.0,71.0,3.0,8.0
2021-08-05 06:32:00,94.0,86.0,6.0,2.0
2021-08-05 06:32:01,106.0,97.0,6.0,3.0
2021-08-05 06:32:02,103.0,93.0,6.0,4.0
2021-08-05 06:32:03,106.0,99.0,2.0,5.0
2021-08-05 06:32:04,104.0,96.0,2.0,6.0
2021-08-05 06:32:05,87.0,76.0,6.0,5.0
2021-08-05 06:32:06,114.0,101.0,4.0,9.0
2021-08-05 06:32:07,94.0,82.0,7.0,5.0
2021-08-05 06:32:08,107.0,91.0,10.0,6.0
2021-08-05 06:32:09,105.0,97.0,5.0,3.0
2021-08-05 06:32:10,105.0,91.0,11.0,3.0
2021-08-05 06:32:11,93.0,87.0,5.0,1.0
2021-08-05 06:32:12,73.0,64.0,6.0,3.0
2021-08-05 06:32:13,88.0,77.0,5.0,6.0
2021-08-05 06:32:14,89.0,77.0,7.0,5.0
2021-08-05 06:32:15,93.0,80.0,8.0,5.0
2021-08-05 06:32:16,103.0,93.0,3.0,7.0
2021-08-05 06:32:17,87.0,82.0,4.0,1.0
2021-08-05 06:32:18,79.0,76.0,3.0,0.0
2021-08-05 06:32:19,94.0,90.0,2.0,2.0
2021-08-05 06:32:20,95.0,83.0,7.0,5.0
2021-08-05 06:32:21,92.0,85.0,4.0,3.0
2021-08-05 06:32:22,86.0,76.0,5.0,5.0
2021-08-05 06:32:23,104.0,96.0,4.0,4.0
2021-08-05 06:32:24,100.0,85.0,8.0,7.0
2021-08-05 06:32:25,98.0,84.0,9.0,5.0
2021-08-05 06:32:26,89.0,74.0,11.0,4.0
2021-08-05 06:32:27,90.0,81.0,4.0,5.0
2021-08-05 06:32:28,79.0,74.0,4.0,1.0
2021-08-05 06:32:29,96.0,87.0,5.0,4.0
2021-08-05 06:32:30,87.0,77.0,8.0,2.0
2021-08-05 06:32:31,86.0,72.0,8.0,6.0
2021-08-05 06:32:32,106.0,92.0,8.0,6.0
2021-08-05 06:32:33,94.0,84.0,8.0,2.0
2021-08-05 06:32:34,98.0,91.0,7.0,0.0
2021-08-05 06:32:35,94.0,72.0,15.0,7.0
2021-08-05 06:32:36,99.0,90.0,5.0,4.0
2021-08-05 06:32:37,100.0,94.0,4.0,2.0
2021-08-05 06:32:38,89.0,79.0,8.0,2.0
2021-08-05 06:32:39,102.0,87.0,10.0,5.0
2021-08-05 06:32:40,109.0,98.0,5.0,6.0
2021-08-05 06:32:41,86.0,79.0,4.0,3.0
2021-08-05 06:32:42,90.0,81.0,6.0,3.0
2021-08-05 06:32:43,96.0,85.0,6.0,5.0
2021-08-05 06:32:44,121.0,106.0,10.0,5.0
2021-08-05 06:32:45,90.0,78.0,5.0,7.0
2021-08-05 06:32:46,94.0,86.0,3.0,5.0
2021-08-05 06:32:47,83.0,74.0,5.0,4.0
2021-08-05 06:32:48,97.0,85.0,8.0,4.0
2021-08-05 06:32:49,105.0,97.0,6.0,2.0
2021-08-05 06:32:50,94.0,77.0,6.0,11.0
2021-08-05 06:32:51,88.0,78.0,6.0,4.0
2021-08-05 06:32:52,87.0,78.0,6.0,3.0
2021-08-05 06:32:53,102.0,89.0,7.0,6.0
2021-08-05 06:32:54,99.0,88.0,6.0,5.0
2021-08-05 06:32:55,82.0,71.0,9.0,2.0
2021-08-05 06:32:56,100.0,84.0,8.0,8.0
2021-08-05 06:32:57,86.0,74.0,9.0,3.0
2021-08-05 06:32:58,100.0,88.0,5.0,7.0
2021-08-05 06:32:59,104.0,93.0,7.0,4.0
2021-08-05 06:33:00,85.0,74.0,8.0,3.0
2021-08-05 06:33:01,87.0,76.0,6.0,5.0
2021-08-05 06:33:02,93.0,82.0,7.0,4.0
2021-08-05 06:33:03,95.0,86.0,4.0,5.0
2021-08-05 06:33:04,94.0,86.0,5.0,3.0
2021-08-05 06:33:05,100.0,94.0,4.0,2.0
2021-08-05 06:33:06,94.0,82.0,9.0,3.0
2021-08-05 06:33:07,105.0,96.0,6.0,3.0
2021-08-05 06:33:08,88.0,84.0,2.0,2.0
2021-08-05 06:33:09,86.0,79.0,4.0,3.0
2021-08-05 06:33:10,89.0,77.0,6.0,6.0
2021-08-05 06:33:11,91.0,84.0,4.0,3.0
2021-08-05 06:33:12,79.0,69.0,4.0,6.0
2021-08-05 06:33:13,96.0,78.0,8.0,10.0
2021-08-05 06:33:14,88.0,77.0,5.0,6.0
2021-08-05 06:33:15,95.0,83.0,7.0,5.0
2021-08-05 06:33:16,98.0,85.0,8.0,5.0
2021-08-05 06:33:17,100.0,87.0,7.0,6.0
2021-08-05 06:33:18,92.0,79.0,6.0,7.0
2021-08-05 06:33:19,93.0,83.0,7.0,3.0
2021-08-05 06:33:20,89.0,78.0,4.0,7.0
2021-08-05 06:33:21,98.0,87.0,9.0,2.0
2021-08-05 06:33:22,92.0,86.0,2.0,4.0
2021-08-05 06:33:23,109.0,104.0,2.0,3.0
2021-08-05 06:33:24,100.0,80.0,11.0,9.0
2021-08-05 06:33:25,98.0,86.0,9.0,3.0
2021-08-05 06:33:26,94.0,83.0,7.0,4.0
2021-08-05 06:33:27,96.0,85.0,10.0,1.0
2021-08-05 06:33:28,98.0,90.0,5.0,3.0
2021-08-05 06:33:29,82.0,76.0,4.0,2.0
2021-08-05 06:33:30,103.0,95.0,6.0,2.0
2021-08-05 06:33:31,114.0,105.0,6.0,3.0
2021-08-05 06:33:32,79.0,74.0,4.0,1.0
2021-08-05 06:33:33,93.0,79.0,9.0,5.0
2021-08-05 06:33:34,102.0,95.0,2.0,5.0
2021-08-05 06:33:35,92.0,81.0,7.0,4.0
2021-08-05 06:33:36,100.0,89.0,5.0,6.0
2021-08-05 06:33:37,78.0,69.0,8.0,1.0
2021-08-05 06:33:38,75.0,71.0,3.0,1.0
2021-08-05 06:33:39,93.0,86.0,6.0,1.0
2021-08-05 06:33:40,106.0,92.0,3.0,11.0
2021-08-05 06:33:41,95.0,85.0,6.0,4.0
2021-08-05 06:33:42,94.0,85.0,6.0,3.0
2021-08-05 06:33:43,100.0,91.0,3.0,6.0
2021-08-05 06:33:44,106.0,87.0,11.0,8.0
2021-08-05 06:33:45,96.0,85.0,6.0,5.0
2021-08-05 06:33:46,97.0,82.0,12.0,3.0
2021-08-05 06:33:47,93.0,80.0,7.0,6.0
2021-08-05 06:33:48,106.0,95.0,6.0,5.0
2021-08-05 06:33:49,88.0,80.0,8.0,0.0
2021-08-05 06:33:50,99.0,86.0,6.0,7.0
2021-08-05 06:33:51,102.0,90.0,6.0,6.0
2021-08-05 06:33:52,84.0,72.0,5.0,7.0
2021-08-05 06:33:53,87.0,76.0,5.0,6.0
2021-08-05 06:33:54,82.0,74.0,2.0,6.0
2021-08-05 06:33:55,87.0,76.0,7.0,4.0
2021-08-05 06:33:56,98.0,90.0,2.0,6.0
2021-08-05 06:33:57,103.0,92.0,8.0,3.0
2021-08-05 06:33:58,98.0,88.0,6.0,4.0
2021-08-05 06:33:59,94.0,80.0,10.0,4.0
2021-08-05 06:34:00,102.0,92.0,8.0,2.0
2021-08-05 06:34:01,90.0,78.0,4.0,8.0
2021-08-05 06:34:02,105.0,92.0,7.0,6.0
2021-08-05 06:34:03,96.0,88.0,3.0,5.0
2021-08-05 06:34:04,116.0,102.0,11.0,3.0
2021-08-05 06:34:05,92.0,78.0,8.0,6.0
2021-08-05 06:34:06,93.0,78.0,12.0,3.0
2021-08-05 06:34:07,83.0,76.0,6.0,1.0
2021-08-05 06:34:08,117.0,104.0,9.0,4.0
2021-08-05 06:34:09,105.0,91.0,9.0,5.0
2021-08-05 06:34:10,102.0,91.0,6.0,5.0
2021-08-05 06:34:11,107.0,91.0,6.0,10.0
2021-08-05 06:34:12,91.0,81.0,5.0,5.0
2021-08-05 06:34:13,91.0,79.0,8.0,4.0
2021-08-05 06:34:14,106.0,94.0,7.0,5.0
2021-08-05 06:34:15,87.0,77.0,3.0,7.0
2021-08-05 06:34:16,98.0,91.0,1.0,6.0
2021-08-05 06:34:17,116.0,99.0,12.0,5.0
2021-08-05 06:34:18,86.0,72.0,8.0,6.0
2021-08-05 06:34:19,87.0,81.0,4.0,2.0
2021-08-05 06:34:20,91.0,85.0,2.0,4.0
2021-08-05 06:34:21,98.0,87.0,3.0,8.0
2021-08-05 06:34:22,107.0,93.0,13.0,1.0
2021-08-05 06:34:23,97.0,86.0,6.0,5.0
2021-08-05 06:34:24,89.0,72.0,12.0,5.0
2021-08-05 06:34:25,98.0,86.0,5.0,7.0
2021-08-05 06:34:26,76.0,71.0,4.0,1.0
2021-08-05 06:34:27,114.0,106.0,5.0,3.0
2021-08-05 06:34:28,114.0,110.0,3.0,1.0
2021-08-05 06:34:29,103.0,95.0,2.0,6.0
2021-08-05 06:34:30,103.0,92.0,6.0,5.0
2021-08-05 06:34:31,114.0,103.0,8.0,3.0
2021-08-05 06:34:32,98.0,86.0,8.0,4.0
2021-08-05 06:34:33,95.0,84.0,10.0,1.0
2021-08-05 06:34:34,102.0,88.0,8.0,6.0
2021-08-05 06:34:35,92.0,83.0,4.0,5.0
2021-08-05 06:34:36,107.0,95.0,9.0,3.0
2021-08-05 06:34:37,86.0,79.0,3.0,4.0
2021-08-05 06:34:38,102.0,90.0,11.0,1.0
2021-08-05 06:34:39,108.0,95.0,9.0,4.0
2021-08-05 06:34:40,110.0,100.0,7.0,3.0
2021-08-05 06:34:41,100.0,91.0,5.0,4.0
2021-08-05 06:34:42,91.0,79.0,7.0,5.0
2021-08-05 06:34:43,92.0,83.0,6.0,3.0
2021-08-05 06:34:44,113.0,102.0,5.0,6.0
2021-08-05 06:34:45,113.0,104.0,4.0,5.0
2021-08-05 06:34:46,109.0,102.0,4.0,3.0
2021-08-05 06:34:47,81.0,73.0,7.0,1.0
2021-08-05 06:34:48,102.0,90.0,9.0,3.0
2021-08-05 06:34:49,103.0,91.0,5.0,7.0
2021-08-05 06:34:50,86.0,77.0,6.0,3.0
2021-08-05 06:34:51,120.0,105.0,7.0,8.0
2021-08-05 06:34:52,80.0,72.0,5.0,3.0
2021-08-05 06:34:53,117.0,100.0,15.0,2.0
2021-08-05 06:34:54,87.0,80.0,4.0,3.0
2021-08-05 06:34:55,96.0,85.0,7.0,4.0
2021-08-05 06:34:56,85.0,79.0,4.0,2.0
2021-08-05 06:34:57,87.0,83.0,0.0,4.0
2021-08-05 06:34:58,86.0,76.0,5.0,5.0
2021-08-05 06:34:59,93.0,81.0,8.0,4.0
2021-08-05 06:35:00,96.0,85.0,6.0,5.0
2021-08-05 06:35:01,111.0,96.0,14.0,1.0
2021-08-05 06:35:02,76.0,67.0,6.0,3.0
2021-08-05 06:35:03,81.0,69.0,7.0,5.0
2021-08-05 06:35:04,87.0,76.0,5.0,6.0
2021-08-05 06:35:05,85.0,74.0,8.0,3.0
2021-08-05 06:35:06,110.0,98.0,10.0,2.0
2021-08-05 06:35:07,90.0,84.0,2.0,4.0
2021-08-05 06:35:08,87.0,77.0,6.0,4.0
2021-08-05 06:35:09,88.0,72.0,9.0,7.0
2021-08-05 06:35:10,81.0,72.0,4.0,5.0
2021-08-05 06:35:11,113.0,103.0,8.0,2.0
2021-08-05 06:35:12,76.0,72.0,2.0,2.0
2021-08-05 06:35:13,102.0,90.0,8.0,4.0
2021-08-05 06:35:14,73.0,66.0,3.0,4.0
2021-08-05 06:35:15,90.0,80.0,5.0,5.0
2021-08-05 06:35:16,92.0,87.0,4.0,1.0
2021-08-05 06:35:17,109.0,93.0,13.0,3.0
2021-08-05 06:35:18,95.0,80.0,10.0,5.0
2021-08-05 06:35:19,89.0,79.0,8.0,2.0
2021-08-05 06:35:20,103.0,93.0,6.0,4.0
2021-08-05 06:35:21,89.0,77.0,8.0,4.0
2021-08-05 06:35:22,101.0,90.0,10.0,1.0
2021-08-05 06:35:23,96.0,85.0,6.0,5.0
2021-08-05 06:35:24,79.0,73.0,6.0,0.0
2021-08-05 06:35:25,89.0,81.0,6.0,2.0
2021-08-05 06:35:26,89.0,79.0,5.0,5.0
2021-08-05 06:35:27,79.0,68.0,7.0,4.0
2021-08-05 06:35:28,101.0,90.0,5.0,6.0
2021-08-05 06:35:29,82.0,73.0,5.0,4.0
2021-08-05 06:35:30,93.0,85.0,6.0,2.0
2021-08-05 06:35:31,105.0,87.0,9.0,9.0
2021-08-05 06:35:32,90.0,76.0,5.0,9.0
2021-08-05 06:35:33,85.0,72.0,10.0,3.0
2021-08-05 06:35:34,84.0,74.0,8.0,2.0
2021-08-05 06:35:35,109.0,94.0,8.0,7.0
2021-08-05 06:35:36,94.0,80.0,8.0,6.0
2021-08-05 06:35:37,91.0,82.0,7.0,2.0
2021-08-05 06:35:38,94.0,87.0,2.0,5.0
2021-08-05 06:35:39,93.0,86.0,4.0,3.0
2021-08-05 06:35:40,101.0,92.0,2.0,7.0
2021-08-05 06:35:41,98.0,88.0,7.0,3.0
2021-08-05 06:35:42,74.0,65.0,6.0,3.0
2021-08-05 06:35:43,100.0,90.0,7.0,3.0
2021-08-05 06:35:44,96.0,89.0,3.0,4.0
2021-08-05 06:35:45,92.0,80.0,7.0,5.0
2021-08-05 06:35:46,67.0,62.0,4.0,1.0
2021-08-05 06:35:47,90.0,76.0,5.0,9.0
2021-08-05 06:35:48,98.0,84.0,8.0,6.0
2021-08-05 06:35:49,88.0,78.0,7.0,3.0
2021-08-05 06:35:50,92.0,81.0,8.0,3.0
2021-08-05 06:35:51,81.0,69.0,7.0,5.0
2021-08-05 06:35:52,98.0,88.0,6.0,4.0
2021-08-05 06:35:53,91.0,82.0,5.0,4.0
2021-08-05 06:35:54,102.0,90.0,6.0,6.0
2021-08-05 06:35:55,79.0,69.0,4.0,6.0
2021-08-05 06:35:56,95.0,87.0,2.0,6.0
2021-08-05 06:35:57,91.0,81.0,8.0,2.0
2021-08-05 06:35:58,99.0,92.0,2.0,5.0
2021-08-05 06:35:59,79.0,69.0,6.0,4.0
2021-08-05 06:36:00,101.0,87.0,11.0,3.0
2021-08-05 06:36:01,99.0,84.0,8.0,7.0
2021-08-05 06:36:02,86.0,80.0,4.0,2.0
2021-08-05 06:36:03,108.0,98.0,7.0,3.0
2021-08-05 06:36:04,93.0,80.0,10.0,3.0
2021-08-05 06:36:05,90.0,80.0,5.0,5.0
2021-08-05 06:36:06,89.0,79.0,9.0,1.0
2021-08-05 06:36:07,97.0,88.0,5.0,4.0
2021-08-05 06:36:08,76.0,63.0,8.0,5.0
2021-08-05 06:36:09,94.0,80.0,7.0,7.0
2021-08-05 06:36:10,87.0,74.0,7.0,6.0
2021-08-05 06:36:11,98.0,90.0,6.0,2.0
2021-08-05 06:36:12,90.0,82.0,5.0,3.0
2021-08-05 06:36:13,101.0,90.0,6.0,5.0
2021-08-05 06:36:14,115.0,104.0,7.0,4.0
2021-08-05 06:36:15,86.0,74.0,6.0,6.0
2021-08-05 06:36:16,108.0,98.0,8.0,2.0
2021-08-05 06:36:17,98.0,89.0,6.0,3.0
2021-08-05 06:36:18,93.0,79.0,7.0,7.0
2021-08-05 06:36:19,99.0,92.0,6.0,1.0
2021-08-05 06:36:20,102.0,91.0,8.0,3.0
2021-08-05 06:36:21,76.0,68.0,2.0,6.0
2021-08-05 06:36:22,93.0,85.0,5.0,3.0
2021-08-05 06:36:23,90.0,77.0,9.0,4.0
2021-08-05 06:36:24,91.0,80.0,8.0,3.0
2021-08-05 06:36:25,95.0,81.0,3.0,11.0
2021-08-05 06:36:26,94.0,83.0,5.0,6.0
2021-08-05 06:36:27,96.0,88.0,5.0,3.0
2021-08-05 06:36:28,94.0,79.0,8.0,7.0
2021-08-05 06:36:29,102.0,87.0,11.0,4.0
2021-08-05 06:36:30,80.0,75.0,3.0,2.0
2021-08-05 06:36:31,99.0,91.0,7.0,1.0
2021-08-05 06:36:32,91.0,80.0,6.0,5.0
2021-08-05 06:36:33,83.0,74.0,6.0,3.0
2021-08-05 06:36:34,106.0,98.0,2.0,6.0
2021-08-05 06:36:35,106.0,93.0,10.0,3.0
2021-08-05 06:36:36,117.0,103.0,6.0,8.0
2021-08-05 06:36:37,82.0,67.0,8.0,7.0
2021-08-05 06:36:38,81.0,67.0,10.0,4.0
2021-08-05 06:36:39,103.0,86.0,11.0,6.0
2021-08-05 06:36:40,85.0,77.0,7.0,1.0
2021-08-05 06:36:41,98.0,84.0,11.0,3.0
2021-08-05 06:36:42,83.0,69.0,8.0,6.0
2021-08-05 06:36:43,114.0,100.0,9.0,5.0
2021-08-05 06:36:44,88.0,77.0,8.0,3.0
2021-08-05 06:36:45,104.0,92.0,7.0,5.0
2021-08-05 06:36:46,106.0,93.0,8.0,5.0
2021-08-05 06:36:47,91.0,77.0,7.0,7.0
2021-08-05 06:36:48,94.0,83.0,6.0,5.0
2021-08-05 06:36:49,92.0,81.0,7.0,4.0
2021-08-05 06:36:50,90.0,81.0,6.0,3.0
2021-08-05 06:36:51,95.0,80.0,8.0,7.0
2021-08-05 06:36:52,96.0,88.0,4.0,4.0
2021-08-05 06:36:53,83.0,72.0,5.0,6.0
2021-08-05 06:36:54,99.0,92.0,3.0,4.0
2021-08-05 06:36:55,86.0,77.0,7.0,2.0
2021-08-05 06:36:56,86.0,79.0,5.0,2.0
2021-08-05 06:36:57,101.0,86.0,11.0,4.0
2021-08-05 06:36:58,101.0,88.0,7.0,6.0
2021-08-05 06:36:59,101.0,90.0,8.0,3.0
2021-08-05 06:37:00,87.0,71.0,9.0,7.0
2021-08-05 06:37:01,101.0,87.0,9.0,5.0
2021-08-05 06:37:02,94.0,84.0,6.0,4.0
2021-08-05 06:37:03,93.0,81.0,11.0,1.0
2021-08-05 06:37:04,91.0,77.0,6.0,8.0
2021-08-05 06:37:05,100.0,93.0,4.0,3.0
2021-08-05 06:37:06,84.0,79.0,4.0,1.0
2021-08-05 06:37:07,90.0,80.0,5.0,5.0
2021-08-05 06:37:08,106.0,94.0,6.0,6.0
2021-08-05 06:37:09,100.0,86.0,12.0,2.0
2021-08-05 06:37:10,97.0,84.0,9.0,4.0
2021-08-05 06:37:11,92.0,81.0,7.0,4.0
2021-08-05 06:37:12,97.0,82.0,11.0,4.0
2021-08-05 06:37:13,120.0,105.0,10.0,5.0
2021-08-05 06:37:14,96.0,87.0,6.0,3.0
2021-08-05 06:37:15,91.0,77.0,10.0,4.0
2021-08-05 06:37:16,109.0,96.0,9.0,4.0
2021-08-05 06:37:17,95.0,84.0,8.0,3.0
2021-08-05 06:37:18,74.0,66.0,2.0,6.0
2021-08-05 06:37:19,103.0,96.0,5.0,2.0
2021-08-05 06:37:20,87.0,76.0,8.0,3.0
2021-08-05 06:37:21,82.0,73.0,4.0,5.0
2021-08-05 06:37:22,72.0,62.0,8.0,2.0
2021-08-05 06:37:23,91.0,82.0,6.0,3.0
2021-08-05 06:37:24,97.0,86.0,7.0,4.0
2021-08-05 06:37:25,121.0,103.0,11.0,7.0
2021-08-05 06:37:26,100.0,89.0,4.0,7.0
2021-08-05 06:37:27,111.0,95.0,8.0,8.0
2021-08-05 06:37:28,83.0,72.0,6.0,5.0
2021-08-05 06:37:29,111.0,91.0,10.0,10.0
2021-08-05 06:37:30,104.0,90.0,9.0,5.0
2021-08-05 06:37:31,98.0,91.0,2.0,5.0
2021-08-05 06:37:32,96.0,82.0,7.0,7.0
2021-08-05 06:37:33,73.0,64.0,8.0,1.0
2021-08-05 06:37:34,93.0,78.0,4.0,11.0
2021-08-05 06:37:35,101.0,85.0,13.0,3.0
2021-08-05 06:37:36,89.0,71.0,9.0,9.0
2021-08-05 06:37:37,115.0,96.0,10.0,9.0
2021-08-05 06:37:38,89.0,78.0,9.0,2.0
2021-08-05 06:37:39,104.0,97.0,6.0,1.0
2021-08-05 06:37:40,97.0,86.0,6.0,5.0
2021-08-05 06:37:41,90.0,77.0,5.0,8.0
2021-08-05 06:37:42,89.0,76.0,8.0,5.0
2021-08-05 06:37:43,107.0,97.0,8.0,2.0
2021-08-05 06:37:44,94.0,82.0,6.0,6.0
2021-08-05 06:37:45,92.0,79.0,9.0,4.0
2021-08-05 06:37:46,89.0,79.0,6.0,4.0
2021-08-05 06:37:47,88.0,79.0,5.0,4.0
2021-08-05 06:37:48,111.0,95.0,9.0,7.0
2021-08-05 06:37:49,92.0,87.0,4.0,1.0
2021-08-05 06:37:50,103.0,90.0,10.0,3.0
2021-08-05 06:37:51,87.0,73.0,8.0,6.0
2021-08-05 06:37:52,98.0,86.0,4.0,8.0
2021-08-05 06:37:53,94.0,80.0,7.0,7.0
2021-08-05 06:37:54,114.0,107.0,5.0,2.0
2021-08-05 06:37:55,87.0,75.0,8.0,4.0
2021-08-05 06:37:56,90.0,76.0,8.0,6.0
2021-08-05 06:37:57,96.0,80.0,11.0,5.0
2021-08-05 06:37:58,84.0,76.0,3.0,5.0
2021-08-05 06:37:59,82.0,69.0,7.0,6.0
2021-08-05 06:38:00,101.0,91.0,8.0,2.0
2021-08-05 06:38:01,82.0,70.0,5.0,7.0
2021-08-05 06:38:02,69.0,63.0,3.0,3.0
2021-08-05 06:38:03,78.0,71.0,4.0,3.0
2021-08-05 06:38:04,102.0,90.0,7.0,5.0
2021-08-05 06:38:05,108.0,94.0,7.0,7.0
2021-08-05 06:38:06,105.0,87.0,9.0,9.0
2021-08-05 06:38:07,106.0,93.0,9.0,4.0
2021-08-05 06:38:08,117.0,101.0,11.0,5.0
2021-08-05 06:38:09,85.0,79.0,3.0,3.0
2021-08-05 06:38:10,96.0,86.0,8.0,2.0
2021-08-05 06:38:11,98.0,83.0,8.0,7.0
2021-08-05 06:38:12,104.0,90.0,6.0,8.0
2021-08-05 06:38:13,101.0,88.0,6.0,7.0
2021-08-05 06:38:14,89.0,80.0,6.0,3.0
2021-08-05 06:38:15,112.0,103.0,4.0,5.0
2021-08-05 06:38:16,73.0,69.0,4.0,0.0
2021-08-05 06:38:17,103.0,93.0,6.0,4.0
2021-08-05 06:38:18,91.0,84.0,3.0,4.0
2021-08-05 06:38:19,110.0,102.0,6.0,2.0
2021-08-05 06:38:20,94.0,79.0,8.0,7.0
2021-08-05 06:38:21,87.0,80.0,5.0,2.0
2021-08-05 06:38:22,81.0,70.0,6.0,5.0
2021-08-05 06:38:23,100.0,95.0,4.0,1.0
2021-08-05 06:38:24,94.0,82.0,9.0,3.0
2021-08-05 06:38:25,100.0,95.0,3.0,2.0
2021-08-05 06:38:26,102.0,97.0,3.0,2.0
2021-08-05 06:38:27,99.0,91.0,4.0,4.0
2021-08-05 06:38:28,95.0,90.0,1.0,4.0
2021-08-05 06:38:29,87.0,75.0,8.0,4.0
2021-08-05 06:38:30,92.0,84.0,4.0,4.0
2021-08-05 06:38:31,108.0,96.0,5.0,7.0
2021-08-05 06:38:32,101.0,85.0,9.0,7.0
2021-08-05 06:38:33,108.0,95.0,8.0,5.0
2021-08-05 06:38:34,94.0,83.0,8.0,3.0
2021-08-05 06:38:35,96.0,87.0,5.0,4.0
2021-08-05 06:38:36,85.0,72.0,6.0,7.0
2021-08-05 06:38:37,103.0,91.0,5.0,7.0
2021-08-05 06:38:38,99.0,87.0,5.0,7.0
2021-08-05 06:38:39,98.0,89.0,3.0,6.0
2021-08-05 06:38:40,107.0,97.0,6.0,4.0
2021-08-05 06:38:41,92.0,80.0,9.0,3.0
2021-08-05 06:38:42,102.0,83.0,12.0,7.0
2021-08-05 06:38:43,93.0,84.0,6.0,3.0
2021-08-05 06:38:44,94.0,83.0,7.0,4.0
2021-08-05 06:38:45,108.0,98.0,9.0,1.0
2021-08-05 06:38:46,96.0,88.0,5.0,3.0
2021-08-05 06:38:47,77.0,66.0,6.0,5.0
2021-08-05 06:38:48,106.0,94.0,5.0,7.0
2021-08-05 06:38:49,98.0,83.0,7.0,8.0
2021-08-05 06:38:50,120.0,104.0,9.0,7.0
2021-08-05 06:38:51,94.0,84.0,7.0,3.0
2021-08-05 06:38:52,102.0,94.0,7.0,1.0
2021-08-05 06:38:53,91.0,82.0,4.0,5.0
2021-08-05 06:38:54,95.0,88.0,5.0,2.0
2021-08-05 06:38:55,104.0,93.0,5.0,6.0
2021-08-05 06:38:56,93.0,77.0,7.0,9.0
2021-08-05 06:38:57,84.0,77.0,4.0,3.0
2021-08-05 06:38:58,97.0,85.0,7.0,5.0
2021-08-05 06:38:59,90.0,83.0,5.0,2.0
2021-08-05 06:39:00,80.0,71.0,1.0,8.0
2021-08-05 06:39:01,83.0,74.0,6.0,3.0
2021-08-05 06:39:02,92.0,80.0,11.0,1.0
2021-08-05 06:39:03,77.0,67.0,7.0,3.0
2021-08-05 06:39:04,79.0,65.0,10.0,4.0
2021-08-05 06:39:05,99.0,90.0,5.0,4.0
2021-08-05 06:39:06,83.0,76.0,3.0,4.0
2021-08-05 06:39:07,87.0,75.0,9.0,3.0
2021-08-05 06:39:08,99.0,90.0,6.0,3.0
2021-08-05 06:39:09,82.0,73.0,8.0,1.0
2021-08-05 06:39:10,88.0,84.0,3.0,1.0
2021-08-05 06:39:11,109.0,99.0,5.0,5.0
2021-08-05 06:39:12,114.0,102.0,5.0,7.0
2021-08-05 06:39:13,118.0,107.0,2.0,9.0
2021-08-05 06:39:14,72.0,63.0,5.0,4.0
2021-08-05 06:39:15,107.0,96.0,6.0,5.0
2021-08-05 06:39:16,95.0,86.0,1.0,8.0
2021-08-05 06:39:17,73.0,62.0,8.0,3.0
2021-08-05 06:39:18,63.0,56.0,6.0,1.0
2021-08-05 06:39:19,95.0,85.0,6.0,4.0
2021-08-05 06:39:20,78.0,65.0,7.0,6.0
2021-08-05 06:39:21,82.0,75.0,3.0,4.0
2021-08-05 06:39:22,95.0,85.0,7.0,3.0
2021-08-05 06:39:23,84.0,75.0,5.0,4.0
2021-08-05 06:39:24,93.0,79.0,6.0,8.0
2021-08-05 06:39:25,95.0,80.0,8.0,7.0
2021-08-05 06:39:26,98.0,80.0,10.0,8.0
2021-08-05 06:39:27,86.0,77.0,6.0,3.0
2021-08-05 06:39:28,98.0,86.0,9.0,3.0
2021-08-05 06:39:29,80.0,66.0,8.0,6.0
2021-08-05 06:39:30,89.0,82.0,2.0,5.0
2021-08-05 06:39:31,91.0,78.0,6.0,7.0
2021-08-05 06:39:32,93.0,82.0,6.0,5.0
2021-08-05 06:39:33,94.0,85.0,5.0,4.0
2021-08-05 06:39:34,101.0,94.0,4.0,3.0
2021-08-05 06:39:35,75.0,71.0,2.0,2.0
2021-08-05 06:39:36,90.0,73.0,11.0,6.0
2021-08-05 06:39:37,98.0,83.0,7.0,8.0
2021-08-05 06:39:38,85.0,75.0,4.0,6.0
2021-08-05 06:39:39,77.0,72.0,3.0,2.0
2021-08-05 06:39:40,81.0,66.0,11.0,4.0
2021-08-05 06:39:41,106.0,95.0,6.0,5.0
2021-08-05 06:39:42,95.0,88.0,2.0,5.0
2021-08-05 06:39:43,112.0,97.0,8.0,7.0
2021-08-05 06:39:44,84.0,77.0,6.0,1.0
2021-08-05 06:39:45,83.0,74.0,7.0,2.0
2021-08-05 06:39:46,102.0,92.0,5.0,5.0
2021-08-05 06:39:47,84.0,75.0,6.0,3.0
2021-08-05 06:39:48,102.0,90.0,6.0,6.0
2021-08-05 06:39:49,106.0,94.0,5.0,7.0
2021-08-05 06:39:50,101.0,90.0,7.0,4.0
2021-08-05 06:39:51,100.0,88.0,9.0,3.0
2021-08-05 06:39:52,90.0,83.0,2.0,5.0
2021-08-05 06:39:53,91.0,79.0,9.0,3.0
2021-08-05 06:39:54,90.0,85.0,3.0,2.0
2021-08-05 06:39:55,109.0,101.0,4.0,4.0
2021-08-05 06:39:56,94.0,83.0,7.0,4.0
2021-08-05 06:39:57,86.0,79.0,5.0,2.0
2021-08-05 06:39:58,101.0,91.0,5.0,5.0
2021-08-05 06:39:59,91.0,77.0,5.0,9.0
2021-08-05 06:40:00,98.0,86.0,6.0,6.0
2021-08-05 06:40:01,84.0,77.0,6.0,1.0
2021-08-05 06:40:02,100.0,85.0,7.0,8.0
2021-08-05 06:40:03,99.0,93.0,2.0,4.0
2021-08-05 06:40:04,96.0,81.0,8.0,7.0
2021-08-05 06:40:05,89.0,82.0,2.0,5.0
2021-08-05 06:40:06,79.0,69.0,8.0,2.0
2021-08-05 06:40:07,101.0,90.0,7.0,4.0
2021-08-05 06:40:08,113.0,101.0,5.0,7.0
2021-08-05 06:40:09,116.0,105.0,4.0,7.0
2021-08-05 06:40:10,111.0,97.0,9.0,5.0
2021-08-05 06:40:11,98.0,90.0,4.0,4.0
2021-08-05 06:40:12,86.0,73.0,7.0,6.0
2021-08-05 06:40:13,88.0,79.0,4.0,5.0
2021-08-05 06:40:14,94.0,82.0,10.0,2.0
2021-08-05 06:40:15,85.0,76.0,4.0,5.0
2021-08-05 06:40:16,83.0,77.0,3.0,3.0
2021-08-05 06:40:17,106.0,92.0,7.0,7.0
2021-08-05 06:40:18,80.0,77.0,2.0,1.0
2021-08-05 06:40:19,103.0,90.0,10.0,3.0
2021-08-05 06:40:20,92.0,83.0,7.0,2.0
2021-08-05 06:40:21,88.0,79.0,2.0,7.0
2021-08-05 06:40:22,91.0,75.0,6.0,10.0
2021-08-05 06:40:23,112.0,98.0,9.0,5.0
2021-08-05 06:40:24,98.0,82.0,13.0,3.0
2021-08-05 06:40:25,89.0,83.0,3.0,3.0
2021-08-05 06:40:26,101.0,88.0,8.0,5.0
2021-08-05 06:40:27,106.0,97.0,7.0,2.0
2021-08-05 06:40:28,93.0,86.0,5.0,2.0
2021-08-05 06:40:29,110.0,102.0,5.0,3.0
2021-08-05 06:40:30,89.0,83.0,3.0,3.0
2021-08-05 06:40:31,92.0,80.0,9.0,3.0
2021-08-05 06:40:32,83.0,72.0,5.0,6.0
2021-08-05 06:40:33,85.0,78.0,5.0,2.0
2021-08-05 06:40:34,87.0,77.0,5.0,5.0
2021-08-05 06:40:35,98.0,91.0,5.0,2.0
2021-08-05 06:40:36,96.0,90.0,4.0,2.0
2021-08-05 06:40:37,83.0,74.0,4.0,5.0
2021-08-05 06:40:38,92.0,79.0,9.0,4.0
2021-08-05 06:40:39,86.0,79.0,4.0,3.0
2021-08-05 06:40:40,105.0,89.0,11.0,5.0
2021-08-05 06:40:41,110.0,92.0,11.0,7.0
2021-08-05 06:40:42,78.0,67.0,9.0,2.0
2021-08-05 06:40:43,81.0,77.0,3.0,1.0
2021-08-05 06:40:44,97.0,88.0,7.0,2.0
2021-08-05 06:40:45,88.0,79.0,6.0,3.0
2021-08-05 06:40:46,74.0,66.0,3.0,5.0
2021-08-05 06:40:47,90.0,78.0,6.0,6.0
2021-08-05 06:40:48,101.0,83.0,8.0,10.0
2021-08-05 06:40:49,100.0,89.0,8.0,3.0
2021-08-05 06:40:50,97.0,88.0,5.0,4.0
2021-08-05 06:40:51,87.0,83.0,3.0,1.0
2021-08-05 06:40:52,93.0,79.0,7.0,7.0
2021-08-05 06:40:53,106.0,97.0,3.0,6.0
2021-08-05 06:40:54,98.0,91.0,5.0,2.0
2021-08-05 06:40:55,98.0,88.0,7.0,3.0
2021-08-05 06:40:56,98.0,92.0,3.0,3.0
2021-08-05 06:40:57,107.0,97.0,6.0,4.0
2021-08-05 06:40:58,104.0,89.0,8.0,7.0
2021-08-05 06:40:59,91.0,83.0,7.0,1.0
2021-08-05 06:41:00,77.0,69.0,4.0,4.0
2021-08-05 06:41:01,88.0,75.0,9.0,4.0
2021-08-05 06:41:02,91.0,82.0,7.0,2.0
2021-08-05 06:41:03,91.0,78.0,6.0,7.0
2021-08-05 06:41:04,109.0,95.0,8.0,6.0
2021-08-05 06:41:05,107.0,98.0,6.0,3.0
2021-08-05 06:41:06,87.0,72.0,12.0,3.0
2021-08-05 06:41:07,84.0,74.0,5.0,5.0
2021-08-05 06:41:08,89.0,80.0,7.0,2.0
2021-08-05 06:41:09,86.0,80.0,2.0,4.0
2021-08-05 06:41:10,105.0,93.0,5.0,7.0
2021-08-05 06:41:11,78.0,70.0,4.0,4.0
2021-08-05 06:41:12,114.0,103.0,7.0,4.0
2021-08-05 06:41:13,106.0,94.0,6.0,6.0
2021-08-05 06:41:14,89.0,79.0,6.0,4.0
2021-08-05 06:41:15,80.0,72.0,5.0,3.0
2021-08-05 06:41:16,85.0,76.0,4.0,5.0
2021-08-05 06:41:17,91.0,84.0,3.0,4.0
2021-08-05 06:41:18,89.0,77.0,7.0,5.0
2021-08-05 06:41:19,84.0,74.0,6.0,4.0
2021-08-05 06:41:20,106.0,88.0,7.0,11.0
2021-08-05 06:41:21,87.0,79.0,7.0,1.0
2021-08-05 06:41:22,76.0,69.0,2.0,5.0
2021-08-05 06:41:23,86.0,81.0,3.0,2.0
2021-08-05 06:41:24,88.0,78.0,6.0,4.0
2021-08-05 06:41:25,84.0,78.0,4.0,2.0
2021-08-05 06:41:26,93.0,82.0,4.0,7.0
2021-08-05 06:41:27,102.0,86.0,9.0,7.0
2021-08-05 06:41:28,90.0,83.0,4.0,3.0
2021-08-05 06:41:29,92.0,77.0,5.0,10.0
2021-08-05 06:41:30,95.0,81.0,8.0,6.0
2021-08-05 06:41:31,92.0,79.0,8.0,5.0
2021-08-05 06:41:32,83.0,76.0,3.0,4.0
2021-08-05 06:41:33,111.0,100.0,8.0,3.0
2021-08-05 06:41:34,85.0,80.0,1.0,4.0
2021-08-05 06:41:35,105.0,96.0,5.0,4.0
2021-08-05 06:41:36,83.0,71.0,7.0,5.0
2021-08-05 06:41:37,70.0,58.0,7.0,5.0
2021-08-05 06:41:38,78.0,74.0,2.0,2.0
2021-08-05 06:41:39,95.0,85.0,4.0,6.0
2021-08-05 06:41:40,88.0,83.0,4.0,1.0
2021-08-05 06:41:41,88.0,78.0,2.0,8.0
2021-08-05 06:41:42,98.0,93.0,2.0,3.0
2021-08-05 06:41:43,87.0,76.0,5.0,6.0
2021-08-05 06:41:44,98.0,87.0,6.0,5.0
2021-08-05 06:41:45,82.0,70.0,4.0,8.0
2021-08-05 06:41:46,92.0,81.0,10.0,1.0
2021-08-05 06:41:47,82.0,69.0,4.0,9.0
2021-08-05 06:41:48,101.0,92.0,6.0,3.0
2021-08-05 06:41:49,88.0,77.0,8.0,3.0
2021-08-05 06:41:50,93.0,81.0,7.0,5.0
2021-08-05 06:41:51,77.0,68.0,6.0,3.0
2021-08-05 06:41:52,85.0,76.0,6.0,3.0
2021-08-05 06:41:53,92.0,83.0,8.0,1.0
2021-08-05 06:41:54,86.0,68.0,10.0,8.0
2021-08-05 06:41:55,100.0,90.0,4.0,6.0
2021-08-05 06:41:56,82.0,72.0,5.0,5.0
2021-08-05 06:41:57,91.0,86.0,5.0,0.0
2021-08-05 06:41:58,101.0,81.0,12.0,8.0
2021-08-05 06:41:59,91.0,81.0,9.0,1.0
2021-08-05 06:42:00,103.0,89.0,9.0,5.0
2021-08-05 06:42:01,88.0,79.0,6.0,3.0
2021-08-05 06:42:02,95.0,85.0,7.0,3.0
2021-08-05 06:42:03,86.0,72.0,13.0,1.0
2021-08-05 06:42:04,88.0,74.0,7.0,7.0
2021-08-05 06:42:05,94.0,83.0,9.0,2.0
2021-08-05 06:42:06,82.0,75.0,4.0,3.0
2021-08-05 06:42:07,108.0,85.0,12.0,11.0
2021-08-05 06:42:08,88.0,76.0,7.0,5.0
2021-08-05 06:42:09,73.0,60.0,10.0,3.0
2021-08-05 06:42:10,111.0,97.0,10.0,4.0
2021-08-05 06:42:11,90.0,80.0,6.0,4.0
2021-08-05 06:42:12,100.0,91.0,4.0,5.0
2021-08-05 06:42:13,84.0,73.0,5.0,6.0
2021-08-05 06:42:14,102.0,93.0,4.0,5.0
2021-08-05 06:42:15,108.0,98.0,4.0,6.0
2021-08-05 06:42:16,96.0,85.0,8.0,3.0
2021-08-05 06:42:17,93.0,82.0,4.0,7.0
2021-08-05 06:42:18,84.0,70.0,11.0,3.0
2021-08-05 06:42:19,88.0,76.0,5.0,7.0
2021-08-05 06:42:20,103.0,88.0,10.0,5.0
2021-08-05 06:42:21,101.0,89.0,6.0,6.0
2021-08-05 06:42:22,88.0,79.0,6.0,3.0
2021-08-05 06:42:23,85.0,83.0,1.0,1.0
2021-08-05 06:42:24,87.0,78.0,5.0,4.0
2021-08-05 06:42:25,98.0,84.0,11.0,3.0
2021-08-05 06:42:26,87.0,75.0,10.0,2.0
2021-08-05 06:42:27,92.0,87.0,4.0,1.0
2021-08-05 06:42:28,99.0,88.0,4.0,7.0
2021-08-05 06:42:29,110.0,96.0,11.0,3.0
2021-08-05 06:42:30,82.0,74.0,7.0,1.0
2021-08-05 06:42:31,101.0,84.0,11.0,6.0
2021-08-05 06:42:32,95.0,85.0,7.0,3.0
2021-08-05 06:42:33,98.0,91.0,4.0,3.0
2021-08-05 06:42:34,91.0,83.0,4.0,4.0
2021-08-05 06:42:35,103.0,94.0,6.0,3.0
2021-08-05 06:42:36,94.0,84.0,6.0,4.0
2021-08-05 06:42:37,106.0,95.0,5.0,6.0
2021-08-05 06:42:38,78.0,73.0,5.0,0.0
2021-08-05 06:42:39,86.0,75.0,5.0,6.0
2021-08-05 06:42:40,101.0,82.0,17.0,2.0
2021-08-05 06:42:41,100.0,82.0,9.0,9.0
2021-08-05 06:42:42,101.0,87.0,8.0,6.0
2021-08-05 06:42:43,92.0,82.0,6.0,4.0
2021-08-05 06:42:44,96.0,84.0,7.0,5.0
2021-08-05 06:42:45,81.0,70.0,8.0,3.0
2021-08-05 06:42:46,104.0,94.0,8.0,2.0
2021-08-05 06:42:47,87.0,73.0,13.0,1.0
2021-08-05 06:42:48,105.0,95.0,5.0,5.0
2021-08-05 06:42:49,79.0,72.0,5.0,2.0
2021-08-05 06:42:50,86.0,79.0,2.0,5.0
2021-08-05 06:42:51,109.0,98.0,5.0,6.0
2021-08-05 06:42:52,89.0,78.0,2.0,9.0
2021-08-05 06:42:53,97.0,88.0,6.0,3.0
2021-08-05 06:42:54,89.0,80.0,5.0,4.0
2021-08-05 06:42:55,115.0,102.0,10.0,3.0
2021-08-05 06:42:56,82.0,71.0,6.0,5.0
2021-08-05 06:42:57,100.0,91.0,7.0,2.0
2021-08-05 06:42:58,97.0,86.0,6.0,5.0
2021-08-05 06:42:59,84.0,76.0,5.0,3.0
2021-08-05 06:43:00,99.0,83.0,13.0,3.0
2021-08-05 06:43:01,79.0,70.0,5.0,4.0
2021-08-05 06:43:02,94.0,83.0,6.0,5.0
2021-08-05 06:43:03,109.0,95.0,8.0,6.0
2021-08-05 06:43:04,85.0,75.0,6.0,4.0
2021-08-05 06:43:05,82.0,72.0,8.0,2.0
2021-08-05 06:43:06,112.0,100.0,9.0,3.0
2021-08-05 06:43:07,106.0,100.0,4.0,2.0
2021-08-05 06:43:08,94.0,85.0,5.0,4.0
2021-08-05 06:43:09,101.0,88.0,8.0,5.0
2021-08-05 06:43:10,91.0,80.0,8.0,3.0
2021-08-05 06:43:11,105.0,88.0,8.0,9.0
2021-08-05 06:43:12,99.0,82.0,9.0,8.0
2021-08-05 06:43:13,114.0,104.0,8.0,2.0
2021-08-05 06:43:14,98.0,87.0,7.0,4.0
2021-08-05 06:43:15,108.0,100.0,5.0,3.0
2021-08-05 06:43:16,106.0,98.0,5.0,3.0
2021-08-05 06:43:17,82.0,70.0,8.0,4.0
2021-08-05 06:43:18,92.0,77.0,8.0,7.0
2021-08-05 06:43:19,89.0,75.0,12.0,2.0
2021-08-05 06:43:20,96.0,87.0,7.0,2.0
2021-08-05 06:43:21,73.0,63.0,6.0,4.0
2021-08-05 06:43:22,101.0,92.0,6.0,3.0
2021-08-05 06:43:23,96.0,86.0,6.0,4.0
2021-08-05 06:43:24,83.0,73.0,7.0,3.0
2021-08-05 06:43:25,97.0,85.0,8.0,4.0
2021-08-05 06:43:26,94.0,86.0,6.0,2.0
2021-08-05 06:43:27,96.0,85.0,7.0,4.0
2021-08-05 06:43:28,68.0,58.0,5.0,5.0
2021-08-05 06:43:29,72.0,65.0,3.0,4.0
2021-08-05 06:43:30,86.0,80.0,3.0,3.0
2021-08-05 06:43:31,98.0,88.0,6.0,4.0
2021-08-05 06:43:32,109.0,89.0,10.0,10.0
2021-08-05 06:43:33,95.0,87.0,6.0,2.0
2021-08-05 06:43:34,109.0,93.0,11.0,5.0
2021-08-05 06:43:35,114.0,98.0,9.0,7.0
2021-08-05 06:43:36,94.0,81.0,7.0,6.0
2021-08-05 06:43:37,98.0,91.0,5.0,2.0
2021-08-05 06:43:38,110.0,99.0,9.0,2.0
2021-08-05 06:43:39,98.0,86.0,7.0,5.0
2021-08-05 06:43:40,99.0,88.0,8.0,3.0
2021-08-05 06:43:41,89.0,81.0,8.0,0.0
2021-08-05 06:43:42,97.0,84.0,7.0,6.0
2021-08-05 06:43:43,85.0,76.0,6.0,3.0
2021-08-05 06:43:44,88.0,79.0,4.0,5.0
2021-08-05 06:43:45,88.0,82.0,2.0,4.0
2021-08-05 06:43:46,80.0,71.0,5.0,4.0
2021-08-05 06:43:47,83.0,77.0,4.0,2.0
2021-08-05 06:43:48,97.0,84.0,8.0,5.0
2021-08-05 06:43:49,74.0,64.0,7.0,3.0
2021-08-05 06:43:50,86.0,75.0,7.0,4.0
2021-08-05 06:43:51,84.0,78.0,3.0,3.0
2021-08-05 06:43:52,77.0,66.0,8.0,3.0
2021-08-05 06:43:53,108.0,97.0,7.0,4.0
2021-08-05 06:43:54,98.0,90.0,3.0,5.0
2021-08-05 06:43:55,99.0,86.0,11.0,2.0
2021-08-05 06:43:56,80.0,69.0,7.0,4.0
2021-08-05 06:43:57,94.0,85.0,4.0,5.0
2021-08-05 06:43:58,100.0,88.0,5.0,7.0
2021-08-05 06:43:59,99.0,86.0,5.0,8.0
2021-08-05 06:44:00,91.0,79.0,7.0,5.0
2021-08-05 06:44:01,72.0,60.0,10.0,2.0
2021-08-05 06:44:02,87.0,80.0,5.0,2.0
2021-08-05 06:44:03,77.0,67.0,6.0,4.0
2021-08-05 06:44:04,96.0,90.0,4.0,2.0
2021-08-05 06:44:05,93.0,85.0,7.0,1.0
2021-08-05 06:44:06,97.0,85.0,10.0,2.0
2021-08-05 06:44:07,101.0,86.0,9.0,6.0
2021-08-05 06:44:08,87.0,79.0,5.0,3.0
2021-08-05 06:44:09,104.0,89.0,6.0,9.0
2021-08-05 06:44:10,99.0,86.0,8.0,5.0
2021-08-05 06:44:11,85.0,76.0,5.0,4.0
2021-08-05 06:44:12,88.0,76.0,7.0,5.0
2021-08-05 06:44:13,79.0,72.0,3.0,4.0
2021-08-05 06:44:14,89.0,79.0,7.0,3.0
2021-08-05 06:44:15,109.0,100.0,5.0,4.0
2021-08-05 06:44:16,86.0,75.0,4.0,7.0
2021-08-05 06:44:17,78.0,70.0,3.0,5.0
2021-08-05 06:44:18,104.0,94.0,7.0,3.0
2021-08-05 06:44:19,87.0,80.0,5.0,2.0
2021-08-05 06:44:20,85.0,75.0,7.0,3.0
2021-08-05 06:44:21,83.0,74.0,2.0,7.0
2021-08-05 06:44:22,72.0,65.0,5.0,2.0
2021-08-05 06:44:23,105.0,90.0,7.0,8.0
2021-08-05 06:44:24,92.0,81.0,6.0,5.0
2021-08-05 06:44:25,86.0,79.0,3.0,4.0
2021-08-05 06:44:26,92.0,83.0,3.0,6.0
2021-08-05 06:44:27,78.0,73.0,2.0,3.0
2021-08-05 06:44:28,96.0,86.0,5.0,5.0
2021-08-05 06:44:29,80.0,65.0,6.0,9.0
2021-08-05 06:44:30,89.0,79.0,5.0,5.0
2021-08-05 06:44:31,91.0,84.0,4.0,3.0
2021-08-05 06:44:32,85.0,78.0,4.0,3.0
2021-08-05 06:44:33,95.0,81.0,7.0,7.0
2021-08-05 06:44:34,70.0,63.0,3.0,4.0
2021-08-05 06:44:35,97.0,81.0,11.0,5.0
2021-08-05 06:44:36,108.0,97.0,7.0,4.0
2021-08-05 06:44:37,87.0,80.0,5.0,2.0
2021-08-05 06:44:38,91.0,81.0,5.0,5.0
2021-08-05 06:44:39,119.0,107.0,7.0,5.0
2021-08-05 06:44:40,78.0,68.0,6.0,4.0
2021-08-05 06:44:41,90.0,83.0,4.0,3.0
2021-08-05 06:44:42,86.0,78.0,6.0,2.0
2021-08-05 06:44:43,90.0,79.0,6.0,5.0
2021-08-05 06:44:44,78.0,69.0,4.0,5.0
2021-08-05 06:44:45,97.0,90.0,6.0,1.0
2021-08-05 06:44:46,91.0,81.0,7.0,3.0
2021-08-05 06:44:47,92.0,80.0,10.0,2.0
2021-08-05 06:44:48,107.0,96.0,5.0,6.0
2021-08-05 06:44:49,90.0,75.0,10.0,5.0
2021-08-05 06:44:50,77.0,71.0,3.0,3.0
2021-08-05 06:44:51,100.0,91.0,2.0,7.0
2021-08-05 06:44:52,93.0,83.0,4.0,6.0
2021-08-05 06:44:53,103.0,85.0,7.0,11.0
2021-08-05 06:44:54,103.0,88.0,7.0,8.0
2021-08-05 06:44:55,94.0,86.0,4.0,4.0
2021-08-05 06:44:56,91.0,81.0,5.0,5.0
2021-08-05 06:44:57,73.0,64.0,6.0,3.0
2021-08-05 06:44:58,93.0,80.0,7.0,6.0
2021-08-05 06:44:59,93.0,79.0,9.0,5.0
2021-08-05 06:45:00,90.0,83.0,5.0,2.0
2021-08-05 06:45:01,93.0,80.0,7.0,6.0
2021-08-05 06:45:02,92.0,84.0,5.0,3.0
2021-08-05 06:45:03,100.0,87.0,4.0,9.0
2021-08-05 06:45:04,109.0,95.0,7.0,7.0
2021-08-05 06:45:05,98.0,90.0,5.0,3.0
2021-08-05 06:45:06,80.0,68.0,6.0,6.0
2021-08-05 06:45:07,99.0,85.0,7.0,7.0
2021-08-05 06:45:08,88.0,81.0,4.0,3.0
2021-08-05 06:45:09,95.0,85.0,7.0,3.0
2021-08-05 06:45:10,90.0,85.0,3.0,2.0
2021-08-05 06:45:11,98.0,77.0,14.0,7.0
2021-08-05 06:45:12,88.0,76.0,7.0,5.0
2021-08-05 06:45:13,81.0,65.0,14.0,2.0
2021-08-05 06:45:14,95.0,78.0,13.0,4.0
2021-08-05 06:45:15,100.0,87.0,5.0,8.0
2021-08-05 06:45:16,91.0,80.0,5.0,6.0
2021-08-05 06:45:17,70.0,61.0,8.0,1.0
2021-08-05 06:45:18,85.0,76.0,7.0,2.0
2021-08-05 06:45:19,86.0,75.0,7.0,4.0
2021-08-05 06:45:20,86.0,74.0,10.0,2.0
2021-08-05 06:45:21,103.0,93.0,3.0,7.0
2021-08-05 06:45:22,94.0,76.0,12.0,6.0
2021-08-05 06:45:23,90.0,81.0,7.0,2.0
2021-08-05 06:45:24,81.0,73.0,4.0,4.0
2021-08-05 06:45:25,93.0,85.0,4.0,4.0
2021-08-05 06:45:26,92.0,81.0,7.0,4.0
2021-08-05 06:45:27,103.0,94.0,3.0,6.0
2021-08-05 06:45:28,104.0,90.0,7.0,7.0
2021-08-05 06:45:29,92.0,80.0,7.0,5.0
2021-08-05 06:45:30,90.0,81.0,6.0,3.0
2021-08-05 06:45:31,90.0,75.0,9.0,6.0
2021-08-05 06:45:32,82.0,79.0,1.0,2.0
2021-08-05 06:45:33,85.0,78.0,3.0,4.0
2021-08-05 06:45:34,95.0,82.0,9.0,4.0
2021-08-05 06:45:35,99.0,91.0,5.0,3.0
2021-08-05 06:45:36,86.0,76.0,6.0,4.0
2021-08-05 06:45:37,67.0,61.0,1.0,5.0
2021-08-05 06:45:38,86.0,80.0,4.0,2.0
2021-08-05 06:45:39,87.0,82.0,3.0,2.0
2021-08-05 06:45:40,113.0,105.0,6.0,2.0
2021-08-05 06:45:41,91.0,83.0,3.0,5.0
2021-08-05 06:45:42,97.0,87.0,3.0,7.0
2021-08-05 06:45:43,106.0,96.0,5.0,5.0
2021-08-05 06:45:44,86.0,75.0,6.0,5.0
2021-08-05 06:45:45,95.0,85.0,6.0,4.0
2021-08-05 06:45:46,104.0,90.0,5.0,9.0
2021-08-05 06:45:47,104.0,89.0,12.0,3.0
2021-08-05 06:45:48,91.0,83.0,7.0,1.0
2021-08-05 06:45:49,85.0,75.0,8.0,2.0
2021-08-05 06:45:50,68.0,53.0,10.0,5.0
2021-08-05 06:45:51,89.0,75.0,9.0,5.0
2021-08-05 06:45:52,97.0,89.0,5.0,3.0
2021-08-05 06:45:53,98.0,84.0,9.0,5.0
2021-08-05 06:45:54,87.0,76.0,5.0,6.0
2021-08-05 06:45:55,86.0,75.0,8.0,3.0
2021-08-05 06:45:56,102.0,90.0,6.0,6.0
2021-08-05 06:45:57,86.0,74.0,6.0,6.0
2021-08-05 06:45:58,91.0,75.0,10.0,6.0
2021-08-05 06:45:59,97.0,88.0,5.0,4.0
2021-08-05 06:46:00,94.0,87.0,5.0,2.0
2021-08-05 06:46:01,79.0,72.0,4.0,3.0
2021-08-05 06:46:02,77.0,64.0,7.0,6.0
2021-08-05 06:46:03,82.0,72.0,8.0,2.0
2021-08-05 06:46:04,85.0,79.0,3.0,3.0
2021-08-05 06:46:05,100.0,88.0,9.0,3.0
2021-08-05 06:46:06,93.0,84.0,7.0,2.0
2021-08-05 06:46:07,92.0,83.0,4.0,5.0
2021-08-05 06:46:08,94.0,86.0,5.0,3.0
2021-08-05 06:46:09,89.0,78.0,6.0,5.0
2021-08-05 06:46:10,89.0,80.0,6.0,3.0
2021-08-05 06:46:11,105.0,96.0,7.0,2.0
2021-08-05 06:46:12,87.0,75.0,5.0,7.0
2021-08-05 06:46:13,81.0,69.0,8.0,4.0
2021-08-05 06:46:14,108.0,98.0,7.0,3.0
2021-08-05 06:46:15,90.0,81.0,5.0,4.0
2021-08-05 06:46:16,99.0,88.0,7.0,4.0
2021-08-05 06:46:17,94.0,87.0,5.0,2.0
2021-08-05 06:46:18,83.0,74.0,5.0,4.0
2021-08-05 06:46:19,84.0,72.0,8.0,4.0
2021-08-05 06:46:20,84.0,72.0,7.0,5.0
2021-08-05 06:46:21,85.0,77.0,6.0,2.0
2021-08-05 06:46:22,102.0,89.0,7.0,6.0
2021-08-05 06:46:23,89.0,77.0,5.0,7.0
2021-08-05 06:46:24,100.0,89.0,7.0,4.0
2021-08-05 06:46:25,80.0,67.0,11.0,2.0
2021-08-05 06:46:26,112.0,96.0,9.0,7.0
2021-08-05 06:46:27,103.0,95.0,7.0,1.0
2021-08-05 06:46:28,84.0,79.0,4.0,1.0
2021-08-05 06:46:29,94.0,84.0,7.0,3.0
2021-08-05 06:46:30,91.0,84.0,3.0,4.0
2021-08-05 06:46:31,90.0,71.0,11.0,8.0
2021-08-05 06:46:32,89.0,79.0,7.0,3.0
2021-08-05 06:46:33,96.0,90.0,2.0,4.0
2021-08-05 06:46:34,102.0,90.0,5.0,7.0
2021-08-05 06:46:35,100.0,84.0,9.0,7.0
2021-08-05 06:46:36,101.0,86.0,10.0,5.0
2021-08-05 06:46:37,97.0,84.0,5.0,8.0
2021-08-05 06:46:38,107.0,97.0,6.0,4.0
2021-08-05 06:46:39,93.0,84.0,4.0,5.0
2021-08-05 06:46:40,86.0,82.0,3.0,1.0
2021-08-05 06:46:41,102.0,88.0,10.0,4.0
2021-08-05 06:46:42,97.0,91.0,2.0,4.0
2021-08-05 06:46:43,105.0,91.0,8.0,6.0
2021-08-05 06:46:44,100.0,90.0,4.0,6.0
2021-08-05 06:46:45,93.0,80.0,7.0,6.0
2021-08-05 06:46:46,97.0,86.0,6.0,5.0
2021-08-05 06:46:47,110.0,98.0,8.0,4.0
2021-08-05 06:46:48,96.0,85.0,9.0,2.0
2021-08-05 06:46:49,90.0,79.0,9.0,2.0
2021-08-05 06:46:50,94.0,80.0,10.0,4.0
2021-08-05 06:46:51,79.0,73.0,4.0,2.0
2021-08-05 06:46:52,115.0,102.0,11.0,2.0
2021-08-05 06:46:53,89.0,78.0,5.0,6.0
2021-08-05 06:46:54,74.0,69.0,3.0,2.0
2021-08-05 06:46:55,92.0,75.0,10.0,7.0
2021-08-05 06:46:56,101.0,91.0,6.0,4.0
2021-08-05 06:46:57,80.0,70.0,7.0,3.0
2021-08-05 06:46:58,80.0,71.0,5.0,4.0
2021-08-05 06:46:59,95.0,81.0,8.0,6.0
2021-08-05 06:47:00,83.0,70.0,4.0,9.0
2021-08-05 06:47:01,110.0,92.0,13.0,5.0
2021-08-05 06:47:02,80.0,69.0,6.0,5.0
2021-08-05 06:47:03,86.0,75.0,8.0,3.0
2021-08-05 06:47:04,74.0,66.0,6.0,2.0
2021-08-05 06:47:05,88.0,76.0,9.0,3.0
2021-08-05 06:47:06,107.0,92.0,9.0,6.0
2021-08-05 06:47:07,85.0,77.0,6.0,2.0
2021-08-05 06:47:08,97.0,86.0,5.0,6.0
2021-08-05 06:47:09,95.0,85.0,6.0,4.0
2021-08-05 06:47:10,86.0,75.0,8.0,3.0
2021-08-05 06:47:11,96.0,88.0,6.0,2.0
2021-08-05 06:47:12,84.0,74.0,5.0,5.0
2021-08-05 06:47:13,97.0,88.0,5.0,4.0
2021-08-05 06:47:14,92.0,80.0,9.0,3.0
2021-08-05 06:47:15,97.0,88.0,7.0,2.0
2021-08-05 06:47:16,95.0,87.0,6.0,2.0
2021-08-05 06:47:17,94.0,84.0,8.0,2.0
2021-08-05 06:47:18,100.0,92.0,2.0,6.0
2021-08-05 06:47:19,92.0,82.0,10.0,0.0
2021-08-05 06:47:20,94.0,78.0,7.0,9.0
2021-08-05 06:47:21,88.0,74.0,8.0,6.0
2021-08-05 06:47:22,80.0,63.0,10.0,7.0
2021-08-05 06:47:23,93.0,83.0,8.0,2.0
2021-08-05 06:47:24,103.0,93.0,7.0,3.0
2021-08-05 06:47:25,83.0,72.0,5.0,6.0
2021-08-05 06:47:26,76.0,69.0,4.0,3.0
2021-08-05 06:47:27,85.0,75.0,5.0,5.0
2021-08-05 06:47:28,76.0,71.0,5.0,0.0
2021-08-05 06:47:29,96.0,81.0,8.0,7.0
2021-08-05 06:47:30,95.0,84.0,7.0,4.0
2021-08-05 06:47:31,89.0,78.0,9.0,2.0
2021-08-05 06:47:32,84.0,74.0,8.0,2.0
2021-08-05 06:47:33,88.0,76.0,8.0,4.0
2021-08-05 06:47:34,93.0,83.0,6.0,4.0
2021-08-05 06:47:35,86.0,80.0,3.0,3.0
2021-08-05 06:47:36,91.0,77.0,7.0,7.0
2021-08-05 06:47:37,100.0,87.0,6.0,7.0
2021-08-05 06:47:38,93.0,81.0,6.0,6.0
2021-08-05 06:47:39,99.0,86.0,6.0,7.0
2021-08-05 06:47:40,90.0,79.0,6.0,5.0
2021-08-05 06:47:41,93.0,84.0,7.0,2.0
2021-08-05 06:47:42,77.0,72.0,2.0,3.0
2021-08-05 06:47:43,88.0,76.0,11.0,1.0
2021-08-05 06:47:44,82.0,70.0,7.0,5.0
2021-08-05 06:47:45,81.0,68.0,6.0,7.0
2021-08-05 06:47:46,81.0,77.0,3.0,1.0
2021-08-05 06:47:47,79.0,70.0,6.0,3.0
2021-08-05 06:47:48,103.0,84.0,10.0,9.0
2021-08-05 06:47:49,94.0,85.0,5.0,4.0
2021-08-05 06:47:50,80.0,76.0,2.0,2.0
2021-08-05 06:47:51,101.0,89.0,10.0,2.0
2021-08-05 06:47:52,114.0,99.0,6.0,9.0
2021-08-05 06:47:53,80.0,71.0,7.0,2.0
2021-08-05 06:47:54,101.0,91.0,5.0,5.0
2021-08-05 06:47:55,97.0,86.0,6.0,5.0
2021-08-05 06:47:56,79.0,64.0,12.0,3.0
2021-08-05 06:47:57,98.0,86.0,5.0,7.0
2021-08-05 06:47:58,78.0,75.0,3.0,0.0
2021-08-05 06:47:59,94.0,86.0,6.0,2.0
2021-08-05 06:48:00,94.0,88.0,4.0,2.0
2021-08-05 06:48:01,91.0,83.0,5.0,3.0
2021-08-05 06:48:02,93.0,81.0,6.0,6.0
2021-08-05 06:48:03,88.0,81.0,4.0,3.0
2021-08-05 06:48:04,90.0,82.0,4.0,4.0
2021-08-05 06:48:05,82.0,76.0,2.0,4.0
2021-08-05 06:48:06,97.0,87.0,6.0,4.0
2021-08-05 06:48:07,105.0,94.0,8.0,3.0
2021-08-05 06:48:08,93.0,86.0,5.0,2.0
2021-08-05 06:48:09,102.0,93.0,6.0,3.0
2021-08-05 06:48:10,106.0,93.0,8.0,5.0
2021-08-05 06:48:11,90.0,80.0,5.0,5.0
2021-08-05 06:48:12,91.0,78.0,9.0,4.0
2021-08-05 06:48:13,91.0,82.0,4.0,5.0
2021-08-05 06:48:14,105.0,96.0,2.0,7.0
2021-08-05 06:48:15,86.0,75.0,5.0,6.0
2021-08-05 06:48:16,105.0,93.0,7.0,5.0
2021-08-05 06:48:17,92.0,77.0,9.0,6.0
2021-08-05 06:48:18,77.0,76.0,0.0,1.0
2021-08-05 06:48:19,104.0,100.0,3.0,1.0
2021-08-05 06:48:20,88.0,80.0,5.0,3.0
2021-08-05 06:48:21,106.0,95.0,5.0,6.0
2021-08-05 06:48:22,72.0,64.0,5.0,3.0
2021-08-05 06:48:23,101.0,92.0,4.0,5.0
2021-08-05 06:48:24,112.0,102.0,5.0,5.0
2021-08-05 06:48:25,88.0,83.0,2.0,3.0
2021-08-05 06:48:26,84.0,77.0,4.0,3.0
2021-08-05 06:48:27,74.0,63.0,7.0,4.0
2021-08-05 06:48:28,94.0,84.0,4.0,6.0
2021-08-05 06:48:29,89.0,80.0,6.0,3.0
2021-08-05 06:48:30,79.0,74.0,3.0,2.0
2021-08-05 06:48:31,91.0,81.0,5.0,5.0
2021-08-05 06:48:32,110.0,102.0,6.0,2.0
2021-08-05 06:48:33,90.0,81.0,5.0,4.0
2021-08-05 06:48:34,96.0,83.0,4.0,9.0
2021-08-05 06:48:35,89.0,76.0,10.0,3.0
2021-08-05 06:48:36,106.0,95.0,4.0,7.0
2021-08-05 06:48:37,115.0,95.0,10.0,10.0
2021-08-05 06:48:38,89.0,83.0,4.0,2.0
2021-08-05 06:48:39,89.0,73.0,10.0,6.0
2021-08-05 06:48:40,101.0,84.0,11.0,6.0
2021-08-05 06:48:41,99.0,91.0,2.0,6.0
2021-08-05 06:48:42,87.0,79.0,5.0,3.0
2021-08-05 06:48:43,83.0,75.0,3.0,5.0
2021-08-05 06:48:44,100.0,91.0,5.0,4.0
2021-08-05 06:48:45,110.0,93.0,10.0,7.0
2021-08-05 06:48:46,96.0,83.0,5.0,8.0
2021-08-05 06:48:47,88.0,81.0,6.0,1.0
2021-08-05 06:48:48,99.0,88.0,9.0,2.0
2021-08-05 06:48:49,83.0,73.0,7.0,3.0
2021-08-05 06:48:50,110.0,96.0,9.0,5.0
2021-08-05 06:48:51,91.0,79.0,9.0,3.0
2021-08-05 06:48:52,94.0,80.0,9.0,5.0
2021-08-05 06:48:53,95.0,84.0,10.0,1.0
2021-08-05 06:48:54,89.0,77.0,7.0,5.0
2021-08-05 06:48:55,80.0,74.0,4.0,2.0
2021-08-05 06:48:56,87.0,77.0,7.0,3.0
2021-08-05 06:48:57,84.0,76.0,7.0,1.0
2021-08-05 06:48:58,91.0,80.0,4.0,7.0
2021-08-05 06:48:59,90.0,76.0,7.0,7.0
2021-08-05 06:49:00,91.0,83.0,6.0,2.0
2021-08-05 06:49:01,85.0,74.0,6.0,5.0
2021-08-05 06:49:02,108.0,94.0,10.0,4.0
2021-08-05 06:49:03,94.0,83.0,8.0,3.0
2021-08-05 06:49:04,72.0,62.0,5.0,5.0
2021-08-05 06:49:05,91.0,78.0,9.0,4.0
2021-08-05 06:49:06,102.0,92.0,3.0,7.0
2021-08-05 06:49:07,103.0,87.0,9.0,7.0
2021-08-05 06:49:08,76.0,72.0,3.0,1.0
2021-08-05 06:49:09,86.0,77.0,7.0,2.0
2021-08-05 06:49:10,100.0,95.0,2.0,3.0
2021-08-05 06:49:11,96.0,83.0,9.0,4.0
2021-08-05 06:49:12,105.0,88.0,15.0,2.0
2021-08-05 06:49:13,98.0,80.0,9.0,9.0
2021-08-05 06:49:14,85.0,72.0,8.0,5.0
2021-08-05 06:49:15,82.0,70.0,7.0,5.0
2021-08-05 06:49:16,91.0,85.0,3.0,3.0
2021-08-05 06:49:17,108.0,95.0,9.0,4.0
2021-08-05 06:49:18,84.0,77.0,5.0,2.0
2021-08-05 06:49:19,82.0,73.0,7.0,2.0
2021-08-05 06:49:20,89.0,86.0,3.0,0.0
2021-08-05 06:49:21,86.0,69.0,9.0,8.0
2021-08-05 06:49:22,76.0,67.0,5.0,4.0
2021-08-05 06:49:23,90.0,81.0,3.0,6.0
2021-08-05 06:49:24,100.0,92.0,5.0,3.0
2021-08-05 06:49:25,81.0,72.0,6.0,3.0
2021-08-05 06:49:26,86.0,77.0,4.0,5.0
2021-08-05 06:49:27,86.0,75.0,7.0,4.0
2021-08-05 06:49:28,102.0,90.0,6.0,6.0
2021-08-05 06:49:29,107.0,87.0,13.0,7.0
2021-08-05 06:49:30,106.0,90.0,11.0,5.0
2021-08-05 06:49:31,96.0,89.0,5.0,2.0
2021-08-05 06:49:32,91.0,81.0,7.0,3.0
2021-08-05 06:49:33,94.0,86.0,5.0,3.0
2021-08-05 06:49:34,104.0,88.0,11.0,5.0
2021-08-05 06:49:35,98.0,85.0,9.0,4.0
2021-08-05 06:49:36,98.0,87.0,7.0,4.0
2021-08-05 06:49:37,99.0,89.0,7.0,3.0
2021-08-05 06:49:38,95.0,86.0,5.0,4.0
2021-08-05 06:49:39,94.0,84.0,7.0,3.0
2021-08-05 06:49:40,74.0,68.0,5.0,1.0
2021-08-05 06:49:41,74.0,67.0,5.0,2.0
2021-08-05 06:49:42,93.0,78.0,10.0,5.0
2021-08-05 06:49:43,80.0,74.0,4.0,2.0
2021-08-05 06:49:44,87.0,76.0,8.0,3.0
2021-08-05 06:49:45,89.0,78.0,6.0,5.0
2021-08-05 06:49:46,66.0,60.0,6.0,0.0
2021-08-05 06:49:47,97.0,86.0,6.0,5.0
2021-08-05 06:49:48,78.0,68.0,4.0,6.0
2021-08-05 06:49:49,88.0,79.0,4.0,5.0
2021-08-05 06:49:50,86.0,77.0,7.0,2.0
2021-08-05 06:49:51,87.0,77.0,7.0,3.0
2021-08-05 06:49:52,110.0,101.0,4.0,5.0
2021-08-05 06:49:53,88.0,79.0,5.0,4.0
2021-08-05 06:49:54,100.0,88.0,7.0,5.0
2021-08-05 06:49:55,91.0,78.0,7.0,6.0
2021-08-05 06:49:56,98.0,89.0,6.0,3.0
2021-08-05 06:49:57,107.0,98.0,7.0,2.0
2021-08-05 06:49:58,93.0,84.0,7.0,2.0
2021-08-05 06:49:59,85.0,78.0,4.0,3.0
2021-08-05 06:50:00,91.0,81.0,5.0,5.0
2021-08-05 06:50:01,85.0,76.0,3.0,6.0
2021-08-05 06:50:02,92.0,79.0,8.0,5.0
2021-08-05 06:50:03,87.0,80.0,4.0,3.0
2021-08-05 06:50:04,97.0,91.0,4.0,2.0
2021-08-05 06:50:05,81.0,74.0,5.0,2.0
2021-08-05 06:50:06,93.0,85.0,6.0,2.0
2021-08-05 06:50:07,81.0,68.0,10.0,3.0
2021-08-05 06:50:08,102.0,93.0,5.0,4.0
2021-08-05 06:50:09,88.0,77.0,6.0,5.0
2021-08-05 06:50:10,82.0,71.0,6.0,5.0
2021-08-05 06:50:11,92.0,79.0,8.0,5.0
2021-08-05 06:50:12,97.0,85.0,8.0,4.0
2021-08-05 06:50:13,81.0,70.0,4.0,7.0
2021-08-05 06:50:14,87.0,79.0,5.0,3.0
2021-08-05 06:50:15,89.0,81.0,4.0,4.0
2021-08-05 06:50:16,86.0,71.0,9.0,6.0
2021-08-05 06:50:17,88.0,77.0,9.0,2.0
2021-08-05 06:50:18,79.0,63.0,10.0,6.0
2021-08-05 06:50:19,108.0,104.0,3.0,1.0
2021-08-05 06:50:20,97.0,86.0,6.0,5.0
2021-08-05 06:50:21,70.0,65.0,4.0,1.0
2021-08-05 06:50:22,83.0,72.0,7.0,4.0
2021-08-05 06:50:23,105.0,90.0,9.0,6.0
2021-08-05 06:50:24,91.0,86.0,5.0,0.0
2021-08-05 06:50:25,96.0,84.0,5.0,7.0
2021-08-05 06:50:26,83.0,75.0,6.0,2.0
2021-08-05 06:50:27,98.0,86.0,7.0,5.0
2021-08-05 06:50:28,89.0,80.0,6.0,3.0
2021-08-05 06:50:29,84.0,73.0,4.0,7.0
2021-08-05 06:50:30,92.0,80.0,8.0,4.0
2021-08-05 06:50:31,87.0,81.0,4.0,2.0
2021-08-05 06:50:32,97.0,83.0,6.0,8.0
2021-08-05 06:50:33,99.0,92.0,4.0,3.0
2021-08-05 06:50:34,103.0,85.0,10.0,8.0
2021-08-05 06:50:35,82.0,73.0,4.0,5.0
2021-08-05 06:50:36,79.0,69.0,7.0,3.0
2021-08-05 06:50:37,90.0,87.0,1.0,2.0
2021-08-05 06:50:38,96.0,87.0,5.0,4.0
2021-08-05 06:50:39,74.0,66.0,5.0,3.0
2021-08-05 06:50:40,80.0,66.0,12.0,2.0
2021-08-05 06:50:41,98.0,87.0,5.0,6.0
2021-08-05 06:50:42,85.0,77.0,5.0,3.0
2021-08-05 06:50:43,94.0,81.0,7.0,6.0
2021-08-05 06:50:44,84.0,74.0,6.0,4.0
2021-08-05 06:50:45,74.0,68.0,3.0,3.0
2021-08-05 06:50:46,99.0,89.0,5.0,5.0
2021-08-05 06:50:47,92.0,87.0,4.0,1.0
2021-08-05 06:50:48,90.0,77.0,11.0,2.0
2021-08-05 06:50:49,97.0,85.0,9.0,3.0
2021-08-05 06:50:50,76.0,64.0,9.0,3.0
2021-08-05 06:50:51,95.0,82.0,7.0,6.0
2021-08-05 06:50:52,90.0,81.0,4.0,5.0
2021-08-05 06:50:53,83.0,76.0,7.0,0.0
2021-08-05 06:50:54,91.0,80.0,5.0,6.0
2021-08-05 06:50:55,98.0,94.0,1.0,3.0
2021-08-05 06:50:56,84.0,75.0,7.0,2.0
2021-08-05 06:50:57,92.0,82.0,5.0,5.0
2021-08-05 06:50:58,89.0,77.0,10.0,2.0
2021-08-05 06:50:59,98.0,83.0,7.0,8.0
2021-08-05 06:51:00,90.0,80.0,6.0,4.0
2021-08-05 06:51:01,81.0,69.0,10.0,2.0
2021-08-05 06:51:02,99.0,85.0,7.0,7.0
2021-08-05 06:51:03,89.0,80.0,7.0,2.0
2021-08-05 06:51:04,97.0,82.0,13.0,2.0
2021-08-05 06:51:05,118.0,106.0,9.0,3.0
2021-08-05 06:51:06,84.0,75.0,4.0,5.0
2021-08-05 06:51:07,95.0,89.0,4.0,2.0
2021-08-05 06:51:08,104.0,95.0,7.0,2.0
2021-08-05 06:51:09,95.0,83.0,9.0,3.0
2021-08-05 06:51:10,81.0,73.0,2.0,6.0
2021-08-05 06:51:11,109.0,100.0,4.0,5.0
2021-08-05 06:51:12,93.0,85.0,5.0,3.0
2021-08-05 06:51:13,94.0,87.0,5.0,2.0
2021-08-05 06:51:14,100.0,91.0,6.0,3.0
2021-08-05 06:51:15,78.0,70.0,6.0,2.0
2021-08-05 06:51:16,89.0,78.0,6.0,5.0
2021-08-05 06:51:17,108.0,100.0,4.0,4.0
2021-08-05 06:51:18,94.0,84.0,9.0,1.0
2021-08-05 06:51:19,95.0,82.0,6.0,7.0
2021-08-05 06:51:20,84.0,76.0,5.0,3.0
2021-08-05 06:51:21,96.0,85.0,6.0,5.0
2021-08-05 06:51:22,86.0,72.0,9.0,5.0
2021-08-05 06:51:23,97.0,87.0,6.0,4.0
2021-08-05 06:51:24,101.0,89.0,8.0,4.0
2021-08-05 06:51:25,79.0,71.0,5.0,3.0
2021-08-05 06:51:26,83.0,70.0,5.0,8.0
2021-08-05 06:51:27,102.0,90.0,7.0,5.0
2021-08-05 06:51:28,97.0,84.0,11.0,2.0
2021-08-05 06:51:29,104.0,94.0,6.0,4.0
2021-08-05 06:51:30,75.0,69.0,4.0,2.0
2021-08-05 06:51:31,80.0,78.0,1.0,1.0
2021-08-05 06:51:32,85.0,72.0,8.0,5.0
2021-08-05 06:51:33,79.0,62.0,5.0,12.0
2021-08-05 06:51:34,94.0,86.0,5.0,3.0
2021-08-05 06:51:35,87.0,74.0,6.0,7.0
2021-08-05 06:51:36,83.0,72.0,6.0,5.0
2021-08-05 06:51:37,98.0,80.0,11.0,7.0
2021-08-05 06:51:38,73.0,66.0,5.0,2.0
2021-08-05 06:51:39,89.0,78.0,9.0,2.0
2021-08-05 06:51:40,83.0,73.0,4.0,6.0
2021-08-05 06:51:41,82.0,73.0,5.0,4.0
2021-08-05 06:51:42,93.0,83.0,5.0,5.0
2021-08-05 06:51:43,87.0,68.0,12.0,7.0
2021-08-05 06:51:44,90.0,77.0,10.0,3.0
2021-08-05 06:51:45,81.0,73.0,3.0,5.0
2021-08-05 06:51:46,91.0,83.0,6.0,2.0
2021-08-05 06:51:47,104.0,92.0,6.0,6.0
2021-08-05 06:51:48,94.0,81.0,7.0,6.0
2021-08-05 06:51:49,92.0,80.0,8.0,4.0
2021-08-05 06:51:50,81.0,73.0,5.0,3.0
2021-08-05 06:51:51,93.0,82.0,6.0,5.0
2021-08-05 06:51:52,84.0,79.0,4.0,1.0
2021-08-05 06:51:53,76.0,63.0,6.0,7.0
2021-08-05 06:51:54,78.0,67.0,7.0,4.0
2021-08-05 06:51:55,84.0,74.0,9.0,1.0
2021-08-05 06:51:56,84.0,75.0,6.0,3.0
2021-08-05 06:51:57,88.0,81.0,5.0,2.0
2021-08-05 06:51:58,110.0,98.0,9.0,3.0
2021-08-05 06:51:59,87.0,81.0,3.0,3.0
2021-08-05 06:52:00,81.0,67.0,11.0,3.0
2021-08-05 06:52:01,93.0,78.0,6.0,9.0
2021-08-05 06:52:02,90.0,80.0,8.0,2.0
2021-08-05 06:52:03,102.0,93.0,7.0,2.0
2021-08-05 06:52:04,97.0,84.0,6.0,7.0
2021-08-05 06:52:05,93.0,85.0,6.0,2.0
2021-08-05 06:52:06,77.0,68.0,6.0,3.0
2021-08-05 06:52:07,71.0,67.0,2.0,2.0
2021-08-05 06:52:08,90.0,82.0,3.0,5.0
2021-08-05 06:52:09,89.0,86.0,3.0,0.0
2021-08-05 06:52:10,93.0,84.0,6.0,3.0
2021-08-05 06:52:11,92.0,87.0,3.0,2.0
2021-08-05 06:52:12,88.0,80.0,6.0,2.0
2021-08-05 06:52:13,82.0,75.0,5.0,2.0
2021-08-05 06:52:14,89.0,75.0,4.0,10.0
2021-08-05 06:52:15,83.0,72.0,5.0,6.0
2021-08-05 06:52:16,80.0,72.0,5.0,3.0
2021-08-05 06:52:17,99.0,85.0,9.0,5.0
2021-08-05 06:52:18,78.0,64.0,8.0,6.0
2021-08-05 06:52:19,82.0,71.0,6.0,5.0
2021-08-05 06:52:20,96.0,88.0,4.0,4.0
2021-08-05 06:52:21,89.0,79.0,7.0,3.0
2021-08-05 06:52:22,100.0,85.0,9.0,6.0
2021-08-05 06:52:23,91.0,83.0,4.0,4.0
2021-08-05 06:52:24,97.0,89.0,5.0,3.0
2021-08-05 06:52:25,98.0,89.0,7.0,2.0
2021-08-05 06:52:26,115.0,109.0,4.0,2.0
2021-08-05 06:52:27,88.0,77.0,8.0,3.0
2021-08-05 06:52:28,80.0,73.0,7.0,0.0
2021-08-05 06:52:29,99.0,93.0,4.0,2.0
2021-08-05 06:52:30,92.0,78.0,6.0,8.0
2021-08-05 06:52:31,85.0,76.0,7.0,2.0
2021-08-05 06:52:32,83.0,78.0,3.0,2.0
2021-08-05 06:52:33,99.0,86.0,7.0,6.0
2021-08-05 06:52:34,81.0,72.0,7.0,2.0
2021-08-05 06:52:35,83.0,67.0,6.0,10.0
2021-08-05 06:52:36,93.0,82.0,4.0,7.0
2021-08-05 06:52:37,78.0,68.0,5.0,5.0
2021-08-05 06:52:38,83.0,71.0,8.0,4.0
2021-08-05 06:52:39,106.0,98.0,5.0,3.0
2021-08-05 06:52:40,101.0,88.0,7.0,6.0
2021-08-05 06:52:41,85.0,83.0,1.0,1.0
2021-08-05 06:52:42,111.0,99.0,10.0,2.0
2021-08-05 06:52:43,91.0,83.0,6.0,2.0
2021-08-05 06:52:44,100.0,85.0,6.0,9.0
2021-08-05 06:52:45,78.0,67.0,7.0,4.0
2021-08-05 06:52:46,90.0,83.0,3.0,4.0
2021-08-05 06:52:47,100.0,89.0,6.0,5.0
2021-08-05 06:52:48,83.0,74.0,4.0,5.0
2021-08-05 06:52:49,89.0,82.0,3.0,4.0
2021-08-05 06:52:50,85.0,67.0,10.0,8.0
2021-08-05 06:52:51,90.0,75.0,8.0,7.0
2021-08-05 06:52:52,91.0,85.0,4.0,2.0
2021-08-05 06:52:53,91.0,82.0,5.0,4.0
2021-08-05 06:52:54,91.0,71.0,9.0,11.0
2021-08-05 06:52:55,82.0,76.0,4.0,2.0
2021-08-05 06:52:56,95.0,84.0,9.0,2.0
2021-08-05 06:52:57,87.0,82.0,4.0,1.0
2021-08-05 06:52:58,88.0,80.0,6.0,2.0
2021-08-05 06:52:59,85.0,75.0,6.0,4.0
2021-08-05 06:53:00,99.0,90.0,6.0,3.0
2021-08-05 06:53:01,80.0,70.0,5.0,5.0
2021-08-05 06:53:02,82.0,75.0,4.0,3.0
2021-08-05 06:53:03,87.0,79.0,4.0,4.0
2021-08-05 06:53:04,88.0,76.0,7.0,5.0
2021-08-05 06:53:05,81.0,69.0,6.0,6.0
2021-08-05 06:53:06,96.0,86.0,3.0,7.0
2021-08-05 06:53:07,89.0,77.0,6.0,6.0
2021-08-05 06:53:08,114.0,103.0,6.0,5.0
2021-08-05 06:53:09,95.0,87.0,5.0,3.0
2021-08-05 06:53:10,78.0,70.0,5.0,3.0
2021-08-05 06:53:11,117.0,101.0,11.0,5.0
2021-08-05 06:53:12,92.0,79.0,9.0,4.0
2021-08-05 06:53:13,90.0,79.0,5.0,6.0
2021-08-05 06:53:14,95.0,81.0,6.0,8.0
2021-08-05 06:53:15,85.0,81.0,2.0,2.0
2021-08-05 06:53:16,103.0,93.0,5.0,5.0
2021-08-05 06:53:17,102.0,91.0,7.0,4.0
2021-08-05 06:53:18,106.0,92.0,7.0,7.0
2021-08-05 06:53:19,74.0,59.0,9.0,6.0
2021-08-05 06:53:20,83.0,73.0,3.0,7.0
2021-08-05 06:53:21,85.0,74.0,5.0,6.0
2021-08-05 06:53:22,69.0,62.0,6.0,1.0
2021-08-05 06:53:23,82.0,71.0,7.0,4.0
2021-08-05 06:53:24,79.0,75.0,4.0,0.0
2021-08-05 06:53:25,83.0,79.0,3.0,1.0
2021-08-05 06:53:26,92.0,80.0,4.0,8.0
2021-08-05 06:53:27,93.0,80.0,9.0,4.0
2021-08-05 06:53:28,81.0,70.0,7.0,4.0
2021-08-05 06:53:29,107.0,101.0,4.0,2.0
2021-08-05 06:53:30,91.0,77.0,9.0,5.0
2021-08-05 06:53:31,89.0,78.0,8.0,3.0
2021-08-05 06:53:32,98.0,88.0,4.0,6.0
2021-08-05 06:53:33,104.0,90.0,7.0,7.0
2021-08-05 06:53:34,82.0,75.0,2.0,5.0
2021-08-05 06:53:35,97.0,88.0,3.0,6.0
2021-08-05 06:53:36,66.0,62.0,3.0,1.0
2021-08-05 06:53:37,78.0,72.0,4.0,2.0
2021-08-05 06:53:38,94.0,84.0,5.0,5.0
2021-08-05 06:53:39,80.0,72.0,7.0,1.0
2021-08-05 06:53:40,87.0,76.0,7.0,4.0
2021-08-05 06:53:41,98.0,88.0,6.0,4.0
2021-08-05 06:53:42,97.0,85.0,10.0,2.0
2021-08-05 06:53:43,91.0,85.0,3.0,3.0
2021-08-05 06:53:44,89.0,79.0,9.0,1.0
2021-08-05 06:53:45,86.0,77.0,2.0,7.0
2021-08-05 06:53:46,98.0,82.0,14.0,2.0
2021-08-05 06:53:47,97.0,80.0,13.0,4.0
2021-08-05 06:53:48,82.0,69.0,9.0,4.0
2021-08-05 06:53:49,95.0,84.0,7.0,4.0
2021-08-05 06:53:50,88.0,71.0,9.0,8.0
2021-08-05 06:53:51,96.0,82.0,8.0,6.0
2021-08-05 06:53:52,94.0,82.0,9.0,3.0
2021-08-05 06:53:53,72.0,66.0,2.0,4.0
2021-08-05 06:53:54,94.0,86.0,8.0,0.0
2021-08-05 06:53:55,91.0,78.0,10.0,3.0
2021-08-05 06:53:56,99.0,91.0,4.0,4.0
2021-08-05 06:53:57,83.0,67.0,13.0,3.0
2021-08-05 06:53:58,91.0,78.0,8.0,5.0
2021-08-05 06:53:59,95.0,84.0,5.0,6.0
2021-08-05 06:54:00,101.0,88.0,6.0,7.0
2021-08-05 06:54:01,78.0,72.0,5.0,1.0
2021-08-05 06:54:02,97.0,89.0,6.0,2.0
2021-08-05 06:54:03,107.0,87.0,15.0,5.0
2021-08-05 06:54:04,86.0,77.0,6.0,3.0
2021-08-05 06:54:05,84.0,76.0,5.0,3.0
2021-08-05 06:54:06,92.0,78.0,10.0,4.0
2021-08-05 06:54:07,98.0,83.0,9.0,6.0
2021-08-05 06:54:08,78.0,72.0,3.0,3.0
2021-08-05 06:54:09,112.0,97.0,9.0,6.0
2021-08-05 06:54:10,94.0,83.0,5.0,6.0
2021-08-05 06:54:11,89.0,83.0,2.0,4.0
2021-08-05 06:54:12,99.0,92.0,2.0,5.0
2021-08-05 06:54:13,89.0,79.0,7.0,3.0
2021-08-05 06:54:14,96.0,86.0,8.0,2.0
2021-08-05 06:54:15,86.0,77.0,8.0,1.0
2021-08-05 06:54:16,104.0,91.0,8.0,5.0
2021-08-05 06:54:17,98.0,81.0,6.0,11.0
2021-08-05 06:54:18,84.0,82.0,1.0,1.0
2021-08-05 06:54:19,98.0,87.0,3.0,8.0
2021-08-05 06:54:20,76.0,64.0,6.0,6.0
2021-08-05 06:54:21,83.0,77.0,4.0,2.0
2021-08-05 06:54:22,87.0,77.0,2.0,8.0
2021-08-05 06:54:23,91.0,82.0,7.0,2.0
2021-08-05 06:54:24,107.0,92.0,6.0,9.0
2021-08-05 06:54:25,95.0,86.0,6.0,3.0
2021-08-05 06:54:26,101.0,85.0,9.0,7.0
2021-08-05 06:54:27,108.0,96.0,11.0,1.0
2021-08-05 06:54:28,85.0,78.0,4.0,3.0
2021-08-05 06:54:29,91.0,81.0,4.0,6.0
2021-08-05 06:54:30,89.0,73.0,12.0,4.0
2021-08-05 06:54:31,81.0,73.0,5.0,3.0
2021-08-05 06:54:32,109.0,98.0,9.0,2.0
2021-08-05 06:54:33,78.0,70.0,2.0,6.0
2021-08-05 06:54:34,83.0,72.0,5.0,6.0
2021-08-05 06:54:35,75.0,70.0,4.0,1.0
2021-08-05 06:54:36,89.0,78.0,9.0,2.0
2021-08-05 06:54:37,91.0,85.0,3.0,3.0
2021-08-05 06:54:38,96.0,88.0,6.0,2.0
2021-08-05 06:54:39,98.0,88.0,7.0,3.0
2021-08-05 06:54:40,91.0,77.0,10.0,4.0
2021-08-05 06:54:41,95.0,88.0,4.0,3.0
2021-08-05 06:54:42,84.0,78.0,3.0,3.0
2021-08-05 06:54:43,76.0,64.0,5.0,7.0
2021-08-05 06:54:44,98.0,89.0,4.0,5.0
2021-08-05 06:54:45,91.0,87.0,4.0,0.0
2021-08-05 06:54:46,77.0,70.0,4.0,3.0
2021-08-05 06:54:47,81.0,72.0,6.0,3.0
2021-08-05 06:54:48,101.0,89.0,5.0,7.0
2021-08-05 06:54:49,112.0,96.0,11.0,5.0
2021-08-05 06:54:50,74.0,62.0,5.0,7.0
2021-08-05 06:54:51,93.0,80.0,9.0,4.0
2021-08-05 06:54:52,80.0,71.0,4.0,5.0
2021-08-05 06:54:53,79.0,70.0,7.0,2.0
2021-08-05 06:54:54,85.0,76.0,5.0,4.0
2021-08-05 06:54:55,113.0,103.0,5.0,5.0
2021-08-05 06:54:56,99.0,91.0,6.0,2.0
2021-08-05 06:54:57,93.0,76.0,12.0,5.0
2021-08-05 06:54:58,96.0,89.0,3.0,4.0
2021-08-05 06:54:59,87.0,79.0,3.0,5.0
2021-08-05 06:55:00,85.0,76.0,4.0,5.0
2021-08-05 06:55:01,88.0,73.0,11.0,4.0
2021-08-05 06:55:02,82.0,68.0,10.0,4.0
2021-08-05 06:55:03,102.0,87.0,9.0,6.0
2021-08-05 06:55:04,88.0,75.0,9.0,4.0
2021-08-05 06:55:05,87.0,74.0,9.0,4.0
2021-08-05 06:55:06,99.0,87.0,4.0,8.0
2021-08-05 06:55:07,91.0,77.0,9.0,5.0
2021-08-05 06:55:08,92.0,76.0,12.0,4.0
2021-08-05 06:55:09,92.0,80.0,9.0,3.0
2021-08-05 06:55:10,93.0,76.0,11.0,6.0
2021-08-05 06:55:11,102.0,92.0,5.0,5.0
2021-08-05 06:55:12,95.0,84.0,6.0,5.0
2021-08-05 06:55:13,85.0,73.0,8.0,4.0
2021-08-05 06:55:14,117.0,103.0,7.0,7.0
2021-08-05 06:55:15,87.0,80.0,4.0,3.0
2021-08-05 06:55:16,94.0,83.0,7.0,4.0
2021-08-05 06:55:17,86.0,74.0,5.0,7.0
2021-08-05 06:55:18,102.0,90.0,6.0,6.0
2021-08-05 06:55:19,102.0,91.0,5.0,6.0
2021-08-05 06:55:20,87.0,74.0,6.0,7.0
2021-08-05 06:55:21,88.0,78.0,7.0,3.0
2021-08-05 06:55:22,91.0,86.0,3.0,2.0
2021-08-05 06:55:23,95.0,87.0,4.0,4.0
2021-08-05 06:55:24,86.0,71.0,9.0,6.0
2021-08-05 06:55:25,83.0,78.0,3.0,2.0
2021-08-05 06:55:26,80.0,70.0,5.0,5.0
2021-08-05 06:55:27,83.0,74.0,7.0,2.0
2021-08-05 06:55:28,93.0,79.0,11.0,3.0
2021-08-05 06:55:29,116.0,104.0,7.0,5.0
2021-08-05 06:55:30,81.0,69.0,9.0,3.0
2021-08-05 06:55:31,89.0,84.0,4.0,1.0
2021-08-05 06:55:32,88.0,78.0,5.0,5.0
2021-08-05 06:55:33,85.0,76.0,5.0,4.0
2021-08-05 06:55:34,90.0,77.0,7.0,6.0
2021-08-05 06:55:35,105.0,87.0,11.0,7.0
2021-08-05 06:55:36,85.0,72.0,8.0,5.0
2021-08-05 06:55:37,96.0,87.0,7.0,2.0
2021-08-05 06:55:38,97.0,88.0,5.0,4.0
2021-08-05 06:55:39,82.0,73.0,6.0,3.0
2021-08-05 06:55:40,98.0,84.0,10.0,4.0
2021-08-05 06:55:41,90.0,73.0,11.0,6.0
2021-08-05 06:55:42,89.0,79.0,5.0,5.0
2021-08-05 06:55:43,104.0,89.0,8.0,7.0
2021-08-05 06:55:44,94.0,73.0,9.0,12.0
2021-08-05 06:55:45,90.0,81.0,5.0,4.0
2021-08-05 06:55:46,95.0,87.0,7.0,1.0
2021-08-05 06:55:47,75.0,69.0,3.0,3.0
2021-08-05 06:55:48,91.0,77.0,6.0,8.0
2021-08-05 06:55:49,77.0,67.0,6.0,4.0
2021-08-05 06:55:50,103.0,92.0,8.0,3.0
2021-08-05 06:55:51,80.0,69.0,6.0,5.0
2021-08-05 06:55:52,90.0,81.0,3.0,6.0
2021-08-05 06:55:53,92.0,85.0,5.0,2.0
2021-08-05 06:55:54,89.0,77.0,8.0,4.0
2021-08-05 06:55:55,96.0,91.0,5.0,0.0
2021-08-05 06:55:56,104.0,90.0,8.0,6.0
2021-08-05 06:55:57,98.0,86.0,9.0,3.0
2021-08-05 06:55:58,86.0,75.0,3.0,8.0
2021-08-05 06:55:59,106.0,102.0,3.0,1.0
2021-08-05 06:56:00,118.0,105.0,10.0,3.0
2021-08-05 06:56:01,82.0,74.0,6.0,2.0
2021-08-05 06:56:02,77.0,66.0,6.0,5.0
2021-08-05 06:56:03,86.0,82.0,2.0,2.0
2021-08-05 06:56:04,89.0,80.0,5.0,4.0
2021-08-05 06:56:05,102.0,92.0,4.0,6.0
2021-08-05 06:56:06,110.0,96.0,7.0,7.0
2021-08-05 06:56:07,97.0,87.0,5.0,5.0
2021-08-05 06:56:08,107.0,92.0,7.0,8.0
2021-08-05 06:56:09,80.0,71.0,7.0,2.0
2021-08-05 06:56:10,91.0,78.0,8.0,5.0
2021-08-05 06:56:11,91.0,81.0,8.0,2.0
2021-08-05 06:56:12,80.0,73.0,5.0,2.0
2021-08-05 06:56:13,84.0,71.0,10.0,3.0
2021-08-05 06:56:14,98.0,89.0,7.0,2.0
2021-08-05 06:56:15,85.0,71.0,9.0,5.0
2021-08-05 06:56:16,84.0,78.0,3.0,3.0
2021-08-05 06:56:17,94.0,79.0,8.0,7.0
2021-08-05 06:56:18,93.0,84.0,7.0,2.0
2021-08-05 06:56:19,96.0,86.0,8.0,2.0
2021-08-05 06:56:20,82.0,65.0,12.0,5.0
2021-08-05 06:56:21,94.0,85.0,3.0,6.0
2021-08-05 06:56:22,88.0,80.0,5.0,3.0
2021-08-05 06:56:23,86.0,79.0,4.0,3.0
2021-08-05 06:56:24,105.0,97.0,6.0,2.0
2021-08-05 06:56:25,85.0,71.0,6.0,8.0
2021-08-05 06:56:26,86.0,73.0,10.0,3.0
2021-08-05 06:56:27,92.0,83.0,8.0,1.0
2021-08-05 06:56:28,92.0,88.0,4.0,0.0
2021-08-05 06:56:29,82.0,70.0,10.0,2.0
2021-08-05 06:56:30,74.0,65.0,7.0,2.0
2021-08-05 06:56:31,83.0,77.0,2.0,4.0
2021-08-05 06:56:32,104.0,86.0,12.0,6.0
2021-08-05 06:56:33,95.0,85.0,4.0,6.0
2021-08-05 06:56:34,92.0,81.0,9.0,2.0
2021-08-05 06:56:35,108.0,91.0,10.0,7.0
2021-08-05 06:56:36,77.0,67.0,7.0,3.0
2021-08-05 06:56:37,88.0,77.0,6.0,5.0
2021-08-05 06:56:38,87.0,73.0,7.0,7.0
2021-08-05 06:56:39,82.0,73.0,4.0,5.0
2021-08-05 06:56:40,103.0,87.0,13.0,3.0
2021-08-05 06:56:41,84.0,73.0,6.0,5.0
2021-08-05 06:56:42,83.0,73.0,6.0,4.0
2021-08-05 06:56:43,92.0,82.0,5.0,5.0
2021-08-05 06:56:44,82.0,72.0,5.0,5.0
2021-08-05 06:56:45,94.0,88.0,2.0,4.0
2021-08-05 06:56:46,90.0,80.0,7.0,3.0
2021-08-05 06:56:47,77.0,65.0,5.0,7.0
2021-08-05 06:56:48,80.0,72.0,3.0,5.0
2021-08-05 06:56:49,87.0,83.0,2.0,2.0
2021-08-05 06:56:50,85.0,80.0,4.0,1.0
2021-08-05 06:56:51,75.0,65.0,7.0,3.0
2021-08-05 06:56:52,94.0,86.0,5.0,3.0
2021-08-05 06:56:53,94.0,83.0,6.0,5.0
2021-08-05 06:56:54,86.0,74.0,5.0,7.0
2021-08-05 06:56:55,103.0,93.0,6.0,4.0
2021-08-05 06:56:56,100.0,90.0,7.0,3.0
2021-08-05 06:56:57,80.0,69.0,9.0,2.0
2021-08-05 06:56:58,86.0,76.0,6.0,4.0
2021-08-05 06:56:59,80.0,72.0,5.0,3.0
2021-08-05 06:57:00,87.0,76.0,7.0,4.0
2021-08-05 06:57:01,100.0,91.0,3.0,6.0
2021-08-05 06:57:02,97.0,80.0,10.0,7.0
2021-08-05 06:57:03,90.0,76.0,6.0,8.0
2021-08-05 06:57:04,98.0,91.0,2.0,5.0
2021-08-05 06:57:05,95.0,80.0,9.0,6.0
2021-08-05 06:57:06,97.0,87.0,7.0,3.0
2021-08-05 06:57:07,94.0,76.0,9.0,9.0
2021-08-05 06:57:08,93.0,81.0,6.0,6.0
2021-08-05 06:57:09,91.0,74.0,8.0,9.0
2021-08-05 06:57:10,90.0,81.0,7.0,2.0
2021-08-05 06:57:11,80.0,71.0,6.0,3.0
2021-08-05 06:57:12,96.0,86.0,3.0,7.0
2021-08-05 06:57:13,92.0,82.0,7.0,3.0
2021-08-05 06:57:14,78.0,62.0,11.0,5.0
2021-08-05 06:57:15,95.0,84.0,6.0,5.0
2021-08-05 06:57:16,90.0,80.0,6.0,4.0
2021-08-05 06:57:17,86.0,73.0,6.0,7.0
2021-08-05 06:57:18,89.0,78.0,8.0,3.0
2021-08-05 06:57:19,99.0,86.0,7.0,6.0
2021-08-05 06:57:20,92.0,85.0,4.0,3.0
2021-08-05 06:57:21,102.0,94.0,3.0,5.0
2021-08-05 06:57:22,87.0,76.0,7.0,4.0
2021-08-05 06:57:23,92.0,84.0,7.0,1.0
2021-08-05 06:57:24,79.0,71.0,3.0,5.0
2021-08-05 06:57:25,95.0,84.0,7.0,4.0
2021-08-05 06:57:26,107.0,97.0,7.0,3.0
2021-08-05 06:57:27,92.0,80.0,8.0,4.0
2021-08-05 06:57:28,99.0,86.0,10.0,3.0
2021-08-05 06:57:29,104.0,94.0,5.0,5.0
2021-08-05 06:57:30,94.0,81.0,7.0,6.0
2021-08-05 06:57:31,88.0,73.0,12.0,3.0
2021-08-05 06:57:32,86.0,71.0,10.0,5.0
2021-08-05 06:57:33,84.0,73.0,8.0,3.0
2021-08-05 06:57:34,102.0,92.0,9.0,1.0
2021-08-05 06:57:35,83.0,70.0,6.0,7.0
2021-08-05 06:57:36,77.0,68.0,7.0,2.0
2021-08-05 06:57:37,96.0,87.0,4.0,5.0
2021-08-05 06:57:38,89.0,78.0,2.0,9.0
2021-08-05 06:57:39,81.0,72.0,5.0,4.0
2021-08-05 06:57:40,103.0,89.0,9.0,5.0
2021-08-05 06:57:41,88.0,85.0,1.0,2.0
2021-08-05 06:57:42,89.0,75.0,9.0,5.0
2021-08-05 06:57:43,87.0,76.0,7.0,4.0
2021-08-05 06:57:44,102.0,95.0,3.0,4.0
2021-08-05 06:57:45,90.0,82.0,4.0,4.0
2021-08-05 06:57:46,76.0,71.0,3.0,2.0
2021-08-05 06:57:47,79.0,71.0,5.0,3.0
2021-08-05 06:57:48,79.0,68.0,8.0,3.0
2021-08-05 06:57:49,78.0,72.0,3.0,3.0
2021-08-05 06:57:50,78.0,67.0,9.0,2.0
2021-08-05 06:57:51,95.0,84.0,6.0,5.0
2021-08-05 06:57:52,86.0,75.0,6.0,5.0
2021-08-05 06:57:53,92.0,84.0,7.0,1.0
2021-08-05 06:57:54,88.0,75.0,8.0,5.0
2021-08-05 06:57:55,84.0,74.0,9.0,1.0
2021-08-05 06:57:56,79.0,67.0,10.0,2.0
2021-08-05 06:57:57,68.0,63.0,3.0,2.0
2021-08-05 06:57:58,97.0,84.0,8.0,5.0
2021-08-05 06:57:59,81.0,70.0,7.0,4.0
2021-08-05 06:58:00,78.0,71.0,4.0,3.0
2021-08-05 06:58:01,87.0,76.0,7.0,4.0
2021-08-05 06:58:02,100.0,90.0,7.0,3.0
2021-08-05 06:58:03,97.0,88.0,7.0,2.0
2021-08-05 06:58:04,81.0,73.0,6.0,2.0
2021-08-05 06:58:05,75.0,67.0,4.0,4.0
2021-08-05 06:58:06,82.0,73.0,5.0,4.0
2021-08-05 06:58:07,84.0,76.0,6.0,2.0
2021-08-05 06:58:08,100.0,88.0,6.0,6.0
2021-08-05 06:58:09,88.0,82.0,2.0,4.0
2021-08-05 06:58:10,82.0,70.0,5.0,7.0
2021-08-05 06:58:11,89.0,79.0,4.0,6.0
2021-08-05 06:58:12,99.0,83.0,9.0,7.0
2021-08-05 06:58:13,97.0,85.0,7.0,5.0
2021-08-05 06:58:14,88.0,84.0,2.0,2.0
2021-08-05 06:58:15,84.0,73.0,6.0,5.0
2021-08-05 06:58:16,106.0,96.0,7.0,3.0
2021-08-05 06:58:17,102.0,96.0,3.0,3.0
2021-08-05 06:58:18,87.0,77.0,9.0,1.0
2021-08-05 06:58:19,108.0,100.0,4.0,4.0
2021-08-05 06:58:20,84.0,73.0,7.0,4.0
2021-08-05 06:58:21,75.0,69.0,4.0,2.0
2021-08-05 06:58:22,102.0,95.0,3.0,4.0
2021-08-05 06:58:23,101.0,89.0,10.0,2.0
2021-08-05 06:58:24,86.0,75.0,4.0,7.0
2021-08-05 06:58:25,79.0,74.0,5.0,0.0
2021-08-05 06:58:26,98.0,88.0,5.0,5.0
2021-08-05 06:58:27,100.0,89.0,7.0,4.0
2021-08-05 06:58:28,88.0,74.0,9.0,5.0
2021-08-05 06:58:29,105.0,89.0,9.0,7.0
2021-08-05 06:58:30,102.0,86.0,12.0,4.0
2021-08-05 06:58:31,98.0,83.0,10.0,5.0
2021-08-05 06:58:32,101.0,89.0,10.0,2.0
2021-08-05 06:58:33,91.0,80.0,7.0,4.0
2021-08-05 06:58:34,93.0,75.0,8.0,10.0
2021-08-05 06:58:35,92.0,82.0,8.0,2.0
2021-08-05 06:58:36,78.0,69.0,7.0,2.0
2021-08-05 06:58:37,98.0,82.0,12.0,4.0
2021-08-05 06:58:38,91.0,81.0,7.0,3.0
2021-08-05 06:58:39,86.0,79.0,5.0,2.0
2021-08-05 06:58:40,91.0,76.0,9.0,6.0
2021-08-05 06:58:41,77.0,68.0,3.0,6.0
2021-08-05 06:58:42,92.0,74.0,14.0,4.0
2021-08-05 06:58:43,78.0,67.0,7.0,4.0
2021-08-05 06:58:44,80.0,72.0,4.0,4.0
2021-08-05 06:58:45,74.0,63.0,6.0,5.0
2021-08-05 06:58:46,94.0,86.0,5.0,3.0
2021-08-05 06:58:47,81.0,72.0,6.0,3.0
2021-08-05 06:58:48,87.0,79.0,5.0,3.0
2021-08-05 06:58:49,83.0,69.0,6.0,8.0
2021-08-05 06:58:50,91.0,83.0,4.0,4.0
2021-08-05 06:58:51,102.0,92.0,8.0,2.0
2021-08-05 06:58:52,85.0,74.0,6.0,5.0
2021-08-05 06:58:53,94.0,83.0,9.0,2.0
2021-08-05 06:58:54,101.0,81.0,9.0,11.0
2021-08-05 06:58:55,88.0,74.0,8.0,6.0
2021-08-05 06:58:56,97.0,83.0,8.0,6.0
2021-08-05 06:58:57,91.0,81.0,8.0,2.0
2021-08-05 06:58:58,89.0,79.0,7.0,3.0
2021-08-05 06:58:59,84.0,76.0,7.0,1.0
2021-08-05 06:59:00,73.0,64.0,5.0,4.0
2021-08-05 06:59:01,87.0,80.0,5.0,2.0
2021-08-05 06:59:02,100.0,91.0,6.0,3.0
2021-08-05 06:59:03,91.0,81.0,8.0,2.0
2021-08-05 06:59:04,101.0,92.0,6.0,3.0
2021-08-05 06:59:05,94.0,82.0,7.0,5.0
2021-08-05 06:59:06,81.0,70.0,7.0,4.0
2021-08-05 06:59:07,107.0,91.0,12.0,4.0
2021-08-05 06:59:08,98.0,82.0,9.0,7.0
2021-08-05 06:59:09,84.0,76.0,6.0,2.0
2021-08-05 06:59:10,94.0,80.0,9.0,5.0
2021-08-05 06:59:11,102.0,89.0,7.0,6.0
2021-08-05 06:59:12,103.0,91.0,7.0,5.0
2021-08-05 06:59:13,94.0,85.0,5.0,4.0
2021-08-05 06:59:14,91.0,78.0,9.0,4.0
2021-08-05 06:59:15,101.0,92.0,4.0,5.0
2021-08-05 06:59:16,105.0,95.0,6.0,4.0
2021-08-05 06:59:17,83.0,77.0,4.0,2.0
2021-08-05 06:59:18,83.0,72.0,11.0,0.0
2021-08-05 06:59:19,100.0,88.0,6.0,6.0
2021-08-05 06:59:20,95.0,88.0,5.0,2.0
2021-08-05 06:59:21,86.0,76.0,4.0,6.0
2021-08-05 06:59:22,83.0,73.0,6.0,4.0
2021-08-05 06:59:23,88.0,81.0,4.0,3.0
2021-08-05 06:59:24,91.0,77.0,9.0,5.0
2021-08-05 06:59:25,77.0,71.0,3.0,3.0
2021-08-05 06:59:26,98.0,93.0,5.0,0.0
2021-08-05 06:59:27,87.0,75.0,9.0,3.0
2021-08-05 06:59:28,101.0,93.0,4.0,4.0
2021-08-05 06:59:29,84.0,74.0,6.0,4.0
2021-08-05 06:59:30,88.0,84.0,3.0,1.0
2021-08-05 06:59:31,81.0,77.0,3.0,1.0
2021-08-05 06:59:32,74.0,67.0,3.0,4.0
2021-08-05 06:59:33,101.0,92.0,5.0,4.0
2021-08-05 06:59:34,96.0,77.0,11.0,8.0
2021-08-05 06:59:35,96.0,83.0,10.0,3.0
2021-08-05 06:59:36,91.0,80.0,4.0,7.0
2021-08-05 06:59:37,88.0,73.0,13.0,2.0
2021-08-05 06:59:38,97.0,87.0,7.0,3.0
2021-08-05 06:59:39,88.0,79.0,6.0,3.0
2021-08-05 06:59:40,93.0,78.0,6.0,9.0
2021-08-05 06:59:41,87.0,77.0,3.0,7.0
2021-08-05 06:59:42,90.0,73.0,13.0,4.0
2021-08-05 06:59:43,88.0,84.0,1.0,3.0
2021-08-05 06:59:44,92.0,81.0,8.0,3.0
2021-08-05 06:59:45,102.0,84.0,11.0,7.0
2021-08-05 06:59:46,113.0,100.0,9.0,4.0
2021-08-05 06:59:47,77.0,71.0,6.0,0.0
2021-08-05 06:59:48,81.0,72.0,5.0,4.0
2021-08-05 06:59:49,77.0,66.0,8.0,3.0
2021-08-05 06:59:50,89.0,76.0,7.0,6.0
2021-08-05 06:59:51,104.0,93.0,4.0,7.0
2021-08-05 06:59:52,75.0,65.0,6.0,4.0
2021-08-05 06:59:53,89.0,80.0,3.0,6.0
2021-08-05 06:59:54,89.0,78.0,6.0,5.0
2021-08-05 06:59:55,80.0,68.0,8.0,4.0
2021-08-05 06:59:56,90.0,70.0,13.0,7.0
2021-08-05 06:59:57,86.0,77.0,6.0,3.0
2021-08-05 06:59:58,100.0,90.0,4.0,6.0
2021-08-05 06:59:59,84.0,73.0,8.0,3.0
2021-08-05 07:00:00,96.0,81.0,8.0,7.0
2021-08-05 07:00:01,83.0,74.0,5.0,4.0
2021-08-05 07:00:02,97.0,87.0,6.0,4.0
2021-08-05 07:00:03,98.0,90.0,7.0,1.0
2021-08-05 07:00:04,98.0,88.0,3.0,7.0
2021-08-05 07:00:05,88.0,76.0,10.0,2.0
2021-08-05 07:00:06,93.0,77.0,9.0,7.0
2021-08-05 07:00:07,109.0,93.0,9.0,7.0
2021-08-05 07:00:08,98.0,91.0,5.0,2.0
2021-08-05 07:00:09,88.0,80.0,5.0,3.0
2021-08-05 07:00:10,78.0,71.0,5.0,2.0
2021-08-05 07:00:11,98.0,81.0,8.0,9.0
2021-08-05 07:00:12,89.0,81.0,4.0,4.0
2021-08-05 07:00:13,100.0,81.0,10.0,9.0
2021-08-05 07:00:14,83.0,74.0,4.0,5.0
2021-08-05 07:00:15,93.0,81.0,10.0,2.0
2021-08-05 07:00:16,84.0,79.0,2.0,3.0
2021-08-05 07:00:17,99.0,88.0,8.0,3.0
2021-08-05 07:00:18,103.0,90.0,4.0,9.0
2021-08-05 07:00:19,81.0,69.0,9.0,3.0
2021-08-05 07:00:20,92.0,84.0,6.0,2.0
2021-08-05 07:00:21,102.0,91.0,7.0,4.0
2021-08-05 07:00:22,70.0,62.0,3.0,5.0
2021-08-05 07:00:23,74.0,65.0,6.0,3.0
2021-08-05 07:00:24,106.0,98.0,7.0,1.0
2021-08-05 07:00:25,87.0,78.0,8.0,1.0
2021-08-05 07:00:26,92.0,78.0,8.0,6.0
2021-08-05 07:00:27,97.0,83.0,9.0,5.0
2021-08-05 07:00:28,100.0,88.0,5.0,7.0
2021-08-05 07:00:29,73.0,60.0,7.0,6.0
2021-08-05 07:00:30,89.0,73.0,10.0,6.0
2021-08-05 07:00:31,106.0,97.0,3.0,6.0
2021-08-05 07:00:32,91.0,83.0,6.0,2.0
2021-08-05 07:00:33,77.0,66.0,5.0,6.0
2021-08-05 07:00:34,86.0,77.0,5.0,4.0
2021-08-05 07:00:35,98.0,90.0,4.0,4.0
2021-08-05 07:00:36,80.0,67.0,4.0,9.0
2021-08-05 07:00:37,106.0,101.0,1.0,4.0
2021-08-05 07:00:38,93.0,82.0,6.0,5.0
2021-08-05 07:00:39,98.0,93.0,2.0,3.0
2021-08-05 07:00:40,93.0,77.0,6.0,10.0
2021-08-05 07:00:41,94.0,82.0,8.0,4.0
2021-08-05 07:00:42,100.0,93.0,5.0,2.0
2021-08-05 07:00:43,86.0,76.0,9.0,1.0
2021-08-05 07:00:44,95.0,84.0,8.0,3.0
2021-08-05 07:00:45,99.0,82.0,10.0,7.0
2021-08-05 07:00:46,102.0,88.0,6.0,8.0
2021-08-05 07:00:47,84.0,74.0,7.0,3.0
2021-08-05 07:00:48,84.0,72.0,8.0,4.0
2021-08-05 07:00:49,100.0,93.0,6.0,1.0
2021-08-05 07:00:50,95.0,81.0,6.0,8.0
2021-08-05 07:00:51,78.0,72.0,3.0,3.0
2021-08-05 07:00:52,96.0,91.0,3.0,2.0
2021-08-05 07:00:53,98.0,87.0,8.0,3.0
2021-08-05 07:00:54,87.0,79.0,3.0,5.0
2021-08-05 07:00:55,78.0,72.0,5.0,1.0
2021-08-05 07:00:56,84.0,78.0,5.0,1.0
2021-08-05 07:00:57,76.0,69.0,5.0,2.0
2021-08-05 07:00:58,82.0,66.0,10.0,6.0
2021-08-05 07:00:59,92.0,82.0,5.0,5.0
2021-08-05 07:01:00,86.0,76.0,6.0,4.0
2021-08-05 07:01:01,81.0,74.0,3.0,4.0
2021-08-05 07:01:02,88.0,82.0,3.0,3.0
2021-08-05 07:01:03,106.0,97.0,6.0,3.0
2021-08-05 07:01:04,80.0,67.0,7.0,6.0
2021-08-05 07:01:05,78.0,71.0,4.0,3.0
2021-08-05 07:01:06,109.0,97.0,6.0,6.0
2021-08-05 07:01:07,71.0,62.0,6.0,3.0
2021-08-05 07:01:08,86.0,79.0,5.0,2.0
2021-08-05 07:01:09,87.0,81.0,4.0,2.0
2021-08-05 07:01:10,76.0,67.0,7.0,2.0
2021-08-05 07:01:11,89.0,83.0,1.0,5.0
2021-08-05 07:01:12,91.0,81.0,5.0,5.0
2021-08-05 07:01:13,94.0,80.0,9.0,5.0
2021-08-05 07:01:14,94.0,80.0,9.0,5.0
2021-08-05 07:01:15,98.0,81.0,9.0,8.0
2021-08-05 07:01:16,89.0,83.0,4.0,2.0
2021-08-05 07:01:17,87.0,77.0,8.0,2.0
2021-08-05 07:01:18,99.0,88.0,5.0,6.0
2021-08-05 07:01:19,90.0,78.0,7.0,5.0
2021-08-05 07:01:20,107.0,94.0,8.0,5.0
2021-08-05 07:01:21,86.0,74.0,8.0,4.0
2021-08-05 07:01:22,87.0,76.0,8.0,3.0
2021-08-05 07:01:23,102.0,92.0,7.0,3.0
2021-08-05 07:01:24,104.0,94.0,6.0,4.0
2021-08-05 07:01:25,88.0,78.0,5.0,5.0
2021-08-05 07:01:26,88.0,78.0,6.0,4.0
2021-08-05 07:01:27,94.0,79.0,8.0,7.0
2021-08-05 07:01:28,98.0,87.0,8.0,3.0
2021-08-05 07:01:29,93.0,82.0,6.0,5.0
2021-08-05 07:01:30,110.0,98.0,9.0,3.0
2021-08-05 07:01:31,88.0,79.0,6.0,3.0
2021-08-05 07:01:32,83.0,80.0,2.0,1.0
2021-08-05 07:01:33,99.0,87.0,7.0,5.0
2021-08-05 07:01:34,95.0,83.0,7.0,5.0
2021-08-05 07:01:35,74.0,66.0,6.0,2.0
2021-08-05 07:01:36,104.0,89.0,8.0,7.0
2021-08-05 07:01:37,95.0,84.0,6.0,5.0
2021-08-05 07:01:38,87.0,74.0,5.0,8.0
2021-08-05 07:01:39,95.0,83.0,5.0,7.0
2021-08-05 07:01:40,94.0,78.0,12.0,4.0
2021-08-05 07:01:41,85.0,72.0,5.0,8.0
2021-08-05 07:01:42,102.0,86.0,8.0,8.0
2021-08-05 07:01:43,90.0,80.0,6.0,4.0
2021-08-05 07:01:44,92.0,80.0,8.0,4.0
2021-08-05 07:01:45,108.0,94.0,10.0,4.0
2021-08-05 07:01:46,93.0,82.0,8.0,3.0
2021-08-05 07:01:47,90.0,79.0,6.0,5.0
2021-08-05 07:01:48,86.0,76.0,7.0,3.0
2021-08-05 07:01:49,95.0,85.0,7.0,3.0
2021-08-05 07:01:50,105.0,94.0,5.0,6.0
2021-08-05 07:01:51,85.0,72.0,12.0,1.0
2021-08-05 07:01:52,98.0,88.0,8.0,2.0
2021-08-05 07:01:53,93.0,83.0,5.0,5.0
2021-08-05 07:01:54,88.0,77.0,5.0,6.0
2021-08-05 07:01:55,85.0,69.0,7.0,9.0
2021-08-05 07:01:56,97.0,90.0,6.0,1.0
2021-08-05 07:01:57,104.0,94.0,4.0,6.0
2021-08-05 07:01:58,68.0,60.0,4.0,4.0
2021-08-05 07:01:59,96.0,77.0,11.0,8.0
2021-08-05 07:02:00,75.0,66.0,6.0,3.0
2021-08-05 07:02:01,99.0,80.0,11.0,8.0
2021-08-05 07:02:02,91.0,76.0,11.0,4.0
2021-08-05 07:02:03,79.0,73.0,3.0,3.0
2021-08-05 07:02:04,73.0,63.0,2.0,8.0
2021-08-05 07:02:05,78.0,61.0,12.0,5.0
2021-08-05 07:02:06,92.0,83.0,5.0,4.0
2021-08-05 07:02:07,93.0,80.0,12.0,1.0
2021-08-05 07:02:08,77.0,71.0,3.0,3.0
2021-08-05 07:02:09,97.0,89.0,5.0,3.0
2021-08-05 07:02:10,95.0,85.0,7.0,3.0
2021-08-05 07:02:11,109.0,95.0,9.0,5.0
2021-08-05 07:02:12,76.0,67.0,4.0,5.0
2021-08-05 07:02:13,95.0,83.0,7.0,5.0
2021-08-05 07:02:14,98.0,86.0,6.0,6.0
2021-08-05 07:02:15,96.0,86.0,7.0,3.0
2021-08-05 07:02:16,84.0,74.0,4.0,6.0
2021-08-05 07:02:17,94.0,84.0,4.0,6.0
2021-08-05 07:02:18,92.0,82.0,4.0,6.0
2021-08-05 07:02:19,86.0,79.0,3.0,4.0
2021-08-05 07:02:20,88.0,80.0,6.0,2.0
2021-08-05 07:02:21,89.0,79.0,2.0,8.0
2021-08-05 07:02:22,100.0,87.0,8.0,5.0
2021-08-05 07:02:23,96.0,80.0,10.0,6.0
2021-08-05 07:02:24,113.0,104.0,5.0,4.0
2021-08-05 07:02:25,97.0,91.0,4.0,2.0
2021-08-05 07:02:26,91.0,83.0,4.0,4.0
2021-08-05 07:02:27,89.0,79.0,5.0,5.0
2021-08-05 07:02:28,96.0,82.0,8.0,6.0
2021-08-05 07:02:29,87.0,82.0,3.0,2.0
2021-08-05 07:02:30,84.0,72.0,8.0,4.0
2021-08-05 07:02:31,86.0,75.0,9.0,2.0
2021-08-05 07:02:32,84.0,74.0,5.0,5.0
2021-08-05 07:02:33,98.0,87.0,5.0,6.0
2021-08-05 07:02:34,112.0,101.0,7.0,4.0
2021-08-05 07:02:35,80.0,71.0,9.0,0.0
2021-08-05 07:02:36,102.0,89.0,8.0,5.0
2021-08-05 07:02:37,67.0,60.0,4.0,3.0
2021-08-05 07:02:38,92.0,73.0,12.0,7.0
2021-08-05 07:02:39,79.0,72.0,5.0,2.0
2021-08-05 07:02:40,95.0,79.0,12.0,4.0
2021-08-05 07:02:41,97.0,85.0,10.0,2.0
2021-08-05 07:02:42,87.0,80.0,4.0,3.0
2021-08-05 07:02:43,77.0,66.0,7.0,4.0
2021-08-05 07:02:44,90.0,77.0,9.0,4.0
2021-08-05 07:02:45,101.0,82.0,14.0,5.0
2021-08-05 07:02:46,100.0,89.0,3.0,8.0
2021-08-05 07:02:47,93.0,84.0,8.0,1.0
2021-08-05 07:02:48,96.0,89.0,5.0,2.0
2021-08-05 07:02:49,82.0,72.0,8.0,2.0
2021-08-05 07:02:50,107.0,97.0,4.0,6.0
2021-08-05 07:02:51,74.0,65.0,4.0,5.0
2021-08-05 07:02:52,88.0,79.0,9.0,0.0
2021-08-05 07:02:53,99.0,86.0,8.0,5.0
2021-08-05 07:02:54,104.0,88.0,11.0,5.0
2021-08-05 07:02:55,98.0,86.0,9.0,3.0
2021-08-05 07:02:56,97.0,83.0,8.0,6.0
2021-08-05 07:02:57,83.0,74.0,5.0,4.0
2021-08-05 07:02:58,96.0,81.0,11.0,4.0
2021-08-05 07:02:59,80.0,72.0,3.0,5.0
2021-08-05 07:03:00,96.0,82.0,9.0,5.0
2021-08-05 07:03:01,90.0,81.0,5.0,4.0
2021-08-05 07:03:02,90.0,83.0,4.0,3.0
2021-08-05 07:03:03,84.0,76.0,4.0,4.0
2021-08-05 07:03:04,71.0,66.0,2.0,3.0
2021-08-05 07:03:05,86.0,82.0,2.0,2.0
2021-08-05 07:03:06,87.0,72.0,10.0,5.0
2021-08-05 07:03:07,106.0,98.0,6.0,2.0
2021-08-05 07:03:08,104.0,96.0,7.0,1.0
2021-08-05 07:03:09,99.0,92.0,4.0,3.0
2021-08-05 07:03:10,94.0,85.0,6.0,3.0
2021-08-05 07:03:11,80.0,68.0,8.0,4.0
2021-08-05 07:03:12,68.0,59.0,6.0,3.0
2021-08-05 07:03:13,86.0,71.0,8.0,7.0
2021-08-05 07:03:14,94.0,76.0,12.0,6.0
2021-08-05 07:03:15,94.0,88.0,4.0,2.0
2021-08-05 07:03:16,94.0,83.0,6.0,5.0
2021-08-05 07:03:17,87.0,79.0,5.0,3.0
2021-08-05 07:03:18,105.0,97.0,4.0,4.0
2021-08-05 07:03:19,97.0,90.0,4.0,3.0
2021-08-05 07:03:20,108.0,98.0,7.0,3.0
2021-08-05 07:03:21,99.0,88.0,9.0,2.0
2021-08-05 07:03:22,85.0,68.0,12.0,5.0
2021-08-05 07:03:23,76.0,69.0,5.0,2.0
2021-08-05 07:03:24,93.0,81.0,5.0,7.0
2021-08-05 07:03:25,85.0,75.0,7.0,3.0
2021-08-05 07:03:26,104.0,97.0,5.0,2.0
2021-08-05 07:03:27,104.0,93.0,9.0,2.0
2021-08-05 07:03:28,95.0,80.0,13.0,2.0
2021-08-05 07:03:29,85.0,76.0,5.0,4.0
2021-08-05 07:03:30,82.0,74.0,4.0,4.0
2021-08-05 07:03:31,87.0,79.0,5.0,3.0
2021-08-05 07:03:32,93.0,84.0,6.0,3.0
2021-08-05 07:03:33,94.0,84.0,2.0,8.0
2021-08-05 07:03:34,82.0,74.0,5.0,3.0
2021-08-05 07:03:35,107.0,92.0,9.0,6.0
2021-08-05 07:03:36,84.0,72.0,7.0,5.0
2021-08-05 07:03:37,98.0,81.0,10.0,7.0
2021-08-05 07:03:38,97.0,86.0,9.0,2.0
2021-08-05 07:03:39,91.0,75.0,13.0,3.0
2021-08-05 07:03:40,83.0,66.0,9.0,8.0
2021-08-05 07:03:41,93.0,81.0,7.0,5.0
2021-08-05 07:03:42,83.0,72.0,9.0,2.0
2021-08-05 07:03:43,87.0,78.0,5.0,4.0
2021-08-05 07:03:44,89.0,76.0,11.0,2.0
2021-08-05 07:03:45,84.0,75.0,6.0,3.0
2021-08-05 07:03:46,84.0,73.0,7.0,4.0
2021-08-05 07:03:47,103.0,86.0,10.0,7.0
2021-08-05 07:03:48,88.0,80.0,6.0,2.0
2021-08-05 07:03:49,96.0,87.0,3.0,6.0
2021-08-05 07:03:50,82.0,69.0,7.0,6.0
2021-08-05 07:03:51,92.0,84.0,6.0,2.0
2021-08-05 07:03:52,88.0,78.0,6.0,4.0
2021-08-05 07:03:53,87.0,78.0,5.0,4.0
2021-08-05 07:03:54,103.0,89.0,7.0,7.0
2021-08-05 07:03:55,84.0,74.0,6.0,4.0
2021-08-05 07:03:56,77.0,68.0,4.0,5.0
2021-08-05 07:03:57,109.0,96.0,9.0,4.0
2021-08-05 07:03:58,75.0,60.0,5.0,10.0
2021-08-05 07:03:59,70.0,60.0,5.0,5.0
2021-08-05 07:04:00,99.0,86.0,10.0,3.0
2021-08-05 07:04:01,89.0,78.0,9.0,2.0
2021-08-05 07:04:02,92.0,83.0,6.0,3.0
2021-08-05 07:04:03,91.0,80.0,6.0,5.0
2021-08-05 07:04:04,104.0,100.0,2.0,2.0
2021-08-05 07:04:05,86.0,82.0,3.0,1.0
2021-08-05 07:04:06,104.0,87.0,7.0,10.0
2021-08-05 07:04:07,98.0,88.0,7.0,3.0
2021-08-05 07:04:08,80.0,72.0,8.0,0.0
2021-08-05 07:04:09,99.0,88.0,6.0,5.0
2021-08-05 07:04:10,81.0,73.0,3.0,5.0
2021-08-05 07:04:11,90.0,77.0,8.0,5.0
2021-08-05 07:04:12,101.0,93.0,5.0,3.0
2021-08-05 07:04:13,89.0,78.0,8.0,3.0
2021-08-05 07:04:14,88.0,75.0,7.0,6.0
2021-08-05 07:04:15,107.0,94.0,7.0,6.0
2021-08-05 07:04:16,107.0,96.0,7.0,4.0
2021-08-05 07:04:17,91.0,81.0,5.0,5.0
2021-08-05 07:04:18,106.0,93.0,11.0,2.0
2021-08-05 07:04:19,92.0,79.0,8.0,5.0
2021-08-05 07:04:20,88.0,78.0,4.0,6.0
2021-08-05 07:04:21,99.0,90.0,3.0,6.0
2021-08-05 07:04:22,89.0,82.0,4.0,3.0
2021-08-05 07:04:23,96.0,86.0,8.0,2.0
2021-08-05 07:04:24,85.0,76.0,5.0,4.0
2021-08-05 07:04:25,93.0,76.0,8.0,9.0
2021-08-05 07:04:26,84.0,72.0,9.0,3.0
2021-08-05 07:04:27,89.0,78.0,5.0,6.0
2021-08-05 07:04:28,106.0,102.0,3.0,1.0
2021-08-05 07:04:29,91.0,81.0,5.0,5.0
2021-08-05 07:04:30,95.0,80.0,7.0,8.0
2021-08-05 07:04:31,89.0,80.0,7.0,2.0
2021-08-05 07:04:32,71.0,65.0,3.0,3.0
2021-08-05 07:04:33,95.0,88.0,4.0,3.0
2021-08-05 07:04:34,102.0,88.0,9.0,5.0
2021-08-05 07:04:35,90.0,78.0,7.0,5.0
2021-08-05 07:04:36,103.0,93.0,6.0,4.0
2021-08-05 07:04:37,88.0,81.0,4.0,3.0
2021-08-05 07:04:38,95.0,79.0,9.0,7.0
2021-08-05 07:04:39,76.0,66.0,5.0,5.0
2021-08-05 07:04:40,95.0,83.0,9.0,3.0
2021-08-05 07:04:41,93.0,76.0,10.0,7.0
2021-08-05 07:04:42,94.0,83.0,6.0,5.0
2021-08-05 07:04:43,83.0,70.0,3.0,10.0
2021-08-05 07:04:44,81.0,72.0,5.0,4.0
2021-08-05 07:04:45,109.0,97.0,6.0,6.0
2021-08-05 07:04:46,97.0,83.0,8.0,6.0
2021-08-05 07:04:47,85.0,73.0,7.0,5.0
2021-08-05 07:04:48,81.0,76.0,3.0,2.0
2021-08-05 07:04:49,97.0,87.0,5.0,5.0
2021-08-05 07:04:50,94.0,75.0,11.0,8.0
2021-08-05 07:04:51,95.0,82.0,8.0,5.0
2021-08-05 07:04:52,83.0,72.0,6.0,5.0
2021-08-05 07:04:53,88.0,83.0,4.0,1.0
2021-08-05 07:04:54,86.0,74.0,6.0,6.0
2021-08-05 07:04:55,91.0,80.0,8.0,3.0
2021-08-05 07:04:56,102.0,91.0,8.0,3.0
2021-08-05 07:04:57,81.0,68.0,7.0,6.0
2021-08-05 07:04:58,108.0,95.0,6.0,7.0
2021-08-05 07:04:59,77.0,66.0,7.0,4.0
2021-08-05 07:05:00,79.0,69.0,5.0,5.0
2021-08-05 07:05:01,89.0,71.0,8.0,10.0
2021-08-05 07:05:02,94.0,81.0,8.0,5.0
2021-08-05 07:05:03,84.0,72.0,10.0,2.0
2021-08-05 07:05:04,90.0,82.0,4.0,4.0
2021-08-05 07:05:05,84.0,81.0,2.0,1.0
2021-08-05 07:05:06,85.0,78.0,3.0,4.0
2021-08-05 07:05:07,78.0,73.0,1.0,4.0
2021-08-05 07:05:08,75.0,59.0,14.0,2.0
2021-08-05 07:05:09,98.0,84.0,6.0,8.0
2021-08-05 07:05:10,94.0,82.0,6.0,6.0
2021-08-05 07:05:11,75.0,68.0,5.0,2.0
2021-08-05 07:05:12,88.0,83.0,3.0,2.0
2021-08-05 07:05:13,91.0,81.0,4.0,6.0
2021-08-05 07:05:14,94.0,77.0,13.0,4.0
2021-08-05 07:05:15,95.0,86.0,6.0,3.0
2021-08-05 07:05:16,91.0,86.0,4.0,1.0
2021-08-05 07:05:17,102.0,91.0,6.0,5.0
2021-08-05 07:05:18,86.0,74.0,7.0,5.0
2021-08-05 07:05:19,81.0,70.0,3.0,8.0
2021-08-05 07:05:20,69.0,62.0,5.0,2.0
2021-08-05 07:05:21,86.0,77.0,3.0,6.0
2021-08-05 07:05:22,94.0,84.0,5.0,5.0
2021-08-05 07:05:23,102.0,89.0,12.0,1.0
2021-08-05 07:05:24,90.0,82.0,3.0,5.0
2021-08-05 07:05:25,93.0,81.0,4.0,8.0
2021-08-05 07:05:26,74.0,66.0,3.0,5.0
2021-08-05 07:05:27,95.0,77.0,11.0,7.0
2021-08-05 07:05:28,90.0,80.0,3.0,7.0
2021-08-05 07:05:29,85.0,78.0,4.0,3.0
2021-08-05 07:05:30,97.0,88.0,6.0,3.0
2021-08-05 07:05:31,88.0,84.0,1.0,3.0
2021-08-05 07:05:32,99.0,91.0,4.0,4.0
2021-08-05 07:05:33,88.0,81.0,3.0,4.0
2021-08-05 07:05:34,84.0,77.0,4.0,3.0
2021-08-05 07:05:35,81.0,71.0,5.0,5.0
2021-08-05 07:05:36,85.0,81.0,2.0,2.0
2021-08-05 07:05:37,83.0,69.0,6.0,8.0
2021-08-05 07:05:38,76.0,64.0,6.0,6.0
2021-08-05 07:05:39,109.0,98.0,7.0,4.0
2021-08-05 07:05:40,74.0,68.0,3.0,3.0
2021-08-05 07:05:41,90.0,81.0,5.0,4.0
2021-08-05 07:05:42,96.0,80.0,7.0,9.0
2021-08-05 07:05:43,87.0,80.0,5.0,2.0
2021-08-05 07:05:44,97.0,91.0,4.0,2.0
2021-08-05 07:05:45,85.0,74.0,6.0,5.0
2021-08-05 07:05:46,92.0,81.0,8.0,3.0
2021-08-05 07:05:47,93.0,85.0,5.0,3.0
2021-08-05 07:05:48,79.0,68.0,7.0,4.0
2021-08-05 07:05:49,76.0,68.0,8.0,0.0
2021-08-05 07:05:50,101.0,95.0,4.0,2.0
2021-08-05 07:05:51,81.0,76.0,4.0,1.0
2021-08-05 07:05:52,95.0,84.0,7.0,4.0
2021-08-05 07:05:53,80.0,73.0,2.0,5.0
2021-08-05 07:05:54,85.0,72.0,6.0,7.0
2021-08-05 07:05:55,86.0,76.0,5.0,5.0
2021-08-05 07:05:56,86.0,76.0,7.0,3.0
2021-08-05 07:05:57,90.0,83.0,4.0,3.0
2021-08-05 07:05:58,93.0,82.0,7.0,4.0
2021-08-05 07:05:59,85.0,76.0,8.0,1.0
2021-08-05 07:06:00,77.0,68.0,5.0,4.0
2021-08-05 07:06:01,83.0,76.0,4.0,3.0
2021-08-05 07:06:02,92.0,83.0,7.0,2.0
2021-08-05 07:06:03,99.0,86.0,9.0,4.0
2021-08-05 07:06:04,94.0,84.0,6.0,4.0
2021-08-05 07:06:05,95.0,89.0,2.0,4.0
2021-08-05 07:06:06,82.0,76.0,3.0,3.0
2021-08-05 07:06:07,81.0,74.0,4.0,3.0
2021-08-05 07:06:08,79.0,67.0,8.0,4.0
2021-08-05 07:06:09,95.0,80.0,9.0,6.0
2021-08-05 07:06:10,87.0,74.0,8.0,5.0
2021-08-05 07:06:11,87.0,76.0,7.0,4.0
2021-08-05 07:06:12,90.0,81.0,4.0,5.0
2021-08-05 07:06:13,105.0,95.0,6.0,4.0
2021-08-05 07:06:14,85.0,73.0,10.0,2.0
2021-08-05 07:06:15,82.0,71.0,8.0,3.0
2021-08-05 07:06:16,83.0,74.0,5.0,4.0
2021-08-05 07:06:17,95.0,82.0,9.0,4.0
2021-08-05 07:06:18,88.0,80.0,4.0,4.0
2021-08-05 07:06:19,82.0,76.0,2.0,4.0
2021-08-05 07:06:20,87.0,78.0,5.0,4.0
2021-08-05 07:06:21,84.0,79.0,1.0,4.0
2021-08-05 07:06:22,90.0,78.0,9.0,3.0
2021-08-05 07:06:23,91.0,78.0,6.0,7.0
2021-08-05 07:06:24,82.0,75.0,5.0,2.0
2021-08-05 07:06:25,100.0,92.0,5.0,3.0
2021-08-05 07:06:26,107.0,99.0,6.0,2.0
2021-08-05 07:06:27,95.0,85.0,9.0,1.0
2021-08-05 07:06:28,82.0,77.0,4.0,1.0
2021-08-05 07:06:29,94.0,83.0,6.0,5.0
2021-08-05 07:06:30,98.0,85.0,5.0,8.0
2021-08-05 07:06:31,97.0,83.0,7.0,7.0
2021-08-05 07:06:32,88.0,77.0,8.0,3.0
2021-08-05 07:06:33,81.0,73.0,6.0,2.0
2021-08-05 07:06:34,81.0,74.0,7.0,0.0
2021-08-05 07:06:35,100.0,89.0,6.0,5.0
2021-08-05 07:06:36,87.0,78.0,6.0,3.0
2021-08-05 07:06:37,75.0,67.0,7.0,1.0
2021-08-05 07:06:38,95.0,80.0,11.0,4.0
2021-08-05 07:06:39,104.0,94.0,9.0,1.0
2021-08-05 07:06:40,79.0,70.0,4.0,5.0
2021-08-05 07:06:41,97.0,89.0,3.0,5.0
2021-08-05 07:06:42,83.0,76.0,4.0,3.0
2021-08-05 07:06:43,85.0,73.0,8.0,4.0
2021-08-05 07:06:44,97.0,85.0,6.0,6.0
2021-08-05 07:06:45,87.0,78.0,7.0,2.0
2021-08-05 07:06:46,95.0,82.0,9.0,4.0
2021-08-05 07:06:47,88.0,75.0,10.0,3.0
2021-08-05 07:06:48,99.0,81.0,11.0,7.0
2021-08-05 07:06:49,87.0,78.0,5.0,4.0
2021-08-05 07:06:50,103.0,89.0,5.0,9.0
2021-08-05 07:06:51,102.0,87.0,4.0,11.0
2021-08-05 07:06:52,93.0,82.0,10.0,1.0
2021-08-05 07:06:53,90.0,77.0,7.0,6.0
2021-08-05 07:06:54,82.0,71.0,6.0,5.0
2021-08-05 07:06:55,106.0,96.0,8.0,2.0
2021-08-05 07:06:56,88.0,81.0,5.0,2.0
2021-08-05 07:06:57,92.0,81.0,8.0,3.0
2021-08-05 07:06:58,80.0,75.0,2.0,3.0
2021-08-05 07:06:59,92.0,80.0,7.0,5.0
2021-08-05 07:07:00,86.0,79.0,4.0,3.0
2021-08-05 07:07:01,92.0,80.0,8.0,4.0
2021-08-05 07:07:02,93.0,84.0,7.0,2.0
2021-08-05 07:07:03,91.0,80.0,6.0,5.0
2021-08-05 07:07:04,90.0,78.0,11.0,1.0
2021-08-05 07:07:05,93.0,84.0,5.0,4.0
2021-08-05 07:07:06,73.0,63.0,5.0,5.0
2021-08-05 07:07:07,94.0,81.0,11.0,2.0
2021-08-05 07:07:08,79.0,71.0,5.0,3.0
2021-08-05 07:07:09,97.0,89.0,4.0,4.0
2021-08-05 07:07:10,98.0,89.0,7.0,2.0
2021-08-05 07:07:11,95.0,80.0,8.0,7.0
2021-08-05 07:07:12,77.0,64.0,9.0,4.0
2021-08-05 07:07:13,84.0,80.0,4.0,0.0
2021-08-05 07:07:14,96.0,84.0,6.0,6.0
2021-08-05 07:07:15,102.0,91.0,9.0,2.0
2021-08-05 07:07:16,98.0,85.0,5.0,8.0
2021-08-05 07:07:17,88.0,75.0,6.0,7.0
2021-08-05 07:07:18,88.0,81.0,5.0,2.0
2021-08-05 07:07:19,100.0,92.0,5.0,3.0
2021-08-05 07:07:20,93.0,84.0,5.0,4.0
2021-08-05 07:07:21,72.0,67.0,3.0,2.0
2021-08-05 07:07:22,93.0,81.0,10.0,2.0
2021-08-05 07:07:23,86.0,72.0,10.0,4.0
2021-08-05 07:07:24,81.0,72.0,6.0,3.0
2021-08-05 07:07:25,74.0,66.0,3.0,5.0
2021-08-05 07:07:26,91.0,87.0,2.0,2.0
2021-08-05 07:07:27,93.0,82.0,10.0,1.0
2021-08-05 07:07:28,103.0,93.0,5.0,5.0
2021-08-05 07:07:29,97.0,94.0,3.0,0.0
2021-08-05 07:07:30,104.0,99.0,4.0,1.0
2021-08-05 07:07:31,96.0,83.0,9.0,4.0
2021-08-05 07:07:32,78.0,71.0,4.0,3.0
2021-08-05 07:07:33,95.0,84.0,6.0,5.0
2021-08-05 07:07:34,85.0,72.0,8.0,5.0
2021-08-05 07:07:35,102.0,92.0,7.0,3.0
2021-08-05 07:07:36,109.0,100.0,5.0,4.0
2021-08-05 07:07:37,103.0,91.0,8.0,4.0
2021-08-05 07:07:38,78.0,71.0,3.0,4.0
2021-08-05 07:07:39,98.0,88.0,7.0,3.0
2021-08-05 07:07:40,91.0,79.0,7.0,5.0
2021-08-05 07:07:41,87.0,77.0,4.0,6.0
2021-08-05 07:07:42,84.0,73.0,6.0,5.0
2021-08-05 07:07:43,82.0,74.0,7.0,1.0
2021-08-05 07:07:44,107.0,95.0,8.0,4.0
2021-08-05 07:07:45,86.0,76.0,4.0,6.0
2021-08-05 07:07:46,97.0,85.0,5.0,7.0
2021-08-05 07:07:47,94.0,87.0,2.0,5.0
2021-08-05 07:07:48,91.0,79.0,7.0,5.0
2021-08-05 07:07:49,87.0,73.0,10.0,4.0
2021-08-05 07:07:50,96.0,85.0,8.0,3.0
2021-08-05 07:07:51,97.0,85.0,7.0,5.0
2021-08-05 07:07:52,94.0,82.0,7.0,5.0
2021-08-05 07:07:53,97.0,82.0,10.0,5.0
2021-08-05 07:07:54,68.0,60.0,5.0,3.0
2021-08-05 07:07:55,85.0,78.0,6.0,1.0
2021-08-05 07:07:56,92.0,84.0,5.0,3.0
2021-08-05 07:07:57,80.0,69.0,5.0,6.0
2021-08-05 07:07:58,84.0,74.0,6.0,4.0
2021-08-05 07:07:59,94.0,81.0,9.0,4.0
2021-08-05 07:08:00,90.0,80.0,7.0,3.0
2021-08-05 07:08:01,90.0,74.0,10.0,6.0
2021-08-05 07:08:02,98.0,84.0,5.0,9.0
2021-08-05 07:08:03,79.0,70.0,7.0,2.0
2021-08-05 07:08:04,88.0,75.0,5.0,8.0
2021-08-05 07:08:05,72.0,63.0,5.0,4.0
2021-08-05 07:08:06,95.0,82.0,8.0,5.0
2021-08-05 07:08:07,89.0,78.0,11.0,0.0
2021-08-05 07:08:08,96.0,81.0,5.0,10.0
2021-08-05 07:08:09,83.0,74.0,4.0,5.0
2021-08-05 07:08:10,104.0,92.0,8.0,4.0
2021-08-05 07:08:11,86.0,76.0,5.0,5.0
2021-08-05 07:08:12,89.0,83.0,4.0,2.0
2021-08-05 07:08:13,81.0,71.0,8.0,2.0
2021-08-05 07:08:14,100.0,86.0,8.0,6.0
2021-08-05 07:08:15,93.0,78.0,11.0,4.0
2021-08-05 07:08:16,89.0,79.0,6.0,4.0
2021-08-05 07:08:17,76.0,64.0,5.0,7.0
2021-08-05 07:08:18,93.0,86.0,4.0,3.0
2021-08-05 07:08:19,91.0,84.0,4.0,3.0
2021-08-05 07:08:20,97.0,86.0,8.0,3.0
2021-08-05 07:08:21,85.0,73.0,6.0,6.0
2021-08-05 07:08:22,93.0,83.0,5.0,5.0
2021-08-05 07:08:23,101.0,89.0,6.0,6.0
2021-08-05 07:08:24,88.0,78.0,4.0,6.0
2021-08-05 07:08:25,101.0,88.0,10.0,3.0
2021-08-05 07:08:26,84.0,74.0,5.0,5.0
2021-08-05 07:08:27,87.0,77.0,4.0,6.0
2021-08-05 07:08:28,83.0,76.0,4.0,3.0
2021-08-05 07:08:29,99.0,81.0,10.0,8.0
2021-08-05 07:08:30,86.0,77.0,5.0,4.0
2021-08-05 07:08:31,77.0,67.0,5.0,5.0
2021-08-05 07:08:32,78.0,63.0,9.0,6.0
2021-08-05 07:08:33,100.0,82.0,13.0,5.0
2021-08-05 07:08:34,86.0,80.0,2.0,4.0
2021-08-05 07:08:35,95.0,88.0,3.0,4.0
2021-08-05 07:08:36,72.0,60.0,8.0,4.0
2021-08-05 07:08:37,92.0,85.0,3.0,4.0
2021-08-05 07:08:38,83.0,71.0,8.0,4.0
2021-08-05 07:08:39,90.0,78.0,9.0,3.0
2021-08-05 07:08:40,74.0,66.0,4.0,4.0
2021-08-05 07:08:41,95.0,85.0,7.0,3.0
2021-08-05 07:08:42,76.0,68.0,4.0,4.0
2021-08-05 07:08:43,92.0,82.0,8.0,2.0
2021-08-05 07:08:44,100.0,89.0,6.0,5.0
2021-08-05 07:08:45,82.0,74.0,4.0,4.0
2021-08-05 07:08:46,87.0,75.0,9.0,3.0
2021-08-05 07:08:47,82.0,74.0,3.0,5.0
2021-08-05 07:08:48,95.0,84.0,7.0,4.0
2021-08-05 07:08:49,76.0,65.0,7.0,4.0
2021-08-05 07:08:50,103.0,86.0,11.0,6.0
2021-08-05 07:08:51,97.0,83.0,7.0,7.0
2021-08-05 07:08:52,94.0,81.0,7.0,6.0
2021-08-05 07:08:53,107.0,95.0,8.0,4.0
2021-08-05 07:08:54,87.0,76.0,8.0,3.0
2021-08-05 07:08:55,74.0,64.0,4.0,6.0
2021-08-05 07:08:56,88.0,73.0,9.0,6.0
2021-08-05 07:08:57,108.0,92.0,10.0,6.0
2021-08-05 07:08:58,102.0,97.0,2.0,3.0
2021-08-05 07:08:59,95.0,84.0,9.0,2.0
2021-08-05 07:09:00,100.0,86.0,11.0,3.0
2021-08-05 07:09:01,84.0,78.0,4.0,2.0
2021-08-05 07:09:02,86.0,71.0,11.0,4.0
2021-08-05 07:09:03,81.0,70.0,5.0,6.0
2021-08-05 07:09:04,90.0,77.0,8.0,5.0
2021-08-05 07:09:05,81.0,71.0,7.0,3.0
2021-08-05 07:09:06,94.0,83.0,4.0,7.0
2021-08-05 07:09:07,93.0,81.0,7.0,5.0
2021-08-05 07:09:08,83.0,75.0,4.0,4.0
2021-08-05 07:09:09,73.0,61.0,5.0,7.0
2021-08-05 07:09:10,89.0,77.0,6.0,6.0
2021-08-05 07:09:11,80.0,75.0,3.0,2.0
2021-08-05 07:09:12,90.0,83.0,5.0,2.0
2021-08-05 07:09:13,101.0,86.0,12.0,3.0
2021-08-05 07:09:14,88.0,78.0,6.0,4.0
2021-08-05 07:09:15,94.0,81.0,8.0,5.0
2021-08-05 07:09:16,101.0,91.0,3.0,7.0
2021-08-05 07:09:17,88.0,77.0,6.0,5.0
2021-08-05 07:09:18,95.0,87.0,6.0,2.0
2021-08-05 07:09:19,81.0,69.0,6.0,6.0
2021-08-05 07:09:20,95.0,84.0,8.0,3.0
2021-08-05 07:09:21,86.0,73.0,4.0,9.0
2021-08-05 07:09:22,102.0,92.0,6.0,4.0
2021-08-05 07:09:23,83.0,74.0,6.0,3.0
2021-08-05 07:09:24,113.0,106.0,4.0,3.0
2021-08-05 07:09:25,89.0,84.0,3.0,2.0
2021-08-05 07:09:26,82.0,74.0,4.0,4.0
2021-08-05 07:09:27,83.0,73.0,7.0,3.0
2021-08-05 07:09:28,93.0,81.0,6.0,6.0
2021-08-05 07:09:29,95.0,84.0,6.0,5.0
2021-08-05 07:09:30,94.0,79.0,10.0,5.0
2021-08-05 07:09:31,77.0,67.0,6.0,4.0
2021-08-05 07:09:32,93.0,88.0,2.0,3.0
2021-08-05 07:09:33,95.0,82.0,7.0,6.0
2021-08-05 07:09:34,74.0,62.0,8.0,4.0
2021-08-05 07:09:35,102.0,90.0,8.0,4.0
2021-08-05 07:09:36,77.0,66.0,3.0,8.0
2021-08-05 07:09:37,93.0,84.0,7.0,2.0
2021-08-05 07:09:38,80.0,67.0,7.0,6.0
2021-08-05 07:09:39,92.0,80.0,9.0,3.0
2021-08-05 07:09:40,64.0,54.0,5.0,5.0
2021-08-05 07:09:41,74.0,64.0,4.0,6.0
2021-08-05 07:09:42,87.0,78.0,3.0,6.0
2021-08-05 07:09:43,87.0,73.0,7.0,7.0
2021-08-05 07:09:44,93.0,77.0,9.0,7.0
2021-08-05 07:09:45,69.0,63.0,4.0,2.0
2021-08-05 07:09:46,77.0,67.0,9.0,1.0
2021-08-05 07:09:47,92.0,80.0,7.0,5.0
2021-08-05 07:09:48,81.0,72.0,7.0,2.0
2021-08-05 07:09:49,102.0,87.0,7.0,8.0
2021-08-05 07:09:50,97.0,88.0,4.0,5.0
2021-08-05 07:09:51,90.0,81.0,7.0,2.0
2021-08-05 07:09:52,105.0,96.0,6.0,3.0
2021-08-05 07:09:53,94.0,82.0,7.0,5.0
2021-08-05 07:09:54,101.0,89.0,3.0,9.0
2021-08-05 07:09:55,97.0,92.0,5.0,0.0
2021-08-05 07:09:56,82.0,70.0,4.0,8.0
2021-08-05 07:09:57,78.0,72.0,4.0,2.0
2021-08-05 07:09:58,89.0,77.0,7.0,5.0
2021-08-05 07:09:59,101.0,87.0,8.0,6.0
2021-08-05 07:10:00,92.0,83.0,3.0,6.0
2021-08-05 07:10:01,82.0,71.0,6.0,5.0
2021-08-05 07:10:02,102.0,89.0,10.0,3.0
2021-08-05 07:10:03,98.0,89.0,7.0,2.0
2021-08-05 07:10:04,85.0,80.0,4.0,1.0
2021-08-05 07:10:05,93.0,80.0,7.0,6.0
2021-08-05 07:10:06,84.0,73.0,3.0,8.0
2021-08-05 07:10:07,95.0,88.0,5.0,2.0
2021-08-05 07:10:08,87.0,76.0,9.0,2.0
2021-08-05 07:10:09,78.0,69.0,6.0,3.0
2021-08-05 07:10:10,78.0,68.0,5.0,5.0
2021-08-05 07:10:11,88.0,83.0,4.0,1.0
2021-08-05 07:10:12,96.0,81.0,12.0,3.0
2021-08-05 07:10:13,100.0,87.0,8.0,5.0
2021-08-05 07:10:14,107.0,91.0,11.0,5.0
2021-08-05 07:10:15,82.0,73.0,5.0,4.0
2021-08-05 07:10:16,79.0,71.0,6.0,2.0
2021-08-05 07:10:17,94.0,86.0,5.0,3.0
2021-08-05 07:10:18,82.0,74.0,4.0,4.0
2021-08-05 07:10:19,84.0,73.0,7.0,4.0
2021-08-05 07:10:20,100.0,82.0,13.0,5.0
2021-08-05 07:10:21,87.0,72.0,13.0,2.0
2021-08-05 07:10:22,76.0,68.0,4.0,4.0
2021-08-05 07:10:23,87.0,77.0,6.0,4.0
2021-08-05 07:10:24,90.0,79.0,3.0,8.0
2021-08-05 07:10:25,59.0,50.0,4.0,5.0
2021-08-05 07:10:26,89.0,77.0,10.0,2.0
2021-08-05 07:10:27,90.0,77.0,8.0,5.0
2021-08-05 07:10:28,101.0,85.0,9.0,7.0
2021-08-05 07:10:29,88.0,80.0,6.0,2.0
2021-08-05 07:10:30,88.0,75.0,2.0,11.0
2021-08-05 07:10:31,78.0,77.0,1.0,0.0
2021-08-05 07:10:32,101.0,90.0,8.0,3.0
2021-08-05 07:10:33,78.0,68.0,6.0,4.0
2021-08-05 07:10:34,85.0,73.0,11.0,1.0
2021-08-05 07:10:35,88.0,77.0,5.0,6.0
2021-08-05 07:10:36,91.0,86.0,2.0,3.0
2021-08-05 07:10:37,101.0,91.0,4.0,6.0
2021-08-05 07:10:38,92.0,78.0,9.0,5.0
2021-08-05 07:10:39,85.0,71.0,6.0,8.0
2021-08-05 07:10:40,91.0,78.0,9.0,4.0
2021-08-05 07:10:41,115.0,96.0,9.0,10.0
2021-08-05 07:10:42,98.0,88.0,5.0,5.0
2021-08-05 07:10:43,98.0,87.0,7.0,4.0
2021-08-05 07:10:44,88.0,77.0,7.0,4.0
2021-08-05 07:10:45,90.0,78.0,7.0,5.0
2021-08-05 07:10:46,81.0,70.0,6.0,5.0
2021-08-05 07:10:47,83.0,70.0,5.0,8.0
2021-08-05 07:10:48,84.0,71.0,8.0,5.0
2021-08-05 07:10:49,78.0,71.0,7.0,0.0
2021-08-05 07:10:50,98.0,87.0,8.0,3.0
2021-08-05 07:10:51,80.0,67.0,9.0,4.0
2021-08-05 07:10:52,87.0,80.0,5.0,2.0
2021-08-05 07:10:53,102.0,93.0,5.0,4.0
2021-08-05 07:10:54,101.0,91.0,4.0,6.0
2021-08-05 07:10:55,99.0,81.0,9.0,9.0
2021-08-05 07:10:56,103.0,91.0,8.0,4.0
2021-08-05 07:10:57,77.0,67.0,3.0,7.0
2021-08-05 07:10:58,84.0,70.0,9.0,5.0
2021-08-05 07:10:59,103.0,91.0,6.0,6.0
2021-08-05 07:11:00,72.0,68.0,2.0,2.0
2021-08-05 07:11:01,77.0,66.0,6.0,5.0
2021-08-05 07:11:02,84.0,77.0,2.0,5.0
2021-08-05 07:11:03,94.0,79.0,8.0,7.0
2021-08-05 07:11:04,113.0,100.0,10.0,3.0
2021-08-05 07:11:05,88.0,83.0,4.0,1.0
2021-08-05 07:11:06,86.0,76.0,8.0,2.0
2021-08-05 07:11:07,82.0,66.0,11.0,5.0
2021-08-05 07:11:08,78.0,66.0,8.0,4.0
2021-08-05 07:11:09,84.0,77.0,5.0,2.0
2021-08-05 07:11:10,65.0,63.0,1.0,1.0
2021-08-05 07:11:11,83.0,68.0,11.0,4.0
2021-08-05 07:11:12,101.0,91.0,6.0,4.0
2021-08-05 07:11:13,86.0,79.0,4.0,3.0
2021-08-05 07:11:14,84.0,75.0,4.0,5.0
2021-08-05 07:11:15,83.0,73.0,5.0,5.0
2021-08-05 07:11:16,76.0,63.0,11.0,2.0
2021-08-05 07:11:17,87.0,77.0,7.0,3.0
2021-08-05 07:11:18,79.0,70.0,4.0,5.0
2021-08-05 07:11:19,96.0,89.0,7.0,0.0
2021-08-05 07:11:20,82.0,70.0,10.0,2.0
2021-08-05 07:11:21,80.0,71.0,5.0,4.0
2021-08-05 07:11:22,95.0,84.0,6.0,5.0
2021-08-05 07:11:23,99.0,83.0,8.0,8.0
2021-08-05 07:11:24,90.0,81.0,5.0,4.0
2021-08-05 07:11:25,75.0,65.0,7.0,3.0
2021-08-05 07:11:26,72.0,65.0,5.0,2.0
2021-08-05 07:11:27,86.0,78.0,7.0,1.0
2021-08-05 07:11:28,79.0,67.0,5.0,7.0
2021-08-05 07:11:29,107.0,95.0,7.0,5.0
2021-08-05 07:11:30,86.0,79.0,4.0,3.0
2021-08-05 07:11:31,87.0,80.0,6.0,1.0
2021-08-05 07:11:32,84.0,74.0,6.0,4.0
2021-08-05 07:11:33,99.0,88.0,9.0,2.0
2021-08-05 07:11:34,100.0,88.0,9.0,3.0
2021-08-05 07:11:35,91.0,73.0,6.0,12.0
2021-08-05 07:11:36,102.0,90.0,4.0,8.0
2021-08-05 07:11:37,101.0,85.0,11.0,5.0
2021-08-05 07:11:38,81.0,66.0,9.0,6.0
2021-08-05 07:11:39,107.0,95.0,7.0,5.0
2021-08-05 07:11:40,84.0,78.0,4.0,2.0
2021-08-05 07:11:41,101.0,89.0,11.0,1.0
2021-08-05 07:11:42,101.0,90.0,6.0,5.0
2021-08-05 07:11:43,91.0,80.0,5.0,6.0
2021-08-05 07:11:44,88.0,79.0,6.0,3.0
2021-08-05 07:11:45,104.0,85.0,12.0,7.0
2021-08-05 07:11:46,101.0,86.0,5.0,10.0
2021-08-05 07:11:47,87.0,74.0,5.0,8.0
2021-08-05 07:11:48,78.0,72.0,2.0,4.0
2021-08-05 07:11:49,91.0,83.0,4.0,4.0
2021-08-05 07:11:50,88.0,77.0,5.0,6.0
2021-08-05 07:11:51,96.0,76.0,11.0,9.0
2021-08-05 07:11:52,97.0,86.0,7.0,4.0
2021-08-05 07:11:53,92.0,84.0,5.0,3.0
2021-08-05 07:11:54,78.0,73.0,4.0,1.0
2021-08-05 07:11:55,95.0,86.0,6.0,3.0
2021-08-05 07:11:56,94.0,85.0,7.0,2.0
2021-08-05 07:11:57,86.0,76.0,6.0,4.0
2021-08-05 07:11:58,83.0,74.0,5.0,4.0
2021-08-05 07:11:59,90.0,78.0,10.0,2.0
2021-08-05 07:12:00,88.0,81.0,3.0,4.0
2021-08-05 07:12:01,89.0,76.0,9.0,4.0
2021-08-05 07:12:02,85.0,78.0,4.0,3.0
2021-08-05 07:12:03,95.0,82.0,7.0,6.0
2021-08-05 07:12:04,121.0,104.0,9.0,8.0
2021-08-05 07:12:05,89.0,80.0,4.0,5.0
2021-08-05 07:12:06,86.0,76.0,7.0,3.0
2021-08-05 07:12:07,84.0,74.0,6.0,4.0
2021-08-05 07:12:08,98.0,90.0,6.0,2.0
2021-08-05 07:12:09,84.0,76.0,6.0,2.0
2021-08-05 07:12:10,89.0,81.0,3.0,5.0
2021-08-05 07:12:11,86.0,81.0,2.0,3.0
2021-08-05 07:12:12,86.0,80.0,2.0,4.0
2021-08-05 07:12:13,89.0,80.0,6.0,3.0
2021-08-05 07:12:14,80.0,72.0,5.0,3.0
2021-08-05 07:12:15,93.0,81.0,8.0,4.0
2021-08-05 07:12:16,100.0,83.0,11.0,6.0
2021-08-05 07:12:17,103.0,98.0,3.0,2.0
2021-08-05 07:12:18,91.0,78.0,10.0,3.0
2021-08-05 07:12:19,77.0,65.0,7.0,5.0
2021-08-05 07:12:20,87.0,76.0,5.0,6.0
2021-08-05 07:12:21,76.0,73.0,2.0,1.0
2021-08-05 07:12:22,85.0,80.0,4.0,1.0
2021-08-05 07:12:23,86.0,76.0,6.0,4.0
2021-08-05 07:12:24,90.0,81.0,7.0,2.0
2021-08-05 07:12:25,91.0,83.0,6.0,2.0
2021-08-05 07:12:26,103.0,91.0,8.0,4.0
2021-08-05 07:12:27,85.0,77.0,4.0,4.0
2021-08-05 07:12:28,90.0,80.0,7.0,3.0
2021-08-05 07:12:29,76.0,63.0,6.0,7.0
2021-08-05 07:12:30,97.0,85.0,6.0,6.0
2021-08-05 07:12:31,77.0,66.0,6.0,5.0
2021-08-05 07:12:32,91.0,76.0,10.0,5.0
2021-08-05 07:12:33,81.0,71.0,4.0,6.0
2021-08-05 07:12:34,95.0,73.0,14.0,8.0
2021-08-05 07:12:35,86.0,76.0,7.0,3.0
2021-08-05 07:12:36,81.0,68.0,11.0,2.0
2021-08-05 07:12:37,98.0,88.0,4.0,6.0
2021-08-05 07:12:38,94.0,87.0,2.0,5.0
2021-08-05 07:12:39,87.0,77.0,4.0,6.0
2021-08-05 07:12:40,83.0,66.0,9.0,8.0
2021-08-05 07:12:41,90.0,84.0,3.0,3.0
2021-08-05 07:12:42,95.0,83.0,9.0,3.0
2021-08-05 07:12:43,84.0,80.0,3.0,1.0
2021-08-05 07:12:44,98.0,90.0,5.0,3.0
2021-08-05 07:12:45,85.0,79.0,4.0,2.0
2021-08-05 07:12:46,93.0,81.0,10.0,2.0
2021-08-05 07:12:47,123.0,109.0,7.0,7.0
2021-08-05 07:12:48,71.0,64.0,3.0,4.0
2021-08-05 07:12:49,94.0,82.0,6.0,6.0
2021-08-05 07:12:50,104.0,87.0,9.0,8.0
2021-08-05 07:12:51,92.0,83.0,5.0,4.0
2021-08-05 07:12:52,88.0,79.0,4.0,5.0
2021-08-05 07:12:53,84.0,75.0,2.0,7.0
2021-08-05 07:12:54,94.0,82.0,8.0,4.0
2021-08-05 07:12:55,87.0,79.0,4.0,4.0
2021-08-05 07:12:56,96.0,83.0,9.0,4.0
2021-08-05 07:12:57,97.0,88.0,7.0,2.0
2021-08-05 07:12:58,98.0,93.0,3.0,2.0
2021-08-05 07:12:59,93.0,84.0,6.0,3.0
2021-08-05 07:13:00,77.0,69.0,5.0,3.0
2021-08-05 07:13:01,88.0,74.0,6.0,8.0
2021-08-05 07:13:02,83.0,77.0,3.0,3.0
2021-08-05 07:13:03,103.0,94.0,7.0,2.0
2021-08-05 07:13:04,93.0,82.0,9.0,2.0
2021-08-05 07:13:05,88.0,82.0,3.0,3.0
2021-08-05 07:13:06,100.0,92.0,5.0,3.0
2021-08-05 07:13:07,95.0,86.0,6.0,3.0
2021-08-05 07:13:08,97.0,87.0,5.0,5.0
2021-08-05 07:13:09,107.0,95.0,10.0,2.0
2021-08-05 07:13:10,87.0,77.0,5.0,5.0
2021-08-05 07:13:11,99.0,90.0,3.0,6.0
2021-08-05 07:13:12,94.0,82.0,7.0,5.0
2021-08-05 07:13:13,79.0,70.0,3.0,6.0
2021-08-05 07:13:14,90.0,78.0,9.0,3.0
2021-08-05 07:13:15,90.0,81.0,6.0,3.0
2021-08-05 07:13:16,79.0,70.0,6.0,3.0
2021-08-05 07:13:17,71.0,64.0,5.0,2.0
2021-08-05 07:13:18,101.0,94.0,4.0,3.0
2021-08-05 07:13:19,60.0,54.0,3.0,3.0
2021-08-05 07:13:20,88.0,75.0,7.0,6.0
2021-08-05 07:13:21,103.0,95.0,5.0,3.0
2021-08-05 07:13:22,81.0,73.0,7.0,1.0
2021-08-05 07:13:23,87.0,82.0,4.0,1.0
2021-08-05 07:13:24,102.0,88.0,7.0,7.0
2021-08-05 07:13:25,91.0,83.0,4.0,4.0
2021-08-05 07:13:26,92.0,84.0,4.0,4.0
2021-08-05 07:13:27,110.0,100.0,8.0,2.0
2021-08-05 07:13:28,74.0,66.0,2.0,6.0
2021-08-05 07:13:29,81.0,71.0,7.0,3.0
2021-08-05 07:13:30,74.0,65.0,4.0,5.0
2021-08-05 07:13:31,99.0,81.0,10.0,8.0
2021-08-05 07:13:32,90.0,79.0,8.0,3.0
2021-08-05 07:13:33,88.0,77.0,8.0,3.0
2021-08-05 07:13:34,91.0,88.0,2.0,1.0
2021-08-05 07:13:35,79.0,68.0,9.0,2.0
2021-08-05 07:13:36,92.0,72.0,9.0,11.0
2021-08-05 07:13:37,88.0,80.0,3.0,5.0
2021-08-05 07:13:38,82.0,76.0,5.0,1.0
2021-08-05 07:13:39,90.0,78.0,5.0,7.0
2021-08-05 07:13:40,85.0,79.0,4.0,2.0
2021-08-05 07:13:41,104.0,93.0,6.0,5.0
2021-08-05 07:13:42,82.0,71.0,10.0,1.0
2021-08-05 07:13:43,71.0,64.0,2.0,5.0
2021-08-05 07:13:44,88.0,78.0,7.0,3.0
2021-08-05 07:13:45,99.0,87.0,2.0,10.0
2021-08-05 07:13:46,81.0,74.0,2.0,5.0
2021-08-05 07:13:47,85.0,79.0,2.0,4.0
2021-08-05 07:13:48,97.0,86.0,8.0,3.0
2021-08-05 07:13:49,106.0,91.0,10.0,5.0
2021-08-05 07:13:50,88.0,81.0,5.0,2.0
2021-08-05 07:13:51,82.0,67.0,9.0,6.0
2021-08-05 07:13:52,94.0,76.0,9.0,9.0
2021-08-05 07:13:53,81.0,69.0,7.0,5.0
2021-08-05 07:13:54,96.0,84.0,9.0,3.0
2021-08-05 07:13:55,90.0,79.0,7.0,4.0
2021-08-05 07:13:56,91.0,84.0,4.0,3.0
2021-08-05 07:13:57,83.0,71.0,8.0,4.0
2021-08-05 07:13:58,92.0,85.0,4.0,3.0
2021-08-05 07:13:59,86.0,78.0,2.0,6.0
2021-08-05 07:14:00,82.0,65.0,11.0,6.0
2021-08-05 07:14:01,78.0,67.0,6.0,5.0
2021-08-05 07:14:02,89.0,84.0,2.0,3.0
2021-08-05 07:14:03,95.0,82.0,9.0,4.0
2021-08-05 07:14:04,92.0,84.0,7.0,1.0
2021-08-05 07:14:05,79.0,73.0,3.0,3.0
2021-08-05 07:14:06,82.0,73.0,5.0,4.0
2021-08-05 07:14:07,102.0,91.0,8.0,3.0
2021-08-05 07:14:08,77.0,71.0,3.0,3.0
2021-08-05 07:14:09,95.0,84.0,9.0,2.0
2021-08-05 07:14:10,79.0,74.0,3.0,2.0
2021-08-05 07:14:11,99.0,89.0,8.0,2.0
2021-08-05 07:14:12,80.0,71.0,9.0,0.0
2021-08-05 07:14:13,90.0,79.0,8.0,3.0
2021-08-05 07:14:14,88.0,80.0,6.0,2.0
2021-08-05 07:14:15,106.0,93.0,7.0,6.0
2021-08-05 07:14:16,84.0,76.0,4.0,4.0
2021-08-05 07:14:17,95.0,82.0,8.0,5.0
2021-08-05 07:14:18,78.0,69.0,4.0,5.0
2021-08-05 07:14:19,95.0,84.0,9.0,2.0
2021-08-05 07:14:20,82.0,69.0,9.0,4.0
2021-08-05 07:14:21,86.0,76.0,5.0,5.0
2021-08-05 07:14:22,107.0,96.0,8.0,3.0
2021-08-05 07:14:23,97.0,83.0,9.0,5.0
2021-08-05 07:14:24,108.0,93.0,9.0,6.0
2021-08-05 07:14:25,96.0,86.0,9.0,1.0
2021-08-05 07:14:26,92.0,81.0,10.0,1.0
2021-08-05 07:14:27,75.0,65.0,6.0,4.0
2021-08-05 07:14:28,103.0,87.0,12.0,4.0
2021-08-05 07:14:29,91.0,85.0,6.0,0.0
2021-08-05 07:14:30,85.0,78.0,4.0,3.0
2021-08-05 07:14:31,78.0,64.0,8.0,6.0
2021-08-05 07:14:32,92.0,79.0,9.0,4.0
2021-08-05 07:14:33,86.0,78.0,2.0,6.0
2021-08-05 07:14:34,109.0,102.0,4.0,3.0
2021-08-05 07:14:35,93.0,76.0,12.0,5.0
2021-08-05 07:14:36,90.0,81.0,6.0,3.0
2021-08-05 07:14:37,82.0,76.0,5.0,1.0
2021-08-05 07:14:38,104.0,91.0,9.0,4.0
2021-08-05 07:14:39,84.0,72.0,6.0,6.0
2021-08-05 07:14:40,95.0,87.0,5.0,3.0
2021-08-05 07:14:41,81.0,70.0,9.0,2.0
2021-08-05 07:14:42,82.0,68.0,5.0,9.0
2021-08-05 07:14:43,96.0,81.0,10.0,5.0
2021-08-05 07:14:44,70.0,61.0,2.0,7.0
2021-08-05 07:14:45,81.0,70.0,6.0,5.0
2021-08-05 07:14:46,80.0,69.0,8.0,3.0
2021-08-05 07:14:47,88.0,76.0,6.0,6.0
2021-08-05 07:14:48,97.0,86.0,5.0,6.0
2021-08-05 07:14:49,82.0,73.0,6.0,3.0
2021-08-05 07:14:50,88.0,80.0,5.0,3.0
2021-08-05 07:14:51,98.0,86.0,7.0,5.0
2021-08-05 07:14:52,107.0,102.0,2.0,3.0
2021-08-05 07:14:53,99.0,89.0,4.0,6.0
2021-08-05 07:14:54,85.0,78.0,5.0,2.0
2021-08-05 07:14:55,106.0,91.0,7.0,8.0
2021-08-05 07:14:56,82.0,76.0,3.0,3.0
2021-08-05 07:14:57,87.0,73.0,5.0,9.0
2021-08-05 07:14:58,93.0,77.0,8.0,8.0
2021-08-05 07:14:59,70.0,58.0,8.0,4.0
2021-08-05 07:15:00,107.0,94.0,8.0,5.0
2021-08-05 07:15:01,82.0,75.0,3.0,4.0
2021-08-05 07:15:02,98.0,86.0,7.0,5.0
2021-08-05 07:15:03,76.0,60.0,6.0,10.0
2021-08-05 07:15:04,99.0,87.0,8.0,4.0
2021-08-05 07:15:05,89.0,76.0,7.0,6.0
2021-08-05 07:15:06,96.0,79.0,13.0,4.0
2021-08-05 07:15:07,91.0,83.0,5.0,3.0
2021-08-05 07:15:08,89.0,81.0,5.0,3.0
2021-08-05 07:15:09,83.0,69.0,9.0,5.0
2021-08-05 07:15:10,96.0,87.0,6.0,3.0
2021-08-05 07:15:11,113.0,102.0,7.0,4.0
2021-08-05 07:15:12,85.0,77.0,6.0,2.0
2021-08-05 07:15:13,102.0,94.0,5.0,3.0
2021-08-05 07:15:14,73.0,69.0,3.0,1.0
2021-08-05 07:15:15,106.0,92.0,7.0,7.0
2021-08-05 07:15:16,103.0,93.0,6.0,4.0
2021-08-05 07:15:17,92.0,79.0,7.0,6.0
2021-08-05 07:15:18,93.0,83.0,6.0,4.0
2021-08-05 07:15:19,90.0,77.0,5.0,8.0
2021-08-05 07:15:20,89.0,78.0,5.0,6.0
2021-08-05 07:15:21,88.0,75.0,8.0,5.0
2021-08-05 07:15:22,87.0,75.0,7.0,5.0
2021-08-05 07:15:23,88.0,79.0,4.0,5.0
2021-08-05 07:15:24,79.0,72.0,5.0,2.0
2021-08-05 07:15:25,104.0,90.0,9.0,5.0
2021-08-05 07:15:26,94.0,83.0,6.0,5.0
2021-08-05 07:15:27,73.0,64.0,8.0,1.0
2021-08-05 07:15:28,74.0,64.0,6.0,4.0
2021-08-05 07:15:29,93.0,81.0,5.0,7.0
2021-08-05 07:15:30,95.0,83.0,7.0,5.0
2021-08-05 07:15:31,83.0,72.0,6.0,5.0
2021-08-05 07:15:32,91.0,84.0,5.0,2.0
2021-08-05 07:15:33,97.0,88.0,6.0,3.0
2021-08-05 07:15:34,90.0,78.0,11.0,1.0
2021-08-05 07:15:35,79.0,71.0,5.0,3.0
2021-08-05 07:15:36,86.0,73.0,10.0,3.0
2021-08-05 07:15:37,93.0,85.0,3.0,5.0
2021-08-05 07:15:38,91.0,82.0,6.0,3.0
2021-08-05 07:15:39,94.0,82.0,8.0,4.0
2021-08-05 07:15:40,98.0,86.0,3.0,9.0
2021-08-05 07:15:41,95.0,78.0,11.0,6.0
2021-08-05 07:15:42,101.0,90.0,5.0,6.0
2021-08-05 07:15:43,86.0,77.0,7.0,2.0
2021-08-05 07:15:44,91.0,79.0,8.0,4.0
2021-08-05 07:15:45,95.0,88.0,2.0,5.0
2021-08-05 07:15:46,81.0,69.0,8.0,4.0
2021-08-05 07:15:47,97.0,83.0,10.0,4.0
2021-08-05 07:15:48,90.0,78.0,6.0,6.0
2021-08-05 07:15:49,91.0,81.0,5.0,5.0
2021-08-05 07:15:50,92.0,78.0,11.0,3.0
2021-08-05 07:15:51,89.0,86.0,1.0,2.0
2021-08-05 07:15:52,81.0,70.0,6.0,5.0
2021-08-05 07:15:53,87.0,77.0,7.0,3.0
2021-08-05 07:15:54,84.0,75.0,5.0,4.0
2021-08-05 07:15:55,95.0,82.0,9.0,4.0
2021-08-05 07:15:56,123.0,109.0,10.0,4.0
2021-08-05 07:15:57,78.0,67.0,7.0,4.0
2021-08-05 07:15:58,79.0,74.0,4.0,1.0
2021-08-05 07:15:59,89.0,79.0,9.0,1.0
2021-08-05 07:16:00,99.0,85.0,10.0,4.0
2021-08-05 07:16:01,88.0,81.0,5.0,2.0
2021-08-05 07:16:02,106.0,91.0,8.0,7.0
2021-08-05 07:16:03,98.0,85.0,9.0,4.0
2021-08-05 07:16:04,105.0,90.0,8.0,7.0
2021-08-05 07:16:05,75.0,71.0,2.0,2.0
2021-08-05 07:16:06,85.0,79.0,4.0,2.0
2021-08-05 07:16:07,84.0,74.0,6.0,4.0
2021-08-05 07:16:08,81.0,72.0,7.0,2.0
2021-08-05 07:16:09,85.0,72.0,7.0,6.0
2021-08-05 07:16:10,100.0,95.0,4.0,1.0
2021-08-05 07:16:11,88.0,75.0,9.0,4.0
2021-08-05 07:16:12,75.0,69.0,5.0,1.0
2021-08-05 07:16:13,85.0,76.0,7.0,2.0
2021-08-05 07:16:14,57.0,51.0,5.0,1.0
2021-08-05 07:16:15,101.0,96.0,4.0,1.0
2021-08-05 07:16:16,86.0,70.0,10.0,6.0
2021-08-05 07:16:17,93.0,82.0,8.0,3.0
2021-08-05 07:16:18,96.0,85.0,8.0,3.0
2021-08-05 07:16:19,78.0,67.0,6.0,5.0
2021-08-05 07:16:20,92.0,77.0,10.0,5.0
2021-08-05 07:16:21,90.0,85.0,3.0,2.0
2021-08-05 07:16:22,96.0,86.0,8.0,2.0
2021-08-05 07:16:23,86.0,77.0,3.0,6.0
2021-08-05 07:16:24,92.0,83.0,7.0,2.0
2021-08-05 07:16:25,97.0,85.0,6.0,6.0
2021-08-05 07:16:26,94.0,84.0,5.0,5.0
2021-08-05 07:16:27,90.0,78.0,8.0,4.0
2021-08-05 07:16:28,89.0,79.0,5.0,5.0
2021-08-05 07:16:29,94.0,82.0,9.0,3.0
2021-08-05 07:16:30,90.0,74.0,9.0,7.0
2021-08-05 07:16:31,87.0,73.0,5.0,9.0
2021-08-05 07:16:32,96.0,86.0,5.0,5.0
2021-08-05 07:16:33,94.0,85.0,6.0,3.0
2021-08-05 07:16:34,74.0,65.0,4.0,5.0
2021-08-05 07:16:35,99.0,93.0,2.0,4.0
2021-08-05 07:16:36,97.0,89.0,5.0,3.0
2021-08-05 07:16:37,83.0,75.0,4.0,4.0
2021-08-05 07:16:38,69.0,59.0,6.0,4.0
2021-08-05 07:16:39,92.0,81.0,5.0,6.0
2021-08-05 07:16:40,92.0,79.0,7.0,6.0
2021-08-05 07:16:41,109.0,99.0,4.0,6.0
2021-08-05 07:16:42,88.0,79.0,5.0,4.0
2021-08-05 07:16:43,98.0,91.0,5.0,2.0
2021-08-05 07:16:44,75.0,71.0,3.0,1.0
2021-08-05 07:16:45,88.0,80.0,4.0,4.0
2021-08-05 07:16:46,98.0,78.0,15.0,5.0
2021-08-05 07:16:47,101.0,91.0,7.0,3.0
2021-08-05 07:16:48,94.0,81.0,5.0,8.0
2021-08-05 07:16:49,105.0,95.0,5.0,5.0
2021-08-05 07:16:50,88.0,77.0,9.0,2.0
2021-08-05 07:16:51,91.0,76.0,7.0,8.0
2021-08-05 07:16:52,81.0,72.0,5.0,4.0
2021-08-05 07:16:53,102.0,90.0,10.0,2.0
2021-08-05 07:16:54,85.0,75.0,7.0,3.0
2021-08-05 07:16:55,88.0,80.0,5.0,3.0
2021-08-05 07:16:56,74.0,65.0,6.0,3.0
2021-08-05 07:16:57,90.0,80.0,8.0,2.0
2021-08-05 07:16:58,82.0,74.0,6.0,2.0
2021-08-05 07:16:59,91.0,82.0,7.0,2.0
2021-08-05 07:17:00,95.0,81.0,13.0,1.0
2021-08-05 07:17:01,84.0,79.0,3.0,2.0
2021-08-05 07:17:02,93.0,83.0,9.0,1.0
2021-08-05 07:17:03,84.0,76.0,3.0,5.0
2021-08-05 07:17:04,99.0,86.0,8.0,5.0
2021-08-05 07:17:05,78.0,64.0,8.0,6.0
2021-08-05 07:17:06,75.0,67.0,6.0,2.0
2021-08-05 07:17:07,93.0,85.0,4.0,4.0
2021-08-05 07:17:08,92.0,81.0,7.0,4.0
2021-08-05 07:17:09,92.0,82.0,6.0,4.0
2021-08-05 07:17:10,80.0,76.0,1.0,3.0
2021-08-05 07:17:11,79.0,71.0,5.0,3.0
2021-08-05 07:17:12,78.0,67.0,6.0,5.0
2021-08-05 07:17:13,75.0,69.0,2.0,4.0
2021-08-05 07:17:14,93.0,81.0,9.0,3.0
2021-08-05 07:17:15,90.0,74.0,6.0,10.0
2021-08-05 07:17:16,103.0,92.0,7.0,4.0
2021-08-05 07:17:17,94.0,84.0,7.0,3.0
2021-08-05 07:17:18,77.0,68.0,6.0,3.0
2021-08-05 07:17:19,93.0,76.0,12.0,5.0
2021-08-05 07:17:20,78.0,70.0,3.0,5.0
2021-08-05 07:17:21,96.0,87.0,7.0,2.0
2021-08-05 07:17:22,88.0,77.0,8.0,3.0
2021-08-05 07:17:23,91.0,82.0,4.0,5.0
2021-08-05 07:17:24,78.0,70.0,6.0,2.0
2021-08-05 07:17:25,91.0,85.0,3.0,3.0
2021-08-05 07:17:26,86.0,76.0,7.0,3.0
2021-08-05 07:17:27,89.0,82.0,3.0,4.0
2021-08-05 07:17:28,87.0,76.0,5.0,6.0
2021-08-05 07:17:29,92.0,84.0,4.0,4.0
2021-08-05 07:17:30,103.0,91.0,6.0,6.0
2021-08-05 07:17:31,121.0,106.0,11.0,4.0
2021-08-05 07:17:32,86.0,70.0,8.0,8.0
2021-08-05 07:17:33,75.0,68.0,4.0,3.0
2021-08-05 07:17:34,82.0,77.0,4.0,1.0
2021-08-05 07:17:35,100.0,85.0,10.0,5.0
2021-08-05 07:17:36,93.0,82.0,5.0,6.0
2021-08-05 07:17:37,89.0,74.0,10.0,5.0
2021-08-05 07:17:38,81.0,75.0,2.0,4.0
2021-08-05 07:17:39,87.0,81.0,5.0,1.0
2021-08-05 07:17:40,84.0,73.0,6.0,5.0
2021-08-05 07:17:41,93.0,80.0,8.0,5.0
2021-08-05 07:17:42,87.0,75.0,7.0,5.0
2021-08-05 07:17:43,80.0,71.0,5.0,4.0
2021-08-05 07:17:44,89.0,83.0,5.0,1.0
2021-08-05 07:17:45,99.0,90.0,6.0,3.0
2021-08-05 07:17:46,81.0,70.0,6.0,5.0
2021-08-05 07:17:47,93.0,85.0,7.0,1.0
2021-08-05 07:17:48,92.0,85.0,5.0,2.0
2021-08-05 07:17:49,92.0,81.0,7.0,4.0
2021-08-05 07:17:50,71.0,61.0,7.0,3.0
2021-08-05 07:17:51,85.0,77.0,6.0,2.0
2021-08-05 07:17:52,74.0,69.0,3.0,2.0
2021-08-05 07:17:53,88.0,76.0,6.0,6.0
2021-08-05 07:17:54,90.0,82.0,5.0,3.0
2021-08-05 07:17:55,93.0,72.0,15.0,6.0
2021-08-05 07:17:56,88.0,80.0,5.0,3.0
2021-08-05 07:17:57,97.0,87.0,8.0,2.0
2021-08-05 07:17:58,106.0,98.0,6.0,2.0
2021-08-05 07:17:59,88.0,78.0,7.0,3.0
2021-08-05 07:18:00,99.0,88.0,6.0,5.0
2021-08-05 07:18:01,91.0,86.0,4.0,1.0
2021-08-05 07:18:02,92.0,81.0,8.0,3.0
2021-08-05 07:18:03,95.0,81.0,7.0,7.0
2021-08-05 07:18:04,83.0,75.0,5.0,3.0
2021-08-05 07:18:05,99.0,79.0,12.0,8.0
2021-08-05 07:18:06,87.0,81.0,5.0,1.0
2021-08-05 07:18:07,91.0,78.0,7.0,6.0
2021-08-05 07:18:08,93.0,85.0,6.0,2.0
2021-08-05 07:18:09,99.0,83.0,12.0,4.0
2021-08-05 07:18:10,83.0,76.0,4.0,3.0
2021-08-05 07:18:11,85.0,77.0,5.0,3.0
2021-08-05 07:18:12,101.0,87.0,11.0,3.0
2021-08-05 07:18:13,82.0,67.0,9.0,6.0
2021-08-05 07:18:14,97.0,85.0,7.0,5.0
2021-08-05 07:18:15,82.0,72.0,5.0,5.0
2021-08-05 07:18:16,119.0,102.0,7.0,10.0
2021-08-05 07:18:17,93.0,82.0,9.0,2.0
2021-08-05 07:18:18,94.0,85.0,6.0,3.0
2021-08-05 07:18:19,82.0,67.0,10.0,5.0
2021-08-05 07:18:20,80.0,69.0,7.0,4.0
2021-08-05 07:18:21,99.0,87.0,8.0,4.0
2021-08-05 07:18:22,81.0,69.0,5.0,7.0
2021-08-05 07:18:23,88.0,69.0,14.0,5.0
2021-08-05 07:18:24,86.0,81.0,4.0,1.0
2021-08-05 07:18:25,93.0,82.0,5.0,6.0
2021-08-05 07:18:26,97.0,81.0,9.0,7.0
2021-08-05 07:18:27,93.0,86.0,5.0,2.0
2021-08-05 07:18:28,96.0,83.0,9.0,4.0
2021-08-05 07:18:29,91.0,83.0,7.0,1.0
2021-08-05 07:18:30,90.0,81.0,6.0,3.0
2021-08-05 07:18:31,92.0,80.0,6.0,6.0
2021-08-05 07:18:32,98.0,82.0,10.0,6.0
2021-08-05 07:18:33,97.0,88.0,6.0,3.0
2021-08-05 07:18:34,91.0,83.0,4.0,4.0
2021-08-05 07:18:35,94.0,79.0,9.0,6.0
2021-08-05 07:18:36,87.0,77.0,4.0,6.0
2021-08-05 07:18:37,91.0,83.0,2.0,6.0
2021-08-05 07:18:38,84.0,72.0,5.0,7.0
2021-08-05 07:18:39,89.0,79.0,7.0,3.0
2021-08-05 07:18:40,69.0,58.0,3.0,8.0
2021-08-05 07:18:41,86.0,72.0,6.0,8.0
2021-08-05 07:18:42,91.0,81.0,7.0,3.0
2021-08-05 07:18:43,105.0,91.0,7.0,7.0
2021-08-05 07:18:44,92.0,81.0,7.0,4.0
2021-08-05 07:18:45,103.0,93.0,7.0,3.0
2021-08-05 07:18:46,89.0,78.0,7.0,4.0
2021-08-05 07:18:47,80.0,73.0,3.0,4.0
2021-08-05 07:18:48,101.0,87.0,6.0,8.0
2021-08-05 07:18:49,84.0,67.0,8.0,9.0
2021-08-05 07:18:50,87.0,72.0,7.0,8.0
2021-08-05 07:18:51,68.0,64.0,1.0,3.0
2021-08-05 07:18:52,102.0,87.0,9.0,6.0
2021-08-05 07:18:53,111.0,105.0,5.0,1.0
2021-08-05 07:18:54,85.0,73.0,10.0,2.0
2021-08-05 07:18:55,86.0,74.0,6.0,6.0
2021-08-05 07:18:56,83.0,73.0,7.0,3.0
2021-08-05 07:18:57,89.0,77.0,5.0,7.0
2021-08-05 07:18:58,100.0,92.0,3.0,5.0
2021-08-05 07:18:59,83.0,79.0,2.0,2.0
2021-08-05 07:19:00,90.0,77.0,9.0,4.0
2021-08-05 07:19:01,103.0,92.0,5.0,6.0
2021-08-05 07:19:02,99.0,88.0,7.0,4.0
2021-08-05 07:19:03,96.0,87.0,5.0,4.0
2021-08-05 07:19:04,100.0,87.0,10.0,3.0
2021-08-05 07:19:05,89.0,81.0,3.0,5.0
2021-08-05 07:19:06,88.0,77.0,8.0,3.0
2021-08-05 07:19:07,95.0,84.0,7.0,4.0
2021-08-05 07:19:08,84.0,71.0,9.0,4.0
2021-08-05 07:19:09,87.0,74.0,8.0,5.0
2021-08-05 07:19:10,94.0,86.0,7.0,1.0
2021-08-05 07:19:11,75.0,67.0,4.0,4.0
2021-08-05 07:19:12,94.0,79.0,13.0,2.0
2021-08-05 07:19:13,99.0,86.0,6.0,7.0
2021-08-05 07:19:14,92.0,83.0,5.0,4.0
2021-08-05 07:19:15,94.0,83.0,6.0,5.0
2021-08-05 07:19:16,83.0,70.0,6.0,7.0
2021-08-05 07:19:17,81.0,70.0,8.0,3.0
2021-08-05 07:19:18,96.0,80.0,8.0,8.0
2021-08-05 07:19:19,86.0,74.0,7.0,5.0
2021-08-05 07:19:20,66.0,60.0,3.0,3.0
2021-08-05 07:19:21,80.0,69.0,7.0,4.0
2021-08-05 07:19:22,98.0,85.0,10.0,3.0
2021-08-05 07:19:23,88.0,82.0,4.0,2.0
2021-08-05 07:19:24,86.0,74.0,4.0,8.0
2021-08-05 07:19:25,100.0,82.0,13.0,5.0
2021-08-05 07:19:26,85.0,76.0,3.0,6.0
2021-08-05 07:19:27,88.0,79.0,4.0,5.0
2021-08-05 07:19:28,99.0,92.0,6.0,1.0
2021-08-05 07:19:29,98.0,90.0,6.0,2.0
2021-08-05 07:19:30,89.0,80.0,5.0,4.0
2021-08-05 07:19:31,94.0,82.0,10.0,2.0
2021-08-05 07:19:32,78.0,70.0,4.0,4.0
2021-08-05 07:19:33,106.0,92.0,6.0,8.0
2021-08-05 07:19:34,102.0,92.0,3.0,7.0
2021-08-05 07:19:35,73.0,66.0,2.0,5.0
2021-08-05 07:19:36,66.0,56.0,6.0,4.0
2021-08-05 07:19:37,80.0,75.0,4.0,1.0
2021-08-05 07:19:38,88.0,72.0,10.0,6.0
2021-08-05 07:19:39,84.0,75.0,6.0,3.0
2021-08-05 07:19:40,80.0,65.0,10.0,5.0
2021-08-05 07:19:41,104.0,96.0,6.0,2.0
2021-08-05 07:19:42,85.0,75.0,4.0,6.0
2021-08-05 07:19:43,92.0,75.0,12.0,5.0
2021-08-05 07:19:44,83.0,72.0,9.0,2.0
2021-08-05 07:19:45,86.0,78.0,3.0,5.0
2021-08-05 07:19:46,103.0,88.0,11.0,4.0
2021-08-05 07:19:47,92.0,79.0,8.0,5.0
2021-08-05 07:19:48,91.0,77.0,9.0,5.0
2021-08-05 07:19:49,74.0,65.0,5.0,4.0
2021-08-05 07:19:50,89.0,79.0,4.0,6.0
2021-08-05 07:19:51,90.0,78.0,10.0,2.0
2021-08-05 07:19:52,89.0,77.0,6.0,6.0
2021-08-05 07:19:53,78.0,71.0,4.0,3.0
2021-08-05 07:19:54,101.0,92.0,7.0,2.0
2021-08-05 07:19:55,93.0,75.0,15.0,3.0
2021-08-05 07:19:56,102.0,89.0,7.0,6.0
2021-08-05 07:19:57,102.0,91.0,4.0,7.0
2021-08-05 07:19:58,94.0,83.0,6.0,5.0
2021-08-05 07:19:59,93.0,80.0,7.0,6.0
2021-08-05 07:20:00,87.0,75.0,7.0,5.0
2021-08-05 07:20:01,76.0,72.0,1.0,3.0
2021-08-05 07:20:02,90.0,78.0,10.0,2.0
2021-08-05 07:20:03,86.0,74.0,7.0,5.0
2021-08-05 07:20:04,94.0,72.0,11.0,11.0
2021-08-05 07:20:05,85.0,71.0,10.0,4.0
2021-08-05 07:20:06,94.0,80.0,7.0,7.0
2021-08-05 07:20:07,88.0,80.0,4.0,4.0
2021-08-05 07:20:08,86.0,76.0,7.0,3.0
2021-08-05 07:20:09,96.0,84.0,11.0,1.0
2021-08-05 07:20:10,89.0,75.0,9.0,5.0
2021-08-05 07:20:11,103.0,94.0,7.0,2.0
2021-08-05 07:20:12,83.0,73.0,6.0,4.0
2021-08-05 07:20:13,84.0,77.0,6.0,1.0
2021-08-05 07:20:14,90.0,78.0,6.0,6.0
2021-08-05 07:20:15,83.0,71.0,7.0,5.0
2021-08-05 07:20:16,88.0,80.0,3.0,5.0
2021-08-05 07:20:17,97.0,86.0,8.0,3.0
2021-08-05 07:20:18,100.0,92.0,5.0,3.0
2021-08-05 07:20:19,76.0,71.0,2.0,3.0
2021-08-05 07:20:20,76.0,70.0,5.0,1.0
2021-08-05 07:20:21,86.0,79.0,4.0,3.0
2021-08-05 07:20:22,96.0,86.0,8.0,2.0
2021-08-05 07:20:23,78.0,74.0,3.0,1.0
2021-08-05 07:20:24,89.0,76.0,8.0,5.0
2021-08-05 07:20:25,86.0,75.0,4.0,7.0
2021-08-05 07:20:26,83.0,70.0,8.0,5.0
2021-08-05 07:20:27,87.0,74.0,11.0,2.0
2021-08-05 07:20:28,75.0,66.0,4.0,5.0
2021-08-05 07:20:29,84.0,77.0,6.0,1.0
2021-08-05 07:20:30,93.0,85.0,6.0,2.0
2021-08-05 07:20:31,85.0,71.0,8.0,6.0
2021-08-05 07:20:32,105.0,93.0,8.0,4.0
2021-08-05 07:20:33,74.0,64.0,7.0,3.0
2021-08-05 07:20:34,92.0,82.0,5.0,5.0
2021-08-05 07:20:35,84.0,76.0,5.0,3.0
2021-08-05 07:20:36,90.0,83.0,3.0,4.0
2021-08-05 07:20:37,80.0,72.0,5.0,3.0
2021-08-05 07:20:38,84.0,73.0,6.0,5.0
2021-08-05 07:20:39,101.0,91.0,7.0,3.0
2021-08-05 07:20:40,97.0,83.0,7.0,7.0
2021-08-05 07:20:41,80.0,70.0,9.0,1.0
2021-08-05 07:20:42,79.0,76.0,3.0,0.0
2021-08-05 07:20:43,66.0,54.0,10.0,2.0
2021-08-05 07:20:44,94.0,81.0,10.0,3.0
2021-08-05 07:20:45,106.0,94.0,9.0,3.0
2021-08-05 07:20:46,88.0,76.0,6.0,6.0
2021-08-05 07:20:47,72.0,62.0,7.0,3.0
2021-08-05 07:20:48,82.0,70.0,3.0,9.0
2021-08-05 07:20:49,95.0,87.0,5.0,3.0
2021-08-05 07:20:50,96.0,83.0,7.0,6.0
2021-08-05 07:20:51,93.0,86.0,4.0,3.0
2021-08-05 07:20:52,93.0,79.0,8.0,6.0
2021-08-05 07:20:53,73.0,61.0,9.0,3.0
2021-08-05 07:20:54,96.0,86.0,5.0,5.0
2021-08-05 07:20:55,92.0,78.0,9.0,5.0
2021-08-05 07:20:56,97.0,85.0,7.0,5.0
2021-08-05 07:20:57,88.0,79.0,5.0,4.0
2021-08-05 07:20:58,90.0,73.0,7.0,10.0
2021-08-05 07:20:59,78.0,72.0,4.0,2.0
2021-08-05 07:21:00,68.0,60.0,5.0,3.0
2021-08-05 07:21:01,82.0,67.0,8.0,7.0
2021-08-05 07:21:02,100.0,88.0,7.0,5.0
2021-08-05 07:21:03,101.0,89.0,7.0,5.0
2021-08-05 07:21:04,108.0,96.0,5.0,7.0
2021-08-05 07:21:05,85.0,73.0,7.0,5.0
2021-08-05 07:21:06,88.0,79.0,3.0,6.0
2021-08-05 07:21:07,95.0,83.0,4.0,8.0
2021-08-05 07:21:08,94.0,82.0,9.0,3.0
2021-08-05 07:21:09,75.0,68.0,4.0,3.0
2021-08-05 07:21:10,101.0,92.0,8.0,1.0
2021-08-05 07:21:11,85.0,73.0,10.0,2.0
2021-08-05 07:21:12,94.0,82.0,6.0,6.0
2021-08-05 07:21:13,92.0,78.0,8.0,6.0
2021-08-05 07:21:14,86.0,77.0,4.0,5.0
2021-08-05 07:21:15,96.0,89.0,5.0,2.0
2021-08-05 07:21:16,88.0,74.0,9.0,5.0
2021-08-05 07:21:17,89.0,80.0,3.0,6.0
2021-08-05 07:21:18,95.0,83.0,8.0,4.0
2021-08-05 07:21:19,97.0,93.0,3.0,1.0
2021-08-05 07:21:20,95.0,87.0,4.0,4.0
2021-08-05 07:21:21,91.0,82.0,5.0,4.0
2021-08-05 07:21:22,92.0,81.0,6.0,5.0
2021-08-05 07:21:23,86.0,78.0,6.0,2.0
2021-08-05 07:21:24,105.0,93.0,6.0,6.0
2021-08-05 07:21:25,102.0,95.0,5.0,2.0
2021-08-05 07:21:26,90.0,82.0,4.0,4.0
2021-08-05 07:21:27,100.0,89.0,7.0,4.0
2021-08-05 07:21:28,91.0,76.0,9.0,6.0
2021-08-05 07:21:29,97.0,84.0,11.0,2.0
2021-08-05 07:21:30,85.0,72.0,10.0,3.0
2021-08-05 07:21:31,71.0,62.0,6.0,3.0
2021-08-05 07:21:32,101.0,89.0,7.0,5.0
2021-08-05 07:21:33,81.0,72.0,3.0,6.0
2021-08-05 07:21:34,82.0,70.0,7.0,5.0
2021-08-05 07:21:35,103.0,93.0,2.0,8.0
2021-08-05 07:21:36,95.0,88.0,5.0,2.0
2021-08-05 07:21:37,91.0,78.0,9.0,4.0
2021-08-05 07:21:38,66.0,62.0,1.0,3.0
2021-08-05 07:21:39,103.0,97.0,2.0,4.0
2021-08-05 07:21:40,89.0,80.0,5.0,4.0
2021-08-05 07:21:41,80.0,72.0,6.0,2.0
2021-08-05 07:21:42,71.0,64.0,1.0,6.0
2021-08-05 07:21:43,92.0,77.0,8.0,7.0
2021-08-05 07:21:44,84.0,70.0,7.0,7.0
2021-08-05 07:21:45,98.0,84.0,10.0,4.0
2021-08-05 07:21:46,94.0,82.0,8.0,4.0
2021-08-05 07:21:47,90.0,79.0,9.0,2.0
2021-08-05 07:21:48,67.0,60.0,3.0,4.0
2021-08-05 07:21:49,79.0,67.0,7.0,5.0
2021-08-05 07:21:50,105.0,91.0,9.0,5.0
2021-08-05 07:21:51,91.0,80.0,6.0,5.0
2021-08-05 07:21:52,100.0,85.0,7.0,8.0
2021-08-05 07:21:53,89.0,79.0,4.0,6.0
2021-08-05 07:21:54,95.0,87.0,8.0,0.0
2021-08-05 07:21:55,96.0,87.0,7.0,2.0
2021-08-05 07:21:56,89.0,84.0,3.0,2.0
2021-08-05 07:21:57,97.0,89.0,3.0,5.0
2021-08-05 07:21:58,93.0,83.0,4.0,6.0
2021-08-05 07:21:59,96.0,87.0,6.0,3.0
2021-08-05 07:22:00,77.0,66.0,9.0,2.0
2021-08-05 07:22:01,91.0,81.0,7.0,3.0
2021-08-05 07:22:02,81.0,71.0,8.0,2.0
2021-08-05 07:22:03,88.0,75.0,10.0,3.0
2021-08-05 07:22:04,103.0,90.0,5.0,8.0
2021-08-05 07:22:05,74.0,64.0,8.0,2.0
2021-08-05 07:22:06,102.0,91.0,9.0,2.0
2021-08-05 07:22:07,82.0,66.0,9.0,7.0
2021-08-05 07:22:08,89.0,83.0,3.0,3.0
2021-08-05 07:22:09,77.0,70.0,5.0,2.0
2021-08-05 07:22:10,104.0,92.0,7.0,5.0
2021-08-05 07:22:11,102.0,93.0,5.0,4.0
2021-08-05 07:22:12,94.0,83.0,6.0,5.0
2021-08-05 07:22:13,96.0,78.0,8.0,10.0
2021-08-05 07:22:14,84.0,77.0,4.0,3.0
2021-08-05 07:22:15,81.0,67.0,7.0,7.0
2021-08-05 07:22:16,90.0,82.0,3.0,5.0
2021-08-05 07:22:17,76.0,68.0,3.0,5.0
2021-08-05 07:22:18,88.0,79.0,4.0,5.0
2021-08-05 07:22:19,101.0,92.0,4.0,5.0
2021-08-05 07:22:20,86.0,77.0,5.0,4.0
2021-08-05 07:22:21,77.0,68.0,8.0,1.0
2021-08-05 07:22:22,86.0,73.0,7.0,6.0
2021-08-05 07:22:23,83.0,68.0,8.0,7.0
2021-08-05 07:22:24,89.0,78.0,5.0,6.0
2021-08-05 07:22:25,85.0,74.0,6.0,5.0
2021-08-05 07:22:26,80.0,65.0,7.0,8.0
2021-08-05 07:22:27,95.0,80.0,5.0,10.0
2021-08-05 07:22:28,75.0,63.0,4.0,8.0
2021-08-05 07:22:29,76.0,68.0,6.0,2.0
2021-08-05 07:22:30,101.0,88.0,9.0,4.0
2021-08-05 07:22:31,90.0,78.0,6.0,6.0
2021-08-05 07:22:32,86.0,73.0,10.0,3.0
2021-08-05 07:22:33,90.0,79.0,5.0,6.0
2021-08-05 07:22:34,93.0,81.0,7.0,5.0
2021-08-05 07:22:35,92.0,79.0,9.0,4.0
2021-08-05 07:22:36,96.0,86.0,3.0,7.0
2021-08-05 07:22:37,97.0,90.0,5.0,2.0
2021-08-05 07:22:38,107.0,91.0,10.0,6.0
2021-08-05 07:22:39,79.0,72.0,7.0,0.0
2021-08-05 07:22:40,91.0,79.0,6.0,6.0
2021-08-05 07:22:41,92.0,80.0,4.0,8.0
2021-08-05 07:22:42,97.0,85.0,8.0,4.0
2021-08-05 07:22:43,99.0,89.0,2.0,8.0
2021-08-05 07:22:44,91.0,78.0,9.0,4.0
2021-08-05 07:22:45,84.0,75.0,6.0,3.0
2021-08-05 07:22:46,97.0,86.0,8.0,3.0
2021-08-05 07:22:47,104.0,91.0,3.0,10.0
2021-08-05 07:22:48,109.0,92.0,9.0,8.0
2021-08-05 07:22:49,92.0,86.0,5.0,1.0
2021-08-05 07:22:50,107.0,96.0,8.0,3.0
2021-08-05 07:22:51,77.0,68.0,6.0,3.0
2021-08-05 07:22:52,93.0,82.0,5.0,6.0
2021-08-05 07:22:53,72.0,61.0,6.0,5.0
2021-08-05 07:22:54,83.0,77.0,3.0,3.0
2021-08-05 07:22:55,108.0,93.0,10.0,5.0
2021-08-05 07:22:56,98.0,85.0,8.0,5.0
2021-08-05 07:22:57,102.0,89.0,7.0,6.0
2021-08-05 07:22:58,82.0,72.0,4.0,6.0
2021-08-05 07:22:59,88.0,75.0,6.0,7.0
2021-08-05 07:23:00,103.0,87.0,7.0,9.0
2021-08-05 07:23:01,103.0,96.0,6.0,1.0
2021-08-05 07:23:02,83.0,76.0,5.0,2.0
2021-08-05 07:23:03,98.0,87.0,8.0,3.0
2021-08-05 07:23:04,88.0,76.0,7.0,5.0
2021-08-05 07:23:05,84.0,78.0,3.0,3.0
2021-08-05 07:23:06,83.0,78.0,5.0,0.0
2021-08-05 07:23:07,94.0,78.0,9.0,7.0
2021-08-05 07:23:08,100.0,87.0,10.0,3.0
2021-08-05 07:23:09,89.0,77.0,7.0,5.0
2021-08-05 07:23:10,98.0,92.0,4.0,2.0
2021-08-05 07:23:11,86.0,78.0,4.0,4.0
2021-08-05 07:23:12,92.0,80.0,6.0,6.0
2021-08-05 07:23:13,84.0,73.0,6.0,5.0
2021-08-05 07:23:14,91.0,81.0,5.0,5.0
2021-08-05 07:23:15,74.0,66.0,7.0,1.0
2021-08-05 07:23:16,93.0,78.0,11.0,4.0
2021-08-05 07:23:17,83.0,71.0,8.0,4.0
2021-08-05 07:23:18,105.0,90.0,9.0,6.0
2021-08-05 07:23:19,97.0,87.0,4.0,6.0
2021-08-05 07:23:20,82.0,75.0,3.0,4.0
2021-08-05 07:23:21,74.0,63.0,6.0,5.0
2021-08-05 07:23:22,93.0,83.0,6.0,4.0
2021-08-05 07:23:23,88.0,69.0,11.0,8.0
2021-08-05 07:23:24,86.0,72.0,7.0,7.0
2021-08-05 07:23:25,81.0,73.0,5.0,3.0
2021-08-05 07:23:26,71.0,61.0,8.0,2.0
2021-08-05 07:23:27,84.0,74.0,9.0,1.0
2021-08-05 07:23:28,84.0,71.0,10.0,3.0
2021-08-05 07:23:29,91.0,79.0,9.0,3.0
2021-08-05 07:23:30,100.0,93.0,5.0,2.0
2021-08-05 07:23:31,122.0,106.0,7.0,9.0
2021-08-05 07:23:32,85.0,75.0,7.0,3.0
2021-08-05 07:23:33,82.0,70.0,10.0,2.0
2021-08-05 07:23:34,96.0,86.0,3.0,7.0
2021-08-05 07:23:35,83.0,73.0,6.0,4.0
2021-08-05 07:23:36,73.0,65.0,6.0,2.0
2021-08-05 07:23:37,89.0,82.0,2.0,5.0
2021-08-05 07:23:38,82.0,79.0,2.0,1.0
2021-08-05 07:23:39,87.0,75.0,3.0,9.0
2021-08-05 07:23:40,82.0,70.0,9.0,3.0
2021-08-05 07:23:41,84.0,69.0,9.0,6.0
2021-08-05 07:23:42,96.0,83.0,9.0,4.0
2021-08-05 07:23:43,86.0,74.0,8.0,4.0
2021-08-05 07:23:44,101.0,88.0,9.0,4.0
2021-08-05 07:23:45,84.0,74.0,8.0,2.0
2021-08-05 07:23:46,87.0,66.0,16.0,5.0
2021-08-05 07:23:47,84.0,78.0,2.0,4.0
2021-08-05 07:23:48,66.0,49.0,9.0,8.0
2021-08-05 07:23:49,88.0,75.0,7.0,6.0
2021-08-05 07:23:50,102.0,95.0,3.0,4.0
2021-08-05 07:23:51,87.0,79.0,2.0,6.0
2021-08-05 07:23:52,105.0,92.0,8.0,5.0
2021-08-05 07:23:53,93.0,80.0,7.0,6.0
2021-08-05 07:23:54,69.0,60.0,3.0,6.0
2021-08-05 07:23:55,91.0,80.0,8.0,3.0
2021-08-05 07:23:56,90.0,79.0,6.0,5.0
2021-08-05 07:23:57,80.0,67.0,7.0,6.0
2021-08-05 07:23:58,97.0,86.0,6.0,5.0
2021-08-05 07:23:59,83.0,77.0,4.0,2.0
2021-08-05 07:24:00,87.0,81.0,5.0,1.0
2021-08-05 07:24:01,88.0,72.0,9.0,7.0
2021-08-05 07:24:02,74.0,68.0,3.0,3.0
2021-08-05 07:24:03,80.0,70.0,8.0,2.0
2021-08-05 07:24:04,79.0,69.0,8.0,2.0
2021-08-05 07:24:05,85.0,72.0,9.0,4.0
2021-08-05 07:24:06,88.0,77.0,6.0,5.0
2021-08-05 07:24:07,89.0,73.0,9.0,7.0
2021-08-05 07:24:08,88.0,78.0,10.0,0.0
2021-08-05 07:24:09,100.0,89.0,8.0,3.0
2021-08-05 07:24:10,102.0,91.0,6.0,5.0
2021-08-05 07:24:11,102.0,96.0,4.0,2.0
2021-08-05 07:24:12,95.0,81.0,8.0,6.0
2021-08-05 07:24:13,94.0,86.0,3.0,5.0
2021-08-05 07:24:14,98.0,89.0,3.0,6.0
2021-08-05 07:24:15,88.0,81.0,5.0,2.0
2021-08-05 07:24:16,85.0,72.0,11.0,2.0
2021-08-05 07:24:17,87.0,77.0,5.0,5.0
2021-08-05 07:24:18,83.0,76.0,6.0,1.0
2021-08-05 07:24:19,101.0,88.0,7.0,6.0
2021-08-05 07:24:20,75.0,65.0,7.0,3.0
2021-08-05 07:24:21,93.0,84.0,5.0,4.0
2021-08-05 07:24:22,89.0,84.0,3.0,2.0
2021-08-05 07:24:23,91.0,80.0,9.0,2.0
2021-08-05 07:24:24,87.0,76.0,8.0,3.0
2021-08-05 07:24:25,79.0,67.0,9.0,3.0
2021-08-05 07:24:26,80.0,67.0,5.0,8.0
2021-08-05 07:24:27,102.0,94.0,7.0,1.0
2021-08-05 07:24:28,93.0,83.0,6.0,4.0
2021-08-05 07:24:29,86.0,76.0,6.0,4.0
2021-08-05 07:24:30,82.0,71.0,8.0,3.0
2021-08-05 07:24:31,94.0,90.0,4.0,0.0
2021-08-05 07:24:32,85.0,73.0,9.0,3.0
2021-08-05 07:24:33,87.0,72.0,8.0,7.0
2021-08-05 07:24:34,81.0,73.0,6.0,2.0
2021-08-05 07:24:35,82.0,69.0,9.0,4.0
2021-08-05 07:24:36,87.0,77.0,9.0,1.0
2021-08-05 07:24:37,103.0,87.0,8.0,8.0
2021-08-05 07:24:38,86.0,74.0,9.0,3.0
2021-08-05 07:24:39,99.0,82.0,12.0,5.0
2021-08-05 07:24:40,86.0,78.0,7.0,1.0
2021-08-05 07:24:41,117.0,105.0,8.0,4.0
2021-08-05 07:24:42,99.0,81.0,9.0,9.0
2021-08-05 07:24:43,90.0,78.0,10.0,2.0
2021-08-05 07:24:44,77.0,67.0,5.0,5.0
2021-08-05 07:24:45,75.0,68.0,5.0,2.0
2021-08-05 07:24:46,91.0,80.0,9.0,2.0
2021-08-05 07:24:47,86.0,73.0,6.0,7.0
2021-08-05 07:24:48,92.0,78.0,12.0,2.0
2021-08-05 07:24:49,76.0,70.0,3.0,3.0
2021-08-05 07:24:50,84.0,76.0,5.0,3.0
2021-08-05 07:24:51,78.0,65.0,7.0,6.0
2021-08-05 07:24:52,106.0,93.0,10.0,3.0
2021-08-05 07:24:53,102.0,93.0,5.0,4.0
2021-08-05 07:24:54,72.0,61.0,7.0,4.0
2021-08-05 07:24:55,84.0,76.0,6.0,2.0
2021-08-05 07:24:56,88.0,82.0,1.0,5.0
2021-08-05 07:24:57,99.0,84.0,6.0,9.0
2021-08-05 07:24:58,80.0,74.0,4.0,2.0
2021-08-05 07:24:59,85.0,78.0,6.0,1.0
2021-08-05 07:25:00,90.0,81.0,5.0,4.0
2021-08-05 07:25:01,98.0,85.0,9.0,4.0
2021-08-05 07:25:02,96.0,86.0,6.0,4.0
2021-08-05 07:25:03,78.0,69.0,6.0,3.0
2021-08-05 07:25:04,74.0,67.0,4.0,3.0
2021-08-05 07:25:05,85.0,73.0,9.0,3.0
2021-08-05 07:25:06,75.0,69.0,3.0,3.0
2021-08-05 07:25:07,100.0,88.0,9.0,3.0
2021-08-05 07:25:08,95.0,78.0,11.0,6.0
2021-08-05 07:25:09,88.0,75.0,6.0,7.0
2021-08-05 07:25:10,102.0,92.0,8.0,2.0
2021-08-05 07:25:11,83.0,76.0,3.0,4.0
2021-08-05 07:25:12,96.0,90.0,3.0,3.0
2021-08-05 07:25:13,98.0,82.0,11.0,5.0
2021-08-05 07:25:14,89.0,78.0,7.0,4.0
2021-08-05 07:25:15,77.0,65.0,8.0,4.0
2021-08-05 07:25:16,74.0,61.0,7.0,6.0
2021-08-05 07:25:17,92.0,85.0,4.0,3.0
2021-08-05 07:25:18,85.0,77.0,4.0,4.0
2021-08-05 07:25:19,107.0,99.0,4.0,4.0
2021-08-05 07:25:20,101.0,90.0,6.0,5.0
2021-08-05 07:25:21,79.0,72.0,6.0,1.0
2021-08-05 07:25:22,92.0,81.0,7.0,4.0
2021-08-05 07:25:23,98.0,82.0,8.0,8.0
2021-08-05 07:25:24,92.0,81.0,7.0,4.0
2021-08-05 07:25:25,91.0,80.0,8.0,3.0
2021-08-05 07:25:26,91.0,88.0,2.0,1.0
2021-08-05 07:25:27,85.0,68.0,9.0,8.0
2021-08-05 07:25:28,100.0,85.0,9.0,6.0
2021-08-05 07:25:29,84.0,75.0,7.0,2.0
2021-08-05 07:25:30,96.0,82.0,6.0,8.0
2021-08-05 07:25:31,81.0,75.0,3.0,3.0
2021-08-05 07:25:32,74.0,70.0,4.0,0.0
2021-08-05 07:25:33,94.0,84.0,7.0,3.0
2021-08-05 07:25:34,94.0,85.0,5.0,4.0
2021-08-05 07:25:35,97.0,82.0,8.0,7.0
2021-08-05 07:25:36,96.0,86.0,7.0,3.0
2021-08-05 07:25:37,100.0,87.0,9.0,4.0
2021-08-05 07:25:38,88.0,81.0,5.0,2.0
2021-08-05 07:25:39,89.0,78.0,5.0,6.0
2021-08-05 07:25:40,85.0,80.0,4.0,1.0
2021-08-05 07:25:41,102.0,92.0,6.0,4.0
2021-08-05 07:25:42,88.0,76.0,6.0,6.0
2021-08-05 07:25:43,93.0,79.0,10.0,4.0
2021-08-05 07:25:44,104.0,96.0,6.0,2.0
2021-08-05 07:25:45,85.0,78.0,3.0,4.0
2021-08-05 07:25:46,83.0,70.0,7.0,6.0
2021-08-05 07:25:47,92.0,79.0,8.0,5.0
2021-08-05 07:25:48,86.0,75.0,10.0,1.0
2021-08-05 07:25:49,81.0,72.0,5.0,4.0
2021-08-05 07:25:50,93.0,82.0,7.0,4.0
2021-08-05 07:25:51,95.0,83.0,7.0,5.0
2021-08-05 07:25:52,90.0,79.0,6.0,5.0
2021-08-05 07:25:53,89.0,76.0,9.0,4.0
2021-08-05 07:25:54,85.0,75.0,6.0,4.0
2021-08-05 07:25:55,105.0,88.0,12.0,5.0
2021-08-05 07:25:56,95.0,82.0,9.0,4.0
2021-08-05 07:25:57,77.0,69.0,6.0,2.0
2021-08-05 07:25:58,85.0,74.0,6.0,5.0
2021-08-05 07:25:59,96.0,86.0,6.0,4.0
2021-08-05 07:26:00,92.0,77.0,12.0,3.0
2021-08-05 07:26:01,88.0,81.0,4.0,3.0
2021-08-05 07:26:02,78.0,68.0,6.0,4.0
2021-08-05 07:26:03,96.0,83.0,9.0,4.0
2021-08-05 07:26:04,90.0,78.0,8.0,4.0
2021-08-05 07:26:05,83.0,72.0,7.0,4.0
2021-08-05 07:26:06,86.0,75.0,5.0,6.0
2021-08-05 07:26:07,102.0,89.0,8.0,5.0
2021-08-05 07:26:08,79.0,74.0,4.0,1.0
2021-08-05 07:26:09,106.0,87.0,11.0,8.0
2021-08-05 07:26:10,98.0,87.0,7.0,4.0
2021-08-05 07:26:11,81.0,75.0,4.0,2.0
2021-08-05 07:26:12,80.0,72.0,5.0,3.0
2021-08-05 07:26:13,90.0,78.0,4.0,8.0
2021-08-05 07:26:14,72.0,62.0,8.0,2.0
2021-08-05 07:26:15,96.0,80.0,11.0,5.0
2021-08-05 07:26:16,97.0,85.0,10.0,2.0
2021-08-05 07:26:17,82.0,73.0,7.0,2.0
2021-08-05 07:26:18,92.0,82.0,6.0,4.0
2021-08-05 07:26:19,80.0,71.0,6.0,3.0
2021-08-05 07:26:20,89.0,77.0,11.0,1.0
2021-08-05 07:26:21,79.0,66.0,7.0,6.0
2021-08-05 07:26:22,94.0,78.0,9.0,7.0
2021-08-05 07:26:23,112.0,99.0,9.0,4.0
2021-08-05 07:26:24,76.0,66.0,5.0,5.0
2021-08-05 07:26:25,86.0,76.0,8.0,2.0
2021-08-05 07:26:26,107.0,98.0,7.0,2.0
2021-08-05 07:26:27,81.0,73.0,5.0,3.0
2021-08-05 07:26:28,93.0,79.0,7.0,7.0
2021-08-05 07:26:29,81.0,72.0,4.0,5.0
2021-08-05 07:26:30,86.0,76.0,6.0,4.0
2021-08-05 07:26:31,101.0,86.0,9.0,6.0
2021-08-05 07:26:32,87.0,76.0,7.0,4.0
2021-08-05 07:26:33,87.0,77.0,4.0,6.0
2021-08-05 07:26:34,94.0,80.0,9.0,5.0
2021-08-05 07:26:35,95.0,83.0,7.0,5.0
2021-08-05 07:26:36,74.0,63.0,6.0,5.0
2021-08-05 07:26:37,87.0,76.0,6.0,5.0
2021-08-05 07:26:38,72.0,63.0,6.0,3.0
2021-08-05 07:26:39,118.0,99.0,13.0,6.0
2021-08-05 07:26:40,77.0,68.0,5.0,4.0
2021-08-05 07:26:41,84.0,77.0,3.0,4.0
2021-08-05 07:26:42,88.0,79.0,4.0,5.0
2021-08-05 07:26:43,75.0,66.0,6.0,3.0
2021-08-05 07:26:44,91.0,80.0,7.0,4.0
2021-08-05 07:26:45,82.0,71.0,6.0,5.0
2021-08-05 07:26:46,98.0,83.0,9.0,6.0
2021-08-05 07:26:47,94.0,86.0,6.0,2.0
2021-08-05 07:26:48,93.0,85.0,8.0,0.0
2021-08-05 07:26:49,90.0,85.0,2.0,3.0
2021-08-05 07:26:50,81.0,67.0,7.0,7.0
2021-08-05 07:26:51,95.0,85.0,6.0,4.0
2021-08-05 07:26:52,79.0,71.0,4.0,4.0
2021-08-05 07:26:53,90.0,82.0,2.0,6.0
2021-08-05 07:26:54,78.0,65.0,8.0,5.0
2021-08-05 07:26:55,96.0,85.0,6.0,5.0
2021-08-05 07:26:56,84.0,74.0,8.0,2.0
2021-08-05 07:26:57,70.0,63.0,3.0,4.0
2021-08-05 07:26:58,98.0,87.0,5.0,6.0
2021-08-05 07:26:59,91.0,85.0,4.0,2.0
2021-08-05 07:27:00,100.0,84.0,5.0,11.0
2021-08-05 07:27:01,91.0,75.0,7.0,9.0
2021-08-05 07:27:02,90.0,84.0,4.0,2.0
2021-08-05 07:27:03,93.0,79.0,9.0,5.0
2021-08-05 07:27:04,81.0,68.0,7.0,6.0
2021-08-05 07:27:05,87.0,79.0,4.0,4.0
2021-08-05 07:27:06,85.0,78.0,7.0,0.0
2021-08-05 07:27:07,86.0,76.0,9.0,1.0
2021-08-05 07:27:08,77.0,68.0,5.0,4.0
2021-08-05 07:27:09,93.0,84.0,4.0,5.0
2021-08-05 07:27:10,88.0,82.0,4.0,2.0
2021-08-05 07:27:11,88.0,75.0,7.0,6.0
2021-08-05 07:27:12,87.0,78.0,6.0,3.0
2021-08-05 07:27:13,75.0,67.0,3.0,5.0
2021-08-05 07:27:14,93.0,81.0,7.0,5.0
2021-08-05 07:27:15,88.0,77.0,9.0,2.0
2021-08-05 07:27:16,88.0,81.0,5.0,2.0
2021-08-05 07:27:17,94.0,81.0,6.0,7.0
2021-08-05 07:27:18,106.0,93.0,7.0,6.0
2021-08-05 07:27:19,87.0,79.0,5.0,3.0
2021-08-05 07:27:20,96.0,85.0,9.0,2.0
2021-08-05 07:27:21,80.0,73.0,5.0,2.0
2021-08-05 07:27:22,96.0,78.0,13.0,5.0
2021-08-05 07:27:23,76.0,69.0,3.0,4.0
2021-08-05 07:27:24,88.0,78.0,4.0,6.0
2021-08-05 07:27:25,85.0,78.0,5.0,2.0
2021-08-05 07:27:26,77.0,66.0,7.0,4.0
2021-08-05 07:27:27,89.0,81.0,6.0,2.0
2021-08-05 07:27:28,86.0,71.0,12.0,3.0
2021-08-05 07:27:29,93.0,85.0,4.0,4.0
2021-08-05 07:27:30,88.0,80.0,6.0,2.0
2021-08-05 07:27:31,69.0,64.0,1.0,4.0
2021-08-05 07:27:32,115.0,102.0,11.0,2.0
2021-08-05 07:27:33,100.0,90.0,6.0,4.0
2021-08-05 07:27:34,78.0,71.0,5.0,2.0
2021-08-05 07:27:35,94.0,78.0,13.0,3.0
2021-08-05 07:27:36,82.0,75.0,5.0,2.0
2021-08-05 07:27:37,77.0,73.0,3.0,1.0
2021-08-05 07:27:38,87.0,67.0,15.0,5.0
2021-08-05 07:27:39,88.0,83.0,2.0,3.0
2021-08-05 07:27:40,97.0,91.0,2.0,4.0
2021-08-05 07:27:41,99.0,85.0,6.0,8.0
2021-08-05 07:27:42,94.0,85.0,6.0,3.0
2021-08-05 07:27:43,77.0,68.0,4.0,5.0
2021-08-05 07:27:44,91.0,83.0,6.0,2.0
2021-08-05 07:27:45,85.0,72.0,9.0,4.0
2021-08-05 07:27:46,84.0,73.0,7.0,4.0
2021-08-05 07:27:47,107.0,90.0,9.0,8.0
2021-08-05 07:27:48,99.0,86.0,10.0,3.0
2021-08-05 07:27:49,97.0,91.0,4.0,2.0
2021-08-05 07:27:50,102.0,90.0,8.0,4.0
2021-08-05 07:27:51,88.0,78.0,6.0,4.0
2021-08-05 07:27:52,88.0,83.0,5.0,0.0
2021-08-05 07:27:53,89.0,82.0,5.0,2.0
2021-08-05 07:27:54,79.0,63.0,11.0,5.0
2021-08-05 07:27:55,79.0,70.0,7.0,2.0
2021-08-05 07:27:56,101.0,90.0,5.0,6.0
2021-08-05 07:27:57,93.0,78.0,7.0,8.0
2021-08-05 07:27:58,109.0,100.0,7.0,2.0
2021-08-05 07:27:59,76.0,67.0,5.0,4.0
2021-08-05 07:28:00,78.0,65.0,10.0,3.0
2021-08-05 07:28:01,91.0,85.0,6.0,0.0
2021-08-05 07:28:02,107.0,93.0,4.0,10.0
2021-08-05 07:28:03,79.0,75.0,2.0,2.0
2021-08-05 07:28:04,82.0,70.0,8.0,4.0
2021-08-05 07:28:05,103.0,89.0,7.0,7.0
2021-08-05 07:28:06,90.0,75.0,7.0,8.0
2021-08-05 07:28:07,94.0,78.0,12.0,4.0
2021-08-05 07:28:08,83.0,72.0,10.0,1.0
2021-08-05 07:28:09,91.0,82.0,7.0,2.0
2021-08-05 07:28:10,85.0,69.0,10.0,6.0
2021-08-05 07:28:11,90.0,81.0,6.0,3.0
2021-08-05 07:28:12,71.0,61.0,2.0,8.0
2021-08-05 07:28:13,73.0,69.0,3.0,1.0
2021-08-05 07:28:14,99.0,87.0,9.0,3.0
2021-08-05 07:28:15,77.0,71.0,4.0,2.0
2021-08-05 07:28:16,92.0,82.0,6.0,4.0
2021-08-05 07:28:17,81.0,73.0,3.0,5.0
2021-08-05 07:28:18,108.0,92.0,11.0,5.0
2021-08-05 07:28:19,104.0,95.0,4.0,5.0
2021-08-05 07:28:20,95.0,80.0,8.0,7.0
2021-08-05 07:28:21,100.0,88.0,7.0,5.0
2021-08-05 07:28:22,90.0,80.0,7.0,3.0
2021-08-05 07:28:23,89.0,78.0,8.0,3.0
2021-08-05 07:28:24,88.0,75.0,9.0,4.0
2021-08-05 07:28:25,87.0,79.0,5.0,3.0
2021-08-05 07:28:26,100.0,89.0,7.0,4.0
2021-08-05 07:28:27,96.0,88.0,3.0,5.0
2021-08-05 07:28:28,99.0,92.0,3.0,4.0
2021-08-05 07:28:29,95.0,87.0,3.0,5.0
2021-08-05 07:28:30,105.0,92.0,3.0,10.0
2021-08-05 07:28:31,88.0,75.0,5.0,8.0
2021-08-05 07:28:32,110.0,93.0,11.0,6.0
2021-08-05 07:28:33,90.0,79.0,8.0,3.0
2021-08-05 07:28:34,88.0,78.0,9.0,1.0
2021-08-05 07:28:35,98.0,86.0,7.0,5.0
2021-08-05 07:28:36,89.0,79.0,6.0,4.0
2021-08-05 07:28:37,83.0,72.0,5.0,6.0
2021-08-05 07:28:38,98.0,85.0,9.0,4.0
2021-08-05 07:28:39,95.0,85.0,5.0,5.0
2021-08-05 07:28:40,86.0,69.0,7.0,10.0
2021-08-05 07:28:41,88.0,78.0,5.0,5.0
2021-08-05 07:28:42,105.0,87.0,11.0,7.0
2021-08-05 07:28:43,89.0,81.0,3.0,5.0
2021-08-05 07:28:44,92.0,82.0,4.0,6.0
2021-08-05 07:28:45,88.0,78.0,5.0,5.0
2021-08-05 07:28:46,107.0,94.0,7.0,6.0
2021-08-05 07:28:47,93.0,87.0,2.0,4.0
2021-08-05 07:28:48,97.0,87.0,8.0,2.0
2021-08-05 07:28:49,100.0,88.0,6.0,6.0
2021-08-05 07:28:50,80.0,70.0,4.0,6.0
2021-08-05 07:28:51,101.0,90.0,10.0,1.0
2021-08-05 07:28:52,97.0,89.0,4.0,4.0
2021-08-05 07:28:53,72.0,66.0,2.0,4.0
2021-08-05 07:28:54,81.0,75.0,3.0,3.0
2021-08-05 07:28:55,77.0,62.0,9.0,6.0
2021-08-05 07:28:56,105.0,90.0,7.0,8.0
2021-08-05 07:28:57,91.0,84.0,5.0,2.0
2021-08-05 07:28:58,93.0,79.0,10.0,4.0
2021-08-05 07:28:59,84.0,80.0,3.0,1.0
2021-08-05 07:29:00,101.0,89.0,9.0,3.0
2021-08-05 07:29:01,107.0,98.0,3.0,6.0
2021-08-05 07:29:02,73.0,67.0,2.0,4.0
2021-08-05 07:29:03,82.0,70.0,9.0,3.0
2021-08-05 07:29:04,85.0,78.0,5.0,2.0
2021-08-05 07:29:05,63.0,58.0,4.0,1.0
2021-08-05 07:29:06,93.0,86.0,4.0,3.0
2021-08-05 07:29:07,87.0,73.0,7.0,7.0
2021-08-05 07:29:08,94.0,82.0,8.0,4.0
2021-08-05 07:29:09,93.0,76.0,13.0,4.0
2021-08-05 07:29:10,75.0,56.0,9.0,10.0
2021-08-05 07:29:11,90.0,80.0,7.0,3.0
2021-08-05 07:29:12,82.0,74.0,3.0,5.0
2021-08-05 07:29:13,106.0,95.0,7.0,4.0
2021-08-05 07:29:14,100.0,93.0,4.0,3.0
2021-08-05 07:29:15,79.0,69.0,5.0,5.0
2021-08-05 07:29:16,90.0,81.0,6.0,3.0
2021-08-05 07:29:17,73.0,67.0,6.0,0.0
2021-08-05 07:29:18,101.0,87.0,7.0,7.0
2021-08-05 07:29:19,100.0,88.0,7.0,5.0
2021-08-05 07:29:20,98.0,91.0,6.0,1.0
2021-08-05 07:29:21,84.0,71.0,7.0,6.0
2021-08-05 07:29:22,90.0,76.0,9.0,5.0
2021-08-05 07:29:23,90.0,79.0,8.0,3.0
2021-08-05 07:29:24,96.0,83.0,10.0,3.0
2021-08-05 07:29:25,83.0,67.0,12.0,4.0
2021-08-05 07:29:26,86.0,72.0,7.0,7.0
2021-08-05 07:29:27,84.0,83.0,1.0,0.0
2021-08-05 07:29:28,80.0,71.0,8.0,1.0
2021-08-05 07:29:29,108.0,99.0,4.0,5.0
2021-08-05 07:29:30,90.0,82.0,5.0,3.0
2021-08-05 07:29:31,95.0,88.0,6.0,1.0
2021-08-05 07:29:32,85.0,73.0,8.0,4.0
2021-08-05 07:29:33,87.0,77.0,5.0,5.0
2021-08-05 07:29:34,88.0,79.0,8.0,1.0
2021-08-05 07:29:35,81.0,72.0,6.0,3.0
2021-08-05 07:29:36,91.0,84.0,4.0,3.0
2021-08-05 07:29:37,87.0,74.0,7.0,6.0
2021-08-05 07:29:38,110.0,92.0,11.0,7.0
2021-08-05 07:29:39,79.0,72.0,5.0,2.0
2021-08-05 07:29:40,82.0,72.0,6.0,4.0
2021-08-05 07:29:41,87.0,75.0,5.0,7.0
2021-08-05 07:29:42,88.0,69.0,12.0,7.0
2021-08-05 07:29:43,97.0,86.0,8.0,3.0
2021-08-05 07:29:44,76.0,69.0,4.0,3.0
2021-08-05 07:29:45,105.0,91.0,10.0,4.0
2021-08-05 07:29:46,99.0,87.0,8.0,4.0
2021-08-05 07:29:47,78.0,70.0,6.0,2.0
2021-08-05 07:29:48,79.0,73.0,2.0,4.0
2021-08-05 07:29:49,89.0,77.0,7.0,5.0
2021-08-05 07:29:50,90.0,81.0,6.0,3.0
2021-08-05 07:29:51,100.0,87.0,11.0,2.0
2021-08-05 07:29:52,88.0,72.0,11.0,5.0
2021-08-05 07:29:53,91.0,83.0,2.0,6.0
2021-08-05 07:29:54,83.0,71.0,8.0,4.0
2021-08-05 07:29:55,105.0,94.0,7.0,4.0
2021-08-05 07:29:56,104.0,97.0,5.0,2.0
2021-08-05 07:29:57,70.0,64.0,3.0,3.0
2021-08-05 07:29:58,75.0,64.0,7.0,4.0
2021-08-05 07:29:59,91.0,80.0,7.0,4.0
2021-08-05 07:30:00,107.0,96.0,9.0,2.0
2021-08-05 07:30:01,71.0,62.0,5.0,4.0
2021-08-05 07:30:02,90.0,81.0,6.0,3.0
2021-08-05 07:30:03,95.0,88.0,4.0,3.0
2021-08-05 07:30:04,86.0,76.0,8.0,2.0
2021-08-05 07:30:05,82.0,75.0,5.0,2.0
2021-08-05 07:30:06,75.0,66.0,5.0,4.0
2021-08-05 07:30:07,86.0,74.0,9.0,3.0
2021-08-05 07:30:08,83.0,76.0,2.0,5.0
2021-08-05 07:30:09,90.0,79.0,3.0,8.0
2021-08-05 07:30:10,89.0,79.0,8.0,2.0
2021-08-05 07:30:11,83.0,74.0,6.0,3.0
2021-08-05 07:30:12,89.0,74.0,8.0,7.0
2021-08-05 07:30:13,92.0,84.0,6.0,2.0
2021-08-05 07:30:14,86.0,69.0,13.0,4.0
2021-08-05 07:30:15,98.0,87.0,8.0,3.0
2021-08-05 07:30:16,102.0,88.0,7.0,7.0
2021-08-05 07:30:17,88.0,78.0,6.0,4.0
2021-08-05 07:30:18,104.0,92.0,9.0,3.0
2021-08-05 07:30:19,77.0,67.0,2.0,8.0
2021-08-05 07:30:20,98.0,89.0,7.0,2.0
2021-08-05 07:30:21,82.0,67.0,10.0,5.0
2021-08-05 07:30:22,94.0,78.0,13.0,3.0
2021-08-05 07:30:23,79.0,73.0,4.0,2.0
2021-08-05 07:30:24,77.0,68.0,8.0,1.0
2021-08-05 07:30:25,82.0,73.0,6.0,3.0
2021-08-05 07:30:26,82.0,74.0,6.0,2.0
2021-08-05 07:30:27,86.0,74.0,3.0,9.0
2021-08-05 07:30:28,94.0,88.0,4.0,2.0
2021-08-05 07:30:29,67.0,59.0,5.0,3.0
2021-08-05 07:30:30,89.0,80.0,5.0,4.0
2021-08-05 07:30:31,86.0,80.0,5.0,1.0
2021-08-05 07:30:32,78.0,62.0,10.0,6.0
2021-08-05 07:30:33,86.0,72.0,8.0,6.0
2021-08-05 07:30:34,92.0,80.0,8.0,4.0
2021-08-05 07:30:35,74.0,66.0,5.0,3.0
2021-08-05 07:30:36,79.0,69.0,8.0,2.0
2021-08-05 07:30:37,86.0,75.0,4.0,7.0
2021-08-05 07:30:38,108.0,97.0,10.0,1.0
2021-08-05 07:30:39,93.0,84.0,4.0,5.0
2021-08-05 07:30:40,97.0,86.0,7.0,4.0
2021-08-05 07:30:41,93.0,85.0,4.0,4.0
2021-08-05 07:30:42,95.0,85.0,5.0,5.0
2021-08-05 07:30:43,100.0,91.0,6.0,3.0
2021-08-05 07:30:44,86.0,73.0,10.0,3.0
2021-08-05 07:30:45,98.0,83.0,10.0,5.0
2021-08-05 07:30:46,93.0,79.0,10.0,4.0
2021-08-05 07:30:47,80.0,71.0,7.0,2.0
2021-08-05 07:30:48,91.0,78.0,6.0,7.0
2021-08-05 07:30:49,91.0,79.0,6.0,6.0
2021-08-05 07:30:50,88.0,75.0,6.0,7.0
2021-08-05 07:30:51,98.0,86.0,9.0,3.0
2021-08-05 07:30:52,99.0,90.0,8.0,1.0
2021-08-05 07:30:53,85.0,76.0,5.0,4.0
2021-08-05 07:30:54,82.0,71.0,9.0,2.0
2021-08-05 07:30:55,86.0,73.0,10.0,3.0
2021-08-05 07:30:56,84.0,72.0,4.0,8.0
2021-08-05 07:30:57,92.0,85.0,2.0,5.0
2021-08-05 07:30:58,79.0,68.0,6.0,5.0
2021-08-05 07:30:59,99.0,87.0,4.0,8.0
2021-08-05 07:31:00,96.0,85.0,7.0,4.0
2021-08-05 07:31:01,74.0,66.0,6.0,2.0
2021-08-05 07:31:02,77.0,63.0,7.0,7.0
2021-08-05 07:31:03,73.0,64.0,7.0,2.0
2021-08-05 07:31:04,118.0,100.0,14.0,4.0
2021-08-05 07:31:05,86.0,73.0,7.0,6.0
2021-08-05 07:31:06,86.0,79.0,5.0,2.0
2021-08-05 07:31:07,93.0,84.0,4.0,5.0
2021-08-05 07:31:08,76.0,68.0,3.0,5.0
2021-08-05 07:31:09,79.0,67.0,4.0,8.0
2021-08-05 07:31:10,105.0,94.0,7.0,4.0
2021-08-05 07:31:11,95.0,83.0,6.0,6.0
2021-08-05 07:31:12,89.0,75.0,8.0,6.0
2021-08-05 07:31:13,69.0,62.0,3.0,4.0
2021-08-05 07:31:14,92.0,87.0,3.0,2.0
2021-08-05 07:31:15,96.0,83.0,5.0,8.0
2021-08-05 07:31:16,88.0,78.0,6.0,4.0
2021-08-05 07:31:17,98.0,87.0,7.0,4.0
2021-08-05 07:31:18,90.0,83.0,4.0,3.0
2021-08-05 07:31:19,91.0,83.0,4.0,4.0
2021-08-05 07:31:20,96.0,81.0,9.0,6.0
2021-08-05 07:31:21,83.0,74.0,2.0,7.0
2021-08-05 07:31:22,72.0,58.0,6.0,8.0
2021-08-05 07:31:23,84.0,68.0,10.0,6.0
2021-08-05 07:31:24,87.0,81.0,3.0,3.0
2021-08-05 07:31:25,97.0,85.0,5.0,7.0
2021-08-05 07:31:26,84.0,76.0,5.0,3.0
2021-08-05 07:31:27,94.0,80.0,10.0,4.0
2021-08-05 07:31:28,87.0,74.0,8.0,5.0
2021-08-05 07:31:29,71.0,65.0,3.0,3.0
2021-08-05 07:31:30,96.0,89.0,3.0,4.0
2021-08-05 07:31:31,89.0,82.0,4.0,3.0
2021-08-05 07:31:32,103.0,84.0,10.0,9.0
2021-08-05 07:31:33,101.0,87.0,12.0,2.0
2021-08-05 07:31:34,81.0,69.0,9.0,3.0
2021-08-05 07:31:35,89.0,78.0,7.0,4.0
2021-08-05 07:31:36,88.0,78.0,5.0,5.0
2021-08-05 07:31:37,92.0,83.0,6.0,3.0
2021-08-05 07:31:38,84.0,76.0,4.0,4.0
2021-08-05 07:31:39,70.0,61.0,6.0,3.0
2021-08-05 07:31:40,91.0,82.0,6.0,3.0
2021-08-05 07:31:41,98.0,84.0,8.0,6.0
2021-08-05 07:31:42,66.0,53.0,10.0,3.0
2021-08-05 07:31:43,79.0,64.0,8.0,7.0
2021-08-05 07:31:44,80.0,69.0,6.0,5.0
2021-08-05 07:31:45,91.0,79.0,9.0,3.0
2021-08-05 07:31:46,89.0,83.0,5.0,1.0
2021-08-05 07:31:47,108.0,94.0,10.0,4.0
2021-08-05 07:31:48,94.0,81.0,8.0,5.0
2021-08-05 07:31:49,99.0,84.0,8.0,7.0
2021-08-05 07:31:50,82.0,73.0,6.0,3.0
2021-08-05 07:31:51,83.0,71.0,8.0,4.0
2021-08-05 07:31:52,105.0,84.0,15.0,6.0
2021-08-05 07:31:53,98.0,90.0,2.0,6.0
2021-08-05 07:31:54,99.0,86.0,7.0,6.0
2021-08-05 07:31:55,97.0,86.0,8.0,3.0
2021-08-05 07:31:56,102.0,91.0,7.0,4.0
2021-08-05 07:31:57,92.0,82.0,6.0,4.0
2021-08-05 07:31:58,83.0,72.0,7.0,4.0
2021-08-05 07:31:59,104.0,95.0,5.0,4.0
2021-08-05 07:32:00,78.0,71.0,6.0,1.0
2021-08-05 07:32:01,95.0,81.0,7.0,7.0
2021-08-05 07:32:02,88.0,78.0,6.0,4.0
2021-08-05 07:32:03,101.0,91.0,5.0,5.0
2021-08-05 07:32:04,90.0,80.0,6.0,4.0
2021-08-05 07:32:05,88.0,77.0,6.0,5.0
2021-08-05 07:32:06,87.0,74.0,10.0,3.0
2021-08-05 07:32:07,88.0,75.0,8.0,5.0
2021-08-05 07:32:08,91.0,84.0,5.0,2.0
2021-08-05 07:32:09,87.0,77.0,6.0,4.0
2021-08-05 07:32:10,92.0,85.0,4.0,3.0
2021-08-05 07:32:11,81.0,74.0,6.0,1.0
2021-08-05 07:32:12,85.0,73.0,8.0,4.0
2021-08-05 07:32:13,94.0,76.0,10.0,8.0
2021-08-05 07:32:14,76.0,69.0,6.0,1.0
2021-08-05 07:32:15,85.0,75.0,8.0,2.0
2021-08-05 07:32:16,99.0,87.0,7.0,5.0
2021-08-05 07:32:17,93.0,85.0,5.0,3.0
2021-08-05 07:32:18,93.0,82.0,5.0,6.0
2021-08-05 07:32:19,78.0,66.0,6.0,6.0
2021-08-05 07:32:20,104.0,92.0,6.0,6.0
2021-08-05 07:32:21,77.0,68.0,6.0,3.0
2021-08-05 07:32:22,85.0,74.0,5.0,6.0
2021-08-05 07:32:23,89.0,83.0,3.0,3.0
2021-08-05 07:32:24,86.0,71.0,7.0,8.0
2021-08-05 07:32:25,95.0,88.0,5.0,2.0
2021-08-05 07:32:26,98.0,86.0,8.0,4.0
2021-08-05 07:32:27,91.0,83.0,4.0,4.0
2021-08-05 07:32:28,92.0,82.0,6.0,4.0
2021-08-05 07:32:29,83.0,71.0,10.0,2.0
2021-08-05 07:32:30,87.0,74.0,9.0,4.0
2021-08-05 07:32:31,101.0,86.0,8.0,7.0
2021-08-05 07:32:32,78.0,69.0,7.0,2.0
2021-08-05 07:32:33,67.0,62.0,0.0,5.0
2021-08-05 07:32:34,89.0,78.0,9.0,2.0
2021-08-05 07:32:35,95.0,85.0,4.0,6.0
2021-08-05 07:32:36,85.0,73.0,4.0,8.0
2021-08-05 07:32:37,108.0,101.0,5.0,2.0
2021-08-05 07:32:38,91.0,83.0,3.0,5.0
2021-08-05 07:32:39,87.0,75.0,6.0,6.0
2021-08-05 07:32:40,83.0,74.0,6.0,3.0
2021-08-05 07:32:41,95.0,83.0,8.0,4.0
2021-08-05 07:32:42,111.0,103.0,4.0,4.0
2021-08-05 07:32:43,99.0,91.0,5.0,3.0
2021-08-05 07:32:44,89.0,78.0,5.0,6.0
2021-08-05 07:32:45,93.0,81.0,9.0,3.0
2021-08-05 07:32:46,69.0,64.0,2.0,3.0
2021-08-05 07:32:47,92.0,79.0,7.0,6.0
2021-08-05 07:32:48,86.0,74.0,5.0,7.0
2021-08-05 07:32:49,88.0,75.0,8.0,5.0
2021-08-05 07:32:50,96.0,86.0,6.0,4.0
2021-08-05 07:32:51,103.0,91.0,7.0,5.0
2021-08-05 07:32:52,92.0,73.0,15.0,4.0
2021-08-05 07:32:53,83.0,79.0,3.0,1.0
2021-08-05 07:32:54,92.0,83.0,7.0,2.0
2021-08-05 07:32:55,93.0,80.0,6.0,7.0
2021-08-05 07:32:56,75.0,69.0,5.0,1.0
2021-08-05 07:32:57,86.0,76.0,6.0,4.0
2021-08-05 07:32:58,90.0,79.0,8.0,3.0
2021-08-05 07:32:59,89.0,81.0,5.0,3.0
2021-08-05 07:33:00,88.0,73.0,7.0,8.0
2021-08-05 07:33:01,82.0,70.0,10.0,2.0
2021-08-05 07:33:02,88.0,75.0,9.0,4.0
2021-08-05 07:33:03,95.0,83.0,7.0,5.0
2021-08-05 07:33:04,80.0,70.0,4.0,6.0
2021-08-05 07:33:05,72.0,65.0,1.0,6.0
2021-08-05 07:33:06,99.0,90.0,6.0,3.0
2021-08-05 07:33:07,99.0,89.0,6.0,4.0
2021-08-05 07:33:08,103.0,91.0,7.0,5.0
2021-08-05 07:33:09,96.0,88.0,5.0,3.0
2021-08-05 07:33:10,80.0,70.0,7.0,3.0
2021-08-05 07:33:11,103.0,97.0,5.0,1.0
2021-08-05 07:33:12,86.0,76.0,5.0,5.0
2021-08-05 07:33:13,85.0,73.0,8.0,4.0
2021-08-05 07:33:14,92.0,79.0,8.0,5.0
2021-08-05 07:33:15,113.0,103.0,5.0,5.0
2021-08-05 07:33:16,89.0,82.0,5.0,2.0
2021-08-05 07:33:17,78.0,64.0,8.0,6.0
2021-08-05 07:33:18,89.0,77.0,6.0,6.0
2021-08-05 07:33:19,80.0,72.0,3.0,5.0
2021-08-05 07:33:20,89.0,82.0,4.0,3.0
2021-08-05 07:33:21,88.0,75.0,10.0,3.0
2021-08-05 07:33:22,81.0,69.0,6.0,6.0
2021-08-05 07:33:23,82.0,71.0,9.0,2.0
2021-08-05 07:33:24,82.0,75.0,5.0,2.0
2021-08-05 07:33:25,77.0,70.0,3.0,4.0
2021-08-05 07:33:26,84.0,73.0,8.0,3.0
2021-08-05 07:33:27,82.0,76.0,4.0,2.0
2021-08-05 07:33:28,78.0,66.0,6.0,6.0
2021-08-05 07:33:29,89.0,81.0,2.0,6.0
2021-08-05 07:33:30,108.0,100.0,6.0,2.0
2021-08-05 07:33:31,90.0,82.0,6.0,2.0
2021-08-05 07:33:32,86.0,74.0,6.0,6.0
2021-08-05 07:33:33,96.0,82.0,10.0,4.0
2021-08-05 07:33:34,100.0,91.0,5.0,4.0
2021-08-05 07:33:35,83.0,74.0,5.0,4.0
2021-08-05 07:33:36,79.0,72.0,3.0,4.0
2021-08-05 07:33:37,75.0,68.0,3.0,4.0
2021-08-05 07:33:38,101.0,88.0,9.0,4.0
2021-08-05 07:33:39,92.0,73.0,14.0,5.0
2021-08-05 07:33:40,86.0,78.0,4.0,4.0
2021-08-05 07:33:41,104.0,83.0,10.0,11.0
2021-08-05 07:33:42,98.0,86.0,7.0,5.0
2021-08-05 07:33:43,80.0,69.0,10.0,1.0
2021-08-05 07:33:44,96.0,82.0,9.0,5.0
2021-08-05 07:33:45,105.0,90.0,11.0,4.0
2021-08-05 07:33:46,69.0,60.0,6.0,3.0
2021-08-05 07:33:47,86.0,77.0,4.0,5.0
2021-08-05 07:33:48,96.0,85.0,7.0,4.0
2021-08-05 07:33:49,104.0,94.0,6.0,4.0
2021-08-05 07:33:50,97.0,83.0,9.0,5.0
2021-08-05 07:33:51,107.0,93.0,9.0,5.0
2021-08-05 07:33:52,101.0,91.0,8.0,2.0
2021-08-05 07:33:53,91.0,75.0,10.0,6.0
2021-08-05 07:33:54,84.0,73.0,5.0,6.0
2021-08-05 07:33:55,100.0,88.0,9.0,3.0
2021-08-05 07:33:56,91.0,77.0,6.0,8.0
2021-08-05 07:33:57,79.0,69.0,6.0,4.0
2021-08-05 07:33:58,92.0,77.0,9.0,6.0
2021-08-05 07:33:59,102.0,88.0,10.0,4.0
2021-08-05 07:34:00,95.0,84.0,8.0,3.0
2021-08-05 07:34:01,76.0,65.0,5.0,6.0
2021-08-05 07:34:02,89.0,79.0,8.0,2.0
2021-08-05 07:34:03,68.0,59.0,3.0,6.0
2021-08-05 07:34:04,102.0,87.0,8.0,7.0
2021-08-05 07:34:05,100.0,85.0,8.0,7.0
2021-08-05 07:34:06,80.0,68.0,7.0,5.0
2021-08-05 07:34:07,93.0,78.0,7.0,8.0
2021-08-05 07:34:08,82.0,74.0,7.0,1.0
2021-08-05 07:34:09,81.0,71.0,6.0,4.0
2021-08-05 07:34:10,80.0,74.0,3.0,3.0
2021-08-05 07:34:11,106.0,94.0,7.0,5.0
2021-08-05 07:34:12,87.0,79.0,4.0,4.0
2021-08-05 07:34:13,103.0,91.0,8.0,4.0
2021-08-05 07:34:14,89.0,82.0,4.0,3.0
2021-08-05 07:34:15,75.0,67.0,7.0,1.0
2021-08-05 07:34:16,89.0,75.0,7.0,7.0
2021-08-05 07:34:17,90.0,84.0,4.0,2.0
2021-08-05 07:34:18,87.0,76.0,7.0,4.0
2021-08-05 07:34:19,83.0,72.0,5.0,6.0
2021-08-05 07:34:20,96.0,84.0,10.0,2.0
2021-08-05 07:34:21,61.0,53.0,4.0,4.0
2021-08-05 07:34:22,86.0,78.0,4.0,4.0
2021-08-05 07:34:23,78.0,64.0,11.0,3.0
2021-08-05 07:34:24,88.0,79.0,4.0,5.0
2021-08-05 07:34:25,79.0,68.0,5.0,6.0
2021-08-05 07:34:26,93.0,79.0,7.0,7.0
2021-08-05 07:34:27,77.0,72.0,4.0,1.0
2021-08-05 07:34:28,101.0,83.0,10.0,8.0
2021-08-05 07:34:29,96.0,82.0,7.0,7.0
2021-08-05 07:34:30,114.0,96.0,9.0,9.0
2021-08-05 07:34:31,76.0,67.0,6.0,3.0
2021-08-05 07:34:32,94.0,84.0,4.0,6.0
2021-08-05 07:34:33,115.0,102.0,7.0,6.0
2021-08-05 07:34:34,102.0,88.0,10.0,4.0
2021-08-05 07:34:35,102.0,90.0,10.0,2.0
2021-08-05 07:34:36,75.0,70.0,2.0,3.0
2021-08-05 07:34:37,83.0,79.0,3.0,1.0
2021-08-05 07:34:38,85.0,79.0,4.0,2.0
2021-08-05 07:34:39,110.0,94.0,11.0,5.0
2021-08-05 07:34:40,80.0,65.0,6.0,9.0
2021-08-05 07:34:41,116.0,103.0,7.0,6.0
2021-08-05 07:34:42,82.0,69.0,8.0,5.0
2021-08-05 07:34:43,81.0,70.0,7.0,4.0
2021-08-05 07:34:44,87.0,77.0,6.0,4.0
2021-08-05 07:34:45,94.0,86.0,4.0,4.0
2021-08-05 07:34:46,90.0,78.0,5.0,7.0
2021-08-05 07:34:47,87.0,76.0,6.0,5.0
2021-08-05 07:34:48,81.0,67.0,10.0,4.0
2021-08-05 07:34:49,79.0,71.0,4.0,4.0
2021-08-05 07:34:50,87.0,77.0,7.0,3.0
2021-08-05 07:34:51,80.0,73.0,5.0,2.0
2021-08-05 07:34:52,88.0,79.0,5.0,4.0
2021-08-05 07:34:53,83.0,77.0,2.0,4.0
2021-08-05 07:34:54,81.0,73.0,6.0,2.0
2021-08-05 07:34:55,77.0,69.0,7.0,1.0
2021-08-05 07:34:56,82.0,69.0,6.0,7.0
2021-08-05 07:34:57,86.0,73.0,8.0,5.0
2021-08-05 07:34:58,73.0,61.0,7.0,5.0
2021-08-05 07:34:59,78.0,67.0,7.0,4.0
2021-08-05 07:35:00,84.0,76.0,4.0,4.0
2021-08-05 07:35:01,86.0,79.0,1.0,6.0
2021-08-05 07:35:02,95.0,85.0,6.0,4.0
2021-08-05 07:35:03,106.0,97.0,5.0,4.0
2021-08-05 07:35:04,76.0,70.0,2.0,4.0
2021-08-05 07:35:05,104.0,92.0,6.0,6.0
2021-08-05 07:35:06,96.0,85.0,7.0,4.0
2021-08-05 07:35:07,89.0,80.0,5.0,4.0
2021-08-05 07:35:08,91.0,78.0,9.0,4.0
2021-08-05 07:35:09,82.0,70.0,8.0,4.0
2021-08-05 07:35:10,98.0,82.0,10.0,6.0
2021-08-05 07:35:11,99.0,91.0,4.0,4.0
2021-08-05 07:35:12,89.0,79.0,6.0,4.0
2021-08-05 07:35:13,91.0,83.0,4.0,4.0
2021-08-05 07:35:14,80.0,70.0,8.0,2.0
2021-08-05 07:35:15,83.0,74.0,6.0,3.0
2021-08-05 07:35:16,74.0,67.0,5.0,2.0
2021-08-05 07:35:17,90.0,76.0,4.0,10.0
2021-08-05 07:35:18,98.0,79.0,12.0,7.0
2021-08-05 07:35:19,88.0,79.0,7.0,2.0
2021-08-05 07:35:20,93.0,81.0,10.0,2.0
2021-08-05 07:35:21,75.0,68.0,5.0,2.0
2021-08-05 07:35:22,92.0,79.0,10.0,3.0
2021-08-05 07:35:23,84.0,76.0,6.0,2.0
2021-08-05 07:35:24,77.0,67.0,7.0,3.0
2021-08-05 07:35:25,89.0,74.0,13.0,2.0
2021-08-05 07:35:26,100.0,92.0,7.0,1.0
2021-08-05 07:35:27,92.0,85.0,4.0,3.0
2021-08-05 07:35:28,74.0,63.0,6.0,5.0
2021-08-05 07:35:29,92.0,87.0,3.0,2.0
2021-08-05 07:35:30,81.0,72.0,6.0,3.0
2021-08-05 07:35:31,99.0,83.0,8.0,8.0
2021-08-05 07:35:32,85.0,73.0,5.0,7.0
2021-08-05 07:35:33,95.0,82.0,9.0,4.0
2021-08-05 07:35:34,93.0,85.0,3.0,5.0
2021-08-05 07:35:35,84.0,75.0,6.0,3.0
2021-08-05 07:35:36,106.0,90.0,7.0,9.0
2021-08-05 07:35:37,94.0,85.0,6.0,3.0
2021-08-05 07:35:38,89.0,82.0,5.0,2.0
2021-08-05 07:35:39,94.0,79.0,10.0,5.0
2021-08-05 07:35:40,87.0,78.0,6.0,3.0
2021-08-05 07:35:41,86.0,78.0,2.0,6.0
2021-08-05 07:35:42,96.0,80.0,9.0,7.0
2021-08-05 07:35:43,79.0,73.0,4.0,2.0
2021-08-05 07:35:44,98.0,88.0,6.0,4.0
2021-08-05 07:35:45,89.0,74.0,9.0,6.0
2021-08-05 07:35:46,89.0,81.0,3.0,5.0
2021-08-05 07:35:47,73.0,54.0,11.0,8.0
2021-08-05 07:35:48,84.0,72.0,7.0,5.0
2021-08-05 07:35:49,83.0,73.0,6.0,4.0
2021-08-05 07:35:50,86.0,80.0,5.0,1.0
2021-08-05 07:35:51,81.0,75.0,5.0,1.0
2021-08-05 07:35:52,98.0,83.0,12.0,3.0
2021-08-05 07:35:53,72.0,68.0,3.0,1.0
2021-08-05 07:35:54,75.0,68.0,4.0,3.0
2021-08-05 07:35:55,90.0,81.0,7.0,2.0
2021-08-05 07:35:56,82.0,76.0,5.0,1.0
2021-08-05 07:35:57,81.0,64.0,9.0,8.0
2021-08-05 07:35:58,78.0,68.0,6.0,4.0
2021-08-05 07:35:59,92.0,82.0,5.0,5.0
2021-08-05 07:36:00,102.0,93.0,8.0,1.0
2021-08-05 07:36:01,92.0,78.0,10.0,4.0
2021-08-05 07:36:02,97.0,82.0,10.0,5.0
2021-08-05 07:36:03,98.0,84.0,7.0,7.0
2021-08-05 07:36:04,89.0,80.0,5.0,4.0
2021-08-05 07:36:05,105.0,96.0,5.0,4.0
2021-08-05 07:36:06,86.0,75.0,8.0,3.0
2021-08-05 07:36:07,90.0,80.0,2.0,8.0
2021-08-05 07:36:08,86.0,73.0,8.0,5.0
2021-08-05 07:36:09,88.0,76.0,8.0,4.0
2021-08-05 07:36:10,85.0,76.0,6.0,3.0
2021-08-05 07:36:11,90.0,80.0,4.0,6.0
2021-08-05 07:36:12,79.0,69.0,8.0,2.0
2021-08-05 07:36:13,88.0,76.0,4.0,8.0
2021-08-05 07:36:14,71.0,65.0,4.0,2.0
2021-08-05 07:36:15,86.0,76.0,8.0,2.0
2021-08-05 07:36:16,97.0,83.0,5.0,9.0
2021-08-05 07:36:17,88.0,71.0,10.0,7.0
2021-08-05 07:36:18,72.0,64.0,4.0,4.0
2021-08-05 07:36:19,81.0,73.0,4.0,4.0
2021-08-05 07:36:20,83.0,75.0,3.0,5.0
2021-08-05 07:36:21,79.0,68.0,6.0,5.0
2021-08-05 07:36:22,87.0,77.0,5.0,5.0
2021-08-05 07:36:23,80.0,76.0,3.0,1.0
2021-08-05 07:36:24,96.0,87.0,8.0,1.0
2021-08-05 07:36:25,100.0,86.0,9.0,5.0
2021-08-05 07:36:26,85.0,71.0,9.0,5.0
2021-08-05 07:36:27,100.0,91.0,7.0,2.0
2021-08-05 07:36:28,93.0,85.0,4.0,4.0
2021-08-05 07:36:29,96.0,84.0,4.0,8.0
2021-08-05 07:36:30,90.0,77.0,10.0,3.0
2021-08-05 07:36:31,81.0,72.0,5.0,4.0
2021-08-05 07:36:32,70.0,64.0,3.0,3.0
2021-08-05 07:36:33,80.0,67.0,8.0,5.0
2021-08-05 07:36:34,89.0,75.0,9.0,5.0
2021-08-05 07:36:35,72.0,62.0,9.0,1.0
2021-08-05 07:36:36,84.0,79.0,3.0,2.0
2021-08-05 07:36:37,92.0,84.0,7.0,1.0
2021-08-05 07:36:38,98.0,83.0,8.0,7.0
2021-08-05 07:36:39,102.0,92.0,6.0,4.0
2021-08-05 07:36:40,85.0,77.0,4.0,4.0
2021-08-05 07:36:41,68.0,64.0,4.0,0.0
2021-08-05 07:36:42,92.0,84.0,3.0,5.0
2021-08-05 07:36:43,87.0,75.0,7.0,5.0
2021-08-05 07:36:44,91.0,84.0,1.0,6.0
2021-08-05 07:36:45,92.0,89.0,2.0,1.0
2021-08-05 07:36:46,69.0,64.0,3.0,2.0
2021-08-05 07:36:47,71.0,62.0,6.0,3.0
2021-08-05 07:36:48,84.0,77.0,6.0,1.0
2021-08-05 07:36:49,104.0,86.0,10.0,8.0
2021-08-05 07:36:50,82.0,72.0,7.0,3.0
2021-08-05 07:36:51,85.0,73.0,10.0,2.0
2021-08-05 07:36:52,95.0,83.0,9.0,3.0
2021-08-05 07:36:53,83.0,73.0,4.0,6.0
2021-08-05 07:36:54,90.0,74.0,9.0,7.0
2021-08-05 07:36:55,83.0,72.0,6.0,5.0
2021-08-05 07:36:56,101.0,85.0,11.0,5.0
2021-08-05 07:36:57,75.0,64.0,7.0,4.0
2021-08-05 07:36:58,94.0,80.0,8.0,6.0
2021-08-05 07:36:59,86.0,74.0,4.0,8.0
2021-08-05 07:37:00,97.0,85.0,8.0,4.0
2021-08-05 07:37:01,92.0,78.0,11.0,3.0
2021-08-05 07:37:02,81.0,75.0,4.0,2.0
2021-08-05 07:37:03,103.0,92.0,7.0,4.0
2021-08-05 07:37:04,88.0,78.0,3.0,7.0
2021-08-05 07:37:05,86.0,79.0,3.0,4.0
2021-08-05 07:37:06,79.0,70.0,4.0,5.0
2021-08-05 07:37:07,80.0,71.0,5.0,4.0
2021-08-05 07:37:08,94.0,81.0,4.0,9.0
2021-08-05 07:37:09,65.0,54.0,7.0,4.0
2021-08-05 07:37:10,86.0,75.0,6.0,5.0
2021-08-05 07:37:11,85.0,78.0,4.0,3.0
2021-08-05 07:37:12,81.0,72.0,5.0,4.0
2021-08-05 07:37:13,74.0,68.0,5.0,1.0
2021-08-05 07:37:14,77.0,62.0,8.0,7.0
2021-08-05 07:37:15,78.0,71.0,6.0,1.0
2021-08-05 07:37:16,86.0,76.0,6.0,4.0
2021-08-05 07:37:17,95.0,90.0,3.0,2.0
2021-08-05 07:37:18,92.0,75.0,9.0,8.0
2021-08-05 07:37:19,94.0,79.0,11.0,4.0
2021-08-05 07:37:20,78.0,70.0,7.0,1.0
2021-08-05 07:37:21,84.0,73.0,5.0,6.0
2021-08-05 07:37:22,76.0,70.0,6.0,0.0
2021-08-05 07:37:23,91.0,77.0,8.0,6.0
2021-08-05 07:37:24,90.0,83.0,4.0,3.0
2021-08-05 07:37:25,82.0,72.0,10.0,0.0
2021-08-05 07:37:26,79.0,67.0,9.0,3.0
2021-08-05 07:37:27,65.0,54.0,7.0,4.0
2021-08-05 07:37:28,76.0,64.0,7.0,5.0
2021-08-05 07:37:29,70.0,53.0,9.0,8.0
2021-08-05 07:37:30,94.0,90.0,2.0,2.0
2021-08-05 07:37:31,74.0,67.0,6.0,1.0
2021-08-05 07:37:32,93.0,85.0,5.0,3.0
2021-08-05 07:37:33,74.0,64.0,6.0,4.0
2021-08-05 07:37:34,85.0,75.0,8.0,2.0
2021-08-05 07:37:35,86.0,80.0,3.0,3.0
2021-08-05 07:37:36,78.0,62.0,9.0,7.0
2021-08-05 07:37:37,70.0,57.0,8.0,5.0
2021-08-05 07:37:38,98.0,91.0,5.0,2.0
2021-08-05 07:37:39,87.0,77.0,7.0,3.0
2021-08-05 07:37:40,92.0,78.0,9.0,5.0
2021-08-05 07:37:41,89.0,82.0,4.0,3.0
2021-08-05 07:37:42,82.0,77.0,3.0,2.0
2021-08-05 07:37:43,96.0,86.0,4.0,6.0
2021-08-05 07:37:44,88.0,78.0,4.0,6.0
2021-08-05 07:37:45,99.0,87.0,9.0,3.0
2021-08-05 07:37:46,92.0,77.0,6.0,9.0
2021-08-05 07:37:47,94.0,80.0,7.0,7.0
2021-08-05 07:37:48,93.0,83.0,6.0,4.0
2021-08-05 07:37:49,73.0,61.0,9.0,3.0
2021-08-05 07:37:50,85.0,74.0,6.0,5.0
2021-08-05 07:37:51,102.0,85.0,13.0,4.0
2021-08-05 07:37:52,82.0,76.0,5.0,1.0
2021-08-05 07:37:53,75.0,63.0,7.0,5.0
2021-08-05 07:37:54,73.0,65.0,4.0,4.0
2021-08-05 07:37:55,71.0,65.0,3.0,3.0
2021-08-05 07:37:56,92.0,82.0,7.0,3.0
2021-08-05 07:37:57,84.0,77.0,6.0,1.0
2021-08-05 07:37:58,95.0,89.0,4.0,2.0
2021-08-05 07:37:59,68.0,59.0,6.0,3.0
2021-08-05 07:38:00,79.0,67.0,6.0,6.0
2021-08-05 07:38:01,85.0,76.0,5.0,4.0
2021-08-05 07:38:02,89.0,77.0,7.0,5.0
2021-08-05 07:38:03,86.0,72.0,6.0,8.0
2021-08-05 07:38:04,100.0,81.0,11.0,8.0
2021-08-05 07:38:05,82.0,73.0,6.0,3.0
2021-08-05 07:38:06,80.0,68.0,9.0,3.0
2021-08-05 07:38:07,106.0,90.0,9.0,7.0
2021-08-05 07:38:08,88.0,75.0,8.0,5.0
2021-08-05 07:38:09,77.0,66.0,6.0,5.0
2021-08-05 07:38:10,99.0,87.0,6.0,6.0
2021-08-05 07:38:11,91.0,79.0,5.0,7.0
2021-08-05 07:38:12,95.0,81.0,8.0,6.0
2021-08-05 07:38:13,81.0,68.0,8.0,5.0
2021-08-05 07:38:14,84.0,74.0,6.0,4.0
2021-08-05 07:38:15,71.0,61.0,4.0,6.0
2021-08-05 07:38:16,90.0,78.0,9.0,3.0
2021-08-05 07:38:17,99.0,91.0,5.0,3.0
2021-08-05 07:38:18,87.0,78.0,7.0,2.0
2021-08-05 07:38:19,67.0,60.0,3.0,4.0
2021-08-05 07:38:20,87.0,83.0,2.0,2.0
2021-08-05 07:38:21,84.0,65.0,12.0,7.0
2021-08-05 07:38:22,91.0,83.0,3.0,5.0
2021-08-05 07:38:23,81.0,72.0,5.0,4.0
2021-08-05 07:38:24,94.0,82.0,6.0,6.0
2021-08-05 07:38:25,98.0,90.0,5.0,3.0
2021-08-05 07:38:26,89.0,82.0,3.0,4.0
2021-08-05 07:38:27,102.0,86.0,11.0,5.0
2021-08-05 07:38:28,71.0,65.0,4.0,2.0
2021-08-05 07:38:29,82.0,72.0,2.0,8.0
2021-08-05 07:38:30,78.0,69.0,4.0,5.0
2021-08-05 07:38:31,79.0,71.0,3.0,5.0
2021-08-05 07:38:32,93.0,80.0,8.0,5.0
2021-08-05 07:38:33,91.0,78.0,8.0,5.0
2021-08-05 07:38:34,88.0,78.0,6.0,4.0
2021-08-05 07:38:35,77.0,67.0,7.0,3.0
2021-08-05 07:38:36,97.0,84.0,9.0,4.0
2021-08-05 07:38:37,94.0,82.0,7.0,5.0
2021-08-05 07:38:38,97.0,87.0,8.0,2.0
2021-08-05 07:38:39,97.0,84.0,6.0,7.0
2021-08-05 07:38:40,89.0,81.0,7.0,1.0
2021-08-05 07:38:41,83.0,72.0,4.0,7.0
2021-08-05 07:38:42,86.0,76.0,7.0,3.0
2021-08-05 07:38:43,93.0,84.0,6.0,3.0
2021-08-05 07:38:44,102.0,89.0,8.0,5.0
2021-08-05 07:38:45,90.0,79.0,7.0,4.0
2021-08-05 07:38:46,98.0,88.0,5.0,5.0
2021-08-05 07:38:47,79.0,66.0,10.0,3.0
2021-08-05 07:38:48,95.0,85.0,7.0,3.0
2021-08-05 07:38:49,98.0,85.0,11.0,2.0
2021-08-05 07:38:50,74.0,63.0,6.0,5.0
2021-08-05 07:38:51,94.0,81.0,9.0,4.0
2021-08-05 07:38:52,85.0,71.0,8.0,6.0
2021-08-05 07:38:53,91.0,78.0,8.0,5.0
2021-08-05 07:38:54,79.0,74.0,4.0,1.0
2021-08-05 07:38:55,96.0,84.0,6.0,6.0
2021-08-05 07:38:56,94.0,82.0,7.0,5.0
2021-08-05 07:38:57,84.0,74.0,6.0,4.0
2021-08-05 07:38:58,75.0,63.0,8.0,4.0
2021-08-05 07:38:59,77.0,69.0,6.0,2.0
2021-08-05 07:39:00,94.0,82.0,7.0,5.0
2021-08-05 07:39:01,72.0,66.0,2.0,4.0
2021-08-05 07:39:02,80.0,67.0,10.0,3.0
2021-08-05 07:39:03,80.0,69.0,7.0,4.0
2021-08-05 07:39:04,92.0,82.0,5.0,5.0
2021-08-05 07:39:05,92.0,80.0,6.0,6.0
2021-08-05 07:39:06,85.0,77.0,5.0,3.0
2021-08-05 07:39:07,92.0,77.0,8.0,7.0
2021-08-05 07:39:08,92.0,79.0,6.0,7.0
2021-08-05 07:39:09,88.0,77.0,6.0,5.0
2021-08-05 07:39:10,107.0,91.0,9.0,7.0
2021-08-05 07:39:11,87.0,83.0,2.0,2.0
2021-08-05 07:39:12,87.0,74.0,6.0,7.0
2021-08-05 07:39:13,89.0,85.0,3.0,1.0
2021-08-05 07:39:14,94.0,82.0,9.0,3.0
2021-08-05 07:39:15,90.0,72.0,10.0,8.0
2021-08-05 07:39:16,79.0,76.0,3.0,0.0
2021-08-05 07:39:17,85.0,76.0,6.0,3.0
2021-08-05 07:39:18,101.0,90.0,7.0,4.0
2021-08-05 07:39:19,98.0,87.0,5.0,6.0
2021-08-05 07:39:20,99.0,88.0,8.0,3.0
2021-08-05 07:39:21,86.0,78.0,6.0,2.0
2021-08-05 07:39:22,75.0,69.0,3.0,3.0
2021-08-05 07:39:23,90.0,80.0,6.0,4.0
2021-08-05 07:39:24,88.0,78.0,4.0,6.0
2021-08-05 07:39:25,83.0,65.0,12.0,6.0
2021-08-05 07:39:26,88.0,77.0,8.0,3.0
2021-08-05 07:39:27,97.0,83.0,7.0,7.0
2021-08-05 07:39:28,93.0,76.0,10.0,7.0
2021-08-05 07:39:29,104.0,91.0,9.0,4.0
2021-08-05 07:39:30,85.0,77.0,6.0,2.0
2021-08-05 07:39:31,94.0,87.0,2.0,5.0
2021-08-05 07:39:32,84.0,72.0,10.0,2.0
2021-08-05 07:39:33,110.0,92.0,7.0,11.0
2021-08-05 07:39:34,79.0,71.0,3.0,5.0
2021-08-05 07:39:35,88.0,81.0,5.0,2.0
2021-08-05 07:39:36,79.0,68.0,7.0,4.0
2021-08-05 07:39:37,88.0,79.0,3.0,6.0
2021-08-05 07:39:38,94.0,84.0,6.0,4.0
2021-08-05 07:39:39,79.0,69.0,4.0,6.0
2021-08-05 07:39:40,102.0,94.0,4.0,4.0
2021-08-05 07:39:41,80.0,73.0,5.0,2.0
2021-08-05 07:39:42,87.0,75.0,9.0,3.0
2021-08-05 07:39:43,99.0,89.0,8.0,2.0
2021-08-05 07:39:44,84.0,73.0,5.0,6.0
2021-08-05 07:39:45,94.0,82.0,9.0,3.0
2021-08-05 07:39:46,82.0,69.0,7.0,6.0
2021-08-05 07:39:47,94.0,77.0,11.0,6.0
2021-08-05 07:39:48,87.0,80.0,6.0,1.0
2021-08-05 07:39:49,97.0,87.0,6.0,4.0
2021-08-05 07:39:50,76.0,72.0,3.0,1.0
2021-08-05 07:39:51,90.0,74.0,9.0,7.0
2021-08-05 07:39:52,91.0,80.0,7.0,4.0
2021-08-05 07:39:53,80.0,70.0,7.0,3.0
2021-08-05 07:39:54,97.0,87.0,6.0,4.0
2021-08-05 07:39:55,78.0,73.0,3.0,2.0
2021-08-05 07:39:56,99.0,86.0,6.0,7.0
2021-08-05 07:39:57,97.0,86.0,6.0,5.0
2021-08-05 07:39:58,75.0,65.0,4.0,6.0
2021-08-05 07:39:59,86.0,75.0,5.0,6.0
2021-08-05 07:40:00,81.0,71.0,5.0,5.0
2021-08-05 07:40:01,93.0,79.0,8.0,6.0
2021-08-05 07:40:02,92.0,73.0,16.0,3.0
2021-08-05 07:40:03,84.0,78.0,5.0,1.0
2021-08-05 07:40:04,90.0,81.0,6.0,3.0
2021-08-05 07:40:05,90.0,72.0,12.0,6.0
2021-08-05 07:40:06,97.0,79.0,9.0,9.0
2021-08-05 07:40:07,83.0,71.0,7.0,5.0
2021-08-05 07:40:08,92.0,79.0,6.0,7.0
2021-08-05 07:40:09,75.0,65.0,7.0,3.0
2021-08-05 07:40:10,94.0,82.0,10.0,2.0
2021-08-05 07:40:11,93.0,74.0,10.0,9.0
2021-08-05 07:40:12,97.0,88.0,6.0,3.0
2021-08-05 07:40:13,96.0,87.0,3.0,6.0
2021-08-05 07:40:14,95.0,87.0,3.0,5.0
2021-08-05 07:40:15,90.0,84.0,4.0,2.0
2021-08-05 07:40:16,95.0,84.0,6.0,5.0
2021-08-05 07:40:17,92.0,79.0,7.0,6.0
2021-08-05 07:40:18,102.0,92.0,6.0,4.0
2021-08-05 07:40:19,92.0,78.0,7.0,7.0
2021-08-05 07:40:20,88.0,77.0,7.0,4.0
2021-08-05 07:40:21,78.0,69.0,7.0,2.0
2021-08-05 07:40:22,80.0,70.0,5.0,5.0
2021-08-05 07:40:23,111.0,100.0,6.0,5.0
2021-08-05 07:40:24,79.0,69.0,3.0,7.0
2021-08-05 07:40:25,91.0,79.0,10.0,2.0
2021-08-05 07:40:26,97.0,88.0,6.0,3.0
2021-08-05 07:40:27,87.0,76.0,9.0,2.0
2021-08-05 07:40:28,76.0,68.0,6.0,2.0
2021-08-05 07:40:29,96.0,83.0,9.0,4.0
2021-08-05 07:40:30,85.0,73.0,10.0,2.0
2021-08-05 07:40:31,90.0,81.0,3.0,6.0
2021-08-05 07:40:32,106.0,98.0,3.0,5.0
2021-08-05 07:40:33,84.0,74.0,8.0,2.0
2021-08-05 07:40:34,73.0,69.0,1.0,3.0
2021-08-05 07:40:35,91.0,79.0,7.0,5.0
2021-08-05 07:40:36,96.0,82.0,6.0,8.0
2021-08-05 07:40:37,84.0,66.0,10.0,8.0
2021-08-05 07:40:38,77.0,65.0,9.0,3.0
2021-08-05 07:40:39,95.0,82.0,7.0,6.0
2021-08-05 07:40:40,71.0,65.0,3.0,3.0
2021-08-05 07:40:41,98.0,87.0,6.0,5.0
2021-08-05 07:40:42,99.0,86.0,9.0,4.0
2021-08-05 07:40:43,86.0,78.0,5.0,3.0
2021-08-05 07:40:44,96.0,85.0,8.0,3.0
2021-08-05 07:40:45,83.0,76.0,3.0,4.0
2021-08-05 07:40:46,95.0,85.0,6.0,4.0
2021-08-05 07:40:47,85.0,78.0,2.0,5.0
2021-08-05 07:40:48,83.0,77.0,1.0,5.0
2021-08-05 07:40:49,91.0,78.0,5.0,8.0
2021-08-05 07:40:50,80.0,71.0,4.0,5.0
2021-08-05 07:40:51,81.0,75.0,5.0,1.0
2021-08-05 07:40:52,83.0,77.0,2.0,4.0
2021-08-05 07:40:53,88.0,77.0,8.0,3.0
2021-08-05 07:40:54,70.0,57.0,7.0,6.0
2021-08-05 07:40:55,89.0,80.0,6.0,3.0
2021-08-05 07:40:56,93.0,80.0,6.0,7.0
2021-08-05 07:40:57,82.0,74.0,3.0,5.0
2021-08-05 07:40:58,78.0,72.0,4.0,2.0
2021-08-05 07:40:59,104.0,93.0,7.0,4.0
2021-08-05 07:41:00,93.0,82.0,8.0,3.0
2021-08-05 07:41:01,84.0,75.0,6.0,3.0
2021-08-05 07:41:02,90.0,77.0,9.0,4.0
2021-08-05 07:41:03,92.0,81.0,7.0,4.0
2021-08-05 07:41:04,90.0,80.0,4.0,6.0
2021-08-05 07:41:05,99.0,85.0,10.0,4.0
2021-08-05 07:41:06,101.0,88.0,5.0,8.0
2021-08-05 07:41:07,94.0,80.0,12.0,2.0
2021-08-05 07:41:08,96.0,83.0,11.0,2.0
2021-08-05 07:41:09,96.0,82.0,9.0,5.0
2021-08-05 07:41:10,91.0,77.0,8.0,6.0
2021-08-05 07:41:11,106.0,96.0,4.0,6.0
2021-08-05 07:41:12,81.0,77.0,2.0,2.0
2021-08-05 07:41:13,88.0,77.0,6.0,5.0
2021-08-05 07:41:14,87.0,74.0,5.0,8.0
2021-08-05 07:41:15,85.0,83.0,1.0,1.0
2021-08-05 07:41:16,78.0,68.0,7.0,3.0
2021-08-05 07:41:17,73.0,62.0,8.0,3.0
2021-08-05 07:41:18,98.0,91.0,6.0,1.0
2021-08-05 07:41:19,74.0,66.0,5.0,3.0
2021-08-05 07:41:20,86.0,80.0,5.0,1.0
2021-08-05 07:41:21,92.0,80.0,10.0,2.0
2021-08-05 07:41:22,77.0,69.0,3.0,5.0
2021-08-05 07:41:23,107.0,90.0,11.0,6.0
2021-08-05 07:41:24,92.0,85.0,3.0,4.0
2021-08-05 07:41:25,90.0,79.0,9.0,2.0
2021-08-05 07:41:26,82.0,69.0,6.0,7.0
2021-08-05 07:41:27,87.0,78.0,4.0,5.0
2021-08-05 07:41:28,91.0,81.0,5.0,5.0
2021-08-05 07:41:29,87.0,82.0,3.0,2.0
2021-08-05 07:41:30,98.0,88.0,8.0,2.0
2021-08-05 07:41:31,82.0,74.0,7.0,1.0
2021-08-05 07:41:32,86.0,77.0,7.0,2.0
2021-08-05 07:41:33,93.0,81.0,11.0,1.0
2021-08-05 07:41:34,102.0,85.0,11.0,6.0
2021-08-05 07:41:35,81.0,68.0,8.0,5.0
2021-08-05 07:41:36,92.0,80.0,7.0,5.0
2021-08-05 07:41:37,80.0,72.0,5.0,3.0
2021-08-05 07:41:38,85.0,76.0,6.0,3.0
2021-08-05 07:41:39,102.0,90.0,7.0,5.0
2021-08-05 07:41:40,84.0,75.0,6.0,3.0
2021-08-05 07:41:41,95.0,81.0,13.0,1.0
2021-08-05 07:41:42,89.0,84.0,1.0,4.0
2021-08-05 07:41:43,82.0,76.0,5.0,1.0
2021-08-05 07:41:44,93.0,80.0,8.0,5.0
2021-08-05 07:41:45,90.0,77.0,8.0,5.0
2021-08-05 07:41:46,89.0,84.0,3.0,2.0
2021-08-05 07:41:47,89.0,81.0,6.0,2.0
2021-08-05 07:41:48,102.0,93.0,5.0,4.0
2021-08-05 07:41:49,96.0,88.0,5.0,3.0
2021-08-05 07:41:50,102.0,89.0,11.0,2.0
2021-08-05 07:41:51,92.0,77.0,8.0,7.0
2021-08-05 07:41:52,83.0,72.0,5.0,6.0
2021-08-05 07:41:53,74.0,63.0,9.0,2.0
2021-08-05 07:41:54,88.0,77.0,5.0,6.0
2021-08-05 07:41:55,74.0,64.0,5.0,5.0
2021-08-05 07:41:56,90.0,80.0,5.0,5.0
2021-08-05 07:41:57,82.0,71.0,6.0,5.0
2021-08-05 07:41:58,71.0,61.0,6.0,4.0
2021-08-05 07:41:59,90.0,80.0,9.0,1.0
2021-08-05 07:42:00,93.0,86.0,5.0,2.0
2021-08-05 07:42:01,95.0,80.0,9.0,6.0
2021-08-05 07:42:02,86.0,73.0,6.0,7.0
2021-08-05 07:42:03,85.0,77.0,7.0,1.0
2021-08-05 07:42:04,90.0,83.0,4.0,3.0
2021-08-05 07:42:05,82.0,70.0,9.0,3.0
2021-08-05 07:42:06,102.0,87.0,7.0,8.0
2021-08-05 07:42:07,98.0,85.0,7.0,6.0
2021-08-05 07:42:08,81.0,67.0,10.0,4.0
2021-08-05 07:42:09,89.0,80.0,5.0,4.0
2021-08-05 07:42:10,92.0,84.0,5.0,3.0
2021-08-05 07:42:11,88.0,72.0,13.0,3.0
2021-08-05 07:42:12,97.0,85.0,5.0,7.0
2021-08-05 07:42:13,95.0,86.0,7.0,2.0
2021-08-05 07:42:14,84.0,73.0,8.0,3.0
2021-08-05 07:42:15,86.0,72.0,9.0,5.0
2021-08-05 07:42:16,78.0,69.0,4.0,5.0
2021-08-05 07:42:17,76.0,72.0,1.0,3.0
2021-08-05 07:42:18,105.0,89.0,8.0,8.0
2021-08-05 07:42:19,88.0,79.0,4.0,5.0
2021-08-05 07:42:20,99.0,86.0,10.0,3.0
2021-08-05 07:42:21,87.0,77.0,3.0,7.0
2021-08-05 07:42:22,99.0,87.0,6.0,6.0
2021-08-05 07:42:23,100.0,90.0,3.0,7.0
2021-08-05 07:42:24,95.0,84.0,10.0,1.0
2021-08-05 07:42:25,84.0,77.0,5.0,2.0
2021-08-05 07:42:26,94.0,81.0,9.0,4.0
2021-08-05 07:42:27,85.0,66.0,15.0,4.0
2021-08-05 07:42:28,89.0,81.0,6.0,2.0
2021-08-05 07:42:29,94.0,82.0,6.0,6.0
2021-08-05 07:42:30,112.0,98.0,11.0,3.0
2021-08-05 07:42:31,79.0,69.0,6.0,4.0
2021-08-05 07:42:32,78.0,66.0,7.0,5.0
2021-08-05 07:42:33,91.0,83.0,4.0,4.0
2021-08-05 07:42:34,85.0,77.0,6.0,2.0
2021-08-05 07:42:35,85.0,75.0,3.0,7.0
2021-08-05 07:42:36,80.0,73.0,4.0,3.0
2021-08-05 07:42:37,106.0,93.0,7.0,6.0
2021-08-05 07:42:38,99.0,82.0,4.0,13.0
2021-08-05 07:42:39,93.0,77.0,10.0,6.0
2021-08-05 07:42:40,84.0,74.0,6.0,4.0
2021-08-05 07:42:41,90.0,79.0,5.0,6.0
2021-08-05 07:42:42,83.0,73.0,6.0,4.0
2021-08-05 07:42:43,92.0,75.0,13.0,4.0
2021-08-05 07:42:44,86.0,76.0,6.0,4.0
2021-08-05 07:42:45,83.0,75.0,5.0,3.0
2021-08-05 07:42:46,88.0,78.0,4.0,6.0
2021-08-05 07:42:47,98.0,86.0,10.0,2.0
2021-08-05 07:42:48,85.0,82.0,2.0,1.0
2021-08-05 07:42:49,99.0,84.0,8.0,7.0
2021-08-05 07:42:50,63.0,59.0,3.0,1.0
2021-08-05 07:42:51,94.0,91.0,1.0,2.0
2021-08-05 07:42:52,75.0,65.0,8.0,2.0
2021-08-05 07:42:53,77.0,68.0,5.0,4.0
2021-08-05 07:42:54,80.0,65.0,7.0,8.0
2021-08-05 07:42:55,76.0,65.0,9.0,2.0
2021-08-05 07:42:56,96.0,84.0,9.0,3.0
2021-08-05 07:42:57,82.0,74.0,5.0,3.0
2021-08-05 07:42:58,75.0,63.0,6.0,6.0
2021-08-05 07:42:59,92.0,77.0,11.0,4.0
2021-08-05 07:43:00,96.0,82.0,7.0,7.0
2021-08-05 07:43:01,87.0,72.0,9.0,6.0
2021-08-05 07:43:02,80.0,75.0,4.0,1.0
2021-08-05 07:43:03,81.0,70.0,3.0,8.0
2021-08-05 07:43:04,85.0,75.0,6.0,4.0
2021-08-05 07:43:05,67.0,62.0,4.0,1.0
2021-08-05 07:43:06,86.0,77.0,5.0,4.0
2021-08-05 07:43:07,75.0,65.0,8.0,2.0
2021-08-05 07:43:08,95.0,86.0,7.0,2.0
2021-08-05 07:43:09,105.0,83.0,12.0,10.0
2021-08-05 07:43:10,98.0,85.0,8.0,5.0
2021-08-05 07:43:11,87.0,75.0,8.0,4.0
2021-08-05 07:43:12,87.0,79.0,5.0,3.0
2021-08-05 07:43:13,92.0,81.0,5.0,6.0
2021-08-05 07:43:14,73.0,60.0,5.0,8.0
2021-08-05 07:43:15,105.0,95.0,6.0,4.0
2021-08-05 07:43:16,78.0,68.0,8.0,2.0
2021-08-05 07:43:17,96.0,84.0,7.0,5.0
2021-08-05 07:43:18,76.0,71.0,1.0,4.0
2021-08-05 07:43:19,69.0,62.0,4.0,3.0
2021-08-05 07:43:20,84.0,73.0,5.0,6.0
2021-08-05 07:43:21,82.0,75.0,5.0,2.0
2021-08-05 07:43:22,81.0,73.0,4.0,4.0
2021-08-05 07:43:23,71.0,62.0,7.0,2.0
2021-08-05 07:43:24,96.0,88.0,8.0,0.0
2021-08-05 07:43:25,92.0,83.0,4.0,5.0
2021-08-05 07:43:26,93.0,82.0,6.0,5.0
2021-08-05 07:43:27,94.0,73.0,15.0,6.0
2021-08-05 07:43:28,80.0,70.0,6.0,4.0
2021-08-05 07:43:29,93.0,86.0,2.0,5.0
2021-08-05 07:43:30,88.0,83.0,2.0,3.0
2021-08-05 07:43:31,80.0,74.0,2.0,4.0
2021-08-05 07:43:32,90.0,79.0,8.0,3.0
2021-08-05 07:43:33,73.0,64.0,3.0,6.0
2021-08-05 07:43:34,84.0,68.0,11.0,5.0
2021-08-05 07:43:35,93.0,80.0,8.0,5.0
2021-08-05 07:43:36,98.0,87.0,6.0,5.0
2021-08-05 07:43:37,92.0,79.0,7.0,6.0
2021-08-05 07:43:38,94.0,75.0,12.0,7.0
2021-08-05 07:43:39,85.0,75.0,5.0,5.0
2021-08-05 07:43:40,91.0,81.0,6.0,4.0
2021-08-05 07:43:41,105.0,94.0,10.0,1.0
2021-08-05 07:43:42,80.0,70.0,5.0,5.0
2021-08-05 07:43:43,96.0,84.0,6.0,6.0
2021-08-05 07:43:44,89.0,79.0,2.0,8.0
2021-08-05 07:43:45,109.0,95.0,9.0,5.0
2021-08-05 07:43:46,99.0,87.0,11.0,1.0
2021-08-05 07:43:47,96.0,86.0,6.0,4.0
2021-08-05 07:43:48,80.0,69.0,8.0,3.0
2021-08-05 07:43:49,94.0,84.0,6.0,4.0
2021-08-05 07:43:50,95.0,87.0,4.0,4.0
2021-08-05 07:43:51,91.0,86.0,2.0,3.0
2021-08-05 07:43:52,96.0,88.0,7.0,1.0
2021-08-05 07:43:53,95.0,79.0,9.0,7.0
2021-08-05 07:43:54,79.0,68.0,6.0,5.0
2021-08-05 07:43:55,93.0,77.0,9.0,7.0
2021-08-05 07:43:56,87.0,72.0,7.0,8.0
2021-08-05 07:43:57,102.0,91.0,6.0,5.0
2021-08-05 07:43:58,89.0,73.0,13.0,3.0
2021-08-05 07:43:59,93.0,75.0,12.0,6.0
2021-08-05 07:44:00,89.0,81.0,3.0,5.0
2021-08-05 07:44:01,79.0,69.0,8.0,2.0
2021-08-05 07:44:02,75.0,65.0,8.0,2.0
2021-08-05 07:44:03,85.0,77.0,3.0,5.0
2021-08-05 07:44:04,91.0,85.0,3.0,3.0
2021-08-05 07:44:05,109.0,94.0,10.0,5.0
2021-08-05 07:44:06,91.0,80.0,8.0,3.0
2021-08-05 07:44:07,86.0,81.0,4.0,1.0
2021-08-05 07:44:08,89.0,79.0,6.0,4.0
2021-08-05 07:44:09,73.0,65.0,6.0,2.0
2021-08-05 07:44:10,81.0,74.0,3.0,4.0
2021-08-05 07:44:11,97.0,87.0,4.0,6.0
2021-08-05 07:44:12,94.0,83.0,4.0,7.0
2021-08-05 07:44:13,91.0,85.0,2.0,4.0
2021-08-05 07:44:14,83.0,77.0,3.0,3.0
2021-08-05 07:44:15,80.0,71.0,8.0,1.0
2021-08-05 07:44:16,93.0,82.0,3.0,8.0
2021-08-05 07:44:17,83.0,73.0,5.0,5.0
2021-08-05 07:44:18,90.0,75.0,11.0,4.0
2021-08-05 07:44:19,90.0,83.0,6.0,1.0
2021-08-05 07:44:20,85.0,77.0,4.0,4.0
2021-08-05 07:44:21,96.0,84.0,10.0,2.0
2021-08-05 07:44:22,84.0,77.0,2.0,5.0
2021-08-05 07:44:23,84.0,74.0,4.0,6.0
2021-08-05 07:44:24,99.0,86.0,9.0,4.0
2021-08-05 07:44:25,77.0,68.0,7.0,2.0
2021-08-05 07:44:26,81.0,72.0,6.0,3.0
2021-08-05 07:44:27,71.0,60.0,3.0,8.0
2021-08-05 07:44:28,75.0,69.0,2.0,4.0
2021-08-05 07:44:29,97.0,89.0,6.0,2.0
2021-08-05 07:44:30,92.0,81.0,8.0,3.0
2021-08-05 07:44:31,95.0,82.0,9.0,4.0
2021-08-05 07:44:32,90.0,80.0,8.0,2.0
2021-08-05 07:44:33,89.0,75.0,9.0,5.0
2021-08-05 07:44:34,86.0,76.0,7.0,3.0
2021-08-05 07:44:35,83.0,77.0,5.0,1.0
2021-08-05 07:44:36,101.0,86.0,10.0,5.0
2021-08-05 07:44:37,80.0,70.0,2.0,8.0
2021-08-05 07:44:38,96.0,89.0,6.0,1.0
2021-08-05 07:44:39,91.0,84.0,3.0,4.0
2021-08-05 07:44:40,90.0,81.0,5.0,4.0
2021-08-05 07:44:41,86.0,75.0,6.0,5.0
2021-08-05 07:44:42,87.0,75.0,8.0,4.0
2021-08-05 07:44:43,76.0,67.0,7.0,2.0
2021-08-05 07:44:44,83.0,76.0,2.0,5.0
2021-08-05 07:44:45,92.0,80.0,6.0,6.0
2021-08-05 07:44:46,103.0,91.0,3.0,9.0
2021-08-05 07:44:47,106.0,92.0,9.0,5.0
2021-08-05 07:44:48,98.0,87.0,5.0,6.0
2021-08-05 07:44:49,96.0,82.0,8.0,6.0
2021-08-05 07:44:50,93.0,77.0,11.0,5.0
2021-08-05 07:44:51,85.0,76.0,3.0,6.0
2021-08-05 07:44:52,79.0,72.0,6.0,1.0
2021-08-05 07:44:53,80.0,67.0,9.0,4.0
2021-08-05 07:44:54,84.0,74.0,7.0,3.0
2021-08-05 07:44:55,79.0,72.0,5.0,2.0
2021-08-05 07:44:56,83.0,76.0,4.0,3.0
2021-08-05 07:44:57,80.0,72.0,5.0,3.0
2021-08-05 07:44:58,90.0,82.0,4.0,4.0
2021-08-05 07:44:59,85.0,76.0,4.0,5.0
2021-08-05 07:45:00,85.0,74.0,9.0,2.0
2021-08-05 07:45:01,77.0,61.0,12.0,4.0
2021-08-05 07:45:02,98.0,90.0,5.0,3.0
2021-08-05 07:45:03,91.0,80.0,5.0,6.0
2021-08-05 07:45:04,91.0,83.0,3.0,5.0
2021-08-05 07:45:05,78.0,70.0,5.0,3.0
2021-08-05 07:45:06,100.0,88.0,7.0,5.0
2021-08-05 07:45:07,93.0,83.0,8.0,2.0
2021-08-05 07:45:08,92.0,75.0,8.0,9.0
2021-08-05 07:45:09,88.0,76.0,9.0,3.0
2021-08-05 07:45:10,107.0,95.0,10.0,2.0
2021-08-05 07:45:11,80.0,72.0,5.0,3.0
2021-08-05 07:45:12,103.0,83.0,13.0,7.0
2021-08-05 07:45:13,82.0,74.0,6.0,2.0
2021-08-05 07:45:14,82.0,74.0,4.0,4.0
2021-08-05 07:45:15,81.0,67.0,11.0,3.0
2021-08-05 07:45:16,80.0,72.0,6.0,2.0
2021-08-05 07:45:17,91.0,82.0,8.0,1.0
2021-08-05 07:45:18,98.0,92.0,2.0,4.0
2021-08-05 07:45:19,77.0,69.0,5.0,3.0
2021-08-05 07:45:20,80.0,70.0,7.0,3.0
2021-08-05 07:45:21,86.0,82.0,2.0,2.0
2021-08-05 07:45:22,93.0,80.0,8.0,5.0
2021-08-05 07:45:23,85.0,73.0,6.0,6.0
2021-08-05 07:45:24,100.0,84.0,9.0,7.0
2021-08-05 07:45:25,83.0,71.0,9.0,3.0
2021-08-05 07:45:26,71.0,64.0,6.0,1.0
2021-08-05 07:45:27,88.0,76.0,8.0,4.0
2021-08-05 07:45:28,93.0,83.0,4.0,6.0
2021-08-05 07:45:29,89.0,77.0,7.0,5.0
2021-08-05 07:45:30,99.0,87.0,7.0,5.0
2021-08-05 07:45:31,84.0,76.0,4.0,4.0
2021-08-05 07:45:32,82.0,74.0,5.0,3.0
2021-08-05 07:45:33,89.0,80.0,8.0,1.0
2021-08-05 07:45:34,83.0,77.0,4.0,2.0
2021-08-05 07:45:35,80.0,69.0,9.0,2.0
2021-08-05 07:45:36,91.0,78.0,7.0,6.0
2021-08-05 07:45:37,90.0,81.0,7.0,2.0
2021-08-05 07:45:38,87.0,79.0,3.0,5.0
2021-08-05 07:45:39,89.0,77.0,11.0,1.0
2021-08-05 07:45:40,78.0,67.0,6.0,5.0
2021-08-05 07:45:41,93.0,82.0,6.0,5.0
2021-08-05 07:45:42,79.0,70.0,6.0,3.0
2021-08-05 07:45:43,84.0,67.0,10.0,7.0
2021-08-05 07:45:44,78.0,72.0,3.0,3.0
2021-08-05 07:45:45,99.0,93.0,5.0,1.0
2021-08-05 07:45:46,84.0,70.0,9.0,5.0
2021-08-05 07:45:47,72.0,62.0,4.0,6.0
2021-08-05 07:45:48,102.0,91.0,9.0,2.0
2021-08-05 07:45:49,90.0,78.0,8.0,4.0
2021-08-05 07:45:50,88.0,80.0,5.0,3.0
2021-08-05 07:45:51,94.0,89.0,2.0,3.0
2021-08-05 07:45:52,87.0,72.0,12.0,3.0
2021-08-05 07:45:53,97.0,90.0,4.0,3.0
2021-08-05 07:45:54,99.0,84.0,10.0,5.0
2021-08-05 07:45:55,92.0,78.0,10.0,4.0
2021-08-05 07:45:56,90.0,83.0,5.0,2.0
2021-08-05 07:45:57,93.0,82.0,7.0,4.0
2021-08-05 07:45:58,107.0,94.0,6.0,7.0
2021-08-05 07:45:59,87.0,79.0,2.0,6.0
2021-08-05 07:46:00,80.0,70.0,5.0,5.0
2021-08-05 07:46:01,86.0,79.0,4.0,3.0
2021-08-05 07:46:02,95.0,84.0,8.0,3.0
2021-08-05 07:46:03,82.0,75.0,5.0,2.0
2021-08-05 07:46:04,88.0,79.0,7.0,2.0
2021-08-05 07:46:05,92.0,80.0,8.0,4.0
2021-08-05 07:46:06,65.0,58.0,4.0,3.0
2021-08-05 07:46:07,92.0,85.0,4.0,3.0
2021-08-05 07:46:08,76.0,69.0,3.0,4.0
2021-08-05 07:46:09,97.0,81.0,9.0,7.0
2021-08-05 07:46:10,90.0,77.0,6.0,7.0
2021-08-05 07:46:11,88.0,79.0,6.0,3.0
2021-08-05 07:46:12,85.0,73.0,6.0,6.0
2021-08-05 07:46:13,95.0,83.0,8.0,4.0
2021-08-05 07:46:14,71.0,68.0,2.0,1.0
2021-08-05 07:46:15,94.0,79.0,8.0,7.0
2021-08-05 07:46:16,87.0,74.0,8.0,5.0
2021-08-05 07:46:17,99.0,85.0,11.0,3.0
2021-08-05 07:46:18,76.0,62.0,8.0,6.0
2021-08-05 07:46:19,97.0,91.0,3.0,3.0
2021-08-05 07:46:20,89.0,76.0,5.0,8.0
2021-08-05 07:46:21,100.0,91.0,4.0,5.0
2021-08-05 07:46:22,81.0,72.0,6.0,3.0
2021-08-05 07:46:23,79.0,73.0,2.0,4.0
2021-08-05 07:46:24,87.0,74.0,6.0,7.0
2021-08-05 07:46:25,86.0,78.0,6.0,2.0
2021-08-05 07:46:26,79.0,69.0,8.0,2.0
2021-08-05 07:46:27,73.0,63.0,7.0,3.0
2021-08-05 07:46:28,76.0,65.0,8.0,3.0
2021-08-05 07:46:29,83.0,72.0,6.0,5.0
2021-08-05 07:46:30,95.0,84.0,5.0,6.0
2021-08-05 07:46:31,93.0,84.0,6.0,3.0
2021-08-05 07:46:32,76.0,67.0,7.0,2.0
2021-08-05 07:46:33,81.0,68.0,6.0,7.0
2021-08-05 07:46:34,104.0,93.0,4.0,7.0
2021-08-05 07:46:35,80.0,73.0,5.0,2.0
2021-08-05 07:46:36,82.0,75.0,4.0,3.0
2021-08-05 07:46:37,83.0,74.0,6.0,3.0
2021-08-05 07:46:38,90.0,84.0,5.0,1.0
2021-08-05 07:46:39,79.0,69.0,6.0,4.0
2021-08-05 07:46:40,80.0,72.0,6.0,2.0
2021-08-05 07:46:41,87.0,75.0,7.0,5.0
2021-08-05 07:46:42,98.0,85.0,7.0,6.0
2021-08-05 07:46:43,98.0,85.0,10.0,3.0
2021-08-05 07:46:44,89.0,80.0,5.0,4.0
2021-08-05 07:46:45,85.0,68.0,13.0,4.0
2021-08-05 07:46:46,81.0,66.0,9.0,6.0
2021-08-05 07:46:47,63.0,55.0,6.0,2.0
2021-08-05 07:46:48,91.0,80.0,6.0,5.0
2021-08-05 07:46:49,97.0,86.0,6.0,5.0
2021-08-05 07:46:50,87.0,75.0,6.0,6.0
2021-08-05 07:46:51,89.0,77.0,5.0,7.0
2021-08-05 07:46:52,87.0,81.0,3.0,3.0
2021-08-05 07:46:53,100.0,85.0,7.0,8.0
2021-08-05 07:46:54,100.0,87.0,6.0,7.0
2021-08-05 07:46:55,114.0,105.0,5.0,4.0
2021-08-05 07:46:56,100.0,90.0,6.0,4.0
2021-08-05 07:46:57,82.0,74.0,7.0,1.0
2021-08-05 07:46:58,88.0,74.0,6.0,8.0
2021-08-05 07:46:59,93.0,81.0,5.0,7.0
2021-08-05 07:47:00,73.0,58.0,9.0,6.0
2021-08-05 07:47:01,93.0,81.0,8.0,4.0
2021-08-05 07:47:02,77.0,69.0,8.0,0.0
2021-08-05 07:47:03,83.0,74.0,4.0,5.0
2021-08-05 07:47:04,98.0,86.0,8.0,4.0
2021-08-05 07:47:05,77.0,65.0,7.0,5.0
2021-08-05 07:47:06,99.0,91.0,5.0,3.0
2021-08-05 07:47:07,83.0,80.0,3.0,0.0
2021-08-05 07:47:08,98.0,86.0,9.0,3.0
2021-08-05 07:47:09,95.0,84.0,10.0,1.0
2021-08-05 07:47:10,94.0,83.0,7.0,4.0
2021-08-05 07:47:11,90.0,78.0,9.0,3.0
2021-08-05 07:47:12,91.0,81.0,3.0,7.0
2021-08-05 07:47:13,80.0,67.0,8.0,5.0
2021-08-05 07:47:14,91.0,84.0,4.0,3.0
2021-08-05 07:47:15,82.0,70.0,8.0,4.0
2021-08-05 07:47:16,100.0,90.0,4.0,6.0
2021-08-05 07:47:17,94.0,83.0,9.0,2.0
2021-08-05 07:47:18,86.0,76.0,6.0,4.0
2021-08-05 07:47:19,87.0,75.0,7.0,5.0
2021-08-05 07:47:20,89.0,81.0,6.0,2.0
2021-08-05 07:47:21,95.0,81.0,9.0,5.0
2021-08-05 07:47:22,81.0,73.0,8.0,0.0
2021-08-05 07:47:23,108.0,95.0,8.0,5.0
2021-08-05 07:47:24,97.0,86.0,8.0,3.0
2021-08-05 07:47:25,88.0,81.0,4.0,3.0
2021-08-05 07:47:26,77.0,69.0,7.0,1.0
2021-08-05 07:47:27,101.0,89.0,4.0,8.0
2021-08-05 07:47:28,85.0,74.0,6.0,5.0
2021-08-05 07:47:29,87.0,75.0,6.0,6.0
2021-08-05 07:47:30,84.0,76.0,2.0,6.0
2021-08-05 07:47:31,103.0,91.0,6.0,6.0
2021-08-05 07:47:32,90.0,79.0,8.0,3.0
2021-08-05 07:47:33,108.0,92.0,8.0,8.0
2021-08-05 07:47:34,82.0,81.0,1.0,0.0
2021-08-05 07:47:35,116.0,112.0,2.0,2.0
2021-08-05 07:47:36,102.0,91.0,9.0,2.0
2021-08-05 07:47:37,106.0,91.0,4.0,11.0
2021-08-05 07:47:38,96.0,85.0,5.0,6.0
2021-08-05 07:47:39,96.0,89.0,5.0,2.0
2021-08-05 07:47:40,88.0,78.0,6.0,4.0
2021-08-05 07:47:41,83.0,70.0,7.0,6.0
2021-08-05 07:47:42,84.0,79.0,2.0,3.0
2021-08-05 07:47:43,77.0,68.0,4.0,5.0
2021-08-05 07:47:44,91.0,79.0,6.0,6.0
2021-08-05 07:47:45,107.0,94.0,10.0,3.0
2021-08-05 07:47:46,93.0,87.0,4.0,2.0
2021-08-05 07:47:47,89.0,77.0,8.0,4.0
2021-08-05 07:47:48,106.0,96.0,8.0,2.0
2021-08-05 07:47:49,101.0,90.0,6.0,5.0
2021-08-05 07:47:50,93.0,85.0,4.0,4.0
2021-08-05 07:47:51,94.0,78.0,7.0,9.0
2021-08-05 07:47:52,91.0,82.0,6.0,3.0
2021-08-05 07:47:53,83.0,72.0,7.0,4.0
2021-08-05 07:47:54,77.0,71.0,2.0,4.0
2021-08-05 07:47:55,87.0,76.0,6.0,5.0
2021-08-05 07:47:56,104.0,91.0,9.0,4.0
2021-08-05 07:47:57,86.0,75.0,8.0,3.0
2021-08-05 07:47:58,85.0,71.0,6.0,8.0
2021-08-05 07:47:59,86.0,76.0,5.0,5.0
2021-08-05 07:48:00,83.0,71.0,7.0,5.0
2021-08-05 07:48:01,85.0,80.0,3.0,2.0
2021-08-05 07:48:02,74.0,60.0,7.0,7.0
2021-08-05 07:48:03,87.0,81.0,3.0,3.0
2021-08-05 07:48:04,84.0,75.0,4.0,5.0
2021-08-05 07:48:05,95.0,89.0,4.0,2.0
2021-08-05 07:48:06,77.0,62.0,11.0,4.0
2021-08-05 07:48:07,76.0,69.0,6.0,1.0
2021-08-05 07:48:08,90.0,80.0,2.0,8.0
2021-08-05 07:48:09,83.0,74.0,4.0,5.0
2021-08-05 07:48:10,103.0,88.0,7.0,8.0
2021-08-05 07:48:11,71.0,64.0,5.0,2.0
2021-08-05 07:48:12,102.0,88.0,8.0,6.0
2021-08-05 07:48:13,96.0,80.0,5.0,11.0
2021-08-05 07:48:14,81.0,69.0,3.0,9.0
2021-08-05 07:48:15,84.0,79.0,3.0,2.0
2021-08-05 07:48:16,88.0,74.0,13.0,1.0
2021-08-05 07:48:17,77.0,71.0,4.0,2.0
2021-08-05 07:48:18,95.0,85.0,4.0,6.0
2021-08-05 07:48:19,99.0,88.0,5.0,6.0
2021-08-05 07:48:20,96.0,84.0,5.0,7.0
2021-08-05 07:48:21,102.0,92.0,7.0,3.0
2021-08-05 07:48:22,95.0,82.0,9.0,4.0
2021-08-05 07:48:23,83.0,76.0,6.0,1.0
2021-08-05 07:48:24,90.0,83.0,5.0,2.0
2021-08-05 07:48:25,84.0,70.0,8.0,6.0
2021-08-05 07:48:26,96.0,81.0,5.0,10.0
2021-08-05 07:48:27,92.0,85.0,2.0,5.0
2021-08-05 07:48:28,108.0,98.0,8.0,2.0
2021-08-05 07:48:29,91.0,82.0,5.0,4.0
2021-08-05 07:48:30,74.0,66.0,7.0,1.0
2021-08-05 07:48:31,95.0,83.0,7.0,5.0
2021-08-05 07:48:32,94.0,79.0,11.0,4.0
2021-08-05 07:48:33,77.0,67.0,8.0,2.0
2021-08-05 07:48:34,87.0,81.0,1.0,5.0
2021-08-05 07:48:35,103.0,92.0,7.0,4.0
2021-08-05 07:48:36,96.0,85.0,5.0,6.0
2021-08-05 07:48:37,88.0,80.0,8.0,0.0
2021-08-05 07:48:38,94.0,88.0,3.0,3.0
2021-08-05 07:48:39,82.0,75.0,6.0,1.0
2021-08-05 07:48:40,78.0,71.0,5.0,2.0
2021-08-05 07:48:41,92.0,79.0,8.0,5.0
2021-08-05 07:48:42,80.0,72.0,8.0,0.0
2021-08-05 07:48:43,86.0,73.0,4.0,9.0
2021-08-05 07:48:44,88.0,77.0,9.0,2.0
2021-08-05 07:48:45,99.0,89.0,4.0,6.0
2021-08-05 07:48:46,90.0,82.0,6.0,2.0
2021-08-05 07:48:47,94.0,85.0,5.0,4.0
2021-08-05 07:48:48,86.0,70.0,10.0,6.0
2021-08-05 07:48:49,89.0,77.0,7.0,5.0
2021-08-05 07:48:50,82.0,76.0,3.0,3.0
2021-08-05 07:48:51,100.0,89.0,5.0,6.0
2021-08-05 07:48:52,118.0,101.0,11.0,6.0
2021-08-05 07:48:53,88.0,73.0,7.0,8.0
2021-08-05 07:48:54,94.0,81.0,9.0,4.0
2021-08-05 07:48:55,92.0,81.0,8.0,3.0
2021-08-05 07:48:56,79.0,73.0,0.0,6.0
2021-08-05 07:48:57,71.0,62.0,3.0,6.0
2021-08-05 07:48:58,86.0,76.0,7.0,3.0
2021-08-05 07:48:59,104.0,95.0,5.0,4.0
2021-08-05 07:49:00,94.0,81.0,5.0,8.0
2021-08-05 07:49:01,80.0,67.0,10.0,3.0
2021-08-05 07:49:02,93.0,84.0,4.0,5.0
2021-08-05 07:49:03,100.0,91.0,7.0,2.0
2021-08-05 07:49:04,77.0,65.0,5.0,7.0
2021-08-05 07:49:05,95.0,81.0,5.0,9.0
2021-08-05 07:49:06,81.0,69.0,9.0,3.0
2021-08-05 07:49:07,95.0,83.0,8.0,4.0
2021-08-05 07:49:08,87.0,80.0,4.0,3.0
2021-08-05 07:49:09,90.0,79.0,5.0,6.0
2021-08-05 07:49:10,95.0,85.0,8.0,2.0
2021-08-05 07:49:11,92.0,86.0,4.0,2.0
2021-08-05 07:49:12,92.0,86.0,4.0,2.0
2021-08-05 07:49:13,79.0,69.0,6.0,4.0
2021-08-05 07:49:14,90.0,82.0,6.0,2.0
2021-08-05 07:49:15,80.0,70.0,6.0,4.0
2021-08-05 07:49:16,85.0,70.0,9.0,6.0
2021-08-05 07:49:17,93.0,85.0,7.0,1.0
2021-08-05 07:49:18,68.0,61.0,3.0,4.0
2021-08-05 07:49:19,79.0,72.0,7.0,0.0
2021-08-05 07:49:20,91.0,80.0,10.0,1.0
2021-08-05 07:49:21,100.0,84.0,8.0,8.0
2021-08-05 07:49:22,90.0,81.0,4.0,5.0
2021-08-05 07:49:23,91.0,84.0,6.0,1.0
2021-08-05 07:49:24,89.0,82.0,5.0,2.0
2021-08-05 07:49:25,101.0,89.0,7.0,5.0
2021-08-05 07:49:26,79.0,72.0,4.0,3.0
2021-08-05 07:49:27,81.0,71.0,4.0,6.0
2021-08-05 07:49:28,89.0,79.0,5.0,5.0
2021-08-05 07:49:29,108.0,94.0,5.0,9.0
2021-08-05 07:49:30,79.0,71.0,7.0,1.0
2021-08-05 07:49:31,86.0,72.0,9.0,5.0
2021-08-05 07:49:32,77.0,69.0,8.0,0.0
2021-08-05 07:49:33,96.0,81.0,7.0,8.0
2021-08-05 07:49:34,90.0,81.0,6.0,3.0
2021-08-05 07:49:35,86.0,75.0,6.0,5.0
2021-08-05 07:49:36,83.0,72.0,4.0,7.0
2021-08-05 07:49:37,68.0,62.0,5.0,1.0
2021-08-05 07:49:38,96.0,79.0,10.0,7.0
2021-08-05 07:49:39,87.0,75.0,9.0,3.0
2021-08-05 07:49:40,84.0,72.0,9.0,3.0
2021-08-05 07:49:41,93.0,82.0,5.0,6.0
2021-08-05 07:49:42,94.0,85.0,6.0,3.0
2021-08-05 07:49:43,99.0,86.0,5.0,8.0
2021-08-05 07:49:44,101.0,91.0,3.0,7.0
2021-08-05 07:49:45,89.0,80.0,6.0,3.0
2021-08-05 07:49:46,95.0,82.0,7.0,6.0
2021-08-05 07:49:47,96.0,85.0,6.0,5.0
2021-08-05 07:49:48,94.0,78.0,12.0,4.0
2021-08-05 07:49:49,87.0,81.0,4.0,2.0
2021-08-05 07:49:50,81.0,75.0,5.0,1.0
2021-08-05 07:49:51,86.0,71.0,9.0,6.0
2021-08-05 07:49:52,90.0,67.0,15.0,8.0
2021-08-05 07:49:53,91.0,82.0,4.0,5.0
2021-08-05 07:49:54,75.0,63.0,6.0,6.0
2021-08-05 07:49:55,84.0,78.0,4.0,2.0
2021-08-05 07:49:56,84.0,72.0,9.0,3.0
2021-08-05 07:49:57,101.0,91.0,7.0,3.0
2021-08-05 07:49:58,105.0,91.0,8.0,6.0
2021-08-05 07:49:59,81.0,70.0,9.0,2.0
2021-08-05 07:50:00,93.0,84.0,5.0,4.0
2021-08-05 07:50:01,84.0,73.0,8.0,3.0
2021-08-05 07:50:02,93.0,80.0,9.0,4.0
2021-08-05 07:50:03,94.0,85.0,5.0,4.0
2021-08-05 07:50:04,110.0,97.0,11.0,2.0
2021-08-05 07:50:05,91.0,79.0,6.0,6.0
2021-08-05 07:50:06,91.0,76.0,12.0,3.0
2021-08-05 07:50:07,99.0,85.0,8.0,6.0
2021-08-05 07:50:08,86.0,81.0,3.0,2.0
2021-08-05 07:50:09,103.0,89.0,9.0,5.0
2021-08-05 07:50:10,86.0,73.0,9.0,4.0
2021-08-05 07:50:11,87.0,72.0,9.0,6.0
2021-08-05 07:50:12,85.0,74.0,6.0,5.0
2021-08-05 07:50:13,88.0,75.0,6.0,7.0
2021-08-05 07:50:14,77.0,68.0,5.0,4.0
2021-08-05 07:50:15,81.0,67.0,5.0,9.0
2021-08-05 07:50:16,90.0,85.0,2.0,3.0
2021-08-05 07:50:17,85.0,75.0,4.0,6.0
2021-08-05 07:50:18,88.0,82.0,3.0,3.0
2021-08-05 07:50:19,80.0,67.0,7.0,6.0
2021-08-05 07:50:20,85.0,77.0,5.0,3.0
2021-08-05 07:50:21,98.0,81.0,10.0,7.0
2021-08-05 07:50:22,83.0,72.0,2.0,9.0
2021-08-05 07:50:23,105.0,93.0,6.0,6.0
2021-08-05 07:50:24,74.0,65.0,4.0,5.0
2021-08-05 07:50:25,87.0,80.0,5.0,2.0
2021-08-05 07:50:26,93.0,82.0,6.0,5.0
2021-08-05 07:50:27,98.0,84.0,9.0,5.0
2021-08-05 07:50:28,73.0,68.0,3.0,2.0
2021-08-05 07:50:29,77.0,69.0,4.0,4.0
2021-08-05 07:50:30,95.0,84.0,7.0,4.0
2021-08-05 07:50:31,81.0,68.0,8.0,5.0
2021-08-05 07:50:32,88.0,78.0,3.0,7.0
2021-08-05 07:50:33,82.0,75.0,5.0,2.0
2021-08-05 07:50:34,91.0,83.0,6.0,2.0
2021-08-05 07:50:35,86.0,73.0,4.0,9.0
2021-08-05 07:50:36,99.0,89.0,9.0,1.0
2021-08-05 07:50:37,84.0,76.0,4.0,4.0
2021-08-05 07:50:38,96.0,86.0,4.0,6.0
2021-08-05 07:50:39,85.0,72.0,6.0,7.0
2021-08-05 07:50:40,102.0,94.0,6.0,2.0
2021-08-05 07:50:41,78.0,67.0,9.0,2.0
2021-08-05 07:50:42,98.0,88.0,6.0,4.0
2021-08-05 07:50:43,70.0,60.0,8.0,2.0
2021-08-05 07:50:44,87.0,75.0,7.0,5.0
2021-08-05 07:50:45,84.0,73.0,7.0,4.0
2021-08-05 07:50:46,98.0,84.0,11.0,3.0
2021-08-05 07:50:47,71.0,55.0,14.0,2.0
2021-08-05 07:50:48,94.0,80.0,10.0,4.0
2021-08-05 07:50:49,76.0,69.0,4.0,3.0
2021-08-05 07:50:50,77.0,64.0,5.0,8.0
2021-08-05 07:50:51,85.0,73.0,6.0,6.0
2021-08-05 07:50:52,91.0,82.0,4.0,5.0
2021-08-05 07:50:53,82.0,77.0,3.0,2.0
2021-08-05 07:50:54,87.0,77.0,7.0,3.0
2021-08-05 07:50:55,94.0,86.0,5.0,3.0
2021-08-05 07:50:56,89.0,78.0,8.0,3.0
2021-08-05 07:50:57,83.0,72.0,5.0,6.0
2021-08-05 07:50:58,92.0,81.0,8.0,3.0
2021-08-05 07:50:59,84.0,74.0,6.0,4.0
2021-08-05 07:51:00,76.0,61.0,9.0,6.0
2021-08-05 07:51:01,85.0,71.0,10.0,4.0
2021-08-05 07:51:02,92.0,80.0,6.0,6.0
2021-08-05 07:51:03,86.0,79.0,5.0,2.0
2021-08-05 07:51:04,86.0,75.0,6.0,5.0
2021-08-05 07:51:05,83.0,74.0,5.0,4.0
2021-08-05 07:51:06,102.0,89.0,7.0,6.0
2021-08-05 07:51:07,79.0,71.0,4.0,4.0
2021-08-05 07:51:08,108.0,94.0,9.0,5.0
2021-08-05 07:51:09,80.0,72.0,2.0,6.0
2021-08-05 07:51:10,82.0,71.0,5.0,6.0
2021-08-05 07:51:11,105.0,93.0,6.0,6.0
2021-08-05 07:51:12,80.0,68.0,7.0,5.0
2021-08-05 07:51:13,81.0,71.0,6.0,4.0
2021-08-05 07:51:14,96.0,84.0,4.0,8.0
2021-08-05 07:51:15,91.0,77.0,12.0,2.0
2021-08-05 07:51:16,81.0,71.0,7.0,3.0
2021-08-05 07:51:17,98.0,83.0,10.0,5.0
2021-08-05 07:51:18,92.0,85.0,3.0,4.0
2021-08-05 07:51:19,86.0,77.0,7.0,2.0
2021-08-05 07:51:20,75.0,66.0,5.0,4.0
2021-08-05 07:51:21,83.0,72.0,7.0,4.0
2021-08-05 07:51:22,92.0,82.0,9.0,1.0
2021-08-05 07:51:23,82.0,77.0,3.0,2.0
2021-08-05 07:51:24,86.0,75.0,4.0,7.0
2021-08-05 07:51:25,79.0,65.0,8.0,6.0
2021-08-05 07:51:26,87.0,73.0,8.0,6.0
2021-08-05 07:51:27,89.0,81.0,4.0,4.0
2021-08-05 07:51:28,90.0,80.0,4.0,6.0
2021-08-05 07:51:29,90.0,80.0,7.0,3.0
2021-08-05 07:51:30,74.0,67.0,5.0,2.0
2021-08-05 07:51:31,96.0,88.0,5.0,3.0
2021-08-05 07:51:32,77.0,68.0,7.0,2.0
2021-08-05 07:51:33,81.0,64.0,12.0,5.0
2021-08-05 07:51:34,101.0,83.0,9.0,9.0
2021-08-05 07:51:35,83.0,75.0,8.0,0.0
2021-08-05 07:51:36,93.0,87.0,2.0,4.0
2021-08-05 07:51:37,101.0,84.0,11.0,6.0
2021-08-05 07:51:38,100.0,83.0,7.0,10.0
2021-08-05 07:51:39,82.0,71.0,7.0,4.0
2021-08-05 07:51:40,89.0,74.0,6.0,9.0
2021-08-05 07:51:41,96.0,84.0,6.0,6.0
2021-08-05 07:51:42,84.0,74.0,6.0,4.0
2021-08-05 07:51:43,85.0,80.0,4.0,1.0
2021-08-05 07:51:44,76.0,66.0,7.0,3.0
2021-08-05 07:51:45,71.0,58.0,5.0,8.0
2021-08-05 07:51:46,77.0,67.0,4.0,6.0
2021-08-05 07:51:47,90.0,85.0,2.0,3.0
2021-08-05 07:51:48,78.0,68.0,7.0,3.0
2021-08-05 07:51:49,88.0,73.0,8.0,7.0
2021-08-05 07:51:50,88.0,77.0,7.0,4.0
2021-08-05 07:51:51,86.0,79.0,2.0,5.0
2021-08-05 07:51:52,96.0,90.0,3.0,3.0
2021-08-05 07:51:53,84.0,77.0,4.0,3.0
2021-08-05 07:51:54,91.0,80.0,5.0,6.0
2021-08-05 07:51:55,86.0,77.0,6.0,3.0
2021-08-05 07:51:56,100.0,86.0,10.0,4.0
2021-08-05 07:51:57,96.0,84.0,9.0,3.0
2021-08-05 07:51:58,79.0,72.0,4.0,3.0
2021-08-05 07:51:59,95.0,81.0,4.0,10.0
2021-08-05 07:52:00,80.0,69.0,6.0,5.0
2021-08-05 07:52:01,80.0,72.0,7.0,1.0
2021-08-05 07:52:02,87.0,77.0,6.0,4.0
2021-08-05 07:52:03,91.0,86.0,2.0,3.0
2021-08-05 07:52:04,105.0,96.0,5.0,4.0
2021-08-05 07:52:05,88.0,79.0,5.0,4.0
2021-08-05 07:52:06,88.0,72.0,13.0,3.0
2021-08-05 07:52:07,84.0,73.0,6.0,5.0
2021-08-05 07:52:08,103.0,79.0,11.0,13.0
2021-08-05 07:52:09,82.0,69.0,9.0,4.0
2021-08-05 07:52:10,94.0,81.0,7.0,6.0
2021-08-05 07:52:11,80.0,69.0,6.0,5.0
2021-08-05 07:52:12,86.0,76.0,7.0,3.0
2021-08-05 07:52:13,78.0,65.0,10.0,3.0
2021-08-05 07:52:14,89.0,79.0,10.0,0.0
2021-08-05 07:52:15,96.0,85.0,7.0,4.0
2021-08-05 07:52:16,117.0,104.0,7.0,6.0
2021-08-05 07:52:17,104.0,97.0,3.0,4.0
2021-08-05 07:52:18,88.0,70.0,12.0,6.0
2021-08-05 07:52:19,81.0,70.0,5.0,6.0
2021-08-05 07:52:20,97.0,78.0,14.0,5.0
2021-08-05 07:52:21,86.0,72.0,12.0,2.0
2021-08-05 07:52:22,88.0,79.0,7.0,2.0
2021-08-05 07:52:23,77.0,66.0,6.0,5.0
2021-08-05 07:52:24,106.0,88.0,14.0,4.0
2021-08-05 07:52:25,80.0,68.0,10.0,2.0
2021-08-05 07:52:26,83.0,73.0,6.0,4.0
2021-08-05 07:52:27,100.0,89.0,7.0,4.0
2021-08-05 07:52:28,92.0,85.0,2.0,5.0
2021-08-05 07:52:29,109.0,91.0,13.0,5.0
2021-08-05 07:52:30,93.0,86.0,5.0,2.0
2021-08-05 07:52:31,83.0,71.0,10.0,2.0
2021-08-05 07:52:32,104.0,94.0,8.0,2.0
2021-08-05 07:52:33,83.0,73.0,5.0,5.0
2021-08-05 07:52:34,94.0,86.0,6.0,2.0
2021-08-05 07:52:35,88.0,80.0,4.0,4.0
2021-08-05 07:52:36,91.0,77.0,8.0,6.0
2021-08-05 07:52:37,90.0,80.0,6.0,4.0
2021-08-05 07:52:38,78.0,69.0,4.0,5.0
2021-08-05 07:52:39,73.0,66.0,5.0,2.0
2021-08-05 07:52:40,84.0,69.0,7.0,8.0
2021-08-05 07:52:41,107.0,95.0,6.0,6.0
2021-08-05 07:52:42,92.0,84.0,4.0,4.0
2021-08-05 07:52:43,83.0,77.0,4.0,2.0
2021-08-05 07:52:44,91.0,82.0,6.0,3.0
2021-08-05 07:52:45,81.0,78.0,1.0,2.0
2021-08-05 07:52:46,94.0,80.0,9.0,5.0
2021-08-05 07:52:47,98.0,87.0,6.0,5.0
2021-08-05 07:52:48,88.0,79.0,5.0,4.0
2021-08-05 07:52:49,110.0,98.0,8.0,4.0
2021-08-05 07:52:50,80.0,68.0,5.0,7.0
2021-08-05 07:52:51,82.0,70.0,4.0,8.0
2021-08-05 07:52:52,97.0,92.0,3.0,2.0
2021-08-05 07:52:53,83.0,75.0,4.0,4.0
2021-08-05 07:52:54,91.0,75.0,8.0,8.0
2021-08-05 07:52:55,100.0,85.0,3.0,12.0
2021-08-05 07:52:56,97.0,85.0,9.0,3.0
2021-08-05 07:52:57,93.0,82.0,9.0,2.0
2021-08-05 07:52:58,86.0,78.0,5.0,3.0
2021-08-05 07:52:59,76.0,65.0,7.0,4.0
2021-08-05 07:53:00,88.0,80.0,6.0,2.0
2021-08-05 07:53:01,80.0,72.0,3.0,5.0
2021-08-05 07:53:02,86.0,75.0,5.0,6.0
2021-08-05 07:53:03,99.0,82.0,4.0,13.0
2021-08-05 07:53:04,82.0,69.0,9.0,4.0
2021-08-05 07:53:05,82.0,71.0,10.0,1.0
2021-08-05 07:53:06,92.0,77.0,11.0,4.0
2021-08-05 07:53:07,98.0,81.0,12.0,5.0
2021-08-05 07:53:08,75.0,65.0,8.0,2.0
2021-08-05 07:53:09,90.0,78.0,8.0,4.0
2021-08-05 07:53:10,81.0,73.0,5.0,3.0
2021-08-05 07:53:11,91.0,84.0,6.0,1.0
2021-08-05 07:53:12,86.0,79.0,4.0,3.0
2021-08-05 07:53:13,87.0,77.0,5.0,5.0
2021-08-05 07:53:14,95.0,80.0,11.0,4.0
2021-08-05 07:53:15,100.0,90.0,7.0,3.0
2021-08-05 07:53:16,110.0,98.0,9.0,3.0
2021-08-05 07:53:17,80.0,70.0,7.0,3.0
2021-08-05 07:53:18,90.0,75.0,9.0,6.0
2021-08-05 07:53:19,93.0,79.0,12.0,2.0
2021-08-05 07:53:20,100.0,84.0,6.0,10.0
2021-08-05 07:53:21,80.0,72.0,6.0,2.0
2021-08-05 07:53:22,84.0,77.0,4.0,3.0
2021-08-05 07:53:23,84.0,70.0,7.0,7.0
2021-08-05 07:53:24,85.0,75.0,4.0,6.0
2021-08-05 07:53:25,78.0,65.0,6.0,7.0
2021-08-05 07:53:26,87.0,79.0,5.0,3.0
2021-08-05 07:53:27,95.0,82.0,6.0,7.0
2021-08-05 07:53:28,102.0,94.0,3.0,5.0
2021-08-05 07:53:29,103.0,88.0,8.0,7.0
2021-08-05 07:53:30,89.0,80.0,7.0,2.0
2021-08-05 07:53:31,100.0,88.0,8.0,4.0
2021-08-05 07:53:32,98.0,84.0,12.0,2.0
2021-08-05 07:53:33,83.0,72.0,8.0,3.0
2021-08-05 07:53:34,87.0,77.0,10.0,0.0
2021-08-05 07:53:35,78.0,71.0,3.0,4.0
2021-08-05 07:53:36,90.0,82.0,6.0,2.0
2021-08-05 07:53:37,70.0,57.0,11.0,2.0
2021-08-05 07:53:38,95.0,90.0,3.0,2.0
2021-08-05 07:53:39,91.0,82.0,5.0,4.0
2021-08-05 07:53:40,88.0,84.0,2.0,2.0
2021-08-05 07:53:41,108.0,88.0,13.0,7.0
2021-08-05 07:53:42,74.0,67.0,5.0,2.0
2021-08-05 07:53:43,94.0,83.0,6.0,5.0
2021-08-05 07:53:44,73.0,67.0,4.0,2.0
2021-08-05 07:53:45,80.0,69.0,4.0,7.0
2021-08-05 07:53:46,85.0,75.0,4.0,6.0
2021-08-05 07:53:47,72.0,62.0,7.0,3.0
2021-08-05 07:53:48,89.0,79.0,5.0,5.0
2021-08-05 07:53:49,80.0,71.0,4.0,5.0
2021-08-05 07:53:50,78.0,73.0,3.0,2.0
2021-08-05 07:53:51,93.0,80.0,9.0,4.0
2021-08-05 07:53:52,93.0,81.0,9.0,3.0
2021-08-05 07:53:53,86.0,77.0,7.0,2.0
2021-08-05 07:53:54,93.0,72.0,10.0,11.0
2021-08-05 07:53:55,108.0,101.0,5.0,2.0
2021-08-05 07:53:56,67.0,56.0,7.0,4.0
2021-08-05 07:53:57,82.0,67.0,6.0,9.0
2021-08-05 07:53:58,86.0,76.0,6.0,4.0
2021-08-05 07:53:59,102.0,90.0,8.0,4.0
2021-08-05 07:54:00,88.0,73.0,6.0,9.0
2021-08-05 07:54:01,110.0,95.0,8.0,7.0
2021-08-05 07:54:02,94.0,81.0,7.0,6.0
2021-08-05 07:54:03,97.0,83.0,9.0,5.0
2021-08-05 07:54:04,72.0,60.0,7.0,5.0
2021-08-05 07:54:05,77.0,67.0,4.0,6.0
2021-08-05 07:54:06,94.0,84.0,4.0,6.0
2021-08-05 07:54:07,95.0,84.0,3.0,8.0
2021-08-05 07:54:08,93.0,78.0,11.0,4.0
2021-08-05 07:54:09,86.0,77.0,5.0,4.0
2021-08-05 07:54:10,115.0,100.0,6.0,9.0
2021-08-05 07:54:11,101.0,88.0,10.0,3.0
2021-08-05 07:54:12,84.0,74.0,7.0,3.0
2021-08-05 07:54:13,76.0,65.0,7.0,4.0
2021-08-05 07:54:14,73.0,65.0,2.0,6.0
2021-08-05 07:54:15,78.0,68.0,4.0,6.0
2021-08-05 07:54:16,89.0,74.0,8.0,7.0
2021-08-05 07:54:17,93.0,86.0,0.0,7.0
2021-08-05 07:54:18,89.0,76.0,5.0,8.0
2021-08-05 07:54:19,86.0,78.0,6.0,2.0
2021-08-05 07:54:20,89.0,74.0,7.0,8.0
2021-08-05 07:54:21,65.0,54.0,6.0,5.0
2021-08-05 07:54:22,94.0,86.0,5.0,3.0
2021-08-05 07:54:23,72.0,66.0,4.0,2.0
2021-08-05 07:54:24,67.0,59.0,4.0,4.0
2021-08-05 07:54:25,80.0,73.0,4.0,3.0
2021-08-05 07:54:26,91.0,82.0,5.0,4.0
2021-08-05 07:54:27,82.0,74.0,6.0,2.0
2021-08-05 07:54:28,79.0,72.0,4.0,3.0
2021-08-05 07:54:29,98.0,87.0,6.0,5.0
2021-08-05 07:54:30,76.0,64.0,4.0,8.0
2021-08-05 07:54:31,89.0,78.0,5.0,6.0
2021-08-05 07:54:32,75.0,68.0,3.0,4.0
2021-08-05 07:54:33,99.0,86.0,8.0,5.0
2021-08-05 07:54:34,91.0,80.0,4.0,7.0
2021-08-05 07:54:35,96.0,85.0,8.0,3.0
2021-08-05 07:54:36,81.0,69.0,6.0,6.0
2021-08-05 07:54:37,98.0,90.0,5.0,3.0
2021-08-05 07:54:38,109.0,88.0,13.0,8.0
2021-08-05 07:54:39,92.0,81.0,5.0,6.0
2021-08-05 07:54:40,86.0,75.0,9.0,2.0
2021-08-05 07:54:41,77.0,63.0,9.0,5.0
2021-08-05 07:54:42,97.0,83.0,10.0,4.0
2021-08-05 07:54:43,85.0,74.0,5.0,6.0
2021-08-05 07:54:44,71.0,64.0,4.0,3.0
2021-08-05 07:54:45,81.0,76.0,2.0,3.0
2021-08-05 07:54:46,88.0,75.0,8.0,5.0
2021-08-05 07:54:47,82.0,73.0,4.0,5.0
2021-08-05 07:54:48,89.0,77.0,4.0,8.0
2021-08-05 07:54:49,75.0,68.0,4.0,3.0
2021-08-05 07:54:50,100.0,84.0,3.0,13.0
2021-08-05 07:54:51,103.0,91.0,6.0,6.0
2021-08-05 07:54:52,89.0,78.0,9.0,2.0
2021-08-05 07:54:53,92.0,83.0,2.0,7.0
2021-08-05 07:54:54,91.0,83.0,4.0,4.0
2021-08-05 07:54:55,83.0,70.0,9.0,4.0
2021-08-05 07:54:56,98.0,89.0,4.0,5.0
2021-08-05 07:54:57,98.0,84.0,11.0,3.0
2021-08-05 07:54:58,92.0,80.0,8.0,4.0
2021-08-05 07:54:59,84.0,77.0,2.0,5.0
2021-08-05 07:55:00,79.0,69.0,6.0,4.0
2021-08-05 07:55:01,92.0,77.0,10.0,5.0
2021-08-05 07:55:02,91.0,78.0,10.0,3.0
2021-08-05 07:55:03,113.0,99.0,7.0,7.0
2021-08-05 07:55:04,85.0,75.0,6.0,4.0
2021-08-05 07:55:05,90.0,74.0,10.0,6.0
2021-08-05 07:55:06,70.0,57.0,9.0,4.0
2021-08-05 07:55:07,103.0,91.0,7.0,5.0
2021-08-05 07:55:08,90.0,78.0,8.0,4.0
2021-08-05 07:55:09,103.0,88.0,11.0,4.0
2021-08-05 07:55:10,87.0,75.0,10.0,2.0
2021-08-05 07:55:11,92.0,79.0,7.0,6.0
2021-08-05 07:55:12,80.0,75.0,4.0,1.0
2021-08-05 07:55:13,71.0,64.0,3.0,4.0
2021-08-05 07:55:14,92.0,75.0,11.0,6.0
2021-08-05 07:55:15,96.0,84.0,8.0,4.0
2021-08-05 07:55:16,78.0,70.0,3.0,5.0
2021-08-05 07:55:17,80.0,74.0,2.0,4.0
2021-08-05 07:55:18,86.0,77.0,4.0,5.0
2021-08-05 07:55:19,75.0,65.0,7.0,3.0
2021-08-05 07:55:20,80.0,69.0,6.0,5.0
2021-08-05 07:55:21,82.0,69.0,8.0,5.0
2021-08-05 07:55:22,85.0,72.0,8.0,5.0
2021-08-05 07:55:23,73.0,62.0,7.0,4.0
2021-08-05 07:55:24,105.0,91.0,11.0,3.0
2021-08-05 07:55:25,90.0,77.0,10.0,3.0
2021-08-05 07:55:26,83.0,72.0,5.0,6.0
2021-08-05 07:55:27,80.0,74.0,2.0,4.0
2021-08-05 07:55:28,79.0,69.0,8.0,2.0
2021-08-05 07:55:29,90.0,80.0,5.0,5.0
2021-08-05 07:55:30,78.0,67.0,4.0,7.0
2021-08-05 07:55:31,73.0,65.0,5.0,3.0
2021-08-05 07:55:32,77.0,71.0,5.0,1.0
2021-08-05 07:55:33,102.0,91.0,5.0,6.0
2021-08-05 07:55:34,97.0,84.0,6.0,7.0
2021-08-05 07:55:35,89.0,79.0,9.0,1.0
2021-08-05 07:55:36,100.0,94.0,4.0,2.0
2021-08-05 07:55:37,90.0,83.0,4.0,3.0
2021-08-05 07:55:38,90.0,76.0,7.0,7.0
2021-08-05 07:55:39,88.0,80.0,6.0,2.0
2021-08-05 07:55:40,89.0,80.0,5.0,4.0
2021-08-05 07:55:41,90.0,85.0,2.0,3.0
2021-08-05 07:55:42,77.0,67.0,9.0,1.0
2021-08-05 07:55:43,93.0,84.0,6.0,3.0
2021-08-05 07:55:44,96.0,88.0,5.0,3.0
2021-08-05 07:55:45,73.0,63.0,5.0,5.0
2021-08-05 07:55:46,86.0,77.0,4.0,5.0
2021-08-05 07:55:47,76.0,70.0,6.0,0.0
2021-08-05 07:55:48,97.0,88.0,7.0,2.0
2021-08-05 07:55:49,94.0,89.0,3.0,2.0
2021-08-05 07:55:50,80.0,70.0,4.0,6.0
2021-08-05 07:55:51,84.0,67.0,10.0,7.0
2021-08-05 07:55:52,80.0,71.0,5.0,4.0
2021-08-05 07:55:53,84.0,76.0,2.0,6.0
2021-08-05 07:55:54,98.0,90.0,4.0,4.0
2021-08-05 07:55:55,84.0,72.0,8.0,4.0
2021-08-05 07:55:56,86.0,74.0,8.0,4.0
2021-08-05 07:55:57,92.0,84.0,5.0,3.0
2021-08-05 07:55:58,92.0,84.0,4.0,4.0
2021-08-05 07:55:59,97.0,87.0,7.0,3.0
2021-08-05 07:56:00,81.0,73.0,5.0,3.0
2021-08-05 07:56:01,81.0,74.0,2.0,5.0
2021-08-05 07:56:02,96.0,83.0,8.0,5.0
2021-08-05 07:56:03,102.0,81.0,14.0,7.0
2021-08-05 07:56:04,79.0,76.0,2.0,1.0
2021-08-05 07:56:05,85.0,73.0,9.0,3.0
2021-08-05 07:56:06,90.0,80.0,4.0,6.0
2021-08-05 07:56:07,80.0,75.0,4.0,1.0
2021-08-05 07:56:08,98.0,84.0,7.0,7.0
2021-08-05 07:56:09,85.0,80.0,4.0,1.0
2021-08-05 07:56:10,97.0,82.0,8.0,7.0
2021-08-05 07:56:11,91.0,76.0,11.0,4.0
2021-08-05 07:56:12,90.0,78.0,3.0,9.0
2021-08-05 07:56:13,102.0,90.0,7.0,5.0
2021-08-05 07:56:14,80.0,73.0,3.0,4.0
2021-08-05 07:56:15,81.0,72.0,3.0,6.0
2021-08-05 07:56:16,84.0,77.0,6.0,1.0
2021-08-05 07:56:17,71.0,67.0,2.0,2.0
2021-08-05 07:56:18,87.0,75.0,6.0,6.0
2021-08-05 07:56:19,90.0,82.0,6.0,2.0
2021-08-05 07:56:20,88.0,79.0,8.0,1.0
2021-08-05 07:56:21,69.0,61.0,6.0,2.0
2021-08-05 07:56:22,96.0,88.0,7.0,1.0
2021-08-05 07:56:23,93.0,80.0,8.0,5.0
2021-08-05 07:56:24,93.0,84.0,8.0,1.0
2021-08-05 07:56:25,103.0,93.0,6.0,4.0
2021-08-05 07:56:26,87.0,76.0,6.0,5.0
2021-08-05 07:56:27,81.0,71.0,6.0,4.0
2021-08-05 07:56:28,95.0,83.0,5.0,7.0
2021-08-05 07:56:29,75.0,65.0,7.0,3.0
2021-08-05 07:56:30,76.0,67.0,4.0,5.0
2021-08-05 07:56:31,57.0,51.0,3.0,3.0
2021-08-05 07:56:32,82.0,70.0,8.0,4.0
2021-08-05 07:56:33,80.0,72.0,3.0,5.0
2021-08-05 07:56:34,84.0,75.0,8.0,1.0
2021-08-05 07:56:35,80.0,69.0,7.0,4.0
2021-08-05 07:56:36,88.0,77.0,6.0,5.0
2021-08-05 07:56:37,84.0,75.0,5.0,4.0
2021-08-05 07:56:38,85.0,75.0,5.0,5.0
2021-08-05 07:56:39,80.0,71.0,7.0,2.0
2021-08-05 07:56:40,102.0,89.0,9.0,4.0
2021-08-05 07:56:41,86.0,75.0,5.0,6.0
2021-08-05 07:56:42,83.0,67.0,9.0,7.0
2021-08-05 07:56:43,87.0,74.0,8.0,5.0
2021-08-05 07:56:44,80.0,71.0,4.0,5.0
2021-08-05 07:56:45,93.0,79.0,8.0,6.0
2021-08-05 07:56:46,83.0,73.0,5.0,5.0
2021-08-05 07:56:47,104.0,88.0,7.0,9.0
2021-08-05 07:56:48,79.0,67.0,9.0,3.0
2021-08-05 07:56:49,95.0,90.0,4.0,1.0
2021-08-05 07:56:50,78.0,66.0,7.0,5.0
2021-08-05 07:56:51,93.0,85.0,6.0,2.0
2021-08-05 07:56:52,106.0,97.0,4.0,5.0
2021-08-05 07:56:53,80.0,74.0,4.0,2.0
2021-08-05 07:56:54,87.0,73.0,9.0,5.0
2021-08-05 07:56:55,75.0,61.0,8.0,6.0
2021-08-05 07:56:56,82.0,72.0,7.0,3.0
2021-08-05 07:56:57,95.0,84.0,7.0,4.0
2021-08-05 07:56:58,88.0,79.0,9.0,0.0
2021-08-05 07:56:59,88.0,73.0,9.0,6.0
2021-08-05 07:57:00,78.0,67.0,5.0,6.0
2021-08-05 07:57:01,78.0,66.0,8.0,4.0
2021-08-05 07:57:02,90.0,80.0,7.0,3.0
2021-08-05 07:57:03,74.0,66.0,5.0,3.0
2021-08-05 07:57:04,96.0,82.0,8.0,6.0
2021-08-05 07:57:05,93.0,86.0,5.0,2.0
2021-08-05 07:57:06,91.0,78.0,6.0,7.0
2021-08-05 07:57:07,87.0,79.0,5.0,3.0
2021-08-05 07:57:08,93.0,80.0,7.0,6.0
2021-08-05 07:57:09,84.0,77.0,1.0,6.0
2021-08-05 07:57:10,78.0,69.0,7.0,2.0
2021-08-05 07:57:11,88.0,77.0,9.0,2.0
2021-08-05 07:57:12,96.0,86.0,5.0,5.0
2021-08-05 07:57:13,102.0,86.0,10.0,6.0
2021-08-05 07:57:14,86.0,77.0,6.0,3.0
2021-08-05 07:57:15,77.0,67.0,5.0,5.0
2021-08-05 07:57:16,79.0,72.0,3.0,4.0
2021-08-05 07:57:17,80.0,75.0,4.0,1.0
2021-08-05 07:57:18,88.0,80.0,5.0,3.0
2021-08-05 07:57:19,105.0,93.0,4.0,8.0
2021-08-05 07:57:20,91.0,83.0,5.0,3.0
2021-08-05 07:57:21,89.0,77.0,9.0,3.0
2021-08-05 07:57:22,90.0,77.0,8.0,5.0
2021-08-05 07:57:23,99.0,87.0,7.0,5.0
2021-08-05 07:57:24,81.0,72.0,5.0,4.0
2021-08-05 07:57:25,93.0,82.0,8.0,3.0
2021-08-05 07:57:26,92.0,82.0,4.0,6.0
2021-08-05 07:57:27,110.0,99.0,10.0,1.0
2021-08-05 07:57:28,88.0,77.0,6.0,5.0
2021-08-05 07:57:29,94.0,87.0,5.0,2.0
2021-08-05 07:57:30,79.0,66.0,6.0,7.0
2021-08-05 07:57:31,82.0,73.0,1.0,8.0
2021-08-05 07:57:32,98.0,84.0,7.0,7.0
2021-08-05 07:57:33,83.0,73.0,6.0,4.0
2021-08-05 07:57:34,88.0,78.0,6.0,4.0
2021-08-05 07:57:35,87.0,76.0,4.0,7.0
2021-08-05 07:57:36,96.0,83.0,9.0,4.0
2021-08-05 07:57:37,92.0,80.0,7.0,5.0
2021-08-05 07:57:38,89.0,83.0,5.0,1.0
2021-08-05 07:57:39,74.0,67.0,4.0,3.0
2021-08-05 07:57:40,74.0,62.0,9.0,3.0
2021-08-05 07:57:41,75.0,66.0,4.0,5.0
2021-08-05 07:57:42,86.0,78.0,5.0,3.0
2021-08-05 07:57:43,95.0,88.0,5.0,2.0
2021-08-05 07:57:44,83.0,70.0,6.0,7.0
2021-08-05 07:57:45,78.0,67.0,4.0,7.0
2021-08-05 07:57:46,91.0,80.0,6.0,5.0
2021-08-05 07:57:47,80.0,71.0,4.0,5.0
2021-08-05 07:57:48,102.0,93.0,7.0,2.0
2021-08-05 07:57:49,92.0,84.0,5.0,3.0
2021-08-05 07:57:50,94.0,81.0,6.0,7.0
2021-08-05 07:57:51,92.0,80.0,5.0,7.0
2021-08-05 07:57:52,89.0,81.0,3.0,5.0
2021-08-05 07:57:53,80.0,72.0,6.0,2.0
2021-08-05 07:57:54,102.0,87.0,7.0,8.0
2021-08-05 07:57:55,75.0,67.0,4.0,4.0
2021-08-05 07:57:56,96.0,77.0,11.0,8.0
2021-08-05 07:57:57,94.0,85.0,7.0,2.0
2021-08-05 07:57:58,83.0,72.0,6.0,5.0
2021-08-05 07:57:59,86.0,77.0,7.0,2.0
2021-08-05 07:58:00,99.0,87.0,5.0,7.0
2021-08-05 07:58:01,82.0,76.0,3.0,3.0
2021-08-05 07:58:02,89.0,77.0,9.0,3.0
2021-08-05 07:58:03,99.0,90.0,7.0,2.0
2021-08-05 07:58:04,92.0,79.0,5.0,8.0
2021-08-05 07:58:05,90.0,83.0,5.0,2.0
2021-08-05 07:58:06,77.0,67.0,6.0,4.0
2021-08-05 07:58:07,87.0,77.0,4.0,6.0
2021-08-05 07:58:08,81.0,72.0,6.0,3.0
2021-08-05 07:58:09,88.0,79.0,5.0,4.0
2021-08-05 07:58:10,79.0,67.0,7.0,5.0
2021-08-05 07:58:11,71.0,58.0,8.0,5.0
2021-08-05 07:58:12,89.0,81.0,6.0,2.0
2021-08-05 07:58:13,93.0,84.0,4.0,5.0
2021-08-05 07:58:14,85.0,80.0,3.0,2.0
2021-08-05 07:58:15,98.0,90.0,7.0,1.0
2021-08-05 07:58:16,90.0,80.0,4.0,6.0
2021-08-05 07:58:17,98.0,88.0,6.0,4.0
2021-08-05 07:58:18,95.0,79.0,8.0,8.0
2021-08-05 07:58:19,70.0,58.0,7.0,5.0
2021-08-05 07:58:20,100.0,88.0,8.0,4.0
2021-08-05 07:58:21,76.0,66.0,7.0,3.0
2021-08-05 07:58:22,85.0,71.0,9.0,5.0
2021-08-05 07:58:23,87.0,75.0,8.0,4.0
2021-08-05 07:58:24,83.0,76.0,5.0,2.0
2021-08-05 07:58:25,83.0,74.0,5.0,4.0
2021-08-05 07:58:26,82.0,71.0,6.0,5.0
2021-08-05 07:58:27,105.0,90.0,8.0,7.0
2021-08-05 07:58:28,70.0,64.0,2.0,4.0
2021-08-05 07:58:29,90.0,81.0,7.0,2.0
2021-08-05 07:58:30,84.0,73.0,8.0,3.0
2021-08-05 07:58:31,77.0,70.0,6.0,1.0
2021-08-05 07:58:32,97.0,81.0,9.0,7.0
2021-08-05 07:58:33,98.0,82.0,12.0,4.0
2021-08-05 07:58:34,87.0,75.0,8.0,4.0
2021-08-05 07:58:35,98.0,83.0,12.0,3.0
2021-08-05 07:58:36,100.0,82.0,12.0,6.0
2021-08-05 07:58:37,88.0,71.0,9.0,8.0
2021-08-05 07:58:38,72.0,66.0,6.0,0.0
2021-08-05 07:58:39,88.0,77.0,5.0,6.0
2021-08-05 07:58:40,76.0,71.0,2.0,3.0
2021-08-05 07:58:41,104.0,77.0,17.0,10.0
2021-08-05 07:58:42,89.0,81.0,4.0,4.0
2021-08-05 07:58:43,76.0,67.0,4.0,5.0
2021-08-05 07:58:44,95.0,83.0,7.0,5.0
2021-08-05 07:58:45,91.0,78.0,4.0,9.0
2021-08-05 07:58:46,114.0,104.0,7.0,3.0
2021-08-05 07:58:47,88.0,79.0,7.0,2.0
2021-08-05 07:58:48,83.0,76.0,4.0,3.0
2021-08-05 07:58:49,75.0,66.0,4.0,5.0
2021-08-05 07:58:50,97.0,83.0,9.0,5.0
2021-08-05 07:58:51,93.0,85.0,5.0,3.0
2021-08-05 07:58:52,101.0,87.0,6.0,8.0
2021-08-05 07:58:53,97.0,83.0,8.0,6.0
2021-08-05 07:58:54,85.0,81.0,3.0,1.0
2021-08-05 07:58:55,90.0,73.0,12.0,5.0
2021-08-05 07:58:56,86.0,77.0,2.0,7.0
2021-08-05 07:58:57,93.0,78.0,7.0,8.0
2021-08-05 07:58:58,86.0,77.0,4.0,5.0
2021-08-05 07:58:59,96.0,86.0,8.0,2.0
2021-08-05 07:59:00,78.0,69.0,6.0,3.0
2021-08-05 07:59:01,90.0,82.0,5.0,3.0
2021-08-05 07:59:02,89.0,74.0,11.0,4.0
2021-08-05 07:59:03,87.0,75.0,6.0,6.0
2021-08-05 07:59:04,86.0,79.0,5.0,2.0
2021-08-05 07:59:05,75.0,66.0,5.0,4.0
2021-08-05 07:59:06,87.0,74.0,8.0,5.0
2021-08-05 07:59:07,90.0,79.0,6.0,5.0
2021-08-05 07:59:08,90.0,78.0,6.0,6.0
2021-08-05 07:59:09,80.0,66.0,8.0,6.0
2021-08-05 07:59:10,89.0,80.0,5.0,4.0
2021-08-05 07:59:11,92.0,80.0,9.0,3.0
2021-08-05 07:59:12,97.0,91.0,4.0,2.0
2021-08-05 07:59:13,91.0,75.0,11.0,5.0
2021-08-05 07:59:14,89.0,77.0,7.0,5.0
2021-08-05 07:59:15,82.0,71.0,6.0,5.0
2021-08-05 07:59:16,90.0,82.0,7.0,1.0
2021-08-05 07:59:17,94.0,79.0,10.0,5.0
2021-08-05 07:59:18,95.0,80.0,7.0,8.0
2021-08-05 07:59:19,107.0,100.0,4.0,3.0
2021-08-05 07:59:20,89.0,80.0,6.0,3.0
2021-08-05 07:59:21,104.0,90.0,10.0,4.0
2021-08-05 07:59:22,111.0,86.0,14.0,11.0
2021-08-05 07:59:23,99.0,89.0,6.0,4.0
2021-08-05 07:59:24,114.0,99.0,9.0,6.0
2021-08-05 07:59:25,107.0,93.0,7.0,7.0
2021-08-05 07:59:26,103.0,88.0,8.0,7.0
2021-08-05 07:59:27,82.0,74.0,6.0,2.0
2021-08-05 07:59:28,84.0,72.0,9.0,3.0
2021-08-05 07:59:29,77.0,67.0,5.0,5.0
2021-08-05 07:59:30,94.0,86.0,6.0,2.0
2021-08-05 07:59:31,82.0,75.0,3.0,4.0
2021-08-05 07:59:32,97.0,85.0,9.0,3.0
2021-08-05 07:59:33,86.0,79.0,3.0,4.0
2021-08-05 07:59:34,90.0,79.0,7.0,4.0
2021-08-05 07:59:35,81.0,69.0,7.0,5.0
2021-08-05 07:59:36,93.0,77.0,10.0,6.0
2021-08-05 07:59:37,79.0,65.0,6.0,8.0
2021-08-05 07:59:38,78.0,72.0,2.0,4.0
2021-08-05 07:59:39,87.0,76.0,6.0,5.0
2021-08-05 07:59:40,89.0,76.0,7.0,6.0
2021-08-05 07:59:41,94.0,83.0,6.0,5.0
2021-08-05 07:59:42,72.0,66.0,3.0,3.0
2021-08-05 07:59:43,87.0,78.0,3.0,6.0
2021-08-05 07:59:44,89.0,76.0,7.0,6.0
2021-08-05 07:59:45,82.0,69.0,7.0,6.0
2021-08-05 07:59:46,94.0,79.0,8.0,7.0
2021-08-05 07:59:47,85.0,71.0,8.0,6.0
2021-08-05 07:59:48,81.0,73.0,4.0,4.0
2021-08-05 07:59:49,90.0,83.0,6.0,1.0
2021-08-05 07:59:50,103.0,88.0,14.0,1.0
2021-08-05 07:59:51,95.0,85.0,6.0,4.0
2021-08-05 07:59:52,100.0,89.0,6.0,5.0
2021-08-05 07:59:53,111.0,96.0,8.0,7.0
2021-08-05 07:59:54,86.0,74.0,7.0,5.0
2021-08-05 07:59:55,103.0,94.0,7.0,2.0
2021-08-05 07:59:56,102.0,93.0,6.0,3.0
2021-08-05 07:59:57,95.0,84.0,5.0,6.0
2021-08-05 07:59:58,100.0,89.0,8.0,3.0
2021-08-05 07:59:59,80.0,69.0,8.0,3.0
2021-08-05 08:00:00,78.0,67.0,8.0,3.0
2021-08-05 08:00:01,93.0,77.0,11.0,5.0
2021-08-05 08:00:02,89.0,81.0,7.0,1.0
2021-08-05 08:00:03,75.0,68.0,3.0,4.0
2021-08-05 08:00:04,83.0,72.0,7.0,4.0
2021-08-05 08:00:05,96.0,80.0,12.0,4.0
2021-08-05 08:00:06,94.0,82.0,5.0,7.0
2021-08-05 08:00:07,120.0,102.0,9.0,9.0
2021-08-05 08:00:08,84.0,72.0,7.0,5.0
2021-08-05 08:00:09,103.0,95.0,6.0,2.0
2021-08-05 08:00:10,95.0,88.0,3.0,4.0
2021-08-05 08:00:11,101.0,94.0,4.0,3.0
2021-08-05 08:00:12,86.0,75.0,7.0,4.0
2021-08-05 08:00:13,92.0,83.0,7.0,2.0
2021-08-05 08:00:14,80.0,76.0,0.0,4.0
2021-08-05 08:00:15,74.0,66.0,4.0,4.0
2021-08-05 08:00:16,95.0,85.0,4.0,6.0
2021-08-05 08:00:17,79.0,63.0,11.0,5.0
2021-08-05 08:00:18,86.0,73.0,9.0,4.0
2021-08-05 08:00:19,80.0,71.0,5.0,4.0
2021-08-05 08:00:20,104.0,90.0,9.0,5.0
2021-08-05 08:00:21,92.0,84.0,6.0,2.0
2021-08-05 08:00:22,106.0,95.0,4.0,7.0
2021-08-05 08:00:23,80.0,73.0,3.0,4.0
2021-08-05 08:00:24,85.0,73.0,6.0,6.0
2021-08-05 08:00:25,105.0,91.0,10.0,4.0
2021-08-05 08:00:26,100.0,87.0,12.0,1.0
2021-08-05 08:00:27,96.0,89.0,3.0,4.0
2021-08-05 08:00:28,93.0,80.0,7.0,6.0
2021-08-05 08:00:29,77.0,63.0,14.0,0.0
2021-08-05 08:00:30,92.0,78.0,7.0,7.0
2021-08-05 08:00:31,96.0,91.0,2.0,3.0
2021-08-05 08:00:32,93.0,76.0,10.0,7.0
2021-08-05 08:00:33,102.0,87.0,13.0,2.0
2021-08-05 08:00:34,84.0,77.0,5.0,2.0
2021-08-05 08:00:35,87.0,77.0,5.0,5.0
2021-08-05 08:00:36,97.0,88.0,6.0,3.0
2021-08-05 08:00:37,88.0,78.0,4.0,6.0
2021-08-05 08:00:38,95.0,82.0,9.0,4.0
2021-08-05 08:00:39,77.0,64.0,9.0,4.0
2021-08-05 08:00:40,94.0,84.0,9.0,1.0
2021-08-05 08:00:41,100.0,87.0,7.0,6.0
2021-08-05 08:00:42,102.0,85.0,9.0,8.0
2021-08-05 08:00:43,82.0,68.0,6.0,8.0
2021-08-05 08:00:44,76.0,70.0,4.0,2.0
2021-08-05 08:00:45,69.0,61.0,5.0,3.0
2021-08-05 08:00:46,88.0,79.0,6.0,3.0
2021-08-05 08:00:47,85.0,73.0,6.0,6.0
2021-08-05 08:00:48,87.0,75.0,11.0,1.0
2021-08-05 08:00:49,99.0,89.0,4.0,6.0
2021-08-05 08:00:50,91.0,85.0,2.0,4.0
2021-08-05 08:00:51,100.0,90.0,4.0,6.0
2021-08-05 08:00:52,92.0,85.0,2.0,5.0
2021-08-05 08:00:53,112.0,96.0,10.0,6.0
2021-08-05 08:00:54,88.0,79.0,5.0,4.0
2021-08-05 08:00:55,81.0,75.0,5.0,1.0
2021-08-05 08:00:56,83.0,72.0,5.0,6.0
2021-08-05 08:00:57,99.0,88.0,8.0,3.0
2021-08-05 08:00:58,103.0,90.0,9.0,4.0
2021-08-05 08:00:59,81.0,77.0,3.0,1.0
2021-08-05 08:01:00,99.0,86.0,10.0,3.0
2021-08-05 08:01:01,92.0,83.0,6.0,3.0
2021-08-05 08:01:02,84.0,74.0,6.0,4.0
2021-08-05 08:01:03,101.0,89.0,6.0,6.0
2021-08-05 08:01:04,93.0,75.0,14.0,4.0
2021-08-05 08:01:05,85.0,77.0,6.0,2.0
2021-08-05 08:01:06,94.0,84.0,6.0,4.0
2021-08-05 08:01:07,92.0,81.0,6.0,5.0
2021-08-05 08:01:08,103.0,88.0,10.0,5.0
2021-08-05 08:01:09,86.0,78.0,6.0,2.0
2021-08-05 08:01:10,75.0,69.0,5.0,1.0
2021-08-05 08:01:11,90.0,80.0,8.0,2.0
2021-08-05 08:01:12,75.0,68.0,4.0,3.0
2021-08-05 08:01:13,82.0,69.0,8.0,5.0
2021-08-05 08:01:14,87.0,78.0,6.0,3.0
2021-08-05 08:01:15,86.0,76.0,4.0,6.0
2021-08-05 08:01:16,101.0,87.0,7.0,7.0
2021-08-05 08:01:17,86.0,76.0,7.0,3.0
2021-08-05 08:01:18,98.0,85.0,4.0,9.0
2021-08-05 08:01:19,79.0,73.0,5.0,1.0
2021-08-05 08:01:20,88.0,74.0,8.0,6.0
2021-08-05 08:01:21,90.0,81.0,5.0,4.0
2021-08-05 08:01:22,82.0,73.0,4.0,5.0
2021-08-05 08:01:23,112.0,102.0,7.0,3.0
2021-08-05 08:01:24,89.0,79.0,5.0,5.0
2021-08-05 08:01:25,79.0,71.0,5.0,3.0
2021-08-05 08:01:26,73.0,73.0,0.0,0.0
2021-08-05 08:01:27,94.0,79.0,7.0,8.0
2021-08-05 08:01:28,96.0,83.0,8.0,5.0
2021-08-05 08:01:29,81.0,66.0,9.0,6.0
2021-08-05 08:01:30,72.0,68.0,2.0,2.0
2021-08-05 08:01:31,83.0,73.0,6.0,4.0
2021-08-05 08:01:32,103.0,90.0,9.0,4.0
2021-08-05 08:01:33,97.0,90.0,5.0,2.0
2021-08-05 08:01:34,89.0,75.0,8.0,6.0
2021-08-05 08:01:35,79.0,70.0,5.0,4.0
2021-08-05 08:01:36,90.0,73.0,7.0,10.0
2021-08-05 08:01:37,98.0,85.0,5.0,8.0
2021-08-05 08:01:38,80.0,67.0,8.0,5.0
2021-08-05 08:01:39,78.0,66.0,8.0,4.0
2021-08-05 08:01:40,74.0,64.0,7.0,3.0
2021-08-05 08:01:41,94.0,82.0,6.0,6.0
2021-08-05 08:01:42,83.0,74.0,6.0,3.0
2021-08-05 08:01:43,91.0,81.0,6.0,4.0
2021-08-05 08:01:44,95.0,82.0,9.0,4.0
2021-08-05 08:01:45,88.0,81.0,4.0,3.0
2021-08-05 08:01:46,88.0,80.0,4.0,4.0
2021-08-05 08:01:47,97.0,88.0,7.0,2.0
2021-08-05 08:01:48,82.0,72.0,5.0,5.0
2021-08-05 08:01:49,86.0,76.0,8.0,2.0
2021-08-05 08:01:50,84.0,75.0,3.0,6.0
2021-08-05 08:01:51,76.0,71.0,3.0,2.0
2021-08-05 08:01:52,83.0,71.0,5.0,7.0
2021-08-05 08:01:53,78.0,64.0,9.0,5.0
2021-08-05 08:01:54,97.0,81.0,10.0,6.0
2021-08-05 08:01:55,81.0,73.0,3.0,5.0
2021-08-05 08:01:56,93.0,82.0,6.0,5.0
2021-08-05 08:01:57,81.0,71.0,5.0,5.0
2021-08-05 08:01:58,52.0,46.0,3.0,3.0
2021-08-05 08:01:59,91.0,83.0,3.0,5.0
2021-08-05 08:02:00,92.0,81.0,6.0,5.0
2021-08-05 08:02:01,102.0,90.0,4.0,8.0
2021-08-05 08:02:02,86.0,77.0,5.0,4.0
2021-08-05 08:02:03,84.0,76.0,5.0,3.0
2021-08-05 08:02:04,93.0,79.0,8.0,6.0
2021-08-05 08:02:05,100.0,88.0,6.0,6.0
2021-08-05 08:02:06,87.0,77.0,6.0,4.0
2021-08-05 08:02:07,81.0,65.0,12.0,4.0
2021-08-05 08:02:08,93.0,85.0,5.0,3.0
2021-08-05 08:02:09,88.0,79.0,5.0,4.0
2021-08-05 08:02:10,83.0,72.0,8.0,3.0
2021-08-05 08:02:11,80.0,73.0,4.0,3.0
2021-08-05 08:02:12,86.0,77.0,6.0,3.0
2021-08-05 08:02:13,89.0,83.0,3.0,3.0
2021-08-05 08:02:14,86.0,77.0,6.0,3.0
2021-08-05 08:02:15,88.0,77.0,8.0,3.0
2021-08-05 08:02:16,92.0,85.0,2.0,5.0
2021-08-05 08:02:17,87.0,75.0,8.0,4.0
2021-08-05 08:02:18,92.0,87.0,3.0,2.0
2021-08-05 08:02:19,85.0,74.0,9.0,2.0
2021-08-05 08:02:20,79.0,70.0,2.0,7.0
2021-08-05 08:02:21,83.0,70.0,5.0,8.0
2021-08-05 08:02:22,79.0,71.0,4.0,4.0
2021-08-05 08:02:23,79.0,62.0,13.0,4.0
2021-08-05 08:02:24,107.0,98.0,6.0,3.0
2021-08-05 08:02:25,101.0,88.0,7.0,6.0
2021-08-05 08:02:26,78.0,63.0,6.0,9.0
2021-08-05 08:02:27,85.0,72.0,9.0,4.0
2021-08-05 08:02:28,107.0,94.0,5.0,8.0
2021-08-05 08:02:29,96.0,91.0,5.0,0.0
2021-08-05 08:02:30,100.0,80.0,10.0,10.0
2021-08-05 08:02:31,80.0,70.0,4.0,6.0
2021-08-05 08:02:32,99.0,86.0,8.0,5.0
2021-08-05 08:02:33,90.0,79.0,4.0,7.0
2021-08-05 08:02:34,99.0,84.0,10.0,5.0
2021-08-05 08:02:35,73.0,63.0,5.0,5.0
2021-08-05 08:02:36,87.0,78.0,5.0,4.0
2021-08-05 08:02:37,90.0,76.0,10.0,4.0
2021-08-05 08:02:38,80.0,70.0,8.0,2.0
2021-08-05 08:02:39,86.0,70.0,8.0,8.0
2021-08-05 08:02:40,89.0,78.0,7.0,4.0
2021-08-05 08:02:41,87.0,75.0,7.0,5.0
2021-08-05 08:02:42,84.0,67.0,11.0,6.0
2021-08-05 08:02:43,88.0,81.0,5.0,2.0
2021-08-05 08:02:44,106.0,93.0,9.0,4.0
2021-08-05 08:02:45,92.0,81.0,7.0,4.0
2021-08-05 08:02:46,97.0,87.0,7.0,3.0
2021-08-05 08:02:47,83.0,75.0,7.0,1.0
2021-08-05 08:02:48,95.0,76.0,12.0,7.0
2021-08-05 08:02:49,79.0,74.0,3.0,2.0
2021-08-05 08:02:50,88.0,81.0,3.0,4.0
2021-08-05 08:02:51,93.0,83.0,6.0,4.0
2021-08-05 08:02:52,85.0,71.0,13.0,1.0
2021-08-05 08:02:53,85.0,77.0,5.0,3.0
2021-08-05 08:02:54,99.0,90.0,9.0,0.0
2021-08-05 08:02:55,81.0,72.0,5.0,4.0
2021-08-05 08:02:56,84.0,74.0,6.0,4.0
2021-08-05 08:02:57,91.0,82.0,5.0,4.0
2021-08-05 08:02:58,90.0,83.0,4.0,3.0
2021-08-05 08:02:59,86.0,76.0,5.0,5.0
2021-08-05 08:03:00,85.0,77.0,5.0,3.0
2021-08-05 08:03:01,75.0,62.0,9.0,4.0
2021-08-05 08:03:02,89.0,75.0,6.0,8.0
2021-08-05 08:03:03,89.0,76.0,8.0,5.0
2021-08-05 08:03:04,97.0,89.0,3.0,5.0
2021-08-05 08:03:05,88.0,75.0,9.0,4.0
2021-08-05 08:03:06,85.0,75.0,9.0,1.0
2021-08-05 08:03:07,86.0,80.0,3.0,3.0
2021-08-05 08:03:08,70.0,63.0,6.0,1.0
2021-08-05 08:03:09,97.0,91.0,3.0,3.0
2021-08-05 08:03:10,92.0,77.0,12.0,3.0
2021-08-05 08:03:11,94.0,79.0,12.0,3.0
2021-08-05 08:03:12,82.0,70.0,7.0,5.0
2021-08-05 08:03:13,98.0,88.0,5.0,5.0
2021-08-05 08:03:14,74.0,64.0,5.0,5.0
2021-08-05 08:03:15,107.0,96.0,8.0,3.0
2021-08-05 08:03:16,75.0,65.0,5.0,5.0
2021-08-05 08:03:17,90.0,79.0,5.0,6.0
2021-08-05 08:03:18,78.0,67.0,8.0,3.0
2021-08-05 08:03:19,93.0,79.0,10.0,4.0
2021-08-05 08:03:20,101.0,86.0,10.0,5.0
2021-08-05 08:03:21,102.0,95.0,3.0,4.0
2021-08-05 08:03:22,97.0,81.0,10.0,6.0
2021-08-05 08:03:23,100.0,88.0,10.0,2.0
2021-08-05 08:03:24,85.0,78.0,7.0,0.0
2021-08-05 08:03:25,88.0,78.0,8.0,2.0
2021-08-05 08:03:26,102.0,88.0,8.0,6.0
2021-08-05 08:03:27,93.0,85.0,3.0,5.0
2021-08-05 08:03:28,96.0,85.0,7.0,4.0
2021-08-05 08:03:29,96.0,84.0,8.0,4.0
2021-08-05 08:03:30,106.0,96.0,9.0,1.0
2021-08-05 08:03:31,89.0,84.0,3.0,2.0
2021-08-05 08:03:32,116.0,97.0,11.0,8.0
2021-08-05 08:03:33,89.0,78.0,8.0,3.0
2021-08-05 08:03:34,103.0,87.0,13.0,3.0
2021-08-05 08:03:35,98.0,87.0,5.0,6.0
2021-08-05 08:03:36,83.0,72.0,9.0,2.0
2021-08-05 08:03:37,96.0,85.0,4.0,7.0
2021-08-05 08:03:38,109.0,100.0,9.0,0.0
2021-08-05 08:03:39,86.0,80.0,4.0,2.0
2021-08-05 08:03:40,82.0,71.0,7.0,4.0
2021-08-05 08:03:41,88.0,75.0,10.0,3.0
2021-08-05 08:03:42,84.0,69.0,9.0,6.0
2021-08-05 08:03:43,95.0,84.0,8.0,3.0
2021-08-05 08:03:44,84.0,73.0,5.0,6.0
2021-08-05 08:03:45,98.0,89.0,7.0,2.0
2021-08-05 08:03:46,101.0,85.0,9.0,7.0
2021-08-05 08:03:47,96.0,82.0,7.0,7.0
2021-08-05 08:03:48,77.0,64.0,10.0,3.0
2021-08-05 08:03:49,84.0,77.0,3.0,4.0
2021-08-05 08:03:50,95.0,82.0,7.0,6.0
2021-08-05 08:03:51,94.0,86.0,7.0,1.0
2021-08-05 08:03:52,92.0,81.0,8.0,3.0
2021-08-05 08:03:53,78.0,66.0,9.0,3.0
2021-08-05 08:03:54,88.0,77.0,9.0,2.0
2021-08-05 08:03:55,91.0,80.0,8.0,3.0
2021-08-05 08:03:56,96.0,87.0,6.0,3.0
2021-08-05 08:03:57,82.0,75.0,2.0,5.0
2021-08-05 08:03:58,70.0,60.0,5.0,5.0
2021-08-05 08:03:59,95.0,86.0,6.0,3.0
2021-08-05 08:04:00,80.0,70.0,4.0,6.0
2021-08-05 08:04:01,72.0,64.0,7.0,1.0
2021-08-05 08:04:02,85.0,71.0,8.0,6.0
2021-08-05 08:04:03,80.0,69.0,4.0,7.0
2021-08-05 08:04:04,80.0,71.0,5.0,4.0
2021-08-05 08:04:05,71.0,62.0,7.0,2.0
2021-08-05 08:04:06,87.0,79.0,3.0,5.0
2021-08-05 08:04:07,92.0,79.0,11.0,2.0
2021-08-05 08:04:08,79.0,71.0,6.0,2.0
2021-08-05 08:04:09,86.0,82.0,3.0,1.0
2021-08-05 08:04:10,74.0,68.0,4.0,2.0
2021-08-05 08:04:11,84.0,74.0,6.0,4.0
2021-08-05 08:04:12,86.0,75.0,6.0,5.0
2021-08-05 08:04:13,89.0,82.0,4.0,3.0
2021-08-05 08:04:14,87.0,76.0,9.0,2.0
2021-08-05 08:04:15,91.0,79.0,8.0,4.0
2021-08-05 08:04:16,89.0,78.0,6.0,5.0
2021-08-05 08:04:17,92.0,79.0,9.0,4.0
2021-08-05 08:04:18,87.0,81.0,4.0,2.0
2021-08-05 08:04:19,77.0,69.0,6.0,2.0
2021-08-05 08:04:20,83.0,75.0,4.0,4.0
2021-08-05 08:04:21,85.0,74.0,7.0,4.0
2021-08-05 08:04:22,83.0,68.0,9.0,6.0
2021-08-05 08:04:23,74.0,64.0,4.0,6.0
2021-08-05 08:04:24,107.0,92.0,11.0,4.0
2021-08-05 08:04:25,74.0,67.0,2.0,5.0
2021-08-05 08:04:26,89.0,78.0,3.0,8.0
2021-08-05 08:04:27,109.0,93.0,10.0,6.0
2021-08-05 08:04:28,88.0,81.0,4.0,3.0
2021-08-05 08:04:29,85.0,74.0,7.0,4.0
2021-08-05 08:04:30,80.0,70.0,9.0,1.0
2021-08-05 08:04:31,96.0,85.0,5.0,6.0
2021-08-05 08:04:32,95.0,83.0,8.0,4.0
2021-08-05 08:04:33,95.0,84.0,5.0,6.0
2021-08-05 08:04:34,87.0,81.0,3.0,3.0
2021-08-05 08:04:35,86.0,71.0,9.0,6.0
2021-08-05 08:04:36,82.0,71.0,5.0,6.0
2021-08-05 08:04:37,78.0,70.0,3.0,5.0
2021-08-05 08:04:38,92.0,80.0,6.0,6.0
2021-08-05 08:04:39,81.0,68.0,8.0,5.0
2021-08-05 08:04:40,95.0,90.0,3.0,2.0
2021-08-05 08:04:41,99.0,86.0,8.0,5.0
2021-08-05 08:04:42,102.0,86.0,9.0,7.0
2021-08-05 08:04:43,87.0,79.0,4.0,4.0
2021-08-05 08:04:44,98.0,90.0,4.0,4.0
2021-08-05 08:04:45,94.0,78.0,11.0,5.0
2021-08-05 08:04:46,94.0,79.0,9.0,6.0
2021-08-05 08:04:47,96.0,86.0,9.0,1.0
2021-08-05 08:04:48,77.0,69.0,5.0,3.0
2021-08-05 08:04:49,87.0,75.0,6.0,6.0
2021-08-05 08:04:50,83.0,74.0,6.0,3.0
2021-08-05 08:04:51,75.0,66.0,6.0,3.0
2021-08-05 08:04:52,90.0,82.0,5.0,3.0
2021-08-05 08:04:53,89.0,72.0,6.0,11.0
2021-08-05 08:04:54,88.0,80.0,3.0,5.0
2021-08-05 08:04:55,84.0,71.0,11.0,2.0
2021-08-05 08:04:56,98.0,87.0,8.0,3.0
2021-08-05 08:04:57,84.0,79.0,2.0,3.0
2021-08-05 08:04:58,86.0,76.0,2.0,8.0
2021-08-05 08:04:59,72.0,63.0,4.0,5.0
2021-08-05 08:05:00,85.0,75.0,7.0,3.0
2021-08-05 08:05:01,84.0,71.0,9.0,4.0
2021-08-05 08:05:02,83.0,72.0,6.0,5.0
2021-08-05 08:05:03,93.0,81.0,8.0,4.0
2021-08-05 08:05:04,70.0,63.0,5.0,2.0
2021-08-05 08:05:05,99.0,87.0,5.0,7.0
2021-08-05 08:05:06,95.0,83.0,10.0,2.0
2021-08-05 08:05:07,98.0,88.0,5.0,5.0
2021-08-05 08:05:08,72.0,54.0,14.0,4.0
2021-08-05 08:05:09,92.0,80.0,9.0,3.0
2021-08-05 08:05:10,77.0,69.0,4.0,4.0
2021-08-05 08:05:11,80.0,68.0,9.0,3.0
2021-08-05 08:05:12,95.0,83.0,7.0,5.0
2021-08-05 08:05:13,86.0,72.0,11.0,3.0
2021-08-05 08:05:14,92.0,80.0,9.0,3.0
2021-08-05 08:05:15,84.0,74.0,6.0,4.0
2021-08-05 08:05:16,82.0,66.0,9.0,7.0
2021-08-05 08:05:17,87.0,79.0,6.0,2.0
2021-08-05 08:05:18,84.0,76.0,6.0,2.0
2021-08-05 08:05:19,99.0,82.0,12.0,5.0
2021-08-05 08:05:20,96.0,85.0,7.0,4.0
2021-08-05 08:05:21,78.0,66.0,9.0,3.0
2021-08-05 08:05:22,79.0,67.0,10.0,2.0
2021-08-05 08:05:23,89.0,78.0,5.0,6.0
2021-08-05 08:05:24,99.0,91.0,4.0,4.0
2021-08-05 08:05:25,81.0,73.0,5.0,3.0
2021-08-05 08:05:26,93.0,81.0,6.0,6.0
2021-08-05 08:05:27,80.0,71.0,6.0,3.0
2021-08-05 08:05:28,81.0,72.0,6.0,3.0
2021-08-05 08:05:29,93.0,78.0,10.0,5.0
2021-08-05 08:05:30,90.0,84.0,3.0,3.0
2021-08-05 08:05:31,108.0,99.0,7.0,2.0
2021-08-05 08:05:32,79.0,72.0,6.0,1.0
2021-08-05 08:05:33,84.0,75.0,4.0,5.0
2021-08-05 08:05:34,92.0,82.0,4.0,6.0
2021-08-05 08:05:35,84.0,68.0,5.0,11.0
2021-08-05 08:05:36,85.0,77.0,5.0,3.0
2021-08-05 08:05:37,95.0,81.0,9.0,5.0
2021-08-05 08:05:38,88.0,75.0,12.0,1.0
2021-08-05 08:05:39,73.0,62.0,5.0,6.0
2021-08-05 08:05:40,81.0,71.0,4.0,6.0
2021-08-05 08:05:41,87.0,76.0,6.0,5.0
2021-08-05 08:05:42,88.0,77.0,5.0,6.0
2021-08-05 08:05:43,102.0,88.0,7.0,7.0
2021-08-05 08:05:44,83.0,71.0,5.0,7.0
2021-08-05 08:05:45,93.0,86.0,6.0,1.0
2021-08-05 08:05:46,84.0,74.0,4.0,6.0
2021-08-05 08:05:47,85.0,74.0,7.0,4.0
2021-08-05 08:05:48,110.0,95.0,8.0,7.0
2021-08-05 08:05:49,85.0,76.0,6.0,3.0
2021-08-05 08:05:50,76.0,66.0,2.0,8.0
2021-08-05 08:05:51,78.0,69.0,6.0,3.0
2021-08-05 08:05:52,99.0,88.0,6.0,5.0
2021-08-05 08:05:53,79.0,68.0,4.0,7.0
2021-08-05 08:05:54,77.0,69.0,7.0,1.0
2021-08-05 08:05:55,87.0,76.0,8.0,3.0
2021-08-05 08:05:56,103.0,93.0,8.0,2.0
2021-08-05 08:05:57,87.0,81.0,3.0,3.0
2021-08-05 08:05:58,90.0,83.0,4.0,3.0
2021-08-05 08:05:59,86.0,78.0,6.0,2.0
2021-08-05 08:06:00,87.0,78.0,5.0,4.0
2021-08-05 08:06:01,76.0,65.0,6.0,5.0
2021-08-05 08:06:02,71.0,65.0,1.0,5.0
2021-08-05 08:06:03,89.0,80.0,7.0,2.0
2021-08-05 08:06:04,88.0,77.0,6.0,5.0
2021-08-05 08:06:05,97.0,81.0,11.0,5.0
2021-08-05 08:06:06,78.0,71.0,5.0,2.0
2021-08-05 08:06:07,81.0,68.0,8.0,5.0
2021-08-05 08:06:08,89.0,79.0,8.0,2.0
2021-08-05 08:06:09,83.0,71.0,10.0,2.0
2021-08-05 08:06:10,96.0,86.0,5.0,5.0
2021-08-05 08:06:11,78.0,67.0,6.0,5.0
2021-08-05 08:06:12,73.0,65.0,3.0,5.0
2021-08-05 08:06:13,82.0,66.0,11.0,5.0
2021-08-05 08:06:14,98.0,85.0,9.0,4.0
2021-08-05 08:06:15,95.0,81.0,11.0,3.0
2021-08-05 08:06:16,86.0,74.0,4.0,8.0
2021-08-05 08:06:17,93.0,83.0,4.0,6.0
2021-08-05 08:06:18,88.0,76.0,7.0,5.0
2021-08-05 08:06:19,101.0,95.0,5.0,1.0
2021-08-05 08:06:20,87.0,76.0,8.0,3.0
2021-08-05 08:06:21,83.0,74.0,7.0,2.0
2021-08-05 08:06:22,93.0,87.0,3.0,3.0
2021-08-05 08:06:23,76.0,63.0,8.0,5.0
2021-08-05 08:06:24,89.0,81.0,3.0,5.0
2021-08-05 08:06:25,84.0,76.0,5.0,3.0
2021-08-05 08:06:26,92.0,78.0,8.0,6.0
2021-08-05 08:06:27,83.0,72.0,10.0,1.0
2021-08-05 08:06:28,89.0,78.0,5.0,6.0
2021-08-05 08:06:29,93.0,82.0,7.0,4.0
2021-08-05 08:06:30,84.0,72.0,7.0,5.0
2021-08-05 08:06:31,94.0,79.0,11.0,4.0
2021-08-05 08:06:32,85.0,78.0,6.0,1.0
2021-08-05 08:06:33,92.0,83.0,4.0,5.0
2021-08-05 08:06:34,83.0,75.0,7.0,1.0
2021-08-05 08:06:35,101.0,90.0,6.0,5.0
2021-08-05 08:06:36,97.0,88.0,8.0,1.0
2021-08-05 08:06:37,90.0,81.0,8.0,1.0
2021-08-05 08:06:38,83.0,76.0,6.0,1.0
2021-08-05 08:06:39,108.0,92.0,11.0,5.0
2021-08-05 08:06:40,84.0,71.0,7.0,6.0
2021-08-05 08:06:41,105.0,93.0,9.0,3.0
2021-08-05 08:06:42,91.0,80.0,7.0,4.0
2021-08-05 08:06:43,84.0,74.0,7.0,3.0
2021-08-05 08:06:44,81.0,74.0,6.0,1.0
2021-08-05 08:06:45,84.0,76.0,5.0,3.0
2021-08-05 08:06:46,76.0,74.0,2.0,0.0
2021-08-05 08:06:47,105.0,92.0,8.0,5.0
2021-08-05 08:06:48,68.0,60.0,1.0,7.0
2021-08-05 08:06:49,69.0,61.0,7.0,1.0
2021-08-05 08:06:50,93.0,82.0,6.0,5.0
2021-08-05 08:06:51,82.0,76.0,4.0,2.0
2021-08-05 08:06:52,94.0,81.0,7.0,6.0
2021-08-05 08:06:53,75.0,66.0,7.0,2.0
2021-08-05 08:06:54,88.0,81.0,5.0,2.0
2021-08-05 08:06:55,92.0,75.0,7.0,10.0
2021-08-05 08:06:56,72.0,58.0,9.0,5.0
2021-08-05 08:06:57,78.0,68.0,4.0,6.0
2021-08-05 08:06:58,86.0,79.0,4.0,3.0
2021-08-05 08:06:59,96.0,87.0,7.0,2.0
2021-08-05 08:07:00,90.0,75.0,11.0,4.0
2021-08-05 08:07:01,85.0,76.0,4.0,5.0
2021-08-05 08:07:02,95.0,88.0,5.0,2.0
2021-08-05 08:07:03,80.0,69.0,9.0,2.0
2021-08-05 08:07:04,94.0,78.0,6.0,10.0
2021-08-05 08:07:05,91.0,80.0,6.0,5.0
2021-08-05 08:07:06,98.0,89.0,4.0,5.0
2021-08-05 08:07:07,95.0,87.0,4.0,4.0
2021-08-05 08:07:08,84.0,78.0,4.0,2.0
2021-08-05 08:07:09,85.0,71.0,9.0,5.0
2021-08-05 08:07:10,90.0,80.0,7.0,3.0
2021-08-05 08:07:11,82.0,70.0,9.0,3.0
2021-08-05 08:07:12,89.0,75.0,7.0,7.0
2021-08-05 08:07:13,101.0,89.0,7.0,5.0
2021-08-05 08:07:14,88.0,75.0,10.0,3.0
2021-08-05 08:07:15,102.0,85.0,10.0,7.0
2021-08-05 08:07:16,104.0,94.0,6.0,4.0
2021-08-05 08:07:17,79.0,68.0,9.0,2.0
2021-08-05 08:07:18,98.0,89.0,8.0,1.0
2021-08-05 08:07:19,92.0,84.0,4.0,4.0
2021-08-05 08:07:20,79.0,70.0,7.0,2.0
2021-08-05 08:07:21,89.0,80.0,3.0,6.0
2021-08-05 08:07:22,79.0,70.0,3.0,6.0
2021-08-05 08:07:23,80.0,68.0,9.0,3.0
2021-08-05 08:07:24,84.0,71.0,9.0,4.0
2021-08-05 08:07:25,99.0,90.0,5.0,4.0
2021-08-05 08:07:26,97.0,88.0,4.0,5.0
2021-08-05 08:07:27,79.0,69.0,8.0,2.0
2021-08-05 08:07:28,75.0,66.0,7.0,2.0
2021-08-05 08:07:29,73.0,62.0,7.0,4.0
2021-08-05 08:07:30,83.0,77.0,4.0,2.0
2021-08-05 08:07:31,83.0,74.0,7.0,2.0
2021-08-05 08:07:32,91.0,82.0,8.0,1.0
2021-08-05 08:07:33,92.0,78.0,8.0,6.0
2021-08-05 08:07:34,84.0,78.0,3.0,3.0
2021-08-05 08:07:35,97.0,87.0,6.0,4.0
2021-08-05 08:07:36,80.0,65.0,9.0,6.0
2021-08-05 08:07:37,86.0,77.0,6.0,3.0
2021-08-05 08:07:38,84.0,67.0,9.0,8.0
2021-08-05 08:07:39,95.0,91.0,2.0,2.0
2021-08-05 08:07:40,76.0,72.0,2.0,2.0
2021-08-05 08:07:41,103.0,87.0,10.0,6.0
2021-08-05 08:07:42,87.0,72.0,8.0,7.0
2021-08-05 08:07:43,80.0,75.0,2.0,3.0
2021-08-05 08:07:44,91.0,77.0,9.0,5.0
2021-08-05 08:07:45,83.0,69.0,7.0,7.0
2021-08-05 08:07:46,94.0,86.0,5.0,3.0
2021-08-05 08:07:47,82.0,70.0,9.0,3.0
2021-08-05 08:07:48,88.0,77.0,9.0,2.0
2021-08-05 08:07:49,102.0,92.0,7.0,3.0
2021-08-05 08:07:50,102.0,88.0,7.0,7.0
2021-08-05 08:07:51,90.0,83.0,6.0,1.0
2021-08-05 08:07:52,91.0,79.0,8.0,4.0
2021-08-05 08:07:53,85.0,75.0,4.0,6.0
2021-08-05 08:07:54,84.0,72.0,9.0,3.0
2021-08-05 08:07:55,90.0,81.0,6.0,3.0
2021-08-05 08:07:56,80.0,70.0,8.0,2.0
2021-08-05 08:07:57,91.0,82.0,4.0,5.0
2021-08-05 08:07:58,74.0,66.0,6.0,2.0
2021-08-05 08:07:59,97.0,82.0,9.0,6.0
2021-08-05 08:08:00,88.0,76.0,6.0,6.0
2021-08-05 08:08:01,98.0,82.0,9.0,7.0
2021-08-05 08:08:02,79.0,70.0,4.0,5.0
2021-08-05 08:08:03,100.0,89.0,4.0,7.0
2021-08-05 08:08:04,86.0,78.0,3.0,5.0
2021-08-05 08:08:05,77.0,69.0,4.0,4.0
2021-08-05 08:08:06,96.0,86.0,5.0,5.0
2021-08-05 08:08:07,76.0,71.0,2.0,3.0
2021-08-05 08:08:08,102.0,87.0,11.0,4.0
2021-08-05 08:08:09,91.0,81.0,5.0,5.0
2021-08-05 08:08:10,85.0,69.0,9.0,7.0
2021-08-05 08:08:11,106.0,91.0,10.0,5.0
2021-08-05 08:08:12,88.0,76.0,8.0,4.0
2021-08-05 08:08:13,91.0,84.0,2.0,5.0
2021-08-05 08:08:14,88.0,75.0,8.0,5.0
2021-08-05 08:08:15,98.0,82.0,11.0,5.0
2021-08-05 08:08:16,82.0,66.0,9.0,7.0
2021-08-05 08:08:17,94.0,83.0,5.0,6.0
2021-08-05 08:08:18,82.0,73.0,7.0,2.0
2021-08-05 08:08:19,100.0,89.0,5.0,6.0
2021-08-05 08:08:20,88.0,75.0,11.0,2.0
2021-08-05 08:08:21,101.0,92.0,4.0,5.0
2021-08-05 08:08:22,79.0,68.0,8.0,3.0
2021-08-05 08:08:23,99.0,91.0,7.0,1.0
2021-08-05 08:08:24,87.0,79.0,4.0,4.0
2021-08-05 08:08:25,71.0,67.0,1.0,3.0
2021-08-05 08:08:26,87.0,71.0,7.0,9.0
2021-08-05 08:08:27,79.0,65.0,11.0,3.0
2021-08-05 08:08:28,103.0,90.0,11.0,2.0
2021-08-05 08:08:29,83.0,75.0,5.0,3.0
2021-08-05 08:08:30,80.0,70.0,8.0,2.0
2021-08-05 08:08:31,96.0,86.0,4.0,6.0
2021-08-05 08:08:32,87.0,78.0,4.0,5.0
2021-08-05 08:08:33,81.0,72.0,6.0,3.0
2021-08-05 08:08:34,95.0,85.0,8.0,2.0
2021-08-05 08:08:35,96.0,82.0,10.0,4.0
2021-08-05 08:08:36,83.0,70.0,9.0,4.0
2021-08-05 08:08:37,95.0,87.0,6.0,2.0
2021-08-05 08:08:38,70.0,60.0,7.0,3.0
2021-08-05 08:08:39,88.0,79.0,6.0,3.0
2021-08-05 08:08:40,85.0,73.0,7.0,5.0
2021-08-05 08:08:41,84.0,73.0,8.0,3.0
2021-08-05 08:08:42,93.0,82.0,8.0,3.0
2021-08-05 08:08:43,90.0,77.0,8.0,5.0
2021-08-05 08:08:44,83.0,72.0,10.0,1.0
2021-08-05 08:08:45,93.0,77.0,9.0,7.0
2021-08-05 08:08:46,94.0,81.0,5.0,8.0
2021-08-05 08:08:47,114.0,105.0,5.0,4.0
2021-08-05 08:08:48,70.0,64.0,5.0,1.0
2021-08-05 08:08:49,84.0,74.0,7.0,3.0
2021-08-05 08:08:50,92.0,84.0,5.0,3.0
2021-08-05 08:08:51,91.0,74.0,5.0,12.0
2021-08-05 08:08:52,86.0,71.0,8.0,7.0
2021-08-05 08:08:53,78.0,70.0,6.0,2.0
2021-08-05 08:08:54,91.0,79.0,9.0,3.0
2021-08-05 08:08:55,68.0,62.0,3.0,3.0
2021-08-05 08:08:56,86.0,76.0,4.0,6.0
2021-08-05 08:08:57,92.0,80.0,9.0,3.0
2021-08-05 08:08:58,89.0,79.0,5.0,5.0
2021-08-05 08:08:59,87.0,72.0,6.0,9.0
2021-08-05 08:09:00,84.0,77.0,3.0,4.0
2021-08-05 08:09:01,99.0,94.0,1.0,4.0
2021-08-05 08:09:02,99.0,81.0,9.0,9.0
2021-08-05 08:09:03,92.0,80.0,5.0,7.0
2021-08-05 08:09:04,91.0,81.0,6.0,4.0
2021-08-05 08:09:05,88.0,79.0,6.0,3.0
2021-08-05 08:09:06,90.0,76.0,7.0,7.0
2021-08-05 08:09:07,97.0,91.0,3.0,3.0
2021-08-05 08:09:08,97.0,87.0,7.0,3.0
2021-08-05 08:09:09,99.0,87.0,6.0,6.0
2021-08-05 08:09:10,73.0,66.0,2.0,5.0
2021-08-05 08:09:11,92.0,82.0,7.0,3.0
2021-08-05 08:09:12,96.0,92.0,3.0,1.0
2021-08-05 08:09:13,78.0,69.0,4.0,5.0
2021-08-05 08:09:14,105.0,93.0,8.0,4.0
2021-08-05 08:09:15,95.0,81.0,11.0,3.0
2021-08-05 08:09:16,79.0,71.0,6.0,2.0
2021-08-05 08:09:17,84.0,72.0,8.0,4.0
2021-08-05 08:09:18,83.0,66.0,9.0,8.0
2021-08-05 08:09:19,96.0,85.0,9.0,2.0
2021-08-05 08:09:20,99.0,87.0,7.0,5.0
2021-08-05 08:09:21,92.0,84.0,4.0,4.0
2021-08-05 08:09:22,75.0,66.0,3.0,6.0
2021-08-05 08:09:23,80.0,66.0,9.0,5.0
2021-08-05 08:09:24,89.0,81.0,5.0,3.0
2021-08-05 08:09:25,102.0,84.0,9.0,9.0
2021-08-05 08:09:26,95.0,83.0,9.0,3.0
2021-08-05 08:09:27,88.0,77.0,5.0,6.0
2021-08-05 08:09:28,74.0,59.0,9.0,6.0
2021-08-05 08:09:29,78.0,69.0,7.0,2.0
2021-08-05 08:09:30,85.0,78.0,5.0,2.0
2021-08-05 08:09:31,90.0,79.0,5.0,6.0
2021-08-05 08:09:32,89.0,79.0,5.0,5.0
2021-08-05 08:09:33,89.0,82.0,4.0,3.0
2021-08-05 08:09:34,86.0,74.0,7.0,5.0
2021-08-05 08:09:35,84.0,72.0,9.0,3.0
2021-08-05 08:09:36,92.0,85.0,5.0,2.0
2021-08-05 08:09:37,81.0,69.0,7.0,5.0
2021-08-05 08:09:38,88.0,76.0,7.0,5.0
2021-08-05 08:09:39,93.0,80.0,7.0,6.0
2021-08-05 08:09:40,87.0,72.0,5.0,10.0
2021-08-05 08:09:41,95.0,85.0,4.0,6.0
2021-08-05 08:09:42,91.0,87.0,4.0,0.0
2021-08-05 08:09:43,100.0,86.0,9.0,5.0
2021-08-05 08:09:44,96.0,84.0,7.0,5.0
2021-08-05 08:09:45,86.0,75.0,7.0,4.0
2021-08-05 08:09:46,85.0,76.0,8.0,1.0
2021-08-05 08:09:47,81.0,72.0,6.0,3.0
2021-08-05 08:09:48,111.0,99.0,6.0,6.0
2021-08-05 08:09:49,80.0,66.0,7.0,7.0
2021-08-05 08:09:50,101.0,92.0,6.0,3.0
2021-08-05 08:09:51,98.0,87.0,7.0,4.0
2021-08-05 08:09:52,82.0,66.0,8.0,8.0
2021-08-05 08:09:53,90.0,87.0,2.0,1.0
2021-08-05 08:09:54,89.0,83.0,5.0,1.0
2021-08-05 08:09:55,84.0,69.0,10.0,5.0
2021-08-05 08:09:56,94.0,87.0,4.0,3.0
2021-08-05 08:09:57,80.0,76.0,3.0,1.0
2021-08-05 08:09:58,89.0,77.0,8.0,4.0
2021-08-05 08:09:59,100.0,89.0,5.0,6.0
2021-08-05 08:10:00,85.0,78.0,3.0,4.0
2021-08-05 08:10:01,97.0,88.0,7.0,2.0
2021-08-05 08:10:02,70.0,63.0,3.0,4.0
2021-08-05 08:10:03,81.0,67.0,11.0,3.0
2021-08-05 08:10:04,94.0,82.0,6.0,6.0
2021-08-05 08:10:05,82.0,75.0,4.0,3.0
2021-08-05 08:10:06,87.0,75.0,6.0,6.0
2021-08-05 08:10:07,80.0,74.0,5.0,1.0
2021-08-05 08:10:08,95.0,86.0,6.0,3.0
2021-08-05 08:10:09,95.0,81.0,5.0,9.0
2021-08-05 08:10:10,83.0,74.0,7.0,2.0
2021-08-05 08:10:11,91.0,75.0,9.0,7.0
2021-08-05 08:10:12,85.0,69.0,8.0,8.0
2021-08-05 08:10:13,74.0,64.0,5.0,5.0
2021-08-05 08:10:14,103.0,90.0,10.0,3.0
2021-08-05 08:10:15,97.0,88.0,7.0,2.0
2021-08-05 08:10:16,84.0,74.0,5.0,5.0
2021-08-05 08:10:17,90.0,80.0,5.0,5.0
2021-08-05 08:10:18,76.0,68.0,6.0,2.0
2021-08-05 08:10:19,96.0,90.0,4.0,2.0
2021-08-05 08:10:20,92.0,82.0,8.0,2.0
2021-08-05 08:10:21,73.0,68.0,4.0,1.0
2021-08-05 08:10:22,94.0,75.0,13.0,6.0
2021-08-05 08:10:23,99.0,81.0,8.0,10.0
2021-08-05 08:10:24,84.0,78.0,3.0,3.0
2021-08-05 08:10:25,95.0,80.0,9.0,6.0
2021-08-05 08:10:26,93.0,84.0,3.0,6.0
2021-08-05 08:10:27,84.0,77.0,5.0,2.0
2021-08-05 08:10:28,98.0,86.0,8.0,4.0
2021-08-05 08:10:29,89.0,76.0,8.0,5.0
2021-08-05 08:10:30,75.0,62.0,7.0,6.0
2021-08-05 08:10:31,78.0,66.0,8.0,4.0
2021-08-05 08:10:32,92.0,77.0,5.0,10.0
2021-08-05 08:10:33,83.0,72.0,5.0,6.0
2021-08-05 08:10:34,122.0,106.0,9.0,7.0
2021-08-05 08:10:35,91.0,82.0,7.0,2.0
2021-08-05 08:10:36,86.0,77.0,5.0,4.0
2021-08-05 08:10:37,91.0,75.0,13.0,3.0
2021-08-05 08:10:38,74.0,62.0,5.0,7.0
2021-08-05 08:10:39,87.0,74.0,5.0,8.0
2021-08-05 08:10:40,74.0,63.0,6.0,5.0
2021-08-05 08:10:41,84.0,71.0,9.0,4.0
2021-08-05 08:10:42,104.0,94.0,6.0,4.0
2021-08-05 08:10:43,87.0,78.0,6.0,3.0
2021-08-05 08:10:44,88.0,80.0,5.0,3.0
2021-08-05 08:10:45,83.0,75.0,4.0,4.0
2021-08-05 08:10:46,107.0,95.0,6.0,6.0
2021-08-05 08:10:47,87.0,71.0,10.0,6.0
2021-08-05 08:10:48,81.0,65.0,9.0,7.0
2021-08-05 08:10:49,94.0,84.0,8.0,2.0
2021-08-05 08:10:50,95.0,87.0,6.0,2.0
2021-08-05 08:10:51,79.0,66.0,7.0,6.0
2021-08-05 08:10:52,100.0,90.0,5.0,5.0
2021-08-05 08:10:53,118.0,108.0,5.0,5.0
2021-08-05 08:10:54,90.0,82.0,4.0,4.0
2021-08-05 08:10:55,94.0,83.0,6.0,5.0
2021-08-05 08:10:56,83.0,74.0,6.0,3.0
2021-08-05 08:10:57,80.0,70.0,7.0,3.0
2021-08-05 08:10:58,90.0,78.0,7.0,5.0
2021-08-05 08:10:59,86.0,79.0,2.0,5.0
2021-08-05 08:11:00,83.0,77.0,3.0,3.0
2021-08-05 08:11:01,82.0,63.0,13.0,6.0
2021-08-05 08:11:02,90.0,80.0,5.0,5.0
2021-08-05 08:11:03,112.0,101.0,11.0,0.0
2021-08-05 08:11:04,103.0,87.0,13.0,3.0
2021-08-05 08:11:05,74.0,63.0,6.0,5.0
2021-08-05 08:11:06,84.0,76.0,4.0,4.0
2021-08-05 08:11:07,96.0,86.0,4.0,6.0
2021-08-05 08:11:08,93.0,81.0,9.0,3.0
2021-08-05 08:11:09,86.0,76.0,6.0,4.0
2021-08-05 08:11:10,79.0,71.0,5.0,3.0
2021-08-05 08:11:11,87.0,81.0,2.0,4.0
2021-08-05 08:11:12,93.0,83.0,7.0,3.0
2021-08-05 08:11:13,86.0,79.0,5.0,2.0
2021-08-05 08:11:14,79.0,70.0,3.0,6.0
2021-08-05 08:11:15,96.0,85.0,4.0,7.0
2021-08-05 08:11:16,87.0,67.0,9.0,11.0
2021-08-05 08:11:17,96.0,85.0,6.0,5.0
2021-08-05 08:11:18,93.0,88.0,3.0,2.0
2021-08-05 08:11:19,72.0,64.0,6.0,2.0
2021-08-05 08:11:20,88.0,79.0,7.0,2.0
2021-08-05 08:11:21,102.0,87.0,9.0,6.0
2021-08-05 08:11:22,88.0,76.0,8.0,4.0
2021-08-05 08:11:23,90.0,76.0,9.0,5.0
2021-08-05 08:11:24,92.0,78.0,11.0,3.0
2021-08-05 08:11:25,87.0,74.0,5.0,8.0
2021-08-05 08:11:26,88.0,79.0,5.0,4.0
2021-08-05 08:11:27,104.0,95.0,5.0,4.0
2021-08-05 08:11:28,97.0,86.0,9.0,2.0
2021-08-05 08:11:29,77.0,67.0,7.0,3.0
2021-08-05 08:11:30,93.0,80.0,8.0,5.0
2021-08-05 08:11:31,89.0,77.0,7.0,5.0
2021-08-05 08:11:32,98.0,86.0,9.0,3.0
2021-08-05 08:11:33,100.0,87.0,10.0,3.0
2021-08-05 08:11:34,91.0,75.0,8.0,8.0
2021-08-05 08:11:35,89.0,77.0,9.0,3.0
2021-08-05 08:11:36,96.0,87.0,7.0,2.0
2021-08-05 08:11:37,89.0,75.0,6.0,8.0
2021-08-05 08:11:38,70.0,66.0,4.0,0.0
2021-08-05 08:11:39,93.0,86.0,6.0,1.0
2021-08-05 08:11:40,72.0,64.0,3.0,5.0
2021-08-05 08:11:41,99.0,85.0,9.0,5.0
2021-08-05 08:11:42,84.0,68.0,9.0,7.0
2021-08-05 08:11:43,93.0,84.0,9.0,0.0
2021-08-05 08:11:44,77.0,69.0,3.0,5.0
2021-08-05 08:11:45,85.0,75.0,7.0,3.0
2021-08-05 08:11:46,120.0,108.0,8.0,4.0
2021-08-05 08:11:47,81.0,74.0,5.0,2.0
2021-08-05 08:11:48,85.0,75.0,8.0,2.0
2021-08-05 08:11:49,87.0,75.0,7.0,5.0
2021-08-05 08:11:50,87.0,73.0,7.0,7.0
2021-08-05 08:11:51,100.0,91.0,3.0,6.0
2021-08-05 08:11:52,83.0,72.0,6.0,5.0
2021-08-05 08:11:53,93.0,84.0,6.0,3.0
2021-08-05 08:11:54,107.0,98.0,3.0,6.0
2021-08-05 08:11:55,84.0,71.0,7.0,6.0
2021-08-05 08:11:56,90.0,80.0,3.0,7.0
2021-08-05 08:11:57,62.0,56.0,5.0,1.0
2021-08-05 08:11:58,98.0,88.0,5.0,5.0
2021-08-05 08:11:59,93.0,77.0,11.0,5.0
2021-08-05 08:12:00,90.0,75.0,8.0,7.0
2021-08-05 08:12:01,93.0,79.0,9.0,5.0
2021-08-05 08:12:02,76.0,71.0,2.0,3.0
2021-08-05 08:12:03,95.0,83.0,9.0,3.0
2021-08-05 08:12:04,95.0,82.0,6.0,7.0
2021-08-05 08:12:05,96.0,87.0,5.0,4.0
2021-08-05 08:12:06,105.0,94.0,4.0,7.0
2021-08-05 08:12:07,86.0,73.0,7.0,6.0
2021-08-05 08:12:08,90.0,78.0,7.0,5.0
2021-08-05 08:12:09,76.0,66.0,5.0,5.0
2021-08-05 08:12:10,81.0,74.0,5.0,2.0
2021-08-05 08:12:11,90.0,82.0,5.0,3.0
2021-08-05 08:12:12,83.0,75.0,5.0,3.0
2021-08-05 08:12:13,89.0,77.0,4.0,8.0
2021-08-05 08:12:14,99.0,81.0,12.0,6.0
2021-08-05 08:12:15,97.0,86.0,9.0,2.0
2021-08-05 08:12:16,101.0,87.0,9.0,5.0
2021-08-05 08:12:17,90.0,78.0,7.0,5.0
2021-08-05 08:12:18,99.0,94.0,4.0,1.0
2021-08-05 08:12:19,75.0,67.0,3.0,5.0
2021-08-05 08:12:20,82.0,72.0,5.0,5.0
2021-08-05 08:12:21,100.0,87.0,8.0,5.0
2021-08-05 08:12:22,96.0,84.0,9.0,3.0
2021-08-05 08:12:23,102.0,88.0,12.0,2.0
2021-08-05 08:12:24,106.0,95.0,8.0,3.0
2021-08-05 08:12:25,94.0,80.0,9.0,5.0
2021-08-05 08:12:26,94.0,84.0,7.0,3.0
2021-08-05 08:12:27,92.0,83.0,6.0,3.0
2021-08-05 08:12:28,88.0,79.0,5.0,4.0
2021-08-05 08:12:29,86.0,77.0,6.0,3.0
2021-08-05 08:12:30,114.0,104.0,10.0,0.0
2021-08-05 08:12:31,75.0,69.0,5.0,1.0
2021-08-05 08:12:32,76.0,65.0,6.0,5.0
2021-08-05 08:12:33,92.0,82.0,8.0,2.0
2021-08-05 08:12:34,97.0,90.0,4.0,3.0
2021-08-05 08:12:35,99.0,87.0,5.0,7.0
2021-08-05 08:12:36,90.0,80.0,5.0,5.0
2021-08-05 08:12:37,100.0,92.0,7.0,1.0
2021-08-05 08:12:38,97.0,82.0,11.0,4.0
2021-08-05 08:12:39,88.0,80.0,7.0,1.0
2021-08-05 08:12:40,79.0,69.0,5.0,5.0
2021-08-05 08:12:41,90.0,77.0,8.0,5.0
2021-08-05 08:12:42,86.0,71.0,9.0,6.0
2021-08-05 08:12:43,98.0,84.0,6.0,8.0
2021-08-05 08:12:44,77.0,71.0,2.0,4.0
2021-08-05 08:12:45,63.0,55.0,6.0,2.0
2021-08-05 08:12:46,93.0,86.0,4.0,3.0
2021-08-05 08:12:47,86.0,76.0,3.0,7.0
2021-08-05 08:12:48,90.0,81.0,7.0,2.0
2021-08-05 08:12:49,98.0,87.0,8.0,3.0
2021-08-05 08:12:50,101.0,88.0,8.0,5.0
2021-08-05 08:12:51,89.0,80.0,8.0,1.0
2021-08-05 08:12:52,90.0,72.0,8.0,10.0
2021-08-05 08:12:53,95.0,80.0,8.0,7.0
2021-08-05 08:12:54,91.0,82.0,6.0,3.0
2021-08-05 08:12:55,77.0,70.0,5.0,2.0
2021-08-05 08:12:56,103.0,89.0,11.0,3.0
2021-08-05 08:12:57,73.0,60.0,10.0,3.0
2021-08-05 08:12:58,92.0,86.0,2.0,4.0
2021-08-05 08:12:59,87.0,78.0,5.0,4.0
2021-08-05 08:13:00,71.0,63.0,3.0,5.0
2021-08-05 08:13:01,103.0,89.0,8.0,6.0
2021-08-05 08:13:02,77.0,63.0,10.0,4.0
2021-08-05 08:13:03,88.0,72.0,12.0,4.0
2021-08-05 08:13:04,92.0,80.0,4.0,8.0
2021-08-05 08:13:05,81.0,69.0,4.0,8.0
2021-08-05 08:13:06,96.0,87.0,5.0,4.0
2021-08-05 08:13:07,90.0,79.0,7.0,4.0
2021-08-05 08:13:08,106.0,88.0,14.0,4.0
2021-08-05 08:13:09,85.0,77.0,6.0,2.0
2021-08-05 08:13:10,79.0,73.0,2.0,4.0
2021-08-05 08:13:11,91.0,80.0,6.0,5.0
2021-08-05 08:13:12,101.0,92.0,5.0,4.0
2021-08-05 08:13:13,91.0,82.0,4.0,5.0
2021-08-05 08:13:14,75.0,68.0,5.0,2.0
2021-08-05 08:13:15,91.0,73.0,15.0,3.0
2021-08-05 08:13:16,79.0,70.0,7.0,2.0
2021-08-05 08:13:17,76.0,67.0,6.0,3.0
2021-08-05 08:13:18,88.0,78.0,6.0,4.0
2021-08-05 08:13:19,100.0,87.0,9.0,4.0
2021-08-05 08:13:20,95.0,78.0,8.0,9.0
2021-08-05 08:13:21,95.0,81.0,9.0,5.0
2021-08-05 08:13:22,80.0,71.0,5.0,4.0
2021-08-05 08:13:23,96.0,87.0,3.0,6.0
2021-08-05 08:13:24,93.0,80.0,9.0,4.0
2021-08-05 08:13:25,87.0,71.0,11.0,5.0
2021-08-05 08:13:26,68.0,60.0,4.0,4.0
2021-08-05 08:13:27,88.0,79.0,3.0,6.0
2021-08-05 08:13:28,78.0,73.0,1.0,4.0
2021-08-05 08:13:29,101.0,89.0,7.0,5.0
2021-08-05 08:13:30,87.0,76.0,8.0,3.0
2021-08-05 08:13:31,109.0,97.0,6.0,6.0
2021-08-05 08:13:32,90.0,79.0,5.0,6.0
2021-08-05 08:13:33,75.0,65.0,5.0,5.0
2021-08-05 08:13:34,74.0,69.0,4.0,1.0
2021-08-05 08:13:35,87.0,81.0,3.0,3.0
2021-08-05 08:13:36,76.0,69.0,4.0,3.0
2021-08-05 08:13:37,84.0,80.0,2.0,2.0
2021-08-05 08:13:38,114.0,104.0,6.0,4.0
2021-08-05 08:13:39,78.0,64.0,11.0,3.0
2021-08-05 08:13:40,88.0,77.0,7.0,4.0
2021-08-05 08:13:41,97.0,84.0,10.0,3.0
2021-08-05 08:13:42,80.0,74.0,4.0,2.0
2021-08-05 08:13:43,99.0,91.0,4.0,4.0
2021-08-05 08:13:44,89.0,83.0,4.0,2.0
2021-08-05 08:13:45,88.0,80.0,5.0,3.0
2021-08-05 08:13:46,98.0,85.0,5.0,8.0
2021-08-05 08:13:47,87.0,81.0,6.0,0.0
2021-08-05 08:13:48,91.0,80.0,10.0,1.0
2021-08-05 08:13:49,70.0,61.0,4.0,5.0
2021-08-05 08:13:50,109.0,97.0,6.0,6.0
2021-08-05 08:13:51,94.0,81.0,9.0,4.0
2021-08-05 08:13:52,77.0,71.0,4.0,2.0
2021-08-05 08:13:53,87.0,77.0,5.0,5.0
2021-08-05 08:13:54,81.0,73.0,7.0,1.0
2021-08-05 08:13:55,96.0,83.0,8.0,5.0
2021-08-05 08:13:56,98.0,85.0,8.0,5.0
2021-08-05 08:13:57,115.0,98.0,8.0,9.0
2021-08-05 08:13:58,84.0,74.0,5.0,5.0
2021-08-05 08:13:59,91.0,78.0,7.0,6.0
2021-08-05 08:14:00,98.0,80.0,9.0,9.0
2021-08-05 08:14:01,88.0,82.0,3.0,3.0
2021-08-05 08:14:02,102.0,94.0,6.0,2.0
2021-08-05 08:14:03,90.0,80.0,7.0,3.0
2021-08-05 08:14:04,92.0,80.0,10.0,2.0
2021-08-05 08:14:05,66.0,60.0,3.0,3.0
2021-08-05 08:14:06,68.0,62.0,5.0,1.0
2021-08-05 08:14:07,87.0,74.0,8.0,5.0
2021-08-05 08:14:08,101.0,91.0,5.0,5.0
2021-08-05 08:14:09,99.0,89.0,6.0,4.0
2021-08-05 08:14:10,82.0,68.0,10.0,4.0
2021-08-05 08:14:11,81.0,67.0,9.0,5.0
2021-08-05 08:14:12,98.0,87.0,5.0,6.0
2021-08-05 08:14:13,111.0,92.0,13.0,6.0
2021-08-05 08:14:14,86.0,76.0,7.0,3.0
2021-08-05 08:14:15,94.0,85.0,8.0,1.0
2021-08-05 08:14:16,79.0,71.0,5.0,3.0
2021-08-05 08:14:17,96.0,80.0,6.0,10.0
2021-08-05 08:14:18,94.0,86.0,6.0,2.0
2021-08-05 08:14:19,93.0,79.0,12.0,2.0
2021-08-05 08:14:20,96.0,85.0,4.0,7.0
2021-08-05 08:14:21,96.0,90.0,3.0,3.0
2021-08-05 08:14:22,82.0,76.0,4.0,2.0
2021-08-05 08:14:23,80.0,71.0,6.0,3.0
2021-08-05 08:14:24,80.0,70.0,6.0,4.0
2021-08-05 08:14:25,90.0,77.0,5.0,8.0
2021-08-05 08:14:26,86.0,73.0,8.0,5.0
2021-08-05 08:14:27,102.0,95.0,3.0,4.0
2021-08-05 08:14:28,83.0,74.0,6.0,3.0
2021-08-05 08:14:29,89.0,77.0,9.0,3.0
2021-08-05 08:14:30,77.0,68.0,7.0,2.0
2021-08-05 08:14:31,72.0,64.0,4.0,4.0
2021-08-05 08:14:32,88.0,80.0,6.0,2.0
2021-08-05 08:14:33,93.0,81.0,10.0,2.0
2021-08-05 08:14:34,97.0,86.0,6.0,5.0
2021-08-05 08:14:35,98.0,92.0,3.0,3.0
2021-08-05 08:14:36,93.0,79.0,10.0,4.0
2021-08-05 08:14:37,87.0,81.0,5.0,1.0
2021-08-05 08:14:38,86.0,79.0,5.0,2.0
2021-08-05 08:14:39,89.0,80.0,4.0,5.0
2021-08-05 08:14:40,84.0,75.0,5.0,4.0
2021-08-05 08:14:41,87.0,71.0,4.0,12.0
2021-08-05 08:14:42,99.0,93.0,2.0,4.0
2021-08-05 08:14:43,88.0,78.0,6.0,4.0
2021-08-05 08:14:44,88.0,76.0,8.0,4.0
2021-08-05 08:14:45,102.0,91.0,7.0,4.0
2021-08-05 08:14:46,103.0,92.0,9.0,2.0
2021-08-05 08:14:47,87.0,80.0,5.0,2.0
2021-08-05 08:14:48,86.0,77.0,6.0,3.0
2021-08-05 08:14:49,116.0,101.0,10.0,5.0
2021-08-05 08:14:50,100.0,83.0,12.0,5.0
2021-08-05 08:14:51,109.0,96.0,8.0,5.0
2021-08-05 08:14:52,95.0,86.0,4.0,5.0
2021-08-05 08:14:53,106.0,92.0,7.0,7.0
2021-08-05 08:14:54,76.0,60.0,10.0,6.0
2021-08-05 08:14:55,85.0,78.0,5.0,2.0
2021-08-05 08:14:56,87.0,80.0,2.0,5.0
2021-08-05 08:14:57,72.0,63.0,6.0,3.0
2021-08-05 08:14:58,98.0,83.0,9.0,6.0
2021-08-05 08:14:59,82.0,70.0,8.0,4.0
2021-08-05 08:15:00,100.0,85.0,10.0,5.0
2021-08-05 08:15:01,99.0,82.0,11.0,6.0
2021-08-05 08:15:02,69.0,58.0,10.0,1.0
2021-08-05 08:15:03,94.0,88.0,3.0,3.0
2021-08-05 08:15:04,80.0,72.0,4.0,4.0
2021-08-05 08:15:05,86.0,73.0,7.0,6.0
2021-08-05 08:15:06,88.0,78.0,4.0,6.0
2021-08-05 08:15:07,91.0,86.0,2.0,3.0
2021-08-05 08:15:08,102.0,87.0,11.0,4.0
2021-08-05 08:15:09,93.0,89.0,1.0,3.0
2021-08-05 08:15:10,90.0,79.0,5.0,6.0
2021-08-05 08:15:11,87.0,76.0,6.0,5.0
2021-08-05 08:15:12,93.0,83.0,3.0,7.0
2021-08-05 08:15:13,95.0,82.0,5.0,8.0
2021-08-05 08:15:14,71.0,63.0,2.0,6.0
2021-08-05 08:15:15,90.0,83.0,6.0,1.0
2021-08-05 08:15:16,90.0,80.0,5.0,5.0
2021-08-05 08:15:17,87.0,77.0,5.0,5.0
2021-08-05 08:15:18,82.0,76.0,1.0,5.0
2021-08-05 08:15:19,98.0,91.0,2.0,5.0
2021-08-05 08:15:20,79.0,64.0,12.0,3.0
2021-08-05 08:15:21,72.0,62.0,7.0,3.0
2021-08-05 08:15:22,103.0,95.0,5.0,3.0
2021-08-05 08:15:23,108.0,98.0,8.0,2.0
2021-08-05 08:15:24,80.0,71.0,5.0,4.0
2021-08-05 08:15:25,83.0,74.0,6.0,3.0
2021-08-05 08:15:26,88.0,78.0,6.0,4.0
2021-08-05 08:15:27,96.0,84.0,10.0,2.0
2021-08-05 08:15:28,94.0,84.0,4.0,6.0
2021-08-05 08:15:29,89.0,79.0,6.0,4.0
2021-08-05 08:15:30,79.0,69.0,8.0,2.0
2021-08-05 08:15:31,101.0,92.0,5.0,4.0
2021-08-05 08:15:32,78.0,69.0,6.0,3.0
2021-08-05 08:15:33,84.0,75.0,6.0,3.0
2021-08-05 08:15:34,89.0,82.0,6.0,1.0
2021-08-05 08:15:35,75.0,62.0,9.0,4.0
2021-08-05 08:15:36,113.0,102.0,7.0,4.0
2021-08-05 08:15:37,90.0,77.0,7.0,6.0
2021-08-05 08:15:38,90.0,84.0,5.0,1.0
2021-08-05 08:15:39,94.0,85.0,3.0,6.0
2021-08-05 08:15:40,76.0,66.0,6.0,4.0
2021-08-05 08:15:41,99.0,91.0,3.0,5.0
2021-08-05 08:15:42,95.0,83.0,7.0,5.0
2021-08-05 08:15:43,104.0,97.0,3.0,4.0
2021-08-05 08:15:44,80.0,72.0,3.0,5.0
2021-08-05 08:15:45,109.0,97.0,8.0,4.0
2021-08-05 08:15:46,85.0,79.0,2.0,4.0
2021-08-05 08:15:47,106.0,95.0,10.0,1.0
2021-08-05 08:15:48,98.0,87.0,8.0,3.0
2021-08-05 08:15:49,99.0,93.0,6.0,0.0
2021-08-05 08:15:50,87.0,82.0,5.0,0.0
2021-08-05 08:15:51,96.0,84.0,10.0,2.0
2021-08-05 08:15:52,83.0,73.0,4.0,6.0
2021-08-05 08:15:53,97.0,78.0,10.0,9.0
2021-08-05 08:15:54,92.0,80.0,10.0,2.0
2021-08-05 08:15:55,99.0,89.0,6.0,4.0
2021-08-05 08:15:56,101.0,83.0,10.0,8.0
2021-08-05 08:15:57,91.0,83.0,5.0,3.0
2021-08-05 08:15:58,87.0,68.0,12.0,7.0
2021-08-05 08:15:59,82.0,71.0,7.0,4.0
2021-08-05 08:16:00,85.0,71.0,7.0,7.0
2021-08-05 08:16:01,102.0,92.0,9.0,1.0
2021-08-05 08:16:02,86.0,79.0,6.0,1.0
2021-08-05 08:16:03,97.0,88.0,3.0,6.0
2021-08-05 08:16:04,75.0,70.0,3.0,2.0
2021-08-05 08:16:05,83.0,73.0,7.0,3.0
2021-08-05 08:16:06,94.0,82.0,5.0,7.0
2021-08-05 08:16:07,83.0,74.0,6.0,3.0
2021-08-05 08:16:08,75.0,66.0,5.0,4.0
2021-08-05 08:16:09,80.0,73.0,4.0,3.0
2021-08-05 08:16:10,88.0,79.0,3.0,6.0
2021-08-05 08:16:11,103.0,90.0,5.0,8.0
2021-08-05 08:16:12,83.0,75.0,4.0,4.0
2021-08-05 08:16:13,86.0,69.0,11.0,6.0
2021-08-05 08:16:14,83.0,73.0,7.0,3.0
2021-08-05 08:16:15,86.0,74.0,8.0,4.0
2021-08-05 08:16:16,94.0,82.0,6.0,6.0
2021-08-05 08:16:17,94.0,86.0,5.0,3.0
2021-08-05 08:16:18,82.0,72.0,6.0,4.0
2021-08-05 08:16:19,71.0,60.0,7.0,4.0
2021-08-05 08:16:20,93.0,79.0,8.0,6.0
2021-08-05 08:16:21,80.0,71.0,8.0,1.0
2021-08-05 08:16:22,75.0,62.0,8.0,5.0
2021-08-05 08:16:23,86.0,76.0,9.0,1.0
2021-08-05 08:16:24,76.0,67.0,3.0,6.0
2021-08-05 08:16:25,102.0,91.0,7.0,4.0
2021-08-05 08:16:26,88.0,76.0,6.0,6.0
2021-08-05 08:16:27,86.0,71.0,12.0,3.0
2021-08-05 08:16:28,78.0,74.0,1.0,3.0
2021-08-05 08:16:29,95.0,86.0,6.0,3.0
2021-08-05 08:16:30,84.0,77.0,5.0,2.0
2021-08-05 08:16:31,86.0,77.0,4.0,5.0
2021-08-05 08:16:32,85.0,71.0,6.0,8.0
2021-08-05 08:16:33,97.0,90.0,4.0,3.0
2021-08-05 08:16:34,94.0,82.0,6.0,6.0
2021-08-05 08:16:35,91.0,76.0,6.0,9.0
2021-08-05 08:16:36,97.0,83.0,7.0,7.0
2021-08-05 08:16:37,83.0,70.0,9.0,4.0
2021-08-05 08:16:38,88.0,83.0,2.0,3.0
2021-08-05 08:16:39,86.0,71.0,10.0,5.0
2021-08-05 08:16:40,94.0,82.0,7.0,5.0
2021-08-05 08:16:41,83.0,74.0,6.0,3.0
2021-08-05 08:16:42,77.0,68.0,5.0,4.0
2021-08-05 08:16:43,81.0,70.0,9.0,2.0
2021-08-05 08:16:44,70.0,60.0,4.0,6.0
2021-08-05 08:16:45,91.0,79.0,5.0,7.0
2021-08-05 08:16:46,93.0,82.0,8.0,3.0
2021-08-05 08:16:47,108.0,95.0,6.0,7.0
2021-08-05 08:16:48,74.0,63.0,3.0,8.0
2021-08-05 08:16:49,95.0,83.0,8.0,4.0
2021-08-05 08:16:50,75.0,68.0,4.0,3.0
2021-08-05 08:16:51,92.0,81.0,7.0,4.0
2021-08-05 08:16:52,86.0,76.0,5.0,5.0
2021-08-05 08:16:53,88.0,76.0,6.0,6.0
2021-08-05 08:16:54,88.0,81.0,5.0,2.0
2021-08-05 08:16:55,100.0,88.0,8.0,4.0
2021-08-05 08:16:56,103.0,97.0,3.0,3.0
2021-08-05 08:16:57,89.0,75.0,9.0,5.0
2021-08-05 08:16:58,81.0,68.0,6.0,7.0
2021-08-05 08:16:59,106.0,96.0,7.0,3.0
2021-08-05 08:17:00,87.0,77.0,7.0,3.0
2021-08-05 08:17:01,89.0,81.0,7.0,1.0
2021-08-05 08:17:02,102.0,92.0,5.0,5.0
2021-08-05 08:17:03,95.0,82.0,10.0,3.0
2021-08-05 08:17:04,83.0,76.0,5.0,2.0
2021-08-05 08:17:05,98.0,83.0,11.0,4.0
2021-08-05 08:17:06,67.0,60.0,3.0,4.0
2021-08-05 08:17:07,87.0,76.0,7.0,4.0
2021-08-05 08:17:08,98.0,91.0,4.0,3.0
2021-08-05 08:17:09,104.0,96.0,6.0,2.0
2021-08-05 08:17:10,104.0,92.0,9.0,3.0
2021-08-05 08:17:11,86.0,75.0,9.0,2.0
2021-08-05 08:17:12,92.0,81.0,5.0,6.0
2021-08-05 08:17:13,89.0,78.0,6.0,5.0
2021-08-05 08:17:14,119.0,106.0,7.0,6.0
2021-08-05 08:17:15,98.0,87.0,9.0,2.0
2021-08-05 08:17:16,106.0,99.0,4.0,3.0
2021-08-05 08:17:17,105.0,91.0,6.0,8.0
2021-08-05 08:17:18,88.0,78.0,7.0,3.0
2021-08-05 08:17:19,106.0,99.0,4.0,3.0
2021-08-05 08:17:20,88.0,79.0,4.0,5.0
2021-08-05 08:17:21,84.0,73.0,8.0,3.0
2021-08-05 08:17:22,107.0,102.0,3.0,2.0
2021-08-05 08:17:23,86.0,68.0,11.0,7.0
2021-08-05 08:17:24,97.0,87.0,4.0,6.0
2021-08-05 08:17:25,82.0,68.0,10.0,4.0
2021-08-05 08:17:26,94.0,87.0,4.0,3.0
2021-08-05 08:17:27,90.0,84.0,3.0,3.0
2021-08-05 08:17:28,87.0,78.0,5.0,4.0
2021-08-05 08:17:29,87.0,67.0,10.0,10.0
2021-08-05 08:17:30,86.0,76.0,4.0,6.0
2021-08-05 08:17:31,85.0,73.0,6.0,6.0
2021-08-05 08:17:32,78.0,73.0,2.0,3.0
2021-08-05 08:17:33,75.0,62.0,6.0,7.0
2021-08-05 08:17:34,102.0,91.0,3.0,8.0
2021-08-05 08:17:35,87.0,79.0,6.0,2.0
2021-08-05 08:17:36,94.0,82.0,8.0,4.0
2021-08-05 08:17:37,95.0,83.0,6.0,6.0
2021-08-05 08:17:38,85.0,74.0,6.0,5.0
2021-08-05 08:17:39,88.0,82.0,3.0,3.0
2021-08-05 08:17:40,105.0,94.0,6.0,5.0
2021-08-05 08:17:41,85.0,77.0,7.0,1.0
2021-08-05 08:17:42,87.0,81.0,4.0,2.0
2021-08-05 08:17:43,89.0,81.0,7.0,1.0
2021-08-05 08:17:44,99.0,93.0,3.0,3.0
2021-08-05 08:17:45,86.0,74.0,6.0,6.0
2021-08-05 08:17:46,81.0,71.0,7.0,3.0
2021-08-05 08:17:47,90.0,78.0,8.0,4.0
2021-08-05 08:17:48,86.0,79.0,5.0,2.0
2021-08-05 08:17:49,97.0,83.0,9.0,5.0
2021-08-05 08:17:50,97.0,87.0,5.0,5.0
2021-08-05 08:17:51,106.0,91.0,11.0,4.0
2021-08-05 08:17:52,97.0,86.0,7.0,4.0
2021-08-05 08:17:53,77.0,71.0,5.0,1.0
2021-08-05 08:17:54,99.0,91.0,4.0,4.0
2021-08-05 08:17:55,71.0,67.0,4.0,0.0
2021-08-05 08:17:56,88.0,80.0,7.0,1.0
2021-08-05 08:17:57,88.0,80.0,7.0,1.0
2021-08-05 08:17:58,96.0,81.0,9.0,6.0
2021-08-05 08:17:59,97.0,86.0,7.0,4.0
2021-08-05 08:18:00,81.0,69.0,9.0,3.0
2021-08-05 08:18:01,81.0,72.0,6.0,3.0
2021-08-05 08:18:02,79.0,70.0,3.0,6.0
2021-08-05 08:18:03,69.0,66.0,1.0,2.0
2021-08-05 08:18:04,88.0,78.0,6.0,4.0
2021-08-05 08:18:05,96.0,83.0,9.0,4.0
2021-08-05 08:18:06,96.0,81.0,4.0,11.0
2021-08-05 08:18:07,94.0,76.0,12.0,6.0
2021-08-05 08:18:08,90.0,76.0,8.0,6.0
2021-08-05 08:18:09,78.0,71.0,3.0,4.0
2021-08-05 08:18:10,106.0,96.0,7.0,3.0
2021-08-05 08:18:11,76.0,66.0,5.0,5.0
2021-08-05 08:18:12,90.0,79.0,5.0,6.0
2021-08-05 08:18:13,97.0,85.0,10.0,2.0
2021-08-05 08:18:14,91.0,81.0,5.0,5.0
2021-08-05 08:18:15,100.0,83.0,11.0,6.0
2021-08-05 08:18:16,111.0,103.0,5.0,3.0
2021-08-05 08:18:17,92.0,82.0,6.0,4.0
2021-08-05 08:18:18,88.0,80.0,7.0,1.0
2021-08-05 08:18:19,94.0,82.0,7.0,5.0
2021-08-05 08:18:20,91.0,81.0,8.0,2.0
2021-08-05 08:18:21,76.0,67.0,8.0,1.0
2021-08-05 08:18:22,92.0,80.0,7.0,5.0
2021-08-05 08:18:23,80.0,72.0,6.0,2.0
2021-08-05 08:18:24,95.0,81.0,7.0,7.0
2021-08-05 08:18:25,86.0,74.0,6.0,6.0
2021-08-05 08:18:26,92.0,82.0,8.0,2.0
2021-08-05 08:18:27,104.0,88.0,9.0,7.0
2021-08-05 08:18:28,88.0,79.0,5.0,4.0
2021-08-05 08:18:29,83.0,79.0,2.0,2.0
2021-08-05 08:18:30,116.0,104.0,7.0,5.0
2021-08-05 08:18:31,93.0,78.0,13.0,2.0
2021-08-05 08:18:32,85.0,79.0,4.0,2.0
2021-08-05 08:18:33,84.0,79.0,4.0,1.0
2021-08-05 08:18:34,100.0,84.0,8.0,8.0
2021-08-05 08:18:35,111.0,98.0,7.0,6.0
2021-08-05 08:18:36,97.0,85.0,8.0,4.0
2021-08-05 08:18:37,88.0,82.0,4.0,2.0
2021-08-05 08:18:38,95.0,88.0,3.0,4.0
2021-08-05 08:18:39,92.0,83.0,3.0,6.0
2021-08-05 08:18:40,70.0,64.0,2.0,4.0
2021-08-05 08:18:41,83.0,77.0,5.0,1.0
2021-08-05 08:18:42,92.0,84.0,6.0,2.0
2021-08-05 08:18:43,83.0,76.0,3.0,4.0
2021-08-05 08:18:44,94.0,83.0,8.0,3.0
2021-08-05 08:18:45,77.0,67.0,7.0,3.0
2021-08-05 08:18:46,92.0,80.0,7.0,5.0
2021-08-05 08:18:47,89.0,83.0,4.0,2.0
2021-08-05 08:18:48,89.0,82.0,3.0,4.0
2021-08-05 08:18:49,90.0,78.0,4.0,8.0
2021-08-05 08:18:50,87.0,80.0,2.0,5.0
2021-08-05 08:18:51,86.0,76.0,4.0,6.0
2021-08-05 08:18:52,106.0,94.0,6.0,6.0
2021-08-05 08:18:53,83.0,69.0,9.0,5.0
2021-08-05 08:18:54,87.0,75.0,10.0,2.0
2021-08-05 08:18:55,89.0,75.0,6.0,8.0
2021-08-05 08:18:56,103.0,93.0,4.0,6.0
2021-08-05 08:18:57,86.0,74.0,8.0,4.0
2021-08-05 08:18:58,104.0,91.0,11.0,2.0
2021-08-05 08:18:59,94.0,80.0,4.0,10.0
2021-08-05 08:19:00,81.0,74.0,6.0,1.0
2021-08-05 08:19:01,78.0,71.0,2.0,5.0
2021-08-05 08:19:02,86.0,78.0,5.0,3.0
2021-08-05 08:19:03,91.0,83.0,4.0,4.0
2021-08-05 08:19:04,118.0,109.0,4.0,5.0
2021-08-05 08:19:05,77.0,69.0,5.0,3.0
2021-08-05 08:19:06,89.0,78.0,5.0,6.0
2021-08-05 08:19:07,105.0,95.0,6.0,4.0
2021-08-05 08:19:08,90.0,82.0,5.0,3.0
2021-08-05 08:19:09,102.0,87.0,10.0,5.0
2021-08-05 08:19:10,97.0,85.0,10.0,2.0
2021-08-05 08:19:11,100.0,84.0,12.0,4.0
2021-08-05 08:19:12,90.0,77.0,8.0,5.0
2021-08-05 08:19:13,78.0,69.0,5.0,4.0
2021-08-05 08:19:14,109.0,97.0,6.0,6.0
2021-08-05 08:19:15,85.0,75.0,3.0,7.0
2021-08-05 08:19:16,71.0,61.0,8.0,2.0
2021-08-05 08:19:17,86.0,80.0,4.0,2.0
2021-08-05 08:19:18,94.0,86.0,5.0,3.0
2021-08-05 08:19:19,82.0,73.0,5.0,4.0
2021-08-05 08:19:20,66.0,55.0,4.0,7.0
2021-08-05 08:19:21,88.0,80.0,7.0,1.0
2021-08-05 08:19:22,90.0,82.0,8.0,0.0
2021-08-05 08:19:23,64.0,54.0,8.0,2.0
2021-08-05 08:19:24,78.0,71.0,5.0,2.0
2021-08-05 08:19:25,99.0,87.0,7.0,5.0
2021-08-05 08:19:26,89.0,81.0,5.0,3.0
2021-08-05 08:19:27,96.0,78.0,8.0,10.0
2021-08-05 08:19:28,113.0,98.0,8.0,7.0
2021-08-05 08:19:29,74.0,68.0,3.0,3.0
2021-08-05 08:19:30,81.0,70.0,7.0,4.0
2021-08-05 08:19:31,91.0,80.0,6.0,5.0
2021-08-05 08:19:32,75.0,66.0,7.0,2.0
2021-08-05 08:19:33,105.0,94.0,5.0,6.0
2021-08-05 08:19:34,94.0,83.0,10.0,1.0
2021-08-05 08:19:35,88.0,77.0,7.0,4.0
2021-08-05 08:19:36,96.0,83.0,8.0,5.0
2021-08-05 08:19:37,100.0,89.0,8.0,3.0
2021-08-05 08:19:38,86.0,78.0,6.0,2.0
2021-08-05 08:19:39,95.0,88.0,4.0,3.0
2021-08-05 08:19:40,94.0,79.0,7.0,8.0
2021-08-05 08:19:41,96.0,84.0,7.0,5.0
2021-08-05 08:19:42,102.0,87.0,11.0,4.0
2021-08-05 08:19:43,82.0,70.0,4.0,8.0
2021-08-05 08:19:44,88.0,73.0,11.0,4.0
2021-08-05 08:19:45,78.0,72.0,4.0,2.0
2021-08-05 08:19:46,86.0,77.0,5.0,4.0
2021-08-05 08:19:47,87.0,76.0,8.0,3.0
2021-08-05 08:19:48,86.0,73.0,8.0,5.0
2021-08-05 08:19:49,116.0,104.0,8.0,4.0
2021-08-05 08:19:50,94.0,87.0,5.0,2.0
2021-08-05 08:19:51,105.0,94.0,8.0,3.0
2021-08-05 08:19:52,82.0,72.0,5.0,5.0
2021-08-05 08:19:53,81.0,68.0,9.0,4.0
2021-08-05 08:19:54,98.0,90.0,7.0,1.0
2021-08-05 08:19:55,90.0,81.0,7.0,2.0
2021-08-05 08:19:56,85.0,70.0,10.0,5.0
2021-08-05 08:19:57,82.0,75.0,4.0,3.0
2021-08-05 08:19:58,91.0,81.0,5.0,5.0
2021-08-05 08:19:59,112.0,100.0,6.0,6.0
2021-08-05 08:20:00,107.0,93.0,10.0,4.0
2021-08-05 08:20:01,88.0,83.0,4.0,1.0
2021-08-05 08:20:02,85.0,74.0,6.0,5.0
2021-08-05 08:20:03,95.0,80.0,11.0,4.0
2021-08-05 08:20:04,87.0,74.0,8.0,5.0
2021-08-05 08:20:05,97.0,86.0,6.0,5.0
2021-08-05 08:20:06,84.0,72.0,7.0,5.0
2021-08-05 08:20:07,100.0,88.0,7.0,5.0
2021-08-05 08:20:08,94.0,84.0,5.0,5.0
2021-08-05 08:20:09,101.0,85.0,9.0,7.0
2021-08-05 08:20:10,90.0,76.0,10.0,4.0
2021-08-05 08:20:11,94.0,81.0,11.0,2.0
2021-08-05 08:20:12,96.0,83.0,9.0,4.0
2021-08-05 08:20:13,94.0,84.0,8.0,2.0
2021-08-05 08:20:14,85.0,73.0,7.0,5.0
2021-08-05 08:20:15,91.0,84.0,3.0,4.0
2021-08-05 08:20:16,88.0,79.0,4.0,5.0
2021-08-05 08:20:17,87.0,77.0,8.0,2.0
2021-08-05 08:20:18,86.0,74.0,8.0,4.0
2021-08-05 08:20:19,84.0,73.0,7.0,4.0
2021-08-05 08:20:20,110.0,91.0,12.0,7.0
2021-08-05 08:20:21,97.0,83.0,9.0,5.0
2021-08-05 08:20:22,88.0,82.0,4.0,2.0
2021-08-05 08:20:23,84.0,73.0,7.0,4.0
2021-08-05 08:20:24,97.0,86.0,6.0,5.0
2021-08-05 08:20:25,106.0,88.0,9.0,9.0
2021-08-05 08:20:26,84.0,75.0,7.0,2.0
2021-08-05 08:20:27,105.0,94.0,7.0,4.0
2021-08-05 08:20:28,95.0,83.0,6.0,6.0
2021-08-05 08:20:29,91.0,82.0,6.0,3.0
2021-08-05 08:20:30,104.0,96.0,3.0,5.0
2021-08-05 08:20:31,83.0,72.0,9.0,2.0
2021-08-05 08:20:32,92.0,78.0,11.0,3.0
2021-08-05 08:20:33,93.0,80.0,8.0,5.0
2021-08-05 08:20:34,84.0,77.0,5.0,2.0
2021-08-05 08:20:35,79.0,66.0,9.0,4.0
2021-08-05 08:20:36,89.0,74.0,12.0,3.0
2021-08-05 08:20:37,81.0,72.0,6.0,3.0
2021-08-05 08:20:38,82.0,72.0,5.0,5.0
2021-08-05 08:20:39,89.0,79.0,7.0,3.0
2021-08-05 08:20:40,91.0,79.0,4.0,8.0
2021-08-05 08:20:41,87.0,77.0,5.0,5.0
2021-08-05 08:20:42,97.0,84.0,9.0,4.0
2021-08-05 08:20:43,100.0,95.0,2.0,3.0
2021-08-05 08:20:44,105.0,86.0,10.0,9.0
2021-08-05 08:20:45,80.0,73.0,5.0,2.0
2021-08-05 08:20:46,80.0,69.0,6.0,5.0
2021-08-05 08:20:47,81.0,69.0,6.0,6.0
2021-08-05 08:20:48,82.0,72.0,4.0,6.0
2021-08-05 08:20:49,87.0,74.0,7.0,6.0
2021-08-05 08:20:50,87.0,81.0,4.0,2.0
2021-08-05 08:20:51,77.0,71.0,4.0,2.0
2021-08-05 08:20:52,80.0,71.0,3.0,6.0
2021-08-05 08:20:53,85.0,79.0,3.0,3.0
2021-08-05 08:20:54,89.0,76.0,5.0,8.0
2021-08-05 08:20:55,96.0,83.0,9.0,4.0
2021-08-05 08:20:56,97.0,87.0,4.0,6.0
2021-08-05 08:20:57,87.0,74.0,4.0,9.0
2021-08-05 08:20:58,90.0,74.0,11.0,5.0
2021-08-05 08:20:59,94.0,83.0,7.0,4.0
2021-08-05 08:21:00,87.0,81.0,3.0,3.0
2021-08-05 08:21:01,96.0,86.0,2.0,8.0
2021-08-05 08:21:02,83.0,74.0,4.0,5.0
2021-08-05 08:21:03,102.0,91.0,4.0,7.0
2021-08-05 08:21:04,76.0,71.0,2.0,3.0
2021-08-05 08:21:05,95.0,86.0,5.0,4.0
2021-08-05 08:21:06,78.0,69.0,4.0,5.0
2021-08-05 08:21:07,85.0,74.0,7.0,4.0
2021-08-05 08:21:08,86.0,71.0,8.0,7.0
2021-08-05 08:21:09,98.0,90.0,5.0,3.0
2021-08-05 08:21:10,85.0,78.0,4.0,3.0
2021-08-05 08:21:11,83.0,73.0,2.0,8.0
2021-08-05 08:21:12,94.0,89.0,2.0,3.0
2021-08-05 08:21:13,76.0,70.0,5.0,1.0
2021-08-05 08:21:14,98.0,85.0,10.0,3.0
2021-08-05 08:21:15,86.0,75.0,7.0,4.0
2021-08-05 08:21:16,78.0,73.0,5.0,0.0
2021-08-05 08:21:17,96.0,86.0,5.0,5.0
2021-08-05 08:21:18,91.0,83.0,5.0,3.0
2021-08-05 08:21:19,94.0,82.0,10.0,2.0
2021-08-05 08:21:20,101.0,91.0,7.0,3.0
2021-08-05 08:21:21,92.0,81.0,4.0,7.0
2021-08-05 08:21:22,102.0,93.0,6.0,3.0
2021-08-05 08:21:23,89.0,80.0,5.0,4.0
2021-08-05 08:21:24,81.0,70.0,7.0,4.0
2021-08-05 08:21:25,100.0,85.0,8.0,7.0
2021-08-05 08:21:26,100.0,94.0,3.0,3.0
2021-08-05 08:21:27,81.0,77.0,2.0,2.0
2021-08-05 08:21:28,101.0,89.0,7.0,5.0
2021-08-05 08:21:29,105.0,94.0,8.0,3.0
2021-08-05 08:21:30,93.0,81.0,8.0,4.0
2021-08-05 08:21:31,98.0,81.0,12.0,5.0
2021-08-05 08:21:32,95.0,86.0,5.0,4.0
2021-08-05 08:21:33,80.0,64.0,9.0,7.0
2021-08-05 08:21:34,91.0,78.0,8.0,5.0
2021-08-05 08:21:35,79.0,65.0,7.0,7.0
2021-08-05 08:21:36,74.0,69.0,2.0,3.0
2021-08-05 08:21:37,103.0,85.0,13.0,5.0
2021-08-05 08:21:38,93.0,76.0,11.0,6.0
2021-08-05 08:21:39,93.0,87.0,2.0,4.0
2021-08-05 08:21:40,89.0,83.0,2.0,4.0
2021-08-05 08:21:41,80.0,70.0,8.0,2.0
2021-08-05 08:21:42,100.0,90.0,4.0,6.0
2021-08-05 08:21:43,97.0,79.0,10.0,8.0
2021-08-05 08:21:44,80.0,71.0,5.0,4.0
2021-08-05 08:21:45,91.0,83.0,7.0,1.0
2021-08-05 08:21:46,69.0,61.0,4.0,4.0
2021-08-05 08:21:47,71.0,63.0,5.0,3.0
2021-08-05 08:21:48,80.0,71.0,4.0,5.0
2021-08-05 08:21:49,93.0,85.0,6.0,2.0
2021-08-05 08:21:50,106.0,97.0,6.0,3.0
2021-08-05 08:21:51,99.0,90.0,3.0,6.0
2021-08-05 08:21:52,91.0,87.0,0.0,4.0
2021-08-05 08:21:53,105.0,89.0,13.0,3.0
2021-08-05 08:21:54,100.0,91.0,8.0,1.0
2021-08-05 08:21:55,95.0,87.0,6.0,2.0
2021-08-05 08:21:56,85.0,77.0,5.0,3.0
2021-08-05 08:21:57,68.0,61.0,4.0,3.0
2021-08-05 08:21:58,89.0,82.0,4.0,3.0
2021-08-05 08:21:59,93.0,87.0,5.0,1.0
2021-08-05 08:22:00,93.0,82.0,7.0,4.0
2021-08-05 08:22:01,87.0,81.0,4.0,2.0
2021-08-05 08:22:02,98.0,82.0,8.0,8.0
2021-08-05 08:22:03,87.0,76.0,8.0,3.0
2021-08-05 08:22:04,96.0,83.0,7.0,6.0
2021-08-05 08:22:05,81.0,73.0,5.0,3.0
2021-08-05 08:22:06,96.0,82.0,3.0,11.0
2021-08-05 08:22:07,88.0,74.0,9.0,5.0
2021-08-05 08:22:08,90.0,78.0,7.0,5.0
2021-08-05 08:22:09,83.0,73.0,3.0,7.0
2021-08-05 08:22:10,76.0,65.0,7.0,4.0
2021-08-05 08:22:11,84.0,70.0,11.0,3.0
2021-08-05 08:22:12,73.0,62.0,8.0,3.0
2021-08-05 08:22:13,93.0,76.0,10.0,7.0
2021-08-05 08:22:14,89.0,73.0,8.0,8.0
2021-08-05 08:22:15,99.0,86.0,10.0,3.0
2021-08-05 08:22:16,99.0,80.0,12.0,7.0
2021-08-05 08:22:17,89.0,78.0,8.0,3.0
2021-08-05 08:22:18,100.0,95.0,5.0,0.0
2021-08-05 08:22:19,93.0,80.0,5.0,8.0
2021-08-05 08:22:20,75.0,58.0,12.0,5.0
2021-08-05 08:22:21,76.0,60.0,9.0,7.0
2021-08-05 08:22:22,87.0,77.0,4.0,6.0
2021-08-05 08:22:23,94.0,84.0,3.0,7.0
2021-08-05 08:22:24,87.0,81.0,4.0,2.0
2021-08-05 08:22:25,70.0,64.0,6.0,0.0
2021-08-05 08:22:26,102.0,87.0,7.0,8.0
2021-08-05 08:22:27,80.0,72.0,2.0,6.0
2021-08-05 08:22:28,75.0,66.0,5.0,4.0
2021-08-05 08:22:29,81.0,70.0,5.0,6.0
2021-08-05 08:22:30,106.0,94.0,4.0,8.0
2021-08-05 08:22:31,92.0,82.0,7.0,3.0
2021-08-05 08:22:32,100.0,88.0,8.0,4.0
2021-08-05 08:22:33,75.0,66.0,6.0,3.0
2021-08-05 08:22:34,96.0,89.0,5.0,2.0
2021-08-05 08:22:35,92.0,79.0,9.0,4.0
2021-08-05 08:22:36,86.0,73.0,7.0,6.0
2021-08-05 08:22:37,90.0,80.0,8.0,2.0
2021-08-05 08:22:38,85.0,77.0,4.0,4.0
2021-08-05 08:22:39,79.0,73.0,5.0,1.0
2021-08-05 08:22:40,94.0,80.0,9.0,5.0
2021-08-05 08:22:41,82.0,72.0,7.0,3.0
2021-08-05 08:22:42,89.0,84.0,3.0,2.0
2021-08-05 08:22:43,99.0,89.0,1.0,9.0
2021-08-05 08:22:44,94.0,84.0,6.0,4.0
2021-08-05 08:22:45,91.0,82.0,8.0,1.0
2021-08-05 08:22:46,79.0,68.0,4.0,7.0
2021-08-05 08:22:47,86.0,73.0,11.0,2.0
2021-08-05 08:22:48,106.0,97.0,6.0,3.0
2021-08-05 08:22:49,82.0,72.0,5.0,5.0
2021-08-05 08:22:50,86.0,77.0,4.0,5.0
2021-08-05 08:22:51,77.0,67.0,7.0,3.0
2021-08-05 08:22:52,107.0,88.0,13.0,6.0
2021-08-05 08:22:53,102.0,88.0,7.0,7.0
2021-08-05 08:22:54,97.0,91.0,1.0,5.0
2021-08-05 08:22:55,84.0,71.0,11.0,2.0
2021-08-05 08:22:56,95.0,79.0,10.0,6.0
2021-08-05 08:22:57,90.0,79.0,5.0,6.0
2021-08-05 08:22:58,98.0,87.0,7.0,4.0
2021-08-05 08:22:59,102.0,89.0,7.0,6.0
2021-08-05 08:23:00,72.0,66.0,5.0,1.0
2021-08-05 08:23:01,94.0,87.0,6.0,1.0
2021-08-05 08:23:02,101.0,91.0,7.0,3.0
2021-08-05 08:23:03,89.0,74.0,5.0,10.0
2021-08-05 08:23:04,106.0,93.0,8.0,5.0
2021-08-05 08:23:05,89.0,81.0,7.0,1.0
2021-08-05 08:23:06,97.0,89.0,6.0,2.0
2021-08-05 08:23:07,88.0,76.0,8.0,4.0
2021-08-05 08:23:08,72.0,58.0,10.0,4.0
2021-08-05 08:23:09,80.0,76.0,1.0,3.0
2021-08-05 08:23:10,90.0,80.0,6.0,4.0
2021-08-05 08:23:11,86.0,74.0,6.0,6.0
2021-08-05 08:23:12,97.0,90.0,3.0,4.0
2021-08-05 08:23:13,88.0,77.0,4.0,7.0
2021-08-05 08:23:14,98.0,89.0,5.0,4.0
2021-08-05 08:23:15,92.0,87.0,2.0,3.0
2021-08-05 08:23:16,83.0,75.0,6.0,2.0
2021-08-05 08:23:17,96.0,86.0,4.0,6.0
2021-08-05 08:23:18,91.0,79.0,8.0,4.0
2021-08-05 08:23:19,81.0,72.0,7.0,2.0
2021-08-05 08:23:20,72.0,66.0,5.0,1.0
2021-08-05 08:23:21,111.0,102.0,5.0,4.0
2021-08-05 08:23:22,89.0,85.0,1.0,3.0
2021-08-05 08:23:23,78.0,63.0,12.0,3.0
2021-08-05 08:23:24,91.0,82.0,4.0,5.0
2021-08-05 08:23:25,105.0,91.0,8.0,6.0
2021-08-05 08:23:26,102.0,89.0,9.0,4.0
2021-08-05 08:23:27,89.0,78.0,8.0,3.0
2021-08-05 08:23:28,82.0,72.0,6.0,4.0
2021-08-05 08:23:29,76.0,70.0,6.0,0.0
2021-08-05 08:23:30,99.0,85.0,6.0,8.0
2021-08-05 08:23:31,86.0,76.0,7.0,3.0
2021-08-05 08:23:32,81.0,74.0,3.0,4.0
2021-08-05 08:23:33,90.0,78.0,7.0,5.0
2021-08-05 08:23:34,82.0,70.0,10.0,2.0
2021-08-05 08:23:35,84.0,77.0,4.0,3.0
2021-08-05 08:23:36,97.0,86.0,9.0,2.0
2021-08-05 08:23:37,109.0,103.0,4.0,2.0
2021-08-05 08:23:38,90.0,74.0,8.0,8.0
2021-08-05 08:23:39,84.0,67.0,10.0,7.0
2021-08-05 08:23:40,88.0,79.0,4.0,5.0
2021-08-05 08:23:41,82.0,71.0,6.0,5.0
2021-08-05 08:23:42,85.0,67.0,9.0,9.0
2021-08-05 08:23:43,81.0,74.0,5.0,2.0
2021-08-05 08:23:44,98.0,85.0,6.0,7.0
2021-08-05 08:23:45,87.0,72.0,13.0,2.0
2021-08-05 08:23:46,85.0,75.0,6.0,4.0
2021-08-05 08:23:47,82.0,67.0,9.0,6.0
2021-08-05 08:23:48,91.0,80.0,7.0,4.0
2021-08-05 08:23:49,84.0,72.0,8.0,4.0
2021-08-05 08:23:50,106.0,95.0,6.0,5.0
2021-08-05 08:23:51,83.0,71.0,6.0,6.0
2021-08-05 08:23:52,98.0,93.0,3.0,2.0
2021-08-05 08:23:53,105.0,92.0,8.0,5.0
2021-08-05 08:23:54,78.0,70.0,6.0,2.0
2021-08-05 08:23:55,96.0,83.0,8.0,5.0
2021-08-05 08:23:56,96.0,81.0,10.0,5.0
2021-08-05 08:23:57,79.0,71.0,4.0,4.0
2021-08-05 08:23:58,99.0,86.0,8.0,5.0
2021-08-05 08:23:59,97.0,89.0,5.0,3.0
2021-08-05 08:24:00,97.0,89.0,5.0,3.0
2021-08-05 08:24:01,102.0,93.0,4.0,5.0
2021-08-05 08:24:02,100.0,92.0,5.0,3.0
2021-08-05 08:24:03,103.0,89.0,5.0,9.0
2021-08-05 08:24:04,101.0,91.0,10.0,0.0
2021-08-05 08:24:05,88.0,78.0,8.0,2.0
2021-08-05 08:24:06,90.0,76.0,12.0,2.0
2021-08-05 08:24:07,103.0,86.0,11.0,6.0
2021-08-05 08:24:08,95.0,85.0,5.0,5.0
2021-08-05 08:24:09,87.0,76.0,5.0,6.0
2021-08-05 08:24:10,73.0,65.0,5.0,3.0
2021-08-05 08:24:11,92.0,79.0,8.0,5.0
2021-08-05 08:24:12,98.0,85.0,7.0,6.0
2021-08-05 08:24:13,87.0,79.0,3.0,5.0
2021-08-05 08:24:14,88.0,81.0,5.0,2.0
2021-08-05 08:24:15,84.0,76.0,2.0,6.0
2021-08-05 08:24:16,87.0,74.0,6.0,7.0
2021-08-05 08:24:17,95.0,79.0,10.0,6.0
2021-08-05 08:24:18,82.0,76.0,3.0,3.0
2021-08-05 08:24:19,87.0,79.0,4.0,4.0
2021-08-05 08:24:20,86.0,81.0,3.0,2.0
2021-08-05 08:24:21,91.0,81.0,7.0,3.0
2021-08-05 08:24:22,84.0,73.0,6.0,5.0
2021-08-05 08:24:23,73.0,63.0,7.0,3.0
2021-08-05 08:24:24,90.0,76.0,9.0,5.0
2021-08-05 08:24:25,88.0,71.0,8.0,9.0
2021-08-05 08:24:26,100.0,90.0,6.0,4.0
2021-08-05 08:24:27,103.0,90.0,7.0,6.0
2021-08-05 08:24:28,78.0,69.0,5.0,4.0
2021-08-05 08:24:29,80.0,71.0,6.0,3.0
2021-08-05 08:24:30,99.0,89.0,7.0,3.0
2021-08-05 08:24:31,87.0,77.0,8.0,2.0
2021-08-05 08:24:32,80.0,70.0,7.0,3.0
2021-08-05 08:24:33,87.0,74.0,5.0,8.0
2021-08-05 08:24:34,98.0,83.0,8.0,7.0
2021-08-05 08:24:35,98.0,88.0,6.0,4.0
2021-08-05 08:24:36,79.0,66.0,8.0,5.0
2021-08-05 08:24:37,84.0,73.0,7.0,4.0
2021-08-05 08:24:38,92.0,83.0,6.0,3.0
2021-08-05 08:24:39,87.0,78.0,5.0,4.0
2021-08-05 08:24:40,82.0,71.0,8.0,3.0
2021-08-05 08:24:41,101.0,94.0,5.0,2.0
2021-08-05 08:24:42,109.0,94.0,7.0,8.0
2021-08-05 08:24:43,91.0,84.0,4.0,3.0
2021-08-05 08:24:44,85.0,79.0,5.0,1.0
2021-08-05 08:24:45,116.0,100.0,9.0,7.0
2021-08-05 08:24:46,96.0,85.0,6.0,5.0
2021-08-05 08:24:47,76.0,70.0,4.0,2.0
2021-08-05 08:24:48,84.0,78.0,3.0,3.0
2021-08-05 08:24:49,100.0,86.0,8.0,6.0
2021-08-05 08:24:50,109.0,95.0,6.0,8.0
2021-08-05 08:24:51,94.0,83.0,7.0,4.0
2021-08-05 08:24:52,85.0,73.0,8.0,4.0
2021-08-05 08:24:53,93.0,79.0,9.0,5.0
2021-08-05 08:24:54,85.0,81.0,1.0,3.0
2021-08-05 08:24:55,82.0,73.0,7.0,2.0
2021-08-05 08:24:56,95.0,83.0,4.0,8.0
2021-08-05 08:24:57,91.0,82.0,3.0,6.0
2021-08-05 08:24:58,91.0,79.0,7.0,5.0
2021-08-05 08:24:59,84.0,73.0,6.0,5.0
2021-08-05 08:25:00,94.0,82.0,12.0,0.0
2021-08-05 08:25:01,89.0,74.0,7.0,8.0
2021-08-05 08:25:02,89.0,78.0,7.0,4.0
2021-08-05 08:25:03,104.0,96.0,3.0,5.0
2021-08-05 08:25:04,87.0,71.0,11.0,5.0
2021-08-05 08:25:05,92.0,83.0,7.0,2.0
2021-08-05 08:25:06,83.0,78.0,3.0,2.0
2021-08-05 08:25:07,86.0,81.0,2.0,3.0
2021-08-05 08:25:08,72.0,59.0,6.0,7.0
2021-08-05 08:25:09,98.0,89.0,6.0,3.0
2021-08-05 08:25:10,85.0,77.0,7.0,1.0
2021-08-05 08:25:11,84.0,73.0,3.0,8.0
2021-08-05 08:25:12,87.0,77.0,9.0,1.0
2021-08-05 08:25:13,97.0,88.0,5.0,4.0
2021-08-05 08:25:14,91.0,81.0,8.0,2.0
2021-08-05 08:25:15,91.0,83.0,4.0,4.0
2021-08-05 08:25:16,103.0,87.0,7.0,9.0
2021-08-05 08:25:17,75.0,65.0,9.0,1.0
2021-08-05 08:25:18,78.0,72.0,6.0,0.0
2021-08-05 08:25:19,86.0,80.0,4.0,2.0
2021-08-05 08:25:20,103.0,89.0,9.0,5.0
2021-08-05 08:25:21,86.0,78.0,4.0,4.0
2021-08-05 08:25:22,91.0,76.0,12.0,3.0
2021-08-05 08:25:23,93.0,84.0,5.0,4.0
2021-08-05 08:25:24,85.0,75.0,7.0,3.0
2021-08-05 08:25:25,83.0,73.0,4.0,6.0
2021-08-05 08:25:26,105.0,92.0,8.0,5.0
2021-08-05 08:25:27,85.0,76.0,2.0,7.0
2021-08-05 08:25:28,79.0,70.0,7.0,2.0
2021-08-05 08:25:29,98.0,86.0,9.0,3.0
2021-08-05 08:25:30,110.0,90.0,16.0,4.0
2021-08-05 08:25:31,91.0,79.0,7.0,5.0
2021-08-05 08:25:32,81.0,73.0,3.0,5.0
2021-08-05 08:25:33,89.0,75.0,12.0,2.0
2021-08-05 08:25:34,77.0,70.0,4.0,3.0
2021-08-05 08:25:35,77.0,67.0,4.0,6.0
2021-08-05 08:25:36,91.0,79.0,5.0,7.0
2021-08-05 08:25:37,82.0,71.0,7.0,4.0
2021-08-05 08:25:38,91.0,80.0,5.0,6.0
2021-08-05 08:25:39,101.0,82.0,16.0,3.0
2021-08-05 08:25:40,80.0,61.0,12.0,7.0
2021-08-05 08:25:41,85.0,75.0,5.0,5.0
2021-08-05 08:25:42,71.0,59.0,5.0,7.0
2021-08-05 08:25:43,92.0,73.0,10.0,9.0
2021-08-05 08:25:44,88.0,71.0,13.0,4.0
2021-08-05 08:25:45,83.0,71.0,8.0,4.0
2021-08-05 08:25:46,95.0,85.0,6.0,4.0
2021-08-05 08:25:47,90.0,79.0,7.0,4.0
2021-08-05 08:25:48,102.0,95.0,4.0,3.0
2021-08-05 08:25:49,88.0,79.0,6.0,3.0
2021-08-05 08:25:50,88.0,73.0,6.0,9.0
2021-08-05 08:25:51,98.0,86.0,5.0,7.0
2021-08-05 08:25:52,76.0,64.0,8.0,4.0
2021-08-05 08:25:53,80.0,70.0,6.0,4.0
2021-08-05 08:25:54,97.0,83.0,7.0,7.0
2021-08-05 08:25:55,99.0,86.0,8.0,5.0
2021-08-05 08:25:56,100.0,86.0,7.0,7.0
2021-08-05 08:25:57,95.0,86.0,6.0,3.0
2021-08-05 08:25:58,109.0,98.0,8.0,3.0
2021-08-05 08:25:59,86.0,76.0,6.0,4.0
2021-08-05 08:26:00,82.0,73.0,5.0,4.0
2021-08-05 08:26:01,92.0,85.0,6.0,1.0
2021-08-05 08:26:02,78.0,71.0,5.0,2.0
2021-08-05 08:26:03,77.0,64.0,5.0,8.0
2021-08-05 08:26:04,94.0,85.0,6.0,3.0
2021-08-05 08:26:05,102.0,91.0,7.0,4.0
2021-08-05 08:26:06,86.0,71.0,7.0,8.0
2021-08-05 08:26:07,82.0,71.0,7.0,4.0
2021-08-05 08:26:08,91.0,86.0,3.0,2.0
2021-08-05 08:26:09,104.0,87.0,11.0,6.0
2021-08-05 08:26:10,91.0,75.0,11.0,5.0
2021-08-05 08:26:11,91.0,85.0,2.0,4.0
2021-08-05 08:26:12,84.0,73.0,8.0,3.0
2021-08-05 08:26:13,94.0,82.0,5.0,7.0
2021-08-05 08:26:14,79.0,74.0,2.0,3.0
2021-08-05 08:26:15,95.0,87.0,7.0,1.0
2021-08-05 08:26:16,79.0,71.0,5.0,3.0
2021-08-05 08:26:17,72.0,65.0,4.0,3.0
2021-08-05 08:26:18,82.0,77.0,4.0,1.0
2021-08-05 08:26:19,90.0,76.0,7.0,7.0
2021-08-05 08:26:20,94.0,84.0,7.0,3.0
2021-08-05 08:26:21,97.0,83.0,9.0,5.0
2021-08-05 08:26:22,91.0,82.0,3.0,6.0
2021-08-05 08:26:23,88.0,79.0,3.0,6.0
2021-08-05 08:26:24,98.0,91.0,5.0,2.0
2021-08-05 08:26:25,90.0,79.0,6.0,5.0
2021-08-05 08:26:26,89.0,82.0,5.0,2.0
2021-08-05 08:26:27,76.0,71.0,1.0,4.0
2021-08-05 08:26:28,90.0,79.0,8.0,3.0
2021-08-05 08:26:29,94.0,83.0,8.0,3.0
2021-08-05 08:26:30,93.0,85.0,4.0,4.0
2021-08-05 08:26:31,90.0,80.0,5.0,5.0
2021-08-05 08:26:32,29.0,25.0,3.0,1.0
2021-08-05 08:26:33,0.0,0.0,0.0,0.0
2021-08-05 08:26:34,0.0,0.0,0.0,0.0
2021-08-05 08:26:35,70.0,63.0,6.0,1.0
2021-08-05 08:26:36,93.0,78.0,9.0,6.0
2021-08-05 08:26:37,90.0,79.0,11.0,0.0
2021-08-05 08:26:38,80.0,71.0,3.0,6.0
2021-08-05 08:26:39,90.0,78.0,7.0,5.0
2021-08-05 08:26:40,86.0,70.0,11.0,5.0
2021-08-05 08:26:41,88.0,76.0,6.0,6.0
2021-08-05 08:26:42,107.0,97.0,5.0,5.0
2021-08-05 08:26:43,94.0,86.0,6.0,2.0
2021-08-05 08:26:44,95.0,85.0,7.0,3.0
2021-08-05 08:26:45,83.0,74.0,3.0,6.0
2021-08-05 08:26:46,67.0,63.0,3.0,1.0
2021-08-05 08:26:47,111.0,95.0,10.0,6.0
2021-08-05 08:26:48,99.0,84.0,6.0,9.0
2021-08-05 08:26:49,82.0,73.0,5.0,4.0
2021-08-05 08:26:50,100.0,83.0,10.0,7.0
2021-08-05 08:26:51,84.0,77.0,5.0,2.0
2021-08-05 08:26:52,80.0,70.0,6.0,4.0
2021-08-05 08:26:53,95.0,84.0,6.0,5.0
2021-08-05 08:26:54,96.0,85.0,5.0,6.0
2021-08-05 08:26:55,94.0,82.0,6.0,6.0
2021-08-05 08:26:56,91.0,81.0,3.0,7.0
2021-08-05 08:26:57,105.0,93.0,4.0,8.0
2021-08-05 08:26:58,89.0,74.0,5.0,10.0
2021-08-05 08:26:59,104.0,91.0,6.0,7.0
2021-08-05 08:27:00,87.0,80.0,2.0,5.0
2021-08-05 08:27:01,86.0,75.0,8.0,3.0
2021-08-05 08:27:02,85.0,76.0,4.0,5.0
2021-08-05 08:27:03,86.0,74.0,9.0,3.0
2021-08-05 08:27:04,92.0,82.0,3.0,7.0
2021-08-05 08:27:05,78.0,67.0,7.0,4.0
2021-08-05 08:27:06,99.0,88.0,8.0,3.0
2021-08-05 08:27:07,106.0,95.0,7.0,4.0
2021-08-05 08:27:08,113.0,102.0,5.0,6.0
2021-08-05 08:27:09,96.0,91.0,4.0,1.0
2021-08-05 08:27:10,96.0,89.0,3.0,4.0
2021-08-05 08:27:11,92.0,84.0,6.0,2.0
2021-08-05 08:27:12,75.0,74.0,1.0,0.0
2021-08-05 08:27:13,98.0,86.0,8.0,4.0
2021-08-05 08:27:14,90.0,79.0,6.0,5.0
2021-08-05 08:27:15,102.0,83.0,15.0,4.0
2021-08-05 08:27:16,90.0,80.0,6.0,4.0
2021-08-05 08:27:17,69.0,65.0,2.0,2.0
2021-08-05 08:27:18,99.0,92.0,6.0,1.0
2021-08-05 08:27:19,98.0,88.0,5.0,5.0
2021-08-05 08:27:20,81.0,73.0,4.0,4.0
2021-08-05 08:27:21,98.0,89.0,6.0,3.0
2021-08-05 08:27:22,80.0,67.0,5.0,8.0
2021-08-05 08:27:23,98.0,89.0,6.0,3.0
2021-08-05 08:27:24,91.0,86.0,5.0,0.0
2021-08-05 08:27:25,90.0,74.0,8.0,8.0
2021-08-05 08:27:26,85.0,73.0,7.0,5.0
2021-08-05 08:27:27,94.0,82.0,7.0,5.0
2021-08-05 08:27:28,88.0,79.0,5.0,4.0
2021-08-05 08:27:29,83.0,79.0,3.0,1.0
2021-08-05 08:27:30,98.0,88.0,7.0,3.0
2021-08-05 08:27:31,98.0,86.0,5.0,7.0
2021-08-05 08:27:32,91.0,81.0,7.0,3.0
2021-08-05 08:27:33,94.0,84.0,8.0,2.0
2021-08-05 08:27:34,84.0,80.0,2.0,2.0
2021-08-05 08:27:35,84.0,64.0,10.0,10.0
2021-08-05 08:27:36,101.0,89.0,9.0,3.0
2021-08-05 08:27:37,105.0,92.0,3.0,10.0
2021-08-05 08:27:38,92.0,81.0,7.0,4.0
2021-08-05 08:27:39,88.0,82.0,3.0,3.0
2021-08-05 08:27:40,73.0,63.0,6.0,4.0
2021-08-05 08:27:41,84.0,76.0,4.0,4.0
2021-08-05 08:27:42,82.0,74.0,4.0,4.0
2021-08-05 08:27:43,82.0,72.0,6.0,4.0
2021-08-05 08:27:44,93.0,86.0,3.0,4.0
2021-08-05 08:27:45,84.0,75.0,3.0,6.0
2021-08-05 08:27:46,71.0,66.0,4.0,1.0
2021-08-05 08:27:47,87.0,79.0,7.0,1.0
2021-08-05 08:27:48,94.0,85.0,5.0,4.0
2021-08-05 08:27:49,86.0,74.0,4.0,8.0
2021-08-05 08:27:50,82.0,75.0,3.0,4.0
2021-08-05 08:27:51,90.0,73.0,9.0,8.0
2021-08-05 08:27:52,82.0,73.0,5.0,4.0
2021-08-05 08:27:53,86.0,77.0,6.0,3.0
2021-08-05 08:27:54,96.0,89.0,4.0,3.0
2021-08-05 08:27:55,89.0,78.0,5.0,6.0
2021-08-05 08:27:56,81.0,76.0,4.0,1.0
2021-08-05 08:27:57,80.0,68.0,9.0,3.0
2021-08-05 08:27:58,90.0,76.0,10.0,4.0
2021-08-05 08:27:59,105.0,89.0,13.0,3.0
2021-08-05 08:28:00,86.0,73.0,6.0,7.0
2021-08-05 08:28:01,80.0,73.0,3.0,4.0
2021-08-05 08:28:02,82.0,74.0,7.0,1.0
2021-08-05 08:28:03,83.0,73.0,4.0,6.0
2021-08-05 08:28:04,89.0,78.0,8.0,3.0
2021-08-05 08:28:05,91.0,75.0,12.0,4.0
2021-08-05 08:28:06,85.0,75.0,5.0,5.0
2021-08-05 08:28:07,104.0,86.0,12.0,6.0
2021-08-05 08:28:08,80.0,73.0,3.0,4.0
2021-08-05 08:28:09,77.0,70.0,4.0,3.0
2021-08-05 08:28:10,99.0,83.0,10.0,6.0
2021-08-05 08:28:11,85.0,69.0,12.0,4.0
2021-08-05 08:28:12,82.0,73.0,7.0,2.0
2021-08-05 08:28:13,73.0,60.0,6.0,7.0
2021-08-05 08:28:14,92.0,82.0,7.0,3.0
2021-08-05 08:28:15,82.0,68.0,9.0,5.0
2021-08-05 08:28:16,105.0,85.0,12.0,8.0
2021-08-05 08:28:17,109.0,93.0,10.0,6.0
2021-08-05 08:28:18,90.0,81.0,6.0,3.0
2021-08-05 08:28:19,92.0,83.0,5.0,4.0
2021-08-05 08:28:20,82.0,77.0,4.0,1.0
2021-08-05 08:28:21,86.0,79.0,5.0,2.0
2021-08-05 08:28:22,101.0,92.0,7.0,2.0
2021-08-05 08:28:23,98.0,85.0,5.0,8.0
2021-08-05 08:28:24,97.0,84.0,8.0,5.0
2021-08-05 08:28:25,106.0,101.0,3.0,2.0
2021-08-05 08:28:26,91.0,79.0,8.0,4.0
2021-08-05 08:28:27,98.0,83.0,8.0,7.0
2021-08-05 08:28:28,85.0,76.0,5.0,4.0
2021-08-05 08:28:29,82.0,72.0,7.0,3.0
2021-08-05 08:28:30,79.0,72.0,4.0,3.0
2021-08-05 08:28:31,82.0,77.0,2.0,3.0
2021-08-05 08:28:32,93.0,85.0,4.0,4.0
2021-08-05 08:28:33,104.0,91.0,10.0,3.0
2021-08-05 08:28:34,88.0,77.0,6.0,5.0
2021-08-05 08:28:35,86.0,76.0,4.0,6.0
2021-08-05 08:28:36,96.0,87.0,3.0,6.0
2021-08-05 08:28:37,107.0,93.0,7.0,7.0
2021-08-05 08:28:38,88.0,82.0,5.0,1.0
2021-08-05 08:28:39,78.0,72.0,3.0,3.0
2021-08-05 08:28:40,88.0,83.0,2.0,3.0
2021-08-05 08:28:41,96.0,83.0,7.0,6.0
2021-08-05 08:28:42,83.0,70.0,7.0,6.0
2021-08-05 08:28:43,74.0,66.0,7.0,1.0
2021-08-05 08:28:44,114.0,97.0,9.0,8.0
2021-08-05 08:28:45,100.0,83.0,11.0,6.0
2021-08-05 08:28:46,74.0,63.0,7.0,4.0
2021-08-05 08:28:47,94.0,88.0,2.0,4.0
2021-08-05 08:28:48,89.0,73.0,9.0,7.0
2021-08-05 08:28:49,90.0,80.0,4.0,6.0
2021-08-05 08:28:50,93.0,81.0,8.0,4.0
2021-08-05 08:28:51,83.0,74.0,6.0,3.0
2021-08-05 08:28:52,88.0,75.0,9.0,4.0
2021-08-05 08:28:53,75.0,67.0,4.0,4.0
2021-08-05 08:28:54,103.0,92.0,7.0,4.0
2021-08-05 08:28:55,98.0,83.0,8.0,7.0
2021-08-05 08:28:56,87.0,75.0,9.0,3.0
2021-08-05 08:28:57,70.0,61.0,6.0,3.0
2021-08-05 08:28:58,88.0,80.0,5.0,3.0
2021-08-05 08:28:59,94.0,83.0,8.0,3.0
2021-08-05 08:29:00,96.0,81.0,13.0,2.0
2021-08-05 08:29:01,86.0,75.0,7.0,4.0
2021-08-05 08:29:02,97.0,81.0,3.0,13.0
2021-08-05 08:29:03,97.0,87.0,4.0,6.0
2021-08-05 08:29:04,101.0,85.0,8.0,8.0
2021-08-05 08:29:05,86.0,78.0,6.0,2.0
2021-08-05 08:29:06,87.0,81.0,4.0,2.0
2021-08-05 08:29:07,79.0,68.0,6.0,5.0
2021-08-05 08:29:08,99.0,83.0,8.0,8.0
2021-08-05 08:29:09,91.0,83.0,5.0,3.0
2021-08-05 08:29:10,87.0,74.0,7.0,6.0
2021-08-05 08:29:11,71.0,61.0,5.0,5.0
2021-08-05 08:29:12,88.0,76.0,6.0,6.0
2021-08-05 08:29:13,82.0,74.0,4.0,4.0
2021-08-05 08:29:14,101.0,80.0,14.0,7.0
2021-08-05 08:29:15,82.0,72.0,5.0,5.0
2021-08-05 08:29:16,79.0,70.0,7.0,2.0
2021-08-05 08:29:17,83.0,74.0,7.0,2.0
2021-08-05 08:29:18,86.0,76.0,4.0,6.0
2021-08-05 08:29:19,96.0,88.0,5.0,3.0
2021-08-05 08:29:20,72.0,67.0,3.0,2.0
2021-08-05 08:29:21,88.0,79.0,6.0,3.0
2021-08-05 08:29:22,103.0,87.0,8.0,8.0
2021-08-05 08:29:23,83.0,70.0,8.0,5.0
2021-08-05 08:29:24,95.0,85.0,7.0,3.0
2021-08-05 08:29:25,73.0,62.0,9.0,2.0
2021-08-05 08:29:26,83.0,77.0,4.0,2.0
2021-08-05 08:29:27,94.0,86.0,3.0,5.0
2021-08-05 08:29:28,90.0,87.0,2.0,1.0
2021-08-05 08:29:29,87.0,78.0,2.0,7.0
2021-08-05 08:29:30,102.0,92.0,6.0,4.0
2021-08-05 08:29:31,99.0,88.0,6.0,5.0
2021-08-05 08:29:32,83.0,76.0,3.0,4.0
2021-08-05 08:29:33,90.0,77.0,10.0,3.0
2021-08-05 08:29:34,100.0,86.0,9.0,5.0
2021-08-05 08:29:35,77.0,69.0,4.0,4.0
2021-08-05 08:29:36,85.0,77.0,7.0,1.0
2021-08-05 08:29:37,107.0,94.0,7.0,6.0
2021-08-05 08:29:38,91.0,82.0,5.0,4.0
2021-08-05 08:29:39,77.0,66.0,8.0,3.0
2021-08-05 08:29:40,93.0,83.0,4.0,6.0
2021-08-05 08:29:41,95.0,83.0,5.0,7.0
2021-08-05 08:29:42,97.0,86.0,4.0,7.0
2021-08-05 08:29:43,100.0,89.0,7.0,4.0
2021-08-05 08:29:44,115.0,99.0,10.0,6.0
2021-08-05 08:29:45,73.0,66.0,3.0,4.0
2021-08-05 08:29:46,109.0,93.0,9.0,7.0
2021-08-05 08:29:47,95.0,83.0,6.0,6.0
2021-08-05 08:29:48,86.0,73.0,10.0,3.0
2021-08-05 08:29:49,77.0,68.0,5.0,4.0
2021-08-05 08:29:50,105.0,84.0,15.0,6.0
2021-08-05 08:29:51,100.0,93.0,6.0,1.0
2021-08-05 08:29:52,96.0,81.0,10.0,5.0
2021-08-05 08:29:53,97.0,84.0,8.0,5.0
2021-08-05 08:29:54,87.0,82.0,3.0,2.0
2021-08-05 08:29:55,98.0,86.0,6.0,6.0
2021-08-05 08:29:56,83.0,75.0,4.0,4.0
2021-08-05 08:29:57,101.0,94.0,4.0,3.0
2021-08-05 08:29:58,86.0,82.0,0.0,4.0
2021-08-05 08:29:59,86.0,73.0,7.0,6.0
2021-08-05 08:30:00,92.0,81.0,4.0,7.0
2021-08-05 08:30:01,108.0,99.0,7.0,2.0
2021-08-05 08:30:02,78.0,69.0,5.0,4.0
2021-08-05 08:30:03,96.0,84.0,7.0,5.0
2021-08-05 08:30:04,98.0,88.0,5.0,5.0
2021-08-05 08:30:05,92.0,81.0,6.0,5.0
2021-08-05 08:30:06,102.0,88.0,7.0,7.0
2021-08-05 08:30:07,92.0,83.0,6.0,3.0
2021-08-05 08:30:08,84.0,73.0,5.0,6.0
2021-08-05 08:30:09,91.0,75.0,11.0,5.0
2021-08-05 08:30:10,86.0,79.0,4.0,3.0
2021-08-05 08:30:11,89.0,78.0,7.0,4.0
2021-08-05 08:30:12,86.0,80.0,5.0,1.0
2021-08-05 08:30:13,98.0,86.0,10.0,2.0
2021-08-05 08:30:14,100.0,91.0,6.0,3.0
2021-08-05 08:30:15,70.0,59.0,6.0,5.0
2021-08-05 08:30:16,107.0,96.0,8.0,3.0
2021-08-05 08:30:17,80.0,72.0,4.0,4.0
2021-08-05 08:30:18,73.0,63.0,8.0,2.0
2021-08-05 08:30:19,96.0,83.0,7.0,6.0
2021-08-05 08:30:20,99.0,85.0,9.0,5.0
2021-08-05 08:30:21,92.0,84.0,3.0,5.0
2021-08-05 08:30:22,91.0,75.0,5.0,11.0
2021-08-05 08:30:23,67.0,60.0,5.0,2.0
2021-08-05 08:30:24,102.0,94.0,4.0,4.0
2021-08-05 08:30:25,82.0,73.0,5.0,4.0
2021-08-05 08:30:26,75.0,68.0,3.0,4.0
2021-08-05 08:30:27,86.0,77.0,6.0,3.0
2021-08-05 08:30:28,81.0,69.0,10.0,2.0
2021-08-05 08:30:29,103.0,93.0,6.0,4.0
2021-08-05 08:30:30,101.0,90.0,9.0,2.0
2021-08-05 08:30:31,94.0,85.0,3.0,6.0
2021-08-05 08:30:32,90.0,75.0,5.0,10.0
2021-08-05 08:30:33,88.0,76.0,7.0,5.0
2021-08-05 08:30:34,107.0,96.0,5.0,6.0
2021-08-05 08:30:35,96.0,84.0,10.0,2.0
2021-08-05 08:30:36,106.0,95.0,7.0,4.0
2021-08-05 08:30:37,93.0,80.0,8.0,5.0
2021-08-05 08:30:38,96.0,88.0,5.0,3.0
2021-08-05 08:30:39,91.0,80.0,7.0,4.0
2021-08-05 08:30:40,87.0,78.0,5.0,4.0
2021-08-05 08:30:41,104.0,94.0,6.0,4.0
2021-08-05 08:30:42,100.0,80.0,11.0,9.0
2021-08-05 08:30:43,86.0,80.0,3.0,3.0
2021-08-05 08:30:44,102.0,90.0,9.0,3.0
2021-08-05 08:30:45,90.0,80.0,5.0,5.0
2021-08-05 08:30:46,88.0,78.0,5.0,5.0
2021-08-05 08:30:47,91.0,82.0,6.0,3.0
2021-08-05 08:30:48,86.0,78.0,6.0,2.0
2021-08-05 08:30:49,76.0,66.0,5.0,5.0
2021-08-05 08:30:50,99.0,86.0,9.0,4.0
2021-08-05 08:30:51,103.0,87.0,10.0,6.0
2021-08-05 08:30:52,89.0,73.0,6.0,10.0
2021-08-05 08:30:53,97.0,83.0,8.0,6.0
2021-08-05 08:30:54,96.0,82.0,8.0,6.0
2021-08-05 08:30:55,91.0,80.0,5.0,6.0
2021-08-05 08:30:56,95.0,84.0,4.0,7.0
2021-08-05 08:30:57,72.0,65.0,4.0,3.0
2021-08-05 08:30:58,92.0,80.0,7.0,5.0
2021-08-05 08:30:59,81.0,72.0,7.0,2.0
2021-08-05 08:31:00,93.0,88.0,2.0,3.0
2021-08-05 08:31:01,88.0,80.0,5.0,3.0
2021-08-05 08:31:02,83.0,76.0,7.0,0.0
2021-08-05 08:31:03,86.0,78.0,4.0,4.0
2021-08-05 08:31:04,103.0,89.0,5.0,9.0
2021-08-05 08:31:05,109.0,102.0,3.0,4.0
2021-08-05 08:31:06,91.0,81.0,7.0,3.0
2021-08-05 08:31:07,104.0,92.0,7.0,5.0
2021-08-05 08:31:08,82.0,71.0,6.0,5.0
2021-08-05 08:31:09,88.0,80.0,6.0,2.0
2021-08-05 08:31:10,85.0,72.0,9.0,4.0
2021-08-05 08:31:11,98.0,87.0,7.0,4.0
2021-08-05 08:31:12,100.0,89.0,8.0,3.0
2021-08-05 08:31:13,84.0,71.0,5.0,8.0
2021-08-05 08:31:14,80.0,69.0,7.0,4.0
2021-08-05 08:31:15,111.0,94.0,10.0,7.0
2021-08-05 08:31:16,92.0,82.0,6.0,4.0
2021-08-05 08:31:17,81.0,70.0,10.0,1.0
2021-08-05 08:31:18,89.0,80.0,4.0,5.0
2021-08-05 08:31:19,101.0,92.0,5.0,4.0
2021-08-05 08:31:20,98.0,79.0,10.0,9.0
2021-08-05 08:31:21,86.0,79.0,4.0,3.0
2021-08-05 08:31:22,90.0,70.0,10.0,10.0
2021-08-05 08:31:23,85.0,76.0,4.0,5.0
2021-08-05 08:31:24,89.0,78.0,6.0,5.0
2021-08-05 08:31:25,83.0,74.0,6.0,3.0
2021-08-05 08:31:26,80.0,69.0,3.0,8.0
2021-08-05 08:31:27,91.0,82.0,4.0,5.0
2021-08-05 08:31:28,110.0,99.0,7.0,4.0
2021-08-05 08:31:29,97.0,85.0,6.0,6.0
2021-08-05 08:31:30,76.0,68.0,3.0,5.0
2021-08-05 08:31:31,89.0,73.0,10.0,6.0
2021-08-05 08:31:32,84.0,68.0,8.0,8.0
2021-08-05 08:31:33,90.0,74.0,10.0,6.0
2021-08-05 08:31:34,90.0,84.0,4.0,2.0
2021-08-05 08:31:35,97.0,87.0,4.0,6.0
2021-08-05 08:31:36,88.0,81.0,3.0,4.0
2021-08-05 08:31:37,79.0,67.0,8.0,4.0
2021-08-05 08:31:38,87.0,80.0,4.0,3.0
2021-08-05 08:31:39,83.0,71.0,5.0,7.0
2021-08-05 08:31:40,110.0,96.0,12.0,2.0
2021-08-05 08:31:41,99.0,90.0,7.0,2.0
2021-08-05 08:31:42,108.0,98.0,4.0,6.0
2021-08-05 08:31:43,81.0,71.0,7.0,3.0
2021-08-05 08:31:44,82.0,68.0,7.0,7.0
2021-08-05 08:31:45,96.0,87.0,5.0,4.0
2021-08-05 08:31:46,83.0,73.0,6.0,4.0
2021-08-05 08:31:47,106.0,94.0,10.0,2.0
2021-08-05 08:31:48,92.0,85.0,5.0,2.0
2021-08-05 08:31:49,88.0,84.0,1.0,3.0
2021-08-05 08:31:50,90.0,80.0,7.0,3.0
2021-08-05 08:31:51,99.0,87.0,6.0,6.0
2021-08-05 08:31:52,90.0,80.0,5.0,5.0
2021-08-05 08:31:53,80.0,68.0,6.0,6.0
2021-08-05 08:31:54,65.0,60.0,3.0,2.0
2021-08-05 08:31:55,93.0,81.0,6.0,6.0
2021-08-05 08:31:56,95.0,87.0,4.0,4.0
2021-08-05 08:31:57,96.0,83.0,9.0,4.0
2021-08-05 08:31:58,81.0,75.0,3.0,3.0
2021-08-05 08:31:59,95.0,86.0,4.0,5.0
2021-08-05 08:32:00,88.0,84.0,3.0,1.0
2021-08-05 08:32:01,76.0,66.0,6.0,4.0
2021-08-05 08:32:02,88.0,72.0,13.0,3.0
2021-08-05 08:32:03,105.0,94.0,6.0,5.0
2021-08-05 08:32:04,97.0,85.0,6.0,6.0
2021-08-05 08:32:05,95.0,85.0,8.0,2.0
2021-08-05 08:32:06,85.0,79.0,4.0,2.0
2021-08-05 08:32:07,82.0,68.0,7.0,7.0
2021-08-05 08:32:08,87.0,81.0,4.0,2.0
2021-08-05 08:32:09,92.0,83.0,9.0,0.0
2021-08-05 08:32:10,91.0,83.0,4.0,4.0
2021-08-05 08:32:11,93.0,87.0,3.0,3.0
2021-08-05 08:32:12,89.0,76.0,7.0,6.0
2021-08-05 08:32:13,86.0,77.0,6.0,3.0
2021-08-05 08:32:14,78.0,66.0,10.0,2.0
2021-08-05 08:32:15,87.0,77.0,7.0,3.0
2021-08-05 08:32:16,104.0,90.0,5.0,9.0
2021-08-05 08:32:17,84.0,77.0,5.0,2.0
2021-08-05 08:32:18,83.0,76.0,4.0,3.0
2021-08-05 08:32:19,103.0,92.0,9.0,2.0
2021-08-05 08:32:20,100.0,91.0,6.0,3.0
2021-08-05 08:32:21,94.0,82.0,9.0,3.0
2021-08-05 08:32:22,77.0,70.0,6.0,1.0
2021-08-05 08:32:23,82.0,73.0,5.0,4.0
2021-08-05 08:32:24,89.0,78.0,8.0,3.0
2021-08-05 08:32:25,92.0,84.0,5.0,3.0
2021-08-05 08:32:26,78.0,69.0,5.0,4.0
2021-08-05 08:32:27,98.0,87.0,4.0,7.0
2021-08-05 08:32:28,84.0,76.0,3.0,5.0
2021-08-05 08:32:29,89.0,83.0,4.0,2.0
2021-08-05 08:32:30,92.0,81.0,6.0,5.0
2021-08-05 08:32:31,101.0,86.0,11.0,4.0
2021-08-05 08:32:32,80.0,75.0,3.0,2.0
2021-08-05 08:32:33,90.0,81.0,7.0,2.0
2021-08-05 08:32:34,105.0,89.0,9.0,7.0
2021-08-05 08:32:35,81.0,74.0,3.0,4.0
2021-08-05 08:32:36,95.0,82.0,7.0,6.0
2021-08-05 08:32:37,76.0,60.0,9.0,7.0
2021-08-05 08:32:38,106.0,93.0,6.0,7.0
2021-08-05 08:32:39,71.0,64.0,4.0,3.0
2021-08-05 08:32:40,100.0,92.0,5.0,3.0
2021-08-05 08:32:41,68.0,60.0,4.0,4.0
2021-08-05 08:32:42,109.0,99.0,8.0,2.0
2021-08-05 08:32:43,99.0,86.0,7.0,6.0
2021-08-05 08:32:44,83.0,73.0,8.0,2.0
2021-08-05 08:32:45,79.0,63.0,8.0,8.0
2021-08-05 08:32:46,84.0,73.0,9.0,2.0
2021-08-05 08:32:47,84.0,74.0,5.0,5.0
2021-08-05 08:32:48,75.0,71.0,3.0,1.0
2021-08-05 08:32:49,91.0,75.0,10.0,6.0
2021-08-05 08:32:50,97.0,82.0,11.0,4.0
2021-08-05 08:32:51,84.0,68.0,14.0,2.0
2021-08-05 08:32:52,102.0,90.0,8.0,4.0
2021-08-05 08:32:53,88.0,82.0,4.0,2.0
2021-08-05 08:32:54,86.0,75.0,8.0,3.0
2021-08-05 08:32:55,92.0,84.0,8.0,0.0
2021-08-05 08:32:56,114.0,98.0,13.0,3.0
2021-08-05 08:32:57,77.0,71.0,3.0,3.0
2021-08-05 08:32:58,86.0,74.0,7.0,5.0
2021-08-05 08:32:59,103.0,96.0,5.0,2.0
2021-08-05 08:33:00,93.0,79.0,8.0,6.0
2021-08-05 08:33:01,89.0,76.0,9.0,4.0
2021-08-05 08:33:02,82.0,74.0,5.0,3.0
2021-08-05 08:33:03,98.0,84.0,6.0,8.0
2021-08-05 08:33:04,100.0,89.0,4.0,7.0
2021-08-05 08:33:05,108.0,96.0,7.0,5.0
2021-08-05 08:33:06,113.0,105.0,6.0,2.0
2021-08-05 08:33:07,82.0,72.0,9.0,1.0
2021-08-05 08:33:08,85.0,80.0,4.0,1.0
2021-08-05 08:33:09,90.0,74.0,8.0,8.0
2021-08-05 08:33:10,92.0,84.0,3.0,5.0
2021-08-05 08:33:11,91.0,78.0,8.0,5.0
2021-08-05 08:33:12,92.0,78.0,9.0,5.0
2021-08-05 08:33:13,88.0,69.0,12.0,7.0
2021-08-05 08:33:14,76.0,71.0,3.0,2.0
2021-08-05 08:33:15,95.0,80.0,9.0,6.0
2021-08-05 08:33:16,88.0,80.0,5.0,3.0
2021-08-05 08:33:17,100.0,92.0,5.0,3.0
2021-08-05 08:33:18,80.0,71.0,6.0,3.0
2021-08-05 08:33:19,86.0,73.0,10.0,3.0
2021-08-05 08:33:20,91.0,79.0,8.0,4.0
2021-08-05 08:33:21,86.0,80.0,5.0,1.0
2021-08-05 08:33:22,96.0,81.0,8.0,7.0
2021-08-05 08:33:23,107.0,93.0,9.0,5.0
2021-08-05 08:33:24,86.0,68.0,10.0,8.0
2021-08-05 08:33:25,106.0,95.0,6.0,5.0
2021-08-05 08:33:26,83.0,77.0,5.0,1.0
2021-08-05 08:33:27,93.0,86.0,7.0,0.0
2021-08-05 08:33:28,90.0,86.0,2.0,2.0
2021-08-05 08:33:29,86.0,76.0,5.0,5.0
2021-08-05 08:33:30,91.0,80.0,7.0,4.0
2021-08-05 08:33:31,91.0,78.0,10.0,3.0
2021-08-05 08:33:32,78.0,63.0,7.0,8.0
2021-08-05 08:33:33,93.0,82.0,5.0,6.0
2021-08-05 08:33:34,97.0,85.0,8.0,4.0
2021-08-05 08:33:35,77.0,72.0,5.0,0.0
2021-08-05 08:33:36,105.0,89.0,8.0,8.0
2021-08-05 08:33:37,103.0,87.0,8.0,8.0
2021-08-05 08:33:38,79.0,66.0,8.0,5.0
2021-08-05 08:33:39,72.0,64.0,8.0,0.0
2021-08-05 08:33:40,78.0,71.0,5.0,2.0
2021-08-05 08:33:41,83.0,76.0,5.0,2.0
2021-08-05 08:33:42,99.0,90.0,7.0,2.0
2021-08-05 08:33:43,80.0,75.0,2.0,3.0
2021-08-05 08:33:44,82.0,73.0,5.0,4.0
2021-08-05 08:33:45,86.0,73.0,7.0,6.0
2021-08-05 08:33:46,88.0,73.0,10.0,5.0
2021-08-05 08:33:47,87.0,72.0,11.0,4.0
2021-08-05 08:33:48,88.0,77.0,2.0,9.0
2021-08-05 08:33:49,90.0,81.0,6.0,3.0
2021-08-05 08:33:50,84.0,71.0,8.0,5.0
2021-08-05 08:33:51,85.0,80.0,4.0,1.0
2021-08-05 08:33:52,86.0,76.0,9.0,1.0
2021-08-05 08:33:53,92.0,85.0,2.0,5.0
2021-08-05 08:33:54,98.0,90.0,5.0,3.0
2021-08-05 08:33:55,90.0,75.0,8.0,7.0
2021-08-05 08:33:56,79.0,70.0,5.0,4.0
2021-08-05 08:33:57,93.0,77.0,8.0,8.0
2021-08-05 08:33:58,82.0,72.0,7.0,3.0
2021-08-05 08:33:59,90.0,84.0,4.0,2.0
2021-08-05 08:34:00,75.0,62.0,7.0,6.0
2021-08-05 08:34:01,81.0,77.0,2.0,2.0
2021-08-05 08:34:02,78.0,68.0,7.0,3.0
2021-08-05 08:34:03,90.0,83.0,4.0,3.0
2021-08-05 08:34:04,75.0,69.0,3.0,3.0
2021-08-05 08:34:05,67.0,58.0,5.0,4.0
2021-08-05 08:34:06,79.0,70.0,5.0,4.0
2021-08-05 08:34:07,98.0,86.0,5.0,7.0
2021-08-05 08:34:08,81.0,75.0,1.0,5.0
2021-08-05 08:34:09,99.0,83.0,11.0,5.0
2021-08-05 08:34:10,80.0,69.0,8.0,3.0
2021-08-05 08:34:11,87.0,79.0,7.0,1.0
2021-08-05 08:34:12,82.0,74.0,5.0,3.0
2021-08-05 08:34:13,90.0,79.0,3.0,8.0
2021-08-05 08:34:14,96.0,87.0,5.0,4.0
2021-08-05 08:34:15,105.0,88.0,8.0,9.0
2021-08-05 08:34:16,83.0,76.0,5.0,2.0
2021-08-05 08:34:17,75.0,66.0,4.0,5.0
2021-08-05 08:34:18,84.0,69.0,12.0,3.0
2021-08-05 08:34:19,115.0,96.0,10.0,9.0
2021-08-05 08:34:20,68.0,55.0,6.0,7.0
2021-08-05 08:34:21,90.0,79.0,9.0,2.0
2021-08-05 08:34:22,107.0,91.0,7.0,9.0
2021-08-05 08:34:23,103.0,86.0,12.0,5.0
2021-08-05 08:34:24,91.0,75.0,9.0,7.0
2021-08-05 08:34:25,79.0,70.0,5.0,4.0
2021-08-05 08:34:26,99.0,88.0,7.0,4.0
2021-08-05 08:34:27,92.0,85.0,5.0,2.0
2021-08-05 08:34:28,63.0,58.0,2.0,3.0
2021-08-05 08:34:29,89.0,78.0,5.0,6.0
2021-08-05 08:34:30,93.0,83.0,5.0,5.0
2021-08-05 08:34:31,92.0,81.0,5.0,6.0
2021-08-05 08:34:32,80.0,69.0,7.0,4.0
2021-08-05 08:34:33,79.0,70.0,6.0,3.0
2021-08-05 08:34:34,83.0,71.0,9.0,3.0
2021-08-05 08:34:35,87.0,75.0,10.0,2.0
2021-08-05 08:34:36,92.0,78.0,8.0,6.0
2021-08-05 08:34:37,76.0,67.0,5.0,4.0
2021-08-05 08:34:38,84.0,69.0,10.0,5.0
2021-08-05 08:34:39,107.0,92.0,10.0,5.0
2021-08-05 08:34:40,96.0,84.0,7.0,5.0
2021-08-05 08:34:41,85.0,76.0,8.0,1.0
2021-08-05 08:34:42,91.0,79.0,6.0,6.0
2021-08-05 08:34:43,80.0,69.0,6.0,5.0
2021-08-05 08:34:44,96.0,85.0,6.0,5.0
2021-08-05 08:34:45,100.0,89.0,5.0,6.0
2021-08-05 08:34:46,81.0,71.0,7.0,3.0
2021-08-05 08:34:47,85.0,78.0,5.0,2.0
2021-08-05 08:34:48,98.0,85.0,8.0,5.0
2021-08-05 08:34:49,91.0,81.0,5.0,5.0
2021-08-05 08:34:50,97.0,86.0,8.0,3.0
2021-08-05 08:34:51,74.0,65.0,4.0,5.0
2021-08-05 08:34:52,84.0,79.0,1.0,4.0
2021-08-05 08:34:53,99.0,91.0,5.0,3.0
2021-08-05 08:34:54,88.0,74.0,6.0,8.0
2021-08-05 08:34:55,73.0,64.0,5.0,4.0
2021-08-05 08:34:56,81.0,75.0,0.0,6.0
2021-08-05 08:34:57,69.0,66.0,2.0,1.0
2021-08-05 08:34:58,93.0,81.0,5.0,7.0
2021-08-05 08:34:59,90.0,80.0,9.0,1.0
2021-08-05 08:35:00,88.0,72.0,9.0,7.0
2021-08-05 08:35:01,96.0,88.0,5.0,3.0
2021-08-05 08:35:02,77.0,69.0,5.0,3.0
2021-08-05 08:35:03,90.0,80.0,5.0,5.0
2021-08-05 08:35:04,92.0,78.0,9.0,5.0
2021-08-05 08:35:05,80.0,68.0,9.0,3.0
2021-08-05 08:35:06,112.0,93.0,13.0,6.0
2021-08-05 08:35:07,90.0,74.0,8.0,8.0
2021-08-05 08:35:08,98.0,85.0,9.0,4.0
2021-08-05 08:35:09,90.0,77.0,7.0,6.0
2021-08-05 08:35:10,101.0,86.0,9.0,6.0
2021-08-05 08:35:11,110.0,97.0,8.0,5.0
2021-08-05 08:35:12,103.0,90.0,6.0,7.0
2021-08-05 08:35:13,98.0,86.0,6.0,6.0
2021-08-05 08:35:14,72.0,64.0,6.0,2.0
2021-08-05 08:35:15,86.0,76.0,7.0,3.0
2021-08-05 08:35:16,101.0,86.0,5.0,10.0
2021-08-05 08:35:17,74.0,62.0,5.0,7.0
2021-08-05 08:35:18,88.0,82.0,2.0,4.0
2021-08-05 08:35:19,90.0,83.0,6.0,1.0
2021-08-05 08:35:20,92.0,83.0,5.0,4.0
2021-08-05 08:35:21,81.0,73.0,5.0,3.0
2021-08-05 08:35:22,89.0,79.0,6.0,4.0
2021-08-05 08:35:23,73.0,65.0,5.0,3.0
2021-08-05 08:35:24,81.0,76.0,2.0,3.0
2021-08-05 08:35:25,98.0,88.0,8.0,2.0
2021-08-05 08:35:26,70.0,65.0,4.0,1.0
2021-08-05 08:35:27,104.0,93.0,8.0,3.0
2021-08-05 08:35:28,92.0,81.0,9.0,2.0
2021-08-05 08:35:29,71.0,64.0,4.0,3.0
2021-08-05 08:35:30,91.0,82.0,5.0,4.0
2021-08-05 08:35:31,88.0,74.0,8.0,6.0
2021-08-05 08:35:32,71.0,65.0,5.0,1.0
2021-08-05 08:35:33,102.0,94.0,7.0,1.0
2021-08-05 08:35:34,88.0,79.0,6.0,3.0
2021-08-05 08:35:35,98.0,85.0,8.0,5.0
2021-08-05 08:35:36,97.0,84.0,8.0,5.0
2021-08-05 08:35:37,77.0,65.0,7.0,5.0
2021-08-05 08:35:38,82.0,70.0,6.0,6.0
2021-08-05 08:35:39,92.0,82.0,6.0,4.0
2021-08-05 08:35:40,92.0,85.0,5.0,2.0
2021-08-05 08:35:41,88.0,77.0,5.0,6.0
2021-08-05 08:35:42,90.0,78.0,8.0,4.0
2021-08-05 08:35:43,94.0,81.0,7.0,6.0
2021-08-05 08:35:44,103.0,87.0,10.0,6.0
2021-08-05 08:35:45,99.0,89.0,6.0,4.0
2021-08-05 08:35:46,99.0,87.0,11.0,1.0
2021-08-05 08:35:47,91.0,75.0,8.0,8.0
2021-08-05 08:35:48,78.0,75.0,0.0,3.0
2021-08-05 08:35:49,95.0,82.0,8.0,5.0
2021-08-05 08:35:50,78.0,69.0,8.0,1.0
2021-08-05 08:35:51,90.0,81.0,8.0,1.0
2021-08-05 08:35:52,97.0,87.0,4.0,6.0
2021-08-05 08:35:53,94.0,84.0,7.0,3.0
2021-08-05 08:35:54,93.0,82.0,6.0,5.0
2021-08-05 08:35:55,81.0,72.0,5.0,4.0
2021-08-05 08:35:56,102.0,95.0,1.0,6.0
2021-08-05 08:35:57,84.0,78.0,4.0,2.0
2021-08-05 08:35:58,100.0,80.0,12.0,8.0
2021-08-05 08:35:59,88.0,77.0,8.0,3.0
2021-08-05 08:36:00,94.0,85.0,5.0,4.0
2021-08-05 08:36:01,85.0,76.0,8.0,1.0
2021-08-05 08:36:02,89.0,80.0,7.0,2.0
2021-08-05 08:36:03,93.0,80.0,11.0,2.0
2021-08-05 08:36:04,87.0,80.0,3.0,4.0
2021-08-05 08:36:05,102.0,82.0,9.0,11.0
2021-08-05 08:36:06,97.0,83.0,6.0,8.0
2021-08-05 08:36:07,92.0,80.0,7.0,5.0
2021-08-05 08:36:08,101.0,85.0,9.0,7.0
2021-08-05 08:36:09,105.0,94.0,4.0,7.0
2021-08-05 08:36:10,82.0,73.0,6.0,3.0
2021-08-05 08:36:11,83.0,71.0,8.0,4.0
2021-08-05 08:36:12,96.0,87.0,4.0,5.0
2021-08-05 08:36:13,88.0,80.0,5.0,3.0
2021-08-05 08:36:14,86.0,70.0,13.0,3.0
2021-08-05 08:36:15,86.0,75.0,2.0,9.0
2021-08-05 08:36:16,75.0,66.0,6.0,3.0
2021-08-05 08:36:17,95.0,84.0,9.0,2.0
2021-08-05 08:36:18,101.0,87.0,9.0,5.0
2021-08-05 08:36:19,101.0,86.0,8.0,7.0
2021-08-05 08:36:20,84.0,76.0,4.0,4.0
2021-08-05 08:36:21,95.0,85.0,6.0,4.0
2021-08-05 08:36:22,94.0,79.0,11.0,4.0
2021-08-05 08:36:23,98.0,79.0,8.0,11.0
2021-08-05 08:36:24,84.0,69.0,12.0,3.0
2021-08-05 08:36:25,77.0,65.0,7.0,5.0
2021-08-05 08:36:26,87.0,76.0,8.0,3.0
2021-08-05 08:36:27,82.0,75.0,4.0,3.0
2021-08-05 08:36:28,94.0,80.0,6.0,8.0
2021-08-05 08:36:29,83.0,77.0,3.0,3.0
2021-08-05 08:36:30,95.0,83.0,8.0,4.0
2021-08-05 08:36:31,95.0,86.0,3.0,6.0
2021-08-05 08:36:32,91.0,78.0,8.0,5.0
2021-08-05 08:36:33,86.0,73.0,4.0,9.0
2021-08-05 08:36:34,96.0,82.0,9.0,5.0
2021-08-05 08:36:35,90.0,78.0,8.0,4.0
2021-08-05 08:36:36,102.0,95.0,6.0,1.0
2021-08-05 08:36:37,81.0,71.0,6.0,4.0
2021-08-05 08:36:38,87.0,73.0,6.0,8.0
2021-08-05 08:36:39,96.0,83.0,8.0,5.0
2021-08-05 08:36:40,79.0,66.0,6.0,7.0
2021-08-05 08:36:41,92.0,79.0,6.0,7.0
2021-08-05 08:36:42,91.0,79.0,7.0,5.0
2021-08-05 08:36:43,95.0,83.0,11.0,1.0
2021-08-05 08:36:44,93.0,73.0,10.0,10.0
2021-08-05 08:36:45,95.0,88.0,6.0,1.0
2021-08-05 08:36:46,100.0,87.0,8.0,5.0
2021-08-05 08:36:47,73.0,61.0,6.0,6.0
2021-08-05 08:36:48,80.0,72.0,3.0,5.0
2021-08-05 08:36:49,93.0,82.0,5.0,6.0
2021-08-05 08:36:50,91.0,79.0,7.0,5.0
2021-08-05 08:36:51,86.0,76.0,8.0,2.0
2021-08-05 08:36:52,93.0,76.0,8.0,9.0
2021-08-05 08:36:53,91.0,79.0,8.0,4.0
2021-08-05 08:36:54,95.0,83.0,10.0,2.0
2021-08-05 08:36:55,90.0,82.0,6.0,2.0
2021-08-05 08:36:56,90.0,80.0,9.0,1.0
2021-08-05 08:36:57,104.0,92.0,5.0,7.0
2021-08-05 08:36:58,90.0,73.0,13.0,4.0
2021-08-05 08:36:59,102.0,92.0,7.0,3.0
2021-08-05 08:37:00,86.0,81.0,4.0,1.0
2021-08-05 08:37:01,81.0,73.0,1.0,7.0
2021-08-05 08:37:02,106.0,94.0,6.0,6.0
2021-08-05 08:37:03,84.0,75.0,7.0,2.0
2021-08-05 08:37:04,85.0,77.0,4.0,4.0
2021-08-05 08:37:05,85.0,77.0,6.0,2.0
2021-08-05 08:37:06,71.0,62.0,7.0,2.0
2021-08-05 08:37:07,91.0,84.0,4.0,3.0
2021-08-05 08:37:08,95.0,85.0,6.0,4.0
2021-08-05 08:37:09,89.0,78.0,7.0,4.0
2021-08-05 08:37:10,72.0,63.0,5.0,4.0
2021-08-05 08:37:11,93.0,79.0,6.0,8.0
2021-08-05 08:37:12,110.0,92.0,13.0,5.0
2021-08-05 08:37:13,73.0,60.0,9.0,4.0
2021-08-05 08:37:14,82.0,72.0,4.0,6.0
2021-08-05 08:37:15,82.0,73.0,7.0,2.0
2021-08-05 08:37:16,96.0,88.0,7.0,1.0
2021-08-05 08:37:17,79.0,70.0,7.0,2.0
2021-08-05 08:37:18,88.0,76.0,7.0,5.0
2021-08-05 08:37:19,100.0,91.0,7.0,2.0
2021-08-05 08:37:20,84.0,78.0,3.0,3.0
2021-08-05 08:37:21,93.0,82.0,8.0,3.0
2021-08-05 08:37:22,91.0,72.0,11.0,8.0
2021-08-05 08:37:23,86.0,77.0,2.0,7.0
2021-08-05 08:37:24,79.0,72.0,4.0,3.0
2021-08-05 08:37:25,89.0,79.0,5.0,5.0
2021-08-05 08:37:26,86.0,76.0,9.0,1.0
2021-08-05 08:37:27,105.0,89.0,12.0,4.0
2021-08-05 08:37:28,95.0,82.0,9.0,4.0
2021-08-05 08:37:29,101.0,90.0,7.0,4.0
2021-08-05 08:37:30,78.0,70.0,6.0,2.0
2021-08-05 08:37:31,98.0,90.0,5.0,3.0
2021-08-05 08:37:32,86.0,70.0,9.0,7.0
2021-08-05 08:37:33,90.0,82.0,5.0,3.0
2021-08-05 08:37:34,97.0,82.0,8.0,7.0
2021-08-05 08:37:35,96.0,82.0,7.0,7.0
2021-08-05 08:37:36,82.0,73.0,2.0,7.0
2021-08-05 08:37:37,92.0,82.0,6.0,4.0
2021-08-05 08:37:38,91.0,76.0,9.0,6.0
2021-08-05 08:37:39,89.0,74.0,12.0,3.0
2021-08-05 08:37:40,73.0,65.0,5.0,3.0
2021-08-05 08:37:41,95.0,90.0,2.0,3.0
2021-08-05 08:37:42,102.0,89.0,9.0,4.0
2021-08-05 08:37:43,88.0,76.0,5.0,7.0
2021-08-05 08:37:44,91.0,84.0,5.0,2.0
2021-08-05 08:37:45,87.0,79.0,5.0,3.0
2021-08-05 08:37:46,90.0,80.0,7.0,3.0
2021-08-05 08:37:47,93.0,81.0,3.0,9.0
2021-08-05 08:37:48,91.0,81.0,5.0,5.0
2021-08-05 08:37:49,98.0,90.0,5.0,3.0
2021-08-05 08:37:50,97.0,83.0,8.0,6.0
2021-08-05 08:37:51,78.0,66.0,7.0,5.0
2021-08-05 08:37:52,98.0,93.0,3.0,2.0
2021-08-05 08:37:53,100.0,84.0,8.0,8.0
2021-08-05 08:37:54,90.0,83.0,5.0,2.0
2021-08-05 08:37:55,78.0,69.0,4.0,5.0
2021-08-05 08:37:56,80.0,70.0,5.0,5.0
2021-08-05 08:37:57,91.0,82.0,6.0,3.0
2021-08-05 08:37:58,89.0,80.0,6.0,3.0
2021-08-05 08:37:59,95.0,79.0,11.0,5.0
2021-08-05 08:38:00,97.0,88.0,4.0,5.0
2021-08-05 08:38:01,59.0,54.0,4.0,1.0
2021-08-05 08:38:02,97.0,82.0,9.0,6.0
2021-08-05 08:38:03,91.0,85.0,4.0,2.0
2021-08-05 08:38:04,100.0,91.0,7.0,2.0
2021-08-05 08:38:05,94.0,80.0,7.0,7.0
2021-08-05 08:38:06,88.0,76.0,6.0,6.0
2021-08-05 08:38:07,89.0,79.0,7.0,3.0
2021-08-05 08:38:08,100.0,91.0,5.0,4.0
2021-08-05 08:38:09,96.0,88.0,4.0,4.0
2021-08-05 08:38:10,84.0,76.0,2.0,6.0
2021-08-05 08:38:11,85.0,76.0,2.0,7.0
2021-08-05 08:38:12,84.0,76.0,7.0,1.0
2021-08-05 08:38:13,86.0,73.0,7.0,6.0
2021-08-05 08:38:14,93.0,85.0,6.0,2.0
2021-08-05 08:38:15,83.0,76.0,1.0,6.0
2021-08-05 08:38:16,88.0,80.0,4.0,4.0
2021-08-05 08:38:17,89.0,78.0,6.0,5.0
2021-08-05 08:38:18,84.0,69.0,9.0,6.0
2021-08-05 08:38:19,80.0,67.0,9.0,4.0
2021-08-05 08:38:20,103.0,91.0,8.0,4.0
2021-08-05 08:38:21,102.0,92.0,6.0,4.0
2021-08-05 08:38:22,95.0,80.0,8.0,7.0
2021-08-05 08:38:23,101.0,90.0,7.0,4.0
2021-08-05 08:38:24,79.0,70.0,7.0,2.0
2021-08-05 08:38:25,103.0,94.0,5.0,4.0
2021-08-05 08:38:26,87.0,75.0,5.0,7.0
2021-08-05 08:38:27,70.0,60.0,5.0,5.0
2021-08-05 08:38:28,100.0,90.0,7.0,3.0
2021-08-05 08:38:29,76.0,64.0,10.0,2.0
2021-08-05 08:38:30,88.0,80.0,3.0,5.0
2021-08-05 08:38:31,96.0,83.0,9.0,4.0
2021-08-05 08:38:32,88.0,78.0,6.0,4.0
2021-08-05 08:38:33,79.0,71.0,2.0,6.0
2021-08-05 08:38:34,72.0,65.0,5.0,2.0
2021-08-05 08:38:35,97.0,79.0,11.0,7.0
2021-08-05 08:38:36,90.0,76.0,9.0,5.0
2021-08-05 08:38:37,99.0,88.0,6.0,5.0
2021-08-05 08:38:38,97.0,86.0,5.0,6.0
2021-08-05 08:38:39,90.0,75.0,11.0,4.0
2021-08-05 08:38:40,86.0,81.0,2.0,3.0
2021-08-05 08:38:41,89.0,83.0,2.0,4.0
2021-08-05 08:38:42,92.0,78.0,9.0,5.0
2021-08-05 08:38:43,80.0,67.0,10.0,3.0
2021-08-05 08:38:44,78.0,67.0,5.0,6.0
2021-08-05 08:38:45,91.0,78.0,8.0,5.0
2021-08-05 08:38:46,85.0,79.0,3.0,3.0
2021-08-05 08:38:47,96.0,84.0,8.0,4.0
2021-08-05 08:38:48,87.0,79.0,8.0,0.0
2021-08-05 08:38:49,86.0,73.0,4.0,9.0
2021-08-05 08:38:50,96.0,88.0,4.0,4.0
2021-08-05 08:38:51,90.0,81.0,6.0,3.0
2021-08-05 08:38:52,83.0,69.0,7.0,7.0
2021-08-05 08:38:53,96.0,88.0,6.0,2.0
2021-08-05 08:38:54,79.0,71.0,1.0,7.0
2021-08-05 08:38:55,87.0,77.0,5.0,5.0
2021-08-05 08:38:56,95.0,84.0,7.0,4.0
2021-08-05 08:38:57,87.0,74.0,11.0,2.0
2021-08-05 08:38:58,91.0,80.0,5.0,6.0
2021-08-05 08:38:59,83.0,73.0,8.0,2.0
2021-08-05 08:39:00,101.0,88.0,8.0,5.0
2021-08-05 08:39:01,80.0,71.0,7.0,2.0
2021-08-05 08:39:02,100.0,86.0,7.0,7.0
2021-08-05 08:39:03,79.0,71.0,5.0,3.0
2021-08-05 08:39:04,76.0,63.0,6.0,7.0
2021-08-05 08:39:05,76.0,69.0,5.0,2.0
2021-08-05 08:39:06,91.0,80.0,6.0,5.0
2021-08-05 08:39:07,87.0,83.0,2.0,2.0
2021-08-05 08:39:08,94.0,76.0,13.0,5.0
2021-08-05 08:39:09,82.0,67.0,11.0,4.0
2021-08-05 08:39:10,98.0,87.0,4.0,7.0
2021-08-05 08:39:11,82.0,73.0,8.0,1.0
2021-08-05 08:39:12,95.0,81.0,9.0,5.0
2021-08-05 08:39:13,93.0,83.0,8.0,2.0
2021-08-05 08:39:14,98.0,86.0,7.0,5.0
2021-08-05 08:39:15,87.0,82.0,3.0,2.0
2021-08-05 08:39:16,93.0,78.0,9.0,6.0
2021-08-05 08:39:17,83.0,69.0,11.0,3.0
2021-08-05 08:39:18,75.0,63.0,6.0,6.0
2021-08-05 08:39:19,78.0,71.0,2.0,5.0
2021-08-05 08:39:20,84.0,74.0,5.0,5.0
2021-08-05 08:39:21,82.0,71.0,6.0,5.0
2021-08-05 08:39:22,86.0,72.0,11.0,3.0
2021-08-05 08:39:23,84.0,72.0,9.0,3.0
2021-08-05 08:39:24,96.0,89.0,3.0,4.0
2021-08-05 08:39:25,83.0,70.0,10.0,3.0
2021-08-05 08:39:26,97.0,83.0,11.0,3.0
2021-08-05 08:39:27,99.0,87.0,8.0,4.0
2021-08-05 08:39:28,96.0,87.0,8.0,1.0
2021-08-05 08:39:29,81.0,68.0,8.0,5.0
2021-08-05 08:39:30,65.0,61.0,1.0,3.0
2021-08-05 08:39:31,114.0,99.0,7.0,8.0
2021-08-05 08:39:32,90.0,81.0,5.0,4.0
2021-08-05 08:39:33,107.0,94.0,5.0,8.0
2021-08-05 08:39:34,99.0,88.0,6.0,5.0
2021-08-05 08:39:35,98.0,84.0,10.0,4.0
2021-08-05 08:39:36,82.0,73.0,5.0,4.0
2021-08-05 08:39:37,98.0,89.0,6.0,3.0
2021-08-05 08:39:38,89.0,78.0,4.0,7.0
2021-08-05 08:39:39,88.0,81.0,4.0,3.0
2021-08-05 08:39:40,102.0,85.0,13.0,4.0
2021-08-05 08:39:41,79.0,65.0,9.0,5.0
2021-08-05 08:39:42,91.0,80.0,8.0,3.0
2021-08-05 08:39:43,80.0,71.0,4.0,5.0
2021-08-05 08:39:44,90.0,76.0,8.0,6.0
2021-08-05 08:39:45,78.0,67.0,7.0,4.0
2021-08-05 08:39:46,86.0,67.0,13.0,6.0
2021-08-05 08:39:47,102.0,91.0,8.0,3.0
2021-08-05 08:39:48,75.0,67.0,3.0,5.0
2021-08-05 08:39:49,83.0,70.0,7.0,6.0
2021-08-05 08:39:50,88.0,80.0,4.0,4.0
2021-08-05 08:39:51,99.0,93.0,4.0,2.0
2021-08-05 08:39:52,75.0,64.0,6.0,5.0
2021-08-05 08:39:53,93.0,75.0,11.0,7.0
2021-08-05 08:39:54,85.0,74.0,8.0,3.0
2021-08-05 08:39:55,99.0,87.0,4.0,8.0
2021-08-05 08:39:56,95.0,86.0,5.0,4.0
2021-08-05 08:39:57,95.0,89.0,3.0,3.0
2021-08-05 08:39:58,99.0,92.0,4.0,3.0
2021-08-05 08:39:59,88.0,80.0,3.0,5.0
2021-08-05 08:40:00,93.0,84.0,4.0,5.0
2021-08-05 08:40:01,84.0,77.0,6.0,1.0
2021-08-05 08:40:02,83.0,74.0,7.0,2.0
2021-08-05 08:40:03,79.0,61.0,14.0,4.0
2021-08-05 08:40:04,98.0,90.0,5.0,3.0
2021-08-05 08:40:05,103.0,88.0,11.0,4.0
2021-08-05 08:40:06,92.0,82.0,5.0,5.0
2021-08-05 08:40:07,90.0,85.0,3.0,2.0
2021-08-05 08:40:08,92.0,85.0,3.0,4.0
2021-08-05 08:40:09,104.0,90.0,8.0,6.0
2021-08-05 08:40:10,81.0,72.0,5.0,4.0
2021-08-05 08:40:11,80.0,68.0,7.0,5.0
2021-08-05 08:40:12,110.0,97.0,9.0,4.0
2021-08-05 08:40:13,86.0,77.0,4.0,5.0
2021-08-05 08:40:14,109.0,97.0,10.0,2.0
2021-08-05 08:40:15,79.0,70.0,5.0,4.0
2021-08-05 08:40:16,107.0,89.0,12.0,6.0
2021-08-05 08:40:17,102.0,85.0,9.0,8.0
2021-08-05 08:40:18,91.0,74.0,12.0,5.0
2021-08-05 08:40:19,84.0,71.0,5.0,8.0
2021-08-05 08:40:20,84.0,74.0,6.0,4.0
2021-08-05 08:40:21,80.0,69.0,2.0,9.0
2021-08-05 08:40:22,84.0,72.0,5.0,7.0
2021-08-05 08:40:23,98.0,84.0,8.0,6.0
2021-08-05 08:40:24,87.0,76.0,9.0,2.0
2021-08-05 08:40:25,75.0,66.0,6.0,3.0
2021-08-05 08:40:26,93.0,83.0,4.0,6.0
2021-08-05 08:40:27,100.0,88.0,6.0,6.0
2021-08-05 08:40:28,78.0,70.0,5.0,3.0
2021-08-05 08:40:29,80.0,73.0,5.0,2.0
2021-08-05 08:40:30,92.0,84.0,5.0,3.0
2021-08-05 08:40:31,97.0,82.0,12.0,3.0
2021-08-05 08:40:32,91.0,82.0,5.0,4.0
2021-08-05 08:40:33,73.0,63.0,9.0,1.0
2021-08-05 08:40:34,77.0,65.0,5.0,7.0
2021-08-05 08:40:35,104.0,92.0,8.0,4.0
2021-08-05 08:40:36,82.0,75.0,5.0,2.0
2021-08-05 08:40:37,83.0,77.0,5.0,1.0
2021-08-05 08:40:38,99.0,89.0,5.0,5.0
2021-08-05 08:40:39,91.0,82.0,7.0,2.0
2021-08-05 08:40:40,92.0,82.0,6.0,4.0
2021-08-05 08:40:41,81.0,72.0,6.0,3.0
2021-08-05 08:40:42,105.0,90.0,9.0,6.0
2021-08-05 08:40:43,102.0,87.0,10.0,5.0
2021-08-05 08:40:44,84.0,74.0,6.0,4.0
2021-08-05 08:40:45,83.0,77.0,3.0,3.0
2021-08-05 08:40:46,78.0,64.0,10.0,4.0
2021-08-05 08:40:47,92.0,77.0,10.0,5.0
2021-08-05 08:40:48,81.0,72.0,4.0,5.0
2021-08-05 08:40:49,115.0,106.0,5.0,4.0
2021-08-05 08:40:50,69.0,63.0,4.0,2.0
2021-08-05 08:40:51,76.0,67.0,4.0,5.0
2021-08-05 08:40:52,92.0,81.0,6.0,5.0
2021-08-05 08:40:53,94.0,83.0,8.0,3.0
2021-08-05 08:40:54,87.0,71.0,11.0,5.0
2021-08-05 08:40:55,92.0,80.0,9.0,3.0
2021-08-05 08:40:56,91.0,75.0,11.0,5.0
2021-08-05 08:40:57,81.0,73.0,6.0,2.0
2021-08-05 08:40:58,84.0,77.0,4.0,3.0
2021-08-05 08:40:59,85.0,74.0,7.0,4.0
2021-08-05 08:41:00,78.0,68.0,7.0,3.0
2021-08-05 08:41:01,86.0,74.0,10.0,2.0
2021-08-05 08:41:02,92.0,82.0,7.0,3.0
2021-08-05 08:41:03,95.0,84.0,6.0,5.0
2021-08-05 08:41:04,76.0,64.0,6.0,6.0
2021-08-05 08:41:05,76.0,67.0,7.0,2.0
2021-08-05 08:41:06,94.0,83.0,9.0,2.0
2021-08-05 08:41:07,99.0,83.0,9.0,7.0
2021-08-05 08:41:08,88.0,79.0,6.0,3.0
2021-08-05 08:41:09,84.0,73.0,6.0,5.0
2021-08-05 08:41:10,90.0,82.0,6.0,2.0
2021-08-05 08:41:11,73.0,64.0,4.0,5.0
2021-08-05 08:41:12,96.0,91.0,3.0,2.0
2021-08-05 08:41:13,83.0,68.0,10.0,5.0
2021-08-05 08:41:14,93.0,80.0,6.0,7.0
2021-08-05 08:41:15,86.0,79.0,5.0,2.0
2021-08-05 08:41:16,89.0,79.0,7.0,3.0
2021-08-05 08:41:17,90.0,84.0,5.0,1.0
2021-08-05 08:41:18,92.0,79.0,7.0,6.0
2021-08-05 08:41:19,82.0,70.0,9.0,3.0
2021-08-05 08:41:20,82.0,72.0,8.0,2.0
2021-08-05 08:41:21,87.0,78.0,5.0,4.0
2021-08-05 08:41:22,100.0,88.0,8.0,4.0
2021-08-05 08:41:23,88.0,75.0,6.0,7.0
2021-08-05 08:41:24,75.0,65.0,4.0,6.0
2021-08-05 08:41:25,76.0,64.0,9.0,3.0
2021-08-05 08:41:26,83.0,71.0,9.0,3.0
2021-08-05 08:41:27,95.0,85.0,6.0,4.0
2021-08-05 08:41:28,87.0,79.0,6.0,2.0
2021-08-05 08:41:29,68.0,59.0,7.0,2.0
2021-08-05 08:41:30,96.0,87.0,6.0,3.0
2021-08-05 08:41:31,83.0,76.0,5.0,2.0
2021-08-05 08:41:32,82.0,74.0,5.0,3.0
2021-08-05 08:41:33,95.0,81.0,6.0,8.0
2021-08-05 08:41:34,86.0,78.0,4.0,4.0
2021-08-05 08:41:35,95.0,80.0,10.0,5.0
2021-08-05 08:41:36,100.0,89.0,7.0,4.0
2021-08-05 08:41:37,76.0,62.0,6.0,8.0
2021-08-05 08:41:38,92.0,88.0,3.0,1.0
2021-08-05 08:41:39,85.0,75.0,5.0,5.0
2021-08-05 08:41:40,76.0,67.0,6.0,3.0
2021-08-05 08:41:41,86.0,71.0,8.0,7.0
2021-08-05 08:41:42,87.0,72.0,12.0,3.0
2021-08-05 08:41:43,105.0,91.0,9.0,5.0
2021-08-05 08:41:44,93.0,81.0,9.0,3.0
2021-08-05 08:41:45,77.0,64.0,10.0,3.0
2021-08-05 08:41:46,98.0,88.0,7.0,3.0
2021-08-05 08:41:47,90.0,83.0,2.0,5.0
2021-08-05 08:41:48,84.0,73.0,7.0,4.0
2021-08-05 08:41:49,79.0,70.0,3.0,6.0
2021-08-05 08:41:50,90.0,84.0,4.0,2.0
2021-08-05 08:41:51,94.0,81.0,9.0,4.0
2021-08-05 08:41:52,86.0,75.0,8.0,3.0
2021-08-05 08:41:53,88.0,78.0,8.0,2.0
2021-08-05 08:41:54,89.0,75.0,6.0,8.0
2021-08-05 08:41:55,77.0,69.0,7.0,1.0
2021-08-05 08:41:56,97.0,85.0,8.0,4.0
2021-08-05 08:41:57,88.0,78.0,7.0,3.0
2021-08-05 08:41:58,81.0,74.0,2.0,5.0
2021-08-05 08:41:59,73.0,63.0,6.0,4.0
2021-08-05 08:42:00,85.0,75.0,7.0,3.0
2021-08-05 08:42:01,91.0,84.0,4.0,3.0
2021-08-05 08:42:02,79.0,70.0,4.0,5.0
2021-08-05 08:42:03,89.0,78.0,8.0,3.0
2021-08-05 08:42:04,86.0,78.0,4.0,4.0
2021-08-05 08:42:05,79.0,69.0,5.0,5.0
2021-08-05 08:42:06,76.0,68.0,6.0,2.0
2021-08-05 08:42:07,88.0,77.0,8.0,3.0
2021-08-05 08:42:08,86.0,71.0,8.0,7.0
2021-08-05 08:42:09,102.0,90.0,8.0,4.0
2021-08-05 08:42:10,83.0,74.0,7.0,2.0
2021-08-05 08:42:11,85.0,72.0,6.0,7.0
2021-08-05 08:42:12,82.0,76.0,3.0,3.0
2021-08-05 08:42:13,83.0,77.0,6.0,0.0
2021-08-05 08:42:14,84.0,76.0,6.0,2.0
2021-08-05 08:42:15,96.0,80.0,9.0,7.0
2021-08-05 08:42:16,86.0,74.0,6.0,6.0
2021-08-05 08:42:17,99.0,86.0,7.0,6.0
2021-08-05 08:42:18,95.0,79.0,11.0,5.0
2021-08-05 08:42:19,82.0,72.0,9.0,1.0
2021-08-05 08:42:20,100.0,87.0,11.0,2.0
2021-08-05 08:42:21,84.0,71.0,9.0,4.0
2021-08-05 08:42:22,95.0,84.0,8.0,3.0
2021-08-05 08:42:23,98.0,80.0,5.0,13.0
2021-08-05 08:42:24,101.0,91.0,5.0,5.0
2021-08-05 08:42:25,81.0,71.0,6.0,4.0
2021-08-05 08:42:26,79.0,72.0,4.0,3.0
2021-08-05 08:42:27,92.0,80.0,9.0,3.0
2021-08-05 08:42:28,109.0,96.0,7.0,6.0
2021-08-05 08:42:29,81.0,71.0,5.0,5.0
2021-08-05 08:42:30,79.0,70.0,5.0,4.0
2021-08-05 08:42:31,93.0,87.0,5.0,1.0
2021-08-05 08:42:32,81.0,73.0,5.0,3.0
2021-08-05 08:42:33,83.0,72.0,8.0,3.0
2021-08-05 08:42:34,87.0,76.0,5.0,6.0
2021-08-05 08:42:35,83.0,72.0,6.0,5.0
2021-08-05 08:42:36,88.0,71.0,13.0,4.0
2021-08-05 08:42:37,83.0,77.0,2.0,4.0
2021-08-05 08:42:38,93.0,78.0,11.0,4.0
2021-08-05 08:42:39,81.0,74.0,4.0,3.0
2021-08-05 08:42:40,91.0,84.0,7.0,0.0
2021-08-05 08:42:41,98.0,86.0,8.0,4.0
2021-08-05 08:42:42,84.0,70.0,8.0,6.0
2021-08-05 08:42:43,89.0,81.0,6.0,2.0
2021-08-05 08:42:44,88.0,78.0,7.0,3.0
2021-08-05 08:42:45,94.0,84.0,8.0,2.0
2021-08-05 08:42:46,77.0,69.0,5.0,3.0
2021-08-05 08:42:47,85.0,77.0,4.0,4.0
2021-08-05 08:42:48,90.0,79.0,7.0,4.0
2021-08-05 08:42:49,107.0,98.0,6.0,3.0
2021-08-05 08:42:50,102.0,87.0,10.0,5.0
2021-08-05 08:42:51,86.0,78.0,7.0,1.0
2021-08-05 08:42:52,96.0,86.0,4.0,6.0
2021-08-05 08:42:53,103.0,91.0,7.0,5.0
2021-08-05 08:42:54,80.0,69.0,8.0,3.0
2021-08-05 08:42:55,71.0,59.0,9.0,3.0
2021-08-05 08:42:56,99.0,90.0,5.0,4.0
2021-08-05 08:42:57,99.0,82.0,12.0,5.0
2021-08-05 08:42:58,68.0,55.0,7.0,6.0
2021-08-05 08:42:59,80.0,70.0,7.0,3.0
2021-08-05 08:43:00,99.0,86.0,9.0,4.0
2021-08-05 08:43:01,83.0,72.0,7.0,4.0
2021-08-05 08:43:02,77.0,70.0,1.0,6.0
2021-08-05 08:43:03,92.0,84.0,6.0,2.0
2021-08-05 08:43:04,91.0,81.0,7.0,3.0
2021-08-05 08:43:05,93.0,75.0,11.0,7.0
2021-08-05 08:43:06,89.0,71.0,12.0,6.0
2021-08-05 08:43:07,76.0,61.0,9.0,6.0
2021-08-05 08:43:08,87.0,82.0,5.0,0.0
2021-08-05 08:43:09,92.0,85.0,5.0,2.0
2021-08-05 08:43:10,86.0,78.0,3.0,5.0
2021-08-05 08:43:11,88.0,78.0,5.0,5.0
2021-08-05 08:43:12,91.0,80.0,6.0,5.0
2021-08-05 08:43:13,81.0,74.0,4.0,3.0
2021-08-05 08:43:14,102.0,86.0,6.0,10.0
2021-08-05 08:43:15,95.0,84.0,3.0,8.0
2021-08-05 08:43:16,87.0,79.0,3.0,5.0
2021-08-05 08:43:17,79.0,73.0,4.0,2.0
2021-08-05 08:43:18,91.0,80.0,7.0,4.0
2021-08-05 08:43:19,94.0,81.0,9.0,4.0
2021-08-05 08:43:20,89.0,80.0,4.0,5.0
2021-08-05 08:43:21,95.0,81.0,7.0,7.0
2021-08-05 08:43:22,77.0,66.0,6.0,5.0
2021-08-05 08:43:23,90.0,78.0,9.0,3.0
2021-08-05 08:43:24,79.0,65.0,10.0,4.0
2021-08-05 08:43:25,87.0,81.0,3.0,3.0
2021-08-05 08:43:26,95.0,83.0,7.0,5.0
2021-08-05 08:43:27,111.0,100.0,3.0,8.0
2021-08-05 08:43:28,91.0,81.0,7.0,3.0
2021-08-05 08:43:29,94.0,85.0,7.0,2.0
2021-08-05 08:43:30,87.0,78.0,6.0,3.0
2021-08-05 08:43:31,85.0,81.0,2.0,2.0
2021-08-05 08:43:32,92.0,79.0,7.0,6.0
2021-08-05 08:43:33,100.0,86.0,12.0,2.0
2021-08-05 08:43:34,80.0,71.0,5.0,4.0
2021-08-05 08:43:35,104.0,92.0,8.0,4.0
2021-08-05 08:43:36,94.0,84.0,5.0,5.0
2021-08-05 08:43:37,82.0,74.0,6.0,2.0
2021-08-05 08:43:38,86.0,79.0,6.0,1.0
2021-08-05 08:43:39,110.0,102.0,6.0,2.0
2021-08-05 08:43:40,84.0,75.0,5.0,4.0
2021-08-05 08:43:41,83.0,73.0,6.0,4.0
2021-08-05 08:43:42,89.0,81.0,3.0,5.0
2021-08-05 08:43:43,85.0,83.0,1.0,1.0
2021-08-05 08:43:44,71.0,58.0,7.0,6.0
2021-08-05 08:43:45,83.0,72.0,8.0,3.0
2021-08-05 08:43:46,90.0,83.0,5.0,2.0
2021-08-05 08:43:47,89.0,77.0,7.0,5.0
2021-08-05 08:43:48,88.0,75.0,9.0,4.0
2021-08-05 08:43:49,104.0,94.0,7.0,3.0
2021-08-05 08:43:50,95.0,86.0,5.0,4.0
2021-08-05 08:43:51,79.0,69.0,3.0,7.0
2021-08-05 08:43:52,84.0,73.0,7.0,4.0
2021-08-05 08:43:53,76.0,68.0,6.0,2.0
2021-08-05 08:43:54,84.0,69.0,8.0,7.0
2021-08-05 08:43:55,90.0,82.0,3.0,5.0
2021-08-05 08:43:56,91.0,79.0,10.0,2.0
2021-08-05 08:43:57,105.0,97.0,3.0,5.0
2021-08-05 08:43:58,85.0,80.0,3.0,2.0
2021-08-05 08:43:59,85.0,74.0,8.0,3.0
2021-08-05 08:44:00,82.0,70.0,7.0,5.0
2021-08-05 08:44:01,83.0,75.0,4.0,4.0
2021-08-05 08:44:02,90.0,78.0,9.0,3.0
2021-08-05 08:44:03,83.0,73.0,4.0,6.0
2021-08-05 08:44:04,93.0,84.0,6.0,3.0
2021-08-05 08:44:05,78.0,72.0,3.0,3.0
2021-08-05 08:44:06,95.0,90.0,2.0,3.0
2021-08-05 08:44:07,77.0,69.0,6.0,2.0
2021-08-05 08:44:08,81.0,78.0,2.0,1.0
2021-08-05 08:44:09,92.0,86.0,3.0,3.0
2021-08-05 08:44:10,78.0,70.0,6.0,2.0
2021-08-05 08:44:11,96.0,89.0,5.0,2.0
2021-08-05 08:44:12,80.0,75.0,3.0,2.0
2021-08-05 08:44:13,78.0,70.0,5.0,3.0
2021-08-05 08:44:14,82.0,72.0,3.0,7.0
2021-08-05 08:44:15,79.0,73.0,5.0,1.0
2021-08-05 08:44:16,101.0,90.0,4.0,7.0
2021-08-05 08:44:17,101.0,91.0,5.0,5.0
2021-08-05 08:44:18,104.0,86.0,12.0,6.0
2021-08-05 08:44:19,94.0,81.0,9.0,4.0
2021-08-05 08:44:20,100.0,89.0,6.0,5.0
2021-08-05 08:44:21,94.0,87.0,6.0,1.0
2021-08-05 08:44:22,85.0,74.0,8.0,3.0
2021-08-05 08:44:23,76.0,68.0,4.0,4.0
2021-08-05 08:44:24,90.0,78.0,10.0,2.0
2021-08-05 08:44:25,88.0,82.0,4.0,2.0
2021-08-05 08:44:26,98.0,88.0,6.0,4.0
2021-08-05 08:44:27,92.0,82.0,7.0,3.0
2021-08-05 08:44:28,94.0,81.0,10.0,3.0
2021-08-05 08:44:29,84.0,70.0,8.0,6.0
2021-08-05 08:44:30,99.0,83.0,13.0,3.0
2021-08-05 08:44:31,90.0,82.0,4.0,4.0
2021-08-05 08:44:32,96.0,82.0,10.0,4.0
2021-08-05 08:44:33,98.0,89.0,5.0,4.0
2021-08-05 08:44:34,95.0,89.0,3.0,3.0
2021-08-05 08:44:35,73.0,65.0,6.0,2.0
2021-08-05 08:44:36,98.0,90.0,6.0,2.0
2021-08-05 08:44:37,89.0,77.0,8.0,4.0
2021-08-05 08:44:38,94.0,84.0,8.0,2.0
2021-08-05 08:44:39,83.0,74.0,8.0,1.0
2021-08-05 08:44:40,73.0,67.0,3.0,3.0
2021-08-05 08:44:41,101.0,87.0,10.0,4.0
2021-08-05 08:44:42,95.0,83.0,9.0,3.0
2021-08-05 08:44:43,87.0,74.0,6.0,7.0
2021-08-05 08:44:44,77.0,66.0,6.0,5.0
2021-08-05 08:44:45,85.0,75.0,7.0,3.0
2021-08-05 08:44:46,76.0,70.0,3.0,3.0
2021-08-05 08:44:47,88.0,81.0,6.0,1.0
2021-08-05 08:44:48,87.0,68.0,13.0,6.0
2021-08-05 08:44:49,80.0,77.0,1.0,2.0
2021-08-05 08:44:50,96.0,85.0,4.0,7.0
2021-08-05 08:44:51,65.0,56.0,4.0,5.0
2021-08-05 08:44:52,87.0,71.0,10.0,6.0
2021-08-05 08:44:53,105.0,94.0,7.0,4.0
2021-08-05 08:44:54,88.0,75.0,4.0,9.0
2021-08-05 08:44:55,92.0,81.0,6.0,5.0
2021-08-05 08:44:56,90.0,80.0,6.0,4.0
2021-08-05 08:44:57,96.0,79.0,10.0,7.0
2021-08-05 08:44:58,85.0,78.0,4.0,3.0
2021-08-05 08:44:59,107.0,93.0,7.0,7.0
2021-08-05 08:45:00,76.0,65.0,7.0,4.0
2021-08-05 08:45:01,74.0,67.0,1.0,6.0
2021-08-05 08:45:02,76.0,70.0,2.0,4.0
2021-08-05 08:45:03,92.0,83.0,4.0,5.0
2021-08-05 08:45:04,107.0,97.0,5.0,5.0
2021-08-05 08:45:05,75.0,60.0,6.0,9.0
2021-08-05 08:45:06,68.0,58.0,7.0,3.0
2021-08-05 08:45:07,100.0,84.0,12.0,4.0
2021-08-05 08:45:08,96.0,82.0,7.0,7.0
2021-08-05 08:45:09,86.0,77.0,6.0,3.0
2021-08-05 08:45:10,94.0,83.0,5.0,6.0
2021-08-05 08:45:11,67.0,54.0,10.0,3.0
2021-08-05 08:45:12,80.0,75.0,3.0,2.0
2021-08-05 08:45:13,90.0,82.0,5.0,3.0
2021-08-05 08:45:14,75.0,65.0,5.0,5.0
2021-08-05 08:45:15,99.0,86.0,8.0,5.0
2021-08-05 08:45:16,90.0,79.0,5.0,6.0
2021-08-05 08:45:17,100.0,88.0,4.0,8.0
2021-08-05 08:45:18,86.0,79.0,3.0,4.0
2021-08-05 08:45:19,98.0,92.0,5.0,1.0
2021-08-05 08:45:20,83.0,65.0,10.0,8.0
2021-08-05 08:45:21,85.0,79.0,3.0,3.0
2021-08-05 08:45:22,78.0,68.0,5.0,5.0
2021-08-05 08:45:23,94.0,81.0,6.0,7.0
2021-08-05 08:45:24,86.0,75.0,9.0,2.0
2021-08-05 08:45:25,91.0,79.0,5.0,7.0
2021-08-05 08:45:26,99.0,87.0,10.0,2.0
2021-08-05 08:45:27,83.0,78.0,3.0,2.0
2021-08-05 08:45:28,104.0,99.0,3.0,2.0
2021-08-05 08:45:29,81.0,77.0,2.0,2.0
2021-08-05 08:45:30,90.0,78.0,5.0,7.0
2021-08-05 08:45:31,98.0,87.0,7.0,4.0
2021-08-05 08:45:32,78.0,69.0,6.0,3.0
2021-08-05 08:45:33,76.0,66.0,6.0,4.0
2021-08-05 08:45:34,77.0,68.0,5.0,4.0
2021-08-05 08:45:35,86.0,80.0,3.0,3.0
2021-08-05 08:45:36,111.0,101.0,8.0,2.0
2021-08-05 08:45:37,97.0,86.0,6.0,5.0
2021-08-05 08:45:38,83.0,72.0,7.0,4.0
2021-08-05 08:45:39,78.0,63.0,9.0,6.0
2021-08-05 08:45:40,72.0,67.0,4.0,1.0
2021-08-05 08:45:41,104.0,92.0,6.0,6.0
2021-08-05 08:45:42,90.0,72.0,14.0,4.0
2021-08-05 08:45:43,86.0,73.0,5.0,8.0
2021-08-05 08:45:44,105.0,90.0,11.0,4.0
2021-08-05 08:45:45,90.0,75.0,6.0,9.0
2021-08-05 08:45:46,70.0,62.0,6.0,2.0
2021-08-05 08:45:47,92.0,82.0,8.0,2.0
2021-08-05 08:45:48,91.0,82.0,5.0,4.0
2021-08-05 08:45:49,73.0,62.0,7.0,4.0
2021-08-05 08:45:50,88.0,76.0,9.0,3.0
2021-08-05 08:45:51,80.0,68.0,8.0,4.0
2021-08-05 08:45:52,72.0,60.0,8.0,4.0
2021-08-05 08:45:53,90.0,75.0,7.0,8.0
2021-08-05 08:45:54,76.0,69.0,4.0,3.0
2021-08-05 08:45:55,85.0,71.0,10.0,4.0
2021-08-05 08:45:56,81.0,69.0,7.0,5.0
2021-08-05 08:45:57,82.0,71.0,10.0,1.0
2021-08-05 08:45:58,74.0,62.0,6.0,6.0
2021-08-05 08:45:59,76.0,66.0,7.0,3.0
2021-08-05 08:46:00,94.0,86.0,5.0,3.0
2021-08-05 08:46:01,82.0,76.0,6.0,0.0
2021-08-05 08:46:02,80.0,74.0,4.0,2.0
2021-08-05 08:46:03,87.0,74.0,8.0,5.0
2021-08-05 08:46:04,104.0,95.0,2.0,7.0
2021-08-05 08:46:05,87.0,72.0,10.0,5.0
2021-08-05 08:46:06,99.0,91.0,7.0,1.0
2021-08-05 08:46:07,80.0,66.0,7.0,7.0
2021-08-05 08:46:08,95.0,87.0,3.0,5.0
2021-08-05 08:46:09,86.0,78.0,4.0,4.0
2021-08-05 08:46:10,90.0,83.0,3.0,4.0
2021-08-05 08:46:11,84.0,69.0,9.0,6.0
2021-08-05 08:46:12,84.0,72.0,6.0,6.0
2021-08-05 08:46:13,93.0,80.0,6.0,7.0
2021-08-05 08:46:14,77.0,69.0,3.0,5.0
2021-08-05 08:46:15,88.0,84.0,3.0,1.0
2021-08-05 08:46:16,103.0,87.0,10.0,6.0
2021-08-05 08:46:17,85.0,74.0,6.0,5.0
2021-08-05 08:46:18,83.0,71.0,6.0,6.0
2021-08-05 08:46:19,91.0,83.0,5.0,3.0
2021-08-05 08:46:20,62.0,52.0,7.0,3.0
2021-08-05 08:46:21,87.0,73.0,11.0,3.0
2021-08-05 08:46:22,85.0,73.0,6.0,6.0
2021-08-05 08:46:23,85.0,74.0,8.0,3.0
2021-08-05 08:46:24,86.0,79.0,3.0,4.0
2021-08-05 08:46:25,76.0,61.0,9.0,6.0
2021-08-05 08:46:26,86.0,74.0,6.0,6.0
2021-08-05 08:46:27,116.0,102.0,7.0,7.0
2021-08-05 08:46:28,91.0,79.0,6.0,6.0
2021-08-05 08:46:29,84.0,74.0,2.0,8.0
2021-08-05 08:46:30,89.0,78.0,7.0,4.0
2021-08-05 08:46:31,77.0,68.0,5.0,4.0
2021-08-05 08:46:32,75.0,67.0,4.0,4.0
2021-08-05 08:46:33,100.0,86.0,10.0,4.0
2021-08-05 08:46:34,93.0,81.0,7.0,5.0
2021-08-05 08:46:35,84.0,73.0,8.0,3.0
2021-08-05 08:46:36,79.0,72.0,7.0,0.0
2021-08-05 08:46:37,102.0,90.0,7.0,5.0
2021-08-05 08:46:38,95.0,85.0,5.0,5.0
2021-08-05 08:46:39,80.0,72.0,6.0,2.0
2021-08-05 08:46:40,83.0,75.0,4.0,4.0
2021-08-05 08:46:41,97.0,83.0,13.0,1.0
2021-08-05 08:46:42,85.0,73.0,3.0,9.0
2021-08-05 08:46:43,77.0,69.0,4.0,4.0
2021-08-05 08:46:44,81.0,72.0,5.0,4.0
2021-08-05 08:46:45,76.0,69.0,5.0,2.0
2021-08-05 08:46:46,85.0,74.0,7.0,4.0
2021-08-05 08:46:47,86.0,79.0,2.0,5.0
2021-08-05 08:46:48,85.0,74.0,10.0,1.0
2021-08-05 08:46:49,94.0,86.0,4.0,4.0
2021-08-05 08:46:50,86.0,75.0,7.0,4.0
2021-08-05 08:46:51,89.0,75.0,8.0,6.0
2021-08-05 08:46:52,83.0,72.0,9.0,2.0
2021-08-05 08:46:53,93.0,86.0,5.0,2.0
2021-08-05 08:46:54,88.0,81.0,2.0,5.0
2021-08-05 08:46:55,86.0,77.0,5.0,4.0
2021-08-05 08:46:56,80.0,75.0,3.0,2.0
2021-08-05 08:46:57,87.0,77.0,4.0,6.0
2021-08-05 08:46:58,101.0,88.0,6.0,7.0
2021-08-05 08:46:59,93.0,80.0,6.0,7.0
2021-08-05 08:47:00,96.0,86.0,5.0,5.0
2021-08-05 08:47:01,92.0,81.0,9.0,2.0
2021-08-05 08:47:02,82.0,72.0,6.0,4.0
2021-08-05 08:47:03,83.0,72.0,5.0,6.0
2021-08-05 08:47:04,75.0,71.0,2.0,2.0
2021-08-05 08:47:05,95.0,86.0,5.0,4.0
2021-08-05 08:47:06,84.0,70.0,10.0,4.0
2021-08-05 08:47:07,82.0,73.0,6.0,3.0
2021-08-05 08:47:08,87.0,78.0,6.0,3.0
2021-08-05 08:47:09,90.0,78.0,5.0,7.0
2021-08-05 08:47:10,65.0,56.0,6.0,3.0
2021-08-05 08:47:11,82.0,71.0,7.0,4.0
2021-08-05 08:47:12,72.0,64.0,2.0,6.0
2021-08-05 08:47:13,93.0,85.0,4.0,4.0
2021-08-05 08:47:14,77.0,69.0,7.0,1.0
2021-08-05 08:47:15,91.0,81.0,8.0,2.0
2021-08-05 08:47:16,87.0,75.0,6.0,6.0
2021-08-05 08:47:17,100.0,89.0,6.0,5.0
2021-08-05 08:47:18,101.0,86.0,11.0,4.0
2021-08-05 08:47:19,80.0,74.0,4.0,2.0
2021-08-05 08:47:20,94.0,86.0,3.0,5.0
2021-08-05 08:47:21,74.0,67.0,4.0,3.0
2021-08-05 08:47:22,88.0,74.0,10.0,4.0
2021-08-05 08:47:23,78.0,67.0,7.0,4.0
2021-08-05 08:47:24,87.0,76.0,4.0,7.0
2021-08-05 08:47:25,82.0,74.0,5.0,3.0
2021-08-05 08:47:26,84.0,76.0,4.0,4.0
2021-08-05 08:47:27,83.0,78.0,5.0,0.0
2021-08-05 08:47:28,94.0,82.0,6.0,6.0
2021-08-05 08:47:29,93.0,88.0,1.0,4.0
2021-08-05 08:47:30,89.0,76.0,10.0,3.0
2021-08-05 08:47:31,75.0,71.0,3.0,1.0
2021-08-05 08:47:32,92.0,83.0,6.0,3.0
2021-08-05 08:47:33,95.0,79.0,9.0,7.0
2021-08-05 08:47:34,88.0,77.0,6.0,5.0
2021-08-05 08:47:35,74.0,62.0,5.0,7.0
2021-08-05 08:47:36,79.0,72.0,6.0,1.0
2021-08-05 08:47:37,86.0,71.0,9.0,6.0
2021-08-05 08:47:38,69.0,65.0,2.0,2.0
2021-08-05 08:47:39,87.0,77.0,6.0,4.0
2021-08-05 08:47:40,74.0,65.0,6.0,3.0
2021-08-05 08:47:41,84.0,73.0,6.0,5.0
2021-08-05 08:47:42,77.0,69.0,4.0,4.0
2021-08-05 08:47:43,78.0,70.0,4.0,4.0
2021-08-05 08:47:44,94.0,80.0,9.0,5.0
2021-08-05 08:47:45,73.0,68.0,0.0,5.0
2021-08-05 08:47:46,76.0,69.0,5.0,2.0
2021-08-05 08:47:47,90.0,78.0,5.0,7.0
2021-08-05 08:47:48,81.0,74.0,4.0,3.0
2021-08-05 08:47:49,90.0,79.0,6.0,5.0
2021-08-05 08:47:50,85.0,71.0,11.0,3.0
2021-08-05 08:47:51,83.0,74.0,6.0,3.0
2021-08-05 08:47:52,93.0,83.0,9.0,1.0
2021-08-05 08:47:53,86.0,72.0,9.0,5.0
2021-08-05 08:47:54,79.0,70.0,5.0,4.0
2021-08-05 08:47:55,102.0,92.0,6.0,4.0
2021-08-05 08:47:56,106.0,88.0,10.0,8.0
2021-08-05 08:47:57,91.0,76.0,9.0,6.0
2021-08-05 08:47:58,90.0,76.0,8.0,6.0
2021-08-05 08:47:59,90.0,78.0,6.0,6.0
2021-08-05 08:48:00,93.0,78.0,10.0,5.0
2021-08-05 08:48:01,81.0,74.0,5.0,2.0
2021-08-05 08:48:02,84.0,73.0,5.0,6.0
2021-08-05 08:48:03,73.0,61.0,10.0,2.0
2021-08-05 08:48:04,113.0,98.0,8.0,7.0
2021-08-05 08:48:05,92.0,82.0,4.0,6.0
2021-08-05 08:48:06,82.0,79.0,3.0,0.0
2021-08-05 08:48:07,80.0,71.0,5.0,4.0
2021-08-05 08:48:08,98.0,86.0,6.0,6.0
2021-08-05 08:48:09,75.0,61.0,6.0,8.0
2021-08-05 08:48:10,88.0,79.0,5.0,4.0
2021-08-05 08:48:11,93.0,83.0,4.0,6.0
2021-08-05 08:48:12,82.0,72.0,8.0,2.0
2021-08-05 08:48:13,96.0,88.0,6.0,2.0
2021-08-05 08:48:14,92.0,80.0,7.0,5.0
2021-08-05 08:48:15,86.0,76.0,5.0,5.0
2021-08-05 08:48:16,96.0,82.0,11.0,3.0
2021-08-05 08:48:17,87.0,73.0,8.0,6.0
2021-08-05 08:48:18,89.0,71.0,11.0,7.0
2021-08-05 08:48:19,87.0,80.0,4.0,3.0
2021-08-05 08:48:20,97.0,84.0,6.0,7.0
2021-08-05 08:48:21,99.0,92.0,7.0,0.0
2021-08-05 08:48:22,69.0,61.0,6.0,2.0
2021-08-05 08:48:23,77.0,68.0,7.0,2.0
2021-08-05 08:48:24,92.0,82.0,6.0,4.0
2021-08-05 08:48:25,79.0,68.0,8.0,3.0
2021-08-05 08:48:26,74.0,59.0,14.0,1.0
2021-08-05 08:48:27,81.0,71.0,4.0,6.0
2021-08-05 08:48:28,100.0,84.0,9.0,7.0
2021-08-05 08:48:29,87.0,80.0,4.0,3.0
2021-08-05 08:48:30,91.0,75.0,9.0,7.0
2021-08-05 08:48:31,85.0,73.0,7.0,5.0
2021-08-05 08:48:32,83.0,75.0,5.0,3.0
2021-08-05 08:48:33,82.0,75.0,5.0,2.0
2021-08-05 08:48:34,69.0,58.0,7.0,4.0
2021-08-05 08:48:35,103.0,95.0,4.0,4.0
2021-08-05 08:48:36,70.0,58.0,7.0,5.0
2021-08-05 08:48:37,93.0,79.0,13.0,1.0
2021-08-05 08:48:38,78.0,66.0,7.0,5.0
2021-08-05 08:48:39,91.0,77.0,7.0,7.0
2021-08-05 08:48:40,86.0,75.0,7.0,4.0
2021-08-05 08:48:41,81.0,68.0,7.0,6.0
2021-08-05 08:48:42,89.0,81.0,6.0,2.0
2021-08-05 08:48:43,88.0,76.0,4.0,8.0
2021-08-05 08:48:44,82.0,66.0,6.0,10.0
2021-08-05 08:48:45,73.0,61.0,6.0,6.0
2021-08-05 08:48:46,81.0,69.0,6.0,6.0
2021-08-05 08:48:47,72.0,57.0,9.0,6.0
2021-08-05 08:48:48,95.0,86.0,5.0,4.0
2021-08-05 08:48:49,96.0,86.0,7.0,3.0
2021-08-05 08:48:50,85.0,69.0,12.0,4.0
2021-08-05 08:48:51,89.0,78.0,5.0,6.0
2021-08-05 08:48:52,82.0,73.0,5.0,4.0
2021-08-05 08:48:53,90.0,77.0,11.0,2.0
2021-08-05 08:48:54,89.0,74.0,10.0,5.0
2021-08-05 08:48:55,100.0,92.0,6.0,2.0
2021-08-05 08:48:56,98.0,91.0,6.0,1.0
2021-08-05 08:48:57,87.0,80.0,3.0,4.0
2021-08-05 08:48:58,85.0,75.0,7.0,3.0
2021-08-05 08:48:59,100.0,95.0,4.0,1.0
2021-08-05 08:49:00,92.0,85.0,5.0,2.0
2021-08-05 08:49:01,95.0,83.0,7.0,5.0
2021-08-05 08:49:02,83.0,74.0,7.0,2.0
2021-08-05 08:49:03,92.0,85.0,4.0,3.0
2021-08-05 08:49:04,90.0,76.0,7.0,7.0
2021-08-05 08:49:05,72.0,60.0,9.0,3.0
2021-08-05 08:49:06,85.0,75.0,4.0,6.0
2021-08-05 08:49:07,105.0,91.0,11.0,3.0
2021-08-05 08:49:08,103.0,90.0,9.0,4.0
2021-08-05 08:49:09,95.0,83.0,8.0,4.0
2021-08-05 08:49:10,93.0,84.0,7.0,2.0
2021-08-05 08:49:11,74.0,65.0,4.0,5.0
2021-08-05 08:49:12,100.0,86.0,11.0,3.0
2021-08-05 08:49:13,102.0,92.0,5.0,5.0
2021-08-05 08:49:14,92.0,80.0,8.0,4.0
2021-08-05 08:49:15,88.0,82.0,3.0,3.0
2021-08-05 08:49:16,82.0,73.0,6.0,3.0
2021-08-05 08:49:17,78.0,66.0,7.0,5.0
2021-08-05 08:49:18,92.0,87.0,4.0,1.0
2021-08-05 08:49:19,89.0,76.0,8.0,5.0
2021-08-05 08:49:20,84.0,69.0,9.0,6.0
2021-08-05 08:49:21,92.0,76.0,8.0,8.0
2021-08-05 08:49:22,98.0,89.0,2.0,7.0
2021-08-05 08:49:23,82.0,70.0,9.0,3.0
2021-08-05 08:49:24,104.0,89.0,10.0,5.0
2021-08-05 08:49:25,102.0,97.0,4.0,1.0
2021-08-05 08:49:26,101.0,95.0,5.0,1.0
2021-08-05 08:49:27,97.0,90.0,4.0,3.0
2021-08-05 08:49:28,90.0,78.0,8.0,4.0
2021-08-05 08:49:29,94.0,80.0,8.0,6.0
2021-08-05 08:49:30,112.0,96.0,7.0,9.0
2021-08-05 08:49:31,94.0,82.0,8.0,4.0
2021-08-05 08:49:32,86.0,74.0,6.0,6.0
2021-08-05 08:49:33,90.0,77.0,7.0,6.0
2021-08-05 08:49:34,79.0,71.0,4.0,4.0
2021-08-05 08:49:35,89.0,78.0,10.0,1.0
2021-08-05 08:49:36,83.0,75.0,7.0,1.0
2021-08-05 08:49:37,84.0,76.0,4.0,4.0
2021-08-05 08:49:38,78.0,71.0,2.0,5.0
2021-08-05 08:49:39,94.0,87.0,5.0,2.0
2021-08-05 08:49:40,98.0,87.0,10.0,1.0
2021-08-05 08:49:41,90.0,80.0,6.0,4.0
2021-08-05 08:49:42,87.0,80.0,1.0,6.0
2021-08-05 08:49:43,100.0,90.0,8.0,2.0
2021-08-05 08:49:44,97.0,89.0,6.0,2.0
2021-08-05 08:49:45,85.0,75.0,5.0,5.0
2021-08-05 08:49:46,89.0,79.0,7.0,3.0
2021-08-05 08:49:47,88.0,75.0,8.0,5.0
2021-08-05 08:49:48,86.0,71.0,11.0,4.0
2021-08-05 08:49:49,96.0,88.0,5.0,3.0
2021-08-05 08:49:50,75.0,70.0,3.0,2.0
2021-08-05 08:49:51,81.0,76.0,1.0,4.0
2021-08-05 08:49:52,88.0,72.0,9.0,7.0
2021-08-05 08:49:53,86.0,75.0,7.0,4.0
2021-08-05 08:49:54,94.0,84.0,5.0,5.0
2021-08-05 08:49:55,83.0,70.0,5.0,8.0
2021-08-05 08:49:56,92.0,80.0,8.0,4.0
2021-08-05 08:49:57,99.0,84.0,7.0,8.0
2021-08-05 08:49:58,93.0,82.0,5.0,6.0
2021-08-05 08:49:59,81.0,72.0,5.0,4.0
2021-08-05 08:50:00,98.0,84.0,8.0,6.0
2021-08-05 08:50:01,82.0,72.0,7.0,3.0
2021-08-05 08:50:02,68.0,53.0,11.0,4.0
2021-08-05 08:50:03,95.0,82.0,8.0,5.0
2021-08-05 08:50:04,83.0,75.0,5.0,3.0
2021-08-05 08:50:05,111.0,97.0,8.0,6.0
2021-08-05 08:50:06,90.0,76.0,8.0,6.0
2021-08-05 08:50:07,89.0,79.0,5.0,5.0
2021-08-05 08:50:08,82.0,71.0,6.0,5.0
2021-08-05 08:50:09,89.0,77.0,8.0,4.0
2021-08-05 08:50:10,74.0,61.0,7.0,6.0
2021-08-05 08:50:11,95.0,84.0,6.0,5.0
2021-08-05 08:50:12,82.0,74.0,2.0,6.0
2021-08-05 08:50:13,99.0,85.0,10.0,4.0
2021-08-05 08:50:14,84.0,72.0,5.0,7.0
2021-08-05 08:50:15,83.0,72.0,6.0,5.0
2021-08-05 08:50:16,87.0,81.0,4.0,2.0
2021-08-05 08:50:17,94.0,79.0,8.0,7.0
2021-08-05 08:50:18,80.0,71.0,6.0,3.0
2021-08-05 08:50:19,86.0,79.0,4.0,3.0
2021-08-05 08:50:20,87.0,76.0,8.0,3.0
2021-08-05 08:50:21,96.0,79.0,9.0,8.0
2021-08-05 08:50:22,85.0,79.0,5.0,1.0
2021-08-05 08:50:23,84.0,77.0,6.0,1.0
2021-08-05 08:50:24,84.0,69.0,9.0,6.0
2021-08-05 08:50:25,78.0,65.0,9.0,4.0
2021-08-05 08:50:26,84.0,76.0,6.0,2.0
2021-08-05 08:50:27,80.0,69.0,7.0,4.0
2021-08-05 08:50:28,96.0,90.0,3.0,3.0
2021-08-05 08:50:29,89.0,82.0,2.0,5.0
2021-08-05 08:50:30,82.0,76.0,3.0,3.0
2021-08-05 08:50:31,112.0,94.0,10.0,8.0
2021-08-05 08:50:32,107.0,96.0,9.0,2.0
2021-08-05 08:50:33,85.0,78.0,5.0,2.0
2021-08-05 08:50:34,90.0,79.0,5.0,6.0
2021-08-05 08:50:35,97.0,89.0,5.0,3.0
2021-08-05 08:50:36,89.0,75.0,12.0,2.0
2021-08-05 08:50:37,111.0,97.0,8.0,6.0
2021-08-05 08:50:38,76.0,66.0,8.0,2.0
2021-08-05 08:50:39,85.0,78.0,5.0,2.0
2021-08-05 08:50:40,76.0,68.0,6.0,2.0
2021-08-05 08:50:41,85.0,74.0,9.0,2.0
2021-08-05 08:50:42,93.0,80.0,5.0,8.0
2021-08-05 08:50:43,83.0,77.0,3.0,3.0
2021-08-05 08:50:44,91.0,85.0,3.0,3.0
2021-08-05 08:50:45,98.0,79.0,10.0,9.0
2021-08-05 08:50:46,85.0,74.0,9.0,2.0
2021-08-05 08:50:47,84.0,71.0,8.0,5.0
2021-08-05 08:50:48,82.0,73.0,4.0,5.0
2021-08-05 08:50:49,104.0,90.0,12.0,2.0
2021-08-05 08:50:50,100.0,95.0,2.0,3.0
2021-08-05 08:50:51,100.0,92.0,3.0,5.0
2021-08-05 08:50:52,88.0,81.0,7.0,0.0
2021-08-05 08:50:53,87.0,72.0,9.0,6.0
2021-08-05 08:50:54,64.0,56.0,3.0,5.0
2021-08-05 08:50:55,83.0,71.0,5.0,7.0
2021-08-05 08:50:56,79.0,67.0,8.0,4.0
2021-08-05 08:50:57,83.0,69.0,9.0,5.0
2021-08-05 08:50:58,92.0,84.0,4.0,4.0
2021-08-05 08:50:59,72.0,68.0,3.0,1.0
2021-08-05 08:51:00,69.0,56.0,9.0,4.0
2021-08-05 08:51:01,86.0,73.0,10.0,3.0
2021-08-05 08:51:02,85.0,74.0,8.0,3.0
2021-08-05 08:51:03,76.0,66.0,10.0,0.0
2021-08-05 08:51:04,76.0,69.0,5.0,2.0
2021-08-05 08:51:05,81.0,76.0,2.0,3.0
2021-08-05 08:51:06,93.0,78.0,9.0,6.0
2021-08-05 08:51:07,91.0,80.0,5.0,6.0
2021-08-05 08:51:08,94.0,82.0,10.0,2.0
2021-08-05 08:51:09,89.0,69.0,10.0,10.0
2021-08-05 08:51:10,103.0,94.0,6.0,3.0
2021-08-05 08:51:11,80.0,72.0,4.0,4.0
2021-08-05 08:51:12,92.0,80.0,3.0,9.0
2021-08-05 08:51:13,94.0,82.0,10.0,2.0
2021-08-05 08:51:14,81.0,72.0,7.0,2.0
2021-08-05 08:51:15,88.0,78.0,3.0,7.0
2021-08-05 08:51:16,86.0,75.0,7.0,4.0
2021-08-05 08:51:17,91.0,80.0,11.0,0.0
2021-08-05 08:51:18,78.0,72.0,5.0,1.0
2021-08-05 08:51:19,86.0,78.0,7.0,1.0
2021-08-05 08:51:20,85.0,81.0,3.0,1.0
2021-08-05 08:51:21,77.0,67.0,3.0,7.0
2021-08-05 08:51:22,84.0,77.0,4.0,3.0
2021-08-05 08:51:23,94.0,83.0,8.0,3.0
2021-08-05 08:51:24,65.0,52.0,8.0,5.0
2021-08-05 08:51:25,89.0,82.0,3.0,4.0
2021-08-05 08:51:26,67.0,54.0,6.0,7.0
2021-08-05 08:51:27,97.0,84.0,7.0,6.0
2021-08-05 08:51:28,104.0,93.0,7.0,4.0
2021-08-05 08:51:29,77.0,64.0,11.0,2.0
2021-08-05 08:51:30,93.0,82.0,8.0,3.0
2021-08-05 08:51:31,78.0,68.0,6.0,4.0
2021-08-05 08:51:32,90.0,75.0,6.0,9.0
2021-08-05 08:51:33,105.0,95.0,6.0,4.0
2021-08-05 08:51:34,91.0,85.0,4.0,2.0
2021-08-05 08:51:35,102.0,90.0,8.0,4.0
2021-08-05 08:51:36,99.0,90.0,4.0,5.0
2021-08-05 08:51:37,81.0,76.0,3.0,2.0
2021-08-05 08:51:38,83.0,70.0,10.0,3.0
2021-08-05 08:51:39,85.0,73.0,8.0,4.0
2021-08-05 08:51:40,66.0,63.0,2.0,1.0
2021-08-05 08:51:41,84.0,73.0,5.0,6.0
2021-08-05 08:51:42,83.0,73.0,4.0,6.0
2021-08-05 08:51:43,83.0,72.0,7.0,4.0
2021-08-05 08:51:44,95.0,78.0,6.0,11.0
2021-08-05 08:51:45,107.0,101.0,2.0,4.0
2021-08-05 08:51:46,89.0,78.0,8.0,3.0
2021-08-05 08:51:47,85.0,69.0,9.0,7.0
2021-08-05 08:51:48,89.0,78.0,9.0,2.0
2021-08-05 08:51:49,83.0,70.0,2.0,11.0
2021-08-05 08:51:50,96.0,85.0,6.0,5.0
2021-08-05 08:51:51,104.0,96.0,3.0,5.0
2021-08-05 08:51:52,92.0,82.0,4.0,6.0
2021-08-05 08:51:53,76.0,70.0,5.0,1.0
2021-08-05 08:51:54,94.0,82.0,11.0,1.0
2021-08-05 08:51:55,90.0,79.0,8.0,3.0
2021-08-05 08:51:56,82.0,71.0,7.0,4.0
2021-08-05 08:51:57,87.0,75.0,6.0,6.0
2021-08-05 08:51:58,78.0,67.0,5.0,6.0
2021-08-05 08:51:59,88.0,82.0,3.0,3.0
2021-08-05 08:52:00,97.0,86.0,7.0,4.0
2021-08-05 08:52:01,93.0,81.0,6.0,6.0
2021-08-05 08:52:02,100.0,88.0,7.0,5.0
2021-08-05 08:52:03,92.0,76.0,11.0,5.0
2021-08-05 08:52:04,95.0,85.0,8.0,2.0
2021-08-05 08:52:05,104.0,94.0,10.0,0.0
2021-08-05 08:52:06,105.0,96.0,4.0,5.0
2021-08-05 08:52:07,92.0,82.0,8.0,2.0
2021-08-05 08:52:08,79.0,72.0,5.0,2.0
2021-08-05 08:52:09,90.0,79.0,6.0,5.0
2021-08-05 08:52:10,110.0,96.0,8.0,6.0
2021-08-05 08:52:11,82.0,74.0,6.0,2.0
2021-08-05 08:52:12,90.0,77.0,8.0,5.0
2021-08-05 08:52:13,107.0,93.0,6.0,8.0
2021-08-05 08:52:14,88.0,82.0,4.0,2.0
2021-08-05 08:52:15,86.0,78.0,6.0,2.0
2021-08-05 08:52:16,77.0,66.0,5.0,6.0
2021-08-05 08:52:17,90.0,82.0,8.0,0.0
2021-08-05 08:52:18,79.0,73.0,5.0,1.0
2021-08-05 08:52:19,85.0,74.0,7.0,4.0
2021-08-05 08:52:20,83.0,72.0,7.0,4.0
2021-08-05 08:52:21,90.0,83.0,5.0,2.0
2021-08-05 08:52:22,74.0,61.0,7.0,6.0
2021-08-05 08:52:23,86.0,73.0,9.0,4.0
2021-08-05 08:52:24,70.0,57.0,9.0,4.0
2021-08-05 08:52:25,95.0,83.0,7.0,5.0
2021-08-05 08:52:26,77.0,66.0,5.0,6.0
2021-08-05 08:52:27,78.0,71.0,5.0,2.0
2021-08-05 08:52:28,87.0,77.0,7.0,3.0
2021-08-05 08:52:29,93.0,86.0,2.0,5.0
2021-08-05 08:52:30,84.0,69.0,13.0,2.0
2021-08-05 08:52:31,96.0,90.0,4.0,2.0
2021-08-05 08:52:32,94.0,80.0,6.0,8.0
2021-08-05 08:52:33,82.0,74.0,4.0,4.0
2021-08-05 08:52:34,74.0,62.0,5.0,7.0
2021-08-05 08:52:35,98.0,91.0,3.0,4.0
2021-08-05 08:52:36,88.0,79.0,6.0,3.0
2021-08-05 08:52:37,88.0,75.0,10.0,3.0
2021-08-05 08:52:38,89.0,76.0,7.0,6.0
2021-08-05 08:52:39,95.0,87.0,5.0,3.0
2021-08-05 08:52:40,90.0,74.0,12.0,4.0
2021-08-05 08:52:41,84.0,68.0,9.0,7.0
2021-08-05 08:52:42,85.0,79.0,2.0,4.0
2021-08-05 08:52:43,92.0,78.0,7.0,7.0
2021-08-05 08:52:44,85.0,74.0,6.0,5.0
2021-08-05 08:52:45,101.0,90.0,6.0,5.0
2021-08-05 08:52:46,105.0,91.0,10.0,4.0
2021-08-05 08:52:47,101.0,90.0,6.0,5.0
2021-08-05 08:52:48,85.0,78.0,4.0,3.0
2021-08-05 08:52:49,89.0,87.0,2.0,0.0
2021-08-05 08:52:50,76.0,68.0,5.0,3.0
2021-08-05 08:52:51,101.0,93.0,4.0,4.0
2021-08-05 08:52:52,80.0,66.0,11.0,3.0
2021-08-05 08:52:53,91.0,73.0,11.0,7.0
2021-08-05 08:52:54,97.0,84.0,8.0,5.0
2021-08-05 08:52:55,89.0,78.0,5.0,6.0
2021-08-05 08:52:56,77.0,69.0,2.0,6.0
2021-08-05 08:52:57,87.0,75.0,6.0,6.0
2021-08-05 08:52:58,84.0,75.0,5.0,4.0
2021-08-05 08:52:59,97.0,87.0,9.0,1.0
2021-08-05 08:53:00,86.0,78.0,7.0,1.0
2021-08-05 08:53:01,87.0,76.0,6.0,5.0
2021-08-05 08:53:02,93.0,80.0,7.0,6.0
2021-08-05 08:53:03,102.0,93.0,7.0,2.0
2021-08-05 08:53:04,70.0,61.0,7.0,2.0
2021-08-05 08:53:05,95.0,80.0,7.0,8.0
2021-08-05 08:53:06,102.0,88.0,13.0,1.0
2021-08-05 08:53:07,108.0,97.0,9.0,2.0
2021-08-05 08:53:08,95.0,88.0,5.0,2.0
2021-08-05 08:53:09,87.0,83.0,2.0,2.0
2021-08-05 08:53:10,80.0,70.0,6.0,4.0
2021-08-05 08:53:11,92.0,80.0,8.0,4.0
2021-08-05 08:53:12,101.0,85.0,10.0,6.0
2021-08-05 08:53:13,96.0,82.0,9.0,5.0
2021-08-05 08:53:14,74.0,68.0,3.0,3.0
2021-08-05 08:53:15,82.0,73.0,6.0,3.0
2021-08-05 08:53:16,86.0,76.0,8.0,2.0
2021-08-05 08:53:17,79.0,70.0,5.0,4.0
2021-08-05 08:53:18,93.0,85.0,5.0,3.0
2021-08-05 08:53:19,89.0,77.0,9.0,3.0
2021-08-05 08:53:20,102.0,86.0,10.0,6.0
2021-08-05 08:53:21,83.0,75.0,3.0,5.0
2021-08-05 08:53:22,85.0,77.0,4.0,4.0
2021-08-05 08:53:23,97.0,85.0,8.0,4.0
2021-08-05 08:53:24,95.0,83.0,6.0,6.0
2021-08-05 08:53:25,105.0,96.0,4.0,5.0
2021-08-05 08:53:26,91.0,81.0,6.0,4.0
2021-08-05 08:53:27,80.0,70.0,6.0,4.0
2021-08-05 08:53:28,68.0,57.0,8.0,3.0
2021-08-05 08:53:29,90.0,83.0,4.0,3.0
2021-08-05 08:53:30,87.0,74.0,6.0,7.0
2021-08-05 08:53:31,74.0,58.0,7.0,9.0
2021-08-05 08:53:32,92.0,81.0,3.0,8.0
2021-08-05 08:53:33,70.0,64.0,2.0,4.0
2021-08-05 08:53:34,87.0,73.0,7.0,7.0
2021-08-05 08:53:35,89.0,78.0,6.0,5.0
2021-08-05 08:53:36,88.0,81.0,6.0,1.0
2021-08-05 08:53:37,104.0,89.0,11.0,4.0
2021-08-05 08:53:38,100.0,89.0,6.0,5.0
2021-08-05 08:53:39,97.0,84.0,6.0,7.0
2021-08-05 08:53:40,83.0,72.0,9.0,2.0
2021-08-05 08:53:41,96.0,83.0,9.0,4.0
2021-08-05 08:53:42,111.0,100.0,7.0,4.0
2021-08-05 08:53:43,89.0,80.0,4.0,5.0
2021-08-05 08:53:44,74.0,63.0,9.0,2.0
2021-08-05 08:53:45,92.0,79.0,8.0,5.0
2021-08-05 08:53:46,90.0,76.0,10.0,4.0
2021-08-05 08:53:47,79.0,71.0,5.0,3.0
2021-08-05 08:53:48,84.0,75.0,5.0,4.0
2021-08-05 08:53:49,93.0,83.0,6.0,4.0
2021-08-05 08:53:50,105.0,94.0,8.0,3.0
2021-08-05 08:53:51,71.0,59.0,7.0,5.0
2021-08-05 08:53:52,89.0,77.0,5.0,7.0
2021-08-05 08:53:53,79.0,68.0,5.0,6.0
2021-08-05 08:53:54,94.0,80.0,7.0,7.0
2021-08-05 08:53:55,86.0,72.0,9.0,5.0
2021-08-05 08:53:56,88.0,80.0,4.0,4.0
2021-08-05 08:53:57,81.0,71.0,7.0,3.0
2021-08-05 08:53:58,74.0,63.0,1.0,10.0
2021-08-05 08:53:59,96.0,85.0,6.0,5.0
2021-08-05 08:54:00,86.0,73.0,7.0,6.0
2021-08-05 08:54:01,101.0,87.0,9.0,5.0
2021-08-05 08:54:02,89.0,79.0,8.0,2.0
2021-08-05 08:54:03,97.0,76.0,13.0,8.0
2021-08-05 08:54:04,93.0,83.0,3.0,7.0
2021-08-05 08:54:05,98.0,87.0,6.0,5.0
2021-08-05 08:54:06,84.0,75.0,5.0,4.0
2021-08-05 08:54:07,91.0,84.0,6.0,1.0
2021-08-05 08:54:08,92.0,81.0,6.0,5.0
2021-08-05 08:54:09,98.0,84.0,8.0,6.0
2021-08-05 08:54:10,96.0,88.0,5.0,3.0
2021-08-05 08:54:11,74.0,67.0,3.0,4.0
2021-08-05 08:54:12,86.0,76.0,6.0,4.0
2021-08-05 08:54:13,97.0,84.0,7.0,6.0
2021-08-05 08:54:14,103.0,82.0,10.0,11.0
2021-08-05 08:54:15,95.0,85.0,5.0,5.0
2021-08-05 08:54:16,91.0,81.0,4.0,6.0
2021-08-05 08:54:17,84.0,79.0,2.0,3.0
2021-08-05 08:54:18,93.0,83.0,7.0,3.0
2021-08-05 08:54:19,91.0,84.0,6.0,1.0
2021-08-05 08:54:20,77.0,60.0,9.0,8.0
2021-08-05 08:54:21,77.0,68.0,5.0,4.0
2021-08-05 08:54:22,87.0,77.0,8.0,2.0
2021-08-05 08:54:23,75.0,61.0,7.0,7.0
2021-08-05 08:54:24,82.0,75.0,3.0,4.0
2021-08-05 08:54:25,92.0,82.0,6.0,4.0
2021-08-05 08:54:26,92.0,82.0,7.0,3.0
2021-08-05 08:54:27,71.0,68.0,3.0,0.0
2021-08-05 08:54:28,101.0,93.0,4.0,4.0
2021-08-05 08:54:29,82.0,68.0,8.0,6.0
2021-08-05 08:54:30,93.0,79.0,8.0,6.0
2021-08-05 08:54:31,84.0,76.0,5.0,3.0
2021-08-05 08:54:32,82.0,73.0,5.0,4.0
2021-08-05 08:54:33,78.0,71.0,1.0,6.0
2021-08-05 08:54:34,82.0,72.0,4.0,6.0
2021-08-05 08:54:35,86.0,75.0,7.0,4.0
2021-08-05 08:54:36,98.0,88.0,7.0,3.0
2021-08-05 08:54:37,89.0,82.0,4.0,3.0
2021-08-05 08:54:38,108.0,95.0,5.0,8.0
2021-08-05 08:54:39,94.0,85.0,4.0,5.0
2021-08-05 08:54:40,90.0,78.0,8.0,4.0
2021-08-05 08:54:41,91.0,79.0,9.0,3.0
2021-08-05 08:54:42,91.0,84.0,4.0,3.0
2021-08-05 08:54:43,92.0,81.0,8.0,3.0
2021-08-05 08:54:44,75.0,66.0,7.0,2.0
2021-08-05 08:54:45,71.0,62.0,6.0,3.0
2021-08-05 08:54:46,81.0,71.0,7.0,3.0
2021-08-05 08:54:47,77.0,73.0,2.0,2.0
2021-08-05 08:54:48,91.0,80.0,6.0,5.0
2021-08-05 08:54:49,86.0,75.0,6.0,5.0
2021-08-05 08:54:50,78.0,63.0,9.0,6.0
2021-08-05 08:54:51,104.0,90.0,8.0,6.0
2021-08-05 08:54:52,93.0,82.0,8.0,3.0
2021-08-05 08:54:53,92.0,78.0,11.0,3.0
2021-08-05 08:54:54,94.0,82.0,9.0,3.0
2021-08-05 08:54:55,72.0,65.0,5.0,2.0
2021-08-05 08:54:56,95.0,86.0,4.0,5.0
2021-08-05 08:54:57,110.0,97.0,5.0,8.0
2021-08-05 08:54:58,89.0,81.0,3.0,5.0
2021-08-05 08:54:59,81.0,72.0,7.0,2.0
2021-08-05 08:55:00,96.0,84.0,8.0,4.0
2021-08-05 08:55:01,92.0,80.0,7.0,5.0
2021-08-05 08:55:02,94.0,88.0,1.0,5.0
2021-08-05 08:55:03,95.0,81.0,10.0,4.0
2021-08-05 08:55:04,109.0,90.0,10.0,9.0
2021-08-05 08:55:05,88.0,78.0,7.0,3.0
2021-08-05 08:55:06,75.0,67.0,7.0,1.0
2021-08-05 08:55:07,91.0,82.0,9.0,0.0
2021-08-05 08:55:08,80.0,71.0,5.0,4.0
2021-08-05 08:55:09,80.0,72.0,4.0,4.0
2021-08-05 08:55:10,81.0,73.0,4.0,4.0
2021-08-05 08:55:11,88.0,82.0,4.0,2.0
2021-08-05 08:55:12,78.0,74.0,1.0,3.0
2021-08-05 08:55:13,76.0,66.0,7.0,3.0
2021-08-05 08:55:14,79.0,69.0,7.0,3.0
2021-08-05 08:55:15,79.0,69.0,3.0,7.0
2021-08-05 08:55:16,84.0,74.0,7.0,3.0
2021-08-05 08:55:17,88.0,81.0,4.0,3.0
2021-08-05 08:55:18,77.0,73.0,2.0,2.0
2021-08-05 08:55:19,99.0,86.0,9.0,4.0
2021-08-05 08:55:20,88.0,77.0,9.0,2.0
2021-08-05 08:55:21,73.0,64.0,6.0,3.0
2021-08-05 08:55:22,79.0,67.0,8.0,4.0
2021-08-05 08:55:23,77.0,68.0,5.0,4.0
2021-08-05 08:55:24,73.0,60.0,7.0,6.0
2021-08-05 08:55:25,102.0,93.0,8.0,1.0
2021-08-05 08:55:26,89.0,82.0,4.0,3.0
2021-08-05 08:55:27,88.0,75.0,6.0,7.0
2021-08-05 08:55:28,77.0,68.0,9.0,0.0
2021-08-05 08:55:29,89.0,81.0,4.0,4.0
2021-08-05 08:55:30,78.0,65.0,8.0,5.0
2021-08-05 08:55:31,91.0,80.0,6.0,5.0
2021-08-05 08:55:32,94.0,86.0,4.0,4.0
2021-08-05 08:55:33,74.0,64.0,9.0,1.0
2021-08-05 08:55:34,94.0,85.0,8.0,1.0
2021-08-05 08:55:35,110.0,100.0,9.0,1.0
2021-08-05 08:55:36,80.0,67.0,8.0,5.0
2021-08-05 08:55:37,84.0,77.0,6.0,1.0
2021-08-05 08:55:38,83.0,80.0,1.0,2.0
2021-08-05 08:55:39,83.0,76.0,5.0,2.0
2021-08-05 08:55:40,75.0,71.0,2.0,2.0
2021-08-05 08:55:41,86.0,74.0,7.0,5.0
2021-08-05 08:55:42,81.0,73.0,4.0,4.0
2021-08-05 08:55:43,84.0,78.0,3.0,3.0
2021-08-05 08:55:44,93.0,83.0,5.0,5.0
2021-08-05 08:55:45,82.0,73.0,4.0,5.0
2021-08-05 08:55:46,91.0,79.0,8.0,4.0
2021-08-05 08:55:47,78.0,71.0,5.0,2.0
2021-08-05 08:55:48,83.0,72.0,7.0,4.0
2021-08-05 08:55:49,98.0,86.0,5.0,7.0
2021-08-05 08:55:50,78.0,74.0,1.0,3.0
2021-08-05 08:55:51,89.0,82.0,7.0,0.0
2021-08-05 08:55:52,97.0,90.0,5.0,2.0
2021-08-05 08:55:53,95.0,81.0,11.0,3.0
2021-08-05 08:55:54,93.0,80.0,7.0,6.0
2021-08-05 08:55:55,82.0,69.0,10.0,3.0
2021-08-05 08:55:56,79.0,67.0,9.0,3.0
2021-08-05 08:55:57,81.0,76.0,3.0,2.0
2021-08-05 08:55:58,87.0,74.0,8.0,5.0
2021-08-05 08:55:59,98.0,88.0,5.0,5.0
2021-08-05 08:56:00,85.0,74.0,6.0,5.0
2021-08-05 08:56:01,88.0,77.0,8.0,3.0
2021-08-05 08:56:02,86.0,76.0,4.0,6.0
2021-08-05 08:56:03,83.0,79.0,3.0,1.0
2021-08-05 08:56:04,112.0,98.0,10.0,4.0
2021-08-05 08:56:05,107.0,94.0,7.0,6.0
2021-08-05 08:56:06,81.0,74.0,5.0,2.0
2021-08-05 08:56:07,74.0,65.0,4.0,5.0
2021-08-05 08:56:08,94.0,84.0,4.0,6.0
2021-08-05 08:56:09,93.0,87.0,1.0,5.0
2021-08-05 08:56:10,92.0,78.0,3.0,11.0
2021-08-05 08:56:11,88.0,80.0,4.0,4.0
2021-08-05 08:56:12,94.0,82.0,10.0,2.0
2021-08-05 08:56:13,96.0,79.0,11.0,6.0
2021-08-05 08:56:14,91.0,83.0,5.0,3.0
2021-08-05 08:56:15,76.0,67.0,6.0,3.0
2021-08-05 08:56:16,110.0,100.0,7.0,3.0
2021-08-05 08:56:17,79.0,68.0,7.0,4.0
2021-08-05 08:56:18,95.0,84.0,7.0,4.0
2021-08-05 08:56:19,88.0,79.0,6.0,3.0
2021-08-05 08:56:20,88.0,81.0,2.0,5.0
2021-08-05 08:56:21,86.0,75.0,6.0,5.0
2021-08-05 08:56:22,93.0,80.0,6.0,7.0
2021-08-05 08:56:23,69.0,62.0,4.0,3.0
2021-08-05 08:56:24,75.0,65.0,8.0,2.0
2021-08-05 08:56:25,95.0,83.0,6.0,6.0
2021-08-05 08:56:26,87.0,76.0,8.0,3.0
2021-08-05 08:56:27,98.0,86.0,6.0,6.0
2021-08-05 08:56:28,81.0,73.0,3.0,5.0
2021-08-05 08:56:29,97.0,88.0,6.0,3.0
2021-08-05 08:56:30,85.0,81.0,2.0,2.0
2021-08-05 08:56:31,92.0,76.0,8.0,8.0
2021-08-05 08:56:32,82.0,77.0,3.0,2.0
2021-08-05 08:56:33,98.0,86.0,6.0,6.0
2021-08-05 08:56:34,80.0,67.0,10.0,3.0
2021-08-05 08:56:35,87.0,80.0,4.0,3.0
2021-08-05 08:56:36,94.0,82.0,5.0,7.0
2021-08-05 08:56:37,88.0,77.0,6.0,5.0
2021-08-05 08:56:38,98.0,88.0,5.0,5.0
2021-08-05 08:56:39,97.0,86.0,7.0,4.0
2021-08-05 08:56:40,86.0,76.0,9.0,1.0
2021-08-05 08:56:41,98.0,86.0,8.0,4.0
2021-08-05 08:56:42,92.0,81.0,5.0,6.0
2021-08-05 08:56:43,78.0,67.0,9.0,2.0
2021-08-05 08:56:44,78.0,61.0,10.0,7.0
2021-08-05 08:56:45,77.0,67.0,6.0,4.0
2021-08-05 08:56:46,59.0,53.0,6.0,0.0
2021-08-05 08:56:47,86.0,77.0,5.0,4.0
2021-08-05 08:56:48,86.0,76.0,6.0,4.0
2021-08-05 08:56:49,83.0,76.0,5.0,2.0
2021-08-05 08:56:50,82.0,73.0,7.0,2.0
2021-08-05 08:56:51,76.0,64.0,7.0,5.0
2021-08-05 08:56:52,87.0,75.0,7.0,5.0
2021-08-05 08:56:53,90.0,71.0,10.0,9.0
2021-08-05 08:56:54,91.0,80.0,8.0,3.0
2021-08-05 08:56:55,88.0,78.0,5.0,5.0
2021-08-05 08:56:56,65.0,55.0,5.0,5.0
2021-08-05 08:56:57,91.0,80.0,7.0,4.0
2021-08-05 08:56:58,85.0,70.0,12.0,3.0
2021-08-05 08:56:59,68.0,62.0,4.0,2.0
2021-08-05 08:57:00,96.0,89.0,4.0,3.0
2021-08-05 08:57:01,87.0,78.0,5.0,4.0
2021-08-05 08:57:02,78.0,66.0,5.0,7.0
2021-08-05 08:57:03,86.0,74.0,6.0,6.0
2021-08-05 08:57:04,92.0,85.0,4.0,3.0
2021-08-05 08:57:05,78.0,67.0,8.0,3.0
2021-08-05 08:57:06,86.0,73.0,7.0,6.0
2021-08-05 08:57:07,92.0,81.0,7.0,4.0
2021-08-05 08:57:08,85.0,75.0,5.0,5.0
2021-08-05 08:57:09,78.0,69.0,2.0,7.0
2021-08-05 08:57:10,88.0,79.0,6.0,3.0
2021-08-05 08:57:11,88.0,79.0,7.0,2.0
2021-08-05 08:57:12,88.0,79.0,5.0,4.0
2021-08-05 08:57:13,95.0,87.0,6.0,2.0
2021-08-05 08:57:14,91.0,81.0,8.0,2.0
2021-08-05 08:57:15,83.0,73.0,8.0,2.0
2021-08-05 08:57:16,102.0,94.0,3.0,5.0
2021-08-05 08:57:17,81.0,70.0,5.0,6.0
2021-08-05 08:57:18,96.0,80.0,10.0,6.0
2021-08-05 08:57:19,93.0,77.0,8.0,8.0
2021-08-05 08:57:20,92.0,82.0,8.0,2.0
2021-08-05 08:57:21,86.0,71.0,8.0,7.0
2021-08-05 08:57:22,90.0,81.0,4.0,5.0
2021-08-05 08:57:23,87.0,72.0,10.0,5.0
2021-08-05 08:57:24,65.0,62.0,2.0,1.0
2021-08-05 08:57:25,95.0,85.0,7.0,3.0
2021-08-05 08:57:26,83.0,71.0,8.0,4.0
2021-08-05 08:57:27,81.0,68.0,7.0,6.0
2021-08-05 08:57:28,85.0,76.0,8.0,1.0
2021-08-05 08:57:29,103.0,91.0,7.0,5.0
2021-08-05 08:57:30,69.0,62.0,1.0,6.0
2021-08-05 08:57:31,74.0,67.0,3.0,4.0
2021-08-05 08:57:32,85.0,77.0,6.0,2.0
2021-08-05 08:57:33,87.0,78.0,4.0,5.0
2021-08-05 08:57:34,94.0,86.0,4.0,4.0
2021-08-05 08:57:35,95.0,81.0,8.0,6.0
2021-08-05 08:57:36,83.0,72.0,8.0,3.0
2021-08-05 08:57:37,73.0,63.0,4.0,6.0
2021-08-05 08:57:38,81.0,76.0,1.0,4.0
2021-08-05 08:57:39,87.0,80.0,3.0,4.0
2021-08-05 08:57:40,82.0,74.0,2.0,6.0
2021-08-05 08:57:41,86.0,75.0,6.0,5.0
2021-08-05 08:57:42,90.0,78.0,6.0,6.0
2021-08-05 08:57:43,71.0,62.0,4.0,5.0
2021-08-05 08:57:44,89.0,76.0,8.0,5.0
2021-08-05 08:57:45,99.0,87.0,7.0,5.0
2021-08-05 08:57:46,94.0,80.0,9.0,5.0
2021-08-05 08:57:47,91.0,81.0,4.0,6.0
2021-08-05 08:57:48,85.0,70.0,12.0,3.0
2021-08-05 08:57:49,86.0,79.0,5.0,2.0
2021-08-05 08:57:50,98.0,82.0,8.0,8.0
2021-08-05 08:57:51,104.0,94.0,9.0,1.0
2021-08-05 08:57:52,79.0,66.0,7.0,6.0
2021-08-05 08:57:53,75.0,67.0,6.0,2.0
2021-08-05 08:57:54,94.0,82.0,7.0,5.0
2021-08-05 08:57:55,81.0,73.0,6.0,2.0
2021-08-05 08:57:56,99.0,87.0,6.0,6.0
2021-08-05 08:57:57,92.0,83.0,7.0,2.0
2021-08-05 08:57:58,106.0,95.0,8.0,3.0
2021-08-05 08:57:59,81.0,73.0,5.0,3.0
2021-08-05 08:58:00,84.0,73.0,8.0,3.0
2021-08-05 08:58:01,96.0,86.0,6.0,4.0
2021-08-05 08:58:02,94.0,86.0,6.0,2.0
2021-08-05 08:58:03,81.0,71.0,8.0,2.0
2021-08-05 08:58:04,92.0,84.0,5.0,3.0
2021-08-05 08:58:05,87.0,78.0,4.0,5.0
2021-08-05 08:58:06,98.0,85.0,6.0,7.0
2021-08-05 08:58:07,89.0,77.0,6.0,6.0
2021-08-05 08:58:08,100.0,92.0,8.0,0.0
2021-08-05 08:58:09,84.0,79.0,4.0,1.0
2021-08-05 08:58:10,79.0,68.0,10.0,1.0
2021-08-05 08:58:11,88.0,73.0,7.0,8.0
2021-08-05 08:58:12,91.0,80.0,7.0,4.0
2021-08-05 08:58:13,89.0,72.0,9.0,8.0
2021-08-05 08:58:14,74.0,70.0,3.0,1.0
2021-08-05 08:58:15,87.0,76.0,7.0,4.0
2021-08-05 08:58:16,106.0,97.0,5.0,4.0
2021-08-05 08:58:17,88.0,83.0,3.0,2.0
2021-08-05 08:58:18,80.0,68.0,6.0,6.0
2021-08-05 08:58:19,90.0,81.0,6.0,3.0
2021-08-05 08:58:20,80.0,71.0,5.0,4.0
2021-08-05 08:58:21,97.0,89.0,2.0,6.0
2021-08-05 08:58:22,88.0,74.0,9.0,5.0
2021-08-05 08:58:23,79.0,69.0,7.0,3.0
2021-08-05 08:58:24,78.0,72.0,3.0,3.0
2021-08-05 08:58:25,75.0,69.0,5.0,1.0
2021-08-05 08:58:26,82.0,73.0,5.0,4.0
2021-08-05 08:58:27,75.0,65.0,4.0,6.0
2021-08-05 08:58:28,86.0,76.0,8.0,2.0
2021-08-05 08:58:29,97.0,88.0,6.0,3.0
2021-08-05 08:58:30,108.0,92.0,12.0,4.0
2021-08-05 08:58:31,63.0,58.0,3.0,2.0
2021-08-05 08:58:32,96.0,84.0,4.0,8.0
2021-08-05 08:58:33,100.0,84.0,10.0,6.0
2021-08-05 08:58:34,79.0,68.0,6.0,5.0
2021-08-05 08:58:35,75.0,65.0,4.0,6.0
2021-08-05 08:58:36,89.0,84.0,3.0,2.0
2021-08-05 08:58:37,85.0,71.0,5.0,9.0
2021-08-05 08:58:38,87.0,72.0,9.0,6.0
2021-08-05 08:58:39,89.0,78.0,7.0,4.0
2021-08-05 08:58:40,85.0,76.0,5.0,4.0
2021-08-05 08:58:41,89.0,86.0,3.0,0.0
2021-08-05 08:58:42,91.0,77.0,9.0,5.0
2021-08-05 08:58:43,98.0,80.0,8.0,10.0
2021-08-05 08:58:44,84.0,73.0,6.0,5.0
2021-08-05 08:58:45,79.0,63.0,11.0,5.0
2021-08-05 08:58:46,81.0,71.0,5.0,5.0
2021-08-05 08:58:47,92.0,80.0,7.0,5.0
2021-08-05 08:58:48,102.0,96.0,2.0,4.0
2021-08-05 08:58:49,89.0,74.0,10.0,5.0
2021-08-05 08:58:50,87.0,78.0,5.0,4.0
2021-08-05 08:58:51,84.0,72.0,7.0,5.0
2021-08-05 08:58:52,95.0,86.0,4.0,5.0
2021-08-05 08:58:53,78.0,64.0,8.0,6.0
2021-08-05 08:58:54,78.0,74.0,3.0,1.0
2021-08-05 08:58:55,79.0,66.0,10.0,3.0
2021-08-05 08:58:56,85.0,75.0,7.0,3.0
2021-08-05 08:58:57,83.0,73.0,8.0,2.0
2021-08-05 08:58:58,97.0,87.0,8.0,2.0
2021-08-05 08:58:59,87.0,78.0,6.0,3.0
2021-08-05 08:59:00,84.0,68.0,7.0,9.0
2021-08-05 08:59:01,101.0,89.0,5.0,7.0
2021-08-05 08:59:02,90.0,73.0,4.0,13.0
2021-08-05 08:59:03,92.0,80.0,5.0,7.0
2021-08-05 08:59:04,89.0,78.0,7.0,4.0
2021-08-05 08:59:05,78.0,68.0,4.0,6.0
2021-08-05 08:59:06,116.0,99.0,13.0,4.0
2021-08-05 08:59:07,81.0,71.0,5.0,5.0
2021-08-05 08:59:08,93.0,85.0,5.0,3.0
2021-08-05 08:59:09,85.0,73.0,10.0,2.0
2021-08-05 08:59:10,102.0,91.0,6.0,5.0
2021-08-05 08:59:11,99.0,88.0,3.0,8.0
2021-08-05 08:59:12,82.0,76.0,4.0,2.0
2021-08-05 08:59:13,88.0,76.0,8.0,4.0
2021-08-05 08:59:14,86.0,73.0,10.0,3.0
2021-08-05 08:59:15,87.0,79.0,3.0,5.0
2021-08-05 08:59:16,78.0,72.0,3.0,3.0
2021-08-05 08:59:17,87.0,80.0,5.0,2.0
2021-08-05 08:59:18,100.0,91.0,7.0,2.0
2021-08-05 08:59:19,72.0,61.0,4.0,7.0
2021-08-05 08:59:20,86.0,81.0,2.0,3.0
2021-08-05 08:59:21,112.0,97.0,7.0,8.0
2021-08-05 08:59:22,93.0,85.0,4.0,4.0
2021-08-05 08:59:23,99.0,87.0,4.0,8.0
2021-08-05 08:59:24,85.0,76.0,4.0,5.0
2021-08-05 08:59:25,100.0,85.0,8.0,7.0
2021-08-05 08:59:26,78.0,75.0,2.0,1.0
2021-08-05 08:59:27,78.0,73.0,5.0,0.0
2021-08-05 08:59:28,86.0,74.0,9.0,3.0
2021-08-05 08:59:29,77.0,71.0,2.0,4.0
2021-08-05 08:59:30,88.0,75.0,3.0,10.0
2021-08-05 08:59:31,99.0,88.0,5.0,6.0
2021-08-05 08:59:32,95.0,83.0,10.0,2.0
2021-08-05 08:59:33,83.0,73.0,6.0,4.0
2021-08-05 08:59:34,108.0,90.0,12.0,6.0
2021-08-05 08:59:35,86.0,82.0,2.0,2.0
2021-08-05 08:59:36,101.0,86.0,9.0,6.0
2021-08-05 08:59:37,78.0,68.0,6.0,4.0
2021-08-05 08:59:38,88.0,74.0,7.0,7.0
2021-08-05 08:59:39,98.0,88.0,5.0,5.0
2021-08-05 08:59:40,95.0,81.0,8.0,6.0
2021-08-05 08:59:41,87.0,75.0,8.0,4.0
2021-08-05 08:59:42,94.0,82.0,8.0,4.0
2021-08-05 08:59:43,80.0,73.0,5.0,2.0
2021-08-05 08:59:44,98.0,86.0,5.0,7.0
2021-08-05 08:59:45,68.0,55.0,7.0,6.0
2021-08-05 08:59:46,70.0,57.0,7.0,6.0
2021-08-05 08:59:47,101.0,81.0,12.0,8.0
2021-08-05 08:59:48,91.0,86.0,3.0,2.0
2021-08-05 08:59:49,68.0,58.0,7.0,3.0
2021-08-05 08:59:50,89.0,80.0,7.0,2.0
2021-08-05 08:59:51,83.0,74.0,6.0,3.0
2021-08-05 08:59:52,95.0,79.0,10.0,6.0
2021-08-05 08:59:53,77.0,66.0,5.0,6.0
2021-08-05 08:59:54,84.0,74.0,3.0,7.0
2021-08-05 08:59:55,83.0,75.0,4.0,4.0
2021-08-05 08:59:56,82.0,65.0,10.0,7.0
2021-08-05 08:59:57,84.0,75.0,3.0,6.0
2021-08-05 08:59:58,77.0,70.0,4.0,3.0
2021-08-05 08:59:59,102.0,91.0,8.0,3.0
2021-08-05 09:00:00,85.0,77.0,6.0,2.0
2021-08-05 09:00:01,88.0,76.0,8.0,4.0
2021-08-05 09:00:02,82.0,70.0,8.0,4.0
2021-08-05 09:00:03,98.0,86.0,3.0,9.0
2021-08-05 09:00:04,90.0,84.0,5.0,1.0
2021-08-05 09:00:05,82.0,75.0,4.0,3.0
2021-08-05 09:00:06,88.0,78.0,6.0,4.0
2021-08-05 09:00:07,81.0,69.0,7.0,5.0
2021-08-05 09:00:08,92.0,79.0,11.0,2.0
2021-08-05 09:00:09,93.0,80.0,11.0,2.0
2021-08-05 09:00:10,87.0,78.0,4.0,5.0
2021-08-05 09:00:11,75.0,62.0,9.0,4.0
2021-08-05 09:00:12,88.0,76.0,6.0,6.0
2021-08-05 09:00:13,92.0,79.0,7.0,6.0
2021-08-05 09:00:14,76.0,64.0,8.0,4.0
2021-08-05 09:00:15,73.0,67.0,4.0,2.0
2021-08-05 09:00:16,78.0,71.0,3.0,4.0
2021-08-05 09:00:17,82.0,70.0,6.0,6.0
2021-08-05 09:00:18,84.0,68.0,8.0,8.0
2021-08-05 09:00:19,71.0,68.0,2.0,1.0
2021-08-05 09:00:20,74.0,64.0,5.0,5.0
2021-08-05 09:00:21,84.0,71.0,10.0,3.0
2021-08-05 09:00:22,78.0,67.0,5.0,6.0
2021-08-05 09:00:23,98.0,90.0,6.0,2.0
2021-08-05 09:00:24,83.0,68.0,7.0,8.0
2021-08-05 09:00:25,96.0,83.0,9.0,4.0
2021-08-05 09:00:26,84.0,73.0,7.0,4.0
2021-08-05 09:00:27,93.0,80.0,6.0,7.0
2021-08-05 09:00:28,75.0,67.0,5.0,3.0
2021-08-05 09:00:29,98.0,92.0,3.0,3.0
2021-08-05 09:00:30,89.0,75.0,9.0,5.0
2021-08-05 09:00:31,85.0,73.0,8.0,4.0
2021-08-05 09:00:32,94.0,89.0,2.0,3.0
2021-08-05 09:00:33,74.0,65.0,7.0,2.0
2021-08-05 09:00:34,82.0,68.0,11.0,3.0
2021-08-05 09:00:35,79.0,75.0,0.0,4.0
2021-08-05 09:00:36,92.0,82.0,4.0,6.0
2021-08-05 09:00:37,101.0,90.0,7.0,4.0
2021-08-05 09:00:38,82.0,75.0,2.0,5.0
2021-08-05 09:00:39,101.0,86.0,6.0,9.0
2021-08-05 09:00:40,98.0,89.0,6.0,3.0
2021-08-05 09:00:41,87.0,74.0,8.0,5.0
2021-08-05 09:00:42,73.0,68.0,3.0,2.0
2021-08-05 09:00:43,85.0,77.0,6.0,2.0
2021-08-05 09:00:44,106.0,92.0,7.0,7.0
2021-08-05 09:00:45,73.0,64.0,6.0,3.0
2021-08-05 09:00:46,88.0,72.0,6.0,10.0
2021-08-05 09:00:47,71.0,60.0,8.0,3.0
2021-08-05 09:00:48,70.0,58.0,5.0,7.0
2021-08-05 09:00:49,67.0,63.0,3.0,1.0
2021-08-05 09:00:50,80.0,72.0,5.0,3.0
2021-08-05 09:00:51,85.0,75.0,6.0,4.0
2021-08-05 09:00:52,96.0,82.0,9.0,5.0
2021-08-05 09:00:53,102.0,92.0,10.0,0.0
2021-08-05 09:00:54,99.0,85.0,9.0,5.0
2021-08-05 09:00:55,81.0,76.0,3.0,2.0
2021-08-05 09:00:56,84.0,71.0,10.0,3.0
2021-08-05 09:00:57,72.0,62.0,5.0,5.0
2021-08-05 09:00:58,72.0,63.0,5.0,4.0
2021-08-05 09:00:59,68.0,62.0,3.0,3.0
2021-08-05 09:01:00,87.0,77.0,5.0,5.0
2021-08-05 09:01:01,81.0,73.0,5.0,3.0
2021-08-05 09:01:02,73.0,62.0,7.0,4.0
2021-08-05 09:01:03,85.0,74.0,7.0,4.0
2021-08-05 09:01:04,78.0,67.0,8.0,3.0
2021-08-05 09:01:05,84.0,72.0,8.0,4.0
2021-08-05 09:01:06,92.0,79.0,9.0,4.0
2021-08-05 09:01:07,71.0,65.0,4.0,2.0
2021-08-05 09:01:08,82.0,72.0,4.0,6.0
2021-08-05 09:01:09,80.0,71.0,6.0,3.0
2021-08-05 09:01:10,71.0,58.0,6.0,7.0
2021-08-05 09:01:11,87.0,80.0,3.0,4.0
2021-08-05 09:01:12,71.0,60.0,9.0,2.0
2021-08-05 09:01:13,90.0,83.0,5.0,2.0
2021-08-05 09:01:14,77.0,66.0,4.0,7.0
2021-08-05 09:01:15,89.0,77.0,6.0,6.0
2021-08-05 09:01:16,88.0,80.0,5.0,3.0
2021-08-05 09:01:17,78.0,71.0,6.0,1.0
2021-08-05 09:01:18,84.0,79.0,3.0,2.0
2021-08-05 09:01:19,102.0,88.0,10.0,4.0
2021-08-05 09:01:20,100.0,85.0,10.0,5.0
2021-08-05 09:01:21,93.0,83.0,7.0,3.0
2021-08-05 09:01:22,105.0,95.0,7.0,3.0
2021-08-05 09:01:23,70.0,63.0,5.0,2.0
2021-08-05 09:01:24,81.0,71.0,5.0,5.0
2021-08-05 09:01:25,88.0,79.0,6.0,3.0
2021-08-05 09:01:26,77.0,70.0,5.0,2.0
2021-08-05 09:01:27,88.0,79.0,7.0,2.0
2021-08-05 09:01:28,82.0,74.0,4.0,4.0
2021-08-05 09:01:29,85.0,73.0,7.0,5.0
2021-08-05 09:01:30,83.0,74.0,4.0,5.0
2021-08-05 09:01:31,84.0,74.0,6.0,4.0
2021-08-05 09:01:32,86.0,76.0,4.0,6.0
2021-08-05 09:01:33,91.0,74.0,13.0,4.0
2021-08-05 09:01:34,84.0,76.0,5.0,3.0
2021-08-05 09:01:35,93.0,82.0,5.0,6.0
2021-08-05 09:01:36,72.0,65.0,6.0,1.0
2021-08-05 09:01:37,101.0,92.0,5.0,4.0
2021-08-05 09:01:38,82.0,73.0,5.0,4.0
2021-08-05 09:01:39,77.0,65.0,5.0,7.0
2021-08-05 09:01:40,91.0,80.0,4.0,7.0
2021-08-05 09:01:41,82.0,79.0,0.0,3.0
2021-08-05 09:01:42,79.0,67.0,8.0,4.0
2021-08-05 09:01:43,88.0,80.0,5.0,3.0
2021-08-05 09:01:44,86.0,73.0,5.0,8.0
2021-08-05 09:01:45,81.0,70.0,10.0,1.0
2021-08-05 09:01:46,103.0,93.0,8.0,2.0
2021-08-05 09:01:47,95.0,88.0,2.0,5.0
2021-08-05 09:01:48,84.0,75.0,5.0,4.0
2021-08-05 09:01:49,96.0,80.0,11.0,5.0
2021-08-05 09:01:50,64.0,56.0,5.0,3.0
2021-08-05 09:01:51,90.0,82.0,4.0,4.0
2021-08-05 09:01:52,71.0,61.0,5.0,5.0
2021-08-05 09:01:53,98.0,87.0,5.0,6.0
2021-08-05 09:01:54,96.0,84.0,6.0,6.0
2021-08-05 09:01:55,96.0,83.0,9.0,4.0
2021-08-05 09:01:56,103.0,94.0,6.0,3.0
2021-08-05 09:01:57,87.0,75.0,8.0,4.0
2021-08-05 09:01:58,89.0,79.0,7.0,3.0
2021-08-05 09:01:59,88.0,77.0,6.0,5.0
2021-08-05 09:02:00,91.0,81.0,4.0,6.0
2021-08-05 09:02:01,83.0,72.0,6.0,5.0
2021-08-05 09:02:02,80.0,70.0,5.0,5.0
2021-08-05 09:02:03,89.0,77.0,6.0,6.0
2021-08-05 09:02:04,107.0,96.0,4.0,7.0
2021-08-05 09:02:05,102.0,92.0,7.0,3.0
2021-08-05 09:02:06,94.0,83.0,6.0,5.0
2021-08-05 09:02:07,85.0,68.0,3.0,14.0
2021-08-05 09:02:08,107.0,86.0,15.0,6.0
2021-08-05 09:02:09,85.0,75.0,7.0,3.0
2021-08-05 09:02:10,81.0,67.0,6.0,8.0
2021-08-05 09:02:11,81.0,70.0,6.0,5.0
2021-08-05 09:02:12,90.0,77.0,9.0,4.0
2021-08-05 09:02:13,91.0,77.0,5.0,9.0
2021-08-05 09:02:14,61.0,53.0,3.0,5.0
2021-08-05 09:02:15,85.0,78.0,5.0,2.0
2021-08-05 09:02:16,84.0,75.0,3.0,6.0
2021-08-05 09:02:17,87.0,75.0,8.0,4.0
2021-08-05 09:02:18,69.0,63.0,5.0,1.0
2021-08-05 09:02:19,101.0,90.0,6.0,5.0
2021-08-05 09:02:20,82.0,68.0,9.0,5.0
2021-08-05 09:02:21,101.0,87.0,7.0,7.0
2021-08-05 09:02:22,85.0,75.0,4.0,6.0
2021-08-05 09:02:23,72.0,66.0,2.0,4.0
2021-08-05 09:02:24,89.0,78.0,7.0,4.0
2021-08-05 09:02:25,88.0,80.0,5.0,3.0
2021-08-05 09:02:26,102.0,92.0,7.0,3.0
2021-08-05 09:02:27,99.0,83.0,10.0,6.0
2021-08-05 09:02:28,91.0,81.0,7.0,3.0
2021-08-05 09:02:29,99.0,84.0,8.0,7.0
2021-08-05 09:02:30,76.0,59.0,10.0,7.0
2021-08-05 09:02:31,74.0,69.0,3.0,2.0
2021-08-05 09:02:32,90.0,84.0,4.0,2.0
2021-08-05 09:02:33,81.0,73.0,3.0,5.0
2021-08-05 09:02:34,101.0,92.0,5.0,4.0
2021-08-05 09:02:35,97.0,82.0,9.0,6.0
2021-08-05 09:02:36,77.0,63.0,10.0,4.0
2021-08-05 09:02:37,96.0,82.0,8.0,6.0
2021-08-05 09:02:38,92.0,79.0,7.0,6.0
2021-08-05 09:02:39,102.0,94.0,6.0,2.0
2021-08-05 09:02:40,86.0,77.0,6.0,3.0
2021-08-05 09:02:41,75.0,68.0,5.0,2.0
2021-08-05 09:02:42,88.0,78.0,7.0,3.0
2021-08-05 09:02:43,86.0,79.0,4.0,3.0
2021-08-05 09:02:44,90.0,87.0,1.0,2.0
2021-08-05 09:02:45,89.0,76.0,9.0,4.0
2021-08-05 09:02:46,79.0,70.0,5.0,4.0
2021-08-05 09:02:47,89.0,76.0,9.0,4.0
2021-08-05 09:02:48,82.0,68.0,9.0,5.0
2021-08-05 09:02:49,90.0,80.0,5.0,5.0
2021-08-05 09:02:50,94.0,85.0,8.0,1.0
2021-08-05 09:02:51,95.0,83.0,9.0,3.0
2021-08-05 09:02:52,73.0,61.0,9.0,3.0
2021-08-05 09:02:53,94.0,84.0,8.0,2.0
2021-08-05 09:02:54,104.0,85.0,10.0,9.0
2021-08-05 09:02:55,87.0,77.0,7.0,3.0
2021-08-05 09:02:56,96.0,82.0,12.0,2.0
2021-08-05 09:02:57,80.0,73.0,3.0,4.0
2021-08-05 09:02:58,76.0,69.0,6.0,1.0
2021-08-05 09:02:59,81.0,73.0,5.0,3.0
2021-08-05 09:03:00,84.0,65.0,10.0,9.0
2021-08-05 09:03:01,85.0,71.0,7.0,7.0
2021-08-05 09:03:02,87.0,81.0,2.0,4.0
2021-08-05 09:03:03,93.0,85.0,5.0,3.0
2021-08-05 09:03:04,78.0,68.0,7.0,3.0
2021-08-05 09:03:05,103.0,99.0,3.0,1.0
2021-08-05 09:03:06,96.0,80.0,12.0,4.0
2021-08-05 09:03:07,75.0,62.0,6.0,7.0
2021-08-05 09:03:08,94.0,83.0,6.0,5.0
2021-08-05 09:03:09,90.0,78.0,5.0,7.0
2021-08-05 09:03:10,79.0,67.0,4.0,8.0
2021-08-05 09:03:11,81.0,71.0,4.0,6.0
2021-08-05 09:03:12,110.0,96.0,10.0,4.0
2021-08-05 09:03:13,100.0,85.0,12.0,3.0
2021-08-05 09:03:14,95.0,86.0,6.0,3.0
2021-08-05 09:03:15,91.0,80.0,9.0,2.0
2021-08-05 09:03:16,75.0,67.0,5.0,3.0
2021-08-05 09:03:17,89.0,78.0,7.0,4.0
2021-08-05 09:03:18,90.0,80.0,5.0,5.0
2021-08-05 09:03:19,78.0,72.0,4.0,2.0
2021-08-05 09:03:20,90.0,77.0,5.0,8.0
2021-08-05 09:03:21,70.0,61.0,4.0,5.0
2021-08-05 09:03:22,80.0,73.0,3.0,4.0
2021-08-05 09:03:23,81.0,72.0,4.0,5.0
2021-08-05 09:03:24,92.0,84.0,5.0,3.0
2021-08-05 09:03:25,94.0,81.0,7.0,6.0
2021-08-05 09:03:26,80.0,71.0,6.0,3.0
2021-08-05 09:03:27,91.0,82.0,8.0,1.0
2021-08-05 09:03:28,100.0,87.0,6.0,7.0
2021-08-05 09:03:29,91.0,82.0,8.0,1.0
2021-08-05 09:03:30,86.0,78.0,6.0,2.0
2021-08-05 09:03:31,94.0,77.0,8.0,9.0
2021-08-05 09:03:32,88.0,77.0,6.0,5.0
2021-08-05 09:03:33,84.0,76.0,7.0,1.0
2021-08-05 09:03:34,80.0,72.0,5.0,3.0
2021-08-05 09:03:35,86.0,80.0,3.0,3.0
2021-08-05 09:03:36,79.0,66.0,10.0,3.0
2021-08-05 09:03:37,86.0,78.0,4.0,4.0
2021-08-05 09:03:38,89.0,82.0,6.0,1.0
2021-08-05 09:03:39,97.0,84.0,6.0,7.0
2021-08-05 09:03:40,78.0,73.0,2.0,3.0
2021-08-05 09:03:41,84.0,75.0,6.0,3.0
2021-08-05 09:03:42,96.0,84.0,6.0,6.0
2021-08-05 09:03:43,78.0,71.0,5.0,2.0
2021-08-05 09:03:44,92.0,84.0,3.0,5.0
2021-08-05 09:03:45,86.0,75.0,5.0,6.0
2021-08-05 09:03:46,91.0,76.0,10.0,5.0
2021-08-05 09:03:47,96.0,79.0,10.0,7.0
2021-08-05 09:03:48,75.0,66.0,6.0,3.0
2021-08-05 09:03:49,97.0,84.0,8.0,5.0
2021-08-05 09:03:50,106.0,94.0,9.0,3.0
2021-08-05 09:03:51,82.0,71.0,9.0,2.0
2021-08-05 09:03:52,91.0,82.0,5.0,4.0
2021-08-05 09:03:53,93.0,79.0,7.0,7.0
2021-08-05 09:03:54,82.0,70.0,9.0,3.0
2021-08-05 09:03:55,97.0,83.0,9.0,5.0
2021-08-05 09:03:56,94.0,84.0,6.0,4.0
2021-08-05 09:03:57,96.0,85.0,6.0,5.0
2021-08-05 09:03:58,92.0,78.0,11.0,3.0
2021-08-05 09:03:59,93.0,83.0,6.0,4.0
2021-08-05 09:04:00,78.0,68.0,5.0,5.0
2021-08-05 09:04:01,67.0,57.0,6.0,4.0
2021-08-05 09:04:02,95.0,81.0,8.0,6.0
2021-08-05 09:04:03,94.0,76.0,10.0,8.0
2021-08-05 09:04:04,83.0,72.0,10.0,1.0
2021-08-05 09:04:05,78.0,73.0,2.0,3.0
2021-08-05 09:04:06,76.0,61.0,9.0,6.0
2021-08-05 09:04:07,97.0,86.0,8.0,3.0
2021-08-05 09:04:08,84.0,79.0,1.0,4.0
2021-08-05 09:04:09,90.0,82.0,6.0,2.0
2021-08-05 09:04:10,67.0,55.0,7.0,5.0
2021-08-05 09:04:11,80.0,67.0,9.0,4.0
2021-08-05 09:04:12,97.0,84.0,6.0,7.0
2021-08-05 09:04:13,99.0,95.0,3.0,1.0
2021-08-05 09:04:14,71.0,67.0,2.0,2.0
2021-08-05 09:04:15,75.0,63.0,6.0,6.0
2021-08-05 09:04:16,84.0,77.0,5.0,2.0
2021-08-05 09:04:17,87.0,77.0,9.0,1.0
2021-08-05 09:04:18,100.0,83.0,8.0,9.0
2021-08-05 09:04:19,93.0,85.0,7.0,1.0
2021-08-05 09:04:20,95.0,80.0,10.0,5.0
2021-08-05 09:04:21,87.0,75.0,10.0,2.0
2021-08-05 09:04:22,77.0,69.0,6.0,2.0
2021-08-05 09:04:23,94.0,86.0,5.0,3.0
2021-08-05 09:04:24,89.0,84.0,4.0,1.0
2021-08-05 09:04:25,92.0,83.0,5.0,4.0
2021-08-05 09:04:26,75.0,74.0,0.0,1.0
2021-08-05 09:04:27,68.0,62.0,3.0,3.0
2021-08-05 09:04:28,84.0,79.0,4.0,1.0
2021-08-05 09:04:29,110.0,96.0,6.0,8.0
2021-08-05 09:04:30,101.0,91.0,7.0,3.0
2021-08-05 09:04:31,90.0,79.0,6.0,5.0
2021-08-05 09:04:32,89.0,76.0,9.0,4.0
2021-08-05 09:04:33,80.0,68.0,9.0,3.0
2021-08-05 09:04:34,78.0,70.0,4.0,4.0
2021-08-05 09:04:35,89.0,84.0,4.0,1.0
2021-08-05 09:04:36,86.0,78.0,5.0,3.0
2021-08-05 09:04:37,93.0,82.0,6.0,5.0
2021-08-05 09:04:38,83.0,72.0,7.0,4.0
2021-08-05 09:04:39,91.0,81.0,4.0,6.0
2021-08-05 09:04:40,73.0,62.0,7.0,4.0
2021-08-05 09:04:41,73.0,63.0,5.0,5.0
2021-08-05 09:04:42,70.0,60.0,7.0,3.0
2021-08-05 09:04:43,95.0,85.0,4.0,6.0
2021-08-05 09:04:44,82.0,72.0,7.0,3.0
2021-08-05 09:04:45,95.0,80.0,9.0,6.0
2021-08-05 09:04:46,88.0,80.0,4.0,4.0
2021-08-05 09:04:47,82.0,75.0,3.0,4.0
2021-08-05 09:04:48,81.0,71.0,7.0,3.0
2021-08-05 09:04:49,68.0,58.0,5.0,5.0
2021-08-05 09:04:50,91.0,81.0,5.0,5.0
2021-08-05 09:04:51,91.0,73.0,14.0,4.0
2021-08-05 09:04:52,77.0,65.0,10.0,2.0
2021-08-05 09:04:53,95.0,87.0,4.0,4.0
2021-08-05 09:04:54,97.0,86.0,4.0,7.0
2021-08-05 09:04:55,83.0,69.0,10.0,4.0
2021-08-05 09:04:56,85.0,75.0,6.0,4.0
2021-08-05 09:04:57,88.0,73.0,10.0,5.0
2021-08-05 09:04:58,79.0,71.0,6.0,2.0
2021-08-05 09:04:59,98.0,80.0,9.0,9.0
2021-08-05 09:05:00,89.0,81.0,6.0,2.0
2021-08-05 09:05:01,82.0,74.0,3.0,5.0
2021-08-05 09:05:02,82.0,78.0,2.0,2.0
2021-08-05 09:05:03,90.0,71.0,15.0,4.0
2021-08-05 09:05:04,106.0,91.0,11.0,4.0
2021-08-05 09:05:05,82.0,71.0,5.0,6.0
2021-08-05 09:05:06,82.0,74.0,7.0,1.0
2021-08-05 09:05:07,88.0,75.0,6.0,7.0
2021-08-05 09:05:08,75.0,67.0,3.0,5.0
2021-08-05 09:05:09,89.0,75.0,10.0,4.0
2021-08-05 09:05:10,93.0,78.0,10.0,5.0
2021-08-05 09:05:11,98.0,87.0,5.0,6.0
2021-08-05 09:05:12,101.0,92.0,7.0,2.0
2021-08-05 09:05:13,97.0,81.0,6.0,10.0
2021-08-05 09:05:14,87.0,80.0,4.0,3.0
2021-08-05 09:05:15,92.0,84.0,6.0,2.0
2021-08-05 09:05:16,94.0,81.0,7.0,6.0
2021-08-05 09:05:17,102.0,90.0,3.0,9.0
2021-08-05 09:05:18,82.0,74.0,2.0,6.0
2021-08-05 09:05:19,104.0,90.0,7.0,7.0
2021-08-05 09:05:20,102.0,93.0,4.0,5.0
2021-08-05 09:05:21,92.0,76.0,9.0,7.0
2021-08-05 09:05:22,81.0,69.0,8.0,4.0
2021-08-05 09:05:23,99.0,90.0,9.0,0.0
2021-08-05 09:05:24,75.0,70.0,2.0,3.0
2021-08-05 09:05:25,99.0,84.0,7.0,8.0
2021-08-05 09:05:26,78.0,66.0,7.0,5.0
2021-08-05 09:05:27,84.0,77.0,6.0,1.0
2021-08-05 09:05:28,81.0,69.0,7.0,5.0
2021-08-05 09:05:29,96.0,86.0,5.0,5.0
2021-08-05 09:05:30,85.0,70.0,8.0,7.0
2021-08-05 09:05:31,80.0,69.0,9.0,2.0
2021-08-05 09:05:32,87.0,74.0,10.0,3.0
2021-08-05 09:05:33,82.0,75.0,5.0,2.0
2021-08-05 09:05:34,101.0,90.0,9.0,2.0
2021-08-05 09:05:35,95.0,79.0,12.0,4.0
2021-08-05 09:05:36,101.0,87.0,8.0,6.0
2021-08-05 09:05:37,92.0,83.0,6.0,3.0
2021-08-05 09:05:38,82.0,76.0,3.0,3.0
2021-08-05 09:05:39,90.0,80.0,6.0,4.0
2021-08-05 09:05:40,96.0,79.0,12.0,5.0
2021-08-05 09:05:41,89.0,74.0,12.0,3.0
2021-08-05 09:05:42,74.0,66.0,4.0,4.0
2021-08-05 09:05:43,81.0,70.0,6.0,5.0
2021-08-05 09:05:44,98.0,86.0,9.0,3.0
2021-08-05 09:05:45,90.0,80.0,3.0,7.0
2021-08-05 09:05:46,76.0,67.0,6.0,3.0
2021-08-05 09:05:47,68.0,58.0,6.0,4.0
2021-08-05 09:05:48,89.0,74.0,9.0,6.0
2021-08-05 09:05:49,76.0,60.0,9.0,7.0
2021-08-05 09:05:50,85.0,72.0,7.0,6.0
2021-08-05 09:05:51,82.0,75.0,6.0,1.0
2021-08-05 09:05:52,67.0,59.0,3.0,5.0
2021-08-05 09:05:53,86.0,74.0,8.0,4.0
2021-08-05 09:05:54,89.0,75.0,9.0,5.0
2021-08-05 09:05:55,92.0,77.0,7.0,8.0
2021-08-05 09:05:56,81.0,73.0,5.0,3.0
2021-08-05 09:05:57,82.0,64.0,12.0,6.0
2021-08-05 09:05:58,88.0,74.0,9.0,5.0
2021-08-05 09:05:59,82.0,73.0,5.0,4.0
2021-08-05 09:06:00,82.0,70.0,10.0,2.0
2021-08-05 09:06:01,94.0,82.0,6.0,6.0
2021-08-05 09:06:02,101.0,89.0,8.0,4.0
2021-08-05 09:06:03,109.0,98.0,8.0,3.0
2021-08-05 09:06:04,93.0,83.0,7.0,3.0
2021-08-05 09:06:05,83.0,71.0,5.0,7.0
2021-08-05 09:06:06,96.0,84.0,7.0,5.0
2021-08-05 09:06:07,92.0,89.0,3.0,0.0
2021-08-05 09:06:08,76.0,65.0,8.0,3.0
2021-08-05 09:06:09,77.0,67.0,4.0,6.0
2021-08-05 09:06:10,69.0,62.0,4.0,3.0
2021-08-05 09:06:11,85.0,76.0,4.0,5.0
2021-08-05 09:06:12,80.0,68.0,7.0,5.0
2021-08-05 09:06:13,87.0,77.0,4.0,6.0
2021-08-05 09:06:14,77.0,69.0,5.0,3.0
2021-08-05 09:06:15,75.0,69.0,4.0,2.0
2021-08-05 09:06:16,90.0,77.0,5.0,8.0
2021-08-05 09:06:17,82.0,74.0,6.0,2.0
2021-08-05 09:06:18,74.0,66.0,7.0,1.0
2021-08-05 09:06:19,104.0,84.0,13.0,7.0
2021-08-05 09:06:20,87.0,73.0,10.0,4.0
2021-08-05 09:06:21,93.0,73.0,12.0,8.0
2021-08-05 09:06:22,70.0,59.0,5.0,6.0
2021-08-05 09:06:23,77.0,66.0,7.0,4.0
2021-08-05 09:06:24,83.0,76.0,6.0,1.0
2021-08-05 09:06:25,91.0,81.0,7.0,3.0
2021-08-05 09:06:26,87.0,74.0,7.0,6.0
2021-08-05 09:06:27,85.0,71.0,9.0,5.0
2021-08-05 09:06:28,94.0,80.0,9.0,5.0
2021-08-05 09:06:29,96.0,82.0,9.0,5.0
2021-08-05 09:06:30,89.0,74.0,7.0,8.0
2021-08-05 09:06:31,84.0,76.0,5.0,3.0
2021-08-05 09:06:32,80.0,69.0,6.0,5.0
2021-08-05 09:06:33,73.0,63.0,6.0,4.0
2021-08-05 09:06:34,91.0,79.0,8.0,4.0
2021-08-05 09:06:35,92.0,81.0,6.0,5.0
2021-08-05 09:06:36,72.0,64.0,5.0,3.0
2021-08-05 09:06:37,87.0,80.0,4.0,3.0
2021-08-05 09:06:38,64.0,57.0,4.0,3.0
2021-08-05 09:06:39,97.0,82.0,11.0,4.0
2021-08-05 09:06:40,96.0,87.0,4.0,5.0
2021-08-05 09:06:41,94.0,84.0,6.0,4.0
2021-08-05 09:06:42,89.0,79.0,6.0,4.0
2021-08-05 09:06:43,97.0,87.0,7.0,3.0
2021-08-05 09:06:44,98.0,83.0,7.0,8.0
2021-08-05 09:06:45,86.0,76.0,8.0,2.0
2021-08-05 09:06:46,78.0,58.0,16.0,4.0
2021-08-05 09:06:47,82.0,76.0,3.0,3.0
2021-08-05 09:06:48,89.0,81.0,5.0,3.0
2021-08-05 09:06:49,85.0,80.0,5.0,0.0
2021-08-05 09:06:50,73.0,66.0,3.0,4.0
2021-08-05 09:06:51,100.0,91.0,7.0,2.0
2021-08-05 09:06:52,89.0,82.0,4.0,3.0
2021-08-05 09:06:53,77.0,70.0,5.0,2.0
2021-08-05 09:06:54,81.0,75.0,6.0,0.0
2021-08-05 09:06:55,86.0,78.0,4.0,4.0
2021-08-05 09:06:56,85.0,73.0,6.0,6.0
2021-08-05 09:06:57,72.0,57.0,5.0,10.0
2021-08-05 09:06:58,85.0,73.0,8.0,4.0
2021-08-05 09:06:59,86.0,74.0,9.0,3.0
2021-08-05 09:07:00,81.0,68.0,9.0,4.0
2021-08-05 09:07:01,72.0,68.0,3.0,1.0
2021-08-05 09:07:02,96.0,88.0,4.0,4.0
2021-08-05 09:07:03,84.0,73.0,10.0,1.0
2021-08-05 09:07:04,88.0,73.0,11.0,4.0
2021-08-05 09:07:05,93.0,79.0,12.0,2.0
2021-08-05 09:07:06,83.0,72.0,7.0,4.0
2021-08-05 09:07:07,79.0,68.0,3.0,8.0
2021-08-05 09:07:08,86.0,81.0,1.0,4.0
2021-08-05 09:07:09,90.0,81.0,4.0,5.0
2021-08-05 09:07:10,96.0,85.0,8.0,3.0
2021-08-05 09:07:11,76.0,67.0,7.0,2.0
2021-08-05 09:07:12,88.0,77.0,6.0,5.0
2021-08-05 09:07:13,91.0,80.0,7.0,4.0
2021-08-05 09:07:14,94.0,84.0,2.0,8.0
2021-08-05 09:07:15,84.0,77.0,5.0,2.0
2021-08-05 09:07:16,88.0,78.0,5.0,5.0
2021-08-05 09:07:17,95.0,87.0,6.0,2.0
2021-08-05 09:07:18,91.0,79.0,5.0,7.0
2021-08-05 09:07:19,87.0,79.0,4.0,4.0
2021-08-05 09:07:20,93.0,83.0,6.0,4.0
2021-08-05 09:07:21,97.0,86.0,5.0,6.0
2021-08-05 09:07:22,90.0,81.0,7.0,2.0
2021-08-05 09:07:23,85.0,75.0,8.0,2.0
2021-08-05 09:07:24,81.0,71.0,6.0,4.0
2021-08-05 09:07:25,80.0,70.0,4.0,6.0
2021-08-05 09:07:26,93.0,85.0,3.0,5.0
2021-08-05 09:07:27,79.0,66.0,8.0,5.0
2021-08-05 09:07:28,92.0,83.0,3.0,6.0
2021-08-05 09:07:29,87.0,77.0,8.0,2.0
2021-08-05 09:07:30,90.0,76.0,9.0,5.0
2021-08-05 09:07:31,88.0,78.0,6.0,4.0
2021-08-05 09:07:32,84.0,74.0,7.0,3.0
2021-08-05 09:07:33,82.0,71.0,5.0,6.0
2021-08-05 09:07:34,87.0,75.0,10.0,2.0
2021-08-05 09:07:35,102.0,93.0,5.0,4.0
2021-08-05 09:07:36,104.0,97.0,5.0,2.0
2021-08-05 09:07:37,90.0,72.0,10.0,8.0
2021-08-05 09:07:38,82.0,71.0,5.0,6.0
2021-08-05 09:07:39,84.0,73.0,6.0,5.0
2021-08-05 09:07:40,90.0,80.0,5.0,5.0
2021-08-05 09:07:41,67.0,61.0,3.0,3.0
2021-08-05 09:07:42,87.0,79.0,6.0,2.0
2021-08-05 09:07:43,90.0,79.0,6.0,5.0
2021-08-05 09:07:44,94.0,86.0,7.0,1.0
2021-08-05 09:07:45,91.0,81.0,6.0,4.0
2021-08-05 09:07:46,95.0,82.0,4.0,9.0
2021-08-05 09:07:47,80.0,73.0,3.0,4.0
2021-08-05 09:07:48,79.0,71.0,4.0,4.0
2021-08-05 09:07:49,83.0,72.0,3.0,8.0
2021-08-05 09:07:50,93.0,81.0,10.0,2.0
2021-08-05 09:07:51,81.0,68.0,6.0,7.0
2021-08-05 09:07:52,92.0,84.0,3.0,5.0
2021-08-05 09:07:53,90.0,77.0,7.0,6.0
2021-08-05 09:07:54,88.0,72.0,11.0,5.0
2021-08-05 09:07:55,95.0,82.0,8.0,5.0
2021-08-05 09:07:56,98.0,93.0,2.0,3.0
2021-08-05 09:07:57,75.0,64.0,8.0,3.0
2021-08-05 09:07:58,101.0,85.0,9.0,7.0
2021-08-05 09:07:59,94.0,82.0,5.0,7.0
2021-08-05 09:08:00,77.0,64.0,8.0,5.0
2021-08-05 09:08:01,102.0,88.0,11.0,3.0
2021-08-05 09:08:02,93.0,84.0,6.0,3.0
2021-08-05 09:08:03,87.0,73.0,7.0,7.0
2021-08-05 09:08:04,88.0,72.0,10.0,6.0
2021-08-05 09:08:05,84.0,74.0,6.0,4.0
2021-08-05 09:08:06,86.0,76.0,5.0,5.0
2021-08-05 09:08:07,87.0,78.0,5.0,4.0
2021-08-05 09:08:08,84.0,79.0,3.0,2.0
2021-08-05 09:08:09,81.0,67.0,10.0,4.0
2021-08-05 09:08:10,89.0,84.0,4.0,1.0
2021-08-05 09:08:11,88.0,79.0,5.0,4.0
2021-08-05 09:08:12,80.0,70.0,8.0,2.0
2021-08-05 09:08:13,98.0,86.0,5.0,7.0
2021-08-05 09:08:14,100.0,87.0,6.0,7.0
2021-08-05 09:08:15,68.0,60.0,6.0,2.0
2021-08-05 09:08:16,83.0,70.0,9.0,4.0
2021-08-05 09:08:17,90.0,78.0,6.0,6.0
2021-08-05 09:08:18,72.0,68.0,2.0,2.0
2021-08-05 09:08:19,93.0,86.0,3.0,4.0
2021-08-05 09:08:20,82.0,72.0,7.0,3.0
2021-08-05 09:08:21,78.0,68.0,5.0,5.0
2021-08-05 09:08:22,101.0,90.0,10.0,1.0
2021-08-05 09:08:23,86.0,76.0,8.0,2.0
2021-08-05 09:08:24,90.0,82.0,5.0,3.0
2021-08-05 09:08:25,86.0,71.0,8.0,7.0
2021-08-05 09:08:26,81.0,76.0,5.0,0.0
2021-08-05 09:08:27,90.0,76.0,9.0,5.0
2021-08-05 09:08:28,98.0,86.0,6.0,6.0
2021-08-05 09:08:29,98.0,91.0,5.0,2.0
2021-08-05 09:08:30,93.0,84.0,7.0,2.0
2021-08-05 09:08:31,81.0,70.0,6.0,5.0
2021-08-05 09:08:32,83.0,73.0,4.0,6.0
2021-08-05 09:08:33,77.0,64.0,9.0,4.0
2021-08-05 09:08:34,89.0,78.0,5.0,6.0
2021-08-05 09:08:35,103.0,93.0,7.0,3.0
2021-08-05 09:08:36,109.0,92.0,7.0,10.0
2021-08-05 09:08:37,97.0,89.0,3.0,5.0
2021-08-05 09:08:38,98.0,87.0,6.0,5.0
2021-08-05 09:08:39,105.0,95.0,4.0,6.0
2021-08-05 09:08:40,88.0,80.0,4.0,4.0
2021-08-05 09:08:41,94.0,85.0,8.0,1.0
2021-08-05 09:08:42,86.0,78.0,4.0,4.0
2021-08-05 09:08:43,94.0,86.0,5.0,3.0
2021-08-05 09:08:44,85.0,76.0,2.0,7.0
2021-08-05 09:08:45,127.0,109.0,9.0,9.0
2021-08-05 09:08:46,90.0,77.0,9.0,4.0
2021-08-05 09:08:47,94.0,83.0,6.0,5.0
2021-08-05 09:08:48,94.0,80.0,9.0,5.0
2021-08-05 09:08:49,73.0,62.0,10.0,1.0
2021-08-05 09:08:50,97.0,83.0,13.0,1.0
2021-08-05 09:08:51,72.0,65.0,6.0,1.0
2021-08-05 09:08:52,88.0,73.0,7.0,8.0
2021-08-05 09:08:53,71.0,64.0,3.0,4.0
2021-08-05 09:08:54,79.0,73.0,3.0,3.0
2021-08-05 09:08:55,81.0,72.0,5.0,4.0
2021-08-05 09:08:56,82.0,76.0,3.0,3.0
2021-08-05 09:08:57,81.0,73.0,5.0,3.0
2021-08-05 09:08:58,88.0,75.0,3.0,10.0
2021-08-05 09:08:59,97.0,84.0,10.0,3.0
2021-08-05 09:09:00,83.0,69.0,9.0,5.0
2021-08-05 09:09:01,71.0,60.0,4.0,7.0
2021-08-05 09:09:02,91.0,80.0,5.0,6.0
2021-08-05 09:09:03,92.0,80.0,10.0,2.0
2021-08-05 09:09:04,88.0,77.0,5.0,6.0
2021-08-05 09:09:05,73.0,66.0,4.0,3.0
2021-08-05 09:09:06,102.0,95.0,4.0,3.0
2021-08-05 09:09:07,105.0,93.0,10.0,2.0
2021-08-05 09:09:08,68.0,58.0,6.0,4.0
2021-08-05 09:09:09,83.0,76.0,3.0,4.0
2021-08-05 09:09:10,77.0,68.0,5.0,4.0
2021-08-05 09:09:11,85.0,75.0,7.0,3.0
2021-08-05 09:09:12,81.0,70.0,5.0,6.0
2021-08-05 09:09:13,97.0,86.0,4.0,7.0
2021-08-05 09:09:14,67.0,56.0,7.0,4.0
2021-08-05 09:09:15,81.0,71.0,3.0,7.0
2021-08-05 09:09:16,101.0,91.0,5.0,5.0
2021-08-05 09:09:17,87.0,76.0,6.0,5.0
2021-08-05 09:09:18,96.0,85.0,7.0,4.0
2021-08-05 09:09:19,76.0,62.0,5.0,9.0
2021-08-05 09:09:20,90.0,79.0,5.0,6.0
2021-08-05 09:09:21,76.0,68.0,7.0,1.0
2021-08-05 09:09:22,81.0,66.0,9.0,6.0
2021-08-05 09:09:23,86.0,72.0,7.0,7.0
2021-08-05 09:09:24,99.0,88.0,6.0,5.0
2021-08-05 09:09:25,102.0,86.0,9.0,7.0
2021-08-05 09:09:26,75.0,67.0,6.0,2.0
2021-08-05 09:09:27,90.0,76.0,9.0,5.0
2021-08-05 09:09:28,93.0,80.0,6.0,7.0
2021-08-05 09:09:29,76.0,69.0,3.0,4.0
2021-08-05 09:09:30,76.0,72.0,2.0,2.0
2021-08-05 09:09:31,96.0,85.0,5.0,6.0
2021-08-05 09:09:32,91.0,80.0,8.0,3.0
2021-08-05 09:09:33,93.0,83.0,6.0,4.0
2021-08-05 09:09:34,80.0,65.0,8.0,7.0
2021-08-05 09:09:35,86.0,74.0,9.0,3.0
2021-08-05 09:09:36,93.0,84.0,8.0,1.0
2021-08-05 09:09:37,84.0,75.0,7.0,2.0
2021-08-05 09:09:38,103.0,94.0,5.0,4.0
2021-08-05 09:09:39,86.0,80.0,5.0,1.0
2021-08-05 09:09:40,87.0,80.0,4.0,3.0
2021-08-05 09:09:41,105.0,93.0,7.0,5.0
2021-08-05 09:09:42,75.0,60.0,12.0,3.0
2021-08-05 09:09:43,93.0,84.0,6.0,3.0
2021-08-05 09:09:44,103.0,97.0,3.0,3.0
2021-08-05 09:09:45,80.0,66.0,7.0,7.0
2021-08-05 09:09:46,89.0,82.0,4.0,3.0
2021-08-05 09:09:47,92.0,80.0,10.0,2.0
2021-08-05 09:09:48,90.0,77.0,9.0,4.0
2021-08-05 09:09:49,85.0,75.0,9.0,1.0
2021-08-05 09:09:50,84.0,79.0,1.0,4.0
2021-08-05 09:09:51,87.0,79.0,4.0,4.0
2021-08-05 09:09:52,85.0,78.0,4.0,3.0
2021-08-05 09:09:53,82.0,72.0,7.0,3.0
2021-08-05 09:09:54,109.0,99.0,2.0,8.0
2021-08-05 09:09:55,85.0,74.0,3.0,8.0
2021-08-05 09:09:56,80.0,72.0,4.0,4.0
2021-08-05 09:09:57,81.0,68.0,7.0,6.0
2021-08-05 09:09:58,92.0,79.0,8.0,5.0
2021-08-05 09:09:59,79.0,65.0,7.0,7.0
2021-08-05 09:10:00,89.0,76.0,6.0,7.0
2021-08-05 09:10:01,93.0,83.0,2.0,8.0
2021-08-05 09:10:02,90.0,78.0,10.0,2.0
2021-08-05 09:10:03,72.0,57.0,10.0,5.0
2021-08-05 09:10:04,89.0,82.0,6.0,1.0
2021-08-05 09:10:05,95.0,85.0,6.0,4.0
2021-08-05 09:10:06,94.0,83.0,9.0,2.0
2021-08-05 09:10:07,83.0,79.0,2.0,2.0
2021-08-05 09:10:08,89.0,77.0,9.0,3.0
2021-08-05 09:10:09,91.0,79.0,7.0,5.0
2021-08-05 09:10:10,89.0,81.0,5.0,3.0
2021-08-05 09:10:11,78.0,71.0,5.0,2.0
2021-08-05 09:10:12,76.0,63.0,9.0,4.0
2021-08-05 09:10:13,110.0,96.0,6.0,8.0
2021-08-05 09:10:14,78.0,64.0,8.0,6.0
2021-08-05 09:10:15,84.0,75.0,7.0,2.0
2021-08-05 09:10:16,88.0,71.0,8.0,9.0
2021-08-05 09:10:17,73.0,64.0,6.0,3.0
2021-08-05 09:10:18,82.0,66.0,8.0,8.0
2021-08-05 09:10:19,89.0,85.0,2.0,2.0
2021-08-05 09:10:20,97.0,81.0,12.0,4.0
2021-08-05 09:10:21,103.0,92.0,8.0,3.0
2021-08-05 09:10:22,91.0,83.0,2.0,6.0
2021-08-05 09:10:23,92.0,81.0,8.0,3.0
2021-08-05 09:10:24,91.0,79.0,8.0,4.0
2021-08-05 09:10:25,91.0,84.0,2.0,5.0
2021-08-05 09:10:26,87.0,72.0,7.0,8.0
2021-08-05 09:10:27,87.0,74.0,10.0,3.0
2021-08-05 09:10:28,83.0,70.0,9.0,4.0
2021-08-05 09:10:29,91.0,80.0,7.0,4.0
2021-08-05 09:10:30,71.0,64.0,3.0,4.0
2021-08-05 09:10:31,102.0,92.0,6.0,4.0
2021-08-05 09:10:32,93.0,76.0,9.0,8.0
2021-08-05 09:10:33,87.0,75.0,8.0,4.0
2021-08-05 09:10:34,87.0,77.0,7.0,3.0
2021-08-05 09:10:35,76.0,65.0,6.0,5.0
2021-08-05 09:10:36,93.0,86.0,3.0,4.0
2021-08-05 09:10:37,89.0,80.0,6.0,3.0
2021-08-05 09:10:38,102.0,90.0,5.0,7.0
2021-08-05 09:10:39,78.0,68.0,6.0,4.0
2021-08-05 09:10:40,96.0,82.0,9.0,5.0
2021-08-05 09:10:41,102.0,92.0,7.0,3.0
2021-08-05 09:10:42,84.0,73.0,8.0,3.0
2021-08-05 09:10:43,107.0,98.0,6.0,3.0
2021-08-05 09:10:44,84.0,76.0,2.0,6.0
2021-08-05 09:10:45,101.0,90.0,7.0,4.0
2021-08-05 09:10:46,83.0,68.0,11.0,4.0
2021-08-05 09:10:47,66.0,55.0,7.0,4.0
2021-08-05 09:10:48,104.0,94.0,5.0,5.0
2021-08-05 09:10:49,100.0,85.0,9.0,6.0
2021-08-05 09:10:50,85.0,74.0,7.0,4.0
2021-08-05 09:10:51,99.0,85.0,9.0,5.0
2021-08-05 09:10:52,100.0,89.0,3.0,8.0
2021-08-05 09:10:53,86.0,76.0,5.0,5.0
2021-08-05 09:10:54,81.0,69.0,11.0,1.0
2021-08-05 09:10:55,99.0,91.0,5.0,3.0
2021-08-05 09:10:56,82.0,72.0,7.0,3.0
2021-08-05 09:10:57,90.0,76.0,8.0,6.0
2021-08-05 09:10:58,91.0,81.0,6.0,4.0
2021-08-05 09:10:59,71.0,62.0,6.0,3.0
2021-08-05 09:11:00,82.0,73.0,4.0,5.0
2021-08-05 09:11:01,81.0,69.0,8.0,4.0
2021-08-05 09:11:02,101.0,82.0,8.0,11.0
2021-08-05 09:11:03,96.0,84.0,9.0,3.0
2021-08-05 09:11:04,88.0,78.0,8.0,2.0
2021-08-05 09:11:05,91.0,81.0,5.0,5.0
2021-08-05 09:11:06,99.0,88.0,6.0,5.0
2021-08-05 09:11:07,88.0,78.0,2.0,8.0
2021-08-05 09:11:08,103.0,89.0,7.0,7.0
2021-08-05 09:11:09,89.0,84.0,2.0,3.0
2021-08-05 09:11:10,107.0,100.0,3.0,4.0
2021-08-05 09:11:11,78.0,67.0,8.0,3.0
2021-08-05 09:11:12,89.0,80.0,7.0,2.0
2021-08-05 09:11:13,105.0,95.0,7.0,3.0
2021-08-05 09:11:14,75.0,63.0,7.0,5.0
2021-08-05 09:11:15,97.0,82.0,11.0,4.0
2021-08-05 09:11:16,86.0,79.0,2.0,5.0
2021-08-05 09:11:17,83.0,68.0,12.0,3.0
2021-08-05 09:11:18,103.0,89.0,10.0,4.0
2021-08-05 09:11:19,92.0,84.0,6.0,2.0
2021-08-05 09:11:20,87.0,73.0,6.0,8.0
2021-08-05 09:11:21,98.0,87.0,8.0,3.0
2021-08-05 09:11:22,88.0,76.0,9.0,3.0
2021-08-05 09:11:23,92.0,84.0,5.0,3.0
2021-08-05 09:11:24,87.0,82.0,5.0,0.0
2021-08-05 09:11:25,76.0,65.0,10.0,1.0
2021-08-05 09:11:26,89.0,75.0,6.0,8.0
2021-08-05 09:11:27,80.0,69.0,4.0,7.0
2021-08-05 09:11:28,78.0,67.0,7.0,4.0
2021-08-05 09:11:29,98.0,86.0,7.0,5.0
2021-08-05 09:11:30,81.0,75.0,3.0,3.0
2021-08-05 09:11:31,81.0,66.0,8.0,7.0
2021-08-05 09:11:32,80.0,73.0,6.0,1.0
2021-08-05 09:11:33,73.0,66.0,5.0,2.0
2021-08-05 09:11:34,82.0,68.0,9.0,5.0
2021-08-05 09:11:35,86.0,68.0,10.0,8.0
2021-08-05 09:11:36,93.0,82.0,10.0,1.0
2021-08-05 09:11:37,75.0,64.0,8.0,3.0
2021-08-05 09:11:38,77.0,66.0,6.0,5.0
2021-08-05 09:11:39,98.0,83.0,10.0,5.0
2021-08-05 09:11:40,73.0,65.0,4.0,4.0
2021-08-05 09:11:41,83.0,74.0,7.0,2.0
2021-08-05 09:11:42,76.0,67.0,5.0,4.0
2021-08-05 09:11:43,85.0,73.0,5.0,7.0
2021-08-05 09:11:44,81.0,75.0,4.0,2.0
2021-08-05 09:11:45,90.0,79.0,6.0,5.0
2021-08-05 09:11:46,82.0,70.0,5.0,7.0
2021-08-05 09:11:47,95.0,82.0,8.0,5.0
2021-08-05 09:11:48,81.0,75.0,5.0,1.0
2021-08-05 09:11:49,77.0,65.0,4.0,8.0
2021-08-05 09:11:50,88.0,77.0,7.0,4.0
2021-08-05 09:11:51,104.0,87.0,7.0,10.0
2021-08-05 09:11:52,87.0,80.0,3.0,4.0
2021-08-05 09:11:53,85.0,71.0,8.0,6.0
2021-08-05 09:11:54,79.0,71.0,4.0,4.0
2021-08-05 09:11:55,98.0,91.0,5.0,2.0
2021-08-05 09:11:56,99.0,87.0,8.0,4.0
2021-08-05 09:11:57,98.0,87.0,5.0,6.0
2021-08-05 09:11:58,71.0,62.0,5.0,4.0
2021-08-05 09:11:59,92.0,83.0,3.0,6.0
2021-08-05 09:12:00,90.0,81.0,3.0,6.0
2021-08-05 09:12:01,92.0,85.0,4.0,3.0
2021-08-05 09:12:02,90.0,82.0,7.0,1.0
2021-08-05 09:12:03,90.0,77.0,9.0,4.0
2021-08-05 09:12:04,85.0,79.0,4.0,2.0
2021-08-05 09:12:05,107.0,95.0,10.0,2.0
2021-08-05 09:12:06,95.0,84.0,9.0,2.0
2021-08-05 09:12:07,72.0,61.0,3.0,8.0
2021-08-05 09:12:08,70.0,63.0,4.0,3.0
2021-08-05 09:12:09,79.0,71.0,3.0,5.0
2021-08-05 09:12:10,71.0,64.0,5.0,2.0
2021-08-05 09:12:11,73.0,66.0,4.0,3.0
2021-08-05 09:12:12,76.0,67.0,4.0,5.0
2021-08-05 09:12:13,86.0,74.0,8.0,4.0
2021-08-05 09:12:14,96.0,79.0,8.0,9.0
2021-08-05 09:12:15,86.0,80.0,3.0,3.0
2021-08-05 09:12:16,78.0,67.0,10.0,1.0
2021-08-05 09:12:17,96.0,87.0,7.0,2.0
2021-08-05 09:12:18,69.0,60.0,2.0,7.0
2021-08-05 09:12:19,70.0,65.0,4.0,1.0
2021-08-05 09:12:20,76.0,72.0,2.0,2.0
2021-08-05 09:12:21,98.0,82.0,11.0,5.0
2021-08-05 09:12:22,80.0,71.0,7.0,2.0
2021-08-05 09:12:23,82.0,72.0,3.0,7.0
2021-08-05 09:12:24,66.0,58.0,5.0,3.0
2021-08-05 09:12:25,99.0,87.0,9.0,3.0
2021-08-05 09:12:26,84.0,70.0,6.0,8.0
2021-08-05 09:12:27,87.0,77.0,6.0,4.0
2021-08-05 09:12:28,96.0,87.0,5.0,4.0
2021-08-05 09:12:29,77.0,70.0,4.0,3.0
2021-08-05 09:12:30,92.0,86.0,2.0,4.0
2021-08-05 09:12:31,89.0,77.0,9.0,3.0
2021-08-05 09:12:32,73.0,65.0,4.0,4.0
2021-08-05 09:12:33,88.0,75.0,8.0,5.0
2021-08-05 09:12:34,85.0,74.0,5.0,6.0
2021-08-05 09:12:35,95.0,73.0,14.0,8.0
2021-08-05 09:12:36,87.0,74.0,8.0,5.0
2021-08-05 09:12:37,74.0,63.0,6.0,5.0
2021-08-05 09:12:38,93.0,77.0,12.0,4.0
2021-08-05 09:12:39,87.0,75.0,9.0,3.0
2021-08-05 09:12:40,93.0,77.0,6.0,10.0
2021-08-05 09:12:41,86.0,71.0,9.0,6.0
2021-08-05 09:12:42,82.0,70.0,7.0,5.0
2021-08-05 09:12:43,91.0,81.0,8.0,2.0
2021-08-05 09:12:44,99.0,88.0,5.0,6.0
2021-08-05 09:12:45,91.0,79.0,8.0,4.0
2021-08-05 09:12:46,89.0,79.0,6.0,4.0
2021-08-05 09:12:47,105.0,87.0,12.0,6.0
2021-08-05 09:12:48,93.0,84.0,4.0,5.0
2021-08-05 09:12:49,97.0,85.0,10.0,2.0
2021-08-05 09:12:50,85.0,75.0,7.0,3.0
2021-08-05 09:12:51,91.0,80.0,9.0,2.0
2021-08-05 09:12:52,79.0,72.0,1.0,6.0
2021-08-05 09:12:53,96.0,83.0,7.0,6.0
2021-08-05 09:12:54,89.0,74.0,9.0,6.0
2021-08-05 09:12:55,97.0,79.0,12.0,6.0
2021-08-05 09:12:56,88.0,77.0,8.0,3.0
2021-08-05 09:12:57,83.0,77.0,0.0,6.0
2021-08-05 09:12:58,89.0,74.0,11.0,4.0
2021-08-05 09:12:59,78.0,69.0,7.0,2.0
2021-08-05 09:13:00,90.0,77.0,5.0,8.0
2021-08-05 09:13:01,76.0,68.0,5.0,3.0
2021-08-05 09:13:02,92.0,83.0,5.0,4.0
2021-08-05 09:13:03,79.0,71.0,3.0,5.0
2021-08-05 09:13:04,79.0,64.0,9.0,6.0
2021-08-05 09:13:05,64.0,55.0,4.0,5.0
2021-08-05 09:13:06,100.0,93.0,6.0,1.0
2021-08-05 09:13:07,66.0,59.0,3.0,4.0
2021-08-05 09:13:08,72.0,61.0,8.0,3.0
2021-08-05 09:13:09,85.0,71.0,5.0,9.0
2021-08-05 09:13:10,93.0,88.0,3.0,2.0
2021-08-05 09:13:11,91.0,85.0,2.0,4.0
2021-08-05 09:13:12,94.0,86.0,5.0,3.0
2021-08-05 09:13:13,86.0,75.0,9.0,2.0
2021-08-05 09:13:14,94.0,79.0,12.0,3.0
2021-08-05 09:13:15,104.0,92.0,5.0,7.0
2021-08-05 09:13:16,86.0,74.0,6.0,6.0
2021-08-05 09:13:17,97.0,83.0,7.0,7.0
2021-08-05 09:13:18,82.0,72.0,3.0,7.0
2021-08-05 09:13:19,100.0,90.0,5.0,5.0
2021-08-05 09:13:20,87.0,72.0,11.0,4.0
2021-08-05 09:13:21,76.0,66.0,6.0,4.0
2021-08-05 09:13:22,83.0,75.0,5.0,3.0
2021-08-05 09:13:23,79.0,68.0,10.0,1.0
2021-08-05 09:13:24,91.0,86.0,2.0,3.0
2021-08-05 09:13:25,78.0,66.0,9.0,3.0
2021-08-05 09:13:26,81.0,72.0,7.0,2.0
2021-08-05 09:13:27,83.0,72.0,4.0,7.0
2021-08-05 09:13:28,89.0,82.0,5.0,2.0
2021-08-05 09:13:29,90.0,81.0,5.0,4.0
2021-08-05 09:13:30,93.0,85.0,6.0,2.0
2021-08-05 09:13:31,66.0,60.0,3.0,3.0
2021-08-05 09:13:32,86.0,76.0,7.0,3.0
2021-08-05 09:13:33,84.0,74.0,7.0,3.0
2021-08-05 09:13:34,91.0,81.0,6.0,4.0
2021-08-05 09:13:35,100.0,86.0,6.0,8.0
2021-08-05 09:13:36,77.0,69.0,5.0,3.0
2021-08-05 09:13:37,87.0,72.0,8.0,7.0
2021-08-05 09:13:38,91.0,77.0,7.0,7.0
2021-08-05 09:13:39,78.0,70.0,5.0,3.0
2021-08-05 09:13:40,91.0,82.0,4.0,5.0
2021-08-05 09:13:41,85.0,74.0,6.0,5.0
2021-08-05 09:13:42,101.0,86.0,7.0,8.0
2021-08-05 09:13:43,96.0,79.0,11.0,6.0
2021-08-05 09:13:44,70.0,63.0,4.0,3.0
2021-08-05 09:13:45,96.0,83.0,9.0,4.0
2021-08-05 09:13:46,77.0,69.0,5.0,3.0
2021-08-05 09:13:47,80.0,69.0,6.0,5.0
2021-08-05 09:13:48,90.0,77.0,9.0,4.0
2021-08-05 09:13:49,106.0,95.0,6.0,5.0
2021-08-05 09:13:50,94.0,89.0,4.0,1.0
2021-08-05 09:13:51,89.0,80.0,5.0,4.0
2021-08-05 09:13:52,80.0,73.0,5.0,2.0
2021-08-05 09:13:53,81.0,70.0,6.0,5.0
2021-08-05 09:13:54,89.0,78.0,9.0,2.0
2021-08-05 09:13:55,87.0,76.0,3.0,8.0
2021-08-05 09:13:56,85.0,79.0,3.0,3.0
2021-08-05 09:13:57,78.0,65.0,8.0,5.0
2021-08-05 09:13:58,103.0,91.0,8.0,4.0
2021-08-05 09:13:59,81.0,74.0,6.0,1.0
2021-08-05 09:14:00,81.0,78.0,2.0,1.0
2021-08-05 09:14:01,101.0,89.0,5.0,7.0
2021-08-05 09:14:02,89.0,79.0,5.0,5.0
2021-08-05 09:14:03,73.0,64.0,5.0,4.0
2021-08-05 09:14:04,92.0,78.0,8.0,6.0
2021-08-05 09:14:05,95.0,87.0,6.0,2.0
2021-08-05 09:14:06,93.0,78.0,10.0,5.0
2021-08-05 09:14:07,82.0,73.0,7.0,2.0
2021-08-05 09:14:08,89.0,77.0,8.0,4.0
2021-08-05 09:14:09,74.0,65.0,6.0,3.0
2021-08-05 09:14:10,73.0,64.0,7.0,2.0
2021-08-05 09:14:11,93.0,82.0,5.0,6.0
2021-08-05 09:14:12,84.0,72.0,8.0,4.0
2021-08-05 09:14:13,75.0,66.0,4.0,5.0
2021-08-05 09:14:14,80.0,76.0,2.0,2.0
2021-08-05 09:14:15,92.0,80.0,6.0,6.0
2021-08-05 09:14:16,86.0,81.0,1.0,4.0
2021-08-05 09:14:17,107.0,89.0,12.0,6.0
2021-08-05 09:14:18,96.0,84.0,10.0,2.0
2021-08-05 09:14:19,87.0,76.0,8.0,3.0
2021-08-05 09:14:20,88.0,78.0,8.0,2.0
2021-08-05 09:14:21,85.0,76.0,3.0,6.0
2021-08-05 09:14:22,79.0,64.0,5.0,10.0
2021-08-05 09:14:23,67.0,58.0,6.0,3.0
2021-08-05 09:14:24,74.0,69.0,3.0,2.0
2021-08-05 09:14:25,84.0,70.0,8.0,6.0
2021-08-05 09:14:26,78.0,67.0,7.0,4.0
2021-08-05 09:14:27,77.0,71.0,3.0,3.0
2021-08-05 09:14:28,77.0,70.0,5.0,2.0
2021-08-05 09:14:29,89.0,76.0,9.0,4.0
2021-08-05 09:14:30,92.0,80.0,6.0,6.0
2021-08-05 09:14:31,97.0,91.0,4.0,2.0
2021-08-05 09:14:32,69.0,61.0,8.0,0.0
2021-08-05 09:14:33,85.0,75.0,8.0,2.0
2021-08-05 09:14:34,90.0,79.0,10.0,1.0
2021-08-05 09:14:35,88.0,76.0,6.0,6.0
2021-08-05 09:14:36,80.0,71.0,4.0,5.0
2021-08-05 09:14:37,83.0,67.0,8.0,8.0
2021-08-05 09:14:38,88.0,74.0,8.0,6.0
2021-08-05 09:14:39,81.0,71.0,8.0,2.0
2021-08-05 09:14:40,77.0,69.0,5.0,3.0
2021-08-05 09:14:41,89.0,79.0,6.0,4.0
2021-08-05 09:14:42,72.0,60.0,5.0,7.0
2021-08-05 09:14:43,76.0,67.0,6.0,3.0
2021-08-05 09:14:44,81.0,70.0,8.0,3.0
2021-08-05 09:14:45,76.0,65.0,7.0,4.0
2021-08-05 09:14:46,88.0,78.0,6.0,4.0
2021-08-05 09:14:47,88.0,70.0,10.0,8.0
2021-08-05 09:14:48,83.0,70.0,10.0,3.0
2021-08-05 09:14:49,92.0,83.0,4.0,5.0
2021-08-05 09:14:50,91.0,82.0,6.0,3.0
2021-08-05 09:14:51,97.0,86.0,5.0,6.0
2021-08-05 09:14:52,90.0,85.0,2.0,3.0
2021-08-05 09:14:53,107.0,90.0,8.0,9.0
2021-08-05 09:14:54,79.0,72.0,4.0,3.0
2021-08-05 09:14:55,90.0,78.0,7.0,5.0
2021-08-05 09:14:56,85.0,74.0,7.0,4.0
2021-08-05 09:14:57,91.0,78.0,5.0,8.0
2021-08-05 09:14:58,101.0,88.0,5.0,8.0
2021-08-05 09:14:59,82.0,73.0,8.0,1.0
2021-08-05 09:15:00,83.0,75.0,7.0,1.0
2021-08-05 09:15:01,82.0,72.0,2.0,8.0
2021-08-05 09:15:02,78.0,62.0,9.0,7.0
2021-08-05 09:15:03,85.0,77.0,3.0,5.0
2021-08-05 09:15:04,76.0,66.0,5.0,5.0
2021-08-05 09:15:05,88.0,71.0,15.0,2.0
2021-08-05 09:15:06,100.0,90.0,9.0,1.0
2021-08-05 09:15:07,97.0,76.0,15.0,6.0
2021-08-05 09:15:08,88.0,80.0,3.0,5.0
2021-08-05 09:15:09,85.0,77.0,3.0,5.0
2021-08-05 09:15:10,92.0,87.0,3.0,2.0
2021-08-05 09:15:11,88.0,80.0,5.0,3.0
2021-08-05 09:15:12,90.0,80.0,8.0,2.0
2021-08-05 09:15:13,91.0,77.0,8.0,6.0
2021-08-05 09:15:14,97.0,89.0,5.0,3.0
2021-08-05 09:15:15,94.0,77.0,12.0,5.0
2021-08-05 09:15:16,94.0,85.0,7.0,2.0
2021-08-05 09:15:17,99.0,86.0,9.0,4.0
2021-08-05 09:15:18,88.0,78.0,5.0,5.0
2021-08-05 09:15:19,78.0,69.0,4.0,5.0
2021-08-05 09:15:20,123.0,114.0,6.0,3.0
2021-08-05 09:15:21,84.0,75.0,6.0,3.0
2021-08-05 09:15:22,91.0,82.0,6.0,3.0
2021-08-05 09:15:23,83.0,69.0,10.0,4.0
2021-08-05 09:15:24,93.0,81.0,5.0,7.0
2021-08-05 09:15:25,87.0,78.0,6.0,3.0
2021-08-05 09:15:26,75.0,68.0,3.0,4.0
2021-08-05 09:15:27,93.0,79.0,7.0,7.0
2021-08-05 09:15:28,97.0,87.0,6.0,4.0
2021-08-05 09:15:29,96.0,90.0,4.0,2.0
2021-08-05 09:15:30,83.0,73.0,4.0,6.0
2021-08-05 09:15:31,81.0,70.0,7.0,4.0
2021-08-05 09:15:32,92.0,80.0,9.0,3.0
2021-08-05 09:15:33,84.0,77.0,5.0,2.0
2021-08-05 09:15:34,86.0,75.0,7.0,4.0
2021-08-05 09:15:35,95.0,86.0,5.0,4.0
2021-08-05 09:15:36,84.0,75.0,5.0,4.0
2021-08-05 09:15:37,88.0,79.0,5.0,4.0
2021-08-05 09:15:38,68.0,62.0,5.0,1.0
2021-08-05 09:15:39,67.0,60.0,3.0,4.0
2021-08-05 09:15:40,84.0,71.0,8.0,5.0
2021-08-05 09:15:41,90.0,78.0,5.0,7.0
2021-08-05 09:15:42,86.0,81.0,0.0,5.0
2021-08-05 09:15:43,91.0,79.0,9.0,3.0
2021-08-05 09:15:44,84.0,70.0,7.0,7.0
2021-08-05 09:15:45,73.0,70.0,3.0,0.0
2021-08-05 09:15:46,94.0,84.0,5.0,5.0
2021-08-05 09:15:47,68.0,63.0,4.0,1.0
2021-08-05 09:15:48,82.0,70.0,6.0,6.0
2021-08-05 09:15:49,82.0,72.0,7.0,3.0
2021-08-05 09:15:50,78.0,64.0,8.0,6.0
2021-08-05 09:15:51,71.0,62.0,5.0,4.0
2021-08-05 09:15:52,80.0,65.0,6.0,9.0
2021-08-05 09:15:53,85.0,77.0,6.0,2.0
2021-08-05 09:15:54,87.0,76.0,6.0,5.0
2021-08-05 09:15:55,92.0,75.0,11.0,6.0
2021-08-05 09:15:56,88.0,77.0,7.0,4.0
2021-08-05 09:15:57,96.0,88.0,6.0,2.0
2021-08-05 09:15:58,92.0,78.0,9.0,5.0
2021-08-05 09:15:59,91.0,73.0,9.0,9.0
2021-08-05 09:16:00,83.0,74.0,7.0,2.0
2021-08-05 09:16:01,79.0,75.0,0.0,4.0
2021-08-05 09:16:02,88.0,82.0,3.0,3.0
2021-08-05 09:16:03,101.0,92.0,4.0,5.0
2021-08-05 09:16:04,87.0,70.0,13.0,4.0
2021-08-05 09:16:05,90.0,76.0,7.0,7.0
2021-08-05 09:16:06,92.0,80.0,7.0,5.0
2021-08-05 09:16:07,82.0,76.0,5.0,1.0
2021-08-05 09:16:08,86.0,74.0,7.0,5.0
2021-08-05 09:16:09,96.0,83.0,8.0,5.0
2021-08-05 09:16:10,92.0,78.0,8.0,6.0
2021-08-05 09:16:11,105.0,89.0,10.0,6.0
2021-08-05 09:16:12,95.0,81.0,11.0,3.0
2021-08-05 09:16:13,91.0,79.0,8.0,4.0
2021-08-05 09:16:14,91.0,79.0,8.0,4.0
2021-08-05 09:16:15,80.0,73.0,5.0,2.0
2021-08-05 09:16:16,79.0,72.0,5.0,2.0
2021-08-05 09:16:17,92.0,85.0,4.0,3.0
2021-08-05 09:16:18,84.0,79.0,4.0,1.0
2021-08-05 09:16:19,90.0,76.0,5.0,9.0
2021-08-05 09:16:20,84.0,72.0,10.0,2.0
2021-08-05 09:16:21,81.0,71.0,7.0,3.0
2021-08-05 09:16:22,84.0,75.0,4.0,5.0
2021-08-05 09:16:23,105.0,95.0,7.0,3.0
2021-08-05 09:16:24,85.0,76.0,4.0,5.0
2021-08-05 09:16:25,67.0,59.0,5.0,3.0
2021-08-05 09:16:26,76.0,67.0,5.0,4.0
2021-08-05 09:16:27,68.0,61.0,3.0,4.0
2021-08-05 09:16:28,84.0,70.0,6.0,8.0
2021-08-05 09:16:29,76.0,69.0,3.0,4.0
2021-08-05 09:16:30,82.0,69.0,9.0,4.0
2021-08-05 09:16:31,99.0,81.0,9.0,9.0
2021-08-05 09:16:32,84.0,72.0,9.0,3.0
2021-08-05 09:16:33,81.0,68.0,8.0,5.0
2021-08-05 09:16:34,97.0,83.0,8.0,6.0
2021-08-05 09:16:35,99.0,90.0,5.0,4.0
2021-08-05 09:16:36,94.0,80.0,7.0,7.0
2021-08-05 09:16:37,75.0,70.0,2.0,3.0
2021-08-05 09:16:38,90.0,78.0,6.0,6.0
2021-08-05 09:16:39,93.0,81.0,7.0,5.0
2021-08-05 09:16:40,81.0,73.0,5.0,3.0
2021-08-05 09:16:41,99.0,86.0,10.0,3.0
2021-08-05 09:16:42,82.0,72.0,6.0,4.0
2021-08-05 09:16:43,82.0,69.0,5.0,8.0
2021-08-05 09:16:44,83.0,73.0,4.0,6.0
2021-08-05 09:16:45,83.0,72.0,6.0,5.0
2021-08-05 09:16:46,86.0,74.0,8.0,4.0
2021-08-05 09:16:47,94.0,81.0,7.0,6.0
2021-08-05 09:16:48,83.0,71.0,6.0,6.0
2021-08-05 09:16:49,99.0,93.0,6.0,0.0
2021-08-05 09:16:50,87.0,77.0,4.0,6.0
2021-08-05 09:16:51,80.0,72.0,5.0,3.0
2021-08-05 09:16:52,74.0,67.0,0.0,7.0
2021-08-05 09:16:53,77.0,65.0,8.0,4.0
2021-08-05 09:16:54,99.0,86.0,7.0,6.0
2021-08-05 09:16:55,78.0,71.0,3.0,4.0
2021-08-05 09:16:56,77.0,66.0,7.0,4.0
2021-08-05 09:16:57,75.0,73.0,1.0,1.0
2021-08-05 09:16:58,98.0,85.0,10.0,3.0
2021-08-05 09:16:59,87.0,74.0,6.0,7.0
2021-08-05 09:17:00,89.0,78.0,7.0,4.0
2021-08-05 09:17:01,72.0,64.0,5.0,3.0
2021-08-05 09:17:02,83.0,74.0,7.0,2.0
2021-08-05 09:17:03,91.0,77.0,11.0,3.0
2021-08-05 09:17:04,80.0,70.0,6.0,4.0
2021-08-05 09:17:05,79.0,67.0,7.0,5.0
2021-08-05 09:17:06,86.0,75.0,4.0,7.0
2021-08-05 09:17:07,66.0,59.0,5.0,2.0
2021-08-05 09:17:08,73.0,65.0,5.0,3.0
2021-08-05 09:17:09,82.0,72.0,4.0,6.0
2021-08-05 09:17:10,79.0,70.0,7.0,2.0
2021-08-05 09:17:11,72.0,65.0,7.0,0.0
2021-08-05 09:17:12,79.0,72.0,6.0,1.0
2021-08-05 09:17:13,86.0,76.0,6.0,4.0
2021-08-05 09:17:14,104.0,90.0,9.0,5.0
2021-08-05 09:17:15,89.0,72.0,13.0,4.0
2021-08-05 09:17:16,73.0,60.0,8.0,5.0
2021-08-05 09:17:17,82.0,77.0,3.0,2.0
2021-08-05 09:17:18,76.0,67.0,6.0,3.0
2021-08-05 09:17:19,87.0,74.0,7.0,6.0
2021-08-05 09:17:20,82.0,73.0,5.0,4.0
2021-08-05 09:17:21,69.0,65.0,2.0,2.0
2021-08-05 09:17:22,82.0,69.0,8.0,5.0
2021-08-05 09:17:23,79.0,67.0,9.0,3.0
2021-08-05 09:17:24,81.0,70.0,8.0,3.0
2021-08-05 09:17:25,86.0,74.0,6.0,6.0
2021-08-05 09:17:26,90.0,76.0,10.0,4.0
2021-08-05 09:17:27,88.0,76.0,6.0,6.0
2021-08-05 09:17:28,85.0,78.0,3.0,4.0
2021-08-05 09:17:29,98.0,85.0,6.0,7.0
2021-08-05 09:17:30,90.0,79.0,7.0,4.0
2021-08-05 09:17:31,81.0,72.0,3.0,6.0
2021-08-05 09:17:32,89.0,80.0,6.0,3.0
2021-08-05 09:17:33,79.0,64.0,8.0,7.0
2021-08-05 09:17:34,79.0,69.0,5.0,5.0
2021-08-05 09:17:35,83.0,77.0,2.0,4.0
2021-08-05 09:17:36,105.0,94.0,6.0,5.0
2021-08-05 09:17:37,79.0,74.0,4.0,1.0
2021-08-05 09:17:38,77.0,66.0,6.0,5.0
2021-08-05 09:17:39,97.0,80.0,11.0,6.0
2021-08-05 09:17:40,82.0,70.0,6.0,6.0
2021-08-05 09:17:41,86.0,76.0,7.0,3.0
2021-08-05 09:17:42,92.0,78.0,9.0,5.0
2021-08-05 09:17:43,89.0,75.0,5.0,9.0
2021-08-05 09:17:44,100.0,93.0,3.0,4.0
2021-08-05 09:17:45,71.0,58.0,11.0,2.0
2021-08-05 09:17:46,94.0,89.0,2.0,3.0
2021-08-05 09:17:47,82.0,70.0,9.0,3.0
2021-08-05 09:17:48,78.0,68.0,5.0,5.0
2021-08-05 09:17:49,88.0,79.0,3.0,6.0
2021-08-05 09:17:50,95.0,80.0,6.0,9.0
2021-08-05 09:17:51,76.0,58.0,9.0,9.0
2021-08-05 09:17:52,98.0,86.0,8.0,4.0
2021-08-05 09:17:53,87.0,76.0,5.0,6.0
2021-08-05 09:17:54,83.0,71.0,9.0,3.0
2021-08-05 09:17:55,91.0,83.0,6.0,2.0
2021-08-05 09:17:56,86.0,74.0,9.0,3.0
2021-08-05 09:17:57,93.0,77.0,8.0,8.0
2021-08-05 09:17:58,82.0,67.0,2.0,13.0
2021-08-05 09:17:59,96.0,78.0,12.0,6.0
2021-08-05 09:18:00,76.0,67.0,5.0,4.0
2021-08-05 09:18:01,99.0,85.0,8.0,6.0
2021-08-05 09:18:02,78.0,67.0,3.0,8.0
2021-08-05 09:18:03,98.0,88.0,5.0,5.0
2021-08-05 09:18:04,90.0,82.0,6.0,2.0
2021-08-05 09:18:05,77.0,66.0,7.0,4.0
2021-08-05 09:18:06,79.0,72.0,4.0,3.0
2021-08-05 09:18:07,74.0,64.0,7.0,3.0
2021-08-05 09:18:08,88.0,81.0,5.0,2.0
2021-08-05 09:18:09,96.0,87.0,8.0,1.0
2021-08-05 09:18:10,97.0,84.0,7.0,6.0
2021-08-05 09:18:11,84.0,77.0,4.0,3.0
2021-08-05 09:18:12,90.0,83.0,4.0,3.0
2021-08-05 09:18:13,91.0,81.0,4.0,6.0
2021-08-05 09:18:14,81.0,73.0,3.0,5.0
2021-08-05 09:18:15,88.0,79.0,4.0,5.0
2021-08-05 09:18:16,79.0,71.0,4.0,4.0
2021-08-05 09:18:17,77.0,66.0,8.0,3.0
2021-08-05 09:18:18,96.0,81.0,9.0,6.0
2021-08-05 09:18:19,77.0,65.0,10.0,2.0
2021-08-05 09:18:20,98.0,82.0,14.0,2.0
2021-08-05 09:18:21,87.0,77.0,6.0,4.0
2021-08-05 09:18:22,74.0,67.0,5.0,2.0
2021-08-05 09:18:23,85.0,74.0,6.0,5.0
2021-08-05 09:18:24,98.0,81.0,9.0,8.0
2021-08-05 09:18:25,90.0,78.0,7.0,5.0
2021-08-05 09:18:26,85.0,74.0,9.0,2.0
2021-08-05 09:18:27,82.0,71.0,6.0,5.0
2021-08-05 09:18:28,86.0,77.0,7.0,2.0
2021-08-05 09:18:29,88.0,78.0,8.0,2.0
2021-08-05 09:18:30,95.0,87.0,3.0,5.0
2021-08-05 09:18:31,86.0,76.0,5.0,5.0
2021-08-05 09:18:32,74.0,69.0,2.0,3.0
2021-08-05 09:18:33,86.0,73.0,5.0,8.0
2021-08-05 09:18:34,93.0,84.0,5.0,4.0
2021-08-05 09:18:35,89.0,68.0,14.0,7.0
2021-08-05 09:18:36,105.0,92.0,10.0,3.0
2021-08-05 09:18:37,92.0,90.0,0.0,2.0
2021-08-05 09:18:38,95.0,84.0,6.0,5.0
2021-08-05 09:18:39,87.0,77.0,7.0,3.0
2021-08-05 09:18:40,91.0,71.0,14.0,6.0
2021-08-05 09:18:41,84.0,74.0,7.0,3.0
2021-08-05 09:18:42,76.0,66.0,5.0,5.0
2021-08-05 09:18:43,97.0,91.0,3.0,3.0
2021-08-05 09:18:44,85.0,78.0,4.0,3.0
2021-08-05 09:18:45,75.0,66.0,6.0,3.0
2021-08-05 09:18:46,88.0,80.0,6.0,2.0
2021-08-05 09:18:47,94.0,75.0,12.0,7.0
2021-08-05 09:18:48,78.0,65.0,8.0,5.0
2021-08-05 09:18:49,81.0,73.0,5.0,3.0
2021-08-05 09:18:50,92.0,83.0,4.0,5.0
2021-08-05 09:18:51,91.0,80.0,5.0,6.0
2021-08-05 09:18:52,79.0,66.0,9.0,4.0
2021-08-05 09:18:53,84.0,67.0,11.0,6.0
2021-08-05 09:18:54,81.0,70.0,10.0,1.0
2021-08-05 09:18:55,84.0,77.0,6.0,1.0
2021-08-05 09:18:56,89.0,79.0,8.0,2.0
2021-08-05 09:18:57,84.0,77.0,4.0,3.0
2021-08-05 09:18:58,80.0,69.0,4.0,7.0
2021-08-05 09:18:59,107.0,95.0,8.0,4.0
2021-08-05 09:19:00,102.0,91.0,2.0,9.0
2021-08-05 09:19:01,84.0,76.0,7.0,1.0
2021-08-05 09:19:02,79.0,74.0,3.0,2.0
2021-08-05 09:19:03,83.0,72.0,7.0,4.0
2021-08-05 09:19:04,99.0,84.0,9.0,6.0
2021-08-05 09:19:05,86.0,79.0,5.0,2.0
2021-08-05 09:19:06,81.0,74.0,4.0,3.0
2021-08-05 09:19:07,97.0,77.0,14.0,6.0
2021-08-05 09:19:08,96.0,82.0,6.0,8.0
2021-08-05 09:19:09,73.0,67.0,4.0,2.0
2021-08-05 09:19:10,96.0,75.0,13.0,8.0
2021-08-05 09:19:11,92.0,83.0,7.0,2.0
2021-08-05 09:19:12,78.0,74.0,1.0,3.0
2021-08-05 09:19:13,86.0,78.0,7.0,1.0
2021-08-05 09:19:14,91.0,81.0,8.0,2.0
2021-08-05 09:19:15,88.0,78.0,5.0,5.0
2021-08-05 09:19:16,92.0,76.0,11.0,5.0
2021-08-05 09:19:17,83.0,72.0,7.0,4.0
2021-08-05 09:19:18,65.0,59.0,4.0,2.0
2021-08-05 09:19:19,85.0,73.0,9.0,3.0
2021-08-05 09:19:20,101.0,86.0,9.0,6.0
2021-08-05 09:19:21,90.0,76.0,11.0,3.0
2021-08-05 09:19:22,70.0,62.0,6.0,2.0
2021-08-05 09:19:23,97.0,83.0,6.0,8.0
2021-08-05 09:19:24,98.0,91.0,4.0,3.0
2021-08-05 09:19:25,92.0,78.0,7.0,7.0
2021-08-05 09:19:26,80.0,77.0,3.0,0.0
2021-08-05 09:19:27,82.0,71.0,6.0,5.0
2021-08-05 09:19:28,83.0,73.0,7.0,3.0
2021-08-05 09:19:29,89.0,81.0,5.0,3.0
2021-08-05 09:19:30,75.0,71.0,1.0,3.0
2021-08-05 09:19:31,96.0,90.0,1.0,5.0
2021-08-05 09:19:32,83.0,76.0,6.0,1.0
2021-08-05 09:19:33,93.0,79.0,6.0,8.0
2021-08-05 09:19:34,77.0,71.0,4.0,2.0
2021-08-05 09:19:35,90.0,73.0,13.0,4.0
2021-08-05 09:19:36,88.0,77.0,9.0,2.0
2021-08-05 09:19:37,77.0,73.0,3.0,1.0
2021-08-05 09:19:38,104.0,90.0,8.0,6.0
2021-08-05 09:19:39,85.0,78.0,6.0,1.0
2021-08-05 09:19:40,87.0,71.0,5.0,11.0
2021-08-05 09:19:41,86.0,76.0,5.0,5.0
2021-08-05 09:19:42,93.0,81.0,5.0,7.0
2021-08-05 09:19:43,71.0,60.0,8.0,3.0
2021-08-05 09:19:44,85.0,72.0,8.0,5.0
2021-08-05 09:19:45,86.0,76.0,5.0,5.0
2021-08-05 09:19:46,71.0,56.0,9.0,6.0
2021-08-05 09:19:47,95.0,87.0,4.0,4.0
2021-08-05 09:19:48,80.0,72.0,2.0,6.0
2021-08-05 09:19:49,89.0,74.0,9.0,6.0
2021-08-05 09:19:50,91.0,80.0,8.0,3.0
2021-08-05 09:19:51,91.0,85.0,3.0,3.0
2021-08-05 09:19:52,108.0,99.0,4.0,5.0
2021-08-05 09:19:53,86.0,78.0,5.0,3.0
2021-08-05 09:19:54,84.0,75.0,6.0,3.0
2021-08-05 09:19:55,83.0,76.0,5.0,2.0
2021-08-05 09:19:56,73.0,63.0,4.0,6.0
2021-08-05 09:19:57,80.0,73.0,2.0,5.0
2021-08-05 09:19:58,83.0,72.0,6.0,5.0
2021-08-05 09:19:59,92.0,81.0,4.0,7.0
2021-08-05 09:20:00,99.0,89.0,4.0,6.0
2021-08-05 09:20:01,83.0,72.0,6.0,5.0
2021-08-05 09:20:02,85.0,69.0,8.0,8.0
2021-08-05 09:20:03,95.0,83.0,9.0,3.0
2021-08-05 09:20:04,79.0,72.0,5.0,2.0
2021-08-05 09:20:05,89.0,77.0,9.0,3.0
2021-08-05 09:20:06,72.0,65.0,5.0,2.0
2021-08-05 09:20:07,92.0,83.0,3.0,6.0
2021-08-05 09:20:08,96.0,82.0,7.0,7.0
2021-08-05 09:20:09,92.0,79.0,3.0,10.0
2021-08-05 09:20:10,86.0,76.0,5.0,5.0
2021-08-05 09:20:11,70.0,63.0,5.0,2.0
2021-08-05 09:20:12,101.0,83.0,9.0,9.0
2021-08-05 09:20:13,73.0,69.0,2.0,2.0
2021-08-05 09:20:14,107.0,95.0,8.0,4.0
2021-08-05 09:20:15,91.0,80.0,7.0,4.0
2021-08-05 09:20:16,96.0,91.0,2.0,3.0
2021-08-05 09:20:17,86.0,78.0,5.0,3.0
2021-08-05 09:20:18,81.0,70.0,6.0,5.0
2021-08-05 09:20:19,99.0,87.0,11.0,1.0
2021-08-05 09:20:20,80.0,74.0,3.0,3.0
2021-08-05 09:20:21,82.0,74.0,5.0,3.0
2021-08-05 09:20:22,69.0,59.0,4.0,6.0
2021-08-05 09:20:23,76.0,67.0,6.0,3.0
2021-08-05 09:20:24,78.0,67.0,7.0,4.0
2021-08-05 09:20:25,99.0,90.0,3.0,6.0
2021-08-05 09:20:26,74.0,69.0,1.0,4.0
2021-08-05 09:20:27,82.0,70.0,8.0,4.0
2021-08-05 09:20:28,88.0,76.0,10.0,2.0
2021-08-05 09:20:29,87.0,81.0,2.0,4.0
2021-08-05 09:20:30,95.0,85.0,5.0,5.0
2021-08-05 09:20:31,81.0,68.0,7.0,6.0
2021-08-05 09:20:32,99.0,85.0,8.0,6.0
2021-08-05 09:20:33,97.0,82.0,14.0,1.0
2021-08-05 09:20:34,92.0,87.0,3.0,2.0
2021-08-05 09:20:35,81.0,76.0,4.0,1.0
2021-08-05 09:20:36,88.0,69.0,14.0,5.0
2021-08-05 09:20:37,100.0,89.0,6.0,5.0
2021-08-05 09:20:38,83.0,75.0,6.0,2.0
2021-08-05 09:20:39,84.0,71.0,9.0,4.0
2021-08-05 09:20:40,90.0,78.0,6.0,6.0
2021-08-05 09:20:41,109.0,101.0,4.0,4.0
2021-08-05 09:20:42,85.0,74.0,7.0,4.0
2021-08-05 09:20:43,67.0,60.0,5.0,2.0
2021-08-05 09:20:44,80.0,71.0,5.0,4.0
2021-08-05 09:20:45,84.0,74.0,5.0,5.0
2021-08-05 09:20:46,73.0,66.0,3.0,4.0
2021-08-05 09:20:47,88.0,73.0,7.0,8.0
2021-08-05 09:20:48,95.0,91.0,3.0,1.0
2021-08-05 09:20:49,78.0,70.0,6.0,2.0
2021-08-05 09:20:50,95.0,83.0,8.0,4.0
2021-08-05 09:20:51,101.0,96.0,1.0,4.0
2021-08-05 09:20:52,74.0,61.0,9.0,4.0
2021-08-05 09:20:53,86.0,79.0,3.0,4.0
2021-08-05 09:20:54,85.0,71.0,9.0,5.0
2021-08-05 09:20:55,72.0,67.0,4.0,1.0
2021-08-05 09:20:56,88.0,75.0,10.0,3.0
2021-08-05 09:20:57,77.0,71.0,2.0,4.0
2021-08-05 09:20:58,84.0,75.0,6.0,3.0
2021-08-05 09:20:59,77.0,64.0,7.0,6.0
2021-08-05 09:21:00,80.0,76.0,2.0,2.0
2021-08-05 09:21:01,70.0,57.0,8.0,5.0
2021-08-05 09:21:02,89.0,80.0,6.0,3.0
2021-08-05 09:21:03,80.0,71.0,6.0,3.0
2021-08-05 09:21:04,105.0,92.0,8.0,5.0
2021-08-05 09:21:05,90.0,80.0,7.0,3.0
2021-08-05 09:21:06,74.0,69.0,4.0,1.0
2021-08-05 09:21:07,100.0,82.0,12.0,6.0
2021-08-05 09:21:08,91.0,79.0,10.0,2.0
2021-08-05 09:21:09,84.0,75.0,8.0,1.0
2021-08-05 09:21:10,85.0,74.0,5.0,6.0
2021-08-05 09:21:11,79.0,70.0,3.0,6.0
2021-08-05 09:21:12,79.0,73.0,2.0,4.0
2021-08-05 09:21:13,79.0,72.0,4.0,3.0
2021-08-05 09:21:14,90.0,77.0,7.0,6.0
2021-08-05 09:21:15,62.0,52.0,6.0,4.0
2021-08-05 09:21:16,89.0,74.0,7.0,8.0
2021-08-05 09:21:17,66.0,54.0,5.0,7.0
2021-08-05 09:21:18,90.0,86.0,2.0,2.0
2021-08-05 09:21:19,89.0,79.0,7.0,3.0
2021-08-05 09:21:20,80.0,71.0,8.0,1.0
2021-08-05 09:21:21,86.0,78.0,7.0,1.0
2021-08-05 09:21:22,84.0,73.0,8.0,3.0
2021-08-05 09:21:23,91.0,83.0,7.0,1.0
2021-08-05 09:21:24,82.0,76.0,5.0,1.0
2021-08-05 09:21:25,90.0,78.0,6.0,6.0
2021-08-05 09:21:26,74.0,64.0,4.0,6.0
2021-08-05 09:21:27,78.0,69.0,5.0,4.0
2021-08-05 09:21:28,97.0,89.0,6.0,2.0
2021-08-05 09:21:29,76.0,68.0,7.0,1.0
2021-08-05 09:21:30,90.0,78.0,4.0,8.0
2021-08-05 09:21:31,80.0,70.0,5.0,5.0
2021-08-05 09:21:32,76.0,69.0,3.0,4.0
2021-08-05 09:21:33,82.0,68.0,9.0,5.0
2021-08-05 09:21:34,68.0,58.0,8.0,2.0
2021-08-05 09:21:35,106.0,95.0,7.0,4.0
2021-08-05 09:21:36,93.0,83.0,5.0,5.0
2021-08-05 09:21:37,75.0,65.0,5.0,5.0
2021-08-05 09:21:38,100.0,85.0,10.0,5.0
2021-08-05 09:21:39,86.0,73.0,8.0,5.0
2021-08-05 09:21:40,75.0,62.0,6.0,7.0
2021-08-05 09:21:41,92.0,79.0,7.0,6.0
2021-08-05 09:21:42,90.0,80.0,9.0,1.0
2021-08-05 09:21:43,101.0,87.0,9.0,5.0
2021-08-05 09:21:44,89.0,75.0,10.0,4.0
2021-08-05 09:21:45,67.0,58.0,6.0,3.0
2021-08-05 09:21:46,72.0,64.0,4.0,4.0
2021-08-05 09:21:47,76.0,68.0,5.0,3.0
2021-08-05 09:21:48,81.0,73.0,6.0,2.0
2021-08-05 09:21:49,76.0,63.0,6.0,7.0
2021-08-05 09:21:50,102.0,95.0,6.0,1.0
2021-08-05 09:21:51,99.0,88.0,4.0,7.0
2021-08-05 09:21:52,85.0,75.0,8.0,2.0
2021-08-05 09:21:53,75.0,64.0,4.0,7.0
2021-08-05 09:21:54,82.0,74.0,3.0,5.0
2021-08-05 09:21:55,82.0,66.0,8.0,8.0
2021-08-05 09:21:56,77.0,69.0,8.0,0.0
2021-08-05 09:21:57,87.0,77.0,6.0,4.0
2021-08-05 09:21:58,86.0,77.0,5.0,4.0
2021-08-05 09:21:59,83.0,70.0,9.0,4.0
2021-08-05 09:22:00,84.0,72.0,7.0,5.0
2021-08-05 09:22:01,69.0,55.0,9.0,5.0
2021-08-05 09:22:02,74.0,70.0,3.0,1.0
2021-08-05 09:22:03,90.0,77.0,5.0,8.0
2021-08-05 09:22:04,91.0,80.0,3.0,8.0
2021-08-05 09:22:05,81.0,70.0,7.0,4.0
2021-08-05 09:22:06,81.0,73.0,7.0,1.0
2021-08-05 09:22:07,92.0,81.0,7.0,4.0
2021-08-05 09:22:08,82.0,74.0,5.0,3.0
2021-08-05 09:22:09,79.0,74.0,2.0,3.0
2021-08-05 09:22:10,81.0,70.0,6.0,5.0
2021-08-05 09:22:11,90.0,79.0,5.0,6.0
2021-08-05 09:22:12,92.0,79.0,7.0,6.0
2021-08-05 09:22:13,77.0,68.0,2.0,7.0
2021-08-05 09:22:14,97.0,85.0,4.0,8.0
2021-08-05 09:22:15,98.0,85.0,6.0,7.0
2021-08-05 09:22:16,85.0,73.0,8.0,4.0
2021-08-05 09:22:17,87.0,77.0,8.0,2.0
2021-08-05 09:22:18,95.0,79.0,10.0,6.0
2021-08-05 09:22:19,95.0,86.0,6.0,3.0
2021-08-05 09:22:20,81.0,68.0,9.0,4.0
2021-08-05 09:22:21,91.0,82.0,6.0,3.0
2021-08-05 09:22:22,91.0,80.0,7.0,4.0
2021-08-05 09:22:23,79.0,62.0,12.0,5.0
2021-08-05 09:22:24,107.0,89.0,13.0,5.0
2021-08-05 09:22:25,107.0,98.0,4.0,5.0
2021-08-05 09:22:26,85.0,81.0,3.0,1.0
2021-08-05 09:22:27,84.0,73.0,6.0,5.0
2021-08-05 09:22:28,89.0,73.0,8.0,8.0
2021-08-05 09:22:29,94.0,81.0,7.0,6.0
2021-08-05 09:22:30,77.0,64.0,6.0,7.0
2021-08-05 09:22:31,82.0,69.0,10.0,3.0
2021-08-05 09:22:32,78.0,66.0,7.0,5.0
2021-08-05 09:22:33,110.0,98.0,5.0,7.0
2021-08-05 09:22:34,94.0,86.0,4.0,4.0
2021-08-05 09:22:35,93.0,82.0,7.0,4.0
2021-08-05 09:22:36,81.0,74.0,5.0,2.0
2021-08-05 09:22:37,79.0,72.0,4.0,3.0
2021-08-05 09:22:38,66.0,60.0,3.0,3.0
2021-08-05 09:22:39,83.0,75.0,6.0,2.0
2021-08-05 09:22:40,94.0,80.0,8.0,6.0
2021-08-05 09:22:41,82.0,69.0,10.0,3.0
2021-08-05 09:22:42,81.0,74.0,4.0,3.0
2021-08-05 09:22:43,86.0,72.0,10.0,4.0
2021-08-05 09:22:44,87.0,74.0,9.0,4.0
2021-08-05 09:22:45,99.0,88.0,4.0,7.0
2021-08-05 09:22:46,73.0,61.0,7.0,5.0
2021-08-05 09:22:47,80.0,72.0,4.0,4.0
2021-08-05 09:22:48,94.0,77.0,9.0,8.0
2021-08-05 09:22:49,74.0,63.0,6.0,5.0
2021-08-05 09:22:50,82.0,68.0,10.0,4.0
2021-08-05 09:22:51,93.0,81.0,7.0,5.0
2021-08-05 09:22:52,88.0,75.0,6.0,7.0
2021-08-05 09:22:53,72.0,65.0,2.0,5.0
2021-08-05 09:22:54,90.0,74.0,9.0,7.0
2021-08-05 09:22:55,82.0,69.0,8.0,5.0
2021-08-05 09:22:56,83.0,74.0,4.0,5.0
2021-08-05 09:22:57,94.0,86.0,2.0,6.0
2021-08-05 09:22:58,87.0,80.0,4.0,3.0
2021-08-05 09:22:59,89.0,81.0,4.0,4.0
2021-08-05 09:23:00,90.0,77.0,11.0,2.0
2021-08-05 09:23:01,83.0,78.0,3.0,2.0
2021-08-05 09:23:02,92.0,82.0,8.0,2.0
2021-08-05 09:23:03,86.0,79.0,7.0,0.0
2021-08-05 09:23:04,74.0,70.0,4.0,0.0
2021-08-05 09:23:05,89.0,82.0,4.0,3.0
2021-08-05 09:23:06,91.0,79.0,7.0,5.0
2021-08-05 09:23:07,101.0,84.0,12.0,5.0
2021-08-05 09:23:08,95.0,87.0,3.0,5.0
2021-08-05 09:23:09,78.0,69.0,4.0,5.0
2021-08-05 09:23:10,84.0,77.0,4.0,3.0
2021-08-05 09:23:11,98.0,91.0,3.0,4.0
2021-08-05 09:23:12,73.0,63.0,7.0,3.0
2021-08-05 09:23:13,90.0,82.0,5.0,3.0
2021-08-05 09:23:14,92.0,82.0,8.0,2.0
2021-08-05 09:23:15,91.0,84.0,2.0,5.0
2021-08-05 09:23:16,106.0,91.0,11.0,4.0
2021-08-05 09:23:17,92.0,83.0,4.0,5.0
2021-08-05 09:23:18,95.0,85.0,9.0,1.0
2021-08-05 09:23:19,72.0,64.0,6.0,2.0
2021-08-05 09:23:20,80.0,72.0,6.0,2.0
2021-08-05 09:23:21,74.0,65.0,3.0,6.0
2021-08-05 09:23:22,107.0,97.0,5.0,5.0
2021-08-05 09:23:23,81.0,68.0,4.0,9.0
2021-08-05 09:23:24,95.0,78.0,10.0,7.0
2021-08-05 09:23:25,78.0,69.0,3.0,6.0
2021-08-05 09:23:26,96.0,80.0,5.0,11.0
2021-08-05 09:23:27,82.0,72.0,6.0,4.0
2021-08-05 09:23:28,94.0,81.0,9.0,4.0
2021-08-05 09:23:29,77.0,66.0,4.0,7.0
2021-08-05 09:23:30,74.0,67.0,4.0,3.0
2021-08-05 09:23:31,92.0,76.0,7.0,9.0
2021-08-05 09:23:32,86.0,73.0,5.0,8.0
2021-08-05 09:23:33,70.0,65.0,4.0,1.0
2021-08-05 09:23:34,92.0,78.0,2.0,12.0
2021-08-05 09:23:35,93.0,75.0,12.0,6.0
2021-08-05 09:23:36,72.0,63.0,7.0,2.0
2021-08-05 09:23:37,95.0,88.0,4.0,3.0
2021-08-05 09:23:38,92.0,78.0,6.0,8.0
2021-08-05 09:23:39,72.0,67.0,3.0,2.0
2021-08-05 09:23:40,90.0,81.0,4.0,5.0
2021-08-05 09:23:41,90.0,76.0,8.0,6.0
2021-08-05 09:23:42,96.0,86.0,8.0,2.0
2021-08-05 09:23:43,92.0,81.0,4.0,7.0
2021-08-05 09:23:44,100.0,88.0,6.0,6.0
2021-08-05 09:23:45,86.0,71.0,9.0,6.0
2021-08-05 09:23:46,74.0,60.0,10.0,4.0
2021-08-05 09:23:47,86.0,77.0,8.0,1.0
2021-08-05 09:23:48,95.0,79.0,15.0,1.0
2021-08-05 09:23:49,82.0,71.0,6.0,5.0
2021-08-05 09:23:50,79.0,73.0,4.0,2.0
2021-08-05 09:23:51,76.0,66.0,7.0,3.0
2021-08-05 09:23:52,86.0,75.0,11.0,0.0
2021-08-05 09:23:53,103.0,94.0,7.0,2.0
2021-08-05 09:23:54,85.0,76.0,7.0,2.0
2021-08-05 09:23:55,96.0,88.0,5.0,3.0
2021-08-05 09:23:56,73.0,60.0,9.0,4.0
2021-08-05 09:23:57,96.0,86.0,7.0,3.0
2021-08-05 09:23:58,81.0,72.0,5.0,4.0
2021-08-05 09:23:59,78.0,68.0,9.0,1.0
2021-08-05 09:24:00,94.0,87.0,3.0,4.0
2021-08-05 09:24:01,87.0,82.0,3.0,2.0
2021-08-05 09:24:02,108.0,95.0,7.0,6.0
2021-08-05 09:24:03,97.0,89.0,6.0,2.0
2021-08-05 09:24:04,104.0,88.0,9.0,7.0
2021-08-05 09:24:05,79.0,68.0,6.0,5.0
2021-08-05 09:24:06,91.0,77.0,9.0,5.0
2021-08-05 09:24:07,91.0,80.0,5.0,6.0
2021-08-05 09:24:08,85.0,71.0,7.0,7.0
2021-08-05 09:24:09,85.0,73.0,7.0,5.0
2021-08-05 09:24:10,84.0,71.0,7.0,6.0
2021-08-05 09:24:11,91.0,75.0,14.0,2.0
2021-08-05 09:24:12,94.0,82.0,5.0,7.0
2021-08-05 09:24:13,82.0,70.0,6.0,6.0
2021-08-05 09:24:14,78.0,71.0,5.0,2.0
2021-08-05 09:24:15,75.0,66.0,3.0,6.0
2021-08-05 09:24:16,81.0,72.0,5.0,4.0
2021-08-05 09:24:17,77.0,73.0,2.0,2.0
2021-08-05 09:24:18,91.0,80.0,5.0,6.0
2021-08-05 09:24:19,76.0,68.0,7.0,1.0
2021-08-05 09:24:20,80.0,72.0,6.0,2.0
2021-08-05 09:24:21,98.0,85.0,8.0,5.0
2021-08-05 09:24:22,99.0,86.0,9.0,4.0
2021-08-05 09:24:23,90.0,83.0,5.0,2.0
2021-08-05 09:24:24,83.0,75.0,3.0,5.0
2021-08-05 09:24:25,78.0,69.0,5.0,4.0
2021-08-05 09:24:26,108.0,95.0,8.0,5.0
2021-08-05 09:24:27,78.0,71.0,4.0,3.0
2021-08-05 09:24:28,80.0,72.0,6.0,2.0
2021-08-05 09:24:29,69.0,66.0,1.0,2.0
2021-08-05 09:24:30,91.0,74.0,6.0,11.0
2021-08-05 09:24:31,81.0,66.0,10.0,5.0
2021-08-05 09:24:32,99.0,89.0,7.0,3.0
2021-08-05 09:24:33,89.0,79.0,5.0,5.0
2021-08-05 09:24:34,92.0,83.0,5.0,4.0
2021-08-05 09:24:35,90.0,79.0,9.0,2.0
2021-08-05 09:24:36,82.0,72.0,9.0,1.0
2021-08-05 09:24:37,100.0,86.0,12.0,2.0
2021-08-05 09:24:38,81.0,65.0,11.0,5.0
2021-08-05 09:24:39,103.0,91.0,9.0,3.0
2021-08-05 09:24:40,84.0,72.0,7.0,5.0
2021-08-05 09:24:41,86.0,78.0,4.0,4.0
2021-08-05 09:24:42,81.0,71.0,4.0,6.0
2021-08-05 09:24:43,76.0,71.0,4.0,1.0
2021-08-05 09:24:44,80.0,77.0,2.0,1.0
2021-08-05 09:24:45,92.0,84.0,5.0,3.0
2021-08-05 09:24:46,80.0,75.0,3.0,2.0
2021-08-05 09:24:47,77.0,70.0,5.0,2.0
2021-08-05 09:24:48,77.0,66.0,7.0,4.0
2021-08-05 09:24:49,78.0,72.0,5.0,1.0
2021-08-05 09:24:50,79.0,67.0,6.0,6.0
2021-08-05 09:24:51,77.0,70.0,3.0,4.0
2021-08-05 09:24:52,104.0,95.0,7.0,2.0
2021-08-05 09:24:53,94.0,84.0,4.0,6.0
2021-08-05 09:24:54,70.0,59.0,9.0,2.0
2021-08-05 09:24:55,80.0,69.0,6.0,5.0
2021-08-05 09:24:56,96.0,82.0,11.0,3.0
2021-08-05 09:24:57,84.0,76.0,4.0,4.0
2021-08-05 09:24:58,92.0,86.0,3.0,3.0
2021-08-05 09:24:59,98.0,84.0,10.0,4.0
2021-08-05 09:25:00,95.0,88.0,4.0,3.0
2021-08-05 09:25:01,98.0,80.0,10.0,8.0
2021-08-05 09:25:02,86.0,77.0,5.0,4.0
2021-08-05 09:25:03,100.0,90.0,2.0,8.0
2021-08-05 09:25:04,68.0,58.0,4.0,6.0
2021-08-05 09:25:05,83.0,71.0,9.0,3.0
2021-08-05 09:25:06,93.0,84.0,5.0,4.0
2021-08-05 09:25:07,91.0,77.0,5.0,9.0
2021-08-05 09:25:08,96.0,85.0,9.0,2.0
2021-08-05 09:25:09,82.0,72.0,8.0,2.0
2021-08-05 09:25:10,80.0,71.0,5.0,4.0
2021-08-05 09:25:11,94.0,86.0,4.0,4.0
2021-08-05 09:25:12,89.0,79.0,6.0,4.0
2021-08-05 09:25:13,100.0,88.0,8.0,4.0
2021-08-05 09:25:14,79.0,63.0,9.0,7.0
2021-08-05 09:25:15,92.0,81.0,7.0,4.0
2021-08-05 09:25:16,63.0,56.0,5.0,2.0
2021-08-05 09:25:17,91.0,80.0,5.0,6.0
2021-08-05 09:25:18,81.0,71.0,5.0,5.0
2021-08-05 09:25:19,89.0,74.0,11.0,4.0
2021-08-05 09:25:20,88.0,79.0,6.0,3.0
2021-08-05 09:25:21,86.0,75.0,8.0,3.0
2021-08-05 09:25:22,83.0,71.0,7.0,5.0
2021-08-05 09:25:23,86.0,71.0,10.0,5.0
2021-08-05 09:25:24,85.0,72.0,9.0,4.0
2021-08-05 09:25:25,101.0,87.0,9.0,5.0
2021-08-05 09:25:26,91.0,74.0,10.0,7.0
2021-08-05 09:25:27,76.0,67.0,7.0,2.0
2021-08-05 09:25:28,78.0,64.0,12.0,2.0
2021-08-05 09:25:29,90.0,82.0,5.0,3.0
2021-08-05 09:25:30,91.0,78.0,7.0,6.0
2021-08-05 09:25:31,88.0,77.0,6.0,5.0
2021-08-05 09:25:32,108.0,93.0,11.0,4.0
2021-08-05 09:25:33,74.0,69.0,2.0,3.0
2021-08-05 09:25:34,82.0,64.0,9.0,9.0
2021-08-05 09:25:35,80.0,67.0,5.0,8.0
2021-08-05 09:25:36,84.0,76.0,2.0,6.0
2021-08-05 09:25:37,76.0,67.0,7.0,2.0
2021-08-05 09:25:38,88.0,71.0,7.0,10.0
2021-08-05 09:25:39,82.0,73.0,5.0,4.0
2021-08-05 09:25:40,79.0,68.0,2.0,9.0
2021-08-05 09:25:41,81.0,65.0,10.0,6.0
2021-08-05 09:25:42,78.0,68.0,7.0,3.0
2021-08-05 09:25:43,85.0,76.0,4.0,5.0
2021-08-05 09:25:44,95.0,84.0,7.0,4.0
2021-08-05 09:25:45,74.0,63.0,8.0,3.0
2021-08-05 09:25:46,90.0,81.0,5.0,4.0
2021-08-05 09:25:47,88.0,74.0,5.0,9.0
2021-08-05 09:25:48,85.0,70.0,8.0,7.0
2021-08-05 09:25:49,95.0,84.0,7.0,4.0
2021-08-05 09:25:50,83.0,76.0,5.0,2.0
2021-08-05 09:25:51,76.0,67.0,3.0,6.0
2021-08-05 09:25:52,90.0,76.0,10.0,4.0
2021-08-05 09:25:53,61.0,55.0,4.0,2.0
2021-08-05 09:25:54,99.0,88.0,6.0,5.0
2021-08-05 09:25:55,79.0,68.0,5.0,6.0
2021-08-05 09:25:56,79.0,69.0,6.0,4.0
2021-08-05 09:25:57,102.0,91.0,6.0,5.0
2021-08-05 09:25:58,80.0,70.0,6.0,4.0
2021-08-05 09:25:59,84.0,72.0,8.0,4.0
2021-08-05 09:26:00,80.0,73.0,4.0,3.0
2021-08-05 09:26:01,83.0,75.0,6.0,2.0
2021-08-05 09:26:02,71.0,63.0,6.0,2.0
2021-08-05 09:26:03,97.0,83.0,12.0,2.0
2021-08-05 09:26:04,96.0,85.0,6.0,5.0
2021-08-05 09:26:05,77.0,66.0,8.0,3.0
2021-08-05 09:26:06,94.0,80.0,8.0,6.0
2021-08-05 09:26:07,83.0,77.0,3.0,3.0
2021-08-05 09:26:08,78.0,71.0,5.0,2.0
2021-08-05 09:26:09,93.0,75.0,7.0,11.0
2021-08-05 09:26:10,90.0,78.0,9.0,3.0
2021-08-05 09:26:11,90.0,79.0,5.0,6.0
2021-08-05 09:26:12,86.0,75.0,5.0,6.0
2021-08-05 09:26:13,84.0,74.0,5.0,5.0
2021-08-05 09:26:14,81.0,73.0,6.0,2.0
2021-08-05 09:26:15,90.0,81.0,6.0,3.0
2021-08-05 09:26:16,82.0,72.0,9.0,1.0
2021-08-05 09:26:17,71.0,62.0,4.0,5.0
2021-08-05 09:26:18,89.0,77.0,6.0,6.0
2021-08-05 09:26:19,95.0,76.0,11.0,8.0
2021-08-05 09:26:20,94.0,82.0,8.0,4.0
2021-08-05 09:26:21,71.0,64.0,5.0,2.0
2021-08-05 09:26:22,84.0,78.0,2.0,4.0
2021-08-05 09:26:23,72.0,60.0,6.0,6.0
2021-08-05 09:26:24,94.0,81.0,7.0,6.0
2021-08-05 09:26:25,86.0,77.0,6.0,3.0
2021-08-05 09:26:26,108.0,89.0,11.0,8.0
2021-08-05 09:26:27,97.0,89.0,4.0,4.0
2021-08-05 09:26:28,84.0,73.0,5.0,6.0
2021-08-05 09:26:29,86.0,73.0,10.0,3.0
2021-08-05 09:26:30,85.0,75.0,7.0,3.0
2021-08-05 09:26:31,84.0,73.0,8.0,3.0
2021-08-05 09:26:32,78.0,71.0,5.0,2.0
2021-08-05 09:26:33,91.0,73.0,12.0,6.0
2021-08-05 09:26:34,92.0,80.0,7.0,5.0
2021-08-05 09:26:35,83.0,75.0,6.0,2.0
2021-08-05 09:26:36,96.0,88.0,3.0,5.0
2021-08-05 09:26:37,99.0,90.0,6.0,3.0
2021-08-05 09:26:38,90.0,75.0,10.0,5.0
2021-08-05 09:26:39,80.0,70.0,6.0,4.0
2021-08-05 09:26:40,67.0,61.0,3.0,3.0
2021-08-05 09:26:41,86.0,76.0,6.0,4.0
2021-08-05 09:26:42,84.0,72.0,7.0,5.0
2021-08-05 09:26:43,71.0,58.0,8.0,5.0
2021-08-05 09:26:44,74.0,61.0,6.0,7.0
2021-08-05 09:26:45,83.0,73.0,8.0,2.0
2021-08-05 09:26:46,91.0,76.0,9.0,6.0
2021-08-05 09:26:47,89.0,83.0,3.0,3.0
2021-08-05 09:26:48,84.0,77.0,4.0,3.0
2021-08-05 09:26:49,71.0,67.0,1.0,3.0
2021-08-05 09:26:50,90.0,84.0,5.0,1.0
2021-08-05 09:26:51,87.0,74.0,8.0,5.0
2021-08-05 09:26:52,89.0,80.0,5.0,4.0
2021-08-05 09:26:53,86.0,74.0,4.0,8.0
2021-08-05 09:26:54,80.0,68.0,4.0,8.0
2021-08-05 09:26:55,84.0,75.0,5.0,4.0
2021-08-05 09:26:56,78.0,68.0,8.0,2.0
2021-08-05 09:26:57,81.0,71.0,6.0,4.0
2021-08-05 09:26:58,79.0,67.0,5.0,7.0
2021-08-05 09:26:59,81.0,70.0,9.0,2.0
2021-08-05 09:27:00,84.0,69.0,9.0,6.0
2021-08-05 09:27:01,73.0,61.0,8.0,4.0
2021-08-05 09:27:02,89.0,74.0,10.0,5.0
2021-08-05 09:27:03,100.0,83.0,7.0,10.0
2021-08-05 09:27:04,87.0,79.0,4.0,4.0
2021-08-05 09:27:05,69.0,58.0,4.0,7.0
2021-08-05 09:27:06,105.0,94.0,7.0,4.0
2021-08-05 09:27:07,101.0,91.0,8.0,2.0
2021-08-05 09:27:08,77.0,71.0,4.0,2.0
2021-08-05 09:27:09,102.0,92.0,5.0,5.0
2021-08-05 09:27:10,78.0,68.0,4.0,6.0
2021-08-05 09:27:11,87.0,78.0,5.0,4.0
2021-08-05 09:27:12,82.0,68.0,12.0,2.0
2021-08-05 09:27:13,90.0,81.0,8.0,1.0
2021-08-05 09:27:14,90.0,85.0,3.0,2.0
2021-08-05 09:27:15,96.0,84.0,7.0,5.0
2021-08-05 09:27:16,93.0,79.0,8.0,6.0
2021-08-05 09:27:17,94.0,80.0,7.0,7.0
2021-08-05 09:27:18,94.0,89.0,3.0,2.0
2021-08-05 09:27:19,71.0,60.0,5.0,6.0
2021-08-05 09:27:20,74.0,66.0,3.0,5.0
2021-08-05 09:27:21,93.0,78.0,8.0,7.0
2021-08-05 09:27:22,79.0,69.0,5.0,5.0
2021-08-05 09:27:23,81.0,75.0,4.0,2.0
2021-08-05 09:27:24,89.0,80.0,7.0,2.0
2021-08-05 09:27:25,99.0,91.0,7.0,1.0
2021-08-05 09:27:26,89.0,77.0,9.0,3.0
2021-08-05 09:27:27,87.0,78.0,6.0,3.0
2021-08-05 09:27:28,89.0,81.0,7.0,1.0
2021-08-05 09:27:29,76.0,68.0,3.0,5.0
2021-08-05 09:27:30,80.0,73.0,6.0,1.0
2021-08-05 09:27:31,82.0,70.0,7.0,5.0
2021-08-05 09:27:32,83.0,74.0,6.0,3.0
2021-08-05 09:27:33,78.0,67.0,9.0,2.0
2021-08-05 09:27:34,76.0,69.0,4.0,3.0
2021-08-05 09:27:35,79.0,70.0,5.0,4.0
2021-08-05 09:27:36,90.0,80.0,7.0,3.0
2021-08-05 09:27:37,92.0,84.0,6.0,2.0
2021-08-05 09:27:38,94.0,83.0,6.0,5.0
2021-08-05 09:27:39,89.0,86.0,2.0,1.0
2021-08-05 09:27:40,77.0,69.0,5.0,3.0
2021-08-05 09:27:41,89.0,81.0,5.0,3.0
2021-08-05 09:27:42,80.0,71.0,7.0,2.0
2021-08-05 09:27:43,81.0,70.0,7.0,4.0
2021-08-05 09:27:44,96.0,85.0,8.0,3.0
2021-08-05 09:27:45,88.0,75.0,5.0,8.0
2021-08-05 09:27:46,84.0,77.0,5.0,2.0
2021-08-05 09:27:47,86.0,74.0,8.0,4.0
2021-08-05 09:27:48,96.0,78.0,11.0,7.0
2021-08-05 09:27:49,102.0,85.0,11.0,6.0
2021-08-05 09:27:50,94.0,85.0,7.0,2.0
2021-08-05 09:27:51,83.0,73.0,6.0,4.0
2021-08-05 09:27:52,109.0,101.0,3.0,5.0
2021-08-05 09:27:53,78.0,68.0,5.0,5.0
2021-08-05 09:27:54,78.0,65.0,7.0,6.0
2021-08-05 09:27:55,74.0,63.0,9.0,2.0
2021-08-05 09:27:56,88.0,78.0,5.0,5.0
2021-08-05 09:27:57,83.0,72.0,6.0,5.0
2021-08-05 09:27:58,83.0,74.0,8.0,1.0
2021-08-05 09:27:59,95.0,85.0,5.0,5.0
2021-08-05 09:28:00,81.0,71.0,5.0,5.0
2021-08-05 09:28:01,73.0,60.0,11.0,2.0
2021-08-05 09:28:02,92.0,78.0,7.0,7.0
2021-08-05 09:28:03,84.0,74.0,4.0,6.0
2021-08-05 09:28:04,94.0,80.0,8.0,6.0
2021-08-05 09:28:05,96.0,86.0,8.0,2.0
2021-08-05 09:28:06,85.0,75.0,6.0,4.0
2021-08-05 09:28:07,80.0,71.0,2.0,7.0
2021-08-05 09:28:08,93.0,79.0,9.0,5.0
2021-08-05 09:28:09,75.0,62.0,6.0,7.0
2021-08-05 09:28:10,100.0,87.0,10.0,3.0
2021-08-05 09:28:11,82.0,71.0,6.0,5.0
2021-08-05 09:28:12,91.0,77.0,8.0,6.0
2021-08-05 09:28:13,76.0,69.0,3.0,4.0
2021-08-05 09:28:14,109.0,96.0,5.0,8.0
2021-08-05 09:28:15,93.0,84.0,4.0,5.0
2021-08-05 09:28:16,87.0,77.0,5.0,5.0
2021-08-05 09:28:17,95.0,84.0,6.0,5.0
2021-08-05 09:28:18,84.0,65.0,11.0,8.0
2021-08-05 09:28:19,82.0,69.0,10.0,3.0
2021-08-05 09:28:20,83.0,74.0,4.0,5.0
2021-08-05 09:28:21,88.0,75.0,10.0,3.0
2021-08-05 09:28:22,81.0,68.0,7.0,6.0
2021-08-05 09:28:23,87.0,84.0,2.0,1.0
2021-08-05 09:28:24,76.0,62.0,4.0,10.0
2021-08-05 09:28:25,87.0,72.0,10.0,5.0
2021-08-05 09:28:26,88.0,76.0,8.0,4.0
2021-08-05 09:28:27,100.0,86.0,9.0,5.0
2021-08-05 09:28:28,68.0,58.0,6.0,4.0
2021-08-05 09:28:29,88.0,78.0,5.0,5.0
2021-08-05 09:28:30,84.0,76.0,7.0,1.0
2021-08-05 09:28:31,90.0,78.0,10.0,2.0
2021-08-05 09:28:32,76.0,73.0,2.0,1.0
2021-08-05 09:28:33,91.0,80.0,9.0,2.0
2021-08-05 09:28:34,91.0,78.0,8.0,5.0
2021-08-05 09:28:35,88.0,79.0,4.0,5.0
2021-08-05 09:28:36,77.0,71.0,5.0,1.0
2021-08-05 09:28:37,93.0,78.0,9.0,6.0
2021-08-05 09:28:38,85.0,75.0,7.0,3.0
2021-08-05 09:28:39,90.0,76.0,10.0,4.0
2021-08-05 09:28:40,89.0,81.0,7.0,1.0
2021-08-05 09:28:41,74.0,68.0,4.0,2.0
2021-08-05 09:28:42,92.0,82.0,7.0,3.0
2021-08-05 09:28:43,77.0,66.0,6.0,5.0
2021-08-05 09:28:44,90.0,77.0,10.0,3.0
2021-08-05 09:28:45,82.0,73.0,6.0,3.0
2021-08-05 09:28:46,93.0,84.0,6.0,3.0
2021-08-05 09:28:47,89.0,80.0,5.0,4.0
2021-08-05 09:28:48,95.0,80.0,7.0,8.0
2021-08-05 09:28:49,84.0,72.0,4.0,8.0
2021-08-05 09:28:50,89.0,78.0,5.0,6.0
2021-08-05 09:28:51,100.0,93.0,5.0,2.0
2021-08-05 09:28:52,77.0,70.0,6.0,1.0
2021-08-05 09:28:53,82.0,75.0,2.0,5.0
2021-08-05 09:28:54,75.0,67.0,2.0,6.0
2021-08-05 09:28:55,81.0,73.0,7.0,1.0
2021-08-05 09:28:56,86.0,77.0,4.0,5.0
2021-08-05 09:28:57,82.0,75.0,2.0,5.0
2021-08-05 09:28:58,93.0,86.0,5.0,2.0
2021-08-05 09:28:59,87.0,75.0,6.0,6.0
2021-08-05 09:29:00,69.0,58.0,5.0,6.0
2021-08-05 09:29:01,81.0,70.0,4.0,7.0
2021-08-05 09:29:02,98.0,89.0,8.0,1.0
2021-08-05 09:29:03,88.0,78.0,4.0,6.0
2021-08-05 09:29:04,106.0,92.0,9.0,5.0
2021-08-05 09:29:05,84.0,72.0,8.0,4.0
2021-08-05 09:29:06,88.0,80.0,6.0,2.0
2021-08-05 09:29:07,98.0,86.0,6.0,6.0
2021-08-05 09:29:08,86.0,77.0,3.0,6.0
2021-08-05 09:29:09,87.0,81.0,4.0,2.0
2021-08-05 09:29:10,109.0,97.0,7.0,5.0
2021-08-05 09:29:11,75.0,67.0,4.0,4.0
2021-08-05 09:29:12,70.0,59.0,5.0,6.0
2021-08-05 09:29:13,86.0,68.0,12.0,6.0
2021-08-05 09:29:14,77.0,64.0,7.0,6.0
2021-08-05 09:29:15,75.0,69.0,4.0,2.0
2021-08-05 09:29:16,76.0,70.0,3.0,3.0
2021-08-05 09:29:17,95.0,83.0,6.0,6.0
2021-08-05 09:29:18,89.0,78.0,8.0,3.0
2021-08-05 09:29:19,89.0,76.0,6.0,7.0
2021-08-05 09:29:20,54.0,48.0,3.0,3.0
2021-08-05 09:29:21,77.0,70.0,7.0,0.0
2021-08-05 09:29:22,79.0,65.0,9.0,5.0
2021-08-05 09:29:23,81.0,70.0,7.0,4.0
2021-08-05 09:29:24,91.0,83.0,5.0,3.0
2021-08-05 09:29:25,92.0,81.0,6.0,5.0
2021-08-05 09:29:26,97.0,85.0,7.0,5.0
2021-08-05 09:29:27,96.0,87.0,5.0,4.0
2021-08-05 09:29:28,103.0,93.0,7.0,3.0
2021-08-05 09:29:29,81.0,76.0,3.0,2.0
2021-08-05 09:29:30,103.0,91.0,6.0,6.0
2021-08-05 09:29:31,83.0,79.0,4.0,0.0
2021-08-05 09:29:32,73.0,63.0,3.0,7.0
2021-08-05 09:29:33,70.0,59.0,6.0,5.0
2021-08-05 09:29:34,90.0,76.0,11.0,3.0
2021-08-05 09:29:35,86.0,78.0,7.0,1.0
2021-08-05 09:29:36,83.0,70.0,10.0,3.0
2021-08-05 09:29:37,79.0,68.0,8.0,3.0
2021-08-05 09:29:38,100.0,92.0,3.0,5.0
2021-08-05 09:29:39,81.0,69.0,10.0,2.0
2021-08-05 09:29:40,65.0,53.0,7.0,5.0
2021-08-05 09:29:41,85.0,69.0,9.0,7.0
2021-08-05 09:29:42,79.0,70.0,3.0,6.0
2021-08-05 09:29:43,73.0,66.0,4.0,3.0
2021-08-05 09:29:44,78.0,68.0,7.0,3.0
2021-08-05 09:29:45,75.0,65.0,6.0,4.0
2021-08-05 09:29:46,87.0,78.0,6.0,3.0
2021-08-05 09:29:47,78.0,71.0,6.0,1.0
2021-08-05 09:29:48,83.0,72.0,7.0,4.0
2021-08-05 09:29:49,70.0,56.0,5.0,9.0
2021-08-05 09:29:50,84.0,69.0,8.0,7.0
2021-08-05 09:29:51,88.0,82.0,2.0,4.0
2021-08-05 09:29:52,70.0,56.0,9.0,5.0
2021-08-05 09:29:53,86.0,78.0,7.0,1.0
2021-08-05 09:29:54,93.0,82.0,8.0,3.0
2021-08-05 09:29:55,89.0,73.0,6.0,10.0
2021-08-05 09:29:56,95.0,82.0,6.0,7.0
2021-08-05 09:29:57,81.0,71.0,6.0,4.0
2021-08-05 09:29:58,95.0,79.0,9.0,7.0
2021-08-05 09:29:59,90.0,81.0,6.0,3.0
2021-08-05 09:30:00,65.0,56.0,6.0,3.0
2021-08-05 09:30:01,99.0,86.0,6.0,7.0
2021-08-05 09:30:02,84.0,70.0,9.0,5.0
2021-08-05 09:30:03,65.0,55.0,5.0,5.0
2021-08-05 09:30:04,94.0,81.0,6.0,7.0
2021-08-05 09:30:05,98.0,90.0,6.0,2.0
2021-08-05 09:30:06,83.0,72.0,6.0,5.0
2021-08-05 09:30:07,100.0,81.0,11.0,8.0
2021-08-05 09:30:08,74.0,69.0,4.0,1.0
2021-08-05 09:30:09,77.0,70.0,5.0,2.0
2021-08-05 09:30:10,93.0,81.0,5.0,7.0
2021-08-05 09:30:11,89.0,79.0,3.0,7.0
2021-08-05 09:30:12,91.0,77.0,9.0,5.0
2021-08-05 09:30:13,92.0,76.0,7.0,9.0
2021-08-05 09:30:14,93.0,86.0,5.0,2.0
2021-08-05 09:30:15,78.0,65.0,7.0,6.0
2021-08-05 09:30:16,91.0,80.0,8.0,3.0
2021-08-05 09:30:17,82.0,75.0,6.0,1.0
2021-08-05 09:30:18,87.0,76.0,6.0,5.0
2021-08-05 09:30:19,89.0,84.0,4.0,1.0
2021-08-05 09:30:20,83.0,73.0,7.0,3.0
2021-08-05 09:30:21,72.0,64.0,4.0,4.0
2021-08-05 09:30:22,81.0,72.0,6.0,3.0
2021-08-05 09:30:23,74.0,67.0,4.0,3.0
2021-08-05 09:30:24,73.0,62.0,7.0,4.0
2021-08-05 09:30:25,90.0,82.0,5.0,3.0
2021-08-05 09:30:26,88.0,76.0,6.0,6.0
2021-08-05 09:30:27,74.0,63.0,6.0,5.0
2021-08-05 09:30:28,85.0,75.0,8.0,2.0
2021-08-05 09:30:29,74.0,61.0,6.0,7.0
2021-08-05 09:30:30,94.0,79.0,7.0,8.0
2021-08-05 09:30:31,94.0,79.0,10.0,5.0
2021-08-05 09:30:32,86.0,77.0,6.0,3.0
2021-08-05 09:30:33,72.0,62.0,4.0,6.0
2021-08-05 09:30:34,92.0,80.0,5.0,7.0
2021-08-05 09:30:35,77.0,70.0,3.0,4.0
2021-08-05 09:30:36,70.0,63.0,3.0,4.0
2021-08-05 09:30:37,80.0,75.0,2.0,3.0
2021-08-05 09:30:38,78.0,67.0,7.0,4.0
2021-08-05 09:30:39,88.0,80.0,5.0,3.0
2021-08-05 09:30:40,74.0,66.0,5.0,3.0
2021-08-05 09:30:41,84.0,65.0,11.0,8.0
2021-08-05 09:30:42,90.0,75.0,10.0,5.0
2021-08-05 09:30:43,100.0,95.0,1.0,4.0
2021-08-05 09:30:44,101.0,88.0,10.0,3.0
2021-08-05 09:30:45,72.0,70.0,1.0,1.0
2021-08-05 09:30:46,87.0,75.0,10.0,2.0
2021-08-05 09:30:47,76.0,64.0,6.0,6.0
2021-08-05 09:30:48,103.0,88.0,10.0,5.0
2021-08-05 09:30:49,91.0,77.0,10.0,4.0
2021-08-05 09:30:50,87.0,74.0,8.0,5.0
2021-08-05 09:30:51,84.0,75.0,5.0,4.0
2021-08-05 09:30:52,75.0,65.0,5.0,5.0
2021-08-05 09:30:53,82.0,72.0,5.0,5.0
2021-08-05 09:30:54,92.0,79.0,8.0,5.0
2021-08-05 09:30:55,90.0,75.0,11.0,4.0
2021-08-05 09:30:56,80.0,71.0,7.0,2.0
2021-08-05 09:30:57,91.0,80.0,5.0,6.0
2021-08-05 09:30:58,54.0,50.0,2.0,2.0
2021-08-05 09:30:59,81.0,75.0,3.0,3.0
2021-08-05 09:31:00,83.0,71.0,10.0,2.0
2021-08-05 09:31:01,79.0,71.0,4.0,4.0
2021-08-05 09:31:02,75.0,70.0,3.0,2.0
2021-08-05 09:31:03,91.0,80.0,4.0,7.0
2021-08-05 09:31:04,65.0,57.0,2.0,6.0
2021-08-05 09:31:05,94.0,83.0,8.0,3.0
2021-08-05 09:31:06,89.0,80.0,4.0,5.0
2021-08-05 09:31:07,102.0,86.0,14.0,2.0
2021-08-05 09:31:08,75.0,65.0,5.0,5.0
2021-08-05 09:31:09,79.0,73.0,3.0,3.0
2021-08-05 09:31:10,82.0,66.0,10.0,6.0
2021-08-05 09:31:11,76.0,69.0,3.0,4.0
2021-08-05 09:31:12,80.0,68.0,7.0,5.0
2021-08-05 09:31:13,86.0,76.0,8.0,2.0
2021-08-05 09:31:14,84.0,71.0,7.0,6.0
2021-08-05 09:31:15,94.0,78.0,7.0,9.0
2021-08-05 09:31:16,78.0,71.0,4.0,3.0
2021-08-05 09:31:17,102.0,87.0,7.0,8.0
2021-08-05 09:31:18,78.0,67.0,6.0,5.0
2021-08-05 09:31:19,81.0,67.0,7.0,7.0
2021-08-05 09:31:20,79.0,70.0,8.0,1.0
2021-08-05 09:31:21,92.0,85.0,5.0,2.0
2021-08-05 09:31:22,75.0,70.0,3.0,2.0
2021-08-05 09:31:23,76.0,66.0,6.0,4.0
2021-08-05 09:31:24,78.0,66.0,4.0,8.0
2021-08-05 09:31:25,98.0,88.0,5.0,5.0
2021-08-05 09:31:26,95.0,79.0,11.0,5.0
2021-08-05 09:31:27,81.0,72.0,2.0,7.0
2021-08-05 09:31:28,83.0,69.0,11.0,3.0
2021-08-05 09:31:29,87.0,83.0,1.0,3.0
2021-08-05 09:31:30,73.0,59.0,6.0,8.0
2021-08-05 09:31:31,77.0,68.0,5.0,4.0
2021-08-05 09:31:32,88.0,79.0,8.0,1.0
2021-08-05 09:31:33,86.0,73.0,5.0,8.0
2021-08-05 09:31:34,81.0,72.0,8.0,1.0
2021-08-05 09:31:35,69.0,54.0,8.0,7.0
2021-08-05 09:31:36,78.0,68.0,6.0,4.0
2021-08-05 09:31:37,89.0,73.0,10.0,6.0
2021-08-05 09:31:38,88.0,82.0,1.0,5.0
2021-08-05 09:31:39,97.0,83.0,8.0,6.0
2021-08-05 09:31:40,91.0,83.0,3.0,5.0
2021-08-05 09:31:41,76.0,63.0,7.0,6.0
2021-08-05 09:31:42,96.0,87.0,5.0,4.0
2021-08-05 09:31:43,88.0,76.0,5.0,7.0
2021-08-05 09:31:44,92.0,78.0,10.0,4.0
2021-08-05 09:31:45,81.0,70.0,5.0,6.0
2021-08-05 09:31:46,97.0,82.0,9.0,6.0
2021-08-05 09:31:47,95.0,85.0,10.0,0.0
2021-08-05 09:31:48,103.0,91.0,11.0,1.0
2021-08-05 09:31:49,83.0,75.0,3.0,5.0
2021-08-05 09:31:50,83.0,74.0,5.0,4.0
2021-08-05 09:31:51,69.0,56.0,8.0,5.0
2021-08-05 09:31:52,83.0,76.0,4.0,3.0
2021-08-05 09:31:53,81.0,66.0,12.0,3.0
2021-08-05 09:31:54,80.0,67.0,10.0,3.0
2021-08-05 09:31:55,84.0,71.0,9.0,4.0
2021-08-05 09:31:56,80.0,72.0,7.0,1.0
2021-08-05 09:31:57,68.0,58.0,7.0,3.0
2021-08-05 09:31:58,101.0,93.0,3.0,5.0
2021-08-05 09:31:59,86.0,72.0,8.0,6.0
2021-08-05 09:32:00,82.0,69.0,9.0,4.0
2021-08-05 09:32:01,76.0,67.0,3.0,6.0
2021-08-05 09:32:02,89.0,79.0,8.0,2.0
2021-08-05 09:32:03,84.0,75.0,5.0,4.0
2021-08-05 09:32:04,80.0,69.0,6.0,5.0
2021-08-05 09:32:05,96.0,89.0,6.0,1.0
2021-08-05 09:32:06,106.0,89.0,10.0,7.0
2021-08-05 09:32:07,76.0,70.0,3.0,3.0
2021-08-05 09:32:08,87.0,79.0,5.0,3.0
2021-08-05 09:32:09,87.0,73.0,10.0,4.0
2021-08-05 09:32:10,73.0,62.0,5.0,6.0
2021-08-05 09:32:11,89.0,82.0,4.0,3.0
2021-08-05 09:32:12,66.0,56.0,4.0,6.0
2021-08-05 09:32:13,80.0,66.0,7.0,7.0
2021-08-05 09:32:14,94.0,80.0,9.0,5.0
2021-08-05 09:32:15,83.0,66.0,9.0,8.0
2021-08-05 09:32:16,94.0,85.0,2.0,7.0
2021-08-05 09:32:17,88.0,75.0,7.0,6.0
2021-08-05 09:32:18,82.0,69.0,9.0,4.0
2021-08-05 09:32:19,88.0,74.0,10.0,4.0
2021-08-05 09:32:20,86.0,73.0,9.0,4.0
2021-08-05 09:32:21,98.0,81.0,13.0,4.0
2021-08-05 09:32:22,76.0,63.0,7.0,6.0
2021-08-05 09:32:23,99.0,87.0,6.0,6.0
2021-08-05 09:32:24,89.0,83.0,4.0,2.0
2021-08-05 09:32:25,71.0,66.0,4.0,1.0
2021-08-05 09:32:26,74.0,67.0,3.0,4.0
2021-08-05 09:32:27,74.0,60.0,10.0,4.0
2021-08-05 09:32:28,90.0,77.0,9.0,4.0
2021-08-05 09:32:29,79.0,73.0,4.0,2.0
2021-08-05 09:32:30,79.0,70.0,6.0,3.0
2021-08-05 09:32:31,81.0,72.0,7.0,2.0
2021-08-05 09:32:32,90.0,80.0,7.0,3.0
2021-08-05 09:32:33,85.0,80.0,1.0,4.0
2021-08-05 09:32:34,81.0,73.0,4.0,4.0
2021-08-05 09:32:35,86.0,74.0,8.0,4.0
2021-08-05 09:32:36,95.0,83.0,5.0,7.0
2021-08-05 09:32:37,83.0,65.0,11.0,7.0
2021-08-05 09:32:38,75.0,66.0,5.0,4.0
2021-08-05 09:32:39,78.0,69.0,3.0,6.0
2021-08-05 09:32:40,72.0,62.0,6.0,4.0
2021-08-05 09:32:41,75.0,68.0,4.0,3.0
2021-08-05 09:32:42,101.0,88.0,5.0,8.0
2021-08-05 09:32:43,87.0,79.0,5.0,3.0
2021-08-05 09:32:44,77.0,68.0,5.0,4.0
2021-08-05 09:32:45,90.0,79.0,6.0,5.0
2021-08-05 09:32:46,95.0,83.0,7.0,5.0
2021-08-05 09:32:47,97.0,83.0,10.0,4.0
2021-08-05 09:32:48,73.0,69.0,4.0,0.0
2021-08-05 09:32:49,91.0,80.0,7.0,4.0
2021-08-05 09:32:50,86.0,79.0,3.0,4.0
2021-08-05 09:32:51,86.0,75.0,8.0,3.0
2021-08-05 09:32:52,95.0,85.0,5.0,5.0
2021-08-05 09:32:53,72.0,66.0,6.0,0.0
2021-08-05 09:32:54,83.0,76.0,4.0,3.0
2021-08-05 09:32:55,84.0,70.0,8.0,6.0
2021-08-05 09:32:56,101.0,83.0,12.0,6.0
2021-08-05 09:32:57,86.0,73.0,6.0,7.0
2021-08-05 09:32:58,79.0,66.0,7.0,6.0
2021-08-05 09:32:59,86.0,74.0,7.0,5.0
2021-08-05 09:33:00,85.0,76.0,6.0,3.0
2021-08-05 09:33:01,69.0,61.0,5.0,3.0
2021-08-05 09:33:02,75.0,70.0,2.0,3.0
2021-08-05 09:33:03,95.0,78.0,8.0,9.0
2021-08-05 09:33:04,82.0,69.0,9.0,4.0
2021-08-05 09:33:05,79.0,69.0,6.0,4.0
2021-08-05 09:33:06,84.0,77.0,4.0,3.0
2021-08-05 09:33:07,78.0,66.0,5.0,7.0
2021-08-05 09:33:08,86.0,76.0,3.0,7.0
2021-08-05 09:33:09,95.0,83.0,7.0,5.0
2021-08-05 09:33:10,83.0,73.0,5.0,5.0
2021-08-05 09:33:11,78.0,61.0,10.0,7.0
2021-08-05 09:33:12,82.0,69.0,7.0,6.0
2021-08-05 09:33:13,77.0,73.0,2.0,2.0
2021-08-05 09:33:14,102.0,91.0,4.0,7.0
2021-08-05 09:33:15,83.0,72.0,6.0,5.0
2021-08-05 09:33:16,72.0,60.0,6.0,6.0
2021-08-05 09:33:17,86.0,78.0,6.0,2.0
2021-08-05 09:33:18,93.0,80.0,6.0,7.0
2021-08-05 09:33:19,83.0,67.0,10.0,6.0
2021-08-05 09:33:20,82.0,69.0,4.0,9.0
2021-08-05 09:33:21,87.0,78.0,3.0,6.0
2021-08-05 09:33:22,105.0,84.0,12.0,9.0
2021-08-05 09:33:23,82.0,71.0,4.0,7.0
2021-08-05 09:33:24,81.0,68.0,9.0,4.0
2021-08-05 09:33:25,87.0,83.0,3.0,1.0
2021-08-05 09:33:26,97.0,89.0,5.0,3.0
2021-08-05 09:33:27,79.0,71.0,6.0,2.0
2021-08-05 09:33:28,82.0,79.0,2.0,1.0
2021-08-05 09:33:29,83.0,72.0,7.0,4.0
2021-08-05 09:33:30,90.0,82.0,7.0,1.0
2021-08-05 09:33:31,100.0,90.0,7.0,3.0
2021-08-05 09:33:32,82.0,71.0,4.0,7.0
2021-08-05 09:33:33,88.0,79.0,5.0,4.0
2021-08-05 09:33:34,79.0,70.0,5.0,4.0
2021-08-05 09:33:35,84.0,77.0,5.0,2.0
2021-08-05 09:33:36,96.0,87.0,5.0,4.0
2021-08-05 09:33:37,88.0,80.0,3.0,5.0
2021-08-05 09:33:38,86.0,76.0,7.0,3.0
2021-08-05 09:33:39,104.0,88.0,8.0,8.0
2021-08-05 09:33:40,83.0,74.0,4.0,5.0
2021-08-05 09:33:41,102.0,90.0,5.0,7.0
2021-08-05 09:33:42,95.0,84.0,7.0,4.0
2021-08-05 09:33:43,90.0,79.0,6.0,5.0
2021-08-05 09:33:44,83.0,71.0,6.0,6.0
2021-08-05 09:33:45,96.0,83.0,7.0,6.0
2021-08-05 09:33:46,80.0,71.0,6.0,3.0
2021-08-05 09:33:47,74.0,67.0,7.0,0.0
2021-08-05 09:33:48,88.0,76.0,4.0,8.0
2021-08-05 09:33:49,99.0,86.0,9.0,4.0
2021-08-05 09:33:50,100.0,89.0,7.0,4.0
2021-08-05 09:33:51,77.0,71.0,4.0,2.0
2021-08-05 09:33:52,90.0,83.0,4.0,3.0
2021-08-05 09:33:53,75.0,66.0,6.0,3.0
2021-08-05 09:33:54,83.0,76.0,4.0,3.0
2021-08-05 09:33:55,98.0,82.0,9.0,7.0
2021-08-05 09:33:56,86.0,71.0,7.0,8.0
2021-08-05 09:33:57,101.0,84.0,14.0,3.0
2021-08-05 09:33:58,87.0,76.0,6.0,5.0
2021-08-05 09:33:59,91.0,79.0,6.0,6.0
2021-08-05 09:34:00,100.0,88.0,6.0,6.0
2021-08-05 09:34:01,83.0,71.0,7.0,5.0
2021-08-05 09:34:02,89.0,77.0,6.0,6.0
2021-08-05 09:34:03,105.0,90.0,11.0,4.0
2021-08-05 09:34:04,84.0,75.0,6.0,3.0
2021-08-05 09:34:05,98.0,81.0,11.0,6.0
2021-08-05 09:34:06,69.0,61.0,6.0,2.0
2021-08-05 09:34:07,76.0,67.0,4.0,5.0
2021-08-05 09:34:08,99.0,82.0,12.0,5.0
2021-08-05 09:34:09,86.0,76.0,2.0,8.0
2021-08-05 09:34:10,87.0,77.0,6.0,4.0
2021-08-05 09:34:11,90.0,79.0,7.0,4.0
2021-08-05 09:34:12,85.0,79.0,2.0,4.0
2021-08-05 09:34:13,86.0,72.0,7.0,7.0
2021-08-05 09:34:14,68.0,64.0,4.0,0.0
2021-08-05 09:34:15,71.0,63.0,5.0,3.0
2021-08-05 09:34:16,74.0,62.0,6.0,6.0
2021-08-05 09:34:17,85.0,76.0,6.0,3.0
2021-08-05 09:34:18,85.0,73.0,7.0,5.0
2021-08-05 09:34:19,95.0,82.0,8.0,5.0
2021-08-05 09:34:20,72.0,63.0,7.0,2.0
2021-08-05 09:34:21,82.0,75.0,6.0,1.0
2021-08-05 09:34:22,86.0,77.0,5.0,4.0
2021-08-05 09:34:23,98.0,86.0,7.0,5.0
2021-08-05 09:34:24,90.0,80.0,5.0,5.0
2021-08-05 09:34:25,87.0,79.0,5.0,3.0
2021-08-05 09:34:26,84.0,75.0,5.0,4.0
2021-08-05 09:34:27,79.0,74.0,3.0,2.0
2021-08-05 09:34:28,96.0,84.0,5.0,7.0
2021-08-05 09:34:29,99.0,90.0,7.0,2.0
2021-08-05 09:34:30,96.0,83.0,9.0,4.0
2021-08-05 09:34:31,88.0,75.0,8.0,5.0
2021-08-05 09:34:32,83.0,67.0,12.0,4.0
2021-08-05 09:34:33,69.0,61.0,4.0,4.0
2021-08-05 09:34:34,92.0,74.0,9.0,9.0
2021-08-05 09:34:35,77.0,67.0,6.0,4.0
2021-08-05 09:34:36,91.0,81.0,6.0,4.0
2021-08-05 09:34:37,81.0,73.0,3.0,5.0
2021-08-05 09:34:38,93.0,80.0,6.0,7.0
2021-08-05 09:34:39,71.0,65.0,5.0,1.0
2021-08-05 09:34:40,83.0,77.0,5.0,1.0
2021-08-05 09:34:41,86.0,70.0,12.0,4.0
2021-08-05 09:34:42,105.0,93.0,9.0,3.0
2021-08-05 09:34:43,96.0,85.0,6.0,5.0
2021-08-05 09:34:44,77.0,61.0,9.0,7.0
2021-08-05 09:34:45,87.0,72.0,8.0,7.0
2021-08-05 09:34:46,84.0,75.0,6.0,3.0
2021-08-05 09:34:47,84.0,71.0,12.0,1.0
2021-08-05 09:34:48,86.0,77.0,5.0,4.0
2021-08-05 09:34:49,82.0,72.0,6.0,4.0
2021-08-05 09:34:50,76.0,60.0,14.0,2.0
2021-08-05 09:34:51,94.0,83.0,8.0,3.0
2021-08-05 09:34:52,71.0,60.0,7.0,4.0
2021-08-05 09:34:53,91.0,85.0,5.0,1.0
2021-08-05 09:34:54,95.0,86.0,6.0,3.0
2021-08-05 09:34:55,77.0,72.0,1.0,4.0
2021-08-05 09:34:56,86.0,72.0,7.0,7.0
2021-08-05 09:34:57,86.0,72.0,8.0,6.0
2021-08-05 09:34:58,75.0,68.0,4.0,3.0
2021-08-05 09:34:59,96.0,83.0,5.0,8.0
2021-08-05 09:35:00,77.0,69.0,6.0,2.0
2021-08-05 09:35:01,87.0,83.0,4.0,0.0
2021-08-05 09:35:02,80.0,68.0,10.0,2.0
2021-08-05 09:35:03,90.0,77.0,5.0,8.0
2021-08-05 09:35:04,80.0,73.0,5.0,2.0
2021-08-05 09:35:05,83.0,71.0,5.0,7.0
2021-08-05 09:35:06,83.0,68.0,10.0,5.0
2021-08-05 09:35:07,82.0,76.0,4.0,2.0
2021-08-05 09:35:08,81.0,73.0,7.0,1.0
2021-08-05 09:35:09,86.0,81.0,1.0,4.0
2021-08-05 09:35:10,97.0,82.0,11.0,4.0
2021-08-05 09:35:11,85.0,76.0,5.0,4.0
2021-08-05 09:35:12,69.0,61.0,7.0,1.0
2021-08-05 09:35:13,94.0,83.0,7.0,4.0
2021-08-05 09:35:14,87.0,80.0,4.0,3.0
2021-08-05 09:35:15,70.0,61.0,5.0,4.0
2021-08-05 09:35:16,88.0,74.0,10.0,4.0
2021-08-05 09:35:17,93.0,82.0,5.0,6.0
2021-08-05 09:35:18,72.0,64.0,4.0,4.0
2021-08-05 09:35:19,79.0,67.0,6.0,6.0
2021-08-05 09:35:20,93.0,85.0,3.0,5.0
2021-08-05 09:35:21,96.0,79.0,11.0,6.0
2021-08-05 09:35:22,90.0,81.0,6.0,3.0
2021-08-05 09:35:23,83.0,69.0,13.0,1.0
2021-08-05 09:35:24,96.0,85.0,4.0,7.0
2021-08-05 09:35:25,89.0,80.0,3.0,6.0
2021-08-05 09:35:26,60.0,56.0,2.0,2.0
2021-08-05 09:35:27,99.0,89.0,6.0,4.0
2021-08-05 09:35:28,83.0,71.0,6.0,6.0
2021-08-05 09:35:29,86.0,74.0,9.0,3.0
2021-08-05 09:35:30,85.0,74.0,5.0,6.0
2021-08-05 09:35:31,92.0,81.0,7.0,4.0
2021-08-05 09:35:32,97.0,86.0,6.0,5.0
2021-08-05 09:35:33,79.0,66.0,9.0,4.0
2021-08-05 09:35:34,86.0,76.0,7.0,3.0
2021-08-05 09:35:35,80.0,70.0,7.0,3.0
2021-08-05 09:35:36,70.0,63.0,4.0,3.0
2021-08-05 09:35:37,66.0,56.0,8.0,2.0
2021-08-05 09:35:38,96.0,86.0,9.0,1.0
2021-08-05 09:35:39,88.0,79.0,6.0,3.0
2021-08-05 09:35:40,75.0,71.0,1.0,3.0
2021-08-05 09:35:41,88.0,77.0,7.0,4.0
2021-08-05 09:35:42,98.0,84.0,6.0,8.0
2021-08-05 09:35:43,76.0,71.0,3.0,2.0
2021-08-05 09:35:44,76.0,68.0,6.0,2.0
2021-08-05 09:35:45,79.0,72.0,2.0,5.0
2021-08-05 09:35:46,90.0,76.0,9.0,5.0
2021-08-05 09:35:47,97.0,84.0,8.0,5.0
2021-08-05 09:35:48,83.0,74.0,5.0,4.0
2021-08-05 09:35:49,90.0,81.0,5.0,4.0
2021-08-05 09:35:50,87.0,75.0,6.0,6.0
2021-08-05 09:35:51,71.0,55.0,8.0,8.0
2021-08-05 09:35:52,80.0,70.0,6.0,4.0
2021-08-05 09:35:53,91.0,82.0,6.0,3.0
2021-08-05 09:35:54,87.0,79.0,4.0,4.0
2021-08-05 09:35:55,108.0,94.0,9.0,5.0
2021-08-05 09:35:56,89.0,84.0,5.0,0.0
2021-08-05 09:35:57,90.0,84.0,4.0,2.0
2021-08-05 09:35:58,109.0,96.0,9.0,4.0
2021-08-05 09:35:59,89.0,75.0,7.0,7.0
2021-08-05 09:36:00,80.0,68.0,5.0,7.0
2021-08-05 09:36:01,88.0,76.0,4.0,8.0
2021-08-05 09:36:02,85.0,76.0,5.0,4.0
2021-08-05 09:36:03,78.0,68.0,7.0,3.0
2021-08-05 09:36:04,101.0,85.0,9.0,7.0
2021-08-05 09:36:05,117.0,96.0,12.0,9.0
2021-08-05 09:36:06,86.0,76.0,6.0,4.0
2021-08-05 09:36:07,105.0,90.0,10.0,5.0
2021-08-05 09:36:08,74.0,66.0,6.0,2.0
2021-08-05 09:36:09,87.0,77.0,6.0,4.0
2021-08-05 09:36:10,88.0,76.0,7.0,5.0
2021-08-05 09:36:11,114.0,100.0,6.0,8.0
2021-08-05 09:36:12,95.0,82.0,5.0,8.0
2021-08-05 09:36:13,90.0,79.0,6.0,5.0
2021-08-05 09:36:14,105.0,95.0,5.0,5.0
2021-08-05 09:36:15,86.0,75.0,8.0,3.0
2021-08-05 09:36:16,92.0,76.0,11.0,5.0
2021-08-05 09:36:17,94.0,88.0,3.0,3.0
2021-08-05 09:36:18,91.0,81.0,7.0,3.0
2021-08-05 09:36:19,94.0,86.0,4.0,4.0
2021-08-05 09:36:20,84.0,74.0,7.0,3.0
2021-08-05 09:36:21,78.0,70.0,4.0,4.0
2021-08-05 09:36:22,72.0,63.0,4.0,5.0
2021-08-05 09:36:23,85.0,79.0,4.0,2.0
2021-08-05 09:36:24,83.0,72.0,4.0,7.0
2021-08-05 09:36:25,87.0,69.0,10.0,8.0
2021-08-05 09:36:26,91.0,79.0,5.0,7.0
2021-08-05 09:36:27,100.0,86.0,12.0,2.0
2021-08-05 09:36:28,69.0,62.0,2.0,5.0
2021-08-05 09:36:29,97.0,82.0,6.0,9.0
2021-08-05 09:36:30,84.0,74.0,4.0,6.0
2021-08-05 09:36:31,72.0,64.0,6.0,2.0
2021-08-05 09:36:32,85.0,77.0,6.0,2.0
2021-08-05 09:36:33,79.0,70.0,7.0,2.0
2021-08-05 09:36:34,87.0,73.0,7.0,7.0
2021-08-05 09:36:35,70.0,61.0,6.0,3.0
2021-08-05 09:36:36,82.0,70.0,10.0,2.0
2021-08-05 09:36:37,89.0,83.0,4.0,2.0
2021-08-05 09:36:38,100.0,87.0,8.0,5.0
2021-08-05 09:36:39,81.0,71.0,8.0,2.0
2021-08-05 09:36:40,90.0,77.0,7.0,6.0
2021-08-05 09:36:41,103.0,90.0,5.0,8.0
2021-08-05 09:36:42,73.0,61.0,5.0,7.0
2021-08-05 09:36:43,88.0,77.0,7.0,4.0
2021-08-05 09:36:44,88.0,74.0,7.0,7.0
2021-08-05 09:36:45,86.0,69.0,8.0,9.0
2021-08-05 09:36:46,74.0,64.0,4.0,6.0
2021-08-05 09:36:47,99.0,84.0,8.0,7.0
2021-08-05 09:36:48,75.0,66.0,6.0,3.0
2021-08-05 09:36:49,79.0,69.0,4.0,6.0
2021-08-05 09:36:50,85.0,73.0,4.0,8.0
2021-08-05 09:36:51,108.0,96.0,5.0,7.0
2021-08-05 09:36:52,77.0,71.0,4.0,2.0
2021-08-05 09:36:53,88.0,82.0,1.0,5.0
2021-08-05 09:36:54,83.0,80.0,1.0,2.0
2021-08-05 09:36:55,84.0,71.0,9.0,4.0
2021-08-05 09:36:56,82.0,74.0,5.0,3.0
2021-08-05 09:36:57,86.0,74.0,6.0,6.0
2021-08-05 09:36:58,72.0,59.0,9.0,4.0
2021-08-05 09:36:59,76.0,71.0,2.0,3.0
2021-08-05 09:37:00,96.0,88.0,4.0,4.0
2021-08-05 09:37:01,88.0,75.0,8.0,5.0
2021-08-05 09:37:02,99.0,91.0,5.0,3.0
2021-08-05 09:37:03,76.0,69.0,4.0,3.0
2021-08-05 09:37:04,76.0,67.0,4.0,5.0
2021-08-05 09:37:05,101.0,92.0,4.0,5.0
2021-08-05 09:37:06,95.0,83.0,4.0,8.0
2021-08-05 09:37:07,94.0,78.0,9.0,7.0
2021-08-05 09:37:08,84.0,71.0,7.0,6.0
2021-08-05 09:37:09,72.0,62.0,7.0,3.0
2021-08-05 09:37:10,73.0,68.0,3.0,2.0
2021-08-05 09:37:11,85.0,75.0,3.0,7.0
2021-08-05 09:37:12,78.0,74.0,3.0,1.0
2021-08-05 09:37:13,74.0,64.0,6.0,4.0
2021-08-05 09:37:14,91.0,79.0,9.0,3.0
2021-08-05 09:37:15,100.0,90.0,4.0,6.0
2021-08-05 09:37:16,81.0,74.0,5.0,2.0
2021-08-05 09:37:17,67.0,60.0,3.0,4.0
2021-08-05 09:37:18,80.0,77.0,2.0,1.0
2021-08-05 09:37:19,78.0,68.0,7.0,3.0
2021-08-05 09:37:20,92.0,78.0,8.0,6.0
2021-08-05 09:37:21,95.0,84.0,8.0,3.0
2021-08-05 09:37:22,86.0,75.0,10.0,1.0
2021-08-05 09:37:23,71.0,62.0,5.0,4.0
2021-08-05 09:37:24,75.0,63.0,8.0,4.0
2021-08-05 09:37:25,87.0,64.0,13.0,10.0
2021-08-05 09:37:26,91.0,82.0,5.0,4.0
2021-08-05 09:37:27,82.0,76.0,5.0,1.0
2021-08-05 09:37:28,76.0,64.0,6.0,6.0
2021-08-05 09:37:29,90.0,79.0,9.0,2.0
2021-08-05 09:37:30,83.0,74.0,5.0,4.0
2021-08-05 09:37:31,82.0,69.0,6.0,7.0
2021-08-05 09:37:32,77.0,66.0,7.0,4.0
2021-08-05 09:37:33,70.0,64.0,4.0,2.0
2021-08-05 09:37:34,76.0,71.0,3.0,2.0
2021-08-05 09:37:35,80.0,70.0,5.0,5.0
2021-08-05 09:37:36,94.0,78.0,10.0,6.0
2021-08-05 09:37:37,82.0,71.0,7.0,4.0
2021-08-05 09:37:38,90.0,82.0,5.0,3.0
2021-08-05 09:37:39,99.0,86.0,6.0,7.0
2021-08-05 09:37:40,89.0,75.0,8.0,6.0
2021-08-05 09:37:41,95.0,83.0,5.0,7.0
2021-08-05 09:37:42,88.0,77.0,6.0,5.0
2021-08-05 09:37:43,85.0,75.0,6.0,4.0
2021-08-05 09:37:44,95.0,82.0,9.0,4.0
2021-08-05 09:37:45,97.0,88.0,4.0,5.0
2021-08-05 09:37:46,93.0,82.0,7.0,4.0
2021-08-05 09:37:47,94.0,84.0,9.0,1.0
2021-08-05 09:37:48,92.0,84.0,5.0,3.0
2021-08-05 09:37:49,87.0,75.0,5.0,7.0
2021-08-05 09:37:50,84.0,73.0,6.0,5.0
2021-08-05 09:37:51,89.0,79.0,5.0,5.0
2021-08-05 09:37:52,86.0,77.0,6.0,3.0
2021-08-05 09:37:53,81.0,66.0,10.0,5.0
2021-08-05 09:37:54,91.0,85.0,5.0,1.0
2021-08-05 09:37:55,70.0,60.0,6.0,4.0
2021-08-05 09:37:56,75.0,65.0,6.0,4.0
2021-08-05 09:37:57,76.0,68.0,6.0,2.0
2021-08-05 09:37:58,87.0,72.0,7.0,8.0
2021-08-05 09:37:59,80.0,73.0,4.0,3.0
2021-08-05 09:38:00,90.0,78.0,4.0,8.0
2021-08-05 09:38:01,77.0,67.0,8.0,2.0
2021-08-05 09:38:02,82.0,73.0,3.0,6.0
2021-08-05 09:38:03,80.0,69.0,6.0,5.0
2021-08-05 09:38:04,89.0,77.0,9.0,3.0
2021-08-05 09:38:05,65.0,60.0,4.0,1.0
2021-08-05 09:38:06,85.0,77.0,4.0,4.0
2021-08-05 09:38:07,74.0,63.0,7.0,4.0
2021-08-05 09:38:08,83.0,77.0,5.0,1.0
2021-08-05 09:38:09,61.0,55.0,3.0,3.0
2021-08-05 09:38:10,100.0,93.0,4.0,3.0
2021-08-05 09:38:11,83.0,72.0,9.0,2.0
2021-08-05 09:38:12,77.0,68.0,5.0,4.0
2021-08-05 09:38:13,86.0,74.0,6.0,6.0
2021-08-05 09:38:14,73.0,69.0,2.0,2.0
2021-08-05 09:38:15,81.0,72.0,3.0,6.0
2021-08-05 09:38:16,73.0,67.0,2.0,4.0
2021-08-05 09:38:17,107.0,98.0,5.0,4.0
2021-08-05 09:38:18,78.0,71.0,5.0,2.0
2021-08-05 09:38:19,83.0,70.0,5.0,8.0
2021-08-05 09:38:20,87.0,69.0,12.0,6.0
2021-08-05 09:38:21,80.0,69.0,8.0,3.0
2021-08-05 09:38:22,75.0,62.0,9.0,4.0
2021-08-05 09:38:23,93.0,70.0,11.0,12.0
2021-08-05 09:38:24,84.0,73.0,7.0,4.0
2021-08-05 09:38:25,73.0,59.0,9.0,5.0
2021-08-05 09:38:26,78.0,71.0,4.0,3.0
2021-08-05 09:38:27,75.0,68.0,5.0,2.0
2021-08-05 09:38:28,102.0,95.0,4.0,3.0
2021-08-05 09:38:29,102.0,90.0,9.0,3.0
2021-08-05 09:38:30,91.0,84.0,7.0,0.0
2021-08-05 09:38:31,84.0,76.0,5.0,3.0
2021-08-05 09:38:32,76.0,65.0,6.0,5.0
2021-08-05 09:38:33,80.0,76.0,2.0,2.0
2021-08-05 09:38:34,80.0,72.0,4.0,4.0
2021-08-05 09:38:35,84.0,74.0,9.0,1.0
2021-08-05 09:38:36,68.0,56.0,7.0,5.0
2021-08-05 09:38:37,83.0,75.0,6.0,2.0
2021-08-05 09:38:38,87.0,75.0,6.0,6.0
2021-08-05 09:38:39,71.0,61.0,9.0,1.0
2021-08-05 09:38:40,75.0,68.0,3.0,4.0
2021-08-05 09:38:41,94.0,79.0,4.0,11.0
2021-08-05 09:38:42,87.0,79.0,3.0,5.0
2021-08-05 09:38:43,93.0,82.0,6.0,5.0
2021-08-05 09:38:44,94.0,85.0,4.0,5.0
2021-08-05 09:38:45,84.0,71.0,6.0,7.0
2021-08-05 09:38:46,93.0,79.0,8.0,6.0
2021-08-05 09:38:47,81.0,74.0,3.0,4.0
2021-08-05 09:38:48,104.0,89.0,9.0,6.0
2021-08-05 09:38:49,83.0,71.0,9.0,3.0
2021-08-05 09:38:50,92.0,80.0,5.0,7.0
2021-08-05 09:38:51,94.0,79.0,8.0,7.0
2021-08-05 09:38:52,91.0,82.0,6.0,3.0
2021-08-05 09:38:53,96.0,86.0,8.0,2.0
2021-08-05 09:38:54,86.0,79.0,4.0,3.0
2021-08-05 09:38:55,78.0,71.0,3.0,4.0
2021-08-05 09:38:56,92.0,76.0,8.0,8.0
2021-08-05 09:38:57,83.0,68.0,9.0,6.0
2021-08-05 09:38:58,84.0,71.0,9.0,4.0
2021-08-05 09:38:59,74.0,66.0,3.0,5.0
2021-08-05 09:39:00,83.0,75.0,6.0,2.0
2021-08-05 09:39:01,94.0,78.0,10.0,6.0
2021-08-05 09:39:02,80.0,69.0,5.0,6.0
2021-08-05 09:39:03,88.0,74.0,9.0,5.0
2021-08-05 09:39:04,86.0,79.0,5.0,2.0
2021-08-05 09:39:05,69.0,59.0,8.0,2.0
2021-08-05 09:39:06,75.0,71.0,2.0,2.0
2021-08-05 09:39:07,87.0,78.0,5.0,4.0
2021-08-05 09:39:08,92.0,86.0,3.0,3.0
2021-08-05 09:39:09,79.0,72.0,3.0,4.0
2021-08-05 09:39:10,79.0,69.0,8.0,2.0
2021-08-05 09:39:11,92.0,78.0,13.0,1.0
2021-08-05 09:39:12,94.0,80.0,9.0,5.0
2021-08-05 09:39:13,84.0,73.0,7.0,4.0
2021-08-05 09:39:14,75.0,70.0,4.0,1.0
2021-08-05 09:39:15,93.0,80.0,8.0,5.0
2021-08-05 09:39:16,85.0,72.0,8.0,5.0
2021-08-05 09:39:17,80.0,70.0,7.0,3.0
2021-08-05 09:39:18,91.0,78.0,6.0,7.0
2021-08-05 09:39:19,100.0,80.0,9.0,11.0
2021-08-05 09:39:20,93.0,76.0,10.0,7.0
2021-08-05 09:39:21,86.0,78.0,4.0,4.0
2021-08-05 09:39:22,80.0,69.0,4.0,7.0
2021-08-05 09:39:23,66.0,61.0,2.0,3.0
2021-08-05 09:39:24,90.0,81.0,6.0,3.0
2021-08-05 09:39:25,78.0,75.0,2.0,1.0
2021-08-05 09:39:26,74.0,64.0,7.0,3.0
2021-08-05 09:39:27,90.0,80.0,5.0,5.0
2021-08-05 09:39:28,92.0,81.0,9.0,2.0
2021-08-05 09:39:29,97.0,86.0,8.0,3.0
2021-08-05 09:39:30,84.0,76.0,6.0,2.0
2021-08-05 09:39:31,78.0,70.0,6.0,2.0
2021-08-05 09:39:32,85.0,73.0,6.0,6.0
2021-08-05 09:39:33,73.0,65.0,5.0,3.0
2021-08-05 09:39:34,103.0,87.0,9.0,7.0
2021-08-05 09:39:35,82.0,73.0,4.0,5.0
2021-08-05 09:39:36,91.0,82.0,5.0,4.0
2021-08-05 09:39:37,83.0,68.0,9.0,6.0
2021-08-05 09:39:38,72.0,63.0,3.0,6.0
2021-08-05 09:39:39,92.0,75.0,14.0,3.0
2021-08-05 09:39:40,90.0,84.0,4.0,2.0
2021-08-05 09:39:41,93.0,84.0,6.0,3.0
2021-08-05 09:39:42,89.0,76.0,6.0,7.0
2021-08-05 09:39:43,88.0,79.0,3.0,6.0
2021-08-05 09:39:44,77.0,66.0,6.0,5.0
2021-08-05 09:39:45,91.0,81.0,0.0,10.0
2021-08-05 09:39:46,71.0,65.0,5.0,1.0
2021-08-05 09:39:47,86.0,75.0,6.0,5.0
2021-08-05 09:39:48,79.0,68.0,4.0,7.0
2021-08-05 09:39:49,75.0,68.0,5.0,2.0
2021-08-05 09:39:50,83.0,74.0,6.0,3.0
2021-08-05 09:39:51,84.0,74.0,8.0,2.0
2021-08-05 09:39:52,80.0,65.0,10.0,5.0
2021-08-05 09:39:53,82.0,73.0,6.0,3.0
2021-08-05 09:39:54,85.0,72.0,8.0,5.0
2021-08-05 09:39:55,69.0,61.0,5.0,3.0
2021-08-05 09:39:56,100.0,83.0,11.0,6.0
2021-08-05 09:39:57,93.0,80.0,10.0,3.0
2021-08-05 09:39:58,81.0,75.0,5.0,1.0
2021-08-05 09:39:59,63.0,54.0,4.0,5.0
2021-08-05 09:40:00,95.0,88.0,1.0,6.0
2021-08-05 09:40:01,63.0,50.0,7.0,6.0
2021-08-05 09:40:02,76.0,61.0,8.0,7.0
2021-08-05 09:40:03,90.0,81.0,6.0,3.0
2021-08-05 09:40:04,80.0,71.0,5.0,4.0
2021-08-05 09:40:05,79.0,72.0,3.0,4.0
2021-08-05 09:40:06,90.0,81.0,8.0,1.0
2021-08-05 09:40:07,77.0,64.0,8.0,5.0
2021-08-05 09:40:08,87.0,75.0,8.0,4.0
2021-08-05 09:40:09,71.0,64.0,5.0,2.0
2021-08-05 09:40:10,88.0,84.0,2.0,2.0
2021-08-05 09:40:11,89.0,80.0,6.0,3.0
2021-08-05 09:40:12,73.0,63.0,5.0,5.0
2021-08-05 09:40:13,65.0,57.0,5.0,3.0
2021-08-05 09:40:14,89.0,82.0,4.0,3.0
2021-08-05 09:40:15,87.0,78.0,4.0,5.0
2021-08-05 09:40:16,87.0,83.0,3.0,1.0
2021-08-05 09:40:17,85.0,78.0,3.0,4.0
2021-08-05 09:40:18,93.0,81.0,10.0,2.0
2021-08-05 09:40:19,91.0,83.0,3.0,5.0
2021-08-05 09:40:20,86.0,75.0,7.0,4.0
2021-08-05 09:40:21,83.0,72.0,8.0,3.0
2021-08-05 09:40:22,89.0,72.0,8.0,9.0
2021-08-05 09:40:23,79.0,72.0,1.0,6.0
2021-08-05 09:40:24,83.0,72.0,8.0,3.0
2021-08-05 09:40:25,82.0,72.0,6.0,4.0
2021-08-05 09:40:26,75.0,66.0,6.0,3.0
2021-08-05 09:40:27,71.0,65.0,4.0,2.0
2021-08-05 09:40:28,77.0,67.0,5.0,5.0
2021-08-05 09:40:29,101.0,88.0,8.0,5.0
2021-08-05 09:40:30,105.0,83.0,11.0,11.0
2021-08-05 09:40:31,85.0,75.0,4.0,6.0
2021-08-05 09:40:32,88.0,78.0,6.0,4.0
2021-08-05 09:40:33,66.0,55.0,8.0,3.0
2021-08-05 09:40:34,77.0,66.0,7.0,4.0
2021-08-05 09:40:35,106.0,91.0,9.0,6.0
2021-08-05 09:40:36,72.0,65.0,7.0,0.0
2021-08-05 09:40:37,78.0,68.0,7.0,3.0
2021-08-05 09:40:38,108.0,99.0,8.0,1.0
2021-08-05 09:40:39,86.0,69.0,6.0,11.0
2021-08-05 09:40:40,92.0,76.0,12.0,4.0
2021-08-05 09:40:41,76.0,60.0,9.0,7.0
2021-08-05 09:40:42,86.0,78.0,6.0,2.0
2021-08-05 09:40:43,88.0,73.0,11.0,4.0
2021-08-05 09:40:44,69.0,62.0,4.0,3.0
2021-08-05 09:40:45,81.0,72.0,3.0,6.0
2021-08-05 09:40:46,82.0,67.0,9.0,6.0
2021-08-05 09:40:47,79.0,69.0,7.0,3.0
2021-08-05 09:40:48,89.0,79.0,6.0,4.0
2021-08-05 09:40:49,89.0,78.0,8.0,3.0
2021-08-05 09:40:50,76.0,65.0,8.0,3.0
2021-08-05 09:40:51,86.0,76.0,6.0,4.0
2021-08-05 09:40:52,70.0,59.0,4.0,7.0
2021-08-05 09:40:53,88.0,75.0,7.0,6.0
2021-08-05 09:40:54,79.0,71.0,4.0,4.0
2021-08-05 09:40:55,96.0,84.0,5.0,7.0
2021-08-05 09:40:56,104.0,90.0,11.0,3.0
2021-08-05 09:40:57,96.0,85.0,6.0,5.0
2021-08-05 09:40:58,87.0,77.0,6.0,4.0
2021-08-05 09:40:59,100.0,88.0,10.0,2.0
2021-08-05 09:41:00,103.0,94.0,7.0,2.0
2021-08-05 09:41:01,66.0,57.0,4.0,5.0
2021-08-05 09:41:02,79.0,73.0,4.0,2.0
2021-08-05 09:41:03,88.0,77.0,8.0,3.0
2021-08-05 09:41:04,76.0,69.0,5.0,2.0
2021-08-05 09:41:05,88.0,76.0,9.0,3.0
2021-08-05 09:41:06,89.0,76.0,6.0,7.0
2021-08-05 09:41:07,73.0,60.0,9.0,4.0
2021-08-05 09:41:08,91.0,77.0,10.0,4.0
2021-08-05 09:41:09,72.0,66.0,2.0,4.0
2021-08-05 09:41:10,84.0,68.0,9.0,7.0
2021-08-05 09:41:11,87.0,76.0,6.0,5.0
2021-08-05 09:41:12,86.0,73.0,7.0,6.0
2021-08-05 09:41:13,82.0,79.0,3.0,0.0
2021-08-05 09:41:14,73.0,57.0,8.0,8.0
2021-08-05 09:41:15,82.0,75.0,6.0,1.0
2021-08-05 09:41:16,93.0,81.0,8.0,4.0
2021-08-05 09:41:17,82.0,70.0,8.0,4.0
2021-08-05 09:41:18,86.0,81.0,5.0,0.0
2021-08-05 09:41:19,98.0,88.0,8.0,2.0
2021-08-05 09:41:20,69.0,59.0,5.0,5.0
2021-08-05 09:41:21,88.0,79.0,5.0,4.0
2021-08-05 09:41:22,75.0,66.0,6.0,3.0
2021-08-05 09:41:23,92.0,79.0,9.0,4.0
2021-08-05 09:41:24,86.0,78.0,6.0,2.0
2021-08-05 09:41:25,88.0,75.0,5.0,8.0
2021-08-05 09:41:26,78.0,70.0,4.0,4.0
2021-08-05 09:41:27,80.0,66.0,7.0,7.0
2021-08-05 09:41:28,96.0,85.0,7.0,4.0
2021-08-05 09:41:29,80.0,70.0,8.0,2.0
2021-08-05 09:41:30,84.0,79.0,3.0,2.0
2021-08-05 09:41:31,99.0,88.0,6.0,5.0
2021-08-05 09:41:32,83.0,77.0,3.0,3.0
2021-08-05 09:41:33,73.0,59.0,8.0,6.0
2021-08-05 09:41:34,80.0,70.0,6.0,4.0
2021-08-05 09:41:35,76.0,70.0,3.0,3.0
2021-08-05 09:41:36,80.0,69.0,5.0,6.0
2021-08-05 09:41:37,86.0,75.0,7.0,4.0
2021-08-05 09:41:38,86.0,74.0,9.0,3.0
2021-08-05 09:41:39,96.0,83.0,5.0,8.0
2021-08-05 09:41:40,94.0,80.0,12.0,2.0
2021-08-05 09:41:41,84.0,73.0,6.0,5.0
2021-08-05 09:41:42,87.0,72.0,10.0,5.0
2021-08-05 09:41:43,86.0,77.0,6.0,3.0
2021-08-05 09:41:44,91.0,78.0,10.0,3.0
2021-08-05 09:41:45,87.0,72.0,12.0,3.0
2021-08-05 09:41:46,86.0,78.0,5.0,3.0
2021-08-05 09:41:47,91.0,82.0,6.0,3.0
2021-08-05 09:41:48,79.0,65.0,10.0,4.0
2021-08-05 09:41:49,98.0,83.0,9.0,6.0
2021-08-05 09:41:50,86.0,73.0,9.0,4.0
2021-08-05 09:41:51,79.0,71.0,6.0,2.0
2021-08-05 09:41:52,97.0,87.0,5.0,5.0
2021-08-05 09:41:53,86.0,75.0,7.0,4.0
2021-08-05 09:41:54,91.0,80.0,6.0,5.0
2021-08-05 09:41:55,101.0,88.0,10.0,3.0
2021-08-05 09:41:56,81.0,69.0,5.0,7.0
2021-08-05 09:41:57,85.0,76.0,4.0,5.0
2021-08-05 09:41:58,77.0,63.0,9.0,5.0
2021-08-05 09:41:59,111.0,96.0,11.0,4.0
2021-08-05 09:42:00,77.0,69.0,4.0,4.0
2021-08-05 09:42:01,90.0,80.0,5.0,5.0
2021-08-05 09:42:02,88.0,74.0,10.0,4.0
2021-08-05 09:42:03,80.0,60.0,12.0,8.0
2021-08-05 09:42:04,74.0,67.0,3.0,4.0
2021-08-05 09:42:05,90.0,71.0,10.0,9.0
2021-08-05 09:42:06,76.0,65.0,7.0,4.0
2021-08-05 09:42:07,78.0,69.0,7.0,2.0
2021-08-05 09:42:08,84.0,69.0,11.0,4.0
2021-08-05 09:42:09,80.0,69.0,4.0,7.0
2021-08-05 09:42:10,93.0,81.0,7.0,5.0
2021-08-05 09:42:11,68.0,61.0,4.0,3.0
2021-08-05 09:42:12,92.0,85.0,2.0,5.0
2021-08-05 09:42:13,74.0,69.0,3.0,2.0
2021-08-05 09:42:14,89.0,77.0,6.0,6.0
2021-08-05 09:42:15,96.0,83.0,9.0,4.0
2021-08-05 09:42:16,68.0,63.0,4.0,1.0
2021-08-05 09:42:17,77.0,69.0,4.0,4.0
2021-08-05 09:42:18,84.0,71.0,6.0,7.0
2021-08-05 09:42:19,113.0,89.0,14.0,10.0
2021-08-05 09:42:20,75.0,66.0,7.0,2.0
2021-08-05 09:42:21,104.0,85.0,13.0,6.0
2021-08-05 09:42:22,103.0,87.0,7.0,9.0
2021-08-05 09:42:23,102.0,85.0,10.0,7.0
2021-08-05 09:42:24,88.0,81.0,4.0,3.0
2021-08-05 09:42:25,80.0,74.0,5.0,1.0
2021-08-05 09:42:26,84.0,75.0,4.0,5.0
2021-08-05 09:42:27,95.0,85.0,7.0,3.0
2021-08-05 09:42:28,92.0,78.0,9.0,5.0
2021-08-05 09:42:29,89.0,75.0,7.0,7.0
2021-08-05 09:42:30,90.0,81.0,7.0,2.0
2021-08-05 09:42:31,80.0,65.0,7.0,8.0
2021-08-05 09:42:32,77.0,66.0,5.0,6.0
2021-08-05 09:42:33,90.0,78.0,9.0,3.0
2021-08-05 09:42:34,79.0,74.0,4.0,1.0
2021-08-05 09:42:35,102.0,91.0,8.0,3.0
2021-08-05 09:42:36,100.0,84.0,8.0,8.0
2021-08-05 09:42:37,90.0,80.0,6.0,4.0
2021-08-05 09:42:38,79.0,67.0,6.0,6.0
2021-08-05 09:42:39,88.0,77.0,7.0,4.0
2021-08-05 09:42:40,79.0,69.0,6.0,4.0
2021-08-05 09:42:41,79.0,70.0,7.0,2.0
2021-08-05 09:42:42,81.0,73.0,3.0,5.0
2021-08-05 09:42:43,84.0,76.0,2.0,6.0
2021-08-05 09:42:44,67.0,56.0,3.0,8.0
2021-08-05 09:42:45,90.0,79.0,6.0,5.0
2021-08-05 09:42:46,92.0,81.0,8.0,3.0
2021-08-05 09:42:47,87.0,79.0,4.0,4.0
2021-08-05 09:42:48,73.0,68.0,3.0,2.0
2021-08-05 09:42:49,78.0,69.0,7.0,2.0
2021-08-05 09:42:50,83.0,69.0,9.0,5.0
2021-08-05 09:42:51,81.0,74.0,4.0,3.0
2021-08-05 09:42:52,87.0,81.0,2.0,4.0
2021-08-05 09:42:53,94.0,81.0,3.0,10.0
2021-08-05 09:42:54,82.0,74.0,6.0,2.0
2021-08-05 09:42:55,91.0,81.0,5.0,5.0
2021-08-05 09:42:56,98.0,88.0,6.0,4.0
2021-08-05 09:42:57,93.0,83.0,7.0,3.0
2021-08-05 09:42:58,90.0,74.0,10.0,6.0
2021-08-05 09:42:59,103.0,89.0,8.0,6.0
2021-08-05 09:43:00,84.0,70.0,7.0,7.0
2021-08-05 09:43:01,85.0,77.0,6.0,2.0
2021-08-05 09:43:02,87.0,77.0,5.0,5.0
2021-08-05 09:43:03,93.0,72.0,15.0,6.0
2021-08-05 09:43:04,84.0,71.0,7.0,6.0
2021-08-05 09:43:05,75.0,67.0,7.0,1.0
2021-08-05 09:43:06,96.0,84.0,4.0,8.0
2021-08-05 09:43:07,87.0,80.0,6.0,1.0
2021-08-05 09:43:08,83.0,70.0,11.0,2.0
2021-08-05 09:43:09,80.0,71.0,4.0,5.0
2021-08-05 09:43:10,73.0,61.0,5.0,7.0
2021-08-05 09:43:11,102.0,84.0,10.0,8.0
2021-08-05 09:43:12,98.0,88.0,8.0,2.0
2021-08-05 09:43:13,103.0,84.0,11.0,8.0
2021-08-05 09:43:14,105.0,95.0,8.0,2.0
2021-08-05 09:43:15,96.0,81.0,8.0,7.0
2021-08-05 09:43:16,84.0,74.0,7.0,3.0
2021-08-05 09:43:17,83.0,72.0,5.0,6.0
2021-08-05 09:43:18,100.0,91.0,7.0,2.0
2021-08-05 09:43:19,74.0,66.0,7.0,1.0
2021-08-05 09:43:20,96.0,78.0,10.0,8.0
2021-08-05 09:43:21,79.0,66.0,4.0,9.0
2021-08-05 09:43:22,102.0,86.0,13.0,3.0
2021-08-05 09:43:23,110.0,102.0,5.0,3.0
2021-08-05 09:43:24,87.0,75.0,9.0,3.0
2021-08-05 09:43:25,89.0,78.0,8.0,3.0
2021-08-05 09:43:26,85.0,74.0,6.0,5.0
2021-08-05 09:43:27,91.0,66.0,17.0,8.0
2021-08-05 09:43:28,87.0,72.0,10.0,5.0
2021-08-05 09:43:29,88.0,83.0,2.0,3.0
2021-08-05 09:43:30,86.0,78.0,6.0,2.0
2021-08-05 09:43:31,104.0,92.0,9.0,3.0
2021-08-05 09:43:32,98.0,88.0,9.0,1.0
2021-08-05 09:43:33,88.0,75.0,9.0,4.0
2021-08-05 09:43:34,88.0,72.0,10.0,6.0
2021-08-05 09:43:35,67.0,56.0,9.0,2.0
2021-08-05 09:43:36,82.0,79.0,2.0,1.0
2021-08-05 09:43:37,85.0,71.0,7.0,7.0
2021-08-05 09:43:38,67.0,54.0,8.0,5.0
2021-08-05 09:43:39,102.0,81.0,13.0,8.0
2021-08-05 09:43:40,94.0,77.0,10.0,7.0
2021-08-05 09:43:41,89.0,80.0,3.0,6.0
2021-08-05 09:43:42,89.0,79.0,8.0,2.0
2021-08-05 09:43:43,91.0,79.0,7.0,5.0
2021-08-05 09:43:44,90.0,81.0,7.0,2.0
2021-08-05 09:43:45,83.0,71.0,10.0,2.0
2021-08-05 09:43:46,104.0,91.0,8.0,5.0
2021-08-05 09:43:47,93.0,86.0,5.0,2.0
2021-08-05 09:43:48,78.0,67.0,8.0,3.0
2021-08-05 09:43:49,85.0,75.0,7.0,3.0
2021-08-05 09:43:50,78.0,72.0,5.0,1.0
2021-08-05 09:43:51,60.0,52.0,3.0,5.0
2021-08-05 09:43:52,80.0,73.0,7.0,0.0
2021-08-05 09:43:53,84.0,72.0,9.0,3.0
2021-08-05 09:43:54,81.0,70.0,8.0,3.0
2021-08-05 09:43:55,85.0,78.0,4.0,3.0
2021-08-05 09:43:56,76.0,65.0,7.0,4.0
2021-08-05 09:43:57,80.0,74.0,1.0,5.0
2021-08-05 09:43:58,94.0,82.0,3.0,9.0
2021-08-05 09:43:59,85.0,79.0,3.0,3.0
2021-08-05 09:44:00,78.0,66.0,7.0,5.0
2021-08-05 09:44:01,84.0,77.0,3.0,4.0
2021-08-05 09:44:02,84.0,72.0,7.0,5.0
2021-08-05 09:44:03,85.0,74.0,8.0,3.0
2021-08-05 09:44:04,98.0,86.0,9.0,3.0
2021-08-05 09:44:05,75.0,69.0,4.0,2.0
2021-08-05 09:44:06,82.0,74.0,3.0,5.0
2021-08-05 09:44:07,60.0,51.0,3.0,6.0
2021-08-05 09:44:08,83.0,69.0,9.0,5.0
2021-08-05 09:44:09,94.0,84.0,5.0,5.0
2021-08-05 09:44:10,99.0,85.0,5.0,9.0
2021-08-05 09:44:11,79.0,72.0,4.0,3.0
2021-08-05 09:44:12,84.0,72.0,7.0,5.0
2021-08-05 09:44:13,79.0,74.0,3.0,2.0
2021-08-05 09:44:14,80.0,71.0,6.0,3.0
2021-08-05 09:44:15,78.0,65.0,6.0,7.0
2021-08-05 09:44:16,81.0,65.0,12.0,4.0
2021-08-05 09:44:17,87.0,77.0,7.0,3.0
2021-08-05 09:44:18,93.0,84.0,5.0,4.0
2021-08-05 09:44:19,83.0,76.0,5.0,2.0
2021-08-05 09:44:20,95.0,80.0,11.0,4.0
2021-08-05 09:44:21,95.0,86.0,6.0,3.0
2021-08-05 09:44:22,95.0,85.0,7.0,3.0
2021-08-05 09:44:23,86.0,78.0,6.0,2.0
2021-08-05 09:44:24,85.0,75.0,8.0,2.0
2021-08-05 09:44:25,95.0,81.0,8.0,6.0
2021-08-05 09:44:26,92.0,79.0,7.0,6.0
2021-08-05 09:44:27,83.0,72.0,7.0,4.0
2021-08-05 09:44:28,91.0,80.0,6.0,5.0
2021-08-05 09:44:29,71.0,62.0,6.0,3.0
2021-08-05 09:44:30,82.0,65.0,8.0,9.0
2021-08-05 09:44:31,82.0,73.0,7.0,2.0
2021-08-05 09:44:32,82.0,69.0,9.0,4.0
2021-08-05 09:44:33,91.0,77.0,8.0,6.0
2021-08-05 09:44:34,113.0,105.0,5.0,3.0
2021-08-05 09:44:35,74.0,64.0,6.0,4.0
2021-08-05 09:44:36,62.0,54.0,4.0,4.0
2021-08-05 09:44:37,93.0,80.0,10.0,3.0
2021-08-05 09:44:38,77.0,71.0,3.0,3.0
2021-08-05 09:44:39,88.0,79.0,3.0,6.0
2021-08-05 09:44:40,83.0,74.0,5.0,4.0
2021-08-05 09:44:41,94.0,80.0,8.0,6.0
2021-08-05 09:44:42,80.0,68.0,9.0,3.0
2021-08-05 09:44:43,79.0,68.0,6.0,5.0
2021-08-05 09:44:44,71.0,58.0,8.0,5.0
2021-08-05 09:44:45,76.0,69.0,6.0,1.0
2021-08-05 09:44:46,82.0,68.0,7.0,7.0
2021-08-05 09:44:47,94.0,84.0,4.0,6.0
2021-08-05 09:44:48,73.0,65.0,5.0,3.0
2021-08-05 09:44:49,84.0,71.0,8.0,5.0
2021-08-05 09:44:50,87.0,80.0,6.0,1.0
2021-08-05 09:44:51,80.0,71.0,6.0,3.0
2021-08-05 09:44:52,89.0,79.0,5.0,5.0
2021-08-05 09:44:53,85.0,74.0,5.0,6.0
2021-08-05 09:44:54,81.0,76.0,2.0,3.0
2021-08-05 09:44:55,93.0,85.0,6.0,2.0
2021-08-05 09:44:56,93.0,88.0,3.0,2.0
2021-08-05 09:44:57,85.0,71.0,9.0,5.0
2021-08-05 09:44:58,85.0,74.0,10.0,1.0
2021-08-05 09:44:59,69.0,59.0,5.0,5.0
2021-08-05 09:45:00,90.0,85.0,1.0,4.0
2021-08-05 09:45:01,78.0,70.0,4.0,4.0
2021-08-05 09:45:02,85.0,71.0,8.0,6.0
2021-08-05 09:45:03,86.0,77.0,5.0,4.0
2021-08-05 09:45:04,80.0,67.0,8.0,5.0
2021-08-05 09:45:05,99.0,88.0,7.0,4.0
2021-08-05 09:45:06,90.0,77.0,8.0,5.0
2021-08-05 09:45:07,88.0,80.0,6.0,2.0
2021-08-05 09:45:08,80.0,67.0,6.0,7.0
2021-08-05 09:45:09,67.0,61.0,4.0,2.0
2021-08-05 09:45:10,91.0,75.0,7.0,9.0
2021-08-05 09:45:11,65.0,57.0,5.0,3.0
2021-08-05 09:45:12,99.0,91.0,4.0,4.0
2021-08-05 09:45:13,86.0,77.0,4.0,5.0
2021-08-05 09:45:14,87.0,77.0,9.0,1.0
2021-08-05 09:45:15,89.0,77.0,5.0,7.0
2021-08-05 09:45:16,98.0,93.0,2.0,3.0
2021-08-05 09:45:17,95.0,76.0,13.0,6.0
2021-08-05 09:45:18,74.0,63.0,4.0,7.0
2021-08-05 09:45:19,82.0,69.0,8.0,5.0
2021-08-05 09:45:20,86.0,79.0,5.0,2.0
2021-08-05 09:45:21,77.0,61.0,12.0,4.0
2021-08-05 09:45:22,104.0,86.0,15.0,3.0
2021-08-05 09:45:23,77.0,69.0,3.0,5.0
2021-08-05 09:45:24,85.0,76.0,6.0,3.0
2021-08-05 09:45:25,89.0,74.0,9.0,6.0
2021-08-05 09:45:26,95.0,81.0,11.0,3.0
2021-08-05 09:45:27,91.0,85.0,4.0,2.0
2021-08-05 09:45:28,98.0,83.0,8.0,7.0
2021-08-05 09:45:29,82.0,72.0,6.0,4.0
2021-08-05 09:45:30,84.0,69.0,13.0,2.0
2021-08-05 09:45:31,102.0,92.0,7.0,3.0
2021-08-05 09:45:32,80.0,71.0,5.0,4.0
2021-08-05 09:45:33,82.0,70.0,6.0,6.0
2021-08-05 09:45:34,75.0,66.0,5.0,4.0
2021-08-05 09:45:35,99.0,89.0,5.0,5.0
2021-08-05 09:45:36,97.0,82.0,6.0,9.0
2021-08-05 09:45:37,67.0,58.0,3.0,6.0
2021-08-05 09:45:38,74.0,65.0,5.0,4.0
2021-08-05 09:45:39,80.0,72.0,5.0,3.0
2021-08-05 09:45:40,91.0,84.0,4.0,3.0
2021-08-05 09:45:41,92.0,82.0,5.0,5.0
2021-08-05 09:45:42,90.0,79.0,8.0,3.0
2021-08-05 09:45:43,60.0,52.0,5.0,3.0
2021-08-05 09:45:44,90.0,76.0,7.0,7.0
2021-08-05 09:45:45,88.0,79.0,3.0,6.0
2021-08-05 09:45:46,93.0,84.0,8.0,1.0
2021-08-05 09:45:47,81.0,68.0,8.0,5.0
2021-08-05 09:45:48,78.0,66.0,5.0,7.0
2021-08-05 09:45:49,103.0,86.0,14.0,3.0
2021-08-05 09:45:50,76.0,67.0,3.0,6.0
2021-08-05 09:45:51,91.0,80.0,7.0,4.0
2021-08-05 09:45:52,84.0,74.0,7.0,3.0
2021-08-05 09:45:53,90.0,81.0,6.0,3.0
2021-08-05 09:45:54,94.0,85.0,5.0,4.0
2021-08-05 09:45:55,101.0,87.0,7.0,7.0
2021-08-05 09:45:56,80.0,75.0,5.0,0.0
2021-08-05 09:45:57,85.0,68.0,9.0,8.0
2021-08-05 09:45:58,94.0,88.0,3.0,3.0
2021-08-05 09:45:59,78.0,72.0,4.0,2.0
2021-08-05 09:46:00,75.0,67.0,3.0,5.0
2021-08-05 09:46:01,77.0,65.0,9.0,3.0
2021-08-05 09:46:02,92.0,79.0,7.0,6.0
2021-08-05 09:46:03,90.0,78.0,7.0,5.0
2021-08-05 09:46:04,100.0,94.0,2.0,4.0
2021-08-05 09:46:05,70.0,65.0,4.0,1.0
2021-08-05 09:46:06,94.0,78.0,9.0,7.0
2021-08-05 09:46:07,96.0,83.0,9.0,4.0
2021-08-05 09:46:08,74.0,65.0,8.0,1.0
2021-08-05 09:46:09,91.0,73.0,11.0,7.0
2021-08-05 09:46:10,88.0,74.0,8.0,6.0
2021-08-05 09:46:11,92.0,82.0,4.0,6.0
2021-08-05 09:46:12,83.0,72.0,6.0,5.0
2021-08-05 09:46:13,73.0,65.0,3.0,5.0
2021-08-05 09:46:14,83.0,71.0,9.0,3.0
2021-08-05 09:46:15,78.0,66.0,9.0,3.0
2021-08-05 09:46:16,98.0,87.0,9.0,2.0
2021-08-05 09:46:17,75.0,65.0,8.0,2.0
2021-08-05 09:46:18,85.0,79.0,2.0,4.0
2021-08-05 09:46:19,83.0,69.0,9.0,5.0
2021-08-05 09:46:20,78.0,69.0,6.0,3.0
2021-08-05 09:46:21,98.0,86.0,7.0,5.0
2021-08-05 09:46:22,96.0,91.0,4.0,1.0
2021-08-05 09:46:23,82.0,77.0,2.0,3.0
2021-08-05 09:46:24,80.0,68.0,8.0,4.0
2021-08-05 09:46:25,82.0,66.0,13.0,3.0
2021-08-05 09:46:26,78.0,69.0,8.0,1.0
2021-08-05 09:46:27,79.0,73.0,4.0,2.0
2021-08-05 09:46:28,87.0,72.0,8.0,7.0
2021-08-05 09:46:29,81.0,71.0,4.0,6.0
2021-08-05 09:46:30,106.0,87.0,14.0,5.0
2021-08-05 09:46:31,80.0,70.0,4.0,6.0
2021-08-05 09:46:32,92.0,81.0,7.0,4.0
2021-08-05 09:46:33,95.0,86.0,4.0,5.0
2021-08-05 09:46:34,81.0,74.0,3.0,4.0
2021-08-05 09:46:35,86.0,75.0,6.0,5.0
2021-08-05 09:46:36,81.0,74.0,3.0,4.0
2021-08-05 09:46:37,82.0,72.0,6.0,4.0
2021-08-05 09:46:38,72.0,55.0,13.0,4.0
2021-08-05 09:46:39,67.0,59.0,5.0,3.0
2021-08-05 09:46:40,93.0,81.0,7.0,5.0
2021-08-05 09:46:41,96.0,87.0,8.0,1.0
2021-08-05 09:46:42,82.0,68.0,8.0,6.0
2021-08-05 09:46:43,92.0,79.0,7.0,6.0
2021-08-05 09:46:44,98.0,84.0,10.0,4.0
2021-08-05 09:46:45,81.0,73.0,4.0,4.0
2021-08-05 09:46:46,80.0,71.0,8.0,1.0
2021-08-05 09:46:47,88.0,73.0,12.0,3.0
2021-08-05 09:46:48,90.0,77.0,8.0,5.0
2021-08-05 09:46:49,89.0,77.0,9.0,3.0
2021-08-05 09:46:50,68.0,62.0,3.0,3.0
2021-08-05 09:46:51,83.0,74.0,4.0,5.0
2021-08-05 09:46:52,74.0,66.0,4.0,4.0
2021-08-05 09:46:53,79.0,70.0,7.0,2.0
2021-08-05 09:46:54,70.0,60.0,5.0,5.0
2021-08-05 09:46:55,84.0,70.0,6.0,8.0
2021-08-05 09:46:56,77.0,71.0,2.0,4.0
2021-08-05 09:46:57,84.0,77.0,5.0,2.0
2021-08-05 09:46:58,89.0,82.0,4.0,3.0
2021-08-05 09:46:59,85.0,75.0,2.0,8.0
2021-08-05 09:47:00,84.0,74.0,6.0,4.0
2021-08-05 09:47:01,81.0,68.0,6.0,7.0
2021-08-05 09:47:02,95.0,78.0,9.0,8.0
2021-08-05 09:47:03,81.0,72.0,7.0,2.0
2021-08-05 09:47:04,78.0,70.0,2.0,6.0
2021-08-05 09:47:05,90.0,83.0,5.0,2.0
2021-08-05 09:47:06,97.0,89.0,4.0,4.0
2021-08-05 09:47:07,84.0,77.0,2.0,5.0
2021-08-05 09:47:08,69.0,61.0,6.0,2.0
2021-08-05 09:47:09,88.0,79.0,4.0,5.0
2021-08-05 09:47:10,85.0,74.0,8.0,3.0
2021-08-05 09:47:11,73.0,68.0,4.0,1.0
2021-08-05 09:47:12,84.0,78.0,4.0,2.0
2021-08-05 09:47:13,95.0,84.0,8.0,3.0
2021-08-05 09:47:14,95.0,78.0,10.0,7.0
2021-08-05 09:47:15,79.0,66.0,8.0,5.0
2021-08-05 09:47:16,64.0,58.0,4.0,2.0
2021-08-05 09:47:17,84.0,80.0,3.0,1.0
2021-08-05 09:47:18,86.0,74.0,8.0,4.0
2021-08-05 09:47:19,83.0,78.0,3.0,2.0
2021-08-05 09:47:20,73.0,65.0,4.0,4.0
2021-08-05 09:47:21,82.0,68.0,6.0,8.0
2021-08-05 09:47:22,68.0,62.0,3.0,3.0
2021-08-05 09:47:23,90.0,80.0,6.0,4.0
2021-08-05 09:47:24,110.0,97.0,4.0,9.0
2021-08-05 09:47:25,78.0,70.0,4.0,4.0
2021-08-05 09:47:26,75.0,62.0,8.0,5.0
2021-08-05 09:47:27,80.0,72.0,4.0,4.0
2021-08-05 09:47:28,78.0,71.0,4.0,3.0
2021-08-05 09:47:29,83.0,73.0,6.0,4.0
2021-08-05 09:47:30,81.0,69.0,7.0,5.0
2021-08-05 09:47:31,70.0,61.0,5.0,4.0
2021-08-05 09:47:32,95.0,80.0,9.0,6.0
2021-08-05 09:47:33,77.0,63.0,12.0,2.0
2021-08-05 09:47:34,94.0,79.0,8.0,7.0
2021-08-05 09:47:35,79.0,67.0,7.0,5.0
2021-08-05 09:47:36,93.0,81.0,7.0,5.0
2021-08-05 09:47:37,88.0,76.0,7.0,5.0
2021-08-05 09:47:38,82.0,77.0,5.0,0.0
2021-08-05 09:47:39,77.0,69.0,5.0,3.0
2021-08-05 09:47:40,83.0,71.0,7.0,5.0
2021-08-05 09:47:41,91.0,82.0,4.0,5.0
2021-08-05 09:47:42,105.0,85.0,12.0,8.0
2021-08-05 09:47:43,75.0,64.0,6.0,5.0
2021-08-05 09:47:44,76.0,71.0,1.0,4.0
2021-08-05 09:47:45,96.0,83.0,8.0,5.0
2021-08-05 09:47:46,80.0,69.0,7.0,4.0
2021-08-05 09:47:47,91.0,75.0,8.0,8.0
2021-08-05 09:47:48,86.0,75.0,7.0,4.0
2021-08-05 09:47:49,90.0,81.0,6.0,3.0
2021-08-05 09:47:50,88.0,73.0,12.0,3.0
2021-08-05 09:47:51,61.0,52.0,5.0,4.0
2021-08-05 09:47:52,99.0,85.0,6.0,8.0
2021-08-05 09:47:53,79.0,71.0,8.0,0.0
2021-08-05 09:47:54,94.0,79.0,9.0,6.0
2021-08-05 09:47:55,85.0,77.0,6.0,2.0
2021-08-05 09:47:56,83.0,76.0,4.0,3.0
2021-08-05 09:47:57,86.0,78.0,2.0,6.0
2021-08-05 09:47:58,74.0,60.0,7.0,7.0
2021-08-05 09:47:59,85.0,76.0,4.0,5.0
2021-08-05 09:48:00,85.0,70.0,9.0,6.0
2021-08-05 09:48:01,90.0,82.0,4.0,4.0
2021-08-05 09:48:02,79.0,69.0,5.0,5.0
2021-08-05 09:48:03,89.0,76.0,9.0,4.0
2021-08-05 09:48:04,89.0,79.0,8.0,2.0
2021-08-05 09:48:05,90.0,78.0,5.0,7.0
2021-08-05 09:48:06,86.0,77.0,5.0,4.0
2021-08-05 09:48:07,83.0,73.0,5.0,5.0
2021-08-05 09:48:08,99.0,86.0,9.0,4.0
2021-08-05 09:48:09,80.0,72.0,4.0,4.0
2021-08-05 09:48:10,76.0,72.0,3.0,1.0
2021-08-05 09:48:11,82.0,70.0,4.0,8.0
2021-08-05 09:48:12,89.0,80.0,4.0,5.0
2021-08-05 09:48:13,94.0,88.0,5.0,1.0
2021-08-05 09:48:14,84.0,79.0,4.0,1.0
2021-08-05 09:48:15,97.0,82.0,6.0,9.0
2021-08-05 09:48:16,82.0,73.0,7.0,2.0
2021-08-05 09:48:17,87.0,73.0,11.0,3.0
2021-08-05 09:48:18,87.0,74.0,7.0,6.0
2021-08-05 09:48:19,64.0,57.0,4.0,3.0
2021-08-05 09:48:20,78.0,67.0,8.0,3.0
2021-08-05 09:48:21,95.0,79.0,10.0,6.0
2021-08-05 09:48:22,59.0,52.0,5.0,2.0
2021-08-05 09:48:23,88.0,74.0,8.0,6.0
2021-08-05 09:48:24,83.0,79.0,4.0,0.0
2021-08-05 09:48:25,84.0,70.0,9.0,5.0
2021-08-05 09:48:26,81.0,69.0,7.0,5.0
2021-08-05 09:48:27,93.0,87.0,4.0,2.0
2021-08-05 09:48:28,98.0,88.0,6.0,4.0
2021-08-05 09:48:29,106.0,93.0,6.0,7.0
2021-08-05 09:48:30,92.0,85.0,4.0,3.0
2021-08-05 09:48:31,73.0,64.0,5.0,4.0
2021-08-05 09:48:32,87.0,83.0,2.0,2.0
2021-08-05 09:48:33,85.0,76.0,4.0,5.0
2021-08-05 09:48:34,73.0,67.0,4.0,2.0
2021-08-05 09:48:35,75.0,67.0,5.0,3.0
2021-08-05 09:48:36,111.0,101.0,5.0,5.0
2021-08-05 09:48:37,107.0,101.0,5.0,1.0
2021-08-05 09:48:38,92.0,78.0,3.0,11.0
2021-08-05 09:48:39,100.0,84.0,10.0,6.0
2021-08-05 09:48:40,91.0,79.0,6.0,6.0
2021-08-05 09:48:41,95.0,86.0,3.0,6.0
2021-08-05 09:48:42,97.0,87.0,7.0,3.0
2021-08-05 09:48:43,77.0,68.0,6.0,3.0
2021-08-05 09:48:44,81.0,71.0,5.0,5.0
2021-08-05 09:48:45,85.0,75.0,6.0,4.0
2021-08-05 09:48:46,89.0,76.0,9.0,4.0
2021-08-05 09:48:47,98.0,87.0,8.0,3.0
2021-08-05 09:48:48,84.0,74.0,5.0,5.0
2021-08-05 09:48:49,85.0,73.0,10.0,2.0
2021-08-05 09:48:50,92.0,81.0,8.0,3.0
2021-08-05 09:48:51,82.0,74.0,5.0,3.0
2021-08-05 09:48:52,79.0,68.0,6.0,5.0
2021-08-05 09:48:53,101.0,90.0,4.0,7.0
2021-08-05 09:48:54,84.0,73.0,6.0,5.0
2021-08-05 09:48:55,97.0,86.0,6.0,5.0
2021-08-05 09:48:56,87.0,76.0,9.0,2.0
2021-08-05 09:48:57,86.0,71.0,7.0,8.0
2021-08-05 09:48:58,84.0,71.0,8.0,5.0
2021-08-05 09:48:59,104.0,89.0,7.0,8.0
2021-08-05 09:49:00,80.0,74.0,2.0,4.0
2021-08-05 09:49:01,75.0,63.0,6.0,6.0
2021-08-05 09:49:02,94.0,83.0,5.0,6.0
2021-08-05 09:49:03,88.0,81.0,3.0,4.0
2021-08-05 09:49:04,79.0,69.0,4.0,6.0
2021-08-05 09:49:05,85.0,77.0,5.0,3.0
2021-08-05 09:49:06,87.0,74.0,7.0,6.0
2021-08-05 09:49:07,84.0,75.0,4.0,5.0
2021-08-05 09:49:08,84.0,73.0,7.0,4.0
2021-08-05 09:49:09,90.0,72.0,13.0,5.0
2021-08-05 09:49:10,89.0,77.0,9.0,3.0
2021-08-05 09:49:11,90.0,80.0,6.0,4.0
2021-08-05 09:49:12,98.0,84.0,8.0,6.0
2021-08-05 09:49:13,99.0,90.0,6.0,3.0
2021-08-05 09:49:14,83.0,75.0,6.0,2.0
2021-08-05 09:49:15,81.0,69.0,4.0,8.0
2021-08-05 09:49:16,88.0,78.0,9.0,1.0
2021-08-05 09:49:17,87.0,79.0,5.0,3.0
2021-08-05 09:49:18,102.0,88.0,8.0,6.0
2021-08-05 09:49:19,78.0,67.0,7.0,4.0
2021-08-05 09:49:20,86.0,77.0,6.0,3.0
2021-08-05 09:49:21,94.0,82.0,5.0,7.0
2021-08-05 09:49:22,73.0,64.0,4.0,5.0
2021-08-05 09:49:23,93.0,84.0,4.0,5.0
2021-08-05 09:49:24,88.0,79.0,5.0,4.0
2021-08-05 09:49:25,96.0,84.0,6.0,6.0
2021-08-05 09:49:26,84.0,71.0,9.0,4.0
2021-08-05 09:49:27,87.0,71.0,13.0,3.0
2021-08-05 09:49:28,69.0,61.0,6.0,2.0
2021-08-05 09:49:29,86.0,75.0,6.0,5.0
2021-08-05 09:49:30,100.0,89.0,7.0,4.0
2021-08-05 09:49:31,95.0,85.0,10.0,0.0
2021-08-05 09:49:32,85.0,77.0,7.0,1.0
2021-08-05 09:49:33,82.0,72.0,5.0,5.0
2021-08-05 09:49:34,61.0,56.0,3.0,2.0
2021-08-05 09:49:35,85.0,75.0,4.0,6.0
2021-08-05 09:49:36,82.0,72.0,6.0,4.0
2021-08-05 09:49:37,74.0,65.0,7.0,2.0
2021-08-05 09:49:38,77.0,72.0,1.0,4.0
2021-08-05 09:49:39,79.0,72.0,2.0,5.0
2021-08-05 09:49:40,72.0,68.0,3.0,1.0
2021-08-05 09:49:41,104.0,93.0,6.0,5.0
2021-08-05 09:49:42,84.0,73.0,8.0,3.0
2021-08-05 09:49:43,96.0,86.0,7.0,3.0
2021-08-05 09:49:44,82.0,70.0,9.0,3.0
2021-08-05 09:49:45,87.0,77.0,4.0,6.0
2021-08-05 09:49:46,88.0,77.0,7.0,4.0
2021-08-05 09:49:47,90.0,78.0,11.0,1.0
2021-08-05 09:49:48,93.0,82.0,6.0,5.0
2021-08-05 09:49:49,75.0,68.0,7.0,0.0
2021-08-05 09:49:50,98.0,83.0,9.0,6.0
2021-08-05 09:49:51,78.0,67.0,6.0,5.0
2021-08-05 09:49:52,89.0,81.0,4.0,4.0
2021-08-05 09:49:53,79.0,69.0,7.0,3.0
2021-08-05 09:49:54,104.0,92.0,7.0,5.0
2021-08-05 09:49:55,92.0,79.0,5.0,8.0
2021-08-05 09:49:56,86.0,73.0,8.0,5.0
2021-08-05 09:49:57,97.0,89.0,4.0,4.0
2021-08-05 09:49:58,74.0,66.0,5.0,3.0
2021-08-05 09:49:59,84.0,76.0,4.0,4.0
2021-08-05 09:50:00,63.0,55.0,4.0,4.0
2021-08-05 09:50:01,87.0,75.0,8.0,4.0
2021-08-05 09:50:02,72.0,64.0,4.0,4.0
2021-08-05 09:50:03,82.0,79.0,3.0,0.0
2021-08-05 09:50:04,84.0,74.0,8.0,2.0
2021-08-05 09:50:05,90.0,80.0,4.0,6.0
2021-08-05 09:50:06,85.0,76.0,6.0,3.0
2021-08-05 09:50:07,81.0,72.0,4.0,5.0
2021-08-05 09:50:08,78.0,68.0,7.0,3.0
2021-08-05 09:50:09,83.0,71.0,9.0,3.0
2021-08-05 09:50:10,95.0,82.0,6.0,7.0
2021-08-05 09:50:11,90.0,75.0,6.0,9.0
2021-08-05 09:50:12,85.0,68.0,8.0,9.0
2021-08-05 09:50:13,75.0,66.0,6.0,3.0
2021-08-05 09:50:14,80.0,75.0,1.0,4.0
2021-08-05 09:50:15,100.0,90.0,6.0,4.0
2021-08-05 09:50:16,91.0,85.0,3.0,3.0
2021-08-05 09:50:17,97.0,82.0,7.0,8.0
2021-08-05 09:50:18,72.0,60.0,10.0,2.0
2021-08-05 09:50:19,82.0,74.0,6.0,2.0
2021-08-05 09:50:20,82.0,70.0,9.0,3.0
2021-08-05 09:50:21,85.0,79.0,6.0,0.0
2021-08-05 09:50:22,80.0,68.0,6.0,6.0
2021-08-05 09:50:23,96.0,78.0,10.0,8.0
2021-08-05 09:50:24,57.0,54.0,0.0,3.0
2021-08-05 09:50:25,79.0,70.0,6.0,3.0
2021-08-05 09:50:26,92.0,81.0,7.0,4.0
2021-08-05 09:50:27,91.0,77.0,7.0,7.0
2021-08-05 09:50:28,74.0,65.0,6.0,3.0
2021-08-05 09:50:29,87.0,71.0,12.0,4.0
2021-08-05 09:50:30,83.0,67.0,9.0,7.0
2021-08-05 09:50:31,65.0,60.0,0.0,5.0
2021-08-05 09:50:32,76.0,64.0,5.0,7.0
2021-08-05 09:50:33,91.0,79.0,10.0,2.0
2021-08-05 09:50:34,86.0,77.0,6.0,3.0
2021-08-05 09:50:35,69.0,63.0,4.0,2.0
2021-08-05 09:50:36,90.0,80.0,6.0,4.0
2021-08-05 09:50:37,89.0,82.0,3.0,4.0
2021-08-05 09:50:38,80.0,71.0,3.0,6.0
2021-08-05 09:50:39,82.0,77.0,2.0,3.0
2021-08-05 09:50:40,90.0,82.0,5.0,3.0
2021-08-05 09:50:41,76.0,64.0,10.0,2.0
2021-08-05 09:50:42,87.0,75.0,8.0,4.0
2021-08-05 09:50:43,98.0,89.0,7.0,2.0
2021-08-05 09:50:44,76.0,65.0,7.0,4.0
2021-08-05 09:50:45,91.0,79.0,5.0,7.0
2021-08-05 09:50:46,100.0,92.0,3.0,5.0
2021-08-05 09:50:47,87.0,78.0,3.0,6.0
2021-08-05 09:50:48,94.0,81.0,10.0,3.0
2021-08-05 09:50:49,95.0,85.0,7.0,3.0
2021-08-05 09:50:50,73.0,63.0,7.0,3.0
2021-08-05 09:50:51,85.0,73.0,8.0,4.0
2021-08-05 09:50:52,85.0,73.0,9.0,3.0
2021-08-05 09:50:53,92.0,82.0,8.0,2.0
2021-08-05 09:50:54,77.0,65.0,9.0,3.0
2021-08-05 09:50:55,98.0,84.0,7.0,7.0
2021-08-05 09:50:56,79.0,73.0,3.0,3.0
2021-08-05 09:50:57,88.0,77.0,5.0,6.0
2021-08-05 09:50:58,79.0,67.0,9.0,3.0
2021-08-05 09:50:59,78.0,74.0,2.0,2.0
2021-08-05 09:51:00,96.0,79.0,11.0,6.0
2021-08-05 09:51:01,94.0,80.0,7.0,7.0
2021-08-05 09:51:02,78.0,66.0,10.0,2.0
2021-08-05 09:51:03,86.0,75.0,8.0,3.0
2021-08-05 09:51:04,93.0,82.0,7.0,4.0
2021-08-05 09:51:05,90.0,75.0,8.0,7.0
2021-08-05 09:51:06,110.0,95.0,9.0,6.0
2021-08-05 09:51:07,89.0,79.0,7.0,3.0
2021-08-05 09:51:08,78.0,66.0,6.0,6.0
2021-08-05 09:51:09,109.0,97.0,9.0,3.0
2021-08-05 09:51:10,89.0,79.0,6.0,4.0
2021-08-05 09:51:11,87.0,78.0,5.0,4.0
2021-08-05 09:51:12,86.0,83.0,1.0,2.0
2021-08-05 09:51:13,92.0,81.0,7.0,4.0
2021-08-05 09:51:14,86.0,74.0,7.0,5.0
2021-08-05 09:51:15,84.0,74.0,6.0,4.0
2021-08-05 09:51:16,74.0,63.0,6.0,5.0
2021-08-05 09:51:17,82.0,74.0,4.0,4.0
2021-08-05 09:51:18,104.0,96.0,5.0,3.0
2021-08-05 09:51:19,76.0,63.0,6.0,7.0
2021-08-05 09:51:20,91.0,77.0,6.0,8.0
2021-08-05 09:51:21,87.0,74.0,4.0,9.0
2021-08-05 09:51:22,98.0,84.0,11.0,3.0
2021-08-05 09:51:23,86.0,77.0,2.0,7.0
2021-08-05 09:51:24,92.0,82.0,3.0,7.0
2021-08-05 09:51:25,83.0,72.0,4.0,7.0
2021-08-05 09:51:26,94.0,82.0,10.0,2.0
2021-08-05 09:51:27,93.0,82.0,7.0,4.0
2021-08-05 09:51:28,94.0,84.0,2.0,8.0
2021-08-05 09:51:29,86.0,77.0,3.0,6.0
2021-08-05 09:51:30,87.0,82.0,2.0,3.0
2021-08-05 09:51:31,86.0,80.0,4.0,2.0
2021-08-05 09:51:32,73.0,67.0,5.0,1.0
2021-08-05 09:51:33,80.0,66.0,7.0,7.0
2021-08-05 09:51:34,77.0,69.0,3.0,5.0
2021-08-05 09:51:35,103.0,92.0,6.0,5.0
2021-08-05 09:51:36,102.0,86.0,8.0,8.0
2021-08-05 09:51:37,78.0,72.0,3.0,3.0
2021-08-05 09:51:38,114.0,104.0,6.0,4.0
2021-08-05 09:51:39,90.0,77.0,6.0,7.0
2021-08-05 09:51:40,78.0,73.0,4.0,1.0
2021-08-05 09:51:41,100.0,87.0,8.0,5.0
2021-08-05 09:51:42,82.0,73.0,6.0,3.0
2021-08-05 09:51:43,89.0,83.0,3.0,3.0
2021-08-05 09:51:44,80.0,74.0,3.0,3.0
2021-08-05 09:51:45,75.0,63.0,7.0,5.0
2021-08-05 09:51:46,88.0,72.0,11.0,5.0
2021-08-05 09:51:47,88.0,79.0,5.0,4.0
2021-08-05 09:51:48,77.0,66.0,10.0,1.0
2021-08-05 09:51:49,83.0,68.0,8.0,7.0
2021-08-05 09:51:50,83.0,76.0,5.0,2.0
2021-08-05 09:51:51,83.0,76.0,4.0,3.0
2021-08-05 09:51:52,85.0,73.0,7.0,5.0
2021-08-05 09:51:53,92.0,82.0,3.0,7.0
2021-08-05 09:51:54,75.0,68.0,5.0,2.0
2021-08-05 09:51:55,77.0,69.0,5.0,3.0
2021-08-05 09:51:56,87.0,78.0,5.0,4.0
2021-08-05 09:51:57,83.0,73.0,7.0,3.0
2021-08-05 09:51:58,86.0,78.0,4.0,4.0
2021-08-05 09:51:59,83.0,68.0,7.0,8.0
2021-08-05 09:52:00,89.0,81.0,5.0,3.0
2021-08-05 09:52:01,82.0,76.0,3.0,3.0
2021-08-05 09:52:02,94.0,81.0,7.0,6.0
2021-08-05 09:52:03,89.0,78.0,3.0,8.0
2021-08-05 09:52:04,73.0,63.0,6.0,4.0
2021-08-05 09:52:05,87.0,73.0,6.0,8.0
2021-08-05 09:52:06,91.0,75.0,9.0,7.0
2021-08-05 09:52:07,76.0,68.0,4.0,4.0
2021-08-05 09:52:08,99.0,86.0,7.0,6.0
2021-08-05 09:52:09,102.0,83.0,12.0,7.0
2021-08-05 09:52:10,83.0,75.0,4.0,4.0
2021-08-05 09:52:11,95.0,87.0,4.0,4.0
2021-08-05 09:52:12,83.0,71.0,5.0,7.0
2021-08-05 09:52:13,86.0,78.0,4.0,4.0
2021-08-05 09:52:14,81.0,72.0,7.0,2.0
2021-08-05 09:52:15,82.0,70.0,6.0,6.0
2021-08-05 09:52:16,91.0,87.0,3.0,1.0
2021-08-05 09:52:17,90.0,81.0,6.0,3.0
2021-08-05 09:52:18,91.0,81.0,5.0,5.0
2021-08-05 09:52:19,88.0,74.0,10.0,4.0
2021-08-05 09:52:20,90.0,82.0,6.0,2.0
2021-08-05 09:52:21,89.0,78.0,8.0,3.0
2021-08-05 09:52:22,73.0,65.0,7.0,1.0
2021-08-05 09:52:23,88.0,76.0,9.0,3.0
2021-08-05 09:52:24,86.0,75.0,7.0,4.0
2021-08-05 09:52:25,83.0,73.0,5.0,5.0
2021-08-05 09:52:26,109.0,95.0,7.0,7.0
2021-08-05 09:52:27,86.0,80.0,4.0,2.0
2021-08-05 09:52:28,70.0,61.0,5.0,4.0
2021-08-05 09:52:29,81.0,73.0,5.0,3.0
2021-08-05 09:52:30,74.0,68.0,3.0,3.0
2021-08-05 09:52:31,98.0,87.0,7.0,4.0
2021-08-05 09:52:32,94.0,86.0,4.0,4.0
2021-08-05 09:52:33,110.0,92.0,11.0,7.0
2021-08-05 09:52:34,79.0,64.0,13.0,2.0
2021-08-05 09:52:35,77.0,69.0,4.0,4.0
2021-08-05 09:52:36,89.0,78.0,7.0,4.0
2021-08-05 09:52:37,80.0,71.0,4.0,5.0
2021-08-05 09:52:38,74.0,67.0,3.0,4.0
2021-08-05 09:52:39,79.0,69.0,6.0,4.0
2021-08-05 09:52:40,90.0,76.0,9.0,5.0
2021-08-05 09:52:41,97.0,87.0,5.0,5.0
2021-08-05 09:52:42,81.0,71.0,5.0,5.0
2021-08-05 09:52:43,99.0,86.0,6.0,7.0
2021-08-05 09:52:44,82.0,71.0,6.0,5.0
2021-08-05 09:52:45,97.0,87.0,7.0,3.0
2021-08-05 09:52:46,79.0,65.0,10.0,4.0
2021-08-05 09:52:47,96.0,91.0,5.0,0.0
2021-08-05 09:52:48,75.0,67.0,4.0,4.0
2021-08-05 09:52:49,87.0,74.0,6.0,7.0
2021-08-05 09:52:50,94.0,88.0,6.0,0.0
2021-08-05 09:52:51,81.0,67.0,10.0,4.0
2021-08-05 09:52:52,89.0,81.0,5.0,3.0
2021-08-05 09:52:53,88.0,73.0,10.0,5.0
2021-08-05 09:52:54,94.0,77.0,14.0,3.0
2021-08-05 09:52:55,84.0,74.0,7.0,3.0
2021-08-05 09:52:56,93.0,85.0,1.0,7.0
2021-08-05 09:52:57,79.0,70.0,6.0,3.0
2021-08-05 09:52:58,90.0,75.0,11.0,4.0
2021-08-05 09:52:59,82.0,74.0,4.0,4.0
2021-08-05 09:53:00,81.0,76.0,3.0,2.0
2021-08-05 09:53:01,88.0,81.0,5.0,2.0
2021-08-05 09:53:02,99.0,91.0,3.0,5.0
2021-08-05 09:53:03,89.0,78.0,5.0,6.0
2021-08-05 09:53:04,72.0,66.0,2.0,4.0
2021-08-05 09:53:05,79.0,74.0,3.0,2.0
2021-08-05 09:53:06,77.0,70.0,4.0,3.0
2021-08-05 09:53:07,75.0,68.0,3.0,4.0
2021-08-05 09:53:08,91.0,79.0,7.0,5.0
2021-08-05 09:53:09,90.0,81.0,7.0,2.0
2021-08-05 09:53:10,83.0,74.0,4.0,5.0
2021-08-05 09:53:11,89.0,81.0,4.0,4.0
2021-08-05 09:53:12,84.0,75.0,6.0,3.0
2021-08-05 09:53:13,84.0,73.0,7.0,4.0
2021-08-05 09:53:14,84.0,79.0,3.0,2.0
2021-08-05 09:53:15,87.0,71.0,10.0,6.0
2021-08-05 09:53:16,73.0,62.0,10.0,1.0
2021-08-05 09:53:17,82.0,67.0,6.0,9.0
2021-08-05 09:53:18,97.0,89.0,7.0,1.0
2021-08-05 09:53:19,82.0,72.0,3.0,7.0
2021-08-05 09:53:20,83.0,75.0,3.0,5.0
2021-08-05 09:53:21,100.0,89.0,7.0,4.0
2021-08-05 09:53:22,99.0,83.0,10.0,6.0
2021-08-05 09:53:23,94.0,88.0,1.0,5.0
2021-08-05 09:53:24,89.0,84.0,4.0,1.0
2021-08-05 09:53:25,84.0,75.0,7.0,2.0
2021-08-05 09:53:26,90.0,81.0,6.0,3.0
2021-08-05 09:53:27,92.0,85.0,5.0,2.0
2021-08-05 09:53:28,102.0,92.0,6.0,4.0
2021-08-05 09:53:29,91.0,78.0,7.0,6.0
2021-08-05 09:53:30,74.0,65.0,4.0,5.0
2021-08-05 09:53:31,79.0,66.0,7.0,6.0
2021-08-05 09:53:32,73.0,65.0,6.0,2.0
2021-08-05 09:53:33,67.0,60.0,4.0,3.0
2021-08-05 09:53:34,61.0,54.0,3.0,4.0
2021-08-05 09:53:35,83.0,74.0,6.0,3.0
2021-08-05 09:53:36,68.0,60.0,6.0,2.0
2021-08-05 09:53:37,92.0,80.0,7.0,5.0
2021-08-05 09:53:38,74.0,64.0,10.0,0.0
2021-08-05 09:53:39,89.0,69.0,12.0,8.0
2021-08-05 09:53:40,85.0,75.0,7.0,3.0
2021-08-05 09:53:41,92.0,84.0,4.0,4.0
2021-08-05 09:53:42,79.0,66.0,8.0,5.0
2021-08-05 09:53:43,82.0,69.0,6.0,7.0
2021-08-05 09:53:44,84.0,69.0,9.0,6.0
2021-08-05 09:53:45,89.0,79.0,6.0,4.0
2021-08-05 09:53:46,89.0,76.0,10.0,3.0
2021-08-05 09:53:47,94.0,80.0,8.0,6.0
2021-08-05 09:53:48,79.0,70.0,4.0,5.0
2021-08-05 09:53:49,77.0,64.0,9.0,4.0
2021-08-05 09:53:50,95.0,82.0,10.0,3.0
2021-08-05 09:53:51,97.0,87.0,6.0,4.0
2021-08-05 09:53:52,93.0,85.0,4.0,4.0
2021-08-05 09:53:53,83.0,70.0,6.0,7.0
2021-08-05 09:53:54,89.0,85.0,0.0,4.0
2021-08-05 09:53:55,83.0,76.0,2.0,5.0
2021-08-05 09:53:56,74.0,62.0,7.0,5.0
2021-08-05 09:53:57,86.0,78.0,8.0,0.0
2021-08-05 09:53:58,87.0,80.0,3.0,4.0
2021-08-05 09:53:59,87.0,78.0,5.0,4.0
2021-08-05 09:54:00,84.0,74.0,9.0,1.0
2021-08-05 09:54:01,93.0,81.0,8.0,4.0
2021-08-05 09:54:02,84.0,72.0,8.0,4.0
2021-08-05 09:54:03,93.0,85.0,4.0,4.0
2021-08-05 09:54:04,85.0,75.0,6.0,4.0
2021-08-05 09:54:05,76.0,68.0,8.0,0.0
2021-08-05 09:54:06,90.0,81.0,5.0,4.0
2021-08-05 09:54:07,82.0,71.0,8.0,3.0
2021-08-05 09:54:08,90.0,77.0,12.0,1.0
2021-08-05 09:54:09,76.0,67.0,5.0,4.0
2021-08-05 09:54:10,79.0,65.0,7.0,7.0
2021-08-05 09:54:11,93.0,85.0,3.0,5.0
2021-08-05 09:54:12,93.0,77.0,10.0,6.0
2021-08-05 09:54:13,98.0,85.0,10.0,3.0
2021-08-05 09:54:14,71.0,59.0,7.0,5.0
2021-08-05 09:54:15,87.0,82.0,3.0,2.0
2021-08-05 09:54:16,82.0,72.0,0.0,10.0
2021-08-05 09:54:17,67.0,58.0,6.0,3.0
2021-08-05 09:54:18,82.0,73.0,5.0,4.0
2021-08-05 09:54:19,87.0,76.0,7.0,4.0
2021-08-05 09:54:20,88.0,76.0,9.0,3.0
2021-08-05 09:54:21,83.0,69.0,8.0,6.0
2021-08-05 09:54:22,80.0,72.0,6.0,2.0
2021-08-05 09:54:23,88.0,76.0,9.0,3.0
2021-08-05 09:54:24,110.0,89.0,10.0,11.0
2021-08-05 09:54:25,86.0,76.0,8.0,2.0
2021-08-05 09:54:26,85.0,69.0,9.0,7.0
2021-08-05 09:54:27,80.0,68.0,8.0,4.0
2021-08-05 09:54:28,79.0,73.0,6.0,0.0
2021-08-05 09:54:29,74.0,69.0,2.0,3.0
2021-08-05 09:54:30,66.0,54.0,6.0,6.0
2021-08-05 09:54:31,93.0,85.0,6.0,2.0
2021-08-05 09:54:32,99.0,84.0,12.0,3.0
2021-08-05 09:54:33,90.0,80.0,5.0,5.0
2021-08-05 09:54:34,85.0,71.0,7.0,7.0
2021-08-05 09:54:35,91.0,77.0,7.0,7.0
2021-08-05 09:54:36,83.0,73.0,6.0,4.0
2021-08-05 09:54:37,87.0,76.0,8.0,3.0
2021-08-05 09:54:38,80.0,70.0,5.0,5.0
2021-08-05 09:54:39,80.0,69.0,10.0,1.0
2021-08-05 09:54:40,89.0,75.0,4.0,10.0
2021-08-05 09:54:41,85.0,80.0,3.0,2.0
2021-08-05 09:54:42,86.0,74.0,8.0,4.0
2021-08-05 09:54:43,93.0,82.0,8.0,3.0
2021-08-05 09:54:44,88.0,76.0,6.0,6.0
2021-08-05 09:54:45,67.0,58.0,5.0,4.0
2021-08-05 09:54:46,87.0,74.0,7.0,6.0
2021-08-05 09:54:47,87.0,76.0,7.0,4.0
2021-08-05 09:54:48,79.0,67.0,8.0,4.0
2021-08-05 09:54:49,93.0,77.0,9.0,7.0
2021-08-05 09:54:50,96.0,82.0,8.0,6.0
2021-08-05 09:54:51,89.0,78.0,10.0,1.0
2021-08-05 09:54:52,93.0,81.0,8.0,4.0
2021-08-05 09:54:53,73.0,64.0,7.0,2.0
2021-08-05 09:54:54,81.0,74.0,4.0,3.0
2021-08-05 09:54:55,78.0,59.0,12.0,7.0
2021-08-05 09:54:56,81.0,73.0,6.0,2.0
2021-08-05 09:54:57,80.0,69.0,7.0,4.0
2021-08-05 09:54:58,77.0,71.0,6.0,0.0
2021-08-05 09:54:59,83.0,73.0,8.0,2.0
2021-08-05 09:55:00,68.0,58.0,8.0,2.0
2021-08-05 09:55:01,82.0,78.0,3.0,1.0
2021-08-05 09:55:02,99.0,85.0,10.0,4.0
2021-08-05 09:55:03,82.0,73.0,6.0,3.0
2021-08-05 09:55:04,88.0,81.0,4.0,3.0
2021-08-05 09:55:05,92.0,81.0,7.0,4.0
2021-08-05 09:55:06,90.0,79.0,7.0,4.0
2021-08-05 09:55:07,87.0,75.0,9.0,3.0
2021-08-05 09:55:08,82.0,66.0,11.0,5.0
2021-08-05 09:55:09,81.0,74.0,4.0,3.0
2021-08-05 09:55:10,92.0,83.0,7.0,2.0
2021-08-05 09:55:11,73.0,64.0,6.0,3.0
2021-08-05 09:55:12,79.0,70.0,3.0,6.0
2021-08-05 09:55:13,84.0,77.0,3.0,4.0
2021-08-05 09:55:14,92.0,78.0,7.0,7.0
2021-08-05 09:55:15,84.0,70.0,10.0,4.0
2021-08-05 09:55:16,79.0,71.0,6.0,2.0
2021-08-05 09:55:17,82.0,76.0,3.0,3.0
2021-08-05 09:55:18,80.0,72.0,6.0,2.0
2021-08-05 09:55:19,86.0,73.0,10.0,3.0
2021-08-05 09:55:20,93.0,82.0,4.0,7.0
2021-08-05 09:55:21,88.0,72.0,10.0,6.0
2021-08-05 09:55:22,84.0,72.0,6.0,6.0
2021-08-05 09:55:23,85.0,81.0,2.0,2.0
2021-08-05 09:55:24,96.0,83.0,9.0,4.0
2021-08-05 09:55:25,76.0,69.0,4.0,3.0
2021-08-05 09:55:26,79.0,68.0,8.0,3.0
2021-08-05 09:55:27,67.0,60.0,5.0,2.0
2021-08-05 09:55:28,84.0,71.0,8.0,5.0
2021-08-05 09:55:29,91.0,86.0,4.0,1.0
2021-08-05 09:55:30,102.0,90.0,10.0,2.0
2021-08-05 09:55:31,74.0,68.0,5.0,1.0
2021-08-05 09:55:32,101.0,90.0,8.0,3.0
2021-08-05 09:55:33,82.0,71.0,6.0,5.0
2021-08-05 09:55:34,86.0,73.0,7.0,6.0
2021-08-05 09:55:35,89.0,80.0,6.0,3.0
2021-08-05 09:55:36,102.0,85.0,9.0,8.0
2021-08-05 09:55:37,78.0,69.0,4.0,5.0
2021-08-05 09:55:38,83.0,73.0,6.0,4.0
2021-08-05 09:55:39,103.0,88.0,9.0,6.0
2021-08-05 09:55:40,82.0,75.0,5.0,2.0
2021-08-05 09:55:41,82.0,78.0,4.0,0.0
2021-08-05 09:55:42,70.0,60.0,6.0,4.0
2021-08-05 09:55:43,77.0,68.0,6.0,3.0
2021-08-05 09:55:44,94.0,82.0,8.0,4.0
2021-08-05 09:55:45,85.0,75.0,7.0,3.0
2021-08-05 09:55:46,92.0,87.0,3.0,2.0
2021-08-05 09:55:47,88.0,73.0,7.0,8.0
2021-08-05 09:55:48,83.0,71.0,6.0,6.0
2021-08-05 09:55:49,71.0,58.0,7.0,6.0
2021-08-05 09:55:50,73.0,64.0,6.0,3.0
2021-08-05 09:55:51,81.0,62.0,15.0,4.0
2021-08-05 09:55:52,83.0,71.0,6.0,6.0
2021-08-05 09:55:53,79.0,68.0,6.0,5.0
2021-08-05 09:55:54,88.0,83.0,3.0,2.0
2021-08-05 09:55:55,95.0,85.0,4.0,6.0
2021-08-05 09:55:56,80.0,71.0,4.0,5.0
2021-08-05 09:55:57,89.0,80.0,3.0,6.0
2021-08-05 09:55:58,80.0,72.0,5.0,3.0
2021-08-05 09:55:59,77.0,70.0,5.0,2.0
2021-08-05 09:56:00,86.0,73.0,12.0,1.0
2021-08-05 09:56:01,78.0,65.0,10.0,3.0
2021-08-05 09:56:02,109.0,92.0,10.0,7.0
2021-08-05 09:56:03,89.0,84.0,5.0,0.0
2021-08-05 09:56:04,102.0,96.0,3.0,3.0
2021-08-05 09:56:05,82.0,75.0,4.0,3.0
2021-08-05 09:56:06,90.0,73.0,10.0,7.0
2021-08-05 09:56:07,76.0,61.0,9.0,6.0
2021-08-05 09:56:08,91.0,76.0,9.0,6.0
2021-08-05 09:56:09,73.0,63.0,7.0,3.0
2021-08-05 09:56:10,92.0,86.0,5.0,1.0
2021-08-05 09:56:11,81.0,69.0,8.0,4.0
2021-08-05 09:56:12,77.0,64.0,10.0,3.0
2021-08-05 09:56:13,74.0,67.0,5.0,2.0
2021-08-05 09:56:14,90.0,74.0,9.0,7.0
2021-08-05 09:56:15,90.0,77.0,10.0,3.0
2021-08-05 09:56:16,91.0,80.0,10.0,1.0
2021-08-05 09:56:17,94.0,81.0,6.0,7.0
2021-08-05 09:56:18,87.0,76.0,3.0,8.0
2021-08-05 09:56:19,92.0,80.0,9.0,3.0
2021-08-05 09:56:20,85.0,68.0,10.0,7.0
2021-08-05 09:56:21,80.0,70.0,6.0,4.0
2021-08-05 09:56:22,82.0,75.0,3.0,4.0
2021-08-05 09:56:23,99.0,81.0,12.0,6.0
2021-08-05 09:56:24,91.0,84.0,1.0,6.0
2021-08-05 09:56:25,71.0,60.0,4.0,7.0
2021-08-05 09:56:26,89.0,79.0,7.0,3.0
2021-08-05 09:56:27,86.0,78.0,6.0,2.0
2021-08-05 09:56:28,78.0,67.0,7.0,4.0
2021-08-05 09:56:29,85.0,80.0,3.0,2.0
2021-08-05 09:56:30,79.0,70.0,4.0,5.0
2021-08-05 09:56:31,94.0,81.0,9.0,4.0
2021-08-05 09:56:32,95.0,78.0,12.0,5.0
2021-08-05 09:56:33,88.0,81.0,5.0,2.0
2021-08-05 09:56:34,103.0,93.0,8.0,2.0
2021-08-05 09:56:35,93.0,83.0,5.0,5.0
2021-08-05 09:56:36,91.0,88.0,2.0,1.0
2021-08-05 09:56:37,78.0,69.0,5.0,4.0
2021-08-05 09:56:38,90.0,76.0,13.0,1.0
2021-08-05 09:56:39,106.0,90.0,11.0,5.0
2021-08-05 09:56:40,88.0,75.0,4.0,9.0
2021-08-05 09:56:41,86.0,81.0,3.0,2.0
2021-08-05 09:56:42,86.0,79.0,3.0,4.0
2021-08-05 09:56:43,80.0,69.0,7.0,4.0
2021-08-05 09:56:44,63.0,53.0,6.0,4.0
2021-08-05 09:56:45,90.0,77.0,9.0,4.0
2021-08-05 09:56:46,89.0,80.0,7.0,2.0
2021-08-05 09:56:47,88.0,74.0,7.0,7.0
2021-08-05 09:56:48,85.0,74.0,5.0,6.0
2021-08-05 09:56:49,101.0,88.0,11.0,2.0
2021-08-05 09:56:50,86.0,77.0,7.0,2.0
2021-08-05 09:56:51,82.0,74.0,5.0,3.0
2021-08-05 09:56:52,80.0,75.0,3.0,2.0
2021-08-05 09:56:53,90.0,79.0,5.0,6.0
2021-08-05 09:56:54,75.0,68.0,5.0,2.0
2021-08-05 09:56:55,87.0,75.0,6.0,6.0
2021-08-05 09:56:56,76.0,72.0,4.0,0.0
2021-08-05 09:56:57,72.0,64.0,2.0,6.0
2021-08-05 09:56:58,86.0,74.0,8.0,4.0
2021-08-05 09:56:59,73.0,60.0,7.0,6.0
2021-08-05 09:57:00,93.0,82.0,8.0,3.0
2021-08-05 09:57:01,87.0,78.0,6.0,3.0
2021-08-05 09:57:02,91.0,85.0,3.0,3.0
2021-08-05 09:57:03,83.0,71.0,6.0,6.0
2021-08-05 09:57:04,79.0,66.0,5.0,8.0
2021-08-05 09:57:05,80.0,71.0,7.0,2.0
2021-08-05 09:57:06,76.0,63.0,11.0,2.0
2021-08-05 09:57:07,91.0,75.0,8.0,8.0
2021-08-05 09:57:08,89.0,79.0,8.0,2.0
2021-08-05 09:57:09,88.0,76.0,9.0,3.0
2021-08-05 09:57:10,66.0,55.0,6.0,5.0
2021-08-05 09:57:11,88.0,81.0,4.0,3.0
2021-08-05 09:57:12,92.0,85.0,1.0,6.0
2021-08-05 09:57:13,84.0,75.0,6.0,3.0
2021-08-05 09:57:14,70.0,61.0,5.0,4.0
2021-08-05 09:57:15,94.0,85.0,5.0,4.0
2021-08-05 09:57:16,77.0,72.0,2.0,3.0
2021-08-05 09:57:17,79.0,70.0,6.0,3.0
2021-08-05 09:57:18,65.0,61.0,4.0,0.0
2021-08-05 09:57:19,90.0,77.0,7.0,6.0
2021-08-05 09:57:20,79.0,73.0,5.0,1.0
2021-08-05 09:57:21,102.0,93.0,6.0,3.0
2021-08-05 09:57:22,93.0,87.0,4.0,2.0
2021-08-05 09:57:23,77.0,64.0,9.0,4.0
2021-08-05 09:57:24,89.0,80.0,4.0,5.0
2021-08-05 09:57:25,78.0,72.0,5.0,1.0
2021-08-05 09:57:26,90.0,81.0,5.0,4.0
2021-08-05 09:57:27,95.0,82.0,8.0,5.0
2021-08-05 09:57:28,85.0,75.0,5.0,5.0
2021-08-05 09:57:29,92.0,84.0,7.0,1.0
2021-08-05 09:57:30,82.0,73.0,5.0,4.0
2021-08-05 09:57:31,88.0,74.0,10.0,4.0
2021-08-05 09:57:32,95.0,86.0,5.0,4.0
2021-08-05 09:57:33,93.0,80.0,5.0,8.0
2021-08-05 09:57:34,75.0,69.0,0.0,6.0
2021-08-05 09:57:35,92.0,82.0,5.0,5.0
2021-08-05 09:57:36,90.0,80.0,4.0,6.0
2021-08-05 09:57:37,79.0,71.0,6.0,2.0
2021-08-05 09:57:38,89.0,77.0,5.0,7.0
2021-08-05 09:57:39,91.0,81.0,6.0,4.0
2021-08-05 09:57:40,100.0,87.0,9.0,4.0
2021-08-05 09:57:41,76.0,71.0,2.0,3.0
2021-08-05 09:57:42,85.0,74.0,4.0,7.0
2021-08-05 09:57:43,73.0,62.0,6.0,5.0
2021-08-05 09:57:44,79.0,67.0,7.0,5.0
2021-08-05 09:57:45,93.0,83.0,9.0,1.0
2021-08-05 09:57:46,96.0,83.0,11.0,2.0
2021-08-05 09:57:47,89.0,80.0,4.0,5.0
2021-08-05 09:57:48,86.0,72.0,7.0,7.0
2021-08-05 09:57:49,77.0,66.0,7.0,4.0
2021-08-05 09:57:50,72.0,69.0,0.0,3.0
2021-08-05 09:57:51,88.0,81.0,6.0,1.0
2021-08-05 09:57:52,88.0,76.0,8.0,4.0
2021-08-05 09:57:53,74.0,64.0,5.0,5.0
2021-08-05 09:57:54,82.0,72.0,6.0,4.0
2021-08-05 09:57:55,95.0,81.0,11.0,3.0
2021-08-05 09:57:56,87.0,77.0,7.0,3.0
2021-08-05 09:57:57,88.0,80.0,5.0,3.0
2021-08-05 09:57:58,105.0,94.0,6.0,5.0
2021-08-05 09:57:59,95.0,83.0,6.0,6.0
2021-08-05 09:58:00,84.0,72.0,7.0,5.0
2021-08-05 09:58:01,78.0,66.0,9.0,3.0
2021-08-05 09:58:02,79.0,71.0,4.0,4.0
2021-08-05 09:58:03,75.0,60.0,8.0,7.0
2021-08-05 09:58:04,83.0,74.0,6.0,3.0
2021-08-05 09:58:05,73.0,63.0,5.0,5.0
2021-08-05 09:58:06,97.0,84.0,10.0,3.0
2021-08-05 09:58:07,90.0,78.0,9.0,3.0
2021-08-05 09:58:08,76.0,65.0,5.0,6.0
2021-08-05 09:58:09,93.0,83.0,7.0,3.0
2021-08-05 09:58:10,91.0,75.0,9.0,7.0
2021-08-05 09:58:11,94.0,84.0,7.0,3.0
2021-08-05 09:58:12,95.0,86.0,4.0,5.0
2021-08-05 09:58:13,75.0,65.0,2.0,8.0
2021-08-05 09:58:14,76.0,64.0,6.0,6.0
2021-08-05 09:58:15,79.0,71.0,4.0,4.0
2021-08-05 09:58:16,85.0,73.0,10.0,2.0
2021-08-05 09:58:17,101.0,91.0,9.0,1.0
2021-08-05 09:58:18,113.0,99.0,8.0,6.0
2021-08-05 09:58:19,90.0,81.0,6.0,3.0
2021-08-05 09:58:20,92.0,84.0,4.0,4.0
2021-08-05 09:58:21,97.0,85.0,8.0,4.0
2021-08-05 09:58:22,87.0,78.0,8.0,1.0
2021-08-05 09:58:23,70.0,58.0,5.0,7.0
2021-08-05 09:58:24,80.0,70.0,8.0,2.0
2021-08-05 09:58:25,92.0,84.0,3.0,5.0
2021-08-05 09:58:26,87.0,80.0,5.0,2.0
2021-08-05 09:58:27,78.0,64.0,9.0,5.0
2021-08-05 09:58:28,94.0,86.0,5.0,3.0
2021-08-05 09:58:29,95.0,84.0,7.0,4.0
2021-08-05 09:58:30,96.0,84.0,6.0,6.0
2021-08-05 09:58:31,92.0,81.0,6.0,5.0
2021-08-05 09:58:32,69.0,56.0,8.0,5.0
2021-08-05 09:58:33,84.0,76.0,7.0,1.0
2021-08-05 09:58:34,84.0,73.0,7.0,4.0
2021-08-05 09:58:35,87.0,79.0,6.0,2.0
2021-08-05 09:58:36,91.0,80.0,7.0,4.0
2021-08-05 09:58:37,87.0,74.0,7.0,6.0
2021-08-05 09:58:38,77.0,62.0,10.0,5.0
2021-08-05 09:58:39,80.0,65.0,9.0,6.0
2021-08-05 09:58:40,74.0,65.0,5.0,4.0
2021-08-05 09:58:41,106.0,89.0,7.0,10.0
2021-08-05 09:58:42,79.0,67.0,7.0,5.0
2021-08-05 09:58:43,79.0,71.0,6.0,2.0
2021-08-05 09:58:44,80.0,73.0,4.0,3.0
2021-08-05 09:58:45,93.0,78.0,8.0,7.0
2021-08-05 09:58:46,79.0,69.0,7.0,3.0
2021-08-05 09:58:47,70.0,63.0,4.0,3.0
2021-08-05 09:58:48,100.0,80.0,11.0,9.0
2021-08-05 09:58:49,84.0,71.0,7.0,6.0
2021-08-05 09:58:50,80.0,68.0,4.0,8.0
2021-08-05 09:58:51,83.0,76.0,4.0,3.0
2021-08-05 09:58:52,103.0,92.0,10.0,1.0
2021-08-05 09:58:53,72.0,68.0,4.0,0.0
2021-08-05 09:58:54,68.0,61.0,4.0,3.0
2021-08-05 09:58:55,80.0,70.0,7.0,3.0
2021-08-05 09:58:56,78.0,67.0,8.0,3.0
2021-08-05 09:58:57,92.0,81.0,9.0,2.0
2021-08-05 09:58:58,90.0,81.0,6.0,3.0
2021-08-05 09:58:59,85.0,71.0,9.0,5.0
2021-08-05 09:59:00,91.0,77.0,8.0,6.0
2021-08-05 09:59:01,91.0,82.0,5.0,4.0
2021-08-05 09:59:02,89.0,79.0,5.0,5.0
2021-08-05 09:59:03,82.0,71.0,9.0,2.0
2021-08-05 09:59:04,85.0,74.0,6.0,5.0
2021-08-05 09:59:05,86.0,76.0,8.0,2.0
2021-08-05 09:59:06,88.0,73.0,7.0,8.0
2021-08-05 09:59:07,87.0,75.0,8.0,4.0
2021-08-05 09:59:08,77.0,69.0,3.0,5.0
2021-08-05 09:59:09,80.0,71.0,4.0,5.0
2021-08-05 09:59:10,86.0,79.0,4.0,3.0
2021-08-05 09:59:11,84.0,71.0,6.0,7.0
2021-08-05 09:59:12,84.0,74.0,8.0,2.0
2021-08-05 09:59:13,98.0,81.0,10.0,7.0
2021-08-05 09:59:14,83.0,77.0,5.0,1.0
2021-08-05 09:59:15,70.0,61.0,5.0,4.0
2021-08-05 09:59:16,86.0,78.0,3.0,5.0
2021-08-05 09:59:17,95.0,84.0,7.0,4.0
2021-08-05 09:59:18,79.0,70.0,6.0,3.0
2021-08-05 09:59:19,95.0,85.0,6.0,4.0
2021-08-05 09:59:20,79.0,71.0,4.0,4.0
2021-08-05 09:59:21,83.0,66.0,7.0,10.0
2021-08-05 09:59:22,81.0,70.0,6.0,5.0
2021-08-05 09:59:23,94.0,80.0,8.0,6.0
2021-08-05 09:59:24,79.0,66.0,7.0,6.0
2021-08-05 09:59:25,66.0,59.0,3.0,4.0
2021-08-05 09:59:26,66.0,59.0,2.0,5.0
2021-08-05 09:59:27,68.0,57.0,8.0,3.0
2021-08-05 09:59:28,88.0,66.0,13.0,9.0
2021-08-05 09:59:29,80.0,68.0,8.0,4.0
2021-08-05 09:59:30,86.0,70.0,13.0,3.0
2021-08-05 09:59:31,84.0,70.0,9.0,5.0
2021-08-05 09:59:32,79.0,73.0,4.0,2.0
2021-08-05 09:59:33,105.0,93.0,8.0,4.0
2021-08-05 09:59:34,95.0,85.0,6.0,4.0
2021-08-05 09:59:35,70.0,62.0,7.0,1.0
2021-08-05 09:59:36,84.0,73.0,5.0,6.0
2021-08-05 09:59:37,85.0,73.0,8.0,4.0
2021-08-05 09:59:38,97.0,79.0,11.0,7.0
2021-08-05 09:59:39,81.0,69.0,9.0,3.0
2021-08-05 09:59:40,95.0,84.0,10.0,1.0
2021-08-05 09:59:41,78.0,73.0,2.0,3.0
2021-08-05 09:59:42,90.0,82.0,5.0,3.0
2021-08-05 09:59:43,94.0,85.0,5.0,4.0
2021-08-05 09:59:44,73.0,68.0,3.0,2.0
2021-08-05 09:59:45,107.0,87.0,10.0,10.0
2021-08-05 09:59:46,93.0,83.0,5.0,5.0
2021-08-05 09:59:47,83.0,72.0,6.0,5.0
2021-08-05 09:59:48,79.0,73.0,3.0,3.0
2021-08-05 09:59:49,87.0,76.0,6.0,5.0
2021-08-05 09:59:50,82.0,74.0,6.0,2.0
2021-08-05 09:59:51,74.0,66.0,6.0,2.0
2021-08-05 09:59:52,115.0,99.0,8.0,8.0
2021-08-05 09:59:53,79.0,70.0,6.0,3.0
2021-08-05 09:59:54,87.0,77.0,5.0,5.0
2021-08-05 09:59:55,71.0,62.0,5.0,4.0
2021-08-05 09:59:56,70.0,65.0,4.0,1.0
2021-08-05 09:59:57,74.0,61.0,9.0,4.0
2021-08-05 09:59:58,78.0,69.0,6.0,3.0
2021-08-05 09:59:59,85.0,72.0,8.0,5.0
2021-08-05 10:00:00,94.0,84.0,7.0,3.0
2021-08-05 10:00:01,88.0,78.0,6.0,4.0
2021-08-05 10:00:02,93.0,81.0,8.0,4.0
2021-08-05 10:00:03,87.0,80.0,5.0,2.0
2021-08-05 10:00:04,92.0,84.0,5.0,3.0
2021-08-05 10:00:05,76.0,68.0,4.0,4.0
2021-08-05 10:00:06,75.0,68.0,4.0,3.0
2021-08-05 10:00:07,99.0,91.0,6.0,2.0
2021-08-05 10:00:08,72.0,62.0,5.0,5.0
2021-08-05 10:00:09,84.0,65.0,12.0,7.0
2021-08-05 10:00:10,79.0,71.0,4.0,4.0
2021-08-05 10:00:11,78.0,64.0,7.0,7.0
2021-08-05 10:00:12,85.0,78.0,5.0,2.0
2021-08-05 10:00:13,96.0,85.0,10.0,1.0
2021-08-05 10:00:14,85.0,76.0,6.0,3.0
2021-08-05 10:00:15,92.0,72.0,13.0,7.0
2021-08-05 10:00:16,80.0,73.0,6.0,1.0
2021-08-05 10:00:17,79.0,64.0,8.0,7.0
2021-08-05 10:00:18,85.0,77.0,4.0,4.0
2021-08-05 10:00:19,81.0,69.0,5.0,7.0
2021-08-05 10:00:20,74.0,61.0,7.0,6.0
2021-08-05 10:00:21,85.0,75.0,8.0,2.0
2021-08-05 10:00:22,77.0,67.0,5.0,5.0
2021-08-05 10:00:23,82.0,68.0,10.0,4.0
2021-08-05 10:00:24,86.0,72.0,9.0,5.0
2021-08-05 10:00:25,87.0,78.0,4.0,5.0
2021-08-05 10:00:26,88.0,80.0,5.0,3.0
2021-08-05 10:00:27,102.0,85.0,11.0,6.0
2021-08-05 10:00:28,110.0,101.0,6.0,3.0
2021-08-05 10:00:29,116.0,97.0,14.0,5.0
2021-08-05 10:00:30,96.0,83.0,5.0,8.0
2021-08-05 10:00:31,94.0,84.0,5.0,5.0
2021-08-05 10:00:32,93.0,79.0,9.0,5.0
2021-08-05 10:00:33,92.0,80.0,5.0,7.0
2021-08-05 10:00:34,82.0,73.0,5.0,4.0
2021-08-05 10:00:35,68.0,59.0,7.0,2.0
2021-08-05 10:00:36,74.0,58.0,13.0,3.0
2021-08-05 10:00:37,91.0,83.0,5.0,3.0
2021-08-05 10:00:38,87.0,72.0,10.0,5.0
2021-08-05 10:00:39,87.0,80.0,6.0,1.0
2021-08-05 10:00:40,88.0,79.0,5.0,4.0
2021-08-05 10:00:41,87.0,77.0,5.0,5.0
2021-08-05 10:00:42,100.0,91.0,4.0,5.0
2021-08-05 10:00:43,89.0,84.0,2.0,3.0
2021-08-05 10:00:44,77.0,67.0,3.0,7.0
2021-08-05 10:00:45,86.0,74.0,9.0,3.0
2021-08-05 10:00:46,84.0,74.0,5.0,5.0
2021-08-05 10:00:47,75.0,66.0,7.0,2.0
2021-08-05 10:00:48,87.0,78.0,6.0,3.0
2021-08-05 10:00:49,86.0,84.0,1.0,1.0
2021-08-05 10:00:50,73.0,69.0,2.0,2.0
2021-08-05 10:00:51,85.0,75.0,6.0,4.0
2021-08-05 10:00:52,88.0,77.0,5.0,6.0
2021-08-05 10:00:53,75.0,64.0,7.0,4.0
2021-08-05 10:00:54,75.0,65.0,3.0,7.0
2021-08-05 10:00:55,87.0,75.0,4.0,8.0
2021-08-05 10:00:56,82.0,76.0,2.0,4.0
2021-08-05 10:00:57,103.0,89.0,11.0,3.0
2021-08-05 10:00:58,83.0,70.0,9.0,4.0
2021-08-05 10:00:59,80.0,67.0,7.0,6.0
2021-08-05 10:01:00,82.0,71.0,4.0,7.0
2021-08-05 10:01:01,70.0,64.0,4.0,2.0
2021-08-05 10:01:02,83.0,77.0,3.0,3.0
2021-08-05 10:01:03,87.0,77.0,6.0,4.0
2021-08-05 10:01:04,78.0,73.0,3.0,2.0
2021-08-05 10:01:05,80.0,71.0,5.0,4.0
2021-08-05 10:01:06,85.0,74.0,7.0,4.0
2021-08-05 10:01:07,89.0,74.0,13.0,2.0
2021-08-05 10:01:08,94.0,80.0,9.0,5.0
2021-08-05 10:01:09,68.0,62.0,4.0,2.0
2021-08-05 10:01:10,86.0,73.0,8.0,5.0
2021-08-05 10:01:11,77.0,65.0,10.0,2.0
2021-08-05 10:01:12,95.0,80.0,9.0,6.0
2021-08-05 10:01:13,92.0,80.0,7.0,5.0
2021-08-05 10:01:14,97.0,85.0,5.0,7.0
2021-08-05 10:01:15,80.0,68.0,8.0,4.0
2021-08-05 10:01:16,77.0,69.0,4.0,4.0
2021-08-05 10:01:17,84.0,72.0,7.0,5.0
2021-08-05 10:01:18,91.0,79.0,7.0,5.0
2021-08-05 10:01:19,75.0,66.0,4.0,5.0
2021-08-05 10:01:20,79.0,70.0,8.0,1.0
2021-08-05 10:01:21,90.0,81.0,8.0,1.0
2021-08-05 10:01:22,77.0,68.0,6.0,3.0
2021-08-05 10:01:23,77.0,67.0,5.0,5.0
2021-08-05 10:01:24,87.0,79.0,8.0,0.0
2021-08-05 10:01:25,87.0,70.0,9.0,8.0
2021-08-05 10:01:26,75.0,69.0,5.0,1.0
2021-08-05 10:01:27,87.0,76.0,10.0,1.0
2021-08-05 10:01:28,87.0,83.0,1.0,3.0
2021-08-05 10:01:29,66.0,51.0,10.0,5.0
2021-08-05 10:01:30,86.0,74.0,6.0,6.0
2021-08-05 10:01:31,81.0,70.0,9.0,2.0
2021-08-05 10:01:32,82.0,71.0,6.0,5.0
2021-08-05 10:01:33,79.0,71.0,5.0,3.0
2021-08-05 10:01:34,85.0,72.0,7.0,6.0
2021-08-05 10:01:35,86.0,73.0,9.0,4.0
2021-08-05 10:01:36,91.0,84.0,4.0,3.0
2021-08-05 10:01:37,80.0,72.0,6.0,2.0
2021-08-05 10:01:38,80.0,72.0,4.0,4.0
2021-08-05 10:01:39,78.0,69.0,6.0,3.0
2021-08-05 10:01:40,91.0,79.0,7.0,5.0
2021-08-05 10:01:41,81.0,72.0,5.0,4.0
2021-08-05 10:01:42,98.0,78.0,10.0,10.0
2021-08-05 10:01:43,106.0,89.0,10.0,7.0
2021-08-05 10:01:44,80.0,73.0,5.0,2.0
2021-08-05 10:01:45,96.0,90.0,3.0,3.0
2021-08-05 10:01:46,85.0,78.0,5.0,2.0
2021-08-05 10:01:47,77.0,69.0,3.0,5.0
2021-08-05 10:01:48,82.0,72.0,7.0,3.0
2021-08-05 10:01:49,70.0,60.0,7.0,3.0
2021-08-05 10:01:50,87.0,78.0,7.0,2.0
2021-08-05 10:01:51,106.0,96.0,4.0,6.0
2021-08-05 10:01:52,102.0,89.0,10.0,3.0
2021-08-05 10:01:53,93.0,85.0,3.0,5.0
2021-08-05 10:01:54,82.0,75.0,5.0,2.0
2021-08-05 10:01:55,82.0,76.0,2.0,4.0
2021-08-05 10:01:56,83.0,72.0,8.0,3.0
2021-08-05 10:01:57,84.0,72.0,8.0,4.0
2021-08-05 10:01:58,82.0,72.0,7.0,3.0
2021-08-05 10:01:59,97.0,88.0,5.0,4.0
2021-08-05 10:02:00,84.0,73.0,6.0,5.0
2021-08-05 10:02:01,93.0,83.0,6.0,4.0
2021-08-05 10:02:02,85.0,76.0,5.0,4.0
2021-08-05 10:02:03,100.0,83.0,12.0,5.0
2021-08-05 10:02:04,97.0,83.0,10.0,4.0
2021-08-05 10:02:05,91.0,85.0,3.0,3.0
2021-08-05 10:02:06,118.0,108.0,5.0,5.0
2021-08-05 10:02:07,83.0,78.0,4.0,1.0
2021-08-05 10:02:08,81.0,70.0,8.0,3.0
2021-08-05 10:02:09,75.0,67.0,5.0,3.0
2021-08-05 10:02:10,71.0,57.0,12.0,2.0
2021-08-05 10:02:11,73.0,68.0,2.0,3.0
2021-08-05 10:02:12,96.0,77.0,13.0,6.0
2021-08-05 10:02:13,84.0,70.0,7.0,7.0
2021-08-05 10:02:14,109.0,95.0,7.0,7.0
2021-08-05 10:02:15,94.0,79.0,9.0,6.0
2021-08-05 10:02:16,68.0,56.0,9.0,3.0
2021-08-05 10:02:17,95.0,80.0,9.0,6.0
2021-08-05 10:02:18,74.0,63.0,9.0,2.0
2021-08-05 10:02:19,85.0,77.0,4.0,4.0
2021-08-05 10:02:20,88.0,79.0,9.0,0.0
2021-08-05 10:02:21,90.0,84.0,4.0,2.0
2021-08-05 10:02:22,96.0,87.0,5.0,4.0
2021-08-05 10:02:23,101.0,90.0,7.0,4.0
2021-08-05 10:02:24,93.0,82.0,8.0,3.0
2021-08-05 10:02:25,89.0,77.0,7.0,5.0
2021-08-05 10:02:26,80.0,68.0,11.0,1.0
2021-08-05 10:02:27,74.0,62.0,10.0,2.0
2021-08-05 10:02:28,94.0,83.0,7.0,4.0
2021-08-05 10:02:29,106.0,90.0,8.0,8.0
2021-08-05 10:02:30,75.0,65.0,3.0,7.0
2021-08-05 10:02:31,80.0,76.0,3.0,1.0
2021-08-05 10:02:32,80.0,67.0,6.0,7.0
2021-08-05 10:02:33,91.0,82.0,5.0,4.0
2021-08-05 10:02:34,95.0,84.0,6.0,5.0
2021-08-05 10:02:35,92.0,83.0,8.0,1.0
2021-08-05 10:02:36,89.0,77.0,7.0,5.0
2021-08-05 10:02:37,72.0,70.0,1.0,1.0
2021-08-05 10:02:38,88.0,79.0,2.0,7.0
2021-08-05 10:02:39,90.0,70.0,13.0,7.0
2021-08-05 10:02:40,89.0,78.0,7.0,4.0
2021-08-05 10:02:41,88.0,74.0,9.0,5.0
2021-08-05 10:02:42,96.0,85.0,9.0,2.0
2021-08-05 10:02:43,86.0,74.0,8.0,4.0
2021-08-05 10:02:44,71.0,62.0,7.0,2.0
2021-08-05 10:02:45,99.0,83.0,8.0,8.0
2021-08-05 10:02:46,89.0,76.0,7.0,6.0
2021-08-05 10:02:47,82.0,74.0,4.0,4.0
2021-08-05 10:02:48,79.0,72.0,4.0,3.0
2021-08-05 10:02:49,86.0,77.0,6.0,3.0
2021-08-05 10:02:50,81.0,73.0,6.0,2.0
2021-08-05 10:02:51,88.0,76.0,6.0,6.0
2021-08-05 10:02:52,72.0,61.0,7.0,4.0
2021-08-05 10:02:53,59.0,51.0,5.0,3.0
2021-08-05 10:02:54,76.0,68.0,5.0,3.0
2021-08-05 10:02:55,96.0,87.0,6.0,3.0
2021-08-05 10:02:56,93.0,81.0,8.0,4.0
2021-08-05 10:02:57,79.0,69.0,6.0,4.0
2021-08-05 10:02:58,74.0,63.0,4.0,7.0
2021-08-05 10:02:59,81.0,71.0,4.0,6.0
2021-08-05 10:03:00,84.0,72.0,6.0,6.0
2021-08-05 10:03:01,96.0,86.0,4.0,6.0
2021-08-05 10:03:02,89.0,83.0,3.0,3.0
2021-08-05 10:03:03,84.0,73.0,6.0,5.0
2021-08-05 10:03:04,82.0,72.0,7.0,3.0
2021-08-05 10:03:05,93.0,82.0,8.0,3.0
2021-08-05 10:03:06,81.0,69.0,4.0,8.0
2021-08-05 10:03:07,87.0,76.0,9.0,2.0
2021-08-05 10:03:08,80.0,68.0,9.0,3.0
2021-08-05 10:03:09,96.0,91.0,2.0,3.0
2021-08-05 10:03:10,72.0,65.0,5.0,2.0
2021-08-05 10:03:11,74.0,60.0,5.0,9.0
2021-08-05 10:03:12,84.0,71.0,8.0,5.0
2021-08-05 10:03:13,78.0,73.0,2.0,3.0
2021-08-05 10:03:14,70.0,60.0,8.0,2.0
2021-08-05 10:03:15,76.0,64.0,7.0,5.0
2021-08-05 10:03:16,93.0,78.0,11.0,4.0
2021-08-05 10:03:17,77.0,62.0,11.0,4.0
2021-08-05 10:03:18,81.0,72.0,8.0,1.0
2021-08-05 10:03:19,89.0,79.0,8.0,2.0
2021-08-05 10:03:20,87.0,76.0,9.0,2.0
2021-08-05 10:03:21,75.0,64.0,4.0,7.0
2021-08-05 10:03:22,81.0,72.0,3.0,6.0
2021-08-05 10:03:23,79.0,70.0,5.0,4.0
2021-08-05 10:03:24,95.0,79.0,7.0,9.0
2021-08-05 10:03:25,68.0,61.0,4.0,3.0
2021-08-05 10:03:26,82.0,72.0,7.0,3.0
2021-08-05 10:03:27,87.0,71.0,6.0,10.0
2021-08-05 10:03:28,79.0,69.0,7.0,3.0
2021-08-05 10:03:29,91.0,86.0,3.0,2.0
2021-08-05 10:03:30,78.0,72.0,5.0,1.0
2021-08-05 10:03:31,90.0,83.0,6.0,1.0
2021-08-05 10:03:32,80.0,68.0,11.0,1.0
2021-08-05 10:03:33,96.0,86.0,6.0,4.0
2021-08-05 10:03:34,83.0,74.0,7.0,2.0
2021-08-05 10:03:35,88.0,78.0,5.0,5.0
2021-08-05 10:03:36,88.0,82.0,3.0,3.0
2021-08-05 10:03:37,88.0,78.0,7.0,3.0
2021-08-05 10:03:38,69.0,61.0,5.0,3.0
2021-08-05 10:03:39,82.0,68.0,9.0,5.0
2021-08-05 10:03:40,87.0,80.0,4.0,3.0
2021-08-05 10:03:41,112.0,102.0,4.0,6.0
2021-08-05 10:03:42,72.0,63.0,6.0,3.0
2021-08-05 10:03:43,87.0,75.0,7.0,5.0
2021-08-05 10:03:44,80.0,67.0,9.0,4.0
2021-08-05 10:03:45,81.0,68.0,6.0,7.0
2021-08-05 10:03:46,94.0,84.0,6.0,4.0
2021-08-05 10:03:47,90.0,77.0,10.0,3.0
2021-08-05 10:03:48,97.0,84.0,8.0,5.0
2021-08-05 10:03:49,68.0,61.0,5.0,2.0
2021-08-05 10:03:50,96.0,83.0,6.0,7.0
2021-08-05 10:03:51,72.0,65.0,3.0,4.0
2021-08-05 10:03:52,89.0,82.0,2.0,5.0
2021-08-05 10:03:53,100.0,87.0,9.0,4.0
2021-08-05 10:03:54,66.0,59.0,5.0,2.0
2021-08-05 10:03:55,79.0,69.0,5.0,5.0
2021-08-05 10:03:56,76.0,70.0,3.0,3.0
2021-08-05 10:03:57,82.0,64.0,14.0,4.0
2021-08-05 10:03:58,70.0,64.0,4.0,2.0
2021-08-05 10:03:59,80.0,69.0,6.0,5.0
2021-08-05 10:04:00,76.0,69.0,5.0,2.0
2021-08-05 10:04:01,78.0,66.0,9.0,3.0
2021-08-05 10:04:02,81.0,72.0,5.0,4.0
2021-08-05 10:04:03,90.0,77.0,7.0,6.0
2021-08-05 10:04:04,90.0,79.0,6.0,5.0
2021-08-05 10:04:05,72.0,63.0,3.0,6.0
2021-08-05 10:04:06,80.0,71.0,6.0,3.0
2021-08-05 10:04:07,89.0,81.0,3.0,5.0
2021-08-05 10:04:08,88.0,78.0,8.0,2.0
2021-08-05 10:04:09,72.0,66.0,4.0,2.0
2021-08-05 10:04:10,86.0,81.0,4.0,1.0
2021-08-05 10:04:11,106.0,96.0,9.0,1.0
2021-08-05 10:04:12,69.0,61.0,7.0,1.0
2021-08-05 10:04:13,75.0,66.0,5.0,4.0
2021-08-05 10:04:14,86.0,77.0,6.0,3.0
2021-08-05 10:04:15,78.0,63.0,11.0,4.0
2021-08-05 10:04:16,70.0,62.0,5.0,3.0
2021-08-05 10:04:17,83.0,69.0,11.0,3.0
2021-08-05 10:04:18,66.0,63.0,1.0,2.0
2021-08-05 10:04:19,84.0,74.0,7.0,3.0
2021-08-05 10:04:20,82.0,74.0,7.0,1.0
2021-08-05 10:04:21,84.0,68.0,12.0,4.0
2021-08-05 10:04:22,86.0,74.0,7.0,5.0
2021-08-05 10:04:23,86.0,81.0,4.0,1.0
2021-08-05 10:04:24,76.0,64.0,6.0,6.0
2021-08-05 10:04:25,85.0,78.0,6.0,1.0
2021-08-05 10:04:26,81.0,72.0,3.0,6.0
2021-08-05 10:04:27,93.0,86.0,4.0,3.0
2021-08-05 10:04:28,88.0,80.0,5.0,3.0
2021-08-05 10:04:29,75.0,64.0,7.0,4.0
2021-08-05 10:04:30,78.0,64.0,10.0,4.0
2021-08-05 10:04:31,89.0,85.0,1.0,3.0
2021-08-05 10:04:32,86.0,78.0,4.0,4.0
2021-08-05 10:04:33,76.0,66.0,8.0,2.0
2021-08-05 10:04:34,81.0,70.0,4.0,7.0
2021-08-05 10:04:35,82.0,67.0,11.0,4.0
2021-08-05 10:04:36,67.0,57.0,5.0,5.0
2021-08-05 10:04:37,89.0,80.0,3.0,6.0
2021-08-05 10:04:38,84.0,74.0,7.0,3.0
2021-08-05 10:04:39,110.0,96.0,8.0,6.0
2021-08-05 10:04:40,84.0,72.0,7.0,5.0
2021-08-05 10:04:41,87.0,81.0,2.0,4.0
2021-08-05 10:04:42,96.0,86.0,5.0,5.0
2021-08-05 10:04:43,79.0,68.0,5.0,6.0
2021-08-05 10:04:44,83.0,76.0,5.0,2.0
2021-08-05 10:04:45,89.0,77.0,8.0,4.0
2021-08-05 10:04:46,96.0,82.0,9.0,5.0
2021-08-05 10:04:47,82.0,73.0,4.0,5.0
2021-08-05 10:04:48,90.0,76.0,11.0,3.0
2021-08-05 10:04:49,79.0,68.0,9.0,2.0
2021-08-05 10:04:50,81.0,70.0,7.0,4.0
2021-08-05 10:04:51,79.0,70.0,6.0,3.0
2021-08-05 10:04:52,79.0,70.0,6.0,3.0
2021-08-05 10:04:53,84.0,77.0,3.0,4.0
2021-08-05 10:04:54,91.0,79.0,6.0,6.0
2021-08-05 10:04:55,73.0,65.0,6.0,2.0
2021-08-05 10:04:56,78.0,70.0,4.0,4.0
2021-08-05 10:04:57,64.0,56.0,5.0,3.0
2021-08-05 10:04:58,105.0,93.0,8.0,4.0
2021-08-05 10:04:59,87.0,81.0,3.0,3.0
2021-08-05 10:05:00,79.0,71.0,6.0,2.0
2021-08-05 10:05:01,70.0,61.0,5.0,4.0
2021-08-05 10:05:02,68.0,54.0,10.0,4.0
2021-08-05 10:05:03,73.0,64.0,4.0,5.0
2021-08-05 10:05:04,96.0,83.0,8.0,5.0
2021-08-05 10:05:05,96.0,85.0,10.0,1.0
2021-08-05 10:05:06,70.0,60.0,8.0,2.0
2021-08-05 10:05:07,103.0,93.0,5.0,5.0
2021-08-05 10:05:08,82.0,76.0,4.0,2.0
2021-08-05 10:05:09,86.0,79.0,5.0,2.0
2021-08-05 10:05:10,74.0,63.0,6.0,5.0
2021-08-05 10:05:11,83.0,71.0,6.0,6.0
2021-08-05 10:05:12,76.0,66.0,5.0,5.0
2021-08-05 10:05:13,92.0,79.0,5.0,8.0
2021-08-05 10:05:14,74.0,62.0,8.0,4.0
2021-08-05 10:05:15,71.0,62.0,6.0,3.0
2021-08-05 10:05:16,93.0,78.0,9.0,6.0
2021-08-05 10:05:17,81.0,67.0,6.0,8.0
2021-08-05 10:05:18,83.0,73.0,8.0,2.0
2021-08-05 10:05:19,98.0,92.0,3.0,3.0
2021-08-05 10:05:20,88.0,79.0,5.0,4.0
2021-08-05 10:05:21,82.0,71.0,7.0,4.0
2021-08-05 10:05:22,78.0,69.0,4.0,5.0
2021-08-05 10:05:23,91.0,78.0,9.0,4.0
2021-08-05 10:05:24,84.0,74.0,6.0,4.0
2021-08-05 10:05:25,88.0,74.0,11.0,3.0
2021-08-05 10:05:26,81.0,64.0,12.0,5.0
2021-08-05 10:05:27,79.0,69.0,5.0,5.0
2021-08-05 10:05:28,72.0,61.0,5.0,6.0
2021-08-05 10:05:29,76.0,64.0,9.0,3.0
2021-08-05 10:05:30,97.0,83.0,11.0,3.0
2021-08-05 10:05:31,91.0,81.0,6.0,4.0
2021-08-05 10:05:32,97.0,88.0,8.0,1.0
2021-08-05 10:05:33,76.0,68.0,7.0,1.0
2021-08-05 10:05:34,80.0,70.0,7.0,3.0
2021-08-05 10:05:35,84.0,74.0,3.0,7.0
2021-08-05 10:05:36,89.0,78.0,8.0,3.0
2021-08-05 10:05:37,98.0,83.0,9.0,6.0
2021-08-05 10:05:38,90.0,71.0,14.0,5.0
2021-08-05 10:05:39,98.0,86.0,8.0,4.0
2021-08-05 10:05:40,87.0,75.0,8.0,4.0
2021-08-05 10:05:41,103.0,94.0,6.0,3.0
2021-08-05 10:05:42,88.0,76.0,5.0,7.0
2021-08-05 10:05:43,78.0,70.0,5.0,3.0
2021-08-05 10:05:44,100.0,85.0,8.0,7.0
2021-08-05 10:05:45,105.0,93.0,9.0,3.0
2021-08-05 10:05:46,77.0,66.0,7.0,4.0
2021-08-05 10:05:47,95.0,85.0,6.0,4.0
2021-08-05 10:05:48,80.0,73.0,5.0,2.0
2021-08-05 10:05:49,77.0,70.0,6.0,1.0
2021-08-05 10:05:50,76.0,67.0,4.0,5.0
2021-08-05 10:05:51,86.0,73.0,7.0,6.0
2021-08-05 10:05:52,95.0,82.0,8.0,5.0
2021-08-05 10:05:53,104.0,93.0,6.0,5.0
2021-08-05 10:05:54,101.0,89.0,5.0,7.0
2021-08-05 10:05:55,94.0,85.0,6.0,3.0
2021-08-05 10:05:56,91.0,78.0,9.0,4.0
2021-08-05 10:05:57,81.0,73.0,4.0,4.0
2021-08-05 10:05:58,77.0,69.0,5.0,3.0
2021-08-05 10:05:59,87.0,77.0,4.0,6.0
2021-08-05 10:06:00,83.0,69.0,12.0,2.0
2021-08-05 10:06:01,76.0,66.0,7.0,3.0
2021-08-05 10:06:02,80.0,73.0,4.0,3.0
2021-08-05 10:06:03,81.0,76.0,2.0,3.0
2021-08-05 10:06:04,102.0,91.0,8.0,3.0
2021-08-05 10:06:05,95.0,82.0,8.0,5.0
2021-08-05 10:06:06,88.0,77.0,5.0,6.0
2021-08-05 10:06:07,76.0,69.0,3.0,4.0
2021-08-05 10:06:08,91.0,73.0,13.0,5.0
2021-08-05 10:06:09,89.0,81.0,6.0,2.0
2021-08-05 10:06:10,72.0,67.0,5.0,0.0
2021-08-05 10:06:11,91.0,78.0,6.0,7.0
2021-08-05 10:06:12,95.0,86.0,5.0,4.0
2021-08-05 10:06:13,81.0,72.0,6.0,3.0
2021-08-05 10:06:14,100.0,96.0,3.0,1.0
2021-08-05 10:06:15,94.0,82.0,6.0,6.0
2021-08-05 10:06:16,77.0,68.0,4.0,5.0
2021-08-05 10:06:17,95.0,85.0,6.0,4.0
2021-08-05 10:06:18,99.0,92.0,6.0,1.0
2021-08-05 10:06:19,89.0,77.0,6.0,6.0
2021-08-05 10:06:20,88.0,77.0,5.0,6.0
2021-08-05 10:06:21,95.0,86.0,6.0,3.0
2021-08-05 10:06:22,98.0,91.0,6.0,1.0
2021-08-05 10:06:23,75.0,67.0,6.0,2.0
2021-08-05 10:06:24,90.0,81.0,4.0,5.0
2021-08-05 10:06:25,75.0,64.0,5.0,6.0
2021-08-05 10:06:26,90.0,80.0,6.0,4.0
2021-08-05 10:06:27,82.0,73.0,5.0,4.0
2021-08-05 10:06:28,76.0,61.0,10.0,5.0
2021-08-05 10:06:29,80.0,69.0,9.0,2.0
2021-08-05 10:06:30,65.0,58.0,5.0,2.0
2021-08-05 10:06:31,94.0,82.0,4.0,8.0
2021-08-05 10:06:32,91.0,77.0,8.0,6.0
2021-08-05 10:06:33,75.0,65.0,6.0,4.0
2021-08-05 10:06:34,90.0,73.0,9.0,8.0
2021-08-05 10:06:35,77.0,71.0,6.0,0.0
2021-08-05 10:06:36,73.0,60.0,7.0,6.0
2021-08-05 10:06:37,90.0,82.0,4.0,4.0
2021-08-05 10:06:38,84.0,72.0,6.0,6.0
2021-08-05 10:06:39,92.0,81.0,6.0,5.0
2021-08-05 10:06:40,95.0,88.0,3.0,4.0
2021-08-05 10:06:41,81.0,76.0,4.0,1.0
2021-08-05 10:06:42,52.0,44.0,2.0,6.0
2021-08-05 10:06:43,89.0,81.0,6.0,2.0
2021-08-05 10:06:44,96.0,80.0,9.0,7.0
2021-08-05 10:06:45,84.0,77.0,4.0,3.0
2021-08-05 10:06:46,97.0,87.0,5.0,5.0
2021-08-05 10:06:47,104.0,90.0,7.0,7.0
2021-08-05 10:06:48,99.0,94.0,3.0,2.0
2021-08-05 10:06:49,77.0,70.0,5.0,2.0
2021-08-05 10:06:50,94.0,81.0,8.0,5.0
2021-08-05 10:06:51,72.0,68.0,2.0,2.0
2021-08-05 10:06:52,79.0,71.0,6.0,2.0
2021-08-05 10:06:53,70.0,62.0,4.0,4.0
2021-08-05 10:06:54,89.0,80.0,4.0,5.0
2021-08-05 10:06:55,75.0,66.0,5.0,4.0
2021-08-05 10:06:56,81.0,70.0,8.0,3.0
2021-08-05 10:06:57,85.0,79.0,3.0,3.0
2021-08-05 10:06:58,90.0,77.0,7.0,6.0
2021-08-05 10:06:59,93.0,81.0,9.0,3.0
2021-08-05 10:07:00,75.0,65.0,5.0,5.0
2021-08-05 10:07:01,89.0,78.0,6.0,5.0
2021-08-05 10:07:02,97.0,87.0,6.0,4.0
2021-08-05 10:07:03,82.0,68.0,12.0,2.0
2021-08-05 10:07:04,90.0,76.0,8.0,6.0
2021-08-05 10:07:05,86.0,76.0,5.0,5.0
2021-08-05 10:07:06,92.0,86.0,6.0,0.0
2021-08-05 10:07:07,77.0,67.0,4.0,6.0
2021-08-05 10:07:08,87.0,78.0,5.0,4.0
2021-08-05 10:07:09,88.0,76.0,7.0,5.0
2021-08-05 10:07:10,97.0,86.0,9.0,2.0
2021-08-05 10:07:11,89.0,84.0,4.0,1.0
2021-08-05 10:07:12,77.0,68.0,5.0,4.0
2021-08-05 10:07:13,84.0,76.0,6.0,2.0
2021-08-05 10:07:14,86.0,75.0,5.0,6.0
2021-08-05 10:07:15,68.0,60.0,4.0,4.0
2021-08-05 10:07:16,79.0,71.0,3.0,5.0
2021-08-05 10:07:17,85.0,78.0,3.0,4.0
2021-08-05 10:07:18,80.0,75.0,1.0,4.0
2021-08-05 10:07:19,99.0,88.0,6.0,5.0
2021-08-05 10:07:20,83.0,73.0,4.0,6.0
2021-08-05 10:07:21,86.0,76.0,5.0,5.0
2021-08-05 10:07:22,75.0,63.0,4.0,8.0
2021-08-05 10:07:23,85.0,78.0,4.0,3.0
2021-08-05 10:07:24,79.0,69.0,3.0,7.0
2021-08-05 10:07:25,72.0,67.0,2.0,3.0
2021-08-05 10:07:26,90.0,74.0,6.0,10.0
2021-08-05 10:07:27,78.0,72.0,6.0,0.0
2021-08-05 10:07:28,74.0,66.0,5.0,3.0
2021-08-05 10:07:29,98.0,85.0,6.0,7.0
2021-08-05 10:07:30,86.0,73.0,10.0,3.0
2021-08-05 10:07:31,80.0,71.0,4.0,5.0
2021-08-05 10:07:32,74.0,67.0,4.0,3.0
2021-08-05 10:07:33,88.0,74.0,7.0,7.0
2021-08-05 10:07:34,94.0,80.0,8.0,6.0
2021-08-05 10:07:35,93.0,86.0,4.0,3.0
2021-08-05 10:07:36,97.0,88.0,5.0,4.0
2021-08-05 10:07:37,101.0,94.0,6.0,1.0
2021-08-05 10:07:38,104.0,93.0,8.0,3.0
2021-08-05 10:07:39,93.0,76.0,11.0,6.0
2021-08-05 10:07:40,94.0,83.0,6.0,5.0
2021-08-05 10:07:41,97.0,84.0,7.0,6.0
2021-08-05 10:07:42,99.0,89.0,7.0,3.0
2021-08-05 10:07:43,86.0,68.0,12.0,6.0
2021-08-05 10:07:44,85.0,73.0,11.0,1.0
2021-08-05 10:07:45,81.0,70.0,8.0,3.0
2021-08-05 10:07:46,93.0,81.0,7.0,5.0
2021-08-05 10:07:47,90.0,76.0,8.0,6.0
2021-08-05 10:07:48,81.0,73.0,5.0,3.0
2021-08-05 10:07:49,82.0,70.0,5.0,7.0
2021-08-05 10:07:50,76.0,69.0,5.0,2.0
2021-08-05 10:07:51,93.0,83.0,9.0,1.0
2021-08-05 10:07:52,88.0,78.0,9.0,1.0
2021-08-05 10:07:53,69.0,60.0,4.0,5.0
2021-08-05 10:07:54,93.0,79.0,6.0,8.0
2021-08-05 10:07:55,67.0,56.0,4.0,7.0
2021-08-05 10:07:56,103.0,88.0,5.0,10.0
2021-08-05 10:07:57,89.0,74.0,8.0,7.0
2021-08-05 10:07:58,79.0,70.0,4.0,5.0
2021-08-05 10:07:59,87.0,80.0,5.0,2.0
2021-08-05 10:08:00,90.0,77.0,8.0,5.0
2021-08-05 10:08:01,81.0,74.0,3.0,4.0
2021-08-05 10:08:02,92.0,81.0,6.0,5.0
2021-08-05 10:08:03,75.0,69.0,3.0,3.0
2021-08-05 10:08:04,89.0,78.0,5.0,6.0
2021-08-05 10:08:05,86.0,77.0,5.0,4.0
2021-08-05 10:08:06,96.0,79.0,11.0,6.0
2021-08-05 10:08:07,91.0,79.0,6.0,6.0
2021-08-05 10:08:08,89.0,76.0,6.0,7.0
2021-08-05 10:08:09,84.0,76.0,4.0,4.0
2021-08-05 10:08:10,90.0,79.0,4.0,7.0
2021-08-05 10:08:11,92.0,76.0,12.0,4.0
2021-08-05 10:08:12,84.0,65.0,12.0,7.0
2021-08-05 10:08:13,86.0,75.0,7.0,4.0
2021-08-05 10:08:14,107.0,90.0,12.0,5.0
2021-08-05 10:08:15,101.0,83.0,9.0,9.0
2021-08-05 10:08:16,80.0,67.0,11.0,2.0
2021-08-05 10:08:17,76.0,67.0,6.0,3.0
2021-08-05 10:08:18,98.0,85.0,11.0,2.0
2021-08-05 10:08:19,73.0,62.0,5.0,6.0
2021-08-05 10:08:20,105.0,90.0,5.0,10.0
2021-08-05 10:08:21,89.0,83.0,5.0,1.0
2021-08-05 10:08:22,83.0,72.0,7.0,4.0
2021-08-05 10:08:23,85.0,74.0,7.0,4.0
2021-08-05 10:08:24,87.0,78.0,7.0,2.0
2021-08-05 10:08:25,81.0,67.0,8.0,6.0
2021-08-05 10:08:26,91.0,81.0,4.0,6.0
2021-08-05 10:08:27,82.0,69.0,10.0,3.0
2021-08-05 10:08:28,94.0,85.0,7.0,2.0
2021-08-05 10:08:29,91.0,76.0,7.0,8.0
2021-08-05 10:08:30,85.0,69.0,11.0,5.0
2021-08-05 10:08:31,73.0,66.0,4.0,3.0
2021-08-05 10:08:32,89.0,83.0,4.0,2.0
2021-08-05 10:08:33,95.0,86.0,5.0,4.0
2021-08-05 10:08:34,79.0,66.0,6.0,7.0
2021-08-05 10:08:35,84.0,73.0,7.0,4.0
2021-08-05 10:08:36,82.0,70.0,8.0,4.0
2021-08-05 10:08:37,91.0,82.0,8.0,1.0
2021-08-05 10:08:38,79.0,71.0,6.0,2.0
2021-08-05 10:08:39,80.0,67.0,9.0,4.0
2021-08-05 10:08:40,95.0,80.0,7.0,8.0
2021-08-05 10:08:41,93.0,83.0,5.0,5.0
2021-08-05 10:08:42,67.0,59.0,5.0,3.0
2021-08-05 10:08:43,92.0,83.0,6.0,3.0
2021-08-05 10:08:44,105.0,90.0,6.0,9.0
2021-08-05 10:08:45,76.0,69.0,5.0,2.0
2021-08-05 10:08:46,96.0,77.0,10.0,9.0
2021-08-05 10:08:47,81.0,67.0,9.0,5.0
2021-08-05 10:08:48,86.0,77.0,4.0,5.0
2021-08-05 10:08:49,106.0,95.0,8.0,3.0
2021-08-05 10:08:50,92.0,73.0,17.0,2.0
2021-08-05 10:08:51,72.0,65.0,4.0,3.0
2021-08-05 10:08:52,61.0,48.0,8.0,5.0
2021-08-05 10:08:53,84.0,73.0,10.0,1.0
2021-08-05 10:08:54,90.0,83.0,3.0,4.0
2021-08-05 10:08:55,85.0,79.0,2.0,4.0
2021-08-05 10:08:56,69.0,65.0,2.0,2.0
2021-08-05 10:08:57,96.0,89.0,2.0,5.0
2021-08-05 10:08:58,73.0,62.0,6.0,5.0
2021-08-05 10:08:59,78.0,73.0,3.0,2.0
2021-08-05 10:09:00,72.0,56.0,10.0,6.0
2021-08-05 10:09:01,76.0,67.0,7.0,2.0
2021-08-05 10:09:02,86.0,73.0,6.0,7.0
2021-08-05 10:09:03,69.0,57.0,8.0,4.0
2021-08-05 10:09:04,81.0,74.0,3.0,4.0
2021-08-05 10:09:05,80.0,69.0,7.0,4.0
2021-08-05 10:09:06,84.0,71.0,10.0,3.0
2021-08-05 10:09:07,93.0,82.0,2.0,9.0
2021-08-05 10:09:08,71.0,61.0,6.0,4.0
2021-08-05 10:09:09,71.0,58.0,8.0,5.0
2021-08-05 10:09:10,76.0,63.0,6.0,7.0
2021-08-05 10:09:11,88.0,81.0,6.0,1.0
2021-08-05 10:09:12,88.0,79.0,5.0,4.0
2021-08-05 10:09:13,67.0,62.0,4.0,1.0
2021-08-05 10:09:14,87.0,75.0,5.0,7.0
2021-08-05 10:09:15,94.0,86.0,5.0,3.0
2021-08-05 10:09:16,98.0,86.0,8.0,4.0
2021-08-05 10:09:17,85.0,71.0,7.0,7.0
2021-08-05 10:09:18,81.0,70.0,8.0,3.0
2021-08-05 10:09:19,85.0,78.0,4.0,3.0
2021-08-05 10:09:20,81.0,73.0,6.0,2.0
2021-08-05 10:09:21,84.0,74.0,8.0,2.0
2021-08-05 10:09:22,67.0,58.0,7.0,2.0
2021-08-05 10:09:23,102.0,90.0,6.0,6.0
2021-08-05 10:09:24,104.0,91.0,6.0,7.0
2021-08-05 10:09:25,90.0,78.0,3.0,9.0
2021-08-05 10:09:26,94.0,78.0,10.0,6.0
2021-08-05 10:09:27,96.0,86.0,5.0,5.0
2021-08-05 10:09:28,89.0,78.0,5.0,6.0
2021-08-05 10:09:29,89.0,78.0,5.0,6.0
2021-08-05 10:09:30,72.0,59.0,10.0,3.0
2021-08-05 10:09:31,73.0,66.0,3.0,4.0
2021-08-05 10:09:32,90.0,67.0,14.0,9.0
2021-08-05 10:09:33,100.0,89.0,8.0,3.0
2021-08-05 10:09:34,86.0,79.0,4.0,3.0
2021-08-05 10:09:35,106.0,85.0,8.0,13.0
2021-08-05 10:09:36,76.0,65.0,10.0,1.0
2021-08-05 10:09:37,88.0,77.0,8.0,3.0
2021-08-05 10:09:38,94.0,80.0,8.0,6.0
2021-08-05 10:09:39,81.0,68.0,9.0,4.0
2021-08-05 10:09:40,79.0,66.0,6.0,7.0
2021-08-05 10:09:41,92.0,78.0,7.0,7.0
2021-08-05 10:09:42,76.0,71.0,3.0,2.0
2021-08-05 10:09:43,70.0,59.0,5.0,6.0
2021-08-05 10:09:44,73.0,66.0,2.0,5.0
2021-08-05 10:09:45,77.0,68.0,4.0,5.0
2021-08-05 10:09:46,86.0,76.0,6.0,4.0
2021-08-05 10:09:47,80.0,68.0,7.0,5.0
2021-08-05 10:09:48,72.0,67.0,3.0,2.0
2021-08-05 10:09:49,93.0,77.0,11.0,5.0
2021-08-05 10:09:50,89.0,75.0,8.0,6.0
2021-08-05 10:09:51,94.0,80.0,10.0,4.0
2021-08-05 10:09:52,83.0,74.0,9.0,0.0
2021-08-05 10:09:53,84.0,74.0,4.0,6.0
2021-08-05 10:09:54,84.0,78.0,3.0,3.0
2021-08-05 10:09:55,75.0,62.0,9.0,4.0
2021-08-05 10:09:56,83.0,76.0,2.0,5.0
2021-08-05 10:09:57,87.0,78.0,6.0,3.0
2021-08-05 10:09:58,85.0,76.0,4.0,5.0
2021-08-05 10:09:59,87.0,75.0,10.0,2.0
2021-08-05 10:10:00,88.0,76.0,7.0,5.0
2021-08-05 10:10:01,90.0,80.0,4.0,6.0
2021-08-05 10:10:02,86.0,72.0,6.0,8.0
2021-08-05 10:10:03,78.0,62.0,9.0,7.0
2021-08-05 10:10:04,98.0,90.0,5.0,3.0
2021-08-05 10:10:05,90.0,75.0,11.0,4.0
2021-08-05 10:10:06,94.0,85.0,6.0,3.0
2021-08-05 10:10:07,77.0,67.0,7.0,3.0
2021-08-05 10:10:08,91.0,76.0,12.0,3.0
2021-08-05 10:10:09,89.0,75.0,5.0,9.0
2021-08-05 10:10:10,88.0,74.0,8.0,6.0
2021-08-05 10:10:11,95.0,85.0,5.0,5.0
2021-08-05 10:10:12,70.0,64.0,2.0,4.0
2021-08-05 10:10:13,97.0,80.0,9.0,8.0
2021-08-05 10:10:14,78.0,70.0,2.0,6.0
2021-08-05 10:10:15,84.0,74.0,8.0,2.0
2021-08-05 10:10:16,87.0,73.0,8.0,6.0
2021-08-05 10:10:17,82.0,74.0,4.0,4.0
2021-08-05 10:10:18,93.0,87.0,2.0,4.0
2021-08-05 10:10:19,84.0,77.0,2.0,5.0
2021-08-05 10:10:20,91.0,77.0,10.0,4.0
2021-08-05 10:10:21,74.0,61.0,10.0,3.0
2021-08-05 10:10:22,99.0,84.0,10.0,5.0
2021-08-05 10:10:23,82.0,71.0,7.0,4.0
2021-08-05 10:10:24,95.0,79.0,8.0,8.0
2021-08-05 10:10:25,84.0,71.0,8.0,5.0
2021-08-05 10:10:26,78.0,70.0,3.0,5.0
2021-08-05 10:10:27,84.0,69.0,8.0,7.0
2021-08-05 10:10:28,85.0,75.0,6.0,4.0
2021-08-05 10:10:29,99.0,92.0,5.0,2.0
2021-08-05 10:10:30,99.0,83.0,9.0,7.0
2021-08-05 10:10:31,83.0,77.0,3.0,3.0
2021-08-05 10:10:32,81.0,75.0,4.0,2.0
2021-08-05 10:10:33,74.0,71.0,3.0,0.0
2021-08-05 10:10:34,100.0,86.0,8.0,6.0
2021-08-05 10:10:35,86.0,80.0,6.0,0.0
2021-08-05 10:10:36,92.0,82.0,10.0,0.0
2021-08-05 10:10:37,97.0,81.0,9.0,7.0
2021-08-05 10:10:38,94.0,82.0,7.0,5.0
2021-08-05 10:10:39,86.0,69.0,12.0,5.0
2021-08-05 10:10:40,104.0,95.0,6.0,3.0
2021-08-05 10:10:41,87.0,75.0,7.0,5.0
2021-08-05 10:10:42,78.0,70.0,6.0,2.0
2021-08-05 10:10:43,85.0,72.0,10.0,3.0
2021-08-05 10:10:44,78.0,74.0,3.0,1.0
2021-08-05 10:10:45,74.0,63.0,8.0,3.0
2021-08-05 10:10:46,89.0,76.0,9.0,4.0
2021-08-05 10:10:47,77.0,62.0,10.0,5.0
2021-08-05 10:10:48,83.0,69.0,9.0,5.0
2021-08-05 10:10:49,88.0,72.0,7.0,9.0
2021-08-05 10:10:50,91.0,81.0,7.0,3.0
2021-08-05 10:10:51,94.0,82.0,5.0,7.0
2021-08-05 10:10:52,89.0,76.0,8.0,5.0
2021-08-05 10:10:53,99.0,88.0,7.0,4.0
2021-08-05 10:10:54,85.0,80.0,2.0,3.0
2021-08-05 10:10:55,92.0,79.0,10.0,3.0
2021-08-05 10:10:56,81.0,71.0,6.0,4.0
2021-08-05 10:10:57,76.0,67.0,7.0,2.0
2021-08-05 10:10:58,83.0,76.0,5.0,2.0
2021-08-05 10:10:59,95.0,86.0,5.0,4.0
2021-08-05 10:11:00,89.0,82.0,3.0,4.0
2021-08-05 10:11:01,84.0,72.0,10.0,2.0
2021-08-05 10:11:02,89.0,78.0,9.0,2.0
2021-08-05 10:11:03,76.0,61.0,10.0,5.0
2021-08-05 10:11:04,101.0,92.0,3.0,6.0
2021-08-05 10:11:05,101.0,88.0,11.0,2.0
2021-08-05 10:11:06,79.0,71.0,6.0,2.0
2021-08-05 10:11:07,91.0,82.0,6.0,3.0
2021-08-05 10:11:08,112.0,99.0,9.0,4.0
2021-08-05 10:11:09,95.0,86.0,8.0,1.0
2021-08-05 10:11:10,98.0,86.0,8.0,4.0
2021-08-05 10:11:11,82.0,70.0,8.0,4.0
2021-08-05 10:11:12,93.0,82.0,6.0,5.0
2021-08-05 10:11:13,86.0,74.0,9.0,3.0
2021-08-05 10:11:14,80.0,64.0,12.0,4.0
2021-08-05 10:11:15,81.0,63.0,7.0,11.0
2021-08-05 10:11:16,79.0,64.0,8.0,7.0
2021-08-05 10:11:17,87.0,78.0,3.0,6.0
2021-08-05 10:11:18,81.0,72.0,5.0,4.0
2021-08-05 10:11:19,88.0,73.0,9.0,6.0
2021-08-05 10:11:20,98.0,89.0,6.0,3.0
2021-08-05 10:11:21,92.0,75.0,11.0,6.0
2021-08-05 10:11:22,81.0,66.0,8.0,7.0
2021-08-05 10:11:23,94.0,81.0,8.0,5.0
2021-08-05 10:11:24,105.0,93.0,7.0,5.0
2021-08-05 10:11:25,110.0,98.0,8.0,4.0
2021-08-05 10:11:26,80.0,65.0,9.0,6.0
2021-08-05 10:11:27,78.0,67.0,7.0,4.0
2021-08-05 10:11:28,82.0,68.0,11.0,3.0
2021-08-05 10:11:29,88.0,79.0,6.0,3.0
2021-08-05 10:11:30,84.0,67.0,11.0,6.0
2021-08-05 10:11:31,81.0,72.0,5.0,4.0
2021-08-05 10:11:32,75.0,67.0,4.0,4.0
2021-08-05 10:11:33,96.0,78.0,10.0,8.0
2021-08-05 10:11:34,80.0,65.0,8.0,7.0
2021-08-05 10:11:35,67.0,61.0,2.0,4.0
2021-08-05 10:11:36,84.0,73.0,8.0,3.0
2021-08-05 10:11:37,90.0,77.0,10.0,3.0
2021-08-05 10:11:38,86.0,71.0,9.0,6.0
2021-08-05 10:11:39,106.0,97.0,6.0,3.0
2021-08-05 10:11:40,82.0,70.0,8.0,4.0
2021-08-05 10:11:41,94.0,85.0,7.0,2.0
2021-08-05 10:11:42,100.0,83.0,10.0,7.0
2021-08-05 10:11:43,77.0,64.0,9.0,4.0
2021-08-05 10:11:44,105.0,94.0,6.0,5.0
2021-08-05 10:11:45,86.0,69.0,11.0,6.0
2021-08-05 10:11:46,73.0,63.0,7.0,3.0
2021-08-05 10:11:47,96.0,79.0,10.0,7.0
2021-08-05 10:11:48,85.0,75.0,4.0,6.0
2021-08-05 10:11:49,86.0,75.0,6.0,5.0
2021-08-05 10:11:50,81.0,75.0,4.0,2.0
2021-08-05 10:11:51,68.0,62.0,2.0,4.0
2021-08-05 10:11:52,78.0,74.0,0.0,4.0
2021-08-05 10:11:53,79.0,73.0,3.0,3.0
2021-08-05 10:11:54,76.0,68.0,6.0,2.0
2021-08-05 10:11:55,68.0,58.0,4.0,6.0
2021-08-05 10:11:56,83.0,70.0,4.0,9.0
2021-08-05 10:11:57,70.0,62.0,6.0,2.0
2021-08-05 10:11:58,81.0,71.0,6.0,4.0
2021-08-05 10:11:59,81.0,73.0,3.0,5.0
2021-08-05 10:12:00,75.0,61.0,7.0,7.0
2021-08-05 10:12:01,100.0,82.0,6.0,12.0
2021-08-05 10:12:02,90.0,83.0,4.0,3.0
2021-08-05 10:12:03,72.0,62.0,9.0,1.0
2021-08-05 10:12:04,99.0,87.0,8.0,4.0
2021-08-05 10:12:05,82.0,72.0,5.0,5.0
2021-08-05 10:12:06,78.0,70.0,4.0,4.0
2021-08-05 10:12:07,103.0,84.0,10.0,9.0
2021-08-05 10:12:08,79.0,69.0,5.0,5.0
2021-08-05 10:12:09,116.0,102.0,9.0,5.0
2021-08-05 10:12:10,76.0,68.0,5.0,3.0
2021-08-05 10:12:11,77.0,61.0,9.0,7.0
2021-08-05 10:12:12,76.0,65.0,4.0,7.0
2021-08-05 10:12:13,98.0,88.0,4.0,6.0
2021-08-05 10:12:14,78.0,67.0,7.0,4.0
2021-08-05 10:12:15,94.0,83.0,7.0,4.0
2021-08-05 10:12:16,71.0,63.0,4.0,4.0
2021-08-05 10:12:17,89.0,78.0,7.0,4.0
2021-08-05 10:12:18,92.0,78.0,12.0,2.0
2021-08-05 10:12:19,82.0,69.0,4.0,9.0
2021-08-05 10:12:20,87.0,74.0,10.0,3.0
2021-08-05 10:12:21,79.0,69.0,7.0,3.0
2021-08-05 10:12:22,89.0,84.0,2.0,3.0
2021-08-05 10:12:23,92.0,83.0,6.0,3.0
2021-08-05 10:12:24,76.0,67.0,7.0,2.0
2021-08-05 10:12:25,81.0,67.0,7.0,7.0
2021-08-05 10:12:26,86.0,74.0,7.0,5.0
2021-08-05 10:12:27,86.0,80.0,5.0,1.0
2021-08-05 10:12:28,83.0,65.0,10.0,8.0
2021-08-05 10:12:29,82.0,67.0,7.0,8.0
2021-08-05 10:12:30,71.0,62.0,3.0,6.0
2021-08-05 10:12:31,77.0,70.0,3.0,4.0
2021-08-05 10:12:32,92.0,83.0,6.0,3.0
2021-08-05 10:12:33,81.0,71.0,4.0,6.0
2021-08-05 10:12:34,68.0,63.0,3.0,2.0
2021-08-05 10:12:35,73.0,60.0,8.0,5.0
2021-08-05 10:12:36,92.0,79.0,7.0,6.0
2021-08-05 10:12:37,81.0,66.0,9.0,6.0
2021-08-05 10:12:38,87.0,79.0,6.0,2.0
2021-08-05 10:12:39,85.0,72.0,12.0,1.0
2021-08-05 10:12:40,81.0,72.0,6.0,3.0
2021-08-05 10:12:41,82.0,73.0,6.0,3.0
2021-08-05 10:12:42,74.0,65.0,6.0,3.0
2021-08-05 10:12:43,72.0,65.0,6.0,1.0
2021-08-05 10:12:44,80.0,73.0,7.0,0.0
2021-08-05 10:12:45,93.0,81.0,8.0,4.0
2021-08-05 10:12:46,90.0,81.0,7.0,2.0
2021-08-05 10:12:47,101.0,85.0,12.0,4.0
2021-08-05 10:12:48,87.0,78.0,8.0,1.0
2021-08-05 10:12:49,71.0,61.0,7.0,3.0
2021-08-05 10:12:50,84.0,73.0,6.0,5.0
2021-08-05 10:12:51,66.0,59.0,4.0,3.0
2021-08-05 10:12:52,101.0,92.0,3.0,6.0
2021-08-05 10:12:53,87.0,75.0,6.0,6.0
2021-08-05 10:12:54,87.0,70.0,10.0,7.0
2021-08-05 10:12:55,79.0,73.0,4.0,2.0
2021-08-05 10:12:56,76.0,69.0,2.0,5.0
2021-08-05 10:12:57,94.0,85.0,7.0,2.0
2021-08-05 10:12:58,104.0,88.0,9.0,7.0
2021-08-05 10:12:59,80.0,70.0,5.0,5.0
2021-08-05 10:13:00,102.0,86.0,14.0,2.0
2021-08-05 10:13:01,87.0,78.0,2.0,7.0
2021-08-05 10:13:02,93.0,82.0,6.0,5.0
2021-08-05 10:13:03,99.0,91.0,5.0,3.0
2021-08-05 10:13:04,89.0,78.0,6.0,5.0
2021-08-05 10:13:05,86.0,80.0,1.0,5.0
2021-08-05 10:13:06,95.0,84.0,7.0,4.0
2021-08-05 10:13:07,73.0,66.0,7.0,0.0
2021-08-05 10:13:08,70.0,59.0,5.0,6.0
2021-08-05 10:13:09,79.0,67.0,6.0,6.0
2021-08-05 10:13:10,69.0,58.0,7.0,4.0
2021-08-05 10:13:11,83.0,74.0,6.0,3.0
2021-08-05 10:13:12,67.0,56.0,8.0,3.0
2021-08-05 10:13:13,69.0,63.0,5.0,1.0
2021-08-05 10:13:14,98.0,84.0,9.0,5.0
2021-08-05 10:13:15,79.0,72.0,4.0,3.0
2021-08-05 10:13:16,79.0,72.0,4.0,3.0
2021-08-05 10:13:17,87.0,80.0,3.0,4.0
2021-08-05 10:13:18,99.0,89.0,5.0,5.0
2021-08-05 10:13:19,75.0,69.0,5.0,1.0
2021-08-05 10:13:20,80.0,73.0,4.0,3.0
2021-08-05 10:13:21,91.0,77.0,8.0,6.0
2021-08-05 10:13:22,90.0,80.0,4.0,6.0
2021-08-05 10:13:23,81.0,70.0,7.0,4.0
2021-08-05 10:13:24,73.0,58.0,11.0,4.0
2021-08-05 10:13:25,86.0,73.0,7.0,6.0
2021-08-05 10:13:26,80.0,70.0,4.0,6.0
2021-08-05 10:13:27,89.0,80.0,5.0,4.0
2021-08-05 10:13:28,89.0,83.0,4.0,2.0
2021-08-05 10:13:29,91.0,77.0,10.0,4.0
2021-08-05 10:13:30,83.0,72.0,7.0,4.0
2021-08-05 10:13:31,95.0,89.0,2.0,4.0
2021-08-05 10:13:32,82.0,70.0,9.0,3.0
2021-08-05 10:13:33,102.0,90.0,4.0,8.0
2021-08-05 10:13:34,71.0,64.0,4.0,3.0
2021-08-05 10:13:35,81.0,72.0,5.0,4.0
2021-08-05 10:13:36,74.0,64.0,6.0,4.0
2021-08-05 10:13:37,80.0,67.0,6.0,7.0
2021-08-05 10:13:38,77.0,69.0,4.0,4.0
2021-08-05 10:13:39,72.0,61.0,9.0,2.0
2021-08-05 10:13:40,90.0,80.0,7.0,3.0
2021-08-05 10:13:41,66.0,61.0,4.0,1.0
2021-08-05 10:13:42,70.0,61.0,7.0,2.0
2021-08-05 10:13:43,81.0,68.0,10.0,3.0
2021-08-05 10:13:44,84.0,75.0,4.0,5.0
2021-08-05 10:13:45,94.0,88.0,2.0,4.0
2021-08-05 10:13:46,96.0,86.0,5.0,5.0
2021-08-05 10:13:47,97.0,85.0,7.0,5.0
2021-08-05 10:13:48,83.0,71.0,7.0,5.0
2021-08-05 10:13:49,79.0,72.0,5.0,2.0
2021-08-05 10:13:50,82.0,72.0,6.0,4.0
2021-08-05 10:13:51,92.0,76.0,7.0,9.0
2021-08-05 10:13:52,102.0,90.0,8.0,4.0
2021-08-05 10:13:53,78.0,65.0,12.0,1.0
2021-08-05 10:13:54,73.0,61.0,11.0,1.0
2021-08-05 10:13:55,91.0,80.0,10.0,1.0
2021-08-05 10:13:56,96.0,83.0,7.0,6.0
2021-08-05 10:13:57,79.0,69.0,6.0,4.0
2021-08-05 10:13:58,90.0,71.0,13.0,6.0
2021-08-05 10:13:59,74.0,66.0,7.0,1.0
2021-08-05 10:14:00,96.0,87.0,5.0,4.0
2021-08-05 10:14:01,86.0,73.0,7.0,6.0
2021-08-05 10:14:02,82.0,68.0,9.0,5.0
2021-08-05 10:14:03,91.0,82.0,4.0,5.0
2021-08-05 10:14:04,73.0,64.0,4.0,5.0
2021-08-05 10:14:05,79.0,67.0,7.0,5.0
2021-08-05 10:14:06,81.0,69.0,7.0,5.0
2021-08-05 10:14:07,85.0,82.0,1.0,2.0
2021-08-05 10:14:08,79.0,70.0,2.0,7.0
2021-08-05 10:14:09,82.0,72.0,3.0,7.0
2021-08-05 10:14:10,80.0,71.0,6.0,3.0
2021-08-05 10:14:11,91.0,77.0,10.0,4.0
2021-08-05 10:14:12,95.0,81.0,8.0,6.0
2021-08-05 10:14:13,78.0,69.0,4.0,5.0
2021-08-05 10:14:14,87.0,77.0,5.0,5.0
2021-08-05 10:14:15,77.0,69.0,5.0,3.0
2021-08-05 10:14:16,88.0,78.0,6.0,4.0
2021-08-05 10:14:17,80.0,73.0,3.0,4.0
2021-08-05 10:14:18,79.0,69.0,5.0,5.0
2021-08-05 10:14:19,93.0,78.0,7.0,8.0
2021-08-05 10:14:20,87.0,77.0,9.0,1.0
2021-08-05 10:14:21,80.0,67.0,5.0,8.0
2021-08-05 10:14:22,105.0,94.0,7.0,4.0
2021-08-05 10:14:23,82.0,70.0,7.0,5.0
2021-08-05 10:14:24,99.0,82.0,9.0,8.0
2021-08-05 10:14:25,87.0,78.0,4.0,5.0
2021-08-05 10:14:26,96.0,80.0,12.0,4.0
2021-08-05 10:14:27,77.0,64.0,12.0,1.0
2021-08-05 10:14:28,72.0,64.0,8.0,0.0
2021-08-05 10:14:29,103.0,87.0,6.0,10.0
2021-08-05 10:14:30,92.0,75.0,8.0,9.0
2021-08-05 10:14:31,72.0,61.0,7.0,4.0
2021-08-05 10:14:32,80.0,71.0,6.0,3.0
2021-08-05 10:14:33,97.0,83.0,8.0,6.0
2021-08-05 10:14:34,71.0,61.0,5.0,5.0
2021-08-05 10:14:35,93.0,72.0,16.0,5.0
2021-08-05 10:14:36,78.0,68.0,4.0,6.0
2021-08-05 10:14:37,79.0,68.0,6.0,5.0
2021-08-05 10:14:38,76.0,63.0,6.0,7.0
2021-08-05 10:14:39,86.0,68.0,12.0,6.0
2021-08-05 10:14:40,77.0,64.0,10.0,3.0
2021-08-05 10:14:41,95.0,84.0,6.0,5.0
2021-08-05 10:14:42,87.0,69.0,8.0,10.0
2021-08-05 10:14:43,88.0,70.0,10.0,8.0
2021-08-05 10:14:44,88.0,75.0,10.0,3.0
2021-08-05 10:14:45,75.0,58.0,9.0,8.0
2021-08-05 10:14:46,80.0,65.0,9.0,6.0
2021-08-05 10:14:47,85.0,75.0,5.0,5.0
2021-08-05 10:14:48,67.0,60.0,6.0,1.0
2021-08-05 10:14:49,81.0,73.0,2.0,6.0
2021-08-05 10:14:50,81.0,74.0,2.0,5.0
2021-08-05 10:14:51,84.0,72.0,10.0,2.0
2021-08-05 10:14:52,84.0,74.0,5.0,5.0
2021-08-05 10:14:53,99.0,84.0,12.0,3.0
2021-08-05 10:14:54,100.0,88.0,6.0,6.0
2021-08-05 10:14:55,89.0,78.0,6.0,5.0
2021-08-05 10:14:56,94.0,82.0,7.0,5.0
2021-08-05 10:14:57,110.0,100.0,3.0,7.0
2021-08-05 10:14:58,89.0,72.0,10.0,7.0
2021-08-05 10:14:59,78.0,67.0,9.0,2.0
2021-08-05 10:15:00,66.0,59.0,3.0,4.0
2021-08-05 10:15:01,90.0,79.0,6.0,5.0
2021-08-05 10:15:02,97.0,85.0,10.0,2.0
2021-08-05 10:15:03,98.0,87.0,8.0,3.0
2021-08-05 10:15:04,86.0,72.0,7.0,7.0
2021-08-05 10:15:05,95.0,88.0,2.0,5.0
2021-08-05 10:15:06,77.0,69.0,7.0,1.0
2021-08-05 10:15:07,85.0,77.0,4.0,4.0
2021-08-05 10:15:08,80.0,75.0,3.0,2.0
2021-08-05 10:15:09,96.0,82.0,9.0,5.0
2021-08-05 10:15:10,90.0,77.0,9.0,4.0
2021-08-05 10:15:11,81.0,74.0,3.0,4.0
2021-08-05 10:15:12,76.0,67.0,6.0,3.0
2021-08-05 10:15:13,84.0,76.0,6.0,2.0
2021-08-05 10:15:14,78.0,61.0,6.0,11.0
2021-08-05 10:15:15,86.0,77.0,2.0,7.0
2021-08-05 10:15:16,78.0,70.0,7.0,1.0
2021-08-05 10:15:17,78.0,67.0,5.0,6.0
2021-08-05 10:15:18,89.0,84.0,2.0,3.0
2021-08-05 10:15:19,90.0,81.0,7.0,2.0
2021-08-05 10:15:20,83.0,67.0,7.0,9.0
2021-08-05 10:15:21,76.0,68.0,7.0,1.0
2021-08-05 10:15:22,117.0,100.0,9.0,8.0
2021-08-05 10:15:23,72.0,62.0,3.0,7.0
2021-08-05 10:15:24,89.0,74.0,7.0,8.0
2021-08-05 10:15:25,89.0,79.0,2.0,8.0
2021-08-05 10:15:26,81.0,71.0,8.0,2.0
2021-08-05 10:15:27,72.0,63.0,6.0,3.0
2021-08-05 10:15:28,68.0,63.0,3.0,2.0
2021-08-05 10:15:29,95.0,86.0,7.0,2.0
2021-08-05 10:15:30,84.0,73.0,6.0,5.0
2021-08-05 10:15:31,80.0,73.0,4.0,3.0
2021-08-05 10:15:32,78.0,65.0,9.0,4.0
2021-08-05 10:15:33,84.0,73.0,6.0,5.0
2021-08-05 10:15:34,79.0,69.0,5.0,5.0
2021-08-05 10:15:35,90.0,75.0,11.0,4.0
2021-08-05 10:15:36,66.0,59.0,5.0,2.0
2021-08-05 10:15:37,80.0,66.0,6.0,8.0
2021-08-05 10:15:38,85.0,71.0,9.0,5.0
2021-08-05 10:15:39,75.0,60.0,10.0,5.0
2021-08-05 10:15:40,98.0,89.0,2.0,7.0
2021-08-05 10:15:41,85.0,69.0,10.0,6.0
2021-08-05 10:15:42,77.0,71.0,5.0,1.0
2021-08-05 10:15:43,80.0,67.0,6.0,7.0
2021-08-05 10:15:44,82.0,76.0,2.0,4.0
2021-08-05 10:15:45,65.0,60.0,3.0,2.0
2021-08-05 10:15:46,92.0,78.0,6.0,8.0
2021-08-05 10:15:47,93.0,80.0,9.0,4.0
2021-08-05 10:15:48,75.0,71.0,1.0,3.0
2021-08-05 10:15:49,86.0,72.0,10.0,4.0
2021-08-05 10:15:50,71.0,60.0,8.0,3.0
2021-08-05 10:15:51,70.0,55.0,10.0,5.0
2021-08-05 10:15:52,89.0,82.0,3.0,4.0
2021-08-05 10:15:53,70.0,62.0,5.0,3.0
2021-08-05 10:15:54,83.0,69.0,8.0,6.0
2021-08-05 10:15:55,76.0,61.0,5.0,10.0
2021-08-05 10:15:56,74.0,68.0,3.0,3.0
2021-08-05 10:15:57,83.0,80.0,3.0,0.0
2021-08-05 10:15:58,86.0,76.0,6.0,4.0
2021-08-05 10:15:59,85.0,75.0,5.0,5.0
2021-08-05 10:16:00,75.0,61.0,6.0,8.0
2021-08-05 10:16:01,78.0,67.0,5.0,6.0
2021-08-05 10:16:02,102.0,86.0,10.0,6.0
2021-08-05 10:16:03,100.0,88.0,5.0,7.0
2021-08-05 10:16:04,88.0,79.0,5.0,4.0
2021-08-05 10:16:05,83.0,72.0,6.0,5.0
2021-08-05 10:16:06,86.0,76.0,7.0,3.0
2021-08-05 10:16:07,87.0,78.0,6.0,3.0
2021-08-05 10:16:08,84.0,75.0,6.0,3.0
2021-08-05 10:16:09,83.0,69.0,7.0,7.0
2021-08-05 10:16:10,86.0,76.0,4.0,6.0
2021-08-05 10:16:11,89.0,78.0,7.0,4.0
2021-08-05 10:16:12,89.0,81.0,4.0,4.0
2021-08-05 10:16:13,70.0,60.0,6.0,4.0
2021-08-05 10:16:14,84.0,73.0,6.0,5.0
2021-08-05 10:16:15,77.0,63.0,10.0,4.0
2021-08-05 10:16:16,73.0,66.0,4.0,3.0
2021-08-05 10:16:17,72.0,65.0,2.0,5.0
2021-08-05 10:16:18,75.0,64.0,8.0,3.0
2021-08-05 10:16:19,77.0,65.0,4.0,8.0
2021-08-05 10:16:20,74.0,65.0,4.0,5.0
2021-08-05 10:16:21,90.0,75.0,9.0,6.0
2021-08-05 10:16:22,77.0,66.0,9.0,2.0
2021-08-05 10:16:23,87.0,81.0,4.0,2.0
2021-08-05 10:16:24,93.0,77.0,10.0,6.0
2021-08-05 10:16:25,92.0,78.0,9.0,5.0
2021-08-05 10:16:26,109.0,95.0,9.0,5.0
2021-08-05 10:16:27,80.0,67.0,7.0,6.0
2021-08-05 10:16:28,83.0,71.0,9.0,3.0
2021-08-05 10:16:29,91.0,79.0,4.0,8.0
2021-08-05 10:16:30,76.0,69.0,6.0,1.0
2021-08-05 10:16:31,81.0,71.0,3.0,7.0
2021-08-05 10:16:32,87.0,77.0,6.0,4.0
2021-08-05 10:16:33,77.0,64.0,9.0,4.0
2021-08-05 10:16:34,99.0,86.0,8.0,5.0
2021-08-05 10:16:35,92.0,83.0,8.0,1.0
2021-08-05 10:16:36,75.0,66.0,4.0,5.0
2021-08-05 10:16:37,90.0,75.0,11.0,4.0
2021-08-05 10:16:38,87.0,73.0,11.0,3.0
2021-08-05 10:16:39,91.0,82.0,7.0,2.0
2021-08-05 10:16:40,78.0,69.0,4.0,5.0
2021-08-05 10:16:41,88.0,74.0,7.0,7.0
2021-08-05 10:16:42,84.0,72.0,10.0,2.0
2021-08-05 10:16:43,85.0,72.0,9.0,4.0
2021-08-05 10:16:44,71.0,65.0,3.0,3.0
2021-08-05 10:16:45,91.0,82.0,4.0,5.0
2021-08-05 10:16:46,93.0,79.0,9.0,5.0
2021-08-05 10:16:47,85.0,76.0,2.0,7.0
2021-08-05 10:16:48,69.0,63.0,4.0,2.0
2021-08-05 10:16:49,78.0,67.0,7.0,4.0
2021-08-05 10:16:50,78.0,72.0,4.0,2.0
2021-08-05 10:16:51,81.0,75.0,4.0,2.0
2021-08-05 10:16:52,83.0,74.0,4.0,5.0
2021-08-05 10:16:53,90.0,78.0,7.0,5.0
2021-08-05 10:16:54,86.0,74.0,8.0,4.0
2021-08-05 10:16:55,79.0,72.0,5.0,2.0
2021-08-05 10:16:56,83.0,76.0,5.0,2.0
2021-08-05 10:16:57,93.0,84.0,4.0,5.0
2021-08-05 10:16:58,72.0,66.0,4.0,2.0
2021-08-05 10:16:59,82.0,70.0,6.0,6.0
2021-08-05 10:17:00,66.0,60.0,4.0,2.0
2021-08-05 10:17:01,90.0,80.0,7.0,3.0
2021-08-05 10:17:02,81.0,73.0,2.0,6.0
2021-08-05 10:17:03,86.0,77.0,5.0,4.0
2021-08-05 10:17:04,101.0,93.0,5.0,3.0
2021-08-05 10:17:05,83.0,68.0,10.0,5.0
2021-08-05 10:17:06,83.0,71.0,4.0,8.0
2021-08-05 10:17:07,73.0,63.0,3.0,7.0
2021-08-05 10:17:08,76.0,65.0,6.0,5.0
2021-08-05 10:17:09,88.0,76.0,5.0,7.0
2021-08-05 10:17:10,100.0,90.0,6.0,4.0
2021-08-05 10:17:11,74.0,64.0,5.0,5.0
2021-08-05 10:17:12,82.0,73.0,6.0,3.0
2021-08-05 10:17:13,87.0,84.0,0.0,3.0
2021-08-05 10:17:14,87.0,79.0,4.0,4.0
2021-08-05 10:17:15,80.0,72.0,1.0,7.0
2021-08-05 10:17:16,96.0,82.0,9.0,5.0
2021-08-05 10:17:17,95.0,84.0,4.0,7.0
2021-08-05 10:17:18,83.0,65.0,10.0,8.0
2021-08-05 10:17:19,75.0,70.0,4.0,1.0
2021-08-05 10:17:20,70.0,58.0,11.0,1.0
2021-08-05 10:17:21,92.0,77.0,11.0,4.0
2021-08-05 10:17:22,87.0,82.0,4.0,1.0
2021-08-05 10:17:23,82.0,74.0,5.0,3.0
2021-08-05 10:17:24,78.0,63.0,7.0,8.0
2021-08-05 10:17:25,90.0,78.0,9.0,3.0
2021-08-05 10:17:26,67.0,57.0,7.0,3.0
2021-08-05 10:17:27,90.0,76.0,7.0,7.0
2021-08-05 10:17:28,79.0,66.0,6.0,7.0
2021-08-05 10:17:29,92.0,81.0,7.0,4.0
2021-08-05 10:17:30,74.0,66.0,6.0,2.0
2021-08-05 10:17:31,76.0,70.0,2.0,4.0
2021-08-05 10:17:32,76.0,66.0,6.0,4.0
2021-08-05 10:17:33,95.0,86.0,6.0,3.0
2021-08-05 10:17:34,76.0,65.0,8.0,3.0
2021-08-05 10:17:35,91.0,83.0,3.0,5.0
2021-08-05 10:17:36,95.0,80.0,7.0,8.0
2021-08-05 10:17:37,96.0,83.0,10.0,3.0
2021-08-05 10:17:38,81.0,70.0,6.0,5.0
2021-08-05 10:17:39,78.0,69.0,5.0,4.0
2021-08-05 10:17:40,78.0,74.0,2.0,2.0
2021-08-05 10:17:41,97.0,85.0,4.0,8.0
2021-08-05 10:17:42,84.0,77.0,4.0,3.0
2021-08-05 10:17:43,97.0,81.0,8.0,8.0
2021-08-05 10:17:44,81.0,71.0,5.0,5.0
2021-08-05 10:17:45,73.0,64.0,4.0,5.0
2021-08-05 10:17:46,95.0,84.0,6.0,5.0
2021-08-05 10:17:47,79.0,71.0,7.0,1.0
2021-08-05 10:17:48,73.0,66.0,3.0,4.0
2021-08-05 10:17:49,88.0,78.0,5.0,5.0
2021-08-05 10:17:50,75.0,59.0,9.0,7.0
2021-08-05 10:17:51,71.0,64.0,5.0,2.0
2021-08-05 10:17:52,81.0,70.0,5.0,6.0
2021-08-05 10:17:53,74.0,64.0,5.0,5.0
2021-08-05 10:17:54,104.0,88.0,10.0,6.0
2021-08-05 10:17:55,61.0,50.0,6.0,5.0
2021-08-05 10:17:56,87.0,75.0,7.0,5.0
2021-08-05 10:17:57,70.0,62.0,6.0,2.0
2021-08-05 10:17:58,85.0,71.0,9.0,5.0
2021-08-05 10:17:59,87.0,74.0,10.0,3.0
2021-08-05 10:18:00,94.0,86.0,6.0,2.0
2021-08-05 10:18:01,79.0,68.0,6.0,5.0
2021-08-05 10:18:02,92.0,80.0,9.0,3.0
2021-08-05 10:18:03,92.0,79.0,8.0,5.0
2021-08-05 10:18:04,77.0,70.0,3.0,4.0
2021-08-05 10:18:05,90.0,78.0,9.0,3.0
2021-08-05 10:18:06,89.0,83.0,3.0,3.0
2021-08-05 10:18:07,91.0,79.0,7.0,5.0
2021-08-05 10:18:08,102.0,92.0,7.0,3.0
2021-08-05 10:18:09,84.0,71.0,10.0,3.0
2021-08-05 10:18:10,95.0,85.0,7.0,3.0
2021-08-05 10:18:11,76.0,65.0,8.0,3.0
2021-08-05 10:18:12,92.0,78.0,7.0,7.0
2021-08-05 10:18:13,100.0,88.0,8.0,4.0
2021-08-05 10:18:14,77.0,68.0,4.0,5.0
2021-08-05 10:18:15,91.0,81.0,9.0,1.0
2021-08-05 10:18:16,106.0,92.0,9.0,5.0
2021-08-05 10:18:17,79.0,66.0,8.0,5.0
2021-08-05 10:18:18,111.0,99.0,7.0,5.0
2021-08-05 10:18:19,71.0,60.0,6.0,5.0
2021-08-05 10:18:20,92.0,80.0,7.0,5.0
2021-08-05 10:18:21,73.0,63.0,6.0,4.0
2021-08-05 10:18:22,79.0,71.0,4.0,4.0
2021-08-05 10:18:23,85.0,76.0,7.0,2.0
2021-08-05 10:18:24,78.0,70.0,5.0,3.0
2021-08-05 10:18:25,74.0,66.0,3.0,5.0
2021-08-05 10:18:26,72.0,64.0,3.0,5.0
2021-08-05 10:18:27,80.0,70.0,6.0,4.0
2021-08-05 10:18:28,81.0,72.0,7.0,2.0
2021-08-05 10:18:29,75.0,71.0,3.0,1.0
2021-08-05 10:18:30,79.0,69.0,5.0,5.0
2021-08-05 10:18:31,90.0,82.0,7.0,1.0
2021-08-05 10:18:32,90.0,79.0,8.0,3.0
2021-08-05 10:18:33,74.0,64.0,7.0,3.0
2021-08-05 10:18:34,80.0,68.0,8.0,4.0
2021-08-05 10:18:35,99.0,87.0,7.0,5.0
2021-08-05 10:18:36,84.0,76.0,6.0,2.0
2021-08-05 10:18:37,80.0,71.0,7.0,2.0
2021-08-05 10:18:38,103.0,91.0,7.0,5.0
2021-08-05 10:18:39,83.0,73.0,5.0,5.0
2021-08-05 10:18:40,93.0,84.0,6.0,3.0
2021-08-05 10:18:41,78.0,74.0,2.0,2.0
2021-08-05 10:18:42,85.0,76.0,6.0,3.0
2021-08-05 10:18:43,88.0,77.0,5.0,6.0
2021-08-05 10:18:44,82.0,75.0,6.0,1.0
2021-08-05 10:18:45,74.0,63.0,7.0,4.0
2021-08-05 10:18:46,89.0,75.0,9.0,5.0
2021-08-05 10:18:47,92.0,80.0,5.0,7.0
2021-08-05 10:18:48,75.0,66.0,6.0,3.0
2021-08-05 10:18:49,86.0,70.0,6.0,10.0
2021-08-05 10:18:50,83.0,72.0,4.0,7.0
2021-08-05 10:18:51,89.0,81.0,5.0,3.0
2021-08-05 10:18:52,94.0,78.0,12.0,4.0
2021-08-05 10:18:53,91.0,80.0,8.0,3.0
2021-08-05 10:18:54,79.0,67.0,8.0,4.0
2021-08-05 10:18:55,104.0,89.0,5.0,10.0
2021-08-05 10:18:56,80.0,72.0,3.0,5.0
2021-08-05 10:18:57,77.0,66.0,7.0,4.0
2021-08-05 10:18:58,95.0,84.0,6.0,5.0
2021-08-05 10:18:59,96.0,82.0,9.0,5.0
2021-08-05 10:19:00,97.0,92.0,1.0,4.0
2021-08-05 10:19:01,80.0,72.0,3.0,5.0
2021-08-05 10:19:02,79.0,70.0,5.0,4.0
2021-08-05 10:19:03,88.0,74.0,9.0,5.0
2021-08-05 10:19:04,87.0,74.0,7.0,6.0
2021-08-05 10:19:05,82.0,70.0,8.0,4.0
2021-08-05 10:19:06,86.0,75.0,7.0,4.0
2021-08-05 10:19:07,96.0,86.0,6.0,4.0
2021-08-05 10:19:08,80.0,65.0,6.0,9.0
2021-08-05 10:19:09,100.0,82.0,11.0,7.0
2021-08-05 10:19:10,75.0,70.0,3.0,2.0
2021-08-05 10:19:11,90.0,82.0,5.0,3.0
2021-08-05 10:19:12,83.0,74.0,5.0,4.0
2021-08-05 10:19:13,86.0,73.0,6.0,7.0
2021-08-05 10:19:14,110.0,92.0,13.0,5.0
2021-08-05 10:19:15,79.0,68.0,8.0,3.0
2021-08-05 10:19:16,93.0,86.0,2.0,5.0
2021-08-05 10:19:17,89.0,79.0,5.0,5.0
2021-08-05 10:19:18,71.0,61.0,6.0,4.0
2021-08-05 10:19:19,86.0,78.0,4.0,4.0
2021-08-05 10:19:20,87.0,74.0,9.0,4.0
2021-08-05 10:19:21,95.0,87.0,5.0,3.0
2021-08-05 10:19:22,81.0,68.0,8.0,5.0
2021-08-05 10:19:23,90.0,81.0,6.0,3.0
2021-08-05 10:19:24,91.0,80.0,6.0,5.0
2021-08-05 10:19:25,87.0,76.0,7.0,4.0
2021-08-05 10:19:26,87.0,74.0,6.0,7.0
2021-08-05 10:19:27,77.0,66.0,7.0,4.0
2021-08-05 10:19:28,105.0,88.0,6.0,11.0
2021-08-05 10:19:29,94.0,79.0,8.0,7.0
2021-08-05 10:19:30,90.0,73.0,13.0,4.0
2021-08-05 10:19:31,102.0,89.0,10.0,3.0
2021-08-05 10:19:32,70.0,61.0,7.0,2.0
2021-08-05 10:19:33,88.0,77.0,5.0,6.0
2021-08-05 10:19:34,92.0,77.0,10.0,5.0
2021-08-05 10:19:35,84.0,80.0,2.0,2.0
2021-08-05 10:19:36,71.0,63.0,5.0,3.0
2021-08-05 10:19:37,87.0,74.0,6.0,7.0
2021-08-05 10:19:38,76.0,69.0,5.0,2.0
2021-08-05 10:19:39,80.0,75.0,4.0,1.0
2021-08-05 10:19:40,84.0,78.0,4.0,2.0
2021-08-05 10:19:41,78.0,65.0,9.0,4.0
2021-08-05 10:19:42,90.0,74.0,13.0,3.0
2021-08-05 10:19:43,83.0,71.0,8.0,4.0
2021-08-05 10:19:44,84.0,75.0,6.0,3.0
2021-08-05 10:19:45,82.0,73.0,7.0,2.0
2021-08-05 10:19:46,92.0,82.0,7.0,3.0
2021-08-05 10:19:47,77.0,68.0,5.0,4.0
2021-08-05 10:19:48,92.0,81.0,6.0,5.0
2021-08-05 10:19:49,67.0,54.0,7.0,6.0
2021-08-05 10:19:50,85.0,74.0,7.0,4.0
2021-08-05 10:19:51,87.0,80.0,6.0,1.0
2021-08-05 10:19:52,95.0,84.0,5.0,6.0
2021-08-05 10:19:53,87.0,78.0,6.0,3.0
2021-08-05 10:19:54,83.0,68.0,9.0,6.0
2021-08-05 10:19:55,84.0,75.0,6.0,3.0
2021-08-05 10:19:56,96.0,85.0,4.0,7.0
2021-08-05 10:19:57,90.0,78.0,8.0,4.0
2021-08-05 10:19:58,78.0,66.0,7.0,5.0
2021-08-05 10:19:59,84.0,76.0,7.0,1.0
2021-08-05 10:20:00,80.0,66.0,7.0,7.0
2021-08-05 10:20:01,76.0,67.0,6.0,3.0
2021-08-05 10:20:02,83.0,73.0,6.0,4.0
2021-08-05 10:20:03,78.0,69.0,8.0,1.0
2021-08-05 10:20:04,89.0,75.0,7.0,7.0
2021-08-05 10:20:05,77.0,66.0,5.0,6.0
2021-08-05 10:20:06,78.0,70.0,4.0,4.0
2021-08-05 10:20:07,80.0,63.0,11.0,6.0
2021-08-05 10:20:08,87.0,73.0,7.0,7.0
2021-08-05 10:20:09,86.0,69.0,6.0,11.0
2021-08-05 10:20:10,72.0,58.0,7.0,7.0
2021-08-05 10:20:11,81.0,72.0,5.0,4.0
2021-08-05 10:20:12,69.0,56.0,8.0,5.0
2021-08-05 10:20:13,86.0,82.0,3.0,1.0
2021-08-05 10:20:14,76.0,65.0,7.0,4.0
2021-08-05 10:20:15,74.0,67.0,4.0,3.0
2021-08-05 10:20:16,87.0,76.0,8.0,3.0
2021-08-05 10:20:17,101.0,91.0,6.0,4.0
2021-08-05 10:20:18,90.0,74.0,12.0,4.0
2021-08-05 10:20:19,90.0,80.0,4.0,6.0
2021-08-05 10:20:20,74.0,64.0,5.0,5.0
2021-08-05 10:20:21,77.0,62.0,4.0,11.0
2021-08-05 10:20:22,69.0,57.0,5.0,7.0
2021-08-05 10:20:23,85.0,80.0,2.0,3.0
2021-08-05 10:20:24,76.0,68.0,5.0,3.0
2021-08-05 10:20:25,88.0,79.0,4.0,5.0
2021-08-05 10:20:26,78.0,69.0,4.0,5.0
2021-08-05 10:20:27,97.0,85.0,8.0,4.0
2021-08-05 10:20:28,85.0,73.0,4.0,8.0
2021-08-05 10:20:29,85.0,77.0,2.0,6.0
2021-08-05 10:20:30,94.0,82.0,6.0,6.0
2021-08-05 10:20:31,91.0,82.0,5.0,4.0
2021-08-05 10:20:32,89.0,78.0,6.0,5.0
2021-08-05 10:20:33,75.0,63.0,6.0,6.0
2021-08-05 10:20:34,84.0,72.0,7.0,5.0
2021-08-05 10:20:35,97.0,81.0,8.0,8.0
2021-08-05 10:20:36,74.0,66.0,4.0,4.0
2021-08-05 10:20:37,59.0,53.0,4.0,2.0
2021-08-05 10:20:38,91.0,79.0,6.0,6.0
2021-08-05 10:20:39,77.0,66.0,6.0,5.0
2021-08-05 10:20:40,81.0,74.0,5.0,2.0
2021-08-05 10:20:41,96.0,85.0,7.0,4.0
2021-08-05 10:20:42,78.0,65.0,10.0,3.0
2021-08-05 10:20:43,93.0,84.0,5.0,4.0
2021-08-05 10:20:44,83.0,76.0,5.0,2.0
2021-08-05 10:20:45,83.0,71.0,8.0,4.0
2021-08-05 10:20:46,74.0,61.0,8.0,5.0
2021-08-05 10:20:47,89.0,86.0,1.0,2.0
2021-08-05 10:20:48,88.0,78.0,10.0,0.0
2021-08-05 10:20:49,78.0,66.0,9.0,3.0
2021-08-05 10:20:50,102.0,86.0,8.0,8.0
2021-08-05 10:20:51,76.0,67.0,6.0,3.0
2021-08-05 10:20:52,110.0,98.0,6.0,6.0
2021-08-05 10:20:53,81.0,71.0,6.0,4.0
2021-08-05 10:20:54,85.0,78.0,4.0,3.0
2021-08-05 10:20:55,112.0,91.0,12.0,9.0
2021-08-05 10:20:56,77.0,66.0,7.0,4.0
2021-08-05 10:20:57,88.0,79.0,6.0,3.0
2021-08-05 10:20:58,105.0,87.0,8.0,10.0
2021-08-05 10:20:59,71.0,61.0,4.0,6.0
2021-08-05 10:21:00,79.0,64.0,9.0,6.0
2021-08-05 10:21:01,78.0,62.0,10.0,6.0
2021-08-05 10:21:02,67.0,60.0,5.0,2.0
2021-08-05 10:21:03,66.0,61.0,5.0,0.0
2021-08-05 10:21:04,75.0,67.0,7.0,1.0
2021-08-05 10:21:05,88.0,79.0,5.0,4.0
2021-08-05 10:21:06,85.0,78.0,4.0,3.0
2021-08-05 10:21:07,85.0,75.0,5.0,5.0
2021-08-05 10:21:08,91.0,78.0,9.0,4.0
2021-08-05 10:21:09,82.0,74.0,5.0,3.0
2021-08-05 10:21:10,88.0,77.0,5.0,6.0
2021-08-05 10:21:11,74.0,65.0,3.0,6.0
2021-08-05 10:21:12,98.0,87.0,3.0,8.0
2021-08-05 10:21:13,85.0,69.0,11.0,5.0
2021-08-05 10:21:14,83.0,68.0,10.0,5.0
2021-08-05 10:21:15,88.0,81.0,3.0,4.0
2021-08-05 10:21:16,74.0,62.0,8.0,4.0
2021-08-05 10:21:17,94.0,84.0,5.0,5.0
2021-08-05 10:21:18,65.0,55.0,5.0,5.0
2021-08-05 10:21:19,86.0,80.0,4.0,2.0
2021-08-05 10:21:20,92.0,81.0,7.0,4.0
2021-08-05 10:21:21,81.0,74.0,6.0,1.0
2021-08-05 10:21:22,79.0,71.0,4.0,4.0
2021-08-05 10:21:23,80.0,69.0,7.0,4.0
2021-08-05 10:21:24,88.0,76.0,7.0,5.0
2021-08-05 10:21:25,95.0,85.0,7.0,3.0
2021-08-05 10:21:26,69.0,63.0,3.0,3.0
2021-08-05 10:21:27,71.0,61.0,4.0,6.0
2021-08-05 10:21:28,83.0,69.0,9.0,5.0
2021-08-05 10:21:29,87.0,76.0,5.0,6.0
2021-08-05 10:21:30,90.0,80.0,5.0,5.0
2021-08-05 10:21:31,92.0,81.0,7.0,4.0
2021-08-05 10:21:32,82.0,70.0,5.0,7.0
2021-08-05 10:21:33,82.0,69.0,12.0,1.0
2021-08-05 10:21:34,67.0,61.0,3.0,3.0
2021-08-05 10:21:35,82.0,71.0,5.0,6.0
2021-08-05 10:21:36,80.0,70.0,7.0,3.0
2021-08-05 10:21:37,60.0,52.0,3.0,5.0
2021-08-05 10:21:38,87.0,79.0,7.0,1.0
2021-08-05 10:21:39,81.0,68.0,8.0,5.0
2021-08-05 10:21:40,71.0,65.0,4.0,2.0
2021-08-05 10:21:41,86.0,77.0,5.0,4.0
2021-08-05 10:21:42,91.0,78.0,9.0,4.0
2021-08-05 10:21:43,83.0,76.0,3.0,4.0
2021-08-05 10:21:44,81.0,67.0,6.0,8.0
2021-08-05 10:21:45,94.0,84.0,8.0,2.0
2021-08-05 10:21:46,83.0,72.0,3.0,8.0
2021-08-05 10:21:47,68.0,53.0,10.0,5.0
2021-08-05 10:21:48,74.0,64.0,6.0,4.0
2021-08-05 10:21:49,87.0,79.0,5.0,3.0
2021-08-05 10:21:50,80.0,69.0,6.0,5.0
2021-08-05 10:21:51,69.0,61.0,5.0,3.0
2021-08-05 10:21:52,67.0,54.0,11.0,2.0
2021-08-05 10:21:53,79.0,67.0,6.0,6.0
2021-08-05 10:21:54,77.0,70.0,4.0,3.0
2021-08-05 10:21:55,69.0,62.0,3.0,4.0
2021-08-05 10:21:56,80.0,68.0,8.0,4.0
2021-08-05 10:21:57,74.0,65.0,7.0,2.0
2021-08-05 10:21:58,77.0,66.0,7.0,4.0
2021-08-05 10:21:59,94.0,90.0,3.0,1.0
2021-08-05 10:22:00,80.0,66.0,7.0,7.0
2021-08-05 10:22:01,87.0,81.0,3.0,3.0
2021-08-05 10:22:02,93.0,82.0,5.0,6.0
2021-08-05 10:22:03,79.0,69.0,6.0,4.0
2021-08-05 10:22:04,75.0,63.0,6.0,6.0
2021-08-05 10:22:05,93.0,85.0,6.0,2.0
2021-08-05 10:22:06,83.0,73.0,4.0,6.0
2021-08-05 10:22:07,79.0,66.0,7.0,6.0
2021-08-05 10:22:08,91.0,81.0,8.0,2.0
2021-08-05 10:22:09,69.0,60.0,8.0,1.0
2021-08-05 10:22:10,96.0,81.0,9.0,6.0
2021-08-05 10:22:11,99.0,87.0,6.0,6.0
2021-08-05 10:22:12,83.0,76.0,4.0,3.0
2021-08-05 10:22:13,90.0,78.0,8.0,4.0
2021-08-05 10:22:14,82.0,72.0,5.0,5.0
2021-08-05 10:22:15,60.0,48.0,9.0,3.0
2021-08-05 10:22:16,89.0,80.0,4.0,5.0
2021-08-05 10:22:17,97.0,90.0,3.0,4.0
2021-08-05 10:22:18,82.0,75.0,4.0,3.0
2021-08-05 10:22:19,74.0,65.0,5.0,4.0
2021-08-05 10:22:20,93.0,81.0,10.0,2.0
2021-08-05 10:22:21,68.0,59.0,7.0,2.0
2021-08-05 10:22:22,83.0,73.0,6.0,4.0
2021-08-05 10:22:23,89.0,74.0,5.0,10.0
2021-08-05 10:22:24,71.0,59.0,8.0,4.0
2021-08-05 10:22:25,84.0,78.0,5.0,1.0
2021-08-05 10:22:26,71.0,59.0,5.0,7.0
2021-08-05 10:22:27,96.0,91.0,4.0,1.0
2021-08-05 10:22:28,82.0,69.0,8.0,5.0
2021-08-05 10:22:29,88.0,80.0,5.0,3.0
2021-08-05 10:22:30,85.0,70.0,7.0,8.0
2021-08-05 10:22:31,80.0,73.0,5.0,2.0
2021-08-05 10:22:32,69.0,64.0,4.0,1.0
2021-08-05 10:22:33,89.0,80.0,3.0,6.0
2021-08-05 10:22:34,86.0,75.0,6.0,5.0
2021-08-05 10:22:35,76.0,66.0,4.0,6.0
2021-08-05 10:22:36,83.0,70.0,10.0,3.0
2021-08-05 10:22:37,91.0,76.0,8.0,7.0
2021-08-05 10:22:38,86.0,74.0,7.0,5.0
2021-08-05 10:22:39,84.0,68.0,7.0,9.0
2021-08-05 10:22:40,70.0,65.0,2.0,3.0
2021-08-05 10:22:41,81.0,67.0,8.0,6.0
2021-08-05 10:22:42,86.0,80.0,4.0,2.0
2021-08-05 10:22:43,84.0,75.0,7.0,2.0
2021-08-05 10:22:44,81.0,73.0,6.0,2.0
2021-08-05 10:22:45,72.0,67.0,2.0,3.0
2021-08-05 10:22:46,84.0,68.0,11.0,5.0
2021-08-05 10:22:47,86.0,78.0,5.0,3.0
2021-08-05 10:22:48,71.0,60.0,8.0,3.0
2021-08-05 10:22:49,77.0,65.0,4.0,8.0
2021-08-05 10:22:50,77.0,70.0,5.0,2.0
2021-08-05 10:22:51,79.0,68.0,9.0,2.0
2021-08-05 10:22:52,85.0,75.0,7.0,3.0
2021-08-05 10:22:53,75.0,68.0,4.0,3.0
2021-08-05 10:22:54,84.0,75.0,3.0,6.0
2021-08-05 10:22:55,88.0,73.0,7.0,8.0
2021-08-05 10:22:56,86.0,75.0,4.0,7.0
2021-08-05 10:22:57,81.0,70.0,8.0,3.0
2021-08-05 10:22:58,82.0,66.0,8.0,8.0
2021-08-05 10:22:59,85.0,69.0,10.0,6.0
2021-08-05 10:23:00,99.0,83.0,11.0,5.0
2021-08-05 10:23:01,82.0,71.0,3.0,8.0
2021-08-05 10:23:02,92.0,75.0,11.0,6.0
2021-08-05 10:23:03,86.0,70.0,9.0,7.0
2021-08-05 10:23:04,90.0,80.0,4.0,6.0
2021-08-05 10:23:05,86.0,77.0,3.0,6.0
2021-08-05 10:23:06,101.0,87.0,8.0,6.0
2021-08-05 10:23:07,91.0,79.0,7.0,5.0
2021-08-05 10:23:08,74.0,65.0,4.0,5.0
2021-08-05 10:23:09,83.0,71.0,9.0,3.0
2021-08-05 10:23:10,78.0,62.0,12.0,4.0
2021-08-05 10:23:11,82.0,74.0,5.0,3.0
2021-08-05 10:23:12,94.0,80.0,10.0,4.0
2021-08-05 10:23:13,89.0,80.0,4.0,5.0
2021-08-05 10:23:14,93.0,80.0,7.0,6.0
2021-08-05 10:23:15,75.0,64.0,10.0,1.0
2021-08-05 10:23:16,91.0,80.0,7.0,4.0
2021-08-05 10:23:17,90.0,78.0,5.0,7.0
2021-08-05 10:23:18,64.0,52.0,8.0,4.0
2021-08-05 10:23:19,81.0,74.0,5.0,2.0
2021-08-05 10:23:20,78.0,63.0,7.0,8.0
2021-08-05 10:23:21,81.0,69.0,7.0,5.0
2021-08-05 10:23:22,66.0,61.0,3.0,2.0
2021-08-05 10:23:23,94.0,83.0,8.0,3.0
2021-08-05 10:23:24,84.0,71.0,7.0,6.0
2021-08-05 10:23:25,86.0,80.0,3.0,3.0
2021-08-05 10:23:26,110.0,95.0,5.0,10.0
2021-08-05 10:23:27,84.0,74.0,7.0,3.0
2021-08-05 10:23:28,72.0,62.0,7.0,3.0
2021-08-05 10:23:29,82.0,75.0,5.0,2.0
2021-08-05 10:23:30,84.0,80.0,1.0,3.0
2021-08-05 10:23:31,98.0,88.0,7.0,3.0
2021-08-05 10:23:32,79.0,70.0,4.0,5.0
2021-08-05 10:23:33,85.0,75.0,7.0,3.0
2021-08-05 10:23:34,73.0,69.0,2.0,2.0
2021-08-05 10:23:35,86.0,78.0,6.0,2.0
2021-08-05 10:23:36,79.0,65.0,10.0,4.0
2021-08-05 10:23:37,86.0,77.0,3.0,6.0
2021-08-05 10:23:38,83.0,75.0,7.0,1.0
2021-08-05 10:23:39,74.0,62.0,7.0,5.0
2021-08-05 10:23:40,101.0,88.0,7.0,6.0
2021-08-05 10:23:41,83.0,76.0,3.0,4.0
2021-08-05 10:23:42,97.0,89.0,6.0,2.0
2021-08-05 10:23:43,89.0,74.0,7.0,8.0
2021-08-05 10:23:44,71.0,63.0,4.0,4.0
2021-08-05 10:23:45,96.0,84.0,8.0,4.0
2021-08-05 10:23:46,94.0,76.0,11.0,7.0
2021-08-05 10:23:47,82.0,72.0,3.0,7.0
2021-08-05 10:23:48,94.0,82.0,3.0,9.0
2021-08-05 10:23:49,83.0,67.0,14.0,2.0
2021-08-05 10:23:50,74.0,65.0,9.0,0.0
2021-08-05 10:23:51,82.0,72.0,8.0,2.0
2021-08-05 10:23:52,69.0,61.0,3.0,5.0
2021-08-05 10:23:53,72.0,58.0,9.0,5.0
2021-08-05 10:23:54,88.0,74.0,9.0,5.0
2021-08-05 10:23:55,90.0,76.0,6.0,8.0
2021-08-05 10:23:56,84.0,76.0,6.0,2.0
2021-08-05 10:23:57,94.0,83.0,6.0,5.0
2021-08-05 10:23:58,87.0,77.0,5.0,5.0
2021-08-05 10:23:59,101.0,91.0,8.0,2.0
2021-08-05 10:24:00,80.0,69.0,8.0,3.0
2021-08-05 10:24:01,92.0,80.0,6.0,6.0
2021-08-05 10:24:02,98.0,83.0,10.0,5.0
2021-08-05 10:24:03,88.0,76.0,8.0,4.0
2021-08-05 10:24:04,85.0,77.0,5.0,3.0
2021-08-05 10:24:05,82.0,72.0,9.0,1.0
2021-08-05 10:24:06,80.0,69.0,5.0,6.0
2021-08-05 10:24:07,66.0,58.0,6.0,2.0
2021-08-05 10:24:08,84.0,73.0,5.0,6.0
2021-08-05 10:24:09,97.0,86.0,5.0,6.0
2021-08-05 10:24:10,93.0,76.0,15.0,2.0
2021-08-05 10:24:11,78.0,66.0,9.0,3.0
2021-08-05 10:24:12,79.0,68.0,6.0,5.0
2021-08-05 10:24:13,77.0,68.0,5.0,4.0
2021-08-05 10:24:14,85.0,71.0,5.0,9.0
2021-08-05 10:24:15,88.0,79.0,6.0,3.0
2021-08-05 10:24:16,86.0,76.0,5.0,5.0
2021-08-05 10:24:17,72.0,66.0,3.0,3.0
2021-08-05 10:24:18,95.0,86.0,4.0,5.0
2021-08-05 10:24:19,88.0,76.0,6.0,6.0
2021-08-05 10:24:20,100.0,90.0,6.0,4.0
2021-08-05 10:24:21,81.0,71.0,7.0,3.0
2021-08-05 10:24:22,71.0,61.0,6.0,4.0
2021-08-05 10:24:23,88.0,73.0,11.0,4.0
2021-08-05 10:24:24,100.0,92.0,6.0,2.0
2021-08-05 10:24:25,81.0,70.0,8.0,3.0
2021-08-05 10:24:26,70.0,65.0,3.0,2.0
2021-08-05 10:24:27,83.0,68.0,12.0,3.0
2021-08-05 10:24:28,90.0,76.0,9.0,5.0
2021-08-05 10:24:29,79.0,65.0,10.0,4.0
2021-08-05 10:24:30,83.0,72.0,7.0,4.0
2021-08-05 10:24:31,88.0,77.0,7.0,4.0
2021-08-05 10:24:32,73.0,68.0,3.0,2.0
2021-08-05 10:24:33,88.0,74.0,10.0,4.0
2021-08-05 10:24:34,83.0,72.0,7.0,4.0
2021-08-05 10:24:35,85.0,74.0,5.0,6.0
2021-08-05 10:24:36,87.0,78.0,5.0,4.0
2021-08-05 10:24:37,82.0,68.0,11.0,3.0
2021-08-05 10:24:38,82.0,74.0,2.0,6.0
2021-08-05 10:24:39,80.0,68.0,5.0,7.0
2021-08-05 10:24:40,82.0,72.0,6.0,4.0
2021-08-05 10:24:41,89.0,77.0,8.0,4.0
2021-08-05 10:24:42,81.0,70.0,6.0,5.0
2021-08-05 10:24:43,83.0,73.0,6.0,4.0
2021-08-05 10:24:44,90.0,77.0,6.0,7.0
2021-08-05 10:24:45,92.0,88.0,2.0,2.0
2021-08-05 10:24:46,80.0,68.0,8.0,4.0
2021-08-05 10:24:47,73.0,63.0,4.0,6.0
2021-08-05 10:24:48,68.0,60.0,5.0,3.0
2021-08-05 10:24:49,79.0,65.0,8.0,6.0
2021-08-05 10:24:50,86.0,70.0,9.0,7.0
2021-08-05 10:24:51,96.0,84.0,9.0,3.0
2021-08-05 10:24:52,69.0,60.0,5.0,4.0
2021-08-05 10:24:53,81.0,70.0,7.0,4.0
2021-08-05 10:24:54,85.0,68.0,13.0,4.0
2021-08-05 10:24:55,92.0,85.0,5.0,2.0
2021-08-05 10:24:56,84.0,76.0,6.0,2.0
2021-08-05 10:24:57,79.0,64.0,9.0,6.0
2021-08-05 10:24:58,85.0,76.0,5.0,4.0
2021-08-05 10:24:59,71.0,60.0,6.0,5.0
2021-08-05 10:25:00,79.0,72.0,3.0,4.0
2021-08-05 10:25:01,74.0,61.0,9.0,4.0
2021-08-05 10:25:02,80.0,75.0,4.0,1.0
2021-08-05 10:25:03,67.0,58.0,5.0,4.0
2021-08-05 10:25:04,80.0,72.0,5.0,3.0
2021-08-05 10:25:05,88.0,75.0,6.0,7.0
2021-08-05 10:25:06,82.0,72.0,7.0,3.0
2021-08-05 10:25:07,87.0,81.0,3.0,3.0
2021-08-05 10:25:08,76.0,69.0,7.0,0.0
2021-08-05 10:25:09,88.0,79.0,3.0,6.0
2021-08-05 10:25:10,77.0,71.0,4.0,2.0
2021-08-05 10:25:11,81.0,62.0,10.0,9.0
2021-08-05 10:25:12,106.0,93.0,9.0,4.0
2021-08-05 10:25:13,84.0,73.0,5.0,6.0
2021-08-05 10:25:14,83.0,75.0,3.0,5.0
2021-08-05 10:25:15,78.0,67.0,8.0,3.0
2021-08-05 10:25:16,81.0,73.0,6.0,2.0
2021-08-05 10:25:17,84.0,74.0,7.0,3.0
2021-08-05 10:25:18,88.0,73.0,11.0,4.0
2021-08-05 10:25:19,90.0,77.0,6.0,7.0
2021-08-05 10:25:20,69.0,54.0,11.0,4.0
2021-08-05 10:25:21,86.0,72.0,8.0,6.0
2021-08-05 10:25:22,74.0,61.0,8.0,5.0
2021-08-05 10:25:23,89.0,72.0,12.0,5.0
2021-08-05 10:25:24,80.0,73.0,2.0,5.0
2021-08-05 10:25:25,80.0,67.0,9.0,4.0
2021-08-05 10:25:26,80.0,70.0,7.0,3.0
2021-08-05 10:25:27,97.0,89.0,5.0,3.0
2021-08-05 10:25:28,69.0,65.0,4.0,0.0
2021-08-05 10:25:29,79.0,72.0,5.0,2.0
2021-08-05 10:25:30,67.0,61.0,5.0,1.0
2021-08-05 10:25:31,87.0,76.0,9.0,2.0
2021-08-05 10:25:32,86.0,77.0,5.0,4.0
2021-08-05 10:25:33,89.0,81.0,4.0,4.0
2021-08-05 10:25:34,84.0,76.0,4.0,4.0
2021-08-05 10:25:35,82.0,72.0,7.0,3.0
2021-08-05 10:25:36,71.0,62.0,4.0,5.0
2021-08-05 10:25:37,68.0,62.0,3.0,3.0
2021-08-05 10:25:38,86.0,77.0,5.0,4.0
2021-08-05 10:25:39,83.0,71.0,7.0,5.0
2021-08-05 10:25:40,84.0,74.0,5.0,5.0
2021-08-05 10:25:41,73.0,62.0,8.0,3.0
2021-08-05 10:25:42,84.0,76.0,6.0,2.0
2021-08-05 10:25:43,87.0,78.0,6.0,3.0
2021-08-05 10:25:44,94.0,84.0,8.0,2.0
2021-08-05 10:25:45,91.0,79.0,5.0,7.0
2021-08-05 10:25:46,92.0,80.0,5.0,7.0
2021-08-05 10:25:47,85.0,74.0,7.0,4.0
2021-08-05 10:25:48,86.0,79.0,5.0,2.0
2021-08-05 10:25:49,80.0,68.0,7.0,5.0
2021-08-05 10:25:50,89.0,78.0,7.0,4.0
2021-08-05 10:25:51,78.0,70.0,5.0,3.0
2021-08-05 10:25:52,79.0,67.0,8.0,4.0
2021-08-05 10:25:53,88.0,77.0,7.0,4.0
2021-08-05 10:25:54,84.0,69.0,10.0,5.0
2021-08-05 10:25:55,63.0,55.0,5.0,3.0
2021-08-05 10:25:56,82.0,74.0,5.0,3.0
2021-08-05 10:25:57,84.0,74.0,5.0,5.0
2021-08-05 10:25:58,73.0,58.0,10.0,5.0
2021-08-05 10:25:59,89.0,74.0,9.0,6.0
2021-08-05 10:26:00,80.0,70.0,7.0,3.0
2021-08-05 10:26:01,107.0,92.0,8.0,7.0
2021-08-05 10:26:02,81.0,66.0,9.0,6.0
2021-08-05 10:26:03,73.0,57.0,9.0,7.0
2021-08-05 10:26:04,88.0,71.0,9.0,8.0
2021-08-05 10:26:05,78.0,71.0,3.0,4.0
2021-08-05 10:26:06,92.0,85.0,4.0,3.0
2021-08-05 10:26:07,79.0,74.0,5.0,0.0
2021-08-05 10:26:08,75.0,69.0,5.0,1.0
2021-08-05 10:26:09,77.0,66.0,6.0,5.0
2021-08-05 10:26:10,73.0,60.0,5.0,8.0
2021-08-05 10:26:11,76.0,68.0,6.0,2.0
2021-08-05 10:26:12,83.0,72.0,8.0,3.0
2021-08-05 10:26:13,79.0,72.0,5.0,2.0
2021-08-05 10:26:14,93.0,88.0,4.0,1.0
2021-08-05 10:26:15,94.0,80.0,8.0,6.0
2021-08-05 10:26:16,91.0,83.0,5.0,3.0
2021-08-05 10:26:17,78.0,72.0,4.0,2.0
2021-08-05 10:26:18,90.0,74.0,12.0,4.0
2021-08-05 10:26:19,78.0,70.0,6.0,2.0
2021-08-05 10:26:20,77.0,69.0,3.0,5.0
2021-08-05 10:26:21,96.0,82.0,8.0,6.0
2021-08-05 10:26:22,79.0,68.0,10.0,1.0
2021-08-05 10:26:23,100.0,88.0,11.0,1.0
2021-08-05 10:26:24,90.0,76.0,10.0,4.0
2021-08-05 10:26:25,82.0,77.0,2.0,3.0
2021-08-05 10:26:26,88.0,79.0,5.0,4.0
2021-08-05 10:26:27,80.0,65.0,8.0,7.0
2021-08-05 10:26:28,99.0,89.0,8.0,2.0
2021-08-05 10:26:29,73.0,67.0,5.0,1.0
2021-08-05 10:26:30,94.0,87.0,4.0,3.0
2021-08-05 10:26:31,75.0,66.0,8.0,1.0
2021-08-05 10:26:32,88.0,80.0,3.0,5.0
2021-08-05 10:26:33,72.0,63.0,5.0,4.0
2021-08-05 10:26:34,95.0,81.0,12.0,2.0
2021-08-05 10:26:35,99.0,84.0,10.0,5.0
2021-08-05 10:26:36,71.0,61.0,5.0,5.0
2021-08-05 10:26:37,84.0,77.0,4.0,3.0
2021-08-05 10:26:38,86.0,76.0,7.0,3.0
2021-08-05 10:26:39,66.0,54.0,5.0,7.0
2021-08-05 10:26:40,86.0,79.0,2.0,5.0
2021-08-05 10:26:41,81.0,72.0,7.0,2.0
2021-08-05 10:26:42,74.0,66.0,5.0,3.0
2021-08-05 10:26:43,79.0,67.0,5.0,7.0
2021-08-05 10:26:44,83.0,73.0,5.0,5.0
2021-08-05 10:26:45,85.0,74.0,6.0,5.0
2021-08-05 10:26:46,70.0,63.0,4.0,3.0
2021-08-05 10:26:47,81.0,72.0,8.0,1.0
2021-08-05 10:26:48,86.0,82.0,3.0,1.0
2021-08-05 10:26:49,82.0,74.0,6.0,2.0
2021-08-05 10:26:50,89.0,72.0,12.0,5.0
2021-08-05 10:26:51,87.0,75.0,7.0,5.0
2021-08-05 10:26:52,72.0,57.0,9.0,6.0
2021-08-05 10:26:53,85.0,71.0,9.0,5.0
2021-08-05 10:26:54,86.0,74.0,9.0,3.0
2021-08-05 10:26:55,92.0,76.0,10.0,6.0
2021-08-05 10:26:56,84.0,72.0,8.0,4.0
2021-08-05 10:26:57,100.0,94.0,1.0,5.0
2021-08-05 10:26:58,80.0,73.0,4.0,3.0
2021-08-05 10:26:59,109.0,99.0,4.0,6.0
2021-08-05 10:27:00,80.0,71.0,5.0,4.0
2021-08-05 10:27:01,82.0,73.0,6.0,3.0
2021-08-05 10:27:02,85.0,75.0,6.0,4.0
2021-08-05 10:27:03,94.0,81.0,5.0,8.0
2021-08-05 10:27:04,82.0,72.0,7.0,3.0
2021-08-05 10:27:05,83.0,73.0,4.0,6.0
2021-08-05 10:27:06,76.0,68.0,5.0,3.0
2021-08-05 10:27:07,81.0,68.0,7.0,6.0
2021-08-05 10:27:08,84.0,75.0,5.0,4.0
2021-08-05 10:27:09,82.0,76.0,4.0,2.0
2021-08-05 10:27:10,86.0,74.0,7.0,5.0
2021-08-05 10:27:11,75.0,61.0,5.0,9.0
2021-08-05 10:27:12,88.0,72.0,9.0,7.0
2021-08-05 10:27:13,88.0,81.0,4.0,3.0
2021-08-05 10:27:14,99.0,80.0,11.0,8.0
2021-08-05 10:27:15,89.0,77.0,6.0,6.0
2021-08-05 10:27:16,86.0,74.0,7.0,5.0
2021-08-05 10:27:17,79.0,76.0,1.0,2.0
2021-08-05 10:27:18,89.0,78.0,5.0,6.0
2021-08-05 10:27:19,87.0,79.0,4.0,4.0
2021-08-05 10:27:20,80.0,68.0,5.0,7.0
2021-08-05 10:27:21,90.0,79.0,9.0,2.0
2021-08-05 10:27:22,81.0,69.0,7.0,5.0
2021-08-05 10:27:23,76.0,68.0,4.0,4.0
2021-08-05 10:27:24,79.0,69.0,3.0,7.0
2021-08-05 10:27:25,80.0,70.0,4.0,6.0
2021-08-05 10:27:26,87.0,78.0,7.0,2.0
2021-08-05 10:27:27,98.0,84.0,11.0,3.0
2021-08-05 10:27:28,90.0,83.0,4.0,3.0
2021-08-05 10:27:29,80.0,68.0,8.0,4.0
2021-08-05 10:27:30,83.0,77.0,6.0,0.0
2021-08-05 10:27:31,104.0,92.0,9.0,3.0
2021-08-05 10:27:32,68.0,62.0,4.0,2.0
2021-08-05 10:27:33,83.0,75.0,4.0,4.0
2021-08-05 10:27:34,88.0,77.0,6.0,5.0
2021-08-05 10:27:35,72.0,62.0,5.0,5.0
2021-08-05 10:27:36,90.0,84.0,5.0,1.0
2021-08-05 10:27:37,80.0,72.0,5.0,3.0
2021-08-05 10:27:38,98.0,83.0,8.0,7.0
2021-08-05 10:27:39,100.0,85.0,9.0,6.0
2021-08-05 10:27:40,86.0,70.0,10.0,6.0
2021-08-05 10:27:41,76.0,65.0,7.0,4.0
2021-08-05 10:27:42,92.0,81.0,5.0,6.0
2021-08-05 10:27:43,98.0,86.0,8.0,4.0
2021-08-05 10:27:44,85.0,77.0,5.0,3.0
2021-08-05 10:27:45,87.0,77.0,3.0,7.0
2021-08-05 10:27:46,72.0,61.0,8.0,3.0
2021-08-05 10:27:47,90.0,76.0,8.0,6.0
2021-08-05 10:27:48,96.0,83.0,9.0,4.0
2021-08-05 10:27:49,94.0,78.0,9.0,7.0
2021-08-05 10:27:50,92.0,81.0,6.0,5.0
2021-08-05 10:27:51,89.0,80.0,4.0,5.0
2021-08-05 10:27:52,65.0,61.0,1.0,3.0
2021-08-05 10:27:53,91.0,80.0,7.0,4.0
2021-08-05 10:27:54,85.0,74.0,7.0,4.0
2021-08-05 10:27:55,80.0,67.0,8.0,5.0
2021-08-05 10:27:56,79.0,66.0,5.0,8.0
2021-08-05 10:27:57,95.0,81.0,10.0,4.0
2021-08-05 10:27:58,73.0,62.0,7.0,4.0
2021-08-05 10:27:59,99.0,87.0,7.0,5.0
2021-08-05 10:28:00,78.0,72.0,4.0,2.0
2021-08-05 10:28:01,81.0,70.0,7.0,4.0
2021-08-05 10:28:02,84.0,71.0,10.0,3.0
2021-08-05 10:28:03,90.0,85.0,5.0,0.0
2021-08-05 10:28:04,71.0,61.0,8.0,2.0
2021-08-05 10:28:05,84.0,73.0,9.0,2.0
2021-08-05 10:28:06,82.0,73.0,6.0,3.0
2021-08-05 10:28:07,88.0,76.0,7.0,5.0
2021-08-05 10:28:08,92.0,80.0,8.0,4.0
2021-08-05 10:28:09,87.0,76.0,8.0,3.0
2021-08-05 10:28:10,95.0,80.0,7.0,8.0
2021-08-05 10:28:11,83.0,77.0,5.0,1.0
2021-08-05 10:28:12,81.0,70.0,6.0,5.0
2021-08-05 10:28:13,88.0,76.0,4.0,8.0
2021-08-05 10:28:14,85.0,73.0,11.0,1.0
2021-08-05 10:28:15,81.0,72.0,5.0,4.0
2021-08-05 10:28:16,99.0,90.0,4.0,5.0
2021-08-05 10:28:17,71.0,61.0,9.0,1.0
2021-08-05 10:28:18,90.0,78.0,10.0,2.0
2021-08-05 10:28:19,87.0,75.0,8.0,4.0
2021-08-05 10:28:20,77.0,69.0,3.0,5.0
2021-08-05 10:28:21,89.0,80.0,6.0,3.0
2021-08-05 10:28:22,98.0,84.0,8.0,6.0
2021-08-05 10:28:23,82.0,69.0,12.0,1.0
2021-08-05 10:28:24,83.0,73.0,5.0,5.0
2021-08-05 10:28:25,83.0,73.0,4.0,6.0
2021-08-05 10:28:26,84.0,73.0,7.0,4.0
2021-08-05 10:28:27,78.0,67.0,4.0,7.0
2021-08-05 10:28:28,90.0,81.0,4.0,5.0
2021-08-05 10:28:29,61.0,54.0,6.0,1.0
2021-08-05 10:28:30,91.0,79.0,9.0,3.0
2021-08-05 10:28:31,102.0,90.0,6.0,6.0
2021-08-05 10:28:32,97.0,79.0,13.0,5.0
2021-08-05 10:28:33,69.0,64.0,3.0,2.0
2021-08-05 10:28:34,92.0,77.0,9.0,6.0
2021-08-05 10:28:35,95.0,85.0,5.0,5.0
2021-08-05 10:28:36,79.0,63.0,8.0,8.0
2021-08-05 10:28:37,90.0,79.0,1.0,10.0
2021-08-05 10:28:38,98.0,86.0,8.0,4.0
2021-08-05 10:28:39,80.0,71.0,5.0,4.0
2021-08-05 10:28:40,81.0,70.0,6.0,5.0
2021-08-05 10:28:41,78.0,71.0,3.0,4.0
2021-08-05 10:28:42,89.0,78.0,7.0,4.0
2021-08-05 10:28:43,100.0,86.0,8.0,6.0
2021-08-05 10:28:44,70.0,62.0,5.0,3.0
2021-08-05 10:28:45,83.0,79.0,1.0,3.0
2021-08-05 10:28:46,93.0,76.0,9.0,8.0
2021-08-05 10:28:47,68.0,61.0,5.0,2.0
2021-08-05 10:28:48,70.0,62.0,4.0,4.0
2021-08-05 10:28:49,84.0,77.0,5.0,2.0
2021-08-05 10:28:50,90.0,80.0,5.0,5.0
2021-08-05 10:28:51,77.0,74.0,3.0,0.0
2021-08-05 10:28:52,89.0,79.0,5.0,5.0
2021-08-05 10:28:53,80.0,71.0,5.0,4.0
2021-08-05 10:28:54,88.0,76.0,7.0,5.0
2021-08-05 10:28:55,86.0,71.0,9.0,6.0
2021-08-05 10:28:56,78.0,70.0,6.0,2.0
2021-08-05 10:28:57,79.0,69.0,5.0,5.0
2021-08-05 10:28:58,81.0,71.0,3.0,7.0
2021-08-05 10:28:59,109.0,99.0,6.0,4.0
2021-08-05 10:29:00,82.0,70.0,8.0,4.0
2021-08-05 10:29:01,94.0,87.0,5.0,2.0
2021-08-05 10:29:02,73.0,62.0,7.0,4.0
2021-08-05 10:29:03,89.0,79.0,10.0,0.0
2021-08-05 10:29:04,75.0,64.0,6.0,5.0
2021-08-05 10:29:05,80.0,69.0,8.0,3.0
2021-08-05 10:29:06,73.0,65.0,4.0,4.0
2021-08-05 10:29:07,77.0,66.0,6.0,5.0
2021-08-05 10:29:08,88.0,72.0,9.0,7.0
2021-08-05 10:29:09,96.0,85.0,5.0,6.0
2021-08-05 10:29:10,84.0,74.0,4.0,6.0
2021-08-05 10:29:11,86.0,73.0,6.0,7.0
2021-08-05 10:29:12,86.0,70.0,13.0,3.0
2021-08-05 10:29:13,81.0,71.0,8.0,2.0
2021-08-05 10:29:14,85.0,73.0,9.0,3.0
2021-08-05 10:29:15,84.0,74.0,4.0,6.0
2021-08-05 10:29:16,85.0,73.0,5.0,7.0
2021-08-05 10:29:17,85.0,76.0,6.0,3.0
2021-08-05 10:29:18,84.0,73.0,8.0,3.0
2021-08-05 10:29:19,73.0,66.0,5.0,2.0
2021-08-05 10:29:20,79.0,69.0,4.0,6.0
2021-08-05 10:29:21,87.0,74.0,7.0,6.0
2021-08-05 10:29:22,83.0,74.0,7.0,2.0
2021-08-05 10:29:23,77.0,69.0,5.0,3.0
2021-08-05 10:29:24,92.0,84.0,3.0,5.0
2021-08-05 10:29:25,88.0,75.0,7.0,6.0
2021-08-05 10:29:26,90.0,74.0,10.0,6.0
2021-08-05 10:29:27,81.0,68.0,6.0,7.0
2021-08-05 10:29:28,88.0,80.0,3.0,5.0
2021-08-05 10:29:29,75.0,67.0,4.0,4.0
2021-08-05 10:29:30,86.0,73.0,7.0,6.0
2021-08-05 10:29:31,85.0,79.0,4.0,2.0
2021-08-05 10:29:32,90.0,81.0,4.0,5.0
2021-08-05 10:29:33,92.0,78.0,11.0,3.0
2021-08-05 10:29:34,97.0,85.0,9.0,3.0
2021-08-05 10:29:35,70.0,58.0,9.0,3.0
2021-08-05 10:29:36,85.0,73.0,7.0,5.0
2021-08-05 10:29:37,72.0,67.0,3.0,2.0
2021-08-05 10:29:38,77.0,67.0,8.0,2.0
2021-08-05 10:29:39,97.0,85.0,9.0,3.0
2021-08-05 10:29:40,97.0,84.0,4.0,9.0
2021-08-05 10:29:41,90.0,83.0,6.0,1.0
2021-08-05 10:29:42,96.0,82.0,11.0,3.0
2021-08-05 10:29:43,77.0,68.0,6.0,3.0
2021-08-05 10:29:44,70.0,64.0,4.0,2.0
2021-08-05 10:29:45,77.0,64.0,10.0,3.0
2021-08-05 10:29:46,73.0,62.0,6.0,5.0
2021-08-05 10:29:47,87.0,75.0,8.0,4.0
2021-08-05 10:29:48,80.0,69.0,7.0,4.0
2021-08-05 10:29:49,80.0,72.0,5.0,3.0
2021-08-05 10:29:50,70.0,61.0,9.0,0.0
2021-08-05 10:29:51,74.0,67.0,5.0,2.0
2021-08-05 10:29:52,95.0,88.0,3.0,4.0
2021-08-05 10:29:53,103.0,92.0,6.0,5.0
2021-08-05 10:29:54,88.0,77.0,7.0,4.0
2021-08-05 10:29:55,69.0,59.0,8.0,2.0
2021-08-05 10:29:56,73.0,66.0,2.0,5.0
2021-08-05 10:29:57,88.0,76.0,6.0,6.0
2021-08-05 10:29:58,76.0,64.0,6.0,6.0
2021-08-05 10:29:59,86.0,74.0,8.0,4.0
2021-08-05 10:30:00,69.0,58.0,7.0,4.0
2021-08-05 10:30:01,99.0,92.0,6.0,1.0
2021-08-05 10:30:02,76.0,64.0,10.0,2.0
2021-08-05 10:30:03,85.0,72.0,8.0,5.0
2021-08-05 10:30:04,68.0,61.0,4.0,3.0
2021-08-05 10:30:05,93.0,81.0,6.0,6.0
2021-08-05 10:30:06,99.0,86.0,6.0,7.0
2021-08-05 10:30:07,88.0,67.0,11.0,10.0
2021-08-05 10:30:08,86.0,77.0,3.0,6.0
2021-08-05 10:30:09,78.0,68.0,7.0,3.0
2021-08-05 10:30:10,69.0,54.0,10.0,5.0
2021-08-05 10:30:11,61.0,51.0,6.0,4.0
2021-08-05 10:30:12,89.0,75.0,5.0,9.0
2021-08-05 10:30:13,93.0,82.0,6.0,5.0
2021-08-05 10:30:14,85.0,75.0,8.0,2.0
2021-08-05 10:30:15,84.0,73.0,9.0,2.0
2021-08-05 10:30:16,85.0,75.0,6.0,4.0
2021-08-05 10:30:17,102.0,84.0,9.0,9.0
2021-08-05 10:30:18,77.0,66.0,5.0,6.0
2021-08-05 10:30:19,89.0,74.0,11.0,4.0
2021-08-05 10:30:20,72.0,66.0,3.0,3.0
2021-08-05 10:30:21,98.0,82.0,7.0,9.0
2021-08-05 10:30:22,77.0,67.0,5.0,5.0
2021-08-05 10:30:23,81.0,73.0,6.0,2.0
2021-08-05 10:30:24,84.0,76.0,6.0,2.0
2021-08-05 10:30:25,76.0,67.0,5.0,4.0
2021-08-05 10:30:26,76.0,63.0,8.0,5.0
2021-08-05 10:30:27,89.0,77.0,9.0,3.0
2021-08-05 10:30:28,83.0,74.0,4.0,5.0
2021-08-05 10:30:29,91.0,79.0,10.0,2.0
2021-08-05 10:30:30,78.0,68.0,5.0,5.0
2021-08-05 10:30:31,92.0,76.0,10.0,6.0
2021-08-05 10:30:32,93.0,80.0,5.0,8.0
2021-08-05 10:30:33,82.0,74.0,6.0,2.0
2021-08-05 10:30:34,86.0,84.0,2.0,0.0
2021-08-05 10:30:35,88.0,75.0,11.0,2.0
2021-08-05 10:30:36,88.0,77.0,9.0,2.0
2021-08-05 10:30:37,92.0,75.0,5.0,12.0
2021-08-05 10:30:38,79.0,67.0,10.0,2.0
2021-08-05 10:30:39,83.0,70.0,10.0,3.0
2021-08-05 10:30:40,76.0,67.0,5.0,4.0
2021-08-05 10:30:41,79.0,70.0,6.0,3.0
2021-08-05 10:30:42,84.0,76.0,4.0,4.0
2021-08-05 10:30:43,90.0,81.0,5.0,4.0
2021-08-05 10:30:44,87.0,75.0,9.0,3.0
2021-08-05 10:30:45,77.0,71.0,4.0,2.0
2021-08-05 10:30:46,89.0,77.0,4.0,8.0
2021-08-05 10:30:47,98.0,81.0,14.0,3.0
2021-08-05 10:30:48,87.0,73.0,9.0,5.0
2021-08-05 10:30:49,79.0,65.0,2.0,12.0
2021-08-05 10:30:50,91.0,74.0,10.0,7.0
2021-08-05 10:30:51,81.0,69.0,6.0,6.0
2021-08-05 10:30:52,75.0,66.0,6.0,3.0
2021-08-05 10:30:53,81.0,73.0,4.0,4.0
2021-08-05 10:30:54,94.0,79.0,8.0,7.0
2021-08-05 10:30:55,76.0,68.0,6.0,2.0
2021-08-05 10:30:56,89.0,75.0,11.0,3.0
2021-08-05 10:30:57,94.0,84.0,6.0,4.0
2021-08-05 10:30:58,78.0,70.0,6.0,2.0
2021-08-05 10:30:59,81.0,65.0,12.0,4.0
2021-08-05 10:31:00,85.0,74.0,7.0,4.0
2021-08-05 10:31:01,87.0,78.0,5.0,4.0
2021-08-05 10:31:02,87.0,80.0,4.0,3.0
2021-08-05 10:31:03,81.0,76.0,4.0,1.0
2021-08-05 10:31:04,99.0,88.0,8.0,3.0
2021-08-05 10:31:05,84.0,68.0,10.0,6.0
2021-08-05 10:31:06,81.0,77.0,3.0,1.0
2021-08-05 10:31:07,75.0,64.0,4.0,7.0
2021-08-05 10:31:08,80.0,69.0,5.0,6.0
2021-08-05 10:31:09,79.0,66.0,9.0,4.0
2021-08-05 10:31:10,76.0,64.0,6.0,6.0
2021-08-05 10:31:11,94.0,80.0,10.0,4.0
2021-08-05 10:31:12,86.0,77.0,7.0,2.0
2021-08-05 10:31:13,83.0,70.0,9.0,4.0
2021-08-05 10:31:14,73.0,59.0,10.0,4.0
2021-08-05 10:31:15,88.0,78.0,6.0,4.0
2021-08-05 10:31:16,68.0,57.0,5.0,6.0
2021-08-05 10:31:17,88.0,78.0,6.0,4.0
2021-08-05 10:31:18,77.0,71.0,3.0,3.0
2021-08-05 10:31:19,77.0,69.0,6.0,2.0
2021-08-05 10:31:20,73.0,65.0,4.0,4.0
2021-08-05 10:31:21,69.0,64.0,3.0,2.0
2021-08-05 10:31:22,88.0,83.0,4.0,1.0
2021-08-05 10:31:23,66.0,56.0,5.0,5.0
2021-08-05 10:31:24,70.0,64.0,3.0,3.0
2021-08-05 10:31:25,77.0,66.0,8.0,3.0
2021-08-05 10:31:26,93.0,76.0,10.0,7.0
2021-08-05 10:31:27,88.0,77.0,10.0,1.0
2021-08-05 10:31:28,61.0,56.0,3.0,2.0
2021-08-05 10:31:29,71.0,60.0,6.0,5.0
2021-08-05 10:31:30,93.0,78.0,7.0,8.0
2021-08-05 10:31:31,85.0,71.0,10.0,4.0
2021-08-05 10:31:32,87.0,75.0,6.0,6.0
2021-08-05 10:31:33,82.0,74.0,4.0,4.0
2021-08-05 10:31:34,89.0,80.0,4.0,5.0
2021-08-05 10:31:35,108.0,95.0,6.0,7.0
2021-08-05 10:31:36,68.0,58.0,6.0,4.0
2021-08-05 10:31:37,80.0,63.0,13.0,4.0
2021-08-05 10:31:38,88.0,80.0,6.0,2.0
2021-08-05 10:31:39,76.0,66.0,7.0,3.0
2021-08-05 10:31:40,82.0,72.0,6.0,4.0
2021-08-05 10:31:41,75.0,68.0,5.0,2.0
2021-08-05 10:31:42,85.0,74.0,7.0,4.0
2021-08-05 10:31:43,81.0,72.0,6.0,3.0
2021-08-05 10:31:44,91.0,80.0,8.0,3.0
2021-08-05 10:31:45,72.0,69.0,2.0,1.0
2021-08-05 10:31:46,82.0,77.0,3.0,2.0
2021-08-05 10:31:47,94.0,78.0,11.0,5.0
2021-08-05 10:31:48,74.0,67.0,5.0,2.0
2021-08-05 10:31:49,74.0,66.0,5.0,3.0
2021-08-05 10:31:50,77.0,66.0,7.0,4.0
2021-08-05 10:31:51,98.0,87.0,10.0,1.0
2021-08-05 10:31:52,71.0,61.0,4.0,6.0
2021-08-05 10:31:53,88.0,76.0,9.0,3.0
2021-08-05 10:31:54,85.0,70.0,9.0,6.0
2021-08-05 10:31:55,92.0,79.0,9.0,4.0
2021-08-05 10:31:56,86.0,75.0,4.0,7.0
2021-08-05 10:31:57,77.0,68.0,6.0,3.0
2021-08-05 10:31:58,86.0,75.0,9.0,2.0
2021-08-05 10:31:59,78.0,69.0,6.0,3.0
2021-08-05 10:32:00,97.0,78.0,15.0,4.0
2021-08-05 10:32:01,84.0,75.0,6.0,3.0
2021-08-05 10:32:02,85.0,76.0,6.0,3.0
2021-08-05 10:32:03,77.0,65.0,11.0,1.0
2021-08-05 10:32:04,93.0,82.0,5.0,6.0
2021-08-05 10:32:05,82.0,74.0,4.0,4.0
2021-08-05 10:32:06,84.0,74.0,7.0,3.0
2021-08-05 10:32:07,97.0,81.0,12.0,4.0
2021-08-05 10:32:08,74.0,64.0,7.0,3.0
2021-08-05 10:32:09,93.0,77.0,12.0,4.0
2021-08-05 10:32:10,91.0,80.0,7.0,4.0
2021-08-05 10:32:11,77.0,69.0,6.0,2.0
2021-08-05 10:32:12,83.0,72.0,10.0,1.0
2021-08-05 10:32:13,79.0,70.0,4.0,5.0
2021-08-05 10:32:14,91.0,79.0,8.0,4.0
2021-08-05 10:32:15,87.0,76.0,9.0,2.0
2021-08-05 10:32:16,87.0,72.0,11.0,4.0
2021-08-05 10:32:17,90.0,80.0,7.0,3.0
2021-08-05 10:32:18,67.0,60.0,5.0,2.0
2021-08-05 10:32:19,77.0,60.0,10.0,7.0
2021-08-05 10:32:20,86.0,72.0,8.0,6.0
2021-08-05 10:32:21,69.0,55.0,8.0,6.0
2021-08-05 10:32:22,80.0,67.0,10.0,3.0
2021-08-05 10:32:23,83.0,73.0,6.0,4.0
2021-08-05 10:32:24,77.0,65.0,8.0,4.0
2021-08-05 10:32:25,77.0,67.0,7.0,3.0
2021-08-05 10:32:26,85.0,74.0,6.0,5.0
2021-08-05 10:32:27,77.0,70.0,6.0,1.0
2021-08-05 10:32:28,82.0,71.0,7.0,4.0
2021-08-05 10:32:29,110.0,99.0,8.0,3.0
2021-08-05 10:32:30,88.0,75.0,8.0,5.0
2021-08-05 10:32:31,80.0,74.0,4.0,2.0
2021-08-05 10:32:32,92.0,82.0,7.0,3.0
2021-08-05 10:32:33,76.0,64.0,8.0,4.0
2021-08-05 10:32:34,83.0,72.0,5.0,6.0
2021-08-05 10:32:35,83.0,80.0,1.0,2.0
2021-08-05 10:32:36,82.0,72.0,3.0,7.0
2021-08-05 10:32:37,83.0,72.0,8.0,3.0
2021-08-05 10:32:38,96.0,83.0,8.0,5.0
2021-08-05 10:32:39,80.0,70.0,6.0,4.0
2021-08-05 10:32:40,93.0,81.0,8.0,4.0
2021-08-05 10:32:41,93.0,81.0,8.0,4.0
2021-08-05 10:32:42,65.0,53.0,7.0,5.0
2021-08-05 10:32:43,83.0,73.0,8.0,2.0
2021-08-05 10:32:44,77.0,65.0,8.0,4.0
2021-08-05 10:32:45,88.0,82.0,3.0,3.0
2021-08-05 10:32:46,86.0,80.0,3.0,3.0
2021-08-05 10:32:47,65.0,57.0,5.0,3.0
2021-08-05 10:32:48,73.0,64.0,6.0,3.0
2021-08-05 10:32:49,73.0,60.0,8.0,5.0
2021-08-05 10:32:50,84.0,71.0,4.0,9.0
2021-08-05 10:32:51,87.0,76.0,6.0,5.0
2021-08-05 10:32:52,82.0,68.0,11.0,3.0
2021-08-05 10:32:53,82.0,71.0,7.0,4.0
2021-08-05 10:32:54,86.0,75.0,7.0,4.0
2021-08-05 10:32:55,78.0,67.0,9.0,2.0
2021-08-05 10:32:56,77.0,71.0,5.0,1.0
2021-08-05 10:32:57,83.0,72.0,8.0,3.0
2021-08-05 10:32:58,74.0,63.0,5.0,6.0
2021-08-05 10:32:59,74.0,68.0,2.0,4.0
2021-08-05 10:33:00,91.0,78.0,6.0,7.0
2021-08-05 10:33:01,81.0,73.0,5.0,3.0
2021-08-05 10:33:02,81.0,71.0,5.0,5.0
2021-08-05 10:33:03,93.0,78.0,11.0,4.0
2021-08-05 10:33:04,79.0,62.0,8.0,9.0
2021-08-05 10:33:05,79.0,69.0,7.0,3.0
2021-08-05 10:33:06,67.0,60.0,5.0,2.0
2021-08-05 10:33:07,59.0,50.0,6.0,3.0
2021-08-05 10:33:08,81.0,71.0,7.0,3.0
2021-08-05 10:33:09,106.0,96.0,7.0,3.0
2021-08-05 10:33:10,61.0,53.0,4.0,4.0
2021-08-05 10:33:11,78.0,68.0,7.0,3.0
2021-08-05 10:33:12,81.0,73.0,3.0,5.0
2021-08-05 10:33:13,86.0,76.0,7.0,3.0
2021-08-05 10:33:14,74.0,67.0,3.0,4.0
2021-08-05 10:33:15,90.0,76.0,7.0,7.0
2021-08-05 10:33:16,81.0,67.0,11.0,3.0
2021-08-05 10:33:17,76.0,69.0,5.0,2.0
2021-08-05 10:33:18,83.0,71.0,6.0,6.0
2021-08-05 10:33:19,80.0,65.0,8.0,7.0
2021-08-05 10:33:20,99.0,89.0,6.0,4.0
2021-08-05 10:33:21,76.0,64.0,5.0,7.0
2021-08-05 10:33:22,86.0,76.0,6.0,4.0
2021-08-05 10:33:23,89.0,76.0,10.0,3.0
2021-08-05 10:33:24,63.0,61.0,1.0,1.0
2021-08-05 10:33:25,94.0,89.0,3.0,2.0
2021-08-05 10:33:26,86.0,76.0,5.0,5.0
2021-08-05 10:33:27,67.0,59.0,2.0,6.0
2021-08-05 10:33:28,86.0,70.0,10.0,6.0
2021-08-05 10:33:29,75.0,68.0,3.0,4.0
2021-08-05 10:33:30,85.0,72.0,5.0,8.0
2021-08-05 10:33:31,99.0,85.0,8.0,6.0
2021-08-05 10:33:32,78.0,67.0,8.0,3.0
2021-08-05 10:33:33,99.0,91.0,7.0,1.0
2021-08-05 10:33:34,92.0,80.0,7.0,5.0
2021-08-05 10:33:35,71.0,61.0,2.0,8.0
2021-08-05 10:33:36,73.0,63.0,5.0,5.0
2021-08-05 10:33:37,81.0,67.0,7.0,7.0
2021-08-05 10:33:38,93.0,79.0,8.0,6.0
2021-08-05 10:33:39,92.0,77.0,7.0,8.0
2021-08-05 10:33:40,79.0,70.0,8.0,1.0
2021-08-05 10:33:41,107.0,90.0,7.0,10.0
2021-08-05 10:33:42,81.0,71.0,7.0,3.0
2021-08-05 10:33:43,69.0,58.0,9.0,2.0
2021-08-05 10:33:44,75.0,63.0,9.0,3.0
2021-08-05 10:33:45,72.0,62.0,6.0,4.0
2021-08-05 10:33:46,78.0,71.0,5.0,2.0
2021-08-05 10:33:47,83.0,70.0,9.0,4.0
2021-08-05 10:33:48,88.0,77.0,8.0,3.0
2021-08-05 10:33:49,71.0,61.0,6.0,4.0
2021-08-05 10:33:50,84.0,72.0,8.0,4.0
2021-08-05 10:33:51,79.0,68.0,4.0,7.0
2021-08-05 10:33:52,94.0,78.0,12.0,4.0
2021-08-05 10:33:53,88.0,81.0,6.0,1.0
2021-08-05 10:33:54,93.0,82.0,6.0,5.0
2021-08-05 10:33:55,88.0,74.0,7.0,7.0
2021-08-05 10:33:56,93.0,78.0,12.0,3.0
2021-08-05 10:33:57,82.0,69.0,9.0,4.0
2021-08-05 10:33:58,85.0,73.0,7.0,5.0
2021-08-05 10:33:59,68.0,64.0,4.0,0.0
2021-08-05 10:34:00,90.0,77.0,9.0,4.0
2021-08-05 10:34:01,79.0,68.0,7.0,4.0
2021-08-05 10:34:02,74.0,63.0,8.0,3.0
2021-08-05 10:34:03,97.0,82.0,9.0,6.0
2021-08-05 10:34:04,80.0,69.0,5.0,6.0
2021-08-05 10:34:05,102.0,91.0,5.0,6.0
2021-08-05 10:34:06,78.0,69.0,7.0,2.0
2021-08-05 10:34:07,69.0,60.0,6.0,3.0
2021-08-05 10:34:08,72.0,66.0,4.0,2.0
2021-08-05 10:34:09,73.0,62.0,7.0,4.0
2021-08-05 10:34:10,93.0,78.0,6.0,9.0
2021-08-05 10:34:11,87.0,72.0,6.0,9.0
2021-08-05 10:34:12,96.0,86.0,7.0,3.0
2021-08-05 10:34:13,90.0,79.0,5.0,6.0
2021-08-05 10:34:14,96.0,86.0,9.0,1.0
2021-08-05 10:34:15,94.0,76.0,11.0,7.0
2021-08-05 10:34:16,67.0,59.0,3.0,5.0
2021-08-05 10:34:17,78.0,63.0,11.0,4.0
2021-08-05 10:34:18,105.0,91.0,9.0,5.0
2021-08-05 10:34:19,83.0,73.0,3.0,7.0
2021-08-05 10:34:20,101.0,93.0,5.0,3.0
2021-08-05 10:34:21,96.0,82.0,11.0,3.0
2021-08-05 10:34:22,77.0,66.0,4.0,7.0
2021-08-05 10:34:23,81.0,71.0,7.0,3.0
2021-08-05 10:34:24,85.0,72.0,8.0,5.0
2021-08-05 10:34:25,80.0,66.0,6.0,8.0
2021-08-05 10:34:26,88.0,76.0,8.0,4.0
2021-08-05 10:34:27,72.0,57.0,11.0,4.0
2021-08-05 10:34:28,90.0,77.0,7.0,6.0
2021-08-05 10:34:29,91.0,79.0,6.0,6.0
2021-08-05 10:34:30,68.0,52.0,9.0,7.0
2021-08-05 10:34:31,79.0,72.0,5.0,2.0
2021-08-05 10:34:32,73.0,70.0,3.0,0.0
2021-08-05 10:34:33,79.0,67.0,7.0,5.0
2021-08-05 10:34:34,77.0,71.0,3.0,3.0
2021-08-05 10:34:35,90.0,83.0,4.0,3.0
2021-08-05 10:34:36,80.0,69.0,4.0,7.0
2021-08-05 10:34:37,77.0,65.0,8.0,4.0
2021-08-05 10:34:38,70.0,61.0,6.0,3.0
2021-08-05 10:34:39,85.0,73.0,6.0,6.0
2021-08-05 10:34:40,90.0,81.0,5.0,4.0
2021-08-05 10:34:41,91.0,79.0,7.0,5.0
2021-08-05 10:34:42,79.0,69.0,6.0,4.0
2021-08-05 10:34:43,75.0,64.0,7.0,4.0
2021-08-05 10:34:44,70.0,64.0,4.0,2.0
2021-08-05 10:34:45,93.0,83.0,7.0,3.0
2021-08-05 10:34:46,78.0,66.0,8.0,4.0
2021-08-05 10:34:47,71.0,59.0,3.0,9.0
2021-08-05 10:34:48,76.0,68.0,5.0,3.0
2021-08-05 10:34:49,88.0,74.0,9.0,5.0
2021-08-05 10:34:50,94.0,83.0,8.0,3.0
2021-08-05 10:34:51,82.0,72.0,9.0,1.0
2021-08-05 10:34:52,67.0,63.0,4.0,0.0
2021-08-05 10:34:53,68.0,56.0,9.0,3.0
2021-08-05 10:34:54,81.0,68.0,10.0,3.0
2021-08-05 10:34:55,92.0,78.0,8.0,6.0
2021-08-05 10:34:56,78.0,67.0,8.0,3.0
2021-08-05 10:34:57,91.0,79.0,6.0,6.0
2021-08-05 10:34:58,88.0,77.0,9.0,2.0
2021-08-05 10:34:59,80.0,69.0,7.0,4.0
2021-08-05 10:35:00,90.0,75.0,9.0,6.0
2021-08-05 10:35:01,88.0,77.0,6.0,5.0
2021-08-05 10:35:02,74.0,64.0,8.0,2.0
2021-08-05 10:35:03,74.0,61.0,9.0,4.0
2021-08-05 10:35:04,89.0,76.0,10.0,3.0
2021-08-05 10:35:05,86.0,77.0,7.0,2.0
2021-08-05 10:35:06,74.0,65.0,5.0,4.0
2021-08-05 10:35:07,84.0,69.0,10.0,5.0
2021-08-05 10:35:08,85.0,82.0,3.0,0.0
2021-08-05 10:35:09,86.0,81.0,2.0,3.0
2021-08-05 10:35:10,87.0,74.0,7.0,6.0
2021-08-05 10:35:11,75.0,64.0,7.0,4.0
2021-08-05 10:35:12,95.0,80.0,9.0,6.0
2021-08-05 10:35:13,79.0,71.0,5.0,3.0
2021-08-05 10:35:14,90.0,82.0,6.0,2.0
2021-08-05 10:35:15,87.0,82.0,4.0,1.0
2021-08-05 10:35:16,94.0,81.0,5.0,8.0
2021-08-05 10:35:17,74.0,63.0,4.0,7.0
2021-08-05 10:35:18,81.0,70.0,4.0,7.0
2021-08-05 10:35:19,70.0,59.0,8.0,3.0
2021-08-05 10:35:20,86.0,72.0,6.0,8.0
2021-08-05 10:35:21,78.0,69.0,3.0,6.0
2021-08-05 10:35:22,87.0,76.0,5.0,6.0
2021-08-05 10:35:23,79.0,69.0,9.0,1.0
2021-08-05 10:35:24,87.0,76.0,3.0,8.0
2021-08-05 10:35:25,71.0,63.0,4.0,4.0
2021-08-05 10:35:26,72.0,59.0,8.0,5.0
2021-08-05 10:35:27,78.0,68.0,6.0,4.0
2021-08-05 10:35:28,72.0,62.0,5.0,5.0
2021-08-05 10:35:29,80.0,71.0,5.0,4.0
2021-08-05 10:35:30,71.0,63.0,3.0,5.0
2021-08-05 10:35:31,81.0,69.0,9.0,3.0
2021-08-05 10:35:32,88.0,77.0,3.0,8.0
2021-08-05 10:35:33,79.0,70.0,4.0,5.0
2021-08-05 10:35:34,85.0,75.0,6.0,4.0
2021-08-05 10:35:35,83.0,76.0,2.0,5.0
2021-08-05 10:35:36,77.0,72.0,4.0,1.0
2021-08-05 10:35:37,76.0,67.0,5.0,4.0
2021-08-05 10:35:38,70.0,64.0,2.0,4.0
2021-08-05 10:35:39,79.0,71.0,3.0,5.0
2021-08-05 10:35:40,70.0,64.0,4.0,2.0
2021-08-05 10:35:41,86.0,73.0,5.0,8.0
2021-08-05 10:35:42,87.0,83.0,3.0,1.0
2021-08-05 10:35:43,82.0,70.0,6.0,6.0
2021-08-05 10:35:44,96.0,85.0,9.0,2.0
2021-08-05 10:35:45,66.0,54.0,6.0,6.0
2021-08-05 10:35:46,79.0,66.0,9.0,4.0
2021-08-05 10:35:47,89.0,79.0,6.0,4.0
2021-08-05 10:35:48,85.0,76.0,6.0,3.0
2021-08-05 10:35:49,80.0,68.0,7.0,5.0
2021-08-05 10:35:50,75.0,65.0,4.0,6.0
2021-08-05 10:35:51,79.0,69.0,5.0,5.0
2021-08-05 10:35:52,89.0,77.0,5.0,7.0
2021-08-05 10:35:53,79.0,70.0,5.0,4.0
2021-08-05 10:35:54,80.0,70.0,6.0,4.0
2021-08-05 10:35:55,82.0,73.0,7.0,2.0
2021-08-05 10:35:56,87.0,71.0,11.0,5.0
2021-08-05 10:35:57,86.0,74.0,7.0,5.0
2021-08-05 10:35:58,88.0,84.0,2.0,2.0
2021-08-05 10:35:59,80.0,71.0,3.0,6.0
2021-08-05 10:36:00,75.0,65.0,6.0,4.0
2021-08-05 10:36:01,79.0,68.0,8.0,3.0
2021-08-05 10:36:02,86.0,77.0,5.0,4.0
2021-08-05 10:36:03,84.0,70.0,9.0,5.0
2021-08-05 10:36:04,86.0,77.0,5.0,4.0
2021-08-05 10:36:05,95.0,81.0,8.0,6.0
2021-08-05 10:36:06,92.0,81.0,8.0,3.0
2021-08-05 10:36:07,74.0,60.0,7.0,7.0
2021-08-05 10:36:08,84.0,77.0,2.0,5.0
2021-08-05 10:36:09,74.0,59.0,13.0,2.0
2021-08-05 10:36:10,66.0,53.0,9.0,4.0
2021-08-05 10:36:11,74.0,64.0,3.0,7.0
2021-08-05 10:36:12,82.0,76.0,2.0,4.0
2021-08-05 10:36:13,78.0,67.0,7.0,4.0
2021-08-05 10:36:14,77.0,70.0,5.0,2.0
2021-08-05 10:36:15,106.0,95.0,7.0,4.0
2021-08-05 10:36:16,97.0,85.0,9.0,3.0
2021-08-05 10:36:17,83.0,77.0,4.0,2.0
2021-08-05 10:36:18,95.0,83.0,7.0,5.0
2021-08-05 10:36:19,73.0,63.0,5.0,5.0
2021-08-05 10:36:20,77.0,69.0,3.0,5.0
2021-08-05 10:36:21,101.0,81.0,9.0,11.0
2021-08-05 10:36:22,76.0,68.0,4.0,4.0
2021-08-05 10:36:23,88.0,78.0,8.0,2.0
2021-08-05 10:36:24,82.0,73.0,4.0,5.0
2021-08-05 10:36:25,71.0,62.0,8.0,1.0
2021-08-05 10:36:26,81.0,68.0,8.0,5.0
2021-08-05 10:36:27,70.0,63.0,2.0,5.0
2021-08-05 10:36:28,88.0,74.0,8.0,6.0
2021-08-05 10:36:29,76.0,68.0,5.0,3.0
2021-08-05 10:36:30,68.0,62.0,1.0,5.0
2021-08-05 10:36:31,82.0,69.0,10.0,3.0
2021-08-05 10:36:32,83.0,70.0,6.0,7.0
2021-08-05 10:36:33,91.0,80.0,8.0,3.0
2021-08-05 10:36:34,86.0,71.0,8.0,7.0
2021-08-05 10:36:35,89.0,79.0,5.0,5.0
2021-08-05 10:36:36,93.0,81.0,7.0,5.0
2021-08-05 10:36:37,80.0,73.0,2.0,5.0
2021-08-05 10:36:38,80.0,72.0,4.0,4.0
2021-08-05 10:36:39,85.0,74.0,7.0,4.0
2021-08-05 10:36:40,83.0,73.0,7.0,3.0
2021-08-05 10:36:41,74.0,65.0,8.0,1.0
2021-08-05 10:36:42,71.0,67.0,4.0,0.0
2021-08-05 10:36:43,82.0,66.0,8.0,8.0
2021-08-05 10:36:44,93.0,83.0,4.0,6.0
2021-08-05 10:36:45,87.0,77.0,5.0,5.0
2021-08-05 10:36:46,98.0,88.0,6.0,4.0
2021-08-05 10:36:47,65.0,57.0,6.0,2.0
2021-08-05 10:36:48,91.0,79.0,8.0,4.0
2021-08-05 10:36:49,80.0,64.0,15.0,1.0
2021-08-05 10:36:50,81.0,72.0,5.0,4.0
2021-08-05 10:36:51,65.0,54.0,9.0,2.0
2021-08-05 10:36:52,76.0,65.0,5.0,6.0
2021-08-05 10:36:53,72.0,65.0,6.0,1.0
2021-08-05 10:36:54,82.0,72.0,7.0,3.0
2021-08-05 10:36:55,92.0,80.0,10.0,2.0
2021-08-05 10:36:56,85.0,73.0,5.0,7.0
2021-08-05 10:36:57,74.0,64.0,9.0,1.0
2021-08-05 10:36:58,72.0,58.0,10.0,4.0
2021-08-05 10:36:59,83.0,73.0,5.0,5.0
2021-08-05 10:37:00,76.0,63.0,7.0,6.0
2021-08-05 10:37:01,84.0,71.0,8.0,5.0
2021-08-05 10:37:02,91.0,81.0,5.0,5.0
2021-08-05 10:37:03,81.0,66.0,7.0,8.0
2021-08-05 10:37:04,81.0,71.0,5.0,5.0
2021-08-05 10:37:05,81.0,73.0,5.0,3.0
2021-08-05 10:37:06,82.0,72.0,6.0,4.0
2021-08-05 10:37:07,81.0,72.0,7.0,2.0
2021-08-05 10:37:08,84.0,77.0,5.0,2.0
2021-08-05 10:37:09,79.0,67.0,4.0,8.0
2021-08-05 10:37:10,86.0,75.0,3.0,8.0
2021-08-05 10:37:11,83.0,77.0,3.0,3.0
2021-08-05 10:37:12,86.0,76.0,7.0,3.0
2021-08-05 10:37:13,79.0,68.0,8.0,3.0
2021-08-05 10:37:14,89.0,75.0,8.0,6.0
2021-08-05 10:37:15,85.0,81.0,4.0,0.0
2021-08-05 10:37:16,96.0,87.0,5.0,4.0
2021-08-05 10:37:17,84.0,72.0,7.0,5.0
2021-08-05 10:37:18,79.0,64.0,7.0,8.0
2021-08-05 10:37:19,73.0,66.0,5.0,2.0
2021-08-05 10:37:20,80.0,72.0,6.0,2.0
2021-08-05 10:37:21,78.0,71.0,4.0,3.0
2021-08-05 10:37:22,88.0,74.0,8.0,6.0
2021-08-05 10:37:23,82.0,68.0,10.0,4.0
2021-08-05 10:37:24,94.0,81.0,8.0,5.0
2021-08-05 10:37:25,79.0,64.0,7.0,8.0
2021-08-05 10:37:26,94.0,81.0,8.0,5.0
2021-08-05 10:37:27,74.0,66.0,2.0,6.0
2021-08-05 10:37:28,76.0,68.0,6.0,2.0
2021-08-05 10:37:29,89.0,76.0,5.0,8.0
2021-08-05 10:37:30,82.0,75.0,3.0,4.0
2021-08-05 10:37:31,79.0,69.0,6.0,4.0
2021-08-05 10:37:32,87.0,77.0,3.0,7.0
2021-08-05 10:37:33,90.0,78.0,7.0,5.0
2021-08-05 10:37:34,91.0,79.0,7.0,5.0
2021-08-05 10:37:35,89.0,74.0,12.0,3.0
2021-08-05 10:37:36,86.0,76.0,6.0,4.0
2021-08-05 10:37:37,66.0,58.0,5.0,3.0
2021-08-05 10:37:38,70.0,57.0,7.0,6.0
2021-08-05 10:37:39,98.0,84.0,6.0,8.0
2021-08-05 10:37:40,88.0,77.0,7.0,4.0
2021-08-05 10:37:41,85.0,75.0,6.0,4.0
2021-08-05 10:37:42,81.0,68.0,7.0,6.0
2021-08-05 10:37:43,107.0,93.0,9.0,5.0
2021-08-05 10:37:44,78.0,67.0,8.0,3.0
2021-08-05 10:37:45,92.0,86.0,5.0,1.0
2021-08-05 10:37:46,83.0,67.0,13.0,3.0
2021-08-05 10:37:47,92.0,86.0,3.0,3.0
2021-08-05 10:37:48,75.0,63.0,7.0,5.0
2021-08-05 10:37:49,81.0,71.0,6.0,4.0
2021-08-05 10:37:50,81.0,69.0,5.0,7.0
2021-08-05 10:37:51,96.0,81.0,10.0,5.0
2021-08-05 10:37:52,98.0,85.0,6.0,7.0
2021-08-05 10:37:53,89.0,77.0,6.0,6.0
2021-08-05 10:37:54,86.0,74.0,8.0,4.0
2021-08-05 10:37:55,67.0,60.0,6.0,1.0
2021-08-05 10:37:56,80.0,71.0,3.0,6.0
2021-08-05 10:37:57,74.0,66.0,6.0,2.0
2021-08-05 10:37:58,80.0,74.0,6.0,0.0
2021-08-05 10:37:59,85.0,76.0,8.0,1.0
2021-08-05 10:38:00,75.0,63.0,6.0,6.0
2021-08-05 10:38:01,74.0,65.0,5.0,4.0
2021-08-05 10:38:02,62.0,54.0,7.0,1.0
2021-08-05 10:38:03,89.0,72.0,8.0,9.0
2021-08-05 10:38:04,88.0,70.0,13.0,5.0
2021-08-05 10:38:05,96.0,84.0,6.0,6.0
2021-08-05 10:38:06,90.0,83.0,3.0,4.0
2021-08-05 10:38:07,89.0,75.0,10.0,4.0
2021-08-05 10:38:08,80.0,74.0,3.0,3.0
2021-08-05 10:38:09,82.0,70.0,4.0,8.0
2021-08-05 10:38:10,69.0,56.0,9.0,4.0
2021-08-05 10:38:11,80.0,70.0,6.0,4.0
2021-08-05 10:38:12,77.0,74.0,2.0,1.0
2021-08-05 10:38:13,79.0,71.0,6.0,2.0
2021-08-05 10:38:14,98.0,88.0,5.0,5.0
2021-08-05 10:38:15,91.0,81.0,4.0,6.0
2021-08-05 10:38:16,70.0,60.0,5.0,5.0
2021-08-05 10:38:17,75.0,61.0,12.0,2.0
2021-08-05 10:38:18,89.0,80.0,6.0,3.0
2021-08-05 10:38:19,62.0,55.0,2.0,5.0
2021-08-05 10:38:20,80.0,73.0,6.0,1.0
2021-08-05 10:38:21,76.0,62.0,8.0,6.0
2021-08-05 10:38:22,82.0,73.0,3.0,6.0
2021-08-05 10:38:23,89.0,76.0,9.0,4.0
2021-08-05 10:38:24,67.0,58.0,6.0,3.0
2021-08-05 10:38:25,79.0,66.0,5.0,8.0
2021-08-05 10:38:26,73.0,65.0,7.0,1.0
2021-08-05 10:38:27,78.0,70.0,4.0,4.0
2021-08-05 10:38:28,90.0,80.0,5.0,5.0
2021-08-05 10:38:29,86.0,70.0,9.0,7.0
2021-08-05 10:38:30,96.0,84.0,5.0,7.0
2021-08-05 10:38:31,88.0,76.0,8.0,4.0
2021-08-05 10:38:32,82.0,73.0,4.0,5.0
2021-08-05 10:38:33,81.0,72.0,5.0,4.0
2021-08-05 10:38:34,70.0,60.0,5.0,5.0
2021-08-05 10:38:35,66.0,57.0,8.0,1.0
2021-08-05 10:38:36,96.0,82.0,9.0,5.0
2021-08-05 10:38:37,72.0,63.0,3.0,6.0
2021-08-05 10:38:38,88.0,79.0,5.0,4.0
2021-08-05 10:38:39,75.0,65.0,7.0,3.0
2021-08-05 10:38:40,76.0,65.0,5.0,6.0
2021-08-05 10:38:41,79.0,70.0,6.0,3.0
2021-08-05 10:38:42,84.0,78.0,2.0,4.0
2021-08-05 10:38:43,81.0,69.0,7.0,5.0
2021-08-05 10:38:44,81.0,74.0,3.0,4.0
2021-08-05 10:38:45,80.0,68.0,9.0,3.0
2021-08-05 10:38:46,91.0,82.0,2.0,7.0
2021-08-05 10:38:47,76.0,64.0,4.0,8.0
2021-08-05 10:38:48,79.0,70.0,6.0,3.0
2021-08-05 10:38:49,83.0,68.0,9.0,6.0
2021-08-05 10:38:50,76.0,63.0,8.0,5.0
2021-08-05 10:38:51,89.0,76.0,10.0,3.0
2021-08-05 10:38:52,78.0,70.0,4.0,4.0
2021-08-05 10:38:53,101.0,87.0,7.0,7.0
2021-08-05 10:38:54,84.0,76.0,2.0,6.0
2021-08-05 10:38:55,81.0,68.0,5.0,8.0
2021-08-05 10:38:56,77.0,69.0,4.0,4.0
2021-08-05 10:38:57,71.0,62.0,6.0,3.0
2021-08-05 10:38:58,90.0,75.0,9.0,6.0
2021-08-05 10:38:59,91.0,74.0,11.0,6.0
2021-08-05 10:39:00,76.0,65.0,6.0,5.0
2021-08-05 10:39:01,83.0,75.0,6.0,2.0
2021-08-05 10:39:02,92.0,80.0,8.0,4.0
2021-08-05 10:39:03,86.0,71.0,8.0,7.0
2021-08-05 10:39:04,78.0,68.0,5.0,5.0
2021-08-05 10:39:05,65.0,58.0,1.0,6.0
2021-08-05 10:39:06,85.0,76.0,7.0,2.0
2021-08-05 10:39:07,96.0,90.0,3.0,3.0
2021-08-05 10:39:08,88.0,75.0,10.0,3.0
2021-08-05 10:39:09,80.0,68.0,9.0,3.0
2021-08-05 10:39:10,68.0,55.0,6.0,7.0
2021-08-05 10:39:11,90.0,78.0,4.0,8.0
2021-08-05 10:39:12,70.0,61.0,6.0,3.0
2021-08-05 10:39:13,98.0,88.0,7.0,3.0
2021-08-05 10:39:14,87.0,78.0,5.0,4.0
2021-08-05 10:39:15,66.0,58.0,5.0,3.0
2021-08-05 10:39:16,82.0,72.0,6.0,4.0
2021-08-05 10:39:17,88.0,72.0,7.0,9.0
2021-08-05 10:39:18,64.0,54.0,5.0,5.0
2021-08-05 10:39:19,102.0,86.0,7.0,9.0
2021-08-05 10:39:20,68.0,61.0,3.0,4.0
2021-08-05 10:39:21,89.0,75.0,7.0,7.0
2021-08-05 10:39:22,75.0,66.0,4.0,5.0
2021-08-05 10:39:23,79.0,70.0,6.0,3.0
2021-08-05 10:39:24,79.0,72.0,5.0,2.0
2021-08-05 10:39:25,78.0,68.0,5.0,5.0
2021-08-05 10:39:26,90.0,81.0,7.0,2.0
2021-08-05 10:39:27,79.0,69.0,6.0,4.0
2021-08-05 10:39:28,84.0,73.0,8.0,3.0
2021-08-05 10:39:29,84.0,69.0,9.0,6.0
2021-08-05 10:39:30,75.0,66.0,4.0,5.0
2021-08-05 10:39:31,69.0,60.0,6.0,3.0
2021-08-05 10:39:32,78.0,71.0,1.0,6.0
2021-08-05 10:39:33,74.0,65.0,5.0,4.0
2021-08-05 10:39:34,97.0,86.0,6.0,5.0
2021-08-05 10:39:35,79.0,67.0,7.0,5.0
2021-08-05 10:39:36,81.0,73.0,7.0,1.0
2021-08-05 10:39:37,94.0,82.0,7.0,5.0
2021-08-05 10:39:38,75.0,71.0,1.0,3.0
2021-08-05 10:39:39,98.0,88.0,7.0,3.0
2021-08-05 10:39:40,82.0,68.0,4.0,10.0
2021-08-05 10:39:41,92.0,78.0,8.0,6.0
2021-08-05 10:39:42,78.0,67.0,7.0,4.0
2021-08-05 10:39:43,79.0,72.0,4.0,3.0
2021-08-05 10:39:44,56.0,48.0,2.0,6.0
2021-08-05 10:39:45,80.0,71.0,4.0,5.0
2021-08-05 10:39:46,96.0,81.0,8.0,7.0
2021-08-05 10:39:47,96.0,81.0,10.0,5.0
2021-08-05 10:39:48,89.0,74.0,8.0,7.0
2021-08-05 10:39:49,79.0,71.0,3.0,5.0
2021-08-05 10:39:50,100.0,87.0,5.0,8.0
2021-08-05 10:39:51,89.0,75.0,7.0,7.0
2021-08-05 10:39:52,76.0,67.0,4.0,5.0
2021-08-05 10:39:53,67.0,58.0,5.0,4.0
2021-08-05 10:39:54,82.0,68.0,7.0,7.0
2021-08-05 10:39:55,86.0,71.0,7.0,8.0
2021-08-05 10:39:56,84.0,78.0,1.0,5.0
2021-08-05 10:39:57,73.0,62.0,5.0,6.0
2021-08-05 10:39:58,83.0,68.0,9.0,6.0
2021-08-05 10:39:59,80.0,73.0,4.0,3.0
2021-08-05 10:40:00,80.0,73.0,2.0,5.0
2021-08-05 10:40:01,74.0,60.0,7.0,7.0
2021-08-05 10:40:02,88.0,76.0,7.0,5.0
2021-08-05 10:40:03,72.0,63.0,5.0,4.0
2021-08-05 10:40:04,67.0,55.0,10.0,2.0
2021-08-05 10:40:05,72.0,64.0,4.0,4.0
2021-08-05 10:40:06,79.0,72.0,4.0,3.0
2021-08-05 10:40:07,79.0,67.0,6.0,6.0
2021-08-05 10:40:08,86.0,78.0,5.0,3.0
2021-08-05 10:40:09,83.0,73.0,7.0,3.0
2021-08-05 10:40:10,82.0,73.0,6.0,3.0
2021-08-05 10:40:11,88.0,77.0,4.0,7.0
2021-08-05 10:40:12,72.0,61.0,6.0,5.0
2021-08-05 10:40:13,91.0,79.0,6.0,6.0
2021-08-05 10:40:14,73.0,63.0,6.0,4.0
2021-08-05 10:40:15,70.0,59.0,8.0,3.0
2021-08-05 10:40:16,82.0,74.0,5.0,3.0
2021-08-05 10:40:17,83.0,70.0,8.0,5.0
2021-08-05 10:40:18,93.0,85.0,5.0,3.0
2021-08-05 10:40:19,72.0,59.0,9.0,4.0
2021-08-05 10:40:20,88.0,73.0,11.0,4.0
2021-08-05 10:40:21,91.0,80.0,9.0,2.0
2021-08-05 10:40:22,68.0,58.0,7.0,3.0
2021-08-05 10:40:23,93.0,82.0,4.0,7.0
2021-08-05 10:40:24,83.0,71.0,9.0,3.0
2021-08-05 10:40:25,96.0,88.0,5.0,3.0
2021-08-05 10:40:26,84.0,72.0,3.0,9.0
2021-08-05 10:40:27,72.0,69.0,1.0,2.0
2021-08-05 10:40:28,83.0,73.0,8.0,2.0
2021-08-05 10:40:29,87.0,69.0,10.0,8.0
2021-08-05 10:40:30,80.0,72.0,3.0,5.0
2021-08-05 10:40:31,69.0,64.0,2.0,3.0
2021-08-05 10:40:32,73.0,66.0,5.0,2.0
2021-08-05 10:40:33,81.0,71.0,4.0,6.0
2021-08-05 10:40:34,74.0,67.0,3.0,4.0
2021-08-05 10:40:35,72.0,58.0,9.0,5.0
2021-08-05 10:40:36,78.0,64.0,6.0,8.0
2021-08-05 10:40:37,90.0,75.0,9.0,6.0
2021-08-05 10:40:38,85.0,77.0,3.0,5.0
2021-08-05 10:40:39,92.0,80.0,7.0,5.0
2021-08-05 10:40:40,87.0,74.0,7.0,6.0
2021-08-05 10:40:41,89.0,84.0,2.0,3.0
2021-08-05 10:40:42,85.0,71.0,9.0,5.0
2021-08-05 10:40:43,67.0,59.0,5.0,3.0
2021-08-05 10:40:44,74.0,60.0,9.0,5.0
2021-08-05 10:40:45,84.0,75.0,5.0,4.0
2021-08-05 10:40:46,92.0,77.0,14.0,1.0
2021-08-05 10:40:47,76.0,61.0,9.0,6.0
2021-08-05 10:40:48,86.0,76.0,7.0,3.0
2021-08-05 10:40:49,92.0,81.0,7.0,4.0
2021-08-05 10:40:50,81.0,74.0,7.0,0.0
2021-08-05 10:40:51,94.0,83.0,9.0,2.0
2021-08-05 10:40:52,86.0,72.0,11.0,3.0
2021-08-05 10:40:53,89.0,80.0,4.0,5.0
2021-08-05 10:40:54,90.0,78.0,4.0,8.0
2021-08-05 10:40:55,97.0,89.0,4.0,4.0
2021-08-05 10:40:56,63.0,56.0,4.0,3.0
2021-08-05 10:40:57,76.0,68.0,5.0,3.0
2021-08-05 10:40:58,75.0,63.0,8.0,4.0
2021-08-05 10:40:59,89.0,76.0,7.0,6.0
2021-08-05 10:41:00,67.0,57.0,7.0,3.0
2021-08-05 10:41:01,93.0,81.0,5.0,7.0
2021-08-05 10:41:02,82.0,72.0,3.0,7.0
2021-08-05 10:41:03,85.0,73.0,7.0,5.0
2021-08-05 10:41:04,80.0,65.0,12.0,3.0
2021-08-05 10:41:05,99.0,86.0,7.0,6.0
2021-08-05 10:41:06,87.0,79.0,3.0,5.0
2021-08-05 10:41:07,89.0,72.0,8.0,9.0
2021-08-05 10:41:08,86.0,76.0,7.0,3.0
2021-08-05 10:41:09,79.0,67.0,5.0,7.0
2021-08-05 10:41:10,81.0,71.0,7.0,3.0
2021-08-05 10:41:11,76.0,68.0,2.0,6.0
2021-08-05 10:41:12,78.0,63.0,10.0,5.0
2021-08-05 10:41:13,77.0,66.0,5.0,6.0
2021-08-05 10:41:14,94.0,89.0,4.0,1.0
2021-08-05 10:41:15,71.0,59.0,6.0,6.0
2021-08-05 10:41:16,82.0,76.0,3.0,3.0
2021-08-05 10:41:17,86.0,74.0,8.0,4.0
2021-08-05 10:41:18,85.0,76.0,5.0,4.0
2021-08-05 10:41:19,92.0,83.0,5.0,4.0
2021-08-05 10:41:20,76.0,67.0,4.0,5.0
2021-08-05 10:41:21,88.0,79.0,4.0,5.0
2021-08-05 10:41:22,86.0,77.0,4.0,5.0
2021-08-05 10:41:23,74.0,65.0,5.0,4.0
2021-08-05 10:41:24,79.0,66.0,9.0,4.0
2021-08-05 10:41:25,93.0,84.0,5.0,4.0
2021-08-05 10:41:26,89.0,81.0,7.0,1.0
2021-08-05 10:41:27,90.0,81.0,4.0,5.0
2021-08-05 10:41:28,80.0,71.0,5.0,4.0
2021-08-05 10:41:29,88.0,78.0,7.0,3.0
2021-08-05 10:41:30,93.0,82.0,5.0,6.0
2021-08-05 10:41:31,89.0,79.0,6.0,4.0
2021-08-05 10:41:32,83.0,72.0,7.0,4.0
2021-08-05 10:41:33,76.0,66.0,3.0,7.0
2021-08-05 10:41:34,87.0,77.0,8.0,2.0
2021-08-05 10:41:35,69.0,57.0,9.0,3.0
2021-08-05 10:41:36,83.0,72.0,8.0,3.0
2021-08-05 10:41:37,93.0,78.0,13.0,2.0
2021-08-05 10:41:38,72.0,63.0,6.0,3.0
2021-08-05 10:41:39,103.0,95.0,5.0,3.0
2021-08-05 10:41:40,99.0,88.0,7.0,4.0
2021-08-05 10:41:41,82.0,72.0,6.0,4.0
2021-08-05 10:41:42,85.0,74.0,8.0,3.0
2021-08-05 10:41:43,71.0,64.0,2.0,5.0
2021-08-05 10:41:44,86.0,78.0,3.0,5.0
2021-08-05 10:41:45,95.0,78.0,11.0,6.0
2021-08-05 10:41:46,85.0,70.0,7.0,8.0
2021-08-05 10:41:47,75.0,65.0,6.0,4.0
2021-08-05 10:41:48,94.0,85.0,6.0,3.0
2021-08-05 10:41:49,97.0,84.0,8.0,5.0
2021-08-05 10:41:50,81.0,69.0,10.0,2.0
2021-08-05 10:41:51,80.0,71.0,5.0,4.0
2021-08-05 10:41:52,86.0,79.0,3.0,4.0
2021-08-05 10:41:53,79.0,65.0,11.0,3.0
2021-08-05 10:41:54,76.0,66.0,8.0,2.0
2021-08-05 10:41:55,72.0,66.0,4.0,2.0
2021-08-05 10:41:56,73.0,63.0,6.0,4.0
2021-08-05 10:41:57,98.0,83.0,6.0,9.0
2021-08-05 10:41:58,79.0,64.0,8.0,7.0
2021-08-05 10:41:59,79.0,70.0,6.0,3.0
2021-08-05 10:42:00,73.0,68.0,4.0,1.0
2021-08-05 10:42:01,83.0,72.0,7.0,4.0
2021-08-05 10:42:02,84.0,78.0,5.0,1.0
2021-08-05 10:42:03,90.0,79.0,8.0,3.0
2021-08-05 10:42:04,79.0,68.0,6.0,5.0
2021-08-05 10:42:05,79.0,72.0,3.0,4.0
2021-08-05 10:42:06,66.0,57.0,5.0,4.0
2021-08-05 10:42:07,72.0,66.0,4.0,2.0
2021-08-05 10:42:08,92.0,74.0,14.0,4.0
2021-08-05 10:42:09,82.0,71.0,9.0,2.0
2021-08-05 10:42:10,97.0,88.0,8.0,1.0
2021-08-05 10:42:11,77.0,67.0,3.0,7.0
2021-08-05 10:42:12,82.0,72.0,8.0,2.0
2021-08-05 10:42:13,87.0,75.0,7.0,5.0
2021-08-05 10:42:14,89.0,82.0,5.0,2.0
2021-08-05 10:42:15,85.0,76.0,5.0,4.0
2021-08-05 10:42:16,104.0,92.0,8.0,4.0
2021-08-05 10:42:17,76.0,69.0,6.0,1.0
2021-08-05 10:42:18,88.0,75.0,10.0,3.0
2021-08-05 10:42:19,78.0,71.0,2.0,5.0
2021-08-05 10:42:20,92.0,80.0,7.0,5.0
2021-08-05 10:42:21,74.0,66.0,4.0,4.0
2021-08-05 10:42:22,89.0,80.0,5.0,4.0
2021-08-05 10:42:23,76.0,71.0,5.0,0.0
2021-08-05 10:42:24,71.0,62.0,4.0,5.0
2021-08-05 10:42:25,103.0,95.0,4.0,4.0
2021-08-05 10:42:26,96.0,86.0,5.0,5.0
2021-08-05 10:42:27,106.0,94.0,9.0,3.0
2021-08-05 10:42:28,73.0,59.0,9.0,5.0
2021-08-05 10:42:29,79.0,72.0,3.0,4.0
2021-08-05 10:42:30,91.0,81.0,3.0,7.0
2021-08-05 10:42:31,86.0,77.0,7.0,2.0
2021-08-05 10:42:32,101.0,88.0,7.0,6.0
2021-08-05 10:42:33,84.0,64.0,12.0,8.0
2021-08-05 10:42:34,78.0,68.0,4.0,6.0
2021-08-05 10:42:35,81.0,73.0,5.0,3.0
2021-08-05 10:42:36,88.0,79.0,6.0,3.0
2021-08-05 10:42:37,89.0,83.0,4.0,2.0
2021-08-05 10:42:38,71.0,61.0,6.0,4.0
2021-08-05 10:42:39,98.0,84.0,9.0,5.0
2021-08-05 10:42:40,81.0,71.0,5.0,5.0
2021-08-05 10:42:41,75.0,66.0,4.0,5.0
2021-08-05 10:42:42,76.0,67.0,5.0,4.0
2021-08-05 10:42:43,91.0,77.0,7.0,7.0
2021-08-05 10:42:44,84.0,74.0,4.0,6.0
2021-08-05 10:42:45,99.0,86.0,10.0,3.0
2021-08-05 10:42:46,55.0,47.0,7.0,1.0
2021-08-05 10:42:47,96.0,85.0,8.0,3.0
2021-08-05 10:42:48,87.0,76.0,7.0,4.0
2021-08-05 10:42:49,94.0,83.0,7.0,4.0
2021-08-05 10:42:50,85.0,71.0,7.0,7.0
2021-08-05 10:42:51,68.0,61.0,5.0,2.0
2021-08-05 10:42:52,88.0,75.0,7.0,6.0
2021-08-05 10:42:53,77.0,65.0,5.0,7.0
2021-08-05 10:42:54,87.0,75.0,7.0,5.0
2021-08-05 10:42:55,90.0,78.0,3.0,9.0
2021-08-05 10:42:56,80.0,68.0,8.0,4.0
2021-08-05 10:42:57,89.0,81.0,4.0,4.0
2021-08-05 10:42:58,72.0,65.0,2.0,5.0
2021-08-05 10:42:59,102.0,90.0,9.0,3.0
2021-08-05 10:43:00,67.0,54.0,10.0,3.0
2021-08-05 10:43:01,83.0,73.0,3.0,7.0
2021-08-05 10:43:02,80.0,68.0,4.0,8.0
2021-08-05 10:43:03,81.0,75.0,3.0,3.0
2021-08-05 10:43:04,85.0,74.0,8.0,3.0
2021-08-05 10:43:05,84.0,69.0,10.0,5.0
2021-08-05 10:43:06,77.0,63.0,8.0,6.0
2021-08-05 10:43:07,90.0,79.0,6.0,5.0
2021-08-05 10:43:08,84.0,69.0,6.0,9.0
2021-08-05 10:43:09,79.0,74.0,3.0,2.0
2021-08-05 10:43:10,78.0,63.0,8.0,7.0
2021-08-05 10:43:11,73.0,66.0,6.0,1.0
2021-08-05 10:43:12,81.0,75.0,5.0,1.0
2021-08-05 10:43:13,80.0,74.0,5.0,1.0
2021-08-05 10:43:14,71.0,62.0,4.0,5.0
2021-08-05 10:43:15,92.0,80.0,8.0,4.0
2021-08-05 10:43:16,83.0,73.0,5.0,5.0
2021-08-05 10:43:17,89.0,74.0,8.0,7.0
2021-08-05 10:43:18,83.0,68.0,10.0,5.0
2021-08-05 10:43:19,73.0,62.0,7.0,4.0
2021-08-05 10:43:20,65.0,50.0,11.0,4.0
2021-08-05 10:43:21,69.0,61.0,7.0,1.0
2021-08-05 10:43:22,86.0,77.0,5.0,4.0
2021-08-05 10:43:23,71.0,66.0,5.0,0.0
2021-08-05 10:43:24,81.0,68.0,8.0,5.0
2021-08-05 10:43:25,82.0,72.0,5.0,5.0
2021-08-05 10:43:26,75.0,66.0,5.0,4.0
2021-08-05 10:43:27,97.0,86.0,8.0,3.0
2021-08-05 10:43:28,92.0,83.0,6.0,3.0
2021-08-05 10:43:29,87.0,74.0,8.0,5.0
2021-08-05 10:43:30,76.0,62.0,9.0,5.0
2021-08-05 10:43:31,85.0,76.0,6.0,3.0
2021-08-05 10:43:32,62.0,53.0,8.0,1.0
2021-08-05 10:43:33,87.0,79.0,4.0,4.0
2021-08-05 10:43:34,90.0,82.0,5.0,3.0
2021-08-05 10:43:35,91.0,81.0,6.0,4.0
2021-08-05 10:43:36,89.0,74.0,6.0,9.0
2021-08-05 10:43:37,85.0,78.0,2.0,5.0
2021-08-05 10:43:38,77.0,71.0,0.0,6.0
2021-08-05 10:43:39,80.0,68.0,10.0,2.0
2021-08-05 10:43:40,83.0,72.0,7.0,4.0
2021-08-05 10:43:41,75.0,62.0,8.0,5.0
2021-08-05 10:43:42,85.0,71.0,10.0,4.0
2021-08-05 10:43:43,79.0,69.0,5.0,5.0
2021-08-05 10:43:44,68.0,59.0,8.0,1.0
2021-08-05 10:43:45,98.0,89.0,7.0,2.0
2021-08-05 10:43:46,100.0,83.0,7.0,10.0
2021-08-05 10:43:47,92.0,79.0,8.0,5.0
2021-08-05 10:43:48,90.0,78.0,7.0,5.0
2021-08-05 10:43:49,86.0,75.0,8.0,3.0
2021-08-05 10:43:50,78.0,67.0,4.0,7.0
2021-08-05 10:43:51,81.0,67.0,11.0,3.0
2021-08-05 10:43:52,73.0,68.0,5.0,0.0
2021-08-05 10:43:53,79.0,73.0,5.0,1.0
2021-08-05 10:43:54,78.0,72.0,3.0,3.0
2021-08-05 10:43:55,93.0,85.0,4.0,4.0
2021-08-05 10:43:56,63.0,54.0,2.0,7.0
2021-08-05 10:43:57,88.0,77.0,5.0,6.0
2021-08-05 10:43:58,78.0,67.0,8.0,3.0
2021-08-05 10:43:59,91.0,85.0,6.0,0.0
2021-08-05 10:44:00,77.0,69.0,7.0,1.0
2021-08-05 10:44:01,98.0,88.0,6.0,4.0
2021-08-05 10:44:02,90.0,82.0,6.0,2.0
2021-08-05 10:44:03,74.0,66.0,8.0,0.0
2021-08-05 10:44:04,79.0,71.0,5.0,3.0
2021-08-05 10:44:05,95.0,78.0,11.0,6.0
2021-08-05 10:44:06,80.0,70.0,5.0,5.0
2021-08-05 10:44:07,78.0,64.0,5.0,9.0
2021-08-05 10:44:08,70.0,64.0,2.0,4.0
2021-08-05 10:44:09,89.0,76.0,9.0,4.0
2021-08-05 10:44:10,82.0,73.0,7.0,2.0
2021-08-05 10:44:11,75.0,64.0,6.0,5.0
2021-08-05 10:44:12,79.0,69.0,7.0,3.0
2021-08-05 10:44:13,86.0,70.0,8.0,8.0
2021-08-05 10:44:14,72.0,66.0,4.0,2.0
2021-08-05 10:44:15,85.0,76.0,6.0,3.0
2021-08-05 10:44:16,79.0,70.0,4.0,5.0
2021-08-05 10:44:17,84.0,74.0,5.0,5.0
2021-08-05 10:44:18,78.0,66.0,8.0,4.0
2021-08-05 10:44:19,82.0,72.0,6.0,4.0
2021-08-05 10:44:20,89.0,70.0,9.0,10.0
2021-08-05 10:44:21,81.0,71.0,7.0,3.0
2021-08-05 10:44:22,78.0,66.0,5.0,7.0
2021-08-05 10:44:23,83.0,65.0,9.0,9.0
2021-08-05 10:44:24,78.0,67.0,8.0,3.0
2021-08-05 10:44:25,85.0,81.0,1.0,3.0
2021-08-05 10:44:26,93.0,84.0,6.0,3.0
2021-08-05 10:44:27,76.0,66.0,7.0,3.0
2021-08-05 10:44:28,91.0,81.0,5.0,5.0
2021-08-05 10:44:29,74.0,66.0,1.0,7.0
2021-08-05 10:44:30,68.0,55.0,6.0,7.0
2021-08-05 10:44:31,85.0,72.0,8.0,5.0
2021-08-05 10:44:32,89.0,77.0,8.0,4.0
2021-08-05 10:44:33,84.0,71.0,8.0,5.0
2021-08-05 10:44:34,73.0,64.0,4.0,5.0
2021-08-05 10:44:35,65.0,60.0,3.0,2.0
2021-08-05 10:44:36,76.0,68.0,6.0,2.0
2021-08-05 10:44:37,60.0,56.0,3.0,1.0
2021-08-05 10:44:38,90.0,79.0,6.0,5.0
2021-08-05 10:44:39,81.0,71.0,7.0,3.0
2021-08-05 10:44:40,88.0,75.0,9.0,4.0
2021-08-05 10:44:41,79.0,73.0,4.0,2.0
2021-08-05 10:44:42,80.0,73.0,7.0,0.0
2021-08-05 10:44:43,81.0,64.0,11.0,6.0
2021-08-05 10:44:44,78.0,72.0,4.0,2.0
2021-08-05 10:44:45,88.0,79.0,4.0,5.0
2021-08-05 10:44:46,83.0,73.0,4.0,6.0
2021-08-05 10:44:47,94.0,79.0,11.0,4.0
2021-08-05 10:44:48,70.0,65.0,1.0,4.0
2021-08-05 10:44:49,72.0,63.0,4.0,5.0
2021-08-05 10:44:50,76.0,65.0,7.0,4.0
2021-08-05 10:44:51,84.0,77.0,5.0,2.0
2021-08-05 10:44:52,90.0,82.0,4.0,4.0
2021-08-05 10:44:53,95.0,88.0,4.0,3.0
2021-08-05 10:44:54,75.0,67.0,6.0,2.0
2021-08-05 10:44:55,78.0,70.0,7.0,1.0
2021-08-05 10:44:56,74.0,58.0,8.0,8.0
2021-08-05 10:44:57,81.0,72.0,7.0,2.0
2021-08-05 10:44:58,92.0,78.0,9.0,5.0
2021-08-05 10:44:59,88.0,82.0,4.0,2.0
2021-08-05 10:45:00,72.0,65.0,4.0,3.0
2021-08-05 10:45:01,87.0,75.0,7.0,5.0
2021-08-05 10:45:02,110.0,100.0,9.0,1.0
2021-08-05 10:45:03,97.0,78.0,14.0,5.0
2021-08-05 10:45:04,82.0,73.0,8.0,1.0
2021-08-05 10:45:05,94.0,83.0,10.0,1.0
2021-08-05 10:45:06,95.0,85.0,5.0,5.0
2021-08-05 10:45:07,80.0,68.0,8.0,4.0
2021-08-05 10:45:08,89.0,84.0,3.0,2.0
2021-08-05 10:45:09,84.0,74.0,6.0,4.0
2021-08-05 10:45:10,71.0,59.0,9.0,3.0
2021-08-05 10:45:11,96.0,87.0,6.0,3.0
2021-08-05 10:45:12,81.0,69.0,9.0,3.0
2021-08-05 10:45:13,97.0,84.0,7.0,6.0
2021-08-05 10:45:14,92.0,78.0,7.0,7.0
2021-08-05 10:45:15,80.0,69.0,7.0,4.0
2021-08-05 10:45:16,78.0,66.0,9.0,3.0
2021-08-05 10:45:17,83.0,73.0,5.0,5.0
2021-08-05 10:45:18,83.0,75.0,4.0,4.0
2021-08-05 10:45:19,97.0,85.0,4.0,8.0
2021-08-05 10:45:20,71.0,60.0,9.0,2.0
2021-08-05 10:45:21,82.0,72.0,8.0,2.0
2021-08-05 10:45:22,94.0,80.0,11.0,3.0
2021-08-05 10:45:23,76.0,62.0,10.0,4.0
2021-08-05 10:45:24,83.0,75.0,4.0,4.0
2021-08-05 10:45:25,76.0,69.0,3.0,4.0
2021-08-05 10:45:26,94.0,83.0,8.0,3.0
2021-08-05 10:45:27,70.0,66.0,3.0,1.0
2021-08-05 10:45:28,75.0,65.0,6.0,4.0
2021-08-05 10:45:29,101.0,86.0,11.0,4.0
2021-08-05 10:45:30,73.0,61.0,9.0,3.0
2021-08-05 10:45:31,86.0,76.0,7.0,3.0
2021-08-05 10:45:32,84.0,70.0,7.0,7.0
2021-08-05 10:45:33,77.0,63.0,9.0,5.0
2021-08-05 10:45:34,98.0,85.0,5.0,8.0
2021-08-05 10:45:35,87.0,74.0,7.0,6.0
2021-08-05 10:45:36,90.0,83.0,3.0,4.0
2021-08-05 10:45:37,86.0,73.0,8.0,5.0
2021-08-05 10:45:38,78.0,69.0,7.0,2.0
2021-08-05 10:45:39,77.0,65.0,9.0,3.0
2021-08-05 10:45:40,103.0,90.0,8.0,5.0
2021-08-05 10:45:41,72.0,60.0,7.0,5.0
2021-08-05 10:45:42,82.0,75.0,4.0,3.0
2021-08-05 10:45:43,70.0,61.0,6.0,3.0
2021-08-05 10:45:44,87.0,76.0,8.0,3.0
2021-08-05 10:45:45,80.0,69.0,6.0,5.0
2021-08-05 10:45:46,95.0,89.0,2.0,4.0
2021-08-05 10:45:47,102.0,91.0,10.0,1.0
2021-08-05 10:45:48,102.0,90.0,6.0,6.0
2021-08-05 10:45:49,93.0,77.0,7.0,9.0
2021-08-05 10:45:50,86.0,77.0,5.0,4.0
2021-08-05 10:45:51,95.0,87.0,4.0,4.0
2021-08-05 10:45:52,75.0,66.0,6.0,3.0
2021-08-05 10:45:53,60.0,55.0,3.0,2.0
2021-08-05 10:45:54,70.0,61.0,5.0,4.0
2021-08-05 10:45:55,86.0,72.0,10.0,4.0
2021-08-05 10:45:56,74.0,69.0,3.0,2.0
2021-08-05 10:45:57,80.0,68.0,9.0,3.0
2021-08-05 10:45:58,77.0,70.0,5.0,2.0
2021-08-05 10:45:59,80.0,65.0,8.0,7.0
2021-08-05 10:46:00,94.0,85.0,3.0,6.0
2021-08-05 10:46:01,76.0,62.0,7.0,7.0
2021-08-05 10:46:02,84.0,71.0,10.0,3.0
2021-08-05 10:46:03,76.0,60.0,7.0,9.0
2021-08-05 10:46:04,70.0,63.0,2.0,5.0
2021-08-05 10:46:05,79.0,65.0,8.0,6.0
2021-08-05 10:46:06,75.0,61.0,11.0,3.0
2021-08-05 10:46:07,81.0,74.0,3.0,4.0
2021-08-05 10:46:08,72.0,62.0,7.0,3.0
2021-08-05 10:46:09,68.0,59.0,5.0,4.0
2021-08-05 10:46:10,76.0,67.0,5.0,4.0
2021-08-05 10:46:11,98.0,85.0,8.0,5.0
2021-08-05 10:46:12,68.0,60.0,5.0,3.0
2021-08-05 10:46:13,88.0,76.0,3.0,9.0
2021-08-05 10:46:14,78.0,71.0,4.0,3.0
2021-08-05 10:46:15,70.0,59.0,8.0,3.0
2021-08-05 10:46:16,84.0,71.0,8.0,5.0
2021-08-05 10:46:17,76.0,63.0,10.0,3.0
2021-08-05 10:46:18,80.0,72.0,4.0,4.0
2021-08-05 10:46:19,73.0,65.0,4.0,4.0
2021-08-05 10:46:20,82.0,73.0,7.0,2.0
2021-08-05 10:46:21,75.0,69.0,6.0,0.0
2021-08-05 10:46:22,91.0,81.0,4.0,6.0
2021-08-05 10:46:23,71.0,63.0,6.0,2.0
2021-08-05 10:46:24,69.0,57.0,5.0,7.0
2021-08-05 10:46:25,62.0,50.0,6.0,6.0
2021-08-05 10:46:26,82.0,70.0,8.0,4.0
2021-08-05 10:46:27,75.0,66.0,7.0,2.0
2021-08-05 10:46:28,75.0,69.0,3.0,3.0
2021-08-05 10:46:29,78.0,68.0,7.0,3.0
2021-08-05 10:46:30,73.0,67.0,3.0,3.0
2021-08-05 10:46:31,75.0,64.0,7.0,4.0
2021-08-05 10:46:32,81.0,69.0,5.0,7.0
2021-08-05 10:46:33,93.0,81.0,8.0,4.0
2021-08-05 10:46:34,58.0,55.0,3.0,0.0
2021-08-05 10:46:35,76.0,68.0,7.0,1.0
2021-08-05 10:46:36,92.0,83.0,3.0,6.0
2021-08-05 10:46:37,72.0,63.0,5.0,4.0
2021-08-05 10:46:38,72.0,63.0,8.0,1.0
2021-08-05 10:46:39,101.0,89.0,6.0,6.0
2021-08-05 10:46:40,94.0,80.0,9.0,5.0
2021-08-05 10:46:41,89.0,80.0,7.0,2.0
2021-08-05 10:46:42,93.0,82.0,6.0,5.0
2021-08-05 10:46:43,77.0,63.0,9.0,5.0
2021-08-05 10:46:44,83.0,73.0,3.0,7.0
2021-08-05 10:46:45,82.0,72.0,9.0,1.0
2021-08-05 10:46:46,79.0,75.0,2.0,2.0
2021-08-05 10:46:47,86.0,76.0,5.0,5.0
2021-08-05 10:46:48,83.0,74.0,5.0,4.0
2021-08-05 10:46:49,86.0,80.0,5.0,1.0
2021-08-05 10:46:50,87.0,76.0,6.0,5.0
2021-08-05 10:46:51,88.0,78.0,5.0,5.0
2021-08-05 10:46:52,81.0,72.0,4.0,5.0
2021-08-05 10:46:53,84.0,76.0,4.0,4.0
2021-08-05 10:46:54,87.0,70.0,9.0,8.0
2021-08-05 10:46:55,92.0,79.0,10.0,3.0
2021-08-05 10:46:56,108.0,95.0,8.0,5.0
2021-08-05 10:46:57,100.0,86.0,7.0,7.0
2021-08-05 10:46:58,79.0,69.0,9.0,1.0
2021-08-05 10:46:59,88.0,75.0,11.0,2.0
2021-08-05 10:47:00,90.0,77.0,6.0,7.0
2021-08-05 10:47:01,84.0,77.0,3.0,4.0
2021-08-05 10:47:02,102.0,90.0,6.0,6.0
2021-08-05 10:47:03,74.0,64.0,6.0,4.0
2021-08-05 10:47:04,86.0,76.0,7.0,3.0
2021-08-05 10:47:05,79.0,69.0,6.0,4.0
2021-08-05 10:47:06,79.0,69.0,8.0,2.0
2021-08-05 10:47:07,93.0,85.0,6.0,2.0
2021-08-05 10:47:08,83.0,73.0,6.0,4.0
2021-08-05 10:47:09,89.0,76.0,7.0,6.0
2021-08-05 10:47:10,79.0,73.0,4.0,2.0
2021-08-05 10:47:11,58.0,49.0,3.0,6.0
2021-08-05 10:47:12,93.0,83.0,6.0,4.0
2021-08-05 10:47:13,84.0,75.0,6.0,3.0
2021-08-05 10:47:14,74.0,67.0,4.0,3.0
2021-08-05 10:47:15,99.0,91.0,5.0,3.0
2021-08-05 10:47:16,72.0,68.0,1.0,3.0
2021-08-05 10:47:17,83.0,69.0,8.0,6.0
2021-08-05 10:47:18,85.0,72.0,9.0,4.0
2021-08-05 10:47:19,80.0,74.0,2.0,4.0
2021-08-05 10:47:20,91.0,81.0,6.0,4.0
2021-08-05 10:47:21,89.0,75.0,6.0,8.0
2021-08-05 10:47:22,72.0,70.0,1.0,1.0
2021-08-05 10:47:23,78.0,69.0,6.0,3.0
2021-08-05 10:47:24,82.0,68.0,7.0,7.0
2021-08-05 10:47:25,82.0,70.0,7.0,5.0
2021-08-05 10:47:26,78.0,65.0,8.0,5.0
2021-08-05 10:47:27,90.0,70.0,12.0,8.0
2021-08-05 10:47:28,88.0,75.0,8.0,5.0
2021-08-05 10:47:29,94.0,84.0,5.0,5.0
2021-08-05 10:47:30,82.0,75.0,6.0,1.0
2021-08-05 10:47:31,93.0,81.0,7.0,5.0
2021-08-05 10:47:32,98.0,87.0,7.0,4.0
2021-08-05 10:47:33,80.0,75.0,2.0,3.0
2021-08-05 10:47:34,78.0,69.0,5.0,4.0
2021-08-05 10:47:35,93.0,77.0,10.0,6.0
2021-08-05 10:47:36,81.0,70.0,6.0,5.0
2021-08-05 10:47:37,68.0,60.0,3.0,5.0
2021-08-05 10:47:38,89.0,81.0,7.0,1.0
2021-08-05 10:47:39,87.0,71.0,10.0,6.0
2021-08-05 10:47:40,93.0,83.0,8.0,2.0
2021-08-05 10:47:41,74.0,59.0,9.0,6.0
2021-08-05 10:47:42,65.0,58.0,3.0,4.0
2021-08-05 10:47:43,89.0,78.0,9.0,2.0
2021-08-05 10:47:44,70.0,61.0,8.0,1.0
2021-08-05 10:47:45,97.0,90.0,3.0,4.0
2021-08-05 10:47:46,74.0,59.0,11.0,4.0
2021-08-05 10:47:47,74.0,65.0,5.0,4.0
2021-08-05 10:47:48,72.0,65.0,5.0,2.0
2021-08-05 10:47:49,85.0,74.0,1.0,10.0
2021-08-05 10:47:50,77.0,66.0,8.0,3.0
2021-08-05 10:47:51,84.0,71.0,9.0,4.0
2021-08-05 10:47:52,76.0,64.0,6.0,6.0
2021-08-05 10:47:53,67.0,60.0,6.0,1.0
2021-08-05 10:47:54,70.0,60.0,3.0,7.0
2021-08-05 10:47:55,82.0,70.0,7.0,5.0
2021-08-05 10:47:56,99.0,90.0,6.0,3.0
2021-08-05 10:47:57,82.0,72.0,8.0,2.0
2021-08-05 10:47:58,89.0,76.0,7.0,6.0
2021-08-05 10:47:59,84.0,72.0,9.0,3.0
2021-08-05 10:48:00,87.0,77.0,5.0,5.0
2021-08-05 10:48:01,91.0,85.0,2.0,4.0
2021-08-05 10:48:02,91.0,77.0,9.0,5.0
2021-08-05 10:48:03,95.0,82.0,7.0,6.0
2021-08-05 10:48:04,74.0,61.0,2.0,11.0
2021-08-05 10:48:05,84.0,77.0,5.0,2.0
2021-08-05 10:48:06,82.0,71.0,7.0,4.0
2021-08-05 10:48:07,78.0,66.0,7.0,5.0
2021-08-05 10:48:08,70.0,55.0,12.0,3.0
2021-08-05 10:48:09,73.0,64.0,4.0,5.0
2021-08-05 10:48:10,87.0,76.0,6.0,5.0
2021-08-05 10:48:11,66.0,56.0,7.0,3.0
2021-08-05 10:48:12,85.0,68.0,10.0,7.0
2021-08-05 10:48:13,95.0,86.0,5.0,4.0
2021-08-05 10:48:14,80.0,67.0,8.0,5.0
2021-08-05 10:48:15,58.0,50.0,3.0,5.0
2021-08-05 10:48:16,80.0,70.0,8.0,2.0
2021-08-05 10:48:17,79.0,70.0,6.0,3.0
2021-08-05 10:48:18,67.0,60.0,4.0,3.0
2021-08-05 10:48:19,102.0,88.0,7.0,7.0
2021-08-05 10:48:20,100.0,94.0,3.0,3.0
2021-08-05 10:48:21,84.0,79.0,5.0,0.0
2021-08-05 10:48:22,76.0,61.0,7.0,8.0
2021-08-05 10:48:23,89.0,83.0,6.0,0.0
2021-08-05 10:48:24,82.0,73.0,3.0,6.0
2021-08-05 10:48:25,82.0,74.0,5.0,3.0
2021-08-05 10:48:26,88.0,80.0,5.0,3.0
2021-08-05 10:48:27,81.0,72.0,5.0,4.0
2021-08-05 10:48:28,81.0,75.0,4.0,2.0
2021-08-05 10:48:29,88.0,78.0,5.0,5.0
2021-08-05 10:48:30,84.0,75.0,4.0,5.0
2021-08-05 10:48:31,94.0,88.0,5.0,1.0
2021-08-05 10:48:32,88.0,81.0,2.0,5.0
2021-08-05 10:48:33,89.0,77.0,8.0,4.0
2021-08-05 10:48:34,80.0,73.0,3.0,4.0
2021-08-05 10:48:35,88.0,84.0,2.0,2.0
2021-08-05 10:48:36,80.0,66.0,9.0,5.0
2021-08-05 10:48:37,76.0,65.0,6.0,5.0
2021-08-05 10:48:38,83.0,72.0,10.0,1.0
2021-08-05 10:48:39,88.0,75.0,9.0,4.0
2021-08-05 10:48:40,87.0,77.0,4.0,6.0
2021-08-05 10:48:41,90.0,77.0,7.0,6.0
2021-08-05 10:48:42,84.0,71.0,10.0,3.0
2021-08-05 10:48:43,82.0,72.0,6.0,4.0
2021-08-05 10:48:44,86.0,76.0,6.0,4.0
2021-08-05 10:48:45,90.0,85.0,4.0,1.0
2021-08-05 10:48:46,86.0,73.0,8.0,5.0
2021-08-05 10:48:47,90.0,76.0,6.0,8.0
2021-08-05 10:48:48,70.0,61.0,4.0,5.0
2021-08-05 10:48:49,89.0,72.0,11.0,6.0
2021-08-05 10:48:50,86.0,79.0,4.0,3.0
2021-08-05 10:48:51,63.0,56.0,4.0,3.0
2021-08-05 10:48:52,101.0,87.0,7.0,7.0
2021-08-05 10:48:53,97.0,83.0,9.0,5.0
2021-08-05 10:48:54,91.0,83.0,5.0,3.0
2021-08-05 10:48:55,69.0,61.0,3.0,5.0
2021-08-05 10:48:56,78.0,67.0,6.0,5.0
2021-08-05 10:48:57,89.0,83.0,2.0,4.0
2021-08-05 10:48:58,97.0,87.0,6.0,4.0
2021-08-05 10:48:59,95.0,83.0,8.0,4.0
2021-08-05 10:49:00,101.0,86.0,7.0,8.0
2021-08-05 10:49:01,79.0,73.0,5.0,1.0
2021-08-05 10:49:02,77.0,71.0,3.0,3.0
2021-08-05 10:49:03,91.0,82.0,7.0,2.0
2021-08-05 10:49:04,94.0,79.0,8.0,7.0
2021-08-05 10:49:05,93.0,84.0,3.0,6.0
2021-08-05 10:49:06,89.0,75.0,9.0,5.0
2021-08-05 10:49:07,73.0,65.0,5.0,3.0
2021-08-05 10:49:08,108.0,91.0,11.0,6.0
2021-08-05 10:49:09,79.0,71.0,5.0,3.0
2021-08-05 10:49:10,91.0,80.0,6.0,5.0
2021-08-05 10:49:11,95.0,82.0,5.0,8.0
2021-08-05 10:49:12,67.0,52.0,11.0,4.0
2021-08-05 10:49:13,87.0,76.0,7.0,4.0
2021-08-05 10:49:14,71.0,59.0,8.0,4.0
2021-08-05 10:49:15,81.0,73.0,5.0,3.0
2021-08-05 10:49:16,94.0,84.0,8.0,2.0
2021-08-05 10:49:17,94.0,80.0,9.0,5.0
2021-08-05 10:49:18,92.0,79.0,10.0,3.0
2021-08-05 10:49:19,73.0,64.0,5.0,4.0
2021-08-05 10:49:20,72.0,66.0,5.0,1.0
2021-08-05 10:49:21,80.0,68.0,4.0,8.0
2021-08-05 10:49:22,71.0,60.0,9.0,2.0
2021-08-05 10:49:23,73.0,62.0,7.0,4.0
2021-08-05 10:49:24,78.0,62.0,7.0,9.0
2021-08-05 10:49:25,76.0,67.0,5.0,4.0
2021-08-05 10:49:26,80.0,73.0,4.0,3.0
2021-08-05 10:49:27,84.0,74.0,6.0,4.0
2021-08-05 10:49:28,85.0,75.0,7.0,3.0
2021-08-05 10:49:29,76.0,69.0,3.0,4.0
2021-08-05 10:49:30,70.0,59.0,9.0,2.0
2021-08-05 10:49:31,81.0,68.0,7.0,6.0
2021-08-05 10:49:32,78.0,73.0,4.0,1.0
2021-08-05 10:49:33,72.0,63.0,4.0,5.0
2021-08-05 10:49:34,86.0,77.0,7.0,2.0
2021-08-05 10:49:35,73.0,67.0,2.0,4.0
2021-08-05 10:49:36,76.0,68.0,5.0,3.0
2021-08-05 10:49:37,98.0,86.0,7.0,5.0
2021-08-05 10:49:38,81.0,72.0,4.0,5.0
2021-08-05 10:49:39,90.0,77.0,7.0,6.0
2021-08-05 10:49:40,98.0,86.0,6.0,6.0
2021-08-05 10:49:41,68.0,59.0,4.0,5.0
2021-08-05 10:49:42,100.0,82.0,11.0,7.0
2021-08-05 10:49:43,66.0,60.0,3.0,3.0
2021-08-05 10:49:44,95.0,82.0,9.0,4.0
2021-08-05 10:49:45,78.0,64.0,7.0,7.0
2021-08-05 10:49:46,79.0,68.0,7.0,4.0
2021-08-05 10:49:47,77.0,69.0,5.0,3.0
2021-08-05 10:49:48,94.0,85.0,3.0,6.0
2021-08-05 10:49:49,76.0,62.0,9.0,5.0
2021-08-05 10:49:50,93.0,79.0,11.0,3.0
2021-08-05 10:49:51,79.0,67.0,7.0,5.0
2021-08-05 10:49:52,84.0,74.0,7.0,3.0
2021-08-05 10:49:53,82.0,70.0,6.0,6.0
2021-08-05 10:49:54,93.0,83.0,7.0,3.0
2021-08-05 10:49:55,89.0,79.0,7.0,3.0
2021-08-05 10:49:56,90.0,78.0,10.0,2.0
2021-08-05 10:49:57,75.0,63.0,8.0,4.0
2021-08-05 10:49:58,71.0,66.0,4.0,1.0
2021-08-05 10:49:59,71.0,59.0,10.0,2.0
2021-08-05 10:50:00,81.0,73.0,2.0,6.0
2021-08-05 10:50:01,82.0,76.0,3.0,3.0
2021-08-05 10:50:02,78.0,64.0,7.0,7.0
2021-08-05 10:50:03,85.0,81.0,4.0,0.0
2021-08-05 10:50:04,86.0,74.0,8.0,4.0
2021-08-05 10:50:05,87.0,73.0,7.0,7.0
2021-08-05 10:50:06,76.0,67.0,8.0,1.0
2021-08-05 10:50:07,89.0,82.0,3.0,4.0
2021-08-05 10:50:08,77.0,66.0,8.0,3.0
2021-08-05 10:50:09,80.0,70.0,6.0,4.0
2021-08-05 10:50:10,68.0,61.0,3.0,4.0
2021-08-05 10:50:11,77.0,70.0,4.0,3.0
2021-08-05 10:50:12,92.0,85.0,6.0,1.0
2021-08-05 10:50:13,85.0,76.0,3.0,6.0
2021-08-05 10:50:14,73.0,60.0,5.0,8.0
2021-08-05 10:50:15,81.0,69.0,8.0,4.0
2021-08-05 10:50:16,95.0,83.0,7.0,5.0
2021-08-05 10:50:17,82.0,69.0,12.0,1.0
2021-08-05 10:50:18,91.0,83.0,5.0,3.0
2021-08-05 10:50:19,88.0,77.0,7.0,4.0
2021-08-05 10:50:20,81.0,66.0,8.0,7.0
2021-08-05 10:50:21,71.0,61.0,6.0,4.0
2021-08-05 10:50:22,91.0,85.0,3.0,3.0
2021-08-05 10:50:23,78.0,66.0,7.0,5.0
2021-08-05 10:50:24,84.0,74.0,7.0,3.0
2021-08-05 10:50:25,81.0,71.0,7.0,3.0
2021-08-05 10:50:26,69.0,51.0,10.0,8.0
2021-08-05 10:50:27,105.0,92.0,9.0,4.0
2021-08-05 10:50:28,92.0,79.0,11.0,2.0
2021-08-05 10:50:29,75.0,61.0,7.0,7.0
2021-08-05 10:50:30,87.0,76.0,6.0,5.0
2021-08-05 10:50:31,87.0,79.0,4.0,4.0
2021-08-05 10:50:32,88.0,78.0,6.0,4.0
2021-08-05 10:50:33,87.0,78.0,6.0,3.0
2021-08-05 10:50:34,67.0,58.0,7.0,2.0
2021-08-05 10:50:35,90.0,82.0,1.0,7.0
2021-08-05 10:50:36,80.0,72.0,4.0,4.0
2021-08-05 10:50:37,88.0,71.0,10.0,7.0
2021-08-05 10:50:38,74.0,60.0,8.0,6.0
2021-08-05 10:50:39,87.0,76.0,4.0,7.0
2021-08-05 10:50:40,84.0,78.0,3.0,3.0
2021-08-05 10:50:41,68.0,62.0,3.0,3.0
2021-08-05 10:50:42,88.0,75.0,6.0,7.0
2021-08-05 10:50:43,86.0,72.0,10.0,4.0
2021-08-05 10:50:44,85.0,69.0,13.0,3.0
2021-08-05 10:50:45,75.0,65.0,7.0,3.0
2021-08-05 10:50:46,75.0,65.0,6.0,4.0
2021-08-05 10:50:47,92.0,81.0,5.0,6.0
2021-08-05 10:50:48,109.0,90.0,14.0,5.0
2021-08-05 10:50:49,93.0,81.0,5.0,7.0
2021-08-05 10:50:50,78.0,71.0,4.0,3.0
2021-08-05 10:50:51,75.0,60.0,10.0,5.0
2021-08-05 10:50:52,79.0,67.0,9.0,3.0
2021-08-05 10:50:53,81.0,68.0,8.0,5.0
2021-08-05 10:50:54,76.0,62.0,11.0,3.0
2021-08-05 10:50:55,86.0,68.0,13.0,5.0
2021-08-05 10:50:56,63.0,53.0,8.0,2.0
2021-08-05 10:50:57,60.0,52.0,4.0,4.0
2021-08-05 10:50:58,79.0,71.0,4.0,4.0
2021-08-05 10:50:59,86.0,76.0,6.0,4.0
2021-08-05 10:51:00,91.0,76.0,11.0,4.0
2021-08-05 10:51:01,88.0,78.0,7.0,3.0
2021-08-05 10:51:02,79.0,71.0,4.0,4.0
2021-08-05 10:51:03,88.0,78.0,7.0,3.0
2021-08-05 10:51:04,82.0,73.0,6.0,3.0
2021-08-05 10:51:05,67.0,54.0,8.0,5.0
2021-08-05 10:51:06,78.0,72.0,3.0,3.0
2021-08-05 10:51:07,84.0,73.0,7.0,4.0
2021-08-05 10:51:08,84.0,69.0,11.0,4.0
2021-08-05 10:51:09,82.0,70.0,6.0,6.0
2021-08-05 10:51:10,76.0,64.0,7.0,5.0
2021-08-05 10:51:11,77.0,64.0,9.0,4.0
2021-08-05 10:51:12,83.0,73.0,4.0,6.0
2021-08-05 10:51:13,69.0,62.0,4.0,3.0
2021-08-05 10:51:14,68.0,63.0,5.0,0.0
2021-08-05 10:51:15,97.0,85.0,7.0,5.0
2021-08-05 10:51:16,89.0,83.0,2.0,4.0
2021-08-05 10:51:17,84.0,71.0,5.0,8.0
2021-08-05 10:51:18,78.0,64.0,7.0,7.0
2021-08-05 10:51:19,84.0,77.0,4.0,3.0
2021-08-05 10:51:20,81.0,77.0,0.0,4.0
2021-08-05 10:51:21,72.0,62.0,7.0,3.0
2021-08-05 10:51:22,81.0,68.0,9.0,4.0
2021-08-05 10:51:23,74.0,65.0,5.0,4.0
2021-08-05 10:51:24,88.0,78.0,9.0,1.0
2021-08-05 10:51:25,86.0,75.0,6.0,5.0
2021-08-05 10:51:26,75.0,63.0,8.0,4.0
2021-08-05 10:51:27,65.0,58.0,6.0,1.0
2021-08-05 10:51:28,72.0,60.0,7.0,5.0
2021-08-05 10:51:29,83.0,74.0,6.0,3.0
2021-08-05 10:51:30,80.0,75.0,2.0,3.0
2021-08-05 10:51:31,91.0,82.0,6.0,3.0
2021-08-05 10:51:32,89.0,81.0,7.0,1.0
2021-08-05 10:51:33,77.0,68.0,5.0,4.0
2021-08-05 10:51:34,70.0,59.0,9.0,2.0
2021-08-05 10:51:35,89.0,77.0,4.0,8.0
2021-08-05 10:51:36,90.0,78.0,6.0,6.0
2021-08-05 10:51:37,94.0,85.0,5.0,4.0
2021-08-05 10:51:38,77.0,66.0,6.0,5.0
2021-08-05 10:51:39,73.0,63.0,7.0,3.0
2021-08-05 10:51:40,84.0,75.0,6.0,3.0
2021-08-05 10:51:41,88.0,76.0,6.0,6.0
2021-08-05 10:51:42,82.0,74.0,4.0,4.0
2021-08-05 10:51:43,89.0,76.0,8.0,5.0
2021-08-05 10:51:44,91.0,78.0,7.0,6.0
2021-08-05 10:51:45,82.0,77.0,2.0,3.0
2021-08-05 10:51:46,72.0,64.0,3.0,5.0
2021-08-05 10:51:47,89.0,74.0,10.0,5.0
2021-08-05 10:51:48,90.0,78.0,7.0,5.0
2021-08-05 10:51:49,68.0,64.0,3.0,1.0
2021-08-05 10:51:50,81.0,69.0,7.0,5.0
2021-08-05 10:51:51,88.0,77.0,8.0,3.0
2021-08-05 10:51:52,86.0,72.0,8.0,6.0
2021-08-05 10:51:53,82.0,71.0,7.0,4.0
2021-08-05 10:51:54,76.0,66.0,10.0,0.0
2021-08-05 10:51:55,83.0,75.0,3.0,5.0
2021-08-05 10:51:56,88.0,78.0,6.0,4.0
2021-08-05 10:51:57,77.0,67.0,6.0,4.0
2021-08-05 10:51:58,99.0,91.0,3.0,5.0
2021-08-05 10:51:59,85.0,78.0,3.0,4.0
2021-08-05 10:52:00,92.0,88.0,4.0,0.0
2021-08-05 10:52:01,71.0,62.0,5.0,4.0
2021-08-05 10:52:02,79.0,66.0,3.0,10.0
2021-08-05 10:52:03,88.0,77.0,9.0,2.0
2021-08-05 10:52:04,88.0,74.0,8.0,6.0
2021-08-05 10:52:05,89.0,74.0,9.0,6.0
2021-08-05 10:52:06,71.0,57.0,7.0,7.0
2021-08-05 10:52:07,67.0,62.0,5.0,0.0
2021-08-05 10:52:08,68.0,56.0,8.0,4.0
2021-08-05 10:52:09,78.0,71.0,5.0,2.0
2021-08-05 10:52:10,86.0,76.0,5.0,5.0
2021-08-05 10:52:11,76.0,60.0,3.0,13.0
2021-08-05 10:52:12,77.0,69.0,7.0,1.0
2021-08-05 10:52:13,97.0,85.0,9.0,3.0
2021-08-05 10:52:14,75.0,66.0,6.0,3.0
2021-08-05 10:52:15,84.0,72.0,7.0,5.0
2021-08-05 10:52:16,56.0,49.0,5.0,2.0
2021-08-05 10:52:17,91.0,76.0,11.0,4.0
2021-08-05 10:52:18,86.0,77.0,3.0,6.0
2021-08-05 10:52:19,63.0,56.0,6.0,1.0
2021-08-05 10:52:20,79.0,73.0,4.0,2.0
2021-08-05 10:52:21,71.0,63.0,6.0,2.0
2021-08-05 10:52:22,101.0,89.0,7.0,5.0
2021-08-05 10:52:23,85.0,73.0,6.0,6.0
2021-08-05 10:52:24,103.0,92.0,5.0,6.0
2021-08-05 10:52:25,69.0,58.0,5.0,6.0
2021-08-05 10:52:26,78.0,70.0,7.0,1.0
2021-08-05 10:52:27,94.0,81.0,9.0,4.0
2021-08-05 10:52:28,76.0,67.0,5.0,4.0
2021-08-05 10:52:29,87.0,78.0,4.0,5.0
2021-08-05 10:52:30,84.0,71.0,9.0,4.0
2021-08-05 10:52:31,87.0,76.0,6.0,5.0
2021-08-05 10:52:32,89.0,78.0,8.0,3.0
2021-08-05 10:52:33,74.0,67.0,5.0,2.0
2021-08-05 10:52:34,76.0,72.0,1.0,3.0
2021-08-05 10:52:35,82.0,66.0,8.0,8.0
2021-08-05 10:52:36,78.0,71.0,6.0,1.0
2021-08-05 10:52:37,83.0,77.0,4.0,2.0
2021-08-05 10:52:38,79.0,71.0,5.0,3.0
2021-08-05 10:52:39,86.0,71.0,12.0,3.0
2021-08-05 10:52:40,86.0,73.0,6.0,7.0
2021-08-05 10:52:41,85.0,73.0,9.0,3.0
2021-08-05 10:52:42,89.0,76.0,7.0,6.0
2021-08-05 10:52:43,81.0,71.0,4.0,6.0
2021-08-05 10:52:44,74.0,65.0,5.0,4.0
2021-08-05 10:52:45,82.0,71.0,5.0,6.0
2021-08-05 10:52:46,82.0,73.0,6.0,3.0
2021-08-05 10:52:47,85.0,77.0,5.0,3.0
2021-08-05 10:52:48,82.0,70.0,7.0,5.0
2021-08-05 10:52:49,76.0,64.0,8.0,4.0
2021-08-05 10:52:50,73.0,66.0,4.0,3.0
2021-08-05 10:52:51,83.0,71.0,8.0,4.0
2021-08-05 10:52:52,100.0,86.0,9.0,5.0
2021-08-05 10:52:53,89.0,76.0,10.0,3.0
2021-08-05 10:52:54,70.0,61.0,6.0,3.0
2021-08-05 10:52:55,72.0,59.0,6.0,7.0
2021-08-05 10:52:56,74.0,67.0,3.0,4.0
2021-08-05 10:52:57,83.0,73.0,4.0,6.0
2021-08-05 10:52:58,68.0,61.0,3.0,4.0
2021-08-05 10:52:59,80.0,70.0,6.0,4.0
2021-08-05 10:53:00,77.0,61.0,10.0,6.0
2021-08-05 10:53:01,66.0,60.0,4.0,2.0
2021-08-05 10:53:02,81.0,65.0,10.0,6.0
2021-08-05 10:53:03,79.0,64.0,10.0,5.0
2021-08-05 10:53:04,87.0,75.0,7.0,5.0
2021-08-05 10:53:05,88.0,79.0,4.0,5.0
2021-08-05 10:53:06,86.0,73.0,3.0,10.0
2021-08-05 10:53:07,89.0,75.0,7.0,7.0
2021-08-05 10:53:08,99.0,89.0,8.0,2.0
2021-08-05 10:53:09,64.0,57.0,6.0,1.0
2021-08-05 10:53:10,81.0,74.0,5.0,2.0
2021-08-05 10:53:11,68.0,60.0,3.0,5.0
2021-08-05 10:53:12,92.0,80.0,7.0,5.0
2021-08-05 10:53:13,84.0,80.0,2.0,2.0
2021-08-05 10:53:14,85.0,74.0,6.0,5.0
2021-08-05 10:53:15,65.0,58.0,5.0,2.0
2021-08-05 10:53:16,82.0,75.0,7.0,0.0
2021-08-05 10:53:17,86.0,70.0,11.0,5.0
2021-08-05 10:53:18,78.0,71.0,3.0,4.0
2021-08-05 10:53:19,82.0,70.0,6.0,6.0
2021-08-05 10:53:20,73.0,63.0,7.0,3.0
2021-08-05 10:53:21,82.0,71.0,5.0,6.0
2021-08-05 10:53:22,90.0,77.0,8.0,5.0
2021-08-05 10:53:23,73.0,65.0,7.0,1.0
2021-08-05 10:53:24,82.0,74.0,5.0,3.0
2021-08-05 10:53:25,105.0,93.0,7.0,5.0
2021-08-05 10:53:26,82.0,70.0,8.0,4.0
2021-08-05 10:53:27,83.0,79.0,3.0,1.0
2021-08-05 10:53:28,80.0,66.0,6.0,8.0
2021-08-05 10:53:29,83.0,74.0,3.0,6.0
2021-08-05 10:53:30,91.0,76.0,10.0,5.0
2021-08-05 10:53:31,76.0,67.0,6.0,3.0
2021-08-05 10:53:32,79.0,68.0,7.0,4.0
2021-08-05 10:53:33,72.0,65.0,4.0,3.0
2021-08-05 10:53:34,79.0,75.0,3.0,1.0
2021-08-05 10:53:35,86.0,81.0,2.0,3.0
2021-08-05 10:53:36,87.0,72.0,9.0,6.0
2021-08-05 10:53:37,92.0,78.0,8.0,6.0
2021-08-05 10:53:38,90.0,79.0,8.0,3.0
2021-08-05 10:53:39,78.0,69.0,6.0,3.0
2021-08-05 10:53:40,64.0,59.0,4.0,1.0
2021-08-05 10:53:41,97.0,91.0,3.0,3.0
2021-08-05 10:53:42,77.0,71.0,4.0,2.0
2021-08-05 10:53:43,89.0,76.0,9.0,4.0
2021-08-05 10:53:44,90.0,82.0,6.0,2.0
2021-08-05 10:53:45,88.0,75.0,7.0,6.0
2021-08-05 10:53:46,80.0,73.0,1.0,6.0
2021-08-05 10:53:47,85.0,74.0,8.0,3.0
2021-08-05 10:53:48,66.0,57.0,5.0,4.0
2021-08-05 10:53:49,84.0,70.0,10.0,4.0
2021-08-05 10:53:50,77.0,72.0,3.0,2.0
2021-08-05 10:53:51,75.0,64.0,7.0,4.0
2021-08-05 10:53:52,70.0,59.0,7.0,4.0
2021-08-05 10:53:53,68.0,63.0,4.0,1.0
2021-08-05 10:53:54,75.0,64.0,6.0,5.0
2021-08-05 10:53:55,70.0,58.0,6.0,6.0
2021-08-05 10:53:56,88.0,80.0,2.0,6.0
2021-08-05 10:53:57,93.0,78.0,8.0,7.0
2021-08-05 10:53:58,105.0,97.0,4.0,4.0
2021-08-05 10:53:59,82.0,75.0,4.0,3.0
2021-08-05 10:54:00,82.0,74.0,5.0,3.0
2021-08-05 10:54:01,79.0,64.0,8.0,7.0
2021-08-05 10:54:02,83.0,68.0,9.0,6.0
2021-08-05 10:54:03,82.0,68.0,10.0,4.0
2021-08-05 10:54:04,82.0,73.0,7.0,2.0
2021-08-05 10:54:05,74.0,65.0,2.0,7.0
2021-08-05 10:54:06,97.0,90.0,1.0,6.0
2021-08-05 10:54:07,104.0,94.0,7.0,3.0
2021-08-05 10:54:08,90.0,83.0,4.0,3.0
2021-08-05 10:54:09,85.0,71.0,8.0,6.0
2021-08-05 10:54:10,81.0,71.0,3.0,7.0
2021-08-05 10:54:11,72.0,64.0,6.0,2.0
2021-08-05 10:54:12,92.0,77.0,8.0,7.0
2021-08-05 10:54:13,85.0,69.0,12.0,4.0
2021-08-05 10:54:14,65.0,57.0,5.0,3.0
2021-08-05 10:54:15,78.0,65.0,4.0,9.0
2021-08-05 10:54:16,81.0,73.0,6.0,2.0
2021-08-05 10:54:17,108.0,92.0,10.0,6.0
2021-08-05 10:54:18,90.0,85.0,5.0,0.0
2021-08-05 10:54:19,94.0,75.0,8.0,11.0
2021-08-05 10:54:20,84.0,78.0,4.0,2.0
2021-08-05 10:54:21,85.0,72.0,5.0,8.0
2021-08-05 10:54:22,75.0,64.0,6.0,5.0
2021-08-05 10:54:23,86.0,78.0,5.0,3.0
2021-08-05 10:54:24,76.0,54.0,14.0,8.0
2021-08-05 10:54:25,83.0,76.0,3.0,4.0
2021-08-05 10:54:26,105.0,90.0,10.0,5.0
2021-08-05 10:54:27,84.0,75.0,6.0,3.0
2021-08-05 10:54:28,87.0,70.0,11.0,6.0
2021-08-05 10:54:29,82.0,75.0,4.0,3.0
2021-08-05 10:54:30,92.0,80.0,6.0,6.0
2021-08-05 10:54:31,72.0,63.0,6.0,3.0
2021-08-05 10:54:32,83.0,73.0,7.0,3.0
2021-08-05 10:54:33,81.0,76.0,4.0,1.0
2021-08-05 10:54:34,82.0,69.0,9.0,4.0
2021-08-05 10:54:35,76.0,64.0,9.0,3.0
2021-08-05 10:54:36,88.0,74.0,6.0,8.0
2021-08-05 10:54:37,73.0,61.0,5.0,7.0
2021-08-05 10:54:38,85.0,71.0,4.0,10.0
2021-08-05 10:54:39,79.0,67.0,7.0,5.0
2021-08-05 10:54:40,74.0,58.0,11.0,5.0
2021-08-05 10:54:41,86.0,76.0,3.0,7.0
2021-08-05 10:54:42,98.0,92.0,2.0,4.0
2021-08-05 10:54:43,65.0,56.0,5.0,4.0
2021-08-05 10:54:44,84.0,70.0,4.0,10.0
2021-08-05 10:54:45,83.0,76.0,5.0,2.0
2021-08-05 10:54:46,72.0,64.0,4.0,4.0
2021-08-05 10:54:47,92.0,82.0,6.0,4.0
2021-08-05 10:54:48,93.0,82.0,9.0,2.0
2021-08-05 10:54:49,89.0,82.0,3.0,4.0
2021-08-05 10:54:50,89.0,79.0,3.0,7.0
2021-08-05 10:54:51,89.0,79.0,6.0,4.0
2021-08-05 10:54:52,93.0,81.0,8.0,4.0
2021-08-05 10:54:53,82.0,70.0,7.0,5.0
2021-08-05 10:54:54,74.0,65.0,6.0,3.0
2021-08-05 10:54:55,68.0,54.0,8.0,6.0
2021-08-05 10:54:56,91.0,80.0,8.0,3.0
2021-08-05 10:54:57,91.0,79.0,9.0,3.0
2021-08-05 10:54:58,93.0,80.0,7.0,6.0
2021-08-05 10:54:59,82.0,73.0,4.0,5.0
2021-08-05 10:55:00,90.0,77.0,9.0,4.0
2021-08-05 10:55:01,69.0,60.0,3.0,6.0
2021-08-05 10:55:02,104.0,91.0,8.0,5.0
2021-08-05 10:55:03,98.0,88.0,3.0,7.0
2021-08-05 10:55:04,83.0,71.0,6.0,6.0
2021-08-05 10:55:05,67.0,56.0,8.0,3.0
2021-08-05 10:55:06,89.0,78.0,4.0,7.0
2021-08-05 10:55:07,70.0,64.0,5.0,1.0
2021-08-05 10:55:08,80.0,68.0,9.0,3.0
2021-08-05 10:55:09,78.0,68.0,10.0,0.0
2021-08-05 10:55:10,87.0,76.0,7.0,4.0
2021-08-05 10:55:11,82.0,69.0,7.0,6.0
2021-08-05 10:55:12,92.0,76.0,12.0,4.0
2021-08-05 10:55:13,80.0,70.0,5.0,5.0
2021-08-05 10:55:14,81.0,77.0,2.0,2.0
2021-08-05 10:55:15,85.0,74.0,5.0,6.0
2021-08-05 10:55:16,81.0,67.0,11.0,3.0
2021-08-05 10:55:17,84.0,75.0,4.0,5.0
2021-08-05 10:55:18,91.0,79.0,6.0,6.0
2021-08-05 10:55:19,81.0,67.0,7.0,7.0
2021-08-05 10:55:20,96.0,86.0,5.0,5.0
2021-08-05 10:55:21,85.0,75.0,6.0,4.0
2021-08-05 10:55:22,63.0,51.0,9.0,3.0
2021-08-05 10:55:23,77.0,60.0,10.0,7.0
2021-08-05 10:55:24,76.0,59.0,10.0,7.0
2021-08-05 10:55:25,81.0,70.0,5.0,6.0
2021-08-05 10:55:26,81.0,74.0,6.0,1.0
2021-08-05 10:55:27,85.0,76.0,6.0,3.0
2021-08-05 10:55:28,71.0,65.0,1.0,5.0
2021-08-05 10:55:29,78.0,69.0,5.0,4.0
2021-08-05 10:55:30,87.0,81.0,3.0,3.0
2021-08-05 10:55:31,71.0,60.0,8.0,3.0
2021-08-05 10:55:32,78.0,69.0,5.0,4.0
2021-08-05 10:55:33,75.0,64.0,5.0,6.0
2021-08-05 10:55:34,100.0,88.0,6.0,6.0
2021-08-05 10:55:35,78.0,66.0,5.0,7.0
2021-08-05 10:55:36,84.0,77.0,5.0,2.0
2021-08-05 10:55:37,74.0,63.0,5.0,6.0
2021-08-05 10:55:38,72.0,66.0,4.0,2.0
2021-08-05 10:55:39,73.0,65.0,5.0,3.0
2021-08-05 10:55:40,65.0,53.0,8.0,4.0
2021-08-05 10:55:41,66.0,59.0,3.0,4.0
2021-08-05 10:55:42,78.0,70.0,2.0,6.0
2021-08-05 10:55:43,103.0,91.0,6.0,6.0
2021-08-05 10:55:44,101.0,91.0,5.0,5.0
2021-08-05 10:55:45,80.0,71.0,6.0,3.0
2021-08-05 10:55:46,92.0,74.0,11.0,7.0
2021-08-05 10:55:47,68.0,57.0,8.0,3.0
2021-08-05 10:55:48,82.0,63.0,9.0,10.0
2021-08-05 10:55:49,76.0,66.0,6.0,4.0
2021-08-05 10:55:50,77.0,62.0,7.0,8.0
2021-08-05 10:55:51,76.0,64.0,10.0,2.0
2021-08-05 10:55:52,78.0,72.0,5.0,1.0
2021-08-05 10:55:53,68.0,59.0,5.0,4.0
2021-08-05 10:55:54,72.0,66.0,3.0,3.0
2021-08-05 10:55:55,84.0,72.0,11.0,1.0
2021-08-05 10:55:56,74.0,60.0,10.0,4.0
2021-08-05 10:55:57,101.0,81.0,8.0,12.0
2021-08-05 10:55:58,81.0,71.0,5.0,5.0
2021-08-05 10:55:59,93.0,74.0,13.0,6.0
2021-08-05 10:56:00,89.0,80.0,5.0,4.0
2021-08-05 10:56:01,83.0,74.0,5.0,4.0
2021-08-05 10:56:02,64.0,57.0,5.0,2.0
2021-08-05 10:56:03,55.0,46.0,4.0,5.0
2021-08-05 10:56:04,79.0,73.0,3.0,3.0
2021-08-05 10:56:05,84.0,72.0,10.0,2.0
2021-08-05 10:56:06,81.0,73.0,4.0,4.0
2021-08-05 10:56:07,96.0,81.0,10.0,5.0
2021-08-05 10:56:08,88.0,81.0,4.0,3.0
2021-08-05 10:56:09,87.0,77.0,9.0,1.0
2021-08-05 10:56:10,77.0,69.0,5.0,3.0
2021-08-05 10:56:11,80.0,65.0,9.0,6.0
2021-08-05 10:56:12,64.0,57.0,5.0,2.0
2021-08-05 10:56:13,81.0,68.0,8.0,5.0
2021-08-05 10:56:14,86.0,77.0,3.0,6.0
2021-08-05 10:56:15,107.0,94.0,6.0,7.0
2021-08-05 10:56:16,96.0,89.0,4.0,3.0
2021-08-05 10:56:17,84.0,73.0,7.0,4.0
2021-08-05 10:56:18,95.0,81.0,8.0,6.0
2021-08-05 10:56:19,88.0,79.0,7.0,2.0
2021-08-05 10:56:20,83.0,74.0,4.0,5.0
2021-08-05 10:56:21,75.0,67.0,6.0,2.0
2021-08-05 10:56:22,73.0,64.0,6.0,3.0
2021-08-05 10:56:23,84.0,72.0,7.0,5.0
2021-08-05 10:56:24,69.0,61.0,4.0,4.0
2021-08-05 10:56:25,97.0,81.0,6.0,10.0
2021-08-05 10:56:26,86.0,72.0,7.0,7.0
2021-08-05 10:56:27,82.0,69.0,9.0,4.0
2021-08-05 10:56:28,65.0,50.0,10.0,5.0
2021-08-05 10:56:29,82.0,71.0,8.0,3.0
2021-08-05 10:56:30,75.0,67.0,4.0,4.0
2021-08-05 10:56:31,82.0,69.0,9.0,4.0
2021-08-05 10:56:32,76.0,65.0,9.0,2.0
2021-08-05 10:56:33,80.0,71.0,7.0,2.0
2021-08-05 10:56:34,85.0,77.0,5.0,3.0
2021-08-05 10:56:35,73.0,65.0,5.0,3.0
2021-08-05 10:56:36,93.0,79.0,8.0,6.0
2021-08-05 10:56:37,75.0,69.0,5.0,1.0
2021-08-05 10:56:38,90.0,82.0,4.0,4.0
2021-08-05 10:56:39,82.0,69.0,10.0,3.0
2021-08-05 10:56:40,92.0,80.0,4.0,8.0
2021-08-05 10:56:41,85.0,80.0,3.0,2.0
2021-08-05 10:56:42,86.0,71.0,9.0,6.0
2021-08-05 10:56:43,80.0,69.0,8.0,3.0
2021-08-05 10:56:44,94.0,85.0,7.0,2.0
2021-08-05 10:56:45,81.0,68.0,8.0,5.0
2021-08-05 10:56:46,71.0,63.0,4.0,4.0
2021-08-05 10:56:47,80.0,72.0,6.0,2.0
2021-08-05 10:56:48,80.0,71.0,6.0,3.0
2021-08-05 10:56:49,92.0,85.0,4.0,3.0
2021-08-05 10:56:50,91.0,77.0,6.0,8.0
2021-08-05 10:56:51,64.0,57.0,4.0,3.0
2021-08-05 10:56:52,95.0,80.0,7.0,8.0
2021-08-05 10:56:53,94.0,82.0,6.0,6.0
2021-08-05 10:56:54,76.0,65.0,7.0,4.0
2021-08-05 10:56:55,75.0,63.0,5.0,7.0
2021-08-05 10:56:56,75.0,64.0,8.0,3.0
2021-08-05 10:56:57,82.0,74.0,5.0,3.0
2021-08-05 10:56:58,84.0,68.0,11.0,5.0
2021-08-05 10:56:59,72.0,65.0,3.0,4.0
2021-08-05 10:57:00,104.0,96.0,7.0,1.0
2021-08-05 10:57:01,90.0,83.0,2.0,5.0
2021-08-05 10:57:02,79.0,72.0,6.0,1.0
2021-08-05 10:57:03,87.0,78.0,3.0,6.0
2021-08-05 10:57:04,82.0,70.0,9.0,3.0
2021-08-05 10:57:05,85.0,74.0,7.0,4.0
2021-08-05 10:57:06,70.0,61.0,2.0,7.0
2021-08-05 10:57:07,77.0,68.0,7.0,2.0
2021-08-05 10:57:08,90.0,80.0,7.0,3.0
2021-08-05 10:57:09,85.0,76.0,5.0,4.0
2021-08-05 10:57:10,84.0,76.0,8.0,0.0
2021-08-05 10:57:11,84.0,79.0,4.0,1.0
2021-08-05 10:57:12,86.0,75.0,7.0,4.0
2021-08-05 10:57:13,85.0,78.0,4.0,3.0
2021-08-05 10:57:14,77.0,69.0,7.0,1.0
2021-08-05 10:57:15,102.0,92.0,4.0,6.0
2021-08-05 10:57:16,96.0,82.0,12.0,2.0
2021-08-05 10:57:17,77.0,67.0,9.0,1.0
2021-08-05 10:57:18,81.0,71.0,6.0,4.0
2021-08-05 10:57:19,69.0,61.0,5.0,3.0
2021-08-05 10:57:20,78.0,72.0,5.0,1.0
2021-08-05 10:57:21,89.0,78.0,6.0,5.0
2021-08-05 10:57:22,97.0,85.0,9.0,3.0
2021-08-05 10:57:23,76.0,62.0,8.0,6.0
2021-08-05 10:57:24,79.0,72.0,5.0,2.0
2021-08-05 10:57:25,89.0,67.0,13.0,9.0
2021-08-05 10:57:26,94.0,81.0,7.0,6.0
2021-08-05 10:57:27,68.0,60.0,4.0,4.0
2021-08-05 10:57:28,76.0,67.0,6.0,3.0
2021-08-05 10:57:29,94.0,82.0,7.0,5.0
2021-08-05 10:57:30,81.0,69.0,7.0,5.0
2021-08-05 10:57:31,84.0,73.0,9.0,2.0
2021-08-05 10:57:32,82.0,70.0,6.0,6.0
2021-08-05 10:57:33,83.0,74.0,8.0,1.0
2021-08-05 10:57:34,70.0,60.0,6.0,4.0
2021-08-05 10:57:35,102.0,87.0,10.0,5.0
2021-08-05 10:57:36,76.0,62.0,11.0,3.0
2021-08-05 10:57:37,101.0,87.0,9.0,5.0
2021-08-05 10:57:38,84.0,71.0,9.0,4.0
2021-08-05 10:57:39,76.0,65.0,10.0,1.0
2021-08-05 10:57:40,75.0,66.0,6.0,3.0
2021-08-05 10:57:41,66.0,57.0,3.0,6.0
2021-08-05 10:57:42,82.0,67.0,11.0,4.0
2021-08-05 10:57:43,77.0,69.0,4.0,4.0
2021-08-05 10:57:44,84.0,68.0,9.0,7.0
2021-08-05 10:57:45,80.0,72.0,4.0,4.0
2021-08-05 10:57:46,72.0,65.0,4.0,3.0
2021-08-05 10:57:47,84.0,74.0,6.0,4.0
2021-08-05 10:57:48,83.0,73.0,8.0,2.0
2021-08-05 10:57:49,81.0,74.0,2.0,5.0
2021-08-05 10:57:50,70.0,61.0,6.0,3.0
2021-08-05 10:57:51,73.0,60.0,7.0,6.0
2021-08-05 10:57:52,88.0,79.0,6.0,3.0
2021-08-05 10:57:53,84.0,73.0,6.0,5.0
2021-08-05 10:57:54,86.0,71.0,10.0,5.0
2021-08-05 10:57:55,78.0,71.0,6.0,1.0
2021-08-05 10:57:56,94.0,80.0,12.0,2.0
2021-08-05 10:57:57,81.0,68.0,9.0,4.0
2021-08-05 10:57:58,87.0,77.0,9.0,1.0
2021-08-05 10:57:59,63.0,55.0,7.0,1.0
2021-08-05 10:58:00,88.0,75.0,11.0,2.0
2021-08-05 10:58:01,73.0,61.0,10.0,2.0
2021-08-05 10:58:02,77.0,69.0,5.0,3.0
2021-08-05 10:58:03,76.0,65.0,7.0,4.0
2021-08-05 10:58:04,92.0,80.0,7.0,5.0
2021-08-05 10:58:05,76.0,61.0,12.0,3.0
2021-08-05 10:58:06,78.0,73.0,4.0,1.0
2021-08-05 10:58:07,93.0,82.0,7.0,4.0
2021-08-05 10:58:08,80.0,75.0,5.0,0.0
2021-08-05 10:58:09,83.0,71.0,8.0,4.0
2021-08-05 10:58:10,76.0,63.0,10.0,3.0
2021-08-05 10:58:11,81.0,70.0,6.0,5.0
2021-08-05 10:58:12,76.0,62.0,7.0,7.0
2021-08-05 10:58:13,87.0,80.0,4.0,3.0
2021-08-05 10:58:14,68.0,62.0,4.0,2.0
2021-08-05 10:58:15,67.0,59.0,5.0,3.0
2021-08-05 10:58:16,83.0,73.0,6.0,4.0
2021-08-05 10:58:17,87.0,76.0,5.0,6.0
2021-08-05 10:58:18,86.0,74.0,7.0,5.0
2021-08-05 10:58:19,95.0,83.0,5.0,7.0
2021-08-05 10:58:20,79.0,68.0,8.0,3.0
2021-08-05 10:58:21,89.0,78.0,5.0,6.0
2021-08-05 10:58:22,87.0,79.0,4.0,4.0
2021-08-05 10:58:23,88.0,79.0,6.0,3.0
2021-08-05 10:58:24,90.0,76.0,9.0,5.0
2021-08-05 10:58:25,79.0,69.0,5.0,5.0
2021-08-05 10:58:26,85.0,75.0,8.0,2.0
2021-08-05 10:58:27,72.0,63.0,5.0,4.0
2021-08-05 10:58:28,76.0,65.0,9.0,2.0
2021-08-05 10:58:29,95.0,84.0,6.0,5.0
2021-08-05 10:58:30,70.0,59.0,5.0,6.0
2021-08-05 10:58:31,85.0,78.0,6.0,1.0
2021-08-05 10:58:32,83.0,69.0,8.0,6.0
2021-08-05 10:58:33,74.0,65.0,6.0,3.0
2021-08-05 10:58:34,78.0,66.0,11.0,1.0
2021-08-05 10:58:35,82.0,70.0,8.0,4.0
2021-08-05 10:58:36,83.0,75.0,4.0,4.0
2021-08-05 10:58:37,80.0,67.0,9.0,4.0
2021-08-05 10:58:38,77.0,70.0,4.0,3.0
2021-08-05 10:58:39,87.0,75.0,6.0,6.0
2021-08-05 10:58:40,84.0,73.0,6.0,5.0
2021-08-05 10:58:41,79.0,67.0,7.0,5.0
2021-08-05 10:58:42,90.0,81.0,8.0,1.0
2021-08-05 10:58:43,87.0,75.0,4.0,8.0
2021-08-05 10:58:44,87.0,77.0,6.0,4.0
2021-08-05 10:58:45,93.0,81.0,8.0,4.0
2021-08-05 10:58:46,82.0,72.0,5.0,5.0
2021-08-05 10:58:47,88.0,74.0,9.0,5.0
2021-08-05 10:58:48,84.0,75.0,5.0,4.0
2021-08-05 10:58:49,78.0,71.0,4.0,3.0
2021-08-05 10:58:50,89.0,73.0,6.0,10.0
2021-08-05 10:58:51,72.0,55.0,9.0,8.0
2021-08-05 10:58:52,77.0,69.0,7.0,1.0
2021-08-05 10:58:53,82.0,70.0,5.0,7.0
2021-08-05 10:58:54,70.0,64.0,5.0,1.0
2021-08-05 10:58:55,80.0,66.0,9.0,5.0
2021-08-05 10:58:56,78.0,71.0,5.0,2.0
2021-08-05 10:58:57,71.0,65.0,4.0,2.0
2021-08-05 10:58:58,76.0,68.0,4.0,4.0
2021-08-05 10:58:59,65.0,57.0,7.0,1.0
2021-08-05 10:59:00,96.0,79.0,10.0,7.0
2021-08-05 10:59:01,73.0,64.0,4.0,5.0
2021-08-05 10:59:02,83.0,74.0,3.0,6.0
2021-08-05 10:59:03,64.0,58.0,3.0,3.0
2021-08-05 10:59:04,93.0,79.0,10.0,4.0
2021-08-05 10:59:05,73.0,64.0,7.0,2.0
2021-08-05 10:59:06,92.0,80.0,9.0,3.0
2021-08-05 10:59:07,84.0,73.0,10.0,1.0
2021-08-05 10:59:08,87.0,77.0,8.0,2.0
2021-08-05 10:59:09,95.0,78.0,9.0,8.0
2021-08-05 10:59:10,77.0,68.0,5.0,4.0
2021-08-05 10:59:11,81.0,64.0,8.0,9.0
2021-08-05 10:59:12,84.0,75.0,6.0,3.0
2021-08-05 10:59:13,72.0,60.0,5.0,7.0
2021-08-05 10:59:14,82.0,73.0,7.0,2.0
2021-08-05 10:59:15,83.0,74.0,3.0,6.0
2021-08-05 10:59:16,73.0,64.0,6.0,3.0
2021-08-05 10:59:17,71.0,63.0,5.0,3.0
2021-08-05 10:59:18,81.0,71.0,4.0,6.0
2021-08-05 10:59:19,77.0,66.0,10.0,1.0
2021-08-05 10:59:20,87.0,70.0,9.0,8.0
2021-08-05 10:59:21,79.0,67.0,5.0,7.0
2021-08-05 10:59:22,102.0,92.0,7.0,3.0
2021-08-05 10:59:23,69.0,60.0,5.0,4.0
2021-08-05 10:59:24,88.0,79.0,6.0,3.0
2021-08-05 10:59:25,90.0,71.0,13.0,6.0
2021-08-05 10:59:26,76.0,70.0,4.0,2.0
2021-08-05 10:59:27,94.0,75.0,12.0,7.0
2021-08-05 10:59:28,100.0,88.0,5.0,7.0
2021-08-05 10:59:29,83.0,74.0,4.0,5.0
2021-08-05 10:59:30,82.0,75.0,7.0,0.0
2021-08-05 10:59:31,80.0,71.0,6.0,3.0
2021-08-05 10:59:32,83.0,72.0,6.0,5.0
2021-08-05 10:59:33,84.0,71.0,8.0,5.0
2021-08-05 10:59:34,68.0,60.0,5.0,3.0
2021-08-05 10:59:35,77.0,68.0,6.0,3.0
2021-08-05 10:59:36,82.0,68.0,9.0,5.0
2021-08-05 10:59:37,92.0,78.0,9.0,5.0
2021-08-05 10:59:38,77.0,66.0,6.0,5.0
2021-08-05 10:59:39,91.0,82.0,6.0,3.0
2021-08-05 10:59:40,77.0,67.0,7.0,3.0
2021-08-05 10:59:41,72.0,55.0,13.0,4.0
2021-08-05 10:59:42,96.0,76.0,10.0,10.0
2021-08-05 10:59:43,85.0,75.0,7.0,3.0
2021-08-05 10:59:44,85.0,73.0,4.0,8.0
2021-08-05 10:59:45,65.0,55.0,6.0,4.0
2021-08-05 10:59:46,88.0,77.0,7.0,4.0
2021-08-05 10:59:47,83.0,68.0,8.0,7.0
2021-08-05 10:59:48,95.0,84.0,5.0,6.0
2021-08-05 10:59:49,77.0,65.0,6.0,6.0
2021-08-05 10:59:50,90.0,78.0,6.0,6.0
2021-08-05 10:59:51,72.0,59.0,9.0,4.0
2021-08-05 10:59:52,75.0,66.0,4.0,5.0
2021-08-05 10:59:53,85.0,75.0,5.0,5.0
2021-08-05 10:59:54,80.0,70.0,7.0,3.0
2021-08-05 10:59:55,72.0,63.0,4.0,5.0
2021-08-05 10:59:56,77.0,65.0,8.0,4.0
2021-08-05 10:59:57,95.0,83.0,10.0,2.0
2021-08-05 10:59:58,83.0,72.0,7.0,4.0
2021-08-05 10:59:59,85.0,77.0,6.0,2.0
2021-08-05 11:00:00,78.0,66.0,10.0,2.0
2021-08-05 11:00:01,76.0,68.0,3.0,5.0
2021-08-05 11:00:02,90.0,79.0,9.0,2.0
2021-08-05 11:00:03,85.0,75.0,7.0,3.0
2021-08-05 11:00:04,73.0,67.0,3.0,3.0
2021-08-05 11:00:05,80.0,69.0,5.0,6.0
2021-08-05 11:00:06,85.0,76.0,6.0,3.0
2021-08-05 11:00:07,69.0,62.0,5.0,2.0
2021-08-05 11:00:08,68.0,56.0,9.0,3.0
2021-08-05 11:00:09,69.0,65.0,4.0,0.0
2021-08-05 11:00:10,75.0,64.0,8.0,3.0
2021-08-05 11:00:11,78.0,69.0,7.0,2.0
2021-08-05 11:00:12,101.0,90.0,8.0,3.0
2021-08-05 11:00:13,78.0,65.0,7.0,6.0
2021-08-05 11:00:14,87.0,71.0,10.0,6.0
2021-08-05 11:00:15,89.0,75.0,9.0,5.0
2021-08-05 11:00:16,88.0,82.0,4.0,2.0
2021-08-05 11:00:17,83.0,68.0,12.0,3.0
2021-08-05 11:00:18,82.0,71.0,9.0,2.0
2021-08-05 11:00:19,77.0,67.0,6.0,4.0
2021-08-05 11:00:20,80.0,69.0,3.0,8.0
2021-08-05 11:00:21,68.0,56.0,9.0,3.0
2021-08-05 11:00:22,73.0,65.0,5.0,3.0
2021-08-05 11:00:23,96.0,86.0,8.0,2.0
2021-08-05 11:00:24,82.0,78.0,4.0,0.0
2021-08-05 11:00:25,86.0,70.0,10.0,6.0
2021-08-05 11:00:26,74.0,65.0,7.0,2.0
2021-08-05 11:00:27,83.0,76.0,5.0,2.0
2021-08-05 11:00:28,89.0,68.0,15.0,6.0
2021-08-05 11:00:29,94.0,80.0,6.0,8.0
2021-08-05 11:00:30,65.0,57.0,3.0,5.0
2021-08-05 11:00:31,75.0,65.0,5.0,5.0
2021-08-05 11:00:32,81.0,71.0,5.0,5.0
2021-08-05 11:00:33,82.0,72.0,8.0,2.0
2021-08-05 11:00:34,84.0,72.0,9.0,3.0
2021-08-05 11:00:35,84.0,71.0,4.0,9.0
2021-08-05 11:00:36,78.0,61.0,7.0,10.0
2021-08-05 11:00:37,83.0,71.0,7.0,5.0
2021-08-05 11:00:38,94.0,89.0,4.0,1.0
2021-08-05 11:00:39,91.0,80.0,5.0,6.0
2021-08-05 11:00:40,92.0,83.0,7.0,2.0
2021-08-05 11:00:41,82.0,74.0,5.0,3.0
2021-08-05 11:00:42,76.0,70.0,5.0,1.0
2021-08-05 11:00:43,77.0,65.0,5.0,7.0
2021-08-05 11:00:44,71.0,65.0,3.0,3.0
2021-08-05 11:00:45,70.0,62.0,4.0,4.0
2021-08-05 11:00:46,64.0,60.0,2.0,2.0
2021-08-05 11:00:47,79.0,67.0,6.0,6.0
2021-08-05 11:00:48,88.0,75.0,7.0,6.0
2021-08-05 11:00:49,77.0,63.0,11.0,3.0
2021-08-05 11:00:50,88.0,78.0,7.0,3.0
2021-08-05 11:00:51,81.0,67.0,8.0,6.0
2021-08-05 11:00:52,78.0,64.0,7.0,7.0
2021-08-05 11:00:53,90.0,82.0,5.0,3.0
2021-08-05 11:00:54,84.0,76.0,3.0,5.0
2021-08-05 11:00:55,93.0,85.0,4.0,4.0
2021-08-05 11:00:56,86.0,77.0,7.0,2.0
2021-08-05 11:00:57,95.0,86.0,5.0,4.0
2021-08-05 11:00:58,84.0,74.0,6.0,4.0
2021-08-05 11:00:59,74.0,68.0,3.0,3.0
2021-08-05 11:01:00,102.0,87.0,10.0,5.0
2021-08-05 11:01:01,75.0,70.0,5.0,0.0
2021-08-05 11:01:02,83.0,75.0,5.0,3.0
2021-08-05 11:01:03,89.0,80.0,4.0,5.0
2021-08-05 11:01:04,75.0,64.0,8.0,3.0
2021-08-05 11:01:05,76.0,64.0,10.0,2.0
2021-08-05 11:01:06,68.0,65.0,1.0,2.0
2021-08-05 11:01:07,96.0,84.0,8.0,4.0
2021-08-05 11:01:08,74.0,65.0,5.0,4.0
2021-08-05 11:01:09,86.0,70.0,10.0,6.0
2021-08-05 11:01:10,90.0,75.0,5.0,10.0
2021-08-05 11:01:11,87.0,75.0,6.0,6.0
2021-08-05 11:01:12,83.0,71.0,10.0,2.0
2021-08-05 11:01:13,70.0,57.0,9.0,4.0
2021-08-05 11:01:14,88.0,82.0,4.0,2.0
2021-08-05 11:01:15,69.0,63.0,5.0,1.0
2021-08-05 11:01:16,75.0,61.0,7.0,7.0
2021-08-05 11:01:17,72.0,58.0,5.0,9.0
2021-08-05 11:01:18,69.0,58.0,9.0,2.0
2021-08-05 11:01:19,95.0,84.0,7.0,4.0
2021-08-05 11:01:20,67.0,54.0,9.0,4.0
2021-08-05 11:01:21,83.0,76.0,5.0,2.0
2021-08-05 11:01:22,69.0,57.0,9.0,3.0
2021-08-05 11:01:23,68.0,59.0,5.0,4.0
2021-08-05 11:01:24,73.0,62.0,5.0,6.0
2021-08-05 11:01:25,86.0,76.0,6.0,4.0
2021-08-05 11:01:26,72.0,60.0,6.0,6.0
2021-08-05 11:01:27,83.0,69.0,8.0,6.0
2021-08-05 11:01:28,80.0,68.0,5.0,7.0
2021-08-05 11:01:29,79.0,69.0,6.0,4.0
2021-08-05 11:01:30,71.0,58.0,6.0,7.0
2021-08-05 11:01:31,72.0,65.0,3.0,4.0
2021-08-05 11:01:32,69.0,61.0,4.0,4.0
2021-08-05 11:01:33,100.0,89.0,7.0,4.0
2021-08-05 11:01:34,78.0,66.0,9.0,3.0
2021-08-05 11:01:35,85.0,75.0,9.0,1.0
2021-08-05 11:01:36,91.0,75.0,11.0,5.0
2021-08-05 11:01:37,70.0,62.0,5.0,3.0
2021-08-05 11:01:38,70.0,63.0,4.0,3.0
2021-08-05 11:01:39,73.0,65.0,5.0,3.0
2021-08-05 11:01:40,78.0,70.0,4.0,4.0
2021-08-05 11:01:41,89.0,74.0,7.0,8.0
2021-08-05 11:01:42,77.0,66.0,6.0,5.0
2021-08-05 11:01:43,59.0,52.0,4.0,3.0
2021-08-05 11:01:44,85.0,75.0,8.0,2.0
2021-08-05 11:01:45,94.0,85.0,7.0,2.0
2021-08-05 11:01:46,71.0,60.0,8.0,3.0
2021-08-05 11:01:47,96.0,90.0,3.0,3.0
2021-08-05 11:01:48,83.0,69.0,8.0,6.0
2021-08-05 11:01:49,75.0,63.0,5.0,7.0
2021-08-05 11:01:50,79.0,68.0,9.0,2.0
2021-08-05 11:01:51,82.0,67.0,9.0,6.0
2021-08-05 11:01:52,99.0,87.0,7.0,5.0
2021-08-05 11:01:53,82.0,69.0,7.0,6.0
2021-08-05 11:01:54,77.0,63.0,9.0,5.0
2021-08-05 11:01:55,81.0,67.0,10.0,4.0
2021-08-05 11:01:56,75.0,67.0,5.0,3.0
2021-08-05 11:01:57,97.0,85.0,6.0,6.0
2021-08-05 11:01:58,81.0,71.0,9.0,1.0
2021-08-05 11:01:59,80.0,69.0,8.0,3.0
2021-08-05 11:02:00,96.0,80.0,12.0,4.0
2021-08-05 11:02:01,75.0,63.0,7.0,5.0
2021-08-05 11:02:02,79.0,69.0,4.0,6.0
2021-08-05 11:02:03,80.0,66.0,7.0,7.0
2021-08-05 11:02:04,93.0,81.0,6.0,6.0
2021-08-05 11:02:05,67.0,56.0,11.0,0.0
2021-08-05 11:02:06,81.0,70.0,5.0,6.0
2021-08-05 11:02:07,76.0,66.0,5.0,5.0
2021-08-05 11:02:08,82.0,75.0,2.0,5.0
2021-08-05 11:02:09,73.0,63.0,5.0,5.0
2021-08-05 11:02:10,83.0,75.0,3.0,5.0
2021-08-05 11:02:11,85.0,75.0,7.0,3.0
2021-08-05 11:02:12,71.0,64.0,7.0,0.0
2021-08-05 11:02:13,84.0,73.0,9.0,2.0
2021-08-05 11:02:14,88.0,74.0,8.0,6.0
2021-08-05 11:02:15,61.0,56.0,3.0,2.0
2021-08-05 11:02:16,82.0,74.0,4.0,4.0
2021-08-05 11:02:17,70.0,58.0,9.0,3.0
2021-08-05 11:02:18,89.0,79.0,8.0,2.0
2021-08-05 11:02:19,90.0,79.0,6.0,5.0
2021-08-05 11:02:20,94.0,81.0,5.0,8.0
2021-08-05 11:02:21,79.0,70.0,6.0,3.0
2021-08-05 11:02:22,80.0,73.0,5.0,2.0
2021-08-05 11:02:23,96.0,86.0,4.0,6.0
2021-08-05 11:02:24,72.0,62.0,5.0,5.0
2021-08-05 11:02:25,87.0,69.0,11.0,7.0
2021-08-05 11:02:26,84.0,68.0,7.0,9.0
2021-08-05 11:02:27,85.0,74.0,8.0,3.0
2021-08-05 11:02:28,85.0,74.0,7.0,4.0
2021-08-05 11:02:29,84.0,78.0,2.0,4.0
2021-08-05 11:02:30,91.0,81.0,7.0,3.0
2021-08-05 11:02:31,72.0,68.0,2.0,2.0
2021-08-05 11:02:32,80.0,68.0,7.0,5.0
2021-08-05 11:02:33,71.0,60.0,8.0,3.0
2021-08-05 11:02:34,68.0,59.0,3.0,6.0
2021-08-05 11:02:35,75.0,69.0,5.0,1.0
2021-08-05 11:02:36,73.0,69.0,3.0,1.0
2021-08-05 11:02:37,79.0,68.0,6.0,5.0
2021-08-05 11:02:38,65.0,58.0,4.0,3.0
2021-08-05 11:02:39,93.0,75.0,13.0,5.0
2021-08-05 11:02:40,70.0,58.0,7.0,5.0
2021-08-05 11:02:41,83.0,79.0,1.0,3.0
2021-08-05 11:02:42,74.0,66.0,3.0,5.0
2021-08-05 11:02:43,70.0,59.0,10.0,1.0
2021-08-05 11:02:44,71.0,62.0,7.0,2.0
2021-08-05 11:02:45,81.0,72.0,6.0,3.0
2021-08-05 11:02:46,68.0,63.0,1.0,4.0
2021-08-05 11:02:47,73.0,64.0,6.0,3.0
2021-08-05 11:02:48,73.0,66.0,4.0,3.0
2021-08-05 11:02:49,81.0,72.0,5.0,4.0
2021-08-05 11:02:50,90.0,78.0,6.0,6.0
2021-08-05 11:02:51,101.0,88.0,5.0,8.0
2021-08-05 11:02:52,93.0,78.0,13.0,2.0
2021-08-05 11:02:53,74.0,67.0,4.0,3.0
2021-08-05 11:02:54,102.0,92.0,8.0,2.0
2021-08-05 11:02:55,66.0,58.0,5.0,3.0
2021-08-05 11:02:56,75.0,66.0,2.0,7.0
2021-08-05 11:02:57,79.0,66.0,9.0,4.0
2021-08-05 11:02:58,87.0,72.0,8.0,7.0
2021-08-05 11:02:59,60.0,54.0,3.0,3.0
2021-08-05 11:03:00,72.0,64.0,5.0,3.0
2021-08-05 11:03:01,80.0,70.0,6.0,4.0
2021-08-05 11:03:02,89.0,83.0,3.0,3.0
2021-08-05 11:03:03,80.0,72.0,5.0,3.0
2021-08-05 11:03:04,78.0,66.0,7.0,5.0
2021-08-05 11:03:05,82.0,74.0,5.0,3.0
2021-08-05 11:03:06,61.0,49.0,8.0,4.0
2021-08-05 11:03:07,81.0,71.0,3.0,7.0
2021-08-05 11:03:08,65.0,58.0,3.0,4.0
2021-08-05 11:03:09,94.0,79.0,11.0,4.0
2021-08-05 11:03:10,80.0,67.0,10.0,3.0
2021-08-05 11:03:11,77.0,68.0,4.0,5.0
2021-08-05 11:03:12,84.0,74.0,6.0,4.0
2021-08-05 11:03:13,84.0,73.0,6.0,5.0
2021-08-05 11:03:14,84.0,65.0,12.0,7.0
2021-08-05 11:03:15,77.0,67.0,7.0,3.0
2021-08-05 11:03:16,102.0,85.0,8.0,9.0
2021-08-05 11:03:17,93.0,84.0,7.0,2.0
2021-08-05 11:03:18,74.0,61.0,9.0,4.0
2021-08-05 11:03:19,72.0,63.0,6.0,3.0
2021-08-05 11:03:20,79.0,70.0,7.0,2.0
2021-08-05 11:03:21,85.0,72.0,8.0,5.0
2021-08-05 11:03:22,81.0,69.0,7.0,5.0
2021-08-05 11:03:23,65.0,56.0,7.0,2.0
2021-08-05 11:03:24,67.0,57.0,5.0,5.0
2021-08-05 11:03:25,96.0,84.0,6.0,6.0
2021-08-05 11:03:26,90.0,81.0,8.0,1.0
2021-08-05 11:03:27,80.0,70.0,4.0,6.0
2021-08-05 11:03:28,74.0,62.0,7.0,5.0
2021-08-05 11:03:29,86.0,69.0,10.0,7.0
2021-08-05 11:03:30,74.0,62.0,6.0,6.0
2021-08-05 11:03:31,104.0,91.0,8.0,5.0
2021-08-05 11:03:32,79.0,67.0,7.0,5.0
2021-08-05 11:03:33,72.0,62.0,9.0,1.0
2021-08-05 11:03:34,84.0,72.0,6.0,6.0
2021-08-05 11:03:35,88.0,82.0,4.0,2.0
2021-08-05 11:03:36,79.0,72.0,5.0,2.0
2021-08-05 11:03:37,79.0,66.0,6.0,7.0
2021-08-05 11:03:38,71.0,63.0,4.0,4.0
2021-08-05 11:03:39,77.0,67.0,5.0,5.0
2021-08-05 11:03:40,90.0,76.0,6.0,8.0
2021-08-05 11:03:41,87.0,81.0,6.0,0.0
2021-08-05 11:03:42,73.0,64.0,7.0,2.0
2021-08-05 11:03:43,66.0,55.0,7.0,4.0
2021-08-05 11:03:44,95.0,86.0,4.0,5.0
2021-08-05 11:03:45,92.0,82.0,5.0,5.0
2021-08-05 11:03:46,85.0,74.0,7.0,4.0
2021-08-05 11:03:47,88.0,74.0,7.0,7.0
2021-08-05 11:03:48,88.0,81.0,1.0,6.0
2021-08-05 11:03:49,73.0,65.0,5.0,3.0
2021-08-05 11:03:50,71.0,63.0,3.0,5.0
2021-08-05 11:03:51,102.0,87.0,10.0,5.0
2021-08-05 11:03:52,73.0,63.0,6.0,4.0
2021-08-05 11:03:53,64.0,57.0,3.0,4.0
2021-08-05 11:03:54,66.0,63.0,3.0,0.0
2021-08-05 11:03:55,94.0,78.0,7.0,9.0
2021-08-05 11:03:56,102.0,90.0,10.0,2.0
2021-08-05 11:03:57,92.0,83.0,6.0,3.0
2021-08-05 11:03:58,85.0,81.0,4.0,0.0
2021-08-05 11:03:59,84.0,73.0,8.0,3.0
2021-08-05 11:04:00,68.0,60.0,5.0,3.0
2021-08-05 11:04:01,78.0,71.0,5.0,2.0
2021-08-05 11:04:02,78.0,67.0,11.0,0.0
2021-08-05 11:04:03,87.0,76.0,5.0,6.0
2021-08-05 11:04:04,85.0,74.0,8.0,3.0
2021-08-05 11:04:05,84.0,78.0,5.0,1.0
2021-08-05 11:04:06,83.0,70.0,6.0,7.0
2021-08-05 11:04:07,84.0,75.0,8.0,1.0
2021-08-05 11:04:08,66.0,54.0,8.0,4.0
2021-08-05 11:04:09,87.0,80.0,4.0,3.0
2021-08-05 11:04:10,81.0,74.0,7.0,0.0
2021-08-05 11:04:11,80.0,69.0,6.0,5.0
2021-08-05 11:04:12,77.0,68.0,4.0,5.0
2021-08-05 11:04:13,88.0,79.0,4.0,5.0
2021-08-05 11:04:14,90.0,75.0,9.0,6.0
2021-08-05 11:04:15,77.0,63.0,9.0,5.0
2021-08-05 11:04:16,88.0,74.0,11.0,3.0
2021-08-05 11:04:17,87.0,75.0,6.0,6.0
2021-08-05 11:04:18,73.0,65.0,5.0,3.0
2021-08-05 11:04:19,88.0,76.0,10.0,2.0
2021-08-05 11:04:20,87.0,74.0,7.0,6.0
2021-08-05 11:04:21,75.0,68.0,5.0,2.0
2021-08-05 11:04:22,88.0,75.0,10.0,3.0
2021-08-05 11:04:23,73.0,62.0,7.0,4.0
2021-08-05 11:04:24,86.0,79.0,4.0,3.0
2021-08-05 11:04:25,64.0,57.0,4.0,3.0
2021-08-05 11:04:26,95.0,84.0,6.0,5.0
2021-08-05 11:04:27,69.0,61.0,5.0,3.0
2021-08-05 11:04:28,70.0,65.0,3.0,2.0
2021-08-05 11:04:29,78.0,70.0,5.0,3.0
2021-08-05 11:04:30,88.0,83.0,3.0,2.0
2021-08-05 11:04:31,74.0,63.0,5.0,6.0
2021-08-05 11:04:32,78.0,65.0,6.0,7.0
2021-08-05 11:04:33,81.0,69.0,9.0,3.0
2021-08-05 11:04:34,84.0,73.0,4.0,7.0
2021-08-05 11:04:35,92.0,85.0,4.0,3.0
2021-08-05 11:04:36,89.0,79.0,8.0,2.0
2021-08-05 11:04:37,73.0,66.0,3.0,4.0
2021-08-05 11:04:38,77.0,59.0,11.0,7.0
2021-08-05 11:04:39,77.0,66.0,6.0,5.0
2021-08-05 11:04:40,95.0,84.0,6.0,5.0
2021-08-05 11:04:41,81.0,74.0,4.0,3.0
2021-08-05 11:04:42,74.0,65.0,5.0,4.0
2021-08-05 11:04:43,80.0,73.0,6.0,1.0
2021-08-05 11:04:44,78.0,62.0,11.0,5.0
2021-08-05 11:04:45,81.0,72.0,7.0,2.0
2021-08-05 11:04:46,87.0,81.0,2.0,4.0
2021-08-05 11:04:47,97.0,89.0,4.0,4.0
2021-08-05 11:04:48,89.0,81.0,5.0,3.0
2021-08-05 11:04:49,78.0,66.0,7.0,5.0
2021-08-05 11:04:50,78.0,69.0,7.0,2.0
2021-08-05 11:04:51,104.0,87.0,11.0,6.0
2021-08-05 11:04:52,110.0,97.0,6.0,7.0
2021-08-05 11:04:53,72.0,59.0,5.0,8.0
2021-08-05 11:04:54,73.0,63.0,6.0,4.0
2021-08-05 11:04:55,74.0,65.0,6.0,3.0
2021-08-05 11:04:56,81.0,68.0,8.0,5.0
2021-08-05 11:04:57,88.0,72.0,7.0,9.0
2021-08-05 11:04:58,86.0,76.0,7.0,3.0
2021-08-05 11:04:59,78.0,69.0,5.0,4.0
2021-08-05 11:05:00,75.0,65.0,8.0,2.0
2021-08-05 11:05:01,83.0,72.0,10.0,1.0
2021-08-05 11:05:02,85.0,74.0,4.0,7.0
2021-08-05 11:05:03,95.0,87.0,3.0,5.0
2021-08-05 11:05:04,79.0,61.0,14.0,4.0
2021-08-05 11:05:05,74.0,63.0,6.0,5.0
2021-08-05 11:05:06,78.0,65.0,9.0,4.0
2021-08-05 11:05:07,105.0,91.0,8.0,6.0
2021-08-05 11:05:08,94.0,78.0,8.0,8.0
2021-08-05 11:05:09,83.0,75.0,2.0,6.0
2021-08-05 11:05:10,86.0,78.0,6.0,2.0
2021-08-05 11:05:11,77.0,60.0,9.0,8.0
2021-08-05 11:05:12,74.0,69.0,5.0,0.0
2021-08-05 11:05:13,90.0,83.0,6.0,1.0
2021-08-05 11:05:14,71.0,57.0,7.0,7.0
2021-08-05 11:05:15,76.0,66.0,4.0,6.0
2021-08-05 11:05:16,89.0,76.0,6.0,7.0
2021-08-05 11:05:17,75.0,62.0,7.0,6.0
2021-08-05 11:05:18,69.0,58.0,3.0,8.0
2021-08-05 11:05:19,82.0,71.0,9.0,2.0
2021-08-05 11:05:20,75.0,67.0,5.0,3.0
2021-08-05 11:05:21,75.0,63.0,10.0,2.0
2021-08-05 11:05:22,96.0,82.0,7.0,7.0
2021-08-05 11:05:23,75.0,65.0,7.0,3.0
2021-08-05 11:05:24,89.0,79.0,6.0,4.0
2021-08-05 11:05:25,78.0,69.0,4.0,5.0
2021-08-05 11:05:26,85.0,75.0,5.0,5.0
2021-08-05 11:05:27,76.0,68.0,4.0,4.0
2021-08-05 11:05:28,92.0,82.0,5.0,5.0
2021-08-05 11:05:29,94.0,86.0,3.0,5.0
2021-08-05 11:05:30,95.0,81.0,7.0,7.0
2021-08-05 11:05:31,74.0,65.0,6.0,3.0
2021-08-05 11:05:32,84.0,77.0,4.0,3.0
2021-08-05 11:05:33,88.0,74.0,8.0,6.0
2021-08-05 11:05:34,103.0,81.0,12.0,10.0
2021-08-05 11:05:35,88.0,77.0,5.0,6.0
2021-08-05 11:05:36,81.0,72.0,4.0,5.0
2021-08-05 11:05:37,79.0,70.0,5.0,4.0
2021-08-05 11:05:38,83.0,75.0,3.0,5.0
2021-08-05 11:05:39,81.0,74.0,5.0,2.0
2021-08-05 11:05:40,71.0,57.0,9.0,5.0
2021-08-05 11:05:41,71.0,57.0,11.0,3.0
2021-08-05 11:05:42,58.0,52.0,5.0,1.0
2021-08-05 11:05:43,88.0,76.0,6.0,6.0
2021-08-05 11:05:44,88.0,78.0,6.0,4.0
2021-08-05 11:05:45,98.0,83.0,12.0,3.0
2021-08-05 11:05:46,86.0,75.0,8.0,3.0
2021-08-05 11:05:47,85.0,79.0,4.0,2.0
2021-08-05 11:05:48,92.0,80.0,9.0,3.0
2021-08-05 11:05:49,85.0,73.0,5.0,7.0
2021-08-05 11:05:50,79.0,68.0,4.0,7.0
2021-08-05 11:05:51,76.0,67.0,5.0,4.0
2021-08-05 11:05:52,91.0,82.0,3.0,6.0
2021-08-05 11:05:53,81.0,67.0,9.0,5.0
2021-08-05 11:05:54,84.0,75.0,7.0,2.0
2021-08-05 11:05:55,83.0,74.0,3.0,6.0
2021-08-05 11:05:56,99.0,89.0,5.0,5.0
2021-08-05 11:05:57,71.0,57.0,9.0,5.0
2021-08-05 11:05:58,54.0,49.0,0.0,5.0
2021-08-05 11:05:59,68.0,66.0,2.0,0.0
2021-08-05 11:06:00,103.0,89.0,10.0,4.0
2021-08-05 11:06:01,92.0,81.0,7.0,4.0
2021-08-05 11:06:02,81.0,70.0,4.0,7.0
2021-08-05 11:06:03,90.0,80.0,5.0,5.0
2021-08-05 11:06:04,77.0,67.0,8.0,2.0
2021-08-05 11:06:05,78.0,72.0,4.0,2.0
2021-08-05 11:06:06,67.0,54.0,11.0,2.0
2021-08-05 11:06:07,105.0,94.0,5.0,6.0
2021-08-05 11:06:08,67.0,60.0,4.0,3.0
2021-08-05 11:06:09,90.0,83.0,4.0,3.0
2021-08-05 11:06:10,80.0,70.0,7.0,3.0
2021-08-05 11:06:11,94.0,84.0,6.0,4.0
2021-08-05 11:06:12,85.0,74.0,7.0,4.0
2021-08-05 11:06:13,100.0,91.0,5.0,4.0
2021-08-05 11:06:14,88.0,78.0,8.0,2.0
2021-08-05 11:06:15,86.0,75.0,7.0,4.0
2021-08-05 11:06:16,90.0,82.0,3.0,5.0
2021-08-05 11:06:17,77.0,68.0,7.0,2.0
2021-08-05 11:06:18,75.0,68.0,4.0,3.0
2021-08-05 11:06:19,91.0,81.0,9.0,1.0
2021-08-05 11:06:20,77.0,66.0,4.0,7.0
2021-08-05 11:06:21,67.0,59.0,4.0,4.0
2021-08-05 11:06:22,98.0,88.0,6.0,4.0
2021-08-05 11:06:23,84.0,68.0,8.0,8.0
2021-08-05 11:06:24,74.0,65.0,5.0,4.0
2021-08-05 11:06:25,76.0,71.0,3.0,2.0
2021-08-05 11:06:26,87.0,73.0,9.0,5.0
2021-08-05 11:06:27,76.0,70.0,0.0,6.0
2021-08-05 11:06:28,79.0,71.0,6.0,2.0
2021-08-05 11:06:29,70.0,59.0,5.0,6.0
2021-08-05 11:06:30,72.0,67.0,1.0,4.0
2021-08-05 11:06:31,88.0,78.0,7.0,3.0
2021-08-05 11:06:32,71.0,59.0,5.0,7.0
2021-08-05 11:06:33,71.0,63.0,6.0,2.0
2021-08-05 11:06:34,101.0,86.0,10.0,5.0
2021-08-05 11:06:35,89.0,80.0,5.0,4.0
2021-08-05 11:06:36,83.0,74.0,6.0,3.0
2021-08-05 11:06:37,74.0,66.0,5.0,3.0
2021-08-05 11:06:38,76.0,69.0,3.0,4.0
2021-08-05 11:06:39,76.0,59.0,11.0,6.0
2021-08-05 11:06:40,88.0,74.0,4.0,10.0
2021-08-05 11:06:41,100.0,90.0,7.0,3.0
2021-08-05 11:06:42,91.0,77.0,6.0,8.0
2021-08-05 11:06:43,85.0,76.0,7.0,2.0
2021-08-05 11:06:44,69.0,58.0,6.0,5.0
2021-08-05 11:06:45,76.0,66.0,4.0,6.0
2021-08-05 11:06:46,82.0,73.0,8.0,1.0
2021-08-05 11:06:47,77.0,64.0,7.0,6.0
2021-08-05 11:06:48,73.0,64.0,5.0,4.0
2021-08-05 11:06:49,68.0,61.0,5.0,2.0
2021-08-05 11:06:50,84.0,72.0,8.0,4.0
2021-08-05 11:06:51,78.0,61.0,9.0,8.0
2021-08-05 11:06:52,92.0,79.0,9.0,4.0
2021-08-05 11:06:53,101.0,87.0,9.0,5.0
2021-08-05 11:06:54,84.0,72.0,9.0,3.0
2021-08-05 11:06:55,83.0,76.0,4.0,3.0
2021-08-05 11:06:56,71.0,59.0,7.0,5.0
2021-08-05 11:06:57,79.0,70.0,5.0,4.0
2021-08-05 11:06:58,78.0,68.0,8.0,2.0
2021-08-05 11:06:59,85.0,75.0,6.0,4.0
2021-08-05 11:07:00,83.0,75.0,7.0,1.0
2021-08-05 11:07:01,81.0,71.0,5.0,5.0
2021-08-05 11:07:02,84.0,69.0,10.0,5.0
2021-08-05 11:07:03,83.0,75.0,4.0,4.0
2021-08-05 11:07:04,72.0,62.0,4.0,6.0
2021-08-05 11:07:05,78.0,68.0,8.0,2.0
2021-08-05 11:07:06,79.0,69.0,5.0,5.0
2021-08-05 11:07:07,71.0,58.0,7.0,6.0
2021-08-05 11:07:08,82.0,72.0,7.0,3.0
2021-08-05 11:07:09,75.0,67.0,5.0,3.0
2021-08-05 11:07:10,75.0,66.0,6.0,3.0
2021-08-05 11:07:11,77.0,67.0,6.0,4.0
2021-08-05 11:07:12,104.0,94.0,7.0,3.0
2021-08-05 11:07:13,92.0,81.0,7.0,4.0
2021-08-05 11:07:14,75.0,64.0,10.0,1.0
2021-08-05 11:07:15,73.0,67.0,1.0,5.0
2021-08-05 11:07:16,78.0,72.0,4.0,2.0
2021-08-05 11:07:17,88.0,79.0,6.0,3.0
2021-08-05 11:07:18,76.0,69.0,4.0,3.0
2021-08-05 11:07:19,91.0,73.0,9.0,9.0
2021-08-05 11:07:20,73.0,61.0,7.0,5.0
2021-08-05 11:07:21,80.0,75.0,3.0,2.0
2021-08-05 11:07:22,94.0,83.0,9.0,2.0
2021-08-05 11:07:23,77.0,71.0,2.0,4.0
2021-08-05 11:07:24,83.0,72.0,9.0,2.0
2021-08-05 11:07:25,97.0,85.0,8.0,4.0
2021-08-05 11:07:26,81.0,70.0,7.0,4.0
2021-08-05 11:07:27,74.0,63.0,6.0,5.0
2021-08-05 11:07:28,101.0,88.0,9.0,4.0
2021-08-05 11:07:29,66.0,59.0,4.0,3.0
2021-08-05 11:07:30,85.0,68.0,9.0,8.0
2021-08-05 11:07:31,61.0,53.0,7.0,1.0
2021-08-05 11:07:32,85.0,76.0,4.0,5.0
2021-08-05 11:07:33,85.0,75.0,8.0,2.0
2021-08-05 11:07:34,78.0,68.0,6.0,4.0
2021-08-05 11:07:35,71.0,65.0,4.0,2.0
2021-08-05 11:07:36,79.0,65.0,6.0,8.0
2021-08-05 11:07:37,79.0,72.0,5.0,2.0
2021-08-05 11:07:38,74.0,62.0,8.0,4.0
2021-08-05 11:07:39,76.0,62.0,8.0,6.0
2021-08-05 11:07:40,89.0,84.0,4.0,1.0
2021-08-05 11:07:41,87.0,76.0,7.0,4.0
2021-08-05 11:07:42,88.0,68.0,11.0,9.0
2021-08-05 11:07:43,76.0,68.0,6.0,2.0
2021-08-05 11:07:44,69.0,59.0,6.0,4.0
2021-08-05 11:07:45,82.0,70.0,9.0,3.0
2021-08-05 11:07:46,61.0,51.0,7.0,3.0
2021-08-05 11:07:47,80.0,70.0,5.0,5.0
2021-08-05 11:07:48,62.0,55.0,7.0,0.0
2021-08-05 11:07:49,70.0,60.0,6.0,4.0
2021-08-05 11:07:50,72.0,64.0,5.0,3.0
2021-08-05 11:07:51,105.0,86.0,11.0,8.0
2021-08-05 11:07:52,91.0,83.0,2.0,6.0
2021-08-05 11:07:53,84.0,72.0,10.0,2.0
2021-08-05 11:07:54,85.0,70.0,9.0,6.0
2021-08-05 11:07:55,71.0,66.0,2.0,3.0
2021-08-05 11:07:56,93.0,88.0,4.0,1.0
2021-08-05 11:07:57,74.0,62.0,7.0,5.0
2021-08-05 11:07:58,72.0,61.0,6.0,5.0
2021-08-05 11:07:59,78.0,69.0,7.0,2.0
2021-08-05 11:08:00,98.0,86.0,5.0,7.0
2021-08-05 11:08:01,96.0,83.0,8.0,5.0
2021-08-05 11:08:02,85.0,74.0,8.0,3.0
2021-08-05 11:08:03,92.0,81.0,9.0,2.0
2021-08-05 11:08:04,75.0,64.0,5.0,6.0
2021-08-05 11:08:05,83.0,73.0,6.0,4.0
2021-08-05 11:08:06,75.0,63.0,8.0,4.0
2021-08-05 11:08:07,85.0,70.0,11.0,4.0
2021-08-05 11:08:08,81.0,67.0,8.0,6.0
2021-08-05 11:08:09,75.0,70.0,4.0,1.0
2021-08-05 11:08:10,65.0,56.0,6.0,3.0
2021-08-05 11:08:11,78.0,71.0,5.0,2.0
2021-08-05 11:08:12,63.0,57.0,4.0,2.0
2021-08-05 11:08:13,85.0,77.0,3.0,5.0
2021-08-05 11:08:14,94.0,83.0,6.0,5.0
2021-08-05 11:08:15,86.0,73.0,6.0,7.0
2021-08-05 11:08:16,86.0,72.0,10.0,4.0
2021-08-05 11:08:17,86.0,70.0,9.0,7.0
2021-08-05 11:08:18,88.0,76.0,6.0,6.0
2021-08-05 11:08:19,78.0,70.0,2.0,6.0
2021-08-05 11:08:20,89.0,75.0,8.0,6.0
2021-08-05 11:08:21,75.0,64.0,7.0,4.0
2021-08-05 11:08:22,93.0,82.0,8.0,3.0
2021-08-05 11:08:23,96.0,81.0,8.0,7.0
2021-08-05 11:08:24,79.0,70.0,6.0,3.0
2021-08-05 11:08:25,72.0,65.0,6.0,1.0
2021-08-05 11:08:26,82.0,70.0,9.0,3.0
2021-08-05 11:08:27,80.0,68.0,9.0,3.0
2021-08-05 11:08:28,84.0,74.0,6.0,4.0
2021-08-05 11:08:29,70.0,61.0,5.0,4.0
2021-08-05 11:08:30,81.0,69.0,9.0,3.0
2021-08-05 11:08:31,79.0,70.0,4.0,5.0
2021-08-05 11:08:32,109.0,86.0,16.0,7.0
2021-08-05 11:08:33,81.0,69.0,7.0,5.0
2021-08-05 11:08:34,93.0,79.0,8.0,6.0
2021-08-05 11:08:35,88.0,78.0,7.0,3.0
2021-08-05 11:08:36,73.0,67.0,5.0,1.0
2021-08-05 11:08:37,71.0,63.0,5.0,3.0
2021-08-05 11:08:38,76.0,66.0,3.0,7.0
2021-08-05 11:08:39,80.0,67.0,6.0,7.0
2021-08-05 11:08:40,81.0,68.0,10.0,3.0
2021-08-05 11:08:41,84.0,73.0,6.0,5.0
2021-08-05 11:08:42,80.0,71.0,6.0,3.0
2021-08-05 11:08:43,76.0,73.0,2.0,1.0
2021-08-05 11:08:44,79.0,67.0,10.0,2.0
2021-08-05 11:08:45,61.0,53.0,3.0,5.0
2021-08-05 11:08:46,76.0,64.0,11.0,1.0
2021-08-05 11:08:47,91.0,75.0,6.0,10.0
2021-08-05 11:08:48,83.0,71.0,6.0,6.0
2021-08-05 11:08:49,76.0,68.0,4.0,4.0
2021-08-05 11:08:50,86.0,79.0,2.0,5.0
2021-08-05 11:08:51,87.0,76.0,6.0,5.0
2021-08-05 11:08:52,75.0,68.0,4.0,3.0
2021-08-05 11:08:53,76.0,65.0,7.0,4.0
2021-08-05 11:08:54,72.0,62.0,6.0,4.0
2021-08-05 11:08:55,71.0,63.0,6.0,2.0
2021-08-05 11:08:56,87.0,77.0,8.0,2.0
2021-08-05 11:08:57,66.0,59.0,4.0,3.0
2021-08-05 11:08:58,65.0,55.0,8.0,2.0
2021-08-05 11:08:59,81.0,71.0,7.0,3.0
2021-08-05 11:09:00,74.0,64.0,7.0,3.0
2021-08-05 11:09:01,70.0,64.0,4.0,2.0
2021-08-05 11:09:02,87.0,80.0,3.0,4.0
2021-08-05 11:09:03,89.0,82.0,2.0,5.0
2021-08-05 11:09:04,74.0,65.0,3.0,6.0
2021-08-05 11:09:05,89.0,79.0,6.0,4.0
2021-08-05 11:09:06,75.0,64.0,5.0,6.0
2021-08-05 11:09:07,93.0,78.0,11.0,4.0
2021-08-05 11:09:08,75.0,59.0,10.0,6.0
2021-08-05 11:09:09,77.0,67.0,5.0,5.0
2021-08-05 11:09:10,76.0,63.0,5.0,8.0
2021-08-05 11:09:11,89.0,75.0,10.0,4.0
2021-08-05 11:09:12,88.0,80.0,5.0,3.0
2021-08-05 11:09:13,87.0,77.0,4.0,6.0
2021-08-05 11:09:14,88.0,75.0,9.0,4.0
2021-08-05 11:09:15,60.0,53.0,5.0,2.0
2021-08-05 11:09:16,80.0,74.0,3.0,3.0
2021-08-05 11:09:17,76.0,58.0,16.0,2.0
2021-08-05 11:09:18,99.0,88.0,7.0,4.0
2021-08-05 11:09:19,81.0,74.0,3.0,4.0
2021-08-05 11:09:20,78.0,73.0,2.0,3.0
2021-08-05 11:09:21,95.0,81.0,7.0,7.0
2021-08-05 11:09:22,73.0,63.0,9.0,1.0
2021-08-05 11:09:23,89.0,83.0,3.0,3.0
2021-08-05 11:09:24,97.0,84.0,9.0,4.0
2021-08-05 11:09:25,78.0,63.0,11.0,4.0
2021-08-05 11:09:26,69.0,59.0,6.0,4.0
2021-08-05 11:09:27,75.0,64.0,5.0,6.0
2021-08-05 11:09:28,98.0,80.0,10.0,8.0
2021-08-05 11:09:29,84.0,76.0,6.0,2.0
2021-08-05 11:09:30,66.0,58.0,5.0,3.0
2021-08-05 11:09:31,82.0,76.0,5.0,1.0
2021-08-05 11:09:32,81.0,74.0,6.0,1.0
2021-08-05 11:09:33,83.0,70.0,10.0,3.0
2021-08-05 11:09:34,82.0,66.0,13.0,3.0
2021-08-05 11:09:35,91.0,76.0,9.0,6.0
2021-08-05 11:09:36,63.0,56.0,4.0,3.0
2021-08-05 11:09:37,74.0,65.0,5.0,4.0
2021-08-05 11:09:38,91.0,77.0,11.0,3.0
2021-08-05 11:09:39,83.0,74.0,4.0,5.0
2021-08-05 11:09:40,84.0,76.0,3.0,5.0
2021-08-05 11:09:41,75.0,66.0,4.0,5.0
2021-08-05 11:09:42,93.0,81.0,6.0,6.0
2021-08-05 11:09:43,80.0,71.0,3.0,6.0
2021-08-05 11:09:44,79.0,67.0,5.0,7.0
2021-08-05 11:09:45,82.0,64.0,6.0,12.0
2021-08-05 11:09:46,97.0,85.0,8.0,4.0
2021-08-05 11:09:47,78.0,68.0,6.0,4.0
2021-08-05 11:09:48,100.0,87.0,8.0,5.0
2021-08-05 11:09:49,99.0,90.0,6.0,3.0
2021-08-05 11:09:50,85.0,73.0,10.0,2.0
2021-08-05 11:09:51,76.0,66.0,6.0,4.0
2021-08-05 11:09:52,84.0,70.0,5.0,9.0
2021-08-05 11:09:53,78.0,67.0,6.0,5.0
2021-08-05 11:09:54,75.0,61.0,8.0,6.0
2021-08-05 11:09:55,86.0,76.0,5.0,5.0
2021-08-05 11:09:56,78.0,65.0,8.0,5.0
2021-08-05 11:09:57,83.0,74.0,5.0,4.0
2021-08-05 11:09:58,93.0,84.0,6.0,3.0
2021-08-05 11:09:59,92.0,82.0,7.0,3.0
2021-08-05 11:10:00,82.0,70.0,8.0,4.0
2021-08-05 11:10:01,77.0,67.0,3.0,7.0
2021-08-05 11:10:02,65.0,58.0,4.0,3.0
2021-08-05 11:10:03,88.0,81.0,4.0,3.0
2021-08-05 11:10:04,70.0,62.0,5.0,3.0
2021-08-05 11:10:05,89.0,69.0,11.0,9.0
2021-08-05 11:10:06,93.0,82.0,8.0,3.0
2021-08-05 11:10:07,76.0,63.0,5.0,8.0
2021-08-05 11:10:08,85.0,75.0,8.0,2.0
2021-08-05 11:10:09,55.0,47.0,8.0,0.0
2021-08-05 11:10:10,76.0,67.0,5.0,4.0
2021-08-05 11:10:11,78.0,72.0,5.0,1.0
2021-08-05 11:10:12,108.0,100.0,5.0,3.0
2021-08-05 11:10:13,90.0,80.0,6.0,4.0
2021-08-05 11:10:14,77.0,70.0,5.0,2.0
2021-08-05 11:10:15,81.0,74.0,4.0,3.0
2021-08-05 11:10:16,88.0,75.0,8.0,5.0
2021-08-05 11:10:17,71.0,58.0,6.0,7.0
2021-08-05 11:10:18,103.0,84.0,10.0,9.0
2021-08-05 11:10:19,89.0,74.0,9.0,6.0
2021-08-05 11:10:20,79.0,69.0,6.0,4.0
2021-08-05 11:10:21,79.0,70.0,6.0,3.0
2021-08-05 11:10:22,86.0,76.0,3.0,7.0
2021-08-05 11:10:23,76.0,64.0,7.0,5.0
2021-08-05 11:10:24,79.0,67.0,11.0,1.0
2021-08-05 11:10:25,77.0,69.0,3.0,5.0
2021-08-05 11:10:26,65.0,54.0,5.0,6.0
2021-08-05 11:10:27,84.0,77.0,6.0,1.0
2021-08-05 11:10:28,86.0,71.0,11.0,4.0
2021-08-05 11:10:29,94.0,74.0,10.0,10.0
2021-08-05 11:10:30,78.0,68.0,8.0,2.0
2021-08-05 11:10:31,83.0,74.0,6.0,3.0
2021-08-05 11:10:32,83.0,71.0,9.0,3.0
2021-08-05 11:10:33,78.0,66.0,7.0,5.0
2021-08-05 11:10:34,75.0,64.0,7.0,4.0
2021-08-05 11:10:35,97.0,82.0,12.0,3.0
2021-08-05 11:10:36,81.0,71.0,8.0,2.0
2021-08-05 11:10:37,82.0,69.0,9.0,4.0
2021-08-05 11:10:38,75.0,63.0,8.0,4.0
2021-08-05 11:10:39,76.0,68.0,7.0,1.0
2021-08-05 11:10:40,75.0,68.0,3.0,4.0
2021-08-05 11:10:41,75.0,63.0,8.0,4.0
2021-08-05 11:10:42,98.0,79.0,12.0,7.0
2021-08-05 11:10:43,91.0,77.0,8.0,6.0
2021-08-05 11:10:44,99.0,84.0,6.0,9.0
2021-08-05 11:10:45,65.0,55.0,3.0,7.0
2021-08-05 11:10:46,75.0,65.0,5.0,5.0
2021-08-05 11:10:47,89.0,74.0,13.0,2.0
2021-08-05 11:10:48,85.0,74.0,6.0,5.0
2021-08-05 11:10:49,76.0,60.0,13.0,3.0
2021-08-05 11:10:50,100.0,84.0,14.0,2.0
2021-08-05 11:10:51,81.0,75.0,6.0,0.0
2021-08-05 11:10:52,76.0,67.0,4.0,5.0
2021-08-05 11:10:53,88.0,79.0,4.0,5.0
2021-08-05 11:10:54,71.0,61.0,5.0,5.0
2021-08-05 11:10:55,77.0,69.0,3.0,5.0
2021-08-05 11:10:56,76.0,67.0,8.0,1.0
2021-08-05 11:10:57,90.0,80.0,8.0,2.0
2021-08-05 11:10:58,99.0,93.0,4.0,2.0
2021-08-05 11:10:59,76.0,68.0,6.0,2.0
2021-08-05 11:11:00,74.0,62.0,7.0,5.0
2021-08-05 11:11:01,74.0,63.0,8.0,3.0
2021-08-05 11:11:02,83.0,69.0,7.0,7.0
2021-08-05 11:11:03,68.0,62.0,3.0,3.0
2021-08-05 11:11:04,88.0,79.0,6.0,3.0
2021-08-05 11:11:05,78.0,69.0,7.0,2.0
2021-08-05 11:11:06,91.0,77.0,7.0,7.0
2021-08-05 11:11:07,74.0,62.0,6.0,6.0
2021-08-05 11:11:08,78.0,72.0,3.0,3.0
2021-08-05 11:11:09,69.0,56.0,7.0,6.0
2021-08-05 11:11:10,74.0,69.0,4.0,1.0
2021-08-05 11:11:11,91.0,80.0,8.0,3.0
2021-08-05 11:11:12,89.0,78.0,6.0,5.0
2021-08-05 11:11:13,96.0,86.0,7.0,3.0
2021-08-05 11:11:14,74.0,71.0,2.0,1.0
2021-08-05 11:11:15,79.0,68.0,7.0,4.0
2021-08-05 11:11:16,70.0,60.0,9.0,1.0
2021-08-05 11:11:17,74.0,67.0,2.0,5.0
2021-08-05 11:11:18,79.0,65.0,8.0,6.0
2021-08-05 11:11:19,107.0,86.0,8.0,13.0
2021-08-05 11:11:20,87.0,80.0,3.0,4.0
2021-08-05 11:11:21,78.0,68.0,5.0,5.0
2021-08-05 11:11:22,66.0,59.0,6.0,1.0
2021-08-05 11:11:23,79.0,73.0,5.0,1.0
2021-08-05 11:11:24,82.0,75.0,6.0,1.0
2021-08-05 11:11:25,84.0,80.0,4.0,0.0
2021-08-05 11:11:26,80.0,70.0,4.0,6.0
2021-08-05 11:11:27,71.0,62.0,4.0,5.0
2021-08-05 11:11:28,89.0,81.0,5.0,3.0
2021-08-05 11:11:29,78.0,64.0,9.0,5.0
2021-08-05 11:11:30,77.0,69.0,5.0,3.0
2021-08-05 11:11:31,84.0,71.0,7.0,6.0
2021-08-05 11:11:32,91.0,79.0,8.0,4.0
2021-08-05 11:11:33,92.0,79.0,5.0,8.0
2021-08-05 11:11:34,94.0,80.0,11.0,3.0
2021-08-05 11:11:35,71.0,63.0,6.0,2.0
2021-08-05 11:11:36,87.0,74.0,6.0,7.0
2021-08-05 11:11:37,83.0,71.0,8.0,4.0
2021-08-05 11:11:38,96.0,85.0,8.0,3.0
2021-08-05 11:11:39,72.0,60.0,7.0,5.0
2021-08-05 11:11:40,75.0,68.0,6.0,1.0
2021-08-05 11:11:41,89.0,80.0,6.0,3.0
2021-08-05 11:11:42,68.0,62.0,4.0,2.0
2021-08-05 11:11:43,75.0,68.0,3.0,4.0
2021-08-05 11:11:44,88.0,75.0,8.0,5.0
2021-08-05 11:11:45,80.0,64.0,9.0,7.0
2021-08-05 11:11:46,81.0,68.0,8.0,5.0
2021-08-05 11:11:47,88.0,82.0,5.0,1.0
2021-08-05 11:11:48,68.0,61.0,4.0,3.0
2021-08-05 11:11:49,91.0,76.0,9.0,6.0
2021-08-05 11:11:50,91.0,80.0,6.0,5.0
2021-08-05 11:11:51,90.0,85.0,4.0,1.0
2021-08-05 11:11:52,91.0,83.0,5.0,3.0
2021-08-05 11:11:53,90.0,78.0,7.0,5.0
2021-08-05 11:11:54,88.0,75.0,9.0,4.0
2021-08-05 11:11:55,79.0,64.0,8.0,7.0
2021-08-05 11:11:56,73.0,68.0,2.0,3.0
2021-08-05 11:11:57,83.0,71.0,6.0,6.0
2021-08-05 11:11:58,91.0,84.0,4.0,3.0
2021-08-05 11:11:59,80.0,67.0,7.0,6.0
2021-08-05 11:12:00,72.0,62.0,7.0,3.0
2021-08-05 11:12:01,76.0,65.0,4.0,7.0
2021-08-05 11:12:02,84.0,71.0,6.0,7.0
2021-08-05 11:12:03,92.0,75.0,10.0,7.0
2021-08-05 11:12:04,77.0,69.0,3.0,5.0
2021-08-05 11:12:05,76.0,67.0,2.0,7.0
2021-08-05 11:12:06,98.0,84.0,7.0,7.0
2021-08-05 11:12:07,77.0,69.0,5.0,3.0
2021-08-05 11:12:08,73.0,66.0,7.0,0.0
2021-08-05 11:12:09,98.0,87.0,6.0,5.0
2021-08-05 11:12:10,72.0,64.0,4.0,4.0
2021-08-05 11:12:11,78.0,72.0,5.0,1.0
2021-08-05 11:12:12,93.0,79.0,7.0,7.0
2021-08-05 11:12:13,76.0,68.0,7.0,1.0
2021-08-05 11:12:14,92.0,80.0,10.0,2.0
2021-08-05 11:12:15,62.0,54.0,6.0,2.0
2021-08-05 11:12:16,92.0,68.0,12.0,12.0
2021-08-05 11:12:17,77.0,69.0,3.0,5.0
2021-08-05 11:12:18,79.0,71.0,7.0,1.0
2021-08-05 11:12:19,83.0,65.0,10.0,8.0
2021-08-05 11:12:20,91.0,76.0,10.0,5.0
2021-08-05 11:12:21,66.0,57.0,4.0,5.0
2021-08-05 11:12:22,88.0,81.0,2.0,5.0
2021-08-05 11:12:23,91.0,77.0,6.0,8.0
2021-08-05 11:12:24,84.0,74.0,5.0,5.0
2021-08-05 11:12:25,91.0,80.0,7.0,4.0
2021-08-05 11:12:26,64.0,56.0,4.0,4.0
2021-08-05 11:12:27,77.0,74.0,2.0,1.0
2021-08-05 11:12:28,68.0,61.0,3.0,4.0
2021-08-05 11:12:29,84.0,76.0,4.0,4.0
2021-08-05 11:12:30,86.0,73.0,8.0,5.0
2021-08-05 11:12:31,87.0,73.0,6.0,8.0
2021-08-05 11:12:32,74.0,62.0,6.0,6.0
2021-08-05 11:12:33,67.0,56.0,3.0,8.0
2021-08-05 11:12:34,82.0,73.0,5.0,4.0
2021-08-05 11:12:35,65.0,55.0,6.0,4.0
2021-08-05 11:12:36,72.0,63.0,7.0,2.0
2021-08-05 11:12:37,97.0,84.0,10.0,3.0
2021-08-05 11:12:38,107.0,95.0,11.0,1.0
2021-08-05 11:12:39,85.0,69.0,10.0,6.0
2021-08-05 11:12:40,69.0,61.0,4.0,4.0
2021-08-05 11:12:41,79.0,68.0,9.0,2.0
2021-08-05 11:12:42,74.0,66.0,6.0,2.0
2021-08-05 11:12:43,76.0,69.0,6.0,1.0
2021-08-05 11:12:44,72.0,68.0,3.0,1.0
2021-08-05 11:12:45,84.0,75.0,6.0,3.0
2021-08-05 11:12:46,81.0,67.0,10.0,4.0
2021-08-05 11:12:47,87.0,72.0,6.0,9.0
2021-08-05 11:12:48,72.0,61.0,7.0,4.0
2021-08-05 11:12:49,82.0,78.0,2.0,2.0
2021-08-05 11:12:50,75.0,66.0,9.0,0.0
2021-08-05 11:12:51,82.0,73.0,6.0,3.0
2021-08-05 11:12:52,85.0,71.0,6.0,8.0
2021-08-05 11:12:53,89.0,76.0,8.0,5.0
2021-08-05 11:12:54,79.0,74.0,4.0,1.0
2021-08-05 11:12:55,82.0,75.0,5.0,2.0
2021-08-05 11:12:56,81.0,67.0,9.0,5.0
2021-08-05 11:12:57,92.0,81.0,6.0,5.0
2021-08-05 11:12:58,72.0,64.0,3.0,5.0
2021-08-05 11:12:59,96.0,82.0,8.0,6.0
2021-08-05 11:13:00,91.0,78.0,7.0,6.0
2021-08-05 11:13:01,72.0,59.0,9.0,4.0
2021-08-05 11:13:02,78.0,67.0,7.0,4.0
2021-08-05 11:13:03,90.0,80.0,5.0,5.0
2021-08-05 11:13:04,108.0,96.0,8.0,4.0
2021-08-05 11:13:05,81.0,68.0,11.0,2.0
2021-08-05 11:13:06,82.0,76.0,3.0,3.0
2021-08-05 11:13:07,83.0,71.0,6.0,6.0
2021-08-05 11:13:08,79.0,69.0,4.0,6.0
2021-08-05 11:13:09,83.0,76.0,2.0,5.0
2021-08-05 11:13:10,62.0,53.0,6.0,3.0
2021-08-05 11:13:11,85.0,77.0,3.0,5.0
2021-08-05 11:13:12,76.0,69.0,3.0,4.0
2021-08-05 11:13:13,79.0,70.0,7.0,2.0
2021-08-05 11:13:14,91.0,82.0,4.0,5.0
2021-08-05 11:13:15,85.0,72.0,6.0,7.0
2021-08-05 11:13:16,78.0,66.0,9.0,3.0
2021-08-05 11:13:17,73.0,59.0,10.0,4.0
2021-08-05 11:13:18,80.0,68.0,7.0,5.0
2021-08-05 11:13:19,93.0,77.0,10.0,6.0
2021-08-05 11:13:20,97.0,88.0,8.0,1.0
2021-08-05 11:13:21,75.0,65.0,8.0,2.0
2021-08-05 11:13:22,71.0,60.0,7.0,4.0
2021-08-05 11:13:23,90.0,80.0,6.0,4.0
2021-08-05 11:13:24,81.0,70.0,5.0,6.0
2021-08-05 11:13:25,76.0,64.0,5.0,7.0
2021-08-05 11:13:26,87.0,78.0,5.0,4.0
2021-08-05 11:13:27,83.0,72.0,6.0,5.0
2021-08-05 11:13:28,73.0,64.0,5.0,4.0
2021-08-05 11:13:29,83.0,72.0,8.0,3.0
2021-08-05 11:13:30,80.0,73.0,4.0,3.0
2021-08-05 11:13:31,77.0,66.0,9.0,2.0
2021-08-05 11:13:32,73.0,57.0,8.0,8.0
2021-08-05 11:13:33,96.0,76.0,14.0,6.0
2021-08-05 11:13:34,85.0,70.0,11.0,4.0
2021-08-05 11:13:35,77.0,59.0,12.0,6.0
2021-08-05 11:13:36,80.0,70.0,7.0,3.0
2021-08-05 11:13:37,88.0,77.0,7.0,4.0
2021-08-05 11:13:38,88.0,75.0,4.0,9.0
2021-08-05 11:13:39,81.0,72.0,6.0,3.0
2021-08-05 11:13:40,84.0,74.0,7.0,3.0
2021-08-05 11:13:41,103.0,89.0,6.0,8.0
2021-08-05 11:13:42,77.0,66.0,7.0,4.0
2021-08-05 11:13:43,77.0,71.0,3.0,3.0
2021-08-05 11:13:44,72.0,65.0,3.0,4.0
2021-08-05 11:13:45,88.0,80.0,3.0,5.0
2021-08-05 11:13:46,77.0,62.0,9.0,6.0
2021-08-05 11:13:47,81.0,75.0,4.0,2.0
2021-08-05 11:13:48,71.0,62.0,4.0,5.0
2021-08-05 11:13:49,92.0,82.0,9.0,1.0
2021-08-05 11:13:50,98.0,89.0,7.0,2.0
2021-08-05 11:13:51,86.0,73.0,8.0,5.0
2021-08-05 11:13:52,72.0,67.0,4.0,1.0
2021-08-05 11:13:53,84.0,76.0,4.0,4.0
2021-08-05 11:13:54,88.0,76.0,8.0,4.0
2021-08-05 11:13:55,83.0,74.0,4.0,5.0
2021-08-05 11:13:56,94.0,79.0,9.0,6.0
2021-08-05 11:13:57,86.0,78.0,3.0,5.0
2021-08-05 11:13:58,80.0,70.0,2.0,8.0
2021-08-05 11:13:59,86.0,70.0,11.0,5.0
2021-08-05 11:14:00,76.0,65.0,7.0,4.0
2021-08-05 11:14:01,73.0,64.0,6.0,3.0
2021-08-05 11:14:02,77.0,61.0,11.0,5.0
2021-08-05 11:14:03,66.0,58.0,3.0,5.0
2021-08-05 11:14:04,79.0,67.0,5.0,7.0
2021-08-05 11:14:05,79.0,67.0,7.0,5.0
2021-08-05 11:14:06,84.0,72.0,6.0,6.0
2021-08-05 11:14:07,79.0,71.0,5.0,3.0
2021-08-05 11:14:08,88.0,78.0,4.0,6.0
2021-08-05 11:14:09,86.0,78.0,4.0,4.0
2021-08-05 11:14:10,93.0,83.0,9.0,1.0
2021-08-05 11:14:11,94.0,82.0,8.0,4.0
2021-08-05 11:14:12,77.0,62.0,6.0,9.0
2021-08-05 11:14:13,78.0,66.0,7.0,5.0
2021-08-05 11:14:14,62.0,56.0,4.0,2.0
2021-08-05 11:14:15,76.0,69.0,6.0,1.0
2021-08-05 11:14:16,68.0,53.0,11.0,4.0
2021-08-05 11:14:17,107.0,93.0,7.0,7.0
2021-08-05 11:14:18,93.0,81.0,8.0,4.0
2021-08-05 11:14:19,82.0,71.0,4.0,7.0
2021-08-05 11:14:20,92.0,77.0,10.0,5.0
2021-08-05 11:14:21,90.0,81.0,3.0,6.0
2021-08-05 11:14:22,100.0,93.0,5.0,2.0
2021-08-05 11:14:23,81.0,68.0,10.0,3.0
2021-08-05 11:14:24,77.0,65.0,9.0,3.0
2021-08-05 11:14:25,87.0,77.0,6.0,4.0
2021-08-05 11:14:26,77.0,68.0,8.0,1.0
2021-08-05 11:14:27,91.0,77.0,8.0,6.0
2021-08-05 11:14:28,79.0,70.0,5.0,4.0
2021-08-05 11:14:29,75.0,65.0,8.0,2.0
2021-08-05 11:14:30,75.0,62.0,6.0,7.0
2021-08-05 11:14:31,82.0,68.0,9.0,5.0
2021-08-05 11:14:32,88.0,74.0,6.0,8.0
2021-08-05 11:14:33,80.0,71.0,4.0,5.0
2021-08-05 11:14:34,70.0,62.0,2.0,6.0
2021-08-05 11:14:35,75.0,66.0,6.0,3.0
2021-08-05 11:14:36,80.0,65.0,11.0,4.0
2021-08-05 11:14:37,71.0,62.0,5.0,4.0
2021-08-05 11:14:38,87.0,74.0,10.0,3.0
2021-08-05 11:14:39,95.0,89.0,5.0,1.0
2021-08-05 11:14:40,86.0,73.0,8.0,5.0
2021-08-05 11:14:41,86.0,76.0,6.0,4.0
2021-08-05 11:14:42,76.0,64.0,7.0,5.0
2021-08-05 11:14:43,88.0,72.0,13.0,3.0
2021-08-05 11:14:44,71.0,63.0,6.0,2.0
2021-08-05 11:14:45,89.0,76.0,6.0,7.0
2021-08-05 11:14:46,84.0,70.0,9.0,5.0
2021-08-05 11:14:47,90.0,81.0,5.0,4.0
2021-08-05 11:14:48,99.0,82.0,12.0,5.0
2021-08-05 11:14:49,87.0,76.0,8.0,3.0
2021-08-05 11:14:50,87.0,79.0,3.0,5.0
2021-08-05 11:14:51,71.0,61.0,5.0,5.0
2021-08-05 11:14:52,77.0,69.0,3.0,5.0
2021-08-05 11:14:53,92.0,77.0,9.0,6.0
2021-08-05 11:14:54,96.0,84.0,7.0,5.0
2021-08-05 11:14:55,90.0,77.0,7.0,6.0
2021-08-05 11:14:56,76.0,68.0,6.0,2.0
2021-08-05 11:14:57,86.0,75.0,4.0,7.0
2021-08-05 11:14:58,68.0,59.0,6.0,3.0
2021-08-05 11:14:59,75.0,66.0,3.0,6.0
2021-08-05 11:15:00,94.0,81.0,10.0,3.0
2021-08-05 11:15:01,80.0,65.0,8.0,7.0
2021-08-05 11:15:02,82.0,68.0,8.0,6.0
2021-08-05 11:15:03,88.0,75.0,7.0,6.0
2021-08-05 11:15:04,88.0,78.0,5.0,5.0
2021-08-05 11:15:05,65.0,60.0,1.0,4.0
2021-08-05 11:15:06,81.0,71.0,7.0,3.0
2021-08-05 11:15:07,72.0,63.0,7.0,2.0
2021-08-05 11:15:08,77.0,66.0,5.0,6.0
2021-08-05 11:15:09,64.0,55.0,6.0,3.0
2021-08-05 11:15:10,85.0,69.0,9.0,7.0
2021-08-05 11:15:11,83.0,74.0,5.0,4.0
2021-08-05 11:15:12,79.0,67.0,4.0,8.0
2021-08-05 11:15:13,95.0,84.0,8.0,3.0
2021-08-05 11:15:14,95.0,87.0,7.0,1.0
2021-08-05 11:15:15,83.0,63.0,14.0,6.0
2021-08-05 11:15:16,81.0,74.0,5.0,2.0
2021-08-05 11:15:17,86.0,70.0,8.0,8.0
2021-08-05 11:15:18,68.0,58.0,5.0,5.0
2021-08-05 11:15:19,100.0,85.0,7.0,8.0
2021-08-05 11:15:20,84.0,74.0,7.0,3.0
2021-08-05 11:15:21,63.0,55.0,5.0,3.0
2021-08-05 11:15:22,76.0,70.0,2.0,4.0
2021-08-05 11:15:23,91.0,78.0,9.0,4.0
2021-08-05 11:15:24,87.0,69.0,12.0,6.0
2021-08-05 11:15:25,80.0,68.0,8.0,4.0
2021-08-05 11:15:26,70.0,63.0,5.0,2.0
2021-08-05 11:15:27,58.0,54.0,3.0,1.0
2021-08-05 11:15:28,67.0,57.0,5.0,5.0
2021-08-05 11:15:29,68.0,55.0,9.0,4.0
2021-08-05 11:15:30,79.0,68.0,8.0,3.0
2021-08-05 11:15:31,85.0,77.0,2.0,6.0
2021-08-05 11:15:32,87.0,74.0,10.0,3.0
2021-08-05 11:15:33,98.0,88.0,8.0,2.0
2021-08-05 11:15:34,74.0,65.0,5.0,4.0
2021-08-05 11:15:35,67.0,58.0,4.0,5.0
2021-08-05 11:15:36,84.0,67.0,11.0,6.0
2021-08-05 11:15:37,85.0,72.0,8.0,5.0
2021-08-05 11:15:38,67.0,56.0,7.0,4.0
2021-08-05 11:15:39,73.0,62.0,8.0,3.0
2021-08-05 11:15:40,76.0,68.0,3.0,5.0
2021-08-05 11:15:41,88.0,71.0,10.0,7.0
2021-08-05 11:15:42,69.0,60.0,4.0,5.0
2021-08-05 11:15:43,74.0,60.0,9.0,5.0
2021-08-05 11:15:44,88.0,77.0,5.0,6.0
2021-08-05 11:15:45,100.0,90.0,2.0,8.0
2021-08-05 11:15:46,84.0,76.0,5.0,3.0
2021-08-05 11:15:47,66.0,55.0,9.0,2.0
2021-08-05 11:15:48,74.0,62.0,6.0,6.0
2021-08-05 11:15:49,77.0,70.0,3.0,4.0
2021-08-05 11:15:50,103.0,92.0,8.0,3.0
2021-08-05 11:15:51,92.0,81.0,9.0,2.0
2021-08-05 11:15:52,82.0,67.0,9.0,6.0
2021-08-05 11:15:53,85.0,76.0,7.0,2.0
2021-08-05 11:15:54,92.0,75.0,10.0,7.0
2021-08-05 11:15:55,77.0,72.0,5.0,0.0
2021-08-05 11:15:56,97.0,84.0,9.0,4.0
2021-08-05 11:15:57,91.0,75.0,11.0,5.0
2021-08-05 11:15:58,87.0,78.0,5.0,4.0
2021-08-05 11:15:59,87.0,71.0,8.0,8.0
2021-08-05 11:16:00,69.0,63.0,5.0,1.0
2021-08-05 11:16:01,82.0,70.0,7.0,5.0
2021-08-05 11:16:02,76.0,64.0,9.0,3.0
2021-08-05 11:16:03,89.0,73.0,10.0,6.0
2021-08-05 11:16:04,75.0,63.0,4.0,8.0
2021-08-05 11:16:05,70.0,53.0,14.0,3.0
2021-08-05 11:16:06,99.0,83.0,10.0,6.0
2021-08-05 11:16:07,85.0,78.0,5.0,2.0
2021-08-05 11:16:08,77.0,69.0,3.0,5.0
2021-08-05 11:16:09,92.0,81.0,1.0,10.0
2021-08-05 11:16:10,91.0,77.0,9.0,5.0
2021-08-05 11:16:11,88.0,81.0,5.0,2.0
2021-08-05 11:16:12,78.0,69.0,4.0,5.0
2021-08-05 11:16:13,82.0,72.0,6.0,4.0
2021-08-05 11:16:14,81.0,71.0,4.0,6.0
2021-08-05 11:16:15,70.0,62.0,4.0,4.0
2021-08-05 11:16:16,87.0,78.0,5.0,4.0
2021-08-05 11:16:17,75.0,63.0,7.0,5.0
2021-08-05 11:16:18,78.0,69.0,8.0,1.0
2021-08-05 11:16:19,76.0,65.0,7.0,4.0
2021-08-05 11:16:20,83.0,72.0,7.0,4.0
2021-08-05 11:16:21,75.0,65.0,5.0,5.0
2021-08-05 11:16:22,87.0,74.0,12.0,1.0
2021-08-05 11:16:23,86.0,79.0,5.0,2.0
2021-08-05 11:16:24,84.0,71.0,7.0,6.0
2021-08-05 11:16:25,75.0,66.0,4.0,5.0
2021-08-05 11:16:26,72.0,68.0,2.0,2.0
2021-08-05 11:16:27,85.0,74.0,7.0,4.0
2021-08-05 11:16:28,86.0,77.0,5.0,4.0
2021-08-05 11:16:29,85.0,74.0,9.0,2.0
2021-08-05 11:16:30,98.0,82.0,12.0,4.0
2021-08-05 11:16:31,90.0,77.0,7.0,6.0
2021-08-05 11:16:32,82.0,64.0,7.0,11.0
2021-08-05 11:16:33,92.0,81.0,3.0,8.0
2021-08-05 11:16:34,89.0,80.0,6.0,3.0
2021-08-05 11:16:35,84.0,73.0,6.0,5.0
2021-08-05 11:16:36,74.0,68.0,4.0,2.0
2021-08-05 11:16:37,93.0,81.0,8.0,4.0
2021-08-05 11:16:38,69.0,59.0,5.0,5.0
2021-08-05 11:16:39,70.0,63.0,4.0,3.0
2021-08-05 11:16:40,66.0,57.0,6.0,3.0
2021-08-05 11:16:41,90.0,79.0,8.0,3.0
2021-08-05 11:16:42,75.0,67.0,5.0,3.0
2021-08-05 11:16:43,86.0,79.0,5.0,2.0
2021-08-05 11:16:44,72.0,61.0,6.0,5.0
2021-08-05 11:16:45,63.0,53.0,9.0,1.0
2021-08-05 11:16:46,81.0,72.0,5.0,4.0
2021-08-05 11:16:47,60.0,52.0,6.0,2.0
2021-08-05 11:16:48,86.0,73.0,8.0,5.0
2021-08-05 11:16:49,113.0,89.0,18.0,6.0
2021-08-05 11:16:50,85.0,74.0,7.0,4.0
2021-08-05 11:16:51,80.0,66.0,9.0,5.0
2021-08-05 11:16:52,62.0,55.0,4.0,3.0
2021-08-05 11:16:53,80.0,70.0,7.0,3.0
2021-08-05 11:16:54,89.0,78.0,9.0,2.0
2021-08-05 11:16:55,74.0,66.0,5.0,3.0
2021-08-05 11:16:56,73.0,61.0,7.0,5.0
2021-08-05 11:16:57,77.0,71.0,6.0,0.0
2021-08-05 11:16:58,77.0,70.0,4.0,3.0
2021-08-05 11:16:59,84.0,69.0,9.0,6.0
2021-08-05 11:17:00,90.0,77.0,10.0,3.0
2021-08-05 11:17:01,82.0,73.0,5.0,4.0
2021-08-05 11:17:02,93.0,84.0,5.0,4.0
2021-08-05 11:17:03,85.0,75.0,6.0,4.0
2021-08-05 11:17:04,81.0,68.0,8.0,5.0
2021-08-05 11:17:05,80.0,75.0,0.0,5.0
2021-08-05 11:17:06,92.0,83.0,2.0,7.0
2021-08-05 11:17:07,87.0,75.0,7.0,5.0
2021-08-05 11:17:08,68.0,57.0,7.0,4.0
2021-08-05 11:17:09,65.0,57.0,3.0,5.0
2021-08-05 11:17:10,80.0,68.0,4.0,8.0
2021-08-05 11:17:11,78.0,68.0,6.0,4.0
2021-08-05 11:17:12,79.0,66.0,7.0,6.0
2021-08-05 11:17:13,79.0,75.0,3.0,1.0
2021-08-05 11:17:14,67.0,55.0,7.0,5.0
2021-08-05 11:17:15,82.0,66.0,6.0,10.0
2021-08-05 11:17:16,85.0,75.0,2.0,8.0
2021-08-05 11:17:17,104.0,94.0,7.0,3.0
2021-08-05 11:17:18,92.0,87.0,1.0,4.0
2021-08-05 11:17:19,84.0,74.0,6.0,4.0
2021-08-05 11:17:20,93.0,82.0,6.0,5.0
2021-08-05 11:17:21,77.0,65.0,8.0,4.0
2021-08-05 11:17:22,78.0,68.0,6.0,4.0
2021-08-05 11:17:23,88.0,70.0,10.0,8.0
2021-08-05 11:17:24,71.0,62.0,7.0,2.0
2021-08-05 11:17:25,72.0,61.0,7.0,4.0
2021-08-05 11:17:26,87.0,80.0,4.0,3.0
2021-08-05 11:17:27,73.0,58.0,11.0,4.0
2021-08-05 11:17:28,74.0,65.0,2.0,7.0
2021-08-05 11:17:29,60.0,53.0,5.0,2.0
2021-08-05 11:17:30,102.0,88.0,8.0,6.0
2021-08-05 11:17:31,80.0,70.0,7.0,3.0
2021-08-05 11:17:32,71.0,66.0,2.0,3.0
2021-08-05 11:17:33,96.0,82.0,8.0,6.0
2021-08-05 11:17:34,83.0,75.0,4.0,4.0
2021-08-05 11:17:35,73.0,65.0,8.0,0.0
2021-08-05 11:17:36,87.0,77.0,4.0,6.0
2021-08-05 11:17:37,88.0,77.0,4.0,7.0
2021-08-05 11:17:38,96.0,83.0,9.0,4.0
2021-08-05 11:17:39,78.0,68.0,4.0,6.0
2021-08-05 11:17:40,75.0,64.0,4.0,7.0
2021-08-05 11:17:41,80.0,72.0,5.0,3.0
2021-08-05 11:17:42,75.0,62.0,7.0,6.0
2021-08-05 11:17:43,63.0,48.0,10.0,5.0
2021-08-05 11:17:44,91.0,81.0,7.0,3.0
2021-08-05 11:17:45,72.0,65.0,5.0,2.0
2021-08-05 11:17:46,72.0,66.0,1.0,5.0
2021-08-05 11:17:47,64.0,57.0,2.0,5.0
2021-08-05 11:17:48,81.0,75.0,4.0,2.0
2021-08-05 11:17:49,95.0,84.0,8.0,3.0
2021-08-05 11:17:50,95.0,86.0,4.0,5.0
2021-08-05 11:17:51,100.0,87.0,6.0,7.0
2021-08-05 11:17:52,54.0,50.0,1.0,3.0
2021-08-05 11:17:53,71.0,64.0,4.0,3.0
2021-08-05 11:17:54,87.0,73.0,10.0,4.0
2021-08-05 11:17:55,95.0,83.0,8.0,4.0
2021-08-05 11:17:56,93.0,77.0,3.0,13.0
2021-08-05 11:17:57,74.0,64.0,8.0,2.0
2021-08-05 11:17:58,79.0,69.0,4.0,6.0
2021-08-05 11:17:59,82.0,70.0,6.0,6.0
2021-08-05 11:18:00,80.0,70.0,5.0,5.0
2021-08-05 11:18:01,82.0,74.0,6.0,2.0
2021-08-05 11:18:02,81.0,72.0,5.0,4.0
2021-08-05 11:18:03,95.0,81.0,7.0,7.0
2021-08-05 11:18:04,80.0,69.0,7.0,4.0
2021-08-05 11:18:05,74.0,67.0,4.0,3.0
2021-08-05 11:18:06,75.0,68.0,4.0,3.0
2021-08-05 11:18:07,79.0,70.0,6.0,3.0
2021-08-05 11:18:08,86.0,78.0,5.0,3.0
2021-08-05 11:18:09,90.0,78.0,9.0,3.0
2021-08-05 11:18:10,89.0,75.0,8.0,6.0
2021-08-05 11:18:11,74.0,63.0,6.0,5.0
2021-08-05 11:18:12,70.0,63.0,5.0,2.0
2021-08-05 11:18:13,82.0,72.0,6.0,4.0
2021-08-05 11:18:14,81.0,73.0,3.0,5.0
2021-08-05 11:18:15,77.0,66.0,8.0,3.0
2021-08-05 11:18:16,80.0,76.0,3.0,1.0
2021-08-05 11:18:17,84.0,75.0,4.0,5.0
2021-08-05 11:18:18,98.0,83.0,7.0,8.0
2021-08-05 11:18:19,69.0,62.0,5.0,2.0
2021-08-05 11:18:20,79.0,68.0,6.0,5.0
2021-08-05 11:18:21,73.0,64.0,8.0,1.0
2021-08-05 11:18:22,99.0,90.0,7.0,2.0
2021-08-05 11:18:23,91.0,80.0,6.0,5.0
2021-08-05 11:18:24,69.0,61.0,6.0,2.0
2021-08-05 11:18:25,69.0,67.0,1.0,1.0
2021-08-05 11:18:26,91.0,76.0,12.0,3.0
2021-08-05 11:18:27,85.0,72.0,7.0,6.0
2021-08-05 11:18:28,80.0,70.0,7.0,3.0
2021-08-05 11:18:29,86.0,77.0,7.0,2.0
2021-08-05 11:18:30,86.0,79.0,5.0,2.0
2021-08-05 11:18:31,73.0,62.0,7.0,4.0
2021-08-05 11:18:32,79.0,71.0,6.0,2.0
2021-08-05 11:18:33,81.0,68.0,9.0,4.0
2021-08-05 11:18:34,87.0,80.0,1.0,6.0
2021-08-05 11:18:35,91.0,77.0,9.0,5.0
2021-08-05 11:18:36,93.0,83.0,6.0,4.0
2021-08-05 11:18:37,85.0,76.0,6.0,3.0
2021-08-05 11:18:38,76.0,66.0,5.0,5.0
2021-08-05 11:18:39,72.0,66.0,3.0,3.0
2021-08-05 11:18:40,94.0,85.0,4.0,5.0
2021-08-05 11:18:41,78.0,68.0,5.0,5.0
2021-08-05 11:18:42,86.0,77.0,5.0,4.0
2021-08-05 11:18:43,76.0,64.0,4.0,8.0
2021-08-05 11:18:44,84.0,71.0,11.0,2.0
2021-08-05 11:18:45,87.0,73.0,7.0,7.0
2021-08-05 11:18:46,86.0,75.0,5.0,6.0
2021-08-05 11:18:47,82.0,78.0,3.0,1.0
2021-08-05 11:18:48,76.0,68.0,4.0,4.0
2021-08-05 11:18:49,80.0,74.0,5.0,1.0
2021-08-05 11:18:50,86.0,74.0,9.0,3.0
2021-08-05 11:18:51,93.0,79.0,8.0,6.0
2021-08-05 11:18:52,78.0,68.0,7.0,3.0
2021-08-05 11:18:53,86.0,68.0,8.0,10.0
2021-08-05 11:18:54,64.0,59.0,2.0,3.0
2021-08-05 11:18:55,89.0,73.0,10.0,6.0
2021-08-05 11:18:56,74.0,67.0,6.0,1.0
2021-08-05 11:18:57,83.0,73.0,7.0,3.0
2021-08-05 11:18:58,89.0,78.0,7.0,4.0
2021-08-05 11:18:59,78.0,72.0,6.0,0.0
2021-08-05 11:19:00,72.0,65.0,5.0,2.0
2021-08-05 11:19:01,90.0,75.0,8.0,7.0
2021-08-05 11:19:02,75.0,62.0,4.0,9.0
2021-08-05 11:19:03,73.0,58.0,12.0,3.0
2021-08-05 11:19:04,73.0,59.0,9.0,5.0
2021-08-05 11:19:05,76.0,63.0,8.0,5.0
2021-08-05 11:19:06,91.0,77.0,10.0,4.0
2021-08-05 11:19:07,76.0,68.0,4.0,4.0
2021-08-05 11:19:08,92.0,79.0,11.0,2.0
2021-08-05 11:19:09,93.0,71.0,11.0,11.0
2021-08-05 11:19:10,83.0,70.0,8.0,5.0
2021-08-05 11:19:11,67.0,57.0,7.0,3.0
2021-08-05 11:19:12,86.0,75.0,9.0,2.0
2021-08-05 11:19:13,101.0,91.0,5.0,5.0
2021-08-05 11:19:14,90.0,80.0,8.0,2.0
2021-08-05 11:19:15,82.0,71.0,4.0,7.0
2021-08-05 11:19:16,86.0,75.0,7.0,4.0
2021-08-05 11:19:17,76.0,63.0,7.0,6.0
2021-08-05 11:19:18,82.0,70.0,6.0,6.0
2021-08-05 11:19:19,76.0,68.0,3.0,5.0
2021-08-05 11:19:20,98.0,89.0,6.0,3.0
2021-08-05 11:19:21,89.0,78.0,8.0,3.0
2021-08-05 11:19:22,80.0,70.0,5.0,5.0
2021-08-05 11:19:23,77.0,66.0,5.0,6.0
2021-08-05 11:19:24,86.0,74.0,6.0,6.0
2021-08-05 11:19:25,79.0,74.0,2.0,3.0
2021-08-05 11:19:26,70.0,62.0,4.0,4.0
2021-08-05 11:19:27,75.0,60.0,11.0,4.0
2021-08-05 11:19:28,77.0,73.0,3.0,1.0
2021-08-05 11:19:29,86.0,75.0,6.0,5.0
2021-08-05 11:19:30,91.0,80.0,8.0,3.0
2021-08-05 11:19:31,94.0,75.0,9.0,10.0
2021-08-05 11:19:32,83.0,75.0,3.0,5.0
2021-08-05 11:19:33,89.0,76.0,7.0,6.0
2021-08-05 11:19:34,90.0,79.0,9.0,2.0
2021-08-05 11:19:35,87.0,79.0,4.0,4.0
2021-08-05 11:19:36,77.0,61.0,13.0,3.0
2021-08-05 11:19:37,62.0,56.0,5.0,1.0
2021-08-05 11:19:38,90.0,78.0,11.0,1.0
2021-08-05 11:19:39,85.0,74.0,8.0,3.0
2021-08-05 11:19:40,100.0,87.0,11.0,2.0
2021-08-05 11:19:41,74.0,62.0,8.0,4.0
2021-08-05 11:19:42,94.0,77.0,12.0,5.0
2021-08-05 11:19:43,53.0,46.0,5.0,2.0
2021-08-05 11:19:44,82.0,71.0,5.0,6.0
2021-08-05 11:19:45,89.0,78.0,6.0,5.0
2021-08-05 11:19:46,92.0,79.0,7.0,6.0
2021-08-05 11:19:47,73.0,64.0,5.0,4.0
2021-08-05 11:19:48,77.0,75.0,2.0,0.0
2021-08-05 11:19:49,88.0,73.0,10.0,5.0
2021-08-05 11:19:50,76.0,61.0,11.0,4.0
2021-08-05 11:19:51,76.0,65.0,3.0,8.0
2021-08-05 11:19:52,91.0,84.0,5.0,2.0
2021-08-05 11:19:53,86.0,72.0,8.0,6.0
2021-08-05 11:19:54,77.0,66.0,8.0,3.0
2021-08-05 11:19:55,80.0,63.0,10.0,7.0
2021-08-05 11:19:56,72.0,60.0,7.0,5.0
2021-08-05 11:19:57,104.0,95.0,6.0,3.0
2021-08-05 11:19:58,76.0,70.0,3.0,3.0
2021-08-05 11:19:59,78.0,73.0,5.0,0.0
2021-08-05 11:20:00,99.0,90.0,2.0,7.0
2021-08-05 11:20:01,95.0,84.0,7.0,4.0
2021-08-05 11:20:02,91.0,86.0,3.0,2.0
2021-08-05 11:20:03,64.0,52.0,7.0,5.0
2021-08-05 11:20:04,78.0,73.0,2.0,3.0
2021-08-05 11:20:05,87.0,74.0,7.0,6.0
2021-08-05 11:20:06,83.0,69.0,10.0,4.0
2021-08-05 11:20:07,75.0,63.0,5.0,7.0
2021-08-05 11:20:08,69.0,61.0,5.0,3.0
2021-08-05 11:20:09,88.0,76.0,6.0,6.0
2021-08-05 11:20:10,75.0,62.0,11.0,2.0
2021-08-05 11:20:11,84.0,71.0,7.0,6.0
2021-08-05 11:20:12,98.0,87.0,7.0,4.0
2021-08-05 11:20:13,80.0,76.0,4.0,0.0
2021-08-05 11:20:14,93.0,81.0,8.0,4.0
2021-08-05 11:20:15,76.0,66.0,6.0,4.0
2021-08-05 11:20:16,86.0,76.0,3.0,7.0
2021-08-05 11:20:17,84.0,71.0,6.0,7.0
2021-08-05 11:20:18,84.0,74.0,6.0,4.0
2021-08-05 11:20:19,63.0,56.0,6.0,1.0
2021-08-05 11:20:20,81.0,69.0,5.0,7.0
2021-08-05 11:20:21,65.0,59.0,2.0,4.0
2021-08-05 11:20:22,87.0,76.0,7.0,4.0
2021-08-05 11:20:23,92.0,78.0,8.0,6.0
2021-08-05 11:20:24,83.0,72.0,5.0,6.0
2021-08-05 11:20:25,97.0,83.0,9.0,5.0
2021-08-05 11:20:26,85.0,78.0,4.0,3.0
2021-08-05 11:20:27,78.0,66.0,7.0,5.0
2021-08-05 11:20:28,90.0,78.0,6.0,6.0
2021-08-05 11:20:29,76.0,68.0,3.0,5.0
2021-08-05 11:20:30,96.0,80.0,9.0,7.0
2021-08-05 11:20:31,77.0,64.0,9.0,4.0
2021-08-05 11:20:32,84.0,75.0,5.0,4.0
2021-08-05 11:20:33,74.0,66.0,4.0,4.0
2021-08-05 11:20:34,83.0,71.0,6.0,6.0
2021-08-05 11:20:35,63.0,57.0,3.0,3.0
2021-08-05 11:20:36,81.0,76.0,2.0,3.0
2021-08-05 11:20:37,90.0,79.0,4.0,7.0
2021-08-05 11:20:38,95.0,86.0,5.0,4.0
2021-08-05 11:20:39,75.0,65.0,9.0,1.0
2021-08-05 11:20:40,97.0,86.0,8.0,3.0
2021-08-05 11:20:41,68.0,57.0,5.0,6.0
2021-08-05 11:20:42,74.0,66.0,4.0,4.0
2021-08-05 11:20:43,68.0,60.0,2.0,6.0
2021-08-05 11:20:44,88.0,74.0,9.0,5.0
2021-08-05 11:20:45,82.0,72.0,6.0,4.0
2021-08-05 11:20:46,88.0,72.0,13.0,3.0
2021-08-05 11:20:47,88.0,80.0,5.0,3.0
2021-08-05 11:20:48,92.0,76.0,7.0,9.0
2021-08-05 11:20:49,71.0,58.0,7.0,6.0
2021-08-05 11:20:50,85.0,71.0,10.0,4.0
2021-08-05 11:20:51,92.0,82.0,6.0,4.0
2021-08-05 11:20:52,81.0,69.0,6.0,6.0
2021-08-05 11:20:53,81.0,74.0,2.0,5.0
2021-08-05 11:20:54,75.0,63.0,8.0,4.0
2021-08-05 11:20:55,86.0,70.0,13.0,3.0
2021-08-05 11:20:56,87.0,77.0,8.0,2.0
2021-08-05 11:20:57,113.0,96.0,11.0,6.0
2021-08-05 11:20:58,82.0,72.0,7.0,3.0
2021-08-05 11:20:59,86.0,80.0,5.0,1.0
2021-08-05 11:21:00,66.0,59.0,4.0,3.0
2021-08-05 11:21:01,88.0,71.0,14.0,3.0
2021-08-05 11:21:02,69.0,58.0,6.0,5.0
2021-08-05 11:21:03,80.0,70.0,5.0,5.0
2021-08-05 11:21:04,80.0,66.0,9.0,5.0
2021-08-05 11:21:05,82.0,78.0,1.0,3.0
2021-08-05 11:21:06,83.0,70.0,10.0,3.0
2021-08-05 11:21:07,81.0,69.0,7.0,5.0
2021-08-05 11:21:08,69.0,58.0,8.0,3.0
2021-08-05 11:21:09,97.0,83.0,7.0,7.0
2021-08-05 11:21:10,72.0,64.0,5.0,3.0
2021-08-05 11:21:11,89.0,80.0,5.0,4.0
2021-08-05 11:21:12,76.0,68.0,7.0,1.0
2021-08-05 11:21:13,75.0,68.0,5.0,2.0
2021-08-05 11:21:14,90.0,80.0,4.0,6.0
2021-08-05 11:21:15,64.0,56.0,4.0,4.0
2021-08-05 11:21:16,87.0,74.0,8.0,5.0
2021-08-05 11:21:17,79.0,70.0,5.0,4.0
2021-08-05 11:21:18,80.0,75.0,0.0,5.0
2021-08-05 11:21:19,92.0,77.0,10.0,5.0
2021-08-05 11:21:20,75.0,66.0,7.0,2.0
2021-08-05 11:21:21,80.0,72.0,2.0,6.0
2021-08-05 11:21:22,70.0,61.0,7.0,2.0
2021-08-05 11:21:23,88.0,78.0,7.0,3.0
2021-08-05 11:21:24,84.0,76.0,3.0,5.0
2021-08-05 11:21:25,97.0,89.0,5.0,3.0
2021-08-05 11:21:26,93.0,76.0,7.0,10.0
2021-08-05 11:21:27,69.0,60.0,5.0,4.0
2021-08-05 11:21:28,99.0,85.0,10.0,4.0
2021-08-05 11:21:29,82.0,71.0,10.0,1.0
2021-08-05 11:21:30,69.0,61.0,6.0,2.0
2021-08-05 11:21:31,74.0,68.0,2.0,4.0
2021-08-05 11:21:32,79.0,71.0,6.0,2.0
2021-08-05 11:21:33,87.0,77.0,6.0,4.0
2021-08-05 11:21:34,80.0,70.0,5.0,5.0
2021-08-05 11:21:35,83.0,72.0,7.0,4.0
2021-08-05 11:21:36,103.0,90.0,8.0,5.0
2021-08-05 11:21:37,84.0,75.0,5.0,4.0
2021-08-05 11:21:38,93.0,84.0,7.0,2.0
2021-08-05 11:21:39,82.0,72.0,4.0,6.0
2021-08-05 11:21:40,89.0,83.0,3.0,3.0
2021-08-05 11:21:41,84.0,76.0,7.0,1.0
2021-08-05 11:21:42,94.0,83.0,6.0,5.0
2021-08-05 11:21:43,71.0,64.0,6.0,1.0
2021-08-05 11:21:44,84.0,77.0,4.0,3.0
2021-08-05 11:21:45,76.0,66.0,7.0,3.0
2021-08-05 11:21:46,78.0,70.0,4.0,4.0
2021-08-05 11:21:47,90.0,81.0,7.0,2.0
2021-08-05 11:21:48,95.0,83.0,6.0,6.0
2021-08-05 11:21:49,80.0,70.0,6.0,4.0
2021-08-05 11:21:50,76.0,67.0,6.0,3.0
2021-08-05 11:21:51,78.0,73.0,2.0,3.0
2021-08-05 11:21:52,94.0,81.0,10.0,3.0
2021-08-05 11:21:53,89.0,75.0,12.0,2.0
2021-08-05 11:21:54,91.0,77.0,7.0,7.0
2021-08-05 11:21:55,78.0,67.0,9.0,2.0
2021-08-05 11:21:56,103.0,92.0,7.0,4.0
2021-08-05 11:21:57,79.0,64.0,12.0,3.0
2021-08-05 11:21:58,92.0,80.0,10.0,2.0
2021-08-05 11:21:59,81.0,69.0,6.0,6.0
2021-08-05 11:22:00,83.0,73.0,7.0,3.0
2021-08-05 11:22:01,92.0,79.0,8.0,5.0
2021-08-05 11:22:02,77.0,67.0,5.0,5.0
2021-08-05 11:22:03,83.0,74.0,3.0,6.0
2021-08-05 11:22:04,88.0,71.0,7.0,10.0
2021-08-05 11:22:05,98.0,84.0,11.0,3.0
2021-08-05 11:22:06,88.0,83.0,2.0,3.0
2021-08-05 11:22:07,86.0,77.0,4.0,5.0
2021-08-05 11:22:08,83.0,73.0,7.0,3.0
2021-08-05 11:22:09,89.0,85.0,2.0,2.0
2021-08-05 11:22:10,80.0,73.0,1.0,6.0
2021-08-05 11:22:11,80.0,67.0,7.0,6.0
2021-08-05 11:22:12,95.0,82.0,7.0,6.0
2021-08-05 11:22:13,90.0,78.0,8.0,4.0
2021-08-05 11:22:14,79.0,69.0,8.0,2.0
2021-08-05 11:22:15,76.0,59.0,9.0,8.0
2021-08-05 11:22:16,102.0,87.0,10.0,5.0
2021-08-05 11:22:17,89.0,79.0,6.0,4.0
2021-08-05 11:22:18,85.0,77.0,4.0,4.0
2021-08-05 11:22:19,89.0,78.0,8.0,3.0
2021-08-05 11:22:20,86.0,73.0,7.0,6.0
2021-08-05 11:22:21,86.0,79.0,4.0,3.0
2021-08-05 11:22:22,93.0,82.0,7.0,4.0
2021-08-05 11:22:23,77.0,68.0,8.0,1.0
2021-08-05 11:22:24,82.0,72.0,6.0,4.0
2021-08-05 11:22:25,86.0,81.0,4.0,1.0
2021-08-05 11:22:26,86.0,79.0,3.0,4.0
2021-08-05 11:22:27,67.0,58.0,3.0,6.0
2021-08-05 11:22:28,84.0,76.0,5.0,3.0
2021-08-05 11:22:29,99.0,86.0,6.0,7.0
2021-08-05 11:22:30,96.0,87.0,5.0,4.0
2021-08-05 11:22:31,83.0,74.0,4.0,5.0
2021-08-05 11:22:32,76.0,66.0,6.0,4.0
2021-08-05 11:22:33,86.0,73.0,6.0,7.0
2021-08-05 11:22:34,94.0,82.0,9.0,3.0
2021-08-05 11:22:35,90.0,78.0,7.0,5.0
2021-08-05 11:22:36,78.0,66.0,8.0,4.0
2021-08-05 11:22:37,85.0,76.0,6.0,3.0
2021-08-05 11:22:38,82.0,77.0,3.0,2.0
2021-08-05 11:22:39,86.0,77.0,4.0,5.0
2021-08-05 11:22:40,69.0,52.0,14.0,3.0
2021-08-05 11:22:41,74.0,68.0,4.0,2.0
2021-08-05 11:22:42,79.0,64.0,8.0,7.0
2021-08-05 11:22:43,95.0,80.0,9.0,6.0
2021-08-05 11:22:44,74.0,63.0,6.0,5.0
2021-08-05 11:22:45,70.0,61.0,5.0,4.0
2021-08-05 11:22:46,97.0,87.0,7.0,3.0
2021-08-05 11:22:47,84.0,74.0,6.0,4.0
2021-08-05 11:22:48,80.0,68.0,5.0,7.0
2021-08-05 11:22:49,95.0,82.0,7.0,6.0
2021-08-05 11:22:50,76.0,69.0,5.0,2.0
2021-08-05 11:22:51,81.0,70.0,7.0,4.0
2021-08-05 11:22:52,78.0,66.0,8.0,4.0
2021-08-05 11:22:53,65.0,55.0,5.0,5.0
2021-08-05 11:22:54,83.0,72.0,7.0,4.0
2021-08-05 11:22:55,76.0,68.0,6.0,2.0
2021-08-05 11:22:56,88.0,77.0,6.0,5.0
2021-08-05 11:22:57,96.0,86.0,2.0,8.0
2021-08-05 11:22:58,80.0,68.0,9.0,3.0
2021-08-05 11:22:59,93.0,80.0,7.0,6.0
2021-08-05 11:23:00,86.0,77.0,4.0,5.0
2021-08-05 11:23:01,100.0,88.0,9.0,3.0
2021-08-05 11:23:02,80.0,70.0,7.0,3.0
2021-08-05 11:23:03,89.0,79.0,8.0,2.0
2021-08-05 11:23:04,91.0,76.0,7.0,8.0
2021-08-05 11:23:05,86.0,77.0,4.0,5.0
2021-08-05 11:23:06,75.0,66.0,5.0,4.0
2021-08-05 11:23:07,77.0,69.0,6.0,2.0
2021-08-05 11:23:08,100.0,92.0,5.0,3.0
2021-08-05 11:23:09,98.0,89.0,7.0,2.0
2021-08-05 11:23:10,89.0,81.0,5.0,3.0
2021-08-05 11:23:11,90.0,84.0,3.0,3.0
2021-08-05 11:23:12,74.0,64.0,4.0,6.0
2021-08-05 11:23:13,71.0,63.0,4.0,4.0
2021-08-05 11:23:14,90.0,76.0,8.0,6.0
2021-08-05 11:23:15,78.0,66.0,6.0,6.0
2021-08-05 11:23:16,90.0,80.0,8.0,2.0
2021-08-05 11:23:17,86.0,73.0,6.0,7.0
2021-08-05 11:23:18,80.0,67.0,8.0,5.0
2021-08-05 11:23:19,85.0,75.0,9.0,1.0
2021-08-05 11:23:20,72.0,62.0,5.0,5.0
2021-08-05 11:23:21,74.0,60.0,10.0,4.0
2021-08-05 11:23:22,82.0,71.0,7.0,4.0
2021-08-05 11:23:23,92.0,81.0,6.0,5.0
2021-08-05 11:23:24,89.0,80.0,4.0,5.0
2021-08-05 11:23:25,83.0,67.0,10.0,6.0
2021-08-05 11:23:26,81.0,75.0,3.0,3.0
2021-08-05 11:23:27,95.0,76.0,9.0,10.0
2021-08-05 11:23:28,87.0,78.0,5.0,4.0
2021-08-05 11:23:29,81.0,70.0,7.0,4.0
2021-08-05 11:23:30,84.0,71.0,8.0,5.0
2021-08-05 11:23:31,84.0,77.0,2.0,5.0
2021-08-05 11:23:32,80.0,72.0,6.0,2.0
2021-08-05 11:23:33,74.0,68.0,4.0,2.0
2021-08-05 11:23:34,81.0,68.0,8.0,5.0
2021-08-05 11:23:35,69.0,60.0,6.0,3.0
2021-08-05 11:23:36,100.0,87.0,5.0,8.0
2021-08-05 11:23:37,65.0,61.0,3.0,1.0
2021-08-05 11:23:38,83.0,70.0,8.0,5.0
2021-08-05 11:23:39,86.0,70.0,9.0,7.0
2021-08-05 11:23:40,96.0,85.0,8.0,3.0
2021-08-05 11:23:41,81.0,65.0,8.0,8.0
2021-08-05 11:23:42,79.0,68.0,5.0,6.0
2021-08-05 11:23:43,87.0,81.0,5.0,1.0
2021-08-05 11:23:44,82.0,67.0,12.0,3.0
2021-08-05 11:23:45,78.0,69.0,6.0,3.0
2021-08-05 11:23:46,78.0,69.0,6.0,3.0
2021-08-05 11:23:47,91.0,78.0,11.0,2.0
2021-08-05 11:23:48,75.0,54.0,18.0,3.0
2021-08-05 11:23:49,76.0,68.0,6.0,2.0
2021-08-05 11:23:50,101.0,94.0,4.0,3.0
2021-08-05 11:23:51,99.0,88.0,5.0,6.0
2021-08-05 11:23:52,87.0,76.0,5.0,6.0
2021-08-05 11:23:53,84.0,73.0,5.0,6.0
2021-08-05 11:23:54,84.0,75.0,3.0,6.0
2021-08-05 11:23:55,86.0,78.0,6.0,2.0
2021-08-05 11:23:56,89.0,80.0,4.0,5.0
2021-08-05 11:23:57,86.0,77.0,4.0,5.0
2021-08-05 11:23:58,81.0,64.0,9.0,8.0
2021-08-05 11:23:59,85.0,76.0,6.0,3.0
2021-08-05 11:24:00,77.0,68.0,5.0,4.0
2021-08-05 11:24:01,78.0,71.0,3.0,4.0
2021-08-05 11:24:02,89.0,71.0,11.0,7.0
2021-08-05 11:24:03,95.0,92.0,2.0,1.0
2021-08-05 11:24:04,94.0,85.0,8.0,1.0
2021-08-05 11:24:05,78.0,67.0,4.0,7.0
2021-08-05 11:24:06,82.0,69.0,12.0,1.0
2021-08-05 11:24:07,93.0,87.0,5.0,1.0
2021-08-05 11:24:08,90.0,76.0,7.0,7.0
2021-08-05 11:24:09,76.0,65.0,9.0,2.0
2021-08-05 11:24:10,101.0,87.0,10.0,4.0
2021-08-05 11:24:11,92.0,83.0,2.0,7.0
2021-08-05 11:24:12,76.0,67.0,8.0,1.0
2021-08-05 11:24:13,67.0,55.0,9.0,3.0
2021-08-05 11:24:14,99.0,90.0,5.0,4.0
2021-08-05 11:24:15,78.0,69.0,6.0,3.0
2021-08-05 11:24:16,75.0,62.0,11.0,2.0
2021-08-05 11:24:17,93.0,80.0,9.0,4.0
2021-08-05 11:24:18,75.0,62.0,6.0,7.0
2021-08-05 11:24:19,74.0,67.0,6.0,1.0
2021-08-05 11:24:20,67.0,61.0,5.0,1.0
2021-08-05 11:24:21,70.0,63.0,5.0,2.0
2021-08-05 11:24:22,80.0,72.0,5.0,3.0
2021-08-05 11:24:23,80.0,66.0,5.0,9.0
2021-08-05 11:24:24,89.0,76.0,7.0,6.0
2021-08-05 11:24:25,91.0,74.0,8.0,9.0
2021-08-05 11:24:26,96.0,84.0,7.0,5.0
2021-08-05 11:24:27,84.0,71.0,12.0,1.0
2021-08-05 11:24:28,85.0,73.0,8.0,4.0
2021-08-05 11:24:29,84.0,72.0,6.0,6.0
2021-08-05 11:24:30,79.0,65.0,7.0,7.0
2021-08-05 11:24:31,85.0,76.0,6.0,3.0
2021-08-05 11:24:32,75.0,61.0,9.0,5.0
2021-08-05 11:24:33,93.0,75.0,12.0,6.0
2021-08-05 11:24:34,75.0,66.0,3.0,6.0
2021-08-05 11:24:35,85.0,73.0,5.0,7.0
2021-08-05 11:24:36,86.0,74.0,7.0,5.0
2021-08-05 11:24:37,91.0,81.0,5.0,5.0
2021-08-05 11:24:38,107.0,96.0,3.0,8.0
2021-08-05 11:24:39,66.0,61.0,3.0,2.0
2021-08-05 11:24:40,73.0,63.0,7.0,3.0
2021-08-05 11:24:41,69.0,64.0,5.0,0.0
2021-08-05 11:24:42,100.0,84.0,10.0,6.0
2021-08-05 11:24:43,62.0,55.0,4.0,3.0
2021-08-05 11:24:44,83.0,66.0,7.0,10.0
2021-08-05 11:24:45,104.0,89.0,9.0,6.0
2021-08-05 11:24:46,85.0,79.0,4.0,2.0
2021-08-05 11:24:47,81.0,68.0,5.0,8.0
2021-08-05 11:24:48,80.0,73.0,5.0,2.0
2021-08-05 11:24:49,80.0,70.0,8.0,2.0
2021-08-05 11:24:50,78.0,70.0,6.0,2.0
2021-08-05 11:24:51,82.0,76.0,3.0,3.0
2021-08-05 11:24:52,69.0,55.0,10.0,4.0
2021-08-05 11:24:53,80.0,70.0,9.0,1.0
2021-08-05 11:24:54,83.0,73.0,7.0,3.0
2021-08-05 11:24:55,83.0,71.0,6.0,6.0
2021-08-05 11:24:56,77.0,63.0,6.0,8.0
2021-08-05 11:24:57,95.0,82.0,7.0,6.0
2021-08-05 11:24:58,78.0,66.0,7.0,5.0
2021-08-05 11:24:59,82.0,74.0,6.0,2.0
2021-08-05 11:25:00,89.0,74.0,11.0,4.0
2021-08-05 11:25:01,83.0,69.0,9.0,5.0
2021-08-05 11:25:02,74.0,62.0,9.0,3.0
2021-08-05 11:25:03,95.0,86.0,6.0,3.0
2021-08-05 11:25:04,84.0,75.0,7.0,2.0
2021-08-05 11:25:05,66.0,57.0,4.0,5.0
2021-08-05 11:25:06,79.0,69.0,4.0,6.0
2021-08-05 11:25:07,80.0,70.0,3.0,7.0
2021-08-05 11:25:08,77.0,75.0,2.0,0.0
2021-08-05 11:25:09,74.0,66.0,4.0,4.0
2021-08-05 11:25:10,74.0,67.0,3.0,4.0
2021-08-05 11:25:11,90.0,76.0,6.0,8.0
2021-08-05 11:25:12,101.0,94.0,5.0,2.0
2021-08-05 11:25:13,79.0,66.0,9.0,4.0
2021-08-05 11:25:14,84.0,76.0,5.0,3.0
2021-08-05 11:25:15,84.0,74.0,8.0,2.0
2021-08-05 11:25:16,71.0,64.0,6.0,1.0
2021-08-05 11:25:17,89.0,78.0,5.0,6.0
2021-08-05 11:25:18,74.0,70.0,3.0,1.0
2021-08-05 11:25:19,74.0,60.0,10.0,4.0
2021-08-05 11:25:20,86.0,74.0,8.0,4.0
2021-08-05 11:25:21,97.0,80.0,12.0,5.0
2021-08-05 11:25:22,97.0,85.0,9.0,3.0
2021-08-05 11:25:23,84.0,74.0,8.0,2.0
2021-08-05 11:25:24,89.0,76.0,9.0,4.0
2021-08-05 11:25:25,74.0,61.0,9.0,4.0
2021-08-05 11:25:26,97.0,80.0,8.0,9.0
2021-08-05 11:25:27,99.0,86.0,7.0,6.0
2021-08-05 11:25:28,80.0,73.0,1.0,6.0
2021-08-05 11:25:29,91.0,83.0,4.0,4.0
2021-08-05 11:25:30,88.0,75.0,6.0,7.0
2021-08-05 11:25:31,72.0,63.0,4.0,5.0
2021-08-05 11:25:32,72.0,66.0,4.0,2.0
2021-08-05 11:25:33,81.0,69.0,9.0,3.0
2021-08-05 11:25:34,91.0,80.0,6.0,5.0
2021-08-05 11:25:35,86.0,72.0,9.0,5.0
2021-08-05 11:25:36,84.0,69.0,10.0,5.0
2021-08-05 11:25:37,80.0,69.0,8.0,3.0
2021-08-05 11:25:38,72.0,66.0,4.0,2.0
2021-08-05 11:25:39,84.0,70.0,8.0,6.0
2021-08-05 11:25:40,86.0,69.0,12.0,5.0
2021-08-05 11:25:41,84.0,70.0,12.0,2.0
2021-08-05 11:25:42,90.0,79.0,10.0,1.0
2021-08-05 11:25:43,85.0,76.0,7.0,2.0
2021-08-05 11:25:44,84.0,75.0,5.0,4.0
2021-08-05 11:25:45,79.0,76.0,3.0,0.0
2021-08-05 11:25:46,77.0,69.0,7.0,1.0
2021-08-05 11:25:47,89.0,81.0,5.0,3.0
2021-08-05 11:25:48,75.0,67.0,4.0,4.0
2021-08-05 11:25:49,95.0,81.0,8.0,6.0
2021-08-05 11:25:50,82.0,75.0,4.0,3.0
2021-08-05 11:25:51,91.0,84.0,4.0,3.0
2021-08-05 11:25:52,86.0,74.0,9.0,3.0
2021-08-05 11:25:53,94.0,86.0,6.0,2.0
2021-08-05 11:25:54,86.0,74.0,8.0,4.0
2021-08-05 11:25:55,91.0,79.0,7.0,5.0
2021-08-05 11:25:56,73.0,66.0,3.0,4.0
2021-08-05 11:25:57,74.0,65.0,6.0,3.0
2021-08-05 11:25:58,100.0,92.0,6.0,2.0
2021-08-05 11:25:59,74.0,65.0,5.0,4.0
2021-08-05 11:26:00,83.0,78.0,4.0,1.0
2021-08-05 11:26:01,75.0,69.0,2.0,4.0
2021-08-05 11:26:02,86.0,70.0,9.0,7.0
2021-08-05 11:26:03,82.0,75.0,4.0,3.0
2021-08-05 11:26:04,72.0,59.0,8.0,5.0
2021-08-05 11:26:05,71.0,63.0,5.0,3.0
2021-08-05 11:26:06,83.0,71.0,8.0,4.0
2021-08-05 11:26:07,89.0,86.0,1.0,2.0
2021-08-05 11:26:08,80.0,69.0,6.0,5.0
2021-08-05 11:26:09,76.0,70.0,4.0,2.0
2021-08-05 11:26:10,87.0,77.0,6.0,4.0
2021-08-05 11:26:11,67.0,56.0,4.0,7.0
2021-08-05 11:26:12,79.0,71.0,3.0,5.0
2021-08-05 11:26:13,78.0,69.0,4.0,5.0
2021-08-05 11:26:14,81.0,70.0,5.0,6.0
2021-08-05 11:26:15,111.0,95.0,11.0,5.0
2021-08-05 11:26:16,68.0,60.0,4.0,4.0
2021-08-05 11:26:17,84.0,76.0,5.0,3.0
2021-08-05 11:26:18,107.0,94.0,13.0,0.0
2021-08-05 11:26:19,87.0,80.0,3.0,4.0
2021-08-05 11:26:20,80.0,66.0,11.0,3.0
2021-08-05 11:26:21,78.0,69.0,5.0,4.0
2021-08-05 11:26:22,82.0,71.0,9.0,2.0
2021-08-05 11:26:23,70.0,59.0,5.0,6.0
2021-08-05 11:26:24,86.0,80.0,5.0,1.0
2021-08-05 11:26:25,91.0,76.0,6.0,9.0
2021-08-05 11:26:26,83.0,71.0,7.0,5.0
2021-08-05 11:26:27,91.0,75.0,9.0,7.0
2021-08-05 11:26:28,108.0,92.0,9.0,7.0
2021-08-05 11:26:29,100.0,86.0,7.0,7.0
2021-08-05 11:26:30,78.0,74.0,4.0,0.0
2021-08-05 11:26:31,71.0,62.0,7.0,2.0
2021-08-05 11:26:32,83.0,72.0,10.0,1.0
2021-08-05 11:26:33,73.0,67.0,3.0,3.0
2021-08-05 11:26:34,94.0,81.0,6.0,7.0
2021-08-05 11:26:35,76.0,63.0,7.0,6.0
2021-08-05 11:26:36,85.0,73.0,7.0,5.0
2021-08-05 11:26:37,82.0,76.0,4.0,2.0
2021-08-05 11:26:38,94.0,83.0,7.0,4.0
2021-08-05 11:26:39,82.0,71.0,7.0,4.0
2021-08-05 11:26:40,68.0,54.0,10.0,4.0
2021-08-05 11:26:41,91.0,76.0,9.0,6.0
2021-08-05 11:26:42,73.0,69.0,2.0,2.0
2021-08-05 11:26:43,73.0,64.0,6.0,3.0
2021-08-05 11:26:44,77.0,64.0,7.0,6.0
2021-08-05 11:26:45,78.0,71.0,4.0,3.0
2021-08-05 11:26:46,81.0,69.0,6.0,6.0
2021-08-05 11:26:47,85.0,72.0,9.0,4.0
2021-08-05 11:26:48,85.0,68.0,9.0,8.0
2021-08-05 11:26:49,80.0,74.0,4.0,2.0
2021-08-05 11:26:50,76.0,69.0,3.0,4.0
2021-08-05 11:26:51,72.0,66.0,2.0,4.0
2021-08-05 11:26:52,74.0,63.0,5.0,6.0
2021-08-05 11:26:53,86.0,71.0,10.0,5.0
2021-08-05 11:26:54,82.0,72.0,5.0,5.0
2021-08-05 11:26:55,88.0,79.0,7.0,2.0
2021-08-05 11:26:56,76.0,69.0,4.0,3.0
2021-08-05 11:26:57,80.0,74.0,2.0,4.0
2021-08-05 11:26:58,88.0,78.0,5.0,5.0
2021-08-05 11:26:59,86.0,79.0,5.0,2.0
2021-08-05 11:27:00,67.0,57.0,6.0,4.0
2021-08-05 11:27:01,81.0,74.0,4.0,3.0
2021-08-05 11:27:02,86.0,78.0,5.0,3.0
2021-08-05 11:27:03,86.0,75.0,6.0,5.0
2021-08-05 11:27:04,84.0,78.0,4.0,2.0
2021-08-05 11:27:05,77.0,66.0,9.0,2.0
2021-08-05 11:27:06,82.0,70.0,8.0,4.0
2021-08-05 11:27:07,82.0,70.0,7.0,5.0
2021-08-05 11:27:08,77.0,67.0,5.0,5.0
2021-08-05 11:27:09,80.0,63.0,11.0,6.0
2021-08-05 11:27:10,84.0,73.0,8.0,3.0
2021-08-05 11:27:11,72.0,63.0,8.0,1.0
2021-08-05 11:27:12,106.0,97.0,4.0,5.0
2021-08-05 11:27:13,73.0,66.0,6.0,1.0
2021-08-05 11:27:14,101.0,87.0,10.0,4.0
2021-08-05 11:27:15,69.0,64.0,3.0,2.0
2021-08-05 11:27:16,107.0,97.0,4.0,6.0
2021-08-05 11:27:17,75.0,67.0,3.0,5.0
2021-08-05 11:27:18,90.0,80.0,5.0,5.0
2021-08-05 11:27:19,83.0,70.0,8.0,5.0
2021-08-05 11:27:20,84.0,72.0,10.0,2.0
2021-08-05 11:27:21,77.0,69.0,5.0,3.0
2021-08-05 11:27:22,91.0,78.0,8.0,5.0
2021-08-05 11:27:23,65.0,59.0,4.0,2.0
2021-08-05 11:27:24,87.0,79.0,6.0,2.0
2021-08-05 11:27:25,102.0,92.0,8.0,2.0
2021-08-05 11:27:26,99.0,88.0,9.0,2.0
2021-08-05 11:27:27,93.0,85.0,5.0,3.0
2021-08-05 11:27:28,77.0,64.0,9.0,4.0
2021-08-05 11:27:29,97.0,86.0,9.0,2.0
2021-08-05 11:27:30,86.0,81.0,3.0,2.0
2021-08-05 11:27:31,84.0,73.0,4.0,7.0
2021-08-05 11:27:32,98.0,81.0,11.0,6.0
2021-08-05 11:27:33,71.0,65.0,4.0,2.0
2021-08-05 11:27:34,96.0,82.0,6.0,8.0
2021-08-05 11:27:35,82.0,67.0,10.0,5.0
2021-08-05 11:27:36,103.0,91.0,6.0,6.0
2021-08-05 11:27:37,70.0,63.0,4.0,3.0
2021-08-05 11:27:38,94.0,82.0,8.0,4.0
2021-08-05 11:27:39,70.0,60.0,5.0,5.0
2021-08-05 11:27:40,80.0,65.0,13.0,2.0
2021-08-05 11:27:41,97.0,83.0,8.0,6.0
2021-08-05 11:27:42,91.0,83.0,5.0,3.0
2021-08-05 11:27:43,93.0,86.0,4.0,3.0
2021-08-05 11:27:44,88.0,75.0,8.0,5.0
2021-08-05 11:27:45,83.0,76.0,5.0,2.0
2021-08-05 11:27:46,82.0,70.0,7.0,5.0
2021-08-05 11:27:47,91.0,78.0,5.0,8.0
2021-08-05 11:27:48,90.0,75.0,9.0,6.0
2021-08-05 11:27:49,83.0,70.0,8.0,5.0
2021-08-05 11:27:50,91.0,85.0,3.0,3.0
2021-08-05 11:27:51,90.0,83.0,4.0,3.0
2021-08-05 11:27:52,91.0,80.0,7.0,4.0
2021-08-05 11:27:53,92.0,81.0,7.0,4.0
2021-08-05 11:27:54,78.0,68.0,7.0,3.0
2021-08-05 11:27:55,76.0,68.0,5.0,3.0
2021-08-05 11:27:56,78.0,70.0,5.0,3.0
2021-08-05 11:27:57,90.0,83.0,5.0,2.0
2021-08-05 11:27:58,95.0,75.0,10.0,10.0
2021-08-05 11:27:59,80.0,64.0,9.0,7.0
2021-08-05 11:28:00,101.0,95.0,4.0,2.0
2021-08-05 11:28:01,97.0,84.0,9.0,4.0
2021-08-05 11:28:02,81.0,71.0,7.0,3.0
2021-08-05 11:28:03,82.0,65.0,9.0,8.0
2021-08-05 11:28:04,74.0,63.0,8.0,3.0
2021-08-05 11:28:05,90.0,80.0,5.0,5.0
2021-08-05 11:28:06,85.0,73.0,5.0,7.0
2021-08-05 11:28:07,80.0,69.0,5.0,6.0
2021-08-05 11:28:08,90.0,80.0,5.0,5.0
2021-08-05 11:28:09,70.0,65.0,3.0,2.0
2021-08-05 11:28:10,80.0,69.0,8.0,3.0
2021-08-05 11:28:11,104.0,95.0,7.0,2.0
2021-08-05 11:28:12,79.0,67.0,6.0,6.0
2021-08-05 11:28:13,85.0,72.0,5.0,8.0
2021-08-05 11:28:14,84.0,70.0,8.0,6.0
2021-08-05 11:28:15,82.0,73.0,4.0,5.0
2021-08-05 11:28:16,92.0,83.0,5.0,4.0
2021-08-05 11:28:17,68.0,61.0,4.0,3.0
2021-08-05 11:28:18,82.0,69.0,7.0,6.0
2021-08-05 11:28:19,78.0,67.0,4.0,7.0
2021-08-05 11:28:20,94.0,77.0,10.0,7.0
2021-08-05 11:28:21,86.0,72.0,11.0,3.0
2021-08-05 11:28:22,84.0,73.0,8.0,3.0
2021-08-05 11:28:23,82.0,73.0,4.0,5.0
2021-08-05 11:28:24,84.0,75.0,5.0,4.0
2021-08-05 11:28:25,79.0,65.0,10.0,4.0
2021-08-05 11:28:26,87.0,77.0,7.0,3.0
2021-08-05 11:28:27,80.0,67.0,3.0,10.0
2021-08-05 11:28:28,82.0,73.0,4.0,5.0
2021-08-05 11:28:29,84.0,76.0,6.0,2.0
2021-08-05 11:28:30,97.0,85.0,7.0,5.0
2021-08-05 11:28:31,93.0,81.0,8.0,4.0
2021-08-05 11:28:32,65.0,58.0,5.0,2.0
2021-08-05 11:28:33,89.0,76.0,10.0,3.0
2021-08-05 11:28:34,79.0,70.0,5.0,4.0
2021-08-05 11:28:35,79.0,69.0,6.0,4.0
2021-08-05 11:28:36,79.0,72.0,5.0,2.0
2021-08-05 11:28:37,88.0,77.0,4.0,7.0
2021-08-05 11:28:38,96.0,78.0,10.0,8.0
2021-08-05 11:28:39,83.0,77.0,6.0,0.0
2021-08-05 11:28:40,90.0,82.0,3.0,5.0
2021-08-05 11:28:41,77.0,64.0,5.0,8.0
2021-08-05 11:28:42,96.0,84.0,7.0,5.0
2021-08-05 11:28:43,75.0,64.0,7.0,4.0
2021-08-05 11:28:44,79.0,71.0,5.0,3.0
2021-08-05 11:28:45,86.0,73.0,8.0,5.0
2021-08-05 11:28:46,84.0,72.0,7.0,5.0
2021-08-05 11:28:47,82.0,75.0,4.0,3.0
2021-08-05 11:28:48,94.0,81.0,3.0,10.0
2021-08-05 11:28:49,63.0,53.0,4.0,6.0
2021-08-05 11:28:50,97.0,85.0,6.0,6.0
2021-08-05 11:28:51,90.0,75.0,7.0,8.0
2021-08-05 11:28:52,85.0,74.0,6.0,5.0
2021-08-05 11:28:53,77.0,69.0,5.0,3.0
2021-08-05 11:28:54,84.0,73.0,7.0,4.0
2021-08-05 11:28:55,93.0,85.0,5.0,3.0
2021-08-05 11:28:56,73.0,63.0,8.0,2.0
2021-08-05 11:28:57,86.0,79.0,5.0,2.0
2021-08-05 11:28:58,67.0,60.0,3.0,4.0
2021-08-05 11:28:59,79.0,68.0,7.0,4.0
2021-08-05 11:29:00,89.0,78.0,6.0,5.0
2021-08-05 11:29:01,70.0,61.0,3.0,6.0
2021-08-05 11:29:02,77.0,72.0,2.0,3.0
2021-08-05 11:29:03,90.0,81.0,3.0,6.0
2021-08-05 11:29:04,76.0,69.0,4.0,3.0
2021-08-05 11:29:05,85.0,75.0,3.0,7.0
2021-08-05 11:29:06,83.0,73.0,7.0,3.0
2021-08-05 11:29:07,77.0,65.0,5.0,7.0
2021-08-05 11:29:08,79.0,70.0,7.0,2.0
2021-08-05 11:29:09,104.0,93.0,5.0,6.0
2021-08-05 11:29:10,73.0,66.0,2.0,5.0
2021-08-05 11:29:11,93.0,79.0,7.0,7.0
2021-08-05 11:29:12,80.0,70.0,7.0,3.0
2021-08-05 11:29:13,87.0,75.0,9.0,3.0
2021-08-05 11:29:14,84.0,64.0,10.0,10.0
2021-08-05 11:29:15,88.0,80.0,3.0,5.0
2021-08-05 11:29:16,79.0,68.0,7.0,4.0
2021-08-05 11:29:17,79.0,67.0,6.0,6.0
2021-08-05 11:29:18,83.0,76.0,5.0,2.0
2021-08-05 11:29:19,88.0,77.0,7.0,4.0
2021-08-05 11:29:20,75.0,69.0,4.0,2.0
2021-08-05 11:29:21,90.0,74.0,12.0,4.0
2021-08-05 11:29:22,87.0,75.0,7.0,5.0
2021-08-05 11:29:23,84.0,73.0,6.0,5.0
2021-08-05 11:29:24,86.0,75.0,5.0,6.0
2021-08-05 11:29:25,115.0,100.0,9.0,6.0
2021-08-05 11:29:26,83.0,71.0,7.0,5.0
2021-08-05 11:29:27,84.0,70.0,8.0,6.0
2021-08-05 11:29:28,95.0,82.0,7.0,6.0
2021-08-05 11:29:29,82.0,71.0,6.0,5.0
2021-08-05 11:29:30,93.0,81.0,7.0,5.0
2021-08-05 11:29:31,72.0,60.0,5.0,7.0
2021-08-05 11:29:32,92.0,83.0,7.0,2.0
2021-08-05 11:29:33,92.0,82.0,5.0,5.0
2021-08-05 11:29:34,86.0,78.0,7.0,1.0
2021-08-05 11:29:35,104.0,90.0,9.0,5.0
2021-08-05 11:29:36,97.0,87.0,7.0,3.0
2021-08-05 11:29:37,91.0,84.0,3.0,4.0
2021-08-05 11:29:38,70.0,61.0,6.0,3.0
2021-08-05 11:29:39,84.0,72.0,7.0,5.0
2021-08-05 11:29:40,101.0,94.0,4.0,3.0
2021-08-05 11:29:41,86.0,73.0,6.0,7.0
2021-08-05 11:29:42,91.0,77.0,7.0,7.0
2021-08-05 11:29:43,75.0,64.0,7.0,4.0
2021-08-05 11:29:44,74.0,59.0,9.0,6.0
2021-08-05 11:29:45,91.0,81.0,5.0,5.0
2021-08-05 11:29:46,74.0,67.0,5.0,2.0
2021-08-05 11:29:47,100.0,83.0,13.0,4.0
2021-08-05 11:29:48,82.0,76.0,3.0,3.0
2021-08-05 11:29:49,92.0,83.0,5.0,4.0
2021-08-05 11:29:50,99.0,81.0,8.0,10.0
2021-08-05 11:29:51,89.0,79.0,6.0,4.0
2021-08-05 11:29:52,78.0,69.0,3.0,6.0
2021-08-05 11:29:53,76.0,63.0,8.0,5.0
2021-08-05 11:29:54,77.0,67.0,5.0,5.0
2021-08-05 11:29:55,108.0,97.0,5.0,6.0
2021-08-05 11:29:56,84.0,70.0,9.0,5.0
2021-08-05 11:29:57,65.0,53.0,6.0,6.0
2021-08-05 11:29:58,92.0,75.0,9.0,8.0
2021-08-05 11:29:59,63.0,60.0,3.0,0.0
2021-08-05 11:30:00,89.0,74.0,9.0,6.0
2021-08-05 11:30:01,87.0,79.0,5.0,3.0
2021-08-05 11:30:02,90.0,78.0,5.0,7.0
2021-08-05 11:30:03,93.0,80.0,6.0,7.0
2021-08-05 11:30:04,102.0,84.0,11.0,7.0
2021-08-05 11:30:05,81.0,71.0,5.0,5.0
2021-08-05 11:30:06,91.0,79.0,9.0,3.0
2021-08-05 11:30:07,94.0,80.0,8.0,6.0
2021-08-05 11:30:08,96.0,81.0,11.0,4.0
2021-08-05 11:30:09,83.0,70.0,7.0,6.0
2021-08-05 11:30:10,92.0,75.0,12.0,5.0
2021-08-05 11:30:11,89.0,75.0,11.0,3.0
2021-08-05 11:30:12,73.0,65.0,4.0,4.0
2021-08-05 11:30:13,87.0,74.0,6.0,7.0
2021-08-05 11:30:14,87.0,74.0,10.0,3.0
2021-08-05 11:30:15,83.0,73.0,3.0,7.0
2021-08-05 11:30:16,67.0,63.0,1.0,3.0
2021-08-05 11:30:17,81.0,72.0,6.0,3.0
2021-08-05 11:30:18,92.0,78.0,9.0,5.0
2021-08-05 11:30:19,100.0,87.0,7.0,6.0
2021-08-05 11:30:20,98.0,86.0,7.0,5.0
2021-08-05 11:30:21,89.0,84.0,4.0,1.0
2021-08-05 11:30:22,76.0,69.0,5.0,2.0
2021-08-05 11:30:23,82.0,72.0,5.0,5.0
2021-08-05 11:30:24,92.0,84.0,3.0,5.0
2021-08-05 11:30:25,71.0,64.0,5.0,2.0
2021-08-05 11:30:26,68.0,58.0,4.0,6.0
2021-08-05 11:30:27,89.0,73.0,10.0,6.0
2021-08-05 11:30:28,92.0,85.0,3.0,4.0
2021-08-05 11:30:29,83.0,75.0,5.0,3.0
2021-08-05 11:30:30,103.0,85.0,13.0,5.0
2021-08-05 11:30:31,65.0,55.0,7.0,3.0
2021-08-05 11:30:32,80.0,64.0,9.0,7.0
2021-08-05 11:30:33,77.0,65.0,7.0,5.0
2021-08-05 11:30:34,85.0,72.0,6.0,7.0
2021-08-05 11:30:35,96.0,86.0,9.0,1.0
2021-08-05 11:30:36,87.0,79.0,5.0,3.0
2021-08-05 11:30:37,89.0,74.0,7.0,8.0
2021-08-05 11:30:38,80.0,75.0,4.0,1.0
2021-08-05 11:30:39,73.0,64.0,8.0,1.0
2021-08-05 11:30:40,85.0,76.0,4.0,5.0
2021-08-05 11:30:41,85.0,71.0,8.0,6.0
2021-08-05 11:30:42,88.0,72.0,9.0,7.0
2021-08-05 11:30:43,96.0,85.0,7.0,4.0
2021-08-05 11:30:44,90.0,75.0,9.0,6.0
2021-08-05 11:30:45,95.0,86.0,4.0,5.0
2021-08-05 11:30:46,102.0,94.0,4.0,4.0
2021-08-05 11:30:47,67.0,57.0,4.0,6.0
2021-08-05 11:30:48,82.0,74.0,6.0,2.0
2021-08-05 11:30:49,103.0,93.0,5.0,5.0
2021-08-05 11:30:50,78.0,65.0,7.0,6.0
2021-08-05 11:30:51,93.0,89.0,2.0,2.0
2021-08-05 11:30:52,73.0,58.0,11.0,4.0
2021-08-05 11:30:53,88.0,76.0,8.0,4.0
2021-08-05 11:30:54,80.0,67.0,8.0,5.0
2021-08-05 11:30:55,73.0,62.0,7.0,4.0
2021-08-05 11:30:56,87.0,81.0,3.0,3.0
2021-08-05 11:30:57,78.0,66.0,8.0,4.0
2021-08-05 11:30:58,69.0,58.0,4.0,7.0
2021-08-05 11:30:59,84.0,70.0,7.0,7.0
2021-08-05 11:31:00,95.0,81.0,8.0,6.0
2021-08-05 11:31:01,83.0,73.0,5.0,5.0
2021-08-05 11:31:02,83.0,74.0,5.0,4.0
2021-08-05 11:31:03,73.0,65.0,5.0,3.0
2021-08-05 11:31:04,87.0,76.0,7.0,4.0
2021-08-05 11:31:05,75.0,65.0,6.0,4.0
2021-08-05 11:31:06,73.0,61.0,6.0,6.0
2021-08-05 11:31:07,84.0,72.0,4.0,8.0
2021-08-05 11:31:08,95.0,85.0,4.0,6.0
2021-08-05 11:31:09,89.0,71.0,12.0,6.0
2021-08-05 11:31:10,93.0,83.0,6.0,4.0
2021-08-05 11:31:11,105.0,98.0,4.0,3.0
2021-08-05 11:31:12,82.0,72.0,4.0,6.0
2021-08-05 11:31:13,76.0,67.0,5.0,4.0
2021-08-05 11:31:14,86.0,73.0,9.0,4.0
2021-08-05 11:31:15,85.0,73.0,8.0,4.0
2021-08-05 11:31:16,85.0,72.0,5.0,8.0
2021-08-05 11:31:17,69.0,59.0,7.0,3.0
2021-08-05 11:31:18,83.0,72.0,7.0,4.0
2021-08-05 11:31:19,85.0,77.0,3.0,5.0
2021-08-05 11:31:20,85.0,73.0,9.0,3.0
2021-08-05 11:31:21,84.0,75.0,5.0,4.0
2021-08-05 11:31:22,100.0,91.0,7.0,2.0
2021-08-05 11:31:23,86.0,76.0,6.0,4.0
2021-08-05 11:31:24,93.0,85.0,4.0,4.0
2021-08-05 11:31:25,83.0,73.0,7.0,3.0
2021-08-05 11:31:26,83.0,77.0,3.0,3.0
2021-08-05 11:31:27,77.0,64.0,8.0,5.0
2021-08-05 11:31:28,91.0,81.0,6.0,4.0
2021-08-05 11:31:29,81.0,74.0,4.0,3.0
2021-08-05 11:31:30,89.0,85.0,2.0,2.0
2021-08-05 11:31:31,81.0,77.0,2.0,2.0
2021-08-05 11:31:32,95.0,78.0,13.0,4.0
2021-08-05 11:31:33,81.0,72.0,7.0,2.0
2021-08-05 11:31:34,85.0,76.0,4.0,5.0
2021-08-05 11:31:35,101.0,90.0,8.0,3.0
2021-08-05 11:31:36,91.0,70.0,12.0,9.0
2021-08-05 11:31:37,87.0,80.0,4.0,3.0
2021-08-05 11:31:38,75.0,59.0,12.0,4.0
2021-08-05 11:31:39,88.0,82.0,2.0,4.0
2021-08-05 11:31:40,98.0,85.0,8.0,5.0
2021-08-05 11:31:41,66.0,56.0,7.0,3.0
2021-08-05 11:31:42,77.0,66.0,7.0,4.0
2021-08-05 11:31:43,84.0,66.0,9.0,9.0
2021-08-05 11:31:44,83.0,76.0,7.0,0.0
2021-08-05 11:31:45,102.0,90.0,8.0,4.0
2021-08-05 11:31:46,87.0,69.0,12.0,6.0
2021-08-05 11:31:47,87.0,75.0,6.0,6.0
2021-08-05 11:31:48,79.0,67.0,4.0,8.0
2021-08-05 11:31:49,95.0,82.0,9.0,4.0
2021-08-05 11:31:50,77.0,69.0,3.0,5.0
2021-08-05 11:31:51,67.0,63.0,2.0,2.0
2021-08-05 11:31:52,74.0,63.0,5.0,6.0
2021-08-05 11:31:53,83.0,74.0,5.0,4.0
2021-08-05 11:31:54,82.0,67.0,12.0,3.0
2021-08-05 11:31:55,87.0,75.0,7.0,5.0
2021-08-05 11:31:56,81.0,75.0,3.0,3.0
2021-08-05 11:31:57,80.0,75.0,4.0,1.0
2021-08-05 11:31:58,77.0,64.0,9.0,4.0
2021-08-05 11:31:59,64.0,54.0,6.0,4.0
2021-08-05 11:32:00,84.0,76.0,5.0,3.0
2021-08-05 11:32:01,87.0,73.0,8.0,6.0
2021-08-05 11:32:02,71.0,62.0,7.0,2.0
2021-08-05 11:32:03,83.0,74.0,7.0,2.0
2021-08-05 11:32:04,77.0,66.0,2.0,9.0
2021-08-05 11:32:05,95.0,78.0,10.0,7.0
2021-08-05 11:32:06,62.0,55.0,4.0,3.0
2021-08-05 11:32:07,78.0,68.0,7.0,3.0
2021-08-05 11:32:08,101.0,86.0,11.0,4.0
2021-08-05 11:32:09,72.0,60.0,6.0,6.0
2021-08-05 11:32:10,75.0,66.0,5.0,4.0
2021-08-05 11:32:11,82.0,70.0,6.0,6.0
2021-08-05 11:32:12,68.0,64.0,2.0,2.0
2021-08-05 11:32:13,89.0,79.0,6.0,4.0
2021-08-05 11:32:14,81.0,68.0,10.0,3.0
2021-08-05 11:32:15,94.0,80.0,8.0,6.0
2021-08-05 11:32:16,102.0,90.0,5.0,7.0
2021-08-05 11:32:17,87.0,77.0,6.0,4.0
2021-08-05 11:32:18,80.0,73.0,6.0,1.0
2021-08-05 11:32:19,68.0,61.0,4.0,3.0
2021-08-05 11:32:20,91.0,80.0,6.0,5.0
2021-08-05 11:32:21,88.0,77.0,6.0,5.0
2021-08-05 11:32:22,83.0,68.0,6.0,9.0
2021-08-05 11:32:23,83.0,71.0,7.0,5.0
2021-08-05 11:32:24,71.0,63.0,4.0,4.0
2021-08-05 11:32:25,75.0,66.0,5.0,4.0
2021-08-05 11:32:26,78.0,69.0,7.0,2.0
2021-08-05 11:32:27,96.0,89.0,3.0,4.0
2021-08-05 11:32:28,82.0,75.0,5.0,2.0
2021-08-05 11:32:29,92.0,76.0,11.0,5.0
2021-08-05 11:32:30,84.0,71.0,6.0,7.0
2021-08-05 11:32:31,89.0,77.0,7.0,5.0
2021-08-05 11:32:32,98.0,87.0,8.0,3.0
2021-08-05 11:32:33,97.0,86.0,8.0,3.0
2021-08-05 11:32:34,89.0,77.0,8.0,4.0
2021-08-05 11:32:35,76.0,66.0,6.0,4.0
2021-08-05 11:32:36,81.0,71.0,5.0,5.0
2021-08-05 11:32:37,85.0,68.0,7.0,10.0
2021-08-05 11:32:38,71.0,56.0,11.0,4.0
2021-08-05 11:32:39,81.0,73.0,7.0,1.0
2021-08-05 11:32:40,101.0,92.0,6.0,3.0
2021-08-05 11:32:41,80.0,72.0,6.0,2.0
2021-08-05 11:32:42,80.0,72.0,6.0,2.0
2021-08-05 11:32:43,78.0,69.0,5.0,4.0
2021-08-05 11:32:44,90.0,79.0,5.0,6.0
2021-08-05 11:32:45,69.0,56.0,7.0,6.0
2021-08-05 11:32:46,90.0,85.0,3.0,2.0
2021-08-05 11:32:47,87.0,74.0,7.0,6.0
2021-08-05 11:32:48,77.0,67.0,5.0,5.0
2021-08-05 11:32:49,83.0,69.0,7.0,7.0
2021-08-05 11:32:50,84.0,76.0,5.0,3.0
2021-08-05 11:32:51,94.0,77.0,9.0,8.0
2021-08-05 11:32:52,80.0,74.0,2.0,4.0
2021-08-05 11:32:53,103.0,94.0,6.0,3.0
2021-08-05 11:32:54,78.0,70.0,3.0,5.0
2021-08-05 11:32:55,72.0,65.0,3.0,4.0
2021-08-05 11:32:56,80.0,69.0,5.0,6.0
2021-08-05 11:32:57,76.0,66.0,7.0,3.0
2021-08-05 11:32:58,78.0,69.0,9.0,0.0
2021-08-05 11:32:59,102.0,89.0,8.0,5.0
2021-08-05 11:33:00,82.0,73.0,5.0,4.0
2021-08-05 11:33:01,79.0,69.0,7.0,3.0
2021-08-05 11:33:02,75.0,65.0,5.0,5.0
2021-08-05 11:33:03,91.0,80.0,8.0,3.0
2021-08-05 11:33:04,85.0,80.0,1.0,4.0
2021-08-05 11:33:05,72.0,62.0,4.0,6.0
2021-08-05 11:33:06,98.0,83.0,8.0,7.0
2021-08-05 11:33:07,95.0,90.0,3.0,2.0
2021-08-05 11:33:08,106.0,91.0,8.0,7.0
2021-08-05 11:33:09,97.0,80.0,9.0,8.0
2021-08-05 11:33:10,73.0,67.0,3.0,3.0
2021-08-05 11:33:11,102.0,90.0,9.0,3.0
2021-08-05 11:33:12,84.0,75.0,7.0,2.0
2021-08-05 11:33:13,88.0,77.0,9.0,2.0
2021-08-05 11:33:14,93.0,82.0,8.0,3.0
2021-08-05 11:33:15,86.0,75.0,8.0,3.0
2021-08-05 11:33:16,91.0,79.0,7.0,5.0
2021-08-05 11:33:17,98.0,84.0,8.0,6.0
2021-08-05 11:33:18,82.0,71.0,6.0,5.0
2021-08-05 11:33:19,81.0,69.0,5.0,7.0
2021-08-05 11:33:20,89.0,83.0,3.0,3.0
2021-08-05 11:33:21,91.0,81.0,7.0,3.0
2021-08-05 11:33:22,90.0,75.0,5.0,10.0
2021-08-05 11:33:23,82.0,76.0,4.0,2.0
2021-08-05 11:33:24,78.0,62.0,11.0,5.0
2021-08-05 11:33:25,72.0,63.0,5.0,4.0
2021-08-05 11:33:26,93.0,79.0,8.0,6.0
2021-08-05 11:33:27,78.0,67.0,6.0,5.0
2021-08-05 11:33:28,85.0,75.0,6.0,4.0
2021-08-05 11:33:29,91.0,83.0,6.0,2.0
2021-08-05 11:33:30,80.0,66.0,8.0,6.0
2021-08-05 11:33:31,61.0,55.0,3.0,3.0
2021-08-05 11:33:32,80.0,71.0,8.0,1.0
2021-08-05 11:33:33,91.0,77.0,9.0,5.0
2021-08-05 11:33:34,87.0,76.0,6.0,5.0
2021-08-05 11:33:35,84.0,75.0,6.0,3.0
2021-08-05 11:33:36,77.0,70.0,4.0,3.0
2021-08-05 11:33:37,75.0,64.0,6.0,5.0
2021-08-05 11:33:38,75.0,66.0,7.0,2.0
2021-08-05 11:33:39,59.0,52.0,5.0,2.0
2021-08-05 11:33:40,79.0,72.0,5.0,2.0
2021-08-05 11:33:41,94.0,80.0,8.0,6.0
2021-08-05 11:33:42,91.0,74.0,8.0,9.0
2021-08-05 11:33:43,73.0,66.0,6.0,1.0
2021-08-05 11:33:44,76.0,67.0,4.0,5.0
2021-08-05 11:33:45,86.0,78.0,3.0,5.0
2021-08-05 11:33:46,68.0,59.0,3.0,6.0
2021-08-05 11:33:47,87.0,75.0,7.0,5.0
2021-08-05 11:33:48,77.0,69.0,3.0,5.0
2021-08-05 11:33:49,81.0,76.0,4.0,1.0
2021-08-05 11:33:50,74.0,66.0,4.0,4.0
2021-08-05 11:33:51,99.0,92.0,4.0,3.0
2021-08-05 11:33:52,67.0,59.0,5.0,3.0
2021-08-05 11:33:53,76.0,70.0,5.0,1.0
2021-08-05 11:33:54,79.0,72.0,4.0,3.0
2021-08-05 11:33:55,84.0,73.0,6.0,5.0
2021-08-05 11:33:56,86.0,77.0,7.0,2.0
2021-08-05 11:33:57,77.0,68.0,6.0,3.0
2021-08-05 11:33:58,76.0,69.0,4.0,3.0
2021-08-05 11:33:59,69.0,59.0,8.0,2.0
2021-08-05 11:34:00,76.0,67.0,3.0,6.0
2021-08-05 11:34:01,100.0,89.0,7.0,4.0
2021-08-05 11:34:02,78.0,68.0,7.0,3.0
2021-08-05 11:34:03,83.0,76.0,7.0,0.0
2021-08-05 11:34:04,83.0,72.0,4.0,7.0
2021-08-05 11:34:05,82.0,70.0,9.0,3.0
2021-08-05 11:34:06,83.0,77.0,4.0,2.0
2021-08-05 11:34:07,86.0,78.0,5.0,3.0
2021-08-05 11:34:08,64.0,56.0,2.0,6.0
2021-08-05 11:34:09,101.0,91.0,10.0,0.0
2021-08-05 11:34:10,63.0,53.0,7.0,3.0
2021-08-05 11:34:11,82.0,70.0,8.0,4.0
2021-08-05 11:34:12,76.0,67.0,6.0,3.0
2021-08-05 11:34:13,90.0,79.0,6.0,5.0
2021-08-05 11:34:14,79.0,66.0,11.0,2.0
2021-08-05 11:34:15,86.0,72.0,7.0,7.0
2021-08-05 11:34:16,95.0,79.0,13.0,3.0
2021-08-05 11:34:17,74.0,63.0,6.0,5.0
2021-08-05 11:34:18,75.0,68.0,4.0,3.0
2021-08-05 11:34:19,78.0,74.0,4.0,0.0
2021-08-05 11:34:20,96.0,81.0,10.0,5.0
2021-08-05 11:34:21,85.0,71.0,9.0,5.0
2021-08-05 11:34:22,74.0,69.0,2.0,3.0
2021-08-05 11:34:23,83.0,72.0,5.0,6.0
2021-08-05 11:34:24,69.0,63.0,5.0,1.0
2021-08-05 11:34:25,80.0,72.0,6.0,2.0
2021-08-05 11:34:26,73.0,62.0,7.0,4.0
2021-08-05 11:34:27,67.0,59.0,6.0,2.0
2021-08-05 11:34:28,77.0,68.0,2.0,7.0
2021-08-05 11:34:29,91.0,74.0,12.0,5.0
2021-08-05 11:34:30,76.0,66.0,8.0,2.0
2021-08-05 11:34:31,101.0,86.0,8.0,7.0
2021-08-05 11:34:32,87.0,80.0,3.0,4.0
2021-08-05 11:34:33,70.0,62.0,7.0,1.0
2021-08-05 11:34:34,90.0,77.0,9.0,4.0
2021-08-05 11:34:35,65.0,59.0,3.0,3.0
2021-08-05 11:34:36,91.0,81.0,6.0,4.0
2021-08-05 11:34:37,102.0,89.0,8.0,5.0
2021-08-05 11:34:38,78.0,70.0,5.0,3.0
2021-08-05 11:34:39,80.0,73.0,6.0,1.0
2021-08-05 11:34:40,71.0,59.0,7.0,5.0
2021-08-05 11:34:41,97.0,91.0,4.0,2.0
2021-08-05 11:34:42,61.0,58.0,1.0,2.0
2021-08-05 11:34:43,93.0,81.0,7.0,5.0
2021-08-05 11:34:44,71.0,63.0,5.0,3.0
2021-08-05 11:34:45,92.0,83.0,4.0,5.0
2021-08-05 11:34:46,95.0,82.0,7.0,6.0
2021-08-05 11:34:47,60.0,54.0,5.0,1.0
2021-08-05 11:34:48,89.0,73.0,8.0,8.0
2021-08-05 11:34:49,80.0,72.0,5.0,3.0
2021-08-05 11:34:50,84.0,75.0,4.0,5.0
2021-08-05 11:34:51,76.0,69.0,6.0,1.0
2021-08-05 11:34:52,96.0,90.0,5.0,1.0
2021-08-05 11:34:53,91.0,74.0,11.0,6.0
2021-08-05 11:34:54,78.0,67.0,8.0,3.0
2021-08-05 11:34:55,94.0,75.0,12.0,7.0
2021-08-05 11:34:56,86.0,75.0,6.0,5.0
2021-08-05 11:34:57,89.0,79.0,8.0,2.0
2021-08-05 11:34:58,62.0,52.0,7.0,3.0
2021-08-05 11:34:59,100.0,85.0,5.0,10.0
2021-08-05 11:35:00,100.0,84.0,9.0,7.0
2021-08-05 11:35:01,72.0,60.0,7.0,5.0
2021-08-05 11:35:02,81.0,64.0,12.0,5.0
2021-08-05 11:35:03,82.0,74.0,5.0,3.0
2021-08-05 11:35:04,79.0,71.0,3.0,5.0
2021-08-05 11:35:05,89.0,81.0,6.0,2.0
2021-08-05 11:35:06,72.0,64.0,5.0,3.0
2021-08-05 11:35:07,85.0,75.0,8.0,2.0
2021-08-05 11:35:08,89.0,78.0,6.0,5.0
2021-08-05 11:35:09,77.0,62.0,5.0,10.0
2021-08-05 11:35:10,83.0,76.0,4.0,3.0
2021-08-05 11:35:11,85.0,72.0,10.0,3.0
2021-08-05 11:35:12,81.0,74.0,3.0,4.0
2021-08-05 11:35:13,88.0,75.0,8.0,5.0
2021-08-05 11:35:14,84.0,81.0,1.0,2.0
2021-08-05 11:35:15,74.0,62.0,7.0,5.0
2021-08-05 11:35:16,90.0,80.0,5.0,5.0
2021-08-05 11:35:17,77.0,69.0,6.0,2.0
2021-08-05 11:35:18,91.0,78.0,13.0,0.0
2021-08-05 11:35:19,103.0,89.0,7.0,7.0
2021-08-05 11:35:20,78.0,64.0,8.0,6.0
2021-08-05 11:35:21,84.0,71.0,7.0,6.0
2021-08-05 11:35:22,79.0,74.0,4.0,1.0
2021-08-05 11:35:23,87.0,70.0,10.0,7.0
2021-08-05 11:35:24,92.0,78.0,6.0,8.0
2021-08-05 11:35:25,81.0,71.0,6.0,4.0
2021-08-05 11:35:26,96.0,82.0,10.0,4.0
2021-08-05 11:35:27,70.0,59.0,6.0,5.0
2021-08-05 11:35:28,95.0,84.0,8.0,3.0
2021-08-05 11:35:29,101.0,91.0,9.0,1.0
2021-08-05 11:35:30,85.0,77.0,3.0,5.0
2021-08-05 11:35:31,95.0,81.0,10.0,4.0
2021-08-05 11:35:32,99.0,87.0,5.0,7.0
2021-08-05 11:35:33,87.0,77.0,5.0,5.0
2021-08-05 11:35:34,81.0,69.0,4.0,8.0
2021-08-05 11:35:35,86.0,78.0,7.0,1.0
2021-08-05 11:35:36,88.0,79.0,4.0,5.0
2021-08-05 11:35:37,74.0,64.0,5.0,5.0
2021-08-05 11:35:38,80.0,72.0,4.0,4.0
2021-08-05 11:35:39,85.0,76.0,5.0,4.0
2021-08-05 11:35:40,87.0,74.0,6.0,7.0
2021-08-05 11:35:41,91.0,79.0,9.0,3.0
2021-08-05 11:35:42,89.0,77.0,5.0,7.0
2021-08-05 11:35:43,86.0,71.0,10.0,5.0
2021-08-05 11:35:44,74.0,65.0,6.0,3.0
2021-08-05 11:35:45,70.0,62.0,7.0,1.0
2021-08-05 11:35:46,83.0,73.0,7.0,3.0
2021-08-05 11:35:47,72.0,63.0,5.0,4.0
2021-08-05 11:35:48,89.0,75.0,10.0,4.0
2021-08-05 11:35:49,78.0,64.0,10.0,4.0
2021-08-05 11:35:50,73.0,67.0,3.0,3.0
2021-08-05 11:35:51,78.0,67.0,5.0,6.0
2021-08-05 11:35:52,92.0,78.0,10.0,4.0
2021-08-05 11:35:53,88.0,79.0,7.0,2.0
2021-08-05 11:35:54,91.0,76.0,9.0,6.0
2021-08-05 11:35:55,93.0,87.0,3.0,3.0
2021-08-05 11:35:56,68.0,64.0,3.0,1.0
2021-08-05 11:35:57,75.0,64.0,8.0,3.0
2021-08-05 11:35:58,88.0,78.0,7.0,3.0
2021-08-05 11:35:59,86.0,73.0,7.0,6.0
2021-08-05 11:36:00,69.0,59.0,6.0,4.0
2021-08-05 11:36:01,79.0,73.0,5.0,1.0
2021-08-05 11:36:02,106.0,90.0,6.0,10.0
2021-08-05 11:36:03,76.0,67.0,6.0,3.0
2021-08-05 11:36:04,74.0,61.0,9.0,4.0
2021-08-05 11:36:05,78.0,66.0,8.0,4.0
2021-08-05 11:36:06,91.0,76.0,6.0,9.0
2021-08-05 11:36:07,80.0,68.0,6.0,6.0
2021-08-05 11:36:08,91.0,78.0,10.0,3.0
2021-08-05 11:36:09,71.0,60.0,5.0,6.0
2021-08-05 11:36:10,87.0,70.0,12.0,5.0
2021-08-05 11:36:11,78.0,66.0,7.0,5.0
2021-08-05 11:36:12,90.0,82.0,5.0,3.0
2021-08-05 11:36:13,107.0,94.0,8.0,5.0
2021-08-05 11:36:14,93.0,82.0,8.0,3.0
2021-08-05 11:36:15,105.0,93.0,7.0,5.0
2021-08-05 11:36:16,80.0,68.0,7.0,5.0
2021-08-05 11:36:17,81.0,67.0,10.0,4.0
2021-08-05 11:36:18,90.0,75.0,8.0,7.0
2021-08-05 11:36:19,95.0,83.0,8.0,4.0
2021-08-05 11:36:20,89.0,80.0,4.0,5.0
2021-08-05 11:36:21,89.0,77.0,5.0,7.0
2021-08-05 11:36:22,81.0,70.0,4.0,7.0
2021-08-05 11:36:23,97.0,85.0,6.0,6.0
2021-08-05 11:36:24,76.0,66.0,7.0,3.0
2021-08-05 11:36:25,85.0,75.0,7.0,3.0
2021-08-05 11:36:26,92.0,78.0,6.0,8.0
2021-08-05 11:36:27,76.0,58.0,13.0,5.0
2021-08-05 11:36:28,81.0,74.0,4.0,3.0
2021-08-05 11:36:29,84.0,74.0,6.0,4.0
2021-08-05 11:36:30,75.0,69.0,3.0,3.0
2021-08-05 11:36:31,93.0,76.0,11.0,6.0
2021-08-05 11:36:32,70.0,66.0,2.0,2.0
2021-08-05 11:36:33,95.0,84.0,6.0,5.0
2021-08-05 11:36:34,80.0,72.0,6.0,2.0
2021-08-05 11:36:35,87.0,80.0,5.0,2.0
2021-08-05 11:36:36,83.0,72.0,8.0,3.0
2021-08-05 11:36:37,77.0,65.0,5.0,7.0
2021-08-05 11:36:38,96.0,85.0,6.0,5.0
2021-08-05 11:36:39,92.0,81.0,6.0,5.0
2021-08-05 11:36:40,86.0,77.0,8.0,1.0
2021-08-05 11:36:41,94.0,84.0,5.0,5.0
2021-08-05 11:36:42,75.0,65.0,7.0,3.0
2021-08-05 11:36:43,90.0,80.0,7.0,3.0
2021-08-05 11:36:44,100.0,90.0,6.0,4.0
2021-08-05 11:36:45,90.0,82.0,5.0,3.0
2021-08-05 11:36:46,88.0,70.0,9.0,9.0
2021-08-05 11:36:47,79.0,73.0,3.0,3.0
2021-08-05 11:36:48,69.0,57.0,6.0,6.0
2021-08-05 11:36:49,74.0,71.0,2.0,1.0
2021-08-05 11:36:50,91.0,77.0,8.0,6.0
2021-08-05 11:36:51,79.0,64.0,7.0,8.0
2021-08-05 11:36:52,89.0,79.0,5.0,5.0
2021-08-05 11:36:53,86.0,76.0,8.0,2.0
2021-08-05 11:36:54,79.0,68.0,7.0,4.0
2021-08-05 11:36:55,92.0,81.0,10.0,1.0
2021-08-05 11:36:56,87.0,76.0,9.0,2.0
2021-08-05 11:36:57,89.0,76.0,7.0,6.0
2021-08-05 11:36:58,85.0,76.0,7.0,2.0
2021-08-05 11:36:59,97.0,87.0,5.0,5.0
2021-08-05 11:37:00,86.0,75.0,7.0,4.0
2021-08-05 11:37:01,86.0,74.0,9.0,3.0
2021-08-05 11:37:02,84.0,70.0,6.0,8.0
2021-08-05 11:37:03,69.0,65.0,4.0,0.0
2021-08-05 11:37:04,80.0,74.0,5.0,1.0
2021-08-05 11:37:05,85.0,75.0,7.0,3.0
2021-08-05 11:37:06,84.0,78.0,1.0,5.0
2021-08-05 11:37:07,79.0,67.0,8.0,4.0
2021-08-05 11:37:08,96.0,89.0,3.0,4.0
2021-08-05 11:37:09,92.0,81.0,6.0,5.0
2021-08-05 11:37:10,73.0,62.0,7.0,4.0
2021-08-05 11:37:11,89.0,75.0,7.0,7.0
2021-08-05 11:37:12,83.0,74.0,4.0,5.0
2021-08-05 11:37:13,82.0,71.0,8.0,3.0
2021-08-05 11:37:14,76.0,64.0,8.0,4.0
2021-08-05 11:37:15,86.0,75.0,5.0,6.0
2021-08-05 11:37:16,74.0,67.0,2.0,5.0
2021-08-05 11:37:17,78.0,68.0,6.0,4.0
2021-08-05 11:37:18,79.0,71.0,5.0,3.0
2021-08-05 11:37:19,100.0,88.0,7.0,5.0
2021-08-05 11:37:20,90.0,76.0,5.0,9.0
2021-08-05 11:37:21,96.0,91.0,2.0,3.0
2021-08-05 11:37:22,78.0,66.0,5.0,7.0
2021-08-05 11:37:23,85.0,79.0,2.0,4.0
2021-08-05 11:37:24,82.0,70.0,7.0,5.0
2021-08-05 11:37:25,74.0,63.0,8.0,3.0
2021-08-05 11:37:26,89.0,80.0,7.0,2.0
2021-08-05 11:37:27,93.0,76.0,11.0,6.0
2021-08-05 11:37:28,96.0,83.0,8.0,5.0
2021-08-05 11:37:29,91.0,81.0,6.0,4.0
2021-08-05 11:37:30,80.0,72.0,5.0,3.0
2021-08-05 11:37:31,81.0,71.0,7.0,3.0
2021-08-05 11:37:32,88.0,77.0,8.0,3.0
2021-08-05 11:37:33,80.0,67.0,8.0,5.0
2021-08-05 11:37:34,93.0,82.0,8.0,3.0
2021-08-05 11:37:35,74.0,62.0,7.0,5.0
2021-08-05 11:37:36,85.0,76.0,6.0,3.0
2021-08-05 11:37:37,81.0,68.0,8.0,5.0
2021-08-05 11:37:38,86.0,75.0,5.0,6.0
2021-08-05 11:37:39,74.0,61.0,8.0,5.0
2021-08-05 11:37:40,77.0,71.0,2.0,4.0
2021-08-05 11:37:41,94.0,82.0,11.0,1.0
2021-08-05 11:37:42,84.0,72.0,7.0,5.0
2021-08-05 11:37:43,99.0,85.0,9.0,5.0
2021-08-05 11:37:44,101.0,87.0,8.0,6.0
2021-08-05 11:37:45,80.0,66.0,12.0,2.0
2021-08-05 11:37:46,91.0,83.0,5.0,3.0
2021-08-05 11:37:47,72.0,58.0,9.0,5.0
2021-08-05 11:37:48,76.0,66.0,7.0,3.0
2021-08-05 11:37:49,77.0,73.0,2.0,2.0
2021-08-05 11:37:50,84.0,79.0,5.0,0.0
2021-08-05 11:37:51,99.0,94.0,2.0,3.0
2021-08-05 11:37:52,76.0,67.0,4.0,5.0
2021-08-05 11:37:53,86.0,68.0,12.0,6.0
2021-08-05 11:37:54,87.0,77.0,5.0,5.0
2021-08-05 11:37:55,82.0,70.0,8.0,4.0
2021-08-05 11:37:56,74.0,66.0,8.0,0.0
2021-08-05 11:37:57,81.0,71.0,6.0,4.0
2021-08-05 11:37:58,96.0,82.0,10.0,4.0
2021-08-05 11:37:59,92.0,83.0,6.0,3.0
2021-08-05 11:38:00,85.0,75.0,6.0,4.0
2021-08-05 11:38:01,77.0,71.0,5.0,1.0
2021-08-05 11:38:02,90.0,78.0,9.0,3.0
2021-08-05 11:38:03,91.0,75.0,11.0,5.0
2021-08-05 11:38:04,79.0,66.0,9.0,4.0
2021-08-05 11:38:05,66.0,60.0,5.0,1.0
2021-08-05 11:38:06,100.0,86.0,10.0,4.0
2021-08-05 11:38:07,75.0,64.0,7.0,4.0
2021-08-05 11:38:08,90.0,78.0,5.0,7.0
2021-08-05 11:38:09,82.0,64.0,8.0,10.0
2021-08-05 11:38:10,88.0,79.0,4.0,5.0
2021-08-05 11:38:11,81.0,75.0,4.0,2.0
2021-08-05 11:38:12,65.0,59.0,4.0,2.0
2021-08-05 11:38:13,87.0,76.0,8.0,3.0
2021-08-05 11:38:14,74.0,65.0,6.0,3.0
2021-08-05 11:38:15,103.0,92.0,7.0,4.0
2021-08-05 11:38:16,93.0,86.0,2.0,5.0
2021-08-05 11:38:17,78.0,65.0,10.0,3.0
2021-08-05 11:38:18,85.0,75.0,8.0,2.0
2021-08-05 11:38:19,78.0,69.0,8.0,1.0
2021-08-05 11:38:20,75.0,67.0,5.0,3.0
2021-08-05 11:38:21,101.0,89.0,7.0,5.0
2021-08-05 11:38:22,86.0,74.0,8.0,4.0
2021-08-05 11:38:23,81.0,73.0,5.0,3.0
2021-08-05 11:38:24,101.0,88.0,2.0,11.0
2021-08-05 11:38:25,74.0,69.0,2.0,3.0
2021-08-05 11:38:26,93.0,75.0,9.0,9.0
2021-08-05 11:38:27,74.0,63.0,8.0,3.0
2021-08-05 11:38:28,83.0,73.0,7.0,3.0
2021-08-05 11:38:29,66.0,58.0,6.0,2.0
2021-08-05 11:38:30,97.0,82.0,11.0,4.0
2021-08-05 11:38:31,82.0,71.0,6.0,5.0
2021-08-05 11:38:32,92.0,81.0,8.0,3.0
2021-08-05 11:38:33,77.0,70.0,4.0,3.0
2021-08-05 11:38:34,87.0,76.0,7.0,4.0
2021-08-05 11:38:35,77.0,63.0,6.0,8.0
2021-08-05 11:38:36,91.0,79.0,6.0,6.0
2021-08-05 11:38:37,97.0,87.0,4.0,6.0
2021-08-05 11:38:38,84.0,73.0,8.0,3.0
2021-08-05 11:38:39,80.0,72.0,6.0,2.0
2021-08-05 11:38:40,82.0,69.0,8.0,5.0
2021-08-05 11:38:41,78.0,72.0,5.0,1.0
2021-08-05 11:38:42,89.0,80.0,6.0,3.0
2021-08-05 11:38:43,66.0,56.0,7.0,3.0
2021-08-05 11:38:44,69.0,59.0,3.0,7.0
2021-08-05 11:38:45,82.0,65.0,12.0,5.0
2021-08-05 11:38:46,90.0,80.0,6.0,4.0
2021-08-05 11:38:47,103.0,87.0,9.0,7.0
2021-08-05 11:38:48,81.0,78.0,2.0,1.0
2021-08-05 11:38:49,96.0,87.0,7.0,2.0
2021-08-05 11:38:50,72.0,59.0,10.0,3.0
2021-08-05 11:38:51,81.0,69.0,4.0,8.0
2021-08-05 11:38:52,93.0,81.0,6.0,6.0
2021-08-05 11:38:53,86.0,78.0,5.0,3.0
2021-08-05 11:38:54,85.0,76.0,3.0,6.0
2021-08-05 11:38:55,85.0,70.0,7.0,8.0
2021-08-05 11:38:56,86.0,77.0,6.0,3.0
2021-08-05 11:38:57,98.0,86.0,7.0,5.0
2021-08-05 11:38:58,67.0,57.0,9.0,1.0
2021-08-05 11:38:59,102.0,93.0,7.0,2.0
2021-08-05 11:39:00,90.0,76.0,8.0,6.0
2021-08-05 11:39:01,93.0,80.0,8.0,5.0
2021-08-05 11:39:02,67.0,61.0,4.0,2.0
2021-08-05 11:39:03,69.0,62.0,4.0,3.0
2021-08-05 11:39:04,74.0,66.0,4.0,4.0
2021-08-05 11:39:05,106.0,88.0,11.0,7.0
2021-08-05 11:39:06,75.0,62.0,8.0,5.0
2021-08-05 11:39:07,98.0,85.0,9.0,4.0
2021-08-05 11:39:08,88.0,77.0,6.0,5.0
2021-08-05 11:39:09,86.0,74.0,8.0,4.0
2021-08-05 11:39:10,92.0,78.0,9.0,5.0
2021-08-05 11:39:11,83.0,75.0,5.0,3.0
2021-08-05 11:39:12,72.0,68.0,3.0,1.0
2021-08-05 11:39:13,79.0,65.0,11.0,3.0
2021-08-05 11:39:14,85.0,73.0,7.0,5.0
2021-08-05 11:39:15,75.0,65.0,7.0,3.0
2021-08-05 11:39:16,87.0,77.0,6.0,4.0
2021-08-05 11:39:17,65.0,59.0,4.0,2.0
2021-08-05 11:39:18,80.0,66.0,8.0,6.0
2021-08-05 11:39:19,77.0,70.0,4.0,3.0
2021-08-05 11:39:20,94.0,84.0,5.0,5.0
2021-08-05 11:39:21,75.0,72.0,1.0,2.0
2021-08-05 11:39:22,96.0,82.0,10.0,4.0
2021-08-05 11:39:23,86.0,71.0,6.0,9.0
2021-08-05 11:39:24,98.0,84.0,9.0,5.0
2021-08-05 11:39:25,61.0,55.0,5.0,1.0
2021-08-05 11:39:26,83.0,71.0,6.0,6.0
2021-08-05 11:39:27,66.0,57.0,5.0,4.0
2021-08-05 11:39:28,101.0,90.0,5.0,6.0
2021-08-05 11:39:29,71.0,56.0,8.0,7.0
2021-08-05 11:39:30,77.0,69.0,4.0,4.0
2021-08-05 11:39:31,78.0,70.0,3.0,5.0
2021-08-05 11:39:32,84.0,73.0,5.0,6.0
2021-08-05 11:39:33,85.0,70.0,11.0,4.0
2021-08-05 11:39:34,76.0,66.0,6.0,4.0
2021-08-05 11:39:35,77.0,63.0,6.0,8.0
2021-08-05 11:39:36,77.0,66.0,7.0,4.0
2021-08-05 11:39:37,75.0,64.0,6.0,5.0
2021-08-05 11:39:38,71.0,61.0,8.0,2.0
2021-08-05 11:39:39,88.0,79.0,5.0,4.0
2021-08-05 11:39:40,69.0,60.0,6.0,3.0
2021-08-05 11:39:41,78.0,71.0,6.0,1.0
2021-08-05 11:39:42,79.0,71.0,7.0,1.0
2021-08-05 11:39:43,75.0,68.0,3.0,4.0
2021-08-05 11:39:44,78.0,68.0,4.0,6.0
2021-08-05 11:39:45,82.0,76.0,3.0,3.0
2021-08-05 11:39:46,79.0,70.0,4.0,5.0
2021-08-05 11:39:47,93.0,81.0,7.0,5.0
2021-08-05 11:39:48,66.0,54.0,8.0,4.0
2021-08-05 11:39:49,92.0,78.0,7.0,7.0
2021-08-05 11:39:50,84.0,66.0,10.0,8.0
2021-08-05 11:39:51,79.0,68.0,8.0,3.0
2021-08-05 11:39:52,84.0,73.0,10.0,1.0
2021-08-05 11:39:53,81.0,73.0,7.0,1.0
2021-08-05 11:39:54,91.0,80.0,4.0,7.0
2021-08-05 11:39:55,106.0,95.0,8.0,3.0
2021-08-05 11:39:56,77.0,62.0,11.0,4.0
2021-08-05 11:39:57,69.0,65.0,2.0,2.0
2021-08-05 11:39:58,89.0,80.0,5.0,4.0
2021-08-05 11:39:59,69.0,61.0,3.0,5.0
2021-08-05 11:40:00,94.0,77.0,7.0,10.0
2021-08-05 11:40:01,92.0,83.0,8.0,1.0
2021-08-05 11:40:02,69.0,60.0,8.0,1.0
2021-08-05 11:40:03,89.0,82.0,4.0,3.0
2021-08-05 11:40:04,82.0,68.0,8.0,6.0
2021-08-05 11:40:05,68.0,61.0,5.0,2.0
2021-08-05 11:40:06,84.0,74.0,5.0,5.0
2021-08-05 11:40:07,76.0,72.0,4.0,0.0
2021-08-05 11:40:08,85.0,73.0,7.0,5.0
2021-08-05 11:40:09,98.0,82.0,8.0,8.0
2021-08-05 11:40:10,78.0,71.0,4.0,3.0
2021-08-05 11:40:11,84.0,73.0,8.0,3.0
2021-08-05 11:40:12,86.0,75.0,8.0,3.0
2021-08-05 11:40:13,98.0,85.0,8.0,5.0
2021-08-05 11:40:14,88.0,76.0,8.0,4.0
2021-08-05 11:40:15,84.0,74.0,7.0,3.0
2021-08-05 11:40:16,72.0,63.0,5.0,4.0
2021-08-05 11:40:17,87.0,77.0,5.0,5.0
2021-08-05 11:40:18,70.0,65.0,3.0,2.0
2021-08-05 11:40:19,92.0,77.0,7.0,8.0
2021-08-05 11:40:20,76.0,60.0,9.0,7.0
2021-08-05 11:40:21,85.0,73.0,8.0,4.0
2021-08-05 11:40:22,80.0,67.0,9.0,4.0
2021-08-05 11:40:23,69.0,57.0,6.0,6.0
2021-08-05 11:40:24,97.0,81.0,11.0,5.0
2021-08-05 11:40:25,79.0,68.0,8.0,3.0
2021-08-05 11:40:26,85.0,77.0,6.0,2.0
2021-08-05 11:40:27,88.0,76.0,7.0,5.0
2021-08-05 11:40:28,80.0,72.0,5.0,3.0
2021-08-05 11:40:29,74.0,63.0,5.0,6.0
2021-08-05 11:40:30,80.0,68.0,7.0,5.0
2021-08-05 11:40:31,85.0,78.0,3.0,4.0
2021-08-05 11:40:32,72.0,61.0,9.0,2.0
2021-08-05 11:40:33,81.0,71.0,7.0,3.0
2021-08-05 11:40:34,78.0,69.0,8.0,1.0
2021-08-05 11:40:35,95.0,85.0,5.0,5.0
2021-08-05 11:40:36,100.0,88.0,6.0,6.0
2021-08-05 11:40:37,83.0,71.0,5.0,7.0
2021-08-05 11:40:38,89.0,80.0,9.0,0.0
2021-08-05 11:40:39,77.0,71.0,5.0,1.0
2021-08-05 11:40:40,81.0,68.0,5.0,8.0
2021-08-05 11:40:41,95.0,83.0,10.0,2.0
2021-08-05 11:40:42,79.0,75.0,3.0,1.0
2021-08-05 11:40:43,86.0,78.0,4.0,4.0
2021-08-05 11:40:44,78.0,68.0,8.0,2.0
2021-08-05 11:40:45,100.0,89.0,10.0,1.0
2021-08-05 11:40:46,84.0,77.0,4.0,3.0
2021-08-05 11:40:47,94.0,79.0,7.0,8.0
2021-08-05 11:40:48,100.0,89.0,8.0,3.0
2021-08-05 11:40:49,82.0,70.0,9.0,3.0
2021-08-05 11:40:50,74.0,60.0,7.0,7.0
2021-08-05 11:40:51,105.0,94.0,7.0,4.0
2021-08-05 11:40:52,87.0,78.0,5.0,4.0
2021-08-05 11:40:53,65.0,55.0,5.0,5.0
2021-08-05 11:40:54,93.0,80.0,7.0,6.0
2021-08-05 11:40:55,92.0,77.0,10.0,5.0
2021-08-05 11:40:56,87.0,77.0,5.0,5.0
2021-08-05 11:40:57,84.0,63.0,12.0,9.0
2021-08-05 11:40:58,84.0,74.0,8.0,2.0
2021-08-05 11:40:59,93.0,80.0,9.0,4.0
2021-08-05 11:41:00,74.0,61.0,5.0,8.0
2021-08-05 11:41:01,89.0,76.0,8.0,5.0
2021-08-05 11:41:02,93.0,80.0,9.0,4.0
2021-08-05 11:41:03,73.0,58.0,10.0,5.0
2021-08-05 11:41:04,73.0,65.0,4.0,4.0
2021-08-05 11:41:05,90.0,79.0,6.0,5.0
2021-08-05 11:41:06,73.0,68.0,2.0,3.0
2021-08-05 11:41:07,96.0,80.0,11.0,5.0
2021-08-05 11:41:08,77.0,64.0,9.0,4.0
2021-08-05 11:41:09,91.0,85.0,4.0,2.0
2021-08-05 11:41:10,68.0,61.0,4.0,3.0
2021-08-05 11:41:11,83.0,72.0,7.0,4.0
2021-08-05 11:41:12,89.0,80.0,8.0,1.0
2021-08-05 11:41:13,62.0,54.0,4.0,4.0
2021-08-05 11:41:14,80.0,69.0,8.0,3.0
2021-08-05 11:41:15,91.0,82.0,7.0,2.0
2021-08-05 11:41:16,89.0,76.0,7.0,6.0
2021-08-05 11:41:17,78.0,67.0,4.0,7.0
2021-08-05 11:41:18,87.0,75.0,11.0,1.0
2021-08-05 11:41:19,79.0,74.0,3.0,2.0
2021-08-05 11:41:20,90.0,81.0,6.0,3.0
2021-08-05 11:41:21,89.0,76.0,8.0,5.0
2021-08-05 11:41:22,71.0,61.0,6.0,4.0
2021-08-05 11:41:23,93.0,81.0,7.0,5.0
2021-08-05 11:41:24,74.0,65.0,3.0,6.0
2021-08-05 11:41:25,79.0,72.0,3.0,4.0
2021-08-05 11:41:26,77.0,63.0,11.0,3.0
2021-08-05 11:41:27,98.0,81.0,8.0,9.0
2021-08-05 11:41:28,88.0,82.0,3.0,3.0
2021-08-05 11:41:29,63.0,54.0,3.0,6.0
2021-08-05 11:41:30,101.0,95.0,3.0,3.0
2021-08-05 11:41:31,79.0,67.0,10.0,2.0
2021-08-05 11:41:32,78.0,66.0,9.0,3.0
2021-08-05 11:41:33,91.0,75.0,6.0,10.0
2021-08-05 11:41:34,76.0,66.0,6.0,4.0
2021-08-05 11:41:35,92.0,79.0,8.0,5.0
2021-08-05 11:41:36,89.0,70.0,8.0,11.0
2021-08-05 11:41:37,76.0,64.0,5.0,7.0
2021-08-05 11:41:38,74.0,67.0,4.0,3.0
2021-08-05 11:41:39,76.0,70.0,2.0,4.0
2021-08-05 11:41:40,71.0,63.0,3.0,5.0
2021-08-05 11:41:41,87.0,76.0,6.0,5.0
2021-08-05 11:41:42,70.0,61.0,4.0,5.0
2021-08-05 11:41:43,77.0,73.0,3.0,1.0
2021-08-05 11:41:44,88.0,73.0,9.0,6.0
2021-08-05 11:41:45,65.0,55.0,7.0,3.0
2021-08-05 11:41:46,92.0,77.0,10.0,5.0
2021-08-05 11:41:47,103.0,91.0,8.0,4.0
2021-08-05 11:41:48,77.0,64.0,7.0,6.0
2021-08-05 11:41:49,86.0,80.0,3.0,3.0
2021-08-05 11:41:50,74.0,64.0,6.0,4.0
2021-08-05 11:41:51,84.0,73.0,6.0,5.0
2021-08-05 11:41:52,94.0,80.0,7.0,7.0
2021-08-05 11:41:53,67.0,62.0,3.0,2.0
2021-08-05 11:41:54,113.0,99.0,9.0,5.0
2021-08-05 11:41:55,78.0,59.0,12.0,7.0
2021-08-05 11:41:56,86.0,76.0,7.0,3.0
2021-08-05 11:41:57,61.0,53.0,5.0,3.0
2021-08-05 11:41:58,85.0,78.0,3.0,4.0
2021-08-05 11:41:59,68.0,59.0,6.0,3.0
2021-08-05 11:42:00,90.0,81.0,7.0,2.0
2021-08-05 11:42:01,84.0,71.0,10.0,3.0
2021-08-05 11:42:02,78.0,71.0,5.0,2.0
2021-08-05 11:42:03,84.0,72.0,6.0,6.0
2021-08-05 11:42:04,85.0,79.0,4.0,2.0
2021-08-05 11:42:05,105.0,91.0,9.0,5.0
2021-08-05 11:42:06,82.0,77.0,4.0,1.0
2021-08-05 11:42:07,60.0,59.0,0.0,1.0
2021-08-05 11:42:08,85.0,72.0,10.0,3.0
2021-08-05 11:42:09,83.0,75.0,5.0,3.0
2021-08-05 11:42:10,83.0,74.0,7.0,2.0
2021-08-05 11:42:11,105.0,86.0,13.0,6.0
2021-08-05 11:42:12,84.0,78.0,4.0,2.0
2021-08-05 11:42:13,92.0,75.0,8.0,9.0
2021-08-05 11:42:14,86.0,75.0,9.0,2.0
2021-08-05 11:42:15,86.0,78.0,8.0,0.0
2021-08-05 11:42:16,89.0,70.0,12.0,7.0
2021-08-05 11:42:17,73.0,66.0,3.0,4.0
2021-08-05 11:42:18,97.0,80.0,10.0,7.0
2021-08-05 11:42:19,74.0,66.0,4.0,4.0
2021-08-05 11:42:20,94.0,84.0,6.0,4.0
2021-08-05 11:42:21,80.0,69.0,5.0,6.0
2021-08-05 11:42:22,87.0,75.0,4.0,8.0
2021-08-05 11:42:23,82.0,74.0,7.0,1.0
2021-08-05 11:42:24,72.0,62.0,7.0,3.0
2021-08-05 11:42:25,80.0,72.0,4.0,4.0
2021-08-05 11:42:26,98.0,87.0,9.0,2.0
2021-08-05 11:42:27,90.0,80.0,7.0,3.0
2021-08-05 11:42:28,92.0,70.0,15.0,7.0
2021-08-05 11:42:29,82.0,74.0,5.0,3.0
2021-08-05 11:42:30,91.0,82.0,4.0,5.0
2021-08-05 11:42:31,78.0,67.0,9.0,2.0
2021-08-05 11:42:32,84.0,74.0,7.0,3.0
2021-08-05 11:42:33,77.0,67.0,7.0,3.0
2021-08-05 11:42:34,81.0,77.0,1.0,3.0
2021-08-05 11:42:35,96.0,77.0,11.0,8.0
2021-08-05 11:42:36,96.0,90.0,2.0,4.0
2021-08-05 11:42:37,93.0,86.0,5.0,2.0
2021-08-05 11:42:38,84.0,72.0,7.0,5.0
2021-08-05 11:42:39,87.0,73.0,8.0,6.0
2021-08-05 11:42:40,89.0,77.0,4.0,8.0
2021-08-05 11:42:41,81.0,74.0,3.0,4.0
2021-08-05 11:42:42,71.0,63.0,6.0,2.0
2021-08-05 11:42:43,95.0,81.0,10.0,4.0
2021-08-05 11:42:44,86.0,76.0,5.0,5.0
2021-08-05 11:42:45,84.0,73.0,7.0,4.0
2021-08-05 11:42:46,83.0,69.0,8.0,6.0
2021-08-05 11:42:47,86.0,78.0,4.0,4.0
2021-08-05 11:42:48,85.0,79.0,5.0,1.0
2021-08-05 11:42:49,77.0,64.0,9.0,4.0
2021-08-05 11:42:50,87.0,78.0,7.0,2.0
2021-08-05 11:42:51,77.0,66.0,8.0,3.0
2021-08-05 11:42:52,75.0,68.0,4.0,3.0
2021-08-05 11:42:53,93.0,79.0,8.0,6.0
2021-08-05 11:42:54,91.0,79.0,9.0,3.0
2021-08-05 11:42:55,90.0,72.0,12.0,6.0
2021-08-05 11:42:56,83.0,74.0,5.0,4.0
2021-08-05 11:42:57,97.0,85.0,10.0,2.0
2021-08-05 11:42:58,73.0,63.0,7.0,3.0
2021-08-05 11:42:59,73.0,60.0,9.0,4.0
2021-08-05 11:43:00,88.0,77.0,3.0,8.0
2021-08-05 11:43:01,84.0,74.0,5.0,5.0
2021-08-05 11:43:02,83.0,75.0,3.0,5.0
2021-08-05 11:43:03,93.0,81.0,10.0,2.0
2021-08-05 11:43:04,70.0,64.0,3.0,3.0
2021-08-05 11:43:05,88.0,78.0,6.0,4.0
2021-08-05 11:43:06,81.0,74.0,3.0,4.0
2021-08-05 11:43:07,83.0,76.0,5.0,2.0
2021-08-05 11:43:08,70.0,58.0,7.0,5.0
2021-08-05 11:43:09,78.0,70.0,4.0,4.0
2021-08-05 11:43:10,82.0,72.0,6.0,4.0
2021-08-05 11:43:11,70.0,62.0,6.0,2.0
2021-08-05 11:43:12,72.0,66.0,5.0,1.0
2021-08-05 11:43:13,83.0,69.0,7.0,7.0
2021-08-05 11:43:14,79.0,68.0,9.0,2.0
2021-08-05 11:43:15,90.0,80.0,6.0,4.0
2021-08-05 11:43:16,97.0,83.0,6.0,8.0
2021-08-05 11:43:17,70.0,60.0,5.0,5.0
2021-08-05 11:43:18,94.0,81.0,9.0,4.0
2021-08-05 11:43:19,90.0,80.0,6.0,4.0
2021-08-05 11:43:20,85.0,75.0,6.0,4.0
2021-08-05 11:43:21,82.0,69.0,8.0,5.0
2021-08-05 11:43:22,69.0,56.0,7.0,6.0
2021-08-05 11:43:23,82.0,75.0,5.0,2.0
2021-08-05 11:43:24,84.0,76.0,7.0,1.0
2021-08-05 11:43:25,75.0,66.0,2.0,7.0
2021-08-05 11:43:26,73.0,63.0,5.0,5.0
2021-08-05 11:43:27,81.0,72.0,5.0,4.0
2021-08-05 11:43:28,101.0,88.0,9.0,4.0
2021-08-05 11:43:29,99.0,85.0,7.0,7.0
2021-08-05 11:43:30,97.0,82.0,8.0,7.0
2021-08-05 11:43:31,70.0,64.0,2.0,4.0
2021-08-05 11:43:32,77.0,66.0,7.0,4.0
2021-08-05 11:43:33,88.0,74.0,11.0,3.0
2021-08-05 11:43:34,81.0,70.0,6.0,5.0
2021-08-05 11:43:35,86.0,73.0,7.0,6.0
2021-08-05 11:43:36,61.0,52.0,5.0,4.0
2021-08-05 11:43:37,94.0,87.0,4.0,3.0
2021-08-05 11:43:38,73.0,64.0,7.0,2.0
2021-08-05 11:43:39,70.0,60.0,7.0,3.0
2021-08-05 11:43:40,110.0,98.0,8.0,4.0
2021-08-05 11:43:41,88.0,76.0,3.0,9.0
2021-08-05 11:43:42,93.0,79.0,10.0,4.0
2021-08-05 11:43:43,81.0,72.0,4.0,5.0
2021-08-05 11:43:44,82.0,69.0,9.0,4.0
2021-08-05 11:43:45,73.0,68.0,3.0,2.0
2021-08-05 11:43:46,72.0,68.0,1.0,3.0
2021-08-05 11:43:47,88.0,80.0,6.0,2.0
2021-08-05 11:43:48,95.0,84.0,5.0,6.0
2021-08-05 11:43:49,100.0,80.0,16.0,4.0
2021-08-05 11:43:50,88.0,79.0,8.0,1.0
2021-08-05 11:43:51,89.0,81.0,6.0,2.0
2021-08-05 11:43:52,86.0,80.0,2.0,4.0
2021-08-05 11:43:53,74.0,64.0,7.0,3.0
2021-08-05 11:43:54,92.0,79.0,6.0,7.0
2021-08-05 11:43:55,91.0,82.0,4.0,5.0
2021-08-05 11:43:56,100.0,85.0,11.0,4.0
2021-08-05 11:43:57,86.0,74.0,5.0,7.0
2021-08-05 11:43:58,89.0,82.0,5.0,2.0
2021-08-05 11:43:59,97.0,89.0,4.0,4.0
2021-08-05 11:44:00,79.0,69.0,7.0,3.0
2021-08-05 11:44:01,92.0,82.0,3.0,7.0
2021-08-05 11:44:02,63.0,58.0,3.0,2.0
2021-08-05 11:44:03,88.0,78.0,7.0,3.0
2021-08-05 11:44:04,88.0,76.0,9.0,3.0
2021-08-05 11:44:05,81.0,68.0,6.0,7.0
2021-08-05 11:44:06,84.0,77.0,7.0,0.0
2021-08-05 11:44:07,85.0,80.0,3.0,2.0
2021-08-05 11:44:08,96.0,87.0,6.0,3.0
2021-08-05 11:44:09,86.0,78.0,4.0,4.0
2021-08-05 11:44:10,61.0,52.0,7.0,2.0
2021-08-05 11:44:11,80.0,69.0,5.0,6.0
2021-08-05 11:44:12,90.0,81.0,7.0,2.0
2021-08-05 11:44:13,77.0,67.0,7.0,3.0
2021-08-05 11:44:14,75.0,71.0,3.0,1.0
2021-08-05 11:44:15,86.0,78.0,4.0,4.0
2021-08-05 11:44:16,75.0,64.0,8.0,3.0
2021-08-05 11:44:17,91.0,79.0,8.0,4.0
2021-08-05 11:44:18,84.0,70.0,6.0,8.0
2021-08-05 11:44:19,80.0,74.0,4.0,2.0
2021-08-05 11:44:20,94.0,85.0,6.0,3.0
2021-08-05 11:44:21,89.0,76.0,7.0,6.0
2021-08-05 11:44:22,93.0,80.0,8.0,5.0
2021-08-05 11:44:23,74.0,68.0,4.0,2.0
2021-08-05 11:44:24,88.0,80.0,4.0,4.0
2021-08-05 11:44:25,100.0,87.0,10.0,3.0
2021-08-05 11:44:26,69.0,56.0,10.0,3.0
2021-08-05 11:44:27,79.0,70.0,6.0,3.0
2021-08-05 11:44:28,93.0,78.0,11.0,4.0
2021-08-05 11:44:29,90.0,79.0,7.0,4.0
2021-08-05 11:44:30,87.0,72.0,8.0,7.0
2021-08-05 11:44:31,77.0,69.0,4.0,4.0
2021-08-05 11:44:32,74.0,63.0,8.0,3.0
2021-08-05 11:44:33,84.0,74.0,7.0,3.0
2021-08-05 11:44:34,79.0,73.0,5.0,1.0
2021-08-05 11:44:35,97.0,88.0,8.0,1.0
2021-08-05 11:44:36,97.0,80.0,13.0,4.0
2021-08-05 11:44:37,86.0,74.0,11.0,1.0
2021-08-05 11:44:38,76.0,67.0,4.0,5.0
2021-08-05 11:44:39,80.0,73.0,5.0,2.0
2021-08-05 11:44:40,86.0,76.0,6.0,4.0
2021-08-05 11:44:41,78.0,73.0,2.0,3.0
2021-08-05 11:44:42,67.0,58.0,7.0,2.0
2021-08-05 11:44:43,94.0,83.0,7.0,4.0
2021-08-05 11:44:44,82.0,68.0,11.0,3.0
2021-08-05 11:44:45,84.0,73.0,7.0,4.0
2021-08-05 11:44:46,87.0,76.0,9.0,2.0
2021-08-05 11:44:47,87.0,78.0,4.0,5.0
2021-08-05 11:44:48,72.0,64.0,5.0,3.0
2021-08-05 11:44:49,91.0,83.0,8.0,0.0
2021-08-05 11:44:50,86.0,77.0,5.0,4.0
2021-08-05 11:44:51,95.0,87.0,2.0,6.0
2021-08-05 11:44:52,98.0,87.0,7.0,4.0
2021-08-05 11:44:53,84.0,75.0,7.0,2.0
2021-08-05 11:44:54,68.0,63.0,5.0,0.0
2021-08-05 11:44:55,76.0,61.0,10.0,5.0
2021-08-05 11:44:56,97.0,86.0,7.0,4.0
2021-08-05 11:44:57,84.0,73.0,5.0,6.0
2021-08-05 11:44:58,86.0,82.0,3.0,1.0
2021-08-05 11:44:59,83.0,75.0,5.0,3.0
2021-08-05 11:45:00,98.0,88.0,7.0,3.0
2021-08-05 11:45:01,80.0,74.0,2.0,4.0
2021-08-05 11:45:02,76.0,67.0,7.0,2.0
2021-08-05 11:45:03,86.0,71.0,8.0,7.0
2021-08-05 11:45:04,91.0,82.0,5.0,4.0
2021-08-05 11:45:05,108.0,91.0,13.0,4.0
2021-08-05 11:45:06,102.0,90.0,7.0,5.0
2021-08-05 11:45:07,85.0,70.0,7.0,8.0
2021-08-05 11:45:08,81.0,72.0,4.0,5.0
2021-08-05 11:45:09,87.0,78.0,5.0,4.0
2021-08-05 11:45:10,89.0,69.0,10.0,10.0
2021-08-05 11:45:11,80.0,72.0,8.0,0.0
2021-08-05 11:45:12,83.0,70.0,9.0,4.0
2021-08-05 11:45:13,78.0,61.0,11.0,6.0
2021-08-05 11:45:14,83.0,70.0,10.0,3.0
2021-08-05 11:45:15,86.0,74.0,8.0,4.0
2021-08-05 11:45:16,84.0,76.0,7.0,1.0
2021-08-05 11:45:17,71.0,63.0,7.0,1.0
2021-08-05 11:45:18,86.0,83.0,3.0,0.0
2021-08-05 11:45:19,81.0,73.0,3.0,5.0
2021-08-05 11:45:20,73.0,62.0,9.0,2.0
2021-08-05 11:45:21,82.0,75.0,4.0,3.0
2021-08-05 11:45:22,86.0,75.0,6.0,5.0
2021-08-05 11:45:23,79.0,67.0,6.0,6.0
2021-08-05 11:45:24,82.0,73.0,7.0,2.0
2021-08-05 11:45:25,80.0,72.0,7.0,1.0
2021-08-05 11:45:26,84.0,72.0,8.0,4.0
2021-08-05 11:45:27,72.0,68.0,2.0,2.0
2021-08-05 11:45:28,80.0,67.0,10.0,3.0
2021-08-05 11:45:29,103.0,86.0,11.0,6.0
2021-08-05 11:45:30,85.0,75.0,8.0,2.0
2021-08-05 11:45:31,90.0,79.0,5.0,6.0
2021-08-05 11:45:32,96.0,83.0,9.0,4.0
2021-08-05 11:45:33,73.0,67.0,3.0,3.0
2021-08-05 11:45:34,89.0,78.0,5.0,6.0
2021-08-05 11:45:35,87.0,73.0,8.0,6.0
2021-08-05 11:45:36,95.0,81.0,6.0,8.0
2021-08-05 11:45:37,66.0,60.0,3.0,3.0
2021-08-05 11:45:38,92.0,85.0,4.0,3.0
2021-08-05 11:45:39,88.0,72.0,10.0,6.0
2021-08-05 11:45:40,88.0,74.0,10.0,4.0
2021-08-05 11:45:41,78.0,66.0,7.0,5.0
2021-08-05 11:45:42,87.0,77.0,8.0,2.0
2021-08-05 11:45:43,76.0,66.0,9.0,1.0
2021-08-05 11:45:44,84.0,73.0,5.0,6.0
2021-08-05 11:45:45,75.0,64.0,5.0,6.0
2021-08-05 11:45:46,71.0,61.0,5.0,5.0
2021-08-05 11:45:47,79.0,70.0,8.0,1.0
2021-08-05 11:45:48,82.0,70.0,5.0,7.0
2021-08-05 11:45:49,67.0,58.0,4.0,5.0
2021-08-05 11:45:50,75.0,67.0,6.0,2.0
2021-08-05 11:45:51,82.0,73.0,7.0,2.0
2021-08-05 11:45:52,79.0,66.0,4.0,9.0
2021-08-05 11:45:53,94.0,80.0,8.0,6.0
2021-08-05 11:45:54,79.0,71.0,7.0,1.0
2021-08-05 11:45:55,80.0,67.0,10.0,3.0
2021-08-05 11:45:56,75.0,66.0,4.0,5.0
2021-08-05 11:45:57,85.0,69.0,10.0,6.0
2021-08-05 11:45:58,87.0,76.0,8.0,3.0
2021-08-05 11:45:59,90.0,78.0,5.0,7.0
2021-08-05 11:46:00,88.0,79.0,5.0,4.0
2021-08-05 11:46:01,80.0,71.0,7.0,2.0
2021-08-05 11:46:02,90.0,82.0,7.0,1.0
2021-08-05 11:46:03,88.0,74.0,11.0,3.0
2021-08-05 11:46:04,91.0,84.0,6.0,1.0
2021-08-05 11:46:05,74.0,66.0,5.0,3.0
2021-08-05 11:46:06,85.0,67.0,16.0,2.0
2021-08-05 11:46:07,97.0,85.0,6.0,6.0
2021-08-05 11:46:08,86.0,79.0,5.0,2.0
2021-08-05 11:46:09,77.0,67.0,4.0,6.0
2021-08-05 11:46:10,94.0,85.0,6.0,3.0
2021-08-05 11:46:11,77.0,60.0,10.0,7.0
2021-08-05 11:46:12,81.0,68.0,7.0,6.0
2021-08-05 11:46:13,99.0,83.0,8.0,8.0
2021-08-05 11:46:14,81.0,70.0,6.0,5.0
2021-08-05 11:46:15,71.0,61.0,6.0,4.0
2021-08-05 11:46:16,74.0,61.0,8.0,5.0
2021-08-05 11:46:17,98.0,90.0,7.0,1.0
2021-08-05 11:46:18,78.0,68.0,8.0,2.0
2021-08-05 11:46:19,85.0,67.0,14.0,4.0
2021-08-05 11:46:20,85.0,74.0,6.0,5.0
2021-08-05 11:46:21,67.0,59.0,6.0,2.0
2021-08-05 11:46:22,82.0,72.0,5.0,5.0
2021-08-05 11:46:23,83.0,74.0,6.0,3.0
2021-08-05 11:46:24,72.0,58.0,8.0,6.0
2021-08-05 11:46:25,86.0,78.0,4.0,4.0
2021-08-05 11:46:26,87.0,85.0,1.0,1.0
2021-08-05 11:46:27,100.0,91.0,8.0,1.0
2021-08-05 11:46:28,77.0,66.0,6.0,5.0
2021-08-05 11:46:29,82.0,74.0,8.0,0.0
2021-08-05 11:46:30,71.0,65.0,3.0,3.0
2021-08-05 11:46:31,87.0,78.0,5.0,4.0
2021-08-05 11:46:32,80.0,71.0,6.0,3.0
2021-08-05 11:46:33,79.0,64.0,10.0,5.0
2021-08-05 11:46:34,79.0,67.0,7.0,5.0
2021-08-05 11:46:35,88.0,78.0,6.0,4.0
2021-08-05 11:46:36,87.0,70.0,11.0,6.0
2021-08-05 11:46:37,71.0,62.0,5.0,4.0
2021-08-05 11:46:38,62.0,56.0,3.0,3.0
2021-08-05 11:46:39,76.0,69.0,6.0,1.0
2021-08-05 11:46:40,81.0,67.0,10.0,4.0
2021-08-05 11:46:41,83.0,75.0,5.0,3.0
2021-08-05 11:46:42,98.0,87.0,8.0,3.0
2021-08-05 11:46:43,91.0,75.0,9.0,7.0
2021-08-05 11:46:44,66.0,62.0,0.0,4.0
2021-08-05 11:46:45,89.0,81.0,5.0,3.0
2021-08-05 11:46:46,84.0,74.0,7.0,3.0
2021-08-05 11:46:47,84.0,75.0,6.0,3.0
2021-08-05 11:46:48,71.0,63.0,5.0,3.0
2021-08-05 11:46:49,84.0,73.0,2.0,9.0
2021-08-05 11:46:50,99.0,82.0,6.0,11.0
2021-08-05 11:46:51,82.0,72.0,6.0,4.0
2021-08-05 11:46:52,75.0,70.0,3.0,2.0
2021-08-05 11:46:53,87.0,77.0,7.0,3.0
2021-08-05 11:46:54,77.0,64.0,9.0,4.0
2021-08-05 11:46:55,91.0,71.0,11.0,9.0
2021-08-05 11:46:56,93.0,76.0,12.0,5.0
2021-08-05 11:46:57,70.0,61.0,5.0,4.0
2021-08-05 11:46:58,81.0,73.0,6.0,2.0
2021-08-05 11:46:59,70.0,60.0,6.0,4.0
2021-08-05 11:47:00,85.0,75.0,4.0,6.0
2021-08-05 11:47:01,76.0,67.0,5.0,4.0
2021-08-05 11:47:02,98.0,91.0,4.0,3.0
2021-08-05 11:47:03,88.0,79.0,4.0,5.0
2021-08-05 11:47:04,90.0,76.0,10.0,4.0
2021-08-05 11:47:05,82.0,71.0,7.0,4.0
2021-08-05 11:47:06,80.0,69.0,7.0,4.0
2021-08-05 11:47:07,77.0,67.0,8.0,2.0
2021-08-05 11:47:08,73.0,63.0,3.0,7.0
2021-08-05 11:47:09,92.0,75.0,10.0,7.0
2021-08-05 11:47:10,89.0,83.0,3.0,3.0
2021-08-05 11:47:11,84.0,65.0,9.0,10.0
2021-08-05 11:47:12,84.0,75.0,7.0,2.0
2021-08-05 11:47:13,76.0,67.0,6.0,3.0
2021-08-05 11:47:14,81.0,72.0,6.0,3.0
2021-08-05 11:47:15,97.0,76.0,12.0,9.0
2021-08-05 11:47:16,93.0,85.0,4.0,4.0
2021-08-05 11:47:17,80.0,73.0,4.0,3.0
2021-08-05 11:47:18,80.0,70.0,5.0,5.0
2021-08-05 11:47:19,70.0,56.0,8.0,6.0
2021-08-05 11:47:20,83.0,78.0,4.0,1.0
2021-08-05 11:47:21,87.0,82.0,2.0,3.0
2021-08-05 11:47:22,93.0,84.0,3.0,6.0
2021-08-05 11:47:23,71.0,62.0,7.0,2.0
2021-08-05 11:47:24,95.0,83.0,10.0,2.0
2021-08-05 11:47:25,85.0,79.0,6.0,0.0
2021-08-05 11:47:26,82.0,73.0,3.0,6.0
2021-08-05 11:47:27,86.0,79.0,4.0,3.0
2021-08-05 11:47:28,85.0,73.0,3.0,9.0
2021-08-05 11:47:29,90.0,76.0,11.0,3.0
2021-08-05 11:47:30,81.0,67.0,8.0,6.0
2021-08-05 11:47:31,75.0,54.0,13.0,8.0
2021-08-05 11:47:32,80.0,69.0,8.0,3.0
2021-08-05 11:47:33,89.0,78.0,6.0,5.0
2021-08-05 11:47:34,93.0,86.0,3.0,4.0
2021-08-05 11:47:35,82.0,66.0,8.0,8.0
2021-08-05 11:47:36,90.0,78.0,7.0,5.0
2021-08-05 11:47:37,93.0,82.0,4.0,7.0
2021-08-05 11:47:38,73.0,66.0,4.0,3.0
2021-08-05 11:47:39,67.0,57.0,7.0,3.0
2021-08-05 11:47:40,103.0,90.0,8.0,5.0
2021-08-05 11:47:41,88.0,70.0,12.0,6.0
2021-08-05 11:47:42,75.0,68.0,6.0,1.0
2021-08-05 11:47:43,76.0,67.0,6.0,3.0
2021-08-05 11:47:44,95.0,83.0,7.0,5.0
2021-08-05 11:47:45,106.0,95.0,9.0,2.0
2021-08-05 11:47:46,90.0,82.0,7.0,1.0
2021-08-05 11:47:47,82.0,69.0,8.0,5.0
2021-08-05 11:47:48,87.0,75.0,10.0,2.0
2021-08-05 11:47:49,88.0,70.0,10.0,8.0
2021-08-05 11:47:50,93.0,83.0,5.0,5.0
2021-08-05 11:47:51,95.0,82.0,10.0,3.0
2021-08-05 11:47:52,81.0,70.0,6.0,5.0
2021-08-05 11:47:53,86.0,72.0,10.0,4.0
2021-08-05 11:47:54,96.0,84.0,6.0,6.0
2021-08-05 11:47:55,89.0,79.0,8.0,2.0
2021-08-05 11:47:56,77.0,68.0,7.0,2.0
2021-08-05 11:47:57,89.0,75.0,8.0,6.0
2021-08-05 11:47:58,101.0,87.0,11.0,3.0
2021-08-05 11:47:59,70.0,63.0,5.0,2.0
2021-08-05 11:48:00,107.0,94.0,9.0,4.0
2021-08-05 11:48:01,81.0,69.0,9.0,3.0
2021-08-05 11:48:02,89.0,78.0,4.0,7.0
2021-08-05 11:48:03,80.0,69.0,6.0,5.0
2021-08-05 11:48:04,98.0,88.0,7.0,3.0
2021-08-05 11:48:05,86.0,80.0,3.0,3.0
2021-08-05 11:48:06,68.0,62.0,3.0,3.0
2021-08-05 11:48:07,101.0,84.0,12.0,5.0
2021-08-05 11:48:08,80.0,68.0,9.0,3.0
2021-08-05 11:48:09,78.0,67.0,5.0,6.0
2021-08-05 11:48:10,87.0,82.0,2.0,3.0
2021-08-05 11:48:11,83.0,76.0,5.0,2.0
2021-08-05 11:48:12,80.0,65.0,8.0,7.0
2021-08-05 11:48:13,92.0,78.0,6.0,8.0
2021-08-05 11:48:14,84.0,71.0,5.0,8.0
2021-08-05 11:48:15,83.0,76.0,5.0,2.0
2021-08-05 11:48:16,108.0,96.0,5.0,7.0
2021-08-05 11:48:17,68.0,59.0,6.0,3.0
2021-08-05 11:48:18,91.0,78.0,11.0,2.0
2021-08-05 11:48:19,60.0,53.0,4.0,3.0
2021-08-05 11:48:20,87.0,73.0,10.0,4.0
2021-08-05 11:48:21,88.0,76.0,9.0,3.0
2021-08-05 11:48:22,93.0,85.0,5.0,3.0
2021-08-05 11:48:23,75.0,64.0,5.0,6.0
2021-08-05 11:48:24,81.0,66.0,6.0,9.0
2021-08-05 11:48:25,83.0,75.0,5.0,3.0
2021-08-05 11:48:26,98.0,88.0,5.0,5.0
2021-08-05 11:48:27,95.0,83.0,6.0,6.0
2021-08-05 11:48:28,69.0,60.0,3.0,6.0
2021-08-05 11:48:29,94.0,83.0,2.0,9.0
2021-08-05 11:48:30,71.0,62.0,6.0,3.0
2021-08-05 11:48:31,78.0,63.0,9.0,6.0
2021-08-05 11:48:32,93.0,88.0,5.0,0.0
2021-08-05 11:48:33,75.0,58.0,12.0,5.0
2021-08-05 11:48:34,70.0,61.0,5.0,4.0
2021-08-05 11:48:35,98.0,86.0,10.0,2.0
2021-08-05 11:48:36,94.0,80.0,10.0,4.0
2021-08-05 11:48:37,75.0,62.0,8.0,5.0
2021-08-05 11:48:38,92.0,78.0,6.0,8.0
2021-08-05 11:48:39,83.0,69.0,9.0,5.0
2021-08-05 11:48:40,95.0,86.0,5.0,4.0
2021-08-05 11:48:41,88.0,77.0,7.0,4.0
2021-08-05 11:48:42,103.0,86.0,7.0,10.0
2021-08-05 11:48:43,82.0,74.0,4.0,4.0
2021-08-05 11:48:44,91.0,80.0,7.0,4.0
2021-08-05 11:48:45,78.0,71.0,5.0,2.0
2021-08-05 11:48:46,86.0,79.0,6.0,1.0
2021-08-05 11:48:47,82.0,73.0,6.0,3.0
2021-08-05 11:48:48,79.0,69.0,10.0,0.0
2021-08-05 11:48:49,73.0,66.0,4.0,3.0
2021-08-05 11:48:50,92.0,81.0,9.0,2.0
2021-08-05 11:48:51,76.0,67.0,8.0,1.0
2021-08-05 11:48:52,79.0,70.0,9.0,0.0
2021-08-05 11:48:53,71.0,62.0,6.0,3.0
2021-08-05 11:48:54,89.0,72.0,11.0,6.0
2021-08-05 11:48:55,72.0,63.0,5.0,4.0
2021-08-05 11:48:56,91.0,79.0,8.0,4.0
2021-08-05 11:48:57,76.0,70.0,4.0,2.0
2021-08-05 11:48:58,96.0,79.0,11.0,6.0
2021-08-05 11:48:59,65.0,52.0,10.0,3.0
2021-08-05 11:49:00,80.0,74.0,4.0,2.0
2021-08-05 11:49:01,99.0,89.0,10.0,0.0
2021-08-05 11:49:02,81.0,70.0,6.0,5.0
2021-08-05 11:49:03,91.0,79.0,8.0,4.0
2021-08-05 11:49:04,82.0,72.0,5.0,5.0
2021-08-05 11:49:05,89.0,81.0,5.0,3.0
2021-08-05 11:49:06,99.0,85.0,9.0,5.0
2021-08-05 11:49:07,81.0,70.0,9.0,2.0
2021-08-05 11:49:08,80.0,67.0,11.0,2.0
2021-08-05 11:49:09,80.0,72.0,5.0,3.0
2021-08-05 11:49:10,81.0,70.0,5.0,6.0
2021-08-05 11:49:11,101.0,90.0,6.0,5.0
2021-08-05 11:49:12,91.0,79.0,7.0,5.0
2021-08-05 11:49:13,84.0,75.0,5.0,4.0
2021-08-05 11:49:14,68.0,57.0,7.0,4.0
2021-08-05 11:49:15,84.0,75.0,7.0,2.0
2021-08-05 11:49:16,81.0,73.0,5.0,3.0
2021-08-05 11:49:17,72.0,60.0,9.0,3.0
2021-08-05 11:49:18,79.0,73.0,4.0,2.0
2021-08-05 11:49:19,115.0,99.0,11.0,5.0
2021-08-05 11:49:20,81.0,67.0,6.0,8.0
2021-08-05 11:49:21,108.0,91.0,9.0,8.0
2021-08-05 11:49:22,74.0,66.0,4.0,4.0
2021-08-05 11:49:23,89.0,82.0,5.0,2.0
2021-08-05 11:49:24,64.0,54.0,5.0,5.0
2021-08-05 11:49:25,60.0,54.0,4.0,2.0
2021-08-05 11:49:26,83.0,76.0,3.0,4.0
2021-08-05 11:49:27,83.0,69.0,9.0,5.0
2021-08-05 11:49:28,93.0,85.0,4.0,4.0
2021-08-05 11:49:29,79.0,70.0,6.0,3.0
2021-08-05 11:49:30,79.0,66.0,8.0,5.0
2021-08-05 11:49:31,84.0,74.0,7.0,3.0
2021-08-05 11:49:32,92.0,80.0,6.0,6.0
2021-08-05 11:49:33,80.0,72.0,5.0,3.0
2021-08-05 11:49:34,92.0,81.0,5.0,6.0
2021-08-05 11:49:35,104.0,99.0,4.0,1.0
2021-08-05 11:49:36,77.0,67.0,6.0,4.0
2021-08-05 11:49:37,102.0,92.0,8.0,2.0
2021-08-05 11:49:38,90.0,82.0,3.0,5.0
2021-08-05 11:49:39,89.0,71.0,12.0,6.0
2021-08-05 11:49:40,92.0,85.0,5.0,2.0
2021-08-05 11:49:41,96.0,80.0,9.0,7.0
2021-08-05 11:49:42,80.0,72.0,5.0,3.0
2021-08-05 11:49:43,71.0,57.0,7.0,7.0
2021-08-05 11:49:44,93.0,84.0,6.0,3.0
2021-08-05 11:49:45,79.0,70.0,7.0,2.0
2021-08-05 11:49:46,71.0,59.0,7.0,5.0
2021-08-05 11:49:47,84.0,76.0,3.0,5.0
2021-08-05 11:49:48,86.0,75.0,8.0,3.0
2021-08-05 11:49:49,74.0,59.0,7.0,8.0
2021-08-05 11:49:50,80.0,72.0,1.0,7.0
2021-08-05 11:49:51,85.0,75.0,5.0,5.0
2021-08-05 11:49:52,84.0,71.0,7.0,6.0
2021-08-05 11:49:53,83.0,68.0,11.0,4.0
2021-08-05 11:49:54,90.0,79.0,7.0,4.0
2021-08-05 11:49:55,78.0,71.0,4.0,3.0
2021-08-05 11:49:56,90.0,77.0,8.0,5.0
2021-08-05 11:49:57,66.0,56.0,6.0,4.0
2021-08-05 11:49:58,74.0,68.0,2.0,4.0
2021-08-05 11:49:59,88.0,79.0,5.0,4.0
2021-08-05 11:50:00,77.0,69.0,5.0,3.0
2021-08-05 11:50:01,86.0,75.0,7.0,4.0
2021-08-05 11:50:02,72.0,63.0,7.0,2.0
2021-08-05 11:50:03,90.0,81.0,7.0,2.0
2021-08-05 11:50:04,84.0,71.0,7.0,6.0
2021-08-05 11:50:05,88.0,74.0,9.0,5.0
2021-08-05 11:50:06,84.0,75.0,8.0,1.0
2021-08-05 11:50:07,79.0,66.0,10.0,3.0
2021-08-05 11:50:08,94.0,74.0,9.0,11.0
2021-08-05 11:50:09,86.0,75.0,6.0,5.0
2021-08-05 11:50:10,84.0,70.0,7.0,7.0
2021-08-05 11:50:11,92.0,83.0,5.0,4.0
2021-08-05 11:50:12,84.0,74.0,4.0,6.0
2021-08-05 11:50:13,93.0,79.0,7.0,7.0
2021-08-05 11:50:14,99.0,86.0,9.0,4.0
2021-08-05 11:50:15,64.0,56.0,3.0,5.0
2021-08-05 11:50:16,96.0,83.0,10.0,3.0
2021-08-05 11:50:17,83.0,75.0,3.0,5.0
2021-08-05 11:50:18,83.0,73.0,5.0,5.0
2021-08-05 11:50:19,87.0,71.0,8.0,8.0
2021-08-05 11:50:20,89.0,78.0,4.0,7.0
2021-08-05 11:50:21,88.0,71.0,11.0,6.0
2021-08-05 11:50:22,97.0,86.0,5.0,6.0
2021-08-05 11:50:23,73.0,63.0,5.0,5.0
2021-08-05 11:50:24,74.0,70.0,2.0,2.0
2021-08-05 11:50:25,92.0,82.0,5.0,5.0
2021-08-05 11:50:26,73.0,63.0,6.0,4.0
2021-08-05 11:50:27,110.0,93.0,9.0,8.0
2021-08-05 11:50:28,72.0,61.0,4.0,7.0
2021-08-05 11:50:29,80.0,70.0,8.0,2.0
2021-08-05 11:50:30,80.0,72.0,5.0,3.0
2021-08-05 11:50:31,90.0,83.0,4.0,3.0
2021-08-05 11:50:32,92.0,80.0,8.0,4.0
2021-08-05 11:50:33,82.0,74.0,4.0,4.0
2021-08-05 11:50:34,91.0,80.0,5.0,6.0
2021-08-05 11:50:35,82.0,70.0,8.0,4.0
2021-08-05 11:50:36,93.0,86.0,5.0,2.0
2021-08-05 11:50:37,86.0,76.0,7.0,3.0
2021-08-05 11:50:38,91.0,76.0,6.0,9.0
2021-08-05 11:50:39,104.0,94.0,6.0,4.0
2021-08-05 11:50:40,92.0,78.0,9.0,5.0
2021-08-05 11:50:41,74.0,64.0,4.0,6.0
2021-08-05 11:50:42,95.0,81.0,10.0,4.0
2021-08-05 11:50:43,79.0,67.0,7.0,5.0
2021-08-05 11:50:44,70.0,66.0,3.0,1.0
2021-08-05 11:50:45,99.0,87.0,6.0,6.0
2021-08-05 11:50:46,86.0,73.0,5.0,8.0
2021-08-05 11:50:47,91.0,77.0,9.0,5.0
2021-08-05 11:50:48,96.0,80.0,9.0,7.0
2021-08-05 11:50:49,74.0,56.0,6.0,12.0
2021-08-05 11:50:50,64.0,55.0,3.0,6.0
2021-08-05 11:50:51,85.0,70.0,11.0,4.0
2021-08-05 11:50:52,88.0,80.0,3.0,5.0
2021-08-05 11:50:53,91.0,76.0,7.0,8.0
2021-08-05 11:50:54,85.0,76.0,3.0,6.0
2021-08-05 11:50:55,91.0,79.0,6.0,6.0
2021-08-05 11:50:56,86.0,78.0,6.0,2.0
2021-08-05 11:50:57,99.0,86.0,8.0,5.0
2021-08-05 11:50:58,77.0,69.0,6.0,2.0
2021-08-05 11:50:59,81.0,66.0,8.0,7.0
2021-08-05 11:51:00,88.0,74.0,8.0,6.0
2021-08-05 11:51:01,80.0,70.0,10.0,0.0
2021-08-05 11:51:02,76.0,68.0,8.0,0.0
2021-08-05 11:51:03,73.0,63.0,6.0,4.0
2021-08-05 11:51:04,71.0,61.0,5.0,5.0
2021-08-05 11:51:05,75.0,64.0,7.0,4.0
2021-08-05 11:51:06,81.0,69.0,6.0,6.0
2021-08-05 11:51:07,74.0,61.0,10.0,3.0
2021-08-05 11:51:08,76.0,64.0,5.0,7.0
2021-08-05 11:51:09,91.0,75.0,9.0,7.0
2021-08-05 11:51:10,93.0,80.0,7.0,6.0
2021-08-05 11:51:11,80.0,71.0,8.0,1.0
2021-08-05 11:51:12,84.0,69.0,11.0,4.0
2021-08-05 11:51:13,79.0,68.0,9.0,2.0
2021-08-05 11:51:14,87.0,75.0,6.0,6.0
2021-08-05 11:51:15,85.0,75.0,4.0,6.0
2021-08-05 11:51:16,87.0,75.0,5.0,7.0
2021-08-05 11:51:17,94.0,79.0,8.0,7.0
2021-08-05 11:51:18,89.0,81.0,5.0,3.0
2021-08-05 11:51:19,93.0,84.0,4.0,5.0
2021-08-05 11:51:20,81.0,76.0,3.0,2.0
2021-08-05 11:51:21,87.0,78.0,8.0,1.0
2021-08-05 11:51:22,78.0,73.0,2.0,3.0
2021-08-05 11:51:23,84.0,76.0,4.0,4.0
2021-08-05 11:51:24,77.0,70.0,4.0,3.0
2021-08-05 11:51:25,79.0,72.0,7.0,0.0
2021-08-05 11:51:26,84.0,73.0,7.0,4.0
2021-08-05 11:51:27,89.0,79.0,8.0,2.0
2021-08-05 11:51:28,86.0,76.0,9.0,1.0
2021-08-05 11:51:29,87.0,78.0,4.0,5.0
2021-08-05 11:51:30,81.0,77.0,3.0,1.0
2021-08-05 11:51:31,76.0,65.0,6.0,5.0
2021-08-05 11:51:32,74.0,66.0,6.0,2.0
2021-08-05 11:51:33,93.0,85.0,2.0,6.0
2021-08-05 11:51:34,105.0,90.0,10.0,5.0
2021-08-05 11:51:35,92.0,81.0,6.0,5.0
2021-08-05 11:51:36,93.0,80.0,13.0,0.0
2021-08-05 11:51:37,87.0,78.0,5.0,4.0
2021-08-05 11:51:38,76.0,63.0,9.0,4.0
2021-08-05 11:51:39,82.0,72.0,6.0,4.0
2021-08-05 11:51:40,84.0,74.0,5.0,5.0
2021-08-05 11:51:41,102.0,87.0,7.0,8.0
2021-08-05 11:51:42,67.0,56.0,8.0,3.0
2021-08-05 11:51:43,86.0,71.0,8.0,7.0
2021-08-05 11:51:44,66.0,55.0,7.0,4.0
2021-08-05 11:51:45,82.0,70.0,6.0,6.0
2021-08-05 11:51:46,84.0,75.0,6.0,3.0
2021-08-05 11:51:47,85.0,74.0,7.0,4.0
2021-08-05 11:51:48,81.0,71.0,7.0,3.0
2021-08-05 11:51:49,77.0,70.0,4.0,3.0
2021-08-05 11:51:50,71.0,59.0,6.0,6.0
2021-08-05 11:51:51,86.0,77.0,6.0,3.0
2021-08-05 11:51:52,79.0,66.0,8.0,5.0
2021-08-05 11:51:53,98.0,91.0,4.0,3.0
2021-08-05 11:51:54,82.0,70.0,7.0,5.0
2021-08-05 11:51:55,66.0,57.0,8.0,1.0
2021-08-05 11:51:56,83.0,72.0,5.0,6.0
2021-08-05 11:51:57,85.0,70.0,9.0,6.0
2021-08-05 11:51:58,93.0,82.0,4.0,7.0
2021-08-05 11:51:59,80.0,66.0,9.0,5.0
2021-08-05 11:52:00,78.0,66.0,9.0,3.0
2021-08-05 11:52:01,75.0,60.0,13.0,2.0
2021-08-05 11:52:02,88.0,76.0,7.0,5.0
2021-08-05 11:52:03,92.0,78.0,10.0,4.0
2021-08-05 11:52:04,109.0,89.0,14.0,6.0
2021-08-05 11:52:05,94.0,84.0,7.0,3.0
2021-08-05 11:52:06,87.0,75.0,7.0,5.0
2021-08-05 11:52:07,87.0,76.0,5.0,6.0
2021-08-05 11:52:08,86.0,78.0,3.0,5.0
2021-08-05 11:52:09,80.0,67.0,10.0,3.0
2021-08-05 11:52:10,94.0,79.0,10.0,5.0
2021-08-05 11:52:11,88.0,84.0,3.0,1.0
2021-08-05 11:52:12,88.0,81.0,5.0,2.0
2021-08-05 11:52:13,88.0,77.0,8.0,3.0
2021-08-05 11:52:14,76.0,68.0,7.0,1.0
2021-08-05 11:52:15,71.0,65.0,3.0,3.0
2021-08-05 11:52:16,95.0,82.0,10.0,3.0
2021-08-05 11:52:17,73.0,66.0,3.0,4.0
2021-08-05 11:52:18,86.0,76.0,4.0,6.0
2021-08-05 11:52:19,95.0,85.0,4.0,6.0
2021-08-05 11:52:20,98.0,84.0,8.0,6.0
2021-08-05 11:52:21,76.0,63.0,7.0,6.0
2021-08-05 11:52:22,73.0,61.0,4.0,8.0
2021-08-05 11:52:23,94.0,82.0,7.0,5.0
2021-08-05 11:52:24,78.0,68.0,7.0,3.0
2021-08-05 11:52:25,85.0,74.0,7.0,4.0
2021-08-05 11:52:26,74.0,65.0,4.0,5.0
2021-08-05 11:52:27,92.0,78.0,11.0,3.0
2021-08-05 11:52:28,84.0,76.0,4.0,4.0
2021-08-05 11:52:29,92.0,79.0,9.0,4.0
2021-08-05 11:52:30,70.0,62.0,5.0,3.0
2021-08-05 11:52:31,81.0,73.0,3.0,5.0
2021-08-05 11:52:32,81.0,73.0,2.0,6.0
2021-08-05 11:52:33,90.0,78.0,4.0,8.0
2021-08-05 11:52:34,93.0,79.0,6.0,8.0
2021-08-05 11:52:35,95.0,84.0,6.0,5.0
2021-08-05 11:52:36,69.0,59.0,5.0,5.0
2021-08-05 11:52:37,94.0,85.0,6.0,3.0
2021-08-05 11:52:38,83.0,72.0,6.0,5.0
2021-08-05 11:52:39,93.0,84.0,4.0,5.0
2021-08-05 11:52:40,77.0,72.0,4.0,1.0
2021-08-05 11:52:41,75.0,61.0,6.0,8.0
2021-08-05 11:52:42,75.0,69.0,5.0,1.0
2021-08-05 11:52:43,96.0,81.0,10.0,5.0
2021-08-05 11:52:44,68.0,61.0,4.0,3.0
2021-08-05 11:52:45,91.0,79.0,5.0,7.0
2021-08-05 11:52:46,92.0,81.0,4.0,7.0
2021-08-05 11:52:47,98.0,86.0,9.0,3.0
2021-08-05 11:52:48,82.0,75.0,4.0,3.0
2021-08-05 11:52:49,71.0,62.0,6.0,3.0
2021-08-05 11:52:50,87.0,77.0,4.0,6.0
2021-08-05 11:52:51,87.0,75.0,4.0,8.0
2021-08-05 11:52:52,92.0,84.0,2.0,6.0
2021-08-05 11:52:53,78.0,64.0,9.0,5.0
2021-08-05 11:52:54,79.0,69.0,4.0,6.0
2021-08-05 11:52:55,87.0,77.0,6.0,4.0
2021-08-05 11:52:56,68.0,60.0,5.0,3.0
2021-08-05 11:52:57,80.0,66.0,6.0,8.0
2021-08-05 11:52:58,96.0,83.0,4.0,9.0
2021-08-05 11:52:59,69.0,57.0,6.0,6.0
2021-08-05 11:53:00,81.0,68.0,7.0,6.0
2021-08-05 11:53:01,80.0,68.0,7.0,5.0
2021-08-05 11:53:02,87.0,70.0,13.0,4.0
2021-08-05 11:53:03,80.0,75.0,2.0,3.0
2021-08-05 11:53:04,85.0,79.0,4.0,2.0
2021-08-05 11:53:05,80.0,71.0,6.0,3.0
2021-08-05 11:53:06,94.0,77.0,13.0,4.0
2021-08-05 11:53:07,92.0,75.0,12.0,5.0
2021-08-05 11:53:08,85.0,74.0,8.0,3.0
2021-08-05 11:53:09,83.0,73.0,8.0,2.0
2021-08-05 11:53:10,79.0,69.0,5.0,5.0
2021-08-05 11:53:11,64.0,51.0,8.0,5.0
2021-08-05 11:53:12,84.0,72.0,4.0,8.0
2021-08-05 11:53:13,71.0,60.0,7.0,4.0
2021-08-05 11:53:14,83.0,74.0,4.0,5.0
2021-08-05 11:53:15,100.0,82.0,14.0,4.0
2021-08-05 11:53:16,89.0,81.0,5.0,3.0
2021-08-05 11:53:17,84.0,78.0,5.0,1.0
2021-08-05 11:53:18,70.0,60.0,8.0,2.0
2021-08-05 11:53:19,89.0,77.0,10.0,2.0
2021-08-05 11:53:20,79.0,70.0,5.0,4.0
2021-08-05 11:53:21,75.0,65.0,6.0,4.0
2021-08-05 11:53:22,79.0,73.0,4.0,2.0
2021-08-05 11:53:23,78.0,67.0,6.0,5.0
2021-08-05 11:53:24,89.0,78.0,4.0,7.0
2021-08-05 11:53:25,94.0,85.0,5.0,4.0
2021-08-05 11:53:26,83.0,76.0,5.0,2.0
2021-08-05 11:53:27,95.0,81.0,10.0,4.0
2021-08-05 11:53:28,79.0,72.0,6.0,1.0
2021-08-05 11:53:29,91.0,80.0,6.0,5.0
2021-08-05 11:53:30,70.0,66.0,3.0,1.0
2021-08-05 11:53:31,82.0,69.0,6.0,7.0
2021-08-05 11:53:32,105.0,89.0,8.0,8.0
2021-08-05 11:53:33,73.0,63.0,6.0,4.0
2021-08-05 11:53:34,91.0,83.0,4.0,4.0
2021-08-05 11:53:35,92.0,81.0,6.0,5.0
2021-08-05 11:53:36,77.0,68.0,5.0,4.0
2021-08-05 11:53:37,86.0,71.0,8.0,7.0
2021-08-05 11:53:38,92.0,83.0,4.0,5.0
2021-08-05 11:53:39,94.0,82.0,8.0,4.0
2021-08-05 11:53:40,78.0,72.0,4.0,2.0
2021-08-05 11:53:41,93.0,76.0,8.0,9.0
2021-08-05 11:53:42,91.0,79.0,7.0,5.0
2021-08-05 11:53:43,77.0,67.0,6.0,4.0
2021-08-05 11:53:44,79.0,65.0,8.0,6.0
2021-08-05 11:53:45,91.0,78.0,11.0,2.0
2021-08-05 11:53:46,89.0,81.0,2.0,6.0
2021-08-05 11:53:47,84.0,74.0,6.0,4.0
2021-08-05 11:53:48,87.0,73.0,12.0,2.0
2021-08-05 11:53:49,81.0,57.0,9.0,15.0
2021-08-05 11:53:50,91.0,75.0,11.0,5.0
2021-08-05 11:53:51,95.0,84.0,5.0,6.0
2021-08-05 11:53:52,77.0,70.0,5.0,2.0
2021-08-05 11:53:53,101.0,83.0,14.0,4.0
2021-08-05 11:53:54,86.0,79.0,4.0,3.0
2021-08-05 11:53:55,95.0,82.0,7.0,6.0
2021-08-05 11:53:56,65.0,61.0,2.0,2.0
2021-08-05 11:53:57,83.0,69.0,9.0,5.0
2021-08-05 11:53:58,88.0,79.0,6.0,3.0
2021-08-05 11:53:59,93.0,78.0,4.0,11.0
2021-08-05 11:54:00,101.0,90.0,5.0,6.0
2021-08-05 11:54:01,78.0,69.0,7.0,2.0
2021-08-05 11:54:02,78.0,65.0,7.0,6.0
2021-08-05 11:54:03,72.0,60.0,5.0,7.0
2021-08-05 11:54:04,78.0,69.0,5.0,4.0
2021-08-05 11:54:05,85.0,72.0,8.0,5.0
2021-08-05 11:54:06,58.0,52.0,6.0,0.0
2021-08-05 11:54:07,96.0,87.0,5.0,4.0
2021-08-05 11:54:08,89.0,73.0,9.0,7.0
2021-08-05 11:54:09,88.0,77.0,9.0,2.0
2021-08-05 11:54:10,94.0,82.0,8.0,4.0
2021-08-05 11:54:11,96.0,86.0,6.0,4.0
2021-08-05 11:54:12,81.0,70.0,8.0,3.0
2021-08-05 11:54:13,72.0,64.0,7.0,1.0
2021-08-05 11:54:14,81.0,71.0,6.0,4.0
2021-08-05 11:54:15,77.0,67.0,6.0,4.0
2021-08-05 11:54:16,95.0,84.0,6.0,5.0
2021-08-05 11:54:17,72.0,65.0,5.0,2.0
2021-08-05 11:54:18,92.0,77.0,7.0,8.0
2021-08-05 11:54:19,86.0,73.0,9.0,4.0
2021-08-05 11:54:20,87.0,81.0,5.0,1.0
2021-08-05 11:54:21,73.0,63.0,7.0,3.0
2021-08-05 11:54:22,86.0,74.0,9.0,3.0
2021-08-05 11:54:23,78.0,68.0,6.0,4.0
2021-08-05 11:54:24,72.0,64.0,5.0,3.0
2021-08-05 11:54:25,83.0,69.0,12.0,2.0
2021-08-05 11:54:26,85.0,67.0,12.0,6.0
2021-08-05 11:54:27,89.0,74.0,5.0,10.0
2021-08-05 11:54:28,94.0,81.0,9.0,4.0
2021-08-05 11:54:29,82.0,71.0,7.0,4.0
2021-08-05 11:54:30,84.0,73.0,5.0,6.0
2021-08-05 11:54:31,77.0,65.0,5.0,7.0
2021-08-05 11:54:32,96.0,82.0,6.0,8.0
2021-08-05 11:54:33,84.0,77.0,2.0,5.0
2021-08-05 11:54:34,94.0,84.0,4.0,6.0
2021-08-05 11:54:35,77.0,68.0,4.0,5.0
2021-08-05 11:54:36,88.0,79.0,5.0,4.0
2021-08-05 11:54:37,88.0,75.0,6.0,7.0
2021-08-05 11:54:38,76.0,67.0,5.0,4.0
2021-08-05 11:54:39,85.0,73.0,6.0,6.0
2021-08-05 11:54:40,89.0,76.0,7.0,6.0
2021-08-05 11:54:41,83.0,76.0,4.0,3.0
2021-08-05 11:54:42,73.0,59.0,10.0,4.0
2021-08-05 11:54:43,81.0,65.0,10.0,6.0
2021-08-05 11:54:44,77.0,65.0,7.0,5.0
2021-08-05 11:54:45,86.0,74.0,5.0,7.0
2021-08-05 11:54:46,70.0,63.0,4.0,3.0
2021-08-05 11:54:47,78.0,64.0,5.0,9.0
2021-08-05 11:54:48,108.0,87.0,14.0,7.0
2021-08-05 11:54:49,79.0,72.0,7.0,0.0
2021-08-05 11:54:50,76.0,62.0,10.0,4.0
2021-08-05 11:54:51,77.0,68.0,8.0,1.0
2021-08-05 11:54:52,77.0,65.0,8.0,4.0
2021-08-05 11:54:53,76.0,65.0,3.0,8.0
2021-08-05 11:54:54,86.0,82.0,2.0,2.0
2021-08-05 11:54:55,73.0,64.0,4.0,5.0
2021-08-05 11:54:56,61.0,57.0,3.0,1.0
2021-08-05 11:54:57,86.0,78.0,5.0,3.0
2021-08-05 11:54:58,70.0,62.0,5.0,3.0
2021-08-05 11:54:59,95.0,84.0,9.0,2.0
2021-08-05 11:55:00,84.0,73.0,7.0,4.0
2021-08-05 11:55:01,86.0,76.0,6.0,4.0
2021-08-05 11:55:02,85.0,69.0,9.0,7.0
2021-08-05 11:55:03,67.0,57.0,6.0,4.0
2021-08-05 11:55:04,91.0,83.0,6.0,2.0
2021-08-05 11:55:05,83.0,71.0,6.0,6.0
2021-08-05 11:55:06,62.0,50.0,7.0,5.0
2021-08-05 11:55:07,65.0,57.0,3.0,5.0
2021-08-05 11:55:08,85.0,76.0,3.0,6.0
2021-08-05 11:55:09,89.0,80.0,4.0,5.0
2021-08-05 11:55:10,92.0,78.0,7.0,7.0
2021-08-05 11:55:11,88.0,77.0,3.0,8.0
2021-08-05 11:55:12,80.0,66.0,8.0,6.0
2021-08-05 11:55:13,77.0,71.0,3.0,3.0
2021-08-05 11:55:14,84.0,75.0,4.0,5.0
2021-08-05 11:55:15,96.0,86.0,8.0,2.0
2021-08-05 11:55:16,80.0,69.0,8.0,3.0
2021-08-05 11:55:17,89.0,79.0,8.0,2.0
2021-08-05 11:55:18,84.0,73.0,5.0,6.0
2021-08-05 11:55:19,77.0,66.0,7.0,4.0
2021-08-05 11:55:20,84.0,71.0,10.0,3.0
2021-08-05 11:55:21,91.0,82.0,7.0,2.0
2021-08-05 11:55:22,92.0,81.0,6.0,5.0
2021-08-05 11:55:23,90.0,75.0,9.0,6.0
2021-08-05 11:55:24,88.0,78.0,4.0,6.0
2021-08-05 11:55:25,77.0,68.0,5.0,4.0
2021-08-05 11:55:26,88.0,78.0,7.0,3.0
2021-08-05 11:55:27,73.0,66.0,5.0,2.0
2021-08-05 11:55:28,86.0,68.0,9.0,9.0
2021-08-05 11:55:29,80.0,68.0,6.0,6.0
2021-08-05 11:55:30,84.0,76.0,4.0,4.0
2021-08-05 11:55:31,71.0,61.0,6.0,4.0
2021-08-05 11:55:32,86.0,75.0,8.0,3.0
2021-08-05 11:55:33,81.0,71.0,4.0,6.0
2021-08-05 11:55:34,89.0,77.0,9.0,3.0
2021-08-05 11:55:35,82.0,74.0,5.0,3.0
2021-08-05 11:55:36,94.0,82.0,11.0,1.0
2021-08-05 11:55:37,95.0,81.0,7.0,7.0
2021-08-05 11:55:38,94.0,76.0,13.0,5.0
2021-08-05 11:55:39,78.0,66.0,9.0,3.0
2021-08-05 11:55:40,80.0,71.0,7.0,2.0
2021-08-05 11:55:41,95.0,87.0,5.0,3.0
2021-08-05 11:55:42,80.0,71.0,6.0,3.0
2021-08-05 11:55:43,79.0,64.0,6.0,9.0
2021-08-05 11:55:44,92.0,80.0,7.0,5.0
2021-08-05 11:55:45,68.0,58.0,4.0,6.0
2021-08-05 11:55:46,71.0,61.0,7.0,3.0
2021-08-05 11:55:47,91.0,81.0,5.0,5.0
2021-08-05 11:55:48,87.0,74.0,8.0,5.0
2021-08-05 11:55:49,82.0,73.0,4.0,5.0
2021-08-05 11:55:50,75.0,69.0,1.0,5.0
2021-08-05 11:55:51,83.0,74.0,4.0,5.0
2021-08-05 11:55:52,91.0,84.0,6.0,1.0
2021-08-05 11:55:53,120.0,105.0,10.0,5.0
2021-08-05 11:55:54,82.0,76.0,2.0,4.0
2021-08-05 11:55:55,89.0,84.0,5.0,0.0
2021-08-05 11:55:56,101.0,90.0,5.0,6.0
2021-08-05 11:55:57,86.0,77.0,3.0,6.0
2021-08-05 11:55:58,97.0,82.0,10.0,5.0
2021-08-05 11:55:59,94.0,79.0,9.0,6.0
2021-08-05 11:56:00,82.0,67.0,7.0,8.0
2021-08-05 11:56:01,110.0,98.0,10.0,2.0
2021-08-05 11:56:02,81.0,73.0,5.0,3.0
2021-08-05 11:56:03,90.0,81.0,4.0,5.0
2021-08-05 11:56:04,89.0,74.0,8.0,7.0
2021-08-05 11:56:05,78.0,67.0,8.0,3.0
2021-08-05 11:56:06,93.0,81.0,5.0,7.0
2021-08-05 11:56:07,81.0,68.0,8.0,5.0
2021-08-05 11:56:08,92.0,82.0,10.0,0.0
2021-08-05 11:56:09,83.0,72.0,6.0,5.0
2021-08-05 11:56:10,78.0,70.0,6.0,2.0
2021-08-05 11:56:11,87.0,75.0,9.0,3.0
2021-08-05 11:56:12,72.0,61.0,7.0,4.0
2021-08-05 11:56:13,71.0,63.0,7.0,1.0
2021-08-05 11:56:14,84.0,78.0,3.0,3.0
2021-08-05 11:56:15,75.0,65.0,6.0,4.0
2021-08-05 11:56:16,84.0,72.0,4.0,8.0
2021-08-05 11:56:17,94.0,80.0,6.0,8.0
2021-08-05 11:56:18,78.0,68.0,5.0,5.0
2021-08-05 11:56:19,81.0,67.0,8.0,6.0
2021-08-05 11:56:20,82.0,65.0,12.0,5.0
2021-08-05 11:56:21,86.0,80.0,5.0,1.0
2021-08-05 11:56:22,85.0,73.0,7.0,5.0
2021-08-05 11:56:23,67.0,55.0,10.0,2.0
2021-08-05 11:56:24,71.0,60.0,9.0,2.0
2021-08-05 11:56:25,83.0,77.0,4.0,2.0
2021-08-05 11:56:26,78.0,71.0,4.0,3.0
2021-08-05 11:56:27,71.0,63.0,5.0,3.0
2021-08-05 11:56:28,88.0,77.0,3.0,8.0
2021-08-05 11:56:29,96.0,81.0,7.0,8.0
2021-08-05 11:56:30,72.0,66.0,3.0,3.0
2021-08-05 11:56:31,80.0,67.0,8.0,5.0
2021-08-05 11:56:32,82.0,75.0,5.0,2.0
2021-08-05 11:56:33,91.0,75.0,9.0,7.0
2021-08-05 11:56:34,92.0,83.0,6.0,3.0
2021-08-05 11:56:35,92.0,85.0,3.0,4.0
2021-08-05 11:56:36,87.0,70.0,6.0,11.0
2021-08-05 11:56:37,75.0,65.0,4.0,6.0
2021-08-05 11:56:38,90.0,75.0,8.0,7.0
2021-08-05 11:56:39,84.0,76.0,6.0,2.0
2021-08-05 11:56:40,87.0,74.0,9.0,4.0
2021-08-05 11:56:41,88.0,82.0,5.0,1.0
2021-08-05 11:56:42,90.0,81.0,8.0,1.0
2021-08-05 11:56:43,78.0,70.0,7.0,1.0
2021-08-05 11:56:44,97.0,81.0,10.0,6.0
2021-08-05 11:56:45,88.0,80.0,7.0,1.0
2021-08-05 11:56:46,94.0,79.0,8.0,7.0
2021-08-05 11:56:47,90.0,81.0,3.0,6.0
2021-08-05 11:56:48,75.0,67.0,6.0,2.0
2021-08-05 11:56:49,86.0,73.0,8.0,5.0
2021-08-05 11:56:50,61.0,51.0,5.0,5.0
2021-08-05 11:56:51,83.0,75.0,5.0,3.0
2021-08-05 11:56:52,84.0,67.0,12.0,5.0
2021-08-05 11:56:53,64.0,51.0,6.0,7.0
2021-08-05 11:56:54,83.0,71.0,7.0,5.0
2021-08-05 11:56:55,102.0,84.0,14.0,4.0
2021-08-05 11:56:56,92.0,81.0,6.0,5.0
2021-08-05 11:56:57,89.0,79.0,6.0,4.0
2021-08-05 11:56:58,83.0,77.0,3.0,3.0
2021-08-05 11:56:59,92.0,79.0,8.0,5.0
2021-08-05 11:57:00,89.0,79.0,9.0,1.0
2021-08-05 11:57:01,83.0,71.0,11.0,1.0
2021-08-05 11:57:02,84.0,73.0,5.0,6.0
2021-08-05 11:57:03,76.0,72.0,2.0,2.0
2021-08-05 11:57:04,89.0,81.0,5.0,3.0
2021-08-05 11:57:05,86.0,72.0,8.0,6.0
2021-08-05 11:57:06,74.0,65.0,7.0,2.0
2021-08-05 11:57:07,100.0,93.0,6.0,1.0
2021-08-05 11:57:08,88.0,75.0,7.0,6.0
2021-08-05 11:57:09,69.0,61.0,7.0,1.0
2021-08-05 11:57:10,82.0,71.0,5.0,6.0
2021-08-05 11:57:11,85.0,76.0,8.0,1.0
2021-08-05 11:57:12,78.0,69.0,6.0,3.0
2021-08-05 11:57:13,82.0,71.0,9.0,2.0
2021-08-05 11:57:14,86.0,75.0,7.0,4.0
2021-08-05 11:57:15,76.0,69.0,5.0,2.0
2021-08-05 11:57:16,71.0,64.0,5.0,2.0
2021-08-05 11:57:17,93.0,80.0,4.0,9.0
2021-08-05 11:57:18,80.0,71.0,4.0,5.0
2021-08-05 11:57:19,110.0,97.0,7.0,6.0
2021-08-05 11:57:20,97.0,81.0,8.0,8.0
2021-08-05 11:57:21,78.0,71.0,5.0,2.0
2021-08-05 11:57:22,73.0,63.0,7.0,3.0
2021-08-05 11:57:23,90.0,78.0,5.0,7.0
2021-08-05 11:57:24,80.0,71.0,5.0,4.0
2021-08-05 11:57:25,74.0,64.0,6.0,4.0
2021-08-05 11:57:26,87.0,71.0,12.0,4.0
2021-08-05 11:57:27,66.0,54.0,6.0,6.0
2021-08-05 11:57:28,90.0,76.0,8.0,6.0
2021-08-05 11:57:29,81.0,74.0,4.0,3.0
2021-08-05 11:57:30,79.0,71.0,6.0,2.0
2021-08-05 11:57:31,88.0,79.0,4.0,5.0
2021-08-05 11:57:32,75.0,61.0,9.0,5.0
2021-08-05 11:57:33,119.0,103.0,10.0,6.0
2021-08-05 11:57:34,85.0,77.0,5.0,3.0
2021-08-05 11:57:35,97.0,88.0,5.0,4.0
2021-08-05 11:57:36,88.0,77.0,7.0,4.0
2021-08-05 11:57:37,77.0,67.0,7.0,3.0
2021-08-05 11:57:38,97.0,81.0,7.0,9.0
2021-08-05 11:57:39,76.0,56.0,11.0,9.0
2021-08-05 11:57:40,86.0,72.0,7.0,7.0
2021-08-05 11:57:41,102.0,94.0,4.0,4.0
2021-08-05 11:57:42,104.0,91.0,7.0,6.0
2021-08-05 11:57:43,84.0,73.0,6.0,5.0
2021-08-05 11:57:44,89.0,71.0,12.0,6.0
2021-08-05 11:57:45,78.0,68.0,5.0,5.0
2021-08-05 11:57:46,75.0,71.0,1.0,3.0
2021-08-05 11:57:47,99.0,85.0,9.0,5.0
2021-08-05 11:57:48,90.0,81.0,3.0,6.0
2021-08-05 11:57:49,77.0,65.0,8.0,4.0
2021-08-05 11:57:50,88.0,77.0,7.0,4.0
2021-08-05 11:57:51,77.0,71.0,3.0,3.0
2021-08-05 11:57:52,70.0,55.0,11.0,4.0
2021-08-05 11:57:53,86.0,78.0,5.0,3.0
2021-08-05 11:57:54,94.0,80.0,8.0,6.0
2021-08-05 11:57:55,100.0,86.0,8.0,6.0
2021-08-05 11:57:56,61.0,49.0,8.0,4.0
2021-08-05 11:57:57,70.0,61.0,6.0,3.0
2021-08-05 11:57:58,104.0,94.0,5.0,5.0
2021-08-05 11:57:59,84.0,65.0,11.0,8.0
2021-08-05 11:58:00,83.0,74.0,5.0,4.0
2021-08-05 11:58:01,73.0,66.0,3.0,4.0
2021-08-05 11:58:02,98.0,88.0,9.0,1.0
2021-08-05 11:58:03,77.0,70.0,3.0,4.0
2021-08-05 11:58:04,77.0,69.0,3.0,5.0
2021-08-05 11:58:05,82.0,75.0,5.0,2.0
2021-08-05 11:58:06,85.0,77.0,4.0,4.0
2021-08-05 11:58:07,85.0,74.0,4.0,7.0
2021-08-05 11:58:08,94.0,84.0,7.0,3.0
2021-08-05 11:58:09,64.0,56.0,3.0,5.0
2021-08-05 11:58:10,73.0,58.0,6.0,9.0
2021-08-05 11:58:11,97.0,80.0,12.0,5.0
2021-08-05 11:58:12,84.0,73.0,9.0,2.0
2021-08-05 11:58:13,84.0,78.0,5.0,1.0
2021-08-05 11:58:14,89.0,79.0,7.0,3.0
2021-08-05 11:58:15,77.0,66.0,6.0,5.0
2021-08-05 11:58:16,76.0,67.0,5.0,4.0
2021-08-05 11:58:17,68.0,58.0,7.0,3.0
2021-08-05 11:58:18,81.0,73.0,4.0,4.0
2021-08-05 11:58:19,66.0,53.0,6.0,7.0
2021-08-05 11:58:20,84.0,75.0,9.0,0.0
2021-08-05 11:58:21,80.0,65.0,11.0,4.0
2021-08-05 11:58:22,79.0,69.0,7.0,3.0
2021-08-05 11:58:23,75.0,69.0,3.0,3.0
2021-08-05 11:58:24,70.0,58.0,8.0,4.0
2021-08-05 11:58:25,58.0,49.0,3.0,6.0
2021-08-05 11:58:26,79.0,66.0,8.0,5.0
2021-08-05 11:58:27,85.0,75.0,6.0,4.0
2021-08-05 11:58:28,75.0,66.0,2.0,7.0
2021-08-05 11:58:29,78.0,71.0,3.0,4.0
2021-08-05 11:58:30,93.0,80.0,5.0,8.0
2021-08-05 11:58:31,99.0,81.0,10.0,8.0
2021-08-05 11:58:32,75.0,65.0,8.0,2.0
2021-08-05 11:58:33,80.0,74.0,5.0,1.0
2021-08-05 11:58:34,81.0,74.0,6.0,1.0
2021-08-05 11:58:35,72.0,60.0,8.0,4.0
2021-08-05 11:58:36,86.0,74.0,8.0,4.0
2021-08-05 11:58:37,86.0,77.0,6.0,3.0
2021-08-05 11:58:38,68.0,61.0,6.0,1.0
2021-08-05 11:58:39,99.0,87.0,7.0,5.0
2021-08-05 11:58:40,68.0,58.0,8.0,2.0
2021-08-05 11:58:41,74.0,64.0,6.0,4.0
2021-08-05 11:58:42,87.0,77.0,5.0,5.0
2021-08-05 11:58:43,95.0,79.0,6.0,10.0
2021-08-05 11:58:44,74.0,65.0,3.0,6.0
2021-08-05 11:58:45,84.0,69.0,9.0,6.0
2021-08-05 11:58:46,76.0,69.0,5.0,2.0
2021-08-05 11:58:47,83.0,69.0,10.0,4.0
2021-08-05 11:58:48,80.0,67.0,8.0,5.0
2021-08-05 11:58:49,94.0,85.0,4.0,5.0
2021-08-05 11:58:50,73.0,60.0,11.0,2.0
2021-08-05 11:58:51,72.0,65.0,5.0,2.0
2021-08-05 11:58:52,78.0,70.0,6.0,2.0
2021-08-05 11:58:53,81.0,71.0,7.0,3.0
2021-08-05 11:58:54,82.0,71.0,6.0,5.0
2021-08-05 11:58:55,88.0,77.0,6.0,5.0
2021-08-05 11:58:56,79.0,73.0,4.0,2.0
2021-08-05 11:58:57,77.0,72.0,3.0,2.0
2021-08-05 11:58:58,56.0,51.0,3.0,2.0
2021-08-05 11:58:59,95.0,85.0,5.0,5.0
2021-08-05 11:59:00,83.0,73.0,4.0,6.0
2021-08-05 11:59:01,71.0,61.0,3.0,7.0
2021-08-05 11:59:02,98.0,82.0,9.0,7.0
2021-08-05 11:59:03,78.0,67.0,8.0,3.0
2021-08-05 11:59:04,89.0,76.0,8.0,5.0
2021-08-05 11:59:05,73.0,66.0,5.0,2.0
2021-08-05 11:59:06,74.0,62.0,6.0,6.0
2021-08-05 11:59:07,80.0,67.0,3.0,10.0
2021-08-05 11:59:08,71.0,64.0,3.0,4.0
2021-08-05 11:59:09,82.0,72.0,5.0,5.0
2021-08-05 11:59:10,89.0,77.0,8.0,4.0
2021-08-05 11:59:11,82.0,78.0,1.0,3.0
2021-08-05 11:59:12,71.0,65.0,1.0,5.0
2021-08-05 11:59:13,82.0,75.0,3.0,4.0
2021-08-05 11:59:14,73.0,62.0,4.0,7.0
2021-08-05 11:59:15,95.0,83.0,9.0,3.0
2021-08-05 11:59:16,91.0,77.0,10.0,4.0
2021-08-05 11:59:17,92.0,82.0,7.0,3.0
2021-08-05 11:59:18,94.0,79.0,6.0,9.0
2021-08-05 11:59:19,84.0,71.0,7.0,6.0
2021-08-05 11:59:20,95.0,81.0,4.0,10.0
2021-08-05 11:59:21,91.0,81.0,9.0,1.0
2021-08-05 11:59:22,66.0,54.0,5.0,7.0
2021-08-05 11:59:23,84.0,69.0,6.0,9.0
2021-08-05 11:59:24,79.0,72.0,2.0,5.0
2021-08-05 11:59:25,84.0,71.0,7.0,6.0
2021-08-05 11:59:26,81.0,69.0,9.0,3.0
2021-08-05 11:59:27,73.0,69.0,3.0,1.0
2021-08-05 11:59:28,76.0,66.0,7.0,3.0
2021-08-05 11:59:29,89.0,72.0,10.0,7.0
2021-08-05 11:59:30,92.0,79.0,12.0,1.0
2021-08-05 11:59:31,85.0,79.0,4.0,2.0
2021-08-05 11:59:32,79.0,66.0,10.0,3.0
2021-08-05 11:59:33,110.0,101.0,8.0,1.0
2021-08-05 11:59:34,91.0,79.0,5.0,7.0
2021-08-05 11:59:35,89.0,78.0,8.0,3.0
2021-08-05 11:59:36,97.0,85.0,4.0,8.0
2021-08-05 11:59:37,88.0,81.0,3.0,4.0
2021-08-05 11:59:38,94.0,73.0,16.0,5.0
2021-08-05 11:59:39,60.0,52.0,4.0,4.0
2021-08-05 11:59:40,80.0,74.0,4.0,2.0
2021-08-05 11:59:41,75.0,60.0,11.0,4.0
2021-08-05 11:59:42,87.0,75.0,7.0,5.0
2021-08-05 11:59:43,68.0,54.0,11.0,3.0
2021-08-05 11:59:44,79.0,63.0,9.0,7.0
2021-08-05 11:59:45,78.0,66.0,7.0,5.0
2021-08-05 11:59:46,92.0,80.0,5.0,7.0
2021-08-05 11:59:47,93.0,84.0,8.0,1.0
2021-08-05 11:59:48,62.0,52.0,7.0,3.0
2021-08-05 11:59:49,65.0,56.0,5.0,4.0
2021-08-05 11:59:50,80.0,75.0,2.0,3.0
2021-08-05 11:59:51,101.0,89.0,7.0,5.0
2021-08-05 11:59:52,80.0,69.0,5.0,6.0
2021-08-05 11:59:53,79.0,69.0,3.0,7.0
2021-08-05 11:59:54,101.0,90.0,7.0,4.0
2021-08-05 11:59:55,90.0,82.0,7.0,1.0
2021-08-05 11:59:56,97.0,83.0,7.0,7.0
2021-08-05 11:59:57,89.0,73.0,9.0,7.0
2021-08-05 11:59:58,63.0,56.0,3.0,4.0
2021-08-05 11:59:59,72.0,63.0,7.0,2.0
2021-08-05 12:00:00,80.0,62.0,13.0,5.0
2021-08-05 12:00:01,88.0,82.0,3.0,3.0
2021-08-05 12:00:02,85.0,72.0,8.0,5.0
2021-08-05 12:00:03,89.0,77.0,5.0,7.0
2021-08-05 12:00:04,73.0,66.0,5.0,2.0
2021-08-05 12:00:05,87.0,83.0,2.0,2.0
2021-08-05 12:00:06,73.0,63.0,5.0,5.0
2021-08-05 12:00:07,84.0,77.0,3.0,4.0
2021-08-05 12:00:08,83.0,77.0,4.0,2.0
2021-08-05 12:00:09,84.0,77.0,4.0,3.0
2021-08-05 12:00:10,89.0,75.0,11.0,3.0
2021-08-05 12:00:11,90.0,76.0,8.0,6.0
2021-08-05 12:00:12,87.0,75.0,8.0,4.0
2021-08-05 12:00:13,77.0,70.0,7.0,0.0
2021-08-05 12:00:14,85.0,78.0,5.0,2.0
2021-08-05 12:00:15,92.0,80.0,11.0,1.0
2021-08-05 12:00:16,89.0,79.0,6.0,4.0
2021-08-05 12:00:17,66.0,57.0,5.0,4.0
2021-08-05 12:00:18,87.0,81.0,5.0,1.0
2021-08-05 12:00:19,83.0,70.0,8.0,5.0
2021-08-05 12:00:20,82.0,65.0,11.0,6.0
2021-08-05 12:00:21,71.0,59.0,8.0,4.0
2021-08-05 12:00:22,89.0,80.0,6.0,3.0
2021-08-05 12:00:23,80.0,74.0,3.0,3.0
2021-08-05 12:00:24,77.0,69.0,5.0,3.0
2021-08-05 12:00:25,98.0,88.0,10.0,0.0
2021-08-05 12:00:26,81.0,69.0,12.0,0.0
2021-08-05 12:00:27,82.0,74.0,4.0,4.0
2021-08-05 12:00:28,90.0,72.0,12.0,6.0
2021-08-05 12:00:29,80.0,75.0,3.0,2.0
2021-08-05 12:00:30,71.0,59.0,7.0,5.0
2021-08-05 12:00:31,79.0,66.0,11.0,2.0
2021-08-05 12:00:32,82.0,75.0,6.0,1.0
2021-08-05 12:00:33,86.0,72.0,9.0,5.0
2021-08-05 12:00:34,96.0,87.0,3.0,6.0
2021-08-05 12:00:35,73.0,65.0,5.0,3.0
2021-08-05 12:00:36,74.0,67.0,4.0,3.0
2021-08-05 12:00:37,76.0,69.0,5.0,2.0
2021-08-05 12:00:38,78.0,62.0,5.0,11.0
2021-08-05 12:00:39,78.0,65.0,8.0,5.0
2021-08-05 12:00:40,86.0,71.0,8.0,7.0
2021-08-05 12:00:41,71.0,66.0,3.0,2.0
2021-08-05 12:00:42,80.0,63.0,11.0,6.0
2021-08-05 12:00:43,79.0,71.0,5.0,3.0
2021-08-05 12:00:44,58.0,52.0,3.0,3.0
2021-08-05 12:00:45,106.0,91.0,9.0,6.0
2021-08-05 12:00:46,87.0,72.0,8.0,7.0
2021-08-05 12:00:47,100.0,89.0,9.0,2.0
2021-08-05 12:00:48,79.0,67.0,4.0,8.0
2021-08-05 12:00:49,77.0,67.0,4.0,6.0
2021-08-05 12:00:50,80.0,66.0,8.0,6.0
2021-08-05 12:00:51,96.0,83.0,7.0,6.0
2021-08-05 12:00:52,77.0,70.0,3.0,4.0
2021-08-05 12:00:53,84.0,70.0,12.0,2.0
2021-08-05 12:00:54,91.0,78.0,10.0,3.0
2021-08-05 12:00:55,77.0,67.0,7.0,3.0
2021-08-05 12:00:56,85.0,78.0,5.0,2.0
2021-08-05 12:00:57,73.0,67.0,3.0,3.0
2021-08-05 12:00:58,80.0,71.0,8.0,1.0
2021-08-05 12:00:59,81.0,77.0,3.0,1.0
2021-08-05 12:01:00,83.0,73.0,6.0,4.0
2021-08-05 12:01:01,65.0,55.0,6.0,4.0
2021-08-05 12:01:02,78.0,74.0,3.0,1.0
2021-08-05 12:01:03,85.0,75.0,6.0,4.0
2021-08-05 12:01:04,93.0,78.0,9.0,6.0
2021-08-05 12:01:05,93.0,77.0,12.0,4.0
2021-08-05 12:01:06,80.0,70.0,7.0,3.0
2021-08-05 12:01:07,81.0,72.0,4.0,5.0
2021-08-05 12:01:08,86.0,79.0,3.0,4.0
2021-08-05 12:01:09,82.0,74.0,3.0,5.0
2021-08-05 12:01:10,70.0,59.0,7.0,4.0
2021-08-05 12:01:11,87.0,74.0,7.0,6.0
2021-08-05 12:01:12,90.0,82.0,7.0,1.0
2021-08-05 12:01:13,74.0,66.0,5.0,3.0
2021-08-05 12:01:14,96.0,81.0,8.0,7.0
2021-08-05 12:01:15,97.0,84.0,9.0,4.0
2021-08-05 12:01:16,63.0,51.0,7.0,5.0
2021-08-05 12:01:17,87.0,74.0,8.0,5.0
2021-08-05 12:01:18,93.0,81.0,6.0,6.0
2021-08-05 12:01:19,75.0,65.0,8.0,2.0
2021-08-05 12:01:20,81.0,69.0,6.0,6.0
2021-08-05 12:01:21,80.0,73.0,4.0,3.0
2021-08-05 12:01:22,67.0,55.0,9.0,3.0
2021-08-05 12:01:23,83.0,72.0,7.0,4.0
2021-08-05 12:01:24,97.0,77.0,12.0,8.0
2021-08-05 12:01:25,73.0,58.0,12.0,3.0
2021-08-05 12:01:26,84.0,69.0,9.0,6.0
2021-08-05 12:01:27,78.0,71.0,4.0,3.0
2021-08-05 12:01:28,95.0,81.0,7.0,7.0
2021-08-05 12:01:29,90.0,77.0,7.0,6.0
2021-08-05 12:01:30,85.0,71.0,13.0,1.0
2021-08-05 12:01:31,75.0,69.0,3.0,3.0
2021-08-05 12:01:32,76.0,62.0,5.0,9.0
2021-08-05 12:01:33,93.0,75.0,12.0,6.0
2021-08-05 12:01:34,82.0,73.0,3.0,6.0
2021-08-05 12:01:35,70.0,65.0,3.0,2.0
2021-08-05 12:01:36,88.0,76.0,6.0,6.0
2021-08-05 12:01:37,94.0,86.0,5.0,3.0
2021-08-05 12:01:38,77.0,69.0,7.0,1.0
2021-08-05 12:01:39,82.0,71.0,9.0,2.0
2021-08-05 12:01:40,64.0,54.0,7.0,3.0
2021-08-05 12:01:41,84.0,79.0,5.0,0.0
2021-08-05 12:01:42,71.0,62.0,7.0,2.0
2021-08-05 12:01:43,90.0,79.0,7.0,4.0
2021-08-05 12:01:44,77.0,64.0,10.0,3.0
2021-08-05 12:01:45,69.0,60.0,3.0,6.0
2021-08-05 12:01:46,96.0,86.0,4.0,6.0
2021-08-05 12:01:47,101.0,87.0,10.0,4.0
2021-08-05 12:01:48,84.0,74.0,5.0,5.0
2021-08-05 12:01:49,73.0,58.0,7.0,8.0
2021-08-05 12:01:50,94.0,73.0,14.0,7.0
2021-08-05 12:01:51,77.0,65.0,8.0,4.0
2021-08-05 12:01:52,75.0,68.0,5.0,2.0
2021-08-05 12:01:53,87.0,75.0,9.0,3.0
2021-08-05 12:01:54,80.0,73.0,6.0,1.0
2021-08-05 12:01:55,80.0,69.0,9.0,2.0
2021-08-05 12:01:56,99.0,81.0,11.0,7.0
2021-08-05 12:01:57,81.0,69.0,9.0,3.0
2021-08-05 12:01:58,86.0,76.0,3.0,7.0
2021-08-05 12:01:59,89.0,80.0,4.0,5.0
2021-08-05 12:02:00,80.0,67.0,9.0,4.0
2021-08-05 12:02:01,79.0,68.0,9.0,2.0
2021-08-05 12:02:02,87.0,82.0,3.0,2.0
2021-08-05 12:02:03,103.0,93.0,8.0,2.0
2021-08-05 12:02:04,94.0,82.0,8.0,4.0
2021-08-05 12:02:05,89.0,78.0,8.0,3.0
2021-08-05 12:02:06,99.0,84.0,9.0,6.0
2021-08-05 12:02:07,80.0,66.0,11.0,3.0
2021-08-05 12:02:08,78.0,66.0,6.0,6.0
2021-08-05 12:02:09,108.0,94.0,8.0,6.0
2021-08-05 12:02:10,84.0,70.0,4.0,10.0
2021-08-05 12:02:11,91.0,81.0,4.0,6.0
2021-08-05 12:02:12,82.0,73.0,6.0,3.0
2021-08-05 12:02:13,82.0,72.0,6.0,4.0
2021-08-05 12:02:14,85.0,72.0,8.0,5.0
2021-08-05 12:02:15,87.0,70.0,10.0,7.0
2021-08-05 12:02:16,84.0,72.0,8.0,4.0
2021-08-05 12:02:17,77.0,66.0,7.0,4.0
2021-08-05 12:02:18,86.0,66.0,16.0,4.0
2021-08-05 12:02:19,90.0,78.0,3.0,9.0
2021-08-05 12:02:20,79.0,73.0,5.0,1.0
2021-08-05 12:02:21,89.0,79.0,5.0,5.0
2021-08-05 12:02:22,70.0,55.0,11.0,4.0
2021-08-05 12:02:23,70.0,61.0,3.0,6.0
2021-08-05 12:02:24,93.0,81.0,7.0,5.0
2021-08-05 12:02:25,85.0,71.0,7.0,7.0
2021-08-05 12:02:26,90.0,82.0,5.0,3.0
2021-08-05 12:02:27,80.0,72.0,6.0,2.0
2021-08-05 12:02:28,89.0,74.0,11.0,4.0
2021-08-05 12:02:29,97.0,89.0,4.0,4.0
2021-08-05 12:02:30,70.0,66.0,3.0,1.0
2021-08-05 12:02:31,91.0,79.0,7.0,5.0
2021-08-05 12:02:32,74.0,66.0,3.0,5.0
2021-08-05 12:02:33,94.0,83.0,8.0,3.0
2021-08-05 12:02:34,78.0,69.0,8.0,1.0
2021-08-05 12:02:35,78.0,72.0,3.0,3.0
2021-08-05 12:02:36,80.0,67.0,6.0,7.0
2021-08-05 12:02:37,81.0,72.0,3.0,6.0
2021-08-05 12:02:38,91.0,83.0,5.0,3.0
2021-08-05 12:02:39,87.0,80.0,7.0,0.0
2021-08-05 12:02:40,76.0,65.0,6.0,5.0
2021-08-05 12:02:41,82.0,73.0,3.0,6.0
2021-08-05 12:02:42,83.0,71.0,9.0,3.0
2021-08-05 12:02:43,79.0,68.0,6.0,5.0
2021-08-05 12:02:44,67.0,60.0,5.0,2.0
2021-08-05 12:02:45,92.0,80.0,7.0,5.0
2021-08-05 12:02:46,68.0,61.0,4.0,3.0
2021-08-05 12:02:47,80.0,67.0,6.0,7.0
2021-08-05 12:02:48,85.0,69.0,11.0,5.0
2021-08-05 12:02:49,93.0,79.0,6.0,8.0
2021-08-05 12:02:50,87.0,80.0,5.0,2.0
2021-08-05 12:02:51,87.0,80.0,5.0,2.0
2021-08-05 12:02:52,77.0,70.0,3.0,4.0
2021-08-05 12:02:53,78.0,64.0,6.0,8.0
2021-08-05 12:02:54,83.0,73.0,9.0,1.0
2021-08-05 12:02:55,71.0,57.0,8.0,6.0
2021-08-05 12:02:56,90.0,75.0,8.0,7.0
2021-08-05 12:02:57,90.0,75.0,11.0,4.0
2021-08-05 12:02:58,72.0,65.0,4.0,3.0
2021-08-05 12:02:59,67.0,60.0,4.0,3.0
2021-08-05 12:03:00,83.0,78.0,4.0,1.0
2021-08-05 12:03:01,88.0,72.0,7.0,9.0
2021-08-05 12:03:02,82.0,69.0,5.0,8.0
2021-08-05 12:03:03,83.0,72.0,7.0,4.0
2021-08-05 12:03:04,76.0,63.0,10.0,3.0
2021-08-05 12:03:05,91.0,74.0,9.0,8.0
2021-08-05 12:03:06,80.0,69.0,6.0,5.0
2021-08-05 12:03:07,81.0,66.0,10.0,5.0
2021-08-05 12:03:08,67.0,60.0,3.0,4.0
2021-08-05 12:03:09,99.0,89.0,7.0,3.0
2021-08-05 12:03:10,79.0,67.0,7.0,5.0
2021-08-05 12:03:11,72.0,61.0,9.0,2.0
2021-08-05 12:03:12,92.0,72.0,15.0,5.0
2021-08-05 12:03:13,85.0,74.0,3.0,8.0
2021-08-05 12:03:14,98.0,84.0,10.0,4.0
2021-08-05 12:03:15,84.0,72.0,10.0,2.0
2021-08-05 12:03:16,74.0,64.0,4.0,6.0
2021-08-05 12:03:17,86.0,72.0,10.0,4.0
2021-08-05 12:03:18,82.0,68.0,7.0,7.0
2021-08-05 12:03:19,91.0,76.0,10.0,5.0
2021-08-05 12:03:20,89.0,76.0,6.0,7.0
2021-08-05 12:03:21,78.0,70.0,4.0,4.0
2021-08-05 12:03:22,71.0,61.0,7.0,3.0
2021-08-05 12:03:23,93.0,81.0,8.0,4.0
2021-08-05 12:03:24,79.0,74.0,3.0,2.0
2021-08-05 12:03:25,61.0,54.0,4.0,3.0
2021-08-05 12:03:26,70.0,62.0,5.0,3.0
2021-08-05 12:03:27,94.0,78.0,10.0,6.0
2021-08-05 12:03:28,94.0,82.0,5.0,7.0
2021-08-05 12:03:29,84.0,73.0,7.0,4.0
2021-08-05 12:03:30,82.0,70.0,8.0,4.0
2021-08-05 12:03:31,92.0,81.0,6.0,5.0
2021-08-05 12:03:32,75.0,59.0,11.0,5.0
2021-08-05 12:03:33,82.0,68.0,8.0,6.0
2021-08-05 12:03:34,93.0,87.0,5.0,1.0
2021-08-05 12:03:35,86.0,80.0,5.0,1.0
2021-08-05 12:03:36,94.0,78.0,10.0,6.0
2021-08-05 12:03:37,91.0,81.0,7.0,3.0
2021-08-05 12:03:38,90.0,79.0,7.0,4.0
2021-08-05 12:03:39,98.0,82.0,11.0,5.0
2021-08-05 12:03:40,80.0,71.0,5.0,4.0
2021-08-05 12:03:41,75.0,67.0,4.0,4.0
2021-08-05 12:03:42,78.0,67.0,8.0,3.0
2021-08-05 12:03:43,92.0,78.0,9.0,5.0
2021-08-05 12:03:44,87.0,77.0,9.0,1.0
2021-08-05 12:03:45,99.0,82.0,10.0,7.0
2021-08-05 12:03:46,83.0,74.0,7.0,2.0
2021-08-05 12:03:47,76.0,64.0,7.0,5.0
2021-08-05 12:03:48,80.0,68.0,5.0,7.0
2021-08-05 12:03:49,74.0,61.0,11.0,2.0
2021-08-05 12:03:50,71.0,62.0,7.0,2.0
2021-08-05 12:03:51,76.0,64.0,10.0,2.0
2021-08-05 12:03:52,75.0,67.0,4.0,4.0
2021-08-05 12:03:53,86.0,78.0,5.0,3.0
2021-08-05 12:03:54,75.0,64.0,7.0,4.0
2021-08-05 12:03:55,73.0,59.0,11.0,3.0
2021-08-05 12:03:56,76.0,66.0,4.0,6.0
2021-08-05 12:03:57,98.0,84.0,9.0,5.0
2021-08-05 12:03:58,80.0,67.0,5.0,8.0
2021-08-05 12:03:59,94.0,80.0,12.0,2.0
2021-08-05 12:04:00,85.0,74.0,5.0,6.0
2021-08-05 12:04:01,81.0,72.0,5.0,4.0
2021-08-05 12:04:02,96.0,80.0,9.0,7.0
2021-08-05 12:04:03,82.0,72.0,4.0,6.0
2021-08-05 12:04:04,81.0,72.0,4.0,5.0
2021-08-05 12:04:05,81.0,69.0,5.0,7.0
2021-08-05 12:04:06,93.0,80.0,7.0,6.0
2021-08-05 12:04:07,105.0,98.0,3.0,4.0
2021-08-05 12:04:08,82.0,67.0,8.0,7.0
2021-08-05 12:04:09,77.0,68.0,6.0,3.0
2021-08-05 12:04:10,73.0,65.0,4.0,4.0
2021-08-05 12:04:11,89.0,77.0,7.0,5.0
2021-08-05 12:04:12,74.0,68.0,3.0,3.0
2021-08-05 12:04:13,92.0,82.0,5.0,5.0
2021-08-05 12:04:14,66.0,60.0,4.0,2.0
2021-08-05 12:04:15,79.0,66.0,5.0,8.0
2021-08-05 12:04:16,77.0,66.0,8.0,3.0
2021-08-05 12:04:17,96.0,86.0,6.0,4.0
2021-08-05 12:04:18,73.0,65.0,6.0,2.0
2021-08-05 12:04:19,88.0,78.0,3.0,7.0
2021-08-05 12:04:20,79.0,67.0,11.0,1.0
2021-08-05 12:04:21,77.0,67.0,6.0,4.0
2021-08-05 12:04:22,74.0,57.0,8.0,9.0
2021-08-05 12:04:23,66.0,58.0,6.0,2.0
2021-08-05 12:04:24,72.0,62.0,6.0,4.0
2021-08-05 12:04:25,72.0,63.0,6.0,3.0
2021-08-05 12:04:26,84.0,73.0,8.0,3.0
2021-08-05 12:04:27,91.0,79.0,9.0,3.0
2021-08-05 12:04:28,93.0,80.0,8.0,5.0
2021-08-05 12:04:29,100.0,93.0,5.0,2.0
2021-08-05 12:04:30,87.0,74.0,11.0,2.0
2021-08-05 12:04:31,63.0,55.0,3.0,5.0
2021-08-05 12:04:32,68.0,56.0,10.0,2.0
2021-08-05 12:04:33,80.0,66.0,11.0,3.0
2021-08-05 12:04:34,70.0,58.0,8.0,4.0
2021-08-05 12:04:35,87.0,80.0,3.0,4.0
2021-08-05 12:04:36,81.0,69.0,7.0,5.0
2021-08-05 12:04:37,91.0,80.0,6.0,5.0
2021-08-05 12:04:38,73.0,69.0,3.0,1.0
2021-08-05 12:04:39,93.0,82.0,5.0,6.0
2021-08-05 12:04:40,85.0,73.0,8.0,4.0
2021-08-05 12:04:41,86.0,70.0,12.0,4.0
2021-08-05 12:04:42,89.0,81.0,4.0,4.0
2021-08-05 12:04:43,91.0,80.0,4.0,7.0
2021-08-05 12:04:44,99.0,84.0,6.0,9.0
2021-08-05 12:04:45,86.0,74.0,7.0,5.0
2021-08-05 12:04:46,90.0,73.0,11.0,6.0
2021-08-05 12:04:47,88.0,76.0,10.0,2.0
2021-08-05 12:04:48,85.0,71.0,5.0,9.0
2021-08-05 12:04:49,94.0,88.0,4.0,2.0
2021-08-05 12:04:50,84.0,77.0,3.0,4.0
2021-08-05 12:04:51,80.0,69.0,7.0,4.0
2021-08-05 12:04:52,80.0,73.0,4.0,3.0
2021-08-05 12:04:53,76.0,70.0,4.0,2.0
2021-08-05 12:04:54,83.0,71.0,8.0,4.0
2021-08-05 12:04:55,69.0,62.0,6.0,1.0
2021-08-05 12:04:56,91.0,79.0,6.0,6.0
2021-08-05 12:04:57,78.0,66.0,5.0,7.0
2021-08-05 12:04:58,70.0,61.0,7.0,2.0
2021-08-05 12:04:59,88.0,75.0,6.0,7.0
2021-08-05 12:05:00,73.0,63.0,8.0,2.0
2021-08-05 12:05:01,93.0,74.0,12.0,7.0
2021-08-05 12:05:02,86.0,72.0,7.0,7.0
2021-08-05 12:05:03,89.0,81.0,3.0,5.0
2021-08-05 12:05:04,83.0,69.0,8.0,6.0
2021-08-05 12:05:05,94.0,79.0,10.0,5.0
2021-08-05 12:05:06,79.0,70.0,5.0,4.0
2021-08-05 12:05:07,90.0,78.0,9.0,3.0
2021-08-05 12:05:08,78.0,68.0,8.0,2.0
2021-08-05 12:05:09,88.0,74.0,8.0,6.0
2021-08-05 12:05:10,104.0,81.0,15.0,8.0
2021-08-05 12:05:11,77.0,66.0,8.0,3.0
2021-08-05 12:05:12,82.0,72.0,6.0,4.0
2021-08-05 12:05:13,76.0,61.0,9.0,6.0
2021-08-05 12:05:14,80.0,71.0,7.0,2.0
2021-08-05 12:05:15,69.0,57.0,8.0,4.0
2021-08-05 12:05:16,80.0,68.0,7.0,5.0
2021-08-05 12:05:17,88.0,77.0,4.0,7.0
2021-08-05 12:05:18,78.0,71.0,3.0,4.0
2021-08-05 12:05:19,94.0,89.0,3.0,2.0
2021-08-05 12:05:20,71.0,62.0,4.0,5.0
2021-08-05 12:05:21,77.0,63.0,9.0,5.0
2021-08-05 12:05:22,91.0,77.0,7.0,7.0
2021-08-05 12:05:23,84.0,73.0,6.0,5.0
2021-08-05 12:05:24,87.0,71.0,11.0,5.0
2021-08-05 12:05:25,86.0,76.0,6.0,4.0
2021-08-05 12:05:26,73.0,64.0,8.0,1.0
2021-08-05 12:05:27,89.0,81.0,3.0,5.0
2021-08-05 12:05:28,101.0,89.0,9.0,3.0
2021-08-05 12:05:29,79.0,71.0,6.0,2.0
2021-08-05 12:05:30,82.0,69.0,6.0,7.0
2021-08-05 12:05:31,90.0,79.0,5.0,6.0
2021-08-05 12:05:32,76.0,64.0,8.0,4.0
2021-08-05 12:05:33,75.0,64.0,7.0,4.0
2021-08-05 12:05:34,77.0,67.0,3.0,7.0
2021-08-05 12:05:35,71.0,57.0,10.0,4.0
2021-08-05 12:05:36,65.0,62.0,1.0,2.0
2021-08-05 12:05:37,72.0,64.0,6.0,2.0
2021-08-05 12:05:38,75.0,53.0,14.0,8.0
2021-08-05 12:05:39,82.0,75.0,5.0,2.0
2021-08-05 12:05:40,82.0,66.0,10.0,6.0
2021-08-05 12:05:41,82.0,69.0,7.0,6.0
2021-08-05 12:05:42,88.0,79.0,5.0,4.0
2021-08-05 12:05:43,84.0,74.0,3.0,7.0
2021-08-05 12:05:44,83.0,68.0,11.0,4.0
2021-08-05 12:05:45,83.0,73.0,9.0,1.0
2021-08-05 12:05:46,80.0,66.0,6.0,8.0
2021-08-05 12:05:47,82.0,69.0,8.0,5.0
2021-08-05 12:05:48,76.0,66.0,7.0,3.0
2021-08-05 12:05:49,84.0,71.0,7.0,6.0
2021-08-05 12:05:50,69.0,63.0,4.0,2.0
2021-08-05 12:05:51,98.0,91.0,3.0,4.0
2021-08-05 12:05:52,73.0,63.0,5.0,5.0
2021-08-05 12:05:53,82.0,70.0,6.0,6.0
2021-08-05 12:05:54,68.0,64.0,3.0,1.0
2021-08-05 12:05:55,78.0,72.0,2.0,4.0
2021-08-05 12:05:56,77.0,64.0,4.0,9.0
2021-08-05 12:05:57,95.0,78.0,14.0,3.0
2021-08-05 12:05:58,66.0,61.0,3.0,2.0
2021-08-05 12:05:59,72.0,61.0,7.0,4.0
2021-08-05 12:06:00,78.0,67.0,8.0,3.0
2021-08-05 12:06:01,106.0,90.0,10.0,6.0
2021-08-05 12:06:02,88.0,79.0,3.0,6.0
2021-08-05 12:06:03,78.0,69.0,5.0,4.0
2021-08-05 12:06:04,78.0,68.0,6.0,4.0
2021-08-05 12:06:05,81.0,74.0,6.0,1.0
2021-08-05 12:06:06,89.0,75.0,7.0,7.0
2021-08-05 12:06:07,88.0,78.0,5.0,5.0
2021-08-05 12:06:08,81.0,74.0,5.0,2.0
2021-08-05 12:06:09,91.0,79.0,6.0,6.0
2021-08-05 12:06:10,89.0,81.0,5.0,3.0
2021-08-05 12:06:11,87.0,82.0,3.0,2.0
2021-08-05 12:06:12,88.0,77.0,8.0,3.0
2021-08-05 12:06:13,81.0,67.0,8.0,6.0
2021-08-05 12:06:14,87.0,79.0,4.0,4.0
2021-08-05 12:06:15,102.0,90.0,5.0,7.0
2021-08-05 12:06:16,80.0,68.0,8.0,4.0
2021-08-05 12:06:17,94.0,78.0,10.0,6.0
2021-08-05 12:06:18,87.0,84.0,1.0,2.0
2021-08-05 12:06:19,87.0,78.0,6.0,3.0
2021-08-05 12:06:20,83.0,66.0,4.0,13.0
2021-08-05 12:06:21,83.0,75.0,4.0,4.0
2021-08-05 12:06:22,85.0,72.0,6.0,7.0
2021-08-05 12:06:23,72.0,62.0,4.0,6.0
2021-08-05 12:06:24,98.0,81.0,10.0,7.0
2021-08-05 12:06:25,80.0,67.0,10.0,3.0
2021-08-05 12:06:26,87.0,74.0,7.0,6.0
2021-08-05 12:06:27,85.0,74.0,7.0,4.0
2021-08-05 12:06:28,85.0,76.0,6.0,3.0
2021-08-05 12:06:29,91.0,81.0,4.0,6.0
2021-08-05 12:06:30,79.0,67.0,9.0,3.0
2021-08-05 12:06:31,92.0,86.0,3.0,3.0
2021-08-05 12:06:32,81.0,76.0,3.0,2.0
2021-08-05 12:06:33,84.0,74.0,6.0,4.0
2021-08-05 12:06:34,91.0,81.0,6.0,4.0
2021-08-05 12:06:35,85.0,79.0,3.0,3.0
2021-08-05 12:06:36,94.0,78.0,13.0,3.0
2021-08-05 12:06:37,91.0,82.0,7.0,2.0
2021-08-05 12:06:38,93.0,78.0,8.0,7.0
2021-08-05 12:06:39,82.0,69.0,9.0,4.0
2021-08-05 12:06:40,81.0,76.0,2.0,3.0
2021-08-05 12:06:41,82.0,71.0,5.0,6.0
2021-08-05 12:06:42,74.0,64.0,5.0,5.0
2021-08-05 12:06:43,78.0,64.0,11.0,3.0
2021-08-05 12:06:44,68.0,59.0,3.0,6.0
2021-08-05 12:06:45,86.0,76.0,7.0,3.0
2021-08-05 12:06:46,70.0,62.0,4.0,4.0
2021-08-05 12:06:47,89.0,73.0,11.0,5.0
2021-08-05 12:06:48,75.0,69.0,4.0,2.0
2021-08-05 12:06:49,95.0,79.0,10.0,6.0
2021-08-05 12:06:50,81.0,73.0,5.0,3.0
2021-08-05 12:06:51,86.0,74.0,7.0,5.0
2021-08-05 12:06:52,91.0,82.0,8.0,1.0
2021-08-05 12:06:53,107.0,91.0,9.0,7.0
2021-08-05 12:06:54,83.0,73.0,8.0,2.0
2021-08-05 12:06:55,83.0,67.0,11.0,5.0
2021-08-05 12:06:56,87.0,69.0,14.0,4.0
2021-08-05 12:06:57,73.0,65.0,3.0,5.0
2021-08-05 12:06:58,72.0,64.0,5.0,3.0
2021-08-05 12:06:59,78.0,70.0,3.0,5.0
2021-08-05 12:07:00,68.0,58.0,5.0,5.0
2021-08-05 12:07:01,91.0,77.0,5.0,9.0
2021-08-05 12:07:02,80.0,63.0,13.0,4.0
2021-08-05 12:07:03,85.0,74.0,7.0,4.0
2021-08-05 12:07:04,70.0,60.0,3.0,7.0
2021-08-05 12:07:05,105.0,92.0,5.0,8.0
2021-08-05 12:07:06,66.0,61.0,4.0,1.0
2021-08-05 12:07:07,72.0,65.0,4.0,3.0
2021-08-05 12:07:08,79.0,68.0,6.0,5.0
2021-08-05 12:07:09,82.0,72.0,8.0,2.0
2021-08-05 12:07:10,78.0,68.0,7.0,3.0
2021-08-05 12:07:11,77.0,68.0,4.0,5.0
2021-08-05 12:07:12,75.0,71.0,3.0,1.0
2021-08-05 12:07:13,91.0,80.0,4.0,7.0
2021-08-05 12:07:14,88.0,76.0,8.0,4.0
2021-08-05 12:07:15,70.0,59.0,8.0,3.0
2021-08-05 12:07:16,75.0,68.0,4.0,3.0
2021-08-05 12:07:17,74.0,68.0,3.0,3.0
2021-08-05 12:07:18,85.0,75.0,7.0,3.0
2021-08-05 12:07:19,89.0,78.0,8.0,3.0
2021-08-05 12:07:20,83.0,73.0,4.0,6.0
2021-08-05 12:07:21,89.0,80.0,6.0,3.0
2021-08-05 12:07:22,75.0,68.0,6.0,1.0
2021-08-05 12:07:23,82.0,76.0,4.0,2.0
2021-08-05 12:07:24,81.0,68.0,6.0,7.0
2021-08-05 12:07:25,71.0,60.0,8.0,3.0
2021-08-05 12:07:26,76.0,65.0,7.0,4.0
2021-08-05 12:07:27,78.0,67.0,4.0,7.0
2021-08-05 12:07:28,67.0,59.0,6.0,2.0
2021-08-05 12:07:29,72.0,68.0,2.0,2.0
2021-08-05 12:07:30,81.0,65.0,11.0,5.0
2021-08-05 12:07:31,91.0,80.0,3.0,8.0
2021-08-05 12:07:32,93.0,78.0,5.0,10.0
2021-08-05 12:07:33,73.0,63.0,7.0,3.0
2021-08-05 12:07:34,73.0,58.0,10.0,5.0
2021-08-05 12:07:35,73.0,64.0,8.0,1.0
2021-08-05 12:07:36,78.0,65.0,6.0,7.0
2021-08-05 12:07:37,76.0,64.0,5.0,7.0
2021-08-05 12:07:38,75.0,64.0,6.0,5.0
2021-08-05 12:07:39,91.0,77.0,8.0,6.0
2021-08-05 12:07:40,83.0,75.0,5.0,3.0
2021-08-05 12:07:41,70.0,60.0,4.0,6.0
2021-08-05 12:07:42,83.0,77.0,3.0,3.0
2021-08-05 12:07:43,81.0,70.0,7.0,4.0
2021-08-05 12:07:44,100.0,89.0,8.0,3.0
2021-08-05 12:07:45,83.0,74.0,3.0,6.0
2021-08-05 12:07:46,75.0,67.0,8.0,0.0
2021-08-05 12:07:47,84.0,79.0,1.0,4.0
2021-08-05 12:07:48,70.0,62.0,4.0,4.0
2021-08-05 12:07:49,91.0,76.0,10.0,5.0
2021-08-05 12:07:50,78.0,69.0,3.0,6.0
2021-08-05 12:07:51,86.0,74.0,4.0,8.0
2021-08-05 12:07:52,73.0,68.0,2.0,3.0
2021-08-05 12:07:53,70.0,61.0,6.0,3.0
2021-08-05 12:07:54,79.0,70.0,7.0,2.0
2021-08-05 12:07:55,80.0,72.0,4.0,4.0
2021-08-05 12:07:56,67.0,58.0,7.0,2.0
2021-08-05 12:07:57,90.0,80.0,6.0,4.0
2021-08-05 12:07:58,83.0,75.0,5.0,3.0
2021-08-05 12:07:59,85.0,77.0,2.0,6.0
2021-08-05 12:08:00,82.0,70.0,6.0,6.0
2021-08-05 12:08:01,76.0,68.0,2.0,6.0
2021-08-05 12:08:02,83.0,72.0,8.0,3.0
2021-08-05 12:08:03,66.0,58.0,5.0,3.0
2021-08-05 12:08:04,84.0,74.0,7.0,3.0
2021-08-05 12:08:05,81.0,68.0,8.0,5.0
2021-08-05 12:08:06,59.0,49.0,4.0,6.0
2021-08-05 12:08:07,82.0,68.0,7.0,7.0
2021-08-05 12:08:08,83.0,77.0,4.0,2.0
2021-08-05 12:08:09,88.0,80.0,5.0,3.0
2021-08-05 12:08:10,70.0,66.0,2.0,2.0
2021-08-05 12:08:11,74.0,61.0,7.0,6.0
2021-08-05 12:08:12,73.0,66.0,4.0,3.0
2021-08-05 12:08:13,95.0,83.0,6.0,6.0
2021-08-05 12:08:14,85.0,73.0,4.0,8.0
2021-08-05 12:08:15,84.0,66.0,6.0,12.0
2021-08-05 12:08:16,91.0,75.0,10.0,6.0
2021-08-05 12:08:17,96.0,86.0,7.0,3.0
2021-08-05 12:08:18,93.0,83.0,7.0,3.0
2021-08-05 12:08:19,79.0,65.0,7.0,7.0
2021-08-05 12:08:20,86.0,78.0,6.0,2.0
2021-08-05 12:08:21,79.0,70.0,7.0,2.0
2021-08-05 12:08:22,79.0,70.0,7.0,2.0
2021-08-05 12:08:23,79.0,72.0,3.0,4.0
2021-08-05 12:08:24,75.0,66.0,6.0,3.0
2021-08-05 12:08:25,82.0,73.0,8.0,1.0
2021-08-05 12:08:26,100.0,88.0,8.0,4.0
2021-08-05 12:08:27,76.0,64.0,6.0,6.0
2021-08-05 12:08:28,81.0,73.0,5.0,3.0
2021-08-05 12:08:29,101.0,90.0,4.0,7.0
2021-08-05 12:08:30,82.0,73.0,2.0,7.0
2021-08-05 12:08:31,93.0,81.0,6.0,6.0
2021-08-05 12:08:32,83.0,68.0,9.0,6.0
2021-08-05 12:08:33,89.0,71.0,11.0,7.0
2021-08-05 12:08:34,87.0,80.0,4.0,3.0
2021-08-05 12:08:35,83.0,77.0,3.0,3.0
2021-08-05 12:08:36,93.0,81.0,7.0,5.0
2021-08-05 12:08:37,63.0,59.0,1.0,3.0
2021-08-05 12:08:38,87.0,83.0,2.0,2.0
2021-08-05 12:08:39,79.0,65.0,8.0,6.0
2021-08-05 12:08:40,83.0,75.0,4.0,4.0
2021-08-05 12:08:41,79.0,72.0,4.0,3.0
2021-08-05 12:08:42,81.0,71.0,6.0,4.0
2021-08-05 12:08:43,67.0,55.0,8.0,4.0
2021-08-05 12:08:44,87.0,76.0,6.0,5.0
2021-08-05 12:08:45,79.0,67.0,5.0,7.0
2021-08-05 12:08:46,83.0,79.0,1.0,3.0
2021-08-05 12:08:47,78.0,72.0,3.0,3.0
2021-08-05 12:08:48,83.0,74.0,6.0,3.0
2021-08-05 12:08:49,96.0,85.0,10.0,1.0
2021-08-05 12:08:50,87.0,67.0,9.0,11.0
2021-08-05 12:08:51,71.0,60.0,8.0,3.0
2021-08-05 12:08:52,76.0,65.0,6.0,5.0
2021-08-05 12:08:53,100.0,86.0,7.0,7.0
2021-08-05 12:08:54,81.0,67.0,8.0,6.0
2021-08-05 12:08:55,83.0,75.0,7.0,1.0
2021-08-05 12:08:56,75.0,64.0,9.0,2.0
2021-08-05 12:08:57,69.0,61.0,6.0,2.0
2021-08-05 12:08:58,91.0,75.0,10.0,6.0
2021-08-05 12:08:59,80.0,71.0,6.0,3.0
2021-08-05 12:09:00,78.0,68.0,7.0,3.0
2021-08-05 12:09:01,81.0,66.0,9.0,6.0
2021-08-05 12:09:02,74.0,66.0,5.0,3.0
2021-08-05 12:09:03,95.0,83.0,8.0,4.0
2021-08-05 12:09:04,75.0,69.0,5.0,1.0
2021-08-05 12:09:05,77.0,65.0,6.0,6.0
2021-08-05 12:09:06,75.0,65.0,7.0,3.0
2021-08-05 12:09:07,89.0,78.0,8.0,3.0
2021-08-05 12:09:08,85.0,74.0,6.0,5.0
2021-08-05 12:09:09,71.0,61.0,9.0,1.0
2021-08-05 12:09:10,68.0,63.0,4.0,1.0
2021-08-05 12:09:11,83.0,72.0,6.0,5.0
2021-08-05 12:09:12,91.0,72.0,9.0,10.0
2021-08-05 12:09:13,81.0,74.0,4.0,3.0
2021-08-05 12:09:14,74.0,67.0,6.0,1.0
2021-08-05 12:09:15,80.0,68.0,5.0,7.0
2021-08-05 12:09:16,83.0,68.0,4.0,11.0
2021-08-05 12:09:17,83.0,72.0,4.0,7.0
2021-08-05 12:09:18,86.0,78.0,7.0,1.0
2021-08-05 12:09:19,76.0,64.0,4.0,8.0
2021-08-05 12:09:20,90.0,83.0,4.0,3.0
2021-08-05 12:09:21,73.0,62.0,7.0,4.0
2021-08-05 12:09:22,87.0,75.0,9.0,3.0
2021-08-05 12:09:23,90.0,82.0,7.0,1.0
2021-08-05 12:09:24,78.0,66.0,7.0,5.0
2021-08-05 12:09:25,94.0,76.0,13.0,5.0
2021-08-05 12:09:26,95.0,84.0,6.0,5.0
2021-08-05 12:09:27,98.0,87.0,9.0,2.0
2021-08-05 12:09:28,80.0,65.0,10.0,5.0
2021-08-05 12:09:29,98.0,82.0,9.0,7.0
2021-08-05 12:09:30,84.0,68.0,12.0,4.0
2021-08-05 12:09:31,62.0,59.0,2.0,1.0
2021-08-05 12:09:32,80.0,67.0,7.0,6.0
2021-08-05 12:09:33,89.0,77.0,4.0,8.0
2021-08-05 12:09:34,90.0,80.0,7.0,3.0
2021-08-05 12:09:35,90.0,85.0,3.0,2.0
2021-08-05 12:09:36,77.0,68.0,6.0,3.0
2021-08-05 12:09:37,89.0,81.0,7.0,1.0
2021-08-05 12:09:38,74.0,64.0,4.0,6.0
2021-08-05 12:09:39,76.0,67.0,6.0,3.0
2021-08-05 12:09:40,64.0,52.0,5.0,7.0
2021-08-05 12:09:41,81.0,65.0,9.0,7.0
2021-08-05 12:09:42,70.0,59.0,4.0,7.0
2021-08-05 12:09:43,94.0,80.0,8.0,6.0
2021-08-05 12:09:44,85.0,72.0,7.0,6.0
2021-08-05 12:09:45,73.0,65.0,5.0,3.0
2021-08-05 12:09:46,76.0,65.0,8.0,3.0
2021-08-05 12:09:47,80.0,62.0,11.0,7.0
2021-08-05 12:09:48,85.0,78.0,6.0,1.0
2021-08-05 12:09:49,84.0,70.0,6.0,8.0
2021-08-05 12:09:50,78.0,69.0,6.0,3.0
2021-08-05 12:09:51,84.0,69.0,9.0,6.0
2021-08-05 12:09:52,81.0,74.0,3.0,4.0
2021-08-05 12:09:53,86.0,77.0,6.0,3.0
2021-08-05 12:09:54,85.0,70.0,9.0,6.0
2021-08-05 12:09:55,76.0,68.0,7.0,1.0
2021-08-05 12:09:56,92.0,83.0,6.0,3.0
2021-08-05 12:09:57,86.0,77.0,3.0,6.0
2021-08-05 12:09:58,65.0,57.0,3.0,5.0
2021-08-05 12:09:59,71.0,62.0,6.0,3.0
2021-08-05 12:10:00,73.0,65.0,7.0,1.0
2021-08-05 12:10:01,81.0,70.0,8.0,3.0
2021-08-05 12:10:02,90.0,81.0,6.0,3.0
2021-08-05 12:10:03,78.0,68.0,5.0,5.0
2021-08-05 12:10:04,75.0,64.0,1.0,10.0
2021-08-05 12:10:05,94.0,82.0,8.0,4.0
2021-08-05 12:10:06,92.0,78.0,7.0,7.0
2021-08-05 12:10:07,72.0,66.0,2.0,4.0
2021-08-05 12:10:08,84.0,73.0,10.0,1.0
2021-08-05 12:10:09,113.0,101.0,2.0,10.0
2021-08-05 12:10:10,66.0,59.0,4.0,3.0
2021-08-05 12:10:11,78.0,68.0,4.0,6.0
2021-08-05 12:10:12,73.0,61.0,10.0,2.0
2021-08-05 12:10:13,73.0,64.0,6.0,3.0
2021-08-05 12:10:14,85.0,76.0,4.0,5.0
2021-08-05 12:10:15,95.0,83.0,8.0,4.0
2021-08-05 12:10:16,68.0,57.0,6.0,5.0
2021-08-05 12:10:17,94.0,78.0,9.0,7.0
2021-08-05 12:10:18,79.0,68.0,11.0,0.0
2021-08-05 12:10:19,88.0,77.0,7.0,4.0
2021-08-05 12:10:20,79.0,72.0,5.0,2.0
2021-08-05 12:10:21,90.0,78.0,7.0,5.0
2021-08-05 12:10:22,83.0,72.0,7.0,4.0
2021-08-05 12:10:23,73.0,57.0,9.0,7.0
2021-08-05 12:10:24,75.0,61.0,9.0,5.0
2021-08-05 12:10:25,86.0,78.0,5.0,3.0
2021-08-05 12:10:26,90.0,76.0,11.0,3.0
2021-08-05 12:10:27,75.0,68.0,4.0,3.0
2021-08-05 12:10:28,87.0,78.0,6.0,3.0
2021-08-05 12:10:29,83.0,71.0,9.0,3.0
2021-08-05 12:10:30,87.0,79.0,5.0,3.0
2021-08-05 12:10:31,83.0,76.0,4.0,3.0
2021-08-05 12:10:32,99.0,90.0,7.0,2.0
2021-08-05 12:10:33,75.0,64.0,7.0,4.0
2021-08-05 12:10:34,81.0,70.0,10.0,1.0
2021-08-05 12:10:35,82.0,71.0,6.0,5.0
2021-08-05 12:10:36,84.0,76.0,4.0,4.0
2021-08-05 12:10:37,71.0,63.0,2.0,6.0
2021-08-05 12:10:38,87.0,76.0,10.0,1.0
2021-08-05 12:10:39,81.0,61.0,11.0,9.0
2021-08-05 12:10:40,92.0,79.0,7.0,6.0
2021-08-05 12:10:41,95.0,82.0,9.0,4.0
2021-08-05 12:10:42,85.0,73.0,7.0,5.0
2021-08-05 12:10:43,85.0,71.0,7.0,7.0
2021-08-05 12:10:44,70.0,63.0,3.0,4.0
2021-08-05 12:10:45,91.0,81.0,5.0,5.0
2021-08-05 12:10:46,89.0,78.0,9.0,2.0
2021-08-05 12:10:47,71.0,63.0,3.0,5.0
2021-08-05 12:10:48,86.0,80.0,3.0,3.0
2021-08-05 12:10:49,87.0,77.0,7.0,3.0
2021-08-05 12:10:50,101.0,88.0,6.0,7.0
2021-08-05 12:10:51,84.0,74.0,8.0,2.0
2021-08-05 12:10:52,70.0,63.0,7.0,0.0
2021-08-05 12:10:53,89.0,73.0,8.0,8.0
2021-08-05 12:10:54,80.0,71.0,4.0,5.0
2021-08-05 12:10:55,92.0,77.0,9.0,6.0
2021-08-05 12:10:56,99.0,82.0,12.0,5.0
2021-08-05 12:10:57,73.0,65.0,7.0,1.0
2021-08-05 12:10:58,87.0,71.0,10.0,6.0
2021-08-05 12:10:59,79.0,71.0,6.0,2.0
2021-08-05 12:11:00,87.0,79.0,3.0,5.0
2021-08-05 12:11:01,69.0,61.0,7.0,1.0
2021-08-05 12:11:02,75.0,69.0,1.0,5.0
2021-08-05 12:11:03,89.0,72.0,13.0,4.0
2021-08-05 12:11:04,86.0,76.0,5.0,5.0
2021-08-05 12:11:05,76.0,69.0,3.0,4.0
2021-08-05 12:11:06,81.0,70.0,5.0,6.0
2021-08-05 12:11:07,83.0,74.0,6.0,3.0
2021-08-05 12:11:08,78.0,71.0,3.0,4.0
2021-08-05 12:11:09,81.0,72.0,5.0,4.0
2021-08-05 12:11:10,74.0,62.0,7.0,5.0
2021-08-05 12:11:11,96.0,90.0,4.0,2.0
2021-08-05 12:11:12,79.0,65.0,10.0,4.0
2021-08-05 12:11:13,94.0,81.0,12.0,1.0
2021-08-05 12:11:14,68.0,61.0,6.0,1.0
2021-08-05 12:11:15,92.0,81.0,7.0,4.0
2021-08-05 12:11:16,81.0,74.0,6.0,1.0
2021-08-05 12:11:17,79.0,71.0,7.0,1.0
2021-08-05 12:11:18,95.0,86.0,3.0,6.0
2021-08-05 12:11:19,92.0,85.0,2.0,5.0
2021-08-05 12:11:20,72.0,58.0,11.0,3.0
2021-08-05 12:11:21,93.0,84.0,4.0,5.0
2021-08-05 12:11:22,75.0,66.0,5.0,4.0
2021-08-05 12:11:23,77.0,68.0,6.0,3.0
2021-08-05 12:11:24,80.0,73.0,5.0,2.0
2021-08-05 12:11:25,83.0,76.0,7.0,0.0
2021-08-05 12:11:26,67.0,58.0,4.0,5.0
2021-08-05 12:11:27,89.0,83.0,5.0,1.0
2021-08-05 12:11:28,74.0,64.0,6.0,4.0
2021-08-05 12:11:29,67.0,52.0,5.0,10.0
2021-08-05 12:11:30,93.0,77.0,11.0,5.0
2021-08-05 12:11:31,84.0,71.0,10.0,3.0
2021-08-05 12:11:32,76.0,71.0,3.0,2.0
2021-08-05 12:11:33,95.0,84.0,10.0,1.0
2021-08-05 12:11:34,82.0,73.0,4.0,5.0
2021-08-05 12:11:35,79.0,67.0,7.0,5.0
2021-08-05 12:11:36,98.0,87.0,8.0,3.0
2021-08-05 12:11:37,91.0,82.0,3.0,6.0
2021-08-05 12:11:38,86.0,75.0,6.0,5.0
2021-08-05 12:11:39,86.0,79.0,2.0,5.0
2021-08-05 12:11:40,86.0,70.0,8.0,8.0
2021-08-05 12:11:41,80.0,71.0,7.0,2.0
2021-08-05 12:11:42,82.0,75.0,4.0,3.0
2021-08-05 12:11:43,80.0,69.0,7.0,4.0
2021-08-05 12:11:44,79.0,73.0,2.0,4.0
2021-08-05 12:11:45,82.0,68.0,12.0,2.0
2021-08-05 12:11:46,80.0,70.0,3.0,7.0
2021-08-05 12:11:47,68.0,58.0,4.0,6.0
2021-08-05 12:11:48,86.0,75.0,6.0,5.0
2021-08-05 12:11:49,91.0,74.0,10.0,7.0
2021-08-05 12:11:50,89.0,76.0,10.0,3.0
2021-08-05 12:11:51,74.0,63.0,6.0,5.0
2021-08-05 12:11:52,83.0,68.0,6.0,9.0
2021-08-05 12:11:53,90.0,76.0,11.0,3.0
2021-08-05 12:11:54,71.0,62.0,5.0,4.0
2021-08-05 12:11:55,85.0,77.0,4.0,4.0
2021-08-05 12:11:56,66.0,62.0,3.0,1.0
2021-08-05 12:11:57,72.0,68.0,4.0,0.0
2021-08-05 12:11:58,79.0,73.0,4.0,2.0
2021-08-05 12:11:59,71.0,61.0,6.0,4.0
2021-08-05 12:12:00,83.0,67.0,10.0,6.0
2021-08-05 12:12:01,87.0,79.0,7.0,1.0
2021-08-05 12:12:02,88.0,77.0,6.0,5.0
2021-08-05 12:12:03,88.0,78.0,7.0,3.0
2021-08-05 12:12:04,85.0,74.0,7.0,4.0
2021-08-05 12:12:05,61.0,51.0,6.0,4.0
2021-08-05 12:12:06,84.0,76.0,5.0,3.0
2021-08-05 12:12:07,90.0,75.0,9.0,6.0
2021-08-05 12:12:08,72.0,59.0,9.0,4.0
2021-08-05 12:12:09,97.0,87.0,4.0,6.0
2021-08-05 12:12:10,70.0,64.0,0.0,6.0
2021-08-05 12:12:11,84.0,77.0,5.0,2.0
2021-08-05 12:12:12,96.0,80.0,7.0,9.0
2021-08-05 12:12:13,83.0,74.0,3.0,6.0
2021-08-05 12:12:14,91.0,82.0,5.0,4.0
2021-08-05 12:12:15,80.0,66.0,7.0,7.0
2021-08-05 12:12:16,81.0,72.0,3.0,6.0
2021-08-05 12:12:17,95.0,88.0,5.0,2.0
2021-08-05 12:12:18,81.0,75.0,2.0,4.0
2021-08-05 12:12:19,82.0,69.0,7.0,6.0
2021-08-05 12:12:20,87.0,80.0,6.0,1.0
2021-08-05 12:12:21,81.0,66.0,9.0,6.0
2021-08-05 12:12:22,84.0,72.0,7.0,5.0
2021-08-05 12:12:23,71.0,60.0,5.0,6.0
2021-08-05 12:12:24,89.0,81.0,2.0,6.0
2021-08-05 12:12:25,86.0,73.0,9.0,4.0
2021-08-05 12:12:26,73.0,66.0,6.0,1.0
2021-08-05 12:12:27,80.0,66.0,9.0,5.0
2021-08-05 12:12:28,74.0,69.0,4.0,1.0
2021-08-05 12:12:29,88.0,81.0,3.0,4.0
2021-08-05 12:12:30,67.0,57.0,4.0,6.0
2021-08-05 12:12:31,62.0,59.0,2.0,1.0
2021-08-05 12:12:32,77.0,67.0,10.0,0.0
2021-08-05 12:12:33,80.0,69.0,10.0,1.0
2021-08-05 12:12:34,91.0,82.0,6.0,3.0
2021-08-05 12:12:35,84.0,70.0,12.0,2.0
2021-08-05 12:12:36,78.0,69.0,4.0,5.0
2021-08-05 12:12:37,94.0,78.0,11.0,5.0
2021-08-05 12:12:38,102.0,90.0,8.0,4.0
2021-08-05 12:12:39,72.0,63.0,8.0,1.0
2021-08-05 12:12:40,79.0,73.0,3.0,3.0
2021-08-05 12:12:41,81.0,73.0,3.0,5.0
2021-08-05 12:12:42,102.0,87.0,14.0,1.0
2021-08-05 12:12:43,82.0,74.0,4.0,4.0
2021-08-05 12:12:44,92.0,82.0,5.0,5.0
2021-08-05 12:12:45,90.0,78.0,9.0,3.0
2021-08-05 12:12:46,78.0,69.0,4.0,5.0
2021-08-05 12:12:47,75.0,68.0,5.0,2.0
2021-08-05 12:12:48,63.0,53.0,5.0,5.0
2021-08-05 12:12:49,87.0,76.0,6.0,5.0
2021-08-05 12:12:50,84.0,75.0,4.0,5.0
2021-08-05 12:12:51,86.0,70.0,11.0,5.0
2021-08-05 12:12:52,89.0,74.0,5.0,10.0
2021-08-05 12:12:53,73.0,62.0,8.0,3.0
2021-08-05 12:12:54,78.0,69.0,5.0,4.0
2021-08-05 12:12:55,83.0,77.0,4.0,2.0
2021-08-05 12:12:56,90.0,79.0,6.0,5.0
2021-08-05 12:12:57,69.0,59.0,5.0,5.0
2021-08-05 12:12:58,76.0,66.0,6.0,4.0
2021-08-05 12:12:59,72.0,63.0,5.0,4.0
2021-08-05 12:13:00,81.0,72.0,3.0,6.0
2021-08-05 12:13:01,89.0,77.0,7.0,5.0
2021-08-05 12:13:02,77.0,65.0,9.0,3.0
2021-08-05 12:13:03,75.0,68.0,4.0,3.0
2021-08-05 12:13:04,77.0,68.0,7.0,2.0
2021-08-05 12:13:05,84.0,79.0,1.0,4.0
2021-08-05 12:13:06,74.0,67.0,5.0,2.0
2021-08-05 12:13:07,85.0,76.0,4.0,5.0
2021-08-05 12:13:08,67.0,57.0,8.0,2.0
2021-08-05 12:13:09,81.0,71.0,6.0,4.0
2021-08-05 12:13:10,84.0,71.0,6.0,7.0
2021-08-05 12:13:11,96.0,78.0,11.0,7.0
2021-08-05 12:13:12,85.0,72.0,11.0,2.0
2021-08-05 12:13:13,68.0,58.0,6.0,4.0
2021-08-05 12:13:14,73.0,59.0,7.0,7.0
2021-08-05 12:13:15,93.0,85.0,6.0,2.0
2021-08-05 12:13:16,86.0,77.0,4.0,5.0
2021-08-05 12:13:17,75.0,64.0,7.0,4.0
2021-08-05 12:13:18,72.0,61.0,8.0,3.0
2021-08-05 12:13:19,68.0,65.0,2.0,1.0
2021-08-05 12:13:20,83.0,72.0,4.0,7.0
2021-08-05 12:13:21,81.0,74.0,4.0,3.0
2021-08-05 12:13:22,76.0,66.0,8.0,2.0
2021-08-05 12:13:23,95.0,79.0,8.0,8.0
2021-08-05 12:13:24,83.0,77.0,3.0,3.0
2021-08-05 12:13:25,88.0,76.0,9.0,3.0
2021-08-05 12:13:26,88.0,77.0,5.0,6.0
2021-08-05 12:13:27,69.0,64.0,4.0,1.0
2021-08-05 12:13:28,95.0,84.0,8.0,3.0
2021-08-05 12:13:29,66.0,55.0,6.0,5.0
2021-08-05 12:13:30,79.0,72.0,6.0,1.0
2021-08-05 12:13:31,84.0,72.0,9.0,3.0
2021-08-05 12:13:32,80.0,66.0,10.0,4.0
2021-08-05 12:13:33,72.0,62.0,4.0,6.0
2021-08-05 12:13:34,94.0,84.0,6.0,4.0
2021-08-05 12:13:35,82.0,73.0,8.0,1.0
2021-08-05 12:13:36,88.0,78.0,7.0,3.0
2021-08-05 12:13:37,84.0,74.0,6.0,4.0
2021-08-05 12:13:38,104.0,91.0,7.0,6.0
2021-08-05 12:13:39,90.0,82.0,5.0,3.0
2021-08-05 12:13:40,64.0,57.0,5.0,2.0
2021-08-05 12:13:41,70.0,62.0,4.0,4.0
2021-08-05 12:13:42,70.0,63.0,3.0,4.0
2021-08-05 12:13:43,75.0,64.0,8.0,3.0
2021-08-05 12:13:44,80.0,70.0,6.0,4.0
2021-08-05 12:13:45,76.0,65.0,5.0,6.0
2021-08-05 12:13:46,75.0,62.0,5.0,8.0
2021-08-05 12:13:47,72.0,64.0,6.0,2.0
2021-08-05 12:13:48,92.0,79.0,9.0,4.0
2021-08-05 12:13:49,82.0,71.0,7.0,4.0
2021-08-05 12:13:50,74.0,60.0,8.0,6.0
2021-08-05 12:13:51,62.0,53.0,5.0,4.0
2021-08-05 12:13:52,80.0,73.0,1.0,6.0
2021-08-05 12:13:53,73.0,63.0,6.0,4.0
2021-08-05 12:13:54,65.0,60.0,5.0,0.0
2021-08-05 12:13:55,97.0,85.0,6.0,6.0
2021-08-05 12:13:56,79.0,70.0,8.0,1.0
2021-08-05 12:13:57,102.0,92.0,3.0,7.0
2021-08-05 12:13:58,74.0,59.0,7.0,8.0
2021-08-05 12:13:59,70.0,62.0,6.0,2.0
2021-08-05 12:14:00,88.0,78.0,6.0,4.0
2021-08-05 12:14:01,75.0,68.0,3.0,4.0
2021-08-05 12:14:02,95.0,83.0,4.0,8.0
2021-08-05 12:14:03,92.0,76.0,10.0,6.0
2021-08-05 12:14:04,85.0,73.0,8.0,4.0
2021-08-05 12:14:05,79.0,69.0,7.0,3.0
2021-08-05 12:14:06,81.0,75.0,4.0,2.0
2021-08-05 12:14:07,71.0,58.0,8.0,5.0
2021-08-05 12:14:08,86.0,77.0,5.0,4.0
2021-08-05 12:14:09,89.0,75.0,8.0,6.0
2021-08-05 12:14:10,87.0,75.0,6.0,6.0
2021-08-05 12:14:11,72.0,61.0,7.0,4.0
2021-08-05 12:14:12,76.0,66.0,8.0,2.0
2021-08-05 12:14:13,84.0,73.0,5.0,6.0
2021-08-05 12:14:14,78.0,66.0,8.0,4.0
2021-08-05 12:14:15,81.0,74.0,2.0,5.0
2021-08-05 12:14:16,89.0,76.0,10.0,3.0
2021-08-05 12:14:17,85.0,80.0,3.0,2.0
2021-08-05 12:14:18,67.0,59.0,1.0,7.0
2021-08-05 12:14:19,85.0,74.0,6.0,5.0
2021-08-05 12:14:20,69.0,60.0,6.0,3.0
2021-08-05 12:14:21,87.0,71.0,7.0,9.0
2021-08-05 12:14:22,86.0,76.0,7.0,3.0
2021-08-05 12:14:23,89.0,78.0,6.0,5.0
2021-08-05 12:14:24,86.0,75.0,8.0,3.0
2021-08-05 12:14:25,81.0,69.0,7.0,5.0
2021-08-05 12:14:26,83.0,74.0,6.0,3.0
2021-08-05 12:14:27,90.0,81.0,6.0,3.0
2021-08-05 12:14:28,96.0,89.0,5.0,2.0
2021-08-05 12:14:29,87.0,81.0,3.0,3.0
2021-08-05 12:14:30,81.0,70.0,7.0,4.0
2021-08-05 12:14:31,78.0,66.0,7.0,5.0
2021-08-05 12:14:32,97.0,82.0,10.0,5.0
2021-08-05 12:14:33,83.0,77.0,4.0,2.0
2021-08-05 12:14:34,82.0,66.0,8.0,8.0
2021-08-05 12:14:35,81.0,73.0,3.0,5.0
2021-08-05 12:14:36,97.0,88.0,7.0,2.0
2021-08-05 12:14:37,79.0,70.0,6.0,3.0
2021-08-05 12:14:38,88.0,78.0,8.0,2.0
2021-08-05 12:14:39,87.0,75.0,4.0,8.0
2021-08-05 12:14:40,90.0,78.0,7.0,5.0
2021-08-05 12:14:41,85.0,74.0,9.0,2.0
2021-08-05 12:14:42,89.0,79.0,4.0,6.0
2021-08-05 12:14:43,79.0,72.0,5.0,2.0
2021-08-05 12:14:44,79.0,73.0,5.0,1.0
2021-08-05 12:14:45,101.0,88.0,7.0,6.0
2021-08-05 12:14:46,72.0,62.0,7.0,3.0
2021-08-05 12:14:47,92.0,81.0,7.0,4.0
2021-08-05 12:14:48,90.0,82.0,7.0,1.0
2021-08-05 12:14:49,83.0,72.0,5.0,6.0
2021-08-05 12:14:50,92.0,82.0,6.0,4.0
2021-08-05 12:14:51,75.0,67.0,4.0,4.0
2021-08-05 12:14:52,74.0,64.0,3.0,7.0
2021-08-05 12:14:53,73.0,57.0,8.0,8.0
2021-08-05 12:14:54,69.0,62.0,4.0,3.0
2021-08-05 12:14:55,77.0,64.0,10.0,3.0
2021-08-05 12:14:56,79.0,71.0,5.0,3.0
2021-08-05 12:14:57,80.0,70.0,4.0,6.0
2021-08-05 12:14:58,94.0,79.0,8.0,7.0
2021-08-05 12:14:59,76.0,66.0,3.0,7.0
2021-08-05 12:15:00,77.0,67.0,9.0,1.0
2021-08-05 12:15:01,73.0,60.0,9.0,4.0
2021-08-05 12:15:02,78.0,72.0,3.0,3.0
2021-08-05 12:15:03,80.0,70.0,4.0,6.0
2021-08-05 12:15:04,71.0,60.0,7.0,4.0
2021-08-05 12:15:05,100.0,86.0,8.0,6.0
2021-08-05 12:15:06,64.0,57.0,4.0,3.0
2021-08-05 12:15:07,78.0,63.0,8.0,7.0
2021-08-05 12:15:08,77.0,66.0,5.0,6.0
2021-08-05 12:15:09,85.0,69.0,9.0,7.0
2021-08-05 12:15:10,84.0,77.0,4.0,3.0
2021-08-05 12:15:11,89.0,77.0,8.0,4.0
2021-08-05 12:15:12,79.0,71.0,2.0,6.0
2021-08-05 12:15:13,76.0,68.0,6.0,2.0
2021-08-05 12:15:14,76.0,63.0,11.0,2.0
2021-08-05 12:15:15,73.0,58.0,10.0,5.0
2021-08-05 12:15:16,99.0,86.0,7.0,6.0
2021-08-05 12:15:17,77.0,68.0,5.0,4.0
2021-08-05 12:15:18,82.0,71.0,8.0,3.0
2021-08-05 12:15:19,76.0,73.0,2.0,1.0
2021-08-05 12:15:20,75.0,63.0,5.0,7.0
2021-08-05 12:15:21,67.0,56.0,6.0,5.0
2021-08-05 12:15:22,76.0,65.0,6.0,5.0
2021-08-05 12:15:23,76.0,66.0,6.0,4.0
2021-08-05 12:15:24,74.0,68.0,5.0,1.0
2021-08-05 12:15:25,88.0,77.0,7.0,4.0
2021-08-05 12:15:26,72.0,67.0,2.0,3.0
2021-08-05 12:15:27,89.0,80.0,6.0,3.0
2021-08-05 12:15:28,90.0,76.0,8.0,6.0
2021-08-05 12:15:29,77.0,63.0,7.0,7.0
2021-08-05 12:15:30,90.0,80.0,6.0,4.0
2021-08-05 12:15:31,78.0,67.0,9.0,2.0
2021-08-05 12:15:32,76.0,70.0,3.0,3.0
2021-08-05 12:15:33,75.0,65.0,7.0,3.0
2021-08-05 12:15:34,107.0,87.0,12.0,8.0
2021-08-05 12:15:35,93.0,82.0,8.0,3.0
2021-08-05 12:15:36,88.0,70.0,11.0,7.0
2021-08-05 12:15:37,77.0,73.0,2.0,2.0
2021-08-05 12:15:38,80.0,67.0,8.0,5.0
2021-08-05 12:15:39,88.0,78.0,6.0,4.0
2021-08-05 12:15:40,87.0,78.0,5.0,4.0
2021-08-05 12:15:41,71.0,64.0,3.0,4.0
2021-08-05 12:15:42,87.0,79.0,5.0,3.0
2021-08-05 12:15:43,83.0,73.0,7.0,3.0
2021-08-05 12:15:44,80.0,68.0,8.0,4.0
2021-08-05 12:15:45,95.0,82.0,9.0,4.0
2021-08-05 12:15:46,99.0,88.0,5.0,6.0
2021-08-05 12:15:47,79.0,68.0,9.0,2.0
2021-08-05 12:15:48,85.0,77.0,5.0,3.0
2021-08-05 12:15:49,85.0,72.0,11.0,2.0
2021-08-05 12:15:50,80.0,74.0,2.0,4.0
2021-08-05 12:15:51,81.0,73.0,6.0,2.0
2021-08-05 12:15:52,100.0,85.0,11.0,4.0
2021-08-05 12:15:53,79.0,71.0,5.0,3.0
2021-08-05 12:15:54,90.0,77.0,8.0,5.0
2021-08-05 12:15:55,87.0,81.0,4.0,2.0
2021-08-05 12:15:56,68.0,63.0,1.0,4.0
2021-08-05 12:15:57,88.0,73.0,10.0,5.0
2021-08-05 12:15:58,97.0,82.0,6.0,9.0
2021-08-05 12:15:59,81.0,70.0,3.0,8.0
2021-08-05 12:16:00,75.0,62.0,9.0,4.0
2021-08-05 12:16:01,74.0,62.0,5.0,7.0
2021-08-05 12:16:02,76.0,67.0,7.0,2.0
2021-08-05 12:16:03,83.0,80.0,2.0,1.0
2021-08-05 12:16:04,74.0,65.0,5.0,4.0
2021-08-05 12:16:05,92.0,81.0,8.0,3.0
2021-08-05 12:16:06,84.0,74.0,6.0,4.0
2021-08-05 12:16:07,78.0,68.0,5.0,5.0
2021-08-05 12:16:08,77.0,69.0,2.0,6.0
2021-08-05 12:16:09,63.0,53.0,6.0,4.0
2021-08-05 12:16:10,80.0,66.0,7.0,7.0
2021-08-05 12:16:11,81.0,70.0,6.0,5.0
2021-08-05 12:16:12,79.0,68.0,6.0,5.0
2021-08-05 12:16:13,81.0,70.0,6.0,5.0
2021-08-05 12:16:14,88.0,78.0,3.0,7.0
2021-08-05 12:16:15,95.0,83.0,10.0,2.0
2021-08-05 12:16:16,65.0,58.0,3.0,4.0
2021-08-05 12:16:17,83.0,72.0,7.0,4.0
2021-08-05 12:16:18,75.0,67.0,5.0,3.0
2021-08-05 12:16:19,68.0,62.0,3.0,3.0
2021-08-05 12:16:20,74.0,57.0,11.0,6.0
2021-08-05 12:16:21,97.0,91.0,3.0,3.0
2021-08-05 12:16:22,81.0,69.0,9.0,3.0
2021-08-05 12:16:23,81.0,72.0,9.0,0.0
2021-08-05 12:16:24,83.0,70.0,8.0,5.0
2021-08-05 12:16:25,89.0,75.0,7.0,7.0
2021-08-05 12:16:26,77.0,66.0,6.0,5.0
2021-08-05 12:16:27,84.0,71.0,5.0,8.0
2021-08-05 12:16:28,76.0,66.0,7.0,3.0
2021-08-05 12:16:29,82.0,73.0,6.0,3.0
2021-08-05 12:16:30,66.0,59.0,4.0,3.0
2021-08-05 12:16:31,78.0,72.0,4.0,2.0
2021-08-05 12:16:32,96.0,88.0,6.0,2.0
2021-08-05 12:16:33,87.0,74.0,9.0,4.0
2021-08-05 12:16:34,92.0,82.0,7.0,3.0
2021-08-05 12:16:35,83.0,71.0,7.0,5.0
2021-08-05 12:16:36,96.0,89.0,5.0,2.0
2021-08-05 12:16:37,77.0,65.0,9.0,3.0
2021-08-05 12:16:38,82.0,72.0,7.0,3.0
2021-08-05 12:16:39,86.0,78.0,6.0,2.0
2021-08-05 12:16:40,76.0,64.0,5.0,7.0
2021-08-05 12:16:41,82.0,79.0,2.0,1.0
2021-08-05 12:16:42,85.0,75.0,3.0,7.0
2021-08-05 12:16:43,79.0,65.0,8.0,6.0
2021-08-05 12:16:44,91.0,75.0,10.0,6.0
2021-08-05 12:16:45,81.0,74.0,4.0,3.0
2021-08-05 12:16:46,71.0,62.0,6.0,3.0
2021-08-05 12:16:47,81.0,76.0,2.0,3.0
2021-08-05 12:16:48,85.0,78.0,6.0,1.0
2021-08-05 12:16:49,83.0,70.0,8.0,5.0
2021-08-05 12:16:50,93.0,79.0,7.0,7.0
2021-08-05 12:16:51,78.0,63.0,10.0,5.0
2021-08-05 12:16:52,87.0,71.0,9.0,7.0
2021-08-05 12:16:53,68.0,59.0,3.0,6.0
2021-08-05 12:16:54,98.0,84.0,6.0,8.0
2021-08-05 12:16:55,86.0,73.0,8.0,5.0
2021-08-05 12:16:56,84.0,72.0,8.0,4.0
2021-08-05 12:16:57,84.0,73.0,8.0,3.0
2021-08-05 12:16:58,89.0,76.0,7.0,6.0
2021-08-05 12:16:59,80.0,67.0,9.0,4.0
2021-08-05 12:17:00,102.0,88.0,9.0,5.0
2021-08-05 12:17:01,83.0,70.0,7.0,6.0
2021-08-05 12:17:02,81.0,71.0,8.0,2.0
2021-08-05 12:17:03,83.0,76.0,5.0,2.0
2021-08-05 12:17:04,91.0,73.0,14.0,4.0
2021-08-05 12:17:05,87.0,78.0,3.0,6.0
2021-08-05 12:17:06,85.0,67.0,11.0,7.0
2021-08-05 12:17:07,88.0,76.0,7.0,5.0
2021-08-05 12:17:08,91.0,79.0,6.0,6.0
2021-08-05 12:17:09,89.0,81.0,2.0,6.0
2021-08-05 12:17:10,64.0,56.0,7.0,1.0
2021-08-05 12:17:11,88.0,76.0,9.0,3.0
2021-08-05 12:17:12,82.0,74.0,4.0,4.0
2021-08-05 12:17:13,84.0,70.0,10.0,4.0
2021-08-05 12:17:14,75.0,63.0,8.0,4.0
2021-08-05 12:17:15,100.0,90.0,6.0,4.0
2021-08-05 12:17:16,83.0,73.0,2.0,8.0
2021-08-05 12:17:17,91.0,81.0,6.0,4.0
2021-08-05 12:17:18,84.0,70.0,13.0,1.0
2021-08-05 12:17:19,73.0,57.0,9.0,7.0
2021-08-05 12:17:20,95.0,79.0,12.0,4.0
2021-08-05 12:17:21,84.0,75.0,6.0,3.0
2021-08-05 12:17:22,88.0,76.0,7.0,5.0
2021-08-05 12:17:23,81.0,72.0,5.0,4.0
2021-08-05 12:17:24,70.0,62.0,2.0,6.0
2021-08-05 12:17:25,75.0,66.0,6.0,3.0
2021-08-05 12:17:26,70.0,65.0,4.0,1.0
2021-08-05 12:17:27,80.0,65.0,9.0,6.0
2021-08-05 12:17:28,76.0,65.0,8.0,3.0
2021-08-05 12:17:29,83.0,75.0,4.0,4.0
2021-08-05 12:17:30,93.0,84.0,4.0,5.0
2021-08-05 12:17:31,84.0,73.0,8.0,3.0
2021-08-05 12:17:32,89.0,80.0,5.0,4.0
2021-08-05 12:17:33,89.0,77.0,6.0,6.0
2021-08-05 12:17:34,74.0,62.0,7.0,5.0
2021-08-05 12:17:35,82.0,74.0,5.0,3.0
2021-08-05 12:17:36,75.0,65.0,5.0,5.0
2021-08-05 12:17:37,81.0,70.0,6.0,5.0
2021-08-05 12:17:38,83.0,68.0,9.0,6.0
2021-08-05 12:17:39,71.0,60.0,6.0,5.0
2021-08-05 12:17:40,99.0,87.0,6.0,6.0
2021-08-05 12:17:41,83.0,78.0,2.0,3.0
2021-08-05 12:17:42,88.0,79.0,4.0,5.0
2021-08-05 12:17:43,98.0,86.0,7.0,5.0
2021-08-05 12:17:44,69.0,56.0,10.0,3.0
2021-08-05 12:17:45,71.0,62.0,5.0,4.0
2021-08-05 12:17:46,80.0,73.0,6.0,1.0
2021-08-05 12:17:47,79.0,67.0,10.0,2.0
2021-08-05 12:17:48,102.0,88.0,7.0,7.0
2021-08-05 12:17:49,78.0,68.0,6.0,4.0
2021-08-05 12:17:50,82.0,67.0,8.0,7.0
2021-08-05 12:17:51,88.0,76.0,5.0,7.0
2021-08-05 12:17:52,85.0,75.0,7.0,3.0
2021-08-05 12:17:53,81.0,69.0,3.0,9.0
2021-08-05 12:17:54,84.0,74.0,4.0,6.0
2021-08-05 12:17:55,83.0,68.0,10.0,5.0
2021-08-05 12:17:56,75.0,65.0,8.0,2.0
2021-08-05 12:17:57,77.0,66.0,4.0,7.0
2021-08-05 12:17:58,79.0,71.0,6.0,2.0
2021-08-05 12:17:59,85.0,73.0,10.0,2.0
2021-08-05 12:18:00,78.0,69.0,6.0,3.0
2021-08-05 12:18:01,77.0,62.0,13.0,2.0
2021-08-05 12:18:02,97.0,83.0,10.0,4.0
2021-08-05 12:18:03,68.0,60.0,7.0,1.0
2021-08-05 12:18:04,89.0,78.0,8.0,3.0
2021-08-05 12:18:05,83.0,74.0,8.0,1.0
2021-08-05 12:18:06,75.0,64.0,6.0,5.0
2021-08-05 12:18:07,71.0,61.0,6.0,4.0
2021-08-05 12:18:08,75.0,65.0,5.0,5.0
2021-08-05 12:18:09,76.0,68.0,4.0,4.0
2021-08-05 12:18:10,68.0,63.0,3.0,2.0
2021-08-05 12:18:11,74.0,60.0,9.0,5.0
2021-08-05 12:18:12,69.0,63.0,4.0,2.0
2021-08-05 12:18:13,88.0,76.0,5.0,7.0
2021-08-05 12:18:14,81.0,73.0,6.0,2.0
2021-08-05 12:18:15,87.0,79.0,5.0,3.0
2021-08-05 12:18:16,86.0,72.0,8.0,6.0
2021-08-05 12:18:17,90.0,81.0,6.0,3.0
2021-08-05 12:18:18,76.0,71.0,2.0,3.0
2021-08-05 12:18:19,85.0,76.0,5.0,4.0
2021-08-05 12:18:20,79.0,70.0,4.0,5.0
2021-08-05 12:18:21,79.0,66.0,10.0,3.0
2021-08-05 12:18:22,97.0,89.0,5.0,3.0
2021-08-05 12:18:23,78.0,69.0,6.0,3.0
2021-08-05 12:18:24,97.0,83.0,9.0,5.0
2021-08-05 12:18:25,88.0,73.0,8.0,7.0
2021-08-05 12:18:26,85.0,68.0,15.0,2.0
2021-08-05 12:18:27,74.0,63.0,5.0,6.0
2021-08-05 12:18:28,100.0,91.0,7.0,2.0
2021-08-05 12:18:29,68.0,59.0,6.0,3.0
2021-08-05 12:18:30,72.0,62.0,5.0,5.0
2021-08-05 12:18:31,87.0,76.0,7.0,4.0
2021-08-05 12:18:32,70.0,61.0,5.0,4.0
2021-08-05 12:18:33,71.0,66.0,1.0,4.0
2021-08-05 12:18:34,72.0,60.0,7.0,5.0
2021-08-05 12:18:35,72.0,64.0,2.0,6.0
2021-08-05 12:18:36,89.0,77.0,6.0,6.0
2021-08-05 12:18:37,66.0,58.0,5.0,3.0
2021-08-05 12:18:38,86.0,73.0,6.0,7.0
2021-08-05 12:18:39,97.0,84.0,6.0,7.0
2021-08-05 12:18:40,85.0,79.0,4.0,2.0
2021-08-05 12:18:41,75.0,62.0,7.0,6.0
2021-08-05 12:18:42,78.0,68.0,4.0,6.0
2021-08-05 12:18:43,73.0,62.0,9.0,2.0
2021-08-05 12:18:44,71.0,61.0,6.0,4.0
2021-08-05 12:18:45,73.0,60.0,9.0,4.0
2021-08-05 12:18:46,78.0,70.0,4.0,4.0
2021-08-05 12:18:47,77.0,68.0,7.0,2.0
2021-08-05 12:18:48,85.0,82.0,3.0,0.0
2021-08-05 12:18:49,71.0,66.0,4.0,1.0
2021-08-05 12:18:50,69.0,59.0,8.0,2.0
2021-08-05 12:18:51,90.0,78.0,10.0,2.0
2021-08-05 12:18:52,75.0,69.0,3.0,3.0
2021-08-05 12:18:53,82.0,66.0,12.0,4.0
2021-08-05 12:18:54,83.0,71.0,5.0,7.0
2021-08-05 12:18:55,77.0,67.0,4.0,6.0
2021-08-05 12:18:56,100.0,88.0,4.0,8.0
2021-08-05 12:18:57,85.0,73.0,6.0,6.0
2021-08-05 12:18:58,82.0,76.0,3.0,3.0
2021-08-05 12:18:59,79.0,67.0,7.0,5.0
2021-08-05 12:19:00,89.0,76.0,8.0,5.0
2021-08-05 12:19:01,66.0,55.0,8.0,3.0
2021-08-05 12:19:02,81.0,71.0,3.0,7.0
2021-08-05 12:19:03,82.0,73.0,7.0,2.0
2021-08-05 12:19:04,74.0,64.0,9.0,1.0
2021-08-05 12:19:05,73.0,65.0,7.0,1.0
2021-08-05 12:19:06,78.0,71.0,4.0,3.0
2021-08-05 12:19:07,81.0,72.0,6.0,3.0
2021-08-05 12:19:08,69.0,60.0,5.0,4.0
2021-08-05 12:19:09,90.0,76.0,9.0,5.0
2021-08-05 12:19:10,83.0,72.0,6.0,5.0
2021-08-05 12:19:11,84.0,74.0,4.0,6.0
2021-08-05 12:19:12,80.0,73.0,5.0,2.0
2021-08-05 12:19:13,79.0,66.0,9.0,4.0
2021-08-05 12:19:14,77.0,67.0,7.0,3.0
2021-08-05 12:19:15,88.0,80.0,3.0,5.0
2021-08-05 12:19:16,74.0,66.0,5.0,3.0
2021-08-05 12:19:17,73.0,60.0,7.0,6.0
2021-08-05 12:19:18,81.0,75.0,4.0,2.0
2021-08-05 12:19:19,66.0,57.0,7.0,2.0
2021-08-05 12:19:20,89.0,77.0,8.0,4.0
2021-08-05 12:19:21,92.0,81.0,3.0,8.0
2021-08-05 12:19:22,67.0,59.0,6.0,2.0
2021-08-05 12:19:23,94.0,74.0,11.0,9.0
2021-08-05 12:19:24,72.0,63.0,6.0,3.0
2021-08-05 12:19:25,93.0,81.0,8.0,4.0
2021-08-05 12:19:26,67.0,51.0,5.0,11.0
2021-08-05 12:19:27,101.0,80.0,12.0,9.0
2021-08-05 12:19:28,86.0,73.0,11.0,2.0
2021-08-05 12:19:29,89.0,78.0,5.0,6.0
2021-08-05 12:19:30,90.0,77.0,7.0,6.0
2021-08-05 12:19:31,72.0,64.0,6.0,2.0
2021-08-05 12:19:32,80.0,69.0,5.0,6.0
2021-08-05 12:19:33,79.0,71.0,5.0,3.0
2021-08-05 12:19:34,90.0,75.0,8.0,7.0
2021-08-05 12:19:35,83.0,73.0,4.0,6.0
2021-08-05 12:19:36,112.0,102.0,7.0,3.0
2021-08-05 12:19:37,86.0,76.0,6.0,4.0
2021-08-05 12:19:38,81.0,73.0,7.0,1.0
2021-08-05 12:19:39,96.0,82.0,9.0,5.0
2021-08-05 12:19:40,87.0,70.0,9.0,8.0
2021-08-05 12:19:41,76.0,69.0,3.0,4.0
2021-08-05 12:19:42,74.0,68.0,6.0,0.0
2021-08-05 12:19:43,89.0,77.0,7.0,5.0
2021-08-05 12:19:44,86.0,76.0,6.0,4.0
2021-08-05 12:19:45,76.0,65.0,7.0,4.0
2021-08-05 12:19:46,88.0,78.0,4.0,6.0
2021-08-05 12:19:47,82.0,67.0,8.0,7.0
2021-08-05 12:19:48,81.0,75.0,3.0,3.0
2021-08-05 12:19:49,98.0,83.0,8.0,7.0
2021-08-05 12:19:50,91.0,80.0,5.0,6.0
2021-08-05 12:19:51,89.0,76.0,12.0,1.0
2021-08-05 12:19:52,77.0,70.0,3.0,4.0
2021-08-05 12:19:53,94.0,78.0,7.0,9.0
2021-08-05 12:19:54,90.0,77.0,6.0,7.0
2021-08-05 12:19:55,73.0,60.0,7.0,6.0
2021-08-05 12:19:56,82.0,73.0,7.0,2.0
2021-08-05 12:19:57,65.0,59.0,3.0,3.0
2021-08-05 12:19:58,77.0,64.0,10.0,3.0
2021-08-05 12:19:59,92.0,77.0,12.0,3.0
2021-08-05 12:20:00,93.0,81.0,9.0,3.0
2021-08-05 12:20:01,98.0,86.0,8.0,4.0
2021-08-05 12:20:02,92.0,77.0,8.0,7.0
2021-08-05 12:20:03,80.0,72.0,6.0,2.0
2021-08-05 12:20:04,81.0,68.0,8.0,5.0
2021-08-05 12:20:05,89.0,78.0,7.0,4.0
2021-08-05 12:20:06,96.0,85.0,6.0,5.0
2021-08-05 12:20:07,73.0,62.0,7.0,4.0
2021-08-05 12:20:08,65.0,58.0,4.0,3.0
2021-08-05 12:20:09,84.0,66.0,11.0,7.0
2021-08-05 12:20:10,90.0,82.0,5.0,3.0
2021-08-05 12:20:11,68.0,54.0,9.0,5.0
2021-08-05 12:20:12,66.0,53.0,9.0,4.0
2021-08-05 12:20:13,83.0,75.0,6.0,2.0
2021-08-05 12:20:14,84.0,72.0,10.0,2.0
2021-08-05 12:20:15,93.0,80.0,5.0,8.0
2021-08-05 12:20:16,93.0,83.0,7.0,3.0
2021-08-05 12:20:17,80.0,68.0,6.0,6.0
2021-08-05 12:20:18,93.0,84.0,5.0,4.0
2021-08-05 12:20:19,96.0,87.0,5.0,4.0
2021-08-05 12:20:20,79.0,65.0,7.0,7.0
2021-08-05 12:20:21,77.0,70.0,4.0,3.0
2021-08-05 12:20:22,98.0,86.0,10.0,2.0
2021-08-05 12:20:23,71.0,62.0,4.0,5.0
2021-08-05 12:20:24,83.0,68.0,9.0,6.0
2021-08-05 12:20:25,74.0,64.0,5.0,5.0
2021-08-05 12:20:26,81.0,71.0,3.0,7.0
2021-08-05 12:20:27,84.0,70.0,9.0,5.0
2021-08-05 12:20:28,88.0,80.0,7.0,1.0
2021-08-05 12:20:29,73.0,63.0,5.0,5.0
2021-08-05 12:20:30,78.0,69.0,7.0,2.0
2021-08-05 12:20:31,75.0,67.0,4.0,4.0
2021-08-05 12:20:32,84.0,75.0,6.0,3.0
2021-08-05 12:20:33,97.0,86.0,9.0,2.0
2021-08-05 12:20:34,79.0,66.0,6.0,7.0
2021-08-05 12:20:35,73.0,67.0,4.0,2.0
2021-08-05 12:20:36,80.0,71.0,4.0,5.0
2021-08-05 12:20:37,79.0,66.0,6.0,7.0
2021-08-05 12:20:38,88.0,72.0,9.0,7.0
2021-08-05 12:20:39,76.0,69.0,2.0,5.0
2021-08-05 12:20:40,60.0,49.0,4.0,7.0
2021-08-05 12:20:41,88.0,71.0,8.0,9.0
2021-08-05 12:20:42,89.0,76.0,6.0,7.0
2021-08-05 12:20:43,88.0,75.0,5.0,8.0
2021-08-05 12:20:44,78.0,66.0,7.0,5.0
2021-08-05 12:20:45,92.0,84.0,7.0,1.0
2021-08-05 12:20:46,91.0,82.0,6.0,3.0
2021-08-05 12:20:47,69.0,64.0,2.0,3.0
2021-08-05 12:20:48,80.0,74.0,5.0,1.0
2021-08-05 12:20:49,86.0,77.0,7.0,2.0
2021-08-05 12:20:50,77.0,74.0,2.0,1.0
2021-08-05 12:20:51,101.0,91.0,5.0,5.0
2021-08-05 12:20:52,80.0,70.0,5.0,5.0
2021-08-05 12:20:53,81.0,72.0,6.0,3.0
2021-08-05 12:20:54,66.0,53.0,6.0,7.0
2021-08-05 12:20:55,83.0,70.0,8.0,5.0
2021-08-05 12:20:56,87.0,81.0,3.0,3.0
2021-08-05 12:20:57,81.0,76.0,1.0,4.0
2021-08-05 12:20:58,98.0,80.0,10.0,8.0
2021-08-05 12:20:59,80.0,66.0,9.0,5.0
2021-08-05 12:21:00,85.0,77.0,6.0,2.0
2021-08-05 12:21:01,92.0,78.0,7.0,7.0
2021-08-05 12:21:02,79.0,66.0,6.0,7.0
2021-08-05 12:21:03,75.0,66.0,6.0,3.0
2021-08-05 12:21:04,103.0,92.0,8.0,3.0
2021-08-05 12:21:05,66.0,58.0,5.0,3.0
2021-08-05 12:21:06,81.0,66.0,7.0,8.0
2021-08-05 12:21:07,84.0,70.0,8.0,6.0
2021-08-05 12:21:08,96.0,84.0,9.0,3.0
2021-08-05 12:21:09,74.0,62.0,7.0,5.0
2021-08-05 12:21:10,89.0,77.0,7.0,5.0
2021-08-05 12:21:11,80.0,72.0,4.0,4.0
2021-08-05 12:21:12,87.0,74.0,7.0,6.0
2021-08-05 12:21:13,101.0,90.0,8.0,3.0
2021-08-05 12:21:14,75.0,67.0,3.0,5.0
2021-08-05 12:21:15,85.0,77.0,4.0,4.0
2021-08-05 12:21:16,78.0,72.0,4.0,2.0
2021-08-05 12:21:17,78.0,73.0,2.0,3.0
2021-08-05 12:21:18,88.0,70.0,10.0,8.0
2021-08-05 12:21:19,99.0,89.0,3.0,7.0
2021-08-05 12:21:20,69.0,61.0,4.0,4.0
2021-08-05 12:21:21,81.0,75.0,5.0,1.0
2021-08-05 12:21:22,89.0,77.0,7.0,5.0
2021-08-05 12:21:23,86.0,73.0,10.0,3.0
2021-08-05 12:21:24,79.0,68.0,7.0,4.0
2021-08-05 12:21:25,73.0,62.0,7.0,4.0
2021-08-05 12:21:26,74.0,63.0,6.0,5.0
2021-08-05 12:21:27,95.0,83.0,8.0,4.0
2021-08-05 12:21:28,81.0,71.0,6.0,4.0
2021-08-05 12:21:29,87.0,82.0,2.0,3.0
2021-08-05 12:21:30,79.0,69.0,8.0,2.0
2021-08-05 12:21:31,83.0,71.0,7.0,5.0
2021-08-05 12:21:32,88.0,75.0,7.0,6.0
2021-08-05 12:21:33,75.0,66.0,2.0,7.0
2021-08-05 12:21:34,71.0,58.0,6.0,7.0
2021-08-05 12:21:35,87.0,78.0,5.0,4.0
2021-08-05 12:21:36,78.0,67.0,8.0,3.0
2021-08-05 12:21:37,57.0,50.0,5.0,2.0
2021-08-05 12:21:38,83.0,74.0,5.0,4.0
2021-08-05 12:21:39,80.0,68.0,8.0,4.0
2021-08-05 12:21:40,81.0,69.0,10.0,2.0
2021-08-05 12:21:41,77.0,69.0,6.0,2.0
2021-08-05 12:21:42,82.0,69.0,8.0,5.0
2021-08-05 12:21:43,88.0,80.0,5.0,3.0
2021-08-05 12:21:44,83.0,75.0,4.0,4.0
2021-08-05 12:21:45,91.0,77.0,9.0,5.0
2021-08-05 12:21:46,87.0,78.0,5.0,4.0
2021-08-05 12:21:47,86.0,75.0,5.0,6.0
2021-08-05 12:21:48,90.0,74.0,12.0,4.0
2021-08-05 12:21:49,74.0,67.0,6.0,1.0
2021-08-05 12:21:50,103.0,91.0,5.0,7.0
2021-08-05 12:21:51,91.0,78.0,6.0,7.0
2021-08-05 12:21:52,110.0,93.0,12.0,5.0
2021-08-05 12:21:53,79.0,69.0,7.0,3.0
2021-08-05 12:21:54,74.0,64.0,8.0,2.0
2021-08-05 12:21:55,99.0,90.0,4.0,5.0
2021-08-05 12:21:56,65.0,53.0,5.0,7.0
2021-08-05 12:21:57,95.0,83.0,7.0,5.0
2021-08-05 12:21:58,77.0,68.0,5.0,4.0
2021-08-05 12:21:59,95.0,81.0,12.0,2.0
2021-08-05 12:22:00,82.0,67.0,7.0,8.0
2021-08-05 12:22:01,71.0,66.0,3.0,2.0
2021-08-05 12:22:02,101.0,88.0,7.0,6.0
2021-08-05 12:22:03,73.0,64.0,5.0,4.0
2021-08-05 12:22:04,67.0,57.0,6.0,4.0
2021-08-05 12:22:05,100.0,84.0,9.0,7.0
2021-08-05 12:22:06,81.0,69.0,7.0,5.0
2021-08-05 12:22:07,75.0,66.0,6.0,3.0
2021-08-05 12:22:08,103.0,92.0,7.0,4.0
2021-08-05 12:22:09,84.0,73.0,4.0,7.0
2021-08-05 12:22:10,73.0,60.0,9.0,4.0
2021-08-05 12:22:11,85.0,76.0,6.0,3.0
2021-08-05 12:22:12,96.0,80.0,9.0,7.0
2021-08-05 12:22:13,77.0,69.0,6.0,2.0
2021-08-05 12:22:14,93.0,73.0,12.0,8.0
2021-08-05 12:22:15,67.0,56.0,7.0,4.0
2021-08-05 12:22:16,68.0,61.0,3.0,4.0
2021-08-05 12:22:17,72.0,56.0,13.0,3.0
2021-08-05 12:22:18,79.0,68.0,9.0,2.0
2021-08-05 12:22:19,90.0,80.0,8.0,2.0
2021-08-05 12:22:20,86.0,80.0,4.0,2.0
2021-08-05 12:22:21,77.0,68.0,6.0,3.0
2021-08-05 12:22:22,102.0,95.0,3.0,4.0
2021-08-05 12:22:23,69.0,64.0,3.0,2.0
2021-08-05 12:22:24,68.0,62.0,3.0,3.0
2021-08-05 12:22:25,83.0,73.0,4.0,6.0
2021-08-05 12:22:26,80.0,69.0,5.0,6.0
2021-08-05 12:22:27,72.0,68.0,1.0,3.0
2021-08-05 12:22:28,88.0,73.0,10.0,5.0
2021-08-05 12:22:29,90.0,79.0,5.0,6.0
2021-08-05 12:22:30,69.0,60.0,5.0,4.0
2021-08-05 12:22:31,97.0,86.0,7.0,4.0
2021-08-05 12:22:32,80.0,62.0,13.0,5.0
2021-08-05 12:22:33,77.0,67.0,7.0,3.0
2021-08-05 12:22:34,81.0,70.0,8.0,3.0
2021-08-05 12:22:35,67.0,58.0,6.0,3.0
2021-08-05 12:22:36,77.0,65.0,10.0,2.0
2021-08-05 12:22:37,84.0,72.0,7.0,5.0
2021-08-05 12:22:38,87.0,74.0,8.0,5.0
2021-08-05 12:22:39,75.0,69.0,4.0,2.0
2021-08-05 12:22:40,76.0,67.0,4.0,5.0
2021-08-05 12:22:41,75.0,54.0,13.0,8.0
2021-08-05 12:22:42,99.0,89.0,6.0,4.0
2021-08-05 12:22:43,91.0,79.0,8.0,4.0
2021-08-05 12:22:44,80.0,69.0,6.0,5.0
2021-08-05 12:22:45,90.0,80.0,7.0,3.0
2021-08-05 12:22:46,70.0,63.0,4.0,3.0
2021-08-05 12:22:47,79.0,70.0,7.0,2.0
2021-08-05 12:22:48,67.0,54.0,8.0,5.0
2021-08-05 12:22:49,97.0,86.0,6.0,5.0
2021-08-05 12:22:50,79.0,66.0,8.0,5.0
2021-08-05 12:22:51,82.0,78.0,4.0,0.0
2021-08-05 12:22:52,76.0,68.0,7.0,1.0
2021-08-05 12:22:53,72.0,63.0,6.0,3.0
2021-08-05 12:22:54,68.0,60.0,6.0,2.0
2021-08-05 12:22:55,85.0,79.0,5.0,1.0
2021-08-05 12:22:56,79.0,71.0,4.0,4.0
2021-08-05 12:22:57,82.0,69.0,8.0,5.0
2021-08-05 12:22:58,91.0,81.0,8.0,2.0
2021-08-05 12:22:59,73.0,65.0,2.0,6.0
2021-08-05 12:23:00,74.0,67.0,4.0,3.0
2021-08-05 12:23:01,82.0,74.0,7.0,1.0
2021-08-05 12:23:02,91.0,78.0,8.0,5.0
2021-08-05 12:23:03,83.0,74.0,6.0,3.0
2021-08-05 12:23:04,95.0,83.0,5.0,7.0
2021-08-05 12:23:05,91.0,73.0,8.0,10.0
2021-08-05 12:23:06,72.0,59.0,7.0,6.0
2021-08-05 12:23:07,78.0,62.0,13.0,3.0
2021-08-05 12:23:08,76.0,64.0,6.0,6.0
2021-08-05 12:23:09,74.0,63.0,9.0,2.0
2021-08-05 12:23:10,74.0,62.0,9.0,3.0
2021-08-05 12:23:11,88.0,76.0,8.0,4.0
2021-08-05 12:23:12,77.0,71.0,4.0,2.0
2021-08-05 12:23:13,91.0,86.0,3.0,2.0
2021-08-05 12:23:14,90.0,71.0,11.0,8.0
2021-08-05 12:23:15,66.0,57.0,6.0,3.0
2021-08-05 12:23:16,82.0,74.0,6.0,2.0
2021-08-05 12:23:17,89.0,80.0,6.0,3.0
2021-08-05 12:23:18,97.0,80.0,8.0,9.0
2021-08-05 12:23:19,79.0,72.0,4.0,3.0
2021-08-05 12:23:20,71.0,60.0,7.0,4.0
2021-08-05 12:23:21,71.0,65.0,5.0,1.0
2021-08-05 12:23:22,85.0,73.0,8.0,4.0
2021-08-05 12:23:23,99.0,82.0,11.0,6.0
2021-08-05 12:23:24,74.0,63.0,7.0,4.0
2021-08-05 12:23:25,82.0,77.0,4.0,1.0
2021-08-05 12:23:26,75.0,65.0,4.0,6.0
2021-08-05 12:23:27,86.0,77.0,6.0,3.0
2021-08-05 12:23:28,84.0,81.0,1.0,2.0
2021-08-05 12:23:29,98.0,89.0,6.0,3.0
2021-08-05 12:23:30,87.0,78.0,6.0,3.0
2021-08-05 12:23:31,77.0,68.0,6.0,3.0
2021-08-05 12:23:32,89.0,76.0,7.0,6.0
2021-08-05 12:23:33,77.0,65.0,8.0,4.0
2021-08-05 12:23:34,84.0,72.0,7.0,5.0
2021-08-05 12:23:35,98.0,88.0,6.0,4.0
2021-08-05 12:23:36,68.0,59.0,7.0,2.0
2021-08-05 12:23:37,101.0,87.0,8.0,6.0
2021-08-05 12:23:38,85.0,74.0,8.0,3.0
2021-08-05 12:23:39,85.0,79.0,3.0,3.0
2021-08-05 12:23:40,86.0,71.0,10.0,5.0
2021-08-05 12:23:41,72.0,58.0,10.0,4.0
2021-08-05 12:23:42,63.0,55.0,5.0,3.0
2021-08-05 12:23:43,78.0,63.0,6.0,9.0
2021-08-05 12:23:44,70.0,64.0,3.0,3.0
2021-08-05 12:23:45,85.0,77.0,4.0,4.0
2021-08-05 12:23:46,67.0,59.0,6.0,2.0
2021-08-05 12:23:47,80.0,73.0,5.0,2.0
2021-08-05 12:23:48,72.0,66.0,4.0,2.0
2021-08-05 12:23:49,68.0,61.0,5.0,2.0
2021-08-05 12:23:50,90.0,77.0,10.0,3.0
2021-08-05 12:23:51,78.0,67.0,7.0,4.0
2021-08-05 12:23:52,64.0,52.0,8.0,4.0
2021-08-05 12:23:53,119.0,104.0,8.0,7.0
2021-08-05 12:23:54,88.0,77.0,6.0,5.0
2021-08-05 12:23:55,87.0,77.0,5.0,5.0
2021-08-05 12:23:56,87.0,76.0,7.0,4.0
2021-08-05 12:23:57,79.0,67.0,8.0,4.0
2021-08-05 12:23:58,88.0,70.0,13.0,5.0
2021-08-05 12:23:59,93.0,88.0,2.0,3.0
2021-08-05 12:24:00,85.0,72.0,9.0,4.0
2021-08-05 12:24:01,81.0,68.0,7.0,6.0
2021-08-05 12:24:02,79.0,73.0,4.0,2.0
2021-08-05 12:24:03,66.0,57.0,3.0,6.0
2021-08-05 12:24:04,84.0,75.0,5.0,4.0
2021-08-05 12:24:05,93.0,79.0,7.0,7.0
2021-08-05 12:24:06,85.0,67.0,12.0,6.0
2021-08-05 12:24:07,70.0,60.0,6.0,4.0
2021-08-05 12:24:08,85.0,70.0,8.0,7.0
2021-08-05 12:24:09,76.0,65.0,8.0,3.0
2021-08-05 12:24:10,95.0,85.0,3.0,7.0
2021-08-05 12:24:11,77.0,68.0,5.0,4.0
2021-08-05 12:24:12,79.0,66.0,6.0,7.0
2021-08-05 12:24:13,75.0,70.0,3.0,2.0
2021-08-05 12:24:14,69.0,63.0,3.0,3.0
2021-08-05 12:24:15,70.0,65.0,1.0,4.0
2021-08-05 12:24:16,81.0,72.0,5.0,4.0
2021-08-05 12:24:17,96.0,76.0,13.0,7.0
2021-08-05 12:24:18,82.0,73.0,6.0,3.0
2021-08-05 12:24:19,84.0,76.0,5.0,3.0
2021-08-05 12:24:20,97.0,78.0,16.0,3.0
2021-08-05 12:24:21,95.0,83.0,8.0,4.0
2021-08-05 12:24:22,83.0,70.0,5.0,8.0
2021-08-05 12:24:23,61.0,55.0,4.0,2.0
2021-08-05 12:24:24,68.0,61.0,6.0,1.0
2021-08-05 12:24:25,78.0,70.0,6.0,2.0
2021-08-05 12:24:26,83.0,74.0,6.0,3.0
2021-08-05 12:24:27,87.0,75.0,8.0,4.0
2021-08-05 12:24:28,85.0,80.0,3.0,2.0
2021-08-05 12:24:29,72.0,66.0,4.0,2.0
2021-08-05 12:24:30,74.0,65.0,3.0,6.0
2021-08-05 12:24:31,83.0,75.0,5.0,3.0
2021-08-05 12:24:32,89.0,74.0,8.0,7.0
2021-08-05 12:24:33,99.0,89.0,6.0,4.0
2021-08-05 12:24:34,93.0,83.0,6.0,4.0
2021-08-05 12:24:35,96.0,81.0,10.0,5.0
2021-08-05 12:24:36,75.0,65.0,6.0,4.0
2021-08-05 12:24:37,87.0,74.0,9.0,4.0
2021-08-05 12:24:38,74.0,70.0,2.0,2.0
2021-08-05 12:24:39,77.0,66.0,6.0,5.0
2021-08-05 12:24:40,91.0,80.0,5.0,6.0
2021-08-05 12:24:41,75.0,62.0,7.0,6.0
2021-08-05 12:24:42,90.0,79.0,8.0,3.0
2021-08-05 12:24:43,83.0,71.0,7.0,5.0
2021-08-05 12:24:44,78.0,69.0,4.0,5.0
2021-08-05 12:24:45,81.0,67.0,8.0,6.0
2021-08-05 12:24:46,87.0,67.0,14.0,6.0
2021-08-05 12:24:47,75.0,62.0,10.0,3.0
2021-08-05 12:24:48,106.0,94.0,8.0,4.0
2021-08-05 12:24:49,80.0,68.0,6.0,6.0
2021-08-05 12:24:50,92.0,79.0,10.0,3.0
2021-08-05 12:24:51,67.0,59.0,3.0,5.0
2021-08-05 12:24:52,93.0,82.0,5.0,6.0
2021-08-05 12:24:53,91.0,81.0,5.0,5.0
2021-08-05 12:24:54,78.0,69.0,5.0,4.0
2021-08-05 12:24:55,103.0,91.0,9.0,3.0
2021-08-05 12:24:56,81.0,72.0,5.0,4.0
2021-08-05 12:24:57,84.0,72.0,5.0,7.0
2021-08-05 12:24:58,73.0,60.0,9.0,4.0
2021-08-05 12:24:59,85.0,76.0,6.0,3.0
2021-08-05 12:25:00,73.0,63.0,7.0,3.0
2021-08-05 12:25:01,69.0,58.0,4.0,7.0
2021-08-05 12:25:02,86.0,70.0,12.0,4.0
2021-08-05 12:25:03,76.0,67.0,6.0,3.0
2021-08-05 12:25:04,78.0,65.0,8.0,5.0
2021-08-05 12:25:05,75.0,64.0,8.0,3.0
2021-08-05 12:25:06,77.0,66.0,8.0,3.0
2021-08-05 12:25:07,85.0,74.0,6.0,5.0
2021-08-05 12:25:08,73.0,63.0,5.0,5.0
2021-08-05 12:25:09,92.0,86.0,3.0,3.0
2021-08-05 12:25:10,93.0,81.0,9.0,3.0
2021-08-05 12:25:11,74.0,60.0,11.0,3.0
2021-08-05 12:25:12,89.0,74.0,7.0,8.0
2021-08-05 12:25:13,79.0,60.0,11.0,8.0
2021-08-05 12:25:14,79.0,71.0,3.0,5.0
2021-08-05 12:25:15,76.0,65.0,5.0,6.0
2021-08-05 12:25:16,79.0,67.0,7.0,5.0
2021-08-05 12:25:17,82.0,70.0,8.0,4.0
2021-08-05 12:25:18,83.0,73.0,7.0,3.0
2021-08-05 12:25:19,82.0,74.0,5.0,3.0
2021-08-05 12:25:20,68.0,59.0,5.0,4.0
2021-08-05 12:25:21,76.0,65.0,8.0,3.0
2021-08-05 12:25:22,74.0,66.0,4.0,4.0
2021-08-05 12:25:23,101.0,86.0,6.0,9.0
2021-08-05 12:25:24,79.0,68.0,6.0,5.0
2021-08-05 12:25:25,81.0,69.0,8.0,4.0
2021-08-05 12:25:26,92.0,83.0,6.0,3.0
2021-08-05 12:25:27,78.0,69.0,6.0,3.0
2021-08-05 12:25:28,71.0,63.0,7.0,1.0
2021-08-05 12:25:29,72.0,65.0,4.0,3.0
2021-08-05 12:25:30,80.0,67.0,9.0,4.0
2021-08-05 12:25:31,90.0,74.0,8.0,8.0
2021-08-05 12:25:32,81.0,75.0,2.0,4.0
2021-08-05 12:25:33,96.0,85.0,6.0,5.0
2021-08-05 12:25:34,83.0,75.0,4.0,4.0
2021-08-05 12:25:35,73.0,60.0,9.0,4.0
2021-08-05 12:25:36,76.0,65.0,7.0,4.0
2021-08-05 12:25:37,88.0,79.0,6.0,3.0
2021-08-05 12:25:38,82.0,67.0,12.0,3.0
2021-08-05 12:25:39,101.0,93.0,4.0,4.0
2021-08-05 12:25:40,95.0,74.0,14.0,7.0
2021-08-05 12:25:41,80.0,68.0,11.0,1.0
2021-08-05 12:25:42,72.0,53.0,11.0,8.0
2021-08-05 12:25:43,82.0,71.0,9.0,2.0
2021-08-05 12:25:44,91.0,80.0,8.0,3.0
2021-08-05 12:25:45,63.0,52.0,3.0,8.0
2021-08-05 12:25:46,78.0,71.0,4.0,3.0
2021-08-05 12:25:47,86.0,77.0,4.0,5.0
2021-08-05 12:25:48,82.0,74.0,3.0,5.0
2021-08-05 12:25:49,68.0,62.0,5.0,1.0
2021-08-05 12:25:50,77.0,66.0,7.0,4.0
2021-08-05 12:25:51,85.0,70.0,11.0,4.0
2021-08-05 12:25:52,101.0,92.0,7.0,2.0
2021-08-05 12:25:53,83.0,70.0,10.0,3.0
2021-08-05 12:25:54,93.0,80.0,3.0,10.0
2021-08-05 12:25:55,96.0,86.0,5.0,5.0
2021-08-05 12:25:56,75.0,67.0,7.0,1.0
2021-08-05 12:25:57,81.0,68.0,5.0,8.0
2021-08-05 12:25:58,60.0,50.0,8.0,2.0
2021-08-05 12:25:59,81.0,72.0,3.0,6.0
2021-08-05 12:26:00,73.0,65.0,3.0,5.0
2021-08-05 12:26:01,79.0,71.0,5.0,3.0
2021-08-05 12:26:02,94.0,85.0,4.0,5.0
2021-08-05 12:26:03,84.0,74.0,3.0,7.0
2021-08-05 12:26:04,98.0,85.0,7.0,6.0
2021-08-05 12:26:05,70.0,63.0,5.0,2.0
2021-08-05 12:26:06,85.0,69.0,11.0,5.0
2021-08-05 12:26:07,65.0,57.0,4.0,4.0
2021-08-05 12:26:08,99.0,83.0,7.0,9.0
2021-08-05 12:26:09,72.0,65.0,5.0,2.0
2021-08-05 12:26:10,54.0,47.0,4.0,3.0
2021-08-05 12:26:11,93.0,82.0,5.0,6.0
2021-08-05 12:26:12,85.0,78.0,7.0,0.0
2021-08-05 12:26:13,70.0,61.0,4.0,5.0
2021-08-05 12:26:14,98.0,89.0,8.0,1.0
2021-08-05 12:26:15,74.0,67.0,5.0,2.0
2021-08-05 12:26:16,86.0,78.0,3.0,5.0
2021-08-05 12:26:17,84.0,75.0,6.0,3.0
2021-08-05 12:26:18,81.0,70.0,8.0,3.0
2021-08-05 12:26:19,88.0,77.0,6.0,5.0
2021-08-05 12:26:20,86.0,74.0,7.0,5.0
2021-08-05 12:26:21,82.0,73.0,2.0,7.0
2021-08-05 12:26:22,103.0,89.0,11.0,3.0
2021-08-05 12:26:23,100.0,88.0,6.0,6.0
2021-08-05 12:26:24,80.0,72.0,4.0,4.0
2021-08-05 12:26:25,91.0,81.0,5.0,5.0
2021-08-05 12:26:26,74.0,64.0,7.0,3.0
2021-08-05 12:26:27,67.0,54.0,9.0,4.0
2021-08-05 12:26:28,81.0,66.0,8.0,7.0
2021-08-05 12:26:29,90.0,84.0,3.0,3.0
2021-08-05 12:26:30,84.0,72.0,6.0,6.0
2021-08-05 12:26:31,89.0,73.0,8.0,8.0
2021-08-05 12:26:32,76.0,67.0,7.0,2.0
2021-08-05 12:26:33,85.0,70.0,12.0,3.0
2021-08-05 12:26:34,93.0,80.0,8.0,5.0
2021-08-05 12:26:35,85.0,77.0,3.0,5.0
2021-08-05 12:26:36,70.0,61.0,4.0,5.0
2021-08-05 12:26:37,90.0,81.0,7.0,2.0
2021-08-05 12:26:38,86.0,74.0,8.0,4.0
2021-08-05 12:26:39,64.0,62.0,1.0,1.0
2021-08-05 12:26:40,88.0,71.0,9.0,8.0
2021-08-05 12:26:41,90.0,82.0,5.0,3.0
2021-08-05 12:26:42,64.0,53.0,4.0,7.0
2021-08-05 12:26:43,93.0,82.0,6.0,5.0
2021-08-05 12:26:44,80.0,72.0,7.0,1.0
2021-08-05 12:26:45,68.0,56.0,6.0,6.0
2021-08-05 12:26:46,74.0,62.0,9.0,3.0
2021-08-05 12:26:47,77.0,66.0,8.0,3.0
2021-08-05 12:26:48,91.0,82.0,5.0,4.0
2021-08-05 12:26:49,89.0,74.0,9.0,6.0
2021-08-05 12:26:50,75.0,64.0,8.0,3.0
2021-08-05 12:26:51,74.0,64.0,6.0,4.0
2021-08-05 12:26:52,67.0,60.0,3.0,4.0
2021-08-05 12:26:53,85.0,76.0,4.0,5.0
2021-08-05 12:26:54,69.0,61.0,5.0,3.0
2021-08-05 12:26:55,76.0,69.0,3.0,4.0
2021-08-05 12:26:56,75.0,65.0,4.0,6.0
2021-08-05 12:26:57,75.0,64.0,6.0,5.0
2021-08-05 12:26:58,78.0,73.0,1.0,4.0
2021-08-05 12:26:59,85.0,71.0,5.0,9.0
2021-08-05 12:27:00,89.0,79.0,7.0,3.0
2021-08-05 12:27:01,89.0,73.0,10.0,6.0
2021-08-05 12:27:02,83.0,70.0,5.0,8.0
2021-08-05 12:27:03,78.0,64.0,8.0,6.0
2021-08-05 12:27:04,84.0,68.0,6.0,10.0
2021-08-05 12:27:05,86.0,73.0,7.0,6.0
2021-08-05 12:27:06,79.0,66.0,8.0,5.0
2021-08-05 12:27:07,80.0,68.0,8.0,4.0
2021-08-05 12:27:08,69.0,60.0,3.0,6.0
2021-08-05 12:27:09,77.0,63.0,8.0,6.0
2021-08-05 12:27:10,82.0,69.0,7.0,6.0
2021-08-05 12:27:11,88.0,82.0,3.0,3.0
2021-08-05 12:27:12,61.0,57.0,3.0,1.0
2021-08-05 12:27:13,86.0,74.0,4.0,8.0
2021-08-05 12:27:14,93.0,74.0,12.0,7.0
2021-08-05 12:27:15,90.0,78.0,6.0,6.0
2021-08-05 12:27:16,92.0,79.0,10.0,3.0
2021-08-05 12:27:17,79.0,69.0,6.0,4.0
2021-08-05 12:27:18,83.0,71.0,7.0,5.0
2021-08-05 12:27:19,84.0,73.0,6.0,5.0
2021-08-05 12:27:20,89.0,77.0,6.0,6.0
2021-08-05 12:27:21,78.0,69.0,7.0,2.0
2021-08-05 12:27:22,79.0,71.0,3.0,5.0
2021-08-05 12:27:23,68.0,60.0,3.0,5.0
2021-08-05 12:27:24,87.0,70.0,10.0,7.0
2021-08-05 12:27:25,86.0,72.0,9.0,5.0
2021-08-05 12:27:26,68.0,61.0,3.0,4.0
2021-08-05 12:27:27,86.0,79.0,4.0,3.0
2021-08-05 12:27:28,73.0,67.0,2.0,4.0
2021-08-05 12:27:29,81.0,74.0,5.0,2.0
2021-08-05 12:27:30,67.0,61.0,6.0,0.0
2021-08-05 12:27:31,73.0,60.0,10.0,3.0
2021-08-05 12:27:32,82.0,76.0,5.0,1.0
2021-08-05 12:27:33,82.0,72.0,6.0,4.0
2021-08-05 12:27:34,92.0,78.0,9.0,5.0
2021-08-05 12:27:35,96.0,83.0,8.0,5.0
2021-08-05 12:27:36,61.0,51.0,7.0,3.0
2021-08-05 12:27:37,77.0,71.0,4.0,2.0
2021-08-05 12:27:38,81.0,76.0,1.0,4.0
2021-08-05 12:27:39,79.0,67.0,6.0,6.0
2021-08-05 12:27:40,76.0,64.0,8.0,4.0
2021-08-05 12:27:41,71.0,61.0,5.0,5.0
2021-08-05 12:27:42,76.0,68.0,3.0,5.0
2021-08-05 12:27:43,76.0,69.0,4.0,3.0
2021-08-05 12:27:44,79.0,68.0,7.0,4.0
2021-08-05 12:27:45,94.0,79.0,10.0,5.0
2021-08-05 12:27:46,76.0,67.0,6.0,3.0
2021-08-05 12:27:47,87.0,79.0,6.0,2.0
2021-08-05 12:27:48,68.0,62.0,3.0,3.0
2021-08-05 12:27:49,88.0,81.0,6.0,1.0
2021-08-05 12:27:50,75.0,66.0,6.0,3.0
2021-08-05 12:27:51,77.0,62.0,8.0,7.0
2021-08-05 12:27:52,82.0,73.0,7.0,2.0
2021-08-05 12:27:53,84.0,73.0,5.0,6.0
2021-08-05 12:27:54,78.0,66.0,6.0,6.0
2021-08-05 12:27:55,88.0,78.0,6.0,4.0
2021-08-05 12:27:56,75.0,67.0,7.0,1.0
2021-08-05 12:27:57,79.0,70.0,6.0,3.0
2021-08-05 12:27:58,80.0,70.0,6.0,4.0
2021-08-05 12:27:59,69.0,61.0,5.0,3.0
2021-08-05 12:28:00,57.0,50.0,3.0,4.0
2021-08-05 12:28:01,74.0,65.0,4.0,5.0
2021-08-05 12:28:02,76.0,63.0,9.0,4.0
2021-08-05 12:28:03,79.0,65.0,6.0,8.0
2021-08-05 12:28:04,82.0,73.0,6.0,3.0
2021-08-05 12:28:05,96.0,88.0,7.0,1.0
2021-08-05 12:28:06,81.0,74.0,6.0,1.0
2021-08-05 12:28:07,77.0,59.0,14.0,4.0
2021-08-05 12:28:08,106.0,94.0,5.0,7.0
2021-08-05 12:28:09,72.0,61.0,7.0,4.0
2021-08-05 12:28:10,81.0,69.0,3.0,9.0
2021-08-05 12:28:11,87.0,76.0,6.0,5.0
2021-08-05 12:28:12,82.0,75.0,5.0,2.0
2021-08-05 12:28:13,83.0,75.0,4.0,4.0
2021-08-05 12:28:14,96.0,82.0,10.0,4.0
2021-08-05 12:28:15,81.0,78.0,2.0,1.0
2021-08-05 12:28:16,95.0,77.0,10.0,8.0
2021-08-05 12:28:17,86.0,75.0,6.0,5.0
2021-08-05 12:28:18,93.0,88.0,4.0,1.0
2021-08-05 12:28:19,88.0,73.0,10.0,5.0
2021-08-05 12:28:20,80.0,74.0,4.0,2.0
2021-08-05 12:28:21,75.0,66.0,6.0,3.0
2021-08-05 12:28:22,84.0,77.0,5.0,2.0
2021-08-05 12:28:23,68.0,62.0,4.0,2.0
2021-08-05 12:28:24,84.0,76.0,4.0,4.0
2021-08-05 12:28:25,87.0,77.0,8.0,2.0
2021-08-05 12:28:26,72.0,58.0,9.0,5.0
2021-08-05 12:28:27,82.0,71.0,5.0,6.0
2021-08-05 12:28:28,86.0,75.0,8.0,3.0
2021-08-05 12:28:29,71.0,64.0,7.0,0.0
2021-08-05 12:28:30,69.0,53.0,9.0,7.0
2021-08-05 12:28:31,86.0,73.0,8.0,5.0
2021-08-05 12:28:32,83.0,66.0,8.0,9.0
2021-08-05 12:28:33,77.0,65.0,7.0,5.0
2021-08-05 12:28:34,81.0,71.0,8.0,2.0
2021-08-05 12:28:35,88.0,77.0,5.0,6.0
2021-08-05 12:28:36,86.0,75.0,7.0,4.0
2021-08-05 12:28:37,74.0,63.0,8.0,3.0
2021-08-05 12:28:38,72.0,59.0,4.0,9.0
2021-08-05 12:28:39,84.0,75.0,5.0,4.0
2021-08-05 12:28:40,80.0,70.0,6.0,4.0
2021-08-05 12:28:41,90.0,78.0,8.0,4.0
2021-08-05 12:28:42,100.0,86.0,10.0,4.0
2021-08-05 12:28:43,77.0,67.0,10.0,0.0
2021-08-05 12:28:44,66.0,62.0,3.0,1.0
2021-08-05 12:28:45,90.0,79.0,7.0,4.0
2021-08-05 12:28:46,84.0,75.0,8.0,1.0
2021-08-05 12:28:47,98.0,81.0,14.0,3.0
2021-08-05 12:28:48,108.0,93.0,9.0,6.0
2021-08-05 12:28:49,100.0,88.0,7.0,5.0
2021-08-05 12:28:50,89.0,77.0,8.0,4.0
2021-08-05 12:28:51,66.0,59.0,6.0,1.0
2021-08-05 12:28:52,70.0,58.0,6.0,6.0
2021-08-05 12:28:53,86.0,72.0,9.0,5.0
2021-08-05 12:28:54,82.0,72.0,5.0,5.0
2021-08-05 12:28:55,84.0,72.0,8.0,4.0
2021-08-05 12:28:56,72.0,65.0,3.0,4.0
2021-08-05 12:28:57,77.0,67.0,5.0,5.0
2021-08-05 12:28:58,76.0,69.0,4.0,3.0
2021-08-05 12:28:59,89.0,79.0,5.0,5.0
2021-08-05 12:29:00,82.0,71.0,6.0,5.0
2021-08-05 12:29:01,68.0,57.0,5.0,6.0
2021-08-05 12:29:02,78.0,69.0,3.0,6.0
2021-08-05 12:29:03,77.0,66.0,8.0,3.0
2021-08-05 12:29:04,68.0,62.0,2.0,4.0
2021-08-05 12:29:05,84.0,76.0,8.0,0.0
2021-08-05 12:29:06,66.0,61.0,3.0,2.0
2021-08-05 12:29:07,85.0,75.0,6.0,4.0
2021-08-05 12:29:08,77.0,63.0,8.0,6.0
2021-08-05 12:29:09,89.0,74.0,10.0,5.0
2021-08-05 12:29:10,89.0,73.0,11.0,5.0
2021-08-05 12:29:11,74.0,67.0,3.0,4.0
2021-08-05 12:29:12,74.0,64.0,7.0,3.0
2021-08-05 12:29:13,91.0,78.0,7.0,6.0
2021-08-05 12:29:14,80.0,72.0,4.0,4.0
2021-08-05 12:29:15,95.0,82.0,5.0,8.0
2021-08-05 12:29:16,93.0,80.0,7.0,6.0
2021-08-05 12:29:17,80.0,66.0,8.0,6.0
2021-08-05 12:29:18,96.0,86.0,7.0,3.0
2021-08-05 12:29:19,78.0,66.0,4.0,8.0
2021-08-05 12:29:20,82.0,75.0,3.0,4.0
2021-08-05 12:29:21,86.0,68.0,10.0,8.0
2021-08-05 12:29:22,89.0,83.0,2.0,4.0
2021-08-05 12:29:23,72.0,56.0,9.0,7.0
2021-08-05 12:29:24,87.0,75.0,6.0,6.0
2021-08-05 12:29:25,77.0,67.0,7.0,3.0
2021-08-05 12:29:26,76.0,67.0,8.0,1.0
2021-08-05 12:29:27,70.0,59.0,6.0,5.0
2021-08-05 12:29:28,85.0,74.0,6.0,5.0
2021-08-05 12:29:29,72.0,60.0,7.0,5.0
2021-08-05 12:29:30,86.0,76.0,6.0,4.0
2021-08-05 12:29:31,64.0,54.0,5.0,5.0
2021-08-05 12:29:32,87.0,79.0,5.0,3.0
2021-08-05 12:29:33,83.0,72.0,7.0,4.0
2021-08-05 12:29:34,101.0,87.0,8.0,6.0
2021-08-05 12:29:35,86.0,76.0,5.0,5.0
2021-08-05 12:29:36,77.0,70.0,5.0,2.0
2021-08-05 12:29:37,78.0,63.0,8.0,7.0
2021-08-05 12:29:38,100.0,89.0,7.0,4.0
2021-08-05 12:29:39,81.0,66.0,9.0,6.0
2021-08-05 12:29:40,77.0,63.0,10.0,4.0
2021-08-05 12:29:41,83.0,69.0,8.0,6.0
2021-08-05 12:29:42,72.0,63.0,7.0,2.0
2021-08-05 12:29:43,75.0,70.0,1.0,4.0
2021-08-05 12:29:44,85.0,72.0,8.0,5.0
2021-08-05 12:29:45,96.0,84.0,4.0,8.0
2021-08-05 12:29:46,84.0,74.0,4.0,6.0
2021-08-05 12:29:47,62.0,54.0,5.0,3.0
2021-08-05 12:29:48,74.0,68.0,4.0,2.0
2021-08-05 12:29:49,95.0,83.0,6.0,6.0
2021-08-05 12:29:50,88.0,80.0,4.0,4.0
2021-08-05 12:29:51,87.0,75.0,7.0,5.0
2021-08-05 12:29:52,79.0,67.0,7.0,5.0
2021-08-05 12:29:53,77.0,67.0,5.0,5.0
2021-08-05 12:29:54,100.0,82.0,9.0,9.0
2021-08-05 12:29:55,85.0,69.0,9.0,7.0
2021-08-05 12:29:56,80.0,73.0,5.0,2.0
2021-08-05 12:29:57,84.0,72.0,5.0,7.0
2021-08-05 12:29:58,74.0,65.0,5.0,4.0
2021-08-05 12:29:59,75.0,64.0,7.0,4.0
2021-08-05 12:30:00,85.0,75.0,6.0,4.0
2021-08-05 12:30:01,94.0,85.0,6.0,3.0
2021-08-05 12:30:02,98.0,89.0,8.0,1.0
2021-08-05 12:30:03,57.0,50.0,4.0,3.0
2021-08-05 12:30:04,72.0,63.0,6.0,3.0
2021-08-05 12:30:05,64.0,55.0,5.0,4.0
2021-08-05 12:30:06,82.0,67.0,9.0,6.0
2021-08-05 12:30:07,89.0,74.0,12.0,3.0
2021-08-05 12:30:08,85.0,74.0,5.0,6.0
2021-08-05 12:30:09,76.0,59.0,12.0,5.0
2021-08-05 12:30:10,79.0,66.0,9.0,4.0
2021-08-05 12:30:11,96.0,84.0,6.0,6.0
2021-08-05 12:30:12,72.0,61.0,6.0,5.0
2021-08-05 12:30:13,91.0,83.0,6.0,2.0
2021-08-05 12:30:14,87.0,77.0,6.0,4.0
2021-08-05 12:30:15,73.0,60.0,8.0,5.0
2021-08-05 12:30:16,73.0,59.0,6.0,8.0
2021-08-05 12:30:17,82.0,72.0,7.0,3.0
2021-08-05 12:30:18,89.0,78.0,8.0,3.0
2021-08-05 12:30:19,84.0,73.0,7.0,4.0
2021-08-05 12:30:20,82.0,71.0,7.0,4.0
2021-08-05 12:30:21,79.0,72.0,5.0,2.0
2021-08-05 12:30:22,73.0,66.0,6.0,1.0
2021-08-05 12:30:23,73.0,64.0,6.0,3.0
2021-08-05 12:30:24,90.0,80.0,8.0,2.0
2021-08-05 12:30:25,90.0,81.0,6.0,3.0
2021-08-05 12:30:26,83.0,77.0,2.0,4.0
2021-08-05 12:30:27,98.0,84.0,6.0,8.0
2021-08-05 12:30:28,66.0,60.0,4.0,2.0
2021-08-05 12:30:29,76.0,68.0,5.0,3.0
2021-08-05 12:30:30,64.0,54.0,9.0,1.0
2021-08-05 12:30:31,103.0,86.0,11.0,6.0
2021-08-05 12:30:32,86.0,75.0,8.0,3.0
2021-08-05 12:30:33,81.0,68.0,7.0,6.0
2021-08-05 12:30:34,98.0,87.0,8.0,3.0
2021-08-05 12:30:35,76.0,72.0,1.0,3.0
2021-08-05 12:30:36,85.0,69.0,9.0,7.0
2021-08-05 12:30:37,87.0,79.0,4.0,4.0
2021-08-05 12:30:38,101.0,86.0,7.0,8.0
2021-08-05 12:30:39,90.0,82.0,5.0,3.0
2021-08-05 12:30:40,80.0,68.0,6.0,6.0
2021-08-05 12:30:41,82.0,66.0,10.0,6.0
2021-08-05 12:30:42,99.0,85.0,11.0,3.0
2021-08-05 12:30:43,83.0,75.0,8.0,0.0
2021-08-05 12:30:44,69.0,62.0,3.0,4.0
2021-08-05 12:30:45,83.0,76.0,4.0,3.0
2021-08-05 12:30:46,72.0,64.0,6.0,2.0
2021-08-05 12:30:47,69.0,62.0,6.0,1.0
2021-08-05 12:30:48,94.0,86.0,4.0,4.0
2021-08-05 12:30:49,73.0,63.0,8.0,2.0
2021-08-05 12:30:50,71.0,64.0,6.0,1.0
2021-08-05 12:30:51,70.0,57.0,9.0,4.0
2021-08-05 12:30:52,85.0,74.0,7.0,4.0
2021-08-05 12:30:53,75.0,67.0,4.0,4.0
2021-08-05 12:30:54,84.0,73.0,8.0,3.0
2021-08-05 12:30:55,89.0,82.0,5.0,2.0
2021-08-05 12:30:56,75.0,68.0,6.0,1.0
2021-08-05 12:30:57,68.0,63.0,4.0,1.0
2021-08-05 12:30:58,81.0,66.0,11.0,4.0
2021-08-05 12:30:59,68.0,59.0,4.0,5.0
2021-08-05 12:31:00,76.0,67.0,6.0,3.0
2021-08-05 12:31:01,80.0,71.0,4.0,5.0
2021-08-05 12:31:02,81.0,72.0,5.0,4.0
2021-08-05 12:31:03,101.0,94.0,7.0,0.0
2021-08-05 12:31:04,83.0,77.0,2.0,4.0
2021-08-05 12:31:05,83.0,80.0,2.0,1.0
2021-08-05 12:31:06,72.0,64.0,5.0,3.0
2021-08-05 12:31:07,77.0,62.0,11.0,4.0
2021-08-05 12:31:08,77.0,64.0,4.0,9.0
2021-08-05 12:31:09,89.0,73.0,11.0,5.0
2021-08-05 12:31:10,92.0,73.0,10.0,9.0
2021-08-05 12:31:11,91.0,83.0,3.0,5.0
2021-08-05 12:31:12,64.0,58.0,3.0,3.0
2021-08-05 12:31:13,63.0,57.0,5.0,1.0
2021-08-05 12:31:14,92.0,85.0,4.0,3.0
2021-08-05 12:31:15,75.0,62.0,5.0,8.0
2021-08-05 12:31:16,81.0,70.0,6.0,5.0
2021-08-05 12:31:17,94.0,79.0,12.0,3.0
2021-08-05 12:31:18,74.0,59.0,8.0,7.0
2021-08-05 12:31:19,81.0,74.0,5.0,2.0
2021-08-05 12:31:20,97.0,86.0,4.0,7.0
2021-08-05 12:31:21,89.0,78.0,5.0,6.0
2021-08-05 12:31:22,85.0,77.0,5.0,3.0
2021-08-05 12:31:23,76.0,63.0,7.0,6.0
2021-08-05 12:31:24,79.0,68.0,8.0,3.0
2021-08-05 12:31:25,87.0,75.0,8.0,4.0
2021-08-05 12:31:26,83.0,73.0,5.0,5.0
2021-08-05 12:31:27,85.0,70.0,11.0,4.0
2021-08-05 12:31:28,84.0,77.0,6.0,1.0
2021-08-05 12:31:29,88.0,73.0,6.0,9.0
2021-08-05 12:31:30,82.0,70.0,5.0,7.0
2021-08-05 12:31:31,59.0,52.0,1.0,6.0
2021-08-05 12:31:32,85.0,74.0,4.0,7.0
2021-08-05 12:31:33,72.0,60.0,9.0,3.0
2021-08-05 12:31:34,89.0,68.0,12.0,9.0
2021-08-05 12:31:35,89.0,70.0,11.0,8.0
2021-08-05 12:31:36,86.0,73.0,7.0,6.0
2021-08-05 12:31:37,75.0,65.0,6.0,4.0
2021-08-05 12:31:38,94.0,87.0,2.0,5.0
2021-08-05 12:31:39,67.0,57.0,5.0,5.0
2021-08-05 12:31:40,81.0,68.0,8.0,5.0
2021-08-05 12:31:41,78.0,70.0,6.0,2.0
2021-08-05 12:31:42,86.0,78.0,3.0,5.0
2021-08-05 12:31:43,80.0,74.0,5.0,1.0
2021-08-05 12:31:44,69.0,61.0,4.0,4.0
2021-08-05 12:31:45,87.0,76.0,7.0,4.0
2021-08-05 12:31:46,75.0,61.0,10.0,4.0
2021-08-05 12:31:47,96.0,87.0,6.0,3.0
2021-08-05 12:31:48,67.0,56.0,10.0,1.0
2021-08-05 12:31:49,73.0,63.0,7.0,3.0
2021-08-05 12:31:50,80.0,73.0,4.0,3.0
2021-08-05 12:31:51,76.0,68.0,4.0,4.0
2021-08-05 12:31:52,74.0,59.0,6.0,9.0
2021-08-05 12:31:53,92.0,80.0,8.0,4.0
2021-08-05 12:31:54,91.0,81.0,5.0,5.0
2021-08-05 12:31:55,87.0,79.0,5.0,3.0
2021-08-05 12:31:56,63.0,54.0,4.0,5.0
2021-08-05 12:31:57,92.0,80.0,10.0,2.0
2021-08-05 12:31:58,76.0,68.0,5.0,3.0
2021-08-05 12:31:59,87.0,77.0,3.0,7.0
2021-08-05 12:32:00,75.0,68.0,4.0,3.0
2021-08-05 12:32:01,76.0,66.0,8.0,2.0
2021-08-05 12:32:02,84.0,76.0,6.0,2.0
2021-08-05 12:32:03,89.0,71.0,13.0,5.0
2021-08-05 12:32:04,71.0,63.0,5.0,3.0
2021-08-05 12:32:05,93.0,83.0,5.0,5.0
2021-08-05 12:32:06,85.0,74.0,3.0,8.0
2021-08-05 12:32:07,93.0,80.0,9.0,4.0
2021-08-05 12:32:08,78.0,68.0,7.0,3.0
2021-08-05 12:32:09,96.0,80.0,8.0,8.0
2021-08-05 12:32:10,86.0,76.0,6.0,4.0
2021-08-05 12:32:11,79.0,66.0,7.0,6.0
2021-08-05 12:32:12,92.0,81.0,7.0,4.0
2021-08-05 12:32:13,70.0,61.0,5.0,4.0
2021-08-05 12:32:14,90.0,71.0,12.0,7.0
2021-08-05 12:32:15,74.0,68.0,4.0,2.0
2021-08-05 12:32:16,81.0,73.0,6.0,2.0
2021-08-05 12:32:17,69.0,55.0,6.0,8.0
2021-08-05 12:32:18,82.0,62.0,13.0,7.0
2021-08-05 12:32:19,86.0,78.0,5.0,3.0
2021-08-05 12:32:20,91.0,83.0,5.0,3.0
2021-08-05 12:32:21,73.0,69.0,3.0,1.0
2021-08-05 12:32:22,69.0,63.0,3.0,3.0
2021-08-05 12:32:23,96.0,85.0,5.0,6.0
2021-08-05 12:32:24,80.0,68.0,6.0,6.0
2021-08-05 12:32:25,87.0,72.0,4.0,11.0
2021-08-05 12:32:26,78.0,66.0,6.0,6.0
2021-08-05 12:32:27,91.0,78.0,8.0,5.0
2021-08-05 12:32:28,95.0,85.0,3.0,7.0
2021-08-05 12:32:29,76.0,66.0,10.0,0.0
2021-08-05 12:32:30,77.0,72.0,4.0,1.0
2021-08-05 12:32:31,80.0,71.0,5.0,4.0
2021-08-05 12:32:32,80.0,73.0,4.0,3.0
2021-08-05 12:32:33,77.0,67.0,7.0,3.0
2021-08-05 12:32:34,82.0,70.0,9.0,3.0
2021-08-05 12:32:35,93.0,86.0,3.0,4.0
2021-08-05 12:32:36,89.0,75.0,10.0,4.0
2021-08-05 12:32:37,96.0,82.0,9.0,5.0
2021-08-05 12:32:38,61.0,50.0,5.0,6.0
2021-08-05 12:32:39,89.0,77.0,8.0,4.0
2021-08-05 12:32:40,66.0,57.0,6.0,3.0
2021-08-05 12:32:41,72.0,60.0,4.0,8.0
2021-08-05 12:32:42,82.0,67.0,10.0,5.0
2021-08-05 12:32:43,82.0,75.0,3.0,4.0
2021-08-05 12:32:44,82.0,68.0,6.0,8.0
2021-08-05 12:32:45,62.0,54.0,5.0,3.0
2021-08-05 12:32:46,85.0,72.0,8.0,5.0
2021-08-05 12:32:47,77.0,69.0,4.0,4.0
2021-08-05 12:32:48,82.0,74.0,4.0,4.0
2021-08-05 12:32:49,93.0,85.0,4.0,4.0
2021-08-05 12:32:50,71.0,61.0,7.0,3.0
2021-08-05 12:32:51,80.0,73.0,3.0,4.0
2021-08-05 12:32:52,79.0,66.0,5.0,8.0
2021-08-05 12:32:53,86.0,79.0,4.0,3.0
2021-08-05 12:32:54,85.0,69.0,8.0,8.0
2021-08-05 12:32:55,87.0,76.0,7.0,4.0
2021-08-05 12:32:56,80.0,63.0,12.0,5.0
2021-08-05 12:32:57,100.0,81.0,13.0,6.0
2021-08-05 12:32:58,73.0,65.0,2.0,6.0
2021-08-05 12:32:59,81.0,72.0,8.0,1.0
2021-08-05 12:33:00,95.0,81.0,11.0,3.0
2021-08-05 12:33:01,72.0,58.0,8.0,6.0
2021-08-05 12:33:02,79.0,71.0,7.0,1.0
2021-08-05 12:33:03,79.0,66.0,9.0,4.0
2021-08-05 12:33:04,77.0,64.0,9.0,4.0
2021-08-05 12:33:05,89.0,78.0,8.0,3.0
2021-08-05 12:33:06,69.0,60.0,7.0,2.0
2021-08-05 12:33:07,79.0,67.0,10.0,2.0
2021-08-05 12:33:08,80.0,69.0,8.0,3.0
2021-08-05 12:33:09,80.0,74.0,4.0,2.0
2021-08-05 12:33:10,90.0,78.0,4.0,8.0
2021-08-05 12:33:11,95.0,85.0,7.0,3.0
2021-08-05 12:33:12,91.0,75.0,10.0,6.0
2021-08-05 12:33:13,77.0,62.0,10.0,5.0
2021-08-05 12:33:14,93.0,82.0,7.0,4.0
2021-08-05 12:33:15,84.0,79.0,3.0,2.0
2021-08-05 12:33:16,73.0,65.0,5.0,3.0
2021-08-05 12:33:17,67.0,53.0,6.0,8.0
2021-08-05 12:33:18,70.0,57.0,7.0,6.0
2021-08-05 12:33:19,69.0,62.0,3.0,4.0
2021-08-05 12:33:20,66.0,61.0,4.0,1.0
2021-08-05 12:33:21,74.0,62.0,9.0,3.0
2021-08-05 12:33:22,70.0,63.0,4.0,3.0
2021-08-05 12:33:23,63.0,52.0,7.0,4.0
2021-08-05 12:33:24,78.0,65.0,7.0,6.0
2021-08-05 12:33:25,91.0,76.0,5.0,10.0
2021-08-05 12:33:26,82.0,72.0,10.0,0.0
2021-08-05 12:33:27,85.0,70.0,11.0,4.0
2021-08-05 12:33:28,64.0,58.0,3.0,3.0
2021-08-05 12:33:29,94.0,83.0,8.0,3.0
2021-08-05 12:33:30,90.0,74.0,9.0,7.0
2021-08-05 12:33:31,73.0,66.0,6.0,1.0
2021-08-05 12:33:32,75.0,65.0,9.0,1.0
2021-08-05 12:33:33,79.0,70.0,4.0,5.0
2021-08-05 12:33:34,84.0,71.0,9.0,4.0
2021-08-05 12:33:35,76.0,63.0,8.0,5.0
2021-08-05 12:33:36,65.0,59.0,3.0,3.0
2021-08-05 12:33:37,87.0,72.0,7.0,8.0
2021-08-05 12:33:38,72.0,67.0,4.0,1.0
2021-08-05 12:33:39,93.0,82.0,7.0,4.0
2021-08-05 12:33:40,77.0,64.0,10.0,3.0
2021-08-05 12:33:41,79.0,67.0,7.0,5.0
2021-08-05 12:33:42,94.0,78.0,7.0,9.0
2021-08-05 12:33:43,76.0,67.0,3.0,6.0
2021-08-05 12:33:44,78.0,68.0,5.0,5.0
2021-08-05 12:33:45,81.0,71.0,5.0,5.0
2021-08-05 12:33:46,76.0,66.0,6.0,4.0
2021-08-05 12:33:47,68.0,57.0,7.0,4.0
2021-08-05 12:33:48,74.0,67.0,4.0,3.0
2021-08-05 12:33:49,90.0,81.0,6.0,3.0
2021-08-05 12:33:50,85.0,70.0,10.0,5.0
2021-08-05 12:33:51,85.0,72.0,9.0,4.0
2021-08-05 12:33:52,84.0,73.0,7.0,4.0
2021-08-05 12:33:53,86.0,70.0,10.0,6.0
2021-08-05 12:33:54,85.0,82.0,1.0,2.0
2021-08-05 12:33:55,72.0,58.0,7.0,7.0
2021-08-05 12:33:56,85.0,81.0,3.0,1.0
2021-08-05 12:33:57,80.0,67.0,5.0,8.0
2021-08-05 12:33:58,81.0,76.0,3.0,2.0
2021-08-05 12:33:59,80.0,68.0,6.0,6.0
2021-08-05 12:34:00,87.0,82.0,5.0,0.0
2021-08-05 12:34:01,76.0,65.0,6.0,5.0
2021-08-05 12:34:02,73.0,61.0,10.0,2.0
2021-08-05 12:34:03,86.0,77.0,5.0,4.0
2021-08-05 12:34:04,91.0,77.0,8.0,6.0
2021-08-05 12:34:05,66.0,63.0,2.0,1.0
2021-08-05 12:34:06,94.0,85.0,2.0,7.0
2021-08-05 12:34:07,85.0,79.0,3.0,3.0
2021-08-05 12:34:08,91.0,82.0,6.0,3.0
2021-08-05 12:34:09,85.0,78.0,3.0,4.0
2021-08-05 12:34:10,83.0,73.0,6.0,4.0
2021-08-05 12:34:11,70.0,57.0,10.0,3.0
2021-08-05 12:34:12,74.0,61.0,3.0,10.0
2021-08-05 12:34:13,83.0,73.0,7.0,3.0
2021-08-05 12:34:14,70.0,59.0,7.0,4.0
2021-08-05 12:34:15,91.0,83.0,5.0,3.0
2021-08-05 12:34:16,75.0,60.0,10.0,5.0
2021-08-05 12:34:17,83.0,69.0,6.0,8.0
2021-08-05 12:34:18,107.0,91.0,13.0,3.0
2021-08-05 12:34:19,82.0,71.0,7.0,4.0
2021-08-05 12:34:20,97.0,80.0,7.0,10.0
2021-08-05 12:34:21,87.0,75.0,9.0,3.0
2021-08-05 12:34:22,84.0,72.0,7.0,5.0
2021-08-05 12:34:23,61.0,56.0,3.0,2.0
2021-08-05 12:34:24,68.0,61.0,2.0,5.0
2021-08-05 12:34:25,72.0,63.0,4.0,5.0
2021-08-05 12:34:26,104.0,89.0,12.0,3.0
2021-08-05 12:34:27,84.0,73.0,5.0,6.0
2021-08-05 12:34:28,71.0,60.0,5.0,6.0
2021-08-05 12:34:29,74.0,60.0,9.0,5.0
2021-08-05 12:34:30,69.0,60.0,5.0,4.0
2021-08-05 12:34:31,75.0,64.0,5.0,6.0
2021-08-05 12:34:32,74.0,63.0,9.0,2.0
2021-08-05 12:34:33,79.0,70.0,6.0,3.0
2021-08-05 12:34:34,95.0,83.0,6.0,6.0
2021-08-05 12:34:35,77.0,62.0,15.0,0.0
2021-08-05 12:34:36,78.0,69.0,4.0,5.0
2021-08-05 12:34:37,73.0,63.0,9.0,1.0
2021-08-05 12:34:38,81.0,73.0,6.0,2.0
2021-08-05 12:34:39,85.0,71.0,9.0,5.0
2021-08-05 12:34:40,80.0,71.0,6.0,3.0
2021-08-05 12:34:41,77.0,67.0,7.0,3.0
2021-08-05 12:34:42,81.0,68.0,10.0,3.0
2021-08-05 12:34:43,69.0,62.0,5.0,2.0
2021-08-05 12:34:44,92.0,85.0,3.0,4.0
2021-08-05 12:34:45,79.0,72.0,4.0,3.0
2021-08-05 12:34:46,85.0,76.0,7.0,2.0
2021-08-05 12:34:47,79.0,70.0,6.0,3.0
2021-08-05 12:34:48,82.0,72.0,7.0,3.0
2021-08-05 12:34:49,84.0,70.0,11.0,3.0
2021-08-05 12:34:50,71.0,64.0,4.0,3.0
2021-08-05 12:34:51,77.0,66.0,11.0,0.0
2021-08-05 12:34:52,74.0,63.0,5.0,6.0
2021-08-05 12:34:53,92.0,85.0,5.0,2.0
2021-08-05 12:34:54,82.0,70.0,8.0,4.0
2021-08-05 12:34:55,80.0,72.0,4.0,4.0
2021-08-05 12:34:56,59.0,48.0,5.0,6.0
2021-08-05 12:34:57,89.0,76.0,7.0,6.0
2021-08-05 12:34:58,82.0,65.0,13.0,4.0
2021-08-05 12:34:59,82.0,70.0,8.0,4.0
2021-08-05 12:35:00,87.0,78.0,4.0,5.0
2021-08-05 12:35:01,68.0,61.0,1.0,6.0
2021-08-05 12:35:02,82.0,74.0,5.0,3.0
2021-08-05 12:35:03,79.0,68.0,6.0,5.0
2021-08-05 12:35:04,75.0,66.0,3.0,6.0
2021-08-05 12:35:05,79.0,65.0,8.0,6.0
2021-08-05 12:35:06,105.0,97.0,3.0,5.0
2021-08-05 12:35:07,68.0,56.0,9.0,3.0
2021-08-05 12:35:08,86.0,75.0,6.0,5.0
2021-08-05 12:35:09,94.0,81.0,6.0,7.0
2021-08-05 12:35:10,64.0,55.0,6.0,3.0
2021-08-05 12:35:11,95.0,85.0,5.0,5.0
2021-08-05 12:35:12,68.0,63.0,4.0,1.0
2021-08-05 12:35:13,75.0,63.0,9.0,3.0
2021-08-05 12:35:14,83.0,73.0,4.0,6.0
2021-08-05 12:35:15,75.0,68.0,3.0,4.0
2021-08-05 12:35:16,105.0,86.0,8.0,11.0
2021-08-05 12:35:17,68.0,59.0,6.0,3.0
2021-08-05 12:35:18,88.0,80.0,4.0,4.0
2021-08-05 12:35:19,83.0,72.0,9.0,2.0
2021-08-05 12:35:20,78.0,67.0,7.0,4.0
2021-08-05 12:35:21,89.0,80.0,5.0,4.0
2021-08-05 12:35:22,89.0,78.0,8.0,3.0
2021-08-05 12:35:23,77.0,69.0,1.0,7.0
2021-08-05 12:35:24,90.0,79.0,6.0,5.0
2021-08-05 12:35:25,88.0,77.0,7.0,4.0
2021-08-05 12:35:26,86.0,77.0,6.0,3.0
2021-08-05 12:35:27,84.0,75.0,3.0,6.0
2021-08-05 12:35:28,79.0,65.0,8.0,6.0
2021-08-05 12:35:29,78.0,72.0,3.0,3.0
2021-08-05 12:35:30,81.0,67.0,6.0,8.0
2021-08-05 12:35:31,83.0,66.0,12.0,5.0
2021-08-05 12:35:32,89.0,82.0,5.0,2.0
2021-08-05 12:35:33,87.0,69.0,11.0,7.0
2021-08-05 12:35:34,80.0,67.0,6.0,7.0
2021-08-05 12:35:35,80.0,69.0,5.0,6.0
2021-08-05 12:35:36,80.0,73.0,6.0,1.0
2021-08-05 12:35:37,78.0,65.0,8.0,5.0
2021-08-05 12:35:38,75.0,66.0,6.0,3.0
2021-08-05 12:35:39,77.0,68.0,5.0,4.0
2021-08-05 12:35:40,91.0,84.0,4.0,3.0
2021-08-05 12:35:41,73.0,64.0,2.0,7.0
2021-08-05 12:35:42,83.0,72.0,7.0,4.0
2021-08-05 12:35:43,88.0,71.0,12.0,5.0
2021-08-05 12:35:44,78.0,71.0,6.0,1.0
2021-08-05 12:35:45,89.0,77.0,9.0,3.0
2021-08-05 12:35:46,84.0,70.0,8.0,6.0
2021-08-05 12:35:47,100.0,85.0,10.0,5.0
2021-08-05 12:35:48,78.0,64.0,9.0,5.0
2021-08-05 12:35:49,72.0,59.0,6.0,7.0
2021-08-05 12:35:50,79.0,72.0,5.0,2.0
2021-08-05 12:35:51,87.0,70.0,10.0,7.0
2021-08-05 12:35:52,75.0,68.0,6.0,1.0
2021-08-05 12:35:53,80.0,73.0,5.0,2.0
2021-08-05 12:35:54,96.0,83.0,10.0,3.0
2021-08-05 12:35:55,82.0,66.0,10.0,6.0
2021-08-05 12:35:56,76.0,66.0,7.0,3.0
2021-08-05 12:35:57,88.0,73.0,8.0,7.0
2021-08-05 12:35:58,75.0,69.0,2.0,4.0
2021-08-05 12:35:59,82.0,74.0,4.0,4.0
2021-08-05 12:36:00,79.0,67.0,8.0,4.0
2021-08-05 12:36:01,95.0,83.0,9.0,3.0
2021-08-05 12:36:02,79.0,69.0,9.0,1.0
2021-08-05 12:36:03,79.0,73.0,4.0,2.0
2021-08-05 12:36:04,64.0,54.0,6.0,4.0
2021-08-05 12:36:05,96.0,90.0,5.0,1.0
2021-08-05 12:36:06,77.0,69.0,5.0,3.0
2021-08-05 12:36:07,81.0,70.0,6.0,5.0
2021-08-05 12:36:08,73.0,65.0,7.0,1.0
2021-08-05 12:36:09,76.0,67.0,5.0,4.0
2021-08-05 12:36:10,61.0,56.0,2.0,3.0
2021-08-05 12:36:11,79.0,73.0,4.0,2.0
2021-08-05 12:36:12,80.0,66.0,11.0,3.0
2021-08-05 12:36:13,72.0,59.0,5.0,8.0
2021-08-05 12:36:14,82.0,69.0,10.0,3.0
2021-08-05 12:36:15,76.0,67.0,5.0,4.0
2021-08-05 12:36:16,89.0,77.0,7.0,5.0
2021-08-05 12:36:17,77.0,66.0,7.0,4.0
2021-08-05 12:36:18,81.0,65.0,7.0,9.0
2021-08-05 12:36:19,75.0,66.0,3.0,6.0
2021-08-05 12:36:20,90.0,79.0,4.0,7.0
2021-08-05 12:36:21,95.0,81.0,7.0,7.0
2021-08-05 12:36:22,84.0,68.0,12.0,4.0
2021-08-05 12:36:23,75.0,65.0,6.0,4.0
2021-08-05 12:36:24,97.0,81.0,10.0,6.0
2021-08-05 12:36:25,69.0,65.0,3.0,1.0
2021-08-05 12:36:26,75.0,68.0,2.0,5.0
2021-08-05 12:36:27,85.0,69.0,12.0,4.0
2021-08-05 12:36:28,84.0,76.0,4.0,4.0
2021-08-05 12:36:29,85.0,72.0,9.0,4.0
2021-08-05 12:36:30,91.0,80.0,7.0,4.0
2021-08-05 12:36:31,69.0,61.0,3.0,5.0
2021-08-05 12:36:32,89.0,79.0,5.0,5.0
2021-08-05 12:36:33,94.0,81.0,10.0,3.0
2021-08-05 12:36:34,77.0,67.0,6.0,4.0
2021-08-05 12:36:35,76.0,69.0,4.0,3.0
2021-08-05 12:36:36,83.0,72.0,6.0,5.0
2021-08-05 12:36:37,88.0,75.0,8.0,5.0
2021-08-05 12:36:38,91.0,83.0,5.0,3.0
2021-08-05 12:36:39,80.0,69.0,6.0,5.0
2021-08-05 12:36:40,87.0,76.0,8.0,3.0
2021-08-05 12:36:41,90.0,78.0,7.0,5.0
2021-08-05 12:36:42,71.0,61.0,3.0,7.0
2021-08-05 12:36:43,72.0,64.0,4.0,4.0
2021-08-05 12:36:44,83.0,70.0,8.0,5.0
2021-08-05 12:36:45,78.0,67.0,7.0,4.0
2021-08-05 12:36:46,87.0,74.0,7.0,6.0
2021-08-05 12:36:47,88.0,79.0,7.0,2.0
2021-08-05 12:36:48,74.0,67.0,6.0,1.0
2021-08-05 12:36:49,77.0,66.0,4.0,7.0
2021-08-05 12:36:50,89.0,80.0,6.0,3.0
2021-08-05 12:36:51,67.0,57.0,9.0,1.0
2021-08-05 12:36:52,87.0,82.0,4.0,1.0
2021-08-05 12:36:53,74.0,64.0,4.0,6.0
2021-08-05 12:36:54,73.0,61.0,5.0,7.0
2021-08-05 12:36:55,80.0,74.0,3.0,3.0
2021-08-05 12:36:56,83.0,71.0,9.0,3.0
2021-08-05 12:36:57,81.0,73.0,6.0,2.0
2021-08-05 12:36:58,96.0,80.0,13.0,3.0
2021-08-05 12:36:59,81.0,68.0,10.0,3.0
2021-08-05 12:37:00,82.0,73.0,6.0,3.0
2021-08-05 12:37:01,74.0,68.0,5.0,1.0
2021-08-05 12:37:02,107.0,90.0,11.0,6.0
2021-08-05 12:37:03,83.0,73.0,5.0,5.0
2021-08-05 12:37:04,80.0,73.0,3.0,4.0
2021-08-05 12:37:05,70.0,62.0,4.0,4.0
2021-08-05 12:37:06,82.0,75.0,5.0,2.0
2021-08-05 12:37:07,95.0,85.0,8.0,2.0
2021-08-05 12:37:08,51.0,43.0,2.0,6.0
2021-08-05 12:37:09,100.0,84.0,8.0,8.0
2021-08-05 12:37:10,75.0,64.0,5.0,6.0
2021-08-05 12:37:11,91.0,79.0,8.0,4.0
2021-08-05 12:37:12,71.0,56.0,10.0,5.0
2021-08-05 12:37:13,83.0,71.0,8.0,4.0
2021-08-05 12:37:14,86.0,72.0,4.0,10.0
2021-08-05 12:37:15,89.0,83.0,6.0,0.0
2021-08-05 12:37:16,96.0,78.0,6.0,12.0
2021-08-05 12:37:17,81.0,76.0,4.0,1.0
2021-08-05 12:37:18,76.0,67.0,6.0,3.0
2021-08-05 12:37:19,82.0,68.0,10.0,4.0
2021-08-05 12:37:20,74.0,65.0,5.0,4.0
2021-08-05 12:37:21,100.0,80.0,10.0,10.0
2021-08-05 12:37:22,78.0,67.0,7.0,4.0
2021-08-05 12:37:23,89.0,75.0,8.0,6.0
2021-08-05 12:37:24,79.0,74.0,4.0,1.0
2021-08-05 12:37:25,88.0,71.0,12.0,5.0
2021-08-05 12:37:26,93.0,80.0,11.0,2.0
2021-08-05 12:37:27,85.0,74.0,7.0,4.0
2021-08-05 12:37:28,89.0,78.0,6.0,5.0
2021-08-05 12:37:29,84.0,73.0,6.0,5.0
2021-08-05 12:37:30,84.0,72.0,8.0,4.0
2021-08-05 12:37:31,80.0,69.0,8.0,3.0
2021-08-05 12:37:32,69.0,61.0,7.0,1.0
2021-08-05 12:37:33,82.0,71.0,7.0,4.0
2021-08-05 12:37:34,89.0,75.0,9.0,5.0
2021-08-05 12:37:35,82.0,71.0,5.0,6.0
2021-08-05 12:37:36,78.0,64.0,9.0,5.0
2021-08-05 12:37:37,92.0,82.0,6.0,4.0
2021-08-05 12:37:38,77.0,67.0,8.0,2.0
2021-08-05 12:37:39,97.0,82.0,8.0,7.0
2021-08-05 12:37:40,86.0,73.0,7.0,6.0
2021-08-05 12:37:41,71.0,65.0,3.0,3.0
2021-08-05 12:37:42,71.0,63.0,6.0,2.0
2021-08-05 12:37:43,87.0,77.0,7.0,3.0
2021-08-05 12:37:44,96.0,82.0,10.0,4.0
2021-08-05 12:37:45,72.0,62.0,5.0,5.0
2021-08-05 12:37:46,79.0,71.0,4.0,4.0
2021-08-05 12:37:47,84.0,76.0,4.0,4.0
2021-08-05 12:37:48,90.0,79.0,5.0,6.0
2021-08-05 12:37:49,81.0,71.0,6.0,4.0
2021-08-05 12:37:50,87.0,71.0,16.0,0.0
2021-08-05 12:37:51,73.0,59.0,8.0,6.0
2021-08-05 12:37:52,84.0,71.0,8.0,5.0
2021-08-05 12:37:53,87.0,80.0,5.0,2.0
2021-08-05 12:37:54,78.0,68.0,7.0,3.0
2021-08-05 12:37:55,60.0,52.0,6.0,2.0
2021-08-05 12:37:56,80.0,66.0,7.0,7.0
2021-08-05 12:37:57,85.0,74.0,5.0,6.0
2021-08-05 12:37:58,93.0,81.0,5.0,7.0
2021-08-05 12:37:59,99.0,87.0,7.0,5.0
2021-08-05 12:38:00,91.0,77.0,10.0,4.0
2021-08-05 12:38:01,78.0,68.0,4.0,6.0
2021-08-05 12:38:02,65.0,55.0,5.0,5.0
2021-08-05 12:38:03,79.0,74.0,1.0,4.0
2021-08-05 12:38:04,89.0,74.0,10.0,5.0
2021-08-05 12:38:05,65.0,54.0,8.0,3.0
2021-08-05 12:38:06,93.0,76.0,9.0,8.0
2021-08-05 12:38:07,74.0,63.0,4.0,7.0
2021-08-05 12:38:08,74.0,66.0,3.0,5.0
2021-08-05 12:38:09,61.0,55.0,3.0,3.0
2021-08-05 12:38:10,88.0,75.0,8.0,5.0
2021-08-05 12:38:11,85.0,81.0,2.0,2.0
2021-08-05 12:38:12,66.0,58.0,6.0,2.0
2021-08-05 12:38:13,79.0,71.0,3.0,5.0
2021-08-05 12:38:14,77.0,62.0,10.0,5.0
2021-08-05 12:38:15,79.0,67.0,8.0,4.0
2021-08-05 12:38:16,99.0,80.0,10.0,9.0
2021-08-05 12:38:17,84.0,75.0,5.0,4.0
2021-08-05 12:38:18,72.0,63.0,4.0,5.0
2021-08-05 12:38:19,93.0,78.0,9.0,6.0
2021-08-05 12:38:20,78.0,71.0,3.0,4.0
2021-08-05 12:38:21,81.0,63.0,13.0,5.0
2021-08-05 12:38:22,100.0,86.0,10.0,4.0
2021-08-05 12:38:23,92.0,76.0,10.0,6.0
2021-08-05 12:38:24,73.0,67.0,3.0,3.0
2021-08-05 12:38:25,65.0,56.0,6.0,3.0
2021-08-05 12:38:26,68.0,60.0,2.0,6.0
2021-08-05 12:38:27,85.0,72.0,9.0,4.0
2021-08-05 12:38:28,62.0,48.0,9.0,5.0
2021-08-05 12:38:29,76.0,64.0,7.0,5.0
2021-08-05 12:38:30,71.0,62.0,5.0,4.0
2021-08-05 12:38:31,81.0,70.0,6.0,5.0
2021-08-05 12:38:32,83.0,78.0,4.0,1.0
2021-08-05 12:38:33,102.0,83.0,14.0,5.0
2021-08-05 12:38:34,83.0,69.0,9.0,5.0
2021-08-05 12:38:35,74.0,61.0,9.0,4.0
2021-08-05 12:38:36,79.0,70.0,4.0,5.0
2021-08-05 12:38:37,78.0,65.0,7.0,6.0
2021-08-05 12:38:38,84.0,73.0,6.0,5.0
2021-08-05 12:38:39,84.0,76.0,4.0,4.0
2021-08-05 12:38:40,79.0,68.0,7.0,4.0
2021-08-05 12:38:41,97.0,84.0,6.0,7.0
2021-08-05 12:38:42,86.0,78.0,4.0,4.0
2021-08-05 12:38:43,81.0,71.0,3.0,7.0
2021-08-05 12:38:44,96.0,87.0,7.0,2.0
2021-08-05 12:38:45,68.0,63.0,3.0,2.0
2021-08-05 12:38:46,84.0,69.0,9.0,6.0
2021-08-05 12:38:47,75.0,67.0,3.0,5.0
2021-08-05 12:38:48,78.0,70.0,5.0,3.0
2021-08-05 12:38:49,78.0,66.0,7.0,5.0
2021-08-05 12:38:50,90.0,77.0,4.0,9.0
2021-08-05 12:38:51,99.0,87.0,7.0,5.0
2021-08-05 12:38:52,86.0,71.0,9.0,6.0
2021-08-05 12:38:53,82.0,69.0,7.0,6.0
2021-08-05 12:38:54,104.0,92.0,7.0,5.0
2021-08-05 12:38:55,79.0,70.0,5.0,4.0
2021-08-05 12:38:56,92.0,80.0,3.0,9.0
2021-08-05 12:38:57,84.0,76.0,4.0,4.0
2021-08-05 12:38:58,74.0,67.0,4.0,3.0
2021-08-05 12:38:59,69.0,56.0,10.0,3.0
2021-08-05 12:39:00,81.0,69.0,8.0,4.0
2021-08-05 12:39:01,86.0,77.0,6.0,3.0
2021-08-05 12:39:02,86.0,72.0,6.0,8.0
2021-08-05 12:39:03,73.0,67.0,4.0,2.0
2021-08-05 12:39:04,68.0,57.0,6.0,5.0
2021-08-05 12:39:05,89.0,78.0,5.0,6.0
2021-08-05 12:39:06,75.0,67.0,6.0,2.0
2021-08-05 12:39:07,75.0,69.0,1.0,5.0
2021-08-05 12:39:08,115.0,100.0,11.0,4.0
2021-08-05 12:39:09,87.0,74.0,11.0,2.0
2021-08-05 12:39:10,83.0,75.0,3.0,5.0
2021-08-05 12:39:11,81.0,73.0,6.0,2.0
2021-08-05 12:39:12,72.0,63.0,9.0,0.0
2021-08-05 12:39:13,88.0,79.0,5.0,4.0
2021-08-05 12:39:14,66.0,59.0,4.0,3.0
2021-08-05 12:39:15,78.0,65.0,6.0,7.0
2021-08-05 12:39:16,78.0,66.0,5.0,7.0
2021-08-05 12:39:17,82.0,73.0,8.0,1.0
2021-08-05 12:39:18,73.0,68.0,2.0,3.0
2021-08-05 12:39:19,75.0,67.0,7.0,1.0
2021-08-05 12:39:20,90.0,72.0,8.0,10.0
2021-08-05 12:39:21,78.0,68.0,3.0,7.0
2021-08-05 12:39:22,74.0,67.0,5.0,2.0
2021-08-05 12:39:23,90.0,80.0,5.0,5.0
2021-08-05 12:39:24,69.0,59.0,4.0,6.0
2021-08-05 12:39:25,82.0,67.0,8.0,7.0
2021-08-05 12:39:26,79.0,67.0,7.0,5.0
2021-08-05 12:39:27,83.0,72.0,9.0,2.0
2021-08-05 12:39:28,86.0,77.0,7.0,2.0
2021-08-05 12:39:29,83.0,77.0,2.0,4.0
2021-08-05 12:39:30,81.0,70.0,9.0,2.0
2021-08-05 12:39:31,66.0,59.0,5.0,2.0
2021-08-05 12:39:32,85.0,74.0,6.0,5.0
2021-08-05 12:39:33,78.0,68.0,2.0,8.0
2021-08-05 12:39:34,84.0,74.0,4.0,6.0
2021-08-05 12:39:35,87.0,77.0,6.0,4.0
2021-08-05 12:39:36,75.0,62.0,10.0,3.0
2021-08-05 12:39:37,80.0,69.0,6.0,5.0
2021-08-05 12:39:38,86.0,73.0,9.0,4.0
2021-08-05 12:39:39,95.0,82.0,9.0,4.0
2021-08-05 12:39:40,80.0,73.0,3.0,4.0
2021-08-05 12:39:41,72.0,64.0,6.0,2.0
2021-08-05 12:39:42,81.0,72.0,5.0,4.0
2021-08-05 12:39:43,76.0,64.0,9.0,3.0
2021-08-05 12:39:44,72.0,61.0,5.0,6.0
2021-08-05 12:39:45,75.0,68.0,5.0,2.0
2021-08-05 12:39:46,105.0,92.0,6.0,7.0
2021-08-05 12:39:47,61.0,51.0,7.0,3.0
2021-08-05 12:39:48,70.0,65.0,3.0,2.0
2021-08-05 12:39:49,80.0,71.0,6.0,3.0
2021-08-05 12:39:50,77.0,70.0,3.0,4.0
2021-08-05 12:39:51,85.0,77.0,7.0,1.0
2021-08-05 12:39:52,98.0,92.0,5.0,1.0
2021-08-05 12:39:53,100.0,87.0,9.0,4.0
2021-08-05 12:39:54,87.0,69.0,12.0,6.0
2021-08-05 12:39:55,72.0,63.0,6.0,3.0
2021-08-05 12:39:56,78.0,74.0,3.0,1.0
2021-08-05 12:39:57,92.0,80.0,9.0,3.0
2021-08-05 12:39:58,81.0,69.0,6.0,6.0
2021-08-05 12:39:59,87.0,75.0,6.0,6.0
2021-08-05 12:40:00,78.0,70.0,3.0,5.0
2021-08-05 12:40:01,87.0,79.0,6.0,2.0
2021-08-05 12:40:02,77.0,65.0,9.0,3.0
2021-08-05 12:40:03,74.0,61.0,8.0,5.0
2021-08-05 12:40:04,74.0,62.0,10.0,2.0
2021-08-05 12:40:05,75.0,66.0,6.0,3.0
2021-08-05 12:40:06,62.0,55.0,6.0,1.0
2021-08-05 12:40:07,96.0,80.0,10.0,6.0
2021-08-05 12:40:08,74.0,64.0,8.0,2.0
2021-08-05 12:40:09,72.0,66.0,3.0,3.0
2021-08-05 12:40:10,79.0,64.0,8.0,7.0
2021-08-05 12:40:11,71.0,58.0,7.0,6.0
2021-08-05 12:40:12,74.0,65.0,7.0,2.0
2021-08-05 12:40:13,93.0,83.0,5.0,5.0
2021-08-05 12:40:14,99.0,84.0,6.0,9.0
2021-08-05 12:40:15,85.0,76.0,5.0,4.0
2021-08-05 12:40:16,90.0,80.0,8.0,2.0
2021-08-05 12:40:17,106.0,88.0,10.0,8.0
2021-08-05 12:40:18,77.0,66.0,5.0,6.0
2021-08-05 12:40:19,85.0,74.0,6.0,5.0
2021-08-05 12:40:20,88.0,80.0,6.0,2.0
2021-08-05 12:40:21,92.0,82.0,6.0,4.0
2021-08-05 12:40:22,75.0,63.0,8.0,4.0
2021-08-05 12:40:23,82.0,73.0,5.0,4.0
2021-08-05 12:40:24,77.0,68.0,6.0,3.0
2021-08-05 12:40:25,61.0,51.0,5.0,5.0
2021-08-05 12:40:26,83.0,72.0,5.0,6.0
2021-08-05 12:40:27,83.0,76.0,3.0,4.0
2021-08-05 12:40:28,74.0,64.0,6.0,4.0
2021-08-05 12:40:29,97.0,82.0,9.0,6.0
2021-08-05 12:40:30,80.0,70.0,6.0,4.0
2021-08-05 12:40:31,71.0,63.0,5.0,3.0
2021-08-05 12:40:32,72.0,58.0,11.0,3.0
2021-08-05 12:40:33,77.0,67.0,2.0,8.0
2021-08-05 12:40:34,82.0,74.0,6.0,2.0
2021-08-05 12:40:35,65.0,54.0,7.0,4.0
2021-08-05 12:40:36,82.0,67.0,8.0,7.0
2021-08-05 12:40:37,91.0,82.0,3.0,6.0
2021-08-05 12:40:38,82.0,72.0,5.0,5.0
2021-08-05 12:40:39,80.0,67.0,11.0,2.0
2021-08-05 12:40:40,68.0,56.0,6.0,6.0
2021-08-05 12:40:41,83.0,72.0,10.0,1.0
2021-08-05 12:40:42,69.0,57.0,9.0,3.0
2021-08-05 12:40:43,72.0,59.0,6.0,7.0
2021-08-05 12:40:44,86.0,76.0,2.0,8.0
2021-08-05 12:40:45,108.0,99.0,6.0,3.0
2021-08-05 12:40:46,71.0,61.0,9.0,1.0
2021-08-05 12:40:47,84.0,73.0,5.0,6.0
2021-08-05 12:40:48,79.0,67.0,6.0,6.0
2021-08-05 12:40:49,81.0,74.0,4.0,3.0
2021-08-05 12:40:50,82.0,75.0,5.0,2.0
2021-08-05 12:40:51,90.0,78.0,8.0,4.0
2021-08-05 12:40:52,74.0,64.0,4.0,6.0
2021-08-05 12:40:53,99.0,91.0,6.0,2.0
2021-08-05 12:40:54,90.0,78.0,5.0,7.0
2021-08-05 12:40:55,77.0,66.0,11.0,0.0
2021-08-05 12:40:56,85.0,72.0,6.0,7.0
2021-08-05 12:40:57,75.0,66.0,7.0,2.0
2021-08-05 12:40:58,77.0,70.0,3.0,4.0
2021-08-05 12:40:59,86.0,73.0,11.0,2.0
2021-08-05 12:41:00,87.0,77.0,4.0,6.0
2021-08-05 12:41:01,71.0,59.0,6.0,6.0
2021-08-05 12:41:02,74.0,66.0,6.0,2.0
2021-08-05 12:41:03,87.0,79.0,5.0,3.0
2021-08-05 12:41:04,82.0,67.0,11.0,4.0
2021-08-05 12:41:05,75.0,59.0,10.0,6.0
2021-08-05 12:41:06,80.0,71.0,8.0,1.0
2021-08-05 12:41:07,97.0,84.0,8.0,5.0
2021-08-05 12:41:08,81.0,70.0,8.0,3.0
2021-08-05 12:41:09,87.0,79.0,4.0,4.0
2021-08-05 12:41:10,82.0,68.0,8.0,6.0
2021-08-05 12:41:11,88.0,80.0,4.0,4.0
2021-08-05 12:41:12,76.0,65.0,4.0,7.0
2021-08-05 12:41:13,92.0,87.0,4.0,1.0
2021-08-05 12:41:14,71.0,63.0,5.0,3.0
2021-08-05 12:41:15,86.0,76.0,5.0,5.0
2021-08-05 12:41:16,89.0,77.0,8.0,4.0
2021-08-05 12:41:17,89.0,78.0,2.0,9.0
2021-08-05 12:41:18,71.0,61.0,5.0,5.0
2021-08-05 12:41:19,89.0,79.0,6.0,4.0
2021-08-05 12:41:20,85.0,68.0,12.0,5.0
2021-08-05 12:41:21,77.0,69.0,5.0,3.0
2021-08-05 12:41:22,84.0,69.0,9.0,6.0
2021-08-05 12:41:23,78.0,69.0,6.0,3.0
2021-08-05 12:41:24,75.0,67.0,7.0,1.0
2021-08-05 12:41:25,93.0,75.0,11.0,7.0
2021-08-05 12:41:26,92.0,83.0,7.0,2.0
2021-08-05 12:41:27,94.0,78.0,9.0,7.0
2021-08-05 12:41:28,80.0,62.0,11.0,7.0
2021-08-05 12:41:29,101.0,90.0,5.0,6.0
2021-08-05 12:41:30,79.0,71.0,6.0,2.0
2021-08-05 12:41:31,92.0,79.0,5.0,8.0
2021-08-05 12:41:32,86.0,76.0,5.0,5.0
2021-08-05 12:41:33,73.0,63.0,5.0,5.0
2021-08-05 12:41:34,85.0,76.0,5.0,4.0
2021-08-05 12:41:35,81.0,73.0,6.0,2.0
2021-08-05 12:41:36,90.0,82.0,4.0,4.0
2021-08-05 12:41:37,88.0,77.0,4.0,7.0
2021-08-05 12:41:38,81.0,68.0,8.0,5.0
2021-08-05 12:41:39,81.0,68.0,7.0,6.0
2021-08-05 12:41:40,92.0,81.0,7.0,4.0
2021-08-05 12:41:41,77.0,66.0,8.0,3.0
2021-08-05 12:41:42,89.0,79.0,7.0,3.0
2021-08-05 12:41:43,74.0,64.0,6.0,4.0
2021-08-05 12:41:44,81.0,72.0,5.0,4.0
2021-08-05 12:41:45,72.0,59.0,8.0,5.0
2021-08-05 12:41:46,71.0,58.0,8.0,5.0
2021-08-05 12:41:47,70.0,60.0,4.0,6.0
2021-08-05 12:41:48,85.0,76.0,6.0,3.0
2021-08-05 12:41:49,82.0,72.0,7.0,3.0
2021-08-05 12:41:50,72.0,66.0,4.0,2.0
2021-08-05 12:41:51,84.0,71.0,7.0,6.0
2021-08-05 12:41:52,85.0,72.0,9.0,4.0
2021-08-05 12:41:53,75.0,61.0,8.0,6.0
2021-08-05 12:41:54,88.0,77.0,6.0,5.0
2021-08-05 12:41:55,88.0,76.0,9.0,3.0
2021-08-05 12:41:56,63.0,53.0,8.0,2.0
2021-08-05 12:41:57,90.0,80.0,3.0,7.0
2021-08-05 12:41:58,90.0,73.0,14.0,3.0
2021-08-05 12:41:59,82.0,69.0,12.0,1.0
2021-08-05 12:42:00,72.0,64.0,2.0,6.0
2021-08-05 12:42:01,92.0,79.0,7.0,6.0
2021-08-05 12:42:02,85.0,75.0,7.0,3.0
2021-08-05 12:42:03,81.0,71.0,3.0,7.0
2021-08-05 12:42:04,73.0,61.0,9.0,3.0
2021-08-05 12:42:05,72.0,61.0,10.0,1.0
2021-08-05 12:42:06,75.0,65.0,7.0,3.0
2021-08-05 12:42:07,71.0,60.0,7.0,4.0
2021-08-05 12:42:08,94.0,79.0,9.0,6.0
2021-08-05 12:42:09,62.0,49.0,8.0,5.0
2021-08-05 12:42:10,83.0,75.0,5.0,3.0
2021-08-05 12:42:11,90.0,79.0,6.0,5.0
2021-08-05 12:42:12,88.0,82.0,5.0,1.0
2021-08-05 12:42:13,85.0,68.0,10.0,7.0
2021-08-05 12:42:14,97.0,85.0,6.0,6.0
2021-08-05 12:42:15,86.0,73.0,7.0,6.0
2021-08-05 12:42:16,93.0,81.0,9.0,3.0
2021-08-05 12:42:17,96.0,82.0,7.0,7.0
2021-08-05 12:42:18,75.0,66.0,4.0,5.0
2021-08-05 12:42:19,84.0,72.0,6.0,6.0
2021-08-05 12:42:20,95.0,85.0,6.0,4.0
2021-08-05 12:42:21,80.0,73.0,4.0,3.0
2021-08-05 12:42:22,84.0,73.0,8.0,3.0
2021-08-05 12:42:23,80.0,67.0,5.0,8.0
2021-08-05 12:42:24,86.0,73.0,8.0,5.0
2021-08-05 12:42:25,85.0,75.0,6.0,4.0
2021-08-05 12:42:26,71.0,63.0,5.0,3.0
2021-08-05 12:42:27,84.0,68.0,9.0,7.0
2021-08-05 12:42:28,78.0,68.0,6.0,4.0
2021-08-05 12:42:29,79.0,68.0,9.0,2.0
2021-08-05 12:42:30,80.0,64.0,8.0,8.0
2021-08-05 12:42:31,84.0,71.0,9.0,4.0
2021-08-05 12:42:32,81.0,66.0,9.0,6.0
2021-08-05 12:42:33,80.0,67.0,9.0,4.0
2021-08-05 12:42:34,64.0,54.0,7.0,3.0
2021-08-05 12:42:35,73.0,65.0,6.0,2.0
2021-08-05 12:42:36,83.0,70.0,7.0,6.0
2021-08-05 12:42:37,73.0,57.0,9.0,7.0
2021-08-05 12:42:38,88.0,79.0,7.0,2.0
2021-08-05 12:42:39,65.0,59.0,4.0,2.0
2021-08-05 12:42:40,70.0,62.0,7.0,1.0
2021-08-05 12:42:41,88.0,80.0,5.0,3.0
2021-08-05 12:42:42,85.0,70.0,7.0,8.0
2021-08-05 12:42:43,89.0,80.0,5.0,4.0
2021-08-05 12:42:44,86.0,75.0,5.0,6.0
2021-08-05 12:42:45,74.0,59.0,11.0,4.0
2021-08-05 12:42:46,73.0,58.0,11.0,4.0
2021-08-05 12:42:47,79.0,67.0,10.0,2.0
2021-08-05 12:42:48,94.0,78.0,12.0,4.0
2021-08-05 12:42:49,72.0,58.0,8.0,6.0
2021-08-05 12:42:50,73.0,65.0,7.0,1.0
2021-08-05 12:42:51,71.0,65.0,2.0,4.0
2021-08-05 12:42:52,85.0,75.0,6.0,4.0
2021-08-05 12:42:53,81.0,64.0,12.0,5.0
2021-08-05 12:42:54,71.0,63.0,5.0,3.0
2021-08-05 12:42:55,77.0,70.0,2.0,5.0
2021-08-05 12:42:56,79.0,71.0,3.0,5.0
2021-08-05 12:42:57,71.0,64.0,6.0,1.0
2021-08-05 12:42:58,86.0,70.0,14.0,2.0
2021-08-05 12:42:59,89.0,78.0,5.0,6.0
2021-08-05 12:43:00,76.0,66.0,2.0,8.0
2021-08-05 12:43:01,77.0,66.0,5.0,6.0
2021-08-05 12:43:02,71.0,58.0,9.0,4.0
2021-08-05 12:43:03,97.0,86.0,7.0,4.0
2021-08-05 12:43:04,77.0,67.0,7.0,3.0
2021-08-05 12:43:05,79.0,70.0,5.0,4.0
2021-08-05 12:43:06,78.0,66.0,5.0,7.0
2021-08-05 12:43:07,70.0,64.0,5.0,1.0
2021-08-05 12:43:08,72.0,62.0,7.0,3.0
2021-08-05 12:43:09,105.0,90.0,6.0,9.0
2021-08-05 12:43:10,80.0,65.0,5.0,10.0
2021-08-05 12:43:11,81.0,68.0,9.0,4.0
2021-08-05 12:43:12,86.0,75.0,6.0,5.0
2021-08-05 12:43:13,101.0,90.0,7.0,4.0
2021-08-05 12:43:14,94.0,86.0,6.0,2.0
2021-08-05 12:43:15,82.0,67.0,8.0,7.0
2021-08-05 12:43:16,82.0,73.0,6.0,3.0
2021-08-05 12:43:17,91.0,76.0,10.0,5.0
2021-08-05 12:43:18,89.0,77.0,8.0,4.0
2021-08-05 12:43:19,63.0,57.0,3.0,3.0
2021-08-05 12:43:20,84.0,76.0,6.0,2.0
2021-08-05 12:43:21,94.0,84.0,6.0,4.0
2021-08-05 12:43:22,74.0,61.0,7.0,6.0
2021-08-05 12:43:23,81.0,74.0,4.0,3.0
2021-08-05 12:43:24,66.0,55.0,9.0,2.0
2021-08-05 12:43:25,86.0,79.0,4.0,3.0
2021-08-05 12:43:26,69.0,59.0,5.0,5.0
2021-08-05 12:43:27,77.0,70.0,5.0,2.0
2021-08-05 12:43:28,91.0,78.0,11.0,2.0
2021-08-05 12:43:29,85.0,71.0,8.0,6.0
2021-08-05 12:43:30,74.0,68.0,4.0,2.0
2021-08-05 12:43:31,76.0,64.0,9.0,3.0
2021-08-05 12:43:32,84.0,80.0,2.0,2.0
2021-08-05 12:43:33,81.0,69.0,7.0,5.0
2021-08-05 12:43:34,81.0,70.0,9.0,2.0
2021-08-05 12:43:35,80.0,66.0,4.0,10.0
2021-08-05 12:43:36,87.0,78.0,6.0,3.0
2021-08-05 12:43:37,85.0,70.0,5.0,10.0
2021-08-05 12:43:38,81.0,71.0,5.0,5.0
2021-08-05 12:43:39,96.0,79.0,8.0,9.0
2021-08-05 12:43:40,83.0,71.0,9.0,3.0
2021-08-05 12:43:41,81.0,68.0,7.0,6.0
2021-08-05 12:43:42,87.0,70.0,12.0,5.0
2021-08-05 12:43:43,80.0,69.0,7.0,4.0
2021-08-05 12:43:44,82.0,70.0,9.0,3.0
2021-08-05 12:43:45,76.0,68.0,6.0,2.0
2021-08-05 12:43:46,90.0,79.0,6.0,5.0
2021-08-05 12:43:47,74.0,68.0,3.0,3.0
2021-08-05 12:43:48,78.0,66.0,5.0,7.0
2021-08-05 12:43:49,60.0,46.0,10.0,4.0
2021-08-05 12:43:50,80.0,68.0,9.0,3.0
2021-08-05 12:43:51,71.0,67.0,3.0,1.0
2021-08-05 12:43:52,71.0,66.0,4.0,1.0
2021-08-05 12:43:53,84.0,75.0,4.0,5.0
2021-08-05 12:43:54,94.0,77.0,10.0,7.0
2021-08-05 12:43:55,84.0,74.0,9.0,1.0
2021-08-05 12:43:56,80.0,69.0,10.0,1.0
2021-08-05 12:43:57,82.0,70.0,6.0,6.0
2021-08-05 12:43:58,77.0,69.0,4.0,4.0
2021-08-05 12:43:59,68.0,54.0,10.0,4.0
2021-08-05 12:44:00,86.0,72.0,7.0,7.0
2021-08-05 12:44:01,80.0,69.0,10.0,1.0
2021-08-05 12:44:02,93.0,81.0,8.0,4.0
2021-08-05 12:44:03,84.0,77.0,3.0,4.0
2021-08-05 12:44:04,76.0,69.0,2.0,5.0
2021-08-05 12:44:05,82.0,71.0,8.0,3.0
2021-08-05 12:44:06,84.0,75.0,6.0,3.0
2021-08-05 12:44:07,83.0,73.0,2.0,8.0
2021-08-05 12:44:08,92.0,81.0,8.0,3.0
2021-08-05 12:44:09,85.0,73.0,6.0,6.0
2021-08-05 12:44:10,92.0,78.0,7.0,7.0
2021-08-05 12:44:11,76.0,63.0,8.0,5.0
2021-08-05 12:44:12,75.0,68.0,6.0,1.0
2021-08-05 12:44:13,102.0,84.0,14.0,4.0
2021-08-05 12:44:14,73.0,62.0,6.0,5.0
2021-08-05 12:44:15,90.0,76.0,8.0,6.0
2021-08-05 12:44:16,94.0,76.0,13.0,5.0
2021-08-05 12:44:17,82.0,73.0,4.0,5.0
2021-08-05 12:44:18,108.0,96.0,6.0,6.0
2021-08-05 12:44:19,75.0,67.0,5.0,3.0
2021-08-05 12:44:20,87.0,79.0,4.0,4.0
2021-08-05 12:44:21,74.0,62.0,6.0,6.0
2021-08-05 12:44:22,87.0,76.0,6.0,5.0
2021-08-05 12:44:23,77.0,67.0,9.0,1.0
2021-08-05 12:44:24,78.0,73.0,1.0,4.0
2021-08-05 12:44:25,77.0,69.0,2.0,6.0
2021-08-05 12:44:26,86.0,70.0,10.0,6.0
2021-08-05 12:44:27,77.0,68.0,4.0,5.0
2021-08-05 12:44:28,75.0,69.0,4.0,2.0
2021-08-05 12:44:29,88.0,76.0,6.0,6.0
2021-08-05 12:44:30,91.0,81.0,6.0,4.0
2021-08-05 12:44:31,74.0,67.0,5.0,2.0
2021-08-05 12:44:32,81.0,64.0,14.0,3.0
2021-08-05 12:44:33,74.0,66.0,3.0,5.0
2021-08-05 12:44:34,82.0,74.0,5.0,3.0
2021-08-05 12:44:35,91.0,78.0,11.0,2.0
2021-08-05 12:44:36,90.0,79.0,9.0,2.0
2021-08-05 12:44:37,85.0,76.0,6.0,3.0
2021-08-05 12:44:38,87.0,74.0,8.0,5.0
2021-08-05 12:44:39,85.0,72.0,11.0,2.0
2021-08-05 12:44:40,87.0,74.0,7.0,6.0
2021-08-05 12:44:41,84.0,73.0,7.0,4.0
2021-08-05 12:44:42,69.0,59.0,8.0,2.0
2021-08-05 12:44:43,59.0,49.0,6.0,4.0
2021-08-05 12:44:44,83.0,72.0,7.0,4.0
2021-08-05 12:44:45,81.0,70.0,8.0,3.0
2021-08-05 12:44:46,76.0,61.0,13.0,2.0
2021-08-05 12:44:47,83.0,74.0,7.0,2.0
2021-08-05 12:44:48,82.0,72.0,5.0,5.0
2021-08-05 12:44:49,67.0,61.0,4.0,2.0
2021-08-05 12:44:50,95.0,85.0,7.0,3.0
2021-08-05 12:44:51,71.0,60.0,6.0,5.0
2021-08-05 12:44:52,91.0,78.0,5.0,8.0
2021-08-05 12:44:53,82.0,70.0,9.0,3.0
2021-08-05 12:44:54,84.0,77.0,7.0,0.0
2021-08-05 12:44:55,95.0,85.0,8.0,2.0
2021-08-05 12:44:56,87.0,73.0,10.0,4.0
2021-08-05 12:44:57,76.0,66.0,7.0,3.0
2021-08-05 12:44:58,87.0,76.0,6.0,5.0
2021-08-05 12:44:59,75.0,64.0,8.0,3.0
2021-08-05 12:45:00,77.0,67.0,7.0,3.0
2021-08-05 12:45:01,103.0,86.0,8.0,9.0
2021-08-05 12:45:02,84.0,74.0,7.0,3.0
2021-08-05 12:45:03,80.0,67.0,9.0,4.0
2021-08-05 12:45:04,90.0,76.0,10.0,4.0
2021-08-05 12:45:05,87.0,76.0,9.0,2.0
2021-08-05 12:45:06,89.0,75.0,9.0,5.0
2021-08-05 12:45:07,78.0,70.0,8.0,0.0
2021-08-05 12:45:08,66.0,58.0,2.0,6.0
2021-08-05 12:45:09,65.0,59.0,4.0,2.0
2021-08-05 12:45:10,87.0,77.0,6.0,4.0
2021-08-05 12:45:11,79.0,66.0,4.0,9.0
2021-08-05 12:45:12,75.0,67.0,5.0,3.0
2021-08-05 12:45:13,98.0,86.0,7.0,5.0
2021-08-05 12:45:14,91.0,81.0,7.0,3.0
2021-08-05 12:45:15,83.0,70.0,5.0,8.0
2021-08-05 12:45:16,77.0,69.0,7.0,1.0
2021-08-05 12:45:17,86.0,81.0,4.0,1.0
2021-08-05 12:45:18,76.0,70.0,4.0,2.0
2021-08-05 12:45:19,84.0,70.0,9.0,5.0
2021-08-05 12:45:20,67.0,58.0,3.0,6.0
2021-08-05 12:45:21,102.0,88.0,10.0,4.0
2021-08-05 12:45:22,66.0,60.0,2.0,4.0
2021-08-05 12:45:23,77.0,59.0,6.0,12.0
2021-08-05 12:45:24,74.0,63.0,7.0,4.0
2021-08-05 12:45:25,76.0,63.0,6.0,7.0
2021-08-05 12:45:26,86.0,72.0,11.0,3.0
2021-08-05 12:45:27,80.0,72.0,3.0,5.0
2021-08-05 12:45:28,82.0,70.0,6.0,6.0
2021-08-05 12:45:29,78.0,62.0,10.0,6.0
2021-08-05 12:45:30,97.0,78.0,12.0,7.0
2021-08-05 12:45:31,82.0,71.0,5.0,6.0
2021-08-05 12:45:32,81.0,68.0,11.0,2.0
2021-08-05 12:45:33,80.0,71.0,4.0,5.0
2021-08-05 12:45:34,88.0,80.0,4.0,4.0
2021-08-05 12:45:35,74.0,64.0,4.0,6.0
2021-08-05 12:45:36,74.0,67.0,5.0,2.0
2021-08-05 12:45:37,79.0,70.0,3.0,6.0
2021-08-05 12:45:38,76.0,67.0,4.0,5.0
2021-08-05 12:45:39,83.0,70.0,7.0,6.0
2021-08-05 12:45:40,84.0,72.0,8.0,4.0
2021-08-05 12:45:41,91.0,81.0,8.0,2.0
2021-08-05 12:45:42,79.0,71.0,3.0,5.0
2021-08-05 12:45:43,78.0,67.0,4.0,7.0
2021-08-05 12:45:44,83.0,76.0,2.0,5.0
2021-08-05 12:45:45,84.0,70.0,9.0,5.0
2021-08-05 12:45:46,70.0,59.0,9.0,2.0
2021-08-05 12:45:47,86.0,80.0,4.0,2.0
2021-08-05 12:45:48,71.0,62.0,4.0,5.0
2021-08-05 12:45:49,92.0,76.0,9.0,7.0
2021-08-05 12:45:50,91.0,74.0,12.0,5.0
2021-08-05 12:45:51,83.0,69.0,9.0,5.0
2021-08-05 12:45:52,89.0,77.0,5.0,7.0
2021-08-05 12:45:53,70.0,57.0,9.0,4.0
2021-08-05 12:45:54,83.0,73.0,4.0,6.0
2021-08-05 12:45:55,88.0,73.0,8.0,7.0
2021-08-05 12:45:56,88.0,78.0,6.0,4.0
2021-08-05 12:45:57,94.0,82.0,9.0,3.0
2021-08-05 12:45:58,92.0,82.0,6.0,4.0
2021-08-05 12:45:59,84.0,70.0,5.0,9.0
2021-08-05 12:46:00,85.0,74.0,6.0,5.0
2021-08-05 12:46:01,84.0,73.0,8.0,3.0
2021-08-05 12:46:02,85.0,80.0,2.0,3.0
2021-08-05 12:46:03,68.0,59.0,4.0,5.0
2021-08-05 12:46:04,76.0,68.0,6.0,2.0
2021-08-05 12:46:05,78.0,70.0,3.0,5.0
2021-08-05 12:46:06,82.0,69.0,9.0,4.0
2021-08-05 12:46:07,78.0,68.0,4.0,6.0
2021-08-05 12:46:08,83.0,69.0,8.0,6.0
2021-08-05 12:46:09,63.0,56.0,4.0,3.0
2021-08-05 12:46:10,95.0,87.0,5.0,3.0
2021-08-05 12:46:11,82.0,72.0,6.0,4.0
2021-08-05 12:46:12,94.0,81.0,10.0,3.0
2021-08-05 12:46:13,107.0,95.0,6.0,6.0
2021-08-05 12:46:14,74.0,62.0,9.0,3.0
2021-08-05 12:46:15,67.0,58.0,7.0,2.0
2021-08-05 12:46:16,87.0,74.0,10.0,3.0
2021-08-05 12:46:17,83.0,66.0,10.0,7.0
2021-08-05 12:46:18,69.0,63.0,2.0,4.0
2021-08-05 12:46:19,80.0,69.0,9.0,2.0
2021-08-05 12:46:20,79.0,67.0,5.0,7.0
2021-08-05 12:46:21,76.0,63.0,9.0,4.0
2021-08-05 12:46:22,76.0,68.0,4.0,4.0
2021-08-05 12:46:23,76.0,66.0,6.0,4.0
2021-08-05 12:46:24,87.0,74.0,9.0,4.0
2021-08-05 12:46:25,76.0,63.0,12.0,1.0
2021-08-05 12:46:26,77.0,64.0,6.0,7.0
2021-08-05 12:46:27,96.0,82.0,10.0,4.0
2021-08-05 12:46:28,82.0,76.0,4.0,2.0
2021-08-05 12:46:29,83.0,73.0,4.0,6.0
2021-08-05 12:46:30,89.0,76.0,8.0,5.0
2021-08-05 12:46:31,63.0,59.0,2.0,2.0
2021-08-05 12:46:32,63.0,53.0,6.0,4.0
2021-08-05 12:46:33,94.0,81.0,9.0,4.0
2021-08-05 12:46:34,79.0,66.0,8.0,5.0
2021-08-05 12:46:35,85.0,71.0,9.0,5.0
2021-08-05 12:46:36,72.0,61.0,8.0,3.0
2021-08-05 12:46:37,91.0,85.0,3.0,3.0
2021-08-05 12:46:38,66.0,61.0,1.0,4.0
2021-08-05 12:46:39,86.0,82.0,2.0,2.0
2021-08-05 12:46:40,83.0,68.0,9.0,6.0
2021-08-05 12:46:41,86.0,72.0,8.0,6.0
2021-08-05 12:46:42,80.0,73.0,4.0,3.0
2021-08-05 12:46:43,74.0,62.0,8.0,4.0
2021-08-05 12:46:44,98.0,79.0,11.0,8.0
2021-08-05 12:46:45,78.0,67.0,5.0,6.0
2021-08-05 12:46:46,90.0,77.0,7.0,6.0
2021-08-05 12:46:47,87.0,77.0,7.0,3.0
2021-08-05 12:46:48,74.0,67.0,5.0,2.0
2021-08-05 12:46:49,68.0,59.0,5.0,4.0
2021-08-05 12:46:50,70.0,61.0,5.0,4.0
2021-08-05 12:46:51,85.0,79.0,3.0,3.0
2021-08-05 12:46:52,92.0,80.0,7.0,5.0
2021-08-05 12:46:53,77.0,71.0,4.0,2.0
2021-08-05 12:46:54,87.0,78.0,5.0,4.0
2021-08-05 12:46:55,80.0,68.0,5.0,7.0
2021-08-05 12:46:56,90.0,78.0,11.0,1.0
2021-08-05 12:46:57,83.0,76.0,6.0,1.0
2021-08-05 12:46:58,68.0,54.0,12.0,2.0
2021-08-05 12:46:59,111.0,104.0,6.0,1.0
2021-08-05 12:47:00,78.0,72.0,1.0,5.0
2021-08-05 12:47:01,82.0,76.0,5.0,1.0
2021-08-05 12:47:02,84.0,74.0,6.0,4.0
2021-08-05 12:47:03,69.0,58.0,6.0,5.0
2021-08-05 12:47:04,74.0,67.0,2.0,5.0
2021-08-05 12:47:05,85.0,74.0,7.0,4.0
2021-08-05 12:47:06,74.0,65.0,8.0,1.0
2021-08-05 12:47:07,101.0,88.0,9.0,4.0
2021-08-05 12:47:08,67.0,58.0,4.0,5.0
2021-08-05 12:47:09,75.0,65.0,5.0,5.0
2021-08-05 12:47:10,86.0,79.0,4.0,3.0
2021-08-05 12:47:11,72.0,62.0,7.0,3.0
2021-08-05 12:47:12,77.0,64.0,7.0,6.0
2021-08-05 12:47:13,83.0,77.0,2.0,4.0
2021-08-05 12:47:14,89.0,85.0,4.0,0.0
2021-08-05 12:47:15,78.0,69.0,5.0,4.0
2021-08-05 12:47:16,83.0,73.0,7.0,3.0
2021-08-05 12:47:17,75.0,70.0,3.0,2.0
2021-08-05 12:47:18,65.0,60.0,2.0,3.0
2021-08-05 12:47:19,77.0,65.0,8.0,4.0
2021-08-05 12:47:20,98.0,85.0,10.0,3.0
2021-08-05 12:47:21,83.0,73.0,8.0,2.0
2021-08-05 12:47:22,78.0,67.0,7.0,4.0
2021-08-05 12:47:23,86.0,68.0,10.0,8.0
2021-08-05 12:47:24,96.0,83.0,7.0,6.0
2021-08-05 12:47:25,82.0,72.0,5.0,5.0
2021-08-05 12:47:26,80.0,72.0,3.0,5.0
2021-08-05 12:47:27,90.0,82.0,4.0,4.0
2021-08-05 12:47:28,85.0,76.0,5.0,4.0
2021-08-05 12:47:29,79.0,72.0,0.0,7.0
2021-08-05 12:47:30,80.0,67.0,8.0,5.0
2021-08-05 12:47:31,96.0,77.0,11.0,8.0
2021-08-05 12:47:32,91.0,78.0,9.0,4.0
2021-08-05 12:47:33,86.0,74.0,7.0,5.0
2021-08-05 12:47:34,115.0,99.0,10.0,6.0
2021-08-05 12:47:35,79.0,69.0,6.0,4.0
2021-08-05 12:47:36,93.0,85.0,3.0,5.0
2021-08-05 12:47:37,85.0,77.0,4.0,4.0
2021-08-05 12:47:38,91.0,83.0,6.0,2.0
2021-08-05 12:47:39,90.0,80.0,6.0,4.0
2021-08-05 12:47:40,81.0,70.0,8.0,3.0
2021-08-05 12:47:41,91.0,77.0,9.0,5.0
2021-08-05 12:47:42,96.0,86.0,7.0,3.0
2021-08-05 12:47:43,83.0,69.0,7.0,7.0
2021-08-05 12:47:44,93.0,80.0,5.0,8.0
2021-08-05 12:47:45,84.0,77.0,4.0,3.0
2021-08-05 12:47:46,80.0,70.0,3.0,7.0
2021-08-05 12:47:47,86.0,80.0,4.0,2.0
2021-08-05 12:47:48,67.0,61.0,5.0,1.0
2021-08-05 12:47:49,93.0,79.0,9.0,5.0
2021-08-05 12:47:50,69.0,64.0,3.0,2.0
2021-08-05 12:47:51,82.0,78.0,3.0,1.0
2021-08-05 12:47:52,94.0,81.0,7.0,6.0
2021-08-05 12:47:53,94.0,86.0,3.0,5.0
2021-08-05 12:47:54,77.0,68.0,6.0,3.0
2021-08-05 12:47:55,77.0,68.0,3.0,6.0
2021-08-05 12:47:56,73.0,69.0,3.0,1.0
2021-08-05 12:47:57,83.0,72.0,7.0,4.0
2021-08-05 12:47:58,77.0,74.0,2.0,1.0
2021-08-05 12:47:59,77.0,66.0,8.0,3.0
2021-08-05 12:48:00,99.0,89.0,8.0,2.0
2021-08-05 12:48:01,79.0,69.0,5.0,5.0
2021-08-05 12:48:02,87.0,75.0,7.0,5.0
2021-08-05 12:48:03,92.0,82.0,5.0,5.0
2021-08-05 12:48:04,90.0,74.0,11.0,5.0
2021-08-05 12:48:05,91.0,81.0,5.0,5.0
2021-08-05 12:48:06,79.0,65.0,8.0,6.0
2021-08-05 12:48:07,72.0,66.0,4.0,2.0
2021-08-05 12:48:08,84.0,80.0,1.0,3.0
2021-08-05 12:48:09,89.0,80.0,5.0,4.0
2021-08-05 12:48:10,103.0,93.0,6.0,4.0
2021-08-05 12:48:11,86.0,81.0,3.0,2.0
2021-08-05 12:48:12,91.0,79.0,8.0,4.0
2021-08-05 12:48:13,85.0,72.0,9.0,4.0
2021-08-05 12:48:14,84.0,75.0,4.0,5.0
2021-08-05 12:48:15,88.0,75.0,6.0,7.0
2021-08-05 12:48:16,88.0,78.0,5.0,5.0
2021-08-05 12:48:17,77.0,72.0,3.0,2.0
2021-08-05 12:48:18,73.0,63.0,2.0,8.0
2021-08-05 12:48:19,81.0,71.0,3.0,7.0
2021-08-05 12:48:20,80.0,73.0,4.0,3.0
2021-08-05 12:48:21,85.0,73.0,6.0,6.0
2021-08-05 12:48:22,79.0,68.0,7.0,4.0
2021-08-05 12:48:23,84.0,71.0,10.0,3.0
2021-08-05 12:48:24,90.0,79.0,8.0,3.0
2021-08-05 12:48:25,87.0,72.0,8.0,7.0
2021-08-05 12:48:26,68.0,61.0,6.0,1.0
2021-08-05 12:48:27,66.0,61.0,3.0,2.0
2021-08-05 12:48:28,82.0,70.0,6.0,6.0
2021-08-05 12:48:29,72.0,61.0,8.0,3.0
2021-08-05 12:48:30,91.0,81.0,7.0,3.0
2021-08-05 12:48:31,82.0,73.0,8.0,1.0
2021-08-05 12:48:32,84.0,73.0,9.0,2.0
2021-08-05 12:48:33,80.0,69.0,8.0,3.0
2021-08-05 12:48:34,93.0,80.0,9.0,4.0
2021-08-05 12:48:35,83.0,67.0,5.0,11.0
2021-08-05 12:48:36,73.0,68.0,2.0,3.0
2021-08-05 12:48:37,97.0,85.0,6.0,6.0
2021-08-05 12:48:38,77.0,66.0,4.0,7.0
2021-08-05 12:48:39,83.0,74.0,7.0,2.0
2021-08-05 12:48:40,78.0,75.0,3.0,0.0
2021-08-05 12:48:41,76.0,71.0,4.0,1.0
2021-08-05 12:48:42,77.0,65.0,6.0,6.0
2021-08-05 12:48:43,81.0,71.0,7.0,3.0
2021-08-05 12:48:44,80.0,67.0,7.0,6.0
2021-08-05 12:48:45,95.0,82.0,10.0,3.0
2021-08-05 12:48:46,72.0,61.0,6.0,5.0
2021-08-05 12:48:47,82.0,69.0,7.0,6.0
2021-08-05 12:48:48,77.0,68.0,6.0,3.0
2021-08-05 12:48:49,98.0,79.0,9.0,10.0
2021-08-05 12:48:50,84.0,71.0,5.0,8.0
2021-08-05 12:48:51,93.0,76.0,7.0,10.0
2021-08-05 12:48:52,74.0,67.0,4.0,3.0
2021-08-05 12:48:53,91.0,82.0,6.0,3.0
2021-08-05 12:48:54,99.0,93.0,4.0,2.0
2021-08-05 12:48:55,78.0,65.0,7.0,6.0
2021-08-05 12:48:56,97.0,80.0,8.0,9.0
2021-08-05 12:48:57,92.0,81.0,5.0,6.0
2021-08-05 12:48:58,94.0,82.0,8.0,4.0
2021-08-05 12:48:59,88.0,74.0,10.0,4.0
2021-08-05 12:49:00,90.0,77.0,10.0,3.0
2021-08-05 12:49:01,78.0,64.0,8.0,6.0
2021-08-05 12:49:02,83.0,75.0,5.0,3.0
2021-08-05 12:49:03,76.0,62.0,9.0,5.0
2021-08-05 12:49:04,84.0,74.0,6.0,4.0
2021-08-05 12:49:05,70.0,63.0,3.0,4.0
2021-08-05 12:49:06,71.0,62.0,6.0,3.0
2021-08-05 12:49:07,82.0,75.0,3.0,4.0
2021-08-05 12:49:08,81.0,71.0,5.0,5.0
2021-08-05 12:49:09,83.0,68.0,11.0,4.0
2021-08-05 12:49:10,90.0,78.0,6.0,6.0
2021-08-05 12:49:11,82.0,73.0,5.0,4.0
2021-08-05 12:49:12,92.0,84.0,4.0,4.0
2021-08-05 12:49:13,106.0,90.0,8.0,8.0
2021-08-05 12:49:14,98.0,85.0,6.0,7.0
2021-08-05 12:49:15,73.0,67.0,1.0,5.0
2021-08-05 12:49:16,88.0,76.0,7.0,5.0
2021-08-05 12:49:17,70.0,61.0,8.0,1.0
2021-08-05 12:49:18,92.0,81.0,5.0,6.0
2021-08-05 12:49:19,100.0,85.0,9.0,6.0
2021-08-05 12:49:20,79.0,69.0,8.0,2.0
2021-08-05 12:49:21,81.0,73.0,4.0,4.0
2021-08-05 12:49:22,99.0,90.0,6.0,3.0
2021-08-05 12:49:23,88.0,81.0,2.0,5.0
2021-08-05 12:49:24,87.0,73.0,10.0,4.0
2021-08-05 12:49:25,82.0,72.0,5.0,5.0
2021-08-05 12:49:26,90.0,74.0,9.0,7.0
2021-08-05 12:49:27,90.0,77.0,5.0,8.0
2021-08-05 12:49:28,85.0,74.0,3.0,8.0
2021-08-05 12:49:29,74.0,66.0,7.0,1.0
2021-08-05 12:49:30,82.0,71.0,7.0,4.0
2021-08-05 12:49:31,80.0,68.0,8.0,4.0
2021-08-05 12:49:32,78.0,67.0,6.0,5.0
2021-08-05 12:49:33,92.0,76.0,12.0,4.0
2021-08-05 12:49:34,102.0,90.0,9.0,3.0
2021-08-05 12:49:35,78.0,68.0,7.0,3.0
2021-08-05 12:49:36,86.0,74.0,5.0,7.0
2021-08-05 12:49:37,96.0,88.0,3.0,5.0
2021-08-05 12:49:38,74.0,68.0,5.0,1.0
2021-08-05 12:49:39,78.0,68.0,8.0,2.0
2021-08-05 12:49:40,94.0,82.0,6.0,6.0
2021-08-05 12:49:41,71.0,61.0,6.0,4.0
2021-08-05 12:49:42,71.0,63.0,5.0,3.0
2021-08-05 12:49:43,84.0,75.0,6.0,3.0
2021-08-05 12:49:44,89.0,79.0,5.0,5.0
2021-08-05 12:49:45,101.0,89.0,7.0,5.0
2021-08-05 12:49:46,82.0,69.0,6.0,7.0
2021-08-05 12:49:47,99.0,81.0,12.0,6.0
2021-08-05 12:49:48,89.0,73.0,11.0,5.0
2021-08-05 12:49:49,83.0,70.0,11.0,2.0
2021-08-05 12:49:50,118.0,104.0,6.0,8.0
2021-08-05 12:49:51,85.0,78.0,5.0,2.0
2021-08-05 12:49:52,81.0,76.0,4.0,1.0
2021-08-05 12:49:53,72.0,64.0,2.0,6.0
2021-08-05 12:49:54,100.0,90.0,5.0,5.0
2021-08-05 12:49:55,82.0,76.0,4.0,2.0
2021-08-05 12:49:56,88.0,69.0,16.0,3.0
2021-08-05 12:49:57,92.0,78.0,5.0,9.0
2021-08-05 12:49:58,89.0,77.0,9.0,3.0
2021-08-05 12:49:59,80.0,71.0,3.0,6.0
2021-08-05 12:50:00,75.0,66.0,7.0,2.0
2021-08-05 12:50:01,106.0,88.0,10.0,8.0
2021-08-05 12:50:02,92.0,75.0,11.0,6.0
2021-08-05 12:50:03,75.0,65.0,7.0,3.0
2021-08-05 12:50:04,48.0,44.0,2.0,2.0
2021-08-05 12:50:05,93.0,78.0,10.0,5.0
2021-08-05 12:50:06,84.0,77.0,3.0,4.0
2021-08-05 12:50:07,91.0,82.0,7.0,2.0
2021-08-05 12:50:08,79.0,70.0,7.0,2.0
2021-08-05 12:50:09,85.0,72.0,8.0,5.0
2021-08-05 12:50:10,101.0,88.0,11.0,2.0
2021-08-05 12:50:11,91.0,79.0,10.0,2.0
2021-08-05 12:50:12,98.0,85.0,7.0,6.0
2021-08-05 12:50:13,92.0,79.0,8.0,5.0
2021-08-05 12:50:14,73.0,66.0,5.0,2.0
2021-08-05 12:50:15,90.0,79.0,7.0,4.0
2021-08-05 12:50:16,80.0,75.0,3.0,2.0
2021-08-05 12:50:17,85.0,74.0,4.0,7.0
2021-08-05 12:50:18,84.0,74.0,5.0,5.0
2021-08-05 12:50:19,89.0,75.0,5.0,9.0
2021-08-05 12:50:20,91.0,75.0,8.0,8.0
2021-08-05 12:50:21,85.0,72.0,7.0,6.0
2021-08-05 12:50:22,83.0,74.0,4.0,5.0
2021-08-05 12:50:23,87.0,81.0,6.0,0.0
2021-08-05 12:50:24,85.0,77.0,4.0,4.0
2021-08-05 12:50:25,86.0,78.0,5.0,3.0
2021-08-05 12:50:26,94.0,85.0,6.0,3.0
2021-08-05 12:50:27,87.0,78.0,1.0,8.0
2021-08-05 12:50:28,82.0,77.0,4.0,1.0
2021-08-05 12:50:29,103.0,89.0,6.0,8.0
2021-08-05 12:50:30,79.0,69.0,6.0,4.0
2021-08-05 12:50:31,89.0,78.0,4.0,7.0
2021-08-05 12:50:32,87.0,78.0,5.0,4.0
2021-08-05 12:50:33,99.0,82.0,9.0,8.0
2021-08-05 12:50:34,91.0,82.0,5.0,4.0
2021-08-05 12:50:35,77.0,71.0,3.0,3.0
2021-08-05 12:50:36,79.0,71.0,3.0,5.0
2021-08-05 12:50:37,88.0,73.0,9.0,6.0
2021-08-05 12:50:38,77.0,70.0,5.0,2.0
2021-08-05 12:50:39,63.0,56.0,2.0,5.0
2021-08-05 12:50:40,79.0,69.0,8.0,2.0
2021-08-05 12:50:41,92.0,84.0,5.0,3.0
2021-08-05 12:50:42,91.0,78.0,7.0,6.0
2021-08-05 12:50:43,73.0,64.0,6.0,3.0
2021-08-05 12:50:44,81.0,75.0,4.0,2.0
2021-08-05 12:50:45,84.0,70.0,7.0,7.0
2021-08-05 12:50:46,87.0,70.0,7.0,10.0
2021-08-05 12:50:47,83.0,73.0,8.0,2.0
2021-08-05 12:50:48,88.0,78.0,8.0,2.0
2021-08-05 12:50:49,88.0,76.0,8.0,4.0
2021-08-05 12:50:50,71.0,66.0,4.0,1.0
2021-08-05 12:50:51,82.0,73.0,6.0,3.0
2021-08-05 12:50:52,80.0,70.0,6.0,4.0
2021-08-05 12:50:53,82.0,76.0,4.0,2.0
2021-08-05 12:50:54,80.0,65.0,9.0,6.0
2021-08-05 12:50:55,78.0,72.0,3.0,3.0
2021-08-05 12:50:56,75.0,66.0,4.0,5.0
2021-08-05 12:50:57,87.0,75.0,8.0,4.0
2021-08-05 12:50:58,96.0,90.0,5.0,1.0
2021-08-05 12:50:59,97.0,90.0,4.0,3.0
2021-08-05 12:51:00,79.0,74.0,3.0,2.0
2021-08-05 12:51:01,101.0,91.0,4.0,6.0
2021-08-05 12:51:02,93.0,81.0,4.0,8.0
2021-08-05 12:51:03,87.0,76.0,9.0,2.0
2021-08-05 12:51:04,83.0,66.0,11.0,6.0
2021-08-05 12:51:05,101.0,88.0,10.0,3.0
2021-08-05 12:51:06,90.0,76.0,8.0,6.0
2021-08-05 12:51:07,80.0,71.0,5.0,4.0
2021-08-05 12:51:08,88.0,76.0,6.0,6.0
2021-08-05 12:51:09,82.0,74.0,6.0,2.0
2021-08-05 12:51:10,100.0,93.0,3.0,4.0
2021-08-05 12:51:11,73.0,58.0,8.0,7.0
2021-08-05 12:51:12,88.0,74.0,11.0,3.0
2021-08-05 12:51:13,87.0,76.0,8.0,3.0
2021-08-05 12:51:14,71.0,63.0,4.0,4.0
2021-08-05 12:51:15,88.0,78.0,8.0,2.0
2021-08-05 12:51:16,98.0,86.0,6.0,6.0
2021-08-05 12:51:17,83.0,69.0,6.0,8.0
2021-08-05 12:51:18,74.0,61.0,8.0,5.0
2021-08-05 12:51:19,76.0,67.0,7.0,2.0
2021-08-05 12:51:20,93.0,87.0,3.0,3.0
2021-08-05 12:51:21,69.0,61.0,4.0,4.0
2021-08-05 12:51:22,87.0,73.0,7.0,7.0
2021-08-05 12:51:23,78.0,68.0,8.0,2.0
2021-08-05 12:51:24,83.0,78.0,4.0,1.0
2021-08-05 12:51:25,88.0,80.0,2.0,6.0
2021-08-05 12:51:26,87.0,72.0,9.0,6.0
2021-08-05 12:51:27,86.0,78.0,7.0,1.0
2021-08-05 12:51:28,81.0,73.0,5.0,3.0
2021-08-05 12:51:29,103.0,86.0,10.0,7.0
2021-08-05 12:51:30,67.0,60.0,4.0,3.0
2021-08-05 12:51:31,87.0,77.0,3.0,7.0
2021-08-05 12:51:32,95.0,82.0,8.0,5.0
2021-08-05 12:51:33,90.0,77.0,8.0,5.0
2021-08-05 12:51:34,85.0,77.0,5.0,3.0
2021-08-05 12:51:35,92.0,80.0,9.0,3.0
2021-08-05 12:51:36,90.0,73.0,10.0,7.0
2021-08-05 12:51:37,82.0,77.0,1.0,4.0
2021-08-05 12:51:38,74.0,64.0,4.0,6.0
2021-08-05 12:51:39,88.0,80.0,3.0,5.0
2021-08-05 12:51:40,95.0,84.0,6.0,5.0
2021-08-05 12:51:41,75.0,61.0,7.0,7.0
2021-08-05 12:51:42,88.0,76.0,8.0,4.0
2021-08-05 12:51:43,106.0,98.0,5.0,3.0
2021-08-05 12:51:44,73.0,63.0,6.0,4.0
2021-08-05 12:51:45,87.0,76.0,6.0,5.0
2021-08-05 12:51:46,78.0,69.0,5.0,4.0
2021-08-05 12:51:47,86.0,76.0,3.0,7.0
2021-08-05 12:51:48,74.0,65.0,6.0,3.0
2021-08-05 12:51:49,91.0,79.0,7.0,5.0
2021-08-05 12:51:50,70.0,60.0,7.0,3.0
2021-08-05 12:51:51,81.0,69.0,6.0,6.0
2021-08-05 12:51:52,87.0,80.0,3.0,4.0
2021-08-05 12:51:53,84.0,72.0,7.0,5.0
2021-08-05 12:51:54,84.0,77.0,7.0,0.0
2021-08-05 12:51:55,83.0,72.0,5.0,6.0
2021-08-05 12:51:56,77.0,69.0,4.0,4.0
2021-08-05 12:51:57,85.0,80.0,4.0,1.0
2021-08-05 12:51:58,97.0,78.0,15.0,4.0
2021-08-05 12:51:59,92.0,83.0,8.0,1.0
2021-08-05 12:52:00,91.0,80.0,4.0,7.0
2021-08-05 12:52:01,88.0,81.0,4.0,3.0
2021-08-05 12:52:02,76.0,62.0,10.0,4.0
2021-08-05 12:52:03,91.0,77.0,3.0,11.0
2021-08-05 12:52:04,66.0,60.0,3.0,3.0
2021-08-05 12:52:05,95.0,82.0,7.0,6.0
2021-08-05 12:52:06,74.0,67.0,6.0,1.0
2021-08-05 12:52:07,85.0,70.0,6.0,9.0
2021-08-05 12:52:08,93.0,85.0,7.0,1.0
2021-08-05 12:52:09,76.0,69.0,1.0,6.0
2021-08-05 12:52:10,94.0,78.0,9.0,7.0
2021-08-05 12:52:11,104.0,92.0,6.0,6.0
2021-08-05 12:52:12,76.0,66.0,7.0,3.0
2021-08-05 12:52:13,85.0,78.0,4.0,3.0
2021-08-05 12:52:14,89.0,77.0,8.0,4.0
2021-08-05 12:52:15,91.0,75.0,7.0,9.0
2021-08-05 12:52:16,77.0,67.0,5.0,5.0
2021-08-05 12:52:17,103.0,85.0,10.0,8.0
2021-08-05 12:52:18,95.0,78.0,12.0,5.0
2021-08-05 12:52:19,82.0,70.0,9.0,3.0
2021-08-05 12:52:20,93.0,76.0,10.0,7.0
2021-08-05 12:52:21,91.0,82.0,4.0,5.0
2021-08-05 12:52:22,73.0,63.0,6.0,4.0
2021-08-05 12:52:23,86.0,69.0,12.0,5.0
2021-08-05 12:52:24,84.0,66.0,9.0,9.0
2021-08-05 12:52:25,79.0,68.0,6.0,5.0
2021-08-05 12:52:26,99.0,87.0,7.0,5.0
2021-08-05 12:52:27,96.0,81.0,9.0,6.0
2021-08-05 12:52:28,86.0,76.0,7.0,3.0
2021-08-05 12:52:29,81.0,70.0,8.0,3.0
2021-08-05 12:52:30,90.0,78.0,6.0,6.0
2021-08-05 12:52:31,84.0,77.0,5.0,2.0
2021-08-05 12:52:32,88.0,80.0,5.0,3.0
2021-08-05 12:52:33,89.0,77.0,9.0,3.0
2021-08-05 12:52:34,95.0,79.0,11.0,5.0
2021-08-05 12:52:35,89.0,76.0,9.0,4.0
2021-08-05 12:52:36,82.0,75.0,4.0,3.0
2021-08-05 12:52:37,91.0,81.0,2.0,8.0
2021-08-05 12:52:38,106.0,94.0,8.0,4.0
2021-08-05 12:52:39,78.0,66.0,7.0,5.0
2021-08-05 12:52:40,78.0,72.0,3.0,3.0
2021-08-05 12:52:41,81.0,70.0,9.0,2.0
2021-08-05 12:52:42,74.0,61.0,10.0,3.0
2021-08-05 12:52:43,89.0,80.0,7.0,2.0
2021-08-05 12:52:44,82.0,65.0,11.0,6.0
2021-08-05 12:52:45,105.0,94.0,7.0,4.0
2021-08-05 12:52:46,97.0,85.0,8.0,4.0
2021-08-05 12:52:47,91.0,84.0,5.0,2.0
2021-08-05 12:52:48,92.0,82.0,7.0,3.0
2021-08-05 12:52:49,81.0,71.0,7.0,3.0
2021-08-05 12:52:50,90.0,78.0,6.0,6.0
2021-08-05 12:52:51,101.0,91.0,5.0,5.0
2021-08-05 12:52:52,94.0,81.0,10.0,3.0
2021-08-05 12:52:53,77.0,65.0,8.0,4.0
2021-08-05 12:52:54,86.0,80.0,3.0,3.0
2021-08-05 12:52:55,101.0,90.0,7.0,4.0
2021-08-05 12:52:56,80.0,70.0,8.0,2.0
2021-08-05 12:52:57,88.0,74.0,10.0,4.0
2021-08-05 12:52:58,97.0,84.0,9.0,4.0
2021-08-05 12:52:59,79.0,69.0,7.0,3.0
2021-08-05 12:53:00,88.0,80.0,7.0,1.0
2021-08-05 12:53:01,91.0,75.0,10.0,6.0
2021-08-05 12:53:02,86.0,79.0,5.0,2.0
2021-08-05 12:53:03,97.0,84.0,9.0,4.0
2021-08-05 12:53:04,96.0,86.0,5.0,5.0
2021-08-05 12:53:05,88.0,77.0,4.0,7.0
2021-08-05 12:53:06,84.0,75.0,4.0,5.0
2021-08-05 12:53:07,90.0,78.0,8.0,4.0
2021-08-05 12:53:08,87.0,79.0,6.0,2.0
2021-08-05 12:53:09,73.0,64.0,5.0,4.0
2021-08-05 12:53:10,89.0,79.0,4.0,6.0
2021-08-05 12:53:11,109.0,93.0,13.0,3.0
2021-08-05 12:53:12,79.0,67.0,8.0,4.0
2021-08-05 12:53:13,82.0,70.0,9.0,3.0
2021-08-05 12:53:14,78.0,73.0,4.0,1.0
2021-08-05 12:53:15,79.0,68.0,11.0,0.0
2021-08-05 12:53:16,92.0,83.0,9.0,0.0
2021-08-05 12:53:17,78.0,68.0,8.0,2.0
2021-08-05 12:53:18,105.0,95.0,5.0,5.0
2021-08-05 12:53:19,88.0,75.0,6.0,7.0
2021-08-05 12:53:20,83.0,75.0,5.0,3.0
2021-08-05 12:53:21,78.0,72.0,3.0,3.0
2021-08-05 12:53:22,87.0,81.0,3.0,3.0
2021-08-05 12:53:23,77.0,71.0,4.0,2.0
2021-08-05 12:53:24,83.0,75.0,5.0,3.0
2021-08-05 12:53:25,100.0,81.0,14.0,5.0
2021-08-05 12:53:26,83.0,76.0,4.0,3.0
2021-08-05 12:53:27,66.0,53.0,6.0,7.0
2021-08-05 12:53:28,89.0,77.0,7.0,5.0
2021-08-05 12:53:29,82.0,75.0,4.0,3.0
2021-08-05 12:53:30,94.0,83.0,8.0,3.0
2021-08-05 12:53:31,89.0,79.0,6.0,4.0
2021-08-05 12:53:32,78.0,68.0,7.0,3.0
2021-08-05 12:53:33,91.0,79.0,9.0,3.0
2021-08-05 12:53:34,87.0,78.0,6.0,3.0
2021-08-05 12:53:35,91.0,79.0,7.0,5.0
2021-08-05 12:53:36,83.0,74.0,5.0,4.0
2021-08-05 12:53:37,79.0,66.0,8.0,5.0
2021-08-05 12:53:38,87.0,73.0,5.0,9.0
2021-08-05 12:53:39,85.0,79.0,3.0,3.0
2021-08-05 12:53:40,84.0,72.0,6.0,6.0
2021-08-05 12:53:41,69.0,63.0,4.0,2.0
2021-08-05 12:53:42,84.0,74.0,8.0,2.0
2021-08-05 12:53:43,79.0,74.0,4.0,1.0
2021-08-05 12:53:44,89.0,78.0,5.0,6.0
2021-08-05 12:53:45,86.0,79.0,4.0,3.0
2021-08-05 12:53:46,83.0,66.0,10.0,7.0
2021-08-05 12:53:47,89.0,83.0,2.0,4.0
2021-08-05 12:53:48,80.0,74.0,3.0,3.0
2021-08-05 12:53:49,107.0,93.0,9.0,5.0
2021-08-05 12:53:50,87.0,78.0,5.0,4.0
2021-08-05 12:53:51,78.0,71.0,5.0,2.0
2021-08-05 12:53:52,80.0,69.0,8.0,3.0
2021-08-05 12:53:53,75.0,64.0,5.0,6.0
2021-08-05 12:53:54,95.0,90.0,2.0,3.0
2021-08-05 12:53:55,88.0,78.0,7.0,3.0
2021-08-05 12:53:56,73.0,68.0,3.0,2.0
2021-08-05 12:53:57,66.0,59.0,4.0,3.0
2021-08-05 12:53:58,91.0,81.0,6.0,4.0
2021-08-05 12:53:59,88.0,80.0,4.0,4.0
2021-08-05 12:54:00,97.0,85.0,9.0,3.0
2021-08-05 12:54:01,82.0,68.0,10.0,4.0
2021-08-05 12:54:02,91.0,80.0,5.0,6.0
2021-08-05 12:54:03,95.0,78.0,13.0,4.0
2021-08-05 12:54:04,73.0,65.0,7.0,1.0
2021-08-05 12:54:05,104.0,85.0,8.0,11.0
2021-08-05 12:54:06,87.0,76.0,6.0,5.0
2021-08-05 12:54:07,97.0,84.0,5.0,8.0
2021-08-05 12:54:08,71.0,61.0,6.0,4.0
2021-08-05 12:54:09,95.0,84.0,7.0,4.0
2021-08-05 12:54:10,89.0,81.0,4.0,4.0
2021-08-05 12:54:11,79.0,73.0,5.0,1.0
2021-08-05 12:54:12,92.0,88.0,3.0,1.0
2021-08-05 12:54:13,93.0,83.0,4.0,6.0
2021-08-05 12:54:14,68.0,61.0,3.0,4.0
2021-08-05 12:54:15,68.0,59.0,6.0,3.0
2021-08-05 12:54:16,82.0,68.0,10.0,4.0
2021-08-05 12:54:17,86.0,75.0,8.0,3.0
2021-08-05 12:54:18,84.0,75.0,6.0,3.0
2021-08-05 12:54:19,90.0,82.0,4.0,4.0
2021-08-05 12:54:20,88.0,76.0,11.0,1.0
2021-08-05 12:54:21,112.0,95.0,8.0,9.0
2021-08-05 12:54:22,88.0,75.0,11.0,2.0
2021-08-05 12:54:23,79.0,74.0,5.0,0.0
2021-08-05 12:54:24,83.0,77.0,2.0,4.0
2021-08-05 12:54:25,79.0,69.0,7.0,3.0
2021-08-05 12:54:26,72.0,64.0,5.0,3.0
2021-08-05 12:54:27,93.0,81.0,10.0,2.0
2021-08-05 12:54:28,99.0,84.0,10.0,5.0
2021-08-05 12:54:29,85.0,66.0,10.0,9.0
2021-08-05 12:54:30,92.0,79.0,10.0,3.0
2021-08-05 12:54:31,92.0,74.0,7.0,11.0
2021-08-05 12:54:32,91.0,77.0,8.0,6.0
2021-08-05 12:54:33,114.0,102.0,5.0,7.0
2021-08-05 12:54:34,92.0,85.0,2.0,5.0
2021-08-05 12:54:35,89.0,77.0,5.0,7.0
2021-08-05 12:54:36,79.0,69.0,6.0,4.0
2021-08-05 12:54:37,69.0,62.0,3.0,4.0
2021-08-05 12:54:38,88.0,83.0,1.0,4.0
2021-08-05 12:54:39,79.0,73.0,4.0,2.0
2021-08-05 12:54:40,78.0,67.0,4.0,7.0
2021-08-05 12:54:41,90.0,74.0,7.0,9.0
2021-08-05 12:54:42,95.0,86.0,2.0,7.0
2021-08-05 12:54:43,90.0,77.0,9.0,4.0
2021-08-05 12:54:44,100.0,87.0,8.0,5.0
2021-08-05 12:54:45,98.0,83.0,8.0,7.0
2021-08-05 12:54:46,88.0,75.0,7.0,6.0
2021-08-05 12:54:47,92.0,84.0,3.0,5.0
2021-08-05 12:54:48,71.0,61.0,4.0,6.0
2021-08-05 12:54:49,80.0,68.0,8.0,4.0
2021-08-05 12:54:50,81.0,71.0,7.0,3.0
2021-08-05 12:54:51,84.0,73.0,7.0,4.0
2021-08-05 12:54:52,81.0,69.0,10.0,2.0
2021-08-05 12:54:53,92.0,81.0,4.0,7.0
2021-08-05 12:54:54,93.0,77.0,11.0,5.0
2021-08-05 12:54:55,84.0,74.0,4.0,6.0
2021-08-05 12:54:56,81.0,65.0,9.0,7.0
2021-08-05 12:54:57,75.0,63.0,7.0,5.0
2021-08-05 12:54:58,105.0,93.0,6.0,6.0
2021-08-05 12:54:59,78.0,71.0,4.0,3.0
2021-08-05 12:55:00,103.0,87.0,13.0,3.0
2021-08-05 12:55:01,97.0,85.0,6.0,6.0
2021-08-05 12:55:02,96.0,84.0,4.0,8.0
2021-08-05 12:55:03,93.0,78.0,9.0,6.0
2021-08-05 12:55:04,92.0,84.0,4.0,4.0
2021-08-05 12:55:05,82.0,72.0,8.0,2.0
2021-08-05 12:55:06,73.0,63.0,8.0,2.0
2021-08-05 12:55:07,64.0,58.0,5.0,1.0
2021-08-05 12:55:08,83.0,73.0,9.0,1.0
2021-08-05 12:55:09,95.0,84.0,10.0,1.0
2021-08-05 12:55:10,73.0,64.0,7.0,2.0
2021-08-05 12:55:11,101.0,90.0,5.0,6.0
2021-08-05 12:55:12,93.0,77.0,11.0,5.0
2021-08-05 12:55:13,74.0,63.0,3.0,8.0
2021-08-05 12:55:14,85.0,78.0,5.0,2.0
2021-08-05 12:55:15,86.0,73.0,4.0,9.0
2021-08-05 12:55:16,90.0,76.0,6.0,8.0
2021-08-05 12:55:17,92.0,79.0,6.0,7.0
2021-08-05 12:55:18,90.0,81.0,5.0,4.0
2021-08-05 12:55:19,78.0,65.0,7.0,6.0
2021-08-05 12:55:20,90.0,81.0,6.0,3.0
2021-08-05 12:55:21,95.0,87.0,2.0,6.0
2021-08-05 12:55:22,80.0,74.0,3.0,3.0
2021-08-05 12:55:23,83.0,75.0,5.0,3.0
2021-08-05 12:55:24,88.0,76.0,8.0,4.0
2021-08-05 12:55:25,83.0,79.0,1.0,3.0
2021-08-05 12:55:26,88.0,76.0,7.0,5.0
2021-08-05 12:55:27,93.0,78.0,10.0,5.0
2021-08-05 12:55:28,94.0,77.0,8.0,9.0
2021-08-05 12:55:29,90.0,79.0,6.0,5.0
2021-08-05 12:55:30,65.0,60.0,4.0,1.0
2021-08-05 12:55:31,96.0,83.0,6.0,7.0
2021-08-05 12:55:32,100.0,77.0,16.0,7.0
2021-08-05 12:55:33,82.0,74.0,7.0,1.0
2021-08-05 12:55:34,65.0,58.0,5.0,2.0
2021-08-05 12:55:35,83.0,73.0,6.0,4.0
2021-08-05 12:55:36,70.0,64.0,3.0,3.0
2021-08-05 12:55:37,87.0,81.0,5.0,1.0
2021-08-05 12:55:38,79.0,72.0,4.0,3.0
2021-08-05 12:55:39,73.0,66.0,4.0,3.0
2021-08-05 12:55:40,102.0,85.0,11.0,6.0
2021-08-05 12:55:41,78.0,68.0,5.0,5.0
2021-08-05 12:55:42,94.0,76.0,9.0,9.0
2021-08-05 12:55:43,93.0,83.0,3.0,7.0
2021-08-05 12:55:44,85.0,79.0,5.0,1.0
2021-08-05 12:55:45,88.0,77.0,9.0,2.0
2021-08-05 12:55:46,80.0,71.0,6.0,3.0
2021-08-05 12:55:47,83.0,76.0,5.0,2.0
2021-08-05 12:55:48,87.0,75.0,5.0,7.0
2021-08-05 12:55:49,65.0,61.0,0.0,4.0
2021-08-05 12:55:50,84.0,76.0,2.0,6.0
2021-08-05 12:55:51,80.0,71.0,5.0,4.0
2021-08-05 12:55:52,87.0,74.0,10.0,3.0
2021-08-05 12:55:53,69.0,63.0,2.0,4.0
2021-08-05 12:55:54,88.0,73.0,3.0,12.0
2021-08-05 12:55:55,83.0,75.0,6.0,2.0
2021-08-05 12:55:56,94.0,80.0,6.0,8.0
2021-08-05 12:55:57,81.0,69.0,9.0,3.0
2021-08-05 12:55:58,78.0,71.0,4.0,3.0
2021-08-05 12:55:59,88.0,75.0,8.0,5.0
2021-08-05 12:56:00,71.0,63.0,6.0,2.0
2021-08-05 12:56:01,84.0,73.0,4.0,7.0
2021-08-05 12:56:02,90.0,84.0,1.0,5.0
2021-08-05 12:56:03,76.0,64.0,5.0,7.0
2021-08-05 12:56:04,86.0,75.0,7.0,4.0
2021-08-05 12:56:05,96.0,89.0,5.0,2.0
2021-08-05 12:56:06,80.0,70.0,7.0,3.0
2021-08-05 12:56:07,100.0,92.0,4.0,4.0
2021-08-05 12:56:08,86.0,73.0,6.0,7.0
2021-08-05 12:56:09,88.0,72.0,8.0,8.0
2021-08-05 12:56:10,94.0,83.0,10.0,1.0
2021-08-05 12:56:11,89.0,75.0,9.0,5.0
2021-08-05 12:56:12,75.0,65.0,8.0,2.0
2021-08-05 12:56:13,98.0,82.0,6.0,10.0
2021-08-05 12:56:14,87.0,71.0,7.0,9.0
2021-08-05 12:56:15,82.0,73.0,4.0,5.0
2021-08-05 12:56:16,94.0,81.0,6.0,7.0
2021-08-05 12:56:17,89.0,76.0,7.0,6.0
2021-08-05 12:56:18,94.0,76.0,12.0,6.0
2021-08-05 12:56:19,84.0,73.0,7.0,4.0
2021-08-05 12:56:20,94.0,80.0,5.0,9.0
2021-08-05 12:56:21,78.0,71.0,5.0,2.0
2021-08-05 12:56:22,84.0,78.0,4.0,2.0
2021-08-05 12:56:23,86.0,76.0,9.0,1.0
2021-08-05 12:56:24,86.0,72.0,8.0,6.0
2021-08-05 12:56:25,90.0,84.0,4.0,2.0
2021-08-05 12:56:26,87.0,80.0,4.0,3.0
2021-08-05 12:56:27,91.0,80.0,6.0,5.0
2021-08-05 12:56:28,82.0,72.0,6.0,4.0
2021-08-05 12:56:29,95.0,81.0,11.0,3.0
2021-08-05 12:56:30,87.0,79.0,6.0,2.0
2021-08-05 12:56:31,97.0,84.0,5.0,8.0
2021-08-05 12:56:32,83.0,71.0,10.0,2.0
2021-08-05 12:56:33,95.0,88.0,4.0,3.0
2021-08-05 12:56:34,87.0,79.0,7.0,1.0
2021-08-05 12:56:35,91.0,76.0,10.0,5.0
2021-08-05 12:56:36,95.0,85.0,7.0,3.0
2021-08-05 12:56:37,77.0,64.0,7.0,6.0
2021-08-05 12:56:38,98.0,81.0,10.0,7.0
2021-08-05 12:56:39,92.0,84.0,3.0,5.0
2021-08-05 12:56:40,73.0,65.0,5.0,3.0
2021-08-05 12:56:41,79.0,75.0,4.0,0.0
2021-08-05 12:56:42,69.0,57.0,7.0,5.0
2021-08-05 12:56:43,86.0,72.0,8.0,6.0
2021-08-05 12:56:44,71.0,64.0,2.0,5.0
2021-08-05 12:56:45,97.0,85.0,6.0,6.0
2021-08-05 12:56:46,75.0,65.0,6.0,4.0
2021-08-05 12:56:47,83.0,74.0,8.0,1.0
2021-08-05 12:56:48,74.0,60.0,11.0,3.0
2021-08-05 12:56:49,97.0,87.0,4.0,6.0
2021-08-05 12:56:50,77.0,67.0,4.0,6.0
2021-08-05 12:56:51,97.0,85.0,6.0,6.0
2021-08-05 12:56:52,77.0,72.0,3.0,2.0
2021-08-05 12:56:53,85.0,72.0,10.0,3.0
2021-08-05 12:56:54,78.0,70.0,7.0,1.0
2021-08-05 12:56:55,82.0,73.0,6.0,3.0
2021-08-05 12:56:56,79.0,73.0,5.0,1.0
2021-08-05 12:56:57,80.0,72.0,6.0,2.0
2021-08-05 12:56:58,88.0,80.0,4.0,4.0
2021-08-05 12:56:59,93.0,85.0,5.0,3.0
2021-08-05 12:57:00,88.0,70.0,10.0,8.0
2021-08-05 12:57:01,104.0,90.0,9.0,5.0
2021-08-05 12:57:02,85.0,77.0,7.0,1.0
2021-08-05 12:57:03,87.0,75.0,5.0,7.0
2021-08-05 12:57:04,62.0,49.0,6.0,7.0
2021-08-05 12:57:05,84.0,73.0,9.0,2.0
2021-08-05 12:57:06,96.0,87.0,8.0,1.0
2021-08-05 12:57:07,92.0,84.0,6.0,2.0
2021-08-05 12:57:08,97.0,80.0,13.0,4.0
2021-08-05 12:57:09,86.0,81.0,3.0,2.0
2021-08-05 12:57:10,73.0,64.0,8.0,1.0
2021-08-05 12:57:11,105.0,90.0,7.0,8.0
2021-08-05 12:57:12,82.0,72.0,6.0,4.0
2021-08-05 12:57:13,85.0,75.0,4.0,6.0
2021-08-05 12:57:14,77.0,67.0,6.0,4.0
2021-08-05 12:57:15,74.0,62.0,6.0,6.0
2021-08-05 12:57:16,74.0,65.0,7.0,2.0
2021-08-05 12:57:17,80.0,67.0,8.0,5.0
2021-08-05 12:57:18,90.0,75.0,10.0,5.0
2021-08-05 12:57:19,84.0,78.0,4.0,2.0
2021-08-05 12:57:20,82.0,68.0,10.0,4.0
2021-08-05 12:57:21,94.0,84.0,4.0,6.0
2021-08-05 12:57:22,89.0,69.0,11.0,9.0
2021-08-05 12:57:23,81.0,71.0,7.0,3.0
2021-08-05 12:57:24,86.0,76.0,8.0,2.0
2021-08-05 12:57:25,84.0,78.0,4.0,2.0
2021-08-05 12:57:26,71.0,59.0,6.0,6.0
2021-08-05 12:57:27,78.0,70.0,4.0,4.0
2021-08-05 12:57:28,91.0,79.0,6.0,6.0
2021-08-05 12:57:29,88.0,82.0,3.0,3.0
2021-08-05 12:57:30,100.0,89.0,7.0,4.0
2021-08-05 12:57:31,71.0,60.0,8.0,3.0
2021-08-05 12:57:32,93.0,80.0,6.0,7.0
2021-08-05 12:57:33,66.0,59.0,5.0,2.0
2021-08-05 12:57:34,80.0,68.0,8.0,4.0
2021-08-05 12:57:35,84.0,77.0,5.0,2.0
2021-08-05 12:57:36,101.0,90.0,8.0,3.0
2021-08-05 12:57:37,91.0,81.0,7.0,3.0
2021-08-05 12:57:38,94.0,86.0,6.0,2.0
2021-08-05 12:57:39,80.0,73.0,5.0,2.0
2021-08-05 12:57:40,92.0,80.0,7.0,5.0
2021-08-05 12:57:41,78.0,64.0,7.0,7.0
2021-08-05 12:57:42,97.0,86.0,3.0,8.0
2021-08-05 12:57:43,94.0,85.0,3.0,6.0
2021-08-05 12:57:44,70.0,65.0,2.0,3.0
2021-08-05 12:57:45,107.0,94.0,10.0,3.0
2021-08-05 12:57:46,74.0,63.0,7.0,4.0
2021-08-05 12:57:47,81.0,71.0,6.0,4.0
2021-08-05 12:57:48,99.0,88.0,8.0,3.0
2021-08-05 12:57:49,72.0,68.0,3.0,1.0
2021-08-05 12:57:50,84.0,77.0,4.0,3.0
2021-08-05 12:57:51,79.0,69.0,6.0,4.0
2021-08-05 12:57:52,99.0,78.0,12.0,9.0
2021-08-05 12:57:53,85.0,77.0,4.0,4.0
2021-08-05 12:57:54,95.0,87.0,4.0,4.0
2021-08-05 12:57:55,82.0,72.0,7.0,3.0
2021-08-05 12:57:56,79.0,62.0,8.0,9.0
2021-08-05 12:57:57,95.0,85.0,6.0,4.0
2021-08-05 12:57:58,84.0,74.0,8.0,2.0
2021-08-05 12:57:59,77.0,69.0,7.0,1.0
2021-08-05 12:58:00,85.0,77.0,4.0,4.0
2021-08-05 12:58:01,79.0,72.0,6.0,1.0
2021-08-05 12:58:02,95.0,83.0,7.0,5.0
2021-08-05 12:58:03,77.0,71.0,4.0,2.0
2021-08-05 12:58:04,77.0,70.0,4.0,3.0
2021-08-05 12:58:05,73.0,63.0,4.0,6.0
2021-08-05 12:58:06,59.0,53.0,4.0,2.0
2021-08-05 12:58:07,77.0,70.0,2.0,5.0
2021-08-05 12:58:08,99.0,87.0,8.0,4.0
2021-08-05 12:58:09,96.0,83.0,7.0,6.0
2021-08-05 12:58:10,91.0,83.0,6.0,2.0
2021-08-05 12:58:11,90.0,83.0,6.0,1.0
2021-08-05 12:58:12,94.0,82.0,6.0,6.0
2021-08-05 12:58:13,93.0,86.0,3.0,4.0
2021-08-05 12:58:14,69.0,63.0,3.0,3.0
2021-08-05 12:58:15,85.0,73.0,5.0,7.0
2021-08-05 12:58:16,82.0,71.0,6.0,5.0
2021-08-05 12:58:17,101.0,94.0,4.0,3.0
2021-08-05 12:58:18,80.0,68.0,7.0,5.0
2021-08-05 12:58:19,64.0,56.0,3.0,5.0
2021-08-05 12:58:20,89.0,79.0,6.0,4.0
2021-08-05 12:58:21,99.0,91.0,3.0,5.0
2021-08-05 12:58:22,101.0,90.0,5.0,6.0
2021-08-05 12:58:23,107.0,96.0,7.0,4.0
2021-08-05 12:58:24,78.0,68.0,5.0,5.0
2021-08-05 12:58:25,76.0,63.0,9.0,4.0
2021-08-05 12:58:26,84.0,75.0,7.0,2.0
2021-08-05 12:58:27,100.0,93.0,5.0,2.0
2021-08-05 12:58:28,77.0,69.0,5.0,3.0
2021-08-05 12:58:29,98.0,87.0,6.0,5.0
2021-08-05 12:58:30,85.0,74.0,6.0,5.0
2021-08-05 12:58:31,78.0,61.0,11.0,6.0
2021-08-05 12:58:32,97.0,85.0,5.0,7.0
2021-08-05 12:58:33,92.0,84.0,5.0,3.0
2021-08-05 12:58:34,88.0,74.0,8.0,6.0
2021-08-05 12:58:35,92.0,78.0,10.0,4.0
2021-08-05 12:58:36,78.0,69.0,2.0,7.0
2021-08-05 12:58:37,82.0,75.0,6.0,1.0
2021-08-05 12:58:38,84.0,75.0,7.0,2.0
2021-08-05 12:58:39,87.0,79.0,4.0,4.0
2021-08-05 12:58:40,86.0,71.0,8.0,7.0
2021-08-05 12:58:41,98.0,89.0,5.0,4.0
2021-08-05 12:58:42,68.0,57.0,6.0,5.0
2021-08-05 12:58:43,97.0,82.0,11.0,4.0
2021-08-05 12:58:44,93.0,81.0,10.0,2.0
2021-08-05 12:58:45,95.0,80.0,8.0,7.0
2021-08-05 12:58:46,85.0,78.0,4.0,3.0
2021-08-05 12:58:47,81.0,70.0,6.0,5.0
2021-08-05 12:58:48,81.0,71.0,7.0,3.0
2021-08-05 12:58:49,88.0,77.0,5.0,6.0
2021-08-05 12:58:50,90.0,80.0,7.0,3.0
2021-08-05 12:58:51,91.0,82.0,7.0,2.0
2021-08-05 12:58:52,87.0,74.0,8.0,5.0
2021-08-05 12:58:53,83.0,74.0,6.0,3.0
2021-08-05 12:58:54,79.0,67.0,9.0,3.0
2021-08-05 12:58:55,87.0,80.0,5.0,2.0
2021-08-05 12:58:56,91.0,76.0,10.0,5.0
2021-08-05 12:58:57,95.0,78.0,9.0,8.0
2021-08-05 12:58:58,89.0,79.0,9.0,1.0
2021-08-05 12:58:59,100.0,90.0,5.0,5.0
2021-08-05 12:59:00,73.0,67.0,5.0,1.0
2021-08-05 12:59:01,80.0,71.0,6.0,3.0
2021-08-05 12:59:02,107.0,95.0,10.0,2.0
2021-08-05 12:59:03,68.0,60.0,4.0,4.0
2021-08-05 12:59:04,92.0,82.0,4.0,6.0
2021-08-05 12:59:05,75.0,63.0,6.0,6.0
2021-08-05 12:59:06,91.0,82.0,6.0,3.0
2021-08-05 12:59:07,93.0,77.0,10.0,6.0
2021-08-05 12:59:08,90.0,81.0,5.0,4.0
2021-08-05 12:59:09,93.0,80.0,8.0,5.0
2021-08-05 12:59:10,105.0,97.0,4.0,4.0
2021-08-05 12:59:11,102.0,88.0,9.0,5.0
2021-08-05 12:59:12,77.0,68.0,6.0,3.0
2021-08-05 12:59:13,75.0,60.0,8.0,7.0
2021-08-05 12:59:14,100.0,90.0,6.0,4.0
2021-08-05 12:59:15,81.0,71.0,4.0,6.0
2021-08-05 12:59:16,93.0,85.0,4.0,4.0
2021-08-05 12:59:17,91.0,78.0,6.0,7.0
2021-08-05 12:59:18,87.0,74.0,6.0,7.0
2021-08-05 12:59:19,85.0,74.0,6.0,5.0
2021-08-05 12:59:20,90.0,77.0,6.0,7.0
2021-08-05 12:59:21,98.0,87.0,4.0,7.0
2021-08-05 12:59:22,97.0,85.0,7.0,5.0
2021-08-05 12:59:23,76.0,65.0,6.0,5.0
2021-08-05 12:59:24,78.0,71.0,3.0,4.0
2021-08-05 12:59:25,84.0,75.0,5.0,4.0
2021-08-05 12:59:26,95.0,82.0,7.0,6.0
2021-08-05 12:59:27,95.0,85.0,7.0,3.0
2021-08-05 12:59:28,75.0,64.0,8.0,3.0
2021-08-05 12:59:29,92.0,85.0,4.0,3.0
2021-08-05 12:59:30,89.0,76.0,5.0,8.0
2021-08-05 12:59:31,80.0,67.0,10.0,3.0
2021-08-05 12:59:32,98.0,82.0,8.0,8.0
2021-08-05 12:59:33,83.0,68.0,9.0,6.0
2021-08-05 12:59:34,94.0,85.0,6.0,3.0
2021-08-05 12:59:35,75.0,68.0,2.0,5.0
2021-08-05 12:59:36,62.0,52.0,6.0,4.0
2021-08-05 12:59:37,83.0,72.0,4.0,7.0
2021-08-05 12:59:38,74.0,65.0,7.0,2.0
2021-08-05 12:59:39,81.0,72.0,2.0,7.0
2021-08-05 12:59:40,111.0,92.0,13.0,6.0
2021-08-05 12:59:41,99.0,87.0,7.0,5.0
2021-08-05 12:59:42,94.0,82.0,9.0,3.0
2021-08-05 12:59:43,83.0,71.0,8.0,4.0
2021-08-05 12:59:44,76.0,70.0,3.0,3.0
2021-08-05 12:59:45,87.0,68.0,9.0,10.0
2021-08-05 12:59:46,91.0,78.0,6.0,7.0
2021-08-05 12:59:47,80.0,74.0,3.0,3.0
2021-08-05 12:59:48,102.0,92.0,4.0,6.0
2021-08-05 12:59:49,80.0,76.0,4.0,0.0
2021-08-05 12:59:50,80.0,73.0,6.0,1.0
2021-08-05 12:59:51,89.0,79.0,5.0,5.0
2021-08-05 12:59:52,79.0,73.0,5.0,1.0
2021-08-05 12:59:53,85.0,69.0,12.0,4.0
2021-08-05 12:59:54,67.0,59.0,6.0,2.0
2021-08-05 12:59:55,81.0,74.0,5.0,2.0
2021-08-05 12:59:56,83.0,73.0,7.0,3.0
2021-08-05 12:59:57,80.0,72.0,6.0,2.0
2021-08-05 12:59:58,88.0,79.0,4.0,5.0
2021-08-05 12:59:59,80.0,63.0,8.0,9.0
2021-08-05 13:00:00,103.0,88.0,10.0,5.0
2021-08-05 13:00:01,79.0,68.0,8.0,3.0
2021-08-05 13:00:02,79.0,69.0,6.0,4.0
2021-08-05 13:00:03,78.0,69.0,5.0,4.0
2021-08-05 13:00:04,78.0,68.0,4.0,6.0
2021-08-05 13:00:05,85.0,75.0,5.0,5.0
2021-08-05 13:00:06,92.0,79.0,9.0,4.0
2021-08-05 13:00:07,82.0,68.0,8.0,6.0
2021-08-05 13:00:08,81.0,74.0,1.0,6.0
2021-08-05 13:00:09,98.0,89.0,7.0,2.0
2021-08-05 13:00:10,75.0,66.0,5.0,4.0
2021-08-05 13:00:11,100.0,95.0,3.0,2.0
2021-08-05 13:00:12,66.0,58.0,5.0,3.0
2021-08-05 13:00:13,84.0,75.0,3.0,6.0
2021-08-05 13:00:14,94.0,81.0,8.0,5.0
2021-08-05 13:00:15,70.0,65.0,2.0,3.0
2021-08-05 13:00:16,100.0,84.0,10.0,6.0
2021-08-05 13:00:17,96.0,88.0,4.0,4.0
2021-08-05 13:00:18,80.0,67.0,6.0,7.0
2021-08-05 13:00:19,73.0,59.0,7.0,7.0
2021-08-05 13:00:20,78.0,70.0,5.0,3.0
2021-08-05 13:00:21,75.0,61.0,6.0,8.0
2021-08-05 13:00:22,64.0,52.0,8.0,4.0
2021-08-05 13:00:23,100.0,83.0,13.0,4.0
2021-08-05 13:00:24,82.0,68.0,8.0,6.0
2021-08-05 13:00:25,72.0,59.0,8.0,5.0
2021-08-05 13:00:26,84.0,73.0,5.0,6.0
2021-08-05 13:00:27,72.0,61.0,8.0,3.0
2021-08-05 13:00:28,82.0,72.0,7.0,3.0
2021-08-05 13:00:29,87.0,78.0,5.0,4.0
2021-08-05 13:00:30,74.0,67.0,5.0,2.0
2021-08-05 13:00:31,116.0,104.0,7.0,5.0
2021-08-05 13:00:32,85.0,73.0,9.0,3.0
2021-08-05 13:00:33,90.0,83.0,4.0,3.0
2021-08-05 13:00:34,76.0,68.0,7.0,1.0
2021-08-05 13:00:35,91.0,82.0,5.0,4.0
2021-08-05 13:00:36,109.0,93.0,9.0,7.0
2021-08-05 13:00:37,81.0,74.0,3.0,4.0
2021-08-05 13:00:38,84.0,74.0,5.0,5.0
2021-08-05 13:00:39,81.0,69.0,3.0,9.0
2021-08-05 13:00:40,73.0,65.0,4.0,4.0
2021-08-05 13:00:41,102.0,89.0,5.0,8.0
2021-08-05 13:00:42,95.0,81.0,10.0,4.0
2021-08-05 13:00:43,99.0,84.0,11.0,4.0
2021-08-05 13:00:44,76.0,65.0,8.0,3.0
2021-08-05 13:00:45,82.0,68.0,10.0,4.0
2021-08-05 13:00:46,88.0,77.0,7.0,4.0
2021-08-05 13:00:47,87.0,76.0,8.0,3.0
2021-08-05 13:00:48,97.0,86.0,8.0,3.0
2021-08-05 13:00:49,93.0,81.0,6.0,6.0
2021-08-05 13:00:50,85.0,76.0,5.0,4.0
2021-08-05 13:00:51,72.0,61.0,10.0,1.0
2021-08-05 13:00:52,78.0,69.0,4.0,5.0
2021-08-05 13:00:53,61.0,54.0,4.0,3.0
2021-08-05 13:00:54,84.0,66.0,11.0,7.0
2021-08-05 13:00:55,84.0,73.0,9.0,2.0
2021-08-05 13:00:56,67.0,60.0,5.0,2.0
2021-08-05 13:00:57,86.0,76.0,4.0,6.0
2021-08-05 13:00:58,67.0,59.0,5.0,3.0
2021-08-05 13:00:59,70.0,61.0,5.0,4.0
2021-08-05 13:01:00,90.0,78.0,5.0,7.0
2021-08-05 13:01:01,80.0,70.0,4.0,6.0
2021-08-05 13:01:02,83.0,73.0,6.0,4.0
2021-08-05 13:01:03,71.0,66.0,0.0,5.0
2021-08-05 13:01:04,78.0,67.0,7.0,4.0
2021-08-05 13:01:05,67.0,61.0,5.0,1.0
2021-08-05 13:01:06,89.0,84.0,4.0,1.0
2021-08-05 13:01:07,74.0,62.0,7.0,5.0
2021-08-05 13:01:08,82.0,71.0,4.0,7.0
2021-08-05 13:01:09,85.0,75.0,8.0,2.0
2021-08-05 13:01:10,68.0,63.0,4.0,1.0
2021-08-05 13:01:11,97.0,87.0,4.0,6.0
2021-08-05 13:01:12,89.0,77.0,9.0,3.0
2021-08-05 13:01:13,93.0,84.0,7.0,2.0
2021-08-05 13:01:14,86.0,71.0,8.0,7.0
2021-08-05 13:01:15,94.0,86.0,6.0,2.0
2021-08-05 13:01:16,87.0,73.0,9.0,5.0
2021-08-05 13:01:17,92.0,84.0,5.0,3.0
2021-08-05 13:01:18,89.0,83.0,4.0,2.0
2021-08-05 13:01:19,90.0,73.0,10.0,7.0
2021-08-05 13:01:20,80.0,73.0,2.0,5.0
2021-08-05 13:01:21,92.0,82.0,7.0,3.0
2021-08-05 13:01:22,62.0,56.0,3.0,3.0
2021-08-05 13:01:23,96.0,84.0,10.0,2.0
2021-08-05 13:01:24,76.0,67.0,5.0,4.0
2021-08-05 13:01:25,86.0,77.0,5.0,4.0
2021-08-05 13:01:26,89.0,77.0,8.0,4.0
2021-08-05 13:01:27,69.0,54.0,8.0,7.0
2021-08-05 13:01:28,84.0,71.0,6.0,7.0
2021-08-05 13:01:29,95.0,82.0,7.0,6.0
2021-08-05 13:01:30,83.0,67.0,11.0,5.0
2021-08-05 13:01:31,92.0,84.0,6.0,2.0
2021-08-05 13:01:32,84.0,76.0,7.0,1.0
2021-08-05 13:01:33,100.0,86.0,3.0,11.0
2021-08-05 13:01:34,98.0,90.0,6.0,2.0
2021-08-05 13:01:35,85.0,73.0,10.0,2.0
2021-08-05 13:01:36,88.0,76.0,6.0,6.0
2021-08-05 13:01:37,94.0,83.0,5.0,6.0
2021-08-05 13:01:38,91.0,81.0,5.0,5.0
2021-08-05 13:01:39,76.0,72.0,1.0,3.0
2021-08-05 13:01:40,72.0,67.0,2.0,3.0
2021-08-05 13:01:41,88.0,79.0,4.0,5.0
2021-08-05 13:01:42,93.0,87.0,4.0,2.0
2021-08-05 13:01:43,86.0,78.0,7.0,1.0
2021-08-05 13:01:44,92.0,84.0,7.0,1.0
2021-08-05 13:01:45,87.0,75.0,4.0,8.0
2021-08-05 13:01:46,86.0,77.0,5.0,4.0
2021-08-05 13:01:47,90.0,72.0,12.0,6.0
2021-08-05 13:01:48,90.0,76.0,9.0,5.0
2021-08-05 13:01:49,92.0,83.0,5.0,4.0
2021-08-05 13:01:50,89.0,77.0,10.0,2.0
2021-08-05 13:01:51,90.0,82.0,4.0,4.0
2021-08-05 13:01:52,81.0,73.0,4.0,4.0
2021-08-05 13:01:53,76.0,64.0,11.0,1.0
2021-08-05 13:01:54,79.0,64.0,12.0,3.0
2021-08-05 13:01:55,105.0,97.0,5.0,3.0
2021-08-05 13:01:56,82.0,70.0,7.0,5.0
2021-08-05 13:01:57,89.0,74.0,9.0,6.0
2021-08-05 13:01:58,78.0,68.0,6.0,4.0
2021-08-05 13:01:59,77.0,71.0,2.0,4.0
2021-08-05 13:02:00,79.0,72.0,3.0,4.0
2021-08-05 13:02:01,93.0,79.0,10.0,4.0
2021-08-05 13:02:02,80.0,70.0,7.0,3.0
2021-08-05 13:02:03,87.0,77.0,5.0,5.0
2021-08-05 13:02:04,91.0,82.0,4.0,5.0
2021-08-05 13:02:05,97.0,88.0,6.0,3.0
2021-08-05 13:02:06,83.0,71.0,8.0,4.0
2021-08-05 13:02:07,100.0,88.0,6.0,6.0
2021-08-05 13:02:08,103.0,91.0,7.0,5.0
2021-08-05 13:02:09,76.0,68.0,7.0,1.0
2021-08-05 13:02:10,88.0,83.0,3.0,2.0
2021-08-05 13:02:11,72.0,64.0,5.0,3.0
2021-08-05 13:02:12,74.0,68.0,5.0,1.0
2021-08-05 13:02:13,82.0,71.0,6.0,5.0
2021-08-05 13:02:14,90.0,81.0,6.0,3.0
2021-08-05 13:02:15,82.0,72.0,2.0,8.0
2021-08-05 13:02:16,79.0,67.0,9.0,3.0
2021-08-05 13:02:17,84.0,69.0,10.0,5.0
2021-08-05 13:02:18,90.0,82.0,7.0,1.0
2021-08-05 13:02:19,79.0,65.0,10.0,4.0
2021-08-05 13:02:20,84.0,74.0,4.0,6.0
2021-08-05 13:02:21,84.0,77.0,5.0,2.0
2021-08-05 13:02:22,87.0,71.0,10.0,6.0
2021-08-05 13:02:23,97.0,91.0,3.0,3.0
2021-08-05 13:02:24,76.0,68.0,3.0,5.0
2021-08-05 13:02:25,81.0,68.0,6.0,7.0
2021-08-05 13:02:26,90.0,83.0,2.0,5.0
2021-08-05 13:02:27,81.0,71.0,6.0,4.0
2021-08-05 13:02:28,96.0,84.0,7.0,5.0
2021-08-05 13:02:29,93.0,85.0,6.0,2.0
2021-08-05 13:02:30,91.0,77.0,7.0,7.0
2021-08-05 13:02:31,95.0,81.0,7.0,7.0
2021-08-05 13:02:32,93.0,83.0,9.0,1.0
2021-08-05 13:02:33,69.0,63.0,5.0,1.0
2021-08-05 13:02:34,78.0,73.0,4.0,1.0
2021-08-05 13:02:35,78.0,70.0,6.0,2.0
2021-08-05 13:02:36,80.0,70.0,6.0,4.0
2021-08-05 13:02:37,87.0,75.0,7.0,5.0
2021-08-05 13:02:38,90.0,76.0,8.0,6.0
2021-08-05 13:02:39,77.0,69.0,7.0,1.0
2021-08-05 13:02:40,89.0,74.0,9.0,6.0
2021-08-05 13:02:41,88.0,81.0,2.0,5.0
2021-08-05 13:02:42,87.0,76.0,9.0,2.0
2021-08-05 13:02:43,102.0,84.0,12.0,6.0
2021-08-05 13:02:44,92.0,76.0,9.0,7.0
2021-08-05 13:02:45,74.0,61.0,8.0,5.0
2021-08-05 13:02:46,78.0,69.0,6.0,3.0
2021-08-05 13:02:47,103.0,92.0,8.0,3.0
2021-08-05 13:02:48,82.0,75.0,6.0,1.0
2021-08-05 13:02:49,83.0,79.0,2.0,2.0
2021-08-05 13:02:50,61.0,55.0,4.0,2.0
2021-08-05 13:02:51,104.0,96.0,4.0,4.0
2021-08-05 13:02:52,94.0,83.0,5.0,6.0
2021-08-05 13:02:53,95.0,80.0,9.0,6.0
2021-08-05 13:02:54,70.0,62.0,3.0,5.0
2021-08-05 13:02:55,82.0,73.0,5.0,4.0
2021-08-05 13:02:56,91.0,83.0,4.0,4.0
2021-08-05 13:02:57,69.0,55.0,9.0,5.0
2021-08-05 13:02:58,75.0,68.0,4.0,3.0
2021-08-05 13:02:59,85.0,75.0,5.0,5.0
2021-08-05 13:03:00,91.0,79.0,7.0,5.0
2021-08-05 13:03:01,83.0,70.0,12.0,1.0
2021-08-05 13:03:02,75.0,70.0,3.0,2.0
2021-08-05 13:03:03,88.0,82.0,4.0,2.0
2021-08-05 13:03:04,80.0,69.0,8.0,3.0
2021-08-05 13:03:05,86.0,73.0,6.0,7.0
2021-08-05 13:03:06,82.0,70.0,5.0,7.0
2021-08-05 13:03:07,89.0,75.0,8.0,6.0
2021-08-05 13:03:08,87.0,78.0,4.0,5.0
2021-08-05 13:03:09,74.0,64.0,8.0,2.0
2021-08-05 13:03:10,89.0,75.0,7.0,7.0
2021-08-05 13:03:11,80.0,69.0,6.0,5.0
2021-08-05 13:03:12,96.0,89.0,7.0,0.0
2021-08-05 13:03:13,94.0,77.0,13.0,4.0
2021-08-05 13:03:14,77.0,61.0,7.0,9.0
2021-08-05 13:03:15,76.0,67.0,5.0,4.0
2021-08-05 13:03:16,72.0,61.0,6.0,5.0
2021-08-05 13:03:17,99.0,88.0,8.0,3.0
2021-08-05 13:03:18,95.0,84.0,7.0,4.0
2021-08-05 13:03:19,82.0,75.0,3.0,4.0
2021-08-05 13:03:20,87.0,68.0,13.0,6.0
2021-08-05 13:03:21,96.0,84.0,9.0,3.0
2021-08-05 13:03:22,88.0,77.0,4.0,7.0
2021-08-05 13:03:23,86.0,80.0,6.0,0.0
2021-08-05 13:03:24,88.0,75.0,9.0,4.0
2021-08-05 13:03:25,84.0,71.0,10.0,3.0
2021-08-05 13:03:26,73.0,67.0,3.0,3.0
2021-08-05 13:03:27,92.0,82.0,4.0,6.0
2021-08-05 13:03:28,85.0,73.0,7.0,5.0
2021-08-05 13:03:29,93.0,78.0,10.0,5.0
2021-08-05 13:03:30,87.0,77.0,6.0,4.0
2021-08-05 13:03:31,73.0,60.0,8.0,5.0
2021-08-05 13:03:32,98.0,85.0,5.0,8.0
2021-08-05 13:03:33,97.0,84.0,9.0,4.0
2021-08-05 13:03:34,75.0,66.0,5.0,4.0
2021-08-05 13:03:35,85.0,78.0,4.0,3.0
2021-08-05 13:03:36,80.0,71.0,4.0,5.0
2021-08-05 13:03:37,92.0,80.0,4.0,8.0
2021-08-05 13:03:38,89.0,76.0,8.0,5.0
2021-08-05 13:03:39,102.0,92.0,5.0,5.0
2021-08-05 13:03:40,72.0,65.0,5.0,2.0
2021-08-05 13:03:41,101.0,92.0,7.0,2.0
2021-08-05 13:03:42,86.0,72.0,9.0,5.0
2021-08-05 13:03:43,77.0,68.0,3.0,6.0
2021-08-05 13:03:44,73.0,64.0,4.0,5.0
2021-08-05 13:03:45,91.0,79.0,9.0,3.0
2021-08-05 13:03:46,94.0,81.0,7.0,6.0
2021-08-05 13:03:47,94.0,86.0,5.0,3.0
2021-08-05 13:03:48,96.0,83.0,8.0,5.0
2021-08-05 13:03:49,87.0,73.0,8.0,6.0
2021-08-05 13:03:50,99.0,83.0,7.0,9.0
2021-08-05 13:03:51,81.0,70.0,6.0,5.0
2021-08-05 13:03:52,83.0,72.0,6.0,5.0
2021-08-05 13:03:53,102.0,94.0,6.0,2.0
2021-08-05 13:03:54,79.0,67.0,8.0,4.0
2021-08-05 13:03:55,77.0,71.0,3.0,3.0
2021-08-05 13:03:56,93.0,79.0,8.0,6.0
2021-08-05 13:03:57,89.0,78.0,7.0,4.0
2021-08-05 13:03:58,71.0,63.0,3.0,5.0
2021-08-05 13:03:59,82.0,77.0,3.0,2.0
2021-08-05 13:04:00,97.0,84.0,10.0,3.0
2021-08-05 13:04:01,90.0,71.0,14.0,5.0
2021-08-05 13:04:02,78.0,69.0,4.0,5.0
2021-08-05 13:04:03,88.0,75.0,10.0,3.0
2021-08-05 13:04:04,90.0,78.0,8.0,4.0
2021-08-05 13:04:05,82.0,71.0,8.0,3.0
2021-08-05 13:04:06,92.0,80.0,6.0,6.0
2021-08-05 13:04:07,87.0,80.0,5.0,2.0
2021-08-05 13:04:08,97.0,80.0,10.0,7.0
2021-08-05 13:04:09,97.0,85.0,6.0,6.0
2021-08-05 13:04:10,91.0,80.0,10.0,1.0
2021-08-05 13:04:11,92.0,82.0,7.0,3.0
2021-08-05 13:04:12,79.0,68.0,5.0,6.0
2021-08-05 13:04:13,81.0,71.0,5.0,5.0
2021-08-05 13:04:14,93.0,83.0,5.0,5.0
2021-08-05 13:04:15,68.0,63.0,2.0,3.0
2021-08-05 13:04:16,86.0,78.0,5.0,3.0
2021-08-05 13:04:17,81.0,70.0,7.0,4.0
2021-08-05 13:04:18,91.0,84.0,4.0,3.0
2021-08-05 13:04:19,91.0,79.0,6.0,6.0
2021-08-05 13:04:20,105.0,97.0,5.0,3.0
2021-08-05 13:04:21,94.0,88.0,3.0,3.0
2021-08-05 13:04:22,78.0,71.0,3.0,4.0
2021-08-05 13:04:23,79.0,68.0,5.0,6.0
2021-08-05 13:04:24,78.0,69.0,7.0,2.0
2021-08-05 13:04:25,77.0,66.0,7.0,4.0
2021-08-05 13:04:26,86.0,84.0,0.0,2.0
2021-08-05 13:04:27,79.0,73.0,4.0,2.0
2021-08-05 13:04:28,91.0,79.0,7.0,5.0
2021-08-05 13:04:29,87.0,77.0,4.0,6.0
2021-08-05 13:04:30,89.0,76.0,9.0,4.0
2021-08-05 13:04:31,81.0,68.0,6.0,7.0
2021-08-05 13:04:32,97.0,81.0,8.0,8.0
2021-08-05 13:04:33,74.0,68.0,2.0,4.0
2021-08-05 13:04:34,82.0,72.0,7.0,3.0
2021-08-05 13:04:35,92.0,83.0,4.0,5.0
2021-08-05 13:04:36,89.0,81.0,7.0,1.0
2021-08-05 13:04:37,90.0,81.0,7.0,2.0
2021-08-05 13:04:38,76.0,66.0,6.0,4.0
2021-08-05 13:04:39,84.0,75.0,4.0,5.0
2021-08-05 13:04:40,76.0,68.0,4.0,4.0
2021-08-05 13:04:41,79.0,69.0,6.0,4.0
2021-08-05 13:04:42,98.0,82.0,9.0,7.0
2021-08-05 13:04:43,91.0,82.0,3.0,6.0
2021-08-05 13:04:44,81.0,73.0,6.0,2.0
2021-08-05 13:04:45,100.0,92.0,4.0,4.0
2021-08-05 13:04:46,86.0,75.0,8.0,3.0
2021-08-05 13:04:47,91.0,74.0,11.0,6.0
2021-08-05 13:04:48,82.0,72.0,6.0,4.0
2021-08-05 13:04:49,80.0,68.0,8.0,4.0
2021-08-05 13:04:50,93.0,79.0,10.0,4.0
2021-08-05 13:04:51,67.0,62.0,2.0,3.0
2021-08-05 13:04:52,82.0,67.0,11.0,4.0
2021-08-05 13:04:53,72.0,61.0,6.0,5.0
2021-08-05 13:04:54,95.0,82.0,10.0,3.0
2021-08-05 13:04:55,79.0,70.0,6.0,3.0
2021-08-05 13:04:56,60.0,50.0,7.0,3.0
2021-08-05 13:04:57,103.0,89.0,7.0,7.0
2021-08-05 13:04:58,92.0,86.0,3.0,3.0
2021-08-05 13:04:59,82.0,69.0,8.0,5.0
2021-08-05 13:05:00,79.0,65.0,5.0,9.0
2021-08-05 13:05:01,92.0,80.0,8.0,4.0
2021-08-05 13:05:02,81.0,71.0,5.0,5.0
2021-08-05 13:05:03,80.0,68.0,10.0,2.0
2021-08-05 13:05:04,93.0,80.0,9.0,4.0
2021-08-05 13:05:05,104.0,97.0,6.0,1.0
2021-08-05 13:05:06,90.0,80.0,6.0,4.0
2021-08-05 13:05:07,91.0,81.0,7.0,3.0
2021-08-05 13:05:08,87.0,78.0,4.0,5.0
2021-08-05 13:05:09,85.0,78.0,5.0,2.0
2021-08-05 13:05:10,88.0,74.0,11.0,3.0
2021-08-05 13:05:11,107.0,98.0,4.0,5.0
2021-08-05 13:05:12,64.0,58.0,4.0,2.0
2021-08-05 13:05:13,88.0,77.0,7.0,4.0
2021-08-05 13:05:14,92.0,82.0,3.0,7.0
2021-08-05 13:05:15,89.0,78.0,6.0,5.0
2021-08-05 13:05:16,90.0,73.0,13.0,4.0
2021-08-05 13:05:17,87.0,75.0,7.0,5.0
2021-08-05 13:05:18,87.0,77.0,7.0,3.0
2021-08-05 13:05:19,82.0,67.0,7.0,8.0
2021-08-05 13:05:20,101.0,90.0,5.0,6.0
2021-08-05 13:05:21,81.0,73.0,4.0,4.0
2021-08-05 13:05:22,68.0,51.0,11.0,6.0
2021-08-05 13:05:23,87.0,78.0,3.0,6.0
2021-08-05 13:05:24,78.0,68.0,4.0,6.0
2021-08-05 13:05:25,86.0,75.0,5.0,6.0
2021-08-05 13:05:26,103.0,94.0,7.0,2.0
2021-08-05 13:05:27,78.0,67.0,6.0,5.0
2021-08-05 13:05:28,101.0,86.0,9.0,6.0
2021-08-05 13:05:29,84.0,76.0,7.0,1.0
2021-08-05 13:05:30,87.0,74.0,10.0,3.0
2021-08-05 13:05:31,92.0,81.0,8.0,3.0
2021-08-05 13:05:32,86.0,72.0,5.0,9.0
2021-08-05 13:05:33,81.0,71.0,6.0,4.0
2021-08-05 13:05:34,83.0,76.0,5.0,2.0
2021-08-05 13:05:35,93.0,87.0,6.0,0.0
2021-08-05 13:05:36,78.0,67.0,7.0,4.0
2021-08-05 13:05:37,91.0,82.0,5.0,4.0
2021-08-05 13:05:38,100.0,89.0,2.0,9.0
2021-08-05 13:05:39,85.0,71.0,10.0,4.0
2021-08-05 13:05:40,83.0,74.0,9.0,0.0
2021-08-05 13:05:41,84.0,70.0,7.0,7.0
2021-08-05 13:05:42,97.0,85.0,8.0,4.0
2021-08-05 13:05:43,86.0,75.0,6.0,5.0
2021-08-05 13:05:44,91.0,79.0,11.0,1.0
2021-08-05 13:05:45,72.0,54.0,9.0,9.0
2021-08-05 13:05:46,79.0,64.0,8.0,7.0
2021-08-05 13:05:47,104.0,89.0,11.0,4.0
2021-08-05 13:05:48,76.0,57.0,6.0,13.0
2021-08-05 13:05:49,97.0,80.0,11.0,6.0
2021-08-05 13:05:50,86.0,71.0,8.0,7.0
2021-08-05 13:05:51,81.0,69.0,6.0,6.0
2021-08-05 13:05:52,87.0,80.0,4.0,3.0
2021-08-05 13:05:53,95.0,83.0,8.0,4.0
2021-08-05 13:05:54,66.0,57.0,3.0,6.0
2021-08-05 13:05:55,78.0,70.0,5.0,3.0
2021-08-05 13:05:56,65.0,56.0,4.0,5.0
2021-08-05 13:05:57,74.0,63.0,5.0,6.0
2021-08-05 13:05:58,84.0,75.0,6.0,3.0
2021-08-05 13:05:59,88.0,77.0,9.0,2.0
2021-08-05 13:06:00,89.0,76.0,10.0,3.0
2021-08-05 13:06:01,93.0,74.0,13.0,6.0
2021-08-05 13:06:02,93.0,82.0,5.0,6.0
2021-08-05 13:06:03,71.0,63.0,5.0,3.0
2021-08-05 13:06:04,77.0,62.0,9.0,6.0
2021-08-05 13:06:05,81.0,72.0,3.0,6.0
2021-08-05 13:06:06,85.0,75.0,2.0,8.0
2021-08-05 13:06:07,78.0,69.0,7.0,2.0
2021-08-05 13:06:08,87.0,69.0,11.0,7.0
2021-08-05 13:06:09,94.0,85.0,8.0,1.0
2021-08-05 13:06:10,81.0,72.0,6.0,3.0
2021-08-05 13:06:11,70.0,62.0,7.0,1.0
2021-08-05 13:06:12,97.0,86.0,7.0,4.0
2021-08-05 13:06:13,96.0,85.0,7.0,4.0
2021-08-05 13:06:14,82.0,72.0,6.0,4.0
2021-08-05 13:06:15,81.0,73.0,6.0,2.0
2021-08-05 13:06:16,100.0,87.0,6.0,7.0
2021-08-05 13:06:17,96.0,86.0,5.0,5.0
2021-08-05 13:06:18,112.0,94.0,11.0,7.0
2021-08-05 13:06:19,100.0,87.0,7.0,6.0
2021-08-05 13:06:20,105.0,83.0,13.0,9.0
2021-08-05 13:06:21,75.0,68.0,5.0,2.0
2021-08-05 13:06:22,71.0,64.0,6.0,1.0
2021-08-05 13:06:23,83.0,74.0,5.0,4.0
2021-08-05 13:06:24,81.0,63.0,13.0,5.0
2021-08-05 13:06:25,84.0,73.0,9.0,2.0
2021-08-05 13:06:26,73.0,62.0,10.0,1.0
2021-08-05 13:06:27,82.0,69.0,7.0,6.0
2021-08-05 13:06:28,61.0,55.0,4.0,2.0
2021-08-05 13:06:29,87.0,77.0,7.0,3.0
2021-08-05 13:06:30,84.0,78.0,2.0,4.0
2021-08-05 13:06:31,77.0,69.0,5.0,3.0
2021-08-05 13:06:32,84.0,74.0,6.0,4.0
2021-08-05 13:06:33,88.0,75.0,7.0,6.0
2021-08-05 13:06:34,82.0,63.0,10.0,9.0
2021-08-05 13:06:35,90.0,78.0,6.0,6.0
2021-08-05 13:06:36,99.0,89.0,7.0,3.0
2021-08-05 13:06:37,88.0,80.0,3.0,5.0
2021-08-05 13:06:38,80.0,69.0,8.0,3.0
2021-08-05 13:06:39,81.0,71.0,4.0,6.0
2021-08-05 13:06:40,95.0,84.0,8.0,3.0
2021-08-05 13:06:41,91.0,78.0,8.0,5.0
2021-08-05 13:06:42,102.0,88.0,10.0,4.0
2021-08-05 13:06:43,88.0,77.0,5.0,6.0
2021-08-05 13:06:44,82.0,71.0,9.0,2.0
2021-08-05 13:06:45,93.0,77.0,10.0,6.0
2021-08-05 13:06:46,86.0,74.0,5.0,7.0
2021-08-05 13:06:47,84.0,76.0,5.0,3.0
2021-08-05 13:06:48,76.0,68.0,2.0,6.0
2021-08-05 13:06:49,77.0,72.0,3.0,2.0
2021-08-05 13:06:50,79.0,73.0,3.0,3.0
2021-08-05 13:06:51,84.0,72.0,11.0,1.0
2021-08-05 13:06:52,78.0,68.0,6.0,4.0
2021-08-05 13:06:53,83.0,75.0,4.0,4.0
2021-08-05 13:06:54,82.0,72.0,4.0,6.0
2021-08-05 13:06:55,78.0,69.0,4.0,5.0
2021-08-05 13:06:56,84.0,73.0,5.0,6.0
2021-08-05 13:06:57,91.0,82.0,3.0,6.0
2021-08-05 13:06:58,94.0,79.0,9.0,6.0
2021-08-05 13:06:59,79.0,70.0,4.0,5.0
2021-08-05 13:07:00,84.0,71.0,9.0,4.0
2021-08-05 13:07:01,91.0,83.0,6.0,2.0
2021-08-05 13:07:02,90.0,78.0,7.0,5.0
2021-08-05 13:07:03,75.0,63.0,9.0,3.0
2021-08-05 13:07:04,89.0,78.0,5.0,6.0
2021-08-05 13:07:05,99.0,86.0,6.0,7.0
2021-08-05 13:07:06,92.0,84.0,3.0,5.0
2021-08-05 13:07:07,70.0,61.0,7.0,2.0
2021-08-05 13:07:08,68.0,58.0,7.0,3.0
2021-08-05 13:07:09,91.0,83.0,5.0,3.0
2021-08-05 13:07:10,100.0,88.0,5.0,7.0
2021-08-05 13:07:11,81.0,70.0,3.0,8.0
2021-08-05 13:07:12,82.0,73.0,5.0,4.0
2021-08-05 13:07:13,87.0,75.0,7.0,5.0
2021-08-05 13:07:14,84.0,75.0,7.0,2.0
2021-08-05 13:07:15,66.0,58.0,6.0,2.0
2021-08-05 13:07:16,83.0,68.0,10.0,5.0
2021-08-05 13:07:17,92.0,77.0,10.0,5.0
2021-08-05 13:07:18,97.0,83.0,7.0,7.0
2021-08-05 13:07:19,97.0,87.0,7.0,3.0
2021-08-05 13:07:20,79.0,75.0,3.0,1.0
2021-08-05 13:07:21,88.0,71.0,12.0,5.0
2021-08-05 13:07:22,75.0,67.0,4.0,4.0
2021-08-05 13:07:23,88.0,78.0,4.0,6.0
2021-08-05 13:07:24,82.0,70.0,9.0,3.0
2021-08-05 13:07:25,74.0,63.0,7.0,4.0
2021-08-05 13:07:26,72.0,62.0,7.0,3.0
2021-08-05 13:07:27,97.0,83.0,12.0,2.0
2021-08-05 13:07:28,79.0,67.0,7.0,5.0
2021-08-05 13:07:29,78.0,72.0,5.0,1.0
2021-08-05 13:07:30,74.0,62.0,9.0,3.0
2021-08-05 13:07:31,95.0,86.0,3.0,6.0
2021-08-05 13:07:32,98.0,87.0,4.0,7.0
2021-08-05 13:07:33,78.0,71.0,1.0,6.0
2021-08-05 13:07:34,79.0,74.0,1.0,4.0
2021-08-05 13:07:35,90.0,74.0,8.0,8.0
2021-08-05 13:07:36,83.0,74.0,6.0,3.0
2021-08-05 13:07:37,89.0,76.0,8.0,5.0
2021-08-05 13:07:38,87.0,81.0,1.0,5.0
2021-08-05 13:07:39,94.0,75.0,10.0,9.0
2021-08-05 13:07:40,101.0,89.0,5.0,7.0
2021-08-05 13:07:41,79.0,75.0,2.0,2.0
2021-08-05 13:07:42,69.0,60.0,4.0,5.0
2021-08-05 13:07:43,82.0,69.0,7.0,6.0
2021-08-05 13:07:44,92.0,85.0,5.0,2.0
2021-08-05 13:07:45,77.0,66.0,8.0,3.0
2021-08-05 13:07:46,76.0,70.0,4.0,2.0
2021-08-05 13:07:47,73.0,64.0,5.0,4.0
2021-08-05 13:07:48,83.0,70.0,7.0,6.0
2021-08-05 13:07:49,89.0,77.0,5.0,7.0
2021-08-05 13:07:50,99.0,81.0,10.0,8.0
2021-08-05 13:07:51,89.0,81.0,5.0,3.0
2021-08-05 13:07:52,91.0,81.0,6.0,4.0
2021-08-05 13:07:53,84.0,74.0,8.0,2.0
2021-08-05 13:07:54,75.0,64.0,8.0,3.0
2021-08-05 13:07:55,75.0,62.0,8.0,5.0
2021-08-05 13:07:56,88.0,74.0,10.0,4.0
2021-08-05 13:07:57,92.0,80.0,5.0,7.0
2021-08-05 13:07:58,76.0,61.0,8.0,7.0
2021-08-05 13:07:59,82.0,72.0,6.0,4.0
2021-08-05 13:08:00,102.0,93.0,6.0,3.0
2021-08-05 13:08:01,93.0,79.0,5.0,9.0
2021-08-05 13:08:02,79.0,65.0,6.0,8.0
2021-08-05 13:08:03,94.0,84.0,5.0,5.0
2021-08-05 13:08:04,107.0,86.0,8.0,13.0
2021-08-05 13:08:05,91.0,75.0,11.0,5.0
2021-08-05 13:08:06,89.0,80.0,3.0,6.0
2021-08-05 13:08:07,108.0,96.0,3.0,9.0
2021-08-05 13:08:08,104.0,85.0,9.0,10.0
2021-08-05 13:08:09,77.0,68.0,3.0,6.0
2021-08-05 13:08:10,78.0,69.0,8.0,1.0
2021-08-05 13:08:11,88.0,77.0,7.0,4.0
2021-08-05 13:08:12,90.0,79.0,4.0,7.0
2021-08-05 13:08:13,93.0,77.0,9.0,7.0
2021-08-05 13:08:14,74.0,68.0,4.0,2.0
2021-08-05 13:08:15,83.0,73.0,3.0,7.0
2021-08-05 13:08:16,97.0,82.0,8.0,7.0
2021-08-05 13:08:17,72.0,61.0,6.0,5.0
2021-08-05 13:08:18,62.0,59.0,2.0,1.0
2021-08-05 13:08:19,85.0,73.0,7.0,5.0
2021-08-05 13:08:20,88.0,80.0,5.0,3.0
2021-08-05 13:08:21,87.0,74.0,6.0,7.0
2021-08-05 13:08:22,80.0,72.0,7.0,1.0
2021-08-05 13:08:23,97.0,92.0,4.0,1.0
2021-08-05 13:08:24,63.0,54.0,3.0,6.0
2021-08-05 13:08:25,83.0,76.0,4.0,3.0
2021-08-05 13:08:26,94.0,79.0,8.0,7.0
2021-08-05 13:08:27,85.0,76.0,7.0,2.0
2021-08-05 13:08:28,92.0,80.0,10.0,2.0
2021-08-05 13:08:29,112.0,100.0,11.0,1.0
2021-08-05 13:08:30,78.0,66.0,5.0,7.0
2021-08-05 13:08:31,69.0,57.0,6.0,6.0
2021-08-05 13:08:32,87.0,74.0,8.0,5.0
2021-08-05 13:08:33,79.0,74.0,3.0,2.0
2021-08-05 13:08:34,71.0,64.0,4.0,3.0
2021-08-05 13:08:35,81.0,71.0,3.0,7.0
2021-08-05 13:08:36,86.0,69.0,5.0,12.0
2021-08-05 13:08:37,89.0,73.0,9.0,7.0
2021-08-05 13:08:38,83.0,69.0,7.0,7.0
2021-08-05 13:08:39,87.0,78.0,5.0,4.0
2021-08-05 13:08:40,95.0,83.0,6.0,6.0
2021-08-05 13:08:41,87.0,77.0,6.0,4.0
2021-08-05 13:08:42,79.0,73.0,4.0,2.0
2021-08-05 13:08:43,88.0,81.0,4.0,3.0
2021-08-05 13:08:44,92.0,79.0,8.0,5.0
2021-08-05 13:08:45,79.0,67.0,7.0,5.0
2021-08-05 13:08:46,96.0,79.0,7.0,10.0
2021-08-05 13:08:47,97.0,84.0,9.0,4.0
2021-08-05 13:08:48,82.0,68.0,10.0,4.0
2021-08-05 13:08:49,85.0,77.0,7.0,1.0
2021-08-05 13:08:50,74.0,66.0,8.0,0.0
2021-08-05 13:08:51,73.0,67.0,4.0,2.0
2021-08-05 13:08:52,101.0,85.0,6.0,10.0
2021-08-05 13:08:53,90.0,77.0,5.0,8.0
2021-08-05 13:08:54,83.0,73.0,8.0,2.0
2021-08-05 13:08:55,79.0,71.0,5.0,3.0
2021-08-05 13:08:56,89.0,77.0,4.0,8.0
2021-08-05 13:08:57,82.0,74.0,7.0,1.0
2021-08-05 13:08:58,79.0,70.0,6.0,3.0
2021-08-05 13:08:59,64.0,56.0,4.0,4.0
2021-08-05 13:09:00,92.0,82.0,6.0,4.0
2021-08-05 13:09:01,94.0,81.0,8.0,5.0
2021-08-05 13:09:02,86.0,76.0,7.0,3.0
2021-08-05 13:09:03,94.0,85.0,4.0,5.0
2021-08-05 13:09:04,87.0,70.0,11.0,6.0
2021-08-05 13:09:05,80.0,69.0,5.0,6.0
2021-08-05 13:09:06,83.0,70.0,7.0,6.0
2021-08-05 13:09:07,79.0,64.0,9.0,6.0
2021-08-05 13:09:08,81.0,74.0,5.0,2.0
2021-08-05 13:09:09,109.0,95.0,11.0,3.0
2021-08-05 13:09:10,82.0,72.0,7.0,3.0
2021-08-05 13:09:11,78.0,69.0,4.0,5.0
2021-08-05 13:09:12,84.0,72.0,7.0,5.0
2021-08-05 13:09:13,77.0,67.0,6.0,4.0
2021-08-05 13:09:14,88.0,76.0,6.0,6.0
2021-08-05 13:09:15,76.0,65.0,6.0,5.0
2021-08-05 13:09:16,101.0,82.0,12.0,7.0
2021-08-05 13:09:17,77.0,65.0,7.0,5.0
2021-08-05 13:09:18,95.0,79.0,11.0,5.0
2021-08-05 13:09:19,88.0,79.0,4.0,5.0
2021-08-05 13:09:20,82.0,72.0,4.0,6.0
2021-08-05 13:09:21,80.0,70.0,6.0,4.0
2021-08-05 13:09:22,79.0,71.0,1.0,7.0
2021-08-05 13:09:23,78.0,67.0,8.0,3.0
2021-08-05 13:09:24,78.0,67.0,6.0,5.0
2021-08-05 13:09:25,72.0,61.0,7.0,4.0
2021-08-05 13:09:26,70.0,63.0,6.0,1.0
2021-08-05 13:09:27,83.0,73.0,4.0,6.0
2021-08-05 13:09:28,93.0,81.0,8.0,4.0
2021-08-05 13:09:29,93.0,77.0,8.0,8.0
2021-08-05 13:09:30,89.0,78.0,7.0,4.0
2021-08-05 13:09:31,95.0,85.0,6.0,4.0
2021-08-05 13:09:32,62.0,56.0,4.0,2.0
2021-08-05 13:09:33,96.0,87.0,6.0,3.0
2021-08-05 13:09:34,79.0,72.0,3.0,4.0
2021-08-05 13:09:35,80.0,72.0,6.0,2.0
2021-08-05 13:09:36,86.0,69.0,10.0,7.0
2021-08-05 13:09:37,72.0,63.0,3.0,6.0
2021-08-05 13:09:38,75.0,67.0,4.0,4.0
2021-08-05 13:09:39,86.0,72.0,6.0,8.0
2021-08-05 13:09:40,80.0,68.0,6.0,6.0
2021-08-05 13:09:41,72.0,68.0,3.0,1.0
2021-08-05 13:09:42,80.0,69.0,7.0,4.0
2021-08-05 13:09:43,86.0,78.0,4.0,4.0
2021-08-05 13:09:44,79.0,71.0,6.0,2.0
2021-08-05 13:09:45,84.0,75.0,6.0,3.0
2021-08-05 13:09:46,75.0,67.0,5.0,3.0
2021-08-05 13:09:47,90.0,79.0,8.0,3.0
2021-08-05 13:09:48,97.0,81.0,9.0,7.0
2021-08-05 13:09:49,72.0,59.0,9.0,4.0
2021-08-05 13:09:50,76.0,66.0,7.0,3.0
2021-08-05 13:09:51,68.0,58.0,6.0,4.0
2021-08-05 13:09:52,77.0,67.0,7.0,3.0
2021-08-05 13:09:53,70.0,61.0,7.0,2.0
2021-08-05 13:09:54,82.0,74.0,4.0,4.0
2021-08-05 13:09:55,90.0,82.0,4.0,4.0
2021-08-05 13:09:56,70.0,63.0,4.0,3.0
2021-08-05 13:09:57,81.0,71.0,7.0,3.0
2021-08-05 13:09:58,78.0,72.0,2.0,4.0
2021-08-05 13:09:59,72.0,69.0,1.0,2.0
2021-08-05 13:10:00,86.0,75.0,6.0,5.0
2021-08-05 13:10:01,90.0,77.0,7.0,6.0
2021-08-05 13:10:02,94.0,83.0,5.0,6.0
2021-08-05 13:10:03,97.0,88.0,6.0,3.0
2021-08-05 13:10:04,97.0,87.0,6.0,4.0
2021-08-05 13:10:05,81.0,73.0,3.0,5.0
2021-08-05 13:10:06,93.0,83.0,6.0,4.0
2021-08-05 13:10:07,93.0,78.0,10.0,5.0
2021-08-05 13:10:08,90.0,78.0,9.0,3.0
2021-08-05 13:10:09,70.0,60.0,7.0,3.0
2021-08-05 13:10:10,76.0,63.0,8.0,5.0
2021-08-05 13:10:11,75.0,66.0,6.0,3.0
2021-08-05 13:10:12,95.0,88.0,4.0,3.0
2021-08-05 13:10:13,82.0,72.0,7.0,3.0
2021-08-05 13:10:14,88.0,74.0,7.0,7.0
2021-08-05 13:10:15,82.0,73.0,6.0,3.0
2021-08-05 13:10:16,67.0,64.0,2.0,1.0
2021-08-05 13:10:17,94.0,81.0,8.0,5.0
2021-08-05 13:10:18,77.0,62.0,10.0,5.0
2021-08-05 13:10:19,85.0,79.0,3.0,3.0
2021-08-05 13:10:20,79.0,71.0,5.0,3.0
2021-08-05 13:10:21,82.0,71.0,4.0,7.0
2021-08-05 13:10:22,86.0,80.0,4.0,2.0
2021-08-05 13:10:23,92.0,79.0,7.0,6.0
2021-08-05 13:10:24,94.0,84.0,5.0,5.0
2021-08-05 13:10:25,83.0,73.0,8.0,2.0
2021-08-05 13:10:26,83.0,77.0,2.0,4.0
2021-08-05 13:10:27,84.0,76.0,5.0,3.0
2021-08-05 13:10:28,67.0,60.0,4.0,3.0
2021-08-05 13:10:29,90.0,86.0,2.0,2.0
2021-08-05 13:10:30,72.0,66.0,4.0,2.0
2021-08-05 13:10:31,86.0,70.0,10.0,6.0
2021-08-05 13:10:32,81.0,72.0,6.0,3.0
2021-08-05 13:10:33,81.0,75.0,5.0,1.0
2021-08-05 13:10:34,90.0,77.0,6.0,7.0
2021-08-05 13:10:35,94.0,87.0,5.0,2.0
2021-08-05 13:10:36,88.0,70.0,11.0,7.0
2021-08-05 13:10:37,72.0,62.0,6.0,4.0
2021-08-05 13:10:38,93.0,78.0,11.0,4.0
2021-08-05 13:10:39,87.0,77.0,6.0,4.0
2021-08-05 13:10:40,88.0,76.0,6.0,6.0
2021-08-05 13:10:41,94.0,81.0,9.0,4.0
2021-08-05 13:10:42,87.0,83.0,2.0,2.0
2021-08-05 13:10:43,89.0,79.0,7.0,3.0
2021-08-05 13:10:44,78.0,67.0,7.0,4.0
2021-08-05 13:10:45,88.0,76.0,6.0,6.0
2021-08-05 13:10:46,85.0,71.0,8.0,6.0
2021-08-05 13:10:47,78.0,66.0,5.0,7.0
2021-08-05 13:10:48,88.0,84.0,4.0,0.0
2021-08-05 13:10:49,76.0,61.0,8.0,7.0
2021-08-05 13:10:50,91.0,75.0,6.0,10.0
2021-08-05 13:10:51,94.0,81.0,7.0,6.0
2021-08-05 13:10:52,82.0,72.0,10.0,0.0
2021-08-05 13:10:53,105.0,95.0,6.0,4.0
2021-08-05 13:10:54,88.0,74.0,9.0,5.0
2021-08-05 13:10:55,82.0,73.0,6.0,3.0
2021-08-05 13:10:56,89.0,79.0,6.0,4.0
2021-08-05 13:10:57,88.0,73.0,10.0,5.0
2021-08-05 13:10:58,85.0,75.0,8.0,2.0
2021-08-05 13:10:59,89.0,69.0,14.0,6.0
2021-08-05 13:11:00,64.0,52.0,7.0,5.0
2021-08-05 13:11:01,76.0,70.0,4.0,2.0
2021-08-05 13:11:02,78.0,72.0,3.0,3.0
2021-08-05 13:11:03,96.0,85.0,9.0,2.0
2021-08-05 13:11:04,91.0,75.0,9.0,7.0
2021-08-05 13:11:05,90.0,80.0,6.0,4.0
2021-08-05 13:11:06,81.0,65.0,8.0,8.0
2021-08-05 13:11:07,76.0,69.0,3.0,4.0
2021-08-05 13:11:08,83.0,74.0,7.0,2.0
2021-08-05 13:11:09,109.0,91.0,7.0,11.0
2021-08-05 13:11:10,96.0,80.0,11.0,5.0
2021-08-05 13:11:11,80.0,71.0,5.0,4.0
2021-08-05 13:11:12,80.0,69.0,7.0,4.0
2021-08-05 13:11:13,78.0,70.0,6.0,2.0
2021-08-05 13:11:14,80.0,67.0,7.0,6.0
2021-08-05 13:11:15,98.0,85.0,8.0,5.0
2021-08-05 13:11:16,90.0,74.0,10.0,6.0
2021-08-05 13:11:17,88.0,78.0,6.0,4.0
2021-08-05 13:11:18,88.0,78.0,8.0,2.0
2021-08-05 13:11:19,77.0,69.0,5.0,3.0
2021-08-05 13:11:20,94.0,81.0,9.0,4.0
2021-08-05 13:11:21,90.0,78.0,9.0,3.0
2021-08-05 13:11:22,75.0,67.0,6.0,2.0
2021-08-05 13:11:23,92.0,83.0,6.0,3.0
2021-08-05 13:11:24,97.0,83.0,9.0,5.0
2021-08-05 13:11:25,85.0,71.0,9.0,5.0
2021-08-05 13:11:26,92.0,76.0,8.0,8.0
2021-08-05 13:11:27,84.0,75.0,5.0,4.0
2021-08-05 13:11:28,78.0,70.0,2.0,6.0
2021-08-05 13:11:29,96.0,85.0,5.0,6.0
2021-08-05 13:11:30,85.0,72.0,5.0,8.0
2021-08-05 13:11:31,91.0,80.0,6.0,5.0
2021-08-05 13:11:32,74.0,63.0,6.0,5.0
2021-08-05 13:11:33,98.0,85.0,6.0,7.0
2021-08-05 13:11:34,84.0,73.0,7.0,4.0
2021-08-05 13:11:35,79.0,71.0,5.0,3.0
2021-08-05 13:11:36,79.0,73.0,3.0,3.0
2021-08-05 13:11:37,97.0,88.0,3.0,6.0
2021-08-05 13:11:38,83.0,79.0,4.0,0.0
2021-08-05 13:11:39,94.0,82.0,5.0,7.0
2021-08-05 13:11:40,86.0,68.0,11.0,7.0
2021-08-05 13:11:41,79.0,73.0,3.0,3.0
2021-08-05 13:11:42,91.0,76.0,9.0,6.0
2021-08-05 13:11:43,86.0,70.0,11.0,5.0
2021-08-05 13:11:44,84.0,71.0,7.0,6.0
2021-08-05 13:11:45,76.0,63.0,10.0,3.0
2021-08-05 13:11:46,91.0,81.0,7.0,3.0
2021-08-05 13:11:47,93.0,80.0,5.0,8.0
2021-08-05 13:11:48,82.0,73.0,5.0,4.0
2021-08-05 13:11:49,89.0,80.0,4.0,5.0
2021-08-05 13:11:50,91.0,87.0,2.0,2.0
2021-08-05 13:11:51,69.0,61.0,6.0,2.0
2021-08-05 13:11:52,78.0,71.0,6.0,1.0
2021-08-05 13:11:53,83.0,68.0,7.0,8.0
2021-08-05 13:11:54,97.0,80.0,8.0,9.0
2021-08-05 13:11:55,79.0,63.0,11.0,5.0
2021-08-05 13:11:56,83.0,70.0,6.0,7.0
2021-08-05 13:11:57,66.0,54.0,7.0,5.0
2021-08-05 13:11:58,79.0,70.0,8.0,1.0
2021-08-05 13:11:59,99.0,89.0,5.0,5.0
2021-08-05 13:12:00,84.0,71.0,7.0,6.0
2021-08-05 13:12:01,87.0,79.0,5.0,3.0
2021-08-05 13:12:02,56.0,47.0,3.0,6.0
2021-08-05 13:12:03,77.0,68.0,1.0,8.0
2021-08-05 13:12:04,84.0,77.0,2.0,5.0
2021-08-05 13:12:05,77.0,68.0,6.0,3.0
2021-08-05 13:12:06,86.0,72.0,10.0,4.0
2021-08-05 13:12:07,68.0,55.0,9.0,4.0
2021-08-05 13:12:08,83.0,73.0,5.0,5.0
2021-08-05 13:12:09,81.0,70.0,7.0,4.0
2021-08-05 13:12:10,81.0,68.0,8.0,5.0
2021-08-05 13:12:11,77.0,72.0,3.0,2.0
2021-08-05 13:12:12,83.0,71.0,4.0,8.0
2021-08-05 13:12:13,81.0,72.0,8.0,1.0
2021-08-05 13:12:14,95.0,87.0,4.0,4.0
2021-08-05 13:12:15,78.0,68.0,4.0,6.0
2021-08-05 13:12:16,85.0,76.0,6.0,3.0
2021-08-05 13:12:17,84.0,71.0,6.0,7.0
2021-08-05 13:12:18,86.0,70.0,8.0,8.0
2021-08-05 13:12:19,82.0,73.0,3.0,6.0
2021-08-05 13:12:20,84.0,75.0,5.0,4.0
2021-08-05 13:12:21,77.0,64.0,8.0,5.0
2021-08-05 13:12:22,75.0,65.0,5.0,5.0
2021-08-05 13:12:23,82.0,74.0,4.0,4.0
2021-08-05 13:12:24,99.0,88.0,6.0,5.0
2021-08-05 13:12:25,89.0,80.0,2.0,7.0
2021-08-05 13:12:26,82.0,72.0,7.0,3.0
2021-08-05 13:12:27,71.0,65.0,2.0,4.0
2021-08-05 13:12:28,81.0,71.0,6.0,4.0
2021-08-05 13:12:29,79.0,71.0,5.0,3.0
2021-08-05 13:12:30,88.0,82.0,3.0,3.0
2021-08-05 13:12:31,81.0,61.0,15.0,5.0
2021-08-05 13:12:32,93.0,80.0,9.0,4.0
2021-08-05 13:12:33,79.0,68.0,5.0,6.0
2021-08-05 13:12:34,91.0,77.0,9.0,5.0
2021-08-05 13:12:35,86.0,75.0,5.0,6.0
2021-08-05 13:12:36,73.0,67.0,2.0,4.0
2021-08-05 13:12:37,85.0,75.0,6.0,4.0
2021-08-05 13:12:38,86.0,72.0,7.0,7.0
2021-08-05 13:12:39,71.0,58.0,7.0,6.0
2021-08-05 13:12:40,101.0,90.0,6.0,5.0
2021-08-05 13:12:41,75.0,66.0,4.0,5.0
2021-08-05 13:12:42,77.0,70.0,5.0,2.0
2021-08-05 13:12:43,81.0,70.0,5.0,6.0
2021-08-05 13:12:44,88.0,74.0,7.0,7.0
2021-08-05 13:12:45,78.0,66.0,7.0,5.0
2021-08-05 13:12:46,95.0,86.0,3.0,6.0
2021-08-05 13:12:47,72.0,67.0,4.0,1.0
2021-08-05 13:12:48,90.0,73.0,8.0,9.0
2021-08-05 13:12:49,95.0,88.0,4.0,3.0
2021-08-05 13:12:50,79.0,73.0,4.0,2.0
2021-08-05 13:12:51,85.0,74.0,6.0,5.0
2021-08-05 13:12:52,76.0,69.0,5.0,2.0
2021-08-05 13:12:53,73.0,61.0,3.0,9.0
2021-08-05 13:12:54,81.0,73.0,6.0,2.0
2021-08-05 13:12:55,90.0,78.0,9.0,3.0
2021-08-05 13:12:56,85.0,75.0,4.0,6.0
2021-08-05 13:12:57,85.0,78.0,3.0,4.0
2021-08-05 13:12:58,87.0,74.0,11.0,2.0
2021-08-05 13:12:59,88.0,74.0,8.0,6.0
2021-08-05 13:13:00,90.0,85.0,2.0,3.0
2021-08-05 13:13:01,68.0,62.0,5.0,1.0
2021-08-05 13:13:02,79.0,70.0,6.0,3.0
2021-08-05 13:13:03,74.0,68.0,6.0,0.0
2021-08-05 13:13:04,92.0,83.0,6.0,3.0
2021-08-05 13:13:05,86.0,70.0,11.0,5.0
2021-08-05 13:13:06,81.0,72.0,6.0,3.0
2021-08-05 13:13:07,85.0,71.0,8.0,6.0
2021-08-05 13:13:08,69.0,62.0,5.0,2.0
2021-08-05 13:13:09,83.0,75.0,6.0,2.0
2021-08-05 13:13:10,75.0,68.0,4.0,3.0
2021-08-05 13:13:11,76.0,59.0,9.0,8.0
2021-08-05 13:13:12,99.0,91.0,5.0,3.0
2021-08-05 13:13:13,77.0,65.0,6.0,6.0
2021-08-05 13:13:14,85.0,71.0,4.0,10.0
2021-08-05 13:13:15,92.0,80.0,5.0,7.0
2021-08-05 13:13:16,75.0,68.0,3.0,4.0
2021-08-05 13:13:17,88.0,78.0,5.0,5.0
2021-08-05 13:13:18,76.0,69.0,6.0,1.0
2021-08-05 13:13:19,83.0,72.0,7.0,4.0
2021-08-05 13:13:20,80.0,76.0,1.0,3.0
2021-08-05 13:13:21,95.0,84.0,8.0,3.0
2021-08-05 13:13:22,77.0,65.0,7.0,5.0
2021-08-05 13:13:23,88.0,73.0,8.0,7.0
2021-08-05 13:13:24,81.0,72.0,3.0,6.0
2021-08-05 13:13:25,89.0,77.0,8.0,4.0
2021-08-05 13:13:26,90.0,75.0,7.0,8.0
2021-08-05 13:13:27,92.0,80.0,9.0,3.0
2021-08-05 13:13:28,69.0,59.0,6.0,4.0
2021-08-05 13:13:29,99.0,85.0,9.0,5.0
2021-08-05 13:13:30,72.0,64.0,7.0,1.0
2021-08-05 13:13:31,86.0,75.0,9.0,2.0
2021-08-05 13:13:32,83.0,77.0,5.0,1.0
2021-08-05 13:13:33,85.0,80.0,1.0,4.0
2021-08-05 13:13:34,85.0,71.0,8.0,6.0
2021-08-05 13:13:35,78.0,74.0,3.0,1.0
2021-08-05 13:13:36,94.0,81.0,5.0,8.0
2021-08-05 13:13:37,86.0,76.0,4.0,6.0
2021-08-05 13:13:38,87.0,76.0,7.0,4.0
2021-08-05 13:13:39,64.0,58.0,3.0,3.0
2021-08-05 13:13:40,86.0,74.0,9.0,3.0
2021-08-05 13:13:41,81.0,72.0,5.0,4.0
2021-08-05 13:13:42,100.0,88.0,9.0,3.0
2021-08-05 13:13:43,78.0,66.0,3.0,9.0
2021-08-05 13:13:44,88.0,78.0,7.0,3.0
2021-08-05 13:13:45,93.0,83.0,6.0,4.0
2021-08-05 13:13:46,85.0,73.0,9.0,3.0
2021-08-05 13:13:47,95.0,81.0,5.0,9.0
2021-08-05 13:13:48,83.0,66.0,9.0,8.0
2021-08-05 13:13:49,79.0,74.0,2.0,3.0
2021-08-05 13:13:50,75.0,68.0,5.0,2.0
2021-08-05 13:13:51,82.0,70.0,9.0,3.0
2021-08-05 13:13:52,79.0,70.0,7.0,2.0
2021-08-05 13:13:53,93.0,85.0,4.0,4.0
2021-08-05 13:13:54,76.0,66.0,6.0,4.0
2021-08-05 13:13:55,76.0,69.0,4.0,3.0
2021-08-05 13:13:56,93.0,81.0,6.0,6.0
2021-08-05 13:13:57,89.0,71.0,12.0,6.0
2021-08-05 13:13:58,74.0,63.0,6.0,5.0
2021-08-05 13:13:59,94.0,82.0,10.0,2.0
2021-08-05 13:14:00,89.0,81.0,5.0,3.0
2021-08-05 13:14:01,83.0,69.0,5.0,9.0
2021-08-05 13:14:02,86.0,80.0,4.0,2.0
2021-08-05 13:14:03,88.0,74.0,8.0,6.0
2021-08-05 13:14:04,70.0,63.0,5.0,2.0
2021-08-05 13:14:05,83.0,72.0,5.0,6.0
2021-08-05 13:14:06,96.0,88.0,4.0,4.0
2021-08-05 13:14:07,80.0,69.0,8.0,3.0
2021-08-05 13:14:08,68.0,63.0,3.0,2.0
2021-08-05 13:14:09,88.0,76.0,7.0,5.0
2021-08-05 13:14:10,88.0,75.0,6.0,7.0
2021-08-05 13:14:11,81.0,75.0,4.0,2.0
2021-08-05 13:14:12,76.0,61.0,7.0,8.0
2021-08-05 13:14:13,87.0,80.0,6.0,1.0
2021-08-05 13:14:14,90.0,80.0,7.0,3.0
2021-08-05 13:14:15,89.0,71.0,11.0,7.0
2021-08-05 13:14:16,84.0,70.0,6.0,8.0
2021-08-05 13:14:17,94.0,80.0,7.0,7.0
2021-08-05 13:14:18,74.0,63.0,8.0,3.0
2021-08-05 13:14:19,81.0,75.0,2.0,4.0
2021-08-05 13:14:20,85.0,74.0,7.0,4.0
2021-08-05 13:14:21,88.0,80.0,5.0,3.0
2021-08-05 13:14:22,75.0,64.0,6.0,5.0
2021-08-05 13:14:23,90.0,82.0,5.0,3.0
2021-08-05 13:14:24,74.0,60.0,9.0,5.0
2021-08-05 13:14:25,106.0,100.0,2.0,4.0
2021-08-05 13:14:26,67.0,55.0,6.0,6.0
2021-08-05 13:14:27,84.0,75.0,7.0,2.0
2021-08-05 13:14:28,79.0,70.0,5.0,4.0
2021-08-05 13:14:29,95.0,81.0,7.0,7.0
2021-08-05 13:14:30,97.0,87.0,7.0,3.0
2021-08-05 13:14:31,85.0,80.0,3.0,2.0
2021-08-05 13:14:32,89.0,79.0,6.0,4.0
2021-08-05 13:14:33,72.0,61.0,9.0,2.0
2021-08-05 13:14:34,83.0,71.0,9.0,3.0
2021-08-05 13:14:35,85.0,70.0,8.0,7.0
2021-08-05 13:14:36,89.0,79.0,2.0,8.0
2021-08-05 13:14:37,78.0,68.0,7.0,3.0
2021-08-05 13:14:38,79.0,66.0,10.0,3.0
2021-08-05 13:14:39,77.0,64.0,8.0,5.0
2021-08-05 13:14:40,65.0,53.0,6.0,6.0
2021-08-05 13:14:41,88.0,77.0,9.0,2.0
2021-08-05 13:14:42,77.0,69.0,6.0,2.0
2021-08-05 13:14:43,81.0,66.0,10.0,5.0
2021-08-05 13:14:44,96.0,84.0,8.0,4.0
2021-08-05 13:14:45,89.0,75.0,11.0,3.0
2021-08-05 13:14:46,91.0,81.0,7.0,3.0
2021-08-05 13:14:47,87.0,80.0,5.0,2.0
2021-08-05 13:14:48,66.0,55.0,8.0,3.0
2021-08-05 13:14:49,77.0,64.0,9.0,4.0
2021-08-05 13:14:50,85.0,72.0,8.0,5.0
2021-08-05 13:14:51,82.0,72.0,8.0,2.0
2021-08-05 13:14:52,83.0,71.0,7.0,5.0
2021-08-05 13:14:53,80.0,72.0,7.0,1.0
2021-08-05 13:14:54,73.0,64.0,3.0,6.0
2021-08-05 13:14:55,90.0,81.0,4.0,5.0
2021-08-05 13:14:56,75.0,68.0,4.0,3.0
2021-08-05 13:14:57,96.0,87.0,7.0,2.0
2021-08-05 13:14:58,73.0,61.0,7.0,5.0
2021-08-05 13:14:59,74.0,65.0,6.0,3.0
2021-08-05 13:15:00,72.0,61.0,6.0,5.0
2021-08-05 13:15:01,99.0,90.0,3.0,6.0
2021-08-05 13:15:02,84.0,71.0,7.0,6.0
2021-08-05 13:15:03,101.0,86.0,5.0,10.0
2021-08-05 13:15:04,96.0,85.0,7.0,4.0
2021-08-05 13:15:05,86.0,74.0,8.0,4.0
2021-08-05 13:15:06,86.0,77.0,2.0,7.0
2021-08-05 13:15:07,81.0,66.0,7.0,8.0
2021-08-05 13:15:08,95.0,85.0,6.0,4.0
2021-08-05 13:15:09,91.0,82.0,5.0,4.0
2021-08-05 13:15:10,88.0,76.0,7.0,5.0
2021-08-05 13:15:11,70.0,60.0,5.0,5.0
2021-08-05 13:15:12,87.0,77.0,9.0,1.0
2021-08-05 13:15:13,82.0,72.0,6.0,4.0
2021-08-05 13:15:14,74.0,65.0,5.0,4.0
2021-08-05 13:15:15,78.0,70.0,7.0,1.0
2021-08-05 13:15:16,88.0,81.0,3.0,4.0
2021-08-05 13:15:17,87.0,75.0,7.0,5.0
2021-08-05 13:15:18,70.0,64.0,2.0,4.0
2021-08-05 13:15:19,81.0,65.0,12.0,4.0
2021-08-05 13:15:20,83.0,73.0,5.0,5.0
2021-08-05 13:15:21,96.0,85.0,4.0,7.0
2021-08-05 13:15:22,108.0,97.0,6.0,5.0
2021-08-05 13:15:23,69.0,61.0,2.0,6.0
2021-08-05 13:15:24,82.0,75.0,4.0,3.0
2021-08-05 13:15:25,95.0,88.0,4.0,3.0
2021-08-05 13:15:26,69.0,61.0,6.0,2.0
2021-08-05 13:15:27,67.0,59.0,4.0,4.0
2021-08-05 13:15:28,74.0,61.0,6.0,7.0
2021-08-05 13:15:29,81.0,71.0,6.0,4.0
2021-08-05 13:15:30,85.0,75.0,7.0,3.0
2021-08-05 13:15:31,75.0,67.0,7.0,1.0
2021-08-05 13:15:32,78.0,69.0,6.0,3.0
2021-08-05 13:15:33,87.0,80.0,4.0,3.0
2021-08-05 13:15:34,87.0,79.0,6.0,2.0
2021-08-05 13:15:35,94.0,79.0,7.0,8.0
2021-08-05 13:15:36,92.0,84.0,6.0,2.0
2021-08-05 13:15:37,85.0,76.0,3.0,6.0
2021-08-05 13:15:38,86.0,74.0,9.0,3.0
2021-08-05 13:15:39,80.0,69.0,5.0,6.0
2021-08-05 13:15:40,84.0,76.0,3.0,5.0
2021-08-05 13:15:41,72.0,65.0,5.0,2.0
2021-08-05 13:15:42,81.0,74.0,3.0,4.0
2021-08-05 13:15:43,102.0,91.0,7.0,4.0
2021-08-05 13:15:44,81.0,69.0,5.0,7.0
2021-08-05 13:15:45,91.0,79.0,7.0,5.0
2021-08-05 13:15:46,84.0,76.0,7.0,1.0
2021-08-05 13:15:47,85.0,76.0,8.0,1.0
2021-08-05 13:15:48,76.0,64.0,7.0,5.0
2021-08-05 13:15:49,85.0,76.0,6.0,3.0
2021-08-05 13:15:50,84.0,74.0,6.0,4.0
2021-08-05 13:15:51,91.0,77.0,6.0,8.0
2021-08-05 13:15:52,88.0,82.0,4.0,2.0
2021-08-05 13:15:53,94.0,80.0,9.0,5.0
2021-08-05 13:15:54,83.0,70.0,6.0,7.0
2021-08-05 13:15:55,66.0,60.0,3.0,3.0
2021-08-05 13:15:56,97.0,84.0,6.0,7.0
2021-08-05 13:15:57,99.0,86.0,6.0,7.0
2021-08-05 13:15:58,83.0,76.0,6.0,1.0
2021-08-05 13:15:59,88.0,77.0,5.0,6.0
2021-08-05 13:16:00,73.0,65.0,6.0,2.0
2021-08-05 13:16:01,78.0,73.0,3.0,2.0
2021-08-05 13:16:02,89.0,75.0,8.0,6.0
2021-08-05 13:16:03,72.0,65.0,3.0,4.0
2021-08-05 13:16:04,88.0,78.0,7.0,3.0
2021-08-05 13:16:05,75.0,66.0,5.0,4.0
2021-08-05 13:16:06,92.0,81.0,7.0,4.0
2021-08-05 13:16:07,93.0,84.0,8.0,1.0
2021-08-05 13:16:08,90.0,77.0,7.0,6.0
2021-08-05 13:16:09,77.0,72.0,2.0,3.0
2021-08-05 13:16:10,80.0,73.0,5.0,2.0
2021-08-05 13:16:11,77.0,71.0,2.0,4.0
2021-08-05 13:16:12,88.0,76.0,8.0,4.0
2021-08-05 13:16:13,101.0,86.0,9.0,6.0
2021-08-05 13:16:14,80.0,70.0,5.0,5.0
2021-08-05 13:16:15,93.0,85.0,5.0,3.0
2021-08-05 13:16:16,90.0,71.0,13.0,6.0
2021-08-05 13:16:17,84.0,72.0,6.0,6.0
2021-08-05 13:16:18,67.0,60.0,4.0,3.0
2021-08-05 13:16:19,78.0,66.0,7.0,5.0
2021-08-05 13:16:20,87.0,80.0,4.0,3.0
2021-08-05 13:16:21,96.0,90.0,3.0,3.0
2021-08-05 13:16:22,80.0,71.0,5.0,4.0
2021-08-05 13:16:23,77.0,67.0,3.0,7.0
2021-08-05 13:16:24,76.0,61.0,5.0,10.0
2021-08-05 13:16:25,92.0,80.0,5.0,7.0
2021-08-05 13:16:26,78.0,65.0,6.0,7.0
2021-08-05 13:16:27,67.0,57.0,7.0,3.0
2021-08-05 13:16:28,79.0,68.0,4.0,7.0
2021-08-05 13:16:29,104.0,87.0,12.0,5.0
2021-08-05 13:16:30,96.0,79.0,11.0,6.0
2021-08-05 13:16:31,85.0,74.0,6.0,5.0
2021-08-05 13:16:32,81.0,69.0,8.0,4.0
2021-08-05 13:16:33,89.0,75.0,9.0,5.0
2021-08-05 13:16:34,59.0,51.0,5.0,3.0
2021-08-05 13:16:35,81.0,71.0,7.0,3.0
2021-08-05 13:16:36,78.0,70.0,5.0,3.0
2021-08-05 13:16:37,94.0,79.0,12.0,3.0
2021-08-05 13:16:38,84.0,75.0,7.0,2.0
2021-08-05 13:16:39,85.0,77.0,6.0,2.0
2021-08-05 13:16:40,95.0,80.0,12.0,3.0
2021-08-05 13:16:41,77.0,71.0,4.0,2.0
2021-08-05 13:16:42,69.0,55.0,9.0,5.0
2021-08-05 13:16:43,82.0,71.0,8.0,3.0
2021-08-05 13:16:44,84.0,73.0,7.0,4.0
2021-08-05 13:16:45,92.0,77.0,9.0,6.0
2021-08-05 13:16:46,85.0,73.0,7.0,5.0
2021-08-05 13:16:47,69.0,60.0,6.0,3.0
2021-08-05 13:16:48,79.0,70.0,6.0,3.0
2021-08-05 13:16:49,78.0,72.0,2.0,4.0
2021-08-05 13:16:50,82.0,74.0,5.0,3.0
2021-08-05 13:16:51,77.0,66.0,6.0,5.0
2021-08-05 13:16:52,94.0,78.0,9.0,7.0
2021-08-05 13:16:53,78.0,68.0,6.0,4.0
2021-08-05 13:16:54,77.0,63.0,9.0,5.0
2021-08-05 13:16:55,65.0,58.0,5.0,2.0
2021-08-05 13:16:56,91.0,80.0,2.0,9.0
2021-08-05 13:16:57,92.0,84.0,6.0,2.0
2021-08-05 13:16:58,92.0,82.0,7.0,3.0
2021-08-05 13:16:59,101.0,87.0,8.0,6.0
2021-08-05 13:17:00,81.0,68.0,9.0,4.0
2021-08-05 13:17:01,90.0,80.0,4.0,6.0
2021-08-05 13:17:02,74.0,62.0,11.0,1.0
2021-08-05 13:17:03,88.0,76.0,7.0,5.0
2021-08-05 13:17:04,83.0,75.0,6.0,2.0
2021-08-05 13:17:05,88.0,77.0,5.0,6.0
2021-08-05 13:17:06,86.0,72.0,7.0,7.0
2021-08-05 13:17:07,88.0,78.0,7.0,3.0
2021-08-05 13:17:08,82.0,67.0,11.0,4.0
2021-08-05 13:17:09,98.0,86.0,7.0,5.0
2021-08-05 13:17:10,101.0,90.0,7.0,4.0
2021-08-05 13:17:11,75.0,65.0,5.0,5.0
2021-08-05 13:17:12,81.0,75.0,5.0,1.0
2021-08-05 13:17:13,97.0,88.0,4.0,5.0
2021-08-05 13:17:14,71.0,64.0,7.0,0.0
2021-08-05 13:17:15,86.0,73.0,5.0,8.0
2021-08-05 13:17:16,81.0,66.0,11.0,4.0
2021-08-05 13:17:17,89.0,79.0,5.0,5.0
2021-08-05 13:17:18,69.0,61.0,4.0,4.0
2021-08-05 13:17:19,82.0,69.0,4.0,9.0
2021-08-05 13:17:20,81.0,73.0,5.0,3.0
2021-08-05 13:17:21,68.0,61.0,6.0,1.0
2021-08-05 13:17:22,101.0,86.0,9.0,6.0
2021-08-05 13:17:23,82.0,74.0,5.0,3.0
2021-08-05 13:17:24,90.0,80.0,5.0,5.0
2021-08-05 13:17:25,79.0,69.0,8.0,2.0
2021-08-05 13:17:26,88.0,70.0,11.0,7.0
2021-08-05 13:17:27,84.0,73.0,7.0,4.0
2021-08-05 13:17:28,81.0,70.0,7.0,4.0
2021-08-05 13:17:29,97.0,85.0,8.0,4.0
2021-08-05 13:17:30,105.0,88.0,10.0,7.0
2021-08-05 13:17:31,80.0,69.0,7.0,4.0
2021-08-05 13:17:32,74.0,68.0,5.0,1.0
2021-08-05 13:17:33,80.0,73.0,4.0,3.0
2021-08-05 13:17:34,77.0,68.0,6.0,3.0
2021-08-05 13:17:35,89.0,73.0,10.0,6.0
2021-08-05 13:17:36,83.0,75.0,3.0,5.0
2021-08-05 13:17:37,102.0,94.0,5.0,3.0
2021-08-05 13:17:38,65.0,60.0,4.0,1.0
2021-08-05 13:17:39,86.0,73.0,10.0,3.0
2021-08-05 13:17:40,106.0,90.0,7.0,9.0
2021-08-05 13:17:41,82.0,72.0,3.0,7.0
2021-08-05 13:17:42,92.0,81.0,8.0,3.0
2021-08-05 13:17:43,73.0,68.0,3.0,2.0
2021-08-05 13:17:44,89.0,74.0,11.0,4.0
2021-08-05 13:17:45,75.0,61.0,9.0,5.0
2021-08-05 13:17:46,79.0,68.0,8.0,3.0
2021-08-05 13:17:47,97.0,87.0,6.0,4.0
2021-08-05 13:17:48,89.0,78.0,6.0,5.0
2021-08-05 13:17:49,87.0,75.0,6.0,6.0
2021-08-05 13:17:50,89.0,77.0,8.0,4.0
2021-08-05 13:17:51,93.0,84.0,4.0,5.0
2021-08-05 13:17:52,73.0,69.0,4.0,0.0
2021-08-05 13:17:53,82.0,75.0,2.0,5.0
2021-08-05 13:17:54,77.0,64.0,7.0,6.0
2021-08-05 13:17:55,74.0,65.0,5.0,4.0
2021-08-05 13:17:56,84.0,71.0,6.0,7.0
2021-08-05 13:17:57,86.0,82.0,4.0,0.0
2021-08-05 13:17:58,102.0,88.0,7.0,7.0
2021-08-05 13:17:59,71.0,67.0,3.0,1.0
2021-08-05 13:18:00,92.0,84.0,4.0,4.0
2021-08-05 13:18:01,80.0,69.0,9.0,2.0
2021-08-05 13:18:02,86.0,68.0,14.0,4.0
2021-08-05 13:18:03,79.0,71.0,7.0,1.0
2021-08-05 13:18:04,73.0,64.0,6.0,3.0
2021-08-05 13:18:05,88.0,70.0,8.0,10.0
2021-08-05 13:18:06,94.0,78.0,11.0,5.0
2021-08-05 13:18:07,76.0,65.0,7.0,4.0
2021-08-05 13:18:08,84.0,74.0,7.0,3.0
2021-08-05 13:18:09,81.0,74.0,3.0,4.0
2021-08-05 13:18:10,84.0,74.0,6.0,4.0
2021-08-05 13:18:11,82.0,71.0,6.0,5.0
2021-08-05 13:18:12,68.0,60.0,5.0,3.0
2021-08-05 13:18:13,90.0,82.0,6.0,2.0
2021-08-05 13:18:14,76.0,63.0,8.0,5.0
2021-08-05 13:18:15,62.0,58.0,2.0,2.0
2021-08-05 13:18:16,86.0,77.0,8.0,1.0
2021-08-05 13:18:17,85.0,77.0,5.0,3.0
2021-08-05 13:18:18,84.0,70.0,6.0,8.0
2021-08-05 13:18:19,86.0,75.0,6.0,5.0
2021-08-05 13:18:20,98.0,88.0,7.0,3.0
2021-08-05 13:18:21,83.0,76.0,3.0,4.0
2021-08-05 13:18:22,82.0,74.0,4.0,4.0
2021-08-05 13:18:23,87.0,75.0,8.0,4.0
2021-08-05 13:18:24,91.0,75.0,9.0,7.0
2021-08-05 13:18:25,79.0,73.0,3.0,3.0
2021-08-05 13:18:26,90.0,80.0,7.0,3.0
2021-08-05 13:18:27,76.0,67.0,5.0,4.0
2021-08-05 13:18:28,68.0,57.0,7.0,4.0
2021-08-05 13:18:29,84.0,74.0,6.0,4.0
2021-08-05 13:18:30,73.0,64.0,5.0,4.0
2021-08-05 13:18:31,81.0,73.0,5.0,3.0
2021-08-05 13:18:32,60.0,51.0,8.0,1.0
2021-08-05 13:18:33,75.0,66.0,7.0,2.0
2021-08-05 13:18:34,81.0,73.0,4.0,4.0
2021-08-05 13:18:35,98.0,84.0,8.0,6.0
2021-08-05 13:18:36,78.0,66.0,8.0,4.0
2021-08-05 13:18:37,67.0,60.0,3.0,4.0
2021-08-05 13:18:38,88.0,80.0,4.0,4.0
2021-08-05 13:18:39,102.0,84.0,9.0,9.0
2021-08-05 13:18:40,81.0,68.0,8.0,5.0
2021-08-05 13:18:41,82.0,73.0,7.0,2.0
2021-08-05 13:18:42,76.0,69.0,5.0,2.0
2021-08-05 13:18:43,84.0,74.0,5.0,5.0
2021-08-05 13:18:44,106.0,90.0,9.0,7.0
2021-08-05 13:18:45,72.0,58.0,8.0,6.0
2021-08-05 13:18:46,86.0,78.0,5.0,3.0
2021-08-05 13:18:47,92.0,82.0,8.0,2.0
2021-08-05 13:18:48,112.0,102.0,1.0,9.0
2021-08-05 13:18:49,93.0,86.0,4.0,3.0
2021-08-05 13:18:50,90.0,79.0,7.0,4.0
2021-08-05 13:18:51,87.0,79.0,5.0,3.0
2021-08-05 13:18:52,76.0,64.0,7.0,5.0
2021-08-05 13:18:53,99.0,88.0,7.0,4.0
2021-08-05 13:18:54,76.0,67.0,4.0,5.0
2021-08-05 13:18:55,96.0,86.0,8.0,2.0
2021-08-05 13:18:56,81.0,73.0,6.0,2.0
2021-08-05 13:18:57,81.0,71.0,7.0,3.0
2021-08-05 13:18:58,80.0,72.0,6.0,2.0
2021-08-05 13:18:59,84.0,77.0,5.0,2.0
2021-08-05 13:19:00,81.0,73.0,4.0,4.0
2021-08-05 13:19:01,104.0,94.0,5.0,5.0
2021-08-05 13:19:02,74.0,66.0,4.0,4.0
2021-08-05 13:19:03,84.0,75.0,6.0,3.0
2021-08-05 13:19:04,87.0,68.0,9.0,10.0
2021-08-05 13:19:05,82.0,73.0,4.0,5.0
2021-08-05 13:19:06,85.0,73.0,6.0,6.0
2021-08-05 13:19:07,81.0,75.0,4.0,2.0
2021-08-05 13:19:08,81.0,70.0,6.0,5.0
2021-08-05 13:19:09,81.0,72.0,4.0,5.0
2021-08-05 13:19:10,84.0,76.0,6.0,2.0
2021-08-05 13:19:11,76.0,66.0,3.0,7.0
2021-08-05 13:19:12,87.0,79.0,2.0,6.0
2021-08-05 13:19:13,64.0,50.0,5.0,9.0
2021-08-05 13:19:14,83.0,75.0,5.0,3.0
2021-08-05 13:19:15,87.0,75.0,7.0,5.0
2021-08-05 13:19:16,73.0,60.0,9.0,4.0
2021-08-05 13:19:17,81.0,65.0,10.0,6.0
2021-08-05 13:19:18,107.0,95.0,11.0,1.0
2021-08-05 13:19:19,87.0,76.0,7.0,4.0
2021-08-05 13:19:20,88.0,77.0,7.0,4.0
2021-08-05 13:19:21,74.0,67.0,5.0,2.0
2021-08-05 13:19:22,75.0,61.0,9.0,5.0
2021-08-05 13:19:23,102.0,91.0,8.0,3.0
2021-08-05 13:19:24,68.0,64.0,4.0,0.0
2021-08-05 13:19:25,65.0,56.0,2.0,7.0
2021-08-05 13:19:26,82.0,71.0,7.0,4.0
2021-08-05 13:19:27,78.0,68.0,7.0,3.0
2021-08-05 13:19:28,65.0,57.0,3.0,5.0
2021-08-05 13:19:29,67.0,62.0,3.0,2.0
2021-08-05 13:19:30,86.0,78.0,7.0,1.0
2021-08-05 13:19:31,85.0,71.0,8.0,6.0
2021-08-05 13:19:32,70.0,61.0,4.0,5.0
2021-08-05 13:19:33,72.0,64.0,3.0,5.0
2021-08-05 13:19:34,83.0,74.0,5.0,4.0
2021-08-05 13:19:35,90.0,81.0,5.0,4.0
2021-08-05 13:19:36,96.0,86.0,7.0,3.0
2021-08-05 13:19:37,84.0,76.0,6.0,2.0
2021-08-05 13:19:38,74.0,63.0,6.0,5.0
2021-08-05 13:19:39,81.0,68.0,11.0,2.0
2021-08-05 13:19:40,96.0,85.0,5.0,6.0
2021-08-05 13:19:41,89.0,78.0,5.0,6.0
2021-08-05 13:19:42,73.0,65.0,7.0,1.0
2021-08-05 13:19:43,82.0,70.0,9.0,3.0
2021-08-05 13:19:44,88.0,81.0,4.0,3.0
2021-08-05 13:19:45,81.0,67.0,9.0,5.0
2021-08-05 13:19:46,84.0,70.0,8.0,6.0
2021-08-05 13:19:47,75.0,67.0,7.0,1.0
2021-08-05 13:19:48,84.0,75.0,5.0,4.0
2021-08-05 13:19:49,84.0,67.0,10.0,7.0
2021-08-05 13:19:50,87.0,78.0,5.0,4.0
2021-08-05 13:19:51,87.0,74.0,8.0,5.0
2021-08-05 13:19:52,82.0,65.0,12.0,5.0
2021-08-05 13:19:53,72.0,64.0,4.0,4.0
2021-08-05 13:19:54,90.0,79.0,9.0,2.0
2021-08-05 13:19:55,97.0,90.0,3.0,4.0
2021-08-05 13:19:56,74.0,66.0,4.0,4.0
2021-08-05 13:19:57,84.0,67.0,12.0,5.0
2021-08-05 13:19:58,90.0,82.0,3.0,5.0
2021-08-05 13:19:59,84.0,75.0,6.0,3.0
2021-08-05 13:20:00,81.0,69.0,6.0,6.0
2021-08-05 13:20:01,90.0,79.0,9.0,2.0
2021-08-05 13:20:02,75.0,64.0,5.0,6.0
2021-08-05 13:20:03,84.0,75.0,4.0,5.0
2021-08-05 13:20:04,79.0,70.0,5.0,4.0
2021-08-05 13:20:05,90.0,81.0,6.0,3.0
2021-08-05 13:20:06,106.0,94.0,9.0,3.0
2021-08-05 13:20:07,85.0,75.0,7.0,3.0
2021-08-05 13:20:08,74.0,63.0,5.0,6.0
2021-08-05 13:20:09,96.0,82.0,9.0,5.0
2021-08-05 13:20:10,88.0,79.0,7.0,2.0
2021-08-05 13:20:11,93.0,83.0,4.0,6.0
2021-08-05 13:20:12,72.0,61.0,8.0,3.0
2021-08-05 13:20:13,78.0,67.0,5.0,6.0
2021-08-05 13:20:14,72.0,62.0,3.0,7.0
2021-08-05 13:20:15,88.0,74.0,9.0,5.0
2021-08-05 13:20:16,82.0,72.0,4.0,6.0
2021-08-05 13:20:17,79.0,67.0,8.0,4.0
2021-08-05 13:20:18,73.0,63.0,5.0,5.0
2021-08-05 13:20:19,81.0,73.0,6.0,2.0
2021-08-05 13:20:20,75.0,69.0,2.0,4.0
2021-08-05 13:20:21,93.0,83.0,6.0,4.0
2021-08-05 13:20:22,75.0,65.0,4.0,6.0
2021-08-05 13:20:23,71.0,61.0,7.0,3.0
2021-08-05 13:20:24,88.0,79.0,5.0,4.0
2021-08-05 13:20:25,99.0,89.0,7.0,3.0
2021-08-05 13:20:26,95.0,82.0,10.0,3.0
2021-08-05 13:20:27,97.0,86.0,9.0,2.0
2021-08-05 13:20:28,80.0,73.0,4.0,3.0
2021-08-05 13:20:29,78.0,69.0,4.0,5.0
2021-08-05 13:20:30,123.0,102.0,11.0,10.0
2021-08-05 13:20:31,77.0,66.0,10.0,1.0
2021-08-05 13:20:32,99.0,93.0,4.0,2.0
2021-08-05 13:20:33,77.0,69.0,4.0,4.0
2021-08-05 13:20:34,82.0,67.0,11.0,4.0
2021-08-05 13:20:35,64.0,54.0,2.0,8.0
2021-08-05 13:20:36,98.0,86.0,8.0,4.0
2021-08-05 13:20:37,84.0,74.0,6.0,4.0
2021-08-05 13:20:38,94.0,84.0,8.0,2.0
2021-08-05 13:20:39,93.0,71.0,14.0,8.0
2021-08-05 13:20:40,83.0,72.0,8.0,3.0
2021-08-05 13:20:41,78.0,68.0,5.0,5.0
2021-08-05 13:20:42,77.0,64.0,9.0,4.0
2021-08-05 13:20:43,100.0,88.0,5.0,7.0
2021-08-05 13:20:44,98.0,84.0,6.0,8.0
2021-08-05 13:20:45,92.0,82.0,6.0,4.0
2021-08-05 13:20:46,97.0,86.0,5.0,6.0
2021-08-05 13:20:47,78.0,67.0,9.0,2.0
2021-08-05 13:20:48,92.0,75.0,7.0,10.0
2021-08-05 13:20:49,84.0,75.0,7.0,2.0
2021-08-05 13:20:50,88.0,77.0,5.0,6.0
2021-08-05 13:20:51,88.0,78.0,5.0,5.0
2021-08-05 13:20:52,86.0,77.0,6.0,3.0
2021-08-05 13:20:53,65.0,54.0,8.0,3.0
2021-08-05 13:20:54,79.0,67.0,8.0,4.0
2021-08-05 13:20:55,82.0,74.0,5.0,3.0
2021-08-05 13:20:56,77.0,65.0,6.0,6.0
2021-08-05 13:20:57,81.0,67.0,6.0,8.0
2021-08-05 13:20:58,96.0,80.0,8.0,8.0
2021-08-05 13:20:59,117.0,98.0,12.0,7.0
2021-08-05 13:21:00,98.0,91.0,4.0,3.0
2021-08-05 13:21:01,100.0,93.0,6.0,1.0
2021-08-05 13:21:02,96.0,80.0,11.0,5.0
2021-08-05 13:21:03,80.0,69.0,8.0,3.0
2021-08-05 13:21:04,80.0,69.0,7.0,4.0
2021-08-05 13:21:05,78.0,72.0,4.0,2.0
2021-08-05 13:21:06,76.0,66.0,6.0,4.0
2021-08-05 13:21:07,81.0,70.0,9.0,2.0
2021-08-05 13:21:08,103.0,91.0,5.0,7.0
2021-08-05 13:21:09,99.0,87.0,9.0,3.0
2021-08-05 13:21:10,90.0,79.0,7.0,4.0
2021-08-05 13:21:11,86.0,73.0,10.0,3.0
2021-08-05 13:21:12,94.0,81.0,7.0,6.0
2021-08-05 13:21:13,81.0,76.0,2.0,3.0
2021-08-05 13:21:14,81.0,71.0,8.0,2.0
2021-08-05 13:21:15,90.0,82.0,6.0,2.0
2021-08-05 13:21:16,81.0,69.0,7.0,5.0
2021-08-05 13:21:17,70.0,62.0,8.0,0.0
2021-08-05 13:21:18,69.0,62.0,2.0,5.0
2021-08-05 13:21:19,80.0,70.0,4.0,6.0
2021-08-05 13:21:20,104.0,89.0,7.0,8.0
2021-08-05 13:21:21,88.0,79.0,3.0,6.0
2021-08-05 13:21:22,83.0,66.0,10.0,7.0
2021-08-05 13:21:23,74.0,66.0,6.0,2.0
2021-08-05 13:21:24,89.0,77.0,5.0,7.0
2021-08-05 13:21:25,73.0,66.0,3.0,4.0
2021-08-05 13:21:26,95.0,87.0,5.0,3.0
2021-08-05 13:21:27,91.0,73.0,10.0,8.0
2021-08-05 13:21:28,86.0,73.0,6.0,7.0
2021-08-05 13:21:29,74.0,59.0,9.0,6.0
2021-08-05 13:21:30,83.0,74.0,3.0,6.0
2021-08-05 13:21:31,84.0,77.0,4.0,3.0
2021-08-05 13:21:32,87.0,78.0,8.0,1.0
2021-08-05 13:21:33,87.0,81.0,5.0,1.0
2021-08-05 13:21:34,81.0,65.0,7.0,9.0
2021-08-05 13:21:35,73.0,62.0,5.0,6.0
2021-08-05 13:21:36,75.0,72.0,2.0,1.0
2021-08-05 13:21:37,81.0,71.0,6.0,4.0
2021-08-05 13:21:38,78.0,67.0,7.0,4.0
2021-08-05 13:21:39,86.0,71.0,10.0,5.0
2021-08-05 13:21:40,96.0,81.0,8.0,7.0
2021-08-05 13:21:41,82.0,73.0,6.0,3.0
2021-08-05 13:21:42,73.0,59.0,6.0,8.0
2021-08-05 13:21:43,59.0,56.0,2.0,1.0
2021-08-05 13:21:44,81.0,72.0,4.0,5.0
2021-08-05 13:21:45,77.0,67.0,9.0,1.0
2021-08-05 13:21:46,89.0,76.0,9.0,4.0
2021-08-05 13:21:47,79.0,71.0,4.0,4.0
2021-08-05 13:21:48,89.0,78.0,4.0,7.0
2021-08-05 13:21:49,77.0,71.0,3.0,3.0
2021-08-05 13:21:50,72.0,61.0,6.0,5.0
2021-08-05 13:21:51,80.0,66.0,7.0,7.0
2021-08-05 13:21:52,87.0,77.0,8.0,2.0
2021-08-05 13:21:53,76.0,71.0,3.0,2.0
2021-08-05 13:21:54,86.0,76.0,9.0,1.0
2021-08-05 13:21:55,80.0,69.0,8.0,3.0
2021-08-05 13:21:56,98.0,84.0,7.0,7.0
2021-08-05 13:21:57,71.0,65.0,3.0,3.0
2021-08-05 13:21:58,77.0,65.0,5.0,7.0
2021-08-05 13:21:59,103.0,88.0,10.0,5.0
2021-08-05 13:22:00,91.0,81.0,8.0,2.0
2021-08-05 13:22:01,91.0,73.0,11.0,7.0
2021-08-05 13:22:02,90.0,75.0,11.0,4.0
2021-08-05 13:22:03,84.0,79.0,3.0,2.0
2021-08-05 13:22:04,98.0,81.0,13.0,4.0
2021-08-05 13:22:05,93.0,81.0,9.0,3.0
2021-08-05 13:22:06,83.0,70.0,7.0,6.0
2021-08-05 13:22:07,90.0,74.0,11.0,5.0
2021-08-05 13:22:08,86.0,77.0,5.0,4.0
2021-08-05 13:22:09,99.0,91.0,2.0,6.0
2021-08-05 13:22:10,80.0,66.0,8.0,6.0
2021-08-05 13:22:11,79.0,65.0,6.0,8.0
2021-08-05 13:22:12,87.0,76.0,5.0,6.0
2021-08-05 13:22:13,78.0,71.0,5.0,2.0
2021-08-05 13:22:14,77.0,64.0,9.0,4.0
2021-08-05 13:22:15,103.0,84.0,11.0,8.0
2021-08-05 13:22:16,84.0,75.0,7.0,2.0
2021-08-05 13:22:17,90.0,79.0,7.0,4.0
2021-08-05 13:22:18,73.0,63.0,9.0,1.0
2021-08-05 13:22:19,89.0,84.0,3.0,2.0
2021-08-05 13:22:20,92.0,81.0,11.0,0.0
2021-08-05 13:22:21,83.0,73.0,6.0,4.0
2021-08-05 13:22:22,85.0,73.0,5.0,7.0
2021-08-05 13:22:23,77.0,65.0,9.0,3.0
2021-08-05 13:22:24,112.0,97.0,13.0,2.0
2021-08-05 13:22:25,74.0,61.0,10.0,3.0
2021-08-05 13:22:26,92.0,80.0,6.0,6.0
2021-08-05 13:22:27,92.0,84.0,7.0,1.0
2021-08-05 13:22:28,85.0,74.0,6.0,5.0
2021-08-05 13:22:29,80.0,75.0,2.0,3.0
2021-08-05 13:22:30,77.0,71.0,2.0,4.0
2021-08-05 13:22:31,75.0,64.0,6.0,5.0
2021-08-05 13:22:32,85.0,69.0,12.0,4.0
2021-08-05 13:22:33,84.0,76.0,6.0,2.0
2021-08-05 13:22:34,82.0,72.0,5.0,5.0
2021-08-05 13:22:35,93.0,82.0,8.0,3.0
2021-08-05 13:22:36,94.0,76.0,15.0,3.0
2021-08-05 13:22:37,92.0,79.0,9.0,4.0
2021-08-05 13:22:38,85.0,72.0,10.0,3.0
2021-08-05 13:22:39,82.0,73.0,6.0,3.0
2021-08-05 13:22:40,77.0,62.0,7.0,8.0
2021-08-05 13:22:41,76.0,65.0,10.0,1.0
2021-08-05 13:22:42,108.0,92.0,9.0,7.0
2021-08-05 13:22:43,81.0,76.0,1.0,4.0
2021-08-05 13:22:44,91.0,81.0,2.0,8.0
2021-08-05 13:22:45,85.0,72.0,7.0,6.0
2021-08-05 13:22:46,87.0,69.0,12.0,6.0
2021-08-05 13:22:47,81.0,73.0,5.0,3.0
2021-08-05 13:22:48,87.0,76.0,8.0,3.0
2021-08-05 13:22:49,63.0,58.0,2.0,3.0
2021-08-05 13:22:50,99.0,86.0,12.0,1.0
2021-08-05 13:22:51,68.0,59.0,8.0,1.0
2021-08-05 13:22:52,91.0,75.0,9.0,7.0
2021-08-05 13:22:53,65.0,52.0,7.0,6.0
2021-08-05 13:22:54,94.0,84.0,5.0,5.0
2021-08-05 13:22:55,80.0,72.0,4.0,4.0
2021-08-05 13:22:56,77.0,67.0,7.0,3.0
2021-08-05 13:22:57,80.0,70.0,4.0,6.0
2021-08-05 13:22:58,84.0,72.0,9.0,3.0
2021-08-05 13:22:59,91.0,77.0,6.0,8.0
2021-08-05 13:23:00,88.0,75.0,8.0,5.0
2021-08-05 13:23:01,86.0,77.0,7.0,2.0
2021-08-05 13:23:02,95.0,82.0,8.0,5.0
2021-08-05 13:23:03,91.0,78.0,10.0,3.0
2021-08-05 13:23:04,74.0,66.0,5.0,3.0
2021-08-05 13:23:05,93.0,81.0,8.0,4.0
2021-08-05 13:23:06,81.0,68.0,10.0,3.0
2021-08-05 13:23:07,81.0,66.0,13.0,2.0
2021-08-05 13:23:08,93.0,81.0,6.0,6.0
2021-08-05 13:23:09,78.0,72.0,4.0,2.0
2021-08-05 13:23:10,78.0,70.0,4.0,4.0
2021-08-05 13:23:11,81.0,70.0,6.0,5.0
2021-08-05 13:23:12,82.0,73.0,7.0,2.0
2021-08-05 13:23:13,83.0,70.0,9.0,4.0
2021-08-05 13:23:14,73.0,70.0,3.0,0.0
2021-08-05 13:23:15,88.0,78.0,9.0,1.0
2021-08-05 13:23:16,83.0,73.0,9.0,1.0
2021-08-05 13:23:17,75.0,64.0,5.0,6.0
2021-08-05 13:23:18,89.0,79.0,8.0,2.0
2021-08-05 13:23:19,84.0,75.0,5.0,4.0
2021-08-05 13:23:20,87.0,78.0,6.0,3.0
2021-08-05 13:23:21,99.0,83.0,10.0,6.0
2021-08-05 13:23:22,96.0,81.0,10.0,5.0
2021-08-05 13:23:23,72.0,64.0,4.0,4.0
2021-08-05 13:23:24,92.0,83.0,8.0,1.0
2021-08-05 13:23:25,89.0,72.0,10.0,7.0
2021-08-05 13:23:26,87.0,77.0,8.0,2.0
2021-08-05 13:23:27,86.0,68.0,8.0,10.0
2021-08-05 13:23:28,82.0,72.0,3.0,7.0
2021-08-05 13:23:29,89.0,75.0,10.0,4.0
2021-08-05 13:23:30,78.0,68.0,7.0,3.0
2021-08-05 13:23:31,86.0,78.0,4.0,4.0
2021-08-05 13:23:32,74.0,66.0,4.0,4.0
2021-08-05 13:23:33,85.0,75.0,7.0,3.0
2021-08-05 13:23:34,91.0,84.0,5.0,2.0
2021-08-05 13:23:35,82.0,74.0,4.0,4.0
2021-08-05 13:23:36,79.0,71.0,3.0,5.0
2021-08-05 13:23:37,76.0,69.0,6.0,1.0
2021-08-05 13:23:38,81.0,69.0,6.0,6.0
2021-08-05 13:23:39,78.0,70.0,5.0,3.0
2021-08-05 13:23:40,73.0,63.0,3.0,7.0
2021-08-05 13:23:41,97.0,89.0,5.0,3.0
2021-08-05 13:23:42,86.0,75.0,6.0,5.0
2021-08-05 13:23:43,82.0,73.0,6.0,3.0
2021-08-05 13:23:44,81.0,70.0,6.0,5.0
2021-08-05 13:23:45,86.0,74.0,10.0,2.0
2021-08-05 13:23:46,94.0,79.0,5.0,10.0
2021-08-05 13:23:47,77.0,70.0,2.0,5.0
2021-08-05 13:23:48,76.0,63.0,5.0,8.0
2021-08-05 13:23:49,71.0,60.0,4.0,7.0
2021-08-05 13:23:50,70.0,61.0,6.0,3.0
2021-08-05 13:23:51,76.0,70.0,3.0,3.0
2021-08-05 13:23:52,73.0,61.0,5.0,7.0
2021-08-05 13:23:53,85.0,79.0,4.0,2.0
2021-08-05 13:23:54,73.0,65.0,4.0,4.0
2021-08-05 13:23:55,99.0,89.0,7.0,3.0
2021-08-05 13:23:56,80.0,62.0,13.0,5.0
2021-08-05 13:23:57,96.0,91.0,5.0,0.0
2021-08-05 13:23:58,68.0,60.0,6.0,2.0
2021-08-05 13:23:59,82.0,71.0,3.0,8.0
2021-08-05 13:24:00,74.0,67.0,6.0,1.0
2021-08-05 13:24:01,84.0,71.0,9.0,4.0
2021-08-05 13:24:02,86.0,81.0,2.0,3.0
2021-08-05 13:24:03,82.0,74.0,3.0,5.0
2021-08-05 13:24:04,79.0,71.0,3.0,5.0
2021-08-05 13:24:05,113.0,95.0,10.0,8.0
2021-08-05 13:24:06,86.0,77.0,7.0,2.0
2021-08-05 13:24:07,70.0,63.0,2.0,5.0
2021-08-05 13:24:08,86.0,80.0,3.0,3.0
2021-08-05 13:24:09,89.0,70.0,14.0,5.0
2021-08-05 13:24:10,86.0,78.0,7.0,1.0
2021-08-05 13:24:11,77.0,61.0,10.0,6.0
2021-08-05 13:24:12,95.0,81.0,8.0,6.0
2021-08-05 13:24:13,79.0,75.0,2.0,2.0
2021-08-05 13:24:14,75.0,65.0,7.0,3.0
2021-08-05 13:24:15,95.0,81.0,8.0,6.0
2021-08-05 13:24:16,84.0,71.0,7.0,6.0
2021-08-05 13:24:17,81.0,69.0,8.0,4.0
2021-08-05 13:24:18,85.0,70.0,9.0,6.0
2021-08-05 13:24:19,92.0,80.0,7.0,5.0
2021-08-05 13:24:20,84.0,74.0,5.0,5.0
2021-08-05 13:24:21,88.0,80.0,3.0,5.0
2021-08-05 13:24:22,70.0,59.0,6.0,5.0
2021-08-05 13:24:23,79.0,70.0,3.0,6.0
2021-08-05 13:24:24,89.0,76.0,6.0,7.0
2021-08-05 13:24:25,96.0,84.0,9.0,3.0
2021-08-05 13:24:26,72.0,66.0,3.0,3.0
2021-08-05 13:24:27,86.0,78.0,4.0,4.0
2021-08-05 13:24:28,75.0,59.0,9.0,7.0
2021-08-05 13:24:29,83.0,70.0,8.0,5.0
2021-08-05 13:24:30,81.0,71.0,6.0,4.0
2021-08-05 13:24:31,74.0,66.0,2.0,6.0
2021-08-05 13:24:32,97.0,85.0,9.0,3.0
2021-08-05 13:24:33,86.0,70.0,11.0,5.0
2021-08-05 13:24:34,73.0,66.0,3.0,4.0
2021-08-05 13:24:35,84.0,72.0,4.0,8.0
2021-08-05 13:24:36,99.0,85.0,10.0,4.0
2021-08-05 13:24:37,83.0,71.0,9.0,3.0
2021-08-05 13:24:38,75.0,70.0,1.0,4.0
2021-08-05 13:24:39,87.0,72.0,11.0,4.0
2021-08-05 13:24:40,79.0,73.0,5.0,1.0
2021-08-05 13:24:41,71.0,62.0,7.0,2.0
2021-08-05 13:24:42,92.0,83.0,6.0,3.0
2021-08-05 13:24:43,84.0,74.0,7.0,3.0
2021-08-05 13:24:44,83.0,77.0,3.0,3.0
2021-08-05 13:24:45,82.0,76.0,3.0,3.0
2021-08-05 13:24:46,85.0,72.0,7.0,6.0
2021-08-05 13:24:47,91.0,82.0,7.0,2.0
2021-08-05 13:24:48,76.0,67.0,5.0,4.0
2021-08-05 13:24:49,92.0,87.0,3.0,2.0
2021-08-05 13:24:50,79.0,72.0,2.0,5.0
2021-08-05 13:24:51,102.0,91.0,4.0,7.0
2021-08-05 13:24:52,81.0,72.0,7.0,2.0
2021-08-05 13:24:53,86.0,79.0,2.0,5.0
2021-08-05 13:24:54,67.0,60.0,5.0,2.0
2021-08-05 13:24:55,81.0,73.0,6.0,2.0
2021-08-05 13:24:56,102.0,90.0,9.0,3.0
2021-08-05 13:24:57,94.0,80.0,7.0,7.0
2021-08-05 13:24:58,78.0,70.0,4.0,4.0
2021-08-05 13:24:59,81.0,66.0,8.0,7.0
2021-08-05 13:25:00,78.0,71.0,3.0,4.0
2021-08-05 13:25:01,86.0,76.0,5.0,5.0
2021-08-05 13:25:02,77.0,68.0,5.0,4.0
2021-08-05 13:25:03,70.0,62.0,4.0,4.0
2021-08-05 13:25:04,84.0,72.0,9.0,3.0
2021-08-05 13:25:05,87.0,74.0,9.0,4.0
2021-08-05 13:25:06,89.0,81.0,2.0,6.0
2021-08-05 13:25:07,91.0,77.0,6.0,8.0
2021-08-05 13:25:08,86.0,78.0,6.0,2.0
2021-08-05 13:25:09,72.0,67.0,3.0,2.0
2021-08-05 13:25:10,69.0,65.0,3.0,1.0
2021-08-05 13:25:11,65.0,59.0,4.0,2.0
2021-08-05 13:25:12,90.0,77.0,8.0,5.0
2021-08-05 13:25:13,85.0,77.0,4.0,4.0
2021-08-05 13:25:14,83.0,74.0,4.0,5.0
2021-08-05 13:25:15,83.0,71.0,7.0,5.0
2021-08-05 13:25:16,81.0,69.0,7.0,5.0
2021-08-05 13:25:17,77.0,61.0,10.0,6.0
2021-08-05 13:25:18,83.0,70.0,9.0,4.0
2021-08-05 13:25:19,85.0,71.0,10.0,4.0
2021-08-05 13:25:20,72.0,64.0,5.0,3.0
2021-08-05 13:25:21,70.0,57.0,9.0,4.0
2021-08-05 13:25:22,66.0,54.0,8.0,4.0
2021-08-05 13:25:23,85.0,77.0,3.0,5.0
2021-08-05 13:25:24,99.0,86.0,10.0,3.0
2021-08-05 13:25:25,88.0,80.0,5.0,3.0
2021-08-05 13:25:26,87.0,66.0,14.0,7.0
2021-08-05 13:25:27,102.0,91.0,7.0,4.0
2021-08-05 13:25:28,89.0,80.0,5.0,4.0
2021-08-05 13:25:29,66.0,58.0,5.0,3.0
2021-08-05 13:25:30,78.0,69.0,3.0,6.0
2021-08-05 13:25:31,78.0,73.0,1.0,4.0
2021-08-05 13:25:32,111.0,96.0,9.0,6.0
2021-08-05 13:25:33,86.0,74.0,7.0,5.0
2021-08-05 13:25:34,82.0,74.0,7.0,1.0
2021-08-05 13:25:35,85.0,76.0,7.0,2.0
2021-08-05 13:25:36,75.0,61.0,8.0,6.0
2021-08-05 13:25:37,87.0,77.0,6.0,4.0
2021-08-05 13:25:38,82.0,71.0,8.0,3.0
2021-08-05 13:25:39,80.0,70.0,3.0,7.0
2021-08-05 13:25:40,83.0,72.0,6.0,5.0
2021-08-05 13:25:41,75.0,67.0,3.0,5.0
2021-08-05 13:25:42,78.0,60.0,12.0,6.0
2021-08-05 13:25:43,79.0,73.0,2.0,4.0
2021-08-05 13:25:44,90.0,77.0,6.0,7.0
2021-08-05 13:25:45,79.0,69.0,4.0,6.0
2021-08-05 13:25:46,62.0,56.0,1.0,5.0
2021-08-05 13:25:47,81.0,74.0,3.0,4.0
2021-08-05 13:25:48,87.0,80.0,3.0,4.0
2021-08-05 13:25:49,88.0,76.0,8.0,4.0
2021-08-05 13:25:50,94.0,84.0,5.0,5.0
2021-08-05 13:25:51,74.0,64.0,4.0,6.0
2021-08-05 13:25:52,99.0,86.0,10.0,3.0
2021-08-05 13:25:53,76.0,67.0,6.0,3.0
2021-08-05 13:25:54,70.0,61.0,6.0,3.0
2021-08-05 13:25:55,95.0,88.0,5.0,2.0
2021-08-05 13:25:56,79.0,73.0,3.0,3.0
2021-08-05 13:25:57,88.0,75.0,5.0,8.0
2021-08-05 13:25:58,76.0,69.0,6.0,1.0
2021-08-05 13:25:59,88.0,77.0,7.0,4.0
2021-08-05 13:26:00,86.0,78.0,6.0,2.0
2021-08-05 13:26:01,78.0,67.0,5.0,6.0
2021-08-05 13:26:02,80.0,72.0,6.0,2.0
2021-08-05 13:26:03,88.0,75.0,6.0,7.0
2021-08-05 13:26:04,71.0,61.0,8.0,2.0
2021-08-05 13:26:05,91.0,76.0,10.0,5.0
2021-08-05 13:26:06,88.0,80.0,3.0,5.0
2021-08-05 13:26:07,66.0,57.0,3.0,6.0
2021-08-05 13:26:08,104.0,91.0,6.0,7.0
2021-08-05 13:26:09,75.0,66.0,5.0,4.0
2021-08-05 13:26:10,90.0,82.0,7.0,1.0
2021-08-05 13:26:11,82.0,74.0,7.0,1.0
2021-08-05 13:26:12,82.0,70.0,6.0,6.0
2021-08-05 13:26:13,76.0,62.0,9.0,5.0
2021-08-05 13:26:14,97.0,87.0,7.0,3.0
2021-08-05 13:26:15,87.0,73.0,9.0,5.0
2021-08-05 13:26:16,77.0,62.0,7.0,8.0
2021-08-05 13:26:17,81.0,69.0,8.0,4.0
2021-08-05 13:26:18,68.0,63.0,5.0,0.0
2021-08-05 13:26:19,84.0,78.0,3.0,3.0
2021-08-05 13:26:20,74.0,68.0,4.0,2.0
2021-08-05 13:26:21,90.0,77.0,9.0,4.0
2021-08-05 13:26:22,91.0,78.0,7.0,6.0
2021-08-05 13:26:23,96.0,83.0,7.0,6.0
2021-08-05 13:26:24,75.0,66.0,2.0,7.0
2021-08-05 13:26:25,87.0,80.0,5.0,2.0
2021-08-05 13:26:26,84.0,73.0,7.0,4.0
2021-08-05 13:26:27,80.0,73.0,5.0,2.0
2021-08-05 13:26:28,78.0,64.0,7.0,7.0
2021-08-05 13:26:29,102.0,89.0,5.0,8.0
2021-08-05 13:26:30,82.0,69.0,9.0,4.0
2021-08-05 13:26:31,77.0,67.0,7.0,3.0
2021-08-05 13:26:32,90.0,82.0,6.0,2.0
2021-08-05 13:26:33,96.0,83.0,8.0,5.0
2021-08-05 13:26:34,72.0,63.0,5.0,4.0
2021-08-05 13:26:35,72.0,64.0,5.0,3.0
2021-08-05 13:26:36,73.0,64.0,5.0,4.0
2021-08-05 13:26:37,91.0,77.0,6.0,8.0
2021-08-05 13:26:38,87.0,73.0,7.0,7.0
2021-08-05 13:26:39,92.0,81.0,4.0,7.0
2021-08-05 13:26:40,70.0,61.0,5.0,4.0
2021-08-05 13:26:41,87.0,80.0,5.0,2.0
2021-08-05 13:26:42,85.0,75.0,8.0,2.0
2021-08-05 13:26:43,101.0,90.0,8.0,3.0
2021-08-05 13:26:44,81.0,74.0,5.0,2.0
2021-08-05 13:26:45,79.0,72.0,4.0,3.0
2021-08-05 13:26:46,79.0,74.0,5.0,0.0
2021-08-05 13:26:47,78.0,66.0,6.0,6.0
2021-08-05 13:26:48,84.0,73.0,10.0,1.0
2021-08-05 13:26:49,80.0,73.0,5.0,2.0
2021-08-05 13:26:50,83.0,72.0,5.0,6.0
2021-08-05 13:26:51,97.0,88.0,9.0,0.0
2021-08-05 13:26:52,91.0,79.0,10.0,2.0
2021-08-05 13:26:53,85.0,75.0,6.0,4.0
2021-08-05 13:26:54,86.0,77.0,7.0,2.0
2021-08-05 13:26:55,83.0,73.0,8.0,2.0
2021-08-05 13:26:56,88.0,81.0,4.0,3.0
2021-08-05 13:26:57,91.0,85.0,4.0,2.0
2021-08-05 13:26:58,84.0,68.0,7.0,9.0
2021-08-05 13:26:59,76.0,65.0,6.0,5.0
2021-08-05 13:27:00,74.0,62.0,6.0,6.0
2021-08-05 13:27:01,63.0,55.0,3.0,5.0
2021-08-05 13:27:02,76.0,69.0,4.0,3.0
2021-08-05 13:27:03,87.0,76.0,8.0,3.0
2021-08-05 13:27:04,97.0,85.0,5.0,7.0
2021-08-05 13:27:05,86.0,77.0,1.0,8.0
2021-08-05 13:27:06,90.0,82.0,6.0,2.0
2021-08-05 13:27:07,83.0,74.0,5.0,4.0
2021-08-05 13:27:08,62.0,53.0,5.0,4.0
2021-08-05 13:27:09,98.0,87.0,8.0,3.0
2021-08-05 13:27:10,90.0,79.0,6.0,5.0
2021-08-05 13:27:11,67.0,58.0,5.0,4.0
2021-08-05 13:27:12,84.0,78.0,3.0,3.0
2021-08-05 13:27:13,86.0,74.0,6.0,6.0
2021-08-05 13:27:14,68.0,63.0,3.0,2.0
2021-08-05 13:27:15,61.0,53.0,8.0,0.0
2021-08-05 13:27:16,65.0,56.0,7.0,2.0
2021-08-05 13:27:17,84.0,74.0,7.0,3.0
2021-08-05 13:27:18,83.0,72.0,6.0,5.0
2021-08-05 13:27:19,77.0,65.0,10.0,2.0
2021-08-05 13:27:20,61.0,51.0,6.0,4.0
2021-08-05 13:27:21,73.0,66.0,4.0,3.0
2021-08-05 13:27:22,81.0,72.0,5.0,4.0
2021-08-05 13:27:23,83.0,74.0,3.0,6.0
2021-08-05 13:27:24,71.0,65.0,3.0,3.0
2021-08-05 13:27:25,80.0,71.0,9.0,0.0
2021-08-05 13:27:26,75.0,63.0,7.0,5.0
2021-08-05 13:27:27,90.0,78.0,7.0,5.0
2021-08-05 13:27:28,99.0,87.0,6.0,6.0
2021-08-05 13:27:29,87.0,75.0,7.0,5.0
2021-08-05 13:27:30,94.0,78.0,10.0,6.0
2021-08-05 13:27:31,78.0,72.0,2.0,4.0
2021-08-05 13:27:32,91.0,79.0,7.0,5.0
2021-08-05 13:27:33,67.0,58.0,9.0,0.0
2021-08-05 13:27:34,72.0,56.0,8.0,8.0
2021-08-05 13:27:35,73.0,61.0,8.0,4.0
2021-08-05 13:27:36,78.0,67.0,3.0,8.0
2021-08-05 13:27:37,91.0,77.0,11.0,3.0
2021-08-05 13:27:38,81.0,73.0,4.0,4.0
2021-08-05 13:27:39,94.0,83.0,7.0,4.0
2021-08-05 13:27:40,84.0,66.0,11.0,7.0
2021-08-05 13:27:41,80.0,71.0,6.0,3.0
2021-08-05 13:27:42,83.0,77.0,1.0,5.0
2021-08-05 13:27:43,92.0,86.0,6.0,0.0
2021-08-05 13:27:44,77.0,68.0,8.0,1.0
2021-08-05 13:27:45,81.0,72.0,8.0,1.0
2021-08-05 13:27:46,75.0,67.0,5.0,3.0
2021-08-05 13:27:47,81.0,72.0,5.0,4.0
2021-08-05 13:27:48,98.0,86.0,7.0,5.0
2021-08-05 13:27:49,72.0,63.0,6.0,3.0
2021-08-05 13:27:50,63.0,56.0,5.0,2.0
2021-08-05 13:27:51,76.0,64.0,8.0,4.0
2021-08-05 13:27:52,79.0,65.0,7.0,7.0
2021-08-05 13:27:53,90.0,80.0,5.0,5.0
2021-08-05 13:27:54,94.0,84.0,8.0,2.0
2021-08-05 13:27:55,92.0,82.0,6.0,4.0
2021-08-05 13:27:56,71.0,59.0,6.0,6.0
2021-08-05 13:27:57,96.0,85.0,7.0,4.0
2021-08-05 13:27:58,64.0,56.0,6.0,2.0
2021-08-05 13:27:59,74.0,70.0,0.0,4.0
2021-08-05 13:28:00,80.0,70.0,7.0,3.0
2021-08-05 13:28:01,84.0,80.0,3.0,1.0
2021-08-05 13:28:02,80.0,70.0,7.0,3.0
2021-08-05 13:28:03,95.0,82.0,8.0,5.0
2021-08-05 13:28:04,85.0,79.0,4.0,2.0
2021-08-05 13:28:05,78.0,68.0,6.0,4.0
2021-08-05 13:28:06,82.0,68.0,6.0,8.0
2021-08-05 13:28:07,79.0,73.0,4.0,2.0
2021-08-05 13:28:08,80.0,71.0,5.0,4.0
2021-08-05 13:28:09,84.0,74.0,6.0,4.0
2021-08-05 13:28:10,78.0,65.0,8.0,5.0
2021-08-05 13:28:11,84.0,63.0,13.0,8.0
2021-08-05 13:28:12,73.0,63.0,5.0,5.0
2021-08-05 13:28:13,88.0,79.0,6.0,3.0
2021-08-05 13:28:14,86.0,72.0,7.0,7.0
2021-08-05 13:28:15,74.0,64.0,9.0,1.0
2021-08-05 13:28:16,80.0,70.0,6.0,4.0
2021-08-05 13:28:17,99.0,85.0,8.0,6.0
2021-08-05 13:28:18,90.0,77.0,9.0,4.0
2021-08-05 13:28:19,105.0,94.0,7.0,4.0
2021-08-05 13:28:20,76.0,69.0,3.0,4.0
2021-08-05 13:28:21,83.0,73.0,7.0,3.0
2021-08-05 13:28:22,72.0,65.0,5.0,2.0
2021-08-05 13:28:23,57.0,51.0,2.0,4.0
2021-08-05 13:28:24,78.0,67.0,6.0,5.0
2021-08-05 13:28:25,75.0,64.0,8.0,3.0
2021-08-05 13:28:26,75.0,66.0,6.0,3.0
2021-08-05 13:28:27,69.0,59.0,4.0,6.0
2021-08-05 13:28:28,78.0,64.0,6.0,8.0
2021-08-05 13:28:29,90.0,73.0,8.0,9.0
2021-08-05 13:28:30,84.0,67.0,8.0,9.0
2021-08-05 13:28:31,88.0,77.0,5.0,6.0
2021-08-05 13:28:32,88.0,79.0,6.0,3.0
2021-08-05 13:28:33,80.0,68.0,4.0,8.0
2021-08-05 13:28:34,79.0,70.0,7.0,2.0
2021-08-05 13:28:35,72.0,63.0,5.0,4.0
2021-08-05 13:28:36,100.0,85.0,9.0,6.0
2021-08-05 13:28:37,78.0,70.0,6.0,2.0
2021-08-05 13:28:38,93.0,84.0,9.0,0.0
2021-08-05 13:28:39,77.0,62.0,5.0,10.0
2021-08-05 13:28:40,82.0,68.0,8.0,6.0
2021-08-05 13:28:41,98.0,91.0,4.0,3.0
2021-08-05 13:28:42,82.0,74.0,5.0,3.0
2021-08-05 13:28:43,70.0,66.0,2.0,2.0
2021-08-05 13:28:44,70.0,62.0,7.0,1.0
2021-08-05 13:28:45,81.0,64.0,7.0,10.0
2021-08-05 13:28:46,71.0,63.0,7.0,1.0
2021-08-05 13:28:47,101.0,88.0,11.0,2.0
2021-08-05 13:28:48,76.0,65.0,5.0,6.0
2021-08-05 13:28:49,88.0,78.0,8.0,2.0
2021-08-05 13:28:50,87.0,76.0,7.0,4.0
2021-08-05 13:28:51,71.0,63.0,7.0,1.0
2021-08-05 13:28:52,77.0,69.0,5.0,3.0
2021-08-05 13:28:53,95.0,84.0,7.0,4.0
2021-08-05 13:28:54,62.0,57.0,2.0,3.0
2021-08-05 13:28:55,102.0,96.0,4.0,2.0
2021-08-05 13:28:56,104.0,93.0,7.0,4.0
2021-08-05 13:28:57,92.0,80.0,7.0,5.0
2021-08-05 13:28:58,78.0,70.0,4.0,4.0
2021-08-05 13:28:59,92.0,80.0,9.0,3.0
2021-08-05 13:29:00,84.0,71.0,10.0,3.0
2021-08-05 13:29:01,77.0,66.0,7.0,4.0
2021-08-05 13:29:02,97.0,92.0,4.0,1.0
2021-08-05 13:29:03,73.0,60.0,7.0,6.0
2021-08-05 13:29:04,71.0,59.0,8.0,4.0
2021-08-05 13:29:05,86.0,78.0,3.0,5.0
2021-08-05 13:29:06,76.0,70.0,4.0,2.0
2021-08-05 13:29:07,96.0,81.0,7.0,8.0
2021-08-05 13:29:08,76.0,66.0,4.0,6.0
2021-08-05 13:29:09,92.0,80.0,5.0,7.0
2021-08-05 13:29:10,86.0,72.0,8.0,6.0
2021-08-05 13:29:11,79.0,69.0,7.0,3.0
2021-08-05 13:29:12,89.0,78.0,9.0,2.0
2021-08-05 13:29:13,93.0,84.0,6.0,3.0
2021-08-05 13:29:14,81.0,75.0,3.0,3.0
2021-08-05 13:29:15,88.0,81.0,4.0,3.0
2021-08-05 13:29:16,107.0,95.0,9.0,3.0
2021-08-05 13:29:17,85.0,77.0,6.0,2.0
2021-08-05 13:29:18,95.0,86.0,7.0,2.0
2021-08-05 13:29:19,89.0,78.0,9.0,2.0
2021-08-05 13:29:20,94.0,84.0,7.0,3.0
2021-08-05 13:29:21,81.0,78.0,2.0,1.0
2021-08-05 13:29:22,80.0,66.0,8.0,6.0
2021-08-05 13:29:23,84.0,74.0,4.0,6.0
2021-08-05 13:29:24,93.0,78.0,6.0,9.0
2021-08-05 13:29:25,94.0,84.0,4.0,6.0
2021-08-05 13:29:26,72.0,66.0,3.0,3.0
2021-08-05 13:29:27,89.0,76.0,9.0,4.0
2021-08-05 13:29:28,86.0,77.0,7.0,2.0
2021-08-05 13:29:29,77.0,64.0,5.0,8.0
2021-08-05 13:29:30,96.0,85.0,10.0,1.0
2021-08-05 13:29:31,83.0,70.0,7.0,6.0
2021-08-05 13:29:32,75.0,64.0,6.0,5.0
2021-08-05 13:29:33,87.0,77.0,5.0,5.0
2021-08-05 13:29:34,93.0,82.0,8.0,3.0
2021-08-05 13:29:35,86.0,78.0,4.0,4.0
2021-08-05 13:29:36,74.0,66.0,7.0,1.0
2021-08-05 13:29:37,86.0,78.0,6.0,2.0
2021-08-05 13:29:38,81.0,70.0,9.0,2.0
2021-08-05 13:29:39,79.0,69.0,5.0,5.0
2021-08-05 13:29:40,97.0,80.0,12.0,5.0
2021-08-05 13:29:41,100.0,89.0,4.0,7.0
2021-08-05 13:29:42,92.0,86.0,3.0,3.0
2021-08-05 13:29:43,87.0,74.0,9.0,4.0
2021-08-05 13:29:44,64.0,55.0,4.0,5.0
2021-08-05 13:29:45,91.0,78.0,6.0,7.0
2021-08-05 13:29:46,85.0,69.0,11.0,5.0
2021-08-05 13:29:47,99.0,93.0,3.0,3.0
2021-08-05 13:29:48,85.0,77.0,7.0,1.0
2021-08-05 13:29:49,81.0,73.0,5.0,3.0
2021-08-05 13:29:50,91.0,82.0,7.0,2.0
2021-08-05 13:29:51,74.0,63.0,8.0,3.0
2021-08-05 13:29:52,75.0,63.0,6.0,6.0
2021-08-05 13:29:53,77.0,69.0,5.0,3.0
2021-08-05 13:29:54,74.0,64.0,9.0,1.0
2021-08-05 13:29:55,91.0,84.0,5.0,2.0
2021-08-05 13:29:56,95.0,85.0,6.0,4.0
2021-08-05 13:29:57,86.0,77.0,5.0,4.0
2021-08-05 13:29:58,76.0,65.0,9.0,2.0
2021-08-05 13:29:59,70.0,59.0,4.0,7.0
2021-08-05 13:30:00,76.0,67.0,6.0,3.0
2021-08-05 13:30:01,78.0,69.0,4.0,5.0
2021-08-05 13:30:02,101.0,92.0,2.0,7.0
2021-08-05 13:30:03,74.0,67.0,6.0,1.0
2021-08-05 13:30:04,85.0,67.0,13.0,5.0
2021-08-05 13:30:05,72.0,64.0,3.0,5.0
2021-08-05 13:30:06,78.0,62.0,11.0,5.0
2021-08-05 13:30:07,82.0,76.0,3.0,3.0
2021-08-05 13:30:08,98.0,90.0,3.0,5.0
2021-08-05 13:30:09,83.0,75.0,3.0,5.0
2021-08-05 13:30:10,87.0,80.0,6.0,1.0
2021-08-05 13:30:11,75.0,61.0,11.0,3.0
2021-08-05 13:30:12,81.0,70.0,6.0,5.0
2021-08-05 13:30:13,77.0,65.0,7.0,5.0
2021-08-05 13:30:14,101.0,88.0,8.0,5.0
2021-08-05 13:30:15,81.0,75.0,4.0,2.0
2021-08-05 13:30:16,88.0,75.0,10.0,3.0
2021-08-05 13:30:17,83.0,73.0,5.0,5.0
2021-08-05 13:30:18,82.0,75.0,6.0,1.0
2021-08-05 13:30:19,73.0,65.0,4.0,4.0
2021-08-05 13:30:20,75.0,66.0,4.0,5.0
2021-08-05 13:30:21,82.0,73.0,5.0,4.0
2021-08-05 13:30:22,97.0,87.0,4.0,6.0
2021-08-05 13:30:23,85.0,79.0,5.0,1.0
2021-08-05 13:30:24,89.0,74.0,8.0,7.0
2021-08-05 13:30:25,80.0,69.0,7.0,4.0
2021-08-05 13:30:26,88.0,78.0,5.0,5.0
2021-08-05 13:30:27,81.0,75.0,4.0,2.0
2021-08-05 13:30:28,91.0,80.0,8.0,3.0
2021-08-05 13:30:29,68.0,58.0,5.0,5.0
2021-08-05 13:30:30,86.0,78.0,5.0,3.0
2021-08-05 13:30:31,77.0,68.0,5.0,4.0
2021-08-05 13:30:32,77.0,69.0,5.0,3.0
2021-08-05 13:30:33,69.0,58.0,8.0,3.0
2021-08-05 13:30:34,73.0,62.0,6.0,5.0
2021-08-05 13:30:35,90.0,78.0,5.0,7.0
2021-08-05 13:30:36,94.0,79.0,7.0,8.0
2021-08-05 13:30:37,105.0,90.0,9.0,6.0
2021-08-05 13:30:38,74.0,67.0,5.0,2.0
2021-08-05 13:30:39,80.0,64.0,13.0,3.0
2021-08-05 13:30:40,105.0,92.0,7.0,6.0
2021-08-05 13:30:41,95.0,84.0,7.0,4.0
2021-08-05 13:30:42,73.0,67.0,3.0,3.0
2021-08-05 13:30:43,84.0,65.0,11.0,8.0
2021-08-05 13:30:44,83.0,68.0,10.0,5.0
2021-08-05 13:30:45,102.0,92.0,4.0,6.0
2021-08-05 13:30:46,69.0,56.0,7.0,6.0
2021-08-05 13:30:47,88.0,81.0,6.0,1.0
2021-08-05 13:30:48,77.0,66.0,8.0,3.0
2021-08-05 13:30:49,82.0,69.0,8.0,5.0
2021-08-05 13:30:50,72.0,61.0,8.0,3.0
2021-08-05 13:30:51,92.0,84.0,3.0,5.0
2021-08-05 13:30:52,95.0,81.0,3.0,11.0
2021-08-05 13:30:53,68.0,60.0,3.0,5.0
2021-08-05 13:30:54,101.0,88.0,8.0,5.0
2021-08-05 13:30:55,93.0,81.0,6.0,6.0
2021-08-05 13:30:56,78.0,66.0,7.0,5.0
2021-08-05 13:30:57,73.0,64.0,5.0,4.0
2021-08-05 13:30:58,95.0,84.0,6.0,5.0
2021-08-05 13:30:59,85.0,77.0,3.0,5.0
2021-08-05 13:31:00,89.0,77.0,5.0,7.0
2021-08-05 13:31:01,96.0,86.0,5.0,5.0
2021-08-05 13:31:02,89.0,83.0,3.0,3.0
2021-08-05 13:31:03,79.0,67.0,7.0,5.0
2021-08-05 13:31:04,70.0,58.0,7.0,5.0
2021-08-05 13:31:05,100.0,80.0,14.0,6.0
2021-08-05 13:31:06,96.0,86.0,6.0,4.0
2021-08-05 13:31:07,85.0,75.0,7.0,3.0
2021-08-05 13:31:08,80.0,68.0,8.0,4.0
2021-08-05 13:31:09,88.0,80.0,4.0,4.0
2021-08-05 13:31:10,100.0,87.0,10.0,3.0
2021-08-05 13:31:11,101.0,87.0,9.0,5.0
2021-08-05 13:31:12,97.0,85.0,6.0,6.0
2021-08-05 13:31:13,85.0,76.0,7.0,2.0
2021-08-05 13:31:14,87.0,67.0,13.0,7.0
2021-08-05 13:31:15,75.0,63.0,8.0,4.0
2021-08-05 13:31:16,83.0,74.0,5.0,4.0
2021-08-05 13:31:17,82.0,67.0,11.0,4.0
2021-08-05 13:31:18,95.0,82.0,10.0,3.0
2021-08-05 13:31:19,78.0,68.0,3.0,7.0
2021-08-05 13:31:20,80.0,71.0,7.0,2.0
2021-08-05 13:31:21,108.0,98.0,4.0,6.0
2021-08-05 13:31:22,80.0,74.0,3.0,3.0
2021-08-05 13:31:23,103.0,90.0,10.0,3.0
2021-08-05 13:31:24,77.0,67.0,7.0,3.0
2021-08-05 13:31:25,95.0,84.0,6.0,5.0
2021-08-05 13:31:26,82.0,71.0,9.0,2.0
2021-08-05 13:31:27,91.0,83.0,4.0,4.0
2021-08-05 13:31:28,72.0,58.0,11.0,3.0
2021-08-05 13:31:29,70.0,60.0,3.0,7.0
2021-08-05 13:31:30,83.0,72.0,5.0,6.0
2021-08-05 13:31:31,84.0,71.0,10.0,3.0
2021-08-05 13:31:32,79.0,67.0,5.0,7.0
2021-08-05 13:31:33,80.0,67.0,7.0,6.0
2021-08-05 13:31:34,83.0,67.0,10.0,6.0
2021-08-05 13:31:35,81.0,73.0,6.0,2.0
2021-08-05 13:31:36,79.0,68.0,4.0,7.0
2021-08-05 13:31:37,87.0,77.0,6.0,4.0
2021-08-05 13:31:38,81.0,72.0,5.0,4.0
2021-08-05 13:31:39,81.0,65.0,12.0,4.0
2021-08-05 13:31:40,76.0,67.0,7.0,2.0
2021-08-05 13:31:41,90.0,79.0,6.0,5.0
2021-08-05 13:31:42,77.0,67.0,3.0,7.0
2021-08-05 13:31:43,83.0,71.0,7.0,5.0
2021-08-05 13:31:44,76.0,66.0,6.0,4.0
2021-08-05 13:31:45,83.0,72.0,6.0,5.0
2021-08-05 13:31:46,83.0,72.0,6.0,5.0
2021-08-05 13:31:47,83.0,74.0,4.0,5.0
2021-08-05 13:31:48,99.0,84.0,11.0,4.0
2021-08-05 13:31:49,82.0,69.0,9.0,4.0
2021-08-05 13:31:50,73.0,64.0,3.0,6.0
2021-08-05 13:31:51,83.0,73.0,5.0,5.0
2021-08-05 13:31:52,98.0,83.0,12.0,3.0
2021-08-05 13:31:53,74.0,63.0,6.0,5.0
2021-08-05 13:31:54,93.0,81.0,9.0,3.0
2021-08-05 13:31:55,77.0,69.0,6.0,2.0
2021-08-05 13:31:56,69.0,55.0,4.0,10.0
2021-08-05 13:31:57,75.0,69.0,5.0,1.0
2021-08-05 13:31:58,75.0,67.0,2.0,6.0
2021-08-05 13:31:59,96.0,85.0,7.0,4.0
2021-08-05 13:32:00,77.0,65.0,7.0,5.0
2021-08-05 13:32:01,74.0,67.0,6.0,1.0
2021-08-05 13:32:02,93.0,81.0,7.0,5.0
2021-08-05 13:32:03,83.0,75.0,5.0,3.0
2021-08-05 13:32:04,85.0,79.0,4.0,2.0
2021-08-05 13:32:05,86.0,76.0,7.0,3.0
2021-08-05 13:32:06,99.0,80.0,15.0,4.0
2021-08-05 13:32:07,73.0,63.0,8.0,2.0
2021-08-05 13:32:08,84.0,74.0,6.0,4.0
2021-08-05 13:32:09,74.0,65.0,4.0,5.0
2021-08-05 13:32:10,93.0,86.0,4.0,3.0
2021-08-05 13:32:11,85.0,77.0,5.0,3.0
2021-08-05 13:32:12,72.0,62.0,3.0,7.0
2021-08-05 13:32:13,84.0,73.0,6.0,5.0
2021-08-05 13:32:14,85.0,71.0,8.0,6.0
2021-08-05 13:32:15,81.0,70.0,9.0,2.0
2021-08-05 13:32:16,80.0,75.0,3.0,2.0
2021-08-05 13:32:17,74.0,65.0,7.0,2.0
2021-08-05 13:32:18,81.0,70.0,7.0,4.0
2021-08-05 13:32:19,82.0,69.0,11.0,2.0
2021-08-05 13:32:20,83.0,75.0,6.0,2.0
2021-08-05 13:32:21,94.0,81.0,6.0,7.0
2021-08-05 13:32:22,66.0,56.0,5.0,5.0
2021-08-05 13:32:23,80.0,72.0,5.0,3.0
2021-08-05 13:32:24,76.0,66.0,6.0,4.0
2021-08-05 13:32:25,85.0,73.0,4.0,8.0
2021-08-05 13:32:26,95.0,86.0,4.0,5.0
2021-08-05 13:32:27,99.0,84.0,11.0,4.0
2021-08-05 13:32:28,77.0,70.0,3.0,4.0
2021-08-05 13:32:29,80.0,68.0,9.0,3.0
2021-08-05 13:32:30,92.0,83.0,5.0,4.0
2021-08-05 13:32:31,85.0,76.0,5.0,4.0
2021-08-05 13:32:32,74.0,66.0,5.0,3.0
2021-08-05 13:32:33,79.0,70.0,5.0,4.0
2021-08-05 13:32:34,87.0,76.0,8.0,3.0
2021-08-05 13:32:35,85.0,71.0,10.0,4.0
2021-08-05 13:32:36,87.0,74.0,7.0,6.0
2021-08-05 13:32:37,79.0,70.0,1.0,8.0
2021-08-05 13:32:38,73.0,63.0,6.0,4.0
2021-08-05 13:32:39,69.0,62.0,5.0,2.0
2021-08-05 13:32:40,90.0,76.0,8.0,6.0
2021-08-05 13:32:41,85.0,82.0,2.0,1.0
2021-08-05 13:32:42,83.0,75.0,6.0,2.0
2021-08-05 13:32:43,82.0,70.0,9.0,3.0
2021-08-05 13:32:44,84.0,77.0,6.0,1.0
2021-08-05 13:32:45,60.0,54.0,2.0,4.0
2021-08-05 13:32:46,82.0,76.0,3.0,3.0
2021-08-05 13:32:47,89.0,79.0,7.0,3.0
2021-08-05 13:32:48,95.0,77.0,11.0,7.0
2021-08-05 13:32:49,81.0,63.0,11.0,7.0
2021-08-05 13:32:50,78.0,65.0,7.0,6.0
2021-08-05 13:32:51,64.0,56.0,4.0,4.0
2021-08-05 13:32:52,93.0,88.0,4.0,1.0
2021-08-05 13:32:53,81.0,72.0,6.0,3.0
2021-08-05 13:32:54,69.0,62.0,6.0,1.0
2021-08-05 13:32:55,80.0,66.0,7.0,7.0
2021-08-05 13:32:56,88.0,77.0,5.0,6.0
2021-08-05 13:32:57,75.0,66.0,4.0,5.0
2021-08-05 13:32:58,82.0,74.0,6.0,2.0
2021-08-05 13:32:59,69.0,59.0,7.0,3.0
2021-08-05 13:33:00,84.0,74.0,5.0,5.0
2021-08-05 13:33:01,75.0,65.0,7.0,3.0
2021-08-05 13:33:02,83.0,72.0,8.0,3.0
2021-08-05 13:33:03,100.0,89.0,4.0,7.0
2021-08-05 13:33:04,92.0,79.0,7.0,6.0
2021-08-05 13:33:05,77.0,61.0,11.0,5.0
2021-08-05 13:33:06,77.0,67.0,3.0,7.0
2021-08-05 13:33:07,65.0,61.0,2.0,2.0
2021-08-05 13:33:08,82.0,73.0,3.0,6.0
2021-08-05 13:33:09,83.0,72.0,6.0,5.0
2021-08-05 13:33:10,92.0,81.0,7.0,4.0
2021-08-05 13:33:11,90.0,77.0,10.0,3.0
2021-08-05 13:33:12,91.0,72.0,10.0,9.0
2021-08-05 13:33:13,85.0,76.0,5.0,4.0
2021-08-05 13:33:14,87.0,76.0,5.0,6.0
2021-08-05 13:33:15,74.0,69.0,2.0,3.0
2021-08-05 13:33:16,87.0,83.0,1.0,3.0
2021-08-05 13:33:17,95.0,80.0,8.0,7.0
2021-08-05 13:33:18,101.0,91.0,7.0,3.0
2021-08-05 13:33:19,73.0,66.0,3.0,4.0
2021-08-05 13:33:20,87.0,79.0,5.0,3.0
2021-08-05 13:33:21,81.0,68.0,7.0,6.0
2021-08-05 13:33:22,94.0,81.0,7.0,6.0
2021-08-05 13:33:23,101.0,90.0,6.0,5.0
2021-08-05 13:33:24,105.0,96.0,6.0,3.0
2021-08-05 13:33:25,68.0,62.0,4.0,2.0
2021-08-05 13:33:26,78.0,71.0,3.0,4.0
2021-08-05 13:33:27,77.0,67.0,3.0,7.0
2021-08-05 13:33:28,83.0,72.0,6.0,5.0
2021-08-05 13:33:29,96.0,81.0,8.0,7.0
2021-08-05 13:33:30,73.0,68.0,3.0,2.0
2021-08-05 13:33:31,82.0,66.0,8.0,8.0
2021-08-05 13:33:32,89.0,79.0,7.0,3.0
2021-08-05 13:33:33,92.0,81.0,4.0,7.0
2021-08-05 13:33:34,85.0,71.0,11.0,3.0
2021-08-05 13:33:35,107.0,95.0,6.0,6.0
2021-08-05 13:33:36,88.0,78.0,6.0,4.0
2021-08-05 13:33:37,92.0,78.0,10.0,4.0
2021-08-05 13:33:38,65.0,56.0,4.0,5.0
2021-08-05 13:33:39,85.0,75.0,7.0,3.0
2021-08-05 13:33:40,87.0,77.0,6.0,4.0
2021-08-05 13:33:41,84.0,71.0,9.0,4.0
2021-08-05 13:33:42,88.0,80.0,4.0,4.0
2021-08-05 13:33:43,65.0,59.0,3.0,3.0
2021-08-05 13:33:44,88.0,77.0,9.0,2.0
2021-08-05 13:33:45,83.0,72.0,7.0,4.0
2021-08-05 13:33:46,84.0,74.0,7.0,3.0
2021-08-05 13:33:47,75.0,66.0,4.0,5.0
2021-08-05 13:33:48,101.0,90.0,5.0,6.0
2021-08-05 13:33:49,78.0,67.0,6.0,5.0
2021-08-05 13:33:50,87.0,75.0,6.0,6.0
2021-08-05 13:33:51,72.0,64.0,5.0,3.0
2021-08-05 13:33:52,72.0,64.0,3.0,5.0
2021-08-05 13:33:53,89.0,75.0,9.0,5.0
2021-08-05 13:33:54,73.0,65.0,5.0,3.0
2021-08-05 13:33:55,88.0,80.0,5.0,3.0
2021-08-05 13:33:56,84.0,67.0,14.0,3.0
2021-08-05 13:33:57,74.0,62.0,6.0,6.0
2021-08-05 13:33:58,92.0,81.0,9.0,2.0
2021-08-05 13:33:59,75.0,62.0,9.0,4.0
2021-08-05 13:34:00,89.0,75.0,8.0,6.0
2021-08-05 13:34:01,90.0,76.0,7.0,7.0
2021-08-05 13:34:02,103.0,89.0,10.0,4.0
2021-08-05 13:34:03,92.0,80.0,6.0,6.0
2021-08-05 13:34:04,77.0,67.0,4.0,6.0
2021-08-05 13:34:05,68.0,58.0,2.0,8.0
2021-08-05 13:34:06,84.0,79.0,1.0,4.0
2021-08-05 13:34:07,101.0,91.0,6.0,4.0
2021-08-05 13:34:08,84.0,71.0,7.0,6.0
2021-08-05 13:34:09,97.0,86.0,5.0,6.0
2021-08-05 13:34:10,68.0,59.0,5.0,4.0
2021-08-05 13:34:11,77.0,63.0,8.0,6.0
2021-08-05 13:34:12,95.0,85.0,8.0,2.0
2021-08-05 13:34:13,98.0,89.0,5.0,4.0
2021-08-05 13:34:14,73.0,67.0,5.0,1.0
2021-08-05 13:34:15,89.0,75.0,10.0,4.0
2021-08-05 13:34:16,97.0,82.0,8.0,7.0
2021-08-05 13:34:17,79.0,69.0,8.0,2.0
2021-08-05 13:34:18,83.0,72.0,9.0,2.0
2021-08-05 13:34:19,81.0,76.0,2.0,3.0
2021-08-05 13:34:20,89.0,77.0,9.0,3.0
2021-08-05 13:34:21,84.0,73.0,7.0,4.0
2021-08-05 13:34:22,102.0,91.0,8.0,3.0
2021-08-05 13:34:23,72.0,62.0,9.0,1.0
2021-08-05 13:34:24,89.0,77.0,7.0,5.0
2021-08-05 13:34:25,75.0,61.0,5.0,9.0
2021-08-05 13:34:26,95.0,88.0,4.0,3.0
2021-08-05 13:34:27,74.0,63.0,7.0,4.0
2021-08-05 13:34:28,93.0,81.0,8.0,4.0
2021-08-05 13:34:29,72.0,58.0,8.0,6.0
2021-08-05 13:34:30,84.0,78.0,3.0,3.0
2021-08-05 13:34:31,87.0,75.0,7.0,5.0
2021-08-05 13:34:32,74.0,60.0,9.0,5.0
2021-08-05 13:34:33,73.0,59.0,13.0,1.0
2021-08-05 13:34:34,73.0,64.0,4.0,5.0
2021-08-05 13:34:35,76.0,71.0,1.0,4.0
2021-08-05 13:34:36,80.0,73.0,2.0,5.0
2021-08-05 13:34:37,79.0,70.0,6.0,3.0
2021-08-05 13:34:38,85.0,73.0,9.0,3.0
2021-08-05 13:34:39,64.0,53.0,4.0,7.0
2021-08-05 13:34:40,73.0,65.0,3.0,5.0
2021-08-05 13:34:41,74.0,65.0,6.0,3.0
2021-08-05 13:34:42,82.0,71.0,5.0,6.0
2021-08-05 13:34:43,93.0,88.0,4.0,1.0
2021-08-05 13:34:44,68.0,59.0,6.0,3.0
2021-08-05 13:34:45,78.0,69.0,6.0,3.0
2021-08-05 13:34:46,91.0,78.0,9.0,4.0
2021-08-05 13:34:47,86.0,73.0,6.0,7.0
2021-08-05 13:34:48,91.0,83.0,3.0,5.0
2021-08-05 13:34:49,69.0,63.0,5.0,1.0
2021-08-05 13:34:50,75.0,64.0,6.0,5.0
2021-08-05 13:34:51,73.0,62.0,7.0,4.0
2021-08-05 13:34:52,78.0,67.0,7.0,4.0
2021-08-05 13:34:53,95.0,76.0,9.0,10.0
2021-08-05 13:34:54,92.0,79.0,7.0,6.0
2021-08-05 13:34:55,71.0,60.0,5.0,6.0
2021-08-05 13:34:56,63.0,55.0,4.0,4.0
2021-08-05 13:34:57,91.0,74.0,8.0,9.0
2021-08-05 13:34:58,91.0,79.0,7.0,5.0
2021-08-05 13:34:59,82.0,65.0,12.0,5.0
2021-08-05 13:35:00,72.0,63.0,6.0,3.0
2021-08-05 13:35:01,70.0,61.0,7.0,2.0
2021-08-05 13:35:02,84.0,69.0,6.0,9.0
2021-08-05 13:35:03,86.0,75.0,4.0,7.0
2021-08-05 13:35:04,74.0,61.0,9.0,4.0
2021-08-05 13:35:05,82.0,71.0,3.0,8.0
2021-08-05 13:35:06,82.0,71.0,9.0,2.0
2021-08-05 13:35:07,82.0,72.0,8.0,2.0
2021-08-05 13:35:08,75.0,63.0,5.0,7.0
2021-08-05 13:35:09,85.0,76.0,6.0,3.0
2021-08-05 13:35:10,88.0,76.0,9.0,3.0
2021-08-05 13:35:11,82.0,70.0,9.0,3.0
2021-08-05 13:35:12,87.0,76.0,5.0,6.0
2021-08-05 13:35:13,92.0,85.0,5.0,2.0
2021-08-05 13:35:14,83.0,73.0,8.0,2.0
2021-08-05 13:35:15,72.0,66.0,4.0,2.0
2021-08-05 13:35:16,70.0,60.0,5.0,5.0
2021-08-05 13:35:17,90.0,81.0,5.0,4.0
2021-08-05 13:35:18,84.0,73.0,7.0,4.0
2021-08-05 13:35:19,99.0,89.0,7.0,3.0
2021-08-05 13:35:20,76.0,64.0,7.0,5.0
2021-08-05 13:35:21,80.0,73.0,4.0,3.0
2021-08-05 13:35:22,79.0,71.0,6.0,2.0
2021-08-05 13:35:23,79.0,70.0,6.0,3.0
2021-08-05 13:35:24,79.0,71.0,7.0,1.0
2021-08-05 13:35:25,73.0,64.0,5.0,4.0
2021-08-05 13:35:26,100.0,93.0,3.0,4.0
2021-08-05 13:35:27,92.0,77.0,7.0,8.0
2021-08-05 13:35:28,96.0,79.0,12.0,5.0
2021-08-05 13:35:29,87.0,78.0,5.0,4.0
2021-08-05 13:35:30,88.0,80.0,8.0,0.0
2021-08-05 13:35:31,74.0,66.0,6.0,2.0
2021-08-05 13:35:32,71.0,62.0,6.0,3.0
2021-08-05 13:35:33,75.0,65.0,9.0,1.0
2021-08-05 13:35:34,89.0,78.0,6.0,5.0
2021-08-05 13:35:35,85.0,77.0,6.0,2.0
2021-08-05 13:35:36,87.0,81.0,2.0,4.0
2021-08-05 13:35:37,89.0,80.0,5.0,4.0
2021-08-05 13:35:38,82.0,68.0,8.0,6.0
2021-08-05 13:35:39,80.0,70.0,8.0,2.0
2021-08-05 13:35:40,84.0,75.0,5.0,4.0
2021-08-05 13:35:41,84.0,76.0,5.0,3.0
2021-08-05 13:35:42,73.0,65.0,7.0,1.0
2021-08-05 13:35:43,94.0,74.0,6.0,14.0
2021-08-05 13:35:44,89.0,80.0,6.0,3.0
2021-08-05 13:35:45,80.0,71.0,5.0,4.0
2021-08-05 13:35:46,76.0,68.0,4.0,4.0
2021-08-05 13:35:47,97.0,83.0,10.0,4.0
2021-08-05 13:35:48,77.0,71.0,3.0,3.0
2021-08-05 13:35:49,87.0,75.0,8.0,4.0
2021-08-05 13:35:50,63.0,56.0,5.0,2.0
2021-08-05 13:35:51,77.0,68.0,6.0,3.0
2021-08-05 13:35:52,71.0,60.0,4.0,7.0
2021-08-05 13:35:53,85.0,77.0,5.0,3.0
2021-08-05 13:35:54,80.0,72.0,6.0,2.0
2021-08-05 13:35:55,79.0,69.0,6.0,4.0
2021-08-05 13:35:56,71.0,62.0,8.0,1.0
2021-08-05 13:35:57,87.0,77.0,5.0,5.0
2021-08-05 13:35:58,100.0,80.0,13.0,7.0
2021-08-05 13:35:59,85.0,75.0,5.0,5.0
2021-08-05 13:36:00,85.0,76.0,5.0,4.0
2021-08-05 13:36:01,79.0,68.0,4.0,7.0
2021-08-05 13:36:02,77.0,68.0,2.0,7.0
2021-08-05 13:36:03,83.0,67.0,10.0,6.0
2021-08-05 13:36:04,73.0,64.0,5.0,4.0
2021-08-05 13:36:05,69.0,59.0,7.0,3.0
2021-08-05 13:36:06,84.0,74.0,6.0,4.0
2021-08-05 13:36:07,93.0,82.0,6.0,5.0
2021-08-05 13:36:08,91.0,84.0,5.0,2.0
2021-08-05 13:36:09,76.0,68.0,6.0,2.0
2021-08-05 13:36:10,82.0,74.0,5.0,3.0
2021-08-05 13:36:11,89.0,77.0,5.0,7.0
2021-08-05 13:36:12,90.0,82.0,5.0,3.0
2021-08-05 13:36:13,67.0,60.0,4.0,3.0
2021-08-05 13:36:14,81.0,70.0,3.0,8.0
2021-08-05 13:36:15,82.0,71.0,4.0,7.0
2021-08-05 13:36:16,69.0,57.0,6.0,6.0
2021-08-05 13:36:17,87.0,77.0,5.0,5.0
2021-08-05 13:36:18,86.0,76.0,5.0,5.0
2021-08-05 13:36:19,98.0,91.0,5.0,2.0
2021-08-05 13:36:20,77.0,68.0,8.0,1.0
2021-08-05 13:36:21,94.0,79.0,12.0,3.0
2021-08-05 13:36:22,83.0,74.0,5.0,4.0
2021-08-05 13:36:23,73.0,67.0,4.0,2.0
2021-08-05 13:36:24,98.0,87.0,5.0,6.0
2021-08-05 13:36:25,63.0,56.0,6.0,1.0
2021-08-05 13:36:26,88.0,80.0,5.0,3.0
2021-08-05 13:36:27,60.0,52.0,5.0,3.0
2021-08-05 13:36:28,79.0,68.0,10.0,1.0
2021-08-05 13:36:29,72.0,67.0,1.0,4.0
2021-08-05 13:36:30,92.0,80.0,8.0,4.0
2021-08-05 13:36:31,73.0,68.0,4.0,1.0
2021-08-05 13:36:32,90.0,77.0,6.0,7.0
2021-08-05 13:36:33,85.0,72.0,8.0,5.0
2021-08-05 13:36:34,85.0,72.0,8.0,5.0
2021-08-05 13:36:35,69.0,60.0,8.0,1.0
2021-08-05 13:36:36,76.0,69.0,4.0,3.0
2021-08-05 13:36:37,86.0,76.0,8.0,2.0
2021-08-05 13:36:38,68.0,60.0,7.0,1.0
2021-08-05 13:36:39,83.0,74.0,5.0,4.0
2021-08-05 13:36:40,88.0,78.0,6.0,4.0
2021-08-05 13:36:41,72.0,60.0,6.0,6.0
2021-08-05 13:36:42,84.0,74.0,8.0,2.0
2021-08-05 13:36:43,89.0,83.0,5.0,1.0
2021-08-05 13:36:44,95.0,85.0,5.0,5.0
2021-08-05 13:36:45,85.0,76.0,5.0,4.0
2021-08-05 13:36:46,82.0,63.0,8.0,11.0
2021-08-05 13:36:47,71.0,61.0,8.0,2.0
2021-08-05 13:36:48,68.0,61.0,4.0,3.0
2021-08-05 13:36:49,88.0,79.0,5.0,4.0
2021-08-05 13:36:50,80.0,71.0,8.0,1.0
2021-08-05 13:36:51,72.0,58.0,9.0,5.0
2021-08-05 13:36:52,77.0,63.0,7.0,7.0
2021-08-05 13:36:53,90.0,77.0,8.0,5.0
2021-08-05 13:36:54,90.0,79.0,6.0,5.0
2021-08-05 13:36:55,78.0,69.0,6.0,3.0
2021-08-05 13:36:56,88.0,76.0,8.0,4.0
2021-08-05 13:36:57,81.0,77.0,1.0,3.0
2021-08-05 13:36:58,90.0,77.0,6.0,7.0
2021-08-05 13:36:59,85.0,76.0,5.0,4.0
2021-08-05 13:37:00,92.0,81.0,6.0,5.0
2021-08-05 13:37:01,91.0,82.0,4.0,5.0
2021-08-05 13:37:02,72.0,66.0,3.0,3.0
2021-08-05 13:37:03,90.0,78.0,9.0,3.0
2021-08-05 13:37:04,88.0,80.0,4.0,4.0
2021-08-05 13:37:05,72.0,57.0,8.0,7.0
2021-08-05 13:37:06,66.0,52.0,7.0,7.0
2021-08-05 13:37:07,80.0,69.0,5.0,6.0
2021-08-05 13:37:08,86.0,79.0,5.0,2.0
2021-08-05 13:37:09,86.0,72.0,10.0,4.0
2021-08-05 13:37:10,79.0,73.0,3.0,3.0
2021-08-05 13:37:11,87.0,77.0,8.0,2.0
2021-08-05 13:37:12,94.0,77.0,10.0,7.0
2021-08-05 13:37:13,84.0,71.0,6.0,7.0
2021-08-05 13:37:14,81.0,71.0,8.0,2.0
2021-08-05 13:37:15,84.0,77.0,5.0,2.0
2021-08-05 13:37:16,97.0,85.0,11.0,1.0
2021-08-05 13:37:17,74.0,63.0,8.0,3.0
2021-08-05 13:37:18,93.0,84.0,6.0,3.0
2021-08-05 13:37:19,74.0,63.0,8.0,3.0
2021-08-05 13:37:20,76.0,62.0,6.0,8.0
2021-08-05 13:37:21,81.0,76.0,3.0,2.0
2021-08-05 13:37:22,79.0,70.0,6.0,3.0
2021-08-05 13:37:23,70.0,61.0,7.0,2.0
2021-08-05 13:37:24,91.0,76.0,7.0,8.0
2021-08-05 13:37:25,82.0,72.0,8.0,2.0
2021-08-05 13:37:26,78.0,61.0,12.0,5.0
2021-08-05 13:37:27,85.0,73.0,8.0,4.0
2021-08-05 13:37:28,80.0,67.0,7.0,6.0
2021-08-05 13:37:29,88.0,73.0,9.0,6.0
2021-08-05 13:37:30,71.0,63.0,8.0,0.0
2021-08-05 13:37:31,73.0,67.0,5.0,1.0
2021-08-05 13:37:32,98.0,88.0,5.0,5.0
2021-08-05 13:37:33,91.0,77.0,11.0,3.0
2021-08-05 13:37:34,84.0,72.0,11.0,1.0
2021-08-05 13:37:35,92.0,79.0,8.0,5.0
2021-08-05 13:37:36,91.0,79.0,8.0,4.0
2021-08-05 13:37:37,91.0,77.0,8.0,6.0
2021-08-05 13:37:38,101.0,81.0,16.0,4.0
2021-08-05 13:37:39,94.0,74.0,8.0,12.0
2021-08-05 13:37:40,99.0,90.0,5.0,4.0
2021-08-05 13:37:41,89.0,78.0,7.0,4.0
2021-08-05 13:37:42,90.0,76.0,9.0,5.0
2021-08-05 13:37:43,71.0,59.0,11.0,1.0
2021-08-05 13:37:44,78.0,64.0,9.0,5.0
2021-08-05 13:37:45,88.0,77.0,4.0,7.0
2021-08-05 13:37:46,93.0,87.0,3.0,3.0
2021-08-05 13:37:47,88.0,77.0,8.0,3.0
2021-08-05 13:37:48,79.0,67.0,5.0,7.0
2021-08-05 13:37:49,87.0,74.0,4.0,9.0
2021-08-05 13:37:50,89.0,82.0,3.0,4.0
2021-08-05 13:37:51,85.0,72.0,8.0,5.0
2021-08-05 13:37:52,88.0,77.0,7.0,4.0
2021-08-05 13:37:53,82.0,69.0,11.0,2.0
2021-08-05 13:37:54,92.0,75.0,11.0,6.0
2021-08-05 13:37:55,77.0,67.0,5.0,5.0
2021-08-05 13:37:56,89.0,78.0,8.0,3.0
2021-08-05 13:37:57,83.0,71.0,7.0,5.0
2021-08-05 13:37:58,89.0,80.0,6.0,3.0
2021-08-05 13:37:59,82.0,71.0,5.0,6.0
2021-08-05 13:38:00,76.0,68.0,6.0,2.0
2021-08-05 13:38:01,72.0,61.0,6.0,5.0
2021-08-05 13:38:02,82.0,77.0,4.0,1.0
2021-08-05 13:38:03,93.0,86.0,3.0,4.0
2021-08-05 13:38:04,77.0,68.0,6.0,3.0
2021-08-05 13:38:05,85.0,75.0,4.0,6.0
2021-08-05 13:38:06,72.0,62.0,6.0,4.0
2021-08-05 13:38:07,61.0,54.0,4.0,3.0
2021-08-05 13:38:08,90.0,80.0,4.0,6.0
2021-08-05 13:38:09,88.0,76.0,9.0,3.0
2021-08-05 13:38:10,78.0,64.0,9.0,5.0
2021-08-05 13:38:11,102.0,91.0,6.0,5.0
2021-08-05 13:38:12,81.0,70.0,10.0,1.0
2021-08-05 13:38:13,94.0,83.0,6.0,5.0
2021-08-05 13:38:14,90.0,72.0,13.0,5.0
2021-08-05 13:38:15,67.0,65.0,2.0,0.0
2021-08-05 13:38:16,75.0,66.0,5.0,4.0
2021-08-05 13:38:17,73.0,61.0,7.0,5.0
2021-08-05 13:38:18,84.0,67.0,8.0,9.0
2021-08-05 13:38:19,76.0,69.0,5.0,2.0
2021-08-05 13:38:20,78.0,70.0,3.0,5.0
2021-08-05 13:38:21,78.0,63.0,11.0,4.0
2021-08-05 13:38:22,90.0,69.0,15.0,6.0
2021-08-05 13:38:23,88.0,83.0,2.0,3.0
2021-08-05 13:38:24,87.0,73.0,6.0,8.0
2021-08-05 13:38:25,77.0,70.0,6.0,1.0
2021-08-05 13:38:26,84.0,75.0,4.0,5.0
2021-08-05 13:38:27,81.0,72.0,8.0,1.0
2021-08-05 13:38:28,84.0,78.0,2.0,4.0
2021-08-05 13:38:29,83.0,73.0,5.0,5.0
2021-08-05 13:38:30,81.0,70.0,6.0,5.0
2021-08-05 13:38:31,82.0,70.0,12.0,0.0
2021-08-05 13:38:32,77.0,69.0,3.0,5.0
2021-08-05 13:38:33,79.0,68.0,8.0,3.0
2021-08-05 13:38:34,77.0,69.0,6.0,2.0
2021-08-05 13:38:35,80.0,75.0,4.0,1.0
2021-08-05 13:38:36,77.0,67.0,5.0,5.0
2021-08-05 13:38:37,73.0,64.0,5.0,4.0
2021-08-05 13:38:38,80.0,69.0,8.0,3.0
2021-08-05 13:38:39,84.0,72.0,6.0,6.0
2021-08-05 13:38:40,80.0,72.0,5.0,3.0
2021-08-05 13:38:41,75.0,66.0,4.0,5.0
2021-08-05 13:38:42,90.0,80.0,8.0,2.0
2021-08-05 13:38:43,78.0,68.0,4.0,6.0
2021-08-05 13:38:44,93.0,85.0,6.0,2.0
2021-08-05 13:38:45,75.0,64.0,7.0,4.0
2021-08-05 13:38:46,78.0,68.0,7.0,3.0
2021-08-05 13:38:47,92.0,82.0,6.0,4.0
2021-08-05 13:38:48,85.0,72.0,8.0,5.0
2021-08-05 13:38:49,80.0,67.0,4.0,9.0
2021-08-05 13:38:50,75.0,62.0,7.0,6.0
2021-08-05 13:38:51,109.0,99.0,7.0,3.0
2021-08-05 13:38:52,74.0,64.0,4.0,6.0
2021-08-05 13:38:53,83.0,68.0,12.0,3.0
2021-08-05 13:38:54,76.0,65.0,6.0,5.0
2021-08-05 13:38:55,76.0,69.0,4.0,3.0
2021-08-05 13:38:56,60.0,48.0,10.0,2.0
2021-08-05 13:38:57,88.0,77.0,8.0,3.0
2021-08-05 13:38:58,66.0,57.0,5.0,4.0
2021-08-05 13:38:59,79.0,61.0,13.0,5.0
2021-08-05 13:39:00,87.0,78.0,8.0,1.0
2021-08-05 13:39:01,71.0,66.0,2.0,3.0
2021-08-05 13:39:02,78.0,72.0,2.0,4.0
2021-08-05 13:39:03,74.0,65.0,5.0,4.0
2021-08-05 13:39:04,75.0,63.0,4.0,8.0
2021-08-05 13:39:05,85.0,77.0,4.0,4.0
2021-08-05 13:39:06,87.0,78.0,6.0,3.0
2021-08-05 13:39:07,65.0,59.0,3.0,3.0
2021-08-05 13:39:08,92.0,80.0,9.0,3.0
2021-08-05 13:39:09,79.0,66.0,10.0,3.0
2021-08-05 13:39:10,59.0,51.0,5.0,3.0
2021-08-05 13:39:11,73.0,64.0,4.0,5.0
2021-08-05 13:39:12,80.0,66.0,7.0,7.0
2021-08-05 13:39:13,86.0,74.0,8.0,4.0
2021-08-05 13:39:14,100.0,82.0,11.0,7.0
2021-08-05 13:39:15,78.0,68.0,8.0,2.0
2021-08-05 13:39:16,83.0,70.0,7.0,6.0
2021-08-05 13:39:17,78.0,67.0,7.0,4.0
2021-08-05 13:39:18,94.0,80.0,3.0,11.0
2021-08-05 13:39:19,79.0,67.0,8.0,4.0
2021-08-05 13:39:20,67.0,58.0,3.0,6.0
2021-08-05 13:39:21,84.0,74.0,5.0,5.0
2021-08-05 13:39:22,84.0,74.0,7.0,3.0
2021-08-05 13:39:23,77.0,70.0,5.0,2.0
2021-08-05 13:39:24,69.0,61.0,3.0,5.0
2021-08-05 13:39:25,94.0,82.0,7.0,5.0
2021-08-05 13:39:26,79.0,65.0,11.0,3.0
2021-08-05 13:39:27,83.0,77.0,3.0,3.0
2021-08-05 13:39:28,82.0,65.0,8.0,9.0
2021-08-05 13:39:29,82.0,71.0,7.0,4.0
2021-08-05 13:39:30,82.0,68.0,11.0,3.0
2021-08-05 13:39:31,76.0,67.0,5.0,4.0
2021-08-05 13:39:32,98.0,88.0,9.0,1.0
2021-08-05 13:39:33,75.0,66.0,4.0,5.0
2021-08-05 13:39:34,71.0,60.0,7.0,4.0
2021-08-05 13:39:35,79.0,69.0,4.0,6.0
2021-08-05 13:39:36,83.0,71.0,7.0,5.0
2021-08-05 13:39:37,79.0,66.0,9.0,4.0
2021-08-05 13:39:38,84.0,74.0,6.0,4.0
2021-08-05 13:39:39,76.0,61.0,11.0,4.0
2021-08-05 13:39:40,99.0,86.0,7.0,6.0
2021-08-05 13:39:41,73.0,62.0,6.0,5.0
2021-08-05 13:39:42,78.0,68.0,5.0,5.0
2021-08-05 13:39:43,75.0,64.0,8.0,3.0
2021-08-05 13:39:44,91.0,78.0,8.0,5.0
2021-08-05 13:39:45,93.0,87.0,5.0,1.0
2021-08-05 13:39:46,85.0,77.0,5.0,3.0
2021-08-05 13:39:47,82.0,71.0,6.0,5.0
2021-08-05 13:39:48,86.0,76.0,4.0,6.0
2021-08-05 13:39:49,84.0,72.0,7.0,5.0
2021-08-05 13:39:50,89.0,76.0,10.0,3.0
2021-08-05 13:39:51,82.0,69.0,10.0,3.0
2021-08-05 13:39:52,93.0,82.0,7.0,4.0
2021-08-05 13:39:53,78.0,66.0,8.0,4.0
2021-08-05 13:39:54,96.0,84.0,8.0,4.0
2021-08-05 13:39:55,88.0,74.0,9.0,5.0
2021-08-05 13:39:56,86.0,77.0,4.0,5.0
2021-08-05 13:39:57,81.0,72.0,5.0,4.0
2021-08-05 13:39:58,88.0,76.0,6.0,6.0
2021-08-05 13:39:59,67.0,55.0,8.0,4.0
2021-08-05 13:40:00,98.0,86.0,10.0,2.0
2021-08-05 13:40:01,78.0,67.0,7.0,4.0
2021-08-05 13:40:02,96.0,85.0,10.0,1.0
2021-08-05 13:40:03,84.0,70.0,7.0,7.0
2021-08-05 13:40:04,67.0,60.0,6.0,1.0
2021-08-05 13:40:05,84.0,68.0,11.0,5.0
2021-08-05 13:40:06,77.0,64.0,7.0,6.0
2021-08-05 13:40:07,73.0,64.0,4.0,5.0
2021-08-05 13:40:08,77.0,66.0,7.0,4.0
2021-08-05 13:40:09,75.0,66.0,7.0,2.0
2021-08-05 13:40:10,77.0,69.0,6.0,2.0
2021-08-05 13:40:11,77.0,68.0,7.0,2.0
2021-08-05 13:40:12,82.0,72.0,8.0,2.0
2021-08-05 13:40:13,89.0,78.0,9.0,2.0
2021-08-05 13:40:14,88.0,81.0,1.0,6.0
2021-08-05 13:40:15,70.0,60.0,5.0,5.0
2021-08-05 13:40:16,80.0,76.0,1.0,3.0
2021-08-05 13:40:17,76.0,67.0,5.0,4.0
2021-08-05 13:40:18,79.0,68.0,7.0,4.0
2021-08-05 13:40:19,95.0,78.0,11.0,6.0
2021-08-05 13:40:20,90.0,76.0,8.0,6.0
2021-08-05 13:40:21,90.0,73.0,11.0,6.0
2021-08-05 13:40:22,79.0,69.0,7.0,3.0
2021-08-05 13:40:23,81.0,72.0,4.0,5.0
2021-08-05 13:40:24,85.0,76.0,7.0,2.0
2021-08-05 13:40:25,85.0,68.0,9.0,8.0
2021-08-05 13:40:26,91.0,81.0,8.0,2.0
2021-08-05 13:40:27,81.0,68.0,8.0,5.0
2021-08-05 13:40:28,71.0,62.0,4.0,5.0
2021-08-05 13:40:29,89.0,79.0,7.0,3.0
2021-08-05 13:40:30,92.0,77.0,11.0,4.0
2021-08-05 13:40:31,67.0,58.0,7.0,2.0
2021-08-05 13:40:32,84.0,73.0,8.0,3.0
2021-08-05 13:40:33,78.0,68.0,5.0,5.0
2021-08-05 13:40:34,86.0,76.0,5.0,5.0
2021-08-05 13:40:35,79.0,71.0,5.0,3.0
2021-08-05 13:40:36,77.0,64.0,7.0,6.0
2021-08-05 13:40:37,80.0,70.0,1.0,9.0
2021-08-05 13:40:38,92.0,83.0,7.0,2.0
2021-08-05 13:40:39,66.0,49.0,9.0,8.0
2021-08-05 13:40:40,86.0,75.0,5.0,6.0
2021-08-05 13:40:41,72.0,62.0,5.0,5.0
2021-08-05 13:40:42,91.0,75.0,9.0,7.0
2021-08-05 13:40:43,59.0,48.0,9.0,2.0
2021-08-05 13:40:44,87.0,76.0,2.0,9.0
2021-08-05 13:40:45,77.0,67.0,5.0,5.0
2021-08-05 13:40:46,66.0,54.0,6.0,6.0
2021-08-05 13:40:47,76.0,63.0,10.0,3.0
2021-08-05 13:40:48,80.0,73.0,5.0,2.0
2021-08-05 13:40:49,89.0,81.0,8.0,0.0
2021-08-05 13:40:50,92.0,85.0,3.0,4.0
2021-08-05 13:40:51,82.0,71.0,6.0,5.0
2021-08-05 13:40:52,75.0,70.0,2.0,3.0
2021-08-05 13:40:53,80.0,71.0,5.0,4.0
2021-08-05 13:40:54,83.0,77.0,3.0,3.0
2021-08-05 13:40:55,79.0,65.0,10.0,4.0
2021-08-05 13:40:56,86.0,74.0,8.0,4.0
2021-08-05 13:40:57,84.0,76.0,4.0,4.0
2021-08-05 13:40:58,97.0,85.0,9.0,3.0
2021-08-05 13:40:59,77.0,67.0,7.0,3.0
2021-08-05 13:41:00,78.0,65.0,8.0,5.0
2021-08-05 13:41:01,96.0,83.0,5.0,8.0
2021-08-05 13:41:02,78.0,68.0,7.0,3.0
2021-08-05 13:41:03,91.0,82.0,3.0,6.0
2021-08-05 13:41:04,74.0,63.0,6.0,5.0
2021-08-05 13:41:05,73.0,61.0,8.0,4.0
2021-08-05 13:41:06,87.0,73.0,11.0,3.0
2021-08-05 13:41:07,80.0,66.0,7.0,7.0
2021-08-05 13:41:08,91.0,71.0,9.0,11.0
2021-08-05 13:41:09,83.0,74.0,7.0,2.0
2021-08-05 13:41:10,68.0,58.0,5.0,5.0
2021-08-05 13:41:11,67.0,61.0,3.0,3.0
2021-08-05 13:41:12,95.0,89.0,4.0,2.0
2021-08-05 13:41:13,73.0,64.0,5.0,4.0
2021-08-05 13:41:14,83.0,75.0,4.0,4.0
2021-08-05 13:41:15,75.0,67.0,6.0,2.0
2021-08-05 13:41:16,90.0,78.0,7.0,5.0
2021-08-05 13:41:17,78.0,67.0,9.0,2.0
2021-08-05 13:41:18,85.0,73.0,7.0,5.0
2021-08-05 13:41:19,88.0,76.0,5.0,7.0
2021-08-05 13:41:20,81.0,66.0,8.0,7.0
2021-08-05 13:41:21,87.0,75.0,9.0,3.0
2021-08-05 13:41:22,89.0,82.0,1.0,6.0
2021-08-05 13:41:23,74.0,64.0,7.0,3.0
2021-08-05 13:41:24,79.0,69.0,8.0,2.0
2021-08-05 13:41:25,103.0,89.0,8.0,6.0
2021-08-05 13:41:26,70.0,58.0,6.0,6.0
2021-08-05 13:41:27,71.0,60.0,8.0,3.0
2021-08-05 13:41:28,80.0,72.0,5.0,3.0
2021-08-05 13:41:29,76.0,66.0,10.0,0.0
2021-08-05 13:41:30,66.0,61.0,2.0,3.0
2021-08-05 13:41:31,78.0,68.0,6.0,4.0
2021-08-05 13:41:32,83.0,73.0,7.0,3.0
2021-08-05 13:41:33,80.0,75.0,3.0,2.0
2021-08-05 13:41:34,87.0,79.0,5.0,3.0
2021-08-05 13:41:35,93.0,85.0,3.0,5.0
2021-08-05 13:41:36,83.0,71.0,7.0,5.0
2021-08-05 13:41:37,80.0,67.0,8.0,5.0
2021-08-05 13:41:38,76.0,70.0,3.0,3.0
2021-08-05 13:41:39,83.0,67.0,9.0,7.0
2021-08-05 13:41:40,61.0,53.0,3.0,5.0
2021-08-05 13:41:41,78.0,72.0,5.0,1.0
2021-08-05 13:41:42,82.0,80.0,0.0,2.0
2021-08-05 13:41:43,72.0,66.0,1.0,5.0
2021-08-05 13:41:44,86.0,72.0,5.0,9.0
2021-08-05 13:41:45,73.0,65.0,3.0,5.0
2021-08-05 13:41:46,52.0,40.0,7.0,5.0
2021-08-05 13:41:47,83.0,76.0,3.0,4.0
2021-08-05 13:41:48,80.0,74.0,6.0,0.0
2021-08-05 13:41:49,80.0,74.0,2.0,4.0
2021-08-05 13:41:50,81.0,69.0,10.0,2.0
2021-08-05 13:41:51,87.0,77.0,5.0,5.0
2021-08-05 13:41:52,79.0,65.0,7.0,7.0
2021-08-05 13:41:53,90.0,76.0,8.0,6.0
2021-08-05 13:41:54,93.0,84.0,7.0,2.0
2021-08-05 13:41:55,78.0,71.0,2.0,5.0
2021-08-05 13:41:56,69.0,62.0,4.0,3.0
2021-08-05 13:41:57,96.0,81.0,7.0,8.0
2021-08-05 13:41:58,91.0,82.0,6.0,3.0
2021-08-05 13:41:59,83.0,76.0,4.0,3.0
2021-08-05 13:42:00,91.0,83.0,2.0,6.0
2021-08-05 13:42:01,76.0,69.0,4.0,3.0
2021-08-05 13:42:02,98.0,89.0,7.0,2.0
2021-08-05 13:42:03,76.0,67.0,6.0,3.0
2021-08-05 13:42:04,73.0,66.0,2.0,5.0
2021-08-05 13:42:05,84.0,74.0,6.0,4.0
2021-08-05 13:42:06,88.0,83.0,3.0,2.0
2021-08-05 13:42:07,89.0,77.0,6.0,6.0
2021-08-05 13:42:08,91.0,82.0,5.0,4.0
2021-08-05 13:42:09,85.0,64.0,13.0,8.0
2021-08-05 13:42:10,76.0,64.0,8.0,4.0
2021-08-05 13:42:11,79.0,63.0,11.0,5.0
2021-08-05 13:42:12,83.0,76.0,4.0,3.0
2021-08-05 13:42:13,87.0,78.0,4.0,5.0
2021-08-05 13:42:14,80.0,67.0,9.0,4.0
2021-08-05 13:42:15,62.0,61.0,1.0,0.0
2021-08-05 13:42:16,82.0,77.0,2.0,3.0
2021-08-05 13:42:17,78.0,70.0,3.0,5.0
2021-08-05 13:42:18,88.0,74.0,8.0,6.0
2021-08-05 13:42:19,85.0,74.0,6.0,5.0
2021-08-05 13:42:20,97.0,85.0,6.0,6.0
2021-08-05 13:42:21,83.0,72.0,10.0,1.0
2021-08-05 13:42:22,85.0,75.0,6.0,4.0
2021-08-05 13:42:23,88.0,80.0,4.0,4.0
2021-08-05 13:42:24,84.0,74.0,6.0,4.0
2021-08-05 13:42:25,73.0,60.0,10.0,3.0
2021-08-05 13:42:26,91.0,80.0,7.0,4.0
2021-08-05 13:42:27,84.0,68.0,9.0,7.0
2021-08-05 13:42:28,83.0,69.0,10.0,4.0
2021-08-05 13:42:29,79.0,70.0,6.0,3.0
2021-08-05 13:42:30,79.0,68.0,6.0,5.0
2021-08-05 13:42:31,74.0,66.0,5.0,3.0
2021-08-05 13:42:32,68.0,60.0,5.0,3.0
2021-08-05 13:42:33,74.0,65.0,7.0,2.0
2021-08-05 13:42:34,74.0,61.0,11.0,2.0
2021-08-05 13:42:35,107.0,89.0,11.0,7.0
2021-08-05 13:42:36,87.0,72.0,11.0,4.0
2021-08-05 13:42:37,78.0,66.0,4.0,8.0
2021-08-05 13:42:38,79.0,71.0,6.0,2.0
2021-08-05 13:42:39,83.0,73.0,7.0,3.0
2021-08-05 13:42:40,76.0,68.0,7.0,1.0
2021-08-05 13:42:41,79.0,68.0,8.0,3.0
2021-08-05 13:42:42,91.0,82.0,6.0,3.0
2021-08-05 13:42:43,82.0,72.0,4.0,6.0
2021-08-05 13:42:44,89.0,72.0,14.0,3.0
2021-08-05 13:42:45,85.0,73.0,6.0,6.0
2021-08-05 13:42:46,76.0,64.0,9.0,3.0
2021-08-05 13:42:47,84.0,74.0,6.0,4.0
2021-08-05 13:42:48,89.0,76.0,6.0,7.0
2021-08-05 13:42:49,80.0,67.0,10.0,3.0
2021-08-05 13:42:50,86.0,73.0,8.0,5.0
2021-08-05 13:42:51,93.0,81.0,6.0,6.0
2021-08-05 13:42:52,66.0,60.0,2.0,4.0
2021-08-05 13:42:53,78.0,68.0,7.0,3.0
2021-08-05 13:42:54,88.0,83.0,2.0,3.0
2021-08-05 13:42:55,79.0,69.0,6.0,4.0
2021-08-05 13:42:56,81.0,73.0,5.0,3.0
2021-08-05 13:42:57,93.0,80.0,9.0,4.0
2021-08-05 13:42:58,97.0,89.0,5.0,3.0
2021-08-05 13:42:59,87.0,75.0,8.0,4.0
2021-08-05 13:43:00,102.0,85.0,15.0,2.0
2021-08-05 13:43:01,92.0,80.0,6.0,6.0
2021-08-05 13:43:02,91.0,77.0,6.0,8.0
2021-08-05 13:43:03,80.0,67.0,5.0,8.0
2021-08-05 13:43:04,72.0,65.0,5.0,2.0
2021-08-05 13:43:05,80.0,74.0,4.0,2.0
2021-08-05 13:43:06,85.0,71.0,5.0,9.0
2021-08-05 13:43:07,73.0,61.0,6.0,6.0
2021-08-05 13:43:08,84.0,78.0,5.0,1.0
2021-08-05 13:43:09,82.0,70.0,6.0,6.0
2021-08-05 13:43:10,76.0,64.0,7.0,5.0
2021-08-05 13:43:11,76.0,62.0,9.0,5.0
2021-08-05 13:43:12,87.0,73.0,9.0,5.0
2021-08-05 13:43:13,85.0,70.0,14.0,1.0
2021-08-05 13:43:14,79.0,67.0,10.0,2.0
2021-08-05 13:43:15,65.0,56.0,7.0,2.0
2021-08-05 13:43:16,74.0,68.0,4.0,2.0
2021-08-05 13:43:17,79.0,68.0,7.0,4.0
2021-08-05 13:43:18,93.0,84.0,6.0,3.0
2021-08-05 13:43:19,87.0,76.0,5.0,6.0
2021-08-05 13:43:20,91.0,79.0,9.0,3.0
2021-08-05 13:43:21,95.0,84.0,6.0,5.0
2021-08-05 13:43:22,78.0,69.0,7.0,2.0
2021-08-05 13:43:23,69.0,57.0,7.0,5.0
2021-08-05 13:43:24,93.0,84.0,6.0,3.0
2021-08-05 13:43:25,101.0,90.0,6.0,5.0
2021-08-05 13:43:26,76.0,66.0,7.0,3.0
2021-08-05 13:43:27,86.0,77.0,6.0,3.0
2021-08-05 13:43:28,110.0,93.0,7.0,10.0
2021-08-05 13:43:29,85.0,79.0,5.0,1.0
2021-08-05 13:43:30,86.0,76.0,5.0,5.0
2021-08-05 13:43:31,85.0,73.0,9.0,3.0
2021-08-05 13:43:32,91.0,81.0,9.0,1.0
2021-08-05 13:43:33,86.0,71.0,9.0,6.0
2021-08-05 13:43:34,72.0,56.0,7.0,9.0
2021-08-05 13:43:35,86.0,76.0,7.0,3.0
2021-08-05 13:43:36,94.0,77.0,15.0,2.0
2021-08-05 13:43:37,75.0,64.0,7.0,4.0
2021-08-05 13:43:38,91.0,79.0,3.0,9.0
2021-08-05 13:43:39,78.0,68.0,6.0,4.0
2021-08-05 13:43:40,78.0,65.0,9.0,4.0
2021-08-05 13:43:41,70.0,57.0,6.0,7.0
2021-08-05 13:43:42,92.0,78.0,5.0,9.0
2021-08-05 13:43:43,96.0,78.0,12.0,6.0
2021-08-05 13:43:44,84.0,71.0,7.0,6.0
2021-08-05 13:43:45,63.0,53.0,6.0,4.0
2021-08-05 13:43:46,78.0,71.0,5.0,2.0
2021-08-05 13:43:47,87.0,84.0,2.0,1.0
2021-08-05 13:43:48,73.0,68.0,4.0,1.0
2021-08-05 13:43:49,65.0,55.0,6.0,4.0
2021-08-05 13:43:50,85.0,74.0,6.0,5.0
2021-08-05 13:43:51,79.0,68.0,7.0,4.0
2021-08-05 13:43:52,75.0,60.0,7.0,8.0
2021-08-05 13:43:53,91.0,76.0,9.0,6.0
2021-08-05 13:43:54,69.0,62.0,3.0,4.0
2021-08-05 13:43:55,79.0,67.0,7.0,5.0
2021-08-05 13:43:56,96.0,86.0,3.0,7.0
2021-08-05 13:43:57,88.0,83.0,3.0,2.0
2021-08-05 13:43:58,85.0,76.0,6.0,3.0
2021-08-05 13:43:59,85.0,70.0,12.0,3.0
2021-08-05 13:44:00,63.0,59.0,3.0,1.0
2021-08-05 13:44:01,98.0,83.0,9.0,6.0
2021-08-05 13:44:02,90.0,79.0,8.0,3.0
2021-08-05 13:44:03,85.0,74.0,6.0,5.0
2021-08-05 13:44:04,72.0,53.0,13.0,6.0
2021-08-05 13:44:05,92.0,82.0,4.0,6.0
2021-08-05 13:44:06,87.0,79.0,5.0,3.0
2021-08-05 13:44:07,92.0,74.0,10.0,8.0
2021-08-05 13:44:08,89.0,78.0,6.0,5.0
2021-08-05 13:44:09,75.0,68.0,4.0,3.0
2021-08-05 13:44:10,97.0,87.0,6.0,4.0
2021-08-05 13:44:11,91.0,77.0,9.0,5.0
2021-08-05 13:44:12,74.0,63.0,10.0,1.0
2021-08-05 13:44:13,82.0,72.0,8.0,2.0
2021-08-05 13:44:14,92.0,83.0,4.0,5.0
2021-08-05 13:44:15,71.0,56.0,7.0,8.0
2021-08-05 13:44:16,83.0,71.0,6.0,6.0
2021-08-05 13:44:17,73.0,66.0,5.0,2.0
2021-08-05 13:44:18,79.0,67.0,6.0,6.0
2021-08-05 13:44:19,68.0,59.0,3.0,6.0
2021-08-05 13:44:20,98.0,86.0,4.0,8.0
2021-08-05 13:44:21,99.0,83.0,9.0,7.0
2021-08-05 13:44:22,80.0,71.0,6.0,3.0
2021-08-05 13:44:23,82.0,74.0,5.0,3.0
2021-08-05 13:44:24,86.0,71.0,9.0,6.0
2021-08-05 13:44:25,93.0,80.0,8.0,5.0
2021-08-05 13:44:26,81.0,67.0,7.0,7.0
2021-08-05 13:44:27,86.0,73.0,9.0,4.0
2021-08-05 13:44:28,86.0,77.0,3.0,6.0
2021-08-05 13:44:29,78.0,64.0,8.0,6.0
2021-08-05 13:44:30,77.0,69.0,5.0,3.0
2021-08-05 13:44:31,79.0,71.0,4.0,4.0
2021-08-05 13:44:32,83.0,74.0,5.0,4.0
2021-08-05 13:44:33,93.0,73.0,15.0,5.0
2021-08-05 13:44:34,91.0,76.0,6.0,9.0
2021-08-05 13:44:35,92.0,75.0,12.0,5.0
2021-08-05 13:44:36,86.0,81.0,2.0,3.0
2021-08-05 13:44:37,83.0,73.0,6.0,4.0
2021-08-05 13:44:38,81.0,65.0,4.0,12.0
2021-08-05 13:44:39,79.0,69.0,4.0,6.0
2021-08-05 13:44:40,83.0,71.0,5.0,7.0
2021-08-05 13:44:41,61.0,47.0,8.0,6.0
2021-08-05 13:44:42,74.0,63.0,9.0,2.0
2021-08-05 13:44:43,96.0,83.0,9.0,4.0
2021-08-05 13:44:44,98.0,86.0,9.0,3.0
2021-08-05 13:44:45,83.0,70.0,7.0,6.0
2021-08-05 13:44:46,81.0,73.0,6.0,2.0
2021-08-05 13:44:47,77.0,62.0,10.0,5.0
2021-08-05 13:44:48,84.0,69.0,8.0,7.0
2021-08-05 13:44:49,76.0,68.0,3.0,5.0
2021-08-05 13:44:50,91.0,83.0,5.0,3.0
2021-08-05 13:44:51,82.0,71.0,6.0,5.0
2021-08-05 13:44:52,84.0,73.0,3.0,8.0
2021-08-05 13:44:53,63.0,53.0,6.0,4.0
2021-08-05 13:44:54,88.0,81.0,6.0,1.0
2021-08-05 13:44:55,75.0,69.0,5.0,1.0
2021-08-05 13:44:56,73.0,62.0,6.0,5.0
2021-08-05 13:44:57,72.0,61.0,6.0,5.0
2021-08-05 13:44:58,90.0,80.0,7.0,3.0
2021-08-05 13:44:59,69.0,60.0,5.0,4.0
2021-08-05 13:45:00,73.0,64.0,2.0,7.0
2021-08-05 13:45:01,82.0,75.0,4.0,3.0
2021-08-05 13:45:02,82.0,75.0,3.0,4.0
2021-08-05 13:45:03,83.0,63.0,10.0,10.0
2021-08-05 13:45:04,85.0,78.0,6.0,1.0
2021-08-05 13:45:05,86.0,75.0,7.0,4.0
2021-08-05 13:45:06,57.0,48.0,6.0,3.0
2021-08-05 13:45:07,90.0,82.0,3.0,5.0
2021-08-05 13:45:08,64.0,57.0,3.0,4.0
2021-08-05 13:45:09,72.0,62.0,6.0,4.0
2021-08-05 13:45:10,80.0,71.0,4.0,5.0
2021-08-05 13:45:11,67.0,62.0,3.0,2.0
2021-08-05 13:45:12,79.0,69.0,6.0,4.0
2021-08-05 13:45:13,77.0,65.0,7.0,5.0
2021-08-05 13:45:14,70.0,58.0,7.0,5.0
2021-08-05 13:45:15,72.0,59.0,7.0,6.0
2021-08-05 13:45:16,91.0,78.0,9.0,4.0
2021-08-05 13:45:17,76.0,64.0,2.0,10.0
2021-08-05 13:45:18,71.0,67.0,2.0,2.0
2021-08-05 13:45:19,62.0,60.0,1.0,1.0
2021-08-05 13:45:20,76.0,64.0,9.0,3.0
2021-08-05 13:45:21,79.0,69.0,4.0,6.0
2021-08-05 13:45:22,82.0,74.0,5.0,3.0
2021-08-05 13:45:23,75.0,61.0,8.0,6.0
2021-08-05 13:45:24,92.0,74.0,9.0,9.0
2021-08-05 13:45:25,84.0,76.0,5.0,3.0
2021-08-05 13:45:26,81.0,69.0,6.0,6.0
2021-08-05 13:45:27,77.0,68.0,7.0,2.0
2021-08-05 13:45:28,91.0,80.0,7.0,4.0
2021-08-05 13:45:29,70.0,60.0,3.0,7.0
2021-08-05 13:45:30,75.0,64.0,7.0,4.0
2021-08-05 13:45:31,80.0,70.0,5.0,5.0
2021-08-05 13:45:32,68.0,61.0,5.0,2.0
2021-08-05 13:45:33,83.0,73.0,7.0,3.0
2021-08-05 13:45:34,98.0,85.0,4.0,9.0
2021-08-05 13:45:35,80.0,74.0,4.0,2.0
2021-08-05 13:45:36,78.0,65.0,9.0,4.0
2021-08-05 13:45:37,99.0,87.0,7.0,5.0
2021-08-05 13:45:38,92.0,79.0,6.0,7.0
2021-08-05 13:45:39,84.0,76.0,3.0,5.0
2021-08-05 13:45:40,79.0,68.0,4.0,7.0
2021-08-05 13:45:41,95.0,78.0,9.0,8.0
2021-08-05 13:45:42,91.0,84.0,5.0,2.0
2021-08-05 13:45:43,78.0,66.0,7.0,5.0
2021-08-05 13:45:44,92.0,80.0,7.0,5.0
2021-08-05 13:45:45,82.0,73.0,5.0,4.0
2021-08-05 13:45:46,84.0,74.0,6.0,4.0
2021-08-05 13:45:47,84.0,77.0,4.0,3.0
2021-08-05 13:45:48,77.0,66.0,6.0,5.0
2021-08-05 13:45:49,76.0,68.0,5.0,3.0
2021-08-05 13:45:50,88.0,81.0,3.0,4.0
2021-08-05 13:45:51,78.0,70.0,5.0,3.0
2021-08-05 13:45:52,81.0,70.0,5.0,6.0
2021-08-05 13:45:53,88.0,72.0,8.0,8.0
2021-08-05 13:45:54,72.0,61.0,5.0,6.0
2021-08-05 13:45:55,95.0,86.0,5.0,4.0
2021-08-05 13:45:56,69.0,61.0,5.0,3.0
2021-08-05 13:45:57,91.0,86.0,2.0,3.0
2021-08-05 13:45:58,87.0,76.0,4.0,7.0
2021-08-05 13:45:59,84.0,73.0,6.0,5.0
2021-08-05 13:46:00,94.0,83.0,4.0,7.0
2021-08-05 13:46:01,116.0,100.0,9.0,7.0
2021-08-05 13:46:02,82.0,72.0,9.0,1.0
2021-08-05 13:46:03,73.0,65.0,3.0,5.0
2021-08-05 13:46:04,80.0,73.0,5.0,2.0
2021-08-05 13:46:05,95.0,84.0,5.0,6.0
2021-08-05 13:46:06,74.0,63.0,8.0,3.0
2021-08-05 13:46:07,100.0,92.0,7.0,1.0
2021-08-05 13:46:08,93.0,82.0,3.0,8.0
2021-08-05 13:46:09,80.0,67.0,9.0,4.0
2021-08-05 13:46:10,100.0,91.0,7.0,2.0
2021-08-05 13:46:11,63.0,51.0,8.0,4.0
2021-08-05 13:46:12,78.0,70.0,6.0,2.0
2021-08-05 13:46:13,89.0,79.0,5.0,5.0
2021-08-05 13:46:14,85.0,75.0,7.0,3.0
2021-08-05 13:46:15,88.0,78.0,6.0,4.0
2021-08-05 13:46:16,77.0,72.0,2.0,3.0
2021-08-05 13:46:17,83.0,71.0,10.0,2.0
2021-08-05 13:46:18,76.0,65.0,9.0,2.0
2021-08-05 13:46:19,79.0,67.0,6.0,6.0
2021-08-05 13:46:20,86.0,76.0,4.0,6.0
2021-08-05 13:46:21,85.0,77.0,5.0,3.0
2021-08-05 13:46:22,78.0,69.0,7.0,2.0
2021-08-05 13:46:23,89.0,81.0,5.0,3.0
2021-08-05 13:46:24,79.0,68.0,5.0,6.0
2021-08-05 13:46:25,82.0,73.0,5.0,4.0
2021-08-05 13:46:26,72.0,64.0,3.0,5.0
2021-08-05 13:46:27,80.0,71.0,6.0,3.0
2021-08-05 13:46:28,80.0,74.0,3.0,3.0
2021-08-05 13:46:29,91.0,75.0,13.0,3.0
2021-08-05 13:46:30,81.0,61.0,10.0,10.0
2021-08-05 13:46:31,73.0,69.0,1.0,3.0
2021-08-05 13:46:32,72.0,63.0,5.0,4.0
2021-08-05 13:46:33,80.0,70.0,6.0,4.0
2021-08-05 13:46:34,100.0,85.0,11.0,4.0
2021-08-05 13:46:35,88.0,78.0,5.0,5.0
2021-08-05 13:46:36,74.0,65.0,5.0,4.0
2021-08-05 13:46:37,89.0,74.0,11.0,4.0
2021-08-05 13:46:38,73.0,65.0,2.0,6.0
2021-08-05 13:46:39,78.0,71.0,4.0,3.0
2021-08-05 13:46:40,75.0,71.0,2.0,2.0
2021-08-05 13:46:41,84.0,75.0,5.0,4.0
2021-08-05 13:46:42,90.0,81.0,7.0,2.0
2021-08-05 13:46:43,93.0,78.0,9.0,6.0
2021-08-05 13:46:44,77.0,69.0,3.0,5.0
2021-08-05 13:46:45,77.0,66.0,7.0,4.0
2021-08-05 13:46:46,89.0,80.0,6.0,3.0
2021-08-05 13:46:47,97.0,81.0,9.0,7.0
2021-08-05 13:46:48,87.0,74.0,10.0,3.0
2021-08-05 13:46:49,74.0,63.0,5.0,6.0
2021-08-05 13:46:50,89.0,70.0,13.0,6.0
2021-08-05 13:46:51,88.0,71.0,12.0,5.0
2021-08-05 13:46:52,77.0,70.0,3.0,4.0
2021-08-05 13:46:53,97.0,81.0,12.0,4.0
2021-08-05 13:46:54,75.0,56.0,11.0,8.0
2021-08-05 13:46:55,65.0,52.0,10.0,3.0
2021-08-05 13:46:56,91.0,81.0,5.0,5.0
2021-08-05 13:46:57,63.0,55.0,4.0,4.0
2021-08-05 13:46:58,90.0,80.0,7.0,3.0
2021-08-05 13:46:59,72.0,67.0,3.0,2.0
2021-08-05 13:47:00,89.0,82.0,6.0,1.0
2021-08-05 13:47:01,72.0,61.0,6.0,5.0
2021-08-05 13:47:02,108.0,93.0,7.0,8.0
2021-08-05 13:47:03,85.0,78.0,5.0,2.0
2021-08-05 13:47:04,70.0,57.0,8.0,5.0
2021-08-05 13:47:05,99.0,85.0,7.0,7.0
2021-08-05 13:47:06,81.0,69.0,9.0,3.0
2021-08-05 13:47:07,94.0,81.0,8.0,5.0
2021-08-05 13:47:08,84.0,72.0,8.0,4.0
2021-08-05 13:47:09,78.0,73.0,4.0,1.0
2021-08-05 13:47:10,90.0,75.0,10.0,5.0
2021-08-05 13:47:11,75.0,67.0,4.0,4.0
2021-08-05 13:47:12,92.0,81.0,6.0,5.0
2021-08-05 13:47:13,83.0,72.0,5.0,6.0
2021-08-05 13:47:14,102.0,95.0,3.0,4.0
2021-08-05 13:47:15,86.0,77.0,6.0,3.0
2021-08-05 13:47:16,68.0,59.0,5.0,4.0
2021-08-05 13:47:17,84.0,72.0,8.0,4.0
2021-08-05 13:47:18,88.0,81.0,3.0,4.0
2021-08-05 13:47:19,87.0,80.0,5.0,2.0
2021-08-05 13:47:20,61.0,55.0,5.0,1.0
2021-08-05 13:47:21,74.0,69.0,3.0,2.0
2021-08-05 13:47:22,91.0,84.0,2.0,5.0
2021-08-05 13:47:23,92.0,78.0,8.0,6.0
2021-08-05 13:47:24,82.0,75.0,4.0,3.0
2021-08-05 13:47:25,95.0,75.0,14.0,6.0
2021-08-05 13:47:26,95.0,84.0,8.0,3.0
2021-08-05 13:47:27,80.0,67.0,9.0,4.0
2021-08-05 13:47:28,95.0,84.0,6.0,5.0
2021-08-05 13:47:29,85.0,73.0,9.0,3.0
2021-08-05 13:47:30,78.0,69.0,3.0,6.0
2021-08-05 13:47:31,83.0,69.0,8.0,6.0
2021-08-05 13:47:32,82.0,78.0,1.0,3.0
2021-08-05 13:47:33,96.0,88.0,4.0,4.0
2021-08-05 13:47:34,80.0,66.0,5.0,9.0
2021-08-05 13:47:35,86.0,74.0,8.0,4.0
2021-08-05 13:47:36,70.0,60.0,4.0,6.0
2021-08-05 13:47:37,98.0,86.0,6.0,6.0
2021-08-05 13:47:38,88.0,76.0,9.0,3.0
2021-08-05 13:47:39,71.0,63.0,4.0,4.0
2021-08-05 13:47:40,94.0,82.0,8.0,4.0
2021-08-05 13:47:41,79.0,72.0,3.0,4.0
2021-08-05 13:47:42,98.0,86.0,9.0,3.0
2021-08-05 13:47:43,87.0,76.0,7.0,4.0
2021-08-05 13:47:44,85.0,73.0,7.0,5.0
2021-08-05 13:47:45,77.0,67.0,7.0,3.0
2021-08-05 13:47:46,92.0,79.0,8.0,5.0
2021-08-05 13:47:47,97.0,86.0,8.0,3.0
2021-08-05 13:47:48,67.0,60.0,5.0,2.0
2021-08-05 13:47:49,83.0,73.0,7.0,3.0
2021-08-05 13:47:50,77.0,68.0,4.0,5.0
2021-08-05 13:47:51,87.0,72.0,8.0,7.0
2021-08-05 13:47:52,83.0,72.0,7.0,4.0
2021-08-05 13:47:53,95.0,84.0,7.0,4.0
2021-08-05 13:47:54,84.0,73.0,6.0,5.0
2021-08-05 13:47:55,80.0,64.0,7.0,9.0
2021-08-05 13:47:56,100.0,86.0,6.0,8.0
2021-08-05 13:47:57,81.0,71.0,7.0,3.0
2021-08-05 13:47:58,85.0,75.0,5.0,5.0
2021-08-05 13:47:59,83.0,79.0,2.0,2.0
2021-08-05 13:48:00,89.0,84.0,1.0,4.0
2021-08-05 13:48:01,76.0,61.0,8.0,7.0
2021-08-05 13:48:02,83.0,67.0,8.0,8.0
2021-08-05 13:48:03,80.0,71.0,5.0,4.0
2021-08-05 13:48:04,91.0,73.0,13.0,5.0
2021-08-05 13:48:05,88.0,77.0,6.0,5.0
2021-08-05 13:48:06,74.0,64.0,3.0,7.0
2021-08-05 13:48:07,83.0,77.0,2.0,4.0
2021-08-05 13:48:08,76.0,65.0,7.0,4.0
2021-08-05 13:48:09,76.0,62.0,11.0,3.0
2021-08-05 13:48:10,74.0,59.0,11.0,4.0
2021-08-05 13:48:11,94.0,82.0,7.0,5.0
2021-08-05 13:48:12,68.0,54.0,7.0,7.0
2021-08-05 13:48:13,66.0,59.0,4.0,3.0
2021-08-05 13:48:14,115.0,97.0,11.0,7.0
2021-08-05 13:48:15,79.0,72.0,4.0,3.0
2021-08-05 13:48:16,83.0,72.0,6.0,5.0
2021-08-05 13:48:17,83.0,72.0,6.0,5.0
2021-08-05 13:48:18,82.0,74.0,5.0,3.0
2021-08-05 13:48:19,77.0,67.0,5.0,5.0
2021-08-05 13:48:20,77.0,67.0,6.0,4.0
2021-08-05 13:48:21,80.0,71.0,7.0,2.0
2021-08-05 13:48:22,83.0,72.0,5.0,6.0
2021-08-05 13:48:23,104.0,96.0,4.0,4.0
2021-08-05 13:48:24,81.0,70.0,4.0,7.0
2021-08-05 13:48:25,78.0,68.0,7.0,3.0
2021-08-05 13:48:26,87.0,75.0,4.0,8.0
2021-08-05 13:48:27,83.0,75.0,5.0,3.0
2021-08-05 13:48:28,67.0,61.0,4.0,2.0
2021-08-05 13:48:29,80.0,71.0,4.0,5.0
2021-08-05 13:48:30,97.0,87.0,8.0,2.0
2021-08-05 13:48:31,87.0,80.0,4.0,3.0
2021-08-05 13:48:32,83.0,69.0,9.0,5.0
2021-08-05 13:48:33,63.0,56.0,7.0,0.0
2021-08-05 13:48:34,76.0,65.0,7.0,4.0
2021-08-05 13:48:35,69.0,63.0,5.0,1.0
2021-08-05 13:48:36,82.0,74.0,6.0,2.0
2021-08-05 13:48:37,65.0,54.0,3.0,8.0
2021-08-05 13:48:38,90.0,81.0,6.0,3.0
2021-08-05 13:48:39,74.0,59.0,11.0,4.0
2021-08-05 13:48:40,84.0,77.0,2.0,5.0
2021-08-05 13:48:41,91.0,79.0,6.0,6.0
2021-08-05 13:48:42,91.0,77.0,10.0,4.0
2021-08-05 13:48:43,86.0,73.0,4.0,9.0
2021-08-05 13:48:44,82.0,74.0,5.0,3.0
2021-08-05 13:48:45,77.0,67.0,5.0,5.0
2021-08-05 13:48:46,83.0,71.0,6.0,6.0
2021-08-05 13:48:47,78.0,65.0,12.0,1.0
2021-08-05 13:48:48,85.0,69.0,7.0,9.0
2021-08-05 13:48:49,79.0,67.0,7.0,5.0
2021-08-05 13:48:50,76.0,65.0,4.0,7.0
2021-08-05 13:48:51,75.0,62.0,9.0,4.0
2021-08-05 13:48:52,76.0,67.0,6.0,3.0
2021-08-05 13:48:53,91.0,76.0,7.0,8.0
2021-08-05 13:48:54,98.0,85.0,8.0,5.0
2021-08-05 13:48:55,93.0,84.0,6.0,3.0
2021-08-05 13:48:56,81.0,70.0,6.0,5.0
2021-08-05 13:48:57,59.0,50.0,6.0,3.0
2021-08-05 13:48:58,77.0,66.0,5.0,6.0
2021-08-05 13:48:59,86.0,77.0,5.0,4.0
2021-08-05 13:49:00,71.0,64.0,6.0,1.0
2021-08-05 13:49:01,82.0,73.0,4.0,5.0
2021-08-05 13:49:02,80.0,66.0,9.0,5.0
2021-08-05 13:49:03,91.0,86.0,5.0,0.0
2021-08-05 13:49:04,68.0,63.0,4.0,1.0
2021-08-05 13:49:05,65.0,56.0,5.0,4.0
2021-08-05 13:49:06,78.0,63.0,6.0,9.0
2021-08-05 13:49:07,79.0,68.0,6.0,5.0
2021-08-05 13:49:08,67.0,55.0,10.0,2.0
2021-08-05 13:49:09,75.0,67.0,6.0,2.0
2021-08-05 13:49:10,72.0,62.0,8.0,2.0
2021-08-05 13:49:11,68.0,62.0,5.0,1.0
2021-08-05 13:49:12,88.0,77.0,7.0,4.0
2021-08-05 13:49:13,88.0,78.0,5.0,5.0
2021-08-05 13:49:14,88.0,75.0,10.0,3.0
2021-08-05 13:49:15,71.0,52.0,9.0,10.0
2021-08-05 13:49:16,91.0,77.0,9.0,5.0
2021-08-05 13:49:17,69.0,60.0,5.0,4.0
2021-08-05 13:49:18,79.0,65.0,9.0,5.0
2021-08-05 13:49:19,77.0,69.0,4.0,4.0
2021-08-05 13:49:20,87.0,81.0,4.0,2.0
2021-08-05 13:49:21,91.0,72.0,8.0,11.0
2021-08-05 13:49:22,68.0,60.0,4.0,4.0
2021-08-05 13:49:23,81.0,71.0,6.0,4.0
2021-08-05 13:49:24,84.0,77.0,4.0,3.0
2021-08-05 13:49:25,100.0,84.0,9.0,7.0
2021-08-05 13:49:26,80.0,70.0,7.0,3.0
2021-08-05 13:49:27,101.0,85.0,7.0,9.0
2021-08-05 13:49:28,81.0,73.0,6.0,2.0
2021-08-05 13:49:29,90.0,75.0,8.0,7.0
2021-08-05 13:49:30,78.0,68.0,10.0,0.0
2021-08-05 13:49:31,88.0,72.0,12.0,4.0
2021-08-05 13:49:32,92.0,79.0,8.0,5.0
2021-08-05 13:49:33,88.0,80.0,5.0,3.0
2021-08-05 13:49:34,96.0,79.0,10.0,7.0
2021-08-05 13:49:35,67.0,57.0,4.0,6.0
2021-08-05 13:49:36,89.0,80.0,5.0,4.0
2021-08-05 13:49:37,84.0,77.0,3.0,4.0
2021-08-05 13:49:38,87.0,77.0,9.0,1.0
2021-08-05 13:49:39,89.0,80.0,6.0,3.0
2021-08-05 13:49:40,78.0,67.0,8.0,3.0
2021-08-05 13:49:41,82.0,74.0,6.0,2.0
2021-08-05 13:49:42,95.0,80.0,11.0,4.0
2021-08-05 13:49:43,89.0,79.0,5.0,5.0
2021-08-05 13:49:44,76.0,65.0,6.0,5.0
2021-08-05 13:49:45,77.0,65.0,6.0,6.0
2021-08-05 13:49:46,77.0,66.0,5.0,6.0
2021-08-05 13:49:47,83.0,71.0,5.0,7.0
2021-08-05 13:49:48,81.0,73.0,6.0,2.0
2021-08-05 13:49:49,78.0,68.0,5.0,5.0
2021-08-05 13:49:50,76.0,68.0,7.0,1.0
2021-08-05 13:49:51,66.0,58.0,5.0,3.0
2021-08-05 13:49:52,86.0,73.0,5.0,8.0
2021-08-05 13:49:53,85.0,77.0,5.0,3.0
2021-08-05 13:49:54,69.0,62.0,3.0,4.0
2021-08-05 13:49:55,82.0,74.0,2.0,6.0
2021-08-05 13:49:56,83.0,70.0,5.0,8.0
2021-08-05 13:49:57,92.0,79.0,9.0,4.0
2021-08-05 13:49:58,98.0,79.0,12.0,7.0
2021-08-05 13:49:59,67.0,60.0,3.0,4.0
2021-08-05 13:50:00,87.0,68.0,7.0,12.0
2021-08-05 13:50:01,73.0,68.0,3.0,2.0
2021-08-05 13:50:02,82.0,69.0,8.0,5.0
2021-08-05 13:50:03,97.0,85.0,9.0,3.0
2021-08-05 13:50:04,91.0,81.0,9.0,1.0
2021-08-05 13:50:05,69.0,65.0,2.0,2.0
2021-08-05 13:50:06,93.0,83.0,6.0,4.0
2021-08-05 13:50:07,96.0,83.0,6.0,7.0
2021-08-05 13:50:08,78.0,71.0,3.0,4.0
2021-08-05 13:50:09,82.0,73.0,5.0,4.0
2021-08-05 13:50:10,93.0,83.0,4.0,6.0
2021-08-05 13:50:11,106.0,98.0,6.0,2.0
2021-08-05 13:50:12,67.0,60.0,3.0,4.0
2021-08-05 13:50:13,80.0,69.0,6.0,5.0
2021-08-05 13:50:14,77.0,67.0,6.0,4.0
2021-08-05 13:50:15,84.0,75.0,6.0,3.0
2021-08-05 13:50:16,82.0,77.0,3.0,2.0
2021-08-05 13:50:17,81.0,74.0,4.0,3.0
2021-08-05 13:50:18,74.0,69.0,2.0,3.0
2021-08-05 13:50:19,77.0,68.0,5.0,4.0
2021-08-05 13:50:20,63.0,54.0,4.0,5.0
2021-08-05 13:50:21,93.0,81.0,7.0,5.0
2021-08-05 13:50:22,81.0,73.0,2.0,6.0
2021-08-05 13:50:23,74.0,67.0,5.0,2.0
2021-08-05 13:50:24,75.0,70.0,1.0,4.0
2021-08-05 13:50:25,72.0,63.0,7.0,2.0
2021-08-05 13:50:26,93.0,81.0,9.0,3.0
2021-08-05 13:50:27,89.0,80.0,6.0,3.0
2021-08-05 13:50:28,91.0,81.0,7.0,3.0
2021-08-05 13:50:29,87.0,70.0,11.0,6.0
2021-08-05 13:50:30,69.0,58.0,7.0,4.0
2021-08-05 13:50:31,70.0,61.0,6.0,3.0
2021-08-05 13:50:32,87.0,74.0,8.0,5.0
2021-08-05 13:50:33,83.0,71.0,7.0,5.0
2021-08-05 13:50:34,86.0,75.0,8.0,3.0
2021-08-05 13:50:35,78.0,69.0,5.0,4.0
2021-08-05 13:50:36,84.0,71.0,7.0,6.0
2021-08-05 13:50:37,71.0,63.0,5.0,3.0
2021-08-05 13:50:38,77.0,67.0,9.0,1.0
2021-08-05 13:50:39,86.0,81.0,3.0,2.0
2021-08-05 13:50:40,85.0,74.0,6.0,5.0
2021-08-05 13:50:41,94.0,77.0,10.0,7.0
2021-08-05 13:50:42,84.0,73.0,7.0,4.0
2021-08-05 13:50:43,81.0,73.0,6.0,2.0
2021-08-05 13:50:44,71.0,65.0,0.0,6.0
2021-08-05 13:50:45,98.0,86.0,11.0,1.0
2021-08-05 13:50:46,80.0,72.0,7.0,1.0
2021-08-05 13:50:47,98.0,89.0,5.0,4.0
2021-08-05 13:50:48,82.0,74.0,4.0,4.0
2021-08-05 13:50:49,96.0,86.0,5.0,5.0
2021-08-05 13:50:50,79.0,65.0,8.0,6.0
2021-08-05 13:50:51,80.0,69.0,10.0,1.0
2021-08-05 13:50:52,81.0,72.0,7.0,2.0
2021-08-05 13:50:53,84.0,70.0,9.0,5.0
2021-08-05 13:50:54,68.0,57.0,6.0,5.0
2021-08-05 13:50:55,74.0,67.0,3.0,4.0
2021-08-05 13:50:56,99.0,88.0,8.0,3.0
2021-08-05 13:50:57,76.0,65.0,7.0,4.0
2021-08-05 13:50:58,85.0,74.0,5.0,6.0
2021-08-05 13:50:59,79.0,66.0,5.0,8.0
2021-08-05 13:51:00,82.0,74.0,4.0,4.0
2021-08-05 13:51:01,73.0,60.0,8.0,5.0
2021-08-05 13:51:02,92.0,85.0,3.0,4.0
2021-08-05 13:51:03,101.0,94.0,6.0,1.0
2021-08-05 13:51:04,72.0,66.0,5.0,1.0
2021-08-05 13:51:05,62.0,49.0,12.0,1.0
2021-08-05 13:51:06,85.0,74.0,9.0,2.0
2021-08-05 13:51:07,84.0,74.0,8.0,2.0
2021-08-05 13:51:08,75.0,63.0,11.0,1.0
2021-08-05 13:51:09,87.0,78.0,7.0,2.0
2021-08-05 13:51:10,91.0,81.0,4.0,6.0
2021-08-05 13:51:11,83.0,76.0,2.0,5.0
2021-08-05 13:51:12,86.0,72.0,6.0,8.0
2021-08-05 13:51:13,79.0,70.0,6.0,3.0
2021-08-05 13:51:14,79.0,72.0,6.0,1.0
2021-08-05 13:51:15,91.0,73.0,9.0,9.0
2021-08-05 13:51:16,89.0,78.0,5.0,6.0
2021-08-05 13:51:17,77.0,69.0,6.0,2.0
2021-08-05 13:51:18,87.0,78.0,6.0,3.0
2021-08-05 13:51:19,89.0,73.0,9.0,7.0
2021-08-05 13:51:20,76.0,62.0,5.0,9.0
2021-08-05 13:51:21,81.0,68.0,4.0,9.0
2021-08-05 13:51:22,70.0,65.0,2.0,3.0
2021-08-05 13:51:23,79.0,71.0,6.0,2.0
2021-08-05 13:51:24,91.0,78.0,11.0,2.0
2021-08-05 13:51:25,84.0,76.0,5.0,3.0
2021-08-05 13:51:26,89.0,77.0,8.0,4.0
2021-08-05 13:51:27,79.0,71.0,5.0,3.0
2021-08-05 13:51:28,86.0,77.0,5.0,4.0
2021-08-05 13:51:29,76.0,68.0,5.0,3.0
2021-08-05 13:51:30,101.0,88.0,6.0,7.0
2021-08-05 13:51:31,88.0,79.0,6.0,3.0
2021-08-05 13:51:32,97.0,88.0,2.0,7.0
2021-08-05 13:51:33,99.0,82.0,12.0,5.0
2021-08-05 13:51:34,73.0,61.0,8.0,4.0
2021-08-05 13:51:35,86.0,71.0,10.0,5.0
2021-08-05 13:51:36,77.0,66.0,6.0,5.0
2021-08-05 13:51:37,77.0,60.0,12.0,5.0
2021-08-05 13:51:38,75.0,61.0,9.0,5.0
2021-08-05 13:51:39,88.0,71.0,10.0,7.0
2021-08-05 13:51:40,77.0,70.0,5.0,2.0
2021-08-05 13:51:41,112.0,100.0,8.0,4.0
2021-08-05 13:51:42,77.0,64.0,10.0,3.0
2021-08-05 13:51:43,78.0,74.0,3.0,1.0
2021-08-05 13:51:44,80.0,73.0,2.0,5.0
2021-08-05 13:51:45,85.0,74.0,6.0,5.0
2021-08-05 13:51:46,85.0,72.0,8.0,5.0
2021-08-05 13:51:47,74.0,64.0,5.0,5.0
2021-08-05 13:51:48,72.0,61.0,8.0,3.0
2021-08-05 13:51:49,81.0,67.0,8.0,6.0
2021-08-05 13:51:50,75.0,69.0,2.0,4.0
2021-08-05 13:51:51,85.0,72.0,12.0,1.0
2021-08-05 13:51:52,88.0,75.0,5.0,8.0
2021-08-05 13:51:53,97.0,84.0,11.0,2.0
2021-08-05 13:51:54,94.0,86.0,5.0,3.0
2021-08-05 13:51:55,66.0,57.0,6.0,3.0
2021-08-05 13:51:56,81.0,62.0,11.0,8.0
2021-08-05 13:51:57,84.0,70.0,8.0,6.0
2021-08-05 13:51:58,72.0,64.0,8.0,0.0
2021-08-05 13:51:59,78.0,68.0,7.0,3.0
2021-08-05 13:52:00,80.0,70.0,5.0,5.0
2021-08-05 13:52:01,82.0,76.0,5.0,1.0
2021-08-05 13:52:02,77.0,64.0,8.0,5.0
2021-08-05 13:52:03,77.0,65.0,10.0,2.0
2021-08-05 13:52:04,85.0,77.0,4.0,4.0
2021-08-05 13:52:05,85.0,79.0,2.0,4.0
2021-08-05 13:52:06,78.0,65.0,8.0,5.0
2021-08-05 13:52:07,81.0,69.0,7.0,5.0
2021-08-05 13:52:08,89.0,74.0,6.0,9.0
2021-08-05 13:52:09,93.0,82.0,5.0,6.0
2021-08-05 13:52:10,86.0,82.0,4.0,0.0
2021-08-05 13:52:11,77.0,64.0,7.0,6.0
2021-08-05 13:52:12,78.0,67.0,6.0,5.0
2021-08-05 13:52:13,62.0,53.0,5.0,4.0
2021-08-05 13:52:14,77.0,70.0,5.0,2.0
2021-08-05 13:52:15,77.0,68.0,6.0,3.0
2021-08-05 13:52:16,90.0,80.0,6.0,4.0
2021-08-05 13:52:17,88.0,81.0,4.0,3.0
2021-08-05 13:52:18,88.0,78.0,7.0,3.0
2021-08-05 13:52:19,80.0,73.0,4.0,3.0
2021-08-05 13:52:20,78.0,67.0,7.0,4.0
2021-08-05 13:52:21,80.0,69.0,9.0,2.0
2021-08-05 13:52:22,88.0,75.0,10.0,3.0
2021-08-05 13:52:23,92.0,83.0,6.0,3.0
2021-08-05 13:52:24,89.0,76.0,6.0,7.0
2021-08-05 13:52:25,82.0,69.0,9.0,4.0
2021-08-05 13:52:26,102.0,85.0,9.0,8.0
2021-08-05 13:52:27,80.0,67.0,10.0,3.0
2021-08-05 13:52:28,79.0,65.0,10.0,4.0
2021-08-05 13:52:29,91.0,78.0,5.0,8.0
2021-08-05 13:52:30,83.0,76.0,2.0,5.0
2021-08-05 13:52:31,105.0,87.0,10.0,8.0
2021-08-05 13:52:32,96.0,83.0,11.0,2.0
2021-08-05 13:52:33,76.0,66.0,6.0,4.0
2021-08-05 13:52:34,76.0,70.0,4.0,2.0
2021-08-05 13:52:35,89.0,77.0,9.0,3.0
2021-08-05 13:52:36,71.0,64.0,5.0,2.0
2021-08-05 13:52:37,91.0,82.0,5.0,4.0
2021-08-05 13:52:38,85.0,71.0,7.0,7.0
2021-08-05 13:52:39,72.0,61.0,5.0,6.0
2021-08-05 13:52:40,74.0,69.0,4.0,1.0
2021-08-05 13:52:41,84.0,76.0,5.0,3.0
2021-08-05 13:52:42,85.0,71.0,7.0,7.0
2021-08-05 13:52:43,87.0,74.0,9.0,4.0
2021-08-05 13:52:44,72.0,64.0,4.0,4.0
2021-08-05 13:52:45,86.0,70.0,8.0,8.0
2021-08-05 13:52:46,90.0,73.0,12.0,5.0
2021-08-05 13:52:47,95.0,84.0,7.0,4.0
2021-08-05 13:52:48,92.0,84.0,3.0,5.0
2021-08-05 13:52:49,87.0,76.0,4.0,7.0
2021-08-05 13:52:50,88.0,74.0,12.0,2.0
2021-08-05 13:52:51,75.0,64.0,6.0,5.0
2021-08-05 13:52:52,99.0,88.0,7.0,4.0
2021-08-05 13:52:53,67.0,60.0,6.0,1.0
2021-08-05 13:52:54,100.0,89.0,6.0,5.0
2021-08-05 13:52:55,84.0,72.0,10.0,2.0
2021-08-05 13:52:56,73.0,68.0,3.0,2.0
2021-08-05 13:52:57,79.0,67.0,7.0,5.0
2021-08-05 13:52:58,105.0,88.0,9.0,8.0
2021-08-05 13:52:59,99.0,87.0,10.0,2.0
2021-08-05 13:53:00,88.0,81.0,4.0,3.0
2021-08-05 13:53:01,97.0,80.0,12.0,5.0
2021-08-05 13:53:02,80.0,70.0,6.0,4.0
2021-08-05 13:53:03,82.0,71.0,8.0,3.0
2021-08-05 13:53:04,77.0,71.0,3.0,3.0
2021-08-05 13:53:05,86.0,76.0,6.0,4.0
2021-08-05 13:53:06,86.0,71.0,11.0,4.0
2021-08-05 13:53:07,86.0,79.0,3.0,4.0
2021-08-05 13:53:08,89.0,79.0,5.0,5.0
2021-08-05 13:53:09,95.0,85.0,5.0,5.0
2021-08-05 13:53:10,88.0,70.0,10.0,8.0
2021-08-05 13:53:11,105.0,89.0,11.0,5.0
2021-08-05 13:53:12,71.0,60.0,4.0,7.0
2021-08-05 13:53:13,79.0,70.0,4.0,5.0
2021-08-05 13:53:14,94.0,81.0,7.0,6.0
2021-08-05 13:53:15,50.0,46.0,0.0,4.0
2021-08-05 13:53:16,82.0,69.0,9.0,4.0
2021-08-05 13:53:17,102.0,90.0,7.0,5.0
2021-08-05 13:53:18,99.0,86.0,8.0,5.0
2021-08-05 13:53:19,79.0,66.0,8.0,5.0
2021-08-05 13:53:20,81.0,73.0,4.0,4.0
2021-08-05 13:53:21,69.0,62.0,3.0,4.0
2021-08-05 13:53:22,75.0,70.0,5.0,0.0
2021-08-05 13:53:23,97.0,82.0,10.0,5.0
2021-08-05 13:53:24,82.0,70.0,10.0,2.0
2021-08-05 13:53:25,83.0,70.0,8.0,5.0
2021-08-05 13:53:26,64.0,55.0,5.0,4.0
2021-08-05 13:53:27,81.0,70.0,5.0,6.0
2021-08-05 13:53:28,72.0,66.0,1.0,5.0
2021-08-05 13:53:29,87.0,78.0,7.0,2.0
2021-08-05 13:53:30,72.0,64.0,6.0,2.0
2021-08-05 13:53:31,68.0,60.0,4.0,4.0
2021-08-05 13:53:32,79.0,67.0,9.0,3.0
2021-08-05 13:53:33,101.0,91.0,6.0,4.0
2021-08-05 13:53:34,74.0,65.0,5.0,4.0
2021-08-05 13:53:35,80.0,63.0,13.0,4.0
2021-08-05 13:53:36,84.0,71.0,10.0,3.0
2021-08-05 13:53:37,90.0,74.0,8.0,8.0
2021-08-05 13:53:38,86.0,69.0,10.0,7.0
2021-08-05 13:53:39,88.0,78.0,4.0,6.0
2021-08-05 13:53:40,71.0,67.0,1.0,3.0
2021-08-05 13:53:41,103.0,93.0,8.0,2.0
2021-08-05 13:53:42,89.0,76.0,6.0,7.0
2021-08-05 13:53:43,78.0,67.0,6.0,5.0
2021-08-05 13:53:44,85.0,79.0,2.0,4.0
2021-08-05 13:53:45,89.0,79.0,4.0,6.0
2021-08-05 13:53:46,70.0,62.0,5.0,3.0
2021-08-05 13:53:47,85.0,74.0,9.0,2.0
2021-08-05 13:53:48,80.0,66.0,6.0,8.0
2021-08-05 13:53:49,72.0,60.0,10.0,2.0
2021-08-05 13:53:50,94.0,84.0,8.0,2.0
2021-08-05 13:53:51,78.0,66.0,6.0,6.0
2021-08-05 13:53:52,83.0,72.0,6.0,5.0
2021-08-05 13:53:53,90.0,74.0,12.0,4.0
2021-08-05 13:53:54,92.0,79.0,9.0,4.0
2021-08-05 13:53:55,90.0,83.0,7.0,0.0
2021-08-05 13:53:56,78.0,73.0,1.0,4.0
2021-08-05 13:53:57,75.0,62.0,8.0,5.0
2021-08-05 13:53:58,83.0,75.0,7.0,1.0
2021-08-05 13:53:59,72.0,63.0,7.0,2.0
2021-08-05 13:54:00,71.0,62.0,5.0,4.0
2021-08-05 13:54:01,74.0,60.0,6.0,8.0
2021-08-05 13:54:02,88.0,80.0,5.0,3.0
2021-08-05 13:54:03,75.0,63.0,6.0,6.0
2021-08-05 13:54:04,79.0,67.0,5.0,7.0
2021-08-05 13:54:05,65.0,59.0,3.0,3.0
2021-08-05 13:54:06,55.0,50.0,3.0,2.0
2021-08-05 13:54:07,81.0,74.0,3.0,4.0
2021-08-05 13:54:08,81.0,72.0,5.0,4.0
2021-08-05 13:54:09,72.0,60.0,7.0,5.0
2021-08-05 13:54:10,83.0,75.0,5.0,3.0
2021-08-05 13:54:11,96.0,87.0,6.0,3.0
2021-08-05 13:54:12,96.0,82.0,8.0,6.0
2021-08-05 13:54:13,85.0,76.0,4.0,5.0
2021-08-05 13:54:14,68.0,52.0,10.0,6.0
2021-08-05 13:54:15,67.0,59.0,6.0,2.0
2021-08-05 13:54:16,72.0,64.0,6.0,2.0
2021-08-05 13:54:17,71.0,66.0,3.0,2.0
2021-08-05 13:54:18,76.0,71.0,2.0,3.0
2021-08-05 13:54:19,77.0,69.0,5.0,3.0
2021-08-05 13:54:20,89.0,76.0,6.0,7.0
2021-08-05 13:54:21,101.0,90.0,9.0,2.0
2021-08-05 13:54:22,85.0,73.0,6.0,6.0
2021-08-05 13:54:23,83.0,70.0,6.0,7.0
2021-08-05 13:54:24,97.0,85.0,6.0,6.0
2021-08-05 13:54:25,74.0,64.0,7.0,3.0
2021-08-05 13:54:26,73.0,63.0,5.0,5.0
2021-08-05 13:54:27,72.0,63.0,6.0,3.0
2021-08-05 13:54:28,87.0,77.0,7.0,3.0
2021-08-05 13:54:29,79.0,66.0,8.0,5.0
2021-08-05 13:54:30,88.0,74.0,9.0,5.0
2021-08-05 13:54:31,83.0,71.0,7.0,5.0
2021-08-05 13:54:32,74.0,67.0,4.0,3.0
2021-08-05 13:54:33,71.0,64.0,5.0,2.0
2021-08-05 13:54:34,74.0,63.0,8.0,3.0
2021-08-05 13:54:35,70.0,60.0,4.0,6.0
2021-08-05 13:54:36,92.0,81.0,2.0,9.0
2021-08-05 13:54:37,80.0,68.0,9.0,3.0
2021-08-05 13:54:38,82.0,77.0,3.0,2.0
2021-08-05 13:54:39,80.0,71.0,5.0,4.0
2021-08-05 13:54:40,87.0,75.0,8.0,4.0
2021-08-05 13:54:41,69.0,55.0,5.0,9.0
2021-08-05 13:54:42,78.0,64.0,7.0,7.0
2021-08-05 13:54:43,66.0,51.0,11.0,4.0
2021-08-05 13:54:44,78.0,70.0,6.0,2.0
2021-08-05 13:54:45,84.0,68.0,11.0,5.0
2021-08-05 13:54:46,68.0,63.0,4.0,1.0
2021-08-05 13:54:47,91.0,75.0,9.0,7.0
2021-08-05 13:54:48,82.0,70.0,9.0,3.0
2021-08-05 13:54:49,74.0,58.0,11.0,5.0
2021-08-05 13:54:50,91.0,82.0,5.0,4.0
2021-08-05 13:54:51,91.0,79.0,7.0,5.0
2021-08-05 13:54:52,70.0,59.0,6.0,5.0
2021-08-05 13:54:53,91.0,74.0,10.0,7.0
2021-08-05 13:54:54,68.0,59.0,4.0,5.0
2021-08-05 13:54:55,83.0,71.0,9.0,3.0
2021-08-05 13:54:56,80.0,69.0,8.0,3.0
2021-08-05 13:54:57,87.0,76.0,10.0,1.0
2021-08-05 13:54:58,70.0,59.0,8.0,3.0
2021-08-05 13:54:59,86.0,74.0,8.0,4.0
2021-08-05 13:55:00,65.0,54.0,8.0,3.0
2021-08-05 13:55:01,67.0,56.0,8.0,3.0
2021-08-05 13:55:02,90.0,79.0,8.0,3.0
2021-08-05 13:55:03,65.0,57.0,4.0,4.0
2021-08-05 13:55:04,73.0,63.0,6.0,4.0
2021-08-05 13:55:05,90.0,71.0,13.0,6.0
2021-08-05 13:55:06,83.0,71.0,6.0,6.0
2021-08-05 13:55:07,72.0,64.0,5.0,3.0
2021-08-05 13:55:08,64.0,56.0,4.0,4.0
2021-08-05 13:55:09,88.0,78.0,7.0,3.0
2021-08-05 13:55:10,93.0,85.0,4.0,4.0
2021-08-05 13:55:11,77.0,68.0,6.0,3.0
2021-08-05 13:55:12,82.0,72.0,9.0,1.0
2021-08-05 13:55:13,85.0,75.0,7.0,3.0
2021-08-05 13:55:14,76.0,65.0,7.0,4.0
2021-08-05 13:55:15,80.0,67.0,8.0,5.0
2021-08-05 13:55:16,97.0,87.0,7.0,3.0
2021-08-05 13:55:17,81.0,66.0,8.0,7.0
2021-08-05 13:55:18,66.0,57.0,7.0,2.0
2021-08-05 13:55:19,73.0,65.0,8.0,0.0
2021-08-05 13:55:20,79.0,72.0,4.0,3.0
2021-08-05 13:55:21,79.0,70.0,7.0,2.0
2021-08-05 13:55:22,76.0,69.0,6.0,1.0
2021-08-05 13:55:23,80.0,71.0,5.0,4.0
2021-08-05 13:55:24,88.0,78.0,6.0,4.0
2021-08-05 13:55:25,66.0,59.0,4.0,3.0
2021-08-05 13:55:26,86.0,74.0,6.0,6.0
2021-08-05 13:55:27,92.0,78.0,11.0,3.0
2021-08-05 13:55:28,75.0,62.0,6.0,7.0
2021-08-05 13:55:29,89.0,83.0,4.0,2.0
2021-08-05 13:55:30,78.0,70.0,5.0,3.0
2021-08-05 13:55:31,96.0,81.0,9.0,6.0
2021-08-05 13:55:32,71.0,61.0,4.0,6.0
2021-08-05 13:55:33,87.0,79.0,3.0,5.0
2021-08-05 13:55:34,74.0,60.0,8.0,6.0
2021-08-05 13:55:35,71.0,58.0,9.0,4.0
2021-08-05 13:55:36,75.0,64.0,6.0,5.0
2021-08-05 13:55:37,95.0,84.0,6.0,5.0
2021-08-05 13:55:38,83.0,72.0,8.0,3.0
2021-08-05 13:55:39,82.0,74.0,4.0,4.0
2021-08-05 13:55:40,91.0,79.0,9.0,3.0
2021-08-05 13:55:41,88.0,69.0,13.0,6.0
2021-08-05 13:55:42,70.0,58.0,7.0,5.0
2021-08-05 13:55:43,94.0,73.0,12.0,9.0
2021-08-05 13:55:44,77.0,69.0,6.0,2.0
2021-08-05 13:55:45,87.0,71.0,12.0,4.0
2021-08-05 13:55:46,81.0,75.0,1.0,5.0
2021-08-05 13:55:47,78.0,68.0,6.0,4.0
2021-08-05 13:55:48,86.0,71.0,12.0,3.0
2021-08-05 13:55:49,59.0,50.0,5.0,4.0
2021-08-05 13:55:50,78.0,66.0,7.0,5.0
2021-08-05 13:55:51,87.0,71.0,10.0,6.0
2021-08-05 13:55:52,89.0,74.0,8.0,7.0
2021-08-05 13:55:53,93.0,78.0,12.0,3.0
2021-08-05 13:55:54,81.0,76.0,3.0,2.0
2021-08-05 13:55:55,98.0,83.0,6.0,9.0
2021-08-05 13:55:56,93.0,79.0,5.0,9.0
2021-08-05 13:55:57,84.0,76.0,6.0,2.0
2021-08-05 13:55:58,99.0,81.0,12.0,6.0
2021-08-05 13:55:59,87.0,75.0,6.0,6.0
2021-08-05 13:56:00,85.0,77.0,3.0,5.0
2021-08-05 13:56:01,70.0,59.0,9.0,2.0
2021-08-05 13:56:02,80.0,67.0,10.0,3.0
2021-08-05 13:56:03,84.0,74.0,6.0,4.0
2021-08-05 13:56:04,89.0,81.0,5.0,3.0
2021-08-05 13:56:05,86.0,73.0,7.0,6.0
2021-08-05 13:56:06,90.0,82.0,6.0,2.0
2021-08-05 13:56:07,77.0,64.0,6.0,7.0
2021-08-05 13:56:08,62.0,55.0,4.0,3.0
2021-08-05 13:56:09,70.0,60.0,9.0,1.0
2021-08-05 13:56:10,85.0,73.0,10.0,2.0
2021-08-05 13:56:11,70.0,61.0,4.0,5.0
2021-08-05 13:56:12,83.0,73.0,5.0,5.0
2021-08-05 13:56:13,69.0,56.0,9.0,4.0
2021-08-05 13:56:14,70.0,64.0,4.0,2.0
2021-08-05 13:56:15,86.0,77.0,7.0,2.0
2021-08-05 13:56:16,70.0,57.0,9.0,4.0
2021-08-05 13:56:17,81.0,70.0,6.0,5.0
2021-08-05 13:56:18,81.0,74.0,3.0,4.0
2021-08-05 13:56:19,77.0,62.0,9.0,6.0
2021-08-05 13:56:20,83.0,75.0,6.0,2.0
2021-08-05 13:56:21,89.0,78.0,7.0,4.0
2021-08-05 13:56:22,89.0,72.0,8.0,9.0
2021-08-05 13:56:23,82.0,70.0,8.0,4.0
2021-08-05 13:56:24,82.0,76.0,5.0,1.0
2021-08-05 13:56:25,83.0,76.0,4.0,3.0
2021-08-05 13:56:26,81.0,74.0,4.0,3.0
2021-08-05 13:56:27,80.0,70.0,3.0,7.0
2021-08-05 13:56:28,77.0,69.0,5.0,3.0
2021-08-05 13:56:29,73.0,60.0,11.0,2.0
2021-08-05 13:56:30,94.0,79.0,9.0,6.0
2021-08-05 13:56:31,101.0,89.0,5.0,7.0
2021-08-05 13:56:32,107.0,90.0,10.0,7.0
2021-08-05 13:56:33,77.0,70.0,4.0,3.0
2021-08-05 13:56:34,73.0,66.0,3.0,4.0
2021-08-05 13:56:35,94.0,84.0,7.0,3.0
2021-08-05 13:56:36,78.0,70.0,5.0,3.0
2021-08-05 13:56:37,80.0,68.0,8.0,4.0
2021-08-05 13:56:38,80.0,70.0,4.0,6.0
2021-08-05 13:56:39,76.0,63.0,8.0,5.0
2021-08-05 13:56:40,87.0,74.0,9.0,4.0
2021-08-05 13:56:41,89.0,80.0,5.0,4.0
2021-08-05 13:56:42,79.0,66.0,10.0,3.0
2021-08-05 13:56:43,76.0,67.0,6.0,3.0
2021-08-05 13:56:44,93.0,73.0,13.0,7.0
2021-08-05 13:56:45,82.0,72.0,7.0,3.0
2021-08-05 13:56:46,79.0,65.0,9.0,5.0
2021-08-05 13:56:47,96.0,87.0,7.0,2.0
2021-08-05 13:56:48,91.0,86.0,2.0,3.0
2021-08-05 13:56:49,64.0,54.0,6.0,4.0
2021-08-05 13:56:50,90.0,77.0,9.0,4.0
2021-08-05 13:56:51,88.0,77.0,9.0,2.0
2021-08-05 13:56:52,85.0,76.0,5.0,4.0
2021-08-05 13:56:53,86.0,75.0,8.0,3.0
2021-08-05 13:56:54,82.0,69.0,6.0,7.0
2021-08-05 13:56:55,86.0,73.0,8.0,5.0
2021-08-05 13:56:56,82.0,71.0,5.0,6.0
2021-08-05 13:56:57,70.0,59.0,8.0,3.0
2021-08-05 13:56:58,69.0,62.0,6.0,1.0
2021-08-05 13:56:59,82.0,75.0,5.0,2.0
2021-08-05 13:57:00,91.0,80.0,6.0,5.0
2021-08-05 13:57:01,87.0,85.0,2.0,0.0
2021-08-05 13:57:02,95.0,92.0,3.0,0.0
2021-08-05 13:57:03,82.0,76.0,2.0,4.0
2021-08-05 13:57:04,84.0,75.0,7.0,2.0
2021-08-05 13:57:05,87.0,76.0,6.0,5.0
2021-08-05 13:57:06,91.0,82.0,7.0,2.0
2021-08-05 13:57:07,86.0,75.0,6.0,5.0
2021-08-05 13:57:08,81.0,70.0,4.0,7.0
2021-08-05 13:57:09,93.0,83.0,3.0,7.0
2021-08-05 13:57:10,69.0,55.0,9.0,5.0
2021-08-05 13:57:11,75.0,64.0,5.0,6.0
2021-08-05 13:57:12,70.0,65.0,3.0,2.0
2021-08-05 13:57:13,78.0,72.0,2.0,4.0
2021-08-05 13:57:14,66.0,57.0,9.0,0.0
2021-08-05 13:57:15,91.0,75.0,10.0,6.0
2021-08-05 13:57:16,92.0,77.0,9.0,6.0
2021-08-05 13:57:17,72.0,66.0,4.0,2.0
2021-08-05 13:57:18,73.0,63.0,8.0,2.0
2021-08-05 13:57:19,88.0,77.0,6.0,5.0
2021-08-05 13:57:20,95.0,75.0,12.0,8.0
2021-08-05 13:57:21,84.0,69.0,13.0,2.0
2021-08-05 13:57:22,73.0,58.0,5.0,10.0
2021-08-05 13:57:23,82.0,73.0,6.0,3.0
2021-08-05 13:57:24,70.0,63.0,3.0,4.0
2021-08-05 13:57:25,91.0,83.0,7.0,1.0
2021-08-05 13:57:26,81.0,74.0,6.0,1.0
2021-08-05 13:57:27,71.0,62.0,4.0,5.0
2021-08-05 13:57:28,84.0,75.0,5.0,4.0
2021-08-05 13:57:29,83.0,78.0,3.0,2.0
2021-08-05 13:57:30,84.0,75.0,6.0,3.0
2021-08-05 13:57:31,99.0,92.0,5.0,2.0
2021-08-05 13:57:32,85.0,71.0,7.0,7.0
2021-08-05 13:57:33,92.0,81.0,6.0,5.0
2021-08-05 13:57:34,88.0,77.0,7.0,4.0
2021-08-05 13:57:35,86.0,74.0,4.0,8.0
2021-08-05 13:57:36,94.0,89.0,4.0,1.0
2021-08-05 13:57:37,84.0,75.0,7.0,2.0
2021-08-05 13:57:38,60.0,55.0,2.0,3.0
2021-08-05 13:57:39,76.0,71.0,1.0,4.0
2021-08-05 13:57:40,88.0,73.0,9.0,6.0
2021-08-05 13:57:41,81.0,66.0,9.0,6.0
2021-08-05 13:57:42,82.0,70.0,7.0,5.0
2021-08-05 13:57:43,70.0,65.0,2.0,3.0
2021-08-05 13:57:44,86.0,68.0,11.0,7.0
2021-08-05 13:57:45,67.0,60.0,3.0,4.0
2021-08-05 13:57:46,85.0,73.0,8.0,4.0
2021-08-05 13:57:47,74.0,63.0,9.0,2.0
2021-08-05 13:57:48,89.0,74.0,12.0,3.0
2021-08-05 13:57:49,93.0,80.0,4.0,9.0
2021-08-05 13:57:50,85.0,73.0,8.0,4.0
2021-08-05 13:57:51,79.0,70.0,5.0,4.0
2021-08-05 13:57:52,90.0,84.0,3.0,3.0
2021-08-05 13:57:53,63.0,53.0,5.0,5.0
2021-08-05 13:57:54,86.0,72.0,6.0,8.0
2021-08-05 13:57:55,81.0,67.0,8.0,6.0
2021-08-05 13:57:56,102.0,90.0,8.0,4.0
2021-08-05 13:57:57,88.0,80.0,2.0,6.0
2021-08-05 13:57:58,72.0,62.0,6.0,4.0
2021-08-05 13:57:59,103.0,92.0,8.0,3.0
2021-08-05 13:58:00,78.0,73.0,4.0,1.0
2021-08-05 13:58:01,85.0,77.0,7.0,1.0
2021-08-05 13:58:02,94.0,84.0,6.0,4.0
2021-08-05 13:58:03,86.0,73.0,8.0,5.0
2021-08-05 13:58:04,86.0,75.0,9.0,2.0
2021-08-05 13:58:05,90.0,77.0,8.0,5.0
2021-08-05 13:58:06,71.0,63.0,5.0,3.0
2021-08-05 13:58:07,80.0,72.0,5.0,3.0
2021-08-05 13:58:08,60.0,52.0,5.0,3.0
2021-08-05 13:58:09,94.0,83.0,7.0,4.0
2021-08-05 13:58:10,88.0,76.0,6.0,6.0
2021-08-05 13:58:11,77.0,73.0,2.0,2.0
2021-08-05 13:58:12,82.0,67.0,8.0,7.0
2021-08-05 13:58:13,88.0,75.0,7.0,6.0
2021-08-05 13:58:14,101.0,86.0,10.0,5.0
2021-08-05 13:58:15,83.0,76.0,6.0,1.0
2021-08-05 13:58:16,81.0,67.0,10.0,4.0
2021-08-05 13:58:17,62.0,57.0,2.0,3.0
2021-08-05 13:58:18,79.0,73.0,4.0,2.0
2021-08-05 13:58:19,83.0,72.0,6.0,5.0
2021-08-05 13:58:20,72.0,65.0,3.0,4.0
2021-08-05 13:58:21,88.0,79.0,2.0,7.0
2021-08-05 13:58:22,80.0,65.0,5.0,10.0
2021-08-05 13:58:23,95.0,78.0,9.0,8.0
2021-08-05 13:58:24,84.0,73.0,9.0,2.0
2021-08-05 13:58:25,82.0,73.0,4.0,5.0
2021-08-05 13:58:26,58.0,51.0,4.0,3.0
2021-08-05 13:58:27,85.0,73.0,9.0,3.0
2021-08-05 13:58:28,80.0,77.0,1.0,2.0
2021-08-05 13:58:29,84.0,72.0,9.0,3.0
2021-08-05 13:58:30,74.0,62.0,7.0,5.0
2021-08-05 13:58:31,87.0,73.0,6.0,8.0
2021-08-05 13:58:32,88.0,78.0,8.0,2.0
2021-08-05 13:58:33,75.0,64.0,5.0,6.0
2021-08-05 13:58:34,92.0,76.0,13.0,3.0
2021-08-05 13:58:35,68.0,63.0,4.0,1.0
2021-08-05 13:58:36,90.0,73.0,10.0,7.0
2021-08-05 13:58:37,82.0,71.0,5.0,6.0
2021-08-05 13:58:38,96.0,87.0,5.0,4.0
2021-08-05 13:58:39,90.0,78.0,9.0,3.0
2021-08-05 13:58:40,78.0,69.0,9.0,0.0
2021-08-05 13:58:41,83.0,64.0,11.0,8.0
2021-08-05 13:58:42,82.0,73.0,7.0,2.0
2021-08-05 13:58:43,86.0,72.0,11.0,3.0
2021-08-05 13:58:44,87.0,72.0,9.0,6.0
2021-08-05 13:58:45,66.0,51.0,11.0,4.0
2021-08-05 13:58:46,72.0,63.0,3.0,6.0
2021-08-05 13:58:47,77.0,67.0,4.0,6.0
2021-08-05 13:58:48,72.0,64.0,4.0,4.0
2021-08-05 13:58:49,76.0,69.0,4.0,3.0
2021-08-05 13:58:50,82.0,69.0,6.0,7.0
2021-08-05 13:58:51,84.0,74.0,6.0,4.0
2021-08-05 13:58:52,95.0,85.0,5.0,5.0
2021-08-05 13:58:53,89.0,84.0,1.0,4.0
2021-08-05 13:58:54,89.0,77.0,7.0,5.0
2021-08-05 13:58:55,80.0,70.0,5.0,5.0
2021-08-05 13:58:56,86.0,76.0,7.0,3.0
2021-08-05 13:58:57,73.0,64.0,4.0,5.0
2021-08-05 13:58:58,81.0,71.0,5.0,5.0
2021-08-05 13:58:59,100.0,86.0,10.0,4.0
2021-08-05 13:59:00,89.0,78.0,5.0,6.0
2021-08-05 13:59:01,81.0,65.0,8.0,8.0
2021-08-05 13:59:02,78.0,72.0,6.0,0.0
2021-08-05 13:59:03,83.0,69.0,7.0,7.0
2021-08-05 13:59:04,80.0,73.0,4.0,3.0
2021-08-05 13:59:05,85.0,72.0,8.0,5.0
2021-08-05 13:59:06,82.0,69.0,10.0,3.0
2021-08-05 13:59:07,94.0,85.0,4.0,5.0
2021-08-05 13:59:08,85.0,75.0,8.0,2.0
2021-08-05 13:59:09,78.0,67.0,9.0,2.0
2021-08-05 13:59:10,82.0,71.0,9.0,2.0
2021-08-05 13:59:11,106.0,90.0,10.0,6.0
2021-08-05 13:59:12,84.0,71.0,9.0,4.0
2021-08-05 13:59:13,86.0,71.0,9.0,6.0
2021-08-05 13:59:14,82.0,75.0,4.0,3.0
2021-08-05 13:59:15,109.0,96.0,9.0,4.0
2021-08-05 13:59:16,77.0,73.0,3.0,1.0
2021-08-05 13:59:17,84.0,71.0,7.0,6.0
2021-08-05 13:59:18,79.0,74.0,5.0,0.0
2021-08-05 13:59:19,94.0,83.0,8.0,3.0
2021-08-05 13:59:20,80.0,65.0,8.0,7.0
2021-08-05 13:59:21,86.0,79.0,4.0,3.0
2021-08-05 13:59:22,73.0,65.0,6.0,2.0
2021-08-05 13:59:23,92.0,84.0,2.0,6.0
2021-08-05 13:59:24,91.0,80.0,4.0,7.0
2021-08-05 13:59:25,94.0,80.0,9.0,5.0
2021-08-05 13:59:26,70.0,64.0,3.0,3.0
2021-08-05 13:59:27,66.0,57.0,6.0,3.0
2021-08-05 13:59:28,74.0,62.0,7.0,5.0
2021-08-05 13:59:29,97.0,86.0,7.0,4.0
2021-08-05 13:59:30,86.0,75.0,7.0,4.0
2021-08-05 13:59:31,94.0,78.0,10.0,6.0
2021-08-05 13:59:32,85.0,75.0,8.0,2.0
2021-08-05 13:59:33,89.0,75.0,11.0,3.0
2021-08-05 13:59:34,90.0,80.0,7.0,3.0
2021-08-05 13:59:35,74.0,64.0,8.0,2.0
2021-08-05 13:59:36,72.0,61.0,3.0,8.0
2021-08-05 13:59:37,86.0,67.0,11.0,8.0
2021-08-05 13:59:38,89.0,78.0,3.0,8.0
2021-08-05 13:59:39,82.0,71.0,9.0,2.0
2021-08-05 13:59:40,75.0,62.0,6.0,7.0
2021-08-05 13:59:41,78.0,65.0,9.0,4.0
2021-08-05 13:59:42,75.0,65.0,6.0,4.0
2021-08-05 13:59:43,81.0,77.0,1.0,3.0
2021-08-05 13:59:44,76.0,64.0,6.0,6.0
2021-08-05 13:59:45,82.0,73.0,5.0,4.0
2021-08-05 13:59:46,88.0,70.0,12.0,6.0
2021-08-05 13:59:47,78.0,63.0,9.0,6.0
2021-08-05 13:59:48,93.0,79.0,6.0,8.0
2021-08-05 13:59:49,76.0,59.0,10.0,7.0
2021-08-05 13:59:50,84.0,72.0,5.0,7.0
2021-08-05 13:59:51,78.0,67.0,5.0,6.0
2021-08-05 13:59:52,82.0,67.0,9.0,6.0
2021-08-05 13:59:53,92.0,81.0,3.0,8.0
2021-08-05 13:59:54,89.0,84.0,4.0,1.0
2021-08-05 13:59:55,83.0,72.0,4.0,7.0
2021-08-05 13:59:56,78.0,65.0,10.0,3.0
2021-08-05 13:59:57,81.0,66.0,8.0,7.0
2021-08-05 13:59:58,97.0,83.0,7.0,7.0
2021-08-05 13:59:59,89.0,74.0,9.0,6.0
2021-08-05 14:00:00,91.0,78.0,6.0,7.0
2021-08-05 14:00:01,65.0,59.0,3.0,3.0
2021-08-05 14:00:02,66.0,60.0,5.0,1.0
2021-08-05 14:00:03,86.0,77.0,5.0,4.0
2021-08-05 14:00:04,88.0,73.0,7.0,8.0
2021-08-05 14:00:05,87.0,80.0,5.0,2.0
2021-08-05 14:00:06,70.0,57.0,10.0,3.0
2021-08-05 14:00:07,87.0,77.0,6.0,4.0
2021-08-05 14:00:08,92.0,78.0,9.0,5.0
2021-08-05 14:00:09,66.0,60.0,3.0,3.0
2021-08-05 14:00:10,89.0,72.0,9.0,8.0
2021-08-05 14:00:11,97.0,82.0,6.0,9.0
2021-08-05 14:00:12,74.0,65.0,6.0,3.0
2021-08-05 14:00:13,78.0,61.0,11.0,6.0
2021-08-05 14:00:14,80.0,71.0,6.0,3.0
2021-08-05 14:00:15,85.0,74.0,6.0,5.0
2021-08-05 14:00:16,61.0,52.0,7.0,2.0
2021-08-05 14:00:17,80.0,73.0,2.0,5.0
2021-08-05 14:00:18,87.0,74.0,7.0,6.0
2021-08-05 14:00:19,93.0,81.0,9.0,3.0
2021-08-05 14:00:20,73.0,66.0,5.0,2.0
2021-08-05 14:00:21,86.0,71.0,12.0,3.0
2021-08-05 14:00:22,81.0,68.0,7.0,6.0
2021-08-05 14:00:23,73.0,63.0,7.0,3.0
2021-08-05 14:00:24,85.0,75.0,5.0,5.0
2021-08-05 14:00:25,64.0,57.0,4.0,3.0
2021-08-05 14:00:26,87.0,80.0,5.0,2.0
2021-08-05 14:00:27,75.0,64.0,7.0,4.0
2021-08-05 14:00:28,76.0,64.0,7.0,5.0
2021-08-05 14:00:29,81.0,75.0,4.0,2.0
2021-08-05 14:00:30,110.0,91.0,9.0,10.0
2021-08-05 14:00:31,78.0,69.0,7.0,2.0
2021-08-05 14:00:32,87.0,78.0,6.0,3.0
2021-08-05 14:00:33,76.0,67.0,6.0,3.0
2021-08-05 14:00:34,84.0,71.0,6.0,7.0
2021-08-05 14:00:35,78.0,65.0,6.0,7.0
2021-08-05 14:00:36,68.0,57.0,8.0,3.0
2021-08-05 14:00:37,84.0,74.0,5.0,5.0
2021-08-05 14:00:38,81.0,72.0,4.0,5.0
2021-08-05 14:00:39,82.0,72.0,6.0,4.0
2021-08-05 14:00:40,72.0,60.0,7.0,5.0
2021-08-05 14:00:41,69.0,61.0,4.0,4.0
2021-08-05 14:00:42,104.0,92.0,7.0,5.0
2021-08-05 14:00:43,77.0,71.0,4.0,2.0
2021-08-05 14:00:44,89.0,76.0,6.0,7.0
2021-08-05 14:00:45,99.0,81.0,14.0,4.0
2021-08-05 14:00:46,94.0,81.0,6.0,7.0
2021-08-05 14:00:47,74.0,65.0,5.0,4.0
2021-08-05 14:00:48,75.0,67.0,7.0,1.0
2021-08-05 14:00:49,85.0,70.0,11.0,4.0
2021-08-05 14:00:50,80.0,71.0,5.0,4.0
2021-08-05 14:00:51,81.0,69.0,5.0,7.0
2021-08-05 14:00:52,71.0,65.0,4.0,2.0
2021-08-05 14:00:53,83.0,75.0,4.0,4.0
2021-08-05 14:00:54,66.0,59.0,5.0,2.0
2021-08-05 14:00:55,89.0,72.0,13.0,4.0
2021-08-05 14:00:56,70.0,61.0,7.0,2.0
2021-08-05 14:00:57,91.0,81.0,6.0,4.0
2021-08-05 14:00:58,86.0,82.0,4.0,0.0
2021-08-05 14:00:59,97.0,85.0,7.0,5.0
2021-08-05 14:01:00,95.0,83.0,7.0,5.0
2021-08-05 14:01:01,74.0,65.0,4.0,5.0
2021-08-05 14:01:02,80.0,68.0,7.0,5.0
2021-08-05 14:01:03,88.0,78.0,5.0,5.0
2021-08-05 14:01:04,81.0,71.0,6.0,4.0
2021-08-05 14:01:05,88.0,81.0,4.0,3.0
2021-08-05 14:01:06,92.0,78.0,10.0,4.0
2021-08-05 14:01:07,77.0,65.0,8.0,4.0
2021-08-05 14:01:08,69.0,62.0,5.0,2.0
2021-08-05 14:01:09,78.0,71.0,4.0,3.0
2021-08-05 14:01:10,92.0,83.0,4.0,5.0
2021-08-05 14:01:11,81.0,72.0,8.0,1.0
2021-08-05 14:01:12,81.0,70.0,8.0,3.0
2021-08-05 14:01:13,97.0,83.0,7.0,7.0
2021-08-05 14:01:14,72.0,62.0,5.0,5.0
2021-08-05 14:01:15,83.0,71.0,8.0,4.0
2021-08-05 14:01:16,105.0,83.0,13.0,9.0
2021-08-05 14:01:17,86.0,75.0,8.0,3.0
2021-08-05 14:01:18,72.0,61.0,6.0,5.0
2021-08-05 14:01:19,76.0,65.0,6.0,5.0
2021-08-05 14:01:20,104.0,88.0,11.0,5.0
2021-08-05 14:01:21,69.0,58.0,4.0,7.0
2021-08-05 14:01:22,82.0,78.0,2.0,2.0
2021-08-05 14:01:23,87.0,77.0,7.0,3.0
2021-08-05 14:01:24,62.0,52.0,7.0,3.0
2021-08-05 14:01:25,69.0,60.0,5.0,4.0
2021-08-05 14:01:26,69.0,57.0,8.0,4.0
2021-08-05 14:01:27,86.0,79.0,5.0,2.0
2021-08-05 14:01:28,96.0,85.0,7.0,4.0
2021-08-05 14:01:29,89.0,79.0,5.0,5.0
2021-08-05 14:01:30,87.0,72.0,7.0,8.0
2021-08-05 14:01:31,55.0,46.0,6.0,3.0
2021-08-05 14:01:32,63.0,56.0,5.0,2.0
2021-08-05 14:01:33,84.0,75.0,4.0,5.0
2021-08-05 14:01:34,88.0,80.0,3.0,5.0
2021-08-05 14:01:35,84.0,66.0,9.0,9.0
2021-08-05 14:01:36,77.0,68.0,5.0,4.0
2021-08-05 14:01:37,77.0,67.0,7.0,3.0
2021-08-05 14:01:38,96.0,85.0,6.0,5.0
2021-08-05 14:01:39,76.0,65.0,7.0,4.0
2021-08-05 14:01:40,84.0,70.0,8.0,6.0
2021-08-05 14:01:41,82.0,73.0,3.0,6.0
2021-08-05 14:01:42,76.0,66.0,8.0,2.0
2021-08-05 14:01:43,68.0,61.0,3.0,4.0
2021-08-05 14:01:44,83.0,73.0,5.0,5.0
2021-08-05 14:01:45,75.0,58.0,12.0,5.0
2021-08-05 14:01:46,87.0,77.0,7.0,3.0
2021-08-05 14:01:47,81.0,70.0,7.0,4.0
2021-08-05 14:01:48,98.0,88.0,8.0,2.0
2021-08-05 14:01:49,70.0,63.0,3.0,4.0
2021-08-05 14:01:50,92.0,80.0,8.0,4.0
2021-08-05 14:01:51,74.0,62.0,8.0,4.0
2021-08-05 14:01:52,86.0,74.0,5.0,7.0
2021-08-05 14:01:53,84.0,75.0,7.0,2.0
2021-08-05 14:01:54,93.0,81.0,7.0,5.0
2021-08-05 14:01:55,70.0,58.0,9.0,3.0
2021-08-05 14:01:56,88.0,75.0,8.0,5.0
2021-08-05 14:01:57,76.0,71.0,2.0,3.0
2021-08-05 14:01:58,63.0,58.0,3.0,2.0
2021-08-05 14:01:59,87.0,81.0,4.0,2.0
2021-08-05 14:02:00,74.0,64.0,5.0,5.0
2021-08-05 14:02:01,82.0,70.0,9.0,3.0
2021-08-05 14:02:02,93.0,75.0,10.0,8.0
2021-08-05 14:02:03,83.0,70.0,9.0,4.0
2021-08-05 14:02:04,91.0,75.0,6.0,10.0
2021-08-05 14:02:05,78.0,68.0,7.0,3.0
2021-08-05 14:02:06,89.0,78.0,8.0,3.0
2021-08-05 14:02:07,80.0,67.0,6.0,7.0
2021-08-05 14:02:08,82.0,76.0,4.0,2.0
2021-08-05 14:02:09,70.0,63.0,3.0,4.0
2021-08-05 14:02:10,67.0,57.0,5.0,5.0
2021-08-05 14:02:11,82.0,68.0,7.0,7.0
2021-08-05 14:02:12,81.0,73.0,5.0,3.0
2021-08-05 14:02:13,65.0,56.0,6.0,3.0
2021-08-05 14:02:14,86.0,74.0,7.0,5.0
2021-08-05 14:02:15,90.0,78.0,8.0,4.0
2021-08-05 14:02:16,84.0,71.0,4.0,9.0
2021-08-05 14:02:17,69.0,63.0,2.0,4.0
2021-08-05 14:02:18,102.0,92.0,3.0,7.0
2021-08-05 14:02:19,73.0,62.0,8.0,3.0
2021-08-05 14:02:20,77.0,67.0,6.0,4.0
2021-08-05 14:02:21,96.0,81.0,10.0,5.0
2021-08-05 14:02:22,77.0,64.0,6.0,7.0
2021-08-05 14:02:23,87.0,73.0,9.0,5.0
2021-08-05 14:02:24,88.0,72.0,8.0,8.0
2021-08-05 14:02:25,87.0,78.0,5.0,4.0
2021-08-05 14:02:26,61.0,55.0,5.0,1.0
2021-08-05 14:02:27,88.0,73.0,7.0,8.0
2021-08-05 14:02:28,81.0,71.0,6.0,4.0
2021-08-05 14:02:29,67.0,58.0,4.0,5.0
2021-08-05 14:02:30,79.0,67.0,5.0,7.0
2021-08-05 14:02:31,72.0,62.0,6.0,4.0
2021-08-05 14:02:32,90.0,80.0,6.0,4.0
2021-08-05 14:02:33,109.0,92.0,7.0,10.0
2021-08-05 14:02:34,70.0,62.0,7.0,1.0
2021-08-05 14:02:35,62.0,54.0,5.0,3.0
2021-08-05 14:02:36,87.0,75.0,8.0,4.0
2021-08-05 14:02:37,83.0,73.0,8.0,2.0
2021-08-05 14:02:38,77.0,70.0,5.0,2.0
2021-08-05 14:02:39,82.0,69.0,8.0,5.0
2021-08-05 14:02:40,85.0,72.0,7.0,6.0
2021-08-05 14:02:41,68.0,53.0,9.0,6.0
2021-08-05 14:02:42,94.0,82.0,6.0,6.0
2021-08-05 14:02:43,87.0,75.0,7.0,5.0
2021-08-05 14:02:44,74.0,65.0,6.0,3.0
2021-08-05 14:02:45,89.0,78.0,6.0,5.0
2021-08-05 14:02:46,79.0,67.0,7.0,5.0
2021-08-05 14:02:47,91.0,84.0,6.0,1.0
2021-08-05 14:02:48,87.0,76.0,7.0,4.0
2021-08-05 14:02:49,73.0,63.0,7.0,3.0
2021-08-05 14:02:50,79.0,61.0,11.0,7.0
2021-08-05 14:02:51,80.0,66.0,7.0,7.0
2021-08-05 14:02:52,76.0,70.0,3.0,3.0
2021-08-05 14:02:53,94.0,81.0,7.0,6.0
2021-08-05 14:02:54,77.0,70.0,4.0,3.0
2021-08-05 14:02:55,72.0,63.0,3.0,6.0
2021-08-05 14:02:56,97.0,80.0,14.0,3.0
2021-08-05 14:02:57,98.0,86.0,9.0,3.0
2021-08-05 14:02:58,85.0,76.0,5.0,4.0
2021-08-05 14:02:59,64.0,60.0,3.0,1.0
2021-08-05 14:03:00,94.0,86.0,4.0,4.0
2021-08-05 14:03:01,71.0,64.0,5.0,2.0
2021-08-05 14:03:02,78.0,69.0,5.0,4.0
2021-08-05 14:03:03,109.0,97.0,7.0,5.0
2021-08-05 14:03:04,89.0,80.0,1.0,8.0
2021-08-05 14:03:05,69.0,61.0,3.0,5.0
2021-08-05 14:03:06,69.0,56.0,9.0,4.0
2021-08-05 14:03:07,75.0,62.0,11.0,2.0
2021-08-05 14:03:08,93.0,79.0,9.0,5.0
2021-08-05 14:03:09,87.0,80.0,5.0,2.0
2021-08-05 14:03:10,73.0,64.0,4.0,5.0
2021-08-05 14:03:11,65.0,53.0,6.0,6.0
2021-08-05 14:03:12,83.0,73.0,3.0,7.0
2021-08-05 14:03:13,91.0,77.0,9.0,5.0
2021-08-05 14:03:14,83.0,68.0,6.0,9.0
2021-08-05 14:03:15,71.0,60.0,6.0,5.0
2021-08-05 14:03:16,72.0,64.0,3.0,5.0
2021-08-05 14:03:17,61.0,50.0,6.0,5.0
2021-08-05 14:03:18,84.0,78.0,3.0,3.0
2021-08-05 14:03:19,86.0,70.0,6.0,10.0
2021-08-05 14:03:20,81.0,67.0,5.0,9.0
2021-08-05 14:03:21,66.0,57.0,4.0,5.0
2021-08-05 14:03:22,75.0,66.0,5.0,4.0
2021-08-05 14:03:23,67.0,54.0,8.0,5.0
2021-08-05 14:03:24,78.0,64.0,7.0,7.0
2021-08-05 14:03:25,76.0,71.0,5.0,0.0
2021-08-05 14:03:26,73.0,62.0,5.0,6.0
2021-08-05 14:03:27,87.0,78.0,5.0,4.0
2021-08-05 14:03:28,66.0,59.0,4.0,3.0
2021-08-05 14:03:29,90.0,79.0,6.0,5.0
2021-08-05 14:03:30,83.0,71.0,7.0,5.0
2021-08-05 14:03:31,91.0,83.0,6.0,2.0
2021-08-05 14:03:32,65.0,55.0,4.0,6.0
2021-08-05 14:03:33,82.0,70.0,8.0,4.0
2021-08-05 14:03:34,95.0,82.0,9.0,4.0
2021-08-05 14:03:35,79.0,70.0,6.0,3.0
2021-08-05 14:03:36,78.0,67.0,6.0,5.0
2021-08-05 14:03:37,99.0,89.0,4.0,6.0
2021-08-05 14:03:38,81.0,74.0,5.0,2.0
2021-08-05 14:03:39,83.0,78.0,4.0,1.0
2021-08-05 14:03:40,86.0,70.0,13.0,3.0
2021-08-05 14:03:41,78.0,71.0,3.0,4.0
2021-08-05 14:03:42,65.0,58.0,4.0,3.0
2021-08-05 14:03:43,86.0,75.0,5.0,6.0
2021-08-05 14:03:44,78.0,67.0,7.0,4.0
2021-08-05 14:03:45,96.0,84.0,5.0,7.0
2021-08-05 14:03:46,78.0,64.0,7.0,7.0
2021-08-05 14:03:47,97.0,82.0,9.0,6.0
2021-08-05 14:03:48,83.0,69.0,8.0,6.0
2021-08-05 14:03:49,83.0,73.0,6.0,4.0
2021-08-05 14:03:50,85.0,71.0,10.0,4.0
2021-08-05 14:03:51,87.0,76.0,4.0,7.0
2021-08-05 14:03:52,81.0,71.0,6.0,4.0
2021-08-05 14:03:53,86.0,75.0,5.0,6.0
2021-08-05 14:03:54,91.0,77.0,10.0,4.0
2021-08-05 14:03:55,84.0,78.0,3.0,3.0
2021-08-05 14:03:56,99.0,90.0,5.0,4.0
2021-08-05 14:03:57,80.0,64.0,10.0,6.0
2021-08-05 14:03:58,65.0,57.0,3.0,5.0
2021-08-05 14:03:59,73.0,68.0,4.0,1.0
2021-08-05 14:04:00,73.0,62.0,9.0,2.0
2021-08-05 14:04:01,103.0,93.0,6.0,4.0
2021-08-05 14:04:02,80.0,67.0,5.0,8.0
2021-08-05 14:04:03,80.0,69.0,7.0,4.0
2021-08-05 14:04:04,87.0,72.0,11.0,4.0
2021-08-05 14:04:05,69.0,61.0,6.0,2.0
2021-08-05 14:04:06,75.0,69.0,3.0,3.0
2021-08-05 14:04:07,70.0,57.0,8.0,5.0
2021-08-05 14:04:08,82.0,72.0,6.0,4.0
2021-08-05 14:04:09,91.0,79.0,8.0,4.0
2021-08-05 14:04:10,57.0,49.0,6.0,2.0
2021-08-05 14:04:11,77.0,64.0,5.0,8.0
2021-08-05 14:04:12,72.0,62.0,3.0,7.0
2021-08-05 14:04:13,88.0,81.0,4.0,3.0
2021-08-05 14:04:14,72.0,66.0,5.0,1.0
2021-08-05 14:04:15,86.0,76.0,3.0,7.0
2021-08-05 14:04:16,80.0,70.0,5.0,5.0
2021-08-05 14:04:17,89.0,78.0,6.0,5.0
2021-08-05 14:04:18,79.0,71.0,5.0,3.0
2021-08-05 14:04:19,79.0,68.0,7.0,4.0
2021-08-05 14:04:20,77.0,67.0,6.0,4.0
2021-08-05 14:04:21,76.0,68.0,3.0,5.0
2021-08-05 14:04:22,83.0,69.0,9.0,5.0
2021-08-05 14:04:23,77.0,70.0,4.0,3.0
2021-08-05 14:04:24,72.0,60.0,9.0,3.0
2021-08-05 14:04:25,90.0,81.0,3.0,6.0
2021-08-05 14:04:26,91.0,81.0,7.0,3.0
2021-08-05 14:04:27,88.0,77.0,7.0,4.0
2021-08-05 14:04:28,81.0,76.0,3.0,2.0
2021-08-05 14:04:29,57.0,49.0,6.0,2.0
2021-08-05 14:04:30,82.0,69.0,8.0,5.0
2021-08-05 14:04:31,87.0,73.0,9.0,5.0
2021-08-05 14:04:32,65.0,57.0,4.0,4.0
2021-08-05 14:04:33,81.0,69.0,4.0,8.0
2021-08-05 14:04:34,85.0,78.0,4.0,3.0
2021-08-05 14:04:35,79.0,62.0,10.0,7.0
2021-08-05 14:04:36,91.0,75.0,14.0,2.0
2021-08-05 14:04:37,84.0,68.0,10.0,6.0
2021-08-05 14:04:38,92.0,82.0,2.0,8.0
2021-08-05 14:04:39,85.0,78.0,3.0,4.0
2021-08-05 14:04:40,97.0,85.0,7.0,5.0
2021-08-05 14:04:41,93.0,84.0,6.0,3.0
2021-08-05 14:04:42,71.0,68.0,1.0,2.0
2021-08-05 14:04:43,72.0,66.0,4.0,2.0
2021-08-05 14:04:44,76.0,66.0,5.0,5.0
2021-08-05 14:04:45,100.0,89.0,7.0,4.0
2021-08-05 14:04:46,77.0,69.0,6.0,2.0
2021-08-05 14:04:47,84.0,73.0,6.0,5.0
2021-08-05 14:04:48,92.0,76.0,10.0,6.0
2021-08-05 14:04:49,91.0,77.0,5.0,9.0
2021-08-05 14:04:50,92.0,80.0,5.0,7.0
2021-08-05 14:04:51,88.0,74.0,9.0,5.0
2021-08-05 14:04:52,71.0,58.0,2.0,11.0
2021-08-05 14:04:53,68.0,56.0,8.0,4.0
2021-08-05 14:04:54,90.0,81.0,4.0,5.0
2021-08-05 14:04:55,89.0,81.0,3.0,5.0
2021-08-05 14:04:56,65.0,57.0,7.0,1.0
2021-08-05 14:04:57,79.0,69.0,8.0,2.0
2021-08-05 14:04:58,81.0,69.0,9.0,3.0
2021-08-05 14:04:59,87.0,82.0,4.0,1.0
2021-08-05 14:05:00,76.0,69.0,4.0,3.0
2021-08-05 14:05:01,83.0,73.0,8.0,2.0
2021-08-05 14:05:02,82.0,75.0,7.0,0.0
2021-08-05 14:05:03,88.0,77.0,6.0,5.0
2021-08-05 14:05:04,84.0,76.0,6.0,2.0
2021-08-05 14:05:05,80.0,67.0,8.0,5.0
2021-08-05 14:05:06,83.0,70.0,9.0,4.0
2021-08-05 14:05:07,85.0,75.0,3.0,7.0
2021-08-05 14:05:08,82.0,75.0,2.0,5.0
2021-08-05 14:05:09,73.0,68.0,4.0,1.0
2021-08-05 14:05:10,75.0,59.0,11.0,5.0
2021-08-05 14:05:11,80.0,66.0,7.0,7.0
2021-08-05 14:05:12,75.0,65.0,7.0,3.0
2021-08-05 14:05:13,83.0,69.0,6.0,8.0
2021-08-05 14:05:14,72.0,63.0,8.0,1.0
2021-08-05 14:05:15,93.0,77.0,11.0,5.0
2021-08-05 14:05:16,80.0,70.0,7.0,3.0
2021-08-05 14:05:17,86.0,73.0,6.0,7.0
2021-08-05 14:05:18,84.0,72.0,9.0,3.0
2021-08-05 14:05:19,70.0,59.0,8.0,3.0
2021-08-05 14:05:20,87.0,78.0,4.0,5.0
2021-08-05 14:05:21,79.0,68.0,10.0,1.0
2021-08-05 14:05:22,80.0,70.0,7.0,3.0
2021-08-05 14:05:23,78.0,73.0,4.0,1.0
2021-08-05 14:05:24,82.0,74.0,5.0,3.0
2021-08-05 14:05:25,67.0,60.0,3.0,4.0
2021-08-05 14:05:26,84.0,77.0,4.0,3.0
2021-08-05 14:05:27,70.0,62.0,5.0,3.0
2021-08-05 14:05:28,84.0,67.0,11.0,6.0
2021-08-05 14:05:29,83.0,75.0,6.0,2.0
2021-08-05 14:05:30,76.0,66.0,5.0,5.0
2021-08-05 14:05:31,73.0,64.0,6.0,3.0
2021-08-05 14:05:32,85.0,73.0,9.0,3.0
2021-08-05 14:05:33,90.0,84.0,5.0,1.0
2021-08-05 14:05:34,81.0,74.0,3.0,4.0
2021-08-05 14:05:35,94.0,78.0,10.0,6.0
2021-08-05 14:05:36,64.0,51.0,6.0,7.0
2021-08-05 14:05:37,82.0,73.0,4.0,5.0
2021-08-05 14:05:38,86.0,76.0,9.0,1.0
2021-08-05 14:05:39,98.0,85.0,4.0,9.0
2021-08-05 14:05:40,81.0,70.0,10.0,1.0
2021-08-05 14:05:41,70.0,62.0,6.0,2.0
2021-08-05 14:05:42,73.0,63.0,7.0,3.0
2021-08-05 14:05:43,68.0,58.0,3.0,7.0
2021-08-05 14:05:44,82.0,66.0,9.0,7.0
2021-08-05 14:05:45,90.0,79.0,9.0,2.0
2021-08-05 14:05:46,88.0,78.0,8.0,2.0
2021-08-05 14:05:47,71.0,59.0,7.0,5.0
2021-08-05 14:05:48,83.0,72.0,9.0,2.0
2021-08-05 14:05:49,84.0,72.0,6.0,6.0
2021-08-05 14:05:50,74.0,62.0,10.0,2.0
2021-08-05 14:05:51,83.0,71.0,8.0,4.0
2021-08-05 14:05:52,77.0,67.0,6.0,4.0
2021-08-05 14:05:53,82.0,73.0,5.0,4.0
2021-08-05 14:05:54,97.0,85.0,11.0,1.0
2021-08-05 14:05:55,67.0,55.0,9.0,3.0
2021-08-05 14:05:56,79.0,67.0,11.0,1.0
2021-08-05 14:05:57,91.0,81.0,6.0,4.0
2021-08-05 14:05:58,78.0,67.0,9.0,2.0
2021-08-05 14:05:59,91.0,79.0,6.0,6.0
2021-08-05 14:06:00,72.0,60.0,6.0,6.0
2021-08-05 14:06:01,74.0,64.0,5.0,5.0
2021-08-05 14:06:02,89.0,75.0,8.0,6.0
2021-08-05 14:06:03,72.0,62.0,6.0,4.0
2021-08-05 14:06:04,74.0,67.0,4.0,3.0
2021-08-05 14:06:05,65.0,60.0,4.0,1.0
2021-08-05 14:06:06,94.0,82.0,5.0,7.0
2021-08-05 14:06:07,85.0,70.0,11.0,4.0
2021-08-05 14:06:08,89.0,78.0,8.0,3.0
2021-08-05 14:06:09,82.0,73.0,6.0,3.0
2021-08-05 14:06:10,74.0,66.0,4.0,4.0
2021-08-05 14:06:11,80.0,69.0,8.0,3.0
2021-08-05 14:06:12,68.0,55.0,6.0,7.0
2021-08-05 14:06:13,77.0,67.0,3.0,7.0
2021-08-05 14:06:14,94.0,82.0,7.0,5.0
2021-08-05 14:06:15,91.0,80.0,7.0,4.0
2021-08-05 14:06:16,74.0,66.0,3.0,5.0
2021-08-05 14:06:17,61.0,53.0,4.0,4.0
2021-08-05 14:06:18,73.0,66.0,2.0,5.0
2021-08-05 14:06:19,81.0,73.0,5.0,3.0
2021-08-05 14:06:20,82.0,70.0,10.0,2.0
2021-08-05 14:06:21,70.0,61.0,7.0,2.0
2021-08-05 14:06:22,73.0,64.0,6.0,3.0
2021-08-05 14:06:23,80.0,75.0,2.0,3.0
2021-08-05 14:06:24,83.0,70.0,8.0,5.0
2021-08-05 14:06:25,82.0,73.0,3.0,6.0
2021-08-05 14:06:26,87.0,79.0,6.0,2.0
2021-08-05 14:06:27,79.0,73.0,3.0,3.0
2021-08-05 14:06:28,84.0,72.0,6.0,6.0
2021-08-05 14:06:29,86.0,75.0,5.0,6.0
2021-08-05 14:06:30,73.0,61.0,8.0,4.0
2021-08-05 14:06:31,75.0,64.0,5.0,6.0
2021-08-05 14:06:32,87.0,74.0,11.0,2.0
2021-08-05 14:06:33,74.0,67.0,4.0,3.0
2021-08-05 14:06:34,85.0,77.0,5.0,3.0
2021-08-05 14:06:35,86.0,78.0,4.0,4.0
2021-08-05 14:06:36,81.0,73.0,8.0,0.0
2021-08-05 14:06:37,73.0,63.0,7.0,3.0
2021-08-05 14:06:38,89.0,77.0,4.0,8.0
2021-08-05 14:06:39,79.0,72.0,5.0,2.0
2021-08-05 14:06:40,83.0,71.0,9.0,3.0
2021-08-05 14:06:41,80.0,73.0,4.0,3.0
2021-08-05 14:06:42,79.0,61.0,8.0,10.0
2021-08-05 14:06:43,83.0,71.0,8.0,4.0
2021-08-05 14:06:44,65.0,55.0,4.0,6.0
2021-08-05 14:06:45,96.0,85.0,5.0,6.0
2021-08-05 14:06:46,79.0,73.0,4.0,2.0
2021-08-05 14:06:47,84.0,76.0,7.0,1.0
2021-08-05 14:06:48,75.0,66.0,4.0,5.0
2021-08-05 14:06:49,78.0,64.0,10.0,4.0
2021-08-05 14:06:50,82.0,73.0,5.0,4.0
2021-08-05 14:06:51,71.0,63.0,6.0,2.0
2021-08-05 14:06:52,76.0,64.0,6.0,6.0
2021-08-05 14:06:53,78.0,65.0,7.0,6.0
2021-08-05 14:06:54,82.0,73.0,5.0,4.0
2021-08-05 14:06:55,90.0,79.0,8.0,3.0
2021-08-05 14:06:56,73.0,66.0,5.0,2.0
2021-08-05 14:06:57,80.0,70.0,5.0,5.0
2021-08-05 14:06:58,81.0,72.0,4.0,5.0
2021-08-05 14:06:59,92.0,81.0,4.0,7.0
2021-08-05 14:07:00,89.0,75.0,6.0,8.0
2021-08-05 14:07:01,81.0,74.0,4.0,3.0
2021-08-05 14:07:02,75.0,67.0,5.0,3.0
2021-08-05 14:07:03,73.0,62.0,8.0,3.0
2021-08-05 14:07:04,88.0,77.0,9.0,2.0
2021-08-05 14:07:05,82.0,75.0,5.0,2.0
2021-08-05 14:07:06,89.0,79.0,5.0,5.0
2021-08-05 14:07:07,73.0,60.0,7.0,6.0
2021-08-05 14:07:08,70.0,63.0,3.0,4.0
2021-08-05 14:07:09,88.0,77.0,6.0,5.0
2021-08-05 14:07:10,76.0,65.0,8.0,3.0
2021-08-05 14:07:11,74.0,66.0,4.0,4.0
2021-08-05 14:07:12,90.0,73.0,11.0,6.0
2021-08-05 14:07:13,94.0,85.0,6.0,3.0
2021-08-05 14:07:14,93.0,81.0,6.0,6.0
2021-08-05 14:07:15,83.0,71.0,6.0,6.0
2021-08-05 14:07:16,89.0,75.0,9.0,5.0
2021-08-05 14:07:17,97.0,84.0,6.0,7.0
2021-08-05 14:07:18,87.0,77.0,7.0,3.0
2021-08-05 14:07:19,78.0,68.0,5.0,5.0
2021-08-05 14:07:20,86.0,72.0,8.0,6.0
2021-08-05 14:07:21,91.0,78.0,6.0,7.0
2021-08-05 14:07:22,78.0,68.0,5.0,5.0
2021-08-05 14:07:23,76.0,63.0,5.0,8.0
2021-08-05 14:07:24,75.0,69.0,3.0,3.0
2021-08-05 14:07:25,86.0,76.0,5.0,5.0
2021-08-05 14:07:26,84.0,69.0,10.0,5.0
2021-08-05 14:07:27,62.0,59.0,1.0,2.0
2021-08-05 14:07:28,63.0,53.0,7.0,3.0
2021-08-05 14:07:29,76.0,60.0,9.0,7.0
2021-08-05 14:07:30,88.0,75.0,10.0,3.0
2021-08-05 14:07:31,60.0,52.0,4.0,4.0
2021-08-05 14:07:32,83.0,72.0,10.0,1.0
2021-08-05 14:07:33,69.0,61.0,6.0,2.0
2021-08-05 14:07:34,81.0,70.0,6.0,5.0
2021-08-05 14:07:35,81.0,70.0,5.0,6.0
2021-08-05 14:07:36,73.0,61.0,10.0,2.0
2021-08-05 14:07:37,74.0,68.0,6.0,0.0
2021-08-05 14:07:38,78.0,69.0,4.0,5.0
2021-08-05 14:07:39,90.0,76.0,9.0,5.0
2021-08-05 14:07:40,72.0,63.0,5.0,4.0
2021-08-05 14:07:41,91.0,81.0,8.0,2.0
2021-08-05 14:07:42,77.0,70.0,5.0,2.0
2021-08-05 14:07:43,73.0,64.0,4.0,5.0
2021-08-05 14:07:44,79.0,69.0,5.0,5.0
2021-08-05 14:07:45,78.0,65.0,9.0,4.0
2021-08-05 14:07:46,87.0,78.0,4.0,5.0
2021-08-05 14:07:47,71.0,61.0,4.0,6.0
2021-08-05 14:07:48,87.0,77.0,9.0,1.0
2021-08-05 14:07:49,86.0,77.0,5.0,4.0
2021-08-05 14:07:50,77.0,66.0,5.0,6.0
2021-08-05 14:07:51,92.0,80.0,9.0,3.0
2021-08-05 14:07:52,88.0,76.0,6.0,6.0
2021-08-05 14:07:53,65.0,54.0,9.0,2.0
2021-08-05 14:07:54,76.0,65.0,6.0,5.0
2021-08-05 14:07:55,71.0,59.0,9.0,3.0
2021-08-05 14:07:56,70.0,63.0,4.0,3.0
2021-08-05 14:07:57,85.0,74.0,7.0,4.0
2021-08-05 14:07:58,77.0,63.0,10.0,4.0
2021-08-05 14:07:59,77.0,66.0,3.0,8.0
2021-08-05 14:08:00,93.0,81.0,7.0,5.0
2021-08-05 14:08:01,85.0,76.0,7.0,2.0
2021-08-05 14:08:02,64.0,57.0,3.0,4.0
2021-08-05 14:08:03,75.0,62.0,8.0,5.0
2021-08-05 14:08:04,59.0,49.0,7.0,3.0
2021-08-05 14:08:05,83.0,69.0,9.0,5.0
2021-08-05 14:08:06,78.0,67.0,9.0,2.0
2021-08-05 14:08:07,74.0,66.0,5.0,3.0
2021-08-05 14:08:08,83.0,69.0,8.0,6.0
2021-08-05 14:08:09,93.0,82.0,5.0,6.0
2021-08-05 14:08:10,76.0,67.0,5.0,4.0
2021-08-05 14:08:11,78.0,67.0,4.0,7.0
2021-08-05 14:08:12,88.0,77.0,5.0,6.0
2021-08-05 14:08:13,78.0,70.0,4.0,4.0
2021-08-05 14:08:14,80.0,68.0,6.0,6.0
2021-08-05 14:08:15,97.0,87.0,6.0,4.0
2021-08-05 14:08:16,77.0,66.0,6.0,5.0
2021-08-05 14:08:17,66.0,54.0,7.0,5.0
2021-08-05 14:08:18,84.0,77.0,5.0,2.0
2021-08-05 14:08:19,85.0,77.0,5.0,3.0
2021-08-05 14:08:20,79.0,67.0,7.0,5.0
2021-08-05 14:08:21,92.0,82.0,8.0,2.0
2021-08-05 14:08:22,66.0,55.0,5.0,6.0
2021-08-05 14:08:23,89.0,79.0,5.0,5.0
2021-08-05 14:08:24,77.0,65.0,5.0,7.0
2021-08-05 14:08:25,67.0,58.0,7.0,2.0
2021-08-05 14:08:26,75.0,62.0,7.0,6.0
2021-08-05 14:08:27,89.0,77.0,5.0,7.0
2021-08-05 14:08:28,84.0,75.0,3.0,6.0
2021-08-05 14:08:29,76.0,68.0,4.0,4.0
2021-08-05 14:08:30,83.0,76.0,2.0,5.0
2021-08-05 14:08:31,79.0,68.0,7.0,4.0
2021-08-05 14:08:32,71.0,60.0,7.0,4.0
2021-08-05 14:08:33,83.0,73.0,5.0,5.0
2021-08-05 14:08:34,93.0,81.0,9.0,3.0
2021-08-05 14:08:35,79.0,66.0,10.0,3.0
2021-08-05 14:08:36,87.0,78.0,5.0,4.0
2021-08-05 14:08:37,73.0,66.0,5.0,2.0
2021-08-05 14:08:38,100.0,89.0,7.0,4.0
2021-08-05 14:08:39,87.0,75.0,8.0,4.0
2021-08-05 14:08:40,82.0,68.0,8.0,6.0
2021-08-05 14:08:41,86.0,77.0,6.0,3.0
2021-08-05 14:08:42,72.0,64.0,7.0,1.0
2021-08-05 14:08:43,88.0,77.0,7.0,4.0
2021-08-05 14:08:44,94.0,84.0,4.0,6.0
2021-08-05 14:08:45,83.0,71.0,8.0,4.0
2021-08-05 14:08:46,79.0,67.0,7.0,5.0
2021-08-05 14:08:47,79.0,72.0,3.0,4.0
2021-08-05 14:08:48,83.0,76.0,5.0,2.0
2021-08-05 14:08:49,73.0,60.0,11.0,2.0
2021-08-05 14:08:50,74.0,64.0,7.0,3.0
2021-08-05 14:08:51,86.0,77.0,4.0,5.0
2021-08-05 14:08:52,78.0,72.0,5.0,1.0
2021-08-05 14:08:53,78.0,68.0,6.0,4.0
2021-08-05 14:08:54,92.0,77.0,9.0,6.0
2021-08-05 14:08:55,76.0,66.0,7.0,3.0
2021-08-05 14:08:56,70.0,57.0,9.0,4.0
2021-08-05 14:08:57,78.0,67.0,4.0,7.0
2021-08-05 14:08:58,75.0,65.0,5.0,5.0
2021-08-05 14:08:59,81.0,70.0,7.0,4.0
2021-08-05 14:09:00,80.0,66.0,6.0,8.0
2021-08-05 14:09:01,81.0,75.0,1.0,5.0
2021-08-05 14:09:02,86.0,71.0,8.0,7.0
2021-08-05 14:09:03,77.0,69.0,7.0,1.0
2021-08-05 14:09:04,83.0,70.0,8.0,5.0
2021-08-05 14:09:05,80.0,71.0,5.0,4.0
2021-08-05 14:09:06,85.0,79.0,4.0,2.0
2021-08-05 14:09:07,81.0,75.0,2.0,4.0
2021-08-05 14:09:08,90.0,76.0,9.0,5.0
2021-08-05 14:09:09,75.0,66.0,6.0,3.0
2021-08-05 14:09:10,78.0,66.0,8.0,4.0
2021-08-05 14:09:11,78.0,66.0,5.0,7.0
2021-08-05 14:09:12,86.0,79.0,4.0,3.0
2021-08-05 14:09:13,68.0,62.0,3.0,3.0
2021-08-05 14:09:14,93.0,82.0,8.0,3.0
2021-08-05 14:09:15,89.0,76.0,8.0,5.0
2021-08-05 14:09:16,86.0,72.0,8.0,6.0
2021-08-05 14:09:17,76.0,65.0,8.0,3.0
2021-08-05 14:09:18,86.0,75.0,7.0,4.0
2021-08-05 14:09:19,72.0,64.0,4.0,4.0
2021-08-05 14:09:20,80.0,72.0,5.0,3.0
2021-08-05 14:09:21,78.0,61.0,11.0,6.0
2021-08-05 14:09:22,91.0,83.0,5.0,3.0
2021-08-05 14:09:23,74.0,60.0,9.0,5.0
2021-08-05 14:09:24,82.0,67.0,6.0,9.0
2021-08-05 14:09:25,79.0,71.0,5.0,3.0
2021-08-05 14:09:26,88.0,75.0,9.0,4.0
2021-08-05 14:09:27,93.0,80.0,6.0,7.0
2021-08-05 14:09:28,88.0,76.0,5.0,7.0
2021-08-05 14:09:29,83.0,73.0,5.0,5.0
2021-08-05 14:09:30,73.0,64.0,8.0,1.0
2021-08-05 14:09:31,86.0,71.0,9.0,6.0
2021-08-05 14:09:32,68.0,66.0,1.0,1.0
2021-08-05 14:09:33,79.0,66.0,8.0,5.0
2021-08-05 14:09:34,78.0,71.0,4.0,3.0
2021-08-05 14:09:35,84.0,75.0,2.0,7.0
2021-08-05 14:09:36,78.0,67.0,7.0,4.0
2021-08-05 14:09:37,89.0,79.0,6.0,4.0
2021-08-05 14:09:38,82.0,66.0,11.0,5.0
2021-08-05 14:09:39,95.0,80.0,8.0,7.0
2021-08-05 14:09:40,84.0,69.0,13.0,2.0
2021-08-05 14:09:41,88.0,77.0,8.0,3.0
2021-08-05 14:09:42,72.0,65.0,5.0,2.0
2021-08-05 14:09:43,67.0,54.0,7.0,6.0
2021-08-05 14:09:44,77.0,71.0,4.0,2.0
2021-08-05 14:09:45,85.0,70.0,11.0,4.0
2021-08-05 14:09:46,75.0,67.0,6.0,2.0
2021-08-05 14:09:47,92.0,79.0,8.0,5.0
2021-08-05 14:09:48,89.0,76.0,8.0,5.0
2021-08-05 14:09:49,92.0,79.0,4.0,9.0
2021-08-05 14:09:50,86.0,69.0,9.0,8.0
2021-08-05 14:09:51,82.0,74.0,5.0,3.0
2021-08-05 14:09:52,93.0,85.0,3.0,5.0
2021-08-05 14:09:53,76.0,70.0,4.0,2.0
2021-08-05 14:09:54,84.0,75.0,6.0,3.0
2021-08-05 14:09:55,74.0,65.0,6.0,3.0
2021-08-05 14:09:56,85.0,76.0,7.0,2.0
2021-08-05 14:09:57,91.0,75.0,7.0,9.0
2021-08-05 14:09:58,94.0,81.0,5.0,8.0
2021-08-05 14:09:59,74.0,63.0,4.0,7.0
2021-08-05 14:10:00,90.0,81.0,5.0,4.0
2021-08-05 14:10:01,75.0,67.0,4.0,4.0
2021-08-05 14:10:02,77.0,68.0,2.0,7.0
2021-08-05 14:10:03,90.0,74.0,5.0,11.0
2021-08-05 14:10:04,94.0,81.0,8.0,5.0
2021-08-05 14:10:05,79.0,70.0,5.0,4.0
2021-08-05 14:10:06,81.0,72.0,7.0,2.0
2021-08-05 14:10:07,81.0,65.0,8.0,8.0
2021-08-05 14:10:08,79.0,72.0,3.0,4.0
2021-08-05 14:10:09,85.0,74.0,7.0,4.0
2021-08-05 14:10:10,67.0,57.0,7.0,3.0
2021-08-05 14:10:11,89.0,77.0,7.0,5.0
2021-08-05 14:10:12,78.0,72.0,5.0,1.0
2021-08-05 14:10:13,71.0,60.0,7.0,4.0
2021-08-05 14:10:14,62.0,55.0,2.0,5.0
2021-08-05 14:10:15,105.0,99.0,4.0,2.0
2021-08-05 14:10:16,95.0,80.0,9.0,6.0
2021-08-05 14:10:17,75.0,66.0,4.0,5.0
2021-08-05 14:10:18,81.0,73.0,5.0,3.0
2021-08-05 14:10:19,70.0,60.0,8.0,2.0
2021-08-05 14:10:20,74.0,63.0,5.0,6.0
2021-08-05 14:10:21,76.0,66.0,5.0,5.0
2021-08-05 14:10:22,85.0,77.0,5.0,3.0
2021-08-05 14:10:23,80.0,71.0,5.0,4.0
2021-08-05 14:10:24,91.0,82.0,7.0,2.0
2021-08-05 14:10:25,88.0,76.0,6.0,6.0
2021-08-05 14:10:26,72.0,62.0,9.0,1.0
2021-08-05 14:10:27,74.0,66.0,2.0,6.0
2021-08-05 14:10:28,89.0,80.0,5.0,4.0
2021-08-05 14:10:29,91.0,81.0,7.0,3.0
2021-08-05 14:10:30,77.0,70.0,6.0,1.0
2021-08-05 14:10:31,66.0,58.0,4.0,4.0
2021-08-05 14:10:32,78.0,66.0,7.0,5.0
2021-08-05 14:10:33,90.0,74.0,11.0,5.0
2021-08-05 14:10:34,79.0,67.0,5.0,7.0
2021-08-05 14:10:35,90.0,80.0,6.0,4.0
2021-08-05 14:10:36,99.0,93.0,2.0,4.0
2021-08-05 14:10:37,88.0,73.0,11.0,4.0
2021-08-05 14:10:38,67.0,56.0,8.0,3.0
2021-08-05 14:10:39,76.0,72.0,2.0,2.0
2021-08-05 14:10:40,83.0,73.0,8.0,2.0
2021-08-05 14:10:41,70.0,59.0,4.0,7.0
2021-08-05 14:10:42,84.0,79.0,3.0,2.0
2021-08-05 14:10:43,65.0,51.0,10.0,4.0
2021-08-05 14:10:44,106.0,86.0,14.0,6.0
2021-08-05 14:10:45,89.0,78.0,8.0,3.0
2021-08-05 14:10:46,84.0,71.0,7.0,6.0
2021-08-05 14:10:47,86.0,79.0,3.0,4.0
2021-08-05 14:10:48,94.0,79.0,10.0,5.0
2021-08-05 14:10:49,84.0,77.0,5.0,2.0
2021-08-05 14:10:50,80.0,67.0,7.0,6.0
2021-08-05 14:10:51,76.0,61.0,8.0,7.0
2021-08-05 14:10:52,81.0,75.0,2.0,4.0
2021-08-05 14:10:53,78.0,67.0,7.0,4.0
2021-08-05 14:10:54,68.0,55.0,6.0,7.0
2021-08-05 14:10:55,74.0,68.0,3.0,3.0
2021-08-05 14:10:56,81.0,67.0,10.0,4.0
2021-08-05 14:10:57,77.0,69.0,5.0,3.0
2021-08-05 14:10:58,84.0,80.0,3.0,1.0
2021-08-05 14:10:59,77.0,70.0,4.0,3.0
2021-08-05 14:11:00,105.0,90.0,9.0,6.0
2021-08-05 14:11:01,84.0,71.0,8.0,5.0
2021-08-05 14:11:02,89.0,79.0,7.0,3.0
2021-08-05 14:11:03,77.0,67.0,4.0,6.0
2021-08-05 14:11:04,85.0,73.0,7.0,5.0
2021-08-05 14:11:05,84.0,71.0,8.0,5.0
2021-08-05 14:11:06,89.0,82.0,4.0,3.0
2021-08-05 14:11:07,78.0,68.0,6.0,4.0
2021-08-05 14:11:08,87.0,75.0,6.0,6.0
2021-08-05 14:11:09,79.0,66.0,10.0,3.0
2021-08-05 14:11:10,90.0,74.0,14.0,2.0
2021-08-05 14:11:11,78.0,68.0,7.0,3.0
2021-08-05 14:11:12,85.0,71.0,11.0,3.0
2021-08-05 14:11:13,83.0,73.0,8.0,2.0
2021-08-05 14:11:14,103.0,94.0,7.0,2.0
2021-08-05 14:11:15,70.0,64.0,3.0,3.0
2021-08-05 14:11:16,79.0,72.0,4.0,3.0
2021-08-05 14:11:17,80.0,72.0,5.0,3.0
2021-08-05 14:11:18,69.0,63.0,5.0,1.0
2021-08-05 14:11:19,71.0,59.0,12.0,0.0
2021-08-05 14:11:20,86.0,73.0,10.0,3.0
2021-08-05 14:11:21,82.0,70.0,9.0,3.0
2021-08-05 14:11:22,73.0,63.0,7.0,3.0
2021-08-05 14:11:23,66.0,61.0,5.0,0.0
2021-08-05 14:11:24,64.0,59.0,3.0,2.0
2021-08-05 14:11:25,81.0,66.0,11.0,4.0
2021-08-05 14:11:26,88.0,68.0,9.0,11.0
2021-08-05 14:11:27,79.0,70.0,7.0,2.0
2021-08-05 14:11:28,85.0,76.0,4.0,5.0
2021-08-05 14:11:29,79.0,69.0,7.0,3.0
2021-08-05 14:11:30,85.0,71.0,8.0,6.0
2021-08-05 14:11:31,83.0,64.0,10.0,9.0
2021-08-05 14:11:32,77.0,66.0,6.0,5.0
2021-08-05 14:11:33,65.0,57.0,4.0,4.0
2021-08-05 14:11:34,76.0,61.0,10.0,5.0
2021-08-05 14:11:35,90.0,78.0,8.0,4.0
2021-08-05 14:11:36,65.0,56.0,5.0,4.0
2021-08-05 14:11:37,100.0,90.0,7.0,3.0
2021-08-05 14:11:38,89.0,81.0,5.0,3.0
2021-08-05 14:11:39,73.0,61.0,7.0,5.0
2021-08-05 14:11:40,81.0,70.0,6.0,5.0
2021-08-05 14:11:41,70.0,64.0,2.0,4.0
2021-08-05 14:11:42,87.0,73.0,6.0,8.0
2021-08-05 14:11:43,76.0,67.0,5.0,4.0
2021-08-05 14:11:44,79.0,72.0,4.0,3.0
2021-08-05 14:11:45,89.0,80.0,6.0,3.0
2021-08-05 14:11:46,65.0,55.0,9.0,1.0
2021-08-05 14:11:47,87.0,75.0,7.0,5.0
2021-08-05 14:11:48,85.0,68.0,12.0,5.0
2021-08-05 14:11:49,82.0,64.0,11.0,7.0
2021-08-05 14:11:50,76.0,67.0,6.0,3.0
2021-08-05 14:11:51,83.0,73.0,5.0,5.0
2021-08-05 14:11:52,78.0,72.0,5.0,1.0
2021-08-05 14:11:53,79.0,67.0,6.0,6.0
2021-08-05 14:11:54,85.0,75.0,6.0,4.0
2021-08-05 14:11:55,78.0,62.0,9.0,7.0
2021-08-05 14:11:56,67.0,58.0,5.0,4.0
2021-08-05 14:11:57,75.0,65.0,7.0,3.0
2021-08-05 14:11:58,78.0,66.0,8.0,4.0
2021-08-05 14:11:59,77.0,67.0,7.0,3.0
2021-08-05 14:12:00,72.0,64.0,6.0,2.0
2021-08-05 14:12:01,81.0,68.0,9.0,4.0
2021-08-05 14:12:02,86.0,75.0,6.0,5.0
2021-08-05 14:12:03,86.0,77.0,7.0,2.0
2021-08-05 14:12:04,93.0,83.0,8.0,2.0
2021-08-05 14:12:05,92.0,78.0,10.0,4.0
2021-08-05 14:12:06,76.0,68.0,4.0,4.0
2021-08-05 14:12:07,80.0,71.0,5.0,4.0
2021-08-05 14:12:08,83.0,67.0,11.0,5.0
2021-08-05 14:12:09,77.0,68.0,5.0,4.0
2021-08-05 14:12:10,78.0,72.0,4.0,2.0
2021-08-05 14:12:11,86.0,74.0,4.0,8.0
2021-08-05 14:12:12,83.0,74.0,6.0,3.0
2021-08-05 14:12:13,84.0,74.0,9.0,1.0
2021-08-05 14:12:14,98.0,84.0,8.0,6.0
2021-08-05 14:12:15,89.0,75.0,9.0,5.0
2021-08-05 14:12:16,72.0,65.0,5.0,2.0
2021-08-05 14:12:17,66.0,60.0,2.0,4.0
2021-08-05 14:12:18,70.0,62.0,5.0,3.0
2021-08-05 14:12:19,58.0,49.0,7.0,2.0
2021-08-05 14:12:20,87.0,81.0,3.0,3.0
2021-08-05 14:12:21,81.0,69.0,10.0,2.0
2021-08-05 14:12:22,75.0,68.0,5.0,2.0
2021-08-05 14:12:23,78.0,68.0,7.0,3.0
2021-08-05 14:12:24,69.0,61.0,4.0,4.0
2021-08-05 14:12:25,76.0,67.0,3.0,6.0
2021-08-05 14:12:26,89.0,72.0,13.0,4.0
2021-08-05 14:12:27,91.0,79.0,9.0,3.0
2021-08-05 14:12:28,67.0,62.0,3.0,2.0
2021-08-05 14:12:29,84.0,74.0,6.0,4.0
2021-08-05 14:12:30,67.0,61.0,4.0,2.0
2021-08-05 14:12:31,68.0,56.0,7.0,5.0
2021-08-05 14:12:32,86.0,71.0,8.0,7.0
2021-08-05 14:12:33,97.0,86.0,4.0,7.0
2021-08-05 14:12:34,79.0,69.0,5.0,5.0
2021-08-05 14:12:35,80.0,69.0,5.0,6.0
2021-08-05 14:12:36,72.0,62.0,5.0,5.0
2021-08-05 14:12:37,82.0,66.0,9.0,7.0
2021-08-05 14:12:38,77.0,71.0,2.0,4.0
2021-08-05 14:12:39,68.0,59.0,6.0,3.0
2021-08-05 14:12:40,78.0,68.0,5.0,5.0
2021-08-05 14:12:41,91.0,81.0,7.0,3.0
2021-08-05 14:12:42,85.0,76.0,4.0,5.0
2021-08-05 14:12:43,73.0,61.0,8.0,4.0
2021-08-05 14:12:44,77.0,67.0,8.0,2.0
2021-08-05 14:12:45,73.0,65.0,5.0,3.0
2021-08-05 14:12:46,82.0,73.0,7.0,2.0
2021-08-05 14:12:47,75.0,64.0,6.0,5.0
2021-08-05 14:12:48,85.0,74.0,8.0,3.0
2021-08-05 14:12:49,91.0,80.0,7.0,4.0
2021-08-05 14:12:50,85.0,73.0,6.0,6.0
2021-08-05 14:12:51,72.0,67.0,3.0,2.0
2021-08-05 14:12:52,88.0,81.0,6.0,1.0
2021-08-05 14:12:53,79.0,69.0,5.0,5.0
2021-08-05 14:12:54,91.0,80.0,8.0,3.0
2021-08-05 14:12:55,93.0,81.0,5.0,7.0
2021-08-05 14:12:56,71.0,66.0,2.0,3.0
2021-08-05 14:12:57,94.0,81.0,10.0,3.0
2021-08-05 14:12:58,88.0,80.0,5.0,3.0
2021-08-05 14:12:59,97.0,85.0,7.0,5.0
2021-08-05 14:13:00,70.0,62.0,8.0,0.0
2021-08-05 14:13:01,81.0,66.0,11.0,4.0
2021-08-05 14:13:02,68.0,61.0,5.0,2.0
2021-08-05 14:13:03,71.0,60.0,6.0,5.0
2021-08-05 14:13:04,83.0,73.0,7.0,3.0
2021-08-05 14:13:05,96.0,87.0,6.0,3.0
2021-08-05 14:13:06,85.0,76.0,4.0,5.0
2021-08-05 14:13:07,86.0,70.0,8.0,8.0
2021-08-05 14:13:08,70.0,65.0,3.0,2.0
2021-08-05 14:13:09,87.0,72.0,7.0,8.0
2021-08-05 14:13:10,76.0,65.0,8.0,3.0
2021-08-05 14:13:11,75.0,68.0,4.0,3.0
2021-08-05 14:13:12,74.0,66.0,5.0,3.0
2021-08-05 14:13:13,78.0,67.0,6.0,5.0
2021-08-05 14:13:14,84.0,73.0,7.0,4.0
2021-08-05 14:13:15,75.0,64.0,7.0,4.0
2021-08-05 14:13:16,75.0,65.0,4.0,6.0
2021-08-05 14:13:17,76.0,54.0,13.0,9.0
2021-08-05 14:13:18,96.0,87.0,4.0,5.0
2021-08-05 14:13:19,66.0,59.0,5.0,2.0
2021-08-05 14:13:20,88.0,76.0,7.0,5.0
2021-08-05 14:13:21,79.0,71.0,3.0,5.0
2021-08-05 14:13:22,79.0,69.0,6.0,4.0
2021-08-05 14:13:23,89.0,76.0,10.0,3.0
2021-08-05 14:13:24,79.0,68.0,9.0,2.0
2021-08-05 14:13:25,85.0,78.0,6.0,1.0
2021-08-05 14:13:26,68.0,54.0,7.0,7.0
2021-08-05 14:13:27,86.0,71.0,9.0,6.0
2021-08-05 14:13:28,90.0,75.0,10.0,5.0
2021-08-05 14:13:29,85.0,73.0,8.0,4.0
2021-08-05 14:13:30,70.0,62.0,6.0,2.0
2021-08-05 14:13:31,78.0,71.0,5.0,2.0
2021-08-05 14:13:32,96.0,82.0,8.0,6.0
2021-08-05 14:13:33,68.0,60.0,3.0,5.0
2021-08-05 14:13:34,88.0,72.0,11.0,5.0
2021-08-05 14:13:35,87.0,72.0,8.0,7.0
2021-08-05 14:13:36,92.0,75.0,10.0,7.0
2021-08-05 14:13:37,93.0,86.0,3.0,4.0
2021-08-05 14:13:38,79.0,70.0,7.0,2.0
2021-08-05 14:13:39,87.0,79.0,6.0,2.0
2021-08-05 14:13:40,92.0,83.0,5.0,4.0
2021-08-05 14:13:41,83.0,74.0,5.0,4.0
2021-08-05 14:13:42,92.0,79.0,5.0,8.0
2021-08-05 14:13:43,71.0,62.0,4.0,5.0
2021-08-05 14:13:44,80.0,67.0,8.0,5.0
2021-08-05 14:13:45,82.0,70.0,4.0,8.0
2021-08-05 14:13:46,69.0,57.0,9.0,3.0
2021-08-05 14:13:47,73.0,65.0,2.0,6.0
2021-08-05 14:13:48,85.0,75.0,5.0,5.0
2021-08-05 14:13:49,82.0,73.0,3.0,6.0
2021-08-05 14:13:50,75.0,63.0,5.0,7.0
2021-08-05 14:13:51,74.0,68.0,2.0,4.0
2021-08-05 14:13:52,83.0,72.0,7.0,4.0
2021-08-05 14:13:53,74.0,61.0,8.0,5.0
2021-08-05 14:13:54,111.0,90.0,11.0,10.0
2021-08-05 14:13:55,92.0,78.0,8.0,6.0
2021-08-05 14:13:56,77.0,70.0,5.0,2.0
2021-08-05 14:13:57,84.0,70.0,5.0,9.0
2021-08-05 14:13:58,86.0,79.0,3.0,4.0
2021-08-05 14:13:59,84.0,72.0,10.0,2.0
2021-08-05 14:14:00,71.0,68.0,2.0,1.0
2021-08-05 14:14:01,85.0,73.0,8.0,4.0
2021-08-05 14:14:02,73.0,57.0,11.0,5.0
2021-08-05 14:14:03,82.0,69.0,7.0,6.0
2021-08-05 14:14:04,85.0,72.0,9.0,4.0
2021-08-05 14:14:05,80.0,72.0,5.0,3.0
2021-08-05 14:14:06,81.0,73.0,4.0,4.0
2021-08-05 14:14:07,83.0,68.0,8.0,7.0
2021-08-05 14:14:08,83.0,72.0,6.0,5.0
2021-08-05 14:14:09,81.0,76.0,5.0,0.0
2021-08-05 14:14:10,85.0,76.0,8.0,1.0
2021-08-05 14:14:11,85.0,81.0,2.0,2.0
2021-08-05 14:14:12,67.0,58.0,6.0,3.0
2021-08-05 14:14:13,98.0,81.0,11.0,6.0
2021-08-05 14:14:14,73.0,67.0,3.0,3.0
2021-08-05 14:14:15,84.0,74.0,3.0,7.0
2021-08-05 14:14:16,103.0,87.0,9.0,7.0
2021-08-05 14:14:17,91.0,76.0,11.0,4.0
2021-08-05 14:14:18,88.0,81.0,3.0,4.0
2021-08-05 14:14:19,73.0,59.0,12.0,2.0
2021-08-05 14:14:20,78.0,69.0,5.0,4.0
2021-08-05 14:14:21,94.0,78.0,8.0,8.0
2021-08-05 14:14:22,69.0,57.0,6.0,6.0
2021-08-05 14:14:23,81.0,70.0,5.0,6.0
2021-08-05 14:14:24,81.0,71.0,8.0,2.0
2021-08-05 14:14:25,95.0,81.0,8.0,6.0
2021-08-05 14:14:26,84.0,71.0,8.0,5.0
2021-08-05 14:14:27,83.0,69.0,8.0,6.0
2021-08-05 14:14:28,74.0,63.0,7.0,4.0
2021-08-05 14:14:29,84.0,71.0,9.0,4.0
2021-08-05 14:14:30,70.0,62.0,4.0,4.0
2021-08-05 14:14:31,78.0,66.0,10.0,2.0
2021-08-05 14:14:32,68.0,58.0,6.0,4.0
2021-08-05 14:14:33,73.0,65.0,4.0,4.0
2021-08-05 14:14:34,71.0,62.0,5.0,4.0
2021-08-05 14:14:35,60.0,54.0,3.0,3.0
2021-08-05 14:14:36,82.0,68.0,9.0,5.0
2021-08-05 14:14:37,77.0,63.0,6.0,8.0
2021-08-05 14:14:38,93.0,79.0,9.0,5.0
2021-08-05 14:14:39,81.0,66.0,8.0,7.0
2021-08-05 14:14:40,74.0,61.0,7.0,6.0
2021-08-05 14:14:41,71.0,62.0,4.0,5.0
2021-08-05 14:14:42,69.0,64.0,3.0,2.0
2021-08-05 14:14:43,79.0,68.0,7.0,4.0
2021-08-05 14:14:44,76.0,65.0,5.0,6.0
2021-08-05 14:14:45,78.0,64.0,6.0,8.0
2021-08-05 14:14:46,73.0,68.0,4.0,1.0
2021-08-05 14:14:47,90.0,77.0,9.0,4.0
2021-08-05 14:14:48,80.0,74.0,3.0,3.0
2021-08-05 14:14:49,99.0,87.0,10.0,2.0
2021-08-05 14:14:50,82.0,75.0,2.0,5.0
2021-08-05 14:14:51,69.0,56.0,9.0,4.0
2021-08-05 14:14:52,86.0,75.0,5.0,6.0
2021-08-05 14:14:53,72.0,63.0,6.0,3.0
2021-08-05 14:14:54,75.0,68.0,5.0,2.0
2021-08-05 14:14:55,84.0,77.0,4.0,3.0
2021-08-05 14:14:56,74.0,60.0,5.0,9.0
2021-08-05 14:14:57,75.0,65.0,5.0,5.0
2021-08-05 14:14:58,83.0,71.0,8.0,4.0
2021-08-05 14:14:59,78.0,66.0,8.0,4.0
2021-08-05 14:15:00,76.0,71.0,2.0,3.0
2021-08-05 14:15:01,83.0,77.0,3.0,3.0
2021-08-05 14:15:02,78.0,64.0,6.0,8.0
2021-08-05 14:15:03,83.0,69.0,9.0,5.0
2021-08-05 14:15:04,84.0,71.0,7.0,6.0
2021-08-05 14:15:05,86.0,75.0,7.0,4.0
2021-08-05 14:15:06,71.0,65.0,3.0,3.0
2021-08-05 14:15:07,82.0,74.0,5.0,3.0
2021-08-05 14:15:08,84.0,66.0,10.0,8.0
2021-08-05 14:15:09,91.0,73.0,11.0,7.0
2021-08-05 14:15:10,91.0,77.0,8.0,6.0
2021-08-05 14:15:11,78.0,71.0,3.0,4.0
2021-08-05 14:15:12,76.0,68.0,4.0,4.0
2021-08-05 14:15:13,91.0,79.0,4.0,8.0
2021-08-05 14:15:14,77.0,71.0,6.0,0.0
2021-08-05 14:15:15,77.0,66.0,6.0,5.0
2021-08-05 14:15:16,84.0,76.0,6.0,2.0
2021-08-05 14:15:17,68.0,57.0,5.0,6.0
2021-08-05 14:15:18,94.0,87.0,5.0,2.0
2021-08-05 14:15:19,93.0,75.0,14.0,4.0
2021-08-05 14:15:20,94.0,88.0,1.0,5.0
2021-08-05 14:15:21,66.0,55.0,5.0,6.0
2021-08-05 14:15:22,92.0,82.0,6.0,4.0
2021-08-05 14:15:23,83.0,70.0,8.0,5.0
2021-08-05 14:15:24,79.0,71.0,6.0,2.0
2021-08-05 14:15:25,67.0,59.0,5.0,3.0
2021-08-05 14:15:26,65.0,54.0,6.0,5.0
2021-08-05 14:15:27,80.0,65.0,9.0,6.0
2021-08-05 14:15:28,72.0,65.0,2.0,5.0
2021-08-05 14:15:29,84.0,76.0,3.0,5.0
2021-08-05 14:15:30,74.0,63.0,9.0,2.0
2021-08-05 14:15:31,88.0,76.0,9.0,3.0
2021-08-05 14:15:32,87.0,74.0,10.0,3.0
2021-08-05 14:15:33,89.0,73.0,9.0,7.0
2021-08-05 14:15:34,73.0,61.0,10.0,2.0
2021-08-05 14:15:35,95.0,80.0,10.0,5.0
2021-08-05 14:15:36,91.0,78.0,11.0,2.0
2021-08-05 14:15:37,88.0,77.0,7.0,4.0
2021-08-05 14:15:38,77.0,66.0,7.0,4.0
2021-08-05 14:15:39,94.0,80.0,8.0,6.0
2021-08-05 14:15:40,79.0,67.0,7.0,5.0
2021-08-05 14:15:41,82.0,72.0,7.0,3.0
2021-08-05 14:15:42,92.0,73.0,15.0,4.0
2021-08-05 14:15:43,86.0,75.0,4.0,7.0
2021-08-05 14:15:44,75.0,68.0,3.0,4.0
2021-08-05 14:15:45,89.0,81.0,6.0,2.0
2021-08-05 14:15:46,75.0,61.0,6.0,8.0
2021-08-05 14:15:47,80.0,65.0,9.0,6.0
2021-08-05 14:15:48,82.0,72.0,4.0,6.0
2021-08-05 14:15:49,69.0,62.0,5.0,2.0
2021-08-05 14:15:50,78.0,68.0,10.0,0.0
2021-08-05 14:15:51,65.0,55.0,8.0,2.0
2021-08-05 14:15:52,88.0,77.0,8.0,3.0
2021-08-05 14:15:53,90.0,74.0,11.0,5.0
2021-08-05 14:15:54,85.0,72.0,6.0,7.0
2021-08-05 14:15:55,85.0,76.0,7.0,2.0
2021-08-05 14:15:56,84.0,72.0,5.0,7.0
2021-08-05 14:15:57,84.0,74.0,4.0,6.0
2021-08-05 14:15:58,95.0,88.0,4.0,3.0
2021-08-05 14:15:59,86.0,77.0,7.0,2.0
2021-08-05 14:16:00,84.0,74.0,7.0,3.0
2021-08-05 14:16:01,77.0,68.0,7.0,2.0
2021-08-05 14:16:02,62.0,57.0,3.0,2.0
2021-08-05 14:16:03,79.0,64.0,11.0,4.0
2021-08-05 14:16:04,86.0,76.0,7.0,3.0
2021-08-05 14:16:05,86.0,73.0,7.0,6.0
2021-08-05 14:16:06,71.0,62.0,7.0,2.0
2021-08-05 14:16:07,79.0,68.0,7.0,4.0
2021-08-05 14:16:08,80.0,69.0,6.0,5.0
2021-08-05 14:16:09,64.0,54.0,7.0,3.0
2021-08-05 14:16:10,86.0,80.0,3.0,3.0
2021-08-05 14:16:11,74.0,71.0,2.0,1.0
2021-08-05 14:16:12,78.0,63.0,9.0,6.0
2021-08-05 14:16:13,91.0,83.0,5.0,3.0
2021-08-05 14:16:14,92.0,72.0,11.0,9.0
2021-08-05 14:16:15,77.0,71.0,5.0,1.0
2021-08-05 14:16:16,75.0,68.0,5.0,2.0
2021-08-05 14:16:17,60.0,47.0,8.0,5.0
2021-08-05 14:16:18,80.0,70.0,7.0,3.0
2021-08-05 14:16:19,74.0,56.0,9.0,9.0
2021-08-05 14:16:20,90.0,77.0,7.0,6.0
2021-08-05 14:16:21,65.0,52.0,11.0,2.0
2021-08-05 14:16:22,75.0,64.0,8.0,3.0
2021-08-05 14:16:23,90.0,78.0,8.0,4.0
2021-08-05 14:16:24,97.0,78.0,12.0,7.0
2021-08-05 14:16:25,105.0,91.0,6.0,8.0
2021-08-05 14:16:26,90.0,80.0,9.0,1.0
2021-08-05 14:16:27,87.0,78.0,4.0,5.0
2021-08-05 14:16:28,89.0,76.0,7.0,6.0
2021-08-05 14:16:29,78.0,65.0,7.0,6.0
2021-08-05 14:16:30,77.0,64.0,8.0,5.0
2021-08-05 14:16:31,87.0,74.0,8.0,5.0
2021-08-05 14:16:32,82.0,74.0,4.0,4.0
2021-08-05 14:16:33,81.0,68.0,8.0,5.0
2021-08-05 14:16:34,77.0,72.0,2.0,3.0
2021-08-05 14:16:35,89.0,78.0,8.0,3.0
2021-08-05 14:16:36,84.0,73.0,4.0,7.0
2021-08-05 14:16:37,82.0,71.0,7.0,4.0
2021-08-05 14:16:38,85.0,74.0,8.0,3.0
2021-08-05 14:16:39,82.0,69.0,8.0,5.0
2021-08-05 14:16:40,81.0,73.0,5.0,3.0
2021-08-05 14:16:41,90.0,75.0,10.0,5.0
2021-08-05 14:16:42,70.0,59.0,6.0,5.0
2021-08-05 14:16:43,80.0,71.0,6.0,3.0
2021-08-05 14:16:44,78.0,70.0,5.0,3.0
2021-08-05 14:16:45,95.0,81.0,10.0,4.0
2021-08-05 14:16:46,95.0,82.0,9.0,4.0
2021-08-05 14:16:47,74.0,63.0,2.0,9.0
2021-08-05 14:16:48,75.0,62.0,7.0,6.0
2021-08-05 14:16:49,71.0,61.0,5.0,5.0
2021-08-05 14:16:50,87.0,75.0,9.0,3.0
2021-08-05 14:16:51,81.0,67.0,7.0,7.0
2021-08-05 14:16:52,82.0,76.0,5.0,1.0
2021-08-05 14:16:53,92.0,79.0,7.0,6.0
2021-08-05 14:16:54,67.0,61.0,6.0,0.0
2021-08-05 14:16:55,76.0,68.0,6.0,2.0
2021-08-05 14:16:56,93.0,77.0,9.0,7.0
2021-08-05 14:16:57,84.0,71.0,8.0,5.0
2021-08-05 14:16:58,73.0,63.0,6.0,4.0
2021-08-05 14:16:59,71.0,66.0,3.0,2.0
2021-08-05 14:17:00,74.0,69.0,3.0,2.0
2021-08-05 14:17:01,88.0,74.0,7.0,7.0
2021-08-05 14:17:02,74.0,71.0,3.0,0.0
2021-08-05 14:17:03,77.0,65.0,9.0,3.0
2021-08-05 14:17:04,82.0,70.0,7.0,5.0
2021-08-05 14:17:05,68.0,61.0,5.0,2.0
2021-08-05 14:17:06,86.0,77.0,5.0,4.0
2021-08-05 14:17:07,77.0,65.0,9.0,3.0
2021-08-05 14:17:08,79.0,71.0,6.0,2.0
2021-08-05 14:17:09,81.0,71.0,6.0,4.0
2021-08-05 14:17:10,74.0,64.0,8.0,2.0
2021-08-05 14:17:11,66.0,55.0,10.0,1.0
2021-08-05 14:17:12,78.0,64.0,13.0,1.0
2021-08-05 14:17:13,85.0,73.0,9.0,3.0
2021-08-05 14:17:14,96.0,85.0,7.0,4.0
2021-08-05 14:17:15,76.0,64.0,5.0,7.0
2021-08-05 14:17:16,65.0,59.0,4.0,2.0
2021-08-05 14:17:17,92.0,83.0,3.0,6.0
2021-08-05 14:17:18,69.0,63.0,4.0,2.0
2021-08-05 14:17:19,81.0,72.0,5.0,4.0
2021-08-05 14:17:20,82.0,66.0,9.0,7.0
2021-08-05 14:17:21,69.0,61.0,6.0,2.0
2021-08-05 14:17:22,76.0,67.0,3.0,6.0
2021-08-05 14:17:23,69.0,63.0,3.0,3.0
2021-08-05 14:17:24,77.0,67.0,4.0,6.0
2021-08-05 14:17:25,92.0,79.0,8.0,5.0
2021-08-05 14:17:26,55.0,52.0,2.0,1.0
2021-08-05 14:17:27,91.0,82.0,4.0,5.0
2021-08-05 14:17:28,81.0,67.0,9.0,5.0
2021-08-05 14:17:29,78.0,65.0,9.0,4.0
2021-08-05 14:17:30,82.0,71.0,7.0,4.0
2021-08-05 14:17:31,76.0,69.0,6.0,1.0
2021-08-05 14:17:32,82.0,73.0,5.0,4.0
2021-08-05 14:17:33,70.0,62.0,6.0,2.0
2021-08-05 14:17:34,81.0,71.0,6.0,4.0
2021-08-05 14:17:35,77.0,70.0,4.0,3.0
2021-08-05 14:17:36,77.0,68.0,6.0,3.0
2021-08-05 14:17:37,58.0,52.0,5.0,1.0
2021-08-05 14:17:38,81.0,70.0,6.0,5.0
2021-08-05 14:17:39,69.0,61.0,3.0,5.0
2021-08-05 14:17:40,81.0,73.0,4.0,4.0
2021-08-05 14:17:41,87.0,78.0,5.0,4.0
2021-08-05 14:17:42,84.0,80.0,1.0,3.0
2021-08-05 14:17:43,80.0,72.0,2.0,6.0
2021-08-05 14:17:44,86.0,76.0,6.0,4.0
2021-08-05 14:17:45,75.0,62.0,7.0,6.0
2021-08-05 14:17:46,74.0,66.0,4.0,4.0
2021-08-05 14:17:47,74.0,66.0,4.0,4.0
2021-08-05 14:17:48,91.0,82.0,7.0,2.0
2021-08-05 14:17:49,92.0,82.0,7.0,3.0
2021-08-05 14:17:50,79.0,71.0,7.0,1.0
2021-08-05 14:17:51,89.0,75.0,9.0,5.0
2021-08-05 14:17:52,78.0,71.0,4.0,3.0
2021-08-05 14:17:53,69.0,61.0,3.0,5.0
2021-08-05 14:17:54,73.0,62.0,10.0,1.0
2021-08-05 14:17:55,74.0,69.0,2.0,3.0
2021-08-05 14:17:56,87.0,76.0,8.0,3.0
2021-08-05 14:17:57,80.0,64.0,10.0,6.0
2021-08-05 14:17:58,67.0,61.0,4.0,2.0
2021-08-05 14:17:59,79.0,70.0,5.0,4.0
2021-08-05 14:18:00,72.0,62.0,7.0,3.0
2021-08-05 14:18:01,80.0,69.0,9.0,2.0
2021-08-05 14:18:02,91.0,80.0,8.0,3.0
2021-08-05 14:18:03,82.0,73.0,4.0,5.0
2021-08-05 14:18:04,65.0,52.0,7.0,6.0
2021-08-05 14:18:05,73.0,69.0,2.0,2.0
2021-08-05 14:18:06,82.0,73.0,4.0,5.0
2021-08-05 14:18:07,82.0,62.0,11.0,9.0
2021-08-05 14:18:08,81.0,67.0,11.0,3.0
2021-08-05 14:18:09,75.0,63.0,8.0,4.0
2021-08-05 14:18:10,96.0,84.0,10.0,2.0
2021-08-05 14:18:11,69.0,60.0,7.0,2.0
2021-08-05 14:18:12,63.0,56.0,6.0,1.0
2021-08-05 14:18:13,97.0,82.0,7.0,8.0
2021-08-05 14:18:14,72.0,61.0,9.0,2.0
2021-08-05 14:18:15,88.0,70.0,10.0,8.0
2021-08-05 14:18:16,90.0,74.0,9.0,7.0
2021-08-05 14:18:17,84.0,74.0,7.0,3.0
2021-08-05 14:18:18,78.0,62.0,10.0,6.0
2021-08-05 14:18:19,83.0,66.0,10.0,7.0
2021-08-05 14:18:20,67.0,58.0,6.0,3.0
2021-08-05 14:18:21,78.0,71.0,3.0,4.0
2021-08-05 14:18:22,87.0,75.0,9.0,3.0
2021-08-05 14:18:23,78.0,68.0,8.0,2.0
2021-08-05 14:18:24,73.0,67.0,4.0,2.0
2021-08-05 14:18:25,89.0,76.0,8.0,5.0
2021-08-05 14:18:26,84.0,75.0,6.0,3.0
2021-08-05 14:18:27,74.0,63.0,9.0,2.0
2021-08-05 14:18:28,78.0,65.0,8.0,5.0
2021-08-05 14:18:29,87.0,76.0,6.0,5.0
2021-08-05 14:18:30,74.0,68.0,5.0,1.0
2021-08-05 14:18:31,72.0,65.0,6.0,1.0
2021-08-05 14:18:32,77.0,71.0,6.0,0.0
2021-08-05 14:18:33,83.0,65.0,6.0,12.0
2021-08-05 14:18:34,84.0,76.0,7.0,1.0
2021-08-05 14:18:35,79.0,68.0,5.0,6.0
2021-08-05 14:18:36,72.0,63.0,7.0,2.0
2021-08-05 14:18:37,76.0,62.0,7.0,7.0
2021-08-05 14:18:38,86.0,76.0,5.0,5.0
2021-08-05 14:18:39,93.0,75.0,11.0,7.0
2021-08-05 14:18:40,81.0,72.0,3.0,6.0
2021-08-05 14:18:41,71.0,60.0,8.0,3.0
2021-08-05 14:18:42,83.0,64.0,14.0,5.0
2021-08-05 14:18:43,81.0,75.0,4.0,2.0
2021-08-05 14:18:44,86.0,76.0,5.0,5.0
2021-08-05 14:18:45,86.0,67.0,13.0,6.0
2021-08-05 14:18:46,82.0,70.0,5.0,7.0
2021-08-05 14:18:47,76.0,62.0,9.0,5.0
2021-08-05 14:18:48,92.0,77.0,9.0,6.0
2021-08-05 14:18:49,100.0,87.0,7.0,6.0
2021-08-05 14:18:50,83.0,74.0,5.0,4.0
2021-08-05 14:18:51,73.0,68.0,4.0,1.0
2021-08-05 14:18:52,80.0,71.0,6.0,3.0
2021-08-05 14:18:53,71.0,67.0,3.0,1.0
2021-08-05 14:18:54,99.0,88.0,7.0,4.0
2021-08-05 14:18:55,98.0,87.0,9.0,2.0
2021-08-05 14:18:56,96.0,83.0,7.0,6.0
2021-08-05 14:18:57,78.0,71.0,6.0,1.0
2021-08-05 14:18:58,80.0,72.0,8.0,0.0
2021-08-05 14:18:59,86.0,76.0,7.0,3.0
2021-08-05 14:19:00,64.0,54.0,4.0,6.0
2021-08-05 14:19:01,78.0,70.0,5.0,3.0
2021-08-05 14:19:02,75.0,66.0,4.0,5.0
2021-08-05 14:19:03,77.0,68.0,5.0,4.0
2021-08-05 14:19:04,63.0,57.0,3.0,3.0
2021-08-05 14:19:05,108.0,95.0,7.0,6.0
2021-08-05 14:19:06,74.0,62.0,5.0,7.0
2021-08-05 14:19:07,85.0,75.0,5.0,5.0
2021-08-05 14:19:08,87.0,75.0,2.0,10.0
2021-08-05 14:19:09,97.0,85.0,10.0,2.0
2021-08-05 14:19:10,85.0,72.0,7.0,6.0
2021-08-05 14:19:11,80.0,70.0,3.0,7.0
2021-08-05 14:19:12,90.0,78.0,7.0,5.0
2021-08-05 14:19:13,74.0,64.0,7.0,3.0
2021-08-05 14:19:14,82.0,65.0,8.0,9.0
2021-08-05 14:19:15,81.0,73.0,6.0,2.0
2021-08-05 14:19:16,74.0,65.0,7.0,2.0
2021-08-05 14:19:17,83.0,76.0,3.0,4.0
2021-08-05 14:19:18,78.0,71.0,3.0,4.0
2021-08-05 14:19:19,74.0,65.0,7.0,2.0
2021-08-05 14:19:20,76.0,66.0,3.0,7.0
2021-08-05 14:19:21,87.0,74.0,8.0,5.0
2021-08-05 14:19:22,91.0,79.0,8.0,4.0
2021-08-05 14:19:23,78.0,65.0,6.0,7.0
2021-08-05 14:19:24,86.0,72.0,6.0,8.0
2021-08-05 14:19:25,85.0,77.0,3.0,5.0
2021-08-05 14:19:26,79.0,74.0,4.0,1.0
2021-08-05 14:19:27,72.0,62.0,7.0,3.0
2021-08-05 14:19:28,75.0,61.0,8.0,6.0
2021-08-05 14:19:29,86.0,79.0,6.0,1.0
2021-08-05 14:19:30,88.0,78.0,6.0,4.0
2021-08-05 14:19:31,94.0,81.0,10.0,3.0
2021-08-05 14:19:32,65.0,52.0,9.0,4.0
2021-08-05 14:19:33,68.0,55.0,6.0,7.0
2021-08-05 14:19:34,87.0,78.0,3.0,6.0
2021-08-05 14:19:35,85.0,76.0,8.0,1.0
2021-08-05 14:19:36,89.0,73.0,7.0,9.0
2021-08-05 14:19:37,84.0,77.0,5.0,2.0
2021-08-05 14:19:38,76.0,63.0,7.0,6.0
2021-08-05 14:19:39,88.0,78.0,6.0,4.0
2021-08-05 14:19:40,70.0,61.0,5.0,4.0
2021-08-05 14:19:41,74.0,63.0,7.0,4.0
2021-08-05 14:19:42,81.0,71.0,8.0,2.0
2021-08-05 14:19:43,75.0,60.0,7.0,8.0
2021-08-05 14:19:44,77.0,67.0,6.0,4.0
2021-08-05 14:19:45,79.0,67.0,9.0,3.0
2021-08-05 14:19:46,83.0,70.0,9.0,4.0
2021-08-05 14:19:47,92.0,81.0,5.0,6.0
2021-08-05 14:19:48,71.0,63.0,1.0,7.0
2021-08-05 14:19:49,79.0,72.0,4.0,3.0
2021-08-05 14:19:50,74.0,65.0,7.0,2.0
2021-08-05 14:19:51,82.0,63.0,11.0,8.0
2021-08-05 14:19:52,67.0,57.0,8.0,2.0
2021-08-05 14:19:53,84.0,76.0,5.0,3.0
2021-08-05 14:19:54,77.0,66.0,6.0,5.0
2021-08-05 14:19:55,86.0,75.0,6.0,5.0
2021-08-05 14:19:56,84.0,75.0,6.0,3.0
2021-08-05 14:19:57,87.0,81.0,2.0,4.0
2021-08-05 14:19:58,92.0,80.0,10.0,2.0
2021-08-05 14:19:59,74.0,61.0,8.0,5.0
2021-08-05 14:20:00,80.0,69.0,6.0,5.0
2021-08-05 14:20:01,88.0,78.0,7.0,3.0
2021-08-05 14:20:02,85.0,72.0,5.0,8.0
2021-08-05 14:20:03,81.0,70.0,9.0,2.0
2021-08-05 14:20:04,83.0,71.0,10.0,2.0
2021-08-05 14:20:05,80.0,70.0,4.0,6.0
2021-08-05 14:20:06,89.0,73.0,10.0,6.0
2021-08-05 14:20:07,84.0,72.0,6.0,6.0
2021-08-05 14:20:08,84.0,71.0,11.0,2.0
2021-08-05 14:20:09,96.0,86.0,5.0,5.0
2021-08-05 14:20:10,85.0,77.0,5.0,3.0
2021-08-05 14:20:11,88.0,77.0,5.0,6.0
2021-08-05 14:20:12,69.0,65.0,1.0,3.0
2021-08-05 14:20:13,69.0,58.0,8.0,3.0
2021-08-05 14:20:14,88.0,79.0,5.0,4.0
2021-08-05 14:20:15,86.0,74.0,4.0,8.0
2021-08-05 14:20:16,89.0,74.0,9.0,6.0
2021-08-05 14:20:17,82.0,72.0,4.0,6.0
2021-08-05 14:20:18,89.0,75.0,10.0,4.0
2021-08-05 14:20:19,92.0,85.0,3.0,4.0
2021-08-05 14:20:20,85.0,69.0,7.0,9.0
2021-08-05 14:20:21,82.0,75.0,3.0,4.0
2021-08-05 14:20:22,80.0,66.0,8.0,6.0
2021-08-05 14:20:23,73.0,62.0,7.0,4.0
2021-08-05 14:20:24,81.0,72.0,5.0,4.0
2021-08-05 14:20:25,72.0,66.0,2.0,4.0
2021-08-05 14:20:26,81.0,72.0,6.0,3.0
2021-08-05 14:20:27,95.0,74.0,9.0,12.0
2021-08-05 14:20:28,79.0,66.0,8.0,5.0
2021-08-05 14:20:29,84.0,74.0,4.0,6.0
2021-08-05 14:20:30,78.0,63.0,9.0,6.0
2021-08-05 14:20:31,99.0,86.0,7.0,6.0
2021-08-05 14:20:32,69.0,67.0,0.0,2.0
2021-08-05 14:20:33,79.0,71.0,6.0,2.0
2021-08-05 14:20:34,76.0,65.0,5.0,6.0
2021-08-05 14:20:35,77.0,72.0,3.0,2.0
2021-08-05 14:20:36,74.0,61.0,8.0,5.0
2021-08-05 14:20:37,81.0,76.0,3.0,2.0
2021-08-05 14:20:38,84.0,74.0,7.0,3.0
2021-08-05 14:20:39,84.0,78.0,4.0,2.0
2021-08-05 14:20:40,93.0,82.0,7.0,4.0
2021-08-05 14:20:41,82.0,72.0,4.0,6.0
2021-08-05 14:20:42,88.0,77.0,8.0,3.0
2021-08-05 14:20:43,74.0,67.0,3.0,4.0
2021-08-05 14:20:44,81.0,67.0,8.0,6.0
2021-08-05 14:20:45,78.0,70.0,3.0,5.0
2021-08-05 14:20:46,85.0,78.0,3.0,4.0
2021-08-05 14:20:47,91.0,83.0,3.0,5.0
2021-08-05 14:20:48,76.0,68.0,3.0,5.0
2021-08-05 14:20:49,90.0,78.0,5.0,7.0
2021-08-05 14:20:50,89.0,80.0,6.0,3.0
2021-08-05 14:20:51,80.0,72.0,5.0,3.0
2021-08-05 14:20:52,75.0,66.0,6.0,3.0
2021-08-05 14:20:53,74.0,67.0,5.0,2.0
2021-08-05 14:20:54,68.0,58.0,7.0,3.0
2021-08-05 14:20:55,82.0,75.0,4.0,3.0
2021-08-05 14:20:56,100.0,85.0,12.0,3.0
2021-08-05 14:20:57,68.0,63.0,4.0,1.0
2021-08-05 14:20:58,81.0,69.0,3.0,9.0
2021-08-05 14:20:59,65.0,57.0,6.0,2.0
2021-08-05 14:21:00,87.0,74.0,7.0,6.0
2021-08-05 14:21:01,68.0,61.0,7.0,0.0
2021-08-05 14:21:02,82.0,73.0,7.0,2.0
2021-08-05 14:21:03,67.0,58.0,5.0,4.0
2021-08-05 14:21:04,81.0,70.0,5.0,6.0
2021-08-05 14:21:05,100.0,90.0,8.0,2.0
2021-08-05 14:21:06,94.0,86.0,2.0,6.0
2021-08-05 14:21:07,77.0,64.0,9.0,4.0
2021-08-05 14:21:08,86.0,74.0,7.0,5.0
2021-08-05 14:21:09,80.0,72.0,5.0,3.0
2021-08-05 14:21:10,79.0,70.0,6.0,3.0
2021-08-05 14:21:11,75.0,64.0,8.0,3.0
2021-08-05 14:21:12,106.0,93.0,9.0,4.0
2021-08-05 14:21:13,70.0,61.0,8.0,1.0
2021-08-05 14:21:14,89.0,77.0,5.0,7.0
2021-08-05 14:21:15,74.0,67.0,4.0,3.0
2021-08-05 14:21:16,71.0,63.0,5.0,3.0
2021-08-05 14:21:17,97.0,86.0,7.0,4.0
2021-08-05 14:21:18,71.0,66.0,4.0,1.0
2021-08-05 14:21:19,71.0,59.0,8.0,4.0
2021-08-05 14:21:20,91.0,82.0,4.0,5.0
2021-08-05 14:21:21,68.0,62.0,3.0,3.0
2021-08-05 14:21:22,79.0,64.0,7.0,8.0
2021-08-05 14:21:23,78.0,73.0,4.0,1.0
2021-08-05 14:21:24,86.0,72.0,11.0,3.0
2021-08-05 14:21:25,76.0,67.0,4.0,5.0
2021-08-05 14:21:26,77.0,71.0,3.0,3.0
2021-08-05 14:21:27,82.0,69.0,8.0,5.0
2021-08-05 14:21:28,86.0,72.0,5.0,9.0
2021-08-05 14:21:29,70.0,63.0,5.0,2.0
2021-08-05 14:21:30,91.0,72.0,12.0,7.0
2021-08-05 14:21:31,66.0,53.0,11.0,2.0
2021-08-05 14:21:32,74.0,66.0,5.0,3.0
2021-08-05 14:21:33,62.0,55.0,5.0,2.0
2021-08-05 14:21:34,91.0,80.0,6.0,5.0
2021-08-05 14:21:35,83.0,71.0,6.0,6.0
2021-08-05 14:21:36,82.0,71.0,9.0,2.0
2021-08-05 14:21:37,65.0,55.0,8.0,2.0
2021-08-05 14:21:38,82.0,70.0,9.0,3.0
2021-08-05 14:21:39,81.0,70.0,6.0,5.0
2021-08-05 14:21:40,85.0,77.0,4.0,4.0
2021-08-05 14:21:41,101.0,82.0,12.0,7.0
2021-08-05 14:21:42,70.0,60.0,5.0,5.0
2021-08-05 14:21:43,73.0,64.0,7.0,2.0
2021-08-05 14:21:44,96.0,87.0,4.0,5.0
2021-08-05 14:21:45,81.0,73.0,2.0,6.0
2021-08-05 14:21:46,72.0,63.0,7.0,2.0
2021-08-05 14:21:47,66.0,54.0,11.0,1.0
2021-08-05 14:21:48,106.0,98.0,3.0,5.0
2021-08-05 14:21:49,72.0,62.0,6.0,4.0
2021-08-05 14:21:50,73.0,66.0,3.0,4.0
2021-08-05 14:21:51,67.0,60.0,1.0,6.0
2021-08-05 14:21:52,83.0,71.0,9.0,3.0
2021-08-05 14:21:53,90.0,80.0,5.0,5.0
2021-08-05 14:21:54,75.0,62.0,5.0,8.0
2021-08-05 14:21:55,85.0,76.0,5.0,4.0
2021-08-05 14:21:56,68.0,58.0,5.0,5.0
2021-08-05 14:21:57,92.0,84.0,4.0,4.0
2021-08-05 14:21:58,82.0,73.0,5.0,4.0
2021-08-05 14:21:59,74.0,61.0,5.0,8.0
2021-08-05 14:22:00,67.0,58.0,7.0,2.0
2021-08-05 14:22:01,80.0,71.0,5.0,4.0
2021-08-05 14:22:02,72.0,62.0,4.0,6.0
2021-08-05 14:22:03,82.0,69.0,8.0,5.0
2021-08-05 14:22:04,90.0,80.0,7.0,3.0
2021-08-05 14:22:05,71.0,66.0,2.0,3.0
2021-08-05 14:22:06,89.0,77.0,6.0,6.0
2021-08-05 14:22:07,93.0,83.0,7.0,3.0
2021-08-05 14:22:08,65.0,59.0,5.0,1.0
2021-08-05 14:22:09,86.0,74.0,9.0,3.0
2021-08-05 14:22:10,83.0,77.0,2.0,4.0
2021-08-05 14:22:11,82.0,71.0,7.0,4.0
2021-08-05 14:22:12,91.0,75.0,8.0,8.0
2021-08-05 14:22:13,105.0,96.0,6.0,3.0
2021-08-05 14:22:14,86.0,75.0,9.0,2.0
2021-08-05 14:22:15,83.0,74.0,7.0,2.0
2021-08-05 14:22:16,89.0,81.0,3.0,5.0
2021-08-05 14:22:17,68.0,63.0,2.0,3.0
2021-08-05 14:22:18,77.0,65.0,6.0,6.0
2021-08-05 14:22:19,87.0,76.0,7.0,4.0
2021-08-05 14:22:20,83.0,74.0,4.0,5.0
2021-08-05 14:22:21,81.0,72.0,6.0,3.0
2021-08-05 14:22:22,80.0,66.0,9.0,5.0
2021-08-05 14:22:23,68.0,60.0,5.0,3.0
2021-08-05 14:22:24,77.0,65.0,6.0,6.0
2021-08-05 14:22:25,93.0,81.0,6.0,6.0
2021-08-05 14:22:26,73.0,64.0,7.0,2.0
2021-08-05 14:22:27,67.0,59.0,6.0,2.0
2021-08-05 14:22:28,83.0,64.0,14.0,5.0
2021-08-05 14:22:29,80.0,72.0,6.0,2.0
2021-08-05 14:22:30,87.0,77.0,5.0,5.0
2021-08-05 14:22:31,71.0,65.0,2.0,4.0
2021-08-05 14:22:32,77.0,69.0,5.0,3.0
2021-08-05 14:22:33,80.0,73.0,4.0,3.0
2021-08-05 14:22:34,64.0,51.0,8.0,5.0
2021-08-05 14:22:35,81.0,73.0,6.0,2.0
2021-08-05 14:22:36,65.0,57.0,3.0,5.0
2021-08-05 14:22:37,77.0,61.0,11.0,5.0
2021-08-05 14:22:38,97.0,85.0,9.0,3.0
2021-08-05 14:22:39,68.0,64.0,3.0,1.0
2021-08-05 14:22:40,85.0,73.0,8.0,4.0
2021-08-05 14:22:41,85.0,78.0,5.0,2.0
2021-08-05 14:22:42,82.0,65.0,11.0,6.0
2021-08-05 14:22:43,73.0,66.0,3.0,4.0
2021-08-05 14:22:44,79.0,69.0,4.0,6.0
2021-08-05 14:22:45,76.0,69.0,4.0,3.0
2021-08-05 14:22:46,63.0,53.0,7.0,3.0
2021-08-05 14:22:47,99.0,93.0,2.0,4.0
2021-08-05 14:22:48,81.0,73.0,5.0,3.0
2021-08-05 14:22:49,76.0,68.0,4.0,4.0
2021-08-05 14:22:50,99.0,91.0,6.0,2.0
2021-08-05 14:22:51,78.0,71.0,4.0,3.0
2021-08-05 14:22:52,69.0,65.0,4.0,0.0
2021-08-05 14:22:53,67.0,54.0,9.0,4.0
2021-08-05 14:22:54,78.0,66.0,5.0,7.0
2021-08-05 14:22:55,80.0,67.0,8.0,5.0
2021-08-05 14:22:56,76.0,64.0,6.0,6.0
2021-08-05 14:22:57,84.0,72.0,3.0,9.0
2021-08-05 14:22:58,75.0,65.0,8.0,2.0
2021-08-05 14:22:59,77.0,68.0,6.0,3.0
2021-08-05 14:23:00,78.0,69.0,5.0,4.0
2021-08-05 14:23:01,90.0,78.0,8.0,4.0
2021-08-05 14:23:02,76.0,66.0,7.0,3.0
2021-08-05 14:23:03,84.0,72.0,9.0,3.0
2021-08-05 14:23:04,84.0,69.0,8.0,7.0
2021-08-05 14:23:05,72.0,64.0,3.0,5.0
2021-08-05 14:23:06,77.0,67.0,5.0,5.0
2021-08-05 14:23:07,76.0,64.0,7.0,5.0
2021-08-05 14:23:08,86.0,78.0,7.0,1.0
2021-08-05 14:23:09,73.0,67.0,4.0,2.0
2021-08-05 14:23:10,67.0,59.0,8.0,0.0
2021-08-05 14:23:11,80.0,61.0,12.0,7.0
2021-08-05 14:23:12,102.0,95.0,4.0,3.0
2021-08-05 14:23:13,73.0,65.0,5.0,3.0
2021-08-05 14:23:14,74.0,67.0,3.0,4.0
2021-08-05 14:23:15,99.0,83.0,13.0,3.0
2021-08-05 14:23:16,85.0,66.0,11.0,8.0
2021-08-05 14:23:17,88.0,70.0,10.0,8.0
2021-08-05 14:23:18,59.0,50.0,7.0,2.0
2021-08-05 14:23:19,88.0,78.0,7.0,3.0
2021-08-05 14:23:20,76.0,70.0,3.0,3.0
2021-08-05 14:23:21,68.0,62.0,3.0,3.0
2021-08-05 14:23:22,91.0,74.0,8.0,9.0
2021-08-05 14:23:23,85.0,69.0,12.0,4.0
2021-08-05 14:23:24,85.0,77.0,7.0,1.0
2021-08-05 14:23:25,67.0,59.0,6.0,2.0
2021-08-05 14:23:26,83.0,72.0,6.0,5.0
2021-08-05 14:23:27,87.0,76.0,6.0,5.0
2021-08-05 14:23:28,85.0,69.0,9.0,7.0
2021-08-05 14:23:29,86.0,69.0,11.0,6.0
2021-08-05 14:23:30,94.0,78.0,8.0,8.0
2021-08-05 14:23:31,87.0,74.0,8.0,5.0
2021-08-05 14:23:32,76.0,63.0,8.0,5.0
2021-08-05 14:23:33,85.0,78.0,3.0,4.0
2021-08-05 14:23:34,76.0,70.0,2.0,4.0
2021-08-05 14:23:35,73.0,62.0,6.0,5.0
2021-08-05 14:23:36,74.0,63.0,8.0,3.0
2021-08-05 14:23:37,79.0,69.0,4.0,6.0
2021-08-05 14:23:38,82.0,72.0,6.0,4.0
2021-08-05 14:23:39,87.0,80.0,5.0,2.0
2021-08-05 14:23:40,66.0,62.0,2.0,2.0
2021-08-05 14:23:41,87.0,77.0,5.0,5.0
2021-08-05 14:23:42,88.0,79.0,6.0,3.0
2021-08-05 14:23:43,77.0,68.0,4.0,5.0
2021-08-05 14:23:44,93.0,81.0,8.0,4.0
2021-08-05 14:23:45,76.0,67.0,5.0,4.0
2021-08-05 14:23:46,87.0,73.0,9.0,5.0
2021-08-05 14:23:47,77.0,66.0,6.0,5.0
2021-08-05 14:23:48,62.0,50.0,6.0,6.0
2021-08-05 14:23:49,88.0,79.0,5.0,4.0
2021-08-05 14:23:50,58.0,52.0,1.0,5.0
2021-08-05 14:23:51,78.0,68.0,7.0,3.0
2021-08-05 14:23:52,81.0,78.0,1.0,2.0
2021-08-05 14:23:53,68.0,57.0,7.0,4.0
2021-08-05 14:23:54,80.0,74.0,4.0,2.0
2021-08-05 14:23:55,85.0,73.0,7.0,5.0
2021-08-05 14:23:56,64.0,59.0,3.0,2.0
2021-08-05 14:23:57,85.0,76.0,5.0,4.0
2021-08-05 14:23:58,62.0,51.0,5.0,6.0
2021-08-05 14:23:59,93.0,86.0,7.0,0.0
2021-08-05 14:24:00,76.0,65.0,6.0,5.0
2021-08-05 14:24:01,79.0,72.0,6.0,1.0
2021-08-05 14:24:02,83.0,76.0,3.0,4.0
2021-08-05 14:24:03,90.0,85.0,1.0,4.0
2021-08-05 14:24:04,85.0,74.0,7.0,4.0
2021-08-05 14:24:05,91.0,81.0,7.0,3.0
2021-08-05 14:24:06,88.0,73.0,10.0,5.0
2021-08-05 14:24:07,88.0,79.0,7.0,2.0
2021-08-05 14:24:08,102.0,92.0,4.0,6.0
2021-08-05 14:24:09,82.0,73.0,6.0,3.0
2021-08-05 14:24:10,77.0,66.0,5.0,6.0
2021-08-05 14:24:11,84.0,71.0,7.0,6.0
2021-08-05 14:24:12,98.0,85.0,9.0,4.0
2021-08-05 14:24:13,71.0,63.0,4.0,4.0
2021-08-05 14:24:14,76.0,64.0,5.0,7.0
2021-08-05 14:24:15,89.0,81.0,3.0,5.0
2021-08-05 14:24:16,66.0,58.0,5.0,3.0
2021-08-05 14:24:17,81.0,69.0,9.0,3.0
2021-08-05 14:24:18,68.0,55.0,9.0,4.0
2021-08-05 14:24:19,75.0,66.0,6.0,3.0
2021-08-05 14:24:20,90.0,76.0,5.0,9.0
2021-08-05 14:24:21,76.0,72.0,2.0,2.0
2021-08-05 14:24:22,89.0,83.0,3.0,3.0
2021-08-05 14:24:23,80.0,67.0,6.0,7.0
2021-08-05 14:24:24,90.0,78.0,5.0,7.0
2021-08-05 14:24:25,81.0,70.0,10.0,1.0
2021-08-05 14:24:26,79.0,75.0,0.0,4.0
2021-08-05 14:24:27,78.0,64.0,5.0,9.0
2021-08-05 14:24:28,81.0,69.0,7.0,5.0
2021-08-05 14:24:29,70.0,61.0,4.0,5.0
2021-08-05 14:24:30,85.0,76.0,2.0,7.0
2021-08-05 14:24:31,84.0,70.0,9.0,5.0
2021-08-05 14:24:32,85.0,72.0,10.0,3.0
2021-08-05 14:24:33,70.0,61.0,5.0,4.0
2021-08-05 14:24:34,89.0,79.0,4.0,6.0
2021-08-05 14:24:35,84.0,71.0,8.0,5.0
2021-08-05 14:24:36,86.0,72.0,6.0,8.0
2021-08-05 14:24:37,79.0,66.0,7.0,6.0
2021-08-05 14:24:38,87.0,78.0,6.0,3.0
2021-08-05 14:24:39,87.0,72.0,9.0,6.0
2021-08-05 14:24:40,87.0,77.0,7.0,3.0
2021-08-05 14:24:41,85.0,69.0,8.0,8.0
2021-08-05 14:24:42,93.0,75.0,11.0,7.0
2021-08-05 14:24:43,78.0,71.0,4.0,3.0
2021-08-05 14:24:44,88.0,77.0,6.0,5.0
2021-08-05 14:24:45,64.0,56.0,5.0,3.0
2021-08-05 14:24:46,75.0,67.0,4.0,4.0
2021-08-05 14:24:47,82.0,73.0,6.0,3.0
2021-08-05 14:24:48,85.0,71.0,5.0,9.0
2021-08-05 14:24:49,76.0,66.0,7.0,3.0
2021-08-05 14:24:50,68.0,63.0,2.0,3.0
2021-08-05 14:24:51,87.0,69.0,11.0,7.0
2021-08-05 14:24:52,105.0,93.0,7.0,5.0
2021-08-05 14:24:53,67.0,57.0,6.0,4.0
2021-08-05 14:24:54,72.0,63.0,3.0,6.0
2021-08-05 14:24:55,84.0,68.0,10.0,6.0
2021-08-05 14:24:56,82.0,76.0,4.0,2.0
2021-08-05 14:24:57,87.0,79.0,3.0,5.0
2021-08-05 14:24:58,76.0,68.0,5.0,3.0
2021-08-05 14:24:59,74.0,63.0,6.0,5.0
2021-08-05 14:25:00,82.0,74.0,4.0,4.0
2021-08-05 14:25:01,80.0,65.0,9.0,6.0
2021-08-05 14:25:02,74.0,64.0,4.0,6.0
2021-08-05 14:25:03,72.0,61.0,6.0,5.0
2021-08-05 14:25:04,90.0,81.0,4.0,5.0
2021-08-05 14:25:05,82.0,71.0,4.0,7.0
2021-08-05 14:25:06,83.0,75.0,5.0,3.0
2021-08-05 14:25:07,67.0,57.0,7.0,3.0
2021-08-05 14:25:08,66.0,57.0,6.0,3.0
2021-08-05 14:25:09,81.0,71.0,6.0,4.0
2021-08-05 14:25:10,106.0,90.0,11.0,5.0
2021-08-05 14:25:11,84.0,77.0,7.0,0.0
2021-08-05 14:25:12,74.0,65.0,5.0,4.0
2021-08-05 14:25:13,83.0,71.0,11.0,1.0
2021-08-05 14:25:14,81.0,66.0,7.0,8.0
2021-08-05 14:25:15,70.0,64.0,5.0,1.0
2021-08-05 14:25:16,61.0,54.0,5.0,2.0
2021-08-05 14:25:17,83.0,74.0,5.0,4.0
2021-08-05 14:25:18,79.0,68.0,8.0,3.0
2021-08-05 14:25:19,80.0,71.0,6.0,3.0
2021-08-05 14:25:20,72.0,62.0,6.0,4.0
2021-08-05 14:25:21,73.0,66.0,4.0,3.0
2021-08-05 14:25:22,64.0,49.0,7.0,8.0
2021-08-05 14:25:23,92.0,77.0,9.0,6.0
2021-08-05 14:25:24,79.0,65.0,9.0,5.0
2021-08-05 14:25:25,72.0,61.0,9.0,2.0
2021-08-05 14:25:26,85.0,75.0,7.0,3.0
2021-08-05 14:25:27,91.0,85.0,4.0,2.0
2021-08-05 14:25:28,77.0,66.0,8.0,3.0
2021-08-05 14:25:29,85.0,72.0,7.0,6.0
2021-08-05 14:25:30,75.0,66.0,4.0,5.0
2021-08-05 14:25:31,79.0,68.0,3.0,8.0
2021-08-05 14:25:32,82.0,59.0,11.0,12.0
2021-08-05 14:25:33,73.0,67.0,2.0,4.0
2021-08-05 14:25:34,76.0,66.0,7.0,3.0
2021-08-05 14:25:35,69.0,56.0,7.0,6.0
2021-08-05 14:25:36,83.0,75.0,7.0,1.0
2021-08-05 14:25:37,78.0,71.0,4.0,3.0
2021-08-05 14:25:38,85.0,75.0,5.0,5.0
2021-08-05 14:25:39,91.0,77.0,8.0,6.0
2021-08-05 14:25:40,93.0,84.0,6.0,3.0
2021-08-05 14:25:41,83.0,72.0,7.0,4.0
2021-08-05 14:25:42,79.0,66.0,8.0,5.0
2021-08-05 14:25:43,74.0,64.0,7.0,3.0
2021-08-05 14:25:44,80.0,71.0,6.0,3.0
2021-08-05 14:25:45,82.0,75.0,1.0,6.0
2021-08-05 14:25:46,74.0,65.0,8.0,1.0
2021-08-05 14:25:47,81.0,73.0,5.0,3.0
2021-08-05 14:25:48,82.0,72.0,7.0,3.0
2021-08-05 14:25:49,73.0,63.0,4.0,6.0
2021-08-05 14:25:50,91.0,78.0,8.0,5.0
2021-08-05 14:25:51,85.0,76.0,3.0,6.0
2021-08-05 14:25:52,86.0,80.0,4.0,2.0
2021-08-05 14:25:53,78.0,70.0,4.0,4.0
2021-08-05 14:25:54,67.0,59.0,7.0,1.0
2021-08-05 14:25:55,84.0,74.0,8.0,2.0
2021-08-05 14:25:56,87.0,76.0,6.0,5.0
2021-08-05 14:25:57,78.0,71.0,6.0,1.0
2021-08-05 14:25:58,80.0,70.0,6.0,4.0
2021-08-05 14:25:59,77.0,66.0,7.0,4.0
2021-08-05 14:26:00,78.0,67.0,5.0,6.0
2021-08-05 14:26:01,78.0,70.0,6.0,2.0
2021-08-05 14:26:02,77.0,64.0,7.0,6.0
2021-08-05 14:26:03,74.0,65.0,7.0,2.0
2021-08-05 14:26:04,88.0,78.0,8.0,2.0
2021-08-05 14:26:05,71.0,61.0,6.0,4.0
2021-08-05 14:26:06,72.0,63.0,3.0,6.0
2021-08-05 14:26:07,70.0,60.0,4.0,6.0
2021-08-05 14:26:08,73.0,57.0,11.0,5.0
2021-08-05 14:26:09,64.0,57.0,2.0,5.0
2021-08-05 14:26:10,92.0,79.0,6.0,7.0
2021-08-05 14:26:11,89.0,71.0,10.0,8.0
2021-08-05 14:26:12,72.0,63.0,5.0,4.0
2021-08-05 14:26:13,72.0,60.0,8.0,4.0
2021-08-05 14:26:14,65.0,57.0,7.0,1.0
2021-08-05 14:26:15,85.0,75.0,4.0,6.0
2021-08-05 14:26:16,84.0,71.0,4.0,9.0
2021-08-05 14:26:17,81.0,71.0,5.0,5.0
2021-08-05 14:26:18,71.0,65.0,2.0,4.0
2021-08-05 14:26:19,80.0,69.0,7.0,4.0
2021-08-05 14:26:20,94.0,85.0,5.0,4.0
2021-08-05 14:26:21,82.0,67.0,9.0,6.0
2021-08-05 14:26:22,77.0,64.0,9.0,4.0
2021-08-05 14:26:23,91.0,80.0,4.0,7.0
2021-08-05 14:26:24,82.0,69.0,6.0,7.0
2021-08-05 14:26:25,73.0,65.0,7.0,1.0
2021-08-05 14:26:26,76.0,62.0,10.0,4.0
2021-08-05 14:26:27,66.0,53.0,5.0,8.0
2021-08-05 14:26:28,69.0,54.0,12.0,3.0
2021-08-05 14:26:29,77.0,60.0,11.0,6.0
2021-08-05 14:26:30,90.0,82.0,3.0,5.0
2021-08-05 14:26:31,85.0,72.0,8.0,5.0
2021-08-05 14:26:32,93.0,84.0,8.0,1.0
2021-08-05 14:26:33,78.0,67.0,6.0,5.0
2021-08-05 14:26:34,76.0,69.0,3.0,4.0
2021-08-05 14:26:35,85.0,77.0,2.0,6.0
2021-08-05 14:26:36,73.0,64.0,2.0,7.0
2021-08-05 14:26:37,77.0,68.0,4.0,5.0
2021-08-05 14:26:38,83.0,78.0,4.0,1.0
2021-08-05 14:26:39,95.0,84.0,8.0,3.0
2021-08-05 14:26:40,72.0,61.0,6.0,5.0
2021-08-05 14:26:41,87.0,74.0,8.0,5.0
2021-08-05 14:26:42,79.0,72.0,3.0,4.0
2021-08-05 14:26:43,73.0,59.0,8.0,6.0
2021-08-05 14:26:44,93.0,83.0,6.0,4.0
2021-08-05 14:26:45,98.0,84.0,8.0,6.0
2021-08-05 14:26:46,73.0,67.0,3.0,3.0
2021-08-05 14:26:47,76.0,67.0,7.0,2.0
2021-08-05 14:26:48,74.0,63.0,7.0,4.0
2021-08-05 14:26:49,86.0,76.0,5.0,5.0
2021-08-05 14:26:50,77.0,66.0,7.0,4.0
2021-08-05 14:26:51,74.0,65.0,7.0,2.0
2021-08-05 14:26:52,94.0,80.0,10.0,4.0
2021-08-05 14:26:53,57.0,50.0,4.0,3.0
2021-08-05 14:26:54,80.0,72.0,5.0,3.0
2021-08-05 14:26:55,89.0,79.0,5.0,5.0
2021-08-05 14:26:56,92.0,79.0,10.0,3.0
2021-08-05 14:26:57,82.0,75.0,5.0,2.0
2021-08-05 14:26:58,64.0,60.0,2.0,2.0
2021-08-05 14:26:59,79.0,73.0,2.0,4.0
2021-08-05 14:27:00,64.0,59.0,1.0,4.0
2021-08-05 14:27:01,66.0,58.0,4.0,4.0
2021-08-05 14:27:02,87.0,82.0,3.0,2.0
2021-08-05 14:27:03,81.0,67.0,13.0,1.0
2021-08-05 14:27:04,64.0,60.0,3.0,1.0
2021-08-05 14:27:05,61.0,57.0,3.0,1.0
2021-08-05 14:27:06,99.0,90.0,5.0,4.0
2021-08-05 14:27:07,87.0,72.0,9.0,6.0
2021-08-05 14:27:08,77.0,65.0,6.0,6.0
2021-08-05 14:27:09,90.0,76.0,9.0,5.0
2021-08-05 14:27:10,70.0,61.0,5.0,4.0
2021-08-05 14:27:11,73.0,61.0,8.0,4.0
2021-08-05 14:27:12,93.0,85.0,5.0,3.0
2021-08-05 14:27:13,76.0,69.0,5.0,2.0
2021-08-05 14:27:14,74.0,64.0,6.0,4.0
2021-08-05 14:27:15,79.0,69.0,5.0,5.0
2021-08-05 14:27:16,74.0,60.0,12.0,2.0
2021-08-05 14:27:17,73.0,62.0,7.0,4.0
2021-08-05 14:27:18,73.0,64.0,6.0,3.0
2021-08-05 14:27:19,95.0,85.0,5.0,5.0
2021-08-05 14:27:20,60.0,52.0,5.0,3.0
2021-08-05 14:27:21,69.0,63.0,4.0,2.0
2021-08-05 14:27:22,80.0,70.0,7.0,3.0
2021-08-05 14:27:23,83.0,70.0,7.0,6.0
2021-08-05 14:27:24,70.0,63.0,4.0,3.0
2021-08-05 14:27:25,83.0,65.0,10.0,8.0
2021-08-05 14:27:26,85.0,71.0,10.0,4.0
2021-08-05 14:27:27,78.0,71.0,3.0,4.0
2021-08-05 14:27:28,88.0,79.0,4.0,5.0
2021-08-05 14:27:29,76.0,67.0,4.0,5.0
2021-08-05 14:27:30,74.0,65.0,7.0,2.0
2021-08-05 14:27:31,76.0,68.0,5.0,3.0
2021-08-05 14:27:32,68.0,60.0,4.0,4.0
2021-08-05 14:27:33,88.0,73.0,9.0,6.0
2021-08-05 14:27:34,77.0,65.0,6.0,6.0
2021-08-05 14:27:35,91.0,85.0,2.0,4.0
2021-08-05 14:27:36,73.0,66.0,3.0,4.0
2021-08-05 14:27:37,80.0,74.0,6.0,0.0
2021-08-05 14:27:38,89.0,79.0,4.0,6.0
2021-08-05 14:27:39,86.0,75.0,8.0,3.0
2021-08-05 14:27:40,53.0,48.0,3.0,2.0
2021-08-05 14:27:41,76.0,65.0,8.0,3.0
2021-08-05 14:27:42,76.0,67.0,4.0,5.0
2021-08-05 14:27:43,88.0,71.0,10.0,7.0
2021-08-05 14:27:44,75.0,63.0,9.0,3.0
2021-08-05 14:27:45,87.0,74.0,9.0,4.0
2021-08-05 14:27:46,75.0,64.0,5.0,6.0
2021-08-05 14:27:47,83.0,68.0,9.0,6.0
2021-08-05 14:27:48,87.0,75.0,7.0,5.0
2021-08-05 14:27:49,81.0,71.0,5.0,5.0
2021-08-05 14:27:50,82.0,71.0,8.0,3.0
2021-08-05 14:27:51,92.0,78.0,10.0,4.0
2021-08-05 14:27:52,68.0,60.0,6.0,2.0
2021-08-05 14:27:53,78.0,68.0,5.0,5.0
2021-08-05 14:27:54,83.0,74.0,5.0,4.0
2021-08-05 14:27:55,74.0,62.0,7.0,5.0
2021-08-05 14:27:56,77.0,66.0,5.0,6.0
2021-08-05 14:27:57,95.0,85.0,4.0,6.0
2021-08-05 14:27:58,78.0,68.0,7.0,3.0
2021-08-05 14:27:59,77.0,68.0,5.0,4.0
2021-08-05 14:28:00,77.0,65.0,8.0,4.0
2021-08-05 14:28:01,88.0,80.0,5.0,3.0
2021-08-05 14:28:02,92.0,82.0,7.0,3.0
2021-08-05 14:28:03,84.0,73.0,6.0,5.0
2021-08-05 14:28:04,57.0,48.0,8.0,1.0
2021-08-05 14:28:05,88.0,75.0,5.0,8.0
2021-08-05 14:28:06,96.0,77.0,9.0,10.0
2021-08-05 14:28:07,64.0,56.0,4.0,4.0
2021-08-05 14:28:08,80.0,67.0,5.0,8.0
2021-08-05 14:28:09,77.0,68.0,6.0,3.0
2021-08-05 14:28:10,73.0,66.0,6.0,1.0
2021-08-05 14:28:11,67.0,59.0,5.0,3.0
2021-08-05 14:28:12,103.0,94.0,7.0,2.0
2021-08-05 14:28:13,87.0,76.0,5.0,6.0
2021-08-05 14:28:14,81.0,67.0,10.0,4.0
2021-08-05 14:28:15,93.0,88.0,3.0,2.0
2021-08-05 14:28:16,86.0,72.0,9.0,5.0
2021-08-05 14:28:17,71.0,68.0,2.0,1.0
2021-08-05 14:28:18,72.0,61.0,7.0,4.0
2021-08-05 14:28:19,91.0,72.0,11.0,8.0
2021-08-05 14:28:20,65.0,54.0,4.0,7.0
2021-08-05 14:28:21,75.0,61.0,7.0,7.0
2021-08-05 14:28:22,90.0,76.0,8.0,6.0
2021-08-05 14:28:23,89.0,78.0,7.0,4.0
2021-08-05 14:28:24,79.0,65.0,11.0,3.0
2021-08-05 14:28:25,85.0,70.0,12.0,3.0
2021-08-05 14:28:26,88.0,80.0,5.0,3.0
2021-08-05 14:28:27,71.0,65.0,5.0,1.0
2021-08-05 14:28:28,100.0,88.0,7.0,5.0
2021-08-05 14:28:29,82.0,67.0,9.0,6.0
2021-08-05 14:28:30,85.0,68.0,12.0,5.0
2021-08-05 14:28:31,80.0,75.0,4.0,1.0
2021-08-05 14:28:32,85.0,72.0,9.0,4.0
2021-08-05 14:28:33,79.0,72.0,6.0,1.0
2021-08-05 14:28:34,78.0,64.0,6.0,8.0
2021-08-05 14:28:35,82.0,73.0,7.0,2.0
2021-08-05 14:28:36,71.0,62.0,5.0,4.0
2021-08-05 14:28:37,77.0,61.0,9.0,7.0
2021-08-05 14:28:38,79.0,67.0,9.0,3.0
2021-08-05 14:28:39,90.0,83.0,5.0,2.0
2021-08-05 14:28:40,95.0,80.0,8.0,7.0
2021-08-05 14:28:41,88.0,76.0,8.0,4.0
2021-08-05 14:28:42,92.0,79.0,12.0,1.0
2021-08-05 14:28:43,85.0,74.0,5.0,6.0
2021-08-05 14:28:44,90.0,76.0,10.0,4.0
2021-08-05 14:28:45,94.0,81.0,6.0,7.0
2021-08-05 14:28:46,85.0,74.0,5.0,6.0
2021-08-05 14:28:47,79.0,73.0,3.0,3.0
2021-08-05 14:28:48,67.0,54.0,7.0,6.0
2021-08-05 14:28:49,85.0,78.0,6.0,1.0
2021-08-05 14:28:50,85.0,76.0,6.0,3.0
2021-08-05 14:28:51,78.0,69.0,7.0,2.0
2021-08-05 14:28:52,78.0,65.0,8.0,5.0
2021-08-05 14:28:53,79.0,64.0,7.0,8.0
2021-08-05 14:28:54,84.0,70.0,11.0,3.0
2021-08-05 14:28:55,91.0,80.0,6.0,5.0
2021-08-05 14:28:56,88.0,74.0,7.0,7.0
2021-08-05 14:28:57,83.0,73.0,9.0,1.0
2021-08-05 14:28:58,86.0,67.0,10.0,9.0
2021-08-05 14:28:59,89.0,79.0,6.0,4.0
2021-08-05 14:29:00,79.0,71.0,5.0,3.0
2021-08-05 14:29:01,95.0,78.0,8.0,9.0
2021-08-05 14:29:02,77.0,64.0,5.0,8.0
2021-08-05 14:29:03,80.0,67.0,9.0,4.0
2021-08-05 14:29:04,83.0,76.0,1.0,6.0
2021-08-05 14:29:05,76.0,66.0,5.0,5.0
2021-08-05 14:29:06,83.0,75.0,7.0,1.0
2021-08-05 14:29:07,77.0,69.0,5.0,3.0
2021-08-05 14:29:08,76.0,71.0,3.0,2.0
2021-08-05 14:29:09,85.0,72.0,8.0,5.0
2021-08-05 14:29:10,89.0,80.0,4.0,5.0
2021-08-05 14:29:11,67.0,58.0,4.0,5.0
2021-08-05 14:29:12,84.0,74.0,4.0,6.0
2021-08-05 14:29:13,82.0,74.0,7.0,1.0
2021-08-05 14:29:14,84.0,74.0,8.0,2.0
2021-08-05 14:29:15,94.0,81.0,11.0,2.0
2021-08-05 14:29:16,85.0,74.0,4.0,7.0
2021-08-05 14:29:17,78.0,64.0,10.0,4.0
2021-08-05 14:29:18,97.0,85.0,4.0,8.0
2021-08-05 14:29:19,78.0,69.0,6.0,3.0
2021-08-05 14:29:20,88.0,75.0,8.0,5.0
2021-08-05 14:29:21,79.0,69.0,6.0,4.0
2021-08-05 14:29:22,67.0,61.0,5.0,1.0
2021-08-05 14:29:23,85.0,72.0,11.0,2.0
2021-08-05 14:29:24,63.0,52.0,8.0,3.0
2021-08-05 14:29:25,86.0,77.0,3.0,6.0
2021-08-05 14:29:26,87.0,80.0,4.0,3.0
2021-08-05 14:29:27,98.0,89.0,2.0,7.0
2021-08-05 14:29:28,81.0,73.0,5.0,3.0
2021-08-05 14:29:29,75.0,66.0,2.0,7.0
2021-08-05 14:29:30,84.0,77.0,6.0,1.0
2021-08-05 14:29:31,91.0,76.0,9.0,6.0
2021-08-05 14:29:32,76.0,66.0,7.0,3.0
2021-08-05 14:29:33,75.0,66.0,5.0,4.0
2021-08-05 14:29:34,70.0,61.0,9.0,0.0
2021-08-05 14:29:35,78.0,65.0,5.0,8.0
2021-08-05 14:29:36,79.0,67.0,3.0,9.0
2021-08-05 14:29:37,96.0,84.0,4.0,8.0
2021-08-05 14:29:38,90.0,77.0,5.0,8.0
2021-08-05 14:29:39,79.0,68.0,6.0,5.0
2021-08-05 14:29:40,80.0,68.0,6.0,6.0
2021-08-05 14:29:41,82.0,74.0,5.0,3.0
2021-08-05 14:29:42,73.0,61.0,5.0,7.0
2021-08-05 14:29:43,81.0,71.0,6.0,4.0
2021-08-05 14:29:44,71.0,63.0,5.0,3.0
2021-08-05 14:29:45,74.0,64.0,7.0,3.0
2021-08-05 14:29:46,63.0,57.0,4.0,2.0
2021-08-05 14:29:47,73.0,64.0,4.0,5.0
2021-08-05 14:29:48,72.0,65.0,2.0,5.0
2021-08-05 14:29:49,71.0,64.0,4.0,3.0
2021-08-05 14:29:50,69.0,62.0,5.0,2.0
2021-08-05 14:29:51,86.0,72.0,8.0,6.0
2021-08-05 14:29:52,86.0,73.0,5.0,8.0
2021-08-05 14:29:53,69.0,58.0,4.0,7.0
2021-08-05 14:29:54,79.0,69.0,9.0,1.0
2021-08-05 14:29:55,83.0,71.0,7.0,5.0
2021-08-05 14:29:56,72.0,65.0,3.0,4.0
2021-08-05 14:29:57,84.0,77.0,4.0,3.0
2021-08-05 14:29:58,71.0,62.0,5.0,4.0
2021-08-05 14:29:59,92.0,78.0,10.0,4.0
2021-08-05 14:30:00,93.0,82.0,6.0,5.0
2021-08-05 14:30:01,76.0,63.0,7.0,6.0
2021-08-05 14:30:02,83.0,75.0,5.0,3.0
2021-08-05 14:30:03,88.0,76.0,6.0,6.0
2021-08-05 14:30:04,100.0,93.0,1.0,6.0
2021-08-05 14:30:05,74.0,61.0,6.0,7.0
2021-08-05 14:30:06,80.0,72.0,4.0,4.0
2021-08-05 14:30:07,87.0,77.0,6.0,4.0
2021-08-05 14:30:08,75.0,68.0,4.0,3.0
2021-08-05 14:30:09,79.0,64.0,9.0,6.0
2021-08-05 14:30:10,83.0,75.0,6.0,2.0
2021-08-05 14:30:11,78.0,68.0,7.0,3.0
2021-08-05 14:30:12,78.0,66.0,6.0,6.0
2021-08-05 14:30:13,90.0,80.0,4.0,6.0
2021-08-05 14:30:14,71.0,63.0,6.0,2.0
2021-08-05 14:30:15,94.0,80.0,10.0,4.0
2021-08-05 14:30:16,72.0,71.0,1.0,0.0
2021-08-05 14:30:17,82.0,71.0,10.0,1.0
2021-08-05 14:30:18,87.0,73.0,10.0,4.0
2021-08-05 14:30:19,73.0,63.0,7.0,3.0
2021-08-05 14:30:20,76.0,64.0,8.0,4.0
2021-08-05 14:30:21,66.0,57.0,5.0,4.0
2021-08-05 14:30:22,91.0,82.0,6.0,3.0
2021-08-05 14:30:23,98.0,88.0,4.0,6.0
2021-08-05 14:30:24,85.0,73.0,6.0,6.0
2021-08-05 14:30:25,67.0,56.0,8.0,3.0
2021-08-05 14:30:26,87.0,80.0,4.0,3.0
2021-08-05 14:30:27,80.0,71.0,7.0,2.0
2021-08-05 14:30:28,93.0,80.0,8.0,5.0
2021-08-05 14:30:29,87.0,79.0,6.0,2.0
2021-08-05 14:30:30,77.0,71.0,4.0,2.0
2021-08-05 14:30:31,79.0,70.0,8.0,1.0
2021-08-05 14:30:32,67.0,60.0,4.0,3.0
2021-08-05 14:30:33,74.0,69.0,4.0,1.0
2021-08-05 14:30:34,80.0,69.0,8.0,3.0
2021-08-05 14:30:35,71.0,63.0,5.0,3.0
2021-08-05 14:30:36,87.0,75.0,6.0,6.0
2021-08-05 14:30:37,75.0,68.0,5.0,2.0
2021-08-05 14:30:38,80.0,68.0,7.0,5.0
2021-08-05 14:30:39,90.0,76.0,4.0,10.0
2021-08-05 14:30:40,68.0,58.0,3.0,7.0
2021-08-05 14:30:41,78.0,64.0,9.0,5.0
2021-08-05 14:30:42,83.0,74.0,6.0,3.0
2021-08-05 14:30:43,87.0,72.0,8.0,7.0
2021-08-05 14:30:44,75.0,58.0,10.0,7.0
2021-08-05 14:30:45,90.0,80.0,4.0,6.0
2021-08-05 14:30:46,85.0,73.0,6.0,6.0
2021-08-05 14:30:47,76.0,65.0,6.0,5.0
2021-08-05 14:30:48,79.0,72.0,4.0,3.0
2021-08-05 14:30:49,72.0,61.0,6.0,5.0
2021-08-05 14:30:50,80.0,70.0,8.0,2.0
2021-08-05 14:30:51,78.0,74.0,2.0,2.0
2021-08-05 14:30:52,82.0,69.0,9.0,4.0
2021-08-05 14:30:53,65.0,57.0,7.0,1.0
2021-08-05 14:30:54,82.0,72.0,8.0,2.0
2021-08-05 14:30:55,69.0,58.0,7.0,4.0
2021-08-05 14:30:56,74.0,65.0,7.0,2.0
2021-08-05 14:30:57,81.0,68.0,8.0,5.0
2021-08-05 14:30:58,79.0,66.0,10.0,3.0
2021-08-05 14:30:59,84.0,73.0,5.0,6.0
2021-08-05 14:31:00,73.0,61.0,7.0,5.0
2021-08-05 14:31:01,103.0,93.0,4.0,6.0
2021-08-05 14:31:02,74.0,62.0,5.0,7.0
2021-08-05 14:31:03,86.0,78.0,4.0,4.0
2021-08-05 14:31:04,76.0,66.0,4.0,6.0
2021-08-05 14:31:05,76.0,67.0,6.0,3.0
2021-08-05 14:31:06,59.0,51.0,3.0,5.0
2021-08-05 14:31:07,78.0,66.0,7.0,5.0
2021-08-05 14:31:08,94.0,72.0,8.0,14.0
2021-08-05 14:31:09,71.0,64.0,6.0,1.0
2021-08-05 14:31:10,81.0,72.0,5.0,4.0
2021-08-05 14:31:11,74.0,65.0,8.0,1.0
2021-08-05 14:31:12,84.0,72.0,12.0,0.0
2021-08-05 14:31:13,90.0,76.0,8.0,6.0
2021-08-05 14:31:14,79.0,69.0,7.0,3.0
2021-08-05 14:31:15,83.0,74.0,5.0,4.0
2021-08-05 14:31:16,72.0,60.0,9.0,3.0
2021-08-05 14:31:17,71.0,58.0,8.0,5.0
2021-08-05 14:31:18,86.0,75.0,7.0,4.0
2021-08-05 14:31:19,82.0,71.0,7.0,4.0
2021-08-05 14:31:20,78.0,68.0,8.0,2.0
2021-08-05 14:31:21,80.0,69.0,6.0,5.0
2021-08-05 14:31:22,89.0,78.0,7.0,4.0
2021-08-05 14:31:23,92.0,83.0,7.0,2.0
2021-08-05 14:31:24,69.0,61.0,5.0,3.0
2021-08-05 14:31:25,93.0,83.0,6.0,4.0
2021-08-05 14:31:26,70.0,61.0,4.0,5.0
2021-08-05 14:31:27,62.0,55.0,5.0,2.0
2021-08-05 14:31:28,72.0,66.0,5.0,1.0
2021-08-05 14:31:29,88.0,76.0,8.0,4.0
2021-08-05 14:31:30,92.0,80.0,9.0,3.0
2021-08-05 14:31:31,81.0,71.0,8.0,2.0
2021-08-05 14:31:32,71.0,62.0,5.0,4.0
2021-08-05 14:31:33,90.0,85.0,3.0,2.0
2021-08-05 14:31:34,70.0,62.0,5.0,3.0
2021-08-05 14:31:35,73.0,62.0,8.0,3.0
2021-08-05 14:31:36,65.0,54.0,8.0,3.0
2021-08-05 14:31:37,84.0,72.0,7.0,5.0
2021-08-05 14:31:38,84.0,73.0,6.0,5.0
2021-08-05 14:31:39,77.0,62.0,7.0,8.0
2021-08-05 14:31:40,111.0,99.0,11.0,1.0
2021-08-05 14:31:41,78.0,71.0,4.0,3.0
2021-08-05 14:31:42,78.0,65.0,11.0,2.0
2021-08-05 14:31:43,85.0,77.0,3.0,5.0
2021-08-05 14:31:44,63.0,57.0,3.0,3.0
2021-08-05 14:31:45,99.0,83.0,9.0,7.0
2021-08-05 14:31:46,78.0,67.0,6.0,5.0
2021-08-05 14:31:47,93.0,83.0,6.0,4.0
2021-08-05 14:31:48,74.0,64.0,8.0,2.0
2021-08-05 14:31:49,73.0,61.0,8.0,4.0
2021-08-05 14:31:50,86.0,76.0,6.0,4.0
2021-08-05 14:31:51,85.0,78.0,3.0,4.0
2021-08-05 14:31:52,84.0,67.0,13.0,4.0
2021-08-05 14:31:53,93.0,79.0,9.0,5.0
2021-08-05 14:31:54,85.0,69.0,8.0,8.0
2021-08-05 14:31:55,80.0,69.0,9.0,2.0
2021-08-05 14:31:56,82.0,66.0,10.0,6.0
2021-08-05 14:31:57,100.0,94.0,4.0,2.0
2021-08-05 14:31:58,83.0,72.0,6.0,5.0
2021-08-05 14:31:59,87.0,70.0,6.0,11.0
2021-08-05 14:32:00,54.0,45.0,6.0,3.0
2021-08-05 14:32:01,68.0,65.0,2.0,1.0
2021-08-05 14:32:02,92.0,82.0,6.0,4.0
2021-08-05 14:32:03,84.0,69.0,12.0,3.0
2021-08-05 14:32:04,71.0,58.0,8.0,5.0
2021-08-05 14:32:05,80.0,73.0,3.0,4.0
2021-08-05 14:32:06,73.0,66.0,4.0,3.0
2021-08-05 14:32:07,82.0,76.0,2.0,4.0
2021-08-05 14:32:08,74.0,66.0,6.0,2.0
2021-08-05 14:32:09,85.0,79.0,4.0,2.0
2021-08-05 14:32:10,83.0,74.0,5.0,4.0
2021-08-05 14:32:11,87.0,77.0,9.0,1.0
2021-08-05 14:32:12,79.0,70.0,4.0,5.0
2021-08-05 14:32:13,86.0,77.0,3.0,6.0
2021-08-05 14:32:14,75.0,67.0,6.0,2.0
2021-08-05 14:32:15,75.0,70.0,4.0,1.0
2021-08-05 14:32:16,59.0,50.0,5.0,4.0
2021-08-05 14:32:17,82.0,69.0,5.0,8.0
2021-08-05 14:32:18,85.0,75.0,5.0,5.0
2021-08-05 14:32:19,77.0,66.0,8.0,3.0
2021-08-05 14:32:20,71.0,58.0,6.0,7.0
2021-08-05 14:32:21,77.0,70.0,3.0,4.0
2021-08-05 14:32:22,74.0,63.0,8.0,3.0
2021-08-05 14:32:23,87.0,78.0,7.0,2.0
2021-08-05 14:32:24,64.0,54.0,7.0,3.0
2021-08-05 14:32:25,66.0,62.0,2.0,2.0
2021-08-05 14:32:26,60.0,54.0,3.0,3.0
2021-08-05 14:32:27,87.0,69.0,14.0,4.0
2021-08-05 14:32:28,87.0,75.0,7.0,5.0
2021-08-05 14:32:29,81.0,68.0,5.0,8.0
2021-08-05 14:32:30,70.0,59.0,6.0,5.0
2021-08-05 14:32:31,86.0,76.0,8.0,2.0
2021-08-05 14:32:32,74.0,68.0,3.0,3.0
2021-08-05 14:32:33,68.0,63.0,3.0,2.0
2021-08-05 14:32:34,78.0,67.0,5.0,6.0
2021-08-05 14:32:35,82.0,67.0,9.0,6.0
2021-08-05 14:32:36,94.0,83.0,9.0,2.0
2021-08-05 14:32:37,83.0,73.0,7.0,3.0
2021-08-05 14:32:38,86.0,74.0,4.0,8.0
2021-08-05 14:32:39,85.0,73.0,8.0,4.0
2021-08-05 14:32:40,80.0,71.0,4.0,5.0
2021-08-05 14:32:41,75.0,67.0,4.0,4.0
2021-08-05 14:32:42,105.0,87.0,7.0,11.0
2021-08-05 14:32:43,82.0,71.0,5.0,6.0
2021-08-05 14:32:44,86.0,78.0,6.0,2.0
2021-08-05 14:32:45,80.0,69.0,6.0,5.0
2021-08-05 14:32:46,85.0,69.0,11.0,5.0
2021-08-05 14:32:47,71.0,66.0,3.0,2.0
2021-08-05 14:32:48,76.0,64.0,6.0,6.0
2021-08-05 14:32:49,68.0,55.0,10.0,3.0
2021-08-05 14:32:50,82.0,72.0,6.0,4.0
2021-08-05 14:32:51,85.0,73.0,4.0,8.0
2021-08-05 14:32:52,72.0,60.0,6.0,6.0
2021-08-05 14:32:53,75.0,60.0,11.0,4.0
2021-08-05 14:32:54,90.0,75.0,8.0,7.0
2021-08-05 14:32:55,77.0,69.0,7.0,1.0
2021-08-05 14:32:56,82.0,70.0,8.0,4.0
2021-08-05 14:32:57,86.0,77.0,6.0,3.0
2021-08-05 14:32:58,77.0,68.0,5.0,4.0
2021-08-05 14:32:59,71.0,58.0,6.0,7.0
2021-08-05 14:33:00,82.0,71.0,6.0,5.0
2021-08-05 14:33:01,67.0,57.0,8.0,2.0
2021-08-05 14:33:02,74.0,62.0,6.0,6.0
2021-08-05 14:33:03,91.0,82.0,5.0,4.0
2021-08-05 14:33:04,79.0,69.0,6.0,4.0
2021-08-05 14:33:05,70.0,62.0,3.0,5.0
2021-08-05 14:33:06,80.0,68.0,9.0,3.0
2021-08-05 14:33:07,81.0,73.0,4.0,4.0
2021-08-05 14:33:08,77.0,69.0,2.0,6.0
2021-08-05 14:33:09,68.0,56.0,8.0,4.0
2021-08-05 14:33:10,75.0,63.0,6.0,6.0
2021-08-05 14:33:11,68.0,60.0,7.0,1.0
2021-08-05 14:33:12,82.0,67.0,11.0,4.0
2021-08-05 14:33:13,79.0,67.0,8.0,4.0
2021-08-05 14:33:14,91.0,81.0,6.0,4.0
2021-08-05 14:33:15,70.0,64.0,2.0,4.0
2021-08-05 14:33:16,95.0,85.0,5.0,5.0
2021-08-05 14:33:17,88.0,76.0,6.0,6.0
2021-08-05 14:33:18,73.0,61.0,8.0,4.0
2021-08-05 14:33:19,81.0,66.0,8.0,7.0
2021-08-05 14:33:20,86.0,73.0,8.0,5.0
2021-08-05 14:33:21,82.0,63.0,14.0,5.0
2021-08-05 14:33:22,83.0,75.0,3.0,5.0
2021-08-05 14:33:23,103.0,96.0,4.0,3.0
2021-08-05 14:33:24,68.0,60.0,4.0,4.0
2021-08-05 14:33:25,93.0,78.0,8.0,7.0
2021-08-05 14:33:26,81.0,69.0,8.0,4.0
2021-08-05 14:33:27,80.0,64.0,7.0,9.0
2021-08-05 14:33:28,85.0,76.0,4.0,5.0
2021-08-05 14:33:29,72.0,59.0,8.0,5.0
2021-08-05 14:33:30,81.0,69.0,11.0,1.0
2021-08-05 14:33:31,64.0,57.0,4.0,3.0
2021-08-05 14:33:32,85.0,77.0,4.0,4.0
2021-08-05 14:33:33,66.0,58.0,7.0,1.0
2021-08-05 14:33:34,79.0,68.0,5.0,6.0
2021-08-05 14:33:35,76.0,70.0,5.0,1.0
2021-08-05 14:33:36,87.0,77.0,6.0,4.0
2021-08-05 14:33:37,99.0,88.0,6.0,5.0
2021-08-05 14:33:38,78.0,70.0,7.0,1.0
2021-08-05 14:33:39,84.0,73.0,6.0,5.0
2021-08-05 14:33:40,77.0,68.0,6.0,3.0
2021-08-05 14:33:41,84.0,82.0,1.0,1.0
2021-08-05 14:33:42,88.0,78.0,4.0,6.0
2021-08-05 14:33:43,71.0,62.0,7.0,2.0
2021-08-05 14:33:44,75.0,71.0,3.0,1.0
2021-08-05 14:33:45,65.0,56.0,7.0,2.0
2021-08-05 14:33:46,83.0,69.0,6.0,8.0
2021-08-05 14:33:47,67.0,60.0,4.0,3.0
2021-08-05 14:33:48,85.0,77.0,6.0,2.0
2021-08-05 14:33:49,75.0,71.0,2.0,2.0
2021-08-05 14:33:50,71.0,66.0,3.0,2.0
2021-08-05 14:33:51,86.0,65.0,11.0,10.0
2021-08-05 14:33:52,87.0,79.0,8.0,0.0
2021-08-05 14:33:53,76.0,68.0,3.0,5.0
2021-08-05 14:33:54,77.0,68.0,5.0,4.0
2021-08-05 14:33:55,76.0,64.0,8.0,4.0
2021-08-05 14:33:56,83.0,70.0,4.0,9.0
2021-08-05 14:33:57,76.0,70.0,5.0,1.0
2021-08-05 14:33:58,85.0,78.0,3.0,4.0
2021-08-05 14:33:59,82.0,74.0,6.0,2.0
2021-08-05 14:34:00,67.0,61.0,4.0,2.0
2021-08-05 14:34:01,94.0,85.0,4.0,5.0
2021-08-05 14:34:02,83.0,71.0,7.0,5.0
2021-08-05 14:34:03,74.0,66.0,6.0,2.0
2021-08-05 14:34:04,93.0,80.0,8.0,5.0
2021-08-05 14:34:05,72.0,62.0,7.0,3.0
2021-08-05 14:34:06,81.0,73.0,5.0,3.0
2021-08-05 14:34:07,86.0,69.0,9.0,8.0
2021-08-05 14:34:08,85.0,78.0,4.0,3.0
2021-08-05 14:34:09,89.0,81.0,6.0,2.0
2021-08-05 14:34:10,76.0,59.0,8.0,9.0
2021-08-05 14:34:11,80.0,70.0,4.0,6.0
2021-08-05 14:34:12,81.0,68.0,9.0,4.0
2021-08-05 14:34:13,91.0,81.0,7.0,3.0
2021-08-05 14:34:14,92.0,81.0,7.0,4.0
2021-08-05 14:34:15,82.0,67.0,7.0,8.0
2021-08-05 14:34:16,76.0,67.0,4.0,5.0
2021-08-05 14:34:17,81.0,64.0,9.0,8.0
2021-08-05 14:34:18,87.0,78.0,5.0,4.0
2021-08-05 14:34:19,82.0,72.0,3.0,7.0
2021-08-05 14:34:20,92.0,77.0,7.0,8.0
2021-08-05 14:34:21,69.0,63.0,2.0,4.0
2021-08-05 14:34:22,97.0,80.0,10.0,7.0
2021-08-05 14:34:23,86.0,72.0,6.0,8.0
2021-08-05 14:34:24,80.0,68.0,6.0,6.0
2021-08-05 14:34:25,82.0,65.0,10.0,7.0
2021-08-05 14:34:26,72.0,57.0,8.0,7.0
2021-08-05 14:34:27,90.0,83.0,5.0,2.0
2021-08-05 14:34:28,76.0,68.0,3.0,5.0
2021-08-05 14:34:29,93.0,79.0,8.0,6.0
2021-08-05 14:34:30,82.0,74.0,6.0,2.0
2021-08-05 14:34:31,75.0,68.0,6.0,1.0
2021-08-05 14:34:32,81.0,69.0,12.0,0.0
2021-08-05 14:34:33,90.0,81.0,7.0,2.0
2021-08-05 14:34:34,89.0,76.0,7.0,6.0
2021-08-05 14:34:35,82.0,73.0,5.0,4.0
2021-08-05 14:34:36,82.0,64.0,11.0,7.0
2021-08-05 14:34:37,78.0,71.0,4.0,3.0
2021-08-05 14:34:38,67.0,57.0,8.0,2.0
2021-08-05 14:34:39,75.0,66.0,7.0,2.0
2021-08-05 14:34:40,79.0,74.0,1.0,4.0
2021-08-05 14:34:41,81.0,70.0,6.0,5.0
2021-08-05 14:34:42,75.0,68.0,6.0,1.0
2021-08-05 14:34:43,81.0,65.0,7.0,9.0
2021-08-05 14:34:44,89.0,70.0,13.0,6.0
2021-08-05 14:34:45,91.0,76.0,9.0,6.0
2021-08-05 14:34:46,84.0,75.0,3.0,6.0
2021-08-05 14:34:47,78.0,67.0,6.0,5.0
2021-08-05 14:34:48,69.0,62.0,4.0,3.0
2021-08-05 14:34:49,82.0,70.0,9.0,3.0
2021-08-05 14:34:50,99.0,83.0,8.0,8.0
2021-08-05 14:34:51,73.0,64.0,5.0,4.0
2021-08-05 14:34:52,99.0,77.0,13.0,9.0
2021-08-05 14:34:53,86.0,73.0,5.0,8.0
2021-08-05 14:34:54,72.0,68.0,3.0,1.0
2021-08-05 14:34:55,79.0,72.0,4.0,3.0
2021-08-05 14:34:56,83.0,70.0,9.0,4.0
2021-08-05 14:34:57,79.0,68.0,6.0,5.0
2021-08-05 14:34:58,72.0,62.0,5.0,5.0
2021-08-05 14:34:59,78.0,64.0,8.0,6.0
2021-08-05 14:35:00,79.0,64.0,11.0,4.0
2021-08-05 14:35:01,82.0,71.0,6.0,5.0
2021-08-05 14:35:02,86.0,72.0,12.0,2.0
2021-08-05 14:35:03,86.0,74.0,8.0,4.0
2021-08-05 14:35:04,82.0,70.0,5.0,7.0
2021-08-05 14:35:05,72.0,68.0,3.0,1.0
2021-08-05 14:35:06,82.0,74.0,7.0,1.0
2021-08-05 14:35:07,86.0,76.0,6.0,4.0
2021-08-05 14:35:08,93.0,74.0,8.0,11.0
2021-08-05 14:35:09,81.0,70.0,5.0,6.0
2021-08-05 14:35:10,68.0,56.0,7.0,5.0
2021-08-05 14:35:11,71.0,62.0,5.0,4.0
2021-08-05 14:35:12,92.0,85.0,5.0,2.0
2021-08-05 14:35:13,78.0,68.0,6.0,4.0
2021-08-05 14:35:14,74.0,63.0,7.0,4.0
2021-08-05 14:35:15,76.0,65.0,7.0,4.0
2021-08-05 14:35:16,81.0,72.0,4.0,5.0
2021-08-05 14:35:17,80.0,71.0,5.0,4.0
2021-08-05 14:35:18,70.0,64.0,3.0,3.0
2021-08-05 14:35:19,71.0,57.0,8.0,6.0
2021-08-05 14:35:20,76.0,62.0,6.0,8.0
2021-08-05 14:35:21,84.0,74.0,7.0,3.0
2021-08-05 14:35:22,82.0,71.0,7.0,4.0
2021-08-05 14:35:23,69.0,61.0,4.0,4.0
2021-08-05 14:35:24,76.0,65.0,5.0,6.0
2021-08-05 14:35:25,87.0,74.0,7.0,6.0
2021-08-05 14:35:26,71.0,56.0,11.0,4.0
2021-08-05 14:35:27,82.0,70.0,10.0,2.0
2021-08-05 14:35:28,82.0,72.0,8.0,2.0
2021-08-05 14:35:29,75.0,69.0,3.0,3.0
2021-08-05 14:35:30,89.0,77.0,10.0,2.0
2021-08-05 14:35:31,75.0,70.0,3.0,2.0
2021-08-05 14:35:32,56.0,46.0,8.0,2.0
2021-08-05 14:35:33,65.0,61.0,3.0,1.0
2021-08-05 14:35:34,80.0,73.0,6.0,1.0
2021-08-05 14:35:35,87.0,79.0,6.0,2.0
2021-08-05 14:35:36,84.0,72.0,7.0,5.0
2021-08-05 14:35:37,94.0,81.0,8.0,5.0
2021-08-05 14:35:38,80.0,67.0,6.0,7.0
2021-08-05 14:35:39,74.0,61.0,11.0,2.0
2021-08-05 14:35:40,76.0,60.0,11.0,5.0
2021-08-05 14:35:41,110.0,106.0,1.0,3.0
2021-08-05 14:35:42,91.0,78.0,9.0,4.0
2021-08-05 14:35:43,79.0,67.0,11.0,1.0
2021-08-05 14:35:44,75.0,66.0,2.0,7.0
2021-08-05 14:35:45,79.0,74.0,4.0,1.0
2021-08-05 14:35:46,76.0,62.0,8.0,6.0
2021-08-05 14:35:47,87.0,68.0,12.0,7.0
2021-08-05 14:35:48,78.0,63.0,7.0,8.0
2021-08-05 14:35:49,73.0,62.0,5.0,6.0
2021-08-05 14:35:50,67.0,58.0,4.0,5.0
2021-08-05 14:35:51,77.0,68.0,5.0,4.0
2021-08-05 14:35:52,93.0,81.0,10.0,2.0
2021-08-05 14:35:53,80.0,71.0,5.0,4.0
2021-08-05 14:35:54,83.0,74.0,2.0,7.0
2021-08-05 14:35:55,76.0,67.0,5.0,4.0
2021-08-05 14:35:56,86.0,74.0,9.0,3.0
2021-08-05 14:35:57,80.0,67.0,6.0,7.0
2021-08-05 14:35:58,80.0,65.0,12.0,3.0
2021-08-05 14:35:59,58.0,47.0,7.0,4.0
2021-08-05 14:36:00,77.0,69.0,6.0,2.0
2021-08-05 14:36:01,73.0,60.0,8.0,5.0
2021-08-05 14:36:02,70.0,62.0,3.0,5.0
2021-08-05 14:36:03,81.0,72.0,5.0,4.0
2021-08-05 14:36:04,73.0,65.0,6.0,2.0
2021-08-05 14:36:05,85.0,73.0,10.0,2.0
2021-08-05 14:36:06,79.0,65.0,10.0,4.0
2021-08-05 14:36:07,87.0,66.0,10.0,11.0
2021-08-05 14:36:08,102.0,88.0,10.0,4.0
2021-08-05 14:36:09,63.0,55.0,3.0,5.0
2021-08-05 14:36:10,92.0,79.0,9.0,4.0
2021-08-05 14:36:11,79.0,69.0,7.0,3.0
2021-08-05 14:36:12,63.0,54.0,6.0,3.0
2021-08-05 14:36:13,99.0,86.0,10.0,3.0
2021-08-05 14:36:14,96.0,87.0,7.0,2.0
2021-08-05 14:36:15,79.0,73.0,2.0,4.0
2021-08-05 14:36:16,96.0,90.0,4.0,2.0
2021-08-05 14:36:17,89.0,74.0,11.0,4.0
2021-08-05 14:36:18,89.0,76.0,8.0,5.0
2021-08-05 14:36:19,64.0,54.0,6.0,4.0
2021-08-05 14:36:20,84.0,70.0,9.0,5.0
2021-08-05 14:36:21,79.0,71.0,4.0,4.0
2021-08-05 14:36:22,65.0,58.0,5.0,2.0
2021-08-05 14:36:23,75.0,66.0,7.0,2.0
2021-08-05 14:36:24,71.0,62.0,7.0,2.0
2021-08-05 14:36:25,86.0,75.0,2.0,9.0
2021-08-05 14:36:26,90.0,79.0,7.0,4.0
2021-08-05 14:36:27,69.0,62.0,2.0,5.0
2021-08-05 14:36:28,93.0,77.0,12.0,4.0
2021-08-05 14:36:29,68.0,65.0,3.0,0.0
2021-08-05 14:36:30,90.0,78.0,7.0,5.0
2021-08-05 14:36:31,69.0,59.0,4.0,6.0
2021-08-05 14:36:32,78.0,70.0,5.0,3.0
2021-08-05 14:36:33,61.0,53.0,5.0,3.0
2021-08-05 14:36:34,88.0,77.0,8.0,3.0
2021-08-05 14:36:35,81.0,70.0,7.0,4.0
2021-08-05 14:36:36,80.0,72.0,5.0,3.0
2021-08-05 14:36:37,73.0,64.0,6.0,3.0
2021-08-05 14:36:38,83.0,74.0,4.0,5.0
2021-08-05 14:36:39,70.0,61.0,4.0,5.0
2021-08-05 14:36:40,69.0,59.0,4.0,6.0
2021-08-05 14:36:41,73.0,62.0,8.0,3.0
2021-08-05 14:36:42,69.0,61.0,2.0,6.0
2021-08-05 14:36:43,79.0,70.0,6.0,3.0
2021-08-05 14:36:44,78.0,70.0,5.0,3.0
2021-08-05 14:36:45,74.0,65.0,6.0,3.0
2021-08-05 14:36:46,76.0,65.0,8.0,3.0
2021-08-05 14:36:47,85.0,79.0,6.0,0.0
2021-08-05 14:36:48,84.0,75.0,5.0,4.0
2021-08-05 14:36:49,105.0,90.0,6.0,9.0
2021-08-05 14:36:50,64.0,54.0,7.0,3.0
2021-08-05 14:36:51,82.0,69.0,8.0,5.0
2021-08-05 14:36:52,72.0,61.0,6.0,5.0
2021-08-05 14:36:53,92.0,81.0,7.0,4.0
2021-08-05 14:36:54,97.0,85.0,7.0,5.0
2021-08-05 14:36:55,91.0,80.0,7.0,4.0
2021-08-05 14:36:56,77.0,63.0,9.0,5.0
2021-08-05 14:36:57,69.0,65.0,3.0,1.0
2021-08-05 14:36:58,84.0,74.0,6.0,4.0
2021-08-05 14:36:59,70.0,62.0,7.0,1.0
2021-08-05 14:37:00,75.0,63.0,8.0,4.0
2021-08-05 14:37:01,69.0,59.0,5.0,5.0
2021-08-05 14:37:02,77.0,68.0,9.0,0.0
2021-08-05 14:37:03,84.0,76.0,5.0,3.0
2021-08-05 14:37:04,84.0,66.0,10.0,8.0
2021-08-05 14:37:05,79.0,67.0,9.0,3.0
2021-08-05 14:37:06,79.0,71.0,7.0,1.0
2021-08-05 14:37:07,70.0,61.0,4.0,5.0
2021-08-05 14:37:08,84.0,70.0,10.0,4.0
2021-08-05 14:37:09,99.0,87.0,8.0,4.0
2021-08-05 14:37:10,78.0,68.0,2.0,8.0
2021-08-05 14:37:11,97.0,86.0,6.0,5.0
2021-08-05 14:37:12,70.0,64.0,5.0,1.0
2021-08-05 14:37:13,87.0,75.0,7.0,5.0
2021-08-05 14:37:14,80.0,71.0,7.0,2.0
2021-08-05 14:37:15,90.0,77.0,6.0,7.0
2021-08-05 14:37:16,66.0,53.0,10.0,3.0
2021-08-05 14:37:17,76.0,66.0,6.0,4.0
2021-08-05 14:37:18,78.0,63.0,8.0,7.0
2021-08-05 14:37:19,78.0,65.0,7.0,6.0
2021-08-05 14:37:20,69.0,53.0,9.0,7.0
2021-08-05 14:37:21,101.0,87.0,7.0,7.0
2021-08-05 14:37:22,101.0,95.0,4.0,2.0
2021-08-05 14:37:23,80.0,70.0,8.0,2.0
2021-08-05 14:37:24,91.0,81.0,7.0,3.0
2021-08-05 14:37:25,85.0,75.0,6.0,4.0
2021-08-05 14:37:26,89.0,76.0,6.0,7.0
2021-08-05 14:37:27,78.0,67.0,9.0,2.0
2021-08-05 14:37:28,82.0,76.0,3.0,3.0
2021-08-05 14:37:29,82.0,72.0,5.0,5.0
2021-08-05 14:37:30,75.0,65.0,5.0,5.0
2021-08-05 14:37:31,76.0,63.0,7.0,6.0
2021-08-05 14:37:32,75.0,65.0,1.0,9.0
2021-08-05 14:37:33,85.0,72.0,10.0,3.0
2021-08-05 14:37:34,76.0,68.0,7.0,1.0
2021-08-05 14:37:35,82.0,77.0,5.0,0.0
2021-08-05 14:37:36,85.0,75.0,5.0,5.0
2021-08-05 14:37:37,76.0,67.0,4.0,5.0
2021-08-05 14:37:38,82.0,67.0,12.0,3.0
2021-08-05 14:37:39,67.0,60.0,2.0,5.0
2021-08-05 14:37:40,72.0,67.0,2.0,3.0
2021-08-05 14:37:41,82.0,73.0,8.0,1.0
2021-08-05 14:37:42,71.0,65.0,3.0,3.0
2021-08-05 14:37:43,77.0,68.0,8.0,1.0
2021-08-05 14:37:44,79.0,69.0,6.0,4.0
2021-08-05 14:37:45,86.0,78.0,5.0,3.0
2021-08-05 14:37:46,85.0,74.0,8.0,3.0
2021-08-05 14:37:47,85.0,76.0,7.0,2.0
2021-08-05 14:37:48,80.0,69.0,8.0,3.0
2021-08-05 14:37:49,75.0,62.0,10.0,3.0
2021-08-05 14:37:50,66.0,63.0,2.0,1.0
2021-08-05 14:37:51,83.0,73.0,5.0,5.0
2021-08-05 14:37:52,84.0,76.0,5.0,3.0
2021-08-05 14:37:53,77.0,68.0,6.0,3.0
2021-08-05 14:37:54,78.0,70.0,4.0,4.0
2021-08-05 14:37:55,75.0,67.0,4.0,4.0
2021-08-05 14:37:56,93.0,81.0,6.0,6.0
2021-08-05 14:37:57,82.0,67.0,10.0,5.0
2021-08-05 14:37:58,90.0,83.0,2.0,5.0
2021-08-05 14:37:59,87.0,78.0,8.0,1.0
2021-08-05 14:38:00,71.0,68.0,3.0,0.0
2021-08-05 14:38:01,86.0,71.0,10.0,5.0
2021-08-05 14:38:02,85.0,77.0,4.0,4.0
2021-08-05 14:38:03,78.0,66.0,6.0,6.0
2021-08-05 14:38:04,74.0,64.0,6.0,4.0
2021-08-05 14:38:05,77.0,67.0,7.0,3.0
2021-08-05 14:38:06,84.0,71.0,10.0,3.0
2021-08-05 14:38:07,79.0,67.0,6.0,6.0
2021-08-05 14:38:08,93.0,82.0,7.0,4.0
2021-08-05 14:38:09,82.0,71.0,7.0,4.0
2021-08-05 14:38:10,73.0,62.0,8.0,3.0
2021-08-05 14:38:11,77.0,66.0,6.0,5.0
2021-08-05 14:38:12,80.0,73.0,5.0,2.0
2021-08-05 14:38:13,71.0,66.0,3.0,2.0
2021-08-05 14:38:14,89.0,78.0,8.0,3.0
2021-08-05 14:38:15,80.0,68.0,4.0,8.0
2021-08-05 14:38:16,72.0,64.0,6.0,2.0
2021-08-05 14:38:17,91.0,82.0,4.0,5.0
2021-08-05 14:38:18,76.0,67.0,4.0,5.0
2021-08-05 14:38:19,81.0,74.0,3.0,4.0
2021-08-05 14:38:20,72.0,58.0,9.0,5.0
2021-08-05 14:38:21,85.0,80.0,3.0,2.0
2021-08-05 14:38:22,76.0,65.0,5.0,6.0
2021-08-05 14:38:23,54.0,49.0,4.0,1.0
2021-08-05 14:38:24,78.0,69.0,7.0,2.0
2021-08-05 14:38:25,93.0,82.0,7.0,4.0
2021-08-05 14:38:26,84.0,71.0,7.0,6.0
2021-08-05 14:38:27,69.0,57.0,6.0,6.0
2021-08-05 14:38:28,82.0,66.0,9.0,7.0
2021-08-05 14:38:29,65.0,57.0,5.0,3.0
2021-08-05 14:38:30,81.0,66.0,12.0,3.0
2021-08-05 14:38:31,80.0,69.0,7.0,4.0
2021-08-05 14:38:32,86.0,74.0,8.0,4.0
2021-08-05 14:38:33,81.0,73.0,3.0,5.0
2021-08-05 14:38:34,64.0,54.0,5.0,5.0
2021-08-05 14:38:35,75.0,68.0,5.0,2.0
2021-08-05 14:38:36,84.0,77.0,3.0,4.0
2021-08-05 14:38:37,83.0,71.0,9.0,3.0
2021-08-05 14:38:38,94.0,84.0,6.0,4.0
2021-08-05 14:38:39,94.0,83.0,6.0,5.0
2021-08-05 14:38:40,97.0,88.0,5.0,4.0
2021-08-05 14:38:41,64.0,56.0,4.0,4.0
2021-08-05 14:38:42,81.0,67.0,9.0,5.0
2021-08-05 14:38:43,83.0,71.0,7.0,5.0
2021-08-05 14:38:44,59.0,50.0,4.0,5.0
2021-08-05 14:38:45,67.0,60.0,4.0,3.0
2021-08-05 14:38:46,79.0,68.0,4.0,7.0
2021-08-05 14:38:47,75.0,67.0,3.0,5.0
2021-08-05 14:38:48,74.0,61.0,8.0,5.0
2021-08-05 14:38:49,79.0,63.0,6.0,10.0
2021-08-05 14:38:50,93.0,82.0,7.0,4.0
2021-08-05 14:38:51,91.0,73.0,9.0,9.0
2021-08-05 14:38:52,92.0,77.0,9.0,6.0
2021-08-05 14:38:53,86.0,74.0,10.0,2.0
2021-08-05 14:38:54,79.0,72.0,6.0,1.0
2021-08-05 14:38:55,90.0,76.0,10.0,4.0
2021-08-05 14:38:56,74.0,61.0,10.0,3.0
2021-08-05 14:38:57,69.0,61.0,6.0,2.0
2021-08-05 14:38:58,88.0,73.0,8.0,7.0
2021-08-05 14:38:59,93.0,88.0,2.0,3.0
2021-08-05 14:39:00,87.0,78.0,5.0,4.0
2021-08-05 14:39:01,84.0,76.0,4.0,4.0
2021-08-05 14:39:02,86.0,74.0,7.0,5.0
2021-08-05 14:39:03,79.0,75.0,1.0,3.0
2021-08-05 14:39:04,82.0,75.0,3.0,4.0
2021-08-05 14:39:05,66.0,58.0,5.0,3.0
2021-08-05 14:39:06,81.0,69.0,8.0,4.0
2021-08-05 14:39:07,76.0,63.0,8.0,5.0
2021-08-05 14:39:08,82.0,74.0,6.0,2.0
2021-08-05 14:39:09,71.0,62.0,6.0,3.0
2021-08-05 14:39:10,86.0,69.0,11.0,6.0
2021-08-05 14:39:11,73.0,62.0,7.0,4.0
2021-08-05 14:39:12,81.0,74.0,5.0,2.0
2021-08-05 14:39:13,82.0,70.0,8.0,4.0
2021-08-05 14:39:14,60.0,51.0,4.0,5.0
2021-08-05 14:39:15,89.0,77.0,8.0,4.0
2021-08-05 14:39:16,81.0,70.0,7.0,4.0
2021-08-05 14:39:17,61.0,44.0,10.0,7.0
2021-08-05 14:39:18,54.0,49.0,1.0,4.0
2021-08-05 14:39:19,76.0,64.0,6.0,6.0
2021-08-05 14:39:20,78.0,67.0,11.0,0.0
2021-08-05 14:39:21,90.0,78.0,5.0,7.0
2021-08-05 14:39:22,68.0,57.0,4.0,7.0
2021-08-05 14:39:23,72.0,64.0,6.0,2.0
2021-08-05 14:39:24,86.0,78.0,4.0,4.0
2021-08-05 14:39:25,68.0,60.0,4.0,4.0
2021-08-05 14:39:26,88.0,82.0,2.0,4.0
2021-08-05 14:39:27,78.0,66.0,8.0,4.0
2021-08-05 14:39:28,84.0,73.0,3.0,8.0
2021-08-05 14:39:29,71.0,66.0,5.0,0.0
2021-08-05 14:39:30,88.0,74.0,12.0,2.0
2021-08-05 14:39:31,70.0,59.0,5.0,6.0
2021-08-05 14:39:32,66.0,55.0,5.0,6.0
2021-08-05 14:39:33,99.0,84.0,9.0,6.0
2021-08-05 14:39:34,77.0,68.0,3.0,6.0
2021-08-05 14:39:35,67.0,56.0,8.0,3.0
2021-08-05 14:39:36,81.0,74.0,6.0,1.0
2021-08-05 14:39:37,72.0,63.0,5.0,4.0
2021-08-05 14:39:38,79.0,67.0,8.0,4.0
2021-08-05 14:39:39,74.0,60.0,8.0,6.0
2021-08-05 14:39:40,91.0,76.0,7.0,8.0
2021-08-05 14:39:41,78.0,72.0,2.0,4.0
2021-08-05 14:39:42,85.0,62.0,14.0,9.0
2021-08-05 14:39:43,65.0,58.0,6.0,1.0
2021-08-05 14:39:44,91.0,82.0,7.0,2.0
2021-08-05 14:39:45,83.0,76.0,4.0,3.0
2021-08-05 14:39:46,83.0,73.0,7.0,3.0
2021-08-05 14:39:47,69.0,61.0,3.0,5.0
2021-08-05 14:39:48,66.0,59.0,5.0,2.0
2021-08-05 14:39:49,79.0,72.0,6.0,1.0
2021-08-05 14:39:50,77.0,65.0,8.0,4.0
2021-08-05 14:39:51,74.0,58.0,7.0,9.0
2021-08-05 14:39:52,84.0,71.0,6.0,7.0
2021-08-05 14:39:53,69.0,58.0,6.0,5.0
2021-08-05 14:39:54,79.0,69.0,7.0,3.0
2021-08-05 14:39:55,73.0,64.0,6.0,3.0
2021-08-05 14:39:56,96.0,84.0,7.0,5.0
2021-08-05 14:39:57,91.0,77.0,6.0,8.0
2021-08-05 14:39:58,87.0,76.0,5.0,6.0
2021-08-05 14:39:59,85.0,75.0,4.0,6.0
2021-08-05 14:40:00,83.0,76.0,2.0,5.0
2021-08-05 14:40:01,74.0,68.0,4.0,2.0
2021-08-05 14:40:02,77.0,64.0,6.0,7.0
2021-08-05 14:40:03,103.0,86.0,13.0,4.0
2021-08-05 14:40:04,75.0,63.0,9.0,3.0
2021-08-05 14:40:05,86.0,74.0,11.0,1.0
2021-08-05 14:40:06,96.0,82.0,11.0,3.0
2021-08-05 14:40:07,71.0,62.0,3.0,6.0
2021-08-05 14:40:08,78.0,63.0,9.0,6.0
2021-08-05 14:40:09,89.0,77.0,6.0,6.0
2021-08-05 14:40:10,92.0,85.0,1.0,6.0
2021-08-05 14:40:11,80.0,71.0,8.0,1.0
2021-08-05 14:40:12,86.0,73.0,6.0,7.0
2021-08-05 14:40:13,84.0,73.0,5.0,6.0
2021-08-05 14:40:14,67.0,58.0,7.0,2.0
2021-08-05 14:40:15,68.0,62.0,4.0,2.0
2021-08-05 14:40:16,80.0,75.0,3.0,2.0
2021-08-05 14:40:17,79.0,65.0,6.0,8.0
2021-08-05 14:40:18,67.0,57.0,8.0,2.0
2021-08-05 14:40:19,83.0,77.0,2.0,4.0
2021-08-05 14:40:20,66.0,62.0,0.0,4.0
2021-08-05 14:40:21,76.0,64.0,7.0,5.0
2021-08-05 14:40:22,74.0,64.0,8.0,2.0
2021-08-05 14:40:23,60.0,51.0,5.0,4.0
2021-08-05 14:40:24,86.0,77.0,5.0,4.0
2021-08-05 14:40:25,95.0,76.0,9.0,10.0
2021-08-05 14:40:26,73.0,63.0,7.0,3.0
2021-08-05 14:40:27,87.0,82.0,2.0,3.0
2021-08-05 14:40:28,79.0,74.0,2.0,3.0
2021-08-05 14:40:29,81.0,66.0,12.0,3.0
2021-08-05 14:40:30,86.0,76.0,4.0,6.0
2021-08-05 14:40:31,87.0,75.0,6.0,6.0
2021-08-05 14:40:32,81.0,71.0,6.0,4.0
2021-08-05 14:40:33,71.0,65.0,4.0,2.0
2021-08-05 14:40:34,72.0,67.0,2.0,3.0
2021-08-05 14:40:35,86.0,69.0,13.0,4.0
2021-08-05 14:40:36,76.0,67.0,7.0,2.0
2021-08-05 14:40:37,70.0,58.0,7.0,5.0
2021-08-05 14:40:38,85.0,74.0,6.0,5.0
2021-08-05 14:40:39,76.0,65.0,7.0,4.0
2021-08-05 14:40:40,84.0,73.0,6.0,5.0
2021-08-05 14:40:41,100.0,86.0,11.0,3.0
2021-08-05 14:40:42,75.0,64.0,8.0,3.0
2021-08-05 14:40:43,81.0,74.0,4.0,3.0
2021-08-05 14:40:44,84.0,72.0,7.0,5.0
2021-08-05 14:40:45,78.0,65.0,7.0,6.0
2021-08-05 14:40:46,82.0,75.0,5.0,2.0
2021-08-05 14:40:47,86.0,74.0,1.0,11.0
2021-08-05 14:40:48,82.0,69.0,9.0,4.0
2021-08-05 14:40:49,97.0,86.0,6.0,5.0
2021-08-05 14:40:50,77.0,72.0,3.0,2.0
2021-08-05 14:40:51,76.0,68.0,5.0,3.0
2021-08-05 14:40:52,77.0,71.0,5.0,1.0
2021-08-05 14:40:53,82.0,68.0,8.0,6.0
2021-08-05 14:40:54,91.0,71.0,9.0,11.0
2021-08-05 14:40:55,78.0,71.0,5.0,2.0
2021-08-05 14:40:56,76.0,61.0,13.0,2.0
2021-08-05 14:40:57,78.0,71.0,5.0,2.0
2021-08-05 14:40:58,91.0,75.0,10.0,6.0
2021-08-05 14:40:59,76.0,67.0,4.0,5.0
2021-08-05 14:41:00,78.0,71.0,3.0,4.0
2021-08-05 14:41:01,69.0,60.0,5.0,4.0
2021-08-05 14:41:02,93.0,86.0,4.0,3.0
2021-08-05 14:41:03,83.0,78.0,5.0,0.0
2021-08-05 14:41:04,80.0,68.0,6.0,6.0
2021-08-05 14:41:05,89.0,71.0,7.0,11.0
2021-08-05 14:41:06,94.0,82.0,4.0,8.0
2021-08-05 14:41:07,67.0,59.0,3.0,5.0
2021-08-05 14:41:08,71.0,58.0,9.0,4.0
2021-08-05 14:41:09,91.0,80.0,4.0,7.0
2021-08-05 14:41:10,83.0,64.0,14.0,5.0
2021-08-05 14:41:11,75.0,66.0,8.0,1.0
2021-08-05 14:41:12,79.0,72.0,4.0,3.0
2021-08-05 14:41:13,78.0,68.0,6.0,4.0
2021-08-05 14:41:14,88.0,75.0,6.0,7.0
2021-08-05 14:41:15,75.0,67.0,5.0,3.0
2021-08-05 14:41:16,83.0,69.0,11.0,3.0
2021-08-05 14:41:17,78.0,66.0,7.0,5.0
2021-08-05 14:41:18,94.0,85.0,5.0,4.0
2021-08-05 14:41:19,84.0,67.0,10.0,7.0
2021-08-05 14:41:20,83.0,69.0,8.0,6.0
2021-08-05 14:41:21,72.0,62.0,7.0,3.0
2021-08-05 14:41:22,75.0,69.0,3.0,3.0
2021-08-05 14:41:23,76.0,69.0,3.0,4.0
2021-08-05 14:41:24,87.0,70.0,9.0,8.0
2021-08-05 14:41:25,59.0,53.0,2.0,4.0
2021-08-05 14:41:26,83.0,76.0,5.0,2.0
2021-08-05 14:41:27,68.0,60.0,4.0,4.0
2021-08-05 14:41:28,86.0,79.0,3.0,4.0
2021-08-05 14:41:29,79.0,66.0,8.0,5.0
2021-08-05 14:41:30,77.0,67.0,7.0,3.0
2021-08-05 14:41:31,87.0,76.0,4.0,7.0
2021-08-05 14:41:32,85.0,77.0,4.0,4.0
2021-08-05 14:41:33,80.0,68.0,5.0,7.0
2021-08-05 14:41:34,73.0,65.0,6.0,2.0
2021-08-05 14:41:35,66.0,62.0,2.0,2.0
2021-08-05 14:41:36,97.0,78.0,14.0,5.0
2021-08-05 14:41:37,78.0,68.0,4.0,6.0
2021-08-05 14:41:38,82.0,69.0,8.0,5.0
2021-08-05 14:41:39,90.0,77.0,7.0,6.0
2021-08-05 14:41:40,79.0,69.0,5.0,5.0
2021-08-05 14:41:41,86.0,75.0,6.0,5.0
2021-08-05 14:41:42,79.0,68.0,4.0,7.0
2021-08-05 14:41:43,89.0,76.0,9.0,4.0
2021-08-05 14:41:44,96.0,84.0,11.0,1.0
2021-08-05 14:41:45,83.0,75.0,5.0,3.0
2021-08-05 14:41:46,76.0,68.0,4.0,4.0
2021-08-05 14:41:47,82.0,65.0,9.0,8.0
2021-08-05 14:41:48,86.0,74.0,4.0,8.0
2021-08-05 14:41:49,78.0,68.0,6.0,4.0
2021-08-05 14:41:50,86.0,76.0,7.0,3.0
2021-08-05 14:41:51,76.0,64.0,7.0,5.0
2021-08-05 14:41:52,89.0,79.0,5.0,5.0
2021-08-05 14:41:53,74.0,67.0,2.0,5.0
2021-08-05 14:41:54,95.0,84.0,6.0,5.0
2021-08-05 14:41:55,74.0,66.0,4.0,4.0
2021-08-05 14:41:56,80.0,65.0,11.0,4.0
2021-08-05 14:41:57,83.0,69.0,6.0,8.0
2021-08-05 14:41:58,73.0,64.0,6.0,3.0
2021-08-05 14:41:59,67.0,58.0,7.0,2.0
2021-08-05 14:42:00,81.0,66.0,12.0,3.0
2021-08-05 14:42:01,80.0,67.0,7.0,6.0
2021-08-05 14:42:02,81.0,72.0,3.0,6.0
2021-08-05 14:42:03,69.0,63.0,5.0,1.0
2021-08-05 14:42:04,82.0,69.0,8.0,5.0
2021-08-05 14:42:05,72.0,58.0,6.0,8.0
2021-08-05 14:42:06,99.0,86.0,8.0,5.0
2021-08-05 14:42:07,78.0,70.0,5.0,3.0
2021-08-05 14:42:08,77.0,68.0,8.0,1.0
2021-08-05 14:42:09,97.0,87.0,8.0,2.0
2021-08-05 14:42:10,71.0,67.0,3.0,1.0
2021-08-05 14:42:11,93.0,87.0,4.0,2.0
2021-08-05 14:42:12,82.0,70.0,10.0,2.0
2021-08-05 14:42:13,79.0,70.0,6.0,3.0
2021-08-05 14:42:14,95.0,84.0,8.0,3.0
2021-08-05 14:42:15,84.0,73.0,4.0,7.0
2021-08-05 14:42:16,76.0,66.0,9.0,1.0
2021-08-05 14:42:17,74.0,62.0,5.0,7.0
2021-08-05 14:42:18,85.0,74.0,3.0,8.0
2021-08-05 14:42:19,84.0,77.0,4.0,3.0
2021-08-05 14:42:20,81.0,69.0,4.0,8.0
2021-08-05 14:42:21,60.0,51.0,4.0,5.0
2021-08-05 14:42:22,78.0,66.0,10.0,2.0
2021-08-05 14:42:23,75.0,65.0,6.0,4.0
2021-08-05 14:42:24,75.0,66.0,7.0,2.0
2021-08-05 14:42:25,77.0,68.0,7.0,2.0
2021-08-05 14:42:26,66.0,55.0,6.0,5.0
2021-08-05 14:42:27,76.0,66.0,9.0,1.0
2021-08-05 14:42:28,79.0,68.0,5.0,6.0
2021-08-05 14:42:29,76.0,69.0,4.0,3.0
2021-08-05 14:42:30,67.0,55.0,8.0,4.0
2021-08-05 14:42:31,79.0,68.0,5.0,6.0
2021-08-05 14:42:32,82.0,72.0,7.0,3.0
2021-08-05 14:42:33,80.0,71.0,6.0,3.0
2021-08-05 14:42:34,78.0,69.0,6.0,3.0
2021-08-05 14:42:35,81.0,69.0,8.0,4.0
2021-08-05 14:42:36,71.0,63.0,4.0,4.0
2021-08-05 14:42:37,95.0,87.0,5.0,3.0
2021-08-05 14:42:38,75.0,69.0,2.0,4.0
2021-08-05 14:42:39,84.0,68.0,13.0,3.0
2021-08-05 14:42:40,76.0,67.0,3.0,6.0
2021-08-05 14:42:41,80.0,71.0,5.0,4.0
2021-08-05 14:42:42,88.0,75.0,9.0,4.0
2021-08-05 14:42:43,79.0,68.0,7.0,4.0
2021-08-05 14:42:44,75.0,67.0,5.0,3.0
2021-08-05 14:42:45,97.0,87.0,4.0,6.0
2021-08-05 14:42:46,79.0,69.0,4.0,6.0
2021-08-05 14:42:47,93.0,80.0,5.0,8.0
2021-08-05 14:42:48,76.0,66.0,6.0,4.0
2021-08-05 14:42:49,71.0,65.0,4.0,2.0
2021-08-05 14:42:50,71.0,59.0,6.0,6.0
2021-08-05 14:42:51,94.0,85.0,6.0,3.0
2021-08-05 14:42:52,79.0,68.0,6.0,5.0
2021-08-05 14:42:53,87.0,81.0,4.0,2.0
2021-08-05 14:42:54,81.0,72.0,9.0,0.0
2021-08-05 14:42:55,78.0,62.0,9.0,7.0
2021-08-05 14:42:56,94.0,83.0,7.0,4.0
2021-08-05 14:42:57,80.0,71.0,5.0,4.0
2021-08-05 14:42:58,75.0,63.0,6.0,6.0
2021-08-05 14:42:59,99.0,92.0,3.0,4.0
2021-08-05 14:43:00,64.0,57.0,2.0,5.0
2021-08-05 14:43:01,66.0,56.0,5.0,5.0
2021-08-05 14:43:02,69.0,59.0,5.0,5.0
2021-08-05 14:43:03,76.0,66.0,7.0,3.0
2021-08-05 14:43:04,83.0,69.0,10.0,4.0
2021-08-05 14:43:05,96.0,85.0,4.0,7.0
2021-08-05 14:43:06,71.0,56.0,8.0,7.0
2021-08-05 14:43:07,88.0,78.0,6.0,4.0
2021-08-05 14:43:08,64.0,56.0,5.0,3.0
2021-08-05 14:43:09,71.0,56.0,12.0,3.0
2021-08-05 14:43:10,94.0,81.0,5.0,8.0
2021-08-05 14:43:11,87.0,80.0,5.0,2.0
2021-08-05 14:43:12,73.0,67.0,5.0,1.0
2021-08-05 14:43:13,72.0,60.0,7.0,5.0
2021-08-05 14:43:14,75.0,65.0,6.0,4.0
2021-08-05 14:43:15,80.0,69.0,7.0,4.0
2021-08-05 14:43:16,85.0,77.0,7.0,1.0
2021-08-05 14:43:17,80.0,68.0,7.0,5.0
2021-08-05 14:43:18,96.0,79.0,8.0,9.0
2021-08-05 14:43:19,91.0,77.0,7.0,7.0
2021-08-05 14:43:20,72.0,59.0,5.0,8.0
2021-08-05 14:43:21,85.0,77.0,3.0,5.0
2021-08-05 14:43:22,62.0,54.0,5.0,3.0
2021-08-05 14:43:23,99.0,85.0,3.0,11.0
2021-08-05 14:43:24,77.0,62.0,13.0,2.0
2021-08-05 14:43:25,83.0,66.0,10.0,7.0
2021-08-05 14:43:26,75.0,66.0,5.0,4.0
2021-08-05 14:43:27,75.0,69.0,4.0,2.0
2021-08-05 14:43:28,90.0,74.0,10.0,6.0
2021-08-05 14:43:29,77.0,63.0,6.0,8.0
2021-08-05 14:43:30,91.0,80.0,9.0,2.0
2021-08-05 14:43:31,81.0,68.0,8.0,5.0
2021-08-05 14:43:32,73.0,62.0,6.0,5.0
2021-08-05 14:43:33,71.0,61.0,5.0,5.0
2021-08-05 14:43:34,89.0,79.0,3.0,7.0
2021-08-05 14:43:35,87.0,79.0,5.0,3.0
2021-08-05 14:43:36,85.0,75.0,9.0,1.0
2021-08-05 14:43:37,77.0,67.0,6.0,4.0
2021-08-05 14:43:38,86.0,74.0,9.0,3.0
2021-08-05 14:43:39,80.0,71.0,7.0,2.0
2021-08-05 14:43:40,63.0,52.0,4.0,7.0
2021-08-05 14:43:41,94.0,76.0,14.0,4.0
2021-08-05 14:43:42,80.0,70.0,6.0,4.0
2021-08-05 14:43:43,74.0,65.0,5.0,4.0
2021-08-05 14:43:44,66.0,51.0,9.0,6.0
2021-08-05 14:43:45,71.0,62.0,9.0,0.0
2021-08-05 14:43:46,73.0,65.0,4.0,4.0
2021-08-05 14:43:47,77.0,63.0,6.0,8.0
2021-08-05 14:43:48,84.0,69.0,12.0,3.0
2021-08-05 14:43:49,91.0,75.0,9.0,7.0
2021-08-05 14:43:50,85.0,77.0,4.0,4.0
2021-08-05 14:43:51,64.0,56.0,5.0,3.0
2021-08-05 14:43:52,106.0,89.0,10.0,7.0
2021-08-05 14:43:53,69.0,61.0,4.0,4.0
2021-08-05 14:43:54,80.0,66.0,8.0,6.0
2021-08-05 14:43:55,80.0,68.0,8.0,4.0
2021-08-05 14:43:56,89.0,79.0,6.0,4.0
2021-08-05 14:43:57,85.0,72.0,9.0,4.0
2021-08-05 14:43:58,76.0,68.0,7.0,1.0
2021-08-05 14:43:59,76.0,69.0,4.0,3.0
2021-08-05 14:44:00,81.0,68.0,6.0,7.0
2021-08-05 14:44:01,80.0,69.0,3.0,8.0
2021-08-05 14:44:02,76.0,67.0,7.0,2.0
2021-08-05 14:44:03,80.0,68.0,6.0,6.0
2021-08-05 14:44:04,83.0,69.0,8.0,6.0
2021-08-05 14:44:05,72.0,64.0,4.0,4.0
2021-08-05 14:44:06,88.0,78.0,7.0,3.0
2021-08-05 14:44:07,80.0,69.0,6.0,5.0
2021-08-05 14:44:08,77.0,69.0,5.0,3.0
2021-08-05 14:44:09,78.0,70.0,6.0,2.0
2021-08-05 14:44:10,83.0,76.0,3.0,4.0
2021-08-05 14:44:11,80.0,65.0,8.0,7.0
2021-08-05 14:44:12,84.0,73.0,6.0,5.0
2021-08-05 14:44:13,82.0,71.0,6.0,5.0
2021-08-05 14:44:14,91.0,76.0,10.0,5.0
2021-08-05 14:44:15,73.0,60.0,8.0,5.0
2021-08-05 14:44:16,81.0,69.0,4.0,8.0
2021-08-05 14:44:17,84.0,70.0,6.0,8.0
2021-08-05 14:44:18,77.0,64.0,7.0,6.0
2021-08-05 14:44:19,79.0,69.0,7.0,3.0
2021-08-05 14:44:20,81.0,69.0,5.0,7.0
2021-08-05 14:44:21,74.0,65.0,5.0,4.0
2021-08-05 14:44:22,80.0,67.0,11.0,2.0
2021-08-05 14:44:23,80.0,73.0,5.0,2.0
2021-08-05 14:44:24,77.0,60.0,12.0,5.0
2021-08-05 14:44:25,78.0,68.0,5.0,5.0
2021-08-05 14:44:26,81.0,73.0,3.0,5.0
2021-08-05 14:44:27,90.0,74.0,9.0,7.0
2021-08-05 14:44:28,79.0,67.0,6.0,6.0
2021-08-05 14:44:29,71.0,64.0,3.0,4.0
2021-08-05 14:44:30,86.0,71.0,12.0,3.0
2021-08-05 14:44:31,71.0,58.0,9.0,4.0
2021-08-05 14:44:32,83.0,76.0,2.0,5.0
2021-08-05 14:44:33,84.0,75.0,4.0,5.0
2021-08-05 14:44:34,66.0,52.0,10.0,4.0
2021-08-05 14:44:35,102.0,88.0,10.0,4.0
2021-08-05 14:44:36,79.0,69.0,6.0,4.0
2021-08-05 14:44:37,82.0,68.0,11.0,3.0
2021-08-05 14:44:38,78.0,71.0,2.0,5.0
2021-08-05 14:44:39,67.0,56.0,5.0,6.0
2021-08-05 14:44:40,83.0,75.0,5.0,3.0
2021-08-05 14:44:41,71.0,61.0,5.0,5.0
2021-08-05 14:44:42,70.0,64.0,3.0,3.0
2021-08-05 14:44:43,77.0,71.0,2.0,4.0
2021-08-05 14:44:44,90.0,78.0,11.0,1.0
2021-08-05 14:44:45,64.0,53.0,8.0,3.0
2021-08-05 14:44:46,106.0,93.0,9.0,4.0
2021-08-05 14:44:47,75.0,69.0,5.0,1.0
2021-08-05 14:44:48,81.0,76.0,1.0,4.0
2021-08-05 14:44:49,91.0,74.0,13.0,4.0
2021-08-05 14:44:50,77.0,65.0,8.0,4.0
2021-08-05 14:44:51,79.0,71.0,5.0,3.0
2021-08-05 14:44:52,81.0,76.0,4.0,1.0
2021-08-05 14:44:53,81.0,72.0,5.0,4.0
2021-08-05 14:44:54,73.0,63.0,6.0,4.0
2021-08-05 14:44:55,74.0,66.0,7.0,1.0
2021-08-05 14:44:56,82.0,70.0,10.0,2.0
2021-08-05 14:44:57,84.0,74.0,6.0,4.0
2021-08-05 14:44:58,73.0,64.0,6.0,3.0
2021-08-05 14:44:59,92.0,82.0,7.0,3.0
2021-08-05 14:45:00,88.0,76.0,6.0,6.0
2021-08-05 14:45:01,78.0,67.0,7.0,4.0
2021-08-05 14:45:02,74.0,64.0,6.0,4.0
2021-08-05 14:45:03,90.0,79.0,7.0,4.0
2021-08-05 14:45:04,75.0,70.0,3.0,2.0
2021-08-05 14:45:05,66.0,64.0,1.0,1.0
2021-08-05 14:45:06,90.0,75.0,10.0,5.0
2021-08-05 14:45:07,81.0,62.0,13.0,6.0
2021-08-05 14:45:08,83.0,73.0,5.0,5.0
2021-08-05 14:45:09,93.0,83.0,3.0,7.0
2021-08-05 14:45:10,84.0,75.0,4.0,5.0
2021-08-05 14:45:11,75.0,67.0,5.0,3.0
2021-08-05 14:45:12,66.0,51.0,11.0,4.0
2021-08-05 14:45:13,71.0,58.0,10.0,3.0
2021-08-05 14:45:14,95.0,77.0,13.0,5.0
2021-08-05 14:45:15,83.0,74.0,2.0,7.0
2021-08-05 14:45:16,82.0,76.0,3.0,3.0
2021-08-05 14:45:17,72.0,62.0,9.0,1.0
2021-08-05 14:45:18,79.0,70.0,6.0,3.0
2021-08-05 14:45:19,82.0,71.0,10.0,1.0
2021-08-05 14:45:20,66.0,58.0,5.0,3.0
2021-08-05 14:45:21,91.0,78.0,6.0,7.0
2021-08-05 14:45:22,77.0,66.0,6.0,5.0
2021-08-05 14:45:23,82.0,70.0,8.0,4.0
2021-08-05 14:45:24,93.0,78.0,10.0,5.0
2021-08-05 14:45:25,68.0,63.0,2.0,3.0
2021-08-05 14:45:26,76.0,61.0,6.0,9.0
2021-08-05 14:45:27,81.0,66.0,8.0,7.0
2021-08-05 14:45:28,69.0,59.0,7.0,3.0
2021-08-05 14:45:29,83.0,72.0,6.0,5.0
2021-08-05 14:45:30,79.0,70.0,4.0,5.0
2021-08-05 14:45:31,89.0,80.0,4.0,5.0
2021-08-05 14:45:32,85.0,81.0,0.0,4.0
2021-08-05 14:45:33,83.0,78.0,2.0,3.0
2021-08-05 14:45:34,86.0,78.0,5.0,3.0
2021-08-05 14:45:35,87.0,72.0,7.0,8.0
2021-08-05 14:45:36,81.0,72.0,5.0,4.0
2021-08-05 14:45:37,73.0,61.0,7.0,5.0
2021-08-05 14:45:38,79.0,70.0,7.0,2.0
2021-08-05 14:45:39,86.0,72.0,9.0,5.0
2021-08-05 14:45:40,87.0,75.0,7.0,5.0
2021-08-05 14:45:41,74.0,68.0,4.0,2.0
2021-08-05 14:45:42,73.0,63.0,6.0,4.0
2021-08-05 14:45:43,78.0,68.0,4.0,6.0
2021-08-05 14:45:44,74.0,63.0,5.0,6.0
2021-08-05 14:45:45,84.0,74.0,4.0,6.0
2021-08-05 14:45:46,75.0,63.0,9.0,3.0
2021-08-05 14:45:47,93.0,87.0,5.0,1.0
2021-08-05 14:45:48,80.0,66.0,6.0,8.0
2021-08-05 14:45:49,62.0,56.0,3.0,3.0
2021-08-05 14:45:50,96.0,81.0,6.0,9.0
2021-08-05 14:45:51,81.0,66.0,9.0,6.0
2021-08-05 14:45:52,77.0,62.0,10.0,5.0
2021-08-05 14:45:53,90.0,75.0,11.0,4.0
2021-08-05 14:45:54,82.0,74.0,5.0,3.0
2021-08-05 14:45:55,64.0,57.0,4.0,3.0
2021-08-05 14:45:56,101.0,87.0,10.0,4.0
2021-08-05 14:45:57,90.0,76.0,9.0,5.0
2021-08-05 14:45:58,78.0,70.0,6.0,2.0
2021-08-05 14:45:59,78.0,67.0,5.0,6.0
2021-08-05 14:46:00,96.0,82.0,9.0,5.0
2021-08-05 14:46:01,79.0,66.0,6.0,7.0
2021-08-05 14:46:02,91.0,71.0,14.0,6.0
2021-08-05 14:46:03,87.0,75.0,4.0,8.0
2021-08-05 14:46:04,86.0,77.0,8.0,1.0
2021-08-05 14:46:05,71.0,58.0,9.0,4.0
2021-08-05 14:46:06,86.0,78.0,2.0,6.0
2021-08-05 14:46:07,90.0,81.0,3.0,6.0
2021-08-05 14:46:08,89.0,80.0,7.0,2.0
2021-08-05 14:46:09,67.0,59.0,4.0,4.0
2021-08-05 14:46:10,80.0,69.0,8.0,3.0
2021-08-05 14:46:11,82.0,73.0,7.0,2.0
2021-08-05 14:46:12,77.0,69.0,3.0,5.0
2021-08-05 14:46:13,76.0,69.0,5.0,2.0
2021-08-05 14:46:14,80.0,69.0,5.0,6.0
2021-08-05 14:46:15,70.0,63.0,4.0,3.0
2021-08-05 14:46:16,78.0,67.0,5.0,6.0
2021-08-05 14:46:17,92.0,82.0,6.0,4.0
2021-08-05 14:46:18,68.0,54.0,9.0,5.0
2021-08-05 14:46:19,75.0,65.0,7.0,3.0
2021-08-05 14:46:20,65.0,57.0,5.0,3.0
2021-08-05 14:46:21,70.0,63.0,3.0,4.0
2021-08-05 14:46:22,78.0,68.0,7.0,3.0
2021-08-05 14:46:23,93.0,79.0,6.0,8.0
2021-08-05 14:46:24,82.0,71.0,6.0,5.0
2021-08-05 14:46:25,70.0,57.0,10.0,3.0
2021-08-05 14:46:26,72.0,63.0,8.0,1.0
2021-08-05 14:46:27,84.0,72.0,7.0,5.0
2021-08-05 14:46:28,89.0,80.0,4.0,5.0
2021-08-05 14:46:29,82.0,72.0,6.0,4.0
2021-08-05 14:46:30,74.0,62.0,7.0,5.0
2021-08-05 14:46:31,99.0,90.0,7.0,2.0
2021-08-05 14:46:32,86.0,73.0,9.0,4.0
2021-08-05 14:46:33,64.0,55.0,6.0,3.0
2021-08-05 14:46:34,87.0,66.0,11.0,10.0
2021-08-05 14:46:35,73.0,65.0,4.0,4.0
2021-08-05 14:46:36,85.0,75.0,6.0,4.0
2021-08-05 14:46:37,81.0,71.0,6.0,4.0
2021-08-05 14:46:38,78.0,71.0,5.0,2.0
2021-08-05 14:46:39,76.0,64.0,6.0,6.0
2021-08-05 14:46:40,83.0,72.0,8.0,3.0
2021-08-05 14:46:41,81.0,72.0,7.0,2.0
2021-08-05 14:46:42,75.0,66.0,6.0,3.0
2021-08-05 14:46:43,93.0,82.0,5.0,6.0
2021-08-05 14:46:44,79.0,69.0,8.0,2.0
2021-08-05 14:46:45,80.0,66.0,8.0,6.0
2021-08-05 14:46:46,83.0,65.0,10.0,8.0
2021-08-05 14:46:47,69.0,59.0,6.0,4.0
2021-08-05 14:46:48,84.0,75.0,6.0,3.0
2021-08-05 14:46:49,65.0,54.0,7.0,4.0
2021-08-05 14:46:50,86.0,70.0,10.0,6.0
2021-08-05 14:46:51,66.0,59.0,4.0,3.0
2021-08-05 14:46:52,71.0,63.0,4.0,4.0
2021-08-05 14:46:53,92.0,80.0,7.0,5.0
2021-08-05 14:46:54,64.0,56.0,4.0,4.0
2021-08-05 14:46:55,73.0,68.0,3.0,2.0
2021-08-05 14:46:56,70.0,62.0,2.0,6.0
2021-08-05 14:46:57,84.0,75.0,1.0,8.0
2021-08-05 14:46:58,97.0,75.0,16.0,6.0
2021-08-05 14:46:59,87.0,78.0,4.0,5.0
2021-08-05 14:47:00,64.0,56.0,6.0,2.0
2021-08-05 14:47:01,73.0,60.0,8.0,5.0
2021-08-05 14:47:02,83.0,76.0,3.0,4.0
2021-08-05 14:47:03,95.0,84.0,6.0,5.0
2021-08-05 14:47:04,78.0,70.0,7.0,1.0
2021-08-05 14:47:05,87.0,76.0,4.0,7.0
2021-08-05 14:47:06,55.0,51.0,2.0,2.0
2021-08-05 14:47:07,75.0,67.0,6.0,2.0
2021-08-05 14:47:08,76.0,66.0,6.0,4.0
2021-08-05 14:47:09,60.0,49.0,7.0,4.0
2021-08-05 14:47:10,77.0,70.0,5.0,2.0
2021-08-05 14:47:11,77.0,64.0,6.0,7.0
2021-08-05 14:47:12,77.0,63.0,9.0,5.0
2021-08-05 14:47:13,68.0,58.0,6.0,4.0
2021-08-05 14:47:14,70.0,62.0,6.0,2.0
2021-08-05 14:47:15,84.0,73.0,6.0,5.0
2021-08-05 14:47:16,76.0,66.0,7.0,3.0
2021-08-05 14:47:17,86.0,75.0,5.0,6.0
2021-08-05 14:47:18,98.0,86.0,6.0,6.0
2021-08-05 14:47:19,65.0,56.0,5.0,4.0
2021-08-05 14:47:20,86.0,76.0,6.0,4.0
2021-08-05 14:47:21,72.0,66.0,4.0,2.0
2021-08-05 14:47:22,92.0,84.0,3.0,5.0
2021-08-05 14:47:23,79.0,68.0,6.0,5.0
2021-08-05 14:47:24,83.0,75.0,5.0,3.0
2021-08-05 14:47:25,78.0,65.0,9.0,4.0
2021-08-05 14:47:26,88.0,74.0,8.0,6.0
2021-08-05 14:47:27,92.0,81.0,5.0,6.0
2021-08-05 14:47:28,75.0,63.0,8.0,4.0
2021-08-05 14:47:29,88.0,76.0,7.0,5.0
2021-08-05 14:47:30,74.0,68.0,4.0,2.0
2021-08-05 14:47:31,80.0,71.0,5.0,4.0
2021-08-05 14:47:32,80.0,68.0,6.0,6.0
2021-08-05 14:47:33,69.0,58.0,4.0,7.0
2021-08-05 14:47:34,80.0,69.0,4.0,7.0
2021-08-05 14:47:35,86.0,73.0,10.0,3.0
2021-08-05 14:47:36,71.0,63.0,6.0,2.0
2021-08-05 14:47:37,68.0,58.0,6.0,4.0
2021-08-05 14:47:38,81.0,71.0,8.0,2.0
2021-08-05 14:47:39,73.0,62.0,6.0,5.0
2021-08-05 14:47:40,75.0,62.0,8.0,5.0
2021-08-05 14:47:41,73.0,67.0,1.0,5.0
2021-08-05 14:47:42,84.0,69.0,9.0,6.0
2021-08-05 14:47:43,73.0,62.0,6.0,5.0
2021-08-05 14:47:44,67.0,58.0,5.0,4.0
2021-08-05 14:47:45,76.0,67.0,8.0,1.0
2021-08-05 14:47:46,74.0,61.0,6.0,7.0
2021-08-05 14:47:47,82.0,69.0,8.0,5.0
2021-08-05 14:47:48,80.0,73.0,5.0,2.0
2021-08-05 14:47:49,81.0,74.0,7.0,0.0
2021-08-05 14:47:50,82.0,71.0,8.0,3.0
2021-08-05 14:47:51,101.0,90.0,8.0,3.0
2021-08-05 14:47:52,82.0,73.0,5.0,4.0
2021-08-05 14:47:53,74.0,66.0,5.0,3.0
2021-08-05 14:47:54,78.0,63.0,10.0,5.0
2021-08-05 14:47:55,90.0,80.0,7.0,3.0
2021-08-05 14:47:56,79.0,69.0,6.0,4.0
2021-08-05 14:47:57,90.0,81.0,8.0,1.0
2021-08-05 14:47:58,73.0,62.0,6.0,5.0
2021-08-05 14:47:59,84.0,72.0,5.0,7.0
2021-08-05 14:48:00,73.0,65.0,4.0,4.0
2021-08-05 14:48:01,77.0,72.0,2.0,3.0
2021-08-05 14:48:02,96.0,89.0,4.0,3.0
2021-08-05 14:48:03,80.0,64.0,10.0,6.0
2021-08-05 14:48:04,89.0,71.0,12.0,6.0
2021-08-05 14:48:05,78.0,63.0,10.0,5.0
2021-08-05 14:48:06,83.0,73.0,5.0,5.0
2021-08-05 14:48:07,90.0,73.0,8.0,9.0
2021-08-05 14:48:08,82.0,71.0,8.0,3.0
2021-08-05 14:48:09,77.0,71.0,4.0,2.0
2021-08-05 14:48:10,88.0,81.0,5.0,2.0
2021-08-05 14:48:11,86.0,76.0,4.0,6.0
2021-08-05 14:48:12,76.0,73.0,3.0,0.0
2021-08-05 14:48:13,78.0,67.0,8.0,3.0
2021-08-05 14:48:14,101.0,91.0,5.0,5.0
2021-08-05 14:48:15,79.0,69.0,5.0,5.0
2021-08-05 14:48:16,86.0,75.0,6.0,5.0
2021-08-05 14:48:17,86.0,72.0,12.0,2.0
2021-08-05 14:48:18,74.0,60.0,7.0,7.0
2021-08-05 14:48:19,85.0,73.0,5.0,7.0
2021-08-05 14:48:20,82.0,72.0,7.0,3.0
2021-08-05 14:48:21,86.0,79.0,6.0,1.0
2021-08-05 14:48:22,80.0,72.0,3.0,5.0
2021-08-05 14:48:23,81.0,71.0,7.0,3.0
2021-08-05 14:48:24,95.0,83.0,5.0,7.0
2021-08-05 14:48:25,83.0,77.0,3.0,3.0
2021-08-05 14:48:26,78.0,69.0,5.0,4.0
2021-08-05 14:48:27,90.0,82.0,6.0,2.0
2021-08-05 14:48:28,83.0,74.0,7.0,2.0
2021-08-05 14:48:29,78.0,70.0,6.0,2.0
2021-08-05 14:48:30,81.0,73.0,4.0,4.0
2021-08-05 14:48:31,91.0,74.0,6.0,11.0
2021-08-05 14:48:32,97.0,82.0,9.0,6.0
2021-08-05 14:48:33,79.0,70.0,6.0,3.0
2021-08-05 14:48:34,90.0,76.0,8.0,6.0
2021-08-05 14:48:35,82.0,69.0,6.0,7.0
2021-08-05 14:48:36,82.0,70.0,7.0,5.0
2021-08-05 14:48:37,81.0,71.0,7.0,3.0
2021-08-05 14:48:38,81.0,73.0,6.0,2.0
2021-08-05 14:48:39,88.0,77.0,7.0,4.0
2021-08-05 14:48:40,65.0,61.0,4.0,0.0
2021-08-05 14:48:41,79.0,68.0,8.0,3.0
2021-08-05 14:48:42,76.0,64.0,7.0,5.0
2021-08-05 14:48:43,73.0,66.0,4.0,3.0
2021-08-05 14:48:44,83.0,73.0,5.0,5.0
2021-08-05 14:48:45,65.0,58.0,4.0,3.0
2021-08-05 14:48:46,100.0,88.0,7.0,5.0
2021-08-05 14:48:47,86.0,76.0,6.0,4.0
2021-08-05 14:48:48,72.0,56.0,11.0,5.0
2021-08-05 14:48:49,89.0,76.0,9.0,4.0
2021-08-05 14:48:50,63.0,56.0,6.0,1.0
2021-08-05 14:48:51,87.0,78.0,7.0,2.0
2021-08-05 14:48:52,75.0,62.0,11.0,2.0
2021-08-05 14:48:53,73.0,70.0,2.0,1.0
2021-08-05 14:48:54,88.0,77.0,7.0,4.0
2021-08-05 14:48:55,75.0,59.0,9.0,7.0
2021-08-05 14:48:56,79.0,68.0,7.0,4.0
2021-08-05 14:48:57,77.0,66.0,7.0,4.0
2021-08-05 14:48:58,94.0,79.0,10.0,5.0
2021-08-05 14:48:59,68.0,60.0,5.0,3.0
2021-08-05 14:49:00,97.0,83.0,10.0,4.0
2021-08-05 14:49:01,74.0,64.0,4.0,6.0
2021-08-05 14:49:02,76.0,66.0,5.0,5.0
2021-08-05 14:49:03,87.0,79.0,5.0,3.0
2021-08-05 14:49:04,79.0,72.0,4.0,3.0
2021-08-05 14:49:05,72.0,60.0,8.0,4.0
2021-08-05 14:49:06,98.0,89.0,4.0,5.0
2021-08-05 14:49:07,77.0,64.0,7.0,6.0
2021-08-05 14:49:08,75.0,69.0,4.0,2.0
2021-08-05 14:49:09,76.0,68.0,5.0,3.0
2021-08-05 14:49:10,67.0,58.0,5.0,4.0
2021-08-05 14:49:11,79.0,73.0,1.0,5.0
2021-08-05 14:49:12,78.0,71.0,4.0,3.0
2021-08-05 14:49:13,87.0,76.0,8.0,3.0
2021-08-05 14:49:14,83.0,71.0,10.0,2.0
2021-08-05 14:49:15,86.0,74.0,5.0,7.0
2021-08-05 14:49:16,80.0,71.0,7.0,2.0
2021-08-05 14:49:17,91.0,82.0,3.0,6.0
2021-08-05 14:49:18,66.0,57.0,5.0,4.0
2021-08-05 14:49:19,101.0,87.0,7.0,7.0
2021-08-05 14:49:20,76.0,65.0,6.0,5.0
2021-08-05 14:49:21,88.0,77.0,5.0,6.0
2021-08-05 14:49:22,77.0,65.0,7.0,5.0
2021-08-05 14:49:23,84.0,74.0,7.0,3.0
2021-08-05 14:49:24,71.0,64.0,4.0,3.0
2021-08-05 14:49:25,71.0,62.0,7.0,2.0
2021-08-05 14:49:26,72.0,67.0,4.0,1.0
2021-08-05 14:49:27,97.0,85.0,6.0,6.0
2021-08-05 14:49:28,63.0,53.0,3.0,7.0
2021-08-05 14:49:29,58.0,52.0,3.0,3.0
2021-08-05 14:49:30,60.0,52.0,5.0,3.0
2021-08-05 14:49:31,77.0,67.0,6.0,4.0
2021-08-05 14:49:32,88.0,78.0,7.0,3.0
2021-08-05 14:49:33,74.0,62.0,6.0,6.0
2021-08-05 14:49:34,77.0,68.0,4.0,5.0
2021-08-05 14:49:35,90.0,82.0,5.0,3.0
2021-08-05 14:49:36,83.0,77.0,4.0,2.0
2021-08-05 14:49:37,80.0,73.0,6.0,1.0
2021-08-05 14:49:38,69.0,61.0,4.0,4.0
2021-08-05 14:49:39,79.0,74.0,1.0,4.0
2021-08-05 14:49:40,66.0,56.0,4.0,6.0
2021-08-05 14:49:41,67.0,62.0,0.0,5.0
2021-08-05 14:49:42,68.0,65.0,2.0,1.0
2021-08-05 14:49:43,94.0,87.0,4.0,3.0
2021-08-05 14:49:44,84.0,75.0,5.0,4.0
2021-08-05 14:49:45,64.0,53.0,7.0,4.0
2021-08-05 14:49:46,69.0,58.0,8.0,3.0
2021-08-05 14:49:47,76.0,68.0,5.0,3.0
2021-08-05 14:49:48,75.0,64.0,5.0,6.0
2021-08-05 14:49:49,75.0,67.0,6.0,2.0
2021-08-05 14:49:50,73.0,62.0,5.0,6.0
2021-08-05 14:49:51,80.0,70.0,6.0,4.0
2021-08-05 14:49:52,76.0,66.0,4.0,6.0
2021-08-05 14:49:53,80.0,65.0,7.0,8.0
2021-08-05 14:49:54,60.0,50.0,6.0,4.0
2021-08-05 14:49:55,79.0,69.0,4.0,6.0
2021-08-05 14:49:56,72.0,60.0,10.0,2.0
2021-08-05 14:49:57,88.0,71.0,10.0,7.0
2021-08-05 14:49:58,96.0,80.0,9.0,7.0
2021-08-05 14:49:59,64.0,55.0,7.0,2.0
2021-08-05 14:50:00,85.0,76.0,5.0,4.0
2021-08-05 14:50:01,87.0,74.0,7.0,6.0
2021-08-05 14:50:02,85.0,70.0,8.0,7.0
2021-08-05 14:50:03,76.0,66.0,5.0,5.0
2021-08-05 14:50:04,78.0,69.0,6.0,3.0
2021-08-05 14:50:05,71.0,59.0,4.0,8.0
2021-08-05 14:50:06,98.0,87.0,7.0,4.0
2021-08-05 14:50:07,83.0,67.0,11.0,5.0
2021-08-05 14:50:08,65.0,59.0,4.0,2.0
2021-08-05 14:50:09,86.0,75.0,5.0,6.0
2021-08-05 14:50:10,63.0,51.0,4.0,8.0
2021-08-05 14:50:11,74.0,60.0,9.0,5.0
2021-08-05 14:50:12,82.0,69.0,11.0,2.0
2021-08-05 14:50:13,80.0,71.0,6.0,3.0
2021-08-05 14:50:14,83.0,72.0,11.0,0.0
2021-08-05 14:50:15,89.0,78.0,8.0,3.0
2021-08-05 14:50:16,88.0,79.0,4.0,5.0
2021-08-05 14:50:17,85.0,67.0,10.0,8.0
2021-08-05 14:50:18,70.0,63.0,4.0,3.0
2021-08-05 14:50:19,79.0,67.0,8.0,4.0
2021-08-05 14:50:20,99.0,81.0,13.0,5.0
2021-08-05 14:50:21,71.0,58.0,9.0,4.0
2021-08-05 14:50:22,84.0,77.0,5.0,2.0
2021-08-05 14:50:23,75.0,66.0,5.0,4.0
2021-08-05 14:50:24,90.0,81.0,6.0,3.0
2021-08-05 14:50:25,81.0,71.0,6.0,4.0
2021-08-05 14:50:26,87.0,75.0,8.0,4.0
2021-08-05 14:50:27,94.0,79.0,6.0,9.0
2021-08-05 14:50:28,88.0,78.0,7.0,3.0
2021-08-05 14:50:29,69.0,63.0,4.0,2.0
2021-08-05 14:50:30,70.0,61.0,6.0,3.0
2021-08-05 14:50:31,90.0,83.0,4.0,3.0
2021-08-05 14:50:32,92.0,83.0,3.0,6.0
2021-08-05 14:50:33,86.0,77.0,6.0,3.0
2021-08-05 14:50:34,85.0,76.0,5.0,4.0
2021-08-05 14:50:35,83.0,77.0,5.0,1.0
2021-08-05 14:50:36,70.0,62.0,5.0,3.0
2021-08-05 14:50:37,83.0,68.0,8.0,7.0
2021-08-05 14:50:38,84.0,71.0,9.0,4.0
2021-08-05 14:50:39,73.0,63.0,7.0,3.0
2021-08-05 14:50:40,81.0,72.0,7.0,2.0
2021-08-05 14:50:41,74.0,59.0,9.0,6.0
2021-08-05 14:50:42,86.0,77.0,8.0,1.0
2021-08-05 14:50:43,76.0,65.0,7.0,4.0
2021-08-05 14:50:44,87.0,81.0,3.0,3.0
2021-08-05 14:50:45,78.0,69.0,8.0,1.0
2021-08-05 14:50:46,66.0,56.0,6.0,4.0
2021-08-05 14:50:47,79.0,69.0,4.0,6.0
2021-08-05 14:50:48,68.0,63.0,3.0,2.0
2021-08-05 14:50:49,73.0,65.0,5.0,3.0
2021-08-05 14:50:50,88.0,75.0,7.0,6.0
2021-08-05 14:50:51,70.0,63.0,3.0,4.0
2021-08-05 14:50:52,73.0,60.0,9.0,4.0
2021-08-05 14:50:53,82.0,71.0,9.0,2.0
2021-08-05 14:50:54,78.0,68.0,7.0,3.0
2021-08-05 14:50:55,97.0,83.0,9.0,5.0
2021-08-05 14:50:56,80.0,68.0,6.0,6.0
2021-08-05 14:50:57,84.0,71.0,7.0,6.0
2021-08-05 14:50:58,75.0,64.0,8.0,3.0
2021-08-05 14:50:59,79.0,71.0,8.0,0.0
2021-08-05 14:51:00,90.0,85.0,4.0,1.0
2021-08-05 14:51:01,85.0,72.0,6.0,7.0
2021-08-05 14:51:02,78.0,72.0,5.0,1.0
2021-08-05 14:51:03,93.0,78.0,7.0,8.0
2021-08-05 14:51:04,103.0,95.0,4.0,4.0
2021-08-05 14:51:05,73.0,64.0,7.0,2.0
2021-08-05 14:51:06,78.0,64.0,10.0,4.0
2021-08-05 14:51:07,85.0,76.0,5.0,4.0
2021-08-05 14:51:08,90.0,77.0,6.0,7.0
2021-08-05 14:51:09,77.0,66.0,6.0,5.0
2021-08-05 14:51:10,75.0,66.0,4.0,5.0
2021-08-05 14:51:11,71.0,66.0,5.0,0.0
2021-08-05 14:51:12,86.0,79.0,4.0,3.0
2021-08-05 14:51:13,88.0,83.0,3.0,2.0
2021-08-05 14:51:14,78.0,66.0,7.0,5.0
2021-08-05 14:51:15,87.0,77.0,7.0,3.0
2021-08-05 14:51:16,78.0,64.0,8.0,6.0
2021-08-05 14:51:17,86.0,76.0,5.0,5.0
2021-08-05 14:51:18,68.0,62.0,4.0,2.0
2021-08-05 14:51:19,85.0,75.0,7.0,3.0
2021-08-05 14:51:20,92.0,82.0,4.0,6.0
2021-08-05 14:51:21,74.0,68.0,6.0,0.0
2021-08-05 14:51:22,89.0,79.0,4.0,6.0
2021-08-05 14:51:23,82.0,78.0,2.0,2.0
2021-08-05 14:51:24,81.0,69.0,7.0,5.0
2021-08-05 14:51:25,80.0,70.0,6.0,4.0
2021-08-05 14:51:26,82.0,70.0,5.0,7.0
2021-08-05 14:51:27,79.0,70.0,4.0,5.0
2021-08-05 14:51:28,88.0,82.0,2.0,4.0
2021-08-05 14:51:29,71.0,63.0,8.0,0.0
2021-08-05 14:51:30,69.0,56.0,8.0,5.0
2021-08-05 14:51:31,83.0,76.0,5.0,2.0
2021-08-05 14:51:32,70.0,64.0,2.0,4.0
2021-08-05 14:51:33,68.0,59.0,9.0,0.0
2021-08-05 14:51:34,96.0,85.0,5.0,6.0
2021-08-05 14:51:35,89.0,82.0,5.0,2.0
2021-08-05 14:51:36,74.0,67.0,5.0,2.0
2021-08-05 14:51:37,56.0,47.0,4.0,5.0
2021-08-05 14:51:38,69.0,61.0,3.0,5.0
2021-08-05 14:51:39,76.0,63.0,8.0,5.0
2021-08-05 14:51:40,77.0,67.0,6.0,4.0
2021-08-05 14:51:41,71.0,63.0,3.0,5.0
2021-08-05 14:51:42,70.0,53.0,7.0,10.0
2021-08-05 14:51:43,67.0,58.0,7.0,2.0
2021-08-05 14:51:44,79.0,69.0,7.0,3.0
2021-08-05 14:51:45,93.0,84.0,7.0,2.0
2021-08-05 14:51:46,72.0,57.0,9.0,6.0
2021-08-05 14:51:47,77.0,74.0,2.0,1.0
2021-08-05 14:51:48,77.0,63.0,11.0,3.0
2021-08-05 14:51:49,99.0,89.0,9.0,1.0
2021-08-05 14:51:50,82.0,72.0,6.0,4.0
2021-08-05 14:51:51,76.0,60.0,12.0,4.0
2021-08-05 14:51:52,83.0,73.0,7.0,3.0
2021-08-05 14:51:53,91.0,81.0,3.0,7.0
2021-08-05 14:51:54,73.0,67.0,4.0,2.0
2021-08-05 14:51:55,77.0,64.0,6.0,7.0
2021-08-05 14:51:56,73.0,67.0,4.0,2.0
2021-08-05 14:51:57,73.0,69.0,3.0,1.0
2021-08-05 14:51:58,85.0,74.0,7.0,4.0
2021-08-05 14:51:59,74.0,67.0,6.0,1.0
2021-08-05 14:52:00,96.0,78.0,7.0,11.0
2021-08-05 14:52:01,83.0,69.0,10.0,4.0
2021-08-05 14:52:02,83.0,73.0,4.0,6.0
2021-08-05 14:52:03,78.0,66.0,7.0,5.0
2021-08-05 14:52:04,90.0,77.0,11.0,2.0
2021-08-05 14:52:05,71.0,64.0,4.0,3.0
2021-08-05 14:52:06,75.0,65.0,7.0,3.0
2021-08-05 14:52:07,88.0,76.0,8.0,4.0
2021-08-05 14:52:08,73.0,63.0,6.0,4.0
2021-08-05 14:52:09,78.0,67.0,8.0,3.0
2021-08-05 14:52:10,76.0,64.0,8.0,4.0
2021-08-05 14:52:11,72.0,65.0,6.0,1.0
2021-08-05 14:52:12,75.0,66.0,5.0,4.0
2021-08-05 14:52:13,74.0,70.0,1.0,3.0
2021-08-05 14:52:14,80.0,71.0,4.0,5.0
2021-08-05 14:52:15,81.0,73.0,5.0,3.0
2021-08-05 14:52:16,84.0,65.0,9.0,10.0
2021-08-05 14:52:17,72.0,57.0,12.0,3.0
2021-08-05 14:52:18,81.0,65.0,11.0,5.0
2021-08-05 14:52:19,79.0,67.0,4.0,8.0
2021-08-05 14:52:20,67.0,53.0,8.0,6.0
2021-08-05 14:52:21,92.0,82.0,8.0,2.0
2021-08-05 14:52:22,92.0,84.0,5.0,3.0
2021-08-05 14:52:23,78.0,69.0,5.0,4.0
2021-08-05 14:52:24,96.0,82.0,9.0,5.0
2021-08-05 14:52:25,70.0,58.0,8.0,4.0
2021-08-05 14:52:26,67.0,62.0,4.0,1.0
2021-08-05 14:52:27,63.0,56.0,6.0,1.0
2021-08-05 14:52:28,69.0,57.0,6.0,6.0
2021-08-05 14:52:29,76.0,69.0,7.0,0.0
2021-08-05 14:52:30,71.0,65.0,5.0,1.0
2021-08-05 14:52:31,90.0,77.0,8.0,5.0
2021-08-05 14:52:32,82.0,73.0,5.0,4.0
2021-08-05 14:52:33,90.0,75.0,7.0,8.0
2021-08-05 14:52:34,80.0,72.0,5.0,3.0
2021-08-05 14:52:35,71.0,63.0,6.0,2.0
2021-08-05 14:52:36,89.0,78.0,9.0,2.0
2021-08-05 14:52:37,70.0,60.0,7.0,3.0
2021-08-05 14:52:38,78.0,71.0,2.0,5.0
2021-08-05 14:52:39,67.0,57.0,8.0,2.0
2021-08-05 14:52:40,68.0,61.0,3.0,4.0
2021-08-05 14:52:41,71.0,60.0,6.0,5.0
2021-08-05 14:52:42,74.0,59.0,7.0,8.0
2021-08-05 14:52:43,75.0,66.0,3.0,6.0
2021-08-05 14:52:44,80.0,73.0,6.0,1.0
2021-08-05 14:52:45,66.0,57.0,7.0,2.0
2021-08-05 14:52:46,88.0,77.0,7.0,4.0
2021-08-05 14:52:47,65.0,60.0,2.0,3.0
2021-08-05 14:52:48,67.0,63.0,2.0,2.0
2021-08-05 14:52:49,70.0,65.0,2.0,3.0
2021-08-05 14:52:50,90.0,76.0,12.0,2.0
2021-08-05 14:52:51,87.0,74.0,9.0,4.0
2021-08-05 14:52:52,101.0,87.0,11.0,3.0
2021-08-05 14:52:53,92.0,80.0,6.0,6.0
2021-08-05 14:52:54,80.0,73.0,4.0,3.0
2021-08-05 14:52:55,83.0,75.0,6.0,2.0
2021-08-05 14:52:56,68.0,61.0,5.0,2.0
2021-08-05 14:52:57,84.0,72.0,5.0,7.0
2021-08-05 14:52:58,72.0,57.0,7.0,8.0
2021-08-05 14:52:59,80.0,72.0,4.0,4.0
2021-08-05 14:53:00,88.0,79.0,6.0,3.0
2021-08-05 14:53:01,76.0,69.0,5.0,2.0
2021-08-05 14:53:02,73.0,64.0,7.0,2.0
2021-08-05 14:53:03,84.0,68.0,9.0,7.0
2021-08-05 14:53:04,80.0,72.0,3.0,5.0
2021-08-05 14:53:05,77.0,64.0,7.0,6.0
2021-08-05 14:53:06,79.0,67.0,9.0,3.0
2021-08-05 14:53:07,72.0,59.0,10.0,3.0
2021-08-05 14:53:08,83.0,73.0,7.0,3.0
2021-08-05 14:53:09,84.0,76.0,4.0,4.0
2021-08-05 14:53:10,77.0,66.0,8.0,3.0
2021-08-05 14:53:11,74.0,64.0,6.0,4.0
2021-08-05 14:53:12,82.0,70.0,8.0,4.0
2021-08-05 14:53:13,70.0,60.0,6.0,4.0
2021-08-05 14:53:14,66.0,57.0,5.0,4.0
2021-08-05 14:53:15,76.0,62.0,7.0,7.0
2021-08-05 14:53:16,72.0,63.0,8.0,1.0
2021-08-05 14:53:17,77.0,66.0,7.0,4.0
2021-08-05 14:53:18,81.0,73.0,3.0,5.0
2021-08-05 14:53:19,79.0,68.0,8.0,3.0
2021-08-05 14:53:20,94.0,83.0,7.0,4.0
2021-08-05 14:53:21,94.0,83.0,6.0,5.0
2021-08-05 14:53:22,72.0,66.0,5.0,1.0
2021-08-05 14:53:23,90.0,80.0,9.0,1.0
2021-08-05 14:53:24,87.0,79.0,5.0,3.0
2021-08-05 14:53:25,84.0,74.0,6.0,4.0
2021-08-05 14:53:26,68.0,60.0,5.0,3.0
2021-08-05 14:53:27,96.0,82.0,8.0,6.0
2021-08-05 14:53:28,70.0,56.0,8.0,6.0
2021-08-05 14:53:29,74.0,67.0,5.0,2.0
2021-08-05 14:53:30,67.0,54.0,8.0,5.0
2021-08-05 14:53:31,85.0,72.0,10.0,3.0
2021-08-05 14:53:32,77.0,64.0,5.0,8.0
2021-08-05 14:53:33,78.0,68.0,5.0,5.0
2021-08-05 14:53:34,85.0,73.0,8.0,4.0
2021-08-05 14:53:35,71.0,57.0,9.0,5.0
2021-08-05 14:53:36,93.0,80.0,11.0,2.0
2021-08-05 14:53:37,93.0,78.0,7.0,8.0
2021-08-05 14:53:38,78.0,71.0,5.0,2.0
2021-08-05 14:53:39,77.0,66.0,2.0,9.0
2021-08-05 14:53:40,76.0,69.0,5.0,2.0
2021-08-05 14:53:41,78.0,68.0,6.0,4.0
2021-08-05 14:53:42,90.0,81.0,5.0,4.0
2021-08-05 14:53:43,87.0,76.0,7.0,4.0
2021-08-05 14:53:44,79.0,68.0,2.0,9.0
2021-08-05 14:53:45,87.0,74.0,8.0,5.0
2021-08-05 14:53:46,97.0,76.0,12.0,9.0
2021-08-05 14:53:47,79.0,70.0,5.0,4.0
2021-08-05 14:53:48,68.0,58.0,5.0,5.0
2021-08-05 14:53:49,81.0,68.0,7.0,6.0
2021-08-05 14:53:50,98.0,86.0,8.0,4.0
2021-08-05 14:53:51,89.0,80.0,5.0,4.0
2021-08-05 14:53:52,82.0,71.0,3.0,8.0
2021-08-05 14:53:53,72.0,60.0,5.0,7.0
2021-08-05 14:53:54,92.0,78.0,9.0,5.0
2021-08-05 14:53:55,76.0,66.0,3.0,7.0
2021-08-05 14:53:56,77.0,69.0,6.0,2.0
2021-08-05 14:53:57,89.0,73.0,12.0,4.0
2021-08-05 14:53:58,89.0,81.0,4.0,4.0
2021-08-05 14:53:59,83.0,72.0,7.0,4.0
2021-08-05 14:54:00,75.0,63.0,6.0,6.0
2021-08-05 14:54:01,84.0,75.0,6.0,3.0
2021-08-05 14:54:02,91.0,80.0,8.0,3.0
2021-08-05 14:54:03,78.0,68.0,6.0,4.0
2021-08-05 14:54:04,68.0,56.0,7.0,5.0
2021-08-05 14:54:05,81.0,76.0,4.0,1.0
2021-08-05 14:54:06,70.0,64.0,4.0,2.0
2021-08-05 14:54:07,67.0,57.0,5.0,5.0
2021-08-05 14:54:08,94.0,82.0,7.0,5.0
2021-08-05 14:54:09,94.0,79.0,11.0,4.0
2021-08-05 14:54:10,81.0,65.0,8.0,8.0
2021-08-05 14:54:11,85.0,79.0,5.0,1.0
2021-08-05 14:54:12,80.0,70.0,5.0,5.0
2021-08-05 14:54:13,91.0,76.0,8.0,7.0
2021-08-05 14:54:14,80.0,73.0,2.0,5.0
2021-08-05 14:54:15,75.0,60.0,13.0,2.0
2021-08-05 14:54:16,94.0,80.0,6.0,8.0
2021-08-05 14:54:17,85.0,73.0,8.0,4.0
2021-08-05 14:54:18,76.0,71.0,4.0,1.0
2021-08-05 14:54:19,89.0,78.0,10.0,1.0
2021-08-05 14:54:20,78.0,67.0,4.0,7.0
2021-08-05 14:54:21,83.0,71.0,11.0,1.0
2021-08-05 14:54:22,73.0,65.0,5.0,3.0
2021-08-05 14:54:23,90.0,79.0,5.0,6.0
2021-08-05 14:54:24,91.0,79.0,6.0,6.0
2021-08-05 14:54:25,79.0,69.0,4.0,6.0
2021-08-05 14:54:26,77.0,67.0,7.0,3.0
2021-08-05 14:54:27,66.0,58.0,7.0,1.0
2021-08-05 14:54:28,88.0,78.0,7.0,3.0
2021-08-05 14:54:29,74.0,63.0,6.0,5.0
2021-08-05 14:54:30,90.0,76.0,9.0,5.0
2021-08-05 14:54:31,92.0,85.0,5.0,2.0
2021-08-05 14:54:32,69.0,62.0,6.0,1.0
2021-08-05 14:54:33,88.0,75.0,7.0,6.0
2021-08-05 14:54:34,79.0,71.0,5.0,3.0
2021-08-05 14:54:35,81.0,72.0,5.0,4.0
2021-08-05 14:54:36,86.0,71.0,10.0,5.0
2021-08-05 14:54:37,85.0,76.0,5.0,4.0
2021-08-05 14:54:38,80.0,75.0,4.0,1.0
2021-08-05 14:54:39,74.0,64.0,6.0,4.0
2021-08-05 14:54:40,94.0,83.0,7.0,4.0
2021-08-05 14:54:41,77.0,64.0,9.0,4.0
2021-08-05 14:54:42,85.0,73.0,8.0,4.0
2021-08-05 14:54:43,82.0,72.0,5.0,5.0
2021-08-05 14:54:44,85.0,78.0,1.0,6.0
2021-08-05 14:54:45,84.0,70.0,7.0,7.0
2021-08-05 14:54:46,76.0,68.0,8.0,0.0
2021-08-05 14:54:47,68.0,60.0,3.0,5.0
2021-08-05 14:54:48,80.0,67.0,7.0,6.0
2021-08-05 14:54:49,71.0,57.0,8.0,6.0
2021-08-05 14:54:50,90.0,80.0,7.0,3.0
2021-08-05 14:54:51,80.0,69.0,8.0,3.0
2021-08-05 14:54:52,88.0,73.0,8.0,7.0
2021-08-05 14:54:53,91.0,87.0,0.0,4.0
2021-08-05 14:54:54,64.0,53.0,8.0,3.0
2021-08-05 14:54:55,77.0,69.0,3.0,5.0
2021-08-05 14:54:56,74.0,66.0,5.0,3.0
2021-08-05 14:54:57,88.0,71.0,12.0,5.0
2021-08-05 14:54:58,85.0,79.0,5.0,1.0
2021-08-05 14:54:59,71.0,59.0,9.0,3.0
2021-08-05 14:55:00,79.0,68.0,5.0,6.0
2021-08-05 14:55:01,80.0,69.0,8.0,3.0
2021-08-05 14:55:02,89.0,81.0,5.0,3.0
2021-08-05 14:55:03,85.0,75.0,9.0,1.0
2021-08-05 14:55:04,80.0,64.0,8.0,8.0
2021-08-05 14:55:05,85.0,76.0,7.0,2.0
2021-08-05 14:55:06,84.0,73.0,7.0,4.0
2021-08-05 14:55:07,71.0,67.0,2.0,2.0
2021-08-05 14:55:08,85.0,80.0,2.0,3.0
2021-08-05 14:55:09,84.0,74.0,7.0,3.0
2021-08-05 14:55:10,99.0,90.0,4.0,5.0
2021-08-05 14:55:11,79.0,65.0,7.0,7.0
2021-08-05 14:55:12,84.0,74.0,4.0,6.0
2021-08-05 14:55:13,75.0,60.0,8.0,7.0
2021-08-05 14:55:14,67.0,56.0,5.0,6.0
2021-08-05 14:55:15,65.0,60.0,2.0,3.0
2021-08-05 14:55:16,71.0,62.0,6.0,3.0
2021-08-05 14:55:17,90.0,81.0,5.0,4.0
2021-08-05 14:55:18,71.0,60.0,8.0,3.0
2021-08-05 14:55:19,73.0,63.0,6.0,4.0
2021-08-05 14:55:20,91.0,77.0,10.0,4.0
2021-08-05 14:55:21,86.0,77.0,5.0,4.0
2021-08-05 14:55:22,91.0,78.0,9.0,4.0
2021-08-05 14:55:23,84.0,72.0,9.0,3.0
2021-08-05 14:55:24,73.0,63.0,8.0,2.0
2021-08-05 14:55:25,86.0,79.0,3.0,4.0
2021-08-05 14:55:26,80.0,69.0,4.0,7.0
2021-08-05 14:55:27,89.0,74.0,11.0,4.0
2021-08-05 14:55:28,82.0,69.0,9.0,4.0
2021-08-05 14:55:29,84.0,78.0,5.0,1.0
2021-08-05 14:55:30,62.0,52.0,6.0,4.0
2021-08-05 14:55:31,90.0,80.0,5.0,5.0
2021-08-05 14:55:32,80.0,69.0,7.0,4.0
2021-08-05 14:55:33,83.0,66.0,6.0,11.0
2021-08-05 14:55:34,83.0,73.0,4.0,6.0
2021-08-05 14:55:35,69.0,63.0,6.0,0.0
2021-08-05 14:55:36,93.0,82.0,8.0,3.0
2021-08-05 14:55:37,82.0,72.0,6.0,4.0
2021-08-05 14:55:38,79.0,74.0,4.0,1.0
2021-08-05 14:55:39,89.0,78.0,4.0,7.0
2021-08-05 14:55:40,84.0,68.0,10.0,6.0
2021-08-05 14:55:41,79.0,65.0,8.0,6.0
2021-08-05 14:55:42,87.0,75.0,8.0,4.0
2021-08-05 14:55:43,72.0,65.0,3.0,4.0
2021-08-05 14:55:44,77.0,64.0,9.0,4.0
2021-08-05 14:55:45,92.0,84.0,5.0,3.0
2021-08-05 14:55:46,88.0,77.0,9.0,2.0
2021-08-05 14:55:47,87.0,76.0,5.0,6.0
2021-08-05 14:55:48,82.0,72.0,8.0,2.0
2021-08-05 14:55:49,75.0,70.0,1.0,4.0
2021-08-05 14:55:50,76.0,64.0,5.0,7.0
2021-08-05 14:55:51,84.0,71.0,11.0,2.0
2021-08-05 14:55:52,67.0,57.0,8.0,2.0
2021-08-05 14:55:53,79.0,68.0,8.0,3.0
2021-08-05 14:55:54,84.0,74.0,7.0,3.0
2021-08-05 14:55:55,79.0,72.0,4.0,3.0
2021-08-05 14:55:56,86.0,77.0,7.0,2.0
2021-08-05 14:55:57,64.0,52.0,6.0,6.0
2021-08-05 14:55:58,79.0,69.0,4.0,6.0
2021-08-05 14:55:59,73.0,62.0,9.0,2.0
2021-08-05 14:56:00,67.0,57.0,3.0,7.0
2021-08-05 14:56:01,89.0,75.0,11.0,3.0
2021-08-05 14:56:02,68.0,58.0,9.0,1.0
2021-08-05 14:56:03,91.0,81.0,7.0,3.0
2021-08-05 14:56:04,92.0,81.0,6.0,5.0
2021-08-05 14:56:05,82.0,63.0,14.0,5.0
2021-08-05 14:56:06,58.0,53.0,2.0,3.0
2021-08-05 14:56:07,69.0,65.0,2.0,2.0
2021-08-05 14:56:08,74.0,66.0,5.0,3.0
2021-08-05 14:56:09,72.0,64.0,3.0,5.0
2021-08-05 14:56:10,85.0,76.0,7.0,2.0
2021-08-05 14:56:11,81.0,70.0,8.0,3.0
2021-08-05 14:56:12,74.0,65.0,5.0,4.0
2021-08-05 14:56:13,76.0,64.0,7.0,5.0
2021-08-05 14:56:14,80.0,70.0,6.0,4.0
2021-08-05 14:56:15,78.0,74.0,2.0,2.0
2021-08-05 14:56:16,97.0,85.0,8.0,4.0
2021-08-05 14:56:17,80.0,67.0,6.0,7.0
2021-08-05 14:56:18,82.0,71.0,8.0,3.0
2021-08-05 14:56:19,83.0,74.0,8.0,1.0
2021-08-05 14:56:20,101.0,90.0,4.0,7.0
2021-08-05 14:56:21,76.0,63.0,8.0,5.0
2021-08-05 14:56:22,70.0,61.0,4.0,5.0
2021-08-05 14:56:23,73.0,62.0,6.0,5.0
2021-08-05 14:56:24,74.0,68.0,3.0,3.0
2021-08-05 14:56:25,94.0,79.0,7.0,8.0
2021-08-05 14:56:26,79.0,61.0,11.0,7.0
2021-08-05 14:56:27,77.0,64.0,6.0,7.0
2021-08-05 14:56:28,77.0,70.0,4.0,3.0
2021-08-05 14:56:29,72.0,59.0,7.0,6.0
2021-08-05 14:56:30,94.0,82.0,7.0,5.0
2021-08-05 14:56:31,89.0,78.0,6.0,5.0
2021-08-05 14:56:32,64.0,52.0,7.0,5.0
2021-08-05 14:56:33,102.0,87.0,11.0,4.0
2021-08-05 14:56:34,73.0,68.0,2.0,3.0
2021-08-05 14:56:35,82.0,72.0,4.0,6.0
2021-08-05 14:56:36,77.0,70.0,5.0,2.0
2021-08-05 14:56:37,65.0,55.0,5.0,5.0
2021-08-05 14:56:38,85.0,69.0,8.0,8.0
2021-08-05 14:56:39,92.0,82.0,6.0,4.0
2021-08-05 14:56:40,71.0,61.0,8.0,2.0
2021-08-05 14:56:41,78.0,70.0,6.0,2.0
2021-08-05 14:56:42,79.0,68.0,8.0,3.0
2021-08-05 14:56:43,67.0,57.0,5.0,5.0
2021-08-05 14:56:44,74.0,60.0,8.0,6.0
2021-08-05 14:56:45,78.0,70.0,6.0,2.0
2021-08-05 14:56:46,78.0,66.0,5.0,7.0
2021-08-05 14:56:47,91.0,70.0,13.0,8.0
2021-08-05 14:56:48,96.0,85.0,8.0,3.0
2021-08-05 14:56:49,83.0,77.0,3.0,3.0
2021-08-05 14:56:50,85.0,74.0,7.0,4.0
2021-08-05 14:56:51,78.0,67.0,5.0,6.0
2021-08-05 14:56:52,82.0,72.0,6.0,4.0
2021-08-05 14:56:53,85.0,72.0,6.0,7.0
2021-08-05 14:56:54,73.0,63.0,8.0,2.0
2021-08-05 14:56:55,90.0,77.0,7.0,6.0
2021-08-05 14:56:56,74.0,62.0,10.0,2.0
2021-08-05 14:56:57,82.0,68.0,6.0,8.0
2021-08-05 14:56:58,94.0,83.0,9.0,2.0
2021-08-05 14:56:59,92.0,86.0,4.0,2.0
2021-08-05 14:57:00,88.0,75.0,7.0,6.0
2021-08-05 14:57:01,78.0,67.0,7.0,4.0
2021-08-05 14:57:02,92.0,80.0,10.0,2.0
2021-08-05 14:57:03,75.0,67.0,3.0,5.0
2021-08-05 14:57:04,82.0,73.0,6.0,3.0
2021-08-05 14:57:05,78.0,68.0,3.0,7.0
2021-08-05 14:57:06,71.0,59.0,7.0,5.0
2021-08-05 14:57:07,81.0,69.0,5.0,7.0
2021-08-05 14:57:08,79.0,69.0,4.0,6.0
2021-08-05 14:57:09,68.0,53.0,12.0,3.0
2021-08-05 14:57:10,84.0,70.0,7.0,7.0
2021-08-05 14:57:11,76.0,67.0,6.0,3.0
2021-08-05 14:57:12,61.0,51.0,6.0,4.0
2021-08-05 14:57:13,74.0,65.0,7.0,2.0
2021-08-05 14:57:14,73.0,62.0,7.0,4.0
2021-08-05 14:57:15,75.0,70.0,2.0,3.0
2021-08-05 14:57:16,69.0,62.0,5.0,2.0
2021-08-05 14:57:17,75.0,63.0,9.0,3.0
2021-08-05 14:57:18,77.0,65.0,5.0,7.0
2021-08-05 14:57:19,77.0,65.0,9.0,3.0
2021-08-05 14:57:20,83.0,74.0,7.0,2.0
2021-08-05 14:57:21,98.0,80.0,16.0,2.0
2021-08-05 14:57:22,79.0,72.0,3.0,4.0
2021-08-05 14:57:23,103.0,88.0,8.0,7.0
2021-08-05 14:57:24,79.0,75.0,3.0,1.0
2021-08-05 14:57:25,96.0,83.0,7.0,6.0
2021-08-05 14:57:26,82.0,74.0,6.0,2.0
2021-08-05 14:57:27,93.0,80.0,11.0,2.0
2021-08-05 14:57:28,88.0,73.0,9.0,6.0
2021-08-05 14:57:29,86.0,68.0,12.0,6.0
2021-08-05 14:57:30,71.0,64.0,4.0,3.0
2021-08-05 14:57:31,71.0,59.0,9.0,3.0
2021-08-05 14:57:32,90.0,79.0,9.0,2.0
2021-08-05 14:57:33,84.0,68.0,10.0,6.0
2021-08-05 14:57:34,68.0,62.0,5.0,1.0
2021-08-05 14:57:35,72.0,61.0,5.0,6.0
2021-08-05 14:57:36,85.0,75.0,6.0,4.0
2021-08-05 14:57:37,74.0,60.0,10.0,4.0
2021-08-05 14:57:38,76.0,62.0,10.0,4.0
2021-08-05 14:57:39,73.0,67.0,4.0,2.0
2021-08-05 14:57:40,62.0,50.0,10.0,2.0
2021-08-05 14:57:41,90.0,69.0,14.0,7.0
2021-08-05 14:57:42,86.0,70.0,8.0,8.0
2021-08-05 14:57:43,82.0,73.0,4.0,5.0
2021-08-05 14:57:44,81.0,67.0,11.0,3.0
2021-08-05 14:57:45,62.0,57.0,3.0,2.0
2021-08-05 14:57:46,73.0,62.0,7.0,4.0
2021-08-05 14:57:47,77.0,67.0,5.0,5.0
2021-08-05 14:57:48,63.0,57.0,3.0,3.0
2021-08-05 14:57:49,77.0,61.0,10.0,6.0
2021-08-05 14:57:50,76.0,64.0,9.0,3.0
2021-08-05 14:57:51,75.0,63.0,9.0,3.0
2021-08-05 14:57:52,74.0,63.0,8.0,3.0
2021-08-05 14:57:53,97.0,81.0,9.0,7.0
2021-08-05 14:57:54,86.0,75.0,10.0,1.0
2021-08-05 14:57:55,79.0,65.0,8.0,6.0
2021-08-05 14:57:56,82.0,72.0,4.0,6.0
2021-08-05 14:57:57,77.0,65.0,6.0,6.0
2021-08-05 14:57:58,69.0,61.0,5.0,3.0
2021-08-05 14:57:59,88.0,74.0,9.0,5.0
2021-08-05 14:58:00,75.0,58.0,7.0,10.0
2021-08-05 14:58:01,74.0,66.0,7.0,1.0
2021-08-05 14:58:02,70.0,64.0,5.0,1.0
2021-08-05 14:58:03,67.0,57.0,3.0,7.0
2021-08-05 14:58:04,67.0,57.0,6.0,4.0
2021-08-05 14:58:05,70.0,63.0,5.0,2.0
2021-08-05 14:58:06,85.0,74.0,7.0,4.0
2021-08-05 14:58:07,76.0,67.0,8.0,1.0
2021-08-05 14:58:08,85.0,77.0,4.0,4.0
2021-08-05 14:58:09,73.0,65.0,5.0,3.0
2021-08-05 14:58:10,85.0,72.0,7.0,6.0
2021-08-05 14:58:11,81.0,71.0,6.0,4.0
2021-08-05 14:58:12,63.0,56.0,5.0,2.0
2021-08-05 14:58:13,96.0,86.0,5.0,5.0
2021-08-05 14:58:14,72.0,65.0,4.0,3.0
2021-08-05 14:58:15,77.0,65.0,5.0,7.0
2021-08-05 14:58:16,104.0,89.0,8.0,7.0
2021-08-05 14:58:17,82.0,77.0,3.0,2.0
2021-08-05 14:58:18,61.0,57.0,3.0,1.0
2021-08-05 14:58:19,85.0,79.0,4.0,2.0
2021-08-05 14:58:20,60.0,52.0,6.0,2.0
2021-08-05 14:58:21,89.0,82.0,5.0,2.0
2021-08-05 14:58:22,63.0,58.0,1.0,4.0
2021-08-05 14:58:23,79.0,67.0,10.0,2.0
2021-08-05 14:58:24,79.0,68.0,6.0,5.0
2021-08-05 14:58:25,79.0,68.0,4.0,7.0
2021-08-05 14:58:26,80.0,68.0,9.0,3.0
2021-08-05 14:58:27,86.0,70.0,7.0,9.0
2021-08-05 14:58:28,71.0,56.0,11.0,4.0
2021-08-05 14:58:29,88.0,69.0,8.0,11.0
2021-08-05 14:58:30,79.0,73.0,4.0,2.0
2021-08-05 14:58:31,88.0,77.0,8.0,3.0
2021-08-05 14:58:32,85.0,71.0,7.0,7.0
2021-08-05 14:58:33,79.0,68.0,8.0,3.0
2021-08-05 14:58:34,84.0,69.0,11.0,4.0
2021-08-05 14:58:35,77.0,68.0,5.0,4.0
2021-08-05 14:58:36,72.0,63.0,7.0,2.0
2021-08-05 14:58:37,76.0,65.0,9.0,2.0
2021-08-05 14:58:38,82.0,69.0,6.0,7.0
2021-08-05 14:58:39,85.0,78.0,4.0,3.0
2021-08-05 14:58:40,100.0,84.0,5.0,11.0
2021-08-05 14:58:41,89.0,74.0,10.0,5.0
2021-08-05 14:58:42,82.0,73.0,8.0,1.0
2021-08-05 14:58:43,97.0,77.0,14.0,6.0
2021-08-05 14:58:44,88.0,73.0,5.0,10.0
2021-08-05 14:58:45,69.0,60.0,8.0,1.0
2021-08-05 14:58:46,80.0,74.0,3.0,3.0
2021-08-05 14:58:47,70.0,58.0,6.0,6.0
2021-08-05 14:58:48,77.0,68.0,7.0,2.0
2021-08-05 14:58:49,95.0,83.0,8.0,4.0
2021-08-05 14:58:50,81.0,71.0,4.0,6.0
2021-08-05 14:58:51,71.0,61.0,5.0,5.0
2021-08-05 14:58:52,83.0,72.0,6.0,5.0
2021-08-05 14:58:53,94.0,82.0,4.0,8.0
2021-08-05 14:58:54,65.0,54.0,6.0,5.0
2021-08-05 14:58:55,85.0,69.0,11.0,5.0
2021-08-05 14:58:56,84.0,70.0,11.0,3.0
2021-08-05 14:58:57,71.0,57.0,11.0,3.0
2021-08-05 14:58:58,64.0,52.0,11.0,1.0
2021-08-05 14:58:59,72.0,62.0,7.0,3.0
2021-08-05 14:59:00,74.0,59.0,7.0,8.0
2021-08-05 14:59:01,77.0,62.0,7.0,8.0
2021-08-05 14:59:02,68.0,61.0,2.0,5.0
2021-08-05 14:59:03,81.0,71.0,7.0,3.0
2021-08-05 14:59:04,79.0,63.0,12.0,4.0
2021-08-05 14:59:05,88.0,73.0,7.0,8.0
2021-08-05 14:59:06,64.0,58.0,6.0,0.0
2021-08-05 14:59:07,72.0,61.0,7.0,4.0
2021-08-05 14:59:08,59.0,48.0,8.0,3.0
2021-08-05 14:59:09,85.0,75.0,6.0,4.0
2021-08-05 14:59:10,95.0,83.0,5.0,7.0
2021-08-05 14:59:11,70.0,58.0,8.0,4.0
2021-08-05 14:59:12,79.0,63.0,11.0,5.0
2021-08-05 14:59:13,71.0,65.0,5.0,1.0
2021-08-05 14:59:14,82.0,73.0,7.0,2.0
2021-08-05 14:59:15,73.0,63.0,5.0,5.0
2021-08-05 14:59:16,69.0,63.0,3.0,3.0
2021-08-05 14:59:17,87.0,78.0,2.0,7.0
2021-08-05 14:59:18,81.0,69.0,5.0,7.0
2021-08-05 14:59:19,78.0,68.0,6.0,4.0
2021-08-05 14:59:20,82.0,70.0,7.0,5.0
2021-08-05 14:59:21,76.0,67.0,6.0,3.0
2021-08-05 14:59:22,86.0,77.0,5.0,4.0
2021-08-05 14:59:23,74.0,62.0,7.0,5.0
2021-08-05 14:59:24,95.0,82.0,6.0,7.0
2021-08-05 14:59:25,81.0,69.0,7.0,5.0
2021-08-05 14:59:26,86.0,77.0,4.0,5.0
2021-08-05 14:59:27,81.0,68.0,9.0,4.0
2021-08-05 14:59:28,77.0,66.0,8.0,3.0
2021-08-05 14:59:29,91.0,75.0,10.0,6.0
2021-08-05 14:59:30,72.0,60.0,5.0,7.0
2021-08-05 14:59:31,80.0,70.0,4.0,6.0
2021-08-05 14:59:32,71.0,63.0,5.0,3.0
2021-08-05 14:59:33,70.0,65.0,2.0,3.0
2021-08-05 14:59:34,85.0,72.0,8.0,5.0
2021-08-05 14:59:35,91.0,76.0,8.0,7.0
2021-08-05 14:59:36,69.0,57.0,5.0,7.0
2021-08-05 14:59:37,70.0,61.0,6.0,3.0
2021-08-05 14:59:38,97.0,87.0,7.0,3.0
2021-08-05 14:59:39,88.0,82.0,2.0,4.0
2021-08-05 14:59:40,88.0,78.0,6.0,4.0
2021-08-05 14:59:41,72.0,64.0,5.0,3.0
2021-08-05 14:59:42,73.0,63.0,4.0,6.0
2021-08-05 14:59:43,87.0,76.0,6.0,5.0
2021-08-05 14:59:44,86.0,73.0,6.0,7.0
2021-08-05 14:59:45,84.0,75.0,5.0,4.0
2021-08-05 14:59:46,78.0,65.0,5.0,8.0
2021-08-05 14:59:47,79.0,71.0,5.0,3.0
2021-08-05 14:59:48,92.0,82.0,5.0,5.0
2021-08-05 14:59:49,79.0,68.0,5.0,6.0
2021-08-05 14:59:50,76.0,66.0,6.0,4.0
2021-08-05 14:59:51,84.0,73.0,7.0,4.0
2021-08-05 14:59:52,90.0,84.0,5.0,1.0
2021-08-05 14:59:53,94.0,83.0,7.0,4.0
2021-08-05 14:59:54,84.0,78.0,5.0,1.0
2021-08-05 14:59:55,78.0,70.0,5.0,3.0
2021-08-05 14:59:56,67.0,57.0,5.0,5.0
2021-08-05 14:59:57,87.0,72.0,13.0,2.0
2021-08-05 14:59:58,95.0,77.0,9.0,9.0
2021-08-05 14:59:59,62.0,55.0,6.0,1.0
2021-08-05 15:00:00,87.0,76.0,8.0,3.0
2021-08-05 15:00:01,92.0,79.0,8.0,5.0
2021-08-05 15:00:02,82.0,67.0,12.0,3.0
2021-08-05 15:00:03,84.0,72.0,6.0,6.0
2021-08-05 15:00:04,88.0,73.0,10.0,5.0
2021-08-05 15:00:05,79.0,63.0,12.0,4.0
2021-08-05 15:00:06,74.0,60.0,11.0,3.0
2021-08-05 15:00:07,74.0,62.0,9.0,3.0
2021-08-05 15:00:08,80.0,69.0,5.0,6.0
2021-08-05 15:00:09,93.0,86.0,3.0,4.0
2021-08-05 15:00:10,79.0,63.0,11.0,5.0
2021-08-05 15:00:11,86.0,73.0,7.0,6.0
2021-08-05 15:00:12,52.0,47.0,4.0,1.0
2021-08-05 15:00:13,75.0,63.0,7.0,5.0
2021-08-05 15:00:14,80.0,73.0,3.0,4.0
2021-08-05 15:00:15,72.0,63.0,5.0,4.0
2021-08-05 15:00:16,74.0,61.0,7.0,6.0
2021-08-05 15:00:17,79.0,67.0,5.0,7.0
2021-08-05 15:00:18,67.0,59.0,6.0,2.0
2021-08-05 15:00:19,79.0,71.0,4.0,4.0
2021-08-05 15:00:20,81.0,70.0,3.0,8.0
2021-08-05 15:00:21,65.0,63.0,0.0,2.0
2021-08-05 15:00:22,75.0,72.0,3.0,0.0
2021-08-05 15:00:23,78.0,68.0,6.0,4.0
2021-08-05 15:00:24,81.0,70.0,7.0,4.0
2021-08-05 15:00:25,74.0,66.0,5.0,3.0
2021-08-05 15:00:26,88.0,79.0,4.0,5.0
2021-08-05 15:00:27,78.0,64.0,9.0,5.0
2021-08-05 15:00:28,82.0,72.0,8.0,2.0
2021-08-05 15:00:29,60.0,51.0,5.0,4.0
2021-08-05 15:00:30,89.0,73.0,13.0,3.0
2021-08-05 15:00:31,86.0,75.0,6.0,5.0
2021-08-05 15:00:32,85.0,72.0,10.0,3.0
2021-08-05 15:00:33,74.0,67.0,5.0,2.0
2021-08-05 15:00:34,94.0,73.0,13.0,8.0
2021-08-05 15:00:35,80.0,71.0,6.0,3.0
2021-08-05 15:00:36,95.0,83.0,8.0,4.0
2021-08-05 15:00:37,75.0,66.0,8.0,1.0
2021-08-05 15:00:38,75.0,65.0,8.0,2.0
2021-08-05 15:00:39,80.0,67.0,7.0,6.0
2021-08-05 15:00:40,71.0,62.0,7.0,2.0
2021-08-05 15:00:41,57.0,51.0,5.0,1.0
2021-08-05 15:00:42,76.0,65.0,8.0,3.0
2021-08-05 15:00:43,88.0,76.0,7.0,5.0
2021-08-05 15:00:44,80.0,70.0,7.0,3.0
2021-08-05 15:00:45,82.0,72.0,8.0,2.0
2021-08-05 15:00:46,81.0,71.0,7.0,3.0
2021-08-05 15:00:47,77.0,71.0,4.0,2.0
2021-08-05 15:00:48,85.0,75.0,6.0,4.0
2021-08-05 15:00:49,76.0,71.0,4.0,1.0
2021-08-05 15:00:50,93.0,76.0,10.0,7.0
2021-08-05 15:00:51,88.0,81.0,5.0,2.0
2021-08-05 15:00:52,76.0,69.0,3.0,4.0
2021-08-05 15:00:53,77.0,64.0,9.0,4.0
2021-08-05 15:00:54,91.0,85.0,6.0,0.0
2021-08-05 15:00:55,84.0,70.0,10.0,4.0
2021-08-05 15:00:56,84.0,75.0,6.0,3.0
2021-08-05 15:00:57,72.0,63.0,4.0,5.0
2021-08-05 15:00:58,91.0,83.0,3.0,5.0
2021-08-05 15:00:59,83.0,67.0,9.0,7.0
2021-08-05 15:01:00,80.0,68.0,8.0,4.0
2021-08-05 15:01:01,87.0,78.0,5.0,4.0
2021-08-05 15:01:02,86.0,73.0,7.0,6.0
2021-08-05 15:01:03,80.0,69.0,7.0,4.0
2021-08-05 15:01:04,93.0,80.0,10.0,3.0
2021-08-05 15:01:05,76.0,65.0,8.0,3.0
2021-08-05 15:01:06,76.0,71.0,4.0,1.0
2021-08-05 15:01:07,75.0,64.0,7.0,4.0
2021-08-05 15:01:08,86.0,81.0,2.0,3.0
2021-08-05 15:01:09,82.0,70.0,5.0,7.0
2021-08-05 15:01:10,73.0,67.0,2.0,4.0
2021-08-05 15:01:11,79.0,71.0,7.0,1.0
2021-08-05 15:01:12,72.0,64.0,6.0,2.0
2021-08-05 15:01:13,105.0,92.0,7.0,6.0
2021-08-05 15:01:14,70.0,64.0,5.0,1.0
2021-08-05 15:01:15,97.0,86.0,8.0,3.0
2021-08-05 15:01:16,82.0,68.0,9.0,5.0
2021-08-05 15:01:17,75.0,70.0,4.0,1.0
2021-08-05 15:01:18,85.0,74.0,7.0,4.0
2021-08-05 15:01:19,70.0,60.0,6.0,4.0
2021-08-05 15:01:20,70.0,62.0,4.0,4.0
2021-08-05 15:01:21,75.0,69.0,6.0,0.0
2021-08-05 15:01:22,73.0,66.0,5.0,2.0
2021-08-05 15:01:23,69.0,60.0,6.0,3.0
2021-08-05 15:01:24,96.0,78.0,8.0,10.0
2021-08-05 15:01:25,86.0,71.0,10.0,5.0
2021-08-05 15:01:26,74.0,60.0,6.0,8.0
2021-08-05 15:01:27,92.0,79.0,9.0,4.0
2021-08-05 15:01:28,84.0,76.0,4.0,4.0
2021-08-05 15:01:29,81.0,67.0,8.0,6.0
2021-08-05 15:01:30,84.0,71.0,6.0,7.0
2021-08-05 15:01:31,93.0,75.0,9.0,9.0
2021-08-05 15:01:32,99.0,89.0,4.0,6.0
2021-08-05 15:01:33,97.0,86.0,8.0,3.0
2021-08-05 15:01:34,85.0,74.0,5.0,6.0
2021-08-05 15:01:35,72.0,62.0,3.0,7.0
2021-08-05 15:01:36,95.0,71.0,16.0,8.0
2021-08-05 15:01:37,92.0,84.0,5.0,3.0
2021-08-05 15:01:38,74.0,65.0,5.0,4.0
2021-08-05 15:01:39,83.0,72.0,9.0,2.0
2021-08-05 15:01:40,79.0,63.0,11.0,5.0
2021-08-05 15:01:41,70.0,60.0,7.0,3.0
2021-08-05 15:01:42,80.0,73.0,6.0,1.0
2021-08-05 15:01:43,97.0,88.0,4.0,5.0
2021-08-05 15:01:44,86.0,78.0,5.0,3.0
2021-08-05 15:01:45,96.0,85.0,4.0,7.0
2021-08-05 15:01:46,79.0,68.0,4.0,7.0
2021-08-05 15:01:47,75.0,69.0,4.0,2.0
2021-08-05 15:01:48,62.0,55.0,5.0,2.0
2021-08-05 15:01:49,80.0,63.0,7.0,10.0
2021-08-05 15:01:50,75.0,60.0,7.0,8.0
2021-08-05 15:01:51,91.0,83.0,4.0,4.0
2021-08-05 15:01:52,84.0,73.0,6.0,5.0
2021-08-05 15:01:53,76.0,58.0,10.0,8.0
2021-08-05 15:01:54,78.0,71.0,4.0,3.0
2021-08-05 15:01:55,83.0,73.0,8.0,2.0
2021-08-05 15:01:56,87.0,76.0,10.0,1.0
2021-08-05 15:01:57,84.0,75.0,5.0,4.0
2021-08-05 15:01:58,84.0,68.0,13.0,3.0
2021-08-05 15:01:59,68.0,58.0,5.0,5.0
2021-08-05 15:02:00,79.0,64.0,11.0,4.0
2021-08-05 15:02:01,88.0,75.0,11.0,2.0
2021-08-05 15:02:02,78.0,67.0,10.0,1.0
2021-08-05 15:02:03,72.0,56.0,5.0,11.0
2021-08-05 15:02:04,68.0,62.0,2.0,4.0
2021-08-05 15:02:05,95.0,80.0,7.0,8.0
2021-08-05 15:02:06,104.0,87.0,13.0,4.0
2021-08-05 15:02:07,84.0,76.0,5.0,3.0
2021-08-05 15:02:08,94.0,85.0,6.0,3.0
2021-08-05 15:02:09,66.0,58.0,7.0,1.0
2021-08-05 15:02:10,90.0,74.0,8.0,8.0
2021-08-05 15:02:11,84.0,75.0,7.0,2.0
2021-08-05 15:02:12,72.0,67.0,5.0,0.0
2021-08-05 15:02:13,90.0,81.0,4.0,5.0
2021-08-05 15:02:14,78.0,69.0,4.0,5.0
2021-08-05 15:02:15,68.0,59.0,4.0,5.0
2021-08-05 15:02:16,80.0,67.0,7.0,6.0
2021-08-05 15:02:17,78.0,69.0,6.0,3.0
2021-08-05 15:02:18,94.0,80.0,5.0,9.0
2021-08-05 15:02:19,81.0,69.0,7.0,5.0
2021-08-05 15:02:20,86.0,71.0,9.0,6.0
2021-08-05 15:02:21,76.0,67.0,6.0,3.0
2021-08-05 15:02:22,92.0,80.0,7.0,5.0
2021-08-05 15:02:23,75.0,68.0,4.0,3.0
2021-08-05 15:02:24,89.0,81.0,4.0,4.0
2021-08-05 15:02:25,86.0,77.0,6.0,3.0
2021-08-05 15:02:26,89.0,78.0,6.0,5.0
2021-08-05 15:02:27,97.0,87.0,5.0,5.0
2021-08-05 15:02:28,86.0,69.0,15.0,2.0
2021-08-05 15:02:29,71.0,62.0,5.0,4.0
2021-08-05 15:02:30,93.0,83.0,7.0,3.0
2021-08-05 15:02:31,86.0,73.0,7.0,6.0
2021-08-05 15:02:32,73.0,62.0,7.0,4.0
2021-08-05 15:02:33,92.0,78.0,10.0,4.0
2021-08-05 15:02:34,78.0,71.0,4.0,3.0
2021-08-05 15:02:35,92.0,78.0,9.0,5.0
2021-08-05 15:02:36,83.0,74.0,4.0,5.0
2021-08-05 15:02:37,77.0,69.0,2.0,6.0
2021-08-05 15:02:38,93.0,78.0,11.0,4.0
2021-08-05 15:02:39,82.0,68.0,8.0,6.0
2021-08-05 15:02:40,89.0,76.0,5.0,8.0
2021-08-05 15:02:41,82.0,74.0,5.0,3.0
2021-08-05 15:02:42,67.0,58.0,5.0,4.0
2021-08-05 15:02:43,80.0,69.0,4.0,7.0
2021-08-05 15:02:44,77.0,67.0,7.0,3.0
2021-08-05 15:02:45,84.0,71.0,8.0,5.0
2021-08-05 15:02:46,70.0,57.0,5.0,8.0
2021-08-05 15:02:47,81.0,69.0,8.0,4.0
2021-08-05 15:02:48,78.0,69.0,5.0,4.0
2021-08-05 15:02:49,75.0,64.0,5.0,6.0
2021-08-05 15:02:50,74.0,58.0,8.0,8.0
2021-08-05 15:02:51,72.0,57.0,10.0,5.0
2021-08-05 15:02:52,74.0,63.0,9.0,2.0
2021-08-05 15:02:53,83.0,73.0,6.0,4.0
2021-08-05 15:02:54,71.0,54.0,12.0,5.0
2021-08-05 15:02:55,74.0,66.0,5.0,3.0
2021-08-05 15:02:56,80.0,73.0,2.0,5.0
2021-08-05 15:02:57,62.0,56.0,4.0,2.0
2021-08-05 15:02:58,88.0,77.0,8.0,3.0
2021-08-05 15:02:59,96.0,84.0,10.0,2.0
2021-08-05 15:03:00,90.0,70.0,15.0,5.0
2021-08-05 15:03:01,77.0,61.0,10.0,6.0
2021-08-05 15:03:02,92.0,81.0,6.0,5.0
2021-08-05 15:03:03,79.0,74.0,2.0,3.0
2021-08-05 15:03:04,76.0,63.0,10.0,3.0
2021-08-05 15:03:05,90.0,80.0,10.0,0.0
2021-08-05 15:03:06,68.0,63.0,3.0,2.0
2021-08-05 15:03:07,71.0,57.0,6.0,8.0
2021-08-05 15:03:08,86.0,74.0,4.0,8.0
2021-08-05 15:03:09,78.0,67.0,6.0,5.0
2021-08-05 15:03:10,81.0,66.0,9.0,6.0
2021-08-05 15:03:11,88.0,76.0,6.0,6.0
2021-08-05 15:03:12,81.0,73.0,6.0,2.0
2021-08-05 15:03:13,66.0,59.0,2.0,5.0
2021-08-05 15:03:14,78.0,69.0,6.0,3.0
2021-08-05 15:03:15,73.0,65.0,6.0,2.0
2021-08-05 15:03:16,98.0,88.0,5.0,5.0
2021-08-05 15:03:17,72.0,60.0,7.0,5.0
2021-08-05 15:03:18,66.0,61.0,3.0,2.0
2021-08-05 15:03:19,67.0,59.0,5.0,3.0
2021-08-05 15:03:20,79.0,68.0,7.0,4.0
2021-08-05 15:03:21,76.0,62.0,9.0,5.0
2021-08-05 15:03:22,88.0,78.0,7.0,3.0
2021-08-05 15:03:23,77.0,69.0,6.0,2.0
2021-08-05 15:03:24,81.0,75.0,5.0,1.0
2021-08-05 15:03:25,87.0,75.0,8.0,4.0
2021-08-05 15:03:26,86.0,72.0,8.0,6.0
2021-08-05 15:03:27,86.0,75.0,5.0,6.0
2021-08-05 15:03:28,79.0,69.0,7.0,3.0
2021-08-05 15:03:29,76.0,67.0,4.0,5.0
2021-08-05 15:03:30,90.0,75.0,8.0,7.0
2021-08-05 15:03:31,75.0,67.0,5.0,3.0
2021-08-05 15:03:32,81.0,73.0,4.0,4.0
2021-08-05 15:03:33,90.0,78.0,7.0,5.0
2021-08-05 15:03:34,75.0,62.0,12.0,1.0
2021-08-05 15:03:35,69.0,57.0,9.0,3.0
2021-08-05 15:03:36,85.0,70.0,13.0,2.0
2021-08-05 15:03:37,66.0,61.0,2.0,3.0
2021-08-05 15:03:38,103.0,87.0,10.0,6.0
2021-08-05 15:03:39,80.0,67.0,6.0,7.0
2021-08-05 15:03:40,89.0,78.0,6.0,5.0
2021-08-05 15:03:41,81.0,72.0,8.0,1.0
2021-08-05 15:03:42,78.0,69.0,6.0,3.0
2021-08-05 15:03:43,81.0,70.0,8.0,3.0
2021-08-05 15:03:44,74.0,67.0,4.0,3.0
2021-08-05 15:03:45,96.0,82.0,9.0,5.0
2021-08-05 15:03:46,90.0,74.0,13.0,3.0
2021-08-05 15:03:47,76.0,68.0,4.0,4.0
2021-08-05 15:03:48,73.0,56.0,10.0,7.0
2021-08-05 15:03:49,82.0,73.0,6.0,3.0
2021-08-05 15:03:50,75.0,66.0,4.0,5.0
2021-08-05 15:03:51,75.0,64.0,6.0,5.0
2021-08-05 15:03:52,83.0,74.0,7.0,2.0
2021-08-05 15:03:53,83.0,73.0,4.0,6.0
2021-08-05 15:03:54,86.0,72.0,10.0,4.0
2021-08-05 15:03:55,86.0,77.0,6.0,3.0
2021-08-05 15:03:56,88.0,75.0,7.0,6.0
2021-08-05 15:03:57,92.0,85.0,3.0,4.0
2021-08-05 15:03:58,81.0,68.0,7.0,6.0
2021-08-05 15:03:59,75.0,62.0,10.0,3.0
2021-08-05 15:04:00,95.0,81.0,9.0,5.0
2021-08-05 15:04:01,70.0,66.0,3.0,1.0
2021-08-05 15:04:02,64.0,54.0,7.0,3.0
2021-08-05 15:04:03,97.0,77.0,11.0,9.0
2021-08-05 15:04:04,81.0,71.0,8.0,2.0
2021-08-05 15:04:05,66.0,60.0,3.0,3.0
2021-08-05 15:04:06,82.0,76.0,5.0,1.0
2021-08-05 15:04:07,92.0,80.0,7.0,5.0
2021-08-05 15:04:08,69.0,57.0,9.0,3.0
2021-08-05 15:04:09,73.0,62.0,6.0,5.0
2021-08-05 15:04:10,81.0,67.0,8.0,6.0
2021-08-05 15:04:11,94.0,86.0,6.0,2.0
2021-08-05 15:04:12,77.0,70.0,2.0,5.0
2021-08-05 15:04:13,73.0,61.0,6.0,6.0
2021-08-05 15:04:14,86.0,75.0,10.0,1.0
2021-08-05 15:04:15,79.0,71.0,3.0,5.0
2021-08-05 15:04:16,77.0,72.0,3.0,2.0
2021-08-05 15:04:17,86.0,72.0,9.0,5.0
2021-08-05 15:04:18,89.0,76.0,8.0,5.0
2021-08-05 15:04:19,85.0,67.0,10.0,8.0
2021-08-05 15:04:20,84.0,72.0,4.0,8.0
2021-08-05 15:04:21,92.0,81.0,8.0,3.0
2021-08-05 15:04:22,75.0,68.0,4.0,3.0
2021-08-05 15:04:23,68.0,56.0,5.0,7.0
2021-08-05 15:04:24,93.0,82.0,8.0,3.0
2021-08-05 15:04:25,82.0,71.0,7.0,4.0
2021-08-05 15:04:26,88.0,81.0,4.0,3.0
2021-08-05 15:04:27,66.0,55.0,4.0,7.0
2021-08-05 15:04:28,73.0,66.0,3.0,4.0
2021-08-05 15:04:29,83.0,77.0,3.0,3.0
2021-08-05 15:04:30,86.0,74.0,6.0,6.0
2021-08-05 15:04:31,81.0,75.0,5.0,1.0
2021-08-05 15:04:32,87.0,73.0,9.0,5.0
2021-08-05 15:04:33,74.0,59.0,10.0,5.0
2021-08-05 15:04:34,72.0,63.0,5.0,4.0
2021-08-05 15:04:35,87.0,73.0,6.0,8.0
2021-08-05 15:04:36,72.0,60.0,10.0,2.0
2021-08-05 15:04:37,80.0,69.0,5.0,6.0
2021-08-05 15:04:38,88.0,82.0,4.0,2.0
2021-08-05 15:04:39,85.0,79.0,4.0,2.0
2021-08-05 15:04:40,80.0,65.0,10.0,5.0
2021-08-05 15:04:41,98.0,79.0,12.0,7.0
2021-08-05 15:04:42,94.0,80.0,7.0,7.0
2021-08-05 15:04:43,77.0,64.0,9.0,4.0
2021-08-05 15:04:44,85.0,73.0,9.0,3.0
2021-08-05 15:04:45,81.0,73.0,6.0,2.0
2021-08-05 15:04:46,81.0,67.0,13.0,1.0
2021-08-05 15:04:47,90.0,81.0,8.0,1.0
2021-08-05 15:04:48,97.0,80.0,6.0,11.0
2021-08-05 15:04:49,78.0,70.0,6.0,2.0
2021-08-05 15:04:50,85.0,72.0,5.0,8.0
2021-08-05 15:04:51,79.0,67.0,6.0,6.0
2021-08-05 15:04:52,67.0,61.0,3.0,3.0
2021-08-05 15:04:53,80.0,73.0,4.0,3.0
2021-08-05 15:04:54,83.0,74.0,6.0,3.0
2021-08-05 15:04:55,86.0,69.0,12.0,5.0
2021-08-05 15:04:56,84.0,72.0,5.0,7.0
2021-08-05 15:04:57,75.0,67.0,3.0,5.0
2021-08-05 15:04:58,78.0,70.0,2.0,6.0
2021-08-05 15:04:59,84.0,68.0,9.0,7.0
2021-08-05 15:05:00,86.0,75.0,8.0,3.0
2021-08-05 15:05:01,71.0,58.0,8.0,5.0
2021-08-05 15:05:02,78.0,70.0,5.0,3.0
2021-08-05 15:05:03,73.0,57.0,8.0,8.0
2021-08-05 15:05:04,84.0,77.0,5.0,2.0
2021-08-05 15:05:05,71.0,64.0,4.0,3.0
2021-08-05 15:05:06,66.0,56.0,6.0,4.0
2021-08-05 15:05:07,84.0,74.0,3.0,7.0
2021-08-05 15:05:08,86.0,76.0,7.0,3.0
2021-08-05 15:05:09,72.0,61.0,6.0,5.0
2021-08-05 15:05:10,91.0,72.0,12.0,7.0
2021-08-05 15:05:11,70.0,63.0,5.0,2.0
2021-08-05 15:05:12,80.0,70.0,10.0,0.0
2021-08-05 15:05:13,80.0,61.0,12.0,7.0
2021-08-05 15:05:14,83.0,72.0,6.0,5.0
2021-08-05 15:05:15,79.0,63.0,9.0,7.0
2021-08-05 15:05:16,80.0,70.0,7.0,3.0
2021-08-05 15:05:17,89.0,71.0,11.0,7.0
2021-08-05 15:05:18,87.0,73.0,7.0,7.0
2021-08-05 15:05:19,84.0,75.0,4.0,5.0
2021-08-05 15:05:20,78.0,64.0,11.0,3.0
2021-08-05 15:05:21,77.0,65.0,6.0,6.0
2021-08-05 15:05:22,82.0,73.0,7.0,2.0
2021-08-05 15:05:23,85.0,75.0,8.0,2.0
2021-08-05 15:05:24,92.0,83.0,3.0,6.0
2021-08-05 15:05:25,78.0,72.0,3.0,3.0
2021-08-05 15:05:26,62.0,54.0,5.0,3.0
2021-08-05 15:05:27,84.0,77.0,3.0,4.0
2021-08-05 15:05:28,70.0,62.0,7.0,1.0
2021-08-05 15:05:29,66.0,59.0,5.0,2.0
2021-08-05 15:05:30,76.0,71.0,1.0,4.0
2021-08-05 15:05:31,96.0,91.0,2.0,3.0
2021-08-05 15:05:32,72.0,62.0,6.0,4.0
2021-08-05 15:05:33,86.0,74.0,9.0,3.0
2021-08-05 15:05:34,68.0,59.0,6.0,3.0
2021-08-05 15:05:35,78.0,68.0,3.0,7.0
2021-08-05 15:05:36,77.0,65.0,10.0,2.0
2021-08-05 15:05:37,90.0,81.0,8.0,1.0
2021-08-05 15:05:38,84.0,71.0,6.0,7.0
2021-08-05 15:05:39,102.0,92.0,8.0,2.0
2021-08-05 15:05:40,99.0,92.0,5.0,2.0
2021-08-05 15:05:41,74.0,71.0,3.0,0.0
2021-08-05 15:05:42,80.0,65.0,11.0,4.0
2021-08-05 15:05:43,75.0,62.0,5.0,8.0
2021-08-05 15:05:44,83.0,70.0,9.0,4.0
2021-08-05 15:05:45,85.0,69.0,7.0,9.0
2021-08-05 15:05:46,79.0,72.0,4.0,3.0
2021-08-05 15:05:47,66.0,59.0,5.0,2.0
2021-08-05 15:05:48,67.0,53.0,5.0,9.0
2021-08-05 15:05:49,63.0,57.0,4.0,2.0
2021-08-05 15:05:50,77.0,64.0,7.0,6.0
2021-08-05 15:05:51,97.0,85.0,7.0,5.0
2021-08-05 15:05:52,77.0,66.0,9.0,2.0
2021-08-05 15:05:53,83.0,73.0,4.0,6.0
2021-08-05 15:05:54,69.0,62.0,3.0,4.0
2021-08-05 15:05:55,97.0,81.0,11.0,5.0
2021-08-05 15:05:56,87.0,77.0,3.0,7.0
2021-08-05 15:05:57,70.0,61.0,8.0,1.0
2021-08-05 15:05:58,79.0,70.0,5.0,4.0
2021-08-05 15:05:59,104.0,88.0,9.0,7.0
2021-08-05 15:06:00,65.0,56.0,7.0,2.0
2021-08-05 15:06:01,73.0,65.0,5.0,3.0
2021-08-05 15:06:02,91.0,73.0,8.0,10.0
2021-08-05 15:06:03,79.0,72.0,4.0,3.0
2021-08-05 15:06:04,78.0,65.0,7.0,6.0
2021-08-05 15:06:05,80.0,72.0,4.0,4.0
2021-08-05 15:06:06,94.0,79.0,9.0,6.0
2021-08-05 15:06:07,71.0,55.0,9.0,7.0
2021-08-05 15:06:08,89.0,82.0,4.0,3.0
2021-08-05 15:06:09,84.0,74.0,6.0,4.0
2021-08-05 15:06:10,86.0,76.0,6.0,4.0
2021-08-05 15:06:11,84.0,67.0,10.0,7.0
2021-08-05 15:06:12,80.0,61.0,15.0,4.0
2021-08-05 15:06:13,82.0,65.0,8.0,9.0
2021-08-05 15:06:14,87.0,76.0,9.0,2.0
2021-08-05 15:06:15,68.0,61.0,3.0,4.0
2021-08-05 15:06:16,85.0,74.0,7.0,4.0
2021-08-05 15:06:17,79.0,61.0,9.0,9.0
2021-08-05 15:06:18,83.0,73.0,6.0,4.0
2021-08-05 15:06:19,77.0,65.0,8.0,4.0
2021-08-05 15:06:20,95.0,86.0,6.0,3.0
2021-08-05 15:06:21,80.0,71.0,4.0,5.0
2021-08-05 15:06:22,85.0,75.0,6.0,4.0
2021-08-05 15:06:23,73.0,67.0,3.0,3.0
2021-08-05 15:06:24,89.0,81.0,4.0,4.0
2021-08-05 15:06:25,75.0,60.0,11.0,4.0
2021-08-05 15:06:26,80.0,70.0,7.0,3.0
2021-08-05 15:06:27,78.0,70.0,6.0,2.0
2021-08-05 15:06:28,75.0,64.0,6.0,5.0
2021-08-05 15:06:29,68.0,58.0,7.0,3.0
2021-08-05 15:06:30,84.0,75.0,6.0,3.0
2021-08-05 15:06:31,80.0,68.0,6.0,6.0
2021-08-05 15:06:32,93.0,82.0,7.0,4.0
2021-08-05 15:06:33,77.0,61.0,3.0,13.0
2021-08-05 15:06:34,76.0,66.0,5.0,5.0
2021-08-05 15:06:35,87.0,80.0,5.0,2.0
2021-08-05 15:06:36,98.0,87.0,5.0,6.0
2021-08-05 15:06:37,76.0,68.0,4.0,4.0
2021-08-05 15:06:38,83.0,72.0,7.0,4.0
2021-08-05 15:06:39,74.0,67.0,3.0,4.0
2021-08-05 15:06:40,78.0,73.0,3.0,2.0
2021-08-05 15:06:41,100.0,86.0,9.0,5.0
2021-08-05 15:06:42,63.0,52.0,6.0,5.0
2021-08-05 15:06:43,76.0,68.0,5.0,3.0
2021-08-05 15:06:44,71.0,62.0,7.0,2.0
2021-08-05 15:06:45,71.0,63.0,5.0,3.0
2021-08-05 15:06:46,95.0,81.0,6.0,8.0
2021-08-05 15:06:47,72.0,68.0,3.0,1.0
2021-08-05 15:06:48,84.0,79.0,2.0,3.0
2021-08-05 15:06:49,74.0,62.0,6.0,6.0
2021-08-05 15:06:50,89.0,72.0,10.0,7.0
2021-08-05 15:06:51,76.0,66.0,9.0,1.0
2021-08-05 15:06:52,102.0,88.0,9.0,5.0
2021-08-05 15:06:53,91.0,79.0,8.0,4.0
2021-08-05 15:06:54,93.0,76.0,11.0,6.0
2021-08-05 15:06:55,90.0,80.0,8.0,2.0
2021-08-05 15:06:56,67.0,57.0,9.0,1.0
2021-08-05 15:06:57,71.0,61.0,5.0,5.0
2021-08-05 15:06:58,74.0,67.0,6.0,1.0
2021-08-05 15:06:59,84.0,72.0,5.0,7.0
2021-08-05 15:07:00,79.0,69.0,6.0,4.0
2021-08-05 15:07:01,71.0,61.0,5.0,5.0
2021-08-05 15:07:02,86.0,75.0,6.0,5.0
2021-08-05 15:07:03,74.0,63.0,6.0,5.0
2021-08-05 15:07:04,86.0,69.0,8.0,9.0
2021-08-05 15:07:05,91.0,78.0,9.0,4.0
2021-08-05 15:07:06,93.0,83.0,6.0,4.0
2021-08-05 15:07:07,82.0,72.0,5.0,5.0
2021-08-05 15:07:08,85.0,76.0,4.0,5.0
2021-08-05 15:07:09,88.0,78.0,7.0,3.0
2021-08-05 15:07:10,92.0,75.0,10.0,7.0
2021-08-05 15:07:11,83.0,74.0,6.0,3.0
2021-08-05 15:07:12,76.0,67.0,6.0,3.0
2021-08-05 15:07:13,82.0,70.0,5.0,7.0
2021-08-05 15:07:14,71.0,62.0,6.0,3.0
2021-08-05 15:07:15,94.0,78.0,11.0,5.0
2021-08-05 15:07:16,65.0,58.0,5.0,2.0
2021-08-05 15:07:17,75.0,62.0,7.0,6.0
2021-08-05 15:07:18,71.0,62.0,5.0,4.0
2021-08-05 15:07:19,73.0,63.0,6.0,4.0
2021-08-05 15:07:20,102.0,90.0,9.0,3.0
2021-08-05 15:07:21,83.0,74.0,4.0,5.0
2021-08-05 15:07:22,76.0,72.0,3.0,1.0
2021-08-05 15:07:23,72.0,64.0,5.0,3.0
2021-08-05 15:07:24,84.0,73.0,10.0,1.0
2021-08-05 15:07:25,92.0,83.0,6.0,3.0
2021-08-05 15:07:26,104.0,86.0,12.0,6.0
2021-08-05 15:07:27,90.0,77.0,8.0,5.0
2021-08-05 15:07:28,88.0,81.0,4.0,3.0
2021-08-05 15:07:29,74.0,65.0,6.0,3.0
2021-08-05 15:07:30,89.0,77.0,8.0,4.0
2021-08-05 15:07:31,83.0,73.0,5.0,5.0
2021-08-05 15:07:32,80.0,70.0,9.0,1.0
2021-08-05 15:07:33,87.0,71.0,11.0,5.0
2021-08-05 15:07:34,83.0,74.0,3.0,6.0
2021-08-05 15:07:35,62.0,60.0,1.0,1.0
2021-08-05 15:07:36,65.0,57.0,5.0,3.0
2021-08-05 15:07:37,74.0,67.0,4.0,3.0
2021-08-05 15:07:38,79.0,70.0,9.0,0.0
2021-08-05 15:07:39,78.0,64.0,7.0,7.0
2021-08-05 15:07:40,87.0,77.0,9.0,1.0
2021-08-05 15:07:41,94.0,82.0,10.0,2.0
2021-08-05 15:07:42,77.0,61.0,10.0,6.0
2021-08-05 15:07:43,89.0,73.0,8.0,8.0
2021-08-05 15:07:44,77.0,70.0,5.0,2.0
2021-08-05 15:07:45,77.0,66.0,5.0,6.0
2021-08-05 15:07:46,80.0,73.0,5.0,2.0
2021-08-05 15:07:47,72.0,63.0,6.0,3.0
2021-08-05 15:07:48,74.0,64.0,8.0,2.0
2021-08-05 15:07:49,74.0,66.0,2.0,6.0
2021-08-05 15:07:50,77.0,69.0,4.0,4.0
2021-08-05 15:07:51,75.0,72.0,1.0,2.0
2021-08-05 15:07:52,86.0,79.0,7.0,0.0
2021-08-05 15:07:53,71.0,64.0,5.0,2.0
2021-08-05 15:07:54,69.0,62.0,4.0,3.0
2021-08-05 15:07:55,78.0,71.0,3.0,4.0
2021-08-05 15:07:56,80.0,74.0,4.0,2.0
2021-08-05 15:07:57,93.0,82.0,8.0,3.0
2021-08-05 15:07:58,75.0,69.0,3.0,3.0
2021-08-05 15:07:59,93.0,79.0,11.0,3.0
2021-08-05 15:08:00,63.0,53.0,7.0,3.0
2021-08-05 15:08:01,91.0,82.0,6.0,3.0
2021-08-05 15:08:02,82.0,71.0,8.0,3.0
2021-08-05 15:08:03,84.0,73.0,6.0,5.0
2021-08-05 15:08:04,87.0,80.0,4.0,3.0
2021-08-05 15:08:05,60.0,50.0,8.0,2.0
2021-08-05 15:08:06,64.0,56.0,2.0,6.0
2021-08-05 15:08:07,74.0,63.0,3.0,8.0
2021-08-05 15:08:08,66.0,61.0,3.0,2.0
2021-08-05 15:08:09,73.0,59.0,5.0,9.0
2021-08-05 15:08:10,99.0,88.0,8.0,3.0
2021-08-05 15:08:11,85.0,71.0,10.0,4.0
2021-08-05 15:08:12,81.0,67.0,11.0,3.0
2021-08-05 15:08:13,89.0,75.0,9.0,5.0
2021-08-05 15:08:14,69.0,58.0,8.0,3.0
2021-08-05 15:08:15,78.0,67.0,6.0,5.0
2021-08-05 15:08:16,62.0,58.0,1.0,3.0
2021-08-05 15:08:17,82.0,72.0,5.0,5.0
2021-08-05 15:08:18,90.0,80.0,7.0,3.0
2021-08-05 15:08:19,72.0,61.0,8.0,3.0
2021-08-05 15:08:20,73.0,64.0,5.0,4.0
2021-08-05 15:08:21,92.0,77.0,8.0,7.0
2021-08-05 15:08:22,74.0,63.0,9.0,2.0
2021-08-05 15:08:23,91.0,80.0,7.0,4.0
2021-08-05 15:08:24,94.0,82.0,7.0,5.0
2021-08-05 15:08:25,62.0,53.0,3.0,6.0
2021-08-05 15:08:26,79.0,71.0,3.0,5.0
2021-08-05 15:08:27,79.0,69.0,8.0,2.0
2021-08-05 15:08:28,84.0,68.0,12.0,4.0
2021-08-05 15:08:29,91.0,82.0,9.0,0.0
2021-08-05 15:08:30,69.0,62.0,3.0,4.0
2021-08-05 15:08:31,90.0,74.0,8.0,8.0
2021-08-05 15:08:32,88.0,77.0,9.0,2.0
2021-08-05 15:08:33,101.0,87.0,7.0,7.0
2021-08-05 15:08:34,92.0,81.0,8.0,3.0
2021-08-05 15:08:35,76.0,70.0,6.0,0.0
2021-08-05 15:08:36,82.0,70.0,6.0,6.0
2021-08-05 15:08:37,73.0,66.0,5.0,2.0
2021-08-05 15:08:38,87.0,81.0,3.0,3.0
2021-08-05 15:08:39,76.0,71.0,5.0,0.0
2021-08-05 15:08:40,81.0,74.0,3.0,4.0
2021-08-05 15:08:41,77.0,71.0,2.0,4.0
2021-08-05 15:08:42,89.0,77.0,6.0,6.0
2021-08-05 15:08:43,79.0,70.0,4.0,5.0
2021-08-05 15:08:44,82.0,65.0,9.0,8.0
2021-08-05 15:08:45,87.0,76.0,10.0,1.0
2021-08-05 15:08:46,74.0,64.0,7.0,3.0
2021-08-05 15:08:47,83.0,73.0,8.0,2.0
2021-08-05 15:08:48,79.0,70.0,9.0,0.0
2021-08-05 15:08:49,88.0,79.0,4.0,5.0
2021-08-05 15:08:50,77.0,69.0,2.0,6.0
2021-08-05 15:08:51,80.0,68.0,5.0,7.0
2021-08-05 15:08:52,73.0,61.0,10.0,2.0
2021-08-05 15:08:53,80.0,73.0,5.0,2.0
2021-08-05 15:08:54,84.0,71.0,10.0,3.0
2021-08-05 15:08:55,79.0,66.0,7.0,6.0
2021-08-05 15:08:56,74.0,61.0,9.0,4.0
2021-08-05 15:08:57,80.0,72.0,4.0,4.0
2021-08-05 15:08:58,61.0,54.0,2.0,5.0
2021-08-05 15:08:59,83.0,75.0,4.0,4.0
2021-08-05 15:09:00,70.0,63.0,4.0,3.0
2021-08-05 15:09:01,78.0,71.0,5.0,2.0
2021-08-05 15:09:02,75.0,67.0,5.0,3.0
2021-08-05 15:09:03,81.0,73.0,4.0,4.0
2021-08-05 15:09:04,76.0,64.0,6.0,6.0
2021-08-05 15:09:05,82.0,70.0,7.0,5.0
2021-08-05 15:09:06,90.0,76.0,8.0,6.0
2021-08-05 15:09:07,74.0,67.0,6.0,1.0
2021-08-05 15:09:08,71.0,62.0,5.0,4.0
2021-08-05 15:09:09,73.0,64.0,7.0,2.0
2021-08-05 15:09:10,72.0,67.0,2.0,3.0
2021-08-05 15:09:11,78.0,65.0,6.0,7.0
2021-08-05 15:09:12,72.0,65.0,1.0,6.0
2021-08-05 15:09:13,79.0,66.0,8.0,5.0
2021-08-05 15:09:14,78.0,65.0,8.0,5.0
2021-08-05 15:09:15,80.0,62.0,10.0,8.0
2021-08-05 15:09:16,99.0,85.0,9.0,5.0
2021-08-05 15:09:17,90.0,76.0,7.0,7.0
2021-08-05 15:09:18,79.0,70.0,7.0,2.0
2021-08-05 15:09:19,71.0,60.0,6.0,5.0
2021-08-05 15:09:20,75.0,58.0,9.0,8.0
2021-08-05 15:09:21,77.0,70.0,3.0,4.0
2021-08-05 15:09:22,86.0,78.0,5.0,3.0
2021-08-05 15:09:23,78.0,69.0,5.0,4.0
2021-08-05 15:09:24,81.0,72.0,7.0,2.0
2021-08-05 15:09:25,84.0,74.0,5.0,5.0
2021-08-05 15:09:26,89.0,77.0,5.0,7.0
2021-08-05 15:09:27,70.0,63.0,7.0,0.0
2021-08-05 15:09:28,82.0,69.0,9.0,4.0
2021-08-05 15:09:29,83.0,75.0,4.0,4.0
2021-08-05 15:09:30,81.0,77.0,3.0,1.0
2021-08-05 15:09:31,83.0,70.0,10.0,3.0
2021-08-05 15:09:32,79.0,71.0,4.0,4.0
2021-08-05 15:09:33,53.0,45.0,5.0,3.0
2021-08-05 15:09:34,92.0,75.0,10.0,7.0
2021-08-05 15:09:35,72.0,57.0,10.0,5.0
2021-08-05 15:09:36,71.0,56.0,12.0,3.0
2021-08-05 15:09:37,73.0,58.0,10.0,5.0
2021-08-05 15:09:38,87.0,73.0,8.0,6.0
2021-08-05 15:09:39,93.0,77.0,10.0,6.0
2021-08-05 15:09:40,89.0,68.0,11.0,10.0
2021-08-05 15:09:41,79.0,69.0,3.0,7.0
2021-08-05 15:09:42,88.0,79.0,4.0,5.0
2021-08-05 15:09:43,72.0,64.0,7.0,1.0
2021-08-05 15:09:44,73.0,63.0,8.0,2.0
2021-08-05 15:09:45,84.0,77.0,4.0,3.0
2021-08-05 15:09:46,82.0,71.0,6.0,5.0
2021-08-05 15:09:47,81.0,71.0,5.0,5.0
2021-08-05 15:09:48,84.0,70.0,5.0,9.0
2021-08-05 15:09:49,81.0,69.0,8.0,4.0
2021-08-05 15:09:50,74.0,67.0,4.0,3.0
2021-08-05 15:09:51,71.0,63.0,6.0,2.0
2021-08-05 15:09:52,79.0,61.0,8.0,10.0
2021-08-05 15:09:53,74.0,63.0,9.0,2.0
2021-08-05 15:09:54,68.0,60.0,6.0,2.0
2021-08-05 15:09:55,81.0,73.0,3.0,5.0
2021-08-05 15:09:56,78.0,66.0,6.0,6.0
2021-08-05 15:09:57,82.0,70.0,6.0,6.0
2021-08-05 15:09:58,95.0,82.0,4.0,9.0
2021-08-05 15:09:59,69.0,64.0,2.0,3.0
2021-08-05 15:10:00,67.0,59.0,3.0,5.0
2021-08-05 15:10:01,89.0,83.0,4.0,2.0
2021-08-05 15:10:02,80.0,65.0,11.0,4.0
2021-08-05 15:10:03,82.0,69.0,7.0,6.0
2021-08-05 15:10:04,81.0,74.0,2.0,5.0
2021-08-05 15:10:05,86.0,69.0,7.0,10.0
2021-08-05 15:10:06,94.0,81.0,9.0,4.0
2021-08-05 15:10:07,85.0,67.0,8.0,10.0
2021-08-05 15:10:08,81.0,70.0,8.0,3.0
2021-08-05 15:10:09,78.0,70.0,3.0,5.0
2021-08-05 15:10:10,92.0,81.0,10.0,1.0
2021-08-05 15:10:11,70.0,54.0,8.0,8.0
2021-08-05 15:10:12,76.0,67.0,8.0,1.0
2021-08-05 15:10:13,65.0,54.0,7.0,4.0
2021-08-05 15:10:14,81.0,69.0,6.0,6.0
2021-08-05 15:10:15,70.0,60.0,8.0,2.0
2021-08-05 15:10:16,93.0,81.0,5.0,7.0
2021-08-05 15:10:17,72.0,58.0,8.0,6.0
2021-08-05 15:10:18,75.0,64.0,9.0,2.0
2021-08-05 15:10:19,81.0,73.0,6.0,2.0
2021-08-05 15:10:20,86.0,74.0,10.0,2.0
2021-08-05 15:10:21,67.0,55.0,8.0,4.0
2021-08-05 15:10:22,87.0,73.0,8.0,6.0
2021-08-05 15:10:23,72.0,57.0,9.0,6.0
2021-08-05 15:10:24,81.0,71.0,8.0,2.0
2021-08-05 15:10:25,68.0,62.0,5.0,1.0
2021-08-05 15:10:26,95.0,85.0,8.0,2.0
2021-08-05 15:10:27,76.0,67.0,5.0,4.0
2021-08-05 15:10:28,93.0,82.0,9.0,2.0
2021-08-05 15:10:29,91.0,78.0,9.0,4.0
2021-08-05 15:10:30,77.0,70.0,3.0,4.0
2021-08-05 15:10:31,84.0,77.0,4.0,3.0
2021-08-05 15:10:32,80.0,72.0,4.0,4.0
2021-08-05 15:10:33,87.0,78.0,7.0,2.0
2021-08-05 15:10:34,81.0,70.0,5.0,6.0
2021-08-05 15:10:35,68.0,61.0,3.0,4.0
2021-08-05 15:10:36,90.0,81.0,8.0,1.0
2021-08-05 15:10:37,76.0,68.0,5.0,3.0
2021-08-05 15:10:38,88.0,76.0,6.0,6.0
2021-08-05 15:10:39,83.0,75.0,5.0,3.0
2021-08-05 15:10:40,71.0,60.0,4.0,7.0
2021-08-05 15:10:41,84.0,68.0,8.0,8.0
2021-08-05 15:10:42,85.0,76.0,5.0,4.0
2021-08-05 15:10:43,88.0,77.0,6.0,5.0
2021-08-05 15:10:44,77.0,71.0,4.0,2.0
2021-08-05 15:10:45,77.0,65.0,6.0,6.0
2021-08-05 15:10:46,79.0,72.0,4.0,3.0
2021-08-05 15:10:47,102.0,86.0,9.0,7.0
2021-08-05 15:10:48,80.0,70.0,6.0,4.0
2021-08-05 15:10:49,73.0,62.0,8.0,3.0
2021-08-05 15:10:50,76.0,69.0,3.0,4.0
2021-08-05 15:10:51,86.0,71.0,10.0,5.0
2021-08-05 15:10:52,88.0,78.0,6.0,4.0
2021-08-05 15:10:53,89.0,78.0,8.0,3.0
2021-08-05 15:10:54,86.0,76.0,6.0,4.0
2021-08-05 15:10:55,96.0,76.0,14.0,6.0
2021-08-05 15:10:56,74.0,66.0,7.0,1.0
2021-08-05 15:10:57,92.0,76.0,8.0,8.0
2021-08-05 15:10:58,70.0,58.0,3.0,9.0
2021-08-05 15:10:59,74.0,61.0,8.0,5.0
2021-08-05 15:11:00,85.0,75.0,5.0,5.0
2021-08-05 15:11:01,81.0,64.0,8.0,9.0
2021-08-05 15:11:02,83.0,69.0,8.0,6.0
2021-08-05 15:11:03,90.0,81.0,4.0,5.0
2021-08-05 15:11:04,74.0,68.0,3.0,3.0
2021-08-05 15:11:05,101.0,89.0,8.0,4.0
2021-08-05 15:11:06,94.0,81.0,9.0,4.0
2021-08-05 15:11:07,84.0,74.0,6.0,4.0
2021-08-05 15:11:08,79.0,73.0,4.0,2.0
2021-08-05 15:11:09,92.0,82.0,5.0,5.0
2021-08-05 15:11:10,71.0,62.0,5.0,4.0
2021-08-05 15:11:11,77.0,63.0,9.0,5.0
2021-08-05 15:11:12,79.0,66.0,7.0,6.0
2021-08-05 15:11:13,76.0,64.0,8.0,4.0
2021-08-05 15:11:14,70.0,60.0,8.0,2.0
2021-08-05 15:11:15,74.0,62.0,4.0,8.0
2021-08-05 15:11:16,82.0,76.0,3.0,3.0
2021-08-05 15:11:17,92.0,82.0,4.0,6.0
2021-08-05 15:11:18,80.0,69.0,7.0,4.0
2021-08-05 15:11:19,58.0,50.0,5.0,3.0
2021-08-05 15:11:20,69.0,60.0,4.0,5.0
2021-08-05 15:11:21,85.0,78.0,5.0,2.0
2021-08-05 15:11:22,77.0,69.0,4.0,4.0
2021-08-05 15:11:23,100.0,84.0,9.0,7.0
2021-08-05 15:11:24,76.0,64.0,9.0,3.0
2021-08-05 15:11:25,85.0,75.0,7.0,3.0
2021-08-05 15:11:26,74.0,66.0,5.0,3.0
2021-08-05 15:11:27,88.0,81.0,5.0,2.0
2021-08-05 15:11:28,91.0,80.0,8.0,3.0
2021-08-05 15:11:29,69.0,62.0,4.0,3.0
2021-08-05 15:11:30,83.0,70.0,7.0,6.0
2021-08-05 15:11:31,60.0,53.0,5.0,2.0
2021-08-05 15:11:32,89.0,84.0,3.0,2.0
2021-08-05 15:11:33,88.0,79.0,8.0,1.0
2021-08-05 15:11:34,73.0,60.0,9.0,4.0
2021-08-05 15:11:35,83.0,72.0,9.0,2.0
2021-08-05 15:11:36,85.0,67.0,8.0,10.0
2021-08-05 15:11:37,72.0,62.0,4.0,6.0
2021-08-05 15:11:38,69.0,65.0,3.0,1.0
2021-08-05 15:11:39,64.0,56.0,7.0,1.0
2021-08-05 15:11:40,67.0,59.0,3.0,5.0
2021-08-05 15:11:41,88.0,73.0,11.0,4.0
2021-08-05 15:11:42,66.0,61.0,3.0,2.0
2021-08-05 15:11:43,80.0,71.0,5.0,4.0
2021-08-05 15:11:44,69.0,59.0,7.0,3.0
2021-08-05 15:11:45,67.0,58.0,3.0,6.0
2021-08-05 15:11:46,83.0,76.0,5.0,2.0
2021-08-05 15:11:47,79.0,67.0,8.0,4.0
2021-08-05 15:11:48,80.0,70.0,7.0,3.0
2021-08-05 15:11:49,74.0,64.0,3.0,7.0
2021-08-05 15:11:50,79.0,69.0,5.0,5.0
2021-08-05 15:11:51,70.0,60.0,7.0,3.0
2021-08-05 15:11:52,82.0,71.0,7.0,4.0
2021-08-05 15:11:53,84.0,74.0,5.0,5.0
2021-08-05 15:11:54,74.0,63.0,5.0,6.0
2021-08-05 15:11:55,75.0,66.0,6.0,3.0
2021-08-05 15:11:56,58.0,54.0,2.0,2.0
2021-08-05 15:11:57,77.0,62.0,9.0,6.0
2021-08-05 15:11:58,84.0,74.0,6.0,4.0
2021-08-05 15:11:59,100.0,84.0,11.0,5.0
2021-08-05 15:12:00,75.0,63.0,6.0,6.0
2021-08-05 15:12:01,75.0,62.0,4.0,9.0
2021-08-05 15:12:02,102.0,91.0,8.0,3.0
2021-08-05 15:12:03,85.0,76.0,6.0,3.0
2021-08-05 15:12:04,79.0,72.0,4.0,3.0
2021-08-05 15:12:05,92.0,87.0,1.0,4.0
2021-08-05 15:12:06,91.0,74.0,9.0,8.0
2021-08-05 15:12:07,86.0,76.0,6.0,4.0
2021-08-05 15:12:08,77.0,64.0,9.0,4.0
2021-08-05 15:12:09,79.0,71.0,2.0,6.0
2021-08-05 15:12:10,70.0,57.0,6.0,7.0
2021-08-05 15:12:11,73.0,63.0,7.0,3.0
2021-08-05 15:12:12,74.0,66.0,3.0,5.0
2021-08-05 15:12:13,82.0,74.0,2.0,6.0
2021-08-05 15:12:14,77.0,65.0,7.0,5.0
2021-08-05 15:12:15,94.0,76.0,11.0,7.0
2021-08-05 15:12:16,80.0,68.0,9.0,3.0
2021-08-05 15:12:17,77.0,68.0,3.0,6.0
2021-08-05 15:12:18,87.0,75.0,10.0,2.0
2021-08-05 15:12:19,87.0,73.0,9.0,5.0
2021-08-05 15:12:20,69.0,57.0,5.0,7.0
2021-08-05 15:12:21,80.0,72.0,1.0,7.0
2021-08-05 15:12:22,71.0,64.0,3.0,4.0
2021-08-05 15:12:23,89.0,80.0,6.0,3.0
2021-08-05 15:12:24,77.0,66.0,6.0,5.0
2021-08-05 15:12:25,80.0,71.0,5.0,4.0
2021-08-05 15:12:26,89.0,80.0,6.0,3.0
2021-08-05 15:12:27,82.0,70.0,7.0,5.0
2021-08-05 15:12:28,97.0,82.0,8.0,7.0
2021-08-05 15:12:29,81.0,71.0,6.0,4.0
2021-08-05 15:12:30,87.0,79.0,5.0,3.0
2021-08-05 15:12:31,75.0,68.0,4.0,3.0
2021-08-05 15:12:32,89.0,69.0,16.0,4.0
2021-08-05 15:12:33,87.0,75.0,9.0,3.0
2021-08-05 15:12:34,84.0,70.0,9.0,5.0
2021-08-05 15:12:35,81.0,76.0,4.0,1.0
2021-08-05 15:12:36,66.0,56.0,6.0,4.0
2021-08-05 15:12:37,86.0,78.0,5.0,3.0
2021-08-05 15:12:38,81.0,71.0,5.0,5.0
2021-08-05 15:12:39,62.0,56.0,5.0,1.0
2021-08-05 15:12:40,69.0,59.0,4.0,6.0
2021-08-05 15:12:41,74.0,61.0,7.0,6.0
2021-08-05 15:12:42,93.0,81.0,7.0,5.0
2021-08-05 15:12:43,81.0,68.0,8.0,5.0
2021-08-05 15:12:44,80.0,69.0,8.0,3.0
2021-08-05 15:12:45,95.0,84.0,5.0,6.0
2021-08-05 15:12:46,79.0,71.0,7.0,1.0
2021-08-05 15:12:47,69.0,63.0,2.0,4.0
2021-08-05 15:12:48,82.0,77.0,1.0,4.0
2021-08-05 15:12:49,95.0,75.0,10.0,10.0
2021-08-05 15:12:50,74.0,62.0,11.0,1.0
2021-08-05 15:12:51,87.0,78.0,6.0,3.0
2021-08-05 15:12:52,80.0,73.0,4.0,3.0
2021-08-05 15:12:53,85.0,73.0,4.0,8.0
2021-08-05 15:12:54,95.0,89.0,4.0,2.0
2021-08-05 15:12:55,89.0,69.0,13.0,7.0
2021-08-05 15:12:56,81.0,71.0,5.0,5.0
2021-08-05 15:12:57,82.0,71.0,4.0,7.0
2021-08-05 15:12:58,85.0,74.0,7.0,4.0
2021-08-05 15:12:59,75.0,65.0,7.0,3.0
2021-08-05 15:13:00,60.0,55.0,4.0,1.0
2021-08-05 15:13:01,94.0,83.0,6.0,5.0
2021-08-05 15:13:02,60.0,55.0,3.0,2.0
2021-08-05 15:13:03,85.0,71.0,6.0,8.0
2021-08-05 15:13:04,79.0,69.0,7.0,3.0
2021-08-05 15:13:05,82.0,75.0,2.0,5.0
2021-08-05 15:13:06,67.0,57.0,3.0,7.0
2021-08-05 15:13:07,105.0,96.0,7.0,2.0
2021-08-05 15:13:08,72.0,60.0,6.0,6.0
2021-08-05 15:13:09,100.0,84.0,9.0,7.0
2021-08-05 15:13:10,104.0,94.0,5.0,5.0
2021-08-05 15:13:11,88.0,78.0,5.0,5.0
2021-08-05 15:13:12,78.0,68.0,4.0,6.0
2021-08-05 15:13:13,90.0,79.0,7.0,4.0
2021-08-05 15:13:14,84.0,72.0,6.0,6.0
2021-08-05 15:13:15,84.0,69.0,10.0,5.0
2021-08-05 15:13:16,75.0,62.0,7.0,6.0
2021-08-05 15:13:17,92.0,78.0,7.0,7.0
2021-08-05 15:13:18,81.0,64.0,12.0,5.0
2021-08-05 15:13:19,97.0,90.0,2.0,5.0
2021-08-05 15:13:20,81.0,66.0,10.0,5.0
2021-08-05 15:13:21,77.0,70.0,5.0,2.0
2021-08-05 15:13:22,77.0,70.0,4.0,3.0
2021-08-05 15:13:23,90.0,76.0,10.0,4.0
2021-08-05 15:13:24,76.0,66.0,8.0,2.0
2021-08-05 15:13:25,78.0,67.0,9.0,2.0
2021-08-05 15:13:26,96.0,84.0,6.0,6.0
2021-08-05 15:13:27,93.0,87.0,5.0,1.0
2021-08-05 15:13:28,98.0,90.0,6.0,2.0
2021-08-05 15:13:29,79.0,69.0,7.0,3.0
2021-08-05 15:13:30,82.0,79.0,2.0,1.0
2021-08-05 15:13:31,76.0,66.0,5.0,5.0
2021-08-05 15:13:32,89.0,78.0,8.0,3.0
2021-08-05 15:13:33,93.0,90.0,2.0,1.0
2021-08-05 15:13:34,65.0,58.0,4.0,3.0
2021-08-05 15:13:35,63.0,56.0,3.0,4.0
2021-08-05 15:13:36,69.0,56.0,8.0,5.0
2021-08-05 15:13:37,82.0,75.0,3.0,4.0
2021-08-05 15:13:38,96.0,83.0,10.0,3.0
2021-08-05 15:13:39,79.0,67.0,8.0,4.0
2021-08-05 15:13:40,80.0,69.0,4.0,7.0
2021-08-05 15:13:41,69.0,59.0,8.0,2.0
2021-08-05 15:13:42,86.0,73.0,7.0,6.0
2021-08-05 15:13:43,85.0,76.0,6.0,3.0
2021-08-05 15:13:44,91.0,73.0,13.0,5.0
2021-08-05 15:13:45,81.0,72.0,7.0,2.0
2021-08-05 15:13:46,83.0,71.0,10.0,2.0
2021-08-05 15:13:47,77.0,68.0,3.0,6.0
2021-08-05 15:13:48,76.0,62.0,12.0,2.0
2021-08-05 15:13:49,72.0,63.0,6.0,3.0
2021-08-05 15:13:50,93.0,80.0,9.0,4.0
2021-08-05 15:13:51,87.0,75.0,7.0,5.0
2021-08-05 15:13:52,78.0,74.0,2.0,2.0
2021-08-05 15:13:53,92.0,74.0,12.0,6.0
2021-08-05 15:13:54,68.0,64.0,4.0,0.0
2021-08-05 15:13:55,73.0,65.0,5.0,3.0
2021-08-05 15:13:56,88.0,71.0,12.0,5.0
2021-08-05 15:13:57,89.0,81.0,4.0,4.0
2021-08-05 15:13:58,78.0,67.0,8.0,3.0
2021-08-05 15:13:59,71.0,65.0,5.0,1.0
2021-08-05 15:14:00,71.0,63.0,5.0,3.0
2021-08-05 15:14:01,77.0,65.0,7.0,5.0
2021-08-05 15:14:02,85.0,78.0,4.0,3.0
2021-08-05 15:14:03,82.0,72.0,6.0,4.0
2021-08-05 15:14:04,73.0,58.0,9.0,6.0
2021-08-05 15:14:05,77.0,65.0,5.0,7.0
2021-08-05 15:14:06,79.0,69.0,6.0,4.0
2021-08-05 15:14:07,75.0,69.0,3.0,3.0
2021-08-05 15:14:08,89.0,80.0,4.0,5.0
2021-08-05 15:14:09,88.0,78.0,6.0,4.0
2021-08-05 15:14:10,94.0,86.0,4.0,4.0
2021-08-05 15:14:11,79.0,71.0,5.0,3.0
2021-08-05 15:14:12,90.0,81.0,5.0,4.0
2021-08-05 15:14:13,79.0,64.0,8.0,7.0
2021-08-05 15:14:14,98.0,85.0,10.0,3.0
2021-08-05 15:14:15,78.0,69.0,4.0,5.0
2021-08-05 15:14:16,80.0,71.0,5.0,4.0
2021-08-05 15:14:17,71.0,63.0,5.0,3.0
2021-08-05 15:14:18,79.0,68.0,5.0,6.0
2021-08-05 15:14:19,80.0,72.0,5.0,3.0
2021-08-05 15:14:20,66.0,59.0,5.0,2.0
2021-08-05 15:14:21,68.0,61.0,5.0,2.0
2021-08-05 15:14:22,80.0,68.0,10.0,2.0
2021-08-05 15:14:23,80.0,68.0,6.0,6.0
2021-08-05 15:14:24,75.0,67.0,3.0,5.0
2021-08-05 15:14:25,75.0,68.0,5.0,2.0
2021-08-05 15:14:26,88.0,77.0,6.0,5.0
2021-08-05 15:14:27,68.0,61.0,4.0,3.0
2021-08-05 15:14:28,82.0,69.0,7.0,6.0
2021-08-05 15:14:29,87.0,77.0,6.0,4.0
2021-08-05 15:14:30,84.0,75.0,8.0,1.0
2021-08-05 15:14:31,74.0,59.0,7.0,8.0
2021-08-05 15:14:32,72.0,67.0,3.0,2.0
2021-08-05 15:14:33,80.0,69.0,9.0,2.0
2021-08-05 15:14:34,86.0,76.0,8.0,2.0
2021-08-05 15:14:35,73.0,64.0,5.0,4.0
2021-08-05 15:14:36,62.0,55.0,4.0,3.0
2021-08-05 15:14:37,94.0,80.0,8.0,6.0
2021-08-05 15:14:38,86.0,81.0,5.0,0.0
2021-08-05 15:14:39,76.0,64.0,8.0,4.0
2021-08-05 15:14:40,77.0,62.0,10.0,5.0
2021-08-05 15:14:41,93.0,81.0,9.0,3.0
2021-08-05 15:14:42,72.0,59.0,8.0,5.0
2021-08-05 15:14:43,72.0,64.0,2.0,6.0
2021-08-05 15:14:44,81.0,66.0,8.0,7.0
2021-08-05 15:14:45,89.0,76.0,6.0,7.0
2021-08-05 15:14:46,83.0,66.0,12.0,5.0
2021-08-05 15:14:47,94.0,85.0,4.0,5.0
2021-08-05 15:14:48,71.0,59.0,9.0,3.0
2021-08-05 15:14:49,76.0,70.0,3.0,3.0
2021-08-05 15:14:50,88.0,78.0,7.0,3.0
2021-08-05 15:14:51,80.0,70.0,6.0,4.0
2021-08-05 15:14:52,86.0,77.0,6.0,3.0
2021-08-05 15:14:53,75.0,65.0,5.0,5.0
2021-08-05 15:14:54,77.0,69.0,6.0,2.0
2021-08-05 15:14:55,69.0,61.0,5.0,3.0
2021-08-05 15:14:56,74.0,66.0,5.0,3.0
2021-08-05 15:14:57,84.0,68.0,11.0,5.0
2021-08-05 15:14:58,75.0,68.0,5.0,2.0
2021-08-05 15:14:59,83.0,74.0,4.0,5.0
2021-08-05 15:15:00,75.0,64.0,5.0,6.0
2021-08-05 15:15:01,82.0,74.0,6.0,2.0
2021-08-05 15:15:02,84.0,73.0,8.0,3.0
2021-08-05 15:15:03,81.0,62.0,13.0,6.0
2021-08-05 15:15:04,73.0,66.0,5.0,2.0
2021-08-05 15:15:05,69.0,62.0,4.0,3.0
2021-08-05 15:15:06,82.0,71.0,6.0,5.0
2021-08-05 15:15:07,73.0,60.0,7.0,6.0
2021-08-05 15:15:08,82.0,72.0,6.0,4.0
2021-08-05 15:15:09,76.0,68.0,6.0,2.0
2021-08-05 15:15:10,63.0,52.0,5.0,6.0
2021-08-05 15:15:11,82.0,68.0,10.0,4.0
2021-08-05 15:15:12,81.0,71.0,5.0,5.0
2021-08-05 15:15:13,94.0,83.0,7.0,4.0
2021-08-05 15:15:14,68.0,58.0,5.0,5.0
2021-08-05 15:15:15,79.0,62.0,7.0,10.0
2021-08-05 15:15:16,73.0,65.0,4.0,4.0
2021-08-05 15:15:17,69.0,59.0,8.0,2.0
2021-08-05 15:15:18,64.0,55.0,6.0,3.0
2021-08-05 15:15:19,75.0,66.0,2.0,7.0
2021-08-05 15:15:20,76.0,68.0,6.0,2.0
2021-08-05 15:15:21,80.0,68.0,8.0,4.0
2021-08-05 15:15:22,76.0,66.0,8.0,2.0
2021-08-05 15:15:23,92.0,79.0,6.0,7.0
2021-08-05 15:15:24,80.0,70.0,6.0,4.0
2021-08-05 15:15:25,81.0,69.0,10.0,2.0
2021-08-05 15:15:26,65.0,53.0,6.0,6.0
2021-08-05 15:15:27,77.0,67.0,7.0,3.0
2021-08-05 15:15:28,71.0,65.0,4.0,2.0
2021-08-05 15:15:29,73.0,64.0,6.0,3.0
2021-08-05 15:15:30,70.0,63.0,5.0,2.0
2021-08-05 15:15:31,92.0,77.0,9.0,6.0
2021-08-05 15:15:32,82.0,72.0,7.0,3.0
2021-08-05 15:15:33,85.0,66.0,11.0,8.0
2021-08-05 15:15:34,67.0,56.0,11.0,0.0
2021-08-05 15:15:35,77.0,68.0,3.0,6.0
2021-08-05 15:15:36,85.0,75.0,5.0,5.0
2021-08-05 15:15:37,103.0,84.0,8.0,11.0
2021-08-05 15:15:38,88.0,79.0,5.0,4.0
2021-08-05 15:15:39,79.0,66.0,9.0,4.0
2021-08-05 15:15:40,82.0,68.0,11.0,3.0
2021-08-05 15:15:41,70.0,64.0,6.0,0.0
2021-08-05 15:15:42,92.0,73.0,13.0,6.0
2021-08-05 15:15:43,75.0,68.0,5.0,2.0
2021-08-05 15:15:44,95.0,81.0,8.0,6.0
2021-08-05 15:15:45,77.0,65.0,7.0,5.0
2021-08-05 15:15:46,76.0,68.0,4.0,4.0
2021-08-05 15:15:47,86.0,72.0,10.0,4.0
2021-08-05 15:15:48,73.0,67.0,3.0,3.0
2021-08-05 15:15:49,89.0,71.0,9.0,9.0
2021-08-05 15:15:50,91.0,76.0,9.0,6.0
2021-08-05 15:15:51,77.0,67.0,4.0,6.0
2021-08-05 15:15:52,82.0,71.0,6.0,5.0
2021-08-05 15:15:53,80.0,68.0,8.0,4.0
2021-08-05 15:15:54,76.0,71.0,5.0,0.0
2021-08-05 15:15:55,86.0,72.0,7.0,7.0
2021-08-05 15:15:56,77.0,66.0,7.0,4.0
2021-08-05 15:15:57,81.0,76.0,1.0,4.0
2021-08-05 15:15:58,75.0,64.0,7.0,4.0
2021-08-05 15:15:59,77.0,71.0,2.0,4.0
2021-08-05 15:16:00,70.0,59.0,7.0,4.0
2021-08-05 15:16:01,80.0,71.0,8.0,1.0
2021-08-05 15:16:02,88.0,75.0,7.0,6.0
2021-08-05 15:16:03,67.0,58.0,4.0,5.0
2021-08-05 15:16:04,79.0,67.0,11.0,1.0
2021-08-05 15:16:05,84.0,75.0,7.0,2.0
2021-08-05 15:16:06,87.0,74.0,9.0,4.0
2021-08-05 15:16:07,77.0,65.0,8.0,4.0
2021-08-05 15:16:08,85.0,68.0,9.0,8.0
2021-08-05 15:16:09,82.0,69.0,8.0,5.0
2021-08-05 15:16:10,83.0,72.0,5.0,6.0
2021-08-05 15:16:11,83.0,73.0,5.0,5.0
2021-08-05 15:16:12,77.0,72.0,3.0,2.0
2021-08-05 15:16:13,77.0,69.0,5.0,3.0
2021-08-05 15:16:14,94.0,80.0,8.0,6.0
2021-08-05 15:16:15,82.0,68.0,9.0,5.0
2021-08-05 15:16:16,81.0,74.0,2.0,5.0
2021-08-05 15:16:17,67.0,57.0,6.0,4.0
2021-08-05 15:16:18,83.0,70.0,4.0,9.0
2021-08-05 15:16:19,68.0,64.0,1.0,3.0
2021-08-05 15:16:20,86.0,76.0,4.0,6.0
2021-08-05 15:16:21,68.0,56.0,4.0,8.0
2021-08-05 15:16:22,88.0,78.0,2.0,8.0
2021-08-05 15:16:23,97.0,82.0,8.0,7.0
2021-08-05 15:16:24,69.0,62.0,4.0,3.0
2021-08-05 15:16:25,87.0,74.0,9.0,4.0
2021-08-05 15:16:26,74.0,60.0,10.0,4.0
2021-08-05 15:16:27,92.0,80.0,5.0,7.0
2021-08-05 15:16:28,87.0,73.0,8.0,6.0
2021-08-05 15:16:29,77.0,62.0,6.0,9.0
2021-08-05 15:16:30,91.0,80.0,8.0,3.0
2021-08-05 15:16:31,73.0,67.0,4.0,2.0
2021-08-05 15:16:32,79.0,67.0,9.0,3.0
2021-08-05 15:16:33,79.0,66.0,12.0,1.0
2021-08-05 15:16:34,75.0,71.0,1.0,3.0
2021-08-05 15:16:35,93.0,81.0,5.0,7.0
2021-08-05 15:16:36,86.0,75.0,7.0,4.0
2021-08-05 15:16:37,63.0,55.0,4.0,4.0
2021-08-05 15:16:38,80.0,72.0,4.0,4.0
2021-08-05 15:16:39,86.0,76.0,5.0,5.0
2021-08-05 15:16:40,81.0,70.0,9.0,2.0
2021-08-05 15:16:41,63.0,52.0,5.0,6.0
2021-08-05 15:16:42,86.0,72.0,8.0,6.0
2021-08-05 15:16:43,75.0,65.0,6.0,4.0
2021-08-05 15:16:44,88.0,77.0,5.0,6.0
2021-08-05 15:16:45,78.0,66.0,7.0,5.0
2021-08-05 15:16:46,87.0,68.0,11.0,8.0
2021-08-05 15:16:47,71.0,61.0,7.0,3.0
2021-08-05 15:16:48,96.0,83.0,7.0,6.0
2021-08-05 15:16:49,83.0,73.0,3.0,7.0
2021-08-05 15:16:50,79.0,72.0,4.0,3.0
2021-08-05 15:16:51,94.0,77.0,13.0,4.0
2021-08-05 15:16:52,70.0,63.0,4.0,3.0
2021-08-05 15:16:53,82.0,72.0,5.0,5.0
2021-08-05 15:16:54,82.0,73.0,7.0,2.0
2021-08-05 15:16:55,101.0,83.0,8.0,10.0
2021-08-05 15:16:56,77.0,61.0,11.0,5.0
2021-08-05 15:16:57,79.0,69.0,7.0,3.0
2021-08-05 15:16:58,78.0,69.0,7.0,2.0
2021-08-05 15:16:59,65.0,58.0,3.0,4.0
2021-08-05 15:17:00,66.0,60.0,5.0,1.0
2021-08-05 15:17:01,86.0,73.0,5.0,8.0
2021-08-05 15:17:02,70.0,58.0,11.0,1.0
2021-08-05 15:17:03,91.0,73.0,10.0,8.0
2021-08-05 15:17:04,70.0,61.0,5.0,4.0
2021-08-05 15:17:05,80.0,67.0,5.0,8.0
2021-08-05 15:17:06,79.0,73.0,4.0,2.0
2021-08-05 15:17:07,82.0,76.0,2.0,4.0
2021-08-05 15:17:08,80.0,71.0,2.0,7.0
2021-08-05 15:17:09,83.0,70.0,6.0,7.0
2021-08-05 15:17:10,77.0,63.0,8.0,6.0
2021-08-05 15:17:11,71.0,65.0,2.0,4.0
2021-08-05 15:17:12,90.0,82.0,4.0,4.0
2021-08-05 15:17:13,85.0,77.0,7.0,1.0
2021-08-05 15:17:14,79.0,68.0,7.0,4.0
2021-08-05 15:17:15,68.0,63.0,3.0,2.0
2021-08-05 15:17:16,65.0,57.0,4.0,4.0
2021-08-05 15:17:17,74.0,61.0,11.0,2.0
2021-08-05 15:17:18,78.0,63.0,13.0,2.0
2021-08-05 15:17:19,65.0,55.0,4.0,6.0
2021-08-05 15:17:20,85.0,70.0,8.0,7.0
2021-08-05 15:17:21,67.0,56.0,7.0,4.0
2021-08-05 15:17:22,93.0,84.0,4.0,5.0
2021-08-05 15:17:23,82.0,75.0,5.0,2.0
2021-08-05 15:17:24,101.0,86.0,9.0,6.0
2021-08-05 15:17:25,81.0,70.0,5.0,6.0
2021-08-05 15:17:26,65.0,57.0,5.0,3.0
2021-08-05 15:17:27,81.0,71.0,6.0,4.0
2021-08-05 15:17:28,70.0,63.0,5.0,2.0
2021-08-05 15:17:29,90.0,80.0,4.0,6.0
2021-08-05 15:17:30,76.0,66.0,4.0,6.0
2021-08-05 15:17:31,90.0,83.0,6.0,1.0
2021-08-05 15:17:32,72.0,62.0,6.0,4.0
2021-08-05 15:17:33,74.0,58.0,13.0,3.0
2021-08-05 15:17:34,79.0,69.0,4.0,6.0
2021-08-05 15:17:35,62.0,57.0,3.0,2.0
2021-08-05 15:17:36,79.0,64.0,10.0,5.0
2021-08-05 15:17:37,75.0,70.0,5.0,0.0
2021-08-05 15:17:38,73.0,59.0,7.0,7.0
2021-08-05 15:17:39,71.0,63.0,7.0,1.0
2021-08-05 15:17:40,92.0,79.0,8.0,5.0
2021-08-05 15:17:41,74.0,62.0,6.0,6.0
2021-08-05 15:17:42,82.0,71.0,6.0,5.0
2021-08-05 15:17:43,86.0,74.0,6.0,6.0
2021-08-05 15:17:44,66.0,55.0,5.0,6.0
2021-08-05 15:17:45,78.0,71.0,5.0,2.0
2021-08-05 15:17:46,73.0,60.0,11.0,2.0
2021-08-05 15:17:47,91.0,78.0,6.0,7.0
2021-08-05 15:17:48,76.0,66.0,5.0,5.0
2021-08-05 15:17:49,87.0,77.0,6.0,4.0
2021-08-05 15:17:50,74.0,65.0,5.0,4.0
2021-08-05 15:17:51,79.0,72.0,4.0,3.0
2021-08-05 15:17:52,82.0,67.0,8.0,7.0
2021-08-05 15:17:53,80.0,71.0,4.0,5.0
2021-08-05 15:17:54,78.0,68.0,7.0,3.0
2021-08-05 15:17:55,84.0,69.0,9.0,6.0
2021-08-05 15:17:56,71.0,59.0,5.0,7.0
2021-08-05 15:17:57,94.0,77.0,10.0,7.0
2021-08-05 15:17:58,80.0,64.0,7.0,9.0
2021-08-05 15:17:59,83.0,74.0,6.0,3.0
2021-08-05 15:18:00,86.0,75.0,6.0,5.0
2021-08-05 15:18:01,65.0,58.0,5.0,2.0
2021-08-05 15:18:02,85.0,73.0,6.0,6.0
2021-08-05 15:18:03,78.0,69.0,1.0,8.0
2021-08-05 15:18:04,83.0,68.0,10.0,5.0
2021-08-05 15:18:05,86.0,80.0,6.0,0.0
2021-08-05 15:18:06,82.0,71.0,4.0,7.0
2021-08-05 15:18:07,74.0,62.0,8.0,4.0
2021-08-05 15:18:08,85.0,74.0,6.0,5.0
2021-08-05 15:18:09,73.0,58.0,7.0,8.0
2021-08-05 15:18:10,93.0,86.0,3.0,4.0
2021-08-05 15:18:11,79.0,67.0,7.0,5.0
2021-08-05 15:18:12,97.0,82.0,7.0,8.0
2021-08-05 15:18:13,99.0,81.0,10.0,8.0
2021-08-05 15:18:14,92.0,78.0,5.0,9.0
2021-08-05 15:18:15,83.0,71.0,4.0,8.0
2021-08-05 15:18:16,92.0,79.0,9.0,4.0
2021-08-05 15:18:17,79.0,65.0,9.0,5.0
2021-08-05 15:18:18,93.0,82.0,6.0,5.0
2021-08-05 15:18:19,73.0,61.0,6.0,6.0
2021-08-05 15:18:20,76.0,68.0,7.0,1.0
2021-08-05 15:18:21,70.0,61.0,7.0,2.0
2021-08-05 15:18:22,83.0,72.0,6.0,5.0
2021-08-05 15:18:23,77.0,61.0,9.0,7.0
2021-08-05 15:18:24,77.0,66.0,8.0,3.0
2021-08-05 15:18:25,69.0,52.0,14.0,3.0
2021-08-05 15:18:26,75.0,64.0,7.0,4.0
2021-08-05 15:18:27,80.0,68.0,9.0,3.0
2021-08-05 15:18:28,84.0,77.0,3.0,4.0
2021-08-05 15:18:29,75.0,65.0,4.0,6.0
2021-08-05 15:18:30,73.0,66.0,6.0,1.0
2021-08-05 15:18:31,84.0,76.0,3.0,5.0
2021-08-05 15:18:32,73.0,64.0,7.0,2.0
2021-08-05 15:18:33,69.0,60.0,4.0,5.0
2021-08-05 15:18:34,70.0,64.0,3.0,3.0
2021-08-05 15:18:35,87.0,79.0,5.0,3.0
2021-08-05 15:18:36,81.0,74.0,4.0,3.0
2021-08-05 15:18:37,85.0,76.0,6.0,3.0
2021-08-05 15:18:38,81.0,71.0,4.0,6.0
2021-08-05 15:18:39,94.0,83.0,9.0,2.0
2021-08-05 15:18:40,69.0,54.0,7.0,8.0
2021-08-05 15:18:41,97.0,88.0,7.0,2.0
2021-08-05 15:18:42,87.0,74.0,8.0,5.0
2021-08-05 15:18:43,71.0,66.0,4.0,1.0
2021-08-05 15:18:44,74.0,67.0,6.0,1.0
2021-08-05 15:18:45,84.0,69.0,10.0,5.0
2021-08-05 15:18:46,81.0,72.0,7.0,2.0
2021-08-05 15:18:47,93.0,79.0,8.0,6.0
2021-08-05 15:18:48,80.0,70.0,5.0,5.0
2021-08-05 15:18:49,66.0,62.0,4.0,0.0
2021-08-05 15:18:50,76.0,70.0,4.0,2.0
2021-08-05 15:18:51,66.0,57.0,6.0,3.0
2021-08-05 15:18:52,76.0,71.0,3.0,2.0
2021-08-05 15:18:53,81.0,75.0,3.0,3.0
2021-08-05 15:18:54,75.0,66.0,6.0,3.0
2021-08-05 15:18:55,88.0,80.0,6.0,2.0
2021-08-05 15:18:56,74.0,66.0,6.0,2.0
2021-08-05 15:18:57,66.0,57.0,3.0,6.0
2021-08-05 15:18:58,78.0,69.0,6.0,3.0
2021-08-05 15:18:59,76.0,72.0,3.0,1.0
2021-08-05 15:19:00,90.0,79.0,5.0,6.0
2021-08-05 15:19:01,84.0,76.0,4.0,4.0
2021-08-05 15:19:02,63.0,54.0,5.0,4.0
2021-08-05 15:19:03,92.0,80.0,8.0,4.0
2021-08-05 15:19:04,83.0,71.0,8.0,4.0
2021-08-05 15:19:05,91.0,80.0,7.0,4.0
2021-08-05 15:19:06,74.0,67.0,3.0,4.0
2021-08-05 15:19:07,75.0,67.0,5.0,3.0
2021-08-05 15:19:08,77.0,58.0,13.0,6.0
2021-08-05 15:19:09,66.0,55.0,7.0,4.0
2021-08-05 15:19:10,105.0,88.0,11.0,6.0
2021-08-05 15:19:11,78.0,66.0,7.0,5.0
2021-08-05 15:19:12,75.0,67.0,4.0,4.0
2021-08-05 15:19:13,67.0,56.0,10.0,1.0
2021-08-05 15:19:14,73.0,60.0,6.0,7.0
2021-08-05 15:19:15,86.0,70.0,10.0,6.0
2021-08-05 15:19:16,88.0,73.0,9.0,6.0
2021-08-05 15:19:17,74.0,66.0,4.0,4.0
2021-08-05 15:19:18,76.0,69.0,5.0,2.0
2021-08-05 15:19:19,74.0,67.0,4.0,3.0
2021-08-05 15:19:20,80.0,62.0,11.0,7.0
2021-08-05 15:19:21,76.0,62.0,11.0,3.0
2021-08-05 15:19:22,75.0,69.0,3.0,3.0
2021-08-05 15:19:23,80.0,70.0,7.0,3.0
2021-08-05 15:19:24,72.0,62.0,6.0,4.0
2021-08-05 15:19:25,74.0,60.0,7.0,7.0
2021-08-05 15:19:26,80.0,69.0,7.0,4.0
2021-08-05 15:19:27,82.0,72.0,4.0,6.0
2021-08-05 15:19:28,94.0,85.0,6.0,3.0
2021-08-05 15:19:29,83.0,70.0,6.0,7.0
2021-08-05 15:19:30,80.0,71.0,5.0,4.0
2021-08-05 15:19:31,96.0,83.0,5.0,8.0
2021-08-05 15:19:32,86.0,77.0,7.0,2.0
2021-08-05 15:19:33,84.0,69.0,9.0,6.0
2021-08-05 15:19:34,82.0,68.0,11.0,3.0
2021-08-05 15:19:35,77.0,68.0,5.0,4.0
2021-08-05 15:19:36,86.0,75.0,5.0,6.0
2021-08-05 15:19:37,66.0,55.0,6.0,5.0
2021-08-05 15:19:38,79.0,70.0,5.0,4.0
2021-08-05 15:19:39,79.0,68.0,6.0,5.0
2021-08-05 15:19:40,84.0,73.0,7.0,4.0
2021-08-05 15:19:41,75.0,62.0,9.0,4.0
2021-08-05 15:19:42,78.0,70.0,3.0,5.0
2021-08-05 15:19:43,78.0,70.0,3.0,5.0
2021-08-05 15:19:44,93.0,79.0,11.0,3.0
2021-08-05 15:19:45,82.0,71.0,8.0,3.0
2021-08-05 15:19:46,76.0,65.0,2.0,9.0
2021-08-05 15:19:47,77.0,71.0,4.0,2.0
2021-08-05 15:19:48,78.0,71.0,4.0,3.0
2021-08-05 15:19:49,75.0,64.0,5.0,6.0
2021-08-05 15:19:50,92.0,81.0,4.0,7.0
2021-08-05 15:19:51,68.0,58.0,5.0,5.0
2021-08-05 15:19:52,76.0,67.0,6.0,3.0
2021-08-05 15:19:53,86.0,74.0,5.0,7.0
2021-08-05 15:19:54,72.0,61.0,6.0,5.0
2021-08-05 15:19:55,79.0,70.0,4.0,5.0
2021-08-05 15:19:56,69.0,63.0,1.0,5.0
2021-08-05 15:19:57,83.0,73.0,5.0,5.0
2021-08-05 15:19:58,64.0,56.0,4.0,4.0
2021-08-05 15:19:59,79.0,71.0,2.0,6.0
2021-08-05 15:20:00,86.0,75.0,8.0,3.0
2021-08-05 15:20:01,79.0,69.0,3.0,7.0
2021-08-05 15:20:02,75.0,71.0,1.0,3.0
2021-08-05 15:20:03,75.0,68.0,6.0,1.0
2021-08-05 15:20:04,97.0,83.0,11.0,3.0
2021-08-05 15:20:05,85.0,74.0,8.0,3.0
2021-08-05 15:20:06,70.0,62.0,5.0,3.0
2021-08-05 15:20:07,82.0,67.0,9.0,6.0
2021-08-05 15:20:08,67.0,58.0,6.0,3.0
2021-08-05 15:20:09,78.0,71.0,6.0,1.0
2021-08-05 15:20:10,74.0,64.0,7.0,3.0
2021-08-05 15:20:11,81.0,74.0,3.0,4.0
2021-08-05 15:20:12,99.0,84.0,6.0,9.0
2021-08-05 15:20:13,82.0,75.0,4.0,3.0
2021-08-05 15:20:14,96.0,91.0,2.0,3.0
2021-08-05 15:20:15,76.0,68.0,2.0,6.0
2021-08-05 15:20:16,80.0,72.0,4.0,4.0
2021-08-05 15:20:17,87.0,74.0,9.0,4.0
2021-08-05 15:20:18,70.0,58.0,7.0,5.0
2021-08-05 15:20:19,78.0,75.0,2.0,1.0
2021-08-05 15:20:20,76.0,68.0,7.0,1.0
2021-08-05 15:20:21,92.0,80.0,9.0,3.0
2021-08-05 15:20:22,82.0,71.0,7.0,4.0
2021-08-05 15:20:23,88.0,76.0,10.0,2.0
2021-08-05 15:20:24,101.0,84.0,7.0,10.0
2021-08-05 15:20:25,95.0,84.0,6.0,5.0
2021-08-05 15:20:26,86.0,71.0,7.0,8.0
2021-08-05 15:20:27,83.0,72.0,7.0,4.0
2021-08-05 15:20:28,81.0,71.0,6.0,4.0
2021-08-05 15:20:29,84.0,73.0,8.0,3.0
2021-08-05 15:20:30,59.0,53.0,2.0,4.0
2021-08-05 15:20:31,81.0,72.0,7.0,2.0
2021-08-05 15:20:32,93.0,81.0,8.0,4.0
2021-08-05 15:20:33,78.0,64.0,7.0,7.0
2021-08-05 15:20:34,75.0,65.0,5.0,5.0
2021-08-05 15:20:35,74.0,66.0,5.0,3.0
2021-08-05 15:20:36,90.0,78.0,5.0,7.0
2021-08-05 15:20:37,69.0,60.0,6.0,3.0
2021-08-05 15:20:38,81.0,75.0,5.0,1.0
2021-08-05 15:20:39,92.0,82.0,7.0,3.0
2021-08-05 15:20:40,75.0,69.0,4.0,2.0
2021-08-05 15:20:41,74.0,65.0,5.0,4.0
2021-08-05 15:20:42,93.0,83.0,9.0,1.0
2021-08-05 15:20:43,74.0,61.0,7.0,6.0
2021-08-05 15:20:44,71.0,63.0,3.0,5.0
2021-08-05 15:20:45,70.0,64.0,1.0,5.0
2021-08-05 15:20:46,79.0,71.0,7.0,1.0
2021-08-05 15:20:47,84.0,70.0,6.0,8.0
2021-08-05 15:20:48,76.0,69.0,3.0,4.0
2021-08-05 15:20:49,90.0,83.0,5.0,2.0
2021-08-05 15:20:50,73.0,68.0,1.0,4.0
2021-08-05 15:20:51,76.0,64.0,8.0,4.0
2021-08-05 15:20:52,73.0,67.0,3.0,3.0
2021-08-05 15:20:53,94.0,85.0,5.0,4.0
2021-08-05 15:20:54,77.0,66.0,8.0,3.0
2021-08-05 15:20:55,79.0,68.0,6.0,5.0
2021-08-05 15:20:56,70.0,55.0,9.0,6.0
2021-08-05 15:20:57,79.0,68.0,8.0,3.0
2021-08-05 15:20:58,58.0,50.0,5.0,3.0
2021-08-05 15:20:59,80.0,72.0,5.0,3.0
2021-08-05 15:21:00,85.0,72.0,9.0,4.0
2021-08-05 15:21:01,85.0,70.0,5.0,10.0
2021-08-05 15:21:02,79.0,70.0,5.0,4.0
2021-08-05 15:21:03,88.0,75.0,8.0,5.0
2021-08-05 15:21:04,82.0,77.0,4.0,1.0
2021-08-05 15:21:05,84.0,73.0,8.0,3.0
2021-08-05 15:21:06,84.0,72.0,7.0,5.0
2021-08-05 15:21:07,92.0,78.0,11.0,3.0
2021-08-05 15:21:08,69.0,60.0,6.0,3.0
2021-08-05 15:21:09,71.0,61.0,3.0,7.0
2021-08-05 15:21:10,87.0,80.0,4.0,3.0
2021-08-05 15:21:11,86.0,76.0,7.0,3.0
2021-08-05 15:21:12,88.0,73.0,7.0,8.0
2021-08-05 15:21:13,77.0,65.0,7.0,5.0
2021-08-05 15:21:14,79.0,72.0,7.0,0.0
2021-08-05 15:21:15,73.0,63.0,6.0,4.0
2021-08-05 15:21:16,82.0,67.0,11.0,4.0
2021-08-05 15:21:17,82.0,73.0,5.0,4.0
2021-08-05 15:21:18,84.0,73.0,5.0,6.0
2021-08-05 15:21:19,85.0,77.0,6.0,2.0
2021-08-05 15:21:20,74.0,63.0,5.0,6.0
2021-08-05 15:21:21,77.0,66.0,7.0,4.0
2021-08-05 15:21:22,69.0,58.0,6.0,5.0
2021-08-05 15:21:23,70.0,60.0,5.0,5.0
2021-08-05 15:21:24,77.0,68.0,5.0,4.0
2021-08-05 15:21:25,85.0,74.0,9.0,2.0
2021-08-05 15:21:26,60.0,54.0,4.0,2.0
2021-08-05 15:21:27,90.0,78.0,7.0,5.0
2021-08-05 15:21:28,73.0,60.0,11.0,2.0
2021-08-05 15:21:29,69.0,61.0,4.0,4.0
2021-08-05 15:21:30,80.0,69.0,7.0,4.0
2021-08-05 15:21:31,93.0,81.0,6.0,6.0
2021-08-05 15:21:32,92.0,76.0,9.0,7.0
2021-08-05 15:21:33,71.0,62.0,7.0,2.0
2021-08-05 15:21:34,81.0,70.0,6.0,5.0
2021-08-05 15:21:35,101.0,89.0,6.0,6.0
2021-08-05 15:21:36,62.0,56.0,2.0,4.0
2021-08-05 15:21:37,74.0,64.0,6.0,4.0
2021-08-05 15:21:38,82.0,69.0,8.0,5.0
2021-08-05 15:21:39,71.0,61.0,8.0,2.0
2021-08-05 15:21:40,82.0,72.0,4.0,6.0
2021-08-05 15:21:41,98.0,80.0,10.0,8.0
2021-08-05 15:21:42,74.0,64.0,6.0,4.0
2021-08-05 15:21:43,75.0,67.0,4.0,4.0
2021-08-05 15:21:44,82.0,76.0,4.0,2.0
2021-08-05 15:21:45,77.0,66.0,8.0,3.0
2021-08-05 15:21:46,60.0,57.0,0.0,3.0
2021-08-05 15:21:47,93.0,81.0,9.0,3.0
2021-08-05 15:21:48,77.0,74.0,2.0,1.0
2021-08-05 15:21:49,82.0,74.0,5.0,3.0
2021-08-05 15:21:50,85.0,73.0,9.0,3.0
2021-08-05 15:21:51,94.0,77.0,11.0,6.0
2021-08-05 15:21:52,87.0,75.0,10.0,2.0
2021-08-05 15:21:53,90.0,82.0,4.0,4.0
2021-08-05 15:21:54,103.0,88.0,12.0,3.0
2021-08-05 15:21:55,85.0,81.0,2.0,2.0
2021-08-05 15:21:56,80.0,73.0,2.0,5.0
2021-08-05 15:21:57,94.0,82.0,5.0,7.0
2021-08-05 15:21:58,74.0,60.0,8.0,6.0
2021-08-05 15:21:59,77.0,68.0,4.0,5.0
2021-08-05 15:22:00,71.0,61.0,5.0,5.0
2021-08-05 15:22:01,88.0,81.0,3.0,4.0
2021-08-05 15:22:02,74.0,65.0,8.0,1.0
2021-08-05 15:22:03,87.0,73.0,11.0,3.0
2021-08-05 15:22:04,79.0,64.0,11.0,4.0
2021-08-05 15:22:05,66.0,59.0,4.0,3.0
2021-08-05 15:22:06,70.0,60.0,6.0,4.0
2021-08-05 15:22:07,63.0,54.0,5.0,4.0
2021-08-05 15:22:08,76.0,65.0,10.0,1.0
2021-08-05 15:22:09,94.0,80.0,10.0,4.0
2021-08-05 15:22:10,103.0,90.0,7.0,6.0
2021-08-05 15:22:11,81.0,70.0,8.0,3.0
2021-08-05 15:22:12,70.0,55.0,8.0,7.0
2021-08-05 15:22:13,63.0,56.0,6.0,1.0
2021-08-05 15:22:14,79.0,73.0,6.0,0.0
2021-08-05 15:22:15,82.0,70.0,6.0,6.0
2021-08-05 15:22:16,70.0,60.0,6.0,4.0
2021-08-05 15:22:17,81.0,61.0,12.0,8.0
2021-08-05 15:22:18,79.0,74.0,2.0,3.0
2021-08-05 15:22:19,77.0,66.0,6.0,5.0
2021-08-05 15:22:20,61.0,53.0,5.0,3.0
2021-08-05 15:22:21,82.0,75.0,5.0,2.0
2021-08-05 15:22:22,82.0,74.0,6.0,2.0
2021-08-05 15:22:23,94.0,85.0,6.0,3.0
2021-08-05 15:22:24,78.0,71.0,3.0,4.0
2021-08-05 15:22:25,75.0,69.0,4.0,2.0
2021-08-05 15:22:26,75.0,64.0,6.0,5.0
2021-08-05 15:22:27,87.0,76.0,9.0,2.0
2021-08-05 15:22:28,84.0,74.0,5.0,5.0
2021-08-05 15:22:29,100.0,91.0,7.0,2.0
2021-08-05 15:22:30,71.0,62.0,8.0,1.0
2021-08-05 15:22:31,91.0,78.0,11.0,2.0
2021-08-05 15:22:32,89.0,75.0,9.0,5.0
2021-08-05 15:22:33,74.0,61.0,7.0,6.0
2021-08-05 15:22:34,61.0,54.0,5.0,2.0
2021-08-05 15:22:35,77.0,68.0,6.0,3.0
2021-08-05 15:22:36,79.0,69.0,8.0,2.0
2021-08-05 15:22:37,91.0,70.0,11.0,10.0
2021-08-05 15:22:38,69.0,61.0,5.0,3.0
2021-08-05 15:22:39,62.0,54.0,4.0,4.0
2021-08-05 15:22:40,87.0,75.0,6.0,6.0
2021-08-05 15:22:41,93.0,80.0,9.0,4.0
2021-08-05 15:22:42,75.0,61.0,10.0,4.0
2021-08-05 15:22:43,72.0,60.0,10.0,2.0
2021-08-05 15:22:44,70.0,62.0,3.0,5.0
2021-08-05 15:22:45,99.0,85.0,8.0,6.0
2021-08-05 15:22:46,84.0,76.0,6.0,2.0
2021-08-05 15:22:47,79.0,70.0,4.0,5.0
2021-08-05 15:22:48,74.0,63.0,8.0,3.0
2021-08-05 15:22:49,64.0,50.0,9.0,5.0
2021-08-05 15:22:50,71.0,60.0,9.0,2.0
2021-08-05 15:22:51,73.0,60.0,8.0,5.0
2021-08-05 15:22:52,88.0,72.0,8.0,8.0
2021-08-05 15:22:53,72.0,61.0,6.0,5.0
2021-08-05 15:22:54,75.0,60.0,10.0,5.0
2021-08-05 15:22:55,81.0,67.0,8.0,6.0
2021-08-05 15:22:56,75.0,60.0,9.0,6.0
2021-08-05 15:22:57,75.0,65.0,8.0,2.0
2021-08-05 15:22:58,81.0,74.0,6.0,1.0
2021-08-05 15:22:59,89.0,76.0,9.0,4.0
2021-08-05 15:23:00,70.0,58.0,9.0,3.0
2021-08-05 15:23:01,85.0,69.0,9.0,7.0
2021-08-05 15:23:02,91.0,81.0,7.0,3.0
2021-08-05 15:23:03,64.0,56.0,6.0,2.0
2021-08-05 15:23:04,90.0,76.0,8.0,6.0
2021-08-05 15:23:05,74.0,63.0,7.0,4.0
2021-08-05 15:23:06,89.0,78.0,7.0,4.0
2021-08-05 15:23:07,75.0,61.0,13.0,1.0
2021-08-05 15:23:08,85.0,77.0,5.0,3.0
2021-08-05 15:23:09,85.0,70.0,12.0,3.0
2021-08-05 15:23:10,74.0,66.0,5.0,3.0
2021-08-05 15:23:11,90.0,75.0,6.0,9.0
2021-08-05 15:23:12,80.0,67.0,3.0,10.0
2021-08-05 15:23:13,73.0,63.0,4.0,6.0
2021-08-05 15:23:14,79.0,70.0,6.0,3.0
2021-08-05 15:23:15,88.0,76.0,10.0,2.0
2021-08-05 15:23:16,95.0,85.0,4.0,6.0
2021-08-05 15:23:17,78.0,68.0,4.0,6.0
2021-08-05 15:23:18,63.0,56.0,4.0,3.0
2021-08-05 15:23:19,75.0,61.0,10.0,4.0
2021-08-05 15:23:20,71.0,66.0,3.0,2.0
2021-08-05 15:23:21,86.0,79.0,4.0,3.0
2021-08-05 15:23:22,88.0,78.0,9.0,1.0
2021-08-05 15:23:23,82.0,73.0,4.0,5.0
2021-08-05 15:23:24,87.0,81.0,6.0,0.0
2021-08-05 15:23:25,94.0,83.0,7.0,4.0
2021-08-05 15:23:26,84.0,74.0,8.0,2.0
2021-08-05 15:23:27,73.0,67.0,3.0,3.0
2021-08-05 15:23:28,63.0,57.0,3.0,3.0
2021-08-05 15:23:29,78.0,71.0,4.0,3.0
2021-08-05 15:23:30,77.0,67.0,4.0,6.0
2021-08-05 15:23:31,79.0,73.0,4.0,2.0
2021-08-05 15:23:32,81.0,71.0,3.0,7.0
2021-08-05 15:23:33,75.0,69.0,4.0,2.0
2021-08-05 15:23:34,91.0,80.0,6.0,5.0
2021-08-05 15:23:35,89.0,78.0,7.0,4.0
2021-08-05 15:23:36,81.0,71.0,4.0,6.0
2021-08-05 15:23:37,79.0,65.0,8.0,6.0
2021-08-05 15:23:38,75.0,68.0,5.0,2.0
2021-08-05 15:23:39,84.0,75.0,5.0,4.0
2021-08-05 15:23:40,70.0,64.0,3.0,3.0
2021-08-05 15:23:41,73.0,66.0,5.0,2.0
2021-08-05 15:23:42,78.0,70.0,4.0,4.0
2021-08-05 15:23:43,94.0,76.0,9.0,9.0
2021-08-05 15:23:44,83.0,72.0,10.0,1.0
2021-08-05 15:23:45,85.0,69.0,8.0,8.0
2021-08-05 15:23:46,90.0,79.0,8.0,3.0
2021-08-05 15:23:47,76.0,67.0,4.0,5.0
2021-08-05 15:23:48,74.0,67.0,3.0,4.0
2021-08-05 15:23:49,79.0,67.0,7.0,5.0
2021-08-05 15:23:50,75.0,67.0,3.0,5.0
2021-08-05 15:23:51,77.0,66.0,8.0,3.0
2021-08-05 15:23:52,66.0,59.0,3.0,4.0
2021-08-05 15:23:53,72.0,65.0,5.0,2.0
2021-08-05 15:23:54,81.0,71.0,5.0,5.0
2021-08-05 15:23:55,86.0,80.0,3.0,3.0
2021-08-05 15:23:56,70.0,65.0,3.0,2.0
2021-08-05 15:23:57,73.0,66.0,3.0,4.0
2021-08-05 15:23:58,68.0,61.0,4.0,3.0
2021-08-05 15:23:59,79.0,66.0,8.0,5.0
2021-08-05 15:24:00,81.0,68.0,7.0,6.0
2021-08-05 15:24:01,91.0,83.0,5.0,3.0
2021-08-05 15:24:02,77.0,68.0,7.0,2.0
2021-08-05 15:24:03,79.0,69.0,7.0,3.0
2021-08-05 15:24:04,72.0,62.0,8.0,2.0
2021-08-05 15:24:05,90.0,74.0,13.0,3.0
2021-08-05 15:24:06,87.0,78.0,2.0,7.0
2021-08-05 15:24:07,78.0,68.0,7.0,3.0
2021-08-05 15:24:08,84.0,77.0,3.0,4.0
2021-08-05 15:24:09,78.0,65.0,8.0,5.0
2021-08-05 15:24:10,69.0,60.0,6.0,3.0
2021-08-05 15:24:11,83.0,74.0,6.0,3.0
2021-08-05 15:24:12,85.0,74.0,7.0,4.0
2021-08-05 15:24:13,81.0,72.0,5.0,4.0
2021-08-05 15:24:14,78.0,64.0,5.0,9.0
2021-08-05 15:24:15,72.0,59.0,10.0,3.0
2021-08-05 15:24:16,84.0,74.0,5.0,5.0
2021-08-05 15:24:17,81.0,71.0,6.0,4.0
2021-08-05 15:24:18,72.0,62.0,6.0,4.0
2021-08-05 15:24:19,82.0,70.0,9.0,3.0
2021-08-05 15:24:20,77.0,65.0,9.0,3.0
2021-08-05 15:24:21,77.0,63.0,9.0,5.0
2021-08-05 15:24:22,82.0,71.0,6.0,5.0
2021-08-05 15:24:23,86.0,76.0,7.0,3.0
2021-08-05 15:24:24,75.0,66.0,7.0,2.0
2021-08-05 15:24:25,61.0,54.0,4.0,3.0
2021-08-05 15:24:26,77.0,65.0,10.0,2.0
2021-08-05 15:24:27,73.0,65.0,7.0,1.0
2021-08-05 15:24:28,61.0,51.0,7.0,3.0
2021-08-05 15:24:29,78.0,66.0,7.0,5.0
2021-08-05 15:24:30,81.0,72.0,3.0,6.0
2021-08-05 15:24:31,80.0,71.0,4.0,5.0
2021-08-05 15:24:32,67.0,59.0,3.0,5.0
2021-08-05 15:24:33,78.0,66.0,5.0,7.0
2021-08-05 15:24:34,78.0,67.0,6.0,5.0
2021-08-05 15:24:35,81.0,66.0,7.0,8.0
2021-08-05 15:24:36,79.0,68.0,5.0,6.0
2021-08-05 15:24:37,71.0,63.0,6.0,2.0
2021-08-05 15:24:38,76.0,63.0,8.0,5.0
2021-08-05 15:24:39,85.0,77.0,5.0,3.0
2021-08-05 15:24:40,90.0,73.0,8.0,9.0
2021-08-05 15:24:41,90.0,74.0,8.0,8.0
2021-08-05 15:24:42,61.0,55.0,3.0,3.0
2021-08-05 15:24:43,77.0,60.0,8.0,9.0
2021-08-05 15:24:44,77.0,68.0,7.0,2.0
2021-08-05 15:24:45,82.0,75.0,5.0,2.0
2021-08-05 15:24:46,68.0,56.0,10.0,2.0
2021-08-05 15:24:47,78.0,65.0,7.0,6.0
2021-08-05 15:24:48,86.0,76.0,5.0,5.0
2021-08-05 15:24:49,83.0,76.0,4.0,3.0
2021-08-05 15:24:50,70.0,62.0,5.0,3.0
2021-08-05 15:24:51,94.0,81.0,7.0,6.0
2021-08-05 15:24:52,85.0,77.0,3.0,5.0
2021-08-05 15:24:53,80.0,72.0,4.0,4.0
2021-08-05 15:24:54,82.0,74.0,6.0,2.0
2021-08-05 15:24:55,74.0,62.0,8.0,4.0
2021-08-05 15:24:56,80.0,70.0,6.0,4.0
2021-08-05 15:24:57,82.0,68.0,8.0,6.0
2021-08-05 15:24:58,83.0,79.0,2.0,2.0
2021-08-05 15:24:59,78.0,64.0,9.0,5.0
2021-08-05 15:25:00,89.0,76.0,11.0,2.0
2021-08-05 15:25:01,107.0,86.0,12.0,9.0
2021-08-05 15:25:02,66.0,58.0,4.0,4.0
2021-08-05 15:25:03,85.0,74.0,7.0,4.0
2021-08-05 15:25:04,89.0,73.0,9.0,7.0
2021-08-05 15:25:05,80.0,67.0,7.0,6.0
2021-08-05 15:25:06,79.0,69.0,6.0,4.0
2021-08-05 15:25:07,96.0,87.0,5.0,4.0
2021-08-05 15:25:08,85.0,73.0,6.0,6.0
2021-08-05 15:25:09,84.0,72.0,7.0,5.0
2021-08-05 15:25:10,82.0,73.0,6.0,3.0
2021-08-05 15:25:11,85.0,78.0,5.0,2.0
2021-08-05 15:25:12,72.0,65.0,4.0,3.0
2021-08-05 15:25:13,82.0,68.0,6.0,8.0
2021-08-05 15:25:14,76.0,67.0,7.0,2.0
2021-08-05 15:25:15,78.0,66.0,7.0,5.0
2021-08-05 15:25:16,77.0,63.0,12.0,2.0
2021-08-05 15:25:17,98.0,87.0,5.0,6.0
2021-08-05 15:25:18,67.0,57.0,6.0,4.0
2021-08-05 15:25:19,82.0,72.0,5.0,5.0
2021-08-05 15:25:20,76.0,68.0,4.0,4.0
2021-08-05 15:25:21,71.0,65.0,2.0,4.0
2021-08-05 15:25:22,82.0,73.0,5.0,4.0
2021-08-05 15:25:23,91.0,76.0,10.0,5.0
2021-08-05 15:25:24,94.0,83.0,5.0,6.0
2021-08-05 15:25:25,74.0,65.0,8.0,1.0
2021-08-05 15:25:26,78.0,68.0,7.0,3.0
2021-08-05 15:25:27,87.0,81.0,3.0,3.0
2021-08-05 15:25:28,71.0,57.0,7.0,7.0
2021-08-05 15:25:29,72.0,59.0,11.0,2.0
2021-08-05 15:25:30,83.0,75.0,6.0,2.0
2021-08-05 15:25:31,64.0,58.0,2.0,4.0
2021-08-05 15:25:32,89.0,73.0,9.0,7.0
2021-08-05 15:25:33,80.0,68.0,10.0,2.0
2021-08-05 15:25:34,101.0,86.0,7.0,8.0
2021-08-05 15:25:35,82.0,77.0,3.0,2.0
2021-08-05 15:25:36,75.0,65.0,6.0,4.0
2021-08-05 15:25:37,88.0,71.0,12.0,5.0
2021-08-05 15:25:38,86.0,81.0,3.0,2.0
2021-08-05 15:25:39,68.0,54.0,10.0,4.0
2021-08-05 15:25:40,64.0,58.0,2.0,4.0
2021-08-05 15:25:41,104.0,84.0,10.0,10.0
2021-08-05 15:25:42,72.0,62.0,5.0,5.0
2021-08-05 15:25:43,75.0,64.0,6.0,5.0
2021-08-05 15:25:44,85.0,76.0,7.0,2.0
2021-08-05 15:25:45,79.0,68.0,7.0,4.0
2021-08-05 15:25:46,76.0,68.0,4.0,4.0
2021-08-05 15:25:47,82.0,65.0,9.0,8.0
2021-08-05 15:25:48,83.0,70.0,7.0,6.0
2021-08-05 15:25:49,93.0,87.0,3.0,3.0
2021-08-05 15:25:50,78.0,68.0,5.0,5.0
2021-08-05 15:25:51,106.0,95.0,8.0,3.0
2021-08-05 15:25:52,93.0,77.0,14.0,2.0
2021-08-05 15:25:53,93.0,82.0,8.0,3.0
2021-08-05 15:25:54,79.0,70.0,7.0,2.0
2021-08-05 15:25:55,85.0,73.0,8.0,4.0
2021-08-05 15:25:56,73.0,66.0,5.0,2.0
2021-08-05 15:25:57,94.0,80.0,12.0,2.0
2021-08-05 15:25:58,81.0,70.0,9.0,2.0
2021-08-05 15:25:59,83.0,71.0,6.0,6.0
2021-08-05 15:26:00,74.0,67.0,6.0,1.0
2021-08-05 15:26:01,96.0,82.0,10.0,4.0
2021-08-05 15:26:02,75.0,72.0,3.0,0.0
2021-08-05 15:26:03,88.0,76.0,8.0,4.0
2021-08-05 15:26:04,82.0,74.0,2.0,6.0
2021-08-05 15:26:05,73.0,61.0,5.0,7.0
2021-08-05 15:26:06,75.0,65.0,4.0,6.0
2021-08-05 15:26:07,76.0,66.0,8.0,2.0
2021-08-05 15:26:08,93.0,81.0,6.0,6.0
2021-08-05 15:26:09,93.0,74.0,14.0,5.0
2021-08-05 15:26:10,68.0,61.0,5.0,2.0
2021-08-05 15:26:11,71.0,65.0,3.0,3.0
2021-08-05 15:26:12,79.0,69.0,6.0,4.0
2021-08-05 15:26:13,91.0,81.0,5.0,5.0
2021-08-05 15:26:14,78.0,67.0,6.0,5.0
2021-08-05 15:26:15,88.0,80.0,6.0,2.0
2021-08-05 15:26:16,90.0,79.0,4.0,7.0
2021-08-05 15:26:17,85.0,72.0,8.0,5.0
2021-08-05 15:26:18,64.0,58.0,2.0,4.0
2021-08-05 15:26:19,90.0,76.0,6.0,8.0
2021-08-05 15:26:20,92.0,79.0,11.0,2.0
2021-08-05 15:26:21,72.0,64.0,6.0,2.0
2021-08-05 15:26:22,80.0,72.0,4.0,4.0
2021-08-05 15:26:23,70.0,63.0,3.0,4.0
2021-08-05 15:26:24,86.0,70.0,12.0,4.0
2021-08-05 15:26:25,59.0,53.0,3.0,3.0
2021-08-05 15:26:26,78.0,67.0,6.0,5.0
2021-08-05 15:26:27,74.0,68.0,2.0,4.0
2021-08-05 15:26:28,78.0,68.0,9.0,1.0
2021-08-05 15:26:29,81.0,70.0,7.0,4.0
2021-08-05 15:26:30,87.0,79.0,4.0,4.0
2021-08-05 15:26:31,73.0,64.0,7.0,2.0
2021-08-05 15:26:32,88.0,72.0,12.0,4.0
2021-08-05 15:26:33,85.0,77.0,7.0,1.0
2021-08-05 15:26:34,59.0,50.0,6.0,3.0
2021-08-05 15:26:35,79.0,67.0,9.0,3.0
2021-08-05 15:26:36,82.0,75.0,4.0,3.0
2021-08-05 15:26:37,82.0,72.0,6.0,4.0
2021-08-05 15:26:38,88.0,79.0,6.0,3.0
2021-08-05 15:26:39,84.0,72.0,5.0,7.0
2021-08-05 15:26:40,77.0,67.0,6.0,4.0
2021-08-05 15:26:41,73.0,66.0,5.0,2.0
2021-08-05 15:26:42,87.0,76.0,6.0,5.0
2021-08-05 15:26:43,87.0,73.0,8.0,6.0
2021-08-05 15:26:44,95.0,83.0,9.0,3.0
2021-08-05 15:26:45,86.0,76.0,8.0,2.0
2021-08-05 15:26:46,82.0,70.0,10.0,2.0
2021-08-05 15:26:47,76.0,69.0,6.0,1.0
2021-08-05 15:26:48,86.0,77.0,4.0,5.0
2021-08-05 15:26:49,81.0,70.0,3.0,8.0
2021-08-05 15:26:50,87.0,68.0,14.0,5.0
2021-08-05 15:26:51,77.0,70.0,6.0,1.0
2021-08-05 15:26:52,80.0,66.0,10.0,4.0
2021-08-05 15:26:53,79.0,72.0,4.0,3.0
2021-08-05 15:26:54,104.0,91.0,10.0,3.0
2021-08-05 15:26:55,85.0,74.0,6.0,5.0
2021-08-05 15:26:56,82.0,73.0,8.0,1.0
2021-08-05 15:26:57,78.0,65.0,7.0,6.0
2021-08-05 15:26:58,82.0,74.0,3.0,5.0
2021-08-05 15:26:59,80.0,71.0,5.0,4.0
2021-08-05 15:27:00,102.0,94.0,6.0,2.0
2021-08-05 15:27:01,56.0,50.0,3.0,3.0
2021-08-05 15:27:02,92.0,82.0,5.0,5.0
2021-08-05 15:27:03,86.0,72.0,12.0,2.0
2021-08-05 15:27:04,94.0,83.0,5.0,6.0
2021-08-05 15:27:05,98.0,90.0,3.0,5.0
2021-08-05 15:27:06,62.0,53.0,7.0,2.0
2021-08-05 15:27:07,67.0,57.0,3.0,7.0
2021-08-05 15:27:08,74.0,61.0,11.0,2.0
2021-08-05 15:27:09,69.0,56.0,11.0,2.0
2021-08-05 15:27:10,89.0,72.0,12.0,5.0
2021-08-05 15:27:11,73.0,63.0,7.0,3.0
2021-08-05 15:27:12,89.0,81.0,6.0,2.0
2021-08-05 15:27:13,76.0,68.0,4.0,4.0
2021-08-05 15:27:14,72.0,64.0,4.0,4.0
2021-08-05 15:27:15,79.0,70.0,4.0,5.0
2021-08-05 15:27:16,74.0,60.0,10.0,4.0
2021-08-05 15:27:17,82.0,63.0,14.0,5.0
2021-08-05 15:27:18,71.0,59.0,6.0,6.0
2021-08-05 15:27:19,86.0,82.0,3.0,1.0
2021-08-05 15:27:20,65.0,57.0,6.0,2.0
2021-08-05 15:27:21,90.0,80.0,6.0,4.0
2021-08-05 15:27:22,91.0,80.0,1.0,10.0
2021-08-05 15:27:23,80.0,71.0,8.0,1.0
2021-08-05 15:27:24,85.0,73.0,10.0,2.0
2021-08-05 15:27:25,73.0,61.0,6.0,6.0
2021-08-05 15:27:26,85.0,78.0,4.0,3.0
2021-08-05 15:27:27,86.0,78.0,6.0,2.0
2021-08-05 15:27:28,74.0,65.0,5.0,4.0
2021-08-05 15:27:29,62.0,55.0,3.0,4.0
2021-08-05 15:27:30,75.0,71.0,0.0,4.0
2021-08-05 15:27:31,80.0,73.0,5.0,2.0
2021-08-05 15:27:32,85.0,77.0,6.0,2.0
2021-08-05 15:27:33,105.0,89.0,10.0,6.0
2021-08-05 15:27:34,89.0,79.0,9.0,1.0
2021-08-05 15:27:35,82.0,74.0,7.0,1.0
2021-08-05 15:27:36,83.0,73.0,5.0,5.0
2021-08-05 15:27:37,74.0,63.0,3.0,8.0
2021-08-05 15:27:38,80.0,69.0,7.0,4.0
2021-08-05 15:27:39,84.0,67.0,8.0,9.0
2021-08-05 15:27:40,61.0,57.0,3.0,1.0
2021-08-05 15:27:41,68.0,58.0,8.0,2.0
2021-08-05 15:27:42,80.0,63.0,12.0,5.0
2021-08-05 15:27:43,92.0,77.0,9.0,6.0
2021-08-05 15:27:44,95.0,84.0,7.0,4.0
2021-08-05 15:27:45,77.0,65.0,7.0,5.0
2021-08-05 15:27:46,80.0,69.0,9.0,2.0
2021-08-05 15:27:47,90.0,79.0,10.0,1.0
2021-08-05 15:27:48,89.0,73.0,10.0,6.0
2021-08-05 15:27:49,66.0,58.0,6.0,2.0
2021-08-05 15:27:50,84.0,76.0,5.0,3.0
2021-08-05 15:27:51,81.0,76.0,4.0,1.0
2021-08-05 15:27:52,80.0,74.0,4.0,2.0
2021-08-05 15:27:53,90.0,80.0,5.0,5.0
2021-08-05 15:27:54,88.0,81.0,3.0,4.0
2021-08-05 15:27:55,87.0,75.0,4.0,8.0
2021-08-05 15:27:56,89.0,76.0,8.0,5.0
2021-08-05 15:27:57,94.0,79.0,9.0,6.0
2021-08-05 15:27:58,74.0,66.0,3.0,5.0
2021-08-05 15:27:59,102.0,85.0,8.0,9.0
2021-08-05 15:28:00,74.0,67.0,2.0,5.0
2021-08-05 15:28:01,90.0,78.0,7.0,5.0
2021-08-05 15:28:02,79.0,68.0,6.0,5.0
2021-08-05 15:28:03,73.0,66.0,5.0,2.0
2021-08-05 15:28:04,78.0,70.0,7.0,1.0
2021-08-05 15:28:05,84.0,76.0,5.0,3.0
2021-08-05 15:28:06,72.0,65.0,2.0,5.0
2021-08-05 15:28:07,72.0,58.0,8.0,6.0
2021-08-05 15:28:08,74.0,64.0,7.0,3.0
2021-08-05 15:28:09,78.0,64.0,7.0,7.0
2021-08-05 15:28:10,85.0,75.0,8.0,2.0
2021-08-05 15:28:11,84.0,77.0,4.0,3.0
2021-08-05 15:28:12,84.0,76.0,5.0,3.0
2021-08-05 15:28:13,77.0,61.0,13.0,3.0
2021-08-05 15:28:14,83.0,74.0,8.0,1.0
2021-08-05 15:28:15,96.0,84.0,7.0,5.0
2021-08-05 15:28:16,65.0,55.0,8.0,2.0
2021-08-05 15:28:17,80.0,70.0,7.0,3.0
2021-08-05 15:28:18,79.0,68.0,6.0,5.0
2021-08-05 15:28:19,84.0,77.0,5.0,2.0
2021-08-05 15:28:20,82.0,75.0,2.0,5.0
2021-08-05 15:28:21,71.0,61.0,4.0,6.0
2021-08-05 15:28:22,87.0,79.0,7.0,1.0
2021-08-05 15:28:23,85.0,80.0,3.0,2.0
2021-08-05 15:28:24,73.0,69.0,2.0,2.0
2021-08-05 15:28:25,69.0,62.0,2.0,5.0
2021-08-05 15:28:26,78.0,68.0,4.0,6.0
2021-08-05 15:28:27,76.0,67.0,4.0,5.0
2021-08-05 15:28:28,86.0,69.0,9.0,8.0
2021-08-05 15:28:29,92.0,79.0,8.0,5.0
2021-08-05 15:28:30,76.0,70.0,4.0,2.0
2021-08-05 15:28:31,84.0,74.0,5.0,5.0
2021-08-05 15:28:32,72.0,65.0,4.0,3.0
2021-08-05 15:28:33,78.0,70.0,6.0,2.0
2021-08-05 15:28:34,94.0,80.0,9.0,5.0
2021-08-05 15:28:35,91.0,82.0,3.0,6.0
2021-08-05 15:28:36,72.0,61.0,5.0,6.0
2021-08-05 15:28:37,74.0,63.0,9.0,2.0
2021-08-05 15:28:38,75.0,62.0,6.0,7.0
2021-08-05 15:28:39,88.0,79.0,3.0,6.0
2021-08-05 15:28:40,83.0,69.0,8.0,6.0
2021-08-05 15:28:41,76.0,66.0,6.0,4.0
2021-08-05 15:28:42,88.0,73.0,11.0,4.0
2021-08-05 15:28:43,71.0,64.0,5.0,2.0
2021-08-05 15:28:44,69.0,60.0,6.0,3.0
2021-08-05 15:28:45,82.0,70.0,9.0,3.0
2021-08-05 15:28:46,94.0,86.0,3.0,5.0
2021-08-05 15:28:47,93.0,83.0,7.0,3.0
2021-08-05 15:28:48,82.0,76.0,2.0,4.0
2021-08-05 15:28:49,83.0,76.0,6.0,1.0
2021-08-05 15:28:50,85.0,71.0,10.0,4.0
2021-08-05 15:28:51,81.0,67.0,3.0,11.0
2021-08-05 15:28:52,81.0,74.0,4.0,3.0
2021-08-05 15:28:53,53.0,46.0,3.0,4.0
2021-08-05 15:28:54,84.0,74.0,7.0,3.0
2021-08-05 15:28:55,86.0,82.0,2.0,2.0
2021-08-05 15:28:56,80.0,71.0,6.0,3.0
2021-08-05 15:28:57,94.0,88.0,3.0,3.0
2021-08-05 15:28:58,74.0,68.0,3.0,3.0
2021-08-05 15:28:59,72.0,63.0,8.0,1.0
2021-08-05 15:29:00,78.0,72.0,6.0,0.0
2021-08-05 15:29:01,77.0,64.0,8.0,5.0
2021-08-05 15:29:02,79.0,67.0,8.0,4.0
2021-08-05 15:29:03,94.0,80.0,6.0,8.0
2021-08-05 15:29:04,81.0,64.0,9.0,8.0
2021-08-05 15:29:05,90.0,76.0,12.0,2.0
2021-08-05 15:29:06,76.0,67.0,7.0,2.0
2021-08-05 15:29:07,72.0,62.0,6.0,4.0
2021-08-05 15:29:08,85.0,67.0,11.0,7.0
2021-08-05 15:29:09,75.0,64.0,4.0,7.0
2021-08-05 15:29:10,84.0,73.0,5.0,6.0
2021-08-05 15:29:11,76.0,68.0,5.0,3.0
2021-08-05 15:29:12,91.0,74.0,9.0,8.0
2021-08-05 15:29:13,77.0,66.0,5.0,6.0
2021-08-05 15:29:14,76.0,68.0,4.0,4.0
2021-08-05 15:29:15,83.0,73.0,7.0,3.0
2021-08-05 15:29:16,59.0,52.0,4.0,3.0
2021-08-05 15:29:17,69.0,60.0,8.0,1.0
2021-08-05 15:29:18,81.0,71.0,7.0,3.0
2021-08-05 15:29:19,89.0,78.0,6.0,5.0
2021-08-05 15:29:20,81.0,70.0,3.0,8.0
2021-08-05 15:29:21,89.0,81.0,7.0,1.0
2021-08-05 15:29:22,98.0,85.0,6.0,7.0
2021-08-05 15:29:23,86.0,68.0,8.0,10.0
2021-08-05 15:29:24,79.0,67.0,5.0,7.0
2021-08-05 15:29:25,86.0,74.0,8.0,4.0
2021-08-05 15:29:26,89.0,79.0,7.0,3.0
2021-08-05 15:29:27,94.0,84.0,7.0,3.0
2021-08-05 15:29:28,77.0,72.0,3.0,2.0
2021-08-05 15:29:29,79.0,68.0,3.0,8.0
2021-08-05 15:29:30,77.0,65.0,10.0,2.0
2021-08-05 15:29:31,91.0,78.0,9.0,4.0
2021-08-05 15:29:32,77.0,68.0,6.0,3.0
2021-08-05 15:29:33,68.0,54.0,6.0,8.0
2021-08-05 15:29:34,86.0,71.0,11.0,4.0
2021-08-05 15:29:35,94.0,82.0,8.0,4.0
2021-08-05 15:29:36,87.0,76.0,7.0,4.0
2021-08-05 15:29:37,73.0,68.0,2.0,3.0
2021-08-05 15:29:38,62.0,49.0,9.0,4.0
2021-08-05 15:29:39,90.0,80.0,6.0,4.0
2021-08-05 15:29:40,77.0,62.0,8.0,7.0
2021-08-05 15:29:41,72.0,65.0,5.0,2.0
2021-08-05 15:29:42,84.0,67.0,8.0,9.0
2021-08-05 15:29:43,77.0,70.0,5.0,2.0
2021-08-05 15:29:44,59.0,53.0,4.0,2.0
2021-08-05 15:29:45,96.0,80.0,10.0,6.0
2021-08-05 15:29:46,85.0,72.0,7.0,6.0
2021-08-05 15:29:47,71.0,63.0,4.0,4.0
2021-08-05 15:29:48,82.0,75.0,6.0,1.0
2021-08-05 15:29:49,85.0,73.0,8.0,4.0
2021-08-05 15:29:50,83.0,70.0,8.0,5.0
2021-08-05 15:29:51,74.0,62.0,9.0,3.0
2021-08-05 15:29:52,81.0,66.0,8.0,7.0
2021-08-05 15:29:53,102.0,84.0,14.0,4.0
2021-08-05 15:29:54,61.0,55.0,4.0,2.0
2021-08-05 15:29:55,88.0,77.0,7.0,4.0
2021-08-05 15:29:56,74.0,66.0,5.0,3.0
2021-08-05 15:29:57,65.0,56.0,5.0,4.0
2021-08-05 15:29:58,78.0,70.0,5.0,3.0
2021-08-05 15:29:59,62.0,54.0,4.0,4.0
2021-08-05 15:30:00,69.0,55.0,9.0,5.0
2021-08-05 15:30:01,83.0,75.0,6.0,2.0
2021-08-05 15:30:02,94.0,83.0,8.0,3.0
2021-08-05 15:30:03,62.0,51.0,4.0,7.0
2021-08-05 15:30:04,85.0,74.0,7.0,4.0
2021-08-05 15:30:05,78.0,63.0,11.0,4.0
2021-08-05 15:30:06,85.0,73.0,5.0,7.0
2021-08-05 15:30:07,87.0,72.0,8.0,7.0
2021-08-05 15:30:08,62.0,50.0,8.0,4.0
2021-08-05 15:30:09,84.0,70.0,9.0,5.0
2021-08-05 15:30:10,70.0,59.0,6.0,5.0
2021-08-05 15:30:11,76.0,67.0,7.0,2.0
2021-08-05 15:30:12,83.0,69.0,10.0,4.0
2021-08-05 15:30:13,84.0,73.0,6.0,5.0
2021-08-05 15:30:14,86.0,71.0,6.0,9.0
2021-08-05 15:30:15,85.0,79.0,4.0,2.0
2021-08-05 15:30:16,61.0,53.0,6.0,2.0
2021-08-05 15:30:17,76.0,65.0,8.0,3.0
2021-08-05 15:30:18,88.0,77.0,9.0,2.0
2021-08-05 15:30:19,81.0,72.0,4.0,5.0
2021-08-05 15:30:20,74.0,67.0,4.0,3.0
2021-08-05 15:30:21,85.0,71.0,10.0,4.0
2021-08-05 15:30:22,79.0,71.0,5.0,3.0
2021-08-05 15:30:23,78.0,66.0,8.0,4.0
2021-08-05 15:30:24,75.0,61.0,8.0,6.0
2021-08-05 15:30:25,66.0,60.0,5.0,1.0
2021-08-05 15:30:26,85.0,75.0,6.0,4.0
2021-08-05 15:30:27,73.0,65.0,7.0,1.0
2021-08-05 15:30:28,63.0,58.0,2.0,3.0
2021-08-05 15:30:29,96.0,84.0,8.0,4.0
2021-08-05 15:30:30,78.0,66.0,6.0,6.0
2021-08-05 15:30:31,70.0,59.0,8.0,3.0
2021-08-05 15:30:32,100.0,85.0,7.0,8.0
2021-08-05 15:30:33,79.0,67.0,8.0,4.0
2021-08-05 15:30:34,77.0,67.0,5.0,5.0
2021-08-05 15:30:35,78.0,73.0,2.0,3.0
2021-08-05 15:30:36,68.0,60.0,4.0,4.0
2021-08-05 15:30:37,73.0,64.0,4.0,5.0
2021-08-05 15:30:38,76.0,68.0,4.0,4.0
2021-08-05 15:30:39,65.0,58.0,5.0,2.0
2021-08-05 15:30:40,82.0,73.0,6.0,3.0
2021-08-05 15:30:41,91.0,76.0,7.0,8.0
2021-08-05 15:30:42,94.0,77.0,13.0,4.0
2021-08-05 15:30:43,74.0,68.0,6.0,0.0
2021-08-05 15:30:44,67.0,58.0,5.0,4.0
2021-08-05 15:30:45,67.0,59.0,4.0,4.0
2021-08-05 15:30:46,81.0,72.0,4.0,5.0
2021-08-05 15:30:47,72.0,61.0,6.0,5.0
2021-08-05 15:30:48,81.0,73.0,6.0,2.0
2021-08-05 15:30:49,79.0,70.0,4.0,5.0
2021-08-05 15:30:50,83.0,71.0,7.0,5.0
2021-08-05 15:30:51,63.0,58.0,3.0,2.0
2021-08-05 15:30:52,74.0,69.0,4.0,1.0
2021-08-05 15:30:53,70.0,62.0,6.0,2.0
2021-08-05 15:30:54,86.0,76.0,6.0,4.0
2021-08-05 15:30:55,87.0,67.0,15.0,5.0
2021-08-05 15:30:56,78.0,68.0,7.0,3.0
2021-08-05 15:30:57,75.0,69.0,3.0,3.0
2021-08-05 15:30:58,92.0,80.0,5.0,7.0
2021-08-05 15:30:59,79.0,71.0,6.0,2.0
2021-08-05 15:31:00,91.0,78.0,7.0,6.0
2021-08-05 15:31:01,73.0,65.0,5.0,3.0
2021-08-05 15:31:02,101.0,92.0,4.0,5.0
2021-08-05 15:31:03,68.0,56.0,4.0,8.0
2021-08-05 15:31:04,83.0,70.0,8.0,5.0
2021-08-05 15:31:05,61.0,55.0,5.0,1.0
2021-08-05 15:31:06,81.0,75.0,3.0,3.0
2021-08-05 15:31:07,74.0,63.0,8.0,3.0
2021-08-05 15:31:08,87.0,73.0,10.0,4.0
2021-08-05 15:31:09,83.0,71.0,8.0,4.0
2021-08-05 15:31:10,83.0,69.0,10.0,4.0
2021-08-05 15:31:11,105.0,90.0,7.0,8.0
2021-08-05 15:31:12,78.0,70.0,7.0,1.0
2021-08-05 15:31:13,87.0,77.0,8.0,2.0
2021-08-05 15:31:14,53.0,47.0,3.0,3.0
2021-08-05 15:31:15,85.0,76.0,4.0,5.0
2021-08-05 15:31:16,86.0,75.0,6.0,5.0
2021-08-05 15:31:17,73.0,60.0,9.0,4.0
2021-08-05 15:31:18,82.0,76.0,5.0,1.0
2021-08-05 15:31:19,71.0,58.0,5.0,8.0
2021-08-05 15:31:20,76.0,68.0,4.0,4.0
2021-08-05 15:31:21,81.0,70.0,7.0,4.0
2021-08-05 15:31:22,79.0,71.0,5.0,3.0
2021-08-05 15:31:23,91.0,83.0,4.0,4.0
2021-08-05 15:31:24,80.0,60.0,14.0,6.0
2021-08-05 15:31:25,89.0,72.0,13.0,4.0
2021-08-05 15:31:26,76.0,69.0,2.0,5.0
2021-08-05 15:31:27,85.0,69.0,9.0,7.0
2021-08-05 15:31:28,83.0,74.0,5.0,4.0
2021-08-05 15:31:29,83.0,72.0,5.0,6.0
2021-08-05 15:31:30,94.0,83.0,7.0,4.0
2021-08-05 15:31:31,93.0,82.0,6.0,5.0
2021-08-05 15:31:32,69.0,60.0,7.0,2.0
2021-08-05 15:31:33,79.0,67.0,6.0,6.0
2021-08-05 15:31:34,78.0,67.0,4.0,7.0
2021-08-05 15:31:35,91.0,85.0,4.0,2.0
2021-08-05 15:31:36,85.0,76.0,5.0,4.0
2021-08-05 15:31:37,81.0,71.0,8.0,2.0
2021-08-05 15:31:38,77.0,65.0,6.0,6.0
2021-08-05 15:31:39,77.0,67.0,5.0,5.0
2021-08-05 15:31:40,73.0,65.0,2.0,6.0
2021-08-05 15:31:41,62.0,51.0,8.0,3.0
2021-08-05 15:31:42,84.0,71.0,9.0,4.0
2021-08-05 15:31:43,77.0,67.0,7.0,3.0
2021-08-05 15:31:44,89.0,78.0,7.0,4.0
2021-08-05 15:31:45,70.0,62.0,3.0,5.0
2021-08-05 15:31:46,78.0,69.0,6.0,3.0
2021-08-05 15:31:47,78.0,69.0,6.0,3.0
2021-08-05 15:31:48,87.0,75.0,7.0,5.0
2021-08-05 15:31:49,87.0,70.0,10.0,7.0
2021-08-05 15:31:50,66.0,55.0,7.0,4.0
2021-08-05 15:31:51,88.0,76.0,7.0,5.0
2021-08-05 15:31:52,64.0,55.0,6.0,3.0
2021-08-05 15:31:53,86.0,74.0,8.0,4.0
2021-08-05 15:31:54,86.0,81.0,4.0,1.0
2021-08-05 15:31:55,78.0,64.0,6.0,8.0
2021-08-05 15:31:56,79.0,74.0,4.0,1.0
2021-08-05 15:31:57,84.0,70.0,7.0,7.0
2021-08-05 15:31:58,67.0,61.0,4.0,2.0
2021-08-05 15:31:59,85.0,75.0,6.0,4.0
2021-08-05 15:32:00,88.0,72.0,7.0,9.0
2021-08-05 15:32:01,83.0,77.0,4.0,2.0
2021-08-05 15:32:02,80.0,69.0,7.0,4.0
2021-08-05 15:32:03,88.0,76.0,10.0,2.0
2021-08-05 15:32:04,84.0,75.0,5.0,4.0
2021-08-05 15:32:05,91.0,83.0,5.0,3.0
2021-08-05 15:32:06,79.0,64.0,12.0,3.0
2021-08-05 15:32:07,80.0,69.0,5.0,6.0
2021-08-05 15:32:08,89.0,73.0,8.0,8.0
2021-08-05 15:32:09,86.0,79.0,2.0,5.0
2021-08-05 15:32:10,96.0,80.0,7.0,9.0
2021-08-05 15:32:11,82.0,68.0,8.0,6.0
2021-08-05 15:32:12,75.0,62.0,4.0,9.0
2021-08-05 15:32:13,69.0,62.0,4.0,3.0
2021-08-05 15:32:14,82.0,67.0,9.0,6.0
2021-08-05 15:32:15,87.0,76.0,8.0,3.0
2021-08-05 15:32:16,79.0,73.0,4.0,2.0
2021-08-05 15:32:17,85.0,77.0,5.0,3.0
2021-08-05 15:32:18,90.0,77.0,7.0,6.0
2021-08-05 15:32:19,94.0,79.0,11.0,4.0
2021-08-05 15:32:20,75.0,71.0,3.0,1.0
2021-08-05 15:32:21,71.0,59.0,7.0,5.0
2021-08-05 15:32:22,90.0,77.0,8.0,5.0
2021-08-05 15:32:23,78.0,72.0,3.0,3.0
2021-08-05 15:32:24,104.0,94.0,2.0,8.0
2021-08-05 15:32:25,70.0,59.0,8.0,3.0
2021-08-05 15:32:26,93.0,83.0,7.0,3.0
2021-08-05 15:32:27,77.0,67.0,8.0,2.0
2021-08-05 15:32:28,81.0,73.0,3.0,5.0
2021-08-05 15:32:29,87.0,77.0,5.0,5.0
2021-08-05 15:32:30,71.0,61.0,5.0,5.0
2021-08-05 15:32:31,78.0,66.0,5.0,7.0
2021-08-05 15:32:32,76.0,66.0,6.0,4.0
2021-08-05 15:32:33,76.0,67.0,3.0,6.0
2021-08-05 15:32:34,79.0,70.0,6.0,3.0
2021-08-05 15:32:35,78.0,70.0,7.0,1.0
2021-08-05 15:32:36,67.0,62.0,3.0,2.0
2021-08-05 15:32:37,75.0,63.0,6.0,6.0
2021-08-05 15:32:38,81.0,75.0,4.0,2.0
2021-08-05 15:32:39,73.0,64.0,2.0,7.0
2021-08-05 15:32:40,75.0,59.0,10.0,6.0
2021-08-05 15:32:41,81.0,73.0,4.0,4.0
2021-08-05 15:32:42,69.0,57.0,6.0,6.0
2021-08-05 15:32:43,78.0,66.0,8.0,4.0
2021-08-05 15:32:44,102.0,92.0,5.0,5.0
2021-08-05 15:32:45,68.0,60.0,5.0,3.0
2021-08-05 15:32:46,89.0,76.0,8.0,5.0
2021-08-05 15:32:47,84.0,70.0,9.0,5.0
2021-08-05 15:32:48,81.0,77.0,1.0,3.0
2021-08-05 15:32:49,84.0,78.0,5.0,1.0
2021-08-05 15:32:50,84.0,77.0,3.0,4.0
2021-08-05 15:32:51,83.0,74.0,7.0,2.0
2021-08-05 15:32:52,73.0,61.0,7.0,5.0
2021-08-05 15:32:53,73.0,61.0,8.0,4.0
2021-08-05 15:32:54,85.0,72.0,8.0,5.0
2021-08-05 15:32:55,73.0,67.0,5.0,1.0
2021-08-05 15:32:56,90.0,79.0,4.0,7.0
2021-08-05 15:32:57,65.0,59.0,3.0,3.0
2021-08-05 15:32:58,91.0,77.0,9.0,5.0
2021-08-05 15:32:59,84.0,74.0,4.0,6.0
2021-08-05 15:33:00,63.0,55.0,3.0,5.0
2021-08-05 15:33:01,86.0,69.0,12.0,5.0
2021-08-05 15:33:02,95.0,83.0,6.0,6.0
2021-08-05 15:33:03,76.0,69.0,4.0,3.0
2021-08-05 15:33:04,91.0,75.0,10.0,6.0
2021-08-05 15:33:05,73.0,65.0,4.0,4.0
2021-08-05 15:33:06,83.0,68.0,11.0,4.0
2021-08-05 15:33:07,77.0,66.0,6.0,5.0
2021-08-05 15:33:08,73.0,61.0,9.0,3.0
2021-08-05 15:33:09,80.0,67.0,9.0,4.0
2021-08-05 15:33:10,94.0,75.0,15.0,4.0
2021-08-05 15:33:11,73.0,67.0,6.0,0.0
2021-08-05 15:33:12,69.0,53.0,11.0,5.0
2021-08-05 15:33:13,76.0,65.0,7.0,4.0
2021-08-05 15:33:14,83.0,79.0,2.0,2.0
2021-08-05 15:33:15,92.0,73.0,11.0,8.0
2021-08-05 15:33:16,85.0,72.0,9.0,4.0
2021-08-05 15:33:17,76.0,61.0,6.0,9.0
2021-08-05 15:33:18,93.0,84.0,5.0,4.0
2021-08-05 15:33:19,80.0,69.0,5.0,6.0
2021-08-05 15:33:20,76.0,69.0,5.0,2.0
2021-08-05 15:33:21,95.0,81.0,9.0,5.0
2021-08-05 15:33:22,96.0,81.0,11.0,4.0
2021-08-05 15:33:23,73.0,64.0,8.0,1.0
2021-08-05 15:33:24,82.0,76.0,5.0,1.0
2021-08-05 15:33:25,71.0,63.0,4.0,4.0
2021-08-05 15:33:26,82.0,69.0,10.0,3.0
2021-08-05 15:33:27,71.0,62.0,6.0,3.0
2021-08-05 15:33:28,92.0,77.0,12.0,3.0
2021-08-05 15:33:29,88.0,76.0,4.0,8.0
2021-08-05 15:33:30,88.0,74.0,7.0,7.0
2021-08-05 15:33:31,72.0,67.0,3.0,2.0
2021-08-05 15:33:32,75.0,65.0,7.0,3.0
2021-08-05 15:33:33,73.0,60.0,5.0,8.0
2021-08-05 15:33:34,84.0,75.0,6.0,3.0
2021-08-05 15:33:35,79.0,73.0,3.0,3.0
2021-08-05 15:33:36,57.0,49.0,4.0,4.0
2021-08-05 15:33:37,94.0,84.0,6.0,4.0
2021-08-05 15:33:38,82.0,72.0,6.0,4.0
2021-08-05 15:33:39,87.0,76.0,5.0,6.0
2021-08-05 15:33:40,85.0,68.0,7.0,10.0
2021-08-05 15:33:41,90.0,77.0,7.0,6.0
2021-08-05 15:33:42,86.0,72.0,9.0,5.0
2021-08-05 15:33:43,78.0,68.0,4.0,6.0
2021-08-05 15:33:44,76.0,70.0,2.0,4.0
2021-08-05 15:33:45,67.0,61.0,2.0,4.0
2021-08-05 15:33:46,68.0,61.0,6.0,1.0
2021-08-05 15:33:47,97.0,85.0,8.0,4.0
2021-08-05 15:33:48,57.0,51.0,5.0,1.0
2021-08-05 15:33:49,71.0,61.0,4.0,6.0
2021-08-05 15:33:50,82.0,74.0,4.0,4.0
2021-08-05 15:33:51,82.0,73.0,7.0,2.0
2021-08-05 15:33:52,85.0,69.0,12.0,4.0
2021-08-05 15:33:53,71.0,59.0,9.0,3.0
2021-08-05 15:33:54,82.0,70.0,9.0,3.0
2021-08-05 15:33:55,93.0,85.0,7.0,1.0
2021-08-05 15:33:56,94.0,83.0,6.0,5.0
2021-08-05 15:33:57,73.0,60.0,10.0,3.0
2021-08-05 15:33:58,80.0,63.0,8.0,9.0
2021-08-05 15:33:59,78.0,68.0,9.0,1.0
2021-08-05 15:34:00,70.0,62.0,5.0,3.0
2021-08-05 15:34:01,83.0,69.0,10.0,4.0
2021-08-05 15:34:02,80.0,71.0,4.0,5.0
2021-08-05 15:34:03,83.0,74.0,5.0,4.0
2021-08-05 15:34:04,76.0,67.0,5.0,4.0
2021-08-05 15:34:05,80.0,71.0,4.0,5.0
2021-08-05 15:34:06,92.0,79.0,8.0,5.0
2021-08-05 15:34:07,73.0,69.0,2.0,2.0
2021-08-05 15:34:08,82.0,69.0,8.0,5.0
2021-08-05 15:34:09,88.0,75.0,5.0,8.0
2021-08-05 15:34:10,90.0,72.0,12.0,6.0
2021-08-05 15:34:11,83.0,73.0,3.0,7.0
2021-08-05 15:34:12,81.0,70.0,6.0,5.0
2021-08-05 15:34:13,81.0,69.0,6.0,6.0
2021-08-05 15:34:14,83.0,74.0,7.0,2.0
2021-08-05 15:34:15,85.0,74.0,6.0,5.0
2021-08-05 15:34:16,91.0,80.0,8.0,3.0
2021-08-05 15:34:17,84.0,77.0,4.0,3.0
2021-08-05 15:34:18,76.0,63.0,9.0,4.0
2021-08-05 15:34:19,89.0,75.0,6.0,8.0
2021-08-05 15:34:20,80.0,69.0,8.0,3.0
2021-08-05 15:34:21,91.0,81.0,4.0,6.0
2021-08-05 15:34:22,99.0,85.0,9.0,5.0
2021-08-05 15:34:23,73.0,64.0,6.0,3.0
2021-08-05 15:34:24,75.0,70.0,2.0,3.0
2021-08-05 15:34:25,70.0,59.0,6.0,5.0
2021-08-05 15:34:26,61.0,50.0,6.0,5.0
2021-08-05 15:34:27,78.0,64.0,11.0,3.0
2021-08-05 15:34:28,75.0,67.0,7.0,1.0
2021-08-05 15:34:29,89.0,78.0,7.0,4.0
2021-08-05 15:34:30,73.0,61.0,8.0,4.0
2021-08-05 15:34:31,70.0,59.0,8.0,3.0
2021-08-05 15:34:32,90.0,81.0,6.0,3.0
2021-08-05 15:34:33,86.0,70.0,9.0,7.0
2021-08-05 15:34:34,68.0,62.0,6.0,0.0
2021-08-05 15:34:35,82.0,70.0,8.0,4.0
2021-08-05 15:34:36,68.0,59.0,6.0,3.0
2021-08-05 15:34:37,76.0,68.0,5.0,3.0
2021-08-05 15:34:38,82.0,73.0,7.0,2.0
2021-08-05 15:34:39,70.0,62.0,7.0,1.0
2021-08-05 15:34:40,71.0,63.0,3.0,5.0
2021-08-05 15:34:41,90.0,77.0,9.0,4.0
2021-08-05 15:34:42,82.0,71.0,6.0,5.0
2021-08-05 15:34:43,91.0,76.0,14.0,1.0
2021-08-05 15:34:44,79.0,71.0,4.0,4.0
2021-08-05 15:34:45,72.0,69.0,2.0,1.0
2021-08-05 15:34:46,79.0,68.0,7.0,4.0
2021-08-05 15:34:47,86.0,74.0,10.0,2.0
2021-08-05 15:34:48,87.0,72.0,8.0,7.0
2021-08-05 15:34:49,77.0,69.0,6.0,2.0
2021-08-05 15:34:50,93.0,76.0,11.0,6.0
2021-08-05 15:34:51,86.0,72.0,9.0,5.0
2021-08-05 15:34:52,90.0,80.0,6.0,4.0
2021-08-05 15:34:53,75.0,60.0,10.0,5.0
2021-08-05 15:34:54,72.0,67.0,3.0,2.0
2021-08-05 15:34:55,82.0,72.0,2.0,8.0
2021-08-05 15:34:56,90.0,70.0,12.0,8.0
2021-08-05 15:34:57,74.0,62.0,5.0,7.0
2021-08-05 15:34:58,62.0,54.0,4.0,4.0
2021-08-05 15:34:59,61.0,52.0,4.0,5.0
2021-08-05 15:35:00,84.0,71.0,3.0,10.0
2021-08-05 15:35:01,81.0,72.0,6.0,3.0
2021-08-05 15:35:02,85.0,78.0,5.0,2.0
2021-08-05 15:35:03,66.0,58.0,5.0,3.0
2021-08-05 15:35:04,72.0,61.0,7.0,4.0
2021-08-05 15:35:05,78.0,68.0,7.0,3.0
2021-08-05 15:35:06,74.0,67.0,5.0,2.0
2021-08-05 15:35:07,81.0,69.0,6.0,6.0
2021-08-05 15:35:08,86.0,74.0,7.0,5.0
2021-08-05 15:35:09,87.0,73.0,8.0,6.0
2021-08-05 15:35:10,54.0,47.0,5.0,2.0
2021-08-05 15:35:11,71.0,60.0,9.0,2.0
2021-08-05 15:35:12,71.0,63.0,6.0,2.0
2021-08-05 15:35:13,81.0,73.0,4.0,4.0
2021-08-05 15:35:14,91.0,79.0,8.0,4.0
2021-08-05 15:35:15,69.0,59.0,8.0,2.0
2021-08-05 15:35:16,91.0,77.0,10.0,4.0
2021-08-05 15:35:17,59.0,49.0,7.0,3.0
2021-08-05 15:35:18,79.0,66.0,9.0,4.0
2021-08-05 15:35:19,78.0,70.0,5.0,3.0
2021-08-05 15:35:20,77.0,66.0,8.0,3.0
2021-08-05 15:35:21,60.0,50.0,6.0,4.0
2021-08-05 15:35:22,81.0,68.0,9.0,4.0
2021-08-05 15:35:23,68.0,56.0,8.0,4.0
2021-08-05 15:35:24,95.0,86.0,5.0,4.0
2021-08-05 15:35:25,84.0,74.0,5.0,5.0
2021-08-05 15:35:26,83.0,69.0,10.0,4.0
2021-08-05 15:35:27,80.0,61.0,12.0,7.0
2021-08-05 15:35:28,65.0,57.0,8.0,0.0
2021-08-05 15:35:29,73.0,60.0,11.0,2.0
2021-08-05 15:35:30,84.0,74.0,6.0,4.0
2021-08-05 15:35:31,78.0,70.0,7.0,1.0
2021-08-05 15:35:32,65.0,54.0,4.0,7.0
2021-08-05 15:35:33,68.0,59.0,5.0,4.0
2021-08-05 15:35:34,76.0,61.0,10.0,5.0
2021-08-05 15:35:35,85.0,73.0,7.0,5.0
2021-08-05 15:35:36,81.0,71.0,5.0,5.0
2021-08-05 15:35:37,79.0,66.0,6.0,7.0
2021-08-05 15:35:38,93.0,85.0,7.0,1.0
2021-08-05 15:35:39,75.0,70.0,5.0,0.0
2021-08-05 15:35:40,80.0,72.0,5.0,3.0
2021-08-05 15:35:41,80.0,70.0,6.0,4.0
2021-08-05 15:35:42,85.0,73.0,7.0,5.0
2021-08-05 15:35:43,90.0,77.0,7.0,6.0
2021-08-05 15:35:44,88.0,73.0,6.0,9.0
2021-08-05 15:35:45,84.0,72.0,7.0,5.0
2021-08-05 15:35:46,80.0,63.0,11.0,6.0
2021-08-05 15:35:47,90.0,79.0,7.0,4.0
2021-08-05 15:35:48,86.0,70.0,12.0,4.0
2021-08-05 15:35:49,74.0,58.0,10.0,6.0
2021-08-05 15:35:50,95.0,84.0,9.0,2.0
2021-08-05 15:35:51,82.0,72.0,8.0,2.0
2021-08-05 15:35:52,90.0,78.0,9.0,3.0
2021-08-05 15:35:53,80.0,68.0,8.0,4.0
2021-08-05 15:35:54,79.0,65.0,8.0,6.0
2021-08-05 15:35:55,84.0,70.0,11.0,3.0
2021-08-05 15:35:56,77.0,69.0,4.0,4.0
2021-08-05 15:35:57,90.0,77.0,8.0,5.0
2021-08-05 15:35:58,69.0,61.0,3.0,5.0
2021-08-05 15:35:59,72.0,53.0,12.0,7.0
2021-08-05 15:36:00,79.0,73.0,4.0,2.0
2021-08-05 15:36:01,74.0,64.0,7.0,3.0
2021-08-05 15:36:02,82.0,70.0,8.0,4.0
2021-08-05 15:36:03,83.0,73.0,7.0,3.0
2021-08-05 15:36:04,90.0,82.0,5.0,3.0
2021-08-05 15:36:05,66.0,58.0,5.0,3.0
2021-08-05 15:36:06,90.0,82.0,3.0,5.0
2021-08-05 15:36:07,66.0,57.0,5.0,4.0
2021-08-05 15:36:08,71.0,61.0,5.0,5.0
2021-08-05 15:36:09,65.0,56.0,6.0,3.0
2021-08-05 15:36:10,74.0,69.0,1.0,4.0
2021-08-05 15:36:11,76.0,66.0,7.0,3.0
2021-08-05 15:36:12,101.0,87.0,10.0,4.0
2021-08-05 15:36:13,89.0,80.0,2.0,7.0
2021-08-05 15:36:14,87.0,77.0,4.0,6.0
2021-08-05 15:36:15,74.0,60.0,11.0,3.0
2021-08-05 15:36:16,77.0,69.0,6.0,2.0
2021-08-05 15:36:17,76.0,71.0,3.0,2.0
2021-08-05 15:36:18,88.0,75.0,4.0,9.0
2021-08-05 15:36:19,80.0,69.0,6.0,5.0
2021-08-05 15:36:20,84.0,73.0,6.0,5.0
2021-08-05 15:36:21,88.0,70.0,8.0,10.0
2021-08-05 15:36:22,65.0,56.0,5.0,4.0
2021-08-05 15:36:23,71.0,57.0,4.0,10.0
2021-08-05 15:36:24,92.0,79.0,8.0,5.0
2021-08-05 15:36:25,82.0,66.0,10.0,6.0
2021-08-05 15:36:26,79.0,68.0,8.0,3.0
2021-08-05 15:36:27,82.0,68.0,8.0,6.0
2021-08-05 15:36:28,85.0,73.0,10.0,2.0
2021-08-05 15:36:29,81.0,76.0,4.0,1.0
2021-08-05 15:36:30,80.0,73.0,5.0,2.0
2021-08-05 15:36:31,89.0,76.0,6.0,7.0
2021-08-05 15:36:32,70.0,64.0,5.0,1.0
2021-08-05 15:36:33,86.0,79.0,5.0,2.0
2021-08-05 15:36:34,72.0,66.0,3.0,3.0
2021-08-05 15:36:35,72.0,64.0,3.0,5.0
2021-08-05 15:36:36,92.0,80.0,8.0,4.0
2021-08-05 15:36:37,81.0,67.0,7.0,7.0
2021-08-05 15:36:38,66.0,60.0,3.0,3.0
2021-08-05 15:36:39,68.0,59.0,4.0,5.0
2021-08-05 15:36:40,92.0,74.0,10.0,8.0
2021-08-05 15:36:41,66.0,62.0,2.0,2.0
2021-08-05 15:36:42,80.0,72.0,3.0,5.0
2021-08-05 15:36:43,83.0,69.0,9.0,5.0
2021-08-05 15:36:44,90.0,77.0,8.0,5.0
2021-08-05 15:36:45,80.0,72.0,2.0,6.0
2021-08-05 15:36:46,78.0,69.0,5.0,4.0
2021-08-05 15:36:47,79.0,67.0,6.0,6.0
2021-08-05 15:36:48,76.0,66.0,7.0,3.0
2021-08-05 15:36:49,72.0,62.0,7.0,3.0
2021-08-05 15:36:50,77.0,67.0,7.0,3.0
2021-08-05 15:36:51,80.0,68.0,7.0,5.0
2021-08-05 15:36:52,84.0,74.0,6.0,4.0
2021-08-05 15:36:53,85.0,69.0,8.0,8.0
2021-08-05 15:36:54,89.0,81.0,4.0,4.0
2021-08-05 15:36:55,71.0,65.0,5.0,1.0
2021-08-05 15:36:56,94.0,83.0,4.0,7.0
2021-08-05 15:36:57,82.0,66.0,9.0,7.0
2021-08-05 15:36:58,86.0,73.0,7.0,6.0
2021-08-05 15:36:59,73.0,61.0,8.0,4.0
2021-08-05 15:37:00,69.0,55.0,9.0,5.0
2021-08-05 15:37:01,88.0,73.0,8.0,7.0
2021-08-05 15:37:02,84.0,72.0,10.0,2.0
2021-08-05 15:37:03,74.0,66.0,4.0,4.0
2021-08-05 15:37:04,69.0,53.0,8.0,8.0
2021-08-05 15:37:05,86.0,74.0,6.0,6.0
2021-08-05 15:37:06,65.0,59.0,3.0,3.0
2021-08-05 15:37:07,75.0,67.0,6.0,2.0
2021-08-05 15:37:08,96.0,84.0,9.0,3.0
2021-08-05 15:37:09,92.0,86.0,3.0,3.0
2021-08-05 15:37:10,76.0,66.0,5.0,5.0
2021-08-05 15:37:11,77.0,69.0,1.0,7.0
2021-08-05 15:37:12,99.0,85.0,9.0,5.0
2021-08-05 15:37:13,77.0,67.0,4.0,6.0
2021-08-05 15:37:14,89.0,77.0,5.0,7.0
2021-08-05 15:37:15,69.0,59.0,9.0,1.0
2021-08-05 15:37:16,64.0,59.0,2.0,3.0
2021-08-05 15:37:17,71.0,62.0,3.0,6.0
2021-08-05 15:37:18,67.0,63.0,3.0,1.0
2021-08-05 15:37:19,80.0,72.0,4.0,4.0
2021-08-05 15:37:20,97.0,85.0,10.0,2.0
2021-08-05 15:37:21,83.0,69.0,7.0,7.0
2021-08-05 15:37:22,77.0,69.0,6.0,2.0
2021-08-05 15:37:23,73.0,62.0,5.0,6.0
2021-08-05 15:37:24,90.0,78.0,7.0,5.0
2021-08-05 15:37:25,82.0,71.0,5.0,6.0
2021-08-05 15:37:26,72.0,65.0,5.0,2.0
2021-08-05 15:37:27,76.0,69.0,6.0,1.0
2021-08-05 15:37:28,82.0,71.0,8.0,3.0
2021-08-05 15:37:29,72.0,64.0,4.0,4.0
2021-08-05 15:37:30,86.0,74.0,6.0,6.0
2021-08-05 15:37:31,88.0,75.0,12.0,1.0
2021-08-05 15:37:32,83.0,68.0,8.0,7.0
2021-08-05 15:37:33,95.0,82.0,9.0,4.0
2021-08-05 15:37:34,85.0,73.0,8.0,4.0
2021-08-05 15:37:35,84.0,70.0,9.0,5.0
2021-08-05 15:37:36,87.0,78.0,3.0,6.0
2021-08-05 15:37:37,78.0,66.0,8.0,4.0
2021-08-05 15:37:38,82.0,78.0,2.0,2.0
2021-08-05 15:37:39,73.0,62.0,4.0,7.0
2021-08-05 15:37:40,88.0,77.0,8.0,3.0
2021-08-05 15:37:41,74.0,57.0,9.0,8.0
2021-08-05 15:37:42,65.0,56.0,4.0,5.0
2021-08-05 15:37:43,79.0,70.0,5.0,4.0
2021-08-05 15:37:44,87.0,75.0,1.0,11.0
2021-08-05 15:37:45,67.0,61.0,3.0,3.0
2021-08-05 15:37:46,95.0,85.0,6.0,4.0
2021-08-05 15:37:47,70.0,54.0,12.0,4.0
2021-08-05 15:37:48,82.0,72.0,8.0,2.0
2021-08-05 15:37:49,73.0,62.0,4.0,7.0
2021-08-05 15:37:50,83.0,74.0,7.0,2.0
2021-08-05 15:37:51,86.0,78.0,5.0,3.0
2021-08-05 15:37:52,80.0,73.0,6.0,1.0
2021-08-05 15:37:53,85.0,76.0,8.0,1.0
2021-08-05 15:37:54,76.0,68.0,4.0,4.0
2021-08-05 15:37:55,78.0,65.0,8.0,5.0
2021-08-05 15:37:56,108.0,98.0,8.0,2.0
2021-08-05 15:37:57,69.0,61.0,3.0,5.0
2021-08-05 15:37:58,87.0,71.0,10.0,6.0
2021-08-05 15:37:59,75.0,65.0,7.0,3.0
2021-08-05 15:38:00,83.0,72.0,7.0,4.0
2021-08-05 15:38:01,89.0,83.0,3.0,3.0
2021-08-05 15:38:02,90.0,82.0,5.0,3.0
2021-08-05 15:38:03,72.0,64.0,5.0,3.0
2021-08-05 15:38:04,81.0,76.0,2.0,3.0
2021-08-05 15:38:05,54.0,45.0,5.0,4.0
2021-08-05 15:38:06,79.0,66.0,12.0,1.0
2021-08-05 15:38:07,78.0,68.0,8.0,2.0
2021-08-05 15:38:08,81.0,73.0,5.0,3.0
2021-08-05 15:38:09,78.0,67.0,9.0,2.0
2021-08-05 15:38:10,86.0,70.0,8.0,8.0
2021-08-05 15:38:11,83.0,70.0,5.0,8.0
2021-08-05 15:38:12,77.0,68.0,6.0,3.0
2021-08-05 15:38:13,90.0,80.0,7.0,3.0
2021-08-05 15:38:14,79.0,72.0,5.0,2.0
2021-08-05 15:38:15,79.0,61.0,10.0,8.0
2021-08-05 15:38:16,85.0,74.0,5.0,6.0
2021-08-05 15:38:17,75.0,66.0,5.0,4.0
2021-08-05 15:38:18,83.0,73.0,6.0,4.0
2021-08-05 15:38:19,84.0,74.0,6.0,4.0
2021-08-05 15:38:20,75.0,73.0,0.0,2.0
2021-08-05 15:38:21,107.0,91.0,8.0,8.0
2021-08-05 15:38:22,75.0,64.0,6.0,5.0
2021-08-05 15:38:23,85.0,71.0,4.0,10.0
2021-08-05 15:38:24,97.0,83.0,8.0,6.0
2021-08-05 15:38:25,74.0,64.0,3.0,7.0
2021-08-05 15:38:26,78.0,70.0,8.0,0.0
2021-08-05 15:38:27,77.0,63.0,13.0,1.0
2021-08-05 15:38:28,84.0,76.0,2.0,6.0
2021-08-05 15:38:29,87.0,71.0,9.0,7.0
2021-08-05 15:38:30,79.0,65.0,6.0,8.0
2021-08-05 15:38:31,74.0,63.0,6.0,5.0
2021-08-05 15:38:32,76.0,64.0,6.0,6.0
2021-08-05 15:38:33,85.0,74.0,7.0,4.0
2021-08-05 15:38:34,83.0,68.0,9.0,6.0
2021-08-05 15:38:35,83.0,74.0,6.0,3.0
2021-08-05 15:38:36,71.0,60.0,6.0,5.0
2021-08-05 15:38:37,74.0,68.0,5.0,1.0
2021-08-05 15:38:38,80.0,67.0,9.0,4.0
2021-08-05 15:38:39,89.0,81.0,7.0,1.0
2021-08-05 15:38:40,101.0,91.0,4.0,6.0
2021-08-05 15:38:41,77.0,67.0,8.0,2.0
2021-08-05 15:38:42,77.0,69.0,5.0,3.0
2021-08-05 15:38:43,80.0,71.0,8.0,1.0
2021-08-05 15:38:44,81.0,68.0,9.0,4.0
2021-08-05 15:38:45,84.0,75.0,6.0,3.0
2021-08-05 15:38:46,94.0,79.0,13.0,2.0
2021-08-05 15:38:47,63.0,54.0,5.0,4.0
2021-08-05 15:38:48,66.0,54.0,8.0,4.0
2021-08-05 15:38:49,79.0,65.0,12.0,2.0
2021-08-05 15:38:50,95.0,86.0,6.0,3.0
2021-08-05 15:38:51,95.0,79.0,14.0,2.0
2021-08-05 15:38:52,69.0,61.0,6.0,2.0
2021-08-05 15:38:53,81.0,73.0,3.0,5.0
2021-08-05 15:38:54,78.0,70.0,5.0,3.0
2021-08-05 15:38:55,81.0,74.0,4.0,3.0
2021-08-05 15:38:56,87.0,77.0,7.0,3.0
2021-08-05 15:38:57,70.0,58.0,9.0,3.0
2021-08-05 15:38:58,81.0,71.0,9.0,1.0
2021-08-05 15:38:59,88.0,79.0,2.0,7.0
2021-08-05 15:39:00,67.0,61.0,1.0,5.0
2021-08-05 15:39:01,71.0,64.0,1.0,6.0
2021-08-05 15:39:02,92.0,76.0,10.0,6.0
2021-08-05 15:39:03,76.0,65.0,6.0,5.0
2021-08-05 15:39:04,76.0,60.0,11.0,5.0
2021-08-05 15:39:05,72.0,62.0,5.0,5.0
2021-08-05 15:39:06,66.0,58.0,5.0,3.0
2021-08-05 15:39:07,81.0,69.0,9.0,3.0
2021-08-05 15:39:08,81.0,70.0,7.0,4.0
2021-08-05 15:39:09,75.0,69.0,4.0,2.0
2021-08-05 15:39:10,78.0,65.0,10.0,3.0
2021-08-05 15:39:11,84.0,81.0,2.0,1.0
2021-08-05 15:39:12,99.0,80.0,10.0,9.0
2021-08-05 15:39:13,85.0,75.0,4.0,6.0
2021-08-05 15:39:14,74.0,64.0,6.0,4.0
2021-08-05 15:39:15,96.0,84.0,5.0,7.0
2021-08-05 15:39:16,75.0,72.0,1.0,2.0
2021-08-05 15:39:17,65.0,57.0,4.0,4.0
2021-08-05 15:39:18,91.0,77.0,8.0,6.0
2021-08-05 15:39:19,94.0,85.0,8.0,1.0
2021-08-05 15:39:20,80.0,70.0,5.0,5.0
2021-08-05 15:39:21,73.0,67.0,5.0,1.0
2021-08-05 15:39:22,87.0,70.0,9.0,8.0
2021-08-05 15:39:23,98.0,87.0,7.0,4.0
2021-08-05 15:39:24,87.0,72.0,8.0,7.0
2021-08-05 15:39:25,90.0,78.0,6.0,6.0
2021-08-05 15:39:26,78.0,64.0,12.0,2.0
2021-08-05 15:39:27,74.0,65.0,9.0,0.0
2021-08-05 15:39:28,72.0,64.0,4.0,4.0
2021-08-05 15:39:29,79.0,69.0,6.0,4.0
2021-08-05 15:39:30,91.0,70.0,14.0,7.0
2021-08-05 15:39:31,100.0,87.0,8.0,5.0
2021-08-05 15:39:32,95.0,86.0,3.0,6.0
2021-08-05 15:39:33,70.0,58.0,8.0,4.0
2021-08-05 15:39:34,86.0,73.0,7.0,6.0
2021-08-05 15:39:35,91.0,80.0,6.0,5.0
2021-08-05 15:39:36,82.0,76.0,5.0,1.0
2021-08-05 15:39:37,73.0,67.0,4.0,2.0
2021-08-05 15:39:38,81.0,64.0,10.0,7.0
2021-08-05 15:39:39,97.0,88.0,7.0,2.0
2021-08-05 15:39:40,90.0,74.0,10.0,6.0
2021-08-05 15:39:41,75.0,67.0,4.0,4.0
2021-08-05 15:39:42,78.0,65.0,7.0,6.0
2021-08-05 15:39:43,80.0,68.0,9.0,3.0
2021-08-05 15:39:44,86.0,71.0,10.0,5.0
2021-08-05 15:39:45,73.0,58.0,8.0,7.0
2021-08-05 15:39:46,75.0,63.0,7.0,5.0
2021-08-05 15:39:47,86.0,68.0,11.0,7.0
2021-08-05 15:39:48,87.0,75.0,6.0,6.0
2021-08-05 15:39:49,77.0,66.0,6.0,5.0
2021-08-05 15:39:50,73.0,61.0,5.0,7.0
2021-08-05 15:39:51,75.0,68.0,7.0,0.0
2021-08-05 15:39:52,71.0,56.0,11.0,4.0
2021-08-05 15:39:53,76.0,69.0,3.0,4.0
2021-08-05 15:39:54,79.0,68.0,7.0,4.0
2021-08-05 15:39:55,83.0,72.0,6.0,5.0
2021-08-05 15:39:56,68.0,63.0,3.0,2.0
2021-08-05 15:39:57,81.0,75.0,4.0,2.0
2021-08-05 15:39:58,74.0,60.0,9.0,5.0
2021-08-05 15:39:59,68.0,59.0,5.0,4.0
2021-08-05 15:40:00,95.0,82.0,7.0,6.0
2021-08-05 15:40:01,90.0,74.0,11.0,5.0
2021-08-05 15:40:02,90.0,76.0,11.0,3.0
2021-08-05 15:40:03,78.0,64.0,10.0,4.0
2021-08-05 15:40:04,80.0,70.0,8.0,2.0
2021-08-05 15:40:05,81.0,72.0,5.0,4.0
2021-08-05 15:40:06,80.0,75.0,5.0,0.0
2021-08-05 15:40:07,75.0,66.0,5.0,4.0
2021-08-05 15:40:08,89.0,82.0,5.0,2.0
2021-08-05 15:40:09,87.0,74.0,8.0,5.0
2021-08-05 15:40:10,81.0,71.0,5.0,5.0
2021-08-05 15:40:11,81.0,70.0,7.0,4.0
2021-08-05 15:40:12,79.0,68.0,8.0,3.0
2021-08-05 15:40:13,88.0,75.0,8.0,5.0
2021-08-05 15:40:14,85.0,79.0,6.0,0.0
2021-08-05 15:40:15,72.0,60.0,7.0,5.0
2021-08-05 15:40:16,78.0,64.0,7.0,7.0
2021-08-05 15:40:17,85.0,69.0,8.0,8.0
2021-08-05 15:40:18,69.0,62.0,3.0,4.0
2021-08-05 15:40:19,97.0,86.0,5.0,6.0
2021-08-05 15:40:20,94.0,86.0,6.0,2.0
2021-08-05 15:40:21,84.0,75.0,5.0,4.0
2021-08-05 15:40:22,67.0,58.0,5.0,4.0
2021-08-05 15:40:23,86.0,78.0,3.0,5.0
2021-08-05 15:40:24,92.0,85.0,3.0,4.0
2021-08-05 15:40:25,71.0,65.0,4.0,2.0
2021-08-05 15:40:26,72.0,66.0,4.0,2.0
2021-08-05 15:40:27,69.0,58.0,7.0,4.0
2021-08-05 15:40:28,95.0,86.0,7.0,2.0
2021-08-05 15:40:29,84.0,69.0,8.0,7.0
2021-08-05 15:40:30,90.0,73.0,12.0,5.0
2021-08-05 15:40:31,84.0,75.0,6.0,3.0
2021-08-05 15:40:32,85.0,73.0,7.0,5.0
2021-08-05 15:40:33,95.0,84.0,7.0,4.0
2021-08-05 15:40:34,94.0,86.0,7.0,1.0
2021-08-05 15:40:35,88.0,72.0,10.0,6.0
2021-08-05 15:40:36,79.0,66.0,6.0,7.0
2021-08-05 15:40:37,94.0,80.0,9.0,5.0
2021-08-05 15:40:38,75.0,70.0,4.0,1.0
2021-08-05 15:40:39,90.0,80.0,5.0,5.0
2021-08-05 15:40:40,79.0,75.0,3.0,1.0
2021-08-05 15:40:41,72.0,60.0,5.0,7.0
2021-08-05 15:40:42,95.0,79.0,11.0,5.0
2021-08-05 15:40:43,83.0,73.0,5.0,5.0
2021-08-05 15:40:44,70.0,63.0,5.0,2.0
2021-08-05 15:40:45,73.0,70.0,1.0,2.0
2021-08-05 15:40:46,97.0,86.0,8.0,3.0
2021-08-05 15:40:47,77.0,67.0,6.0,4.0
2021-08-05 15:40:48,77.0,62.0,8.0,7.0
2021-08-05 15:40:49,89.0,79.0,6.0,4.0
2021-08-05 15:40:50,83.0,74.0,7.0,2.0
2021-08-05 15:40:51,83.0,74.0,5.0,4.0
2021-08-05 15:40:52,74.0,66.0,3.0,5.0
2021-08-05 15:40:53,71.0,62.0,6.0,3.0
2021-08-05 15:40:54,86.0,73.0,8.0,5.0
2021-08-05 15:40:55,84.0,71.0,5.0,8.0
2021-08-05 15:40:56,73.0,63.0,7.0,3.0
2021-08-05 15:40:57,70.0,57.0,11.0,2.0
2021-08-05 15:40:58,97.0,84.0,9.0,4.0
2021-08-05 15:40:59,83.0,77.0,2.0,4.0
2021-08-05 15:41:00,87.0,74.0,11.0,2.0
2021-08-05 15:41:01,73.0,63.0,4.0,6.0
2021-08-05 15:41:02,78.0,64.0,9.0,5.0
2021-08-05 15:41:03,97.0,88.0,4.0,5.0
2021-08-05 15:41:04,72.0,56.0,11.0,5.0
2021-08-05 15:41:05,84.0,71.0,6.0,7.0
2021-08-05 15:41:06,76.0,64.0,6.0,6.0
2021-08-05 15:41:07,92.0,79.0,8.0,5.0
2021-08-05 15:41:08,75.0,66.0,7.0,2.0
2021-08-05 15:41:09,68.0,62.0,4.0,2.0
2021-08-05 15:41:10,90.0,81.0,4.0,5.0
2021-08-05 15:41:11,78.0,65.0,9.0,4.0
2021-08-05 15:41:12,75.0,70.0,5.0,0.0
2021-08-05 15:41:13,82.0,74.0,5.0,3.0
2021-08-05 15:41:14,78.0,69.0,6.0,3.0
2021-08-05 15:41:15,65.0,61.0,3.0,1.0
2021-08-05 15:41:16,84.0,72.0,5.0,7.0
2021-08-05 15:41:17,76.0,70.0,3.0,3.0
2021-08-05 15:41:18,100.0,92.0,3.0,5.0
2021-08-05 15:41:19,61.0,54.0,5.0,2.0
2021-08-05 15:41:20,84.0,73.0,7.0,4.0
2021-08-05 15:41:21,69.0,59.0,7.0,3.0
2021-08-05 15:41:22,78.0,67.0,8.0,3.0
2021-08-05 15:41:23,91.0,77.0,7.0,7.0
2021-08-05 15:41:24,78.0,67.0,6.0,5.0
2021-08-05 15:41:25,84.0,68.0,9.0,7.0
2021-08-05 15:41:26,81.0,71.0,9.0,1.0
2021-08-05 15:41:27,78.0,72.0,5.0,1.0
2021-08-05 15:41:28,83.0,76.0,2.0,5.0
2021-08-05 15:41:29,77.0,62.0,11.0,4.0
2021-08-05 15:41:30,81.0,71.0,5.0,5.0
2021-08-05 15:41:31,67.0,61.0,5.0,1.0
2021-08-05 15:41:32,70.0,61.0,5.0,4.0
2021-08-05 15:41:33,74.0,65.0,7.0,2.0
2021-08-05 15:41:34,67.0,57.0,5.0,5.0
2021-08-05 15:41:35,81.0,78.0,2.0,1.0
2021-08-05 15:41:36,88.0,79.0,6.0,3.0
2021-08-05 15:41:37,75.0,62.0,9.0,4.0
2021-08-05 15:41:38,73.0,68.0,2.0,3.0
2021-08-05 15:41:39,81.0,65.0,11.0,5.0
2021-08-05 15:41:40,78.0,66.0,4.0,8.0
2021-08-05 15:41:41,79.0,70.0,4.0,5.0
2021-08-05 15:41:42,79.0,71.0,4.0,4.0
2021-08-05 15:41:43,89.0,81.0,6.0,2.0
2021-08-05 15:41:44,79.0,69.0,5.0,5.0
2021-08-05 15:41:45,71.0,64.0,3.0,4.0
2021-08-05 15:41:46,74.0,62.0,7.0,5.0
2021-08-05 15:41:47,95.0,84.0,4.0,7.0
2021-08-05 15:41:48,71.0,63.0,5.0,3.0
2021-08-05 15:41:49,77.0,66.0,8.0,3.0
2021-08-05 15:41:50,86.0,75.0,4.0,7.0
2021-08-05 15:41:51,89.0,84.0,2.0,3.0
2021-08-05 15:41:52,68.0,59.0,3.0,6.0
2021-08-05 15:41:53,79.0,67.0,8.0,4.0
2021-08-05 15:41:54,88.0,80.0,5.0,3.0
2021-08-05 15:41:55,75.0,66.0,6.0,3.0
2021-08-05 15:41:56,80.0,68.0,9.0,3.0
2021-08-05 15:41:57,71.0,64.0,4.0,3.0
2021-08-05 15:41:58,80.0,72.0,4.0,4.0
2021-08-05 15:41:59,69.0,57.0,8.0,4.0
2021-08-05 15:42:00,84.0,74.0,5.0,5.0
2021-08-05 15:42:01,66.0,58.0,6.0,2.0
2021-08-05 15:42:02,74.0,65.0,5.0,4.0
2021-08-05 15:42:03,77.0,64.0,7.0,6.0
2021-08-05 15:42:04,78.0,69.0,4.0,5.0
2021-08-05 15:42:05,86.0,80.0,2.0,4.0
2021-08-05 15:42:06,81.0,70.0,8.0,3.0
2021-08-05 15:42:07,77.0,62.0,9.0,6.0
2021-08-05 15:42:08,86.0,76.0,7.0,3.0
2021-08-05 15:42:09,88.0,75.0,8.0,5.0
2021-08-05 15:42:10,71.0,65.0,4.0,2.0
2021-08-05 15:42:11,89.0,80.0,3.0,6.0
2021-08-05 15:42:12,100.0,88.0,9.0,3.0
2021-08-05 15:42:13,77.0,68.0,6.0,3.0
2021-08-05 15:42:14,89.0,73.0,8.0,8.0
2021-08-05 15:42:15,71.0,61.0,5.0,5.0
2021-08-05 15:42:16,81.0,71.0,6.0,4.0
2021-08-05 15:42:17,89.0,78.0,6.0,5.0
2021-08-05 15:42:18,73.0,63.0,6.0,4.0
2021-08-05 15:42:19,75.0,67.0,4.0,4.0
2021-08-05 15:42:20,69.0,59.0,8.0,2.0
2021-08-05 15:42:21,79.0,65.0,8.0,6.0
2021-08-05 15:42:22,68.0,58.0,7.0,3.0
2021-08-05 15:42:23,70.0,63.0,4.0,3.0
2021-08-05 15:42:24,58.0,49.0,4.0,5.0
2021-08-05 15:42:25,97.0,83.0,8.0,6.0
2021-08-05 15:42:26,71.0,63.0,5.0,3.0
2021-08-05 15:42:27,71.0,62.0,4.0,5.0
2021-08-05 15:42:28,94.0,82.0,6.0,6.0
2021-08-05 15:42:29,84.0,70.0,9.0,5.0
2021-08-05 15:42:30,83.0,70.0,9.0,4.0
2021-08-05 15:42:31,72.0,62.0,7.0,3.0
2021-08-05 15:42:32,77.0,75.0,0.0,2.0
2021-08-05 15:42:33,73.0,69.0,3.0,1.0
2021-08-05 15:42:34,72.0,66.0,3.0,3.0
2021-08-05 15:42:35,78.0,64.0,6.0,8.0
2021-08-05 15:42:36,86.0,75.0,7.0,4.0
2021-08-05 15:42:37,78.0,69.0,8.0,1.0
2021-08-05 15:42:38,76.0,68.0,7.0,1.0
2021-08-05 15:42:39,73.0,65.0,4.0,4.0
2021-08-05 15:42:40,76.0,63.0,10.0,3.0
2021-08-05 15:42:41,80.0,72.0,4.0,4.0
2021-08-05 15:42:42,87.0,75.0,5.0,7.0
2021-08-05 15:42:43,75.0,66.0,5.0,4.0
2021-08-05 15:42:44,84.0,74.0,6.0,4.0
2021-08-05 15:42:45,80.0,75.0,3.0,2.0
2021-08-05 15:42:46,81.0,73.0,4.0,4.0
2021-08-05 15:42:47,79.0,70.0,6.0,3.0
2021-08-05 15:42:48,90.0,72.0,11.0,7.0
2021-08-05 15:42:49,81.0,71.0,6.0,4.0
2021-08-05 15:42:50,63.0,57.0,2.0,4.0
2021-08-05 15:42:51,85.0,70.0,11.0,4.0
2021-08-05 15:42:52,65.0,56.0,5.0,4.0
2021-08-05 15:42:53,75.0,69.0,4.0,2.0
2021-08-05 15:42:54,84.0,72.0,7.0,5.0
2021-08-05 15:42:55,76.0,67.0,8.0,1.0
2021-08-05 15:42:56,87.0,79.0,3.0,5.0
2021-08-05 15:42:57,90.0,76.0,6.0,8.0
2021-08-05 15:42:58,83.0,69.0,10.0,4.0
2021-08-05 15:42:59,89.0,77.0,5.0,7.0
2021-08-05 15:43:00,79.0,65.0,10.0,4.0
2021-08-05 15:43:01,72.0,61.0,6.0,5.0
2021-08-05 15:43:02,78.0,70.0,4.0,4.0
2021-08-05 15:43:03,87.0,79.0,4.0,4.0
2021-08-05 15:43:04,91.0,81.0,7.0,3.0
2021-08-05 15:43:05,84.0,73.0,7.0,4.0
2021-08-05 15:43:06,97.0,89.0,6.0,2.0
2021-08-05 15:43:07,53.0,44.0,3.0,6.0
2021-08-05 15:43:08,95.0,87.0,6.0,2.0
2021-08-05 15:43:09,75.0,65.0,6.0,4.0
2021-08-05 15:43:10,79.0,66.0,9.0,4.0
2021-08-05 15:43:11,71.0,58.0,10.0,3.0
2021-08-05 15:43:12,93.0,79.0,9.0,5.0
2021-08-05 15:43:13,67.0,54.0,8.0,5.0
2021-08-05 15:43:14,94.0,84.0,5.0,5.0
2021-08-05 15:43:15,92.0,75.0,9.0,8.0
2021-08-05 15:43:16,94.0,83.0,9.0,2.0
2021-08-05 15:43:17,92.0,82.0,5.0,5.0
2021-08-05 15:43:18,63.0,53.0,4.0,6.0
2021-08-05 15:43:19,70.0,63.0,5.0,2.0
2021-08-05 15:43:20,64.0,53.0,10.0,1.0
2021-08-05 15:43:21,69.0,57.0,9.0,3.0
2021-08-05 15:43:22,86.0,78.0,4.0,4.0
2021-08-05 15:43:23,83.0,73.0,5.0,5.0
2021-08-05 15:43:24,73.0,64.0,6.0,3.0
2021-08-05 15:43:25,76.0,66.0,7.0,3.0
2021-08-05 15:43:26,97.0,84.0,9.0,4.0
2021-08-05 15:43:27,70.0,64.0,4.0,2.0
2021-08-05 15:43:28,77.0,67.0,7.0,3.0
2021-08-05 15:43:29,93.0,86.0,5.0,2.0
2021-08-05 15:43:30,87.0,78.0,6.0,3.0
2021-08-05 15:43:31,79.0,64.0,8.0,7.0
2021-08-05 15:43:32,82.0,76.0,2.0,4.0
2021-08-05 15:43:33,83.0,71.0,7.0,5.0
2021-08-05 15:43:34,89.0,77.0,8.0,4.0
2021-08-05 15:43:35,75.0,62.0,8.0,5.0
2021-08-05 15:43:36,64.0,57.0,4.0,3.0
2021-08-05 15:43:37,83.0,75.0,5.0,3.0
2021-08-05 15:43:38,93.0,86.0,4.0,3.0
2021-08-05 15:43:39,67.0,60.0,4.0,3.0
2021-08-05 15:43:40,84.0,68.0,7.0,9.0
2021-08-05 15:43:41,84.0,74.0,7.0,3.0
2021-08-05 15:43:42,77.0,67.0,6.0,4.0
2021-08-05 15:43:43,76.0,67.0,6.0,3.0
2021-08-05 15:43:44,69.0,63.0,5.0,1.0
2021-08-05 15:43:45,83.0,73.0,7.0,3.0
2021-08-05 15:43:46,54.0,47.0,3.0,4.0
2021-08-05 15:43:47,86.0,73.0,7.0,6.0
2021-08-05 15:43:48,79.0,70.0,3.0,6.0
2021-08-05 15:43:49,94.0,86.0,7.0,1.0
2021-08-05 15:43:50,74.0,63.0,7.0,4.0
2021-08-05 15:43:51,88.0,73.0,9.0,6.0
2021-08-05 15:43:52,90.0,77.0,6.0,7.0
2021-08-05 15:43:53,91.0,80.0,6.0,5.0
2021-08-05 15:43:54,73.0,64.0,4.0,5.0
2021-08-05 15:43:55,78.0,72.0,4.0,2.0
2021-08-05 15:43:56,79.0,70.0,1.0,8.0
2021-08-05 15:43:57,82.0,67.0,9.0,6.0
2021-08-05 15:43:58,75.0,67.0,6.0,2.0
2021-08-05 15:43:59,69.0,55.0,7.0,7.0
2021-08-05 15:44:00,85.0,75.0,8.0,2.0
2021-08-05 15:44:01,77.0,63.0,9.0,5.0
2021-08-05 15:44:02,91.0,76.0,7.0,8.0
2021-08-05 15:44:03,74.0,60.0,7.0,7.0
2021-08-05 15:44:04,92.0,79.0,9.0,4.0
2021-08-05 15:44:05,85.0,75.0,5.0,5.0
2021-08-05 15:44:06,72.0,63.0,6.0,3.0
2021-08-05 15:44:07,97.0,83.0,5.0,9.0
2021-08-05 15:44:08,77.0,62.0,9.0,6.0
2021-08-05 15:44:09,79.0,67.0,7.0,5.0
2021-08-05 15:44:10,73.0,64.0,4.0,5.0
2021-08-05 15:44:11,80.0,72.0,5.0,3.0
2021-08-05 15:44:12,77.0,70.0,3.0,4.0
2021-08-05 15:44:13,74.0,63.0,8.0,3.0
2021-08-05 15:44:14,80.0,70.0,6.0,4.0
2021-08-05 15:44:15,82.0,71.0,5.0,6.0
2021-08-05 15:44:16,77.0,68.0,7.0,2.0
2021-08-05 15:44:17,76.0,67.0,5.0,4.0
2021-08-05 15:44:18,83.0,70.0,10.0,3.0
2021-08-05 15:44:19,81.0,65.0,7.0,9.0
2021-08-05 15:44:20,71.0,57.0,6.0,8.0
2021-08-05 15:44:21,83.0,74.0,3.0,6.0
2021-08-05 15:44:22,88.0,74.0,10.0,4.0
2021-08-05 15:44:23,64.0,56.0,7.0,1.0
2021-08-05 15:44:24,81.0,71.0,5.0,5.0
2021-08-05 15:44:25,72.0,59.0,10.0,3.0
2021-08-05 15:44:26,84.0,77.0,4.0,3.0
2021-08-05 15:44:27,88.0,76.0,8.0,4.0
2021-08-05 15:44:28,94.0,82.0,9.0,3.0
2021-08-05 15:44:29,80.0,70.0,7.0,3.0
2021-08-05 15:44:30,78.0,67.0,7.0,4.0
2021-08-05 15:44:31,86.0,75.0,4.0,7.0
2021-08-05 15:44:32,69.0,62.0,4.0,3.0
2021-08-05 15:44:33,70.0,62.0,4.0,4.0
2021-08-05 15:44:34,68.0,58.0,3.0,7.0
2021-08-05 15:44:35,78.0,66.0,9.0,3.0
2021-08-05 15:44:36,88.0,77.0,6.0,5.0
2021-08-05 15:44:37,74.0,60.0,7.0,7.0
2021-08-05 15:44:38,67.0,59.0,4.0,4.0
2021-08-05 15:44:39,66.0,58.0,6.0,2.0
2021-08-05 15:44:40,68.0,56.0,7.0,5.0
2021-08-05 15:44:41,72.0,68.0,2.0,2.0
2021-08-05 15:44:42,70.0,60.0,4.0,6.0
2021-08-05 15:44:43,79.0,70.0,3.0,6.0
2021-08-05 15:44:44,88.0,75.0,8.0,5.0
2021-08-05 15:44:45,85.0,71.0,8.0,6.0
2021-08-05 15:44:46,80.0,74.0,3.0,3.0
2021-08-05 15:44:47,81.0,70.0,4.0,7.0
2021-08-05 15:44:48,66.0,59.0,5.0,2.0
2021-08-05 15:44:49,86.0,76.0,5.0,5.0
2021-08-05 15:44:50,59.0,52.0,5.0,2.0
2021-08-05 15:44:51,73.0,63.0,9.0,1.0
2021-08-05 15:44:52,86.0,72.0,9.0,5.0
2021-08-05 15:44:53,79.0,69.0,6.0,4.0
2021-08-05 15:44:54,89.0,75.0,8.0,6.0
2021-08-05 15:44:55,65.0,56.0,2.0,7.0
2021-08-05 15:44:56,89.0,79.0,5.0,5.0
2021-08-05 15:44:57,86.0,78.0,6.0,2.0
2021-08-05 15:44:58,65.0,60.0,4.0,1.0
2021-08-05 15:44:59,79.0,73.0,4.0,2.0
2021-08-05 15:45:00,76.0,69.0,2.0,5.0
2021-08-05 15:45:01,84.0,73.0,7.0,4.0
2021-08-05 15:45:02,73.0,62.0,6.0,5.0
2021-08-05 15:45:03,95.0,80.0,8.0,7.0
2021-08-05 15:45:04,85.0,79.0,5.0,1.0
2021-08-05 15:45:05,84.0,72.0,8.0,4.0
2021-08-05 15:45:06,89.0,73.0,12.0,4.0
2021-08-05 15:45:07,67.0,63.0,1.0,3.0
2021-08-05 15:45:08,59.0,47.0,7.0,5.0
2021-08-05 15:45:09,73.0,55.0,11.0,7.0
2021-08-05 15:45:10,73.0,61.0,11.0,1.0
2021-08-05 15:45:11,58.0,53.0,3.0,2.0
2021-08-05 15:45:12,77.0,63.0,8.0,6.0
2021-08-05 15:45:13,79.0,68.0,9.0,2.0
2021-08-05 15:45:14,78.0,66.0,6.0,6.0
2021-08-05 15:45:15,85.0,75.0,5.0,5.0
2021-08-05 15:45:16,80.0,76.0,2.0,2.0
2021-08-05 15:45:17,70.0,57.0,10.0,3.0
2021-08-05 15:45:18,77.0,63.0,9.0,5.0
2021-08-05 15:45:19,80.0,70.0,6.0,4.0
2021-08-05 15:45:20,86.0,74.0,5.0,7.0
2021-08-05 15:45:21,88.0,76.0,7.0,5.0
2021-08-05 15:45:22,94.0,82.0,9.0,3.0
2021-08-05 15:45:23,92.0,80.0,7.0,5.0
2021-08-05 15:45:24,71.0,58.0,7.0,6.0
2021-08-05 15:45:25,75.0,67.0,2.0,6.0
2021-08-05 15:45:26,73.0,63.0,5.0,5.0
2021-08-05 15:45:27,79.0,67.0,6.0,6.0
2021-08-05 15:45:28,89.0,79.0,6.0,4.0
2021-08-05 15:45:29,91.0,75.0,11.0,5.0
2021-08-05 15:45:30,84.0,79.0,4.0,1.0
2021-08-05 15:45:31,73.0,64.0,3.0,6.0
2021-08-05 15:45:32,94.0,83.0,5.0,6.0
2021-08-05 15:45:33,81.0,69.0,5.0,7.0
2021-08-05 15:45:34,70.0,61.0,7.0,2.0
2021-08-05 15:45:35,70.0,65.0,4.0,1.0
2021-08-05 15:45:36,71.0,61.0,6.0,4.0
2021-08-05 15:45:37,80.0,74.0,3.0,3.0
2021-08-05 15:45:38,70.0,63.0,3.0,4.0
2021-08-05 15:45:39,80.0,69.0,7.0,4.0
2021-08-05 15:45:40,78.0,67.0,8.0,3.0
2021-08-05 15:45:41,81.0,76.0,1.0,4.0
2021-08-05 15:45:42,76.0,67.0,8.0,1.0
2021-08-05 15:45:43,77.0,66.0,6.0,5.0
2021-08-05 15:45:44,76.0,65.0,7.0,4.0
2021-08-05 15:45:45,82.0,68.0,10.0,4.0
2021-08-05 15:45:46,66.0,53.0,9.0,4.0
2021-08-05 15:45:47,70.0,60.0,6.0,4.0
2021-08-05 15:45:48,84.0,77.0,2.0,5.0
2021-08-05 15:45:49,74.0,66.0,6.0,2.0
2021-08-05 15:45:50,72.0,59.0,7.0,6.0
2021-08-05 15:45:51,78.0,70.0,6.0,2.0
2021-08-05 15:45:52,90.0,75.0,12.0,3.0
2021-08-05 15:45:53,79.0,70.0,3.0,6.0
2021-08-05 15:45:54,85.0,75.0,4.0,6.0
2021-08-05 15:45:55,88.0,74.0,5.0,9.0
2021-08-05 15:45:56,83.0,69.0,6.0,8.0
2021-08-05 15:45:57,92.0,75.0,12.0,5.0
2021-08-05 15:45:58,85.0,71.0,10.0,4.0
2021-08-05 15:45:59,72.0,61.0,8.0,3.0
2021-08-05 15:46:00,75.0,70.0,3.0,2.0
2021-08-05 15:46:01,74.0,60.0,8.0,6.0
2021-08-05 15:46:02,70.0,64.0,3.0,3.0
2021-08-05 15:46:03,69.0,64.0,4.0,1.0
2021-08-05 15:46:04,84.0,77.0,3.0,4.0
2021-08-05 15:46:05,97.0,87.0,9.0,1.0
2021-08-05 15:46:06,95.0,79.0,12.0,4.0
2021-08-05 15:46:07,104.0,96.0,4.0,4.0
2021-08-05 15:46:08,85.0,72.0,9.0,4.0
2021-08-05 15:46:09,78.0,66.0,8.0,4.0
2021-08-05 15:46:10,71.0,62.0,5.0,4.0
2021-08-05 15:46:11,84.0,77.0,5.0,2.0
2021-08-05 15:46:12,60.0,53.0,4.0,3.0
2021-08-05 15:46:13,92.0,77.0,10.0,5.0
2021-08-05 15:46:14,69.0,61.0,4.0,4.0
2021-08-05 15:46:15,72.0,63.0,4.0,5.0
2021-08-05 15:46:16,73.0,60.0,8.0,5.0
2021-08-05 15:46:17,92.0,80.0,8.0,4.0
2021-08-05 15:46:18,86.0,76.0,7.0,3.0
2021-08-05 15:46:19,69.0,53.0,11.0,5.0
2021-08-05 15:46:20,90.0,80.0,6.0,4.0
2021-08-05 15:46:21,70.0,62.0,5.0,3.0
2021-08-05 15:46:22,70.0,64.0,5.0,1.0
2021-08-05 15:46:23,77.0,67.0,3.0,7.0
2021-08-05 15:46:24,70.0,64.0,5.0,1.0
2021-08-05 15:46:25,98.0,86.0,5.0,7.0
2021-08-05 15:46:26,61.0,54.0,5.0,2.0
2021-08-05 15:46:27,73.0,62.0,8.0,3.0
2021-08-05 15:46:28,106.0,87.0,15.0,4.0
2021-08-05 15:46:29,88.0,83.0,4.0,1.0
2021-08-05 15:46:30,86.0,71.0,11.0,4.0
2021-08-05 15:46:31,91.0,79.0,8.0,4.0
2021-08-05 15:46:32,90.0,68.0,12.0,10.0
2021-08-05 15:46:33,85.0,77.0,4.0,4.0
2021-08-05 15:46:34,76.0,69.0,3.0,4.0
2021-08-05 15:46:35,66.0,53.0,9.0,4.0
2021-08-05 15:46:36,67.0,61.0,3.0,3.0
2021-08-05 15:46:37,86.0,71.0,10.0,5.0
2021-08-05 15:46:38,84.0,67.0,11.0,6.0
2021-08-05 15:46:39,84.0,73.0,7.0,4.0
2021-08-05 15:46:40,78.0,71.0,3.0,4.0
2021-08-05 15:46:41,77.0,71.0,4.0,2.0
2021-08-05 15:46:42,88.0,78.0,7.0,3.0
2021-08-05 15:46:43,91.0,76.0,10.0,5.0
2021-08-05 15:46:44,77.0,65.0,7.0,5.0
2021-08-05 15:46:45,98.0,81.0,10.0,7.0
2021-08-05 15:46:46,101.0,84.0,9.0,8.0
2021-08-05 15:46:47,85.0,77.0,5.0,3.0
2021-08-05 15:46:48,77.0,68.0,8.0,1.0
2021-08-05 15:46:49,87.0,79.0,3.0,5.0
2021-08-05 15:46:50,71.0,65.0,3.0,3.0
2021-08-05 15:46:51,89.0,82.0,5.0,2.0
2021-08-05 15:46:52,84.0,65.0,10.0,9.0
2021-08-05 15:46:53,91.0,79.0,7.0,5.0
2021-08-05 15:46:54,86.0,74.0,8.0,4.0
2021-08-05 15:46:55,78.0,65.0,7.0,6.0
2021-08-05 15:46:56,80.0,72.0,5.0,3.0
2021-08-05 15:46:57,79.0,62.0,11.0,6.0
2021-08-05 15:46:58,78.0,68.0,7.0,3.0
2021-08-05 15:46:59,62.0,56.0,3.0,3.0
2021-08-05 15:47:00,75.0,66.0,6.0,3.0
2021-08-05 15:47:01,86.0,69.0,8.0,9.0
2021-08-05 15:47:02,66.0,57.0,3.0,6.0
2021-08-05 15:47:03,68.0,59.0,3.0,6.0
2021-08-05 15:47:04,97.0,83.0,6.0,8.0
2021-08-05 15:47:05,73.0,60.0,9.0,4.0
2021-08-05 15:47:06,90.0,77.0,9.0,4.0
2021-08-05 15:47:07,77.0,63.0,5.0,9.0
2021-08-05 15:47:08,71.0,61.0,7.0,3.0
2021-08-05 15:47:09,90.0,81.0,5.0,4.0
2021-08-05 15:47:10,99.0,86.0,10.0,3.0
2021-08-05 15:47:11,81.0,75.0,3.0,3.0
2021-08-05 15:47:12,92.0,79.0,7.0,6.0
2021-08-05 15:47:13,69.0,62.0,3.0,4.0
2021-08-05 15:47:14,81.0,72.0,8.0,1.0
2021-08-05 15:47:15,79.0,69.0,6.0,4.0
2021-08-05 15:47:16,79.0,64.0,11.0,4.0
2021-08-05 15:47:17,83.0,67.0,9.0,7.0
2021-08-05 15:47:18,60.0,51.0,5.0,4.0
2021-08-05 15:47:19,74.0,65.0,7.0,2.0
2021-08-05 15:47:20,74.0,65.0,6.0,3.0
2021-08-05 15:47:21,80.0,69.0,7.0,4.0
2021-08-05 15:47:22,79.0,75.0,2.0,2.0
2021-08-05 15:47:23,87.0,76.0,10.0,1.0
2021-08-05 15:47:24,68.0,55.0,9.0,4.0
2021-08-05 15:47:25,89.0,79.0,8.0,2.0
2021-08-05 15:47:26,84.0,73.0,7.0,4.0
2021-08-05 15:47:27,83.0,74.0,5.0,4.0
2021-08-05 15:47:28,101.0,80.0,14.0,7.0
2021-08-05 15:47:29,65.0,56.0,5.0,4.0
2021-08-05 15:47:30,80.0,70.0,4.0,6.0
2021-08-05 15:47:31,83.0,72.0,7.0,4.0
2021-08-05 15:47:32,64.0,51.0,8.0,5.0
2021-08-05 15:47:33,68.0,63.0,4.0,1.0
2021-08-05 15:47:34,86.0,70.0,8.0,8.0
2021-08-05 15:47:35,83.0,74.0,6.0,3.0
2021-08-05 15:47:36,101.0,87.0,5.0,9.0
2021-08-05 15:47:37,88.0,82.0,5.0,1.0
2021-08-05 15:47:38,72.0,65.0,5.0,2.0
2021-08-05 15:47:39,64.0,55.0,7.0,2.0
2021-08-05 15:47:40,77.0,69.0,5.0,3.0
2021-08-05 15:47:41,73.0,65.0,4.0,4.0
2021-08-05 15:47:42,77.0,66.0,5.0,6.0
2021-08-05 15:47:43,80.0,72.0,7.0,1.0
2021-08-05 15:47:44,80.0,67.0,7.0,6.0
2021-08-05 15:47:45,83.0,75.0,3.0,5.0
2021-08-05 15:47:46,84.0,71.0,10.0,3.0
2021-08-05 15:47:47,78.0,73.0,1.0,4.0
2021-08-05 15:47:48,81.0,68.0,10.0,3.0
2021-08-05 15:47:49,70.0,62.0,3.0,5.0
2021-08-05 15:47:50,84.0,80.0,3.0,1.0
2021-08-05 15:47:51,74.0,58.0,10.0,6.0
2021-08-05 15:47:52,76.0,65.0,6.0,5.0
2021-08-05 15:47:53,83.0,73.0,3.0,7.0
2021-08-05 15:47:54,75.0,64.0,4.0,7.0
2021-08-05 15:47:55,76.0,66.0,5.0,5.0
2021-08-05 15:47:56,67.0,56.0,8.0,3.0
2021-08-05 15:47:57,92.0,86.0,6.0,0.0
2021-08-05 15:47:58,73.0,63.0,5.0,5.0
2021-08-05 15:47:59,82.0,70.0,7.0,5.0
2021-08-05 15:48:00,88.0,80.0,4.0,4.0
2021-08-05 15:48:01,81.0,72.0,4.0,5.0
2021-08-05 15:48:02,77.0,66.0,5.0,6.0
2021-08-05 15:48:03,96.0,83.0,10.0,3.0
2021-08-05 15:48:04,83.0,72.0,6.0,5.0
2021-08-05 15:48:05,77.0,66.0,8.0,3.0
2021-08-05 15:48:06,81.0,75.0,4.0,2.0
2021-08-05 15:48:07,87.0,77.0,7.0,3.0
2021-08-05 15:48:08,78.0,69.0,9.0,0.0
2021-08-05 15:48:09,90.0,82.0,5.0,3.0
2021-08-05 15:48:10,82.0,71.0,6.0,5.0
2021-08-05 15:48:11,66.0,57.0,6.0,3.0
2021-08-05 15:48:12,98.0,89.0,4.0,5.0
2021-08-05 15:48:13,87.0,74.0,6.0,7.0
2021-08-05 15:48:14,84.0,75.0,6.0,3.0
2021-08-05 15:48:15,73.0,61.0,6.0,6.0
2021-08-05 15:48:16,82.0,70.0,8.0,4.0
2021-08-05 15:48:17,91.0,82.0,6.0,3.0
2021-08-05 15:48:18,75.0,70.0,5.0,0.0
2021-08-05 15:48:19,58.0,49.0,8.0,1.0
2021-08-05 15:48:20,74.0,60.0,9.0,5.0
2021-08-05 15:48:21,64.0,56.0,4.0,4.0
2021-08-05 15:48:22,100.0,87.0,10.0,3.0
2021-08-05 15:48:23,82.0,72.0,7.0,3.0
2021-08-05 15:48:24,81.0,72.0,4.0,5.0
2021-08-05 15:48:25,80.0,65.0,9.0,6.0
2021-08-05 15:48:26,59.0,50.0,5.0,4.0
2021-08-05 15:48:27,79.0,62.0,10.0,7.0
2021-08-05 15:48:28,85.0,75.0,5.0,5.0
2021-08-05 15:48:29,66.0,55.0,6.0,5.0
2021-08-05 15:48:30,82.0,69.0,9.0,4.0
2021-08-05 15:48:31,79.0,72.0,5.0,2.0
2021-08-05 15:48:32,77.0,65.0,6.0,6.0
2021-08-05 15:48:33,80.0,73.0,4.0,3.0
2021-08-05 15:48:34,83.0,77.0,6.0,0.0
2021-08-05 15:48:35,76.0,70.0,4.0,2.0
2021-08-05 15:48:36,80.0,74.0,5.0,1.0
2021-08-05 15:48:37,62.0,55.0,4.0,3.0
2021-08-05 15:48:38,88.0,78.0,6.0,4.0
2021-08-05 15:48:39,100.0,83.0,10.0,7.0
2021-08-05 15:48:40,82.0,71.0,8.0,3.0
2021-08-05 15:48:41,77.0,67.0,6.0,4.0
2021-08-05 15:48:42,81.0,73.0,5.0,3.0
2021-08-05 15:48:43,81.0,71.0,6.0,4.0
2021-08-05 15:48:44,71.0,57.0,6.0,8.0
2021-08-05 15:48:45,90.0,81.0,7.0,2.0
2021-08-05 15:48:46,80.0,69.0,6.0,5.0
2021-08-05 15:48:47,89.0,81.0,6.0,2.0
2021-08-05 15:48:48,75.0,65.0,7.0,3.0
2021-08-05 15:48:49,82.0,72.0,6.0,4.0
2021-08-05 15:48:50,105.0,92.0,11.0,2.0
2021-08-05 15:48:51,79.0,68.0,6.0,5.0
2021-08-05 15:48:52,77.0,73.0,2.0,2.0
2021-08-05 15:48:53,67.0,62.0,5.0,0.0
2021-08-05 15:48:54,87.0,77.0,6.0,4.0
2021-08-05 15:48:55,74.0,67.0,4.0,3.0
2021-08-05 15:48:56,81.0,71.0,6.0,4.0
2021-08-05 15:48:57,80.0,64.0,12.0,4.0
2021-08-05 15:48:58,84.0,70.0,10.0,4.0
2021-08-05 15:48:59,69.0,66.0,2.0,1.0
2021-08-05 15:49:00,91.0,79.0,7.0,5.0
2021-08-05 15:49:01,70.0,59.0,7.0,4.0
2021-08-05 15:49:02,78.0,64.0,8.0,6.0
2021-08-05 15:49:03,97.0,83.0,11.0,3.0
2021-08-05 15:49:04,74.0,60.0,5.0,9.0
2021-08-05 15:49:05,80.0,72.0,6.0,2.0
2021-08-05 15:49:06,74.0,66.0,5.0,3.0
2021-08-05 15:49:07,90.0,81.0,8.0,1.0
2021-08-05 15:49:08,61.0,53.0,6.0,2.0
2021-08-05 15:49:09,101.0,88.0,8.0,5.0
2021-08-05 15:49:10,86.0,74.0,7.0,5.0
2021-08-05 15:49:11,85.0,72.0,9.0,4.0
2021-08-05 15:49:12,72.0,64.0,4.0,4.0
2021-08-05 15:49:13,70.0,56.0,10.0,4.0
2021-08-05 15:49:14,71.0,64.0,5.0,2.0
2021-08-05 15:49:15,78.0,62.0,8.0,8.0
2021-08-05 15:49:16,61.0,47.0,8.0,6.0
2021-08-05 15:49:17,92.0,83.0,7.0,2.0
2021-08-05 15:49:18,101.0,84.0,8.0,9.0
2021-08-05 15:49:19,72.0,63.0,6.0,3.0
2021-08-05 15:49:20,91.0,79.0,6.0,6.0
2021-08-05 15:49:21,88.0,78.0,7.0,3.0
2021-08-05 15:49:22,69.0,60.0,4.0,5.0
2021-08-05 15:49:23,61.0,50.0,7.0,4.0
2021-08-05 15:49:24,73.0,64.0,6.0,3.0
2021-08-05 15:49:25,78.0,63.0,11.0,4.0
2021-08-05 15:49:26,75.0,66.0,7.0,2.0
2021-08-05 15:49:27,87.0,76.0,7.0,4.0
2021-08-05 15:49:28,69.0,60.0,3.0,6.0
2021-08-05 15:49:29,111.0,96.0,9.0,6.0
2021-08-05 15:49:30,81.0,70.0,8.0,3.0
2021-08-05 15:49:31,75.0,63.0,7.0,5.0
2021-08-05 15:49:32,83.0,73.0,8.0,2.0
2021-08-05 15:49:33,80.0,72.0,4.0,4.0
2021-08-05 15:49:34,92.0,82.0,6.0,4.0
2021-08-05 15:49:35,80.0,70.0,6.0,4.0
2021-08-05 15:49:36,92.0,77.0,10.0,5.0
2021-08-05 15:49:37,91.0,75.0,11.0,5.0
2021-08-05 15:49:38,75.0,67.0,6.0,2.0
2021-08-05 15:49:39,57.0,42.0,6.0,9.0
2021-08-05 15:49:40,88.0,71.0,12.0,5.0
2021-08-05 15:49:41,79.0,70.0,5.0,4.0
2021-08-05 15:49:42,65.0,55.0,7.0,3.0
2021-08-05 15:49:43,79.0,66.0,8.0,5.0
2021-08-05 15:49:44,62.0,50.0,6.0,6.0
2021-08-05 15:49:45,68.0,63.0,2.0,3.0
2021-08-05 15:49:46,81.0,76.0,4.0,1.0
2021-08-05 15:49:47,87.0,75.0,7.0,5.0
2021-08-05 15:49:48,70.0,63.0,4.0,3.0
2021-08-05 15:49:49,74.0,68.0,4.0,2.0
2021-08-05 15:49:50,83.0,73.0,7.0,3.0
2021-08-05 15:49:51,63.0,55.0,3.0,5.0
2021-08-05 15:49:52,84.0,70.0,9.0,5.0
2021-08-05 15:49:53,83.0,78.0,1.0,4.0
2021-08-05 15:49:54,101.0,84.0,13.0,4.0
2021-08-05 15:49:55,61.0,58.0,3.0,0.0
2021-08-05 15:49:56,76.0,70.0,3.0,3.0
2021-08-05 15:49:57,74.0,66.0,4.0,4.0
2021-08-05 15:49:58,76.0,68.0,7.0,1.0
2021-08-05 15:49:59,69.0,59.0,6.0,4.0
2021-08-05 15:50:00,74.0,65.0,5.0,4.0
2021-08-05 15:50:01,74.0,62.0,6.0,6.0
2021-08-05 15:50:02,99.0,82.0,14.0,3.0
2021-08-05 15:50:03,75.0,66.0,6.0,3.0
2021-08-05 15:50:04,89.0,78.0,5.0,6.0
2021-08-05 15:50:05,78.0,68.0,5.0,5.0
2021-08-05 15:50:06,96.0,85.0,5.0,6.0
2021-08-05 15:50:07,86.0,75.0,7.0,4.0
2021-08-05 15:50:08,84.0,77.0,6.0,1.0
2021-08-05 15:50:09,75.0,68.0,4.0,3.0
2021-08-05 15:50:10,90.0,78.0,6.0,6.0
2021-08-05 15:50:11,71.0,57.0,10.0,4.0
2021-08-05 15:50:12,72.0,63.0,6.0,3.0
2021-08-05 15:50:13,73.0,65.0,3.0,5.0
2021-08-05 15:50:14,78.0,63.0,11.0,4.0
2021-08-05 15:50:15,73.0,63.0,5.0,5.0
2021-08-05 15:50:16,79.0,71.0,4.0,4.0
2021-08-05 15:50:17,78.0,70.0,5.0,3.0
2021-08-05 15:50:18,95.0,88.0,6.0,1.0
2021-08-05 15:50:19,71.0,60.0,7.0,4.0
2021-08-05 15:50:20,98.0,83.0,7.0,8.0
2021-08-05 15:50:21,82.0,75.0,4.0,3.0
2021-08-05 15:50:22,77.0,66.0,5.0,6.0
2021-08-05 15:50:23,72.0,63.0,7.0,2.0
2021-08-05 15:50:24,81.0,72.0,6.0,3.0
2021-08-05 15:50:25,75.0,66.0,6.0,3.0
2021-08-05 15:50:26,85.0,71.0,8.0,6.0
2021-08-05 15:50:27,74.0,67.0,4.0,3.0
2021-08-05 15:50:28,90.0,82.0,5.0,3.0
2021-08-05 15:50:29,78.0,72.0,4.0,2.0
2021-08-05 15:50:30,81.0,68.0,12.0,1.0
2021-08-05 15:50:31,89.0,80.0,5.0,4.0
2021-08-05 15:50:32,75.0,60.0,7.0,8.0
2021-08-05 15:50:33,98.0,83.0,8.0,7.0
2021-08-05 15:50:34,87.0,80.0,3.0,4.0
2021-08-05 15:50:35,88.0,69.0,14.0,5.0
2021-08-05 15:50:36,68.0,60.0,4.0,4.0
2021-08-05 15:50:37,82.0,65.0,10.0,7.0
2021-08-05 15:50:38,84.0,78.0,4.0,2.0
2021-08-05 15:50:39,92.0,84.0,5.0,3.0
2021-08-05 15:50:40,68.0,57.0,9.0,2.0
2021-08-05 15:50:41,70.0,62.0,3.0,5.0
2021-08-05 15:50:42,73.0,61.0,10.0,2.0
2021-08-05 15:50:43,72.0,64.0,7.0,1.0
2021-08-05 15:50:44,83.0,67.0,13.0,3.0
2021-08-05 15:50:45,82.0,72.0,7.0,3.0
2021-08-05 15:50:46,78.0,67.0,5.0,6.0
2021-08-05 15:50:47,82.0,74.0,4.0,4.0
2021-08-05 15:50:48,75.0,60.0,13.0,2.0
2021-08-05 15:50:49,91.0,77.0,8.0,6.0
2021-08-05 15:50:50,97.0,87.0,7.0,3.0
2021-08-05 15:50:51,79.0,67.0,4.0,8.0
2021-08-05 15:50:52,72.0,63.0,5.0,4.0
2021-08-05 15:50:53,82.0,70.0,6.0,6.0
2021-08-05 15:50:54,70.0,58.0,8.0,4.0
2021-08-05 15:50:55,80.0,71.0,7.0,2.0
2021-08-05 15:50:56,75.0,67.0,7.0,1.0
2021-08-05 15:50:57,84.0,79.0,3.0,2.0
2021-08-05 15:50:58,83.0,74.0,5.0,4.0
2021-08-05 15:50:59,102.0,88.0,8.0,6.0
2021-08-05 15:51:00,84.0,72.0,8.0,4.0
2021-08-05 15:51:01,103.0,87.0,8.0,8.0
2021-08-05 15:51:02,78.0,65.0,6.0,7.0
2021-08-05 15:51:03,88.0,78.0,3.0,7.0
2021-08-05 15:51:04,70.0,61.0,7.0,2.0
2021-08-05 15:51:05,88.0,75.0,5.0,8.0
2021-08-05 15:51:06,85.0,75.0,8.0,2.0
2021-08-05 15:51:07,91.0,76.0,8.0,7.0
2021-08-05 15:51:08,78.0,70.0,5.0,3.0
2021-08-05 15:51:09,93.0,82.0,6.0,5.0
2021-08-05 15:51:10,62.0,55.0,3.0,4.0
2021-08-05 15:51:11,96.0,86.0,5.0,5.0
2021-08-05 15:51:12,91.0,82.0,4.0,5.0
2021-08-05 15:51:13,70.0,61.0,5.0,4.0
2021-08-05 15:51:14,84.0,73.0,8.0,3.0
2021-08-05 15:51:15,66.0,55.0,9.0,2.0
2021-08-05 15:51:16,71.0,55.0,7.0,9.0
2021-08-05 15:51:17,82.0,72.0,4.0,6.0
2021-08-05 15:51:18,82.0,68.0,10.0,4.0
2021-08-05 15:51:19,78.0,71.0,7.0,0.0
2021-08-05 15:51:20,64.0,52.0,8.0,4.0
2021-08-05 15:51:21,64.0,57.0,3.0,4.0
2021-08-05 15:51:22,94.0,84.0,7.0,3.0
2021-08-05 15:51:23,71.0,63.0,6.0,2.0
2021-08-05 15:51:24,72.0,59.0,7.0,6.0
2021-08-05 15:51:25,70.0,56.0,8.0,6.0
2021-08-05 15:51:26,85.0,66.0,13.0,6.0
2021-08-05 15:51:27,78.0,71.0,2.0,5.0
2021-08-05 15:51:28,91.0,80.0,8.0,3.0
2021-08-05 15:51:29,66.0,58.0,4.0,4.0
2021-08-05 15:51:30,85.0,75.0,3.0,7.0
2021-08-05 15:51:31,94.0,77.0,9.0,8.0
2021-08-05 15:51:32,80.0,69.0,7.0,4.0
2021-08-05 15:51:33,73.0,65.0,6.0,2.0
2021-08-05 15:51:34,64.0,57.0,4.0,3.0
2021-08-05 15:51:35,73.0,64.0,7.0,2.0
2021-08-05 15:51:36,82.0,69.0,8.0,5.0
2021-08-05 15:51:37,82.0,75.0,5.0,2.0
2021-08-05 15:51:38,87.0,74.0,9.0,4.0
2021-08-05 15:51:39,78.0,66.0,10.0,2.0
2021-08-05 15:51:40,87.0,74.0,9.0,4.0
2021-08-05 15:51:41,88.0,79.0,7.0,2.0
2021-08-05 15:51:42,80.0,70.0,6.0,4.0
2021-08-05 15:51:43,75.0,67.0,4.0,4.0
2021-08-05 15:51:44,69.0,60.0,7.0,2.0
2021-08-05 15:51:45,79.0,68.0,7.0,4.0
2021-08-05 15:51:46,84.0,78.0,2.0,4.0
2021-08-05 15:51:47,77.0,69.0,4.0,4.0
2021-08-05 15:51:48,84.0,74.0,7.0,3.0
2021-08-05 15:51:49,62.0,55.0,5.0,2.0
2021-08-05 15:51:50,74.0,66.0,6.0,2.0
2021-08-05 15:51:51,84.0,67.0,9.0,8.0
2021-08-05 15:51:52,77.0,71.0,4.0,2.0
2021-08-05 15:51:53,88.0,78.0,5.0,5.0
2021-08-05 15:51:54,68.0,62.0,3.0,3.0
2021-08-05 15:51:55,74.0,61.0,7.0,6.0
2021-08-05 15:51:56,82.0,67.0,11.0,4.0
2021-08-05 15:51:57,89.0,77.0,4.0,8.0
2021-08-05 15:51:58,88.0,78.0,6.0,4.0
2021-08-05 15:51:59,68.0,62.0,6.0,0.0
2021-08-05 15:52:00,76.0,65.0,7.0,4.0
2021-08-05 15:52:01,92.0,73.0,14.0,5.0
2021-08-05 15:52:02,67.0,58.0,8.0,1.0
2021-08-05 15:52:03,64.0,53.0,8.0,3.0
2021-08-05 15:52:04,74.0,68.0,6.0,0.0
2021-08-05 15:52:05,59.0,49.0,8.0,2.0
2021-08-05 15:52:06,87.0,71.0,14.0,2.0
2021-08-05 15:52:07,68.0,62.0,4.0,2.0
2021-08-05 15:52:08,68.0,55.0,8.0,5.0
2021-08-05 15:52:09,88.0,74.0,11.0,3.0
2021-08-05 15:52:10,68.0,59.0,5.0,4.0
2021-08-05 15:52:11,89.0,85.0,2.0,2.0
2021-08-05 15:52:12,82.0,76.0,4.0,2.0
2021-08-05 15:52:13,60.0,50.0,6.0,4.0
2021-08-05 15:52:14,75.0,67.0,5.0,3.0
2021-08-05 15:52:15,80.0,63.0,15.0,2.0
2021-08-05 15:52:16,73.0,68.0,5.0,0.0
2021-08-05 15:52:17,75.0,66.0,5.0,4.0
2021-08-05 15:52:18,66.0,62.0,3.0,1.0
2021-08-05 15:52:19,85.0,69.0,12.0,4.0
2021-08-05 15:52:20,86.0,75.0,9.0,2.0
2021-08-05 15:52:21,65.0,58.0,4.0,3.0
2021-08-05 15:52:22,70.0,64.0,2.0,4.0
2021-08-05 15:52:23,81.0,72.0,3.0,6.0
2021-08-05 15:52:24,92.0,82.0,8.0,2.0
2021-08-05 15:52:25,65.0,56.0,6.0,3.0
2021-08-05 15:52:26,72.0,63.0,8.0,1.0
2021-08-05 15:52:27,68.0,62.0,5.0,1.0
2021-08-05 15:52:28,82.0,68.0,7.0,7.0
2021-08-05 15:52:29,82.0,67.0,7.0,8.0
2021-08-05 15:52:30,91.0,79.0,5.0,7.0
2021-08-05 15:52:31,72.0,64.0,3.0,5.0
2021-08-05 15:52:32,78.0,68.0,6.0,4.0
2021-08-05 15:52:33,100.0,86.0,8.0,6.0
2021-08-05 15:52:34,73.0,65.0,4.0,4.0
2021-08-05 15:52:35,92.0,78.0,8.0,6.0
2021-08-05 15:52:36,87.0,76.0,8.0,3.0
2021-08-05 15:52:37,74.0,69.0,4.0,1.0
2021-08-05 15:52:38,81.0,69.0,6.0,6.0
2021-08-05 15:52:39,82.0,69.0,5.0,8.0
2021-08-05 15:52:40,81.0,73.0,5.0,3.0
2021-08-05 15:52:41,70.0,61.0,5.0,4.0
2021-08-05 15:52:42,94.0,78.0,7.0,9.0
2021-08-05 15:52:43,86.0,71.0,9.0,6.0
2021-08-05 15:52:44,71.0,64.0,5.0,2.0
2021-08-05 15:52:45,87.0,71.0,10.0,6.0
2021-08-05 15:52:46,78.0,70.0,4.0,4.0
2021-08-05 15:52:47,72.0,64.0,3.0,5.0
2021-08-05 15:52:48,83.0,74.0,5.0,4.0
2021-08-05 15:52:49,81.0,69.0,6.0,6.0
2021-08-05 15:52:50,92.0,84.0,6.0,2.0
2021-08-05 15:52:51,78.0,64.0,9.0,5.0
2021-08-05 15:52:52,80.0,61.0,10.0,9.0
2021-08-05 15:52:53,75.0,69.0,3.0,3.0
2021-08-05 15:52:54,87.0,75.0,8.0,4.0
2021-08-05 15:52:55,73.0,66.0,5.0,2.0
2021-08-05 15:52:56,95.0,85.0,8.0,2.0
2021-08-05 15:52:57,77.0,66.0,7.0,4.0
2021-08-05 15:52:58,74.0,64.0,7.0,3.0
2021-08-05 15:52:59,76.0,66.0,7.0,3.0
2021-08-05 15:53:00,86.0,73.0,7.0,6.0
2021-08-05 15:53:01,78.0,65.0,9.0,4.0
2021-08-05 15:53:02,89.0,74.0,13.0,2.0
2021-08-05 15:53:03,71.0,58.0,10.0,3.0
2021-08-05 15:53:04,85.0,75.0,4.0,6.0
2021-08-05 15:53:05,78.0,66.0,8.0,4.0
2021-08-05 15:53:06,100.0,93.0,3.0,4.0
2021-08-05 15:53:07,86.0,75.0,7.0,4.0
2021-08-05 15:53:08,72.0,61.0,7.0,4.0
2021-08-05 15:53:09,82.0,74.0,4.0,4.0
2021-08-05 15:53:10,79.0,72.0,4.0,3.0
2021-08-05 15:53:11,76.0,69.0,6.0,1.0
2021-08-05 15:53:12,65.0,57.0,4.0,4.0
2021-08-05 15:53:13,76.0,63.0,8.0,5.0
2021-08-05 15:53:14,71.0,62.0,6.0,3.0
2021-08-05 15:53:15,78.0,69.0,5.0,4.0
2021-08-05 15:53:16,72.0,63.0,6.0,3.0
2021-08-05 15:53:17,90.0,76.0,8.0,6.0
2021-08-05 15:53:18,81.0,69.0,10.0,2.0
2021-08-05 15:53:19,73.0,68.0,3.0,2.0
2021-08-05 15:53:20,80.0,68.0,7.0,5.0
2021-08-05 15:53:21,89.0,73.0,9.0,7.0
2021-08-05 15:53:22,91.0,80.0,7.0,4.0
2021-08-05 15:53:23,74.0,65.0,3.0,6.0
2021-08-05 15:53:24,78.0,68.0,8.0,2.0
2021-08-05 15:53:25,73.0,64.0,6.0,3.0
2021-08-05 15:53:26,81.0,64.0,9.0,8.0
2021-08-05 15:53:27,103.0,90.0,6.0,7.0
2021-08-05 15:53:28,77.0,57.0,7.0,13.0
2021-08-05 15:53:29,75.0,66.0,6.0,3.0
2021-08-05 15:53:30,72.0,60.0,7.0,5.0
2021-08-05 15:53:31,79.0,63.0,7.0,9.0
2021-08-05 15:53:32,82.0,75.0,4.0,3.0
2021-08-05 15:53:33,78.0,68.0,8.0,2.0
2021-08-05 15:53:34,89.0,78.0,7.0,4.0
2021-08-05 15:53:35,94.0,81.0,9.0,4.0
2021-08-05 15:53:36,66.0,60.0,4.0,2.0
2021-08-05 15:53:37,76.0,57.0,10.0,9.0
2021-08-05 15:53:38,71.0,65.0,5.0,1.0
2021-08-05 15:53:39,69.0,57.0,6.0,6.0
2021-08-05 15:53:40,79.0,69.0,7.0,3.0
2021-08-05 15:53:41,73.0,66.0,5.0,2.0
2021-08-05 15:53:42,78.0,67.0,4.0,7.0
2021-08-05 15:53:43,67.0,56.0,8.0,3.0
2021-08-05 15:53:44,83.0,69.0,8.0,6.0
2021-08-05 15:53:45,69.0,62.0,4.0,3.0
2021-08-05 15:53:46,73.0,65.0,6.0,2.0
2021-08-05 15:53:47,88.0,81.0,5.0,2.0
2021-08-05 15:53:48,94.0,87.0,6.0,1.0
2021-08-05 15:53:49,78.0,72.0,4.0,2.0
2021-08-05 15:53:50,74.0,62.0,9.0,3.0
2021-08-05 15:53:51,78.0,66.0,8.0,4.0
2021-08-05 15:53:52,73.0,67.0,5.0,1.0
2021-08-05 15:53:53,77.0,62.0,11.0,4.0
2021-08-05 15:53:54,74.0,66.0,5.0,3.0
2021-08-05 15:53:55,89.0,82.0,6.0,1.0
2021-08-05 15:53:56,77.0,69.0,4.0,4.0
2021-08-05 15:53:57,64.0,56.0,7.0,1.0
2021-08-05 15:53:58,73.0,67.0,4.0,2.0
2021-08-05 15:53:59,69.0,63.0,5.0,1.0
2021-08-05 15:54:00,75.0,63.0,5.0,7.0
2021-08-05 15:54:01,81.0,72.0,8.0,1.0
2021-08-05 15:54:02,71.0,62.0,6.0,3.0
2021-08-05 15:54:03,75.0,67.0,8.0,0.0
2021-08-05 15:54:04,66.0,54.0,10.0,2.0
2021-08-05 15:54:05,70.0,66.0,3.0,1.0
2021-08-05 15:54:06,73.0,58.0,11.0,4.0
2021-08-05 15:54:07,80.0,76.0,2.0,2.0
2021-08-05 15:54:08,82.0,72.0,7.0,3.0
2021-08-05 15:54:09,72.0,65.0,4.0,3.0
2021-08-05 15:54:10,83.0,71.0,6.0,6.0
2021-08-05 15:54:11,88.0,78.0,8.0,2.0
2021-08-05 15:54:12,81.0,64.0,7.0,10.0
2021-08-05 15:54:13,74.0,60.0,7.0,7.0
2021-08-05 15:54:14,77.0,70.0,3.0,4.0
2021-08-05 15:54:15,74.0,66.0,5.0,3.0
2021-08-05 15:54:16,74.0,62.0,9.0,3.0
2021-08-05 15:54:17,76.0,63.0,3.0,10.0
2021-08-05 15:54:18,85.0,77.0,6.0,2.0
2021-08-05 15:54:19,84.0,73.0,7.0,4.0
2021-08-05 15:54:20,88.0,76.0,7.0,5.0
2021-08-05 15:54:21,74.0,62.0,7.0,5.0
2021-08-05 15:54:22,82.0,71.0,9.0,2.0
2021-08-05 15:54:23,67.0,60.0,6.0,1.0
2021-08-05 15:54:24,67.0,57.0,6.0,4.0
2021-08-05 15:54:25,73.0,63.0,7.0,3.0
2021-08-05 15:54:26,89.0,77.0,6.0,6.0
2021-08-05 15:54:27,76.0,62.0,5.0,9.0
2021-08-05 15:54:28,75.0,66.0,5.0,4.0
2021-08-05 15:54:29,76.0,64.0,9.0,3.0
2021-08-05 15:54:30,76.0,71.0,3.0,2.0
2021-08-05 15:54:31,85.0,79.0,2.0,4.0
2021-08-05 15:54:32,77.0,66.0,8.0,3.0
2021-08-05 15:54:33,77.0,68.0,6.0,3.0
2021-08-05 15:54:34,83.0,76.0,3.0,4.0
2021-08-05 15:54:35,76.0,60.0,7.0,9.0
2021-08-05 15:54:36,73.0,62.0,5.0,6.0
2021-08-05 15:54:37,68.0,63.0,2.0,3.0
2021-08-05 15:54:38,85.0,76.0,6.0,3.0
2021-08-05 15:54:39,80.0,71.0,5.0,4.0
2021-08-05 15:54:40,85.0,74.0,8.0,3.0
2021-08-05 15:54:41,77.0,66.0,5.0,6.0
2021-08-05 15:54:42,72.0,63.0,7.0,2.0
2021-08-05 15:54:43,77.0,65.0,5.0,7.0
2021-08-05 15:54:44,72.0,63.0,5.0,4.0
2021-08-05 15:54:45,84.0,72.0,8.0,4.0
2021-08-05 15:54:46,86.0,77.0,1.0,8.0
2021-08-05 15:54:47,93.0,76.0,10.0,7.0
2021-08-05 15:54:48,89.0,82.0,5.0,2.0
2021-08-05 15:54:49,86.0,70.0,9.0,7.0
2021-08-05 15:54:50,75.0,63.0,5.0,7.0
2021-08-05 15:54:51,89.0,80.0,5.0,4.0
2021-08-05 15:54:52,60.0,53.0,5.0,2.0
2021-08-05 15:54:53,79.0,67.0,9.0,3.0
2021-08-05 15:54:54,81.0,70.0,7.0,4.0
2021-08-05 15:54:55,73.0,67.0,3.0,3.0
2021-08-05 15:54:56,91.0,79.0,7.0,5.0
2021-08-05 15:54:57,94.0,80.0,8.0,6.0
2021-08-05 15:54:58,80.0,67.0,7.0,6.0
2021-08-05 15:54:59,92.0,80.0,6.0,6.0
2021-08-05 15:55:00,76.0,60.0,11.0,5.0
2021-08-05 15:55:01,81.0,72.0,6.0,3.0
2021-08-05 15:55:02,79.0,67.0,6.0,6.0
2021-08-05 15:55:03,65.0,55.0,3.0,7.0
2021-08-05 15:55:04,79.0,72.0,3.0,4.0
2021-08-05 15:55:05,83.0,77.0,3.0,3.0
2021-08-05 15:55:06,70.0,58.0,6.0,6.0
2021-08-05 15:55:07,75.0,66.0,4.0,5.0
2021-08-05 15:55:08,89.0,76.0,5.0,8.0
2021-08-05 15:55:09,105.0,88.0,13.0,4.0
2021-08-05 15:55:10,64.0,57.0,5.0,2.0
2021-08-05 15:55:11,83.0,73.0,7.0,3.0
2021-08-05 15:55:12,78.0,63.0,12.0,3.0
2021-08-05 15:55:13,72.0,63.0,6.0,3.0
2021-08-05 15:55:14,77.0,69.0,1.0,7.0
2021-08-05 15:55:15,80.0,71.0,4.0,5.0
2021-08-05 15:55:16,63.0,56.0,3.0,4.0
2021-08-05 15:55:17,69.0,62.0,4.0,3.0
2021-08-05 15:55:18,91.0,79.0,6.0,6.0
2021-08-05 15:55:19,81.0,68.0,7.0,6.0
2021-08-05 15:55:20,72.0,60.0,8.0,4.0
2021-08-05 15:55:21,78.0,70.0,4.0,4.0
2021-08-05 15:55:22,67.0,62.0,3.0,2.0
2021-08-05 15:55:23,71.0,63.0,3.0,5.0
2021-08-05 15:55:24,82.0,74.0,5.0,3.0
2021-08-05 15:55:25,67.0,59.0,5.0,3.0
2021-08-05 15:55:26,77.0,65.0,9.0,3.0
2021-08-05 15:55:27,86.0,72.0,8.0,6.0
2021-08-05 15:55:28,92.0,80.0,10.0,2.0
2021-08-05 15:55:29,73.0,67.0,3.0,3.0
2021-08-05 15:55:30,81.0,71.0,6.0,4.0
2021-08-05 15:55:31,79.0,65.0,10.0,4.0
2021-08-05 15:55:32,85.0,77.0,4.0,4.0
2021-08-05 15:55:33,84.0,69.0,10.0,5.0
2021-08-05 15:55:34,70.0,63.0,6.0,1.0
2021-08-05 15:55:35,81.0,66.0,8.0,7.0
2021-08-05 15:55:36,72.0,61.0,7.0,4.0
2021-08-05 15:55:37,92.0,84.0,5.0,3.0
2021-08-05 15:55:38,90.0,76.0,7.0,7.0
2021-08-05 15:55:39,83.0,72.0,9.0,2.0
2021-08-05 15:55:40,83.0,78.0,4.0,1.0
2021-08-05 15:55:41,74.0,63.0,4.0,7.0
2021-08-05 15:55:42,79.0,67.0,7.0,5.0
2021-08-05 15:55:43,73.0,62.0,8.0,3.0
2021-08-05 15:55:44,60.0,57.0,1.0,2.0
2021-08-05 15:55:45,78.0,70.0,6.0,2.0
2021-08-05 15:55:46,64.0,59.0,2.0,3.0
2021-08-05 15:55:47,63.0,50.0,9.0,4.0
2021-08-05 15:55:48,77.0,68.0,6.0,3.0
2021-08-05 15:55:49,102.0,87.0,11.0,4.0
2021-08-05 15:55:50,84.0,77.0,5.0,2.0
2021-08-05 15:55:51,88.0,83.0,4.0,1.0
2021-08-05 15:55:52,88.0,79.0,6.0,3.0
2021-08-05 15:55:53,90.0,74.0,7.0,9.0
2021-08-05 15:55:54,73.0,61.0,8.0,4.0
2021-08-05 15:55:55,97.0,88.0,4.0,5.0
2021-08-05 15:55:56,76.0,70.0,5.0,1.0
2021-08-05 15:55:57,76.0,63.0,8.0,5.0
2021-08-05 15:55:58,77.0,66.0,7.0,4.0
2021-08-05 15:55:59,93.0,76.0,12.0,5.0
2021-08-05 15:56:00,84.0,73.0,7.0,4.0
2021-08-05 15:56:01,90.0,77.0,4.0,9.0
2021-08-05 15:56:02,74.0,63.0,7.0,4.0
2021-08-05 15:56:03,78.0,67.0,8.0,3.0
2021-08-05 15:56:04,67.0,57.0,4.0,6.0
2021-08-05 15:56:05,66.0,54.0,7.0,5.0
2021-08-05 15:56:06,80.0,68.0,8.0,4.0
2021-08-05 15:56:07,77.0,65.0,9.0,3.0
2021-08-05 15:56:08,83.0,69.0,8.0,6.0
2021-08-05 15:56:09,80.0,68.0,7.0,5.0
2021-08-05 15:56:10,64.0,56.0,4.0,4.0
2021-08-05 15:56:11,88.0,71.0,10.0,7.0
2021-08-05 15:56:12,73.0,61.0,10.0,2.0
2021-08-05 15:56:13,92.0,82.0,5.0,5.0
2021-08-05 15:56:14,87.0,75.0,6.0,6.0
2021-08-05 15:56:15,77.0,71.0,1.0,5.0
2021-08-05 15:56:16,84.0,69.0,8.0,7.0
2021-08-05 15:56:17,90.0,82.0,5.0,3.0
2021-08-05 15:56:18,90.0,78.0,5.0,7.0
2021-08-05 15:56:19,69.0,64.0,3.0,2.0
2021-08-05 15:56:20,84.0,78.0,5.0,1.0
2021-08-05 15:56:21,85.0,73.0,5.0,7.0
2021-08-05 15:56:22,71.0,58.0,9.0,4.0
2021-08-05 15:56:23,85.0,76.0,6.0,3.0
2021-08-05 15:56:24,83.0,68.0,12.0,3.0
2021-08-05 15:56:25,83.0,78.0,3.0,2.0
2021-08-05 15:56:26,67.0,61.0,2.0,4.0
2021-08-05 15:56:27,72.0,58.0,10.0,4.0
2021-08-05 15:56:28,85.0,74.0,7.0,4.0
2021-08-05 15:56:29,78.0,67.0,7.0,4.0
2021-08-05 15:56:30,90.0,77.0,8.0,5.0
2021-08-05 15:56:31,83.0,73.0,3.0,7.0
2021-08-05 15:56:32,72.0,59.0,6.0,7.0
2021-08-05 15:56:33,87.0,68.0,9.0,10.0
2021-08-05 15:56:34,65.0,56.0,4.0,5.0
2021-08-05 15:56:35,81.0,68.0,7.0,6.0
2021-08-05 15:56:36,73.0,62.0,9.0,2.0
2021-08-05 15:56:37,74.0,65.0,7.0,2.0
2021-08-05 15:56:38,84.0,71.0,8.0,5.0
2021-08-05 15:56:39,85.0,78.0,4.0,3.0
2021-08-05 15:56:40,91.0,75.0,9.0,7.0
2021-08-05 15:56:41,83.0,74.0,5.0,4.0
2021-08-05 15:56:42,76.0,64.0,7.0,5.0
2021-08-05 15:56:43,80.0,62.0,9.0,9.0
2021-08-05 15:56:44,80.0,68.0,8.0,4.0
2021-08-05 15:56:45,70.0,61.0,6.0,3.0
2021-08-05 15:56:46,91.0,78.0,7.0,6.0
2021-08-05 15:56:47,83.0,72.0,7.0,4.0
2021-08-05 15:56:48,78.0,65.0,8.0,5.0
2021-08-05 15:56:49,70.0,63.0,4.0,3.0
2021-08-05 15:56:50,80.0,71.0,3.0,6.0
2021-08-05 15:56:51,81.0,71.0,8.0,2.0
2021-08-05 15:56:52,83.0,73.0,6.0,4.0
2021-08-05 15:56:53,63.0,54.0,4.0,5.0
2021-08-05 15:56:54,70.0,57.0,9.0,4.0
2021-08-05 15:56:55,75.0,66.0,5.0,4.0
2021-08-05 15:56:56,94.0,77.0,8.0,9.0
2021-08-05 15:56:57,87.0,74.0,6.0,7.0
2021-08-05 15:56:58,93.0,82.0,4.0,7.0
2021-08-05 15:56:59,72.0,64.0,4.0,4.0
2021-08-05 15:57:00,83.0,68.0,11.0,4.0
2021-08-05 15:57:01,86.0,73.0,6.0,7.0
2021-08-05 15:57:02,87.0,79.0,4.0,4.0
2021-08-05 15:57:03,93.0,78.0,10.0,5.0
2021-08-05 15:57:04,83.0,79.0,2.0,2.0
2021-08-05 15:57:05,86.0,74.0,6.0,6.0
2021-08-05 15:57:06,78.0,70.0,3.0,5.0
2021-08-05 15:57:07,72.0,66.0,0.0,6.0
2021-08-05 15:57:08,92.0,75.0,12.0,5.0
2021-08-05 15:57:09,82.0,78.0,2.0,2.0
2021-08-05 15:57:10,78.0,67.0,2.0,9.0
2021-08-05 15:57:11,76.0,62.0,9.0,5.0
2021-08-05 15:57:12,61.0,52.0,7.0,2.0
2021-08-05 15:57:13,68.0,57.0,5.0,6.0
2021-08-05 15:57:14,70.0,61.0,7.0,2.0
2021-08-05 15:57:15,66.0,58.0,3.0,5.0
2021-08-05 15:57:16,77.0,67.0,7.0,3.0
2021-08-05 15:57:17,71.0,61.0,8.0,2.0
2021-08-05 15:57:18,91.0,77.0,11.0,3.0
2021-08-05 15:57:19,89.0,73.0,10.0,6.0
2021-08-05 15:57:20,77.0,68.0,4.0,5.0
2021-08-05 15:57:21,80.0,72.0,4.0,4.0
2021-08-05 15:57:22,85.0,74.0,6.0,5.0
2021-08-05 15:57:23,89.0,78.0,6.0,5.0
2021-08-05 15:57:24,92.0,82.0,4.0,6.0
2021-08-05 15:57:25,83.0,72.0,7.0,4.0
2021-08-05 15:57:26,86.0,74.0,8.0,4.0
2021-08-05 15:57:27,81.0,65.0,9.0,7.0
2021-08-05 15:57:28,82.0,69.0,8.0,5.0
2021-08-05 15:57:29,69.0,62.0,3.0,4.0
2021-08-05 15:57:30,73.0,64.0,6.0,3.0
2021-08-05 15:57:31,82.0,70.0,7.0,5.0
2021-08-05 15:57:32,78.0,67.0,7.0,4.0
2021-08-05 15:57:33,86.0,77.0,3.0,6.0
2021-08-05 15:57:34,76.0,68.0,7.0,1.0
2021-08-05 15:57:35,84.0,75.0,6.0,3.0
2021-08-05 15:57:36,68.0,60.0,6.0,2.0
2021-08-05 15:57:37,80.0,71.0,6.0,3.0
2021-08-05 15:57:38,73.0,67.0,6.0,0.0
2021-08-05 15:57:39,81.0,71.0,7.0,3.0
2021-08-05 15:57:40,80.0,71.0,6.0,3.0
2021-08-05 15:57:41,80.0,68.0,6.0,6.0
2021-08-05 15:57:42,64.0,57.0,4.0,3.0
2021-08-05 15:57:43,100.0,87.0,10.0,3.0
2021-08-05 15:57:44,83.0,70.0,6.0,7.0
2021-08-05 15:57:45,86.0,78.0,7.0,1.0
2021-08-05 15:57:46,78.0,68.0,7.0,3.0
2021-08-05 15:57:47,82.0,71.0,7.0,4.0
2021-08-05 15:57:48,81.0,73.0,3.0,5.0
2021-08-05 15:57:49,74.0,67.0,6.0,1.0
2021-08-05 15:57:50,73.0,61.0,5.0,7.0
2021-08-05 15:57:51,85.0,74.0,4.0,7.0
2021-08-05 15:57:52,81.0,73.0,6.0,2.0
2021-08-05 15:57:53,89.0,79.0,8.0,2.0
2021-08-05 15:57:54,84.0,74.0,9.0,1.0
2021-08-05 15:57:55,81.0,70.0,11.0,0.0
2021-08-05 15:57:56,81.0,75.0,2.0,4.0
2021-08-05 15:57:57,70.0,62.0,5.0,3.0
2021-08-05 15:57:58,84.0,69.0,7.0,8.0
2021-08-05 15:57:59,80.0,73.0,3.0,4.0
2021-08-05 15:58:00,82.0,75.0,4.0,3.0
2021-08-05 15:58:01,83.0,73.0,7.0,3.0
2021-08-05 15:58:02,79.0,71.0,7.0,1.0
2021-08-05 15:58:03,73.0,64.0,7.0,2.0
2021-08-05 15:58:04,80.0,65.0,10.0,5.0
2021-08-05 15:58:05,65.0,58.0,2.0,5.0
2021-08-05 15:58:06,65.0,56.0,5.0,4.0
2021-08-05 15:58:07,72.0,63.0,2.0,7.0
2021-08-05 15:58:08,77.0,70.0,2.0,5.0
2021-08-05 15:58:09,79.0,64.0,6.0,9.0
2021-08-05 15:58:10,83.0,74.0,5.0,4.0
2021-08-05 15:58:11,95.0,83.0,9.0,3.0
2021-08-05 15:58:12,77.0,68.0,8.0,1.0
2021-08-05 15:58:13,71.0,64.0,4.0,3.0
2021-08-05 15:58:14,92.0,80.0,8.0,4.0
2021-08-05 15:58:15,78.0,66.0,11.0,1.0
2021-08-05 15:58:16,84.0,75.0,5.0,4.0
2021-08-05 15:58:17,79.0,67.0,5.0,7.0
2021-08-05 15:58:18,84.0,69.0,10.0,5.0
2021-08-05 15:58:19,86.0,75.0,6.0,5.0
2021-08-05 15:58:20,79.0,68.0,8.0,3.0
2021-08-05 15:58:21,71.0,62.0,6.0,3.0
2021-08-05 15:58:22,77.0,70.0,2.0,5.0
2021-08-05 15:58:23,83.0,67.0,10.0,6.0
2021-08-05 15:58:24,83.0,74.0,5.0,4.0
2021-08-05 15:58:25,90.0,82.0,3.0,5.0
2021-08-05 15:58:26,67.0,59.0,6.0,2.0
2021-08-05 15:58:27,79.0,70.0,6.0,3.0
2021-08-05 15:58:28,79.0,65.0,7.0,7.0
2021-08-05 15:58:29,89.0,78.0,7.0,4.0
2021-08-05 15:58:30,82.0,75.0,4.0,3.0
2021-08-05 15:58:31,84.0,69.0,5.0,10.0
2021-08-05 15:58:32,89.0,75.0,8.0,6.0
2021-08-05 15:58:33,70.0,62.0,5.0,3.0
2021-08-05 15:58:34,74.0,64.0,7.0,3.0
2021-08-05 15:58:35,78.0,68.0,6.0,4.0
2021-08-05 15:58:36,71.0,63.0,7.0,1.0
2021-08-05 15:58:37,73.0,63.0,4.0,6.0
2021-08-05 15:58:38,84.0,72.0,8.0,4.0
2021-08-05 15:58:39,104.0,84.0,8.0,12.0
2021-08-05 15:58:40,71.0,62.0,4.0,5.0
2021-08-05 15:58:41,69.0,64.0,2.0,3.0
2021-08-05 15:58:42,87.0,76.0,9.0,2.0
2021-08-05 15:58:43,65.0,53.0,10.0,2.0
2021-08-05 15:58:44,83.0,75.0,6.0,2.0
2021-08-05 15:58:45,94.0,74.0,13.0,7.0
2021-08-05 15:58:46,74.0,64.0,5.0,5.0
2021-08-05 15:58:47,63.0,55.0,6.0,2.0
2021-08-05 15:58:48,86.0,74.0,10.0,2.0
2021-08-05 15:58:49,91.0,84.0,3.0,4.0
2021-08-05 15:58:50,83.0,75.0,6.0,2.0
2021-08-05 15:58:51,72.0,61.0,8.0,3.0
2021-08-05 15:58:52,85.0,73.0,9.0,3.0
2021-08-05 15:58:53,99.0,87.0,5.0,7.0
2021-08-05 15:58:54,77.0,70.0,7.0,0.0
2021-08-05 15:58:55,90.0,76.0,9.0,5.0
2021-08-05 15:58:56,84.0,74.0,6.0,4.0
2021-08-05 15:58:57,86.0,80.0,5.0,1.0
2021-08-05 15:58:58,80.0,66.0,8.0,6.0
2021-08-05 15:58:59,76.0,66.0,7.0,3.0
2021-08-05 15:59:00,67.0,57.0,7.0,3.0
2021-08-05 15:59:01,77.0,67.0,6.0,4.0
2021-08-05 15:59:02,85.0,76.0,5.0,4.0
2021-08-05 15:59:03,77.0,64.0,11.0,2.0
2021-08-05 15:59:04,75.0,66.0,8.0,1.0
2021-08-05 15:59:05,80.0,71.0,5.0,4.0
2021-08-05 15:59:06,77.0,66.0,6.0,5.0
2021-08-05 15:59:07,94.0,80.0,8.0,6.0
2021-08-05 15:59:08,72.0,60.0,6.0,6.0
2021-08-05 15:59:09,79.0,70.0,4.0,5.0
2021-08-05 15:59:10,65.0,51.0,7.0,7.0
2021-08-05 15:59:11,61.0,50.0,6.0,5.0
2021-08-05 15:59:12,92.0,82.0,4.0,6.0
2021-08-05 15:59:13,100.0,87.0,9.0,4.0
2021-08-05 15:59:14,78.0,67.0,7.0,4.0
2021-08-05 15:59:15,96.0,85.0,8.0,3.0
2021-08-05 15:59:16,71.0,64.0,5.0,2.0
2021-08-05 15:59:17,76.0,62.0,7.0,7.0
2021-08-05 15:59:18,82.0,70.0,6.0,6.0
2021-08-05 15:59:19,73.0,64.0,7.0,2.0
2021-08-05 15:59:20,96.0,82.0,12.0,2.0
2021-08-05 15:59:21,83.0,72.0,7.0,4.0
2021-08-05 15:59:22,76.0,64.0,2.0,10.0
2021-08-05 15:59:23,79.0,69.0,6.0,4.0
2021-08-05 15:59:24,69.0,61.0,4.0,4.0
2021-08-05 15:59:25,93.0,69.0,15.0,9.0
2021-08-05 15:59:26,82.0,72.0,5.0,5.0
2021-08-05 15:59:27,86.0,79.0,5.0,2.0
2021-08-05 15:59:28,91.0,79.0,6.0,6.0
2021-08-05 15:59:29,78.0,69.0,4.0,5.0
2021-08-05 15:59:30,88.0,77.0,6.0,5.0
2021-08-05 15:59:31,67.0,56.0,6.0,5.0
2021-08-05 15:59:32,62.0,55.0,6.0,1.0
2021-08-05 15:59:33,79.0,62.0,14.0,3.0
2021-08-05 15:59:34,77.0,68.0,6.0,3.0
2021-08-05 15:59:35,89.0,84.0,2.0,3.0
2021-08-05 15:59:36,87.0,70.0,8.0,9.0
2021-08-05 15:59:37,73.0,62.0,5.0,6.0
2021-08-05 15:59:38,89.0,78.0,8.0,3.0
2021-08-05 15:59:39,80.0,70.0,9.0,1.0
2021-08-05 15:59:40,94.0,82.0,5.0,7.0
2021-08-05 15:59:41,91.0,81.0,6.0,4.0
2021-08-05 15:59:42,71.0,67.0,2.0,2.0
2021-08-05 15:59:43,84.0,67.0,10.0,7.0
2021-08-05 15:59:44,80.0,70.0,8.0,2.0
2021-08-05 15:59:45,72.0,60.0,8.0,4.0
2021-08-05 15:59:46,83.0,73.0,8.0,2.0
2021-08-05 15:59:47,100.0,90.0,5.0,5.0
2021-08-05 15:59:48,67.0,60.0,2.0,5.0
2021-08-05 15:59:49,79.0,68.0,7.0,4.0
2021-08-05 15:59:50,90.0,80.0,5.0,5.0
2021-08-05 15:59:51,91.0,77.0,11.0,3.0
2021-08-05 15:59:52,85.0,73.0,7.0,5.0
2021-08-05 15:59:53,85.0,75.0,5.0,5.0
2021-08-05 15:59:54,80.0,68.0,5.0,7.0
2021-08-05 15:59:55,84.0,73.0,5.0,6.0
2021-08-05 15:59:56,83.0,72.0,9.0,2.0
2021-08-05 15:59:57,91.0,79.0,11.0,1.0
2021-08-05 15:59:58,91.0,83.0,3.0,5.0
2021-08-05 15:59:59,81.0,68.0,8.0,5.0
2021-08-05 16:00:00,76.0,69.0,6.0,1.0
2021-08-05 16:00:01,96.0,81.0,7.0,8.0
2021-08-05 16:00:02,72.0,57.0,12.0,3.0
2021-08-05 16:00:03,84.0,73.0,6.0,5.0
2021-08-05 16:00:04,71.0,59.0,6.0,6.0
2021-08-05 16:00:05,64.0,61.0,2.0,1.0
2021-08-05 16:00:06,73.0,61.0,8.0,4.0
2021-08-05 16:00:07,78.0,67.0,5.0,6.0
2021-08-05 16:00:08,65.0,57.0,5.0,3.0
2021-08-05 16:00:09,87.0,71.0,11.0,5.0
2021-08-05 16:00:10,99.0,89.0,8.0,2.0
2021-08-05 16:00:11,83.0,67.0,10.0,6.0
2021-08-05 16:00:12,69.0,58.0,5.0,6.0
2021-08-05 16:00:13,74.0,67.0,4.0,3.0
2021-08-05 16:00:14,85.0,80.0,0.0,5.0
2021-08-05 16:00:15,80.0,65.0,12.0,3.0
2021-08-05 16:00:16,84.0,72.0,7.0,5.0
2021-08-05 16:00:17,96.0,84.0,9.0,3.0
2021-08-05 16:00:18,85.0,71.0,10.0,4.0
2021-08-05 16:00:19,80.0,70.0,4.0,6.0
2021-08-05 16:00:20,98.0,88.0,4.0,6.0
2021-08-05 16:00:21,85.0,69.0,13.0,3.0
2021-08-05 16:00:22,75.0,62.0,7.0,6.0
2021-08-05 16:00:23,78.0,66.0,5.0,7.0
2021-08-05 16:00:24,75.0,70.0,3.0,2.0
2021-08-05 16:00:25,68.0,57.0,7.0,4.0
2021-08-05 16:00:26,79.0,70.0,4.0,5.0
2021-08-05 16:00:27,85.0,73.0,3.0,9.0
2021-08-05 16:00:28,74.0,60.0,9.0,5.0
2021-08-05 16:00:29,96.0,81.0,12.0,3.0
2021-08-05 16:00:30,95.0,82.0,9.0,4.0
2021-08-05 16:00:31,82.0,73.0,5.0,4.0
2021-08-05 16:00:32,99.0,90.0,4.0,5.0
2021-08-05 16:00:33,66.0,52.0,7.0,7.0
2021-08-05 16:00:34,88.0,72.0,10.0,6.0
2021-08-05 16:00:35,88.0,74.0,11.0,3.0
2021-08-05 16:00:36,78.0,69.0,4.0,5.0
2021-08-05 16:00:37,89.0,75.0,7.0,7.0
2021-08-05 16:00:38,76.0,68.0,7.0,1.0
2021-08-05 16:00:39,73.0,60.0,6.0,7.0
2021-08-05 16:00:40,98.0,83.0,9.0,6.0
2021-08-05 16:00:41,82.0,71.0,7.0,4.0
2021-08-05 16:00:42,100.0,89.0,7.0,4.0
2021-08-05 16:00:43,71.0,67.0,3.0,1.0
2021-08-05 16:00:44,86.0,76.0,5.0,5.0
2021-08-05 16:00:45,73.0,66.0,5.0,2.0
2021-08-05 16:00:46,82.0,69.0,10.0,3.0
2021-08-05 16:00:47,78.0,69.0,5.0,4.0
2021-08-05 16:00:48,79.0,68.0,4.0,7.0
2021-08-05 16:00:49,69.0,54.0,8.0,7.0
2021-08-05 16:00:50,76.0,63.0,8.0,5.0
2021-08-05 16:00:51,68.0,63.0,4.0,1.0
2021-08-05 16:00:52,63.0,55.0,6.0,2.0
2021-08-05 16:00:53,74.0,68.0,3.0,3.0
2021-08-05 16:00:54,69.0,62.0,6.0,1.0
2021-08-05 16:00:55,80.0,72.0,3.0,5.0
2021-08-05 16:00:56,83.0,74.0,4.0,5.0
2021-08-05 16:00:57,74.0,64.0,4.0,6.0
2021-08-05 16:00:58,84.0,79.0,3.0,2.0
2021-08-05 16:00:59,75.0,64.0,7.0,4.0
2021-08-05 16:01:00,79.0,60.0,12.0,7.0
2021-08-05 16:01:01,83.0,73.0,4.0,6.0
2021-08-05 16:01:02,70.0,60.0,4.0,6.0
2021-08-05 16:01:03,84.0,73.0,8.0,3.0
2021-08-05 16:01:04,76.0,73.0,2.0,1.0
2021-08-05 16:01:05,82.0,70.0,4.0,8.0
2021-08-05 16:01:06,71.0,68.0,1.0,2.0
2021-08-05 16:01:07,90.0,82.0,4.0,4.0
2021-08-05 16:01:08,69.0,61.0,4.0,4.0
2021-08-05 16:01:09,62.0,54.0,4.0,4.0
2021-08-05 16:01:10,72.0,66.0,4.0,2.0
2021-08-05 16:01:11,76.0,65.0,8.0,3.0
2021-08-05 16:01:12,84.0,72.0,6.0,6.0
2021-08-05 16:01:13,73.0,65.0,5.0,3.0
2021-08-05 16:01:14,83.0,71.0,6.0,6.0
2021-08-05 16:01:15,70.0,59.0,6.0,5.0
2021-08-05 16:01:16,63.0,55.0,5.0,3.0
2021-08-05 16:01:17,81.0,71.0,4.0,6.0
2021-08-05 16:01:18,67.0,56.0,7.0,4.0
2021-08-05 16:01:19,104.0,92.0,6.0,6.0
2021-08-05 16:01:20,80.0,69.0,8.0,3.0
2021-08-05 16:01:21,80.0,71.0,5.0,4.0
2021-08-05 16:01:22,91.0,75.0,8.0,8.0
2021-08-05 16:01:23,93.0,81.0,10.0,2.0
2021-08-05 16:01:24,70.0,62.0,3.0,5.0
2021-08-05 16:01:25,82.0,71.0,10.0,1.0
2021-08-05 16:01:26,72.0,59.0,10.0,3.0
2021-08-05 16:01:27,72.0,63.0,4.0,5.0
2021-08-05 16:01:28,71.0,61.0,8.0,2.0
2021-08-05 16:01:29,95.0,80.0,8.0,7.0
2021-08-05 16:01:30,80.0,60.0,10.0,10.0
2021-08-05 16:01:31,62.0,54.0,4.0,4.0
2021-08-05 16:01:32,73.0,60.0,8.0,5.0
2021-08-05 16:01:33,88.0,69.0,10.0,9.0
2021-08-05 16:01:34,72.0,59.0,9.0,4.0
2021-08-05 16:01:35,88.0,76.0,6.0,6.0
2021-08-05 16:01:36,68.0,59.0,5.0,4.0
2021-08-05 16:01:37,76.0,68.0,5.0,3.0
2021-08-05 16:01:38,84.0,69.0,10.0,5.0
2021-08-05 16:01:39,67.0,59.0,5.0,3.0
2021-08-05 16:01:40,73.0,62.0,6.0,5.0
2021-08-05 16:01:41,95.0,82.0,6.0,7.0
2021-08-05 16:01:42,87.0,72.0,7.0,8.0
2021-08-05 16:01:43,88.0,78.0,3.0,7.0
2021-08-05 16:01:44,82.0,74.0,4.0,4.0
2021-08-05 16:01:45,80.0,73.0,4.0,3.0
2021-08-05 16:01:46,75.0,61.0,6.0,8.0
2021-08-05 16:01:47,81.0,72.0,6.0,3.0
2021-08-05 16:01:48,83.0,74.0,7.0,2.0
2021-08-05 16:01:49,78.0,72.0,6.0,0.0
2021-08-05 16:01:50,69.0,55.0,11.0,3.0
2021-08-05 16:01:51,90.0,76.0,6.0,8.0
2021-08-05 16:01:52,69.0,62.0,4.0,3.0
2021-08-05 16:01:53,79.0,68.0,8.0,3.0
2021-08-05 16:01:54,82.0,71.0,6.0,5.0
2021-08-05 16:01:55,84.0,73.0,7.0,4.0
2021-08-05 16:01:56,90.0,77.0,10.0,3.0
2021-08-05 16:01:57,89.0,79.0,8.0,2.0
2021-08-05 16:01:58,91.0,87.0,2.0,2.0
2021-08-05 16:01:59,97.0,81.0,7.0,9.0
2021-08-05 16:02:00,78.0,67.0,7.0,4.0
2021-08-05 16:02:01,72.0,62.0,8.0,2.0
2021-08-05 16:02:02,91.0,76.0,8.0,7.0
2021-08-05 16:02:03,91.0,75.0,9.0,7.0
2021-08-05 16:02:04,110.0,93.0,11.0,6.0
2021-08-05 16:02:05,80.0,65.0,8.0,7.0
2021-08-05 16:02:06,76.0,65.0,6.0,5.0
2021-08-05 16:02:07,67.0,61.0,5.0,1.0
2021-08-05 16:02:08,71.0,66.0,4.0,1.0
2021-08-05 16:02:09,72.0,59.0,6.0,7.0
2021-08-05 16:02:10,83.0,72.0,6.0,5.0
2021-08-05 16:02:11,71.0,61.0,6.0,4.0
2021-08-05 16:02:12,96.0,83.0,7.0,6.0
2021-08-05 16:02:13,82.0,73.0,6.0,3.0
2021-08-05 16:02:14,67.0,59.0,5.0,3.0
2021-08-05 16:02:15,72.0,65.0,4.0,3.0
2021-08-05 16:02:16,100.0,84.0,12.0,4.0
2021-08-05 16:02:17,78.0,69.0,7.0,2.0
2021-08-05 16:02:18,76.0,67.0,8.0,1.0
2021-08-05 16:02:19,70.0,63.0,3.0,4.0
2021-08-05 16:02:20,70.0,61.0,4.0,5.0
2021-08-05 16:02:21,71.0,61.0,8.0,2.0
2021-08-05 16:02:22,83.0,79.0,2.0,2.0
2021-08-05 16:02:23,77.0,67.0,4.0,6.0
2021-08-05 16:02:24,81.0,71.0,10.0,0.0
2021-08-05 16:02:25,80.0,67.0,8.0,5.0
2021-08-05 16:02:26,78.0,69.0,6.0,3.0
2021-08-05 16:02:27,85.0,72.0,9.0,4.0
2021-08-05 16:02:28,73.0,68.0,4.0,1.0
2021-08-05 16:02:29,83.0,69.0,8.0,6.0
2021-08-05 16:02:30,76.0,67.0,5.0,4.0
2021-08-05 16:02:31,86.0,80.0,3.0,3.0
2021-08-05 16:02:32,80.0,73.0,2.0,5.0
2021-08-05 16:02:33,65.0,56.0,5.0,4.0
2021-08-05 16:02:34,79.0,73.0,5.0,1.0
2021-08-05 16:02:35,64.0,56.0,3.0,5.0
2021-08-05 16:02:36,76.0,67.0,6.0,3.0
2021-08-05 16:02:37,79.0,63.0,10.0,6.0
2021-08-05 16:02:38,81.0,66.0,11.0,4.0
2021-08-05 16:02:39,80.0,70.0,4.0,6.0
2021-08-05 16:02:40,65.0,54.0,7.0,4.0
2021-08-05 16:02:41,70.0,61.0,7.0,2.0
2021-08-05 16:02:42,72.0,63.0,7.0,2.0
2021-08-05 16:02:43,77.0,63.0,8.0,6.0
2021-08-05 16:02:44,64.0,56.0,5.0,3.0
2021-08-05 16:02:45,76.0,62.0,8.0,6.0
2021-08-05 16:02:46,81.0,75.0,2.0,4.0
2021-08-05 16:02:47,88.0,80.0,3.0,5.0
2021-08-05 16:02:48,90.0,79.0,6.0,5.0
2021-08-05 16:02:49,73.0,66.0,4.0,3.0
2021-08-05 16:02:50,87.0,76.0,5.0,6.0
2021-08-05 16:02:51,88.0,74.0,10.0,4.0
2021-08-05 16:02:52,70.0,56.0,10.0,4.0
2021-08-05 16:02:53,79.0,65.0,10.0,4.0
2021-08-05 16:02:54,90.0,84.0,5.0,1.0
2021-08-05 16:02:55,74.0,61.0,6.0,7.0
2021-08-05 16:02:56,98.0,84.0,11.0,3.0
2021-08-05 16:02:57,78.0,62.0,9.0,7.0
2021-08-05 16:02:58,84.0,76.0,2.0,6.0
2021-08-05 16:02:59,81.0,69.0,6.0,6.0
2021-08-05 16:03:00,97.0,87.0,6.0,4.0
2021-08-05 16:03:01,100.0,87.0,5.0,8.0
2021-08-05 16:03:02,76.0,66.0,5.0,5.0
2021-08-05 16:03:03,70.0,60.0,7.0,3.0
2021-08-05 16:03:04,66.0,57.0,5.0,4.0
2021-08-05 16:03:05,84.0,65.0,9.0,10.0
2021-08-05 16:03:06,81.0,72.0,4.0,5.0
2021-08-05 16:03:07,79.0,73.0,2.0,4.0
2021-08-05 16:03:08,84.0,76.0,3.0,5.0
2021-08-05 16:03:09,75.0,68.0,3.0,4.0
2021-08-05 16:03:10,76.0,69.0,5.0,2.0
2021-08-05 16:03:11,84.0,68.0,13.0,3.0
2021-08-05 16:03:12,78.0,69.0,6.0,3.0
2021-08-05 16:03:13,67.0,57.0,7.0,3.0
2021-08-05 16:03:14,82.0,70.0,6.0,6.0
2021-08-05 16:03:15,73.0,65.0,6.0,2.0
2021-08-05 16:03:16,75.0,66.0,7.0,2.0
2021-08-05 16:03:17,64.0,58.0,5.0,1.0
2021-08-05 16:03:18,71.0,63.0,4.0,4.0
2021-08-05 16:03:19,74.0,64.0,2.0,8.0
2021-08-05 16:03:20,89.0,77.0,6.0,6.0
2021-08-05 16:03:21,90.0,74.0,7.0,9.0
2021-08-05 16:03:22,68.0,55.0,10.0,3.0
2021-08-05 16:03:23,87.0,75.0,8.0,4.0
2021-08-05 16:03:24,64.0,55.0,7.0,2.0
2021-08-05 16:03:25,85.0,73.0,5.0,7.0
2021-08-05 16:03:26,74.0,65.0,6.0,3.0
2021-08-05 16:03:27,98.0,84.0,9.0,5.0
2021-08-05 16:03:28,92.0,77.0,11.0,4.0
2021-08-05 16:03:29,81.0,71.0,6.0,4.0
2021-08-05 16:03:30,83.0,73.0,6.0,4.0
2021-08-05 16:03:31,97.0,87.0,3.0,7.0
2021-08-05 16:03:32,73.0,64.0,7.0,2.0
2021-08-05 16:03:33,99.0,89.0,6.0,4.0
2021-08-05 16:03:34,77.0,70.0,4.0,3.0
2021-08-05 16:03:35,94.0,82.0,6.0,6.0
2021-08-05 16:03:36,76.0,63.0,9.0,4.0
2021-08-05 16:03:37,74.0,62.0,9.0,3.0
2021-08-05 16:03:38,79.0,68.0,8.0,3.0
2021-08-05 16:03:39,93.0,78.0,12.0,3.0
2021-08-05 16:03:40,76.0,65.0,7.0,4.0
2021-08-05 16:03:41,90.0,75.0,12.0,3.0
2021-08-05 16:03:42,89.0,74.0,11.0,4.0
2021-08-05 16:03:43,73.0,59.0,8.0,6.0
2021-08-05 16:03:44,85.0,75.0,7.0,3.0
2021-08-05 16:03:45,84.0,68.0,11.0,5.0
2021-08-05 16:03:46,73.0,66.0,5.0,2.0
2021-08-05 16:03:47,74.0,61.0,8.0,5.0
2021-08-05 16:03:48,71.0,63.0,2.0,6.0
2021-08-05 16:03:49,79.0,66.0,8.0,5.0
2021-08-05 16:03:50,79.0,67.0,7.0,5.0
2021-08-05 16:03:51,63.0,50.0,6.0,7.0
2021-08-05 16:03:52,84.0,73.0,7.0,4.0
2021-08-05 16:03:53,68.0,58.0,7.0,3.0
2021-08-05 16:03:54,94.0,85.0,6.0,3.0
2021-08-05 16:03:55,78.0,67.0,6.0,5.0
2021-08-05 16:03:56,81.0,70.0,4.0,7.0
2021-08-05 16:03:57,83.0,68.0,10.0,5.0
2021-08-05 16:03:58,73.0,63.0,4.0,6.0
2021-08-05 16:03:59,86.0,72.0,8.0,6.0
2021-08-05 16:04:00,94.0,82.0,8.0,4.0
2021-08-05 16:04:01,86.0,70.0,13.0,3.0
2021-08-05 16:04:02,83.0,71.0,8.0,4.0
2021-08-05 16:04:03,75.0,64.0,6.0,5.0
2021-08-05 16:04:04,92.0,77.0,8.0,7.0
2021-08-05 16:04:05,81.0,72.0,7.0,2.0
2021-08-05 16:04:06,81.0,69.0,7.0,5.0
2021-08-05 16:04:07,68.0,61.0,3.0,4.0
2021-08-05 16:04:08,75.0,66.0,5.0,4.0
2021-08-05 16:04:09,68.0,62.0,4.0,2.0
2021-08-05 16:04:10,72.0,62.0,5.0,5.0
2021-08-05 16:04:11,80.0,70.0,7.0,3.0
2021-08-05 16:04:12,94.0,81.0,6.0,7.0
2021-08-05 16:04:13,79.0,69.0,4.0,6.0
2021-08-05 16:04:14,87.0,77.0,8.0,2.0
2021-08-05 16:04:15,65.0,55.0,5.0,5.0
2021-08-05 16:04:16,65.0,56.0,2.0,7.0
2021-08-05 16:04:17,84.0,74.0,6.0,4.0
2021-08-05 16:04:18,87.0,77.0,6.0,4.0
2021-08-05 16:04:19,74.0,63.0,10.0,1.0
2021-08-05 16:04:20,69.0,59.0,7.0,3.0
2021-08-05 16:04:21,83.0,76.0,4.0,3.0
2021-08-05 16:04:22,75.0,61.0,11.0,3.0
2021-08-05 16:04:23,69.0,62.0,3.0,4.0
2021-08-05 16:04:24,85.0,76.0,6.0,3.0
2021-08-05 16:04:25,71.0,62.0,5.0,4.0
2021-08-05 16:04:26,92.0,74.0,16.0,2.0
2021-08-05 16:04:27,73.0,64.0,4.0,5.0
2021-08-05 16:04:28,82.0,67.0,9.0,6.0
2021-08-05 16:04:29,80.0,72.0,4.0,4.0
2021-08-05 16:04:30,73.0,59.0,9.0,5.0
2021-08-05 16:04:31,83.0,70.0,5.0,8.0
2021-08-05 16:04:32,70.0,60.0,5.0,5.0
2021-08-05 16:04:33,61.0,50.0,8.0,3.0
2021-08-05 16:04:34,99.0,87.0,10.0,2.0
2021-08-05 16:04:35,81.0,68.0,6.0,7.0
2021-08-05 16:04:36,83.0,73.0,6.0,4.0
2021-08-05 16:04:37,85.0,76.0,5.0,4.0
2021-08-05 16:04:38,81.0,69.0,8.0,4.0
2021-08-05 16:04:39,79.0,73.0,4.0,2.0
2021-08-05 16:04:40,90.0,81.0,5.0,4.0
2021-08-05 16:04:41,79.0,68.0,5.0,6.0
2021-08-05 16:04:42,69.0,57.0,5.0,7.0
2021-08-05 16:04:43,78.0,66.0,6.0,6.0
2021-08-05 16:04:44,68.0,53.0,9.0,6.0
2021-08-05 16:04:45,76.0,64.0,9.0,3.0
2021-08-05 16:04:46,76.0,70.0,2.0,4.0
2021-08-05 16:04:47,83.0,71.0,2.0,10.0
2021-08-05 16:04:48,77.0,64.0,9.0,4.0
2021-08-05 16:04:49,74.0,66.0,6.0,2.0
2021-08-05 16:04:50,89.0,78.0,10.0,1.0
2021-08-05 16:04:51,88.0,79.0,7.0,2.0
2021-08-05 16:04:52,75.0,66.0,7.0,2.0
2021-08-05 16:04:53,88.0,78.0,7.0,3.0
2021-08-05 16:04:54,90.0,77.0,5.0,8.0
2021-08-05 16:04:55,80.0,67.0,8.0,5.0
2021-08-05 16:04:56,66.0,57.0,6.0,3.0
2021-08-05 16:04:57,70.0,61.0,5.0,4.0
2021-08-05 16:04:58,85.0,71.0,10.0,4.0
2021-08-05 16:04:59,66.0,53.0,6.0,7.0
2021-08-05 16:05:00,85.0,76.0,5.0,4.0
2021-08-05 16:05:01,77.0,67.0,7.0,3.0
2021-08-05 16:05:02,82.0,75.0,5.0,2.0
2021-08-05 16:05:03,78.0,63.0,11.0,4.0
2021-08-05 16:05:04,83.0,77.0,4.0,2.0
2021-08-05 16:05:05,72.0,67.0,4.0,1.0
2021-08-05 16:05:06,78.0,71.0,5.0,2.0
2021-08-05 16:05:07,89.0,80.0,4.0,5.0
2021-08-05 16:05:08,77.0,68.0,6.0,3.0
2021-08-05 16:05:09,73.0,62.0,8.0,3.0
2021-08-05 16:05:10,76.0,65.0,6.0,5.0
2021-08-05 16:05:11,88.0,78.0,7.0,3.0
2021-08-05 16:05:12,85.0,76.0,7.0,2.0
2021-08-05 16:05:13,83.0,70.0,8.0,5.0
2021-08-05 16:05:14,84.0,74.0,2.0,8.0
2021-08-05 16:05:15,95.0,83.0,8.0,4.0
2021-08-05 16:05:16,79.0,66.0,5.0,8.0
2021-08-05 16:05:17,77.0,65.0,6.0,6.0
2021-08-05 16:05:18,97.0,83.0,6.0,8.0
2021-08-05 16:05:19,77.0,66.0,6.0,5.0
2021-08-05 16:05:20,87.0,75.0,8.0,4.0
2021-08-05 16:05:21,75.0,69.0,4.0,2.0
2021-08-05 16:05:22,91.0,81.0,5.0,5.0
2021-08-05 16:05:23,92.0,80.0,6.0,6.0
2021-08-05 16:05:24,83.0,74.0,7.0,2.0
2021-08-05 16:05:25,62.0,56.0,2.0,4.0
2021-08-05 16:05:26,74.0,59.0,8.0,7.0
2021-08-05 16:05:27,78.0,66.0,6.0,6.0
2021-08-05 16:05:28,59.0,47.0,10.0,2.0
2021-08-05 16:05:29,92.0,82.0,5.0,5.0
2021-08-05 16:05:30,84.0,67.0,10.0,7.0
2021-08-05 16:05:31,84.0,75.0,5.0,4.0
2021-08-05 16:05:32,70.0,63.0,4.0,3.0
2021-08-05 16:05:33,81.0,73.0,3.0,5.0
2021-08-05 16:05:34,68.0,56.0,9.0,3.0
2021-08-05 16:05:35,86.0,84.0,1.0,1.0
2021-08-05 16:05:36,77.0,67.0,5.0,5.0
2021-08-05 16:05:37,71.0,65.0,3.0,3.0
2021-08-05 16:05:38,93.0,83.0,9.0,1.0
2021-08-05 16:05:39,74.0,68.0,4.0,2.0
2021-08-05 16:05:40,79.0,72.0,4.0,3.0
2021-08-05 16:05:41,87.0,77.0,6.0,4.0
2021-08-05 16:05:42,86.0,78.0,4.0,4.0
2021-08-05 16:05:43,82.0,74.0,4.0,4.0
2021-08-05 16:05:44,86.0,76.0,8.0,2.0
2021-08-05 16:05:45,74.0,62.0,5.0,7.0
2021-08-05 16:05:46,81.0,69.0,8.0,4.0
2021-08-05 16:05:47,104.0,84.0,12.0,8.0
2021-08-05 16:05:48,87.0,73.0,8.0,6.0
2021-08-05 16:05:49,83.0,70.0,5.0,8.0
2021-08-05 16:05:50,77.0,71.0,4.0,2.0
2021-08-05 16:05:51,93.0,79.0,3.0,11.0
2021-08-05 16:05:52,74.0,67.0,5.0,2.0
2021-08-05 16:05:53,84.0,74.0,6.0,4.0
2021-08-05 16:05:54,78.0,69.0,6.0,3.0
2021-08-05 16:05:55,92.0,77.0,11.0,4.0
2021-08-05 16:05:56,78.0,70.0,3.0,5.0
2021-08-05 16:05:57,79.0,70.0,8.0,1.0
2021-08-05 16:05:58,71.0,63.0,2.0,6.0
2021-08-05 16:05:59,81.0,70.0,7.0,4.0
2021-08-05 16:06:00,74.0,62.0,4.0,8.0
2021-08-05 16:06:01,77.0,70.0,3.0,4.0
2021-08-05 16:06:02,66.0,54.0,7.0,5.0
2021-08-05 16:06:03,83.0,73.0,6.0,4.0
2021-08-05 16:06:04,86.0,74.0,5.0,7.0
2021-08-05 16:06:05,89.0,76.0,7.0,6.0
2021-08-05 16:06:06,83.0,68.0,10.0,5.0
2021-08-05 16:06:07,89.0,79.0,7.0,3.0
2021-08-05 16:06:08,71.0,62.0,5.0,4.0
2021-08-05 16:06:09,80.0,73.0,6.0,1.0
2021-08-05 16:06:10,78.0,67.0,6.0,5.0
2021-08-05 16:06:11,67.0,55.0,5.0,7.0
2021-08-05 16:06:12,71.0,56.0,10.0,5.0
2021-08-05 16:06:13,88.0,71.0,8.0,9.0
2021-08-05 16:06:14,81.0,74.0,5.0,2.0
2021-08-05 16:06:15,77.0,62.0,4.0,11.0
2021-08-05 16:06:16,78.0,64.0,9.0,5.0
2021-08-05 16:06:17,84.0,73.0,8.0,3.0
2021-08-05 16:06:18,74.0,66.0,6.0,2.0
2021-08-05 16:06:19,69.0,63.0,4.0,2.0
2021-08-05 16:06:20,92.0,77.0,10.0,5.0
2021-08-05 16:06:21,84.0,75.0,4.0,5.0
2021-08-05 16:06:22,80.0,71.0,6.0,3.0
2021-08-05 16:06:23,79.0,66.0,6.0,7.0
2021-08-05 16:06:24,88.0,78.0,5.0,5.0
2021-08-05 16:06:25,80.0,66.0,10.0,4.0
2021-08-05 16:06:26,77.0,68.0,7.0,2.0
2021-08-05 16:06:27,87.0,75.0,5.0,7.0
2021-08-05 16:06:28,93.0,76.0,12.0,5.0
2021-08-05 16:06:29,80.0,64.0,7.0,9.0
2021-08-05 16:06:30,74.0,65.0,7.0,2.0
2021-08-05 16:06:31,102.0,89.0,11.0,2.0
2021-08-05 16:06:32,81.0,72.0,6.0,3.0
2021-08-05 16:06:33,60.0,52.0,7.0,1.0
2021-08-05 16:06:34,99.0,83.0,10.0,6.0
2021-08-05 16:06:35,87.0,79.0,6.0,2.0
2021-08-05 16:06:36,82.0,77.0,4.0,1.0
2021-08-05 16:06:37,95.0,84.0,7.0,4.0
2021-08-05 16:06:38,71.0,59.0,7.0,5.0
2021-08-05 16:06:39,79.0,62.0,13.0,4.0
2021-08-05 16:06:40,81.0,71.0,8.0,2.0
2021-08-05 16:06:41,74.0,63.0,4.0,7.0
2021-08-05 16:06:42,71.0,61.0,8.0,2.0
2021-08-05 16:06:43,93.0,78.0,12.0,3.0
2021-08-05 16:06:44,75.0,65.0,8.0,2.0
2021-08-05 16:06:45,83.0,72.0,7.0,4.0
2021-08-05 16:06:46,81.0,70.0,4.0,7.0
2021-08-05 16:06:47,82.0,74.0,2.0,6.0
2021-08-05 16:06:48,70.0,60.0,8.0,2.0
2021-08-05 16:06:49,84.0,73.0,8.0,3.0
2021-08-05 16:06:50,74.0,59.0,8.0,7.0
2021-08-05 16:06:51,70.0,61.0,4.0,5.0
2021-08-05 16:06:52,63.0,57.0,2.0,4.0
2021-08-05 16:06:53,70.0,59.0,5.0,6.0
2021-08-05 16:06:54,74.0,59.0,7.0,8.0
2021-08-05 16:06:55,76.0,67.0,5.0,4.0
2021-08-05 16:06:56,78.0,72.0,6.0,0.0
2021-08-05 16:06:57,93.0,80.0,9.0,4.0
2021-08-05 16:06:58,77.0,61.0,7.0,9.0
2021-08-05 16:06:59,84.0,69.0,12.0,3.0
2021-08-05 16:07:00,55.0,48.0,4.0,3.0
2021-08-05 16:07:01,64.0,56.0,7.0,1.0
2021-08-05 16:07:02,69.0,62.0,3.0,4.0
2021-08-05 16:07:03,80.0,70.0,8.0,2.0
2021-08-05 16:07:04,67.0,61.0,3.0,3.0
2021-08-05 16:07:05,70.0,65.0,3.0,2.0
2021-08-05 16:07:06,80.0,70.0,5.0,5.0
2021-08-05 16:07:07,73.0,64.0,6.0,3.0
2021-08-05 16:07:08,83.0,76.0,4.0,3.0
2021-08-05 16:07:09,68.0,55.0,6.0,7.0
2021-08-05 16:07:10,87.0,76.0,5.0,6.0
2021-08-05 16:07:11,84.0,73.0,4.0,7.0
2021-08-05 16:07:12,90.0,79.0,5.0,6.0
2021-08-05 16:07:13,88.0,73.0,8.0,7.0
2021-08-05 16:07:14,74.0,67.0,5.0,2.0
2021-08-05 16:07:15,71.0,60.0,5.0,6.0
2021-08-05 16:07:16,79.0,71.0,4.0,4.0
2021-08-05 16:07:17,77.0,64.0,7.0,6.0
2021-08-05 16:07:18,81.0,72.0,5.0,4.0
2021-08-05 16:07:19,76.0,70.0,4.0,2.0
2021-08-05 16:07:20,91.0,79.0,7.0,5.0
2021-08-05 16:07:21,83.0,74.0,7.0,2.0
2021-08-05 16:07:22,56.0,46.0,6.0,4.0
2021-08-05 16:07:23,78.0,64.0,9.0,5.0
2021-08-05 16:07:24,69.0,63.0,4.0,2.0
2021-08-05 16:07:25,85.0,77.0,4.0,4.0
2021-08-05 16:07:26,78.0,67.0,9.0,2.0
2021-08-05 16:07:27,72.0,55.0,9.0,8.0
2021-08-05 16:07:28,74.0,61.0,7.0,6.0
2021-08-05 16:07:29,85.0,71.0,6.0,8.0
2021-08-05 16:07:30,77.0,68.0,8.0,1.0
2021-08-05 16:07:31,79.0,72.0,5.0,2.0
2021-08-05 16:07:32,70.0,60.0,7.0,3.0
2021-08-05 16:07:33,85.0,75.0,8.0,2.0
2021-08-05 16:07:34,76.0,69.0,4.0,3.0
2021-08-05 16:07:35,77.0,65.0,5.0,7.0
2021-08-05 16:07:36,71.0,53.0,8.0,10.0
2021-08-05 16:07:37,86.0,75.0,8.0,3.0
2021-08-05 16:07:38,85.0,77.0,3.0,5.0
2021-08-05 16:07:39,74.0,63.0,7.0,4.0
2021-08-05 16:07:40,72.0,65.0,6.0,1.0
2021-08-05 16:07:41,79.0,67.0,3.0,9.0
2021-08-05 16:07:42,78.0,71.0,4.0,3.0
2021-08-05 16:07:43,73.0,62.0,6.0,5.0
2021-08-05 16:07:44,70.0,57.0,5.0,8.0
2021-08-05 16:07:45,86.0,75.0,9.0,2.0
2021-08-05 16:07:46,73.0,63.0,5.0,5.0
2021-08-05 16:07:47,84.0,75.0,3.0,6.0
2021-08-05 16:07:48,78.0,63.0,9.0,6.0
2021-08-05 16:07:49,74.0,67.0,4.0,3.0
2021-08-05 16:07:50,73.0,66.0,6.0,1.0
2021-08-05 16:07:51,71.0,66.0,1.0,4.0
2021-08-05 16:07:52,86.0,75.0,4.0,7.0
2021-08-05 16:07:53,72.0,63.0,7.0,2.0
2021-08-05 16:07:54,76.0,64.0,8.0,4.0
2021-08-05 16:07:55,92.0,75.0,9.0,8.0
2021-08-05 16:07:56,87.0,74.0,7.0,6.0
2021-08-05 16:07:57,80.0,71.0,7.0,2.0
2021-08-05 16:07:58,85.0,78.0,6.0,1.0
2021-08-05 16:07:59,96.0,82.0,8.0,6.0
2021-08-05 16:08:00,76.0,66.0,6.0,4.0
2021-08-05 16:08:01,80.0,72.0,2.0,6.0
2021-08-05 16:08:02,67.0,54.0,7.0,6.0
2021-08-05 16:08:03,67.0,59.0,4.0,4.0
2021-08-05 16:08:04,80.0,70.0,6.0,4.0
2021-08-05 16:08:05,93.0,75.0,13.0,5.0
2021-08-05 16:08:06,86.0,75.0,4.0,7.0
2021-08-05 16:08:07,84.0,73.0,8.0,3.0
2021-08-05 16:08:08,92.0,87.0,4.0,1.0
2021-08-05 16:08:09,67.0,60.0,3.0,4.0
2021-08-05 16:08:10,81.0,72.0,8.0,1.0
2021-08-05 16:08:11,88.0,82.0,3.0,3.0
2021-08-05 16:08:12,58.0,51.0,3.0,4.0
2021-08-05 16:08:13,75.0,69.0,4.0,2.0
2021-08-05 16:08:14,79.0,70.0,6.0,3.0
2021-08-05 16:08:15,76.0,63.0,9.0,4.0
2021-08-05 16:08:16,62.0,51.0,6.0,5.0
2021-08-05 16:08:17,75.0,61.0,8.0,6.0
2021-08-05 16:08:18,87.0,79.0,4.0,4.0
2021-08-05 16:08:19,82.0,74.0,5.0,3.0
2021-08-05 16:08:20,77.0,68.0,6.0,3.0
2021-08-05 16:08:21,79.0,66.0,4.0,9.0
2021-08-05 16:08:22,83.0,70.0,7.0,6.0
2021-08-05 16:08:23,94.0,88.0,4.0,2.0
2021-08-05 16:08:24,81.0,71.0,6.0,4.0
2021-08-05 16:08:25,77.0,70.0,7.0,0.0
2021-08-05 16:08:26,60.0,54.0,3.0,3.0
2021-08-05 16:08:27,64.0,57.0,2.0,5.0
2021-08-05 16:08:28,78.0,65.0,7.0,6.0
2021-08-05 16:08:29,81.0,70.0,6.0,5.0
2021-08-05 16:08:30,77.0,67.0,5.0,5.0
2021-08-05 16:08:31,104.0,93.0,8.0,3.0
2021-08-05 16:08:32,64.0,52.0,9.0,3.0
2021-08-05 16:08:33,91.0,79.0,6.0,6.0
2021-08-05 16:08:34,83.0,73.0,6.0,4.0
2021-08-05 16:08:35,83.0,73.0,8.0,2.0
2021-08-05 16:08:36,81.0,73.0,5.0,3.0
2021-08-05 16:08:37,71.0,63.0,6.0,2.0
2021-08-05 16:08:38,87.0,73.0,10.0,4.0
2021-08-05 16:08:39,89.0,81.0,5.0,3.0
2021-08-05 16:08:40,86.0,73.0,4.0,9.0
2021-08-05 16:08:41,86.0,73.0,8.0,5.0
2021-08-05 16:08:42,92.0,83.0,6.0,3.0
2021-08-05 16:08:43,86.0,76.0,9.0,1.0
2021-08-05 16:08:44,98.0,82.0,10.0,6.0
2021-08-05 16:08:45,75.0,64.0,5.0,6.0
2021-08-05 16:08:46,73.0,69.0,3.0,1.0
2021-08-05 16:08:47,87.0,73.0,8.0,6.0
2021-08-05 16:08:48,79.0,67.0,6.0,6.0
2021-08-05 16:08:49,89.0,76.0,10.0,3.0
2021-08-05 16:08:50,54.0,43.0,4.0,7.0
2021-08-05 16:08:51,79.0,70.0,5.0,4.0
2021-08-05 16:08:52,81.0,75.0,5.0,1.0
2021-08-05 16:08:53,93.0,81.0,10.0,2.0
2021-08-05 16:08:54,83.0,73.0,6.0,4.0
2021-08-05 16:08:55,86.0,72.0,5.0,9.0
2021-08-05 16:08:56,80.0,72.0,5.0,3.0
2021-08-05 16:08:57,72.0,65.0,6.0,1.0
2021-08-05 16:08:58,80.0,65.0,12.0,3.0
2021-08-05 16:08:59,68.0,63.0,1.0,4.0
2021-08-05 16:09:00,81.0,71.0,7.0,3.0
2021-08-05 16:09:01,105.0,96.0,7.0,2.0
2021-08-05 16:09:02,100.0,86.0,5.0,9.0
2021-08-05 16:09:03,87.0,75.0,7.0,5.0
2021-08-05 16:09:04,84.0,75.0,3.0,6.0
2021-08-05 16:09:05,72.0,65.0,3.0,4.0
2021-08-05 16:09:06,87.0,74.0,7.0,6.0
2021-08-05 16:09:07,83.0,69.0,10.0,4.0
2021-08-05 16:09:08,74.0,67.0,4.0,3.0
2021-08-05 16:09:09,88.0,80.0,5.0,3.0
2021-08-05 16:09:10,70.0,59.0,5.0,6.0
2021-08-05 16:09:11,86.0,74.0,5.0,7.0
2021-08-05 16:09:12,77.0,70.0,5.0,2.0
2021-08-05 16:09:13,79.0,65.0,7.0,7.0
2021-08-05 16:09:14,87.0,78.0,5.0,4.0
2021-08-05 16:09:15,84.0,76.0,4.0,4.0
2021-08-05 16:09:16,83.0,74.0,6.0,3.0
2021-08-05 16:09:17,83.0,77.0,4.0,2.0
2021-08-05 16:09:18,94.0,83.0,8.0,3.0
2021-08-05 16:09:19,81.0,75.0,1.0,5.0
2021-08-05 16:09:20,87.0,75.0,7.0,5.0
2021-08-05 16:09:21,75.0,65.0,7.0,3.0
2021-08-05 16:09:22,66.0,52.0,9.0,5.0
2021-08-05 16:09:23,73.0,63.0,6.0,4.0
2021-08-05 16:09:24,86.0,78.0,5.0,3.0
2021-08-05 16:09:25,81.0,70.0,7.0,4.0
2021-08-05 16:09:26,86.0,72.0,5.0,9.0
2021-08-05 16:09:27,73.0,65.0,5.0,3.0
2021-08-05 16:09:28,83.0,74.0,6.0,3.0
2021-08-05 16:09:29,75.0,67.0,2.0,6.0
2021-08-05 16:09:30,72.0,60.0,9.0,3.0
2021-08-05 16:09:31,75.0,66.0,4.0,5.0
2021-08-05 16:09:32,79.0,72.0,3.0,4.0
2021-08-05 16:09:33,95.0,87.0,6.0,2.0
2021-08-05 16:09:34,76.0,68.0,5.0,3.0
2021-08-05 16:09:35,96.0,79.0,10.0,7.0
2021-08-05 16:09:36,71.0,61.0,6.0,4.0
2021-08-05 16:09:37,75.0,68.0,4.0,3.0
2021-08-05 16:09:38,97.0,87.0,8.0,2.0
2021-08-05 16:09:39,85.0,73.0,7.0,5.0
2021-08-05 16:09:40,72.0,66.0,3.0,3.0
2021-08-05 16:09:41,74.0,66.0,4.0,4.0
2021-08-05 16:09:42,71.0,59.0,6.0,6.0
2021-08-05 16:09:43,66.0,54.0,7.0,5.0
2021-08-05 16:09:44,70.0,57.0,7.0,6.0
2021-08-05 16:09:45,70.0,61.0,4.0,5.0
2021-08-05 16:09:46,81.0,75.0,5.0,1.0
2021-08-05 16:09:47,81.0,75.0,5.0,1.0
2021-08-05 16:09:48,87.0,75.0,7.0,5.0
2021-08-05 16:09:49,87.0,75.0,8.0,4.0
2021-08-05 16:09:50,75.0,68.0,5.0,2.0
2021-08-05 16:09:51,70.0,61.0,7.0,2.0
2021-08-05 16:09:52,87.0,77.0,4.0,6.0
2021-08-05 16:09:53,75.0,63.0,4.0,8.0
2021-08-05 16:09:54,77.0,67.0,6.0,4.0
2021-08-05 16:09:55,81.0,74.0,6.0,1.0
2021-08-05 16:09:56,72.0,60.0,8.0,4.0
2021-08-05 16:09:57,87.0,71.0,12.0,4.0
2021-08-05 16:09:58,77.0,64.0,6.0,7.0
2021-08-05 16:09:59,84.0,75.0,3.0,6.0
2021-08-05 16:10:00,82.0,75.0,6.0,1.0
2021-08-05 16:10:01,84.0,73.0,3.0,8.0
2021-08-05 16:10:02,73.0,65.0,4.0,4.0
2021-08-05 16:10:03,70.0,64.0,1.0,5.0
2021-08-05 16:10:04,90.0,75.0,8.0,7.0
2021-08-05 16:10:05,78.0,64.0,9.0,5.0
2021-08-05 16:10:06,93.0,85.0,8.0,0.0
2021-08-05 16:10:07,65.0,55.0,8.0,2.0
2021-08-05 16:10:08,83.0,74.0,4.0,5.0
2021-08-05 16:10:09,84.0,71.0,8.0,5.0
2021-08-05 16:10:10,72.0,60.0,6.0,6.0
2021-08-05 16:10:11,67.0,56.0,7.0,4.0
2021-08-05 16:10:12,88.0,79.0,6.0,3.0
2021-08-05 16:10:13,78.0,70.0,5.0,3.0
2021-08-05 16:10:14,100.0,91.0,5.0,4.0
2021-08-05 16:10:15,64.0,61.0,2.0,1.0
2021-08-05 16:10:16,79.0,72.0,6.0,1.0
2021-08-05 16:10:17,64.0,55.0,2.0,7.0
2021-08-05 16:10:18,71.0,62.0,7.0,2.0
2021-08-05 16:10:19,71.0,61.0,5.0,5.0
2021-08-05 16:10:20,77.0,69.0,2.0,6.0
2021-08-05 16:10:21,87.0,72.0,8.0,7.0
2021-08-05 16:10:22,69.0,57.0,9.0,3.0
2021-08-05 16:10:23,88.0,81.0,3.0,4.0
2021-08-05 16:10:24,95.0,86.0,4.0,5.0
2021-08-05 16:10:25,83.0,72.0,5.0,6.0
2021-08-05 16:10:26,63.0,54.0,7.0,2.0
2021-08-05 16:10:27,74.0,66.0,6.0,2.0
2021-08-05 16:10:28,93.0,79.0,11.0,3.0
2021-08-05 16:10:29,77.0,70.0,3.0,4.0
2021-08-05 16:10:30,82.0,68.0,8.0,6.0
2021-08-05 16:10:31,72.0,66.0,4.0,2.0
2021-08-05 16:10:32,82.0,69.0,6.0,7.0
2021-08-05 16:10:33,76.0,63.0,8.0,5.0
2021-08-05 16:10:34,80.0,70.0,5.0,5.0
2021-08-05 16:10:35,80.0,70.0,7.0,3.0
2021-08-05 16:10:36,86.0,74.0,6.0,6.0
2021-08-05 16:10:37,72.0,59.0,7.0,6.0
2021-08-05 16:10:38,81.0,72.0,6.0,3.0
2021-08-05 16:10:39,75.0,65.0,7.0,3.0
2021-08-05 16:10:40,74.0,68.0,2.0,4.0
2021-08-05 16:10:41,74.0,63.0,8.0,3.0
2021-08-05 16:10:42,77.0,67.0,4.0,6.0
2021-08-05 16:10:43,78.0,70.0,6.0,2.0
2021-08-05 16:10:44,82.0,70.0,8.0,4.0
2021-08-05 16:10:45,77.0,68.0,6.0,3.0
2021-08-05 16:10:46,92.0,76.0,11.0,5.0
2021-08-05 16:10:47,73.0,64.0,4.0,5.0
2021-08-05 16:10:48,79.0,68.0,6.0,5.0
2021-08-05 16:10:49,87.0,80.0,4.0,3.0
2021-08-05 16:10:50,71.0,61.0,5.0,5.0
2021-08-05 16:10:51,65.0,56.0,5.0,4.0
2021-08-05 16:10:52,72.0,64.0,4.0,4.0
2021-08-05 16:10:53,81.0,72.0,6.0,3.0
2021-08-05 16:10:54,85.0,73.0,9.0,3.0
2021-08-05 16:10:55,88.0,78.0,5.0,5.0
2021-08-05 16:10:56,83.0,77.0,1.0,5.0
2021-08-05 16:10:57,90.0,83.0,4.0,3.0
2021-08-05 16:10:58,86.0,78.0,6.0,2.0
2021-08-05 16:10:59,77.0,67.0,4.0,6.0
2021-08-05 16:11:00,80.0,69.0,5.0,6.0
2021-08-05 16:11:01,84.0,75.0,5.0,4.0
2021-08-05 16:11:02,69.0,60.0,6.0,3.0
2021-08-05 16:11:03,79.0,73.0,3.0,3.0
2021-08-05 16:11:04,83.0,72.0,7.0,4.0
2021-08-05 16:11:05,81.0,71.0,7.0,3.0
2021-08-05 16:11:06,65.0,55.0,8.0,2.0
2021-08-05 16:11:07,88.0,75.0,8.0,5.0
2021-08-05 16:11:08,85.0,77.0,6.0,2.0
2021-08-05 16:11:09,71.0,59.0,8.0,4.0
2021-08-05 16:11:10,86.0,73.0,7.0,6.0
2021-08-05 16:11:11,88.0,79.0,5.0,4.0
2021-08-05 16:11:12,84.0,72.0,7.0,5.0
2021-08-05 16:11:13,83.0,74.0,4.0,5.0
2021-08-05 16:11:14,70.0,61.0,4.0,5.0
2021-08-05 16:11:15,81.0,74.0,6.0,1.0
2021-08-05 16:11:16,86.0,74.0,8.0,4.0
2021-08-05 16:11:17,75.0,67.0,5.0,3.0
2021-08-05 16:11:18,80.0,61.0,11.0,8.0
2021-08-05 16:11:19,93.0,80.0,8.0,5.0
2021-08-05 16:11:20,75.0,67.0,4.0,4.0
2021-08-05 16:11:21,80.0,64.0,9.0,7.0
2021-08-05 16:11:22,77.0,68.0,7.0,2.0
2021-08-05 16:11:23,75.0,61.0,8.0,6.0
2021-08-05 16:11:24,82.0,68.0,9.0,5.0
2021-08-05 16:11:25,82.0,73.0,5.0,4.0
2021-08-05 16:11:26,76.0,64.0,6.0,6.0
2021-08-05 16:11:27,75.0,63.0,6.0,6.0
2021-08-05 16:11:28,88.0,82.0,2.0,4.0
2021-08-05 16:11:29,76.0,67.0,4.0,5.0
2021-08-05 16:11:30,61.0,53.0,3.0,5.0
2021-08-05 16:11:31,78.0,67.0,8.0,3.0
2021-08-05 16:11:32,67.0,57.0,7.0,3.0
2021-08-05 16:11:33,88.0,77.0,9.0,2.0
2021-08-05 16:11:34,94.0,77.0,10.0,7.0
2021-08-05 16:11:35,90.0,76.0,7.0,7.0
2021-08-05 16:11:36,85.0,77.0,3.0,5.0
2021-08-05 16:11:37,73.0,63.0,6.0,4.0
2021-08-05 16:11:38,87.0,72.0,10.0,5.0
2021-08-05 16:11:39,74.0,63.0,5.0,6.0
2021-08-05 16:11:40,86.0,74.0,5.0,7.0
2021-08-05 16:11:41,77.0,70.0,5.0,2.0
2021-08-05 16:11:42,95.0,81.0,7.0,7.0
2021-08-05 16:11:43,78.0,66.0,9.0,3.0
2021-08-05 16:11:44,64.0,52.0,5.0,7.0
2021-08-05 16:11:45,65.0,59.0,4.0,2.0
2021-08-05 16:11:46,82.0,73.0,4.0,5.0
2021-08-05 16:11:47,75.0,62.0,8.0,5.0
2021-08-05 16:11:48,86.0,75.0,7.0,4.0
2021-08-05 16:11:49,80.0,69.0,7.0,4.0
2021-08-05 16:11:50,74.0,65.0,6.0,3.0
2021-08-05 16:11:51,80.0,70.0,5.0,5.0
2021-08-05 16:11:52,80.0,70.0,5.0,5.0
2021-08-05 16:11:53,84.0,78.0,5.0,1.0
2021-08-05 16:11:54,72.0,61.0,9.0,2.0
2021-08-05 16:11:55,92.0,80.0,7.0,5.0
2021-08-05 16:11:56,92.0,79.0,5.0,8.0
2021-08-05 16:11:57,90.0,77.0,10.0,3.0
2021-08-05 16:11:58,94.0,81.0,7.0,6.0
2021-08-05 16:11:59,82.0,71.0,10.0,1.0
2021-08-05 16:12:00,83.0,63.0,13.0,7.0
2021-08-05 16:12:01,80.0,72.0,4.0,4.0
2021-08-05 16:12:02,93.0,86.0,3.0,4.0
2021-08-05 16:12:03,82.0,67.0,11.0,4.0
2021-08-05 16:12:04,78.0,63.0,8.0,7.0
2021-08-05 16:12:05,74.0,63.0,8.0,3.0
2021-08-05 16:12:06,76.0,67.0,5.0,4.0
2021-08-05 16:12:07,76.0,61.0,7.0,8.0
2021-08-05 16:12:08,81.0,67.0,11.0,3.0
2021-08-05 16:12:09,70.0,61.0,6.0,3.0
2021-08-05 16:12:10,84.0,72.0,4.0,8.0
2021-08-05 16:12:11,75.0,70.0,4.0,1.0
2021-08-05 16:12:12,91.0,84.0,3.0,4.0
2021-08-05 16:12:13,84.0,71.0,8.0,5.0
2021-08-05 16:12:14,82.0,67.0,8.0,7.0
2021-08-05 16:12:15,75.0,69.0,4.0,2.0
2021-08-05 16:12:16,83.0,75.0,5.0,3.0
2021-08-05 16:12:17,74.0,62.0,5.0,7.0
2021-08-05 16:12:18,64.0,62.0,2.0,0.0
2021-08-05 16:12:19,68.0,56.0,9.0,3.0
2021-08-05 16:12:20,87.0,75.0,7.0,5.0
2021-08-05 16:12:21,67.0,55.0,8.0,4.0
2021-08-05 16:12:22,74.0,66.0,6.0,2.0
2021-08-05 16:12:23,82.0,72.0,4.0,6.0
2021-08-05 16:12:24,72.0,62.0,8.0,2.0
2021-08-05 16:12:25,79.0,69.0,6.0,4.0
2021-08-05 16:12:26,78.0,67.0,5.0,6.0
2021-08-05 16:12:27,55.0,46.0,7.0,2.0
2021-08-05 16:12:28,78.0,66.0,10.0,2.0
2021-08-05 16:12:29,74.0,58.0,10.0,6.0
2021-08-05 16:12:30,78.0,66.0,10.0,2.0
2021-08-05 16:12:31,73.0,60.0,8.0,5.0
2021-08-05 16:12:32,91.0,80.0,11.0,0.0
2021-08-05 16:12:33,106.0,88.0,12.0,6.0
2021-08-05 16:12:34,67.0,56.0,8.0,3.0
2021-08-05 16:12:35,75.0,68.0,2.0,5.0
2021-08-05 16:12:36,64.0,59.0,4.0,1.0
2021-08-05 16:12:37,78.0,64.0,8.0,6.0
2021-08-05 16:12:38,89.0,74.0,10.0,5.0
2021-08-05 16:12:39,68.0,61.0,4.0,3.0
2021-08-05 16:12:40,82.0,72.0,8.0,2.0
2021-08-05 16:12:41,90.0,83.0,6.0,1.0
2021-08-05 16:12:42,76.0,66.0,6.0,4.0
2021-08-05 16:12:43,85.0,76.0,7.0,2.0
2021-08-05 16:12:44,94.0,82.0,8.0,4.0
2021-08-05 16:12:45,76.0,69.0,5.0,2.0
2021-08-05 16:12:46,83.0,76.0,5.0,2.0
2021-08-05 16:12:47,67.0,57.0,5.0,5.0
2021-08-05 16:12:48,84.0,71.0,7.0,6.0
2021-08-05 16:12:49,79.0,68.0,5.0,6.0
2021-08-05 16:12:50,80.0,70.0,4.0,6.0
2021-08-05 16:12:51,88.0,77.0,5.0,6.0
2021-08-05 16:12:52,74.0,64.0,7.0,3.0
2021-08-05 16:12:53,77.0,71.0,5.0,1.0
2021-08-05 16:12:54,91.0,82.0,2.0,7.0
2021-08-05 16:12:55,77.0,70.0,5.0,2.0
2021-08-05 16:12:56,89.0,78.0,7.0,4.0
2021-08-05 16:12:57,74.0,64.0,7.0,3.0
2021-08-05 16:12:58,93.0,82.0,9.0,2.0
2021-08-05 16:12:59,85.0,75.0,6.0,4.0
2021-08-05 16:13:00,74.0,64.0,5.0,5.0
2021-08-05 16:13:01,75.0,68.0,4.0,3.0
2021-08-05 16:13:02,82.0,73.0,2.0,7.0
2021-08-05 16:13:03,84.0,70.0,11.0,3.0
2021-08-05 16:13:04,71.0,62.0,2.0,7.0
2021-08-05 16:13:05,75.0,61.0,8.0,6.0
2021-08-05 16:13:06,75.0,65.0,7.0,3.0
2021-08-05 16:13:07,79.0,68.0,4.0,7.0
2021-08-05 16:13:08,87.0,71.0,14.0,2.0
2021-08-05 16:13:09,94.0,85.0,4.0,5.0
2021-08-05 16:13:10,83.0,73.0,7.0,3.0
2021-08-05 16:13:11,83.0,69.0,7.0,7.0
2021-08-05 16:13:12,87.0,75.0,7.0,5.0
2021-08-05 16:13:13,63.0,56.0,7.0,0.0
2021-08-05 16:13:14,79.0,70.0,8.0,1.0
2021-08-05 16:13:15,71.0,63.0,4.0,4.0
2021-08-05 16:13:16,75.0,72.0,2.0,1.0
2021-08-05 16:13:17,74.0,67.0,6.0,1.0
2021-08-05 16:13:18,82.0,71.0,5.0,6.0
2021-08-05 16:13:19,90.0,73.0,10.0,7.0
2021-08-05 16:13:20,70.0,60.0,6.0,4.0
2021-08-05 16:13:21,93.0,84.0,5.0,4.0
2021-08-05 16:13:22,66.0,55.0,7.0,4.0
2021-08-05 16:13:23,87.0,76.0,5.0,6.0
2021-08-05 16:13:24,76.0,69.0,3.0,4.0
2021-08-05 16:13:25,81.0,67.0,8.0,6.0
2021-08-05 16:13:26,99.0,86.0,8.0,5.0
2021-08-05 16:13:27,71.0,61.0,4.0,6.0
2021-08-05 16:13:28,86.0,75.0,7.0,4.0
2021-08-05 16:13:29,81.0,72.0,6.0,3.0
2021-08-05 16:13:30,92.0,79.0,8.0,5.0
2021-08-05 16:13:31,76.0,62.0,8.0,6.0
2021-08-05 16:13:32,93.0,79.0,7.0,7.0
2021-08-05 16:13:33,82.0,69.0,5.0,8.0
2021-08-05 16:13:34,81.0,68.0,7.0,6.0
2021-08-05 16:13:35,96.0,82.0,7.0,7.0
2021-08-05 16:13:36,81.0,70.0,8.0,3.0
2021-08-05 16:13:37,76.0,64.0,6.0,6.0
2021-08-05 16:13:38,65.0,58.0,3.0,4.0
2021-08-05 16:13:39,97.0,79.0,11.0,7.0
2021-08-05 16:13:40,69.0,59.0,7.0,3.0
2021-08-05 16:13:41,69.0,60.0,3.0,6.0
2021-08-05 16:13:42,95.0,75.0,12.0,8.0
2021-08-05 16:13:43,86.0,76.0,7.0,3.0
2021-08-05 16:13:44,77.0,68.0,7.0,2.0
2021-08-05 16:13:45,64.0,58.0,5.0,1.0
2021-08-05 16:13:46,84.0,71.0,6.0,7.0
2021-08-05 16:13:47,66.0,57.0,7.0,2.0
2021-08-05 16:13:48,84.0,77.0,4.0,3.0
2021-08-05 16:13:49,75.0,68.0,2.0,5.0
2021-08-05 16:13:50,78.0,68.0,8.0,2.0
2021-08-05 16:13:51,79.0,65.0,8.0,6.0
2021-08-05 16:13:52,79.0,63.0,12.0,4.0
2021-08-05 16:13:53,98.0,84.0,10.0,4.0
2021-08-05 16:13:54,84.0,75.0,4.0,5.0
2021-08-05 16:13:55,61.0,49.0,6.0,6.0
2021-08-05 16:13:56,68.0,60.0,5.0,3.0
2021-08-05 16:13:57,78.0,62.0,10.0,6.0
2021-08-05 16:13:58,81.0,67.0,8.0,6.0
2021-08-05 16:13:59,81.0,68.0,9.0,4.0
2021-08-05 16:14:00,81.0,70.0,6.0,5.0
2021-08-05 16:14:01,84.0,71.0,10.0,3.0
2021-08-05 16:14:02,69.0,62.0,3.0,4.0
2021-08-05 16:14:03,73.0,65.0,5.0,3.0
2021-08-05 16:14:04,74.0,60.0,9.0,5.0
2021-08-05 16:14:05,79.0,69.0,7.0,3.0
2021-08-05 16:14:06,81.0,74.0,1.0,6.0
2021-08-05 16:14:07,91.0,79.0,9.0,3.0
2021-08-05 16:14:08,75.0,71.0,3.0,1.0
2021-08-05 16:14:09,72.0,62.0,7.0,3.0
2021-08-05 16:14:10,91.0,81.0,8.0,2.0
2021-08-05 16:14:11,84.0,75.0,4.0,5.0
2021-08-05 16:14:12,95.0,82.0,8.0,5.0
2021-08-05 16:14:13,84.0,72.0,6.0,6.0
2021-08-05 16:14:14,71.0,63.0,4.0,4.0
2021-08-05 16:14:15,83.0,70.0,6.0,7.0
2021-08-05 16:14:16,97.0,86.0,8.0,3.0
2021-08-05 16:14:17,81.0,70.0,6.0,5.0
2021-08-05 16:14:18,73.0,63.0,9.0,1.0
2021-08-05 16:14:19,70.0,61.0,5.0,4.0
2021-08-05 16:14:20,87.0,77.0,6.0,4.0
2021-08-05 16:14:21,90.0,80.0,7.0,3.0
2021-08-05 16:14:22,62.0,57.0,3.0,2.0
2021-08-05 16:14:23,67.0,56.0,5.0,6.0
2021-08-05 16:14:24,91.0,81.0,5.0,5.0
2021-08-05 16:14:25,77.0,69.0,4.0,4.0
2021-08-05 16:14:26,72.0,65.0,5.0,2.0
2021-08-05 16:14:27,79.0,69.0,4.0,6.0
2021-08-05 16:14:28,81.0,73.0,4.0,4.0
2021-08-05 16:14:29,73.0,60.0,10.0,3.0
2021-08-05 16:14:30,77.0,69.0,6.0,2.0
2021-08-05 16:14:31,78.0,68.0,3.0,7.0
2021-08-05 16:14:32,70.0,60.0,6.0,4.0
2021-08-05 16:14:33,84.0,70.0,9.0,5.0
2021-08-05 16:14:34,74.0,63.0,7.0,4.0
2021-08-05 16:14:35,72.0,65.0,4.0,3.0
2021-08-05 16:14:36,86.0,78.0,4.0,4.0
2021-08-05 16:14:37,84.0,75.0,5.0,4.0
2021-08-05 16:14:38,77.0,70.0,6.0,1.0
2021-08-05 16:14:39,71.0,65.0,2.0,4.0
2021-08-05 16:14:40,94.0,83.0,8.0,3.0
2021-08-05 16:14:41,84.0,70.0,9.0,5.0
2021-08-05 16:14:42,69.0,65.0,4.0,0.0
2021-08-05 16:14:43,88.0,75.0,5.0,8.0
2021-08-05 16:14:44,91.0,77.0,12.0,2.0
2021-08-05 16:14:45,71.0,59.0,9.0,3.0
2021-08-05 16:14:46,82.0,74.0,5.0,3.0
2021-08-05 16:14:47,98.0,83.0,8.0,7.0
2021-08-05 16:14:48,98.0,89.0,7.0,2.0
2021-08-05 16:14:49,93.0,82.0,6.0,5.0
2021-08-05 16:14:50,73.0,69.0,3.0,1.0
2021-08-05 16:14:51,91.0,75.0,8.0,8.0
2021-08-05 16:14:52,77.0,66.0,10.0,1.0
2021-08-05 16:14:53,78.0,68.0,6.0,4.0
2021-08-05 16:14:54,89.0,74.0,6.0,9.0
2021-08-05 16:14:55,63.0,53.0,8.0,2.0
2021-08-05 16:14:56,90.0,75.0,7.0,8.0
2021-08-05 16:14:57,87.0,81.0,1.0,5.0
2021-08-05 16:14:58,79.0,69.0,8.0,2.0
2021-08-05 16:14:59,77.0,61.0,9.0,7.0
2021-08-05 16:15:00,92.0,79.0,9.0,4.0
2021-08-05 16:15:01,83.0,68.0,11.0,4.0
2021-08-05 16:15:02,91.0,79.0,7.0,5.0
2021-08-05 16:15:03,89.0,77.0,9.0,3.0
2021-08-05 16:15:04,90.0,78.0,7.0,5.0
2021-08-05 16:15:05,68.0,57.0,7.0,4.0
2021-08-05 16:15:06,74.0,63.0,6.0,5.0
2021-08-05 16:15:07,68.0,60.0,6.0,2.0
2021-08-05 16:15:08,68.0,62.0,3.0,3.0
2021-08-05 16:15:09,68.0,60.0,4.0,4.0
2021-08-05 16:15:10,65.0,57.0,6.0,2.0
2021-08-05 16:15:11,90.0,82.0,3.0,5.0
2021-08-05 16:15:12,80.0,70.0,7.0,3.0
2021-08-05 16:15:13,76.0,68.0,5.0,3.0
2021-08-05 16:15:14,83.0,75.0,6.0,2.0
2021-08-05 16:15:15,91.0,80.0,9.0,2.0
2021-08-05 16:15:16,64.0,50.0,10.0,4.0
2021-08-05 16:15:17,71.0,66.0,4.0,1.0
2021-08-05 16:15:18,81.0,67.0,8.0,6.0
2021-08-05 16:15:19,90.0,74.0,6.0,10.0
2021-08-05 16:15:20,99.0,88.0,4.0,7.0
2021-08-05 16:15:21,85.0,72.0,9.0,4.0
2021-08-05 16:15:22,66.0,58.0,6.0,2.0
2021-08-05 16:15:23,74.0,67.0,6.0,1.0
2021-08-05 16:15:24,77.0,71.0,3.0,3.0
2021-08-05 16:15:25,100.0,91.0,8.0,1.0
2021-08-05 16:15:26,88.0,75.0,8.0,5.0
2021-08-05 16:15:27,87.0,73.0,8.0,6.0
2021-08-05 16:15:28,82.0,72.0,6.0,4.0
2021-08-05 16:15:29,85.0,72.0,10.0,3.0
2021-08-05 16:15:30,79.0,69.0,7.0,3.0
2021-08-05 16:15:31,66.0,59.0,4.0,3.0
2021-08-05 16:15:32,67.0,59.0,5.0,3.0
2021-08-05 16:15:33,86.0,71.0,7.0,8.0
2021-08-05 16:15:34,77.0,70.0,6.0,1.0
2021-08-05 16:15:35,82.0,73.0,8.0,1.0
2021-08-05 16:15:36,84.0,73.0,10.0,1.0
2021-08-05 16:15:37,83.0,71.0,7.0,5.0
2021-08-05 16:15:38,88.0,75.0,11.0,2.0
2021-08-05 16:15:39,99.0,82.0,8.0,9.0
2021-08-05 16:15:40,58.0,51.0,6.0,1.0
2021-08-05 16:15:41,90.0,78.0,8.0,4.0
2021-08-05 16:15:42,86.0,78.0,4.0,4.0
2021-08-05 16:15:43,71.0,65.0,3.0,3.0
2021-08-05 16:15:44,80.0,65.0,8.0,7.0
2021-08-05 16:15:45,93.0,86.0,5.0,2.0
2021-08-05 16:15:46,74.0,66.0,8.0,0.0
2021-08-05 16:15:47,75.0,60.0,9.0,6.0
2021-08-05 16:15:48,63.0,54.0,5.0,4.0
2021-08-05 16:15:49,79.0,66.0,11.0,2.0
2021-08-05 16:15:50,95.0,83.0,6.0,6.0
2021-08-05 16:15:51,79.0,73.0,4.0,2.0
2021-08-05 16:15:52,78.0,66.0,8.0,4.0
2021-08-05 16:15:53,73.0,62.0,7.0,4.0
2021-08-05 16:15:54,69.0,60.0,5.0,4.0
2021-08-05 16:15:55,84.0,75.0,3.0,6.0
2021-08-05 16:15:56,80.0,65.0,8.0,7.0
2021-08-05 16:15:57,79.0,69.0,6.0,4.0
2021-08-05 16:15:58,75.0,60.0,7.0,8.0
2021-08-05 16:15:59,87.0,68.0,15.0,4.0
2021-08-05 16:16:00,98.0,84.0,9.0,5.0
2021-08-05 16:16:01,82.0,72.0,5.0,5.0
2021-08-05 16:16:02,82.0,77.0,2.0,3.0
2021-08-05 16:16:03,80.0,71.0,7.0,2.0
2021-08-05 16:16:04,87.0,75.0,8.0,4.0
2021-08-05 16:16:05,95.0,80.0,10.0,5.0
2021-08-05 16:16:06,81.0,74.0,3.0,4.0
2021-08-05 16:16:07,79.0,65.0,9.0,5.0
2021-08-05 16:16:08,62.0,54.0,3.0,5.0
2021-08-05 16:16:09,83.0,72.0,9.0,2.0
2021-08-05 16:16:10,79.0,70.0,6.0,3.0
2021-08-05 16:16:11,85.0,77.0,5.0,3.0
2021-08-05 16:16:12,76.0,68.0,5.0,3.0
2021-08-05 16:16:13,73.0,67.0,4.0,2.0
2021-08-05 16:16:14,73.0,69.0,1.0,3.0
2021-08-05 16:16:15,75.0,59.0,9.0,7.0
2021-08-05 16:16:16,85.0,75.0,7.0,3.0
2021-08-05 16:16:17,69.0,61.0,4.0,4.0
2021-08-05 16:16:18,91.0,73.0,10.0,8.0
2021-08-05 16:16:19,89.0,80.0,6.0,3.0
2021-08-05 16:16:20,95.0,82.0,9.0,4.0
2021-08-05 16:16:21,82.0,72.0,6.0,4.0
2021-08-05 16:16:22,78.0,71.0,6.0,1.0
2021-08-05 16:16:23,86.0,70.0,10.0,6.0
2021-08-05 16:16:24,84.0,76.0,3.0,5.0
2021-08-05 16:16:25,79.0,68.0,7.0,4.0
2021-08-05 16:16:26,70.0,63.0,4.0,3.0
2021-08-05 16:16:27,79.0,65.0,5.0,9.0
2021-08-05 16:16:28,62.0,53.0,3.0,6.0
2021-08-05 16:16:29,94.0,82.0,6.0,6.0
2021-08-05 16:16:30,86.0,75.0,5.0,6.0
2021-08-05 16:16:31,70.0,61.0,5.0,4.0
2021-08-05 16:16:32,71.0,58.0,6.0,7.0
2021-08-05 16:16:33,76.0,64.0,4.0,8.0
2021-08-05 16:16:34,75.0,64.0,6.0,5.0
2021-08-05 16:16:35,83.0,76.0,3.0,4.0
2021-08-05 16:16:36,86.0,70.0,9.0,7.0
2021-08-05 16:16:37,75.0,65.0,4.0,6.0
2021-08-05 16:16:38,92.0,83.0,4.0,5.0
2021-08-05 16:16:39,82.0,69.0,6.0,7.0
2021-08-05 16:16:40,81.0,71.0,6.0,4.0
2021-08-05 16:16:41,72.0,60.0,7.0,5.0
2021-08-05 16:16:42,97.0,84.0,8.0,5.0
2021-08-05 16:16:43,78.0,70.0,6.0,2.0
2021-08-05 16:16:44,70.0,58.0,5.0,7.0
2021-08-05 16:16:45,71.0,62.0,6.0,3.0
2021-08-05 16:16:46,73.0,61.0,6.0,6.0
2021-08-05 16:16:47,89.0,77.0,8.0,4.0
2021-08-05 16:16:48,79.0,70.0,7.0,2.0
2021-08-05 16:16:49,68.0,56.0,5.0,7.0
2021-08-05 16:16:50,75.0,70.0,2.0,3.0
2021-08-05 16:16:51,75.0,67.0,5.0,3.0
2021-08-05 16:16:52,64.0,51.0,7.0,6.0
2021-08-05 16:16:53,86.0,78.0,3.0,5.0
2021-08-05 16:16:54,84.0,71.0,8.0,5.0
2021-08-05 16:16:55,92.0,78.0,9.0,5.0
2021-08-05 16:16:56,68.0,61.0,2.0,5.0
2021-08-05 16:16:57,72.0,58.0,12.0,2.0
2021-08-05 16:16:58,86.0,75.0,6.0,5.0
2021-08-05 16:16:59,100.0,87.0,10.0,3.0
2021-08-05 16:17:00,68.0,61.0,3.0,4.0
2021-08-05 16:17:01,69.0,61.0,5.0,3.0
2021-08-05 16:17:02,78.0,69.0,5.0,4.0
2021-08-05 16:17:03,76.0,69.0,3.0,4.0
2021-08-05 16:17:04,72.0,65.0,4.0,3.0
2021-08-05 16:17:05,83.0,66.0,11.0,6.0
2021-08-05 16:17:06,83.0,69.0,9.0,5.0
2021-08-05 16:17:07,86.0,72.0,11.0,3.0
2021-08-05 16:17:08,79.0,66.0,7.0,6.0
2021-08-05 16:17:09,86.0,74.0,7.0,5.0
2021-08-05 16:17:10,69.0,60.0,3.0,6.0
2021-08-05 16:17:11,68.0,59.0,9.0,0.0
2021-08-05 16:17:12,94.0,79.0,11.0,4.0
2021-08-05 16:17:13,64.0,51.0,11.0,2.0
2021-08-05 16:17:14,71.0,57.0,4.0,10.0
2021-08-05 16:17:15,89.0,80.0,6.0,3.0
2021-08-05 16:17:16,78.0,68.0,7.0,3.0
2021-08-05 16:17:17,72.0,60.0,6.0,6.0
2021-08-05 16:17:18,87.0,76.0,7.0,4.0
2021-08-05 16:17:19,92.0,78.0,10.0,4.0
2021-08-05 16:17:20,73.0,63.0,6.0,4.0
2021-08-05 16:17:21,81.0,74.0,2.0,5.0
2021-08-05 16:17:22,81.0,70.0,6.0,5.0
2021-08-05 16:17:23,78.0,61.0,9.0,8.0
2021-08-05 16:17:24,84.0,74.0,6.0,4.0
2021-08-05 16:17:25,83.0,74.0,6.0,3.0
2021-08-05 16:17:26,81.0,74.0,5.0,2.0
2021-08-05 16:17:27,92.0,77.0,6.0,9.0
2021-08-05 16:17:28,86.0,72.0,5.0,9.0
2021-08-05 16:17:29,72.0,66.0,5.0,1.0
2021-08-05 16:17:30,83.0,75.0,5.0,3.0
2021-08-05 16:17:31,78.0,72.0,5.0,1.0
2021-08-05 16:17:32,80.0,77.0,0.0,3.0
2021-08-05 16:17:33,81.0,74.0,4.0,3.0
2021-08-05 16:17:34,80.0,75.0,4.0,1.0
2021-08-05 16:17:35,82.0,69.0,8.0,5.0
2021-08-05 16:17:36,86.0,75.0,7.0,4.0
2021-08-05 16:17:37,72.0,64.0,4.0,4.0
2021-08-05 16:17:38,77.0,66.0,6.0,5.0
2021-08-05 16:17:39,82.0,76.0,4.0,2.0
2021-08-05 16:17:40,88.0,71.0,10.0,7.0
2021-08-05 16:17:41,84.0,68.0,6.0,10.0
2021-08-05 16:17:42,85.0,74.0,11.0,0.0
2021-08-05 16:17:43,72.0,62.0,6.0,4.0
2021-08-05 16:17:44,82.0,66.0,11.0,5.0
2021-08-05 16:17:45,76.0,67.0,2.0,7.0
2021-08-05 16:17:46,78.0,66.0,11.0,1.0
2021-08-05 16:17:47,70.0,57.0,12.0,1.0
2021-08-05 16:17:48,85.0,76.0,6.0,3.0
2021-08-05 16:17:49,60.0,52.0,4.0,4.0
2021-08-05 16:17:50,87.0,76.0,6.0,5.0
2021-08-05 16:17:51,83.0,72.0,4.0,7.0
2021-08-05 16:17:52,84.0,74.0,6.0,4.0
2021-08-05 16:17:53,75.0,65.0,9.0,1.0
2021-08-05 16:17:54,85.0,73.0,8.0,4.0
2021-08-05 16:17:55,84.0,70.0,8.0,6.0
2021-08-05 16:17:56,83.0,68.0,10.0,5.0
2021-08-05 16:17:57,72.0,63.0,6.0,3.0
2021-08-05 16:17:58,67.0,56.0,8.0,3.0
2021-08-05 16:17:59,95.0,83.0,5.0,7.0
2021-08-05 16:18:00,91.0,74.0,8.0,9.0
2021-08-05 16:18:01,87.0,75.0,7.0,5.0
2021-08-05 16:18:02,76.0,65.0,6.0,5.0
2021-08-05 16:18:03,82.0,69.0,6.0,7.0
2021-08-05 16:18:04,78.0,70.0,4.0,4.0
2021-08-05 16:18:05,72.0,61.0,8.0,3.0
2021-08-05 16:18:06,66.0,60.0,3.0,3.0
2021-08-05 16:18:07,94.0,85.0,4.0,5.0
2021-08-05 16:18:08,88.0,79.0,6.0,3.0
2021-08-05 16:18:09,75.0,62.0,7.0,6.0
2021-08-05 16:18:10,81.0,68.0,8.0,5.0
2021-08-05 16:18:11,90.0,72.0,13.0,5.0
2021-08-05 16:18:12,67.0,61.0,5.0,1.0
2021-08-05 16:18:13,73.0,63.0,9.0,1.0
2021-08-05 16:18:14,72.0,61.0,5.0,6.0
2021-08-05 16:18:15,68.0,58.0,7.0,3.0
2021-08-05 16:18:16,88.0,74.0,11.0,3.0
2021-08-05 16:18:17,78.0,68.0,6.0,4.0
2021-08-05 16:18:18,82.0,70.0,5.0,7.0
2021-08-05 16:18:19,69.0,56.0,9.0,4.0
2021-08-05 16:18:20,74.0,66.0,4.0,4.0
2021-08-05 16:18:21,86.0,79.0,7.0,0.0
2021-08-05 16:18:22,71.0,64.0,5.0,2.0
2021-08-05 16:18:23,70.0,62.0,5.0,3.0
2021-08-05 16:18:24,72.0,62.0,5.0,5.0
2021-08-05 16:18:25,72.0,61.0,6.0,5.0
2021-08-05 16:18:26,93.0,81.0,4.0,8.0
2021-08-05 16:18:27,81.0,71.0,6.0,4.0
2021-08-05 16:18:28,80.0,67.0,12.0,1.0
2021-08-05 16:18:29,85.0,77.0,6.0,2.0
2021-08-05 16:18:30,98.0,87.0,7.0,4.0
2021-08-05 16:18:31,71.0,56.0,9.0,6.0
2021-08-05 16:18:32,87.0,75.0,7.0,5.0
2021-08-05 16:18:33,81.0,69.0,9.0,3.0
2021-08-05 16:18:34,86.0,72.0,11.0,3.0
2021-08-05 16:18:35,82.0,67.0,10.0,5.0
2021-08-05 16:18:36,83.0,73.0,4.0,6.0
2021-08-05 16:18:37,82.0,67.0,8.0,7.0
2021-08-05 16:18:38,82.0,69.0,7.0,6.0
2021-08-05 16:18:39,68.0,59.0,4.0,5.0
2021-08-05 16:18:40,106.0,87.0,14.0,5.0
2021-08-05 16:18:41,63.0,54.0,6.0,3.0
2021-08-05 16:18:42,71.0,61.0,5.0,5.0
2021-08-05 16:18:43,82.0,72.0,8.0,2.0
2021-08-05 16:18:44,81.0,68.0,8.0,5.0
2021-08-05 16:18:45,67.0,57.0,7.0,3.0
2021-08-05 16:18:46,70.0,61.0,6.0,3.0
2021-08-05 16:18:47,72.0,63.0,6.0,3.0
2021-08-05 16:18:48,95.0,82.0,9.0,4.0
2021-08-05 16:18:49,72.0,61.0,7.0,4.0
2021-08-05 16:18:50,85.0,67.0,11.0,7.0
2021-08-05 16:18:51,87.0,82.0,4.0,1.0
2021-08-05 16:18:52,96.0,75.0,13.0,8.0
2021-08-05 16:18:53,83.0,69.0,9.0,5.0
2021-08-05 16:18:54,89.0,76.0,7.0,6.0
2021-08-05 16:18:55,75.0,65.0,7.0,3.0
2021-08-05 16:18:56,49.0,38.0,10.0,1.0
2021-08-05 16:18:57,75.0,62.0,11.0,2.0
2021-08-05 16:18:58,78.0,65.0,4.0,9.0
2021-08-05 16:18:59,85.0,75.0,4.0,6.0
2021-08-05 16:19:00,80.0,69.0,6.0,5.0
2021-08-05 16:19:01,75.0,68.0,5.0,2.0
2021-08-05 16:19:02,74.0,64.0,7.0,3.0
2021-08-05 16:19:03,94.0,78.0,13.0,3.0
2021-08-05 16:19:04,81.0,68.0,7.0,6.0
2021-08-05 16:19:05,87.0,78.0,5.0,4.0
2021-08-05 16:19:06,74.0,64.0,6.0,4.0
2021-08-05 16:19:07,66.0,55.0,7.0,4.0
2021-08-05 16:19:08,91.0,82.0,5.0,4.0
2021-08-05 16:19:09,84.0,74.0,7.0,3.0
2021-08-05 16:19:10,81.0,69.0,6.0,6.0
2021-08-05 16:19:11,79.0,64.0,8.0,7.0
2021-08-05 16:19:12,76.0,71.0,1.0,4.0
2021-08-05 16:19:13,73.0,67.0,4.0,2.0
2021-08-05 16:19:14,82.0,76.0,1.0,5.0
2021-08-05 16:19:15,103.0,88.0,8.0,7.0
2021-08-05 16:19:16,67.0,56.0,9.0,2.0
2021-08-05 16:19:17,67.0,62.0,4.0,1.0
2021-08-05 16:19:18,65.0,51.0,11.0,3.0
2021-08-05 16:19:19,82.0,73.0,4.0,5.0
2021-08-05 16:19:20,91.0,79.0,6.0,6.0
2021-08-05 16:19:21,79.0,70.0,6.0,3.0
2021-08-05 16:19:22,74.0,64.0,8.0,2.0
2021-08-05 16:19:23,70.0,61.0,6.0,3.0
2021-08-05 16:19:24,87.0,73.0,10.0,4.0
2021-08-05 16:19:25,74.0,63.0,9.0,2.0
2021-08-05 16:19:26,72.0,60.0,9.0,3.0
2021-08-05 16:19:27,67.0,60.0,6.0,1.0
2021-08-05 16:19:28,91.0,73.0,10.0,8.0
2021-08-05 16:19:29,81.0,72.0,5.0,4.0
2021-08-05 16:19:30,89.0,70.0,11.0,8.0
2021-08-05 16:19:31,75.0,63.0,7.0,5.0
2021-08-05 16:19:32,90.0,81.0,5.0,4.0
2021-08-05 16:19:33,79.0,70.0,7.0,2.0
2021-08-05 16:19:34,80.0,70.0,6.0,4.0
2021-08-05 16:19:35,72.0,63.0,6.0,3.0
2021-08-05 16:19:36,72.0,69.0,1.0,2.0
2021-08-05 16:19:37,73.0,67.0,3.0,3.0
2021-08-05 16:19:38,73.0,63.0,5.0,5.0
2021-08-05 16:19:39,82.0,68.0,9.0,5.0
2021-08-05 16:19:40,73.0,67.0,3.0,3.0
2021-08-05 16:19:41,87.0,74.0,4.0,9.0
2021-08-05 16:19:42,80.0,68.0,10.0,2.0
2021-08-05 16:19:43,86.0,77.0,8.0,1.0
2021-08-05 16:19:44,83.0,70.0,9.0,4.0
2021-08-05 16:19:45,88.0,78.0,6.0,4.0
2021-08-05 16:19:46,81.0,73.0,4.0,4.0
2021-08-05 16:19:47,84.0,77.0,4.0,3.0
2021-08-05 16:19:48,95.0,81.0,8.0,6.0
2021-08-05 16:19:49,81.0,66.0,12.0,3.0
2021-08-05 16:19:50,82.0,74.0,3.0,5.0
2021-08-05 16:19:51,86.0,74.0,7.0,5.0
2021-08-05 16:19:52,75.0,66.0,8.0,1.0
2021-08-05 16:19:53,78.0,67.0,6.0,5.0
2021-08-05 16:19:54,93.0,83.0,8.0,2.0
2021-08-05 16:19:55,77.0,67.0,7.0,3.0
2021-08-05 16:19:56,76.0,71.0,3.0,2.0
2021-08-05 16:19:57,67.0,61.0,6.0,0.0
2021-08-05 16:19:58,82.0,73.0,7.0,2.0
2021-08-05 16:19:59,91.0,80.0,7.0,4.0
2021-08-05 16:20:00,87.0,69.0,10.0,8.0
2021-08-05 16:20:01,90.0,77.0,7.0,6.0
2021-08-05 16:20:02,84.0,72.0,8.0,4.0
2021-08-05 16:20:03,73.0,63.0,4.0,6.0
2021-08-05 16:20:04,83.0,69.0,8.0,6.0
2021-08-05 16:20:05,77.0,62.0,11.0,4.0
2021-08-05 16:20:06,71.0,65.0,3.0,3.0
2021-08-05 16:20:07,77.0,67.0,8.0,2.0
2021-08-05 16:20:08,76.0,72.0,3.0,1.0
2021-08-05 16:20:09,88.0,73.0,8.0,7.0
2021-08-05 16:20:10,98.0,85.0,8.0,5.0
2021-08-05 16:20:11,83.0,71.0,7.0,5.0
2021-08-05 16:20:12,91.0,76.0,8.0,7.0
2021-08-05 16:20:13,78.0,70.0,6.0,2.0
2021-08-05 16:20:14,94.0,80.0,7.0,7.0
2021-08-05 16:20:15,84.0,76.0,3.0,5.0
2021-08-05 16:20:16,73.0,62.0,5.0,6.0
2021-08-05 16:20:17,102.0,86.0,12.0,4.0
2021-08-05 16:20:18,75.0,65.0,6.0,4.0
2021-08-05 16:20:19,80.0,66.0,7.0,7.0
2021-08-05 16:20:20,77.0,64.0,7.0,6.0
2021-08-05 16:20:21,74.0,66.0,6.0,2.0
2021-08-05 16:20:22,79.0,70.0,7.0,2.0
2021-08-05 16:20:23,73.0,65.0,5.0,3.0
2021-08-05 16:20:24,77.0,66.0,7.0,4.0
2021-08-05 16:20:25,74.0,62.0,8.0,4.0
2021-08-05 16:20:26,77.0,73.0,3.0,1.0
2021-08-05 16:20:27,78.0,69.0,4.0,5.0
2021-08-05 16:20:28,65.0,56.0,7.0,2.0
2021-08-05 16:20:29,79.0,66.0,9.0,4.0
2021-08-05 16:20:30,68.0,56.0,5.0,7.0
2021-08-05 16:20:31,74.0,64.0,5.0,5.0
2021-08-05 16:20:32,86.0,79.0,5.0,2.0
2021-08-05 16:20:33,72.0,67.0,2.0,3.0
2021-08-05 16:20:34,73.0,61.0,7.0,5.0
2021-08-05 16:20:35,74.0,69.0,4.0,1.0
2021-08-05 16:20:36,84.0,74.0,7.0,3.0
2021-08-05 16:20:37,68.0,60.0,6.0,2.0
2021-08-05 16:20:38,79.0,63.0,12.0,4.0
2021-08-05 16:20:39,75.0,61.0,7.0,7.0
2021-08-05 16:20:40,68.0,55.0,9.0,4.0
2021-08-05 16:20:41,90.0,78.0,9.0,3.0
2021-08-05 16:20:42,88.0,75.0,10.0,3.0
2021-08-05 16:20:43,60.0,55.0,3.0,2.0
2021-08-05 16:20:44,75.0,72.0,2.0,1.0
2021-08-05 16:20:45,80.0,67.0,5.0,8.0
2021-08-05 16:20:46,94.0,81.0,8.0,5.0
2021-08-05 16:20:47,80.0,69.0,6.0,5.0
2021-08-05 16:20:48,81.0,71.0,7.0,3.0
2021-08-05 16:20:49,100.0,89.0,4.0,7.0
2021-08-05 16:20:50,83.0,70.0,8.0,5.0
2021-08-05 16:20:51,72.0,62.0,7.0,3.0
2021-08-05 16:20:52,82.0,73.0,4.0,5.0
2021-08-05 16:20:53,62.0,51.0,6.0,5.0
2021-08-05 16:20:54,68.0,61.0,4.0,3.0
2021-08-05 16:20:55,70.0,64.0,3.0,3.0
2021-08-05 16:20:56,80.0,68.0,10.0,2.0
2021-08-05 16:20:57,66.0,57.0,4.0,5.0
2021-08-05 16:20:58,74.0,67.0,2.0,5.0
2021-08-05 16:20:59,78.0,69.0,8.0,1.0
2021-08-05 16:21:00,68.0,61.0,5.0,2.0
2021-08-05 16:21:01,97.0,85.0,8.0,4.0
2021-08-05 16:21:02,94.0,82.0,8.0,4.0
2021-08-05 16:21:03,78.0,63.0,10.0,5.0
2021-08-05 16:21:04,87.0,73.0,10.0,4.0
2021-08-05 16:21:05,69.0,59.0,7.0,3.0
2021-08-05 16:21:06,75.0,60.0,5.0,10.0
2021-08-05 16:21:07,62.0,58.0,2.0,2.0
2021-08-05 16:21:08,82.0,69.0,7.0,6.0
2021-08-05 16:21:09,79.0,70.0,7.0,2.0
2021-08-05 16:21:10,75.0,66.0,6.0,3.0
2021-08-05 16:21:11,64.0,58.0,3.0,3.0
2021-08-05 16:21:12,76.0,65.0,5.0,6.0
2021-08-05 16:21:13,69.0,60.0,4.0,5.0
2021-08-05 16:21:14,71.0,65.0,4.0,2.0
2021-08-05 16:21:15,73.0,63.0,9.0,1.0
2021-08-05 16:21:16,85.0,69.0,11.0,5.0
2021-08-05 16:21:17,77.0,67.0,7.0,3.0
2021-08-05 16:21:18,93.0,82.0,6.0,5.0
2021-08-05 16:21:19,73.0,65.0,6.0,2.0
2021-08-05 16:21:20,82.0,64.0,8.0,10.0
2021-08-05 16:21:21,84.0,69.0,8.0,7.0
2021-08-05 16:21:22,77.0,71.0,3.0,3.0
2021-08-05 16:21:23,69.0,58.0,5.0,6.0
2021-08-05 16:21:24,77.0,71.0,5.0,1.0
2021-08-05 16:21:25,90.0,74.0,10.0,6.0
2021-08-05 16:21:26,99.0,87.0,8.0,4.0
2021-08-05 16:21:27,82.0,71.0,10.0,1.0
2021-08-05 16:21:28,80.0,70.0,6.0,4.0
2021-08-05 16:21:29,80.0,73.0,6.0,1.0
2021-08-05 16:21:30,68.0,59.0,4.0,5.0
2021-08-05 16:21:31,73.0,60.0,10.0,3.0
2021-08-05 16:21:32,88.0,75.0,7.0,6.0
2021-08-05 16:21:33,87.0,75.0,6.0,6.0
2021-08-05 16:21:34,90.0,80.0,3.0,7.0
2021-08-05 16:21:35,68.0,61.0,6.0,1.0
2021-08-05 16:21:36,86.0,73.0,9.0,4.0
2021-08-05 16:21:37,80.0,73.0,4.0,3.0
2021-08-05 16:21:38,77.0,72.0,3.0,2.0
2021-08-05 16:21:39,91.0,77.0,3.0,11.0
2021-08-05 16:21:40,70.0,58.0,4.0,8.0
2021-08-05 16:21:41,77.0,70.0,3.0,4.0
2021-08-05 16:21:42,80.0,65.0,9.0,6.0
2021-08-05 16:21:43,78.0,70.0,5.0,3.0
2021-08-05 16:21:44,70.0,61.0,6.0,3.0
2021-08-05 16:21:45,79.0,66.0,7.0,6.0
2021-08-05 16:21:46,52.0,45.0,4.0,3.0
2021-08-05 16:21:47,80.0,76.0,2.0,2.0
2021-08-05 16:21:48,75.0,62.0,8.0,5.0
2021-08-05 16:21:49,83.0,76.0,2.0,5.0
2021-08-05 16:21:50,87.0,76.0,6.0,5.0
2021-08-05 16:21:51,73.0,62.0,9.0,2.0
2021-08-05 16:21:52,70.0,61.0,6.0,3.0
2021-08-05 16:21:53,62.0,50.0,7.0,5.0
2021-08-05 16:21:54,78.0,66.0,2.0,10.0
2021-08-05 16:21:55,79.0,69.0,5.0,5.0
2021-08-05 16:21:56,86.0,71.0,8.0,7.0
2021-08-05 16:21:57,94.0,78.0,12.0,4.0
2021-08-05 16:21:58,73.0,69.0,2.0,2.0
2021-08-05 16:21:59,73.0,60.0,8.0,5.0
2021-08-05 16:22:00,69.0,61.0,6.0,2.0
2021-08-05 16:22:01,69.0,59.0,6.0,4.0
2021-08-05 16:22:02,80.0,70.0,5.0,5.0
2021-08-05 16:22:03,86.0,77.0,7.0,2.0
2021-08-05 16:22:04,88.0,78.0,7.0,3.0
2021-08-05 16:22:05,82.0,75.0,5.0,2.0
2021-08-05 16:22:06,75.0,66.0,6.0,3.0
2021-08-05 16:22:07,74.0,61.0,6.0,7.0
2021-08-05 16:22:08,73.0,70.0,3.0,0.0
2021-08-05 16:22:09,76.0,63.0,10.0,3.0
2021-08-05 16:22:10,84.0,73.0,4.0,7.0
2021-08-05 16:22:11,76.0,65.0,6.0,5.0
2021-08-05 16:22:12,80.0,64.0,9.0,7.0
2021-08-05 16:22:13,86.0,71.0,9.0,6.0
2021-08-05 16:22:14,86.0,74.0,8.0,4.0
2021-08-05 16:22:15,69.0,58.0,8.0,3.0
2021-08-05 16:22:16,82.0,68.0,10.0,4.0
2021-08-05 16:22:17,79.0,69.0,6.0,4.0
2021-08-05 16:22:18,79.0,67.0,7.0,5.0
2021-08-05 16:22:19,79.0,70.0,5.0,4.0
2021-08-05 16:22:20,89.0,80.0,8.0,1.0
2021-08-05 16:22:21,75.0,67.0,5.0,3.0
2021-08-05 16:22:22,82.0,72.0,5.0,5.0
2021-08-05 16:22:23,71.0,62.0,6.0,3.0
2021-08-05 16:22:24,86.0,70.0,10.0,6.0
2021-08-05 16:22:25,82.0,73.0,6.0,3.0
2021-08-05 16:22:26,77.0,67.0,6.0,4.0
2021-08-05 16:22:27,68.0,52.0,8.0,8.0
2021-08-05 16:22:28,87.0,77.0,9.0,1.0
2021-08-05 16:22:29,78.0,71.0,3.0,4.0
2021-08-05 16:22:30,89.0,73.0,9.0,7.0
2021-08-05 16:22:31,83.0,68.0,11.0,4.0
2021-08-05 16:22:32,74.0,63.0,7.0,4.0
2021-08-05 16:22:33,90.0,81.0,7.0,2.0
2021-08-05 16:22:34,85.0,71.0,6.0,8.0
2021-08-05 16:22:35,71.0,65.0,6.0,0.0
2021-08-05 16:22:36,91.0,73.0,11.0,7.0
2021-08-05 16:22:37,82.0,74.0,4.0,4.0
2021-08-05 16:22:38,87.0,71.0,8.0,8.0
2021-08-05 16:22:39,87.0,80.0,4.0,3.0
2021-08-05 16:22:40,89.0,73.0,12.0,4.0
2021-08-05 16:22:41,94.0,82.0,6.0,6.0
2021-08-05 16:22:42,77.0,68.0,5.0,4.0
2021-08-05 16:22:43,67.0,60.0,5.0,2.0
2021-08-05 16:22:44,77.0,74.0,1.0,2.0
2021-08-05 16:22:45,67.0,54.0,5.0,8.0
2021-08-05 16:22:46,93.0,81.0,7.0,5.0
2021-08-05 16:22:47,71.0,63.0,6.0,2.0
2021-08-05 16:22:48,90.0,76.0,10.0,4.0
2021-08-05 16:22:49,61.0,53.0,8.0,0.0
2021-08-05 16:22:50,63.0,54.0,6.0,3.0
2021-08-05 16:22:51,92.0,80.0,4.0,8.0
2021-08-05 16:22:52,97.0,80.0,12.0,5.0
2021-08-05 16:22:53,83.0,65.0,9.0,9.0
2021-08-05 16:22:54,77.0,68.0,4.0,5.0
2021-08-05 16:22:55,74.0,63.0,7.0,4.0
2021-08-05 16:22:56,65.0,56.0,4.0,5.0
2021-08-05 16:22:57,76.0,64.0,7.0,5.0
2021-08-05 16:22:58,84.0,76.0,4.0,4.0
2021-08-05 16:22:59,70.0,62.0,3.0,5.0
2021-08-05 16:23:00,78.0,71.0,7.0,0.0
2021-08-05 16:23:01,87.0,80.0,4.0,3.0
2021-08-05 16:23:02,77.0,68.0,4.0,5.0
2021-08-05 16:23:03,90.0,79.0,8.0,3.0
2021-08-05 16:23:04,92.0,82.0,4.0,6.0
2021-08-05 16:23:05,84.0,74.0,6.0,4.0
2021-08-05 16:23:06,79.0,68.0,7.0,4.0
2021-08-05 16:23:07,84.0,75.0,5.0,4.0
2021-08-05 16:23:08,83.0,75.0,3.0,5.0
2021-08-05 16:23:09,78.0,69.0,7.0,2.0
2021-08-05 16:23:10,72.0,61.0,6.0,5.0
2021-08-05 16:23:11,76.0,65.0,6.0,5.0
2021-08-05 16:23:12,87.0,70.0,6.0,11.0
2021-08-05 16:23:13,86.0,77.0,6.0,3.0
2021-08-05 16:23:14,68.0,59.0,5.0,4.0
2021-08-05 16:23:15,76.0,64.0,8.0,4.0
2021-08-05 16:23:16,78.0,67.0,9.0,2.0
2021-08-05 16:23:17,78.0,73.0,3.0,2.0
2021-08-05 16:23:18,81.0,72.0,5.0,4.0
2021-08-05 16:23:19,86.0,80.0,3.0,3.0
2021-08-05 16:23:20,77.0,73.0,2.0,2.0
2021-08-05 16:23:21,78.0,67.0,6.0,5.0
2021-08-05 16:23:22,61.0,51.0,8.0,2.0
2021-08-05 16:23:23,83.0,74.0,5.0,4.0
2021-08-05 16:23:24,88.0,76.0,8.0,4.0
2021-08-05 16:23:25,80.0,76.0,3.0,1.0
2021-08-05 16:23:26,79.0,70.0,6.0,3.0
2021-08-05 16:23:27,77.0,67.0,6.0,4.0
2021-08-05 16:23:28,81.0,69.0,9.0,3.0
2021-08-05 16:23:29,82.0,74.0,6.0,2.0
2021-08-05 16:23:30,79.0,71.0,4.0,4.0
2021-08-05 16:23:31,89.0,73.0,7.0,9.0
2021-08-05 16:23:32,93.0,79.0,10.0,4.0
2021-08-05 16:23:33,79.0,69.0,6.0,4.0
2021-08-05 16:23:34,87.0,78.0,5.0,4.0
2021-08-05 16:23:35,80.0,65.0,11.0,4.0
2021-08-05 16:23:36,75.0,65.0,6.0,4.0
2021-08-05 16:23:37,69.0,60.0,5.0,4.0
2021-08-05 16:23:38,86.0,77.0,5.0,4.0
2021-08-05 16:23:39,78.0,70.0,6.0,2.0
2021-08-05 16:23:40,95.0,86.0,6.0,3.0
2021-08-05 16:23:41,79.0,68.0,6.0,5.0
2021-08-05 16:23:42,81.0,69.0,4.0,8.0
2021-08-05 16:23:43,98.0,85.0,8.0,5.0
2021-08-05 16:23:44,80.0,76.0,1.0,3.0
2021-08-05 16:23:45,68.0,57.0,8.0,3.0
2021-08-05 16:23:46,70.0,60.0,6.0,4.0
2021-08-05 16:23:47,76.0,64.0,7.0,5.0
2021-08-05 16:23:48,99.0,80.0,13.0,6.0
2021-08-05 16:23:49,92.0,77.0,8.0,7.0
2021-08-05 16:23:50,77.0,69.0,3.0,5.0
2021-08-05 16:23:51,88.0,78.0,5.0,5.0
2021-08-05 16:23:52,77.0,68.0,4.0,5.0
2021-08-05 16:23:53,99.0,82.0,11.0,6.0
2021-08-05 16:23:54,81.0,68.0,7.0,6.0
2021-08-05 16:23:55,81.0,65.0,11.0,5.0
2021-08-05 16:23:56,85.0,79.0,2.0,4.0
2021-08-05 16:23:57,69.0,59.0,9.0,1.0
2021-08-05 16:23:58,78.0,63.0,6.0,9.0
2021-08-05 16:23:59,89.0,81.0,6.0,2.0
2021-08-05 16:24:00,74.0,65.0,4.0,5.0
2021-08-05 16:24:01,82.0,69.0,6.0,7.0
2021-08-05 16:24:02,66.0,56.0,6.0,4.0
2021-08-05 16:24:03,78.0,67.0,5.0,6.0
2021-08-05 16:24:04,67.0,56.0,8.0,3.0
2021-08-05 16:24:05,73.0,62.0,6.0,5.0
2021-08-05 16:24:06,83.0,76.0,6.0,1.0
2021-08-05 16:24:07,80.0,68.0,7.0,5.0
2021-08-05 16:24:08,77.0,66.0,7.0,4.0
2021-08-05 16:24:09,78.0,70.0,4.0,4.0
2021-08-05 16:24:10,71.0,57.0,8.0,6.0
2021-08-05 16:24:11,72.0,63.0,2.0,7.0
2021-08-05 16:24:12,89.0,88.0,1.0,0.0
2021-08-05 16:24:13,77.0,67.0,3.0,7.0
2021-08-05 16:24:14,74.0,66.0,4.0,4.0
2021-08-05 16:24:15,85.0,74.0,7.0,4.0
2021-08-05 16:24:16,73.0,61.0,6.0,6.0
2021-08-05 16:24:17,71.0,65.0,6.0,0.0
2021-08-05 16:24:18,86.0,73.0,7.0,6.0
2021-08-05 16:24:19,80.0,72.0,3.0,5.0
2021-08-05 16:24:20,78.0,69.0,6.0,3.0
2021-08-05 16:24:21,83.0,76.0,3.0,4.0
2021-08-05 16:24:22,83.0,72.0,6.0,5.0
2021-08-05 16:24:23,84.0,73.0,7.0,4.0
2021-08-05 16:24:24,70.0,62.0,6.0,2.0
2021-08-05 16:24:25,80.0,63.0,10.0,7.0
2021-08-05 16:24:26,80.0,66.0,10.0,4.0
2021-08-05 16:24:27,75.0,61.0,11.0,3.0
2021-08-05 16:24:28,66.0,59.0,5.0,2.0
2021-08-05 16:24:29,79.0,70.0,9.0,0.0
2021-08-05 16:24:30,92.0,81.0,7.0,4.0
2021-08-05 16:24:31,77.0,70.0,5.0,2.0
2021-08-05 16:24:32,74.0,69.0,3.0,2.0
2021-08-05 16:24:33,81.0,74.0,3.0,4.0
2021-08-05 16:24:34,98.0,87.0,8.0,3.0
2021-08-05 16:24:35,86.0,74.0,9.0,3.0
2021-08-05 16:24:36,82.0,74.0,3.0,5.0
2021-08-05 16:24:37,57.0,48.0,7.0,2.0
2021-08-05 16:24:38,83.0,67.0,6.0,10.0
2021-08-05 16:24:39,76.0,65.0,8.0,3.0
2021-08-05 16:24:40,72.0,68.0,1.0,3.0
2021-08-05 16:24:41,64.0,55.0,6.0,3.0
2021-08-05 16:24:42,72.0,67.0,4.0,1.0
2021-08-05 16:24:43,69.0,60.0,4.0,5.0
2021-08-05 16:24:44,68.0,61.0,3.0,4.0
2021-08-05 16:24:45,78.0,66.0,7.0,5.0
2021-08-05 16:24:46,74.0,64.0,8.0,2.0
2021-08-05 16:24:47,85.0,78.0,4.0,3.0
2021-08-05 16:24:48,73.0,65.0,3.0,5.0
2021-08-05 16:24:49,78.0,68.0,4.0,6.0
2021-08-05 16:24:50,80.0,70.0,5.0,5.0
2021-08-05 16:24:51,91.0,80.0,6.0,5.0
2021-08-05 16:24:52,82.0,70.0,5.0,7.0
2021-08-05 16:24:53,78.0,69.0,6.0,3.0
2021-08-05 16:24:54,79.0,67.0,7.0,5.0
2021-08-05 16:24:55,90.0,76.0,8.0,6.0
2021-08-05 16:24:56,78.0,66.0,5.0,7.0
2021-08-05 16:24:57,77.0,70.0,5.0,2.0
2021-08-05 16:24:58,75.0,69.0,4.0,2.0
2021-08-05 16:24:59,88.0,77.0,5.0,6.0
2021-08-05 16:25:00,80.0,69.0,5.0,6.0
2021-08-05 16:25:01,89.0,79.0,7.0,3.0
2021-08-05 16:25:02,63.0,54.0,3.0,6.0
2021-08-05 16:25:03,85.0,71.0,7.0,7.0
2021-08-05 16:25:04,85.0,76.0,7.0,2.0
2021-08-05 16:25:05,72.0,68.0,3.0,1.0
2021-08-05 16:25:06,73.0,62.0,7.0,4.0
2021-08-05 16:25:07,78.0,65.0,8.0,5.0
2021-08-05 16:25:08,76.0,69.0,4.0,3.0
2021-08-05 16:25:09,85.0,78.0,4.0,3.0
2021-08-05 16:25:10,89.0,79.0,6.0,4.0
2021-08-05 16:25:11,76.0,72.0,3.0,1.0
2021-08-05 16:25:12,79.0,64.0,7.0,8.0
2021-08-05 16:25:13,71.0,65.0,4.0,2.0
2021-08-05 16:25:14,99.0,87.0,8.0,4.0
2021-08-05 16:25:15,73.0,65.0,6.0,2.0
2021-08-05 16:25:16,83.0,77.0,1.0,5.0
2021-08-05 16:25:17,81.0,68.0,9.0,4.0
2021-08-05 16:25:18,85.0,81.0,2.0,2.0
2021-08-05 16:25:19,89.0,80.0,6.0,3.0
2021-08-05 16:25:20,89.0,77.0,10.0,2.0
2021-08-05 16:25:21,84.0,73.0,5.0,6.0
2021-08-05 16:25:22,88.0,81.0,4.0,3.0
2021-08-05 16:25:23,79.0,68.0,6.0,5.0
2021-08-05 16:25:24,79.0,69.0,9.0,1.0
2021-08-05 16:25:25,76.0,60.0,13.0,3.0
2021-08-05 16:25:26,77.0,65.0,8.0,4.0
2021-08-05 16:25:27,92.0,79.0,8.0,5.0
2021-08-05 16:25:28,91.0,76.0,9.0,6.0
2021-08-05 16:25:29,71.0,66.0,4.0,1.0
2021-08-05 16:25:30,69.0,63.0,5.0,1.0
2021-08-05 16:25:31,78.0,69.0,7.0,2.0
2021-08-05 16:25:32,85.0,76.0,6.0,3.0
2021-08-05 16:25:33,83.0,72.0,10.0,1.0
2021-08-05 16:25:34,77.0,69.0,5.0,3.0
2021-08-05 16:25:35,84.0,76.0,4.0,4.0
2021-08-05 16:25:36,88.0,76.0,6.0,6.0
2021-08-05 16:25:37,85.0,73.0,7.0,5.0
2021-08-05 16:25:38,76.0,67.0,5.0,4.0
2021-08-05 16:25:39,75.0,66.0,5.0,4.0
2021-08-05 16:25:40,92.0,80.0,5.0,7.0
2021-08-05 16:25:41,73.0,67.0,6.0,0.0
2021-08-05 16:25:42,88.0,72.0,9.0,7.0
2021-08-05 16:25:43,71.0,63.0,7.0,1.0
2021-08-05 16:25:44,80.0,71.0,6.0,3.0
2021-08-05 16:25:45,76.0,68.0,7.0,1.0
2021-08-05 16:25:46,80.0,61.0,11.0,8.0
2021-08-05 16:25:47,76.0,66.0,7.0,3.0
2021-08-05 16:25:48,85.0,73.0,10.0,2.0
2021-08-05 16:25:49,97.0,80.0,10.0,7.0
2021-08-05 16:25:50,84.0,75.0,4.0,5.0
2021-08-05 16:25:51,91.0,77.0,7.0,7.0
2021-08-05 16:25:52,84.0,72.0,7.0,5.0
2021-08-05 16:25:53,80.0,67.0,10.0,3.0
2021-08-05 16:25:54,91.0,78.0,12.0,1.0
2021-08-05 16:25:55,75.0,64.0,8.0,3.0
2021-08-05 16:25:56,77.0,72.0,3.0,2.0
2021-08-05 16:25:57,83.0,71.0,9.0,3.0
2021-08-05 16:25:58,84.0,69.0,6.0,9.0
2021-08-05 16:25:59,90.0,82.0,3.0,5.0
2021-08-05 16:26:00,67.0,59.0,7.0,1.0
2021-08-05 16:26:01,92.0,75.0,12.0,5.0
2021-08-05 16:26:02,80.0,68.0,10.0,2.0
2021-08-05 16:26:03,92.0,77.0,6.0,9.0
2021-08-05 16:26:04,98.0,89.0,5.0,4.0
2021-08-05 16:26:05,70.0,61.0,6.0,3.0
2021-08-05 16:26:06,71.0,64.0,3.0,4.0
2021-08-05 16:26:07,85.0,83.0,2.0,0.0
2021-08-05 16:26:08,85.0,70.0,9.0,6.0
2021-08-05 16:26:09,64.0,54.0,6.0,4.0
2021-08-05 16:26:10,85.0,67.0,15.0,3.0
2021-08-05 16:26:11,77.0,66.0,4.0,7.0
2021-08-05 16:26:12,80.0,71.0,5.0,4.0
2021-08-05 16:26:13,100.0,83.0,6.0,11.0
2021-08-05 16:26:14,72.0,65.0,4.0,3.0
2021-08-05 16:26:15,92.0,86.0,5.0,1.0
2021-08-05 16:26:16,74.0,66.0,4.0,4.0
2021-08-05 16:26:17,88.0,75.0,8.0,5.0
2021-08-05 16:26:18,84.0,74.0,6.0,4.0
2021-08-05 16:26:19,91.0,82.0,4.0,5.0
2021-08-05 16:26:20,87.0,72.0,8.0,7.0
2021-08-05 16:26:21,75.0,67.0,6.0,2.0
2021-08-05 16:26:22,98.0,86.0,9.0,3.0
2021-08-05 16:26:23,71.0,58.0,5.0,8.0
2021-08-05 16:26:24,83.0,76.0,4.0,3.0
2021-08-05 16:26:25,76.0,61.0,9.0,6.0
2021-08-05 16:26:26,70.0,62.0,7.0,1.0
2021-08-05 16:26:27,78.0,68.0,9.0,1.0
2021-08-05 16:26:28,63.0,51.0,9.0,3.0
2021-08-05 16:26:29,66.0,60.0,5.0,1.0
2021-08-05 16:26:30,75.0,63.0,8.0,4.0
2021-08-05 16:26:31,98.0,81.0,10.0,7.0
2021-08-05 16:26:32,84.0,75.0,5.0,4.0
2021-08-05 16:26:33,69.0,56.0,7.0,6.0
2021-08-05 16:26:34,71.0,63.0,5.0,3.0
2021-08-05 16:26:35,76.0,62.0,6.0,8.0
2021-08-05 16:26:36,99.0,91.0,3.0,5.0
2021-08-05 16:26:37,68.0,58.0,7.0,3.0
2021-08-05 16:26:38,96.0,80.0,10.0,6.0
2021-08-05 16:26:39,83.0,74.0,4.0,5.0
2021-08-05 16:26:40,76.0,68.0,5.0,3.0
2021-08-05 16:26:41,88.0,76.0,5.0,7.0
2021-08-05 16:26:42,93.0,82.0,9.0,2.0
2021-08-05 16:26:43,74.0,59.0,9.0,6.0
2021-08-05 16:26:44,85.0,73.0,8.0,4.0
2021-08-05 16:26:45,97.0,91.0,2.0,4.0
2021-08-05 16:26:46,94.0,84.0,4.0,6.0
2021-08-05 16:26:47,81.0,73.0,5.0,3.0
2021-08-05 16:26:48,67.0,63.0,3.0,1.0
2021-08-05 16:26:49,82.0,64.0,11.0,7.0
2021-08-05 16:26:50,83.0,71.0,9.0,3.0
2021-08-05 16:26:51,78.0,68.0,4.0,6.0
2021-08-05 16:26:52,87.0,75.0,10.0,2.0
2021-08-05 16:26:53,89.0,83.0,4.0,2.0
2021-08-05 16:26:54,69.0,64.0,3.0,2.0
2021-08-05 16:26:55,78.0,63.0,11.0,4.0
2021-08-05 16:26:56,84.0,72.0,4.0,8.0
2021-08-05 16:26:57,76.0,69.0,6.0,1.0
2021-08-05 16:26:58,84.0,73.0,7.0,4.0
2021-08-05 16:26:59,70.0,62.0,4.0,4.0
2021-08-05 16:27:00,75.0,68.0,4.0,3.0
2021-08-05 16:27:01,95.0,86.0,9.0,0.0
2021-08-05 16:27:02,83.0,75.0,4.0,4.0
2021-08-05 16:27:03,82.0,72.0,7.0,3.0
2021-08-05 16:27:04,76.0,67.0,7.0,2.0
2021-08-05 16:27:05,75.0,60.0,11.0,4.0
2021-08-05 16:27:06,86.0,74.0,8.0,4.0
2021-08-05 16:27:07,91.0,77.0,10.0,4.0
2021-08-05 16:27:08,85.0,80.0,2.0,3.0
2021-08-05 16:27:09,89.0,81.0,6.0,2.0
2021-08-05 16:27:10,74.0,66.0,3.0,5.0
2021-08-05 16:27:11,77.0,65.0,10.0,2.0
2021-08-05 16:27:12,71.0,64.0,6.0,1.0
2021-08-05 16:27:13,69.0,61.0,6.0,2.0
2021-08-05 16:27:14,88.0,74.0,9.0,5.0
2021-08-05 16:27:15,75.0,62.0,8.0,5.0
2021-08-05 16:27:16,85.0,75.0,7.0,3.0
2021-08-05 16:27:17,88.0,75.0,7.0,6.0
2021-08-05 16:27:18,83.0,70.0,8.0,5.0
2021-08-05 16:27:19,67.0,60.0,5.0,2.0
2021-08-05 16:27:20,83.0,61.0,15.0,7.0
2021-08-05 16:27:21,71.0,62.0,5.0,4.0
2021-08-05 16:27:22,100.0,87.0,8.0,5.0
2021-08-05 16:27:23,71.0,65.0,3.0,3.0
2021-08-05 16:27:24,85.0,73.0,9.0,3.0
2021-08-05 16:27:25,83.0,70.0,8.0,5.0
2021-08-05 16:27:26,82.0,67.0,7.0,8.0
2021-08-05 16:27:27,82.0,73.0,5.0,4.0
2021-08-05 16:27:28,86.0,81.0,3.0,2.0
2021-08-05 16:27:29,68.0,58.0,7.0,3.0
2021-08-05 16:27:30,71.0,61.0,7.0,3.0
2021-08-05 16:27:31,85.0,75.0,4.0,6.0
2021-08-05 16:27:32,62.0,56.0,4.0,2.0
2021-08-05 16:27:33,90.0,78.0,6.0,6.0
2021-08-05 16:27:34,72.0,62.0,6.0,4.0
2021-08-05 16:27:35,70.0,60.0,6.0,4.0
2021-08-05 16:27:36,65.0,58.0,2.0,5.0
2021-08-05 16:27:37,90.0,78.0,9.0,3.0
2021-08-05 16:27:38,78.0,60.0,12.0,6.0
2021-08-05 16:27:39,88.0,76.0,6.0,6.0
2021-08-05 16:27:40,75.0,67.0,6.0,2.0
2021-08-05 16:27:41,95.0,83.0,6.0,6.0
2021-08-05 16:27:42,72.0,62.0,3.0,7.0
2021-08-05 16:27:43,70.0,55.0,12.0,3.0
2021-08-05 16:27:44,90.0,78.0,7.0,5.0
2021-08-05 16:27:45,91.0,83.0,5.0,3.0
2021-08-05 16:27:46,82.0,70.0,6.0,6.0
2021-08-05 16:27:47,80.0,68.0,9.0,3.0
2021-08-05 16:27:48,73.0,56.0,11.0,6.0
2021-08-05 16:27:49,89.0,74.0,8.0,7.0
2021-08-05 16:27:50,74.0,59.0,9.0,6.0
2021-08-05 16:27:51,82.0,71.0,8.0,3.0
2021-08-05 16:27:52,79.0,64.0,7.0,8.0
2021-08-05 16:27:53,85.0,74.0,6.0,5.0
2021-08-05 16:27:54,77.0,64.0,9.0,4.0
2021-08-05 16:27:55,81.0,71.0,7.0,3.0
2021-08-05 16:27:56,99.0,87.0,6.0,6.0
2021-08-05 16:27:57,88.0,74.0,12.0,2.0
2021-08-05 16:27:58,69.0,60.0,4.0,5.0
2021-08-05 16:27:59,78.0,70.0,5.0,3.0
2021-08-05 16:28:00,74.0,65.0,6.0,3.0
2021-08-05 16:28:01,77.0,68.0,6.0,3.0
2021-08-05 16:28:02,91.0,84.0,3.0,4.0
2021-08-05 16:28:03,88.0,82.0,6.0,0.0
2021-08-05 16:28:04,92.0,80.0,11.0,1.0
2021-08-05 16:28:05,78.0,69.0,6.0,3.0
2021-08-05 16:28:06,86.0,75.0,8.0,3.0
2021-08-05 16:28:07,91.0,83.0,3.0,5.0
2021-08-05 16:28:08,69.0,63.0,3.0,3.0
2021-08-05 16:28:09,76.0,64.0,8.0,4.0
2021-08-05 16:28:10,59.0,55.0,1.0,3.0
2021-08-05 16:28:11,80.0,72.0,6.0,2.0
2021-08-05 16:28:12,96.0,86.0,5.0,5.0
2021-08-05 16:28:13,78.0,68.0,5.0,5.0
2021-08-05 16:28:14,79.0,69.0,4.0,6.0
2021-08-05 16:28:15,94.0,81.0,11.0,2.0
2021-08-05 16:28:16,69.0,63.0,4.0,2.0
2021-08-05 16:28:17,61.0,54.0,3.0,4.0
2021-08-05 16:28:18,85.0,76.0,7.0,2.0
2021-08-05 16:28:19,82.0,70.0,6.0,6.0
2021-08-05 16:28:20,60.0,49.0,7.0,4.0
2021-08-05 16:28:21,63.0,50.0,9.0,4.0
2021-08-05 16:28:22,80.0,74.0,2.0,4.0
2021-08-05 16:28:23,80.0,68.0,9.0,3.0
2021-08-05 16:28:24,75.0,72.0,1.0,2.0
2021-08-05 16:28:25,89.0,76.0,11.0,2.0
2021-08-05 16:28:26,82.0,70.0,8.0,4.0
2021-08-05 16:28:27,68.0,59.0,6.0,3.0
2021-08-05 16:28:28,73.0,61.0,5.0,7.0
2021-08-05 16:28:29,74.0,63.0,9.0,2.0
2021-08-05 16:28:30,79.0,68.0,8.0,3.0
2021-08-05 16:28:31,72.0,63.0,8.0,1.0
2021-08-05 16:28:32,78.0,71.0,4.0,3.0
2021-08-05 16:28:33,69.0,63.0,3.0,3.0
2021-08-05 16:28:34,83.0,72.0,4.0,7.0
2021-08-05 16:28:35,80.0,69.0,8.0,3.0
2021-08-05 16:28:36,82.0,70.0,8.0,4.0
2021-08-05 16:28:37,85.0,73.0,3.0,9.0
2021-08-05 16:28:38,74.0,62.0,9.0,3.0
2021-08-05 16:28:39,78.0,69.0,5.0,4.0
2021-08-05 16:28:40,72.0,63.0,6.0,3.0
2021-08-05 16:28:41,57.0,51.0,3.0,3.0
2021-08-05 16:28:42,89.0,73.0,10.0,6.0
2021-08-05 16:28:43,72.0,62.0,8.0,2.0
2021-08-05 16:28:44,85.0,72.0,9.0,4.0
2021-08-05 16:28:45,73.0,65.0,6.0,2.0
2021-08-05 16:28:46,89.0,73.0,11.0,5.0
2021-08-05 16:28:47,87.0,75.0,10.0,2.0
2021-08-05 16:28:48,76.0,70.0,2.0,4.0
2021-08-05 16:28:49,98.0,86.0,7.0,5.0
2021-08-05 16:28:50,82.0,72.0,6.0,4.0
2021-08-05 16:28:51,87.0,76.0,6.0,5.0
2021-08-05 16:28:52,76.0,68.0,5.0,3.0
2021-08-05 16:28:53,86.0,77.0,7.0,2.0
2021-08-05 16:28:54,72.0,66.0,4.0,2.0
2021-08-05 16:28:55,89.0,80.0,6.0,3.0
2021-08-05 16:28:56,100.0,84.0,8.0,8.0
2021-08-05 16:28:57,71.0,66.0,3.0,2.0
2021-08-05 16:28:58,73.0,67.0,4.0,2.0
2021-08-05 16:28:59,80.0,69.0,6.0,5.0
2021-08-05 16:29:00,86.0,79.0,5.0,2.0
2021-08-05 16:29:01,86.0,75.0,8.0,3.0
2021-08-05 16:29:02,84.0,74.0,7.0,3.0
2021-08-05 16:29:03,76.0,68.0,3.0,5.0
2021-08-05 16:29:04,78.0,67.0,5.0,6.0
2021-08-05 16:29:05,79.0,68.0,9.0,2.0
2021-08-05 16:29:06,94.0,85.0,4.0,5.0
2021-08-05 16:29:07,83.0,77.0,2.0,4.0
2021-08-05 16:29:08,78.0,68.0,5.0,5.0
2021-08-05 16:29:09,87.0,74.0,8.0,5.0
2021-08-05 16:29:10,95.0,83.0,5.0,7.0
2021-08-05 16:29:11,76.0,59.0,12.0,5.0
2021-08-05 16:29:12,84.0,78.0,4.0,2.0
2021-08-05 16:29:13,89.0,78.0,7.0,4.0
2021-08-05 16:29:14,79.0,67.0,6.0,6.0
2021-08-05 16:29:15,69.0,60.0,6.0,3.0
2021-08-05 16:29:16,78.0,68.0,6.0,4.0
2021-08-05 16:29:17,84.0,75.0,4.0,5.0
2021-08-05 16:29:18,97.0,86.0,6.0,5.0
2021-08-05 16:29:19,78.0,70.0,6.0,2.0
2021-08-05 16:29:20,78.0,68.0,5.0,5.0
2021-08-05 16:29:21,75.0,66.0,3.0,6.0
2021-08-05 16:29:22,77.0,64.0,6.0,7.0
2021-08-05 16:29:23,83.0,73.0,5.0,5.0
2021-08-05 16:29:24,86.0,76.0,7.0,3.0
2021-08-05 16:29:25,79.0,68.0,7.0,4.0
2021-08-05 16:29:26,74.0,62.0,6.0,6.0
2021-08-05 16:29:27,71.0,55.0,12.0,4.0
2021-08-05 16:29:28,85.0,70.0,13.0,2.0
2021-08-05 16:29:29,73.0,61.0,8.0,4.0
2021-08-05 16:29:30,72.0,61.0,8.0,3.0
2021-08-05 16:29:31,73.0,67.0,3.0,3.0
2021-08-05 16:29:32,76.0,65.0,4.0,7.0
2021-08-05 16:29:33,82.0,69.0,10.0,3.0
2021-08-05 16:29:34,90.0,81.0,4.0,5.0
2021-08-05 16:29:35,82.0,74.0,4.0,4.0
2021-08-05 16:29:36,65.0,59.0,1.0,5.0
2021-08-05 16:29:37,88.0,76.0,8.0,4.0
2021-08-05 16:29:38,77.0,70.0,4.0,3.0
2021-08-05 16:29:39,77.0,67.0,2.0,8.0
2021-08-05 16:29:40,100.0,88.0,7.0,5.0
2021-08-05 16:29:41,80.0,68.0,6.0,6.0
2021-08-05 16:29:42,78.0,62.0,9.0,7.0
2021-08-05 16:29:43,90.0,77.0,5.0,8.0
2021-08-05 16:29:44,71.0,61.0,8.0,2.0
2021-08-05 16:29:45,72.0,57.0,10.0,5.0
2021-08-05 16:29:46,69.0,56.0,7.0,6.0
2021-08-05 16:29:47,85.0,76.0,5.0,4.0
2021-08-05 16:29:48,76.0,63.0,9.0,4.0
2021-08-05 16:29:49,78.0,73.0,4.0,1.0
2021-08-05 16:29:50,81.0,69.0,10.0,2.0
2021-08-05 16:29:51,64.0,56.0,5.0,3.0
2021-08-05 16:29:52,87.0,80.0,5.0,2.0
2021-08-05 16:29:53,69.0,60.0,5.0,4.0
2021-08-05 16:29:54,81.0,70.0,8.0,3.0
2021-08-05 16:29:55,76.0,68.0,4.0,4.0
2021-08-05 16:29:56,81.0,66.0,9.0,6.0
2021-08-05 16:29:57,69.0,62.0,5.0,2.0
2021-08-05 16:29:58,76.0,70.0,3.0,3.0
2021-08-05 16:29:59,71.0,66.0,3.0,2.0
2021-08-05 16:30:00,92.0,81.0,5.0,6.0
2021-08-05 16:30:01,91.0,75.0,10.0,6.0
2021-08-05 16:30:02,85.0,76.0,4.0,5.0
2021-08-05 16:30:03,86.0,77.0,7.0,2.0
2021-08-05 16:30:04,90.0,77.0,7.0,6.0
2021-08-05 16:30:05,81.0,69.0,7.0,5.0
2021-08-05 16:30:06,75.0,66.0,9.0,0.0
2021-08-05 16:30:07,80.0,70.0,6.0,4.0
2021-08-05 16:30:08,75.0,65.0,4.0,6.0
2021-08-05 16:30:09,81.0,69.0,7.0,5.0
2021-08-05 16:30:10,94.0,81.0,4.0,9.0
2021-08-05 16:30:11,87.0,71.0,7.0,9.0
2021-08-05 16:30:12,63.0,60.0,2.0,1.0
2021-08-05 16:30:13,101.0,87.0,6.0,8.0
2021-08-05 16:30:14,72.0,61.0,6.0,5.0
2021-08-05 16:30:15,75.0,64.0,8.0,3.0
2021-08-05 16:30:16,84.0,72.0,5.0,7.0
2021-08-05 16:30:17,83.0,76.0,7.0,0.0
2021-08-05 16:30:18,80.0,68.0,6.0,6.0
2021-08-05 16:30:19,82.0,74.0,6.0,2.0
2021-08-05 16:30:20,80.0,71.0,5.0,4.0
2021-08-05 16:30:21,70.0,62.0,5.0,3.0
2021-08-05 16:30:22,67.0,59.0,3.0,5.0
2021-08-05 16:30:23,82.0,71.0,6.0,5.0
2021-08-05 16:30:24,81.0,73.0,4.0,4.0
2021-08-05 16:30:25,81.0,69.0,8.0,4.0
2021-08-05 16:30:26,82.0,69.0,5.0,8.0
2021-08-05 16:30:27,83.0,76.0,1.0,6.0
2021-08-05 16:30:28,86.0,74.0,7.0,5.0
2021-08-05 16:30:29,79.0,64.0,8.0,7.0
2021-08-05 16:30:30,71.0,61.0,5.0,5.0
2021-08-05 16:30:31,66.0,56.0,7.0,3.0
2021-08-05 16:30:32,87.0,78.0,5.0,4.0
2021-08-05 16:30:33,73.0,65.0,4.0,4.0
2021-08-05 16:30:34,82.0,69.0,8.0,5.0
2021-08-05 16:30:35,82.0,70.0,8.0,4.0
2021-08-05 16:30:36,81.0,70.0,7.0,4.0
2021-08-05 16:30:37,77.0,67.0,5.0,5.0
2021-08-05 16:30:38,74.0,64.0,9.0,1.0
2021-08-05 16:30:39,80.0,71.0,4.0,5.0
2021-08-05 16:30:40,81.0,71.0,3.0,7.0
2021-08-05 16:30:41,90.0,81.0,6.0,3.0
2021-08-05 16:30:42,80.0,71.0,6.0,3.0
2021-08-05 16:30:43,73.0,63.0,6.0,4.0
2021-08-05 16:30:44,86.0,74.0,9.0,3.0
2021-08-05 16:30:45,87.0,77.0,6.0,4.0
2021-08-05 16:30:46,110.0,94.0,11.0,5.0
2021-08-05 16:30:47,79.0,69.0,5.0,5.0
2021-08-05 16:30:48,73.0,64.0,5.0,4.0
2021-08-05 16:30:49,79.0,65.0,9.0,5.0
2021-08-05 16:30:50,88.0,74.0,10.0,4.0
2021-08-05 16:30:51,84.0,77.0,6.0,1.0
2021-08-05 16:30:52,80.0,70.0,4.0,6.0
2021-08-05 16:30:53,67.0,59.0,5.0,3.0
2021-08-05 16:30:54,85.0,73.0,10.0,2.0
2021-08-05 16:30:55,78.0,70.0,4.0,4.0
2021-08-05 16:30:56,84.0,80.0,1.0,3.0
2021-08-05 16:30:57,76.0,69.0,4.0,3.0
2021-08-05 16:30:58,82.0,76.0,6.0,0.0
2021-08-05 16:30:59,105.0,97.0,4.0,4.0
2021-08-05 16:31:00,71.0,60.0,7.0,4.0
2021-08-05 16:31:01,83.0,70.0,3.0,10.0
2021-08-05 16:31:02,91.0,81.0,6.0,4.0
2021-08-05 16:31:03,82.0,72.0,7.0,3.0
2021-08-05 16:31:04,74.0,67.0,5.0,2.0
2021-08-05 16:31:05,80.0,75.0,4.0,1.0
2021-08-05 16:31:06,76.0,70.0,4.0,2.0
2021-08-05 16:31:07,85.0,71.0,9.0,5.0
2021-08-05 16:31:08,70.0,61.0,5.0,4.0
2021-08-05 16:31:09,73.0,64.0,8.0,1.0
2021-08-05 16:31:10,87.0,74.0,10.0,3.0
2021-08-05 16:31:11,76.0,66.0,9.0,1.0
2021-08-05 16:31:12,81.0,68.0,12.0,1.0
2021-08-05 16:31:13,94.0,81.0,5.0,8.0
2021-08-05 16:31:14,76.0,66.0,8.0,2.0
2021-08-05 16:31:15,83.0,71.0,8.0,4.0
2021-08-05 16:31:16,78.0,72.0,4.0,2.0
2021-08-05 16:31:17,90.0,81.0,4.0,5.0
2021-08-05 16:31:18,80.0,70.0,7.0,3.0
2021-08-05 16:31:19,67.0,56.0,9.0,2.0
2021-08-05 16:31:20,81.0,65.0,9.0,7.0
2021-08-05 16:31:21,77.0,67.0,7.0,3.0
2021-08-05 16:31:22,86.0,75.0,7.0,4.0
2021-08-05 16:31:23,74.0,62.0,6.0,6.0
2021-08-05 16:31:24,76.0,63.0,10.0,3.0
2021-08-05 16:31:25,76.0,69.0,4.0,3.0
2021-08-05 16:31:26,98.0,84.0,7.0,7.0
2021-08-05 16:31:27,84.0,72.0,9.0,3.0
2021-08-05 16:31:28,77.0,60.0,12.0,5.0
2021-08-05 16:31:29,75.0,67.0,5.0,3.0
2021-08-05 16:31:30,76.0,65.0,10.0,1.0
2021-08-05 16:31:31,81.0,72.0,7.0,2.0
2021-08-05 16:31:32,85.0,71.0,7.0,7.0
2021-08-05 16:31:33,73.0,60.0,5.0,8.0
2021-08-05 16:31:34,82.0,72.0,5.0,5.0
2021-08-05 16:31:35,78.0,72.0,4.0,2.0
2021-08-05 16:31:36,58.0,51.0,6.0,1.0
2021-08-05 16:31:37,76.0,62.0,8.0,6.0
2021-08-05 16:31:38,96.0,87.0,5.0,4.0
2021-08-05 16:31:39,71.0,62.0,1.0,8.0
2021-08-05 16:31:40,92.0,77.0,9.0,6.0
2021-08-05 16:31:41,91.0,75.0,7.0,9.0
2021-08-05 16:31:42,91.0,77.0,8.0,6.0
2021-08-05 16:31:43,87.0,78.0,8.0,1.0
2021-08-05 16:31:44,76.0,70.0,4.0,2.0
2021-08-05 16:31:45,91.0,80.0,4.0,7.0
2021-08-05 16:31:46,78.0,70.0,5.0,3.0
2021-08-05 16:31:47,79.0,68.0,6.0,5.0
2021-08-05 16:31:48,80.0,73.0,4.0,3.0
2021-08-05 16:31:49,83.0,73.0,4.0,6.0
2021-08-05 16:31:50,71.0,57.0,9.0,5.0
2021-08-05 16:31:51,61.0,52.0,4.0,5.0
2021-08-05 16:31:52,111.0,97.0,9.0,5.0
2021-08-05 16:31:53,68.0,57.0,6.0,5.0
2021-08-05 16:31:54,92.0,79.0,9.0,4.0
2021-08-05 16:31:55,73.0,59.0,10.0,4.0
2021-08-05 16:31:56,77.0,69.0,4.0,4.0
2021-08-05 16:31:57,75.0,64.0,8.0,3.0
2021-08-05 16:31:58,70.0,58.0,6.0,6.0
2021-08-05 16:31:59,82.0,71.0,3.0,8.0
2021-08-05 16:32:00,91.0,79.0,9.0,3.0
2021-08-05 16:32:01,65.0,59.0,4.0,2.0
2021-08-05 16:32:02,73.0,61.0,3.0,9.0
2021-08-05 16:32:03,77.0,68.0,5.0,4.0
2021-08-05 16:32:04,96.0,83.0,8.0,5.0
2021-08-05 16:32:05,73.0,59.0,10.0,4.0
2021-08-05 16:32:06,97.0,91.0,4.0,2.0
2021-08-05 16:32:07,71.0,60.0,6.0,5.0
2021-08-05 16:32:08,109.0,87.0,7.0,15.0
2021-08-05 16:32:09,82.0,72.0,6.0,4.0
2021-08-05 16:32:10,81.0,68.0,7.0,6.0
2021-08-05 16:32:11,80.0,70.0,6.0,4.0
2021-08-05 16:32:12,84.0,75.0,6.0,3.0
2021-08-05 16:32:13,65.0,52.0,12.0,1.0
2021-08-05 16:32:14,84.0,71.0,6.0,7.0
2021-08-05 16:32:15,81.0,71.0,7.0,3.0
2021-08-05 16:32:16,80.0,71.0,6.0,3.0
2021-08-05 16:32:17,59.0,49.0,5.0,5.0
2021-08-05 16:32:18,74.0,68.0,4.0,2.0
2021-08-05 16:32:19,85.0,76.0,5.0,4.0
2021-08-05 16:32:20,90.0,74.0,13.0,3.0
2021-08-05 16:32:21,63.0,54.0,5.0,4.0
2021-08-05 16:32:22,75.0,64.0,6.0,5.0
2021-08-05 16:32:23,83.0,71.0,9.0,3.0
2021-08-05 16:32:24,64.0,55.0,5.0,4.0
2021-08-05 16:32:25,70.0,59.0,6.0,5.0
2021-08-05 16:32:26,96.0,85.0,7.0,4.0
2021-08-05 16:32:27,78.0,77.0,1.0,0.0
2021-08-05 16:32:28,78.0,68.0,5.0,5.0
2021-08-05 16:32:29,86.0,73.0,3.0,10.0
2021-08-05 16:32:30,94.0,80.0,12.0,2.0
2021-08-05 16:32:31,85.0,72.0,6.0,7.0
2021-08-05 16:32:32,80.0,65.0,11.0,4.0
2021-08-05 16:32:33,77.0,65.0,8.0,4.0
2021-08-05 16:32:34,79.0,70.0,4.0,5.0
2021-08-05 16:32:35,89.0,81.0,4.0,4.0
2021-08-05 16:32:36,79.0,73.0,5.0,1.0
2021-08-05 16:32:37,84.0,77.0,4.0,3.0
2021-08-05 16:32:38,75.0,66.0,6.0,3.0
2021-08-05 16:32:39,79.0,63.0,9.0,7.0
2021-08-05 16:32:40,74.0,68.0,3.0,3.0
2021-08-05 16:32:41,86.0,76.0,8.0,2.0
2021-08-05 16:32:42,88.0,79.0,7.0,2.0
2021-08-05 16:32:43,76.0,67.0,4.0,5.0
2021-08-05 16:32:44,74.0,62.0,5.0,7.0
2021-08-05 16:32:45,74.0,66.0,6.0,2.0
2021-08-05 16:32:46,71.0,61.0,7.0,3.0
2021-08-05 16:32:47,66.0,53.0,6.0,7.0
2021-08-05 16:32:48,72.0,64.0,5.0,3.0
2021-08-05 16:32:49,78.0,72.0,3.0,3.0
2021-08-05 16:32:50,84.0,71.0,6.0,7.0
2021-08-05 16:32:51,78.0,64.0,9.0,5.0
2021-08-05 16:32:52,77.0,70.0,3.0,4.0
2021-08-05 16:32:53,75.0,66.0,7.0,2.0
2021-08-05 16:32:54,66.0,55.0,7.0,4.0
2021-08-05 16:32:55,84.0,73.0,6.0,5.0
2021-08-05 16:32:56,67.0,55.0,6.0,6.0
2021-08-05 16:32:57,74.0,65.0,5.0,4.0
2021-08-05 16:32:58,93.0,77.0,8.0,8.0
2021-08-05 16:32:59,67.0,62.0,4.0,1.0
2021-08-05 16:33:00,89.0,80.0,6.0,3.0
2021-08-05 16:33:01,63.0,57.0,1.0,5.0
2021-08-05 16:33:02,76.0,70.0,4.0,2.0
2021-08-05 16:33:03,88.0,78.0,7.0,3.0
2021-08-05 16:33:04,82.0,69.0,9.0,4.0
2021-08-05 16:33:05,57.0,48.0,4.0,5.0
2021-08-05 16:33:06,101.0,87.0,9.0,5.0
2021-08-05 16:33:07,81.0,67.0,5.0,9.0
2021-08-05 16:33:08,88.0,73.0,8.0,7.0
2021-08-05 16:33:09,76.0,69.0,3.0,4.0
2021-08-05 16:33:10,88.0,74.0,8.0,6.0
2021-08-05 16:33:11,85.0,76.0,5.0,4.0
2021-08-05 16:33:12,68.0,59.0,7.0,2.0
2021-08-05 16:33:13,79.0,72.0,5.0,2.0
2021-08-05 16:33:14,95.0,79.0,12.0,4.0
2021-08-05 16:33:15,80.0,72.0,5.0,3.0
2021-08-05 16:33:16,81.0,75.0,2.0,4.0
2021-08-05 16:33:17,74.0,64.0,7.0,3.0
2021-08-05 16:33:18,88.0,76.0,9.0,3.0
2021-08-05 16:33:19,87.0,74.0,6.0,7.0
2021-08-05 16:33:20,89.0,81.0,4.0,4.0
2021-08-05 16:33:21,76.0,67.0,5.0,4.0
2021-08-05 16:33:22,88.0,81.0,5.0,2.0
2021-08-05 16:33:23,75.0,63.0,8.0,4.0
2021-08-05 16:33:24,85.0,74.0,7.0,4.0
2021-08-05 16:33:25,87.0,75.0,7.0,5.0
2021-08-05 16:33:26,80.0,71.0,4.0,5.0
2021-08-05 16:33:27,89.0,79.0,8.0,2.0
2021-08-05 16:33:28,86.0,74.0,6.0,6.0
2021-08-05 16:33:29,92.0,79.0,11.0,2.0
2021-08-05 16:33:30,77.0,63.0,6.0,8.0
2021-08-05 16:33:31,94.0,84.0,2.0,8.0
2021-08-05 16:33:32,92.0,84.0,3.0,5.0
2021-08-05 16:33:33,83.0,76.0,3.0,4.0
2021-08-05 16:33:34,59.0,53.0,5.0,1.0
2021-08-05 16:33:35,85.0,80.0,2.0,3.0
2021-08-05 16:33:36,65.0,56.0,5.0,4.0
2021-08-05 16:33:37,74.0,65.0,3.0,6.0
2021-08-05 16:33:38,72.0,63.0,5.0,4.0
2021-08-05 16:33:39,83.0,66.0,10.0,7.0
2021-08-05 16:33:40,70.0,58.0,9.0,3.0
2021-08-05 16:33:41,70.0,60.0,6.0,4.0
2021-08-05 16:33:42,74.0,62.0,7.0,5.0
2021-08-05 16:33:43,87.0,75.0,6.0,6.0
2021-08-05 16:33:44,69.0,62.0,5.0,2.0
2021-08-05 16:33:45,67.0,59.0,4.0,4.0
2021-08-05 16:33:46,106.0,92.0,8.0,6.0
2021-08-05 16:33:47,73.0,61.0,7.0,5.0
2021-08-05 16:33:48,89.0,70.0,12.0,7.0
2021-08-05 16:33:49,95.0,82.0,8.0,5.0
2021-08-05 16:33:50,91.0,82.0,6.0,3.0
2021-08-05 16:33:51,78.0,68.0,4.0,6.0
2021-08-05 16:33:52,89.0,76.0,7.0,6.0
2021-08-05 16:33:53,60.0,51.0,5.0,4.0
2021-08-05 16:33:54,86.0,81.0,3.0,2.0
2021-08-05 16:33:55,86.0,78.0,5.0,3.0
2021-08-05 16:33:56,75.0,67.0,3.0,5.0
2021-08-05 16:33:57,75.0,62.0,11.0,2.0
2021-08-05 16:33:58,80.0,70.0,6.0,4.0
2021-08-05 16:33:59,77.0,65.0,10.0,2.0
2021-08-05 16:34:00,91.0,87.0,1.0,3.0
2021-08-05 16:34:01,74.0,67.0,5.0,2.0
2021-08-05 16:34:02,72.0,59.0,8.0,5.0
2021-08-05 16:34:03,75.0,68.0,3.0,4.0
2021-08-05 16:34:04,79.0,67.0,6.0,6.0
2021-08-05 16:34:05,62.0,52.0,4.0,6.0
2021-08-05 16:34:06,87.0,71.0,13.0,3.0
2021-08-05 16:34:07,63.0,56.0,4.0,3.0
2021-08-05 16:34:08,67.0,63.0,2.0,2.0
2021-08-05 16:34:09,96.0,80.0,11.0,5.0
2021-08-05 16:34:10,92.0,80.0,6.0,6.0
2021-08-05 16:34:11,82.0,72.0,6.0,4.0
2021-08-05 16:34:12,70.0,65.0,3.0,2.0
2021-08-05 16:34:13,77.0,63.0,7.0,7.0
2021-08-05 16:34:14,84.0,73.0,6.0,5.0
2021-08-05 16:34:15,79.0,64.0,10.0,5.0
2021-08-05 16:34:16,91.0,80.0,3.0,8.0
2021-08-05 16:34:17,69.0,61.0,5.0,3.0
2021-08-05 16:34:18,67.0,60.0,5.0,2.0
2021-08-05 16:34:19,78.0,65.0,7.0,6.0
2021-08-05 16:34:20,81.0,72.0,6.0,3.0
2021-08-05 16:34:21,71.0,62.0,5.0,4.0
2021-08-05 16:34:22,71.0,66.0,2.0,3.0
2021-08-05 16:34:23,75.0,68.0,7.0,0.0
2021-08-05 16:34:24,75.0,63.0,7.0,5.0
2021-08-05 16:34:25,101.0,91.0,7.0,3.0
2021-08-05 16:34:26,82.0,68.0,12.0,2.0
2021-08-05 16:34:27,68.0,63.0,4.0,1.0
2021-08-05 16:34:28,85.0,73.0,6.0,6.0
2021-08-05 16:34:29,81.0,73.0,3.0,5.0
2021-08-05 16:34:30,88.0,80.0,7.0,1.0
2021-08-05 16:34:31,99.0,91.0,5.0,3.0
2021-08-05 16:34:32,89.0,73.0,8.0,8.0
2021-08-05 16:34:33,83.0,72.0,5.0,6.0
2021-08-05 16:34:34,74.0,65.0,5.0,4.0
2021-08-05 16:34:35,78.0,66.0,8.0,4.0
2021-08-05 16:34:36,85.0,70.0,7.0,8.0
2021-08-05 16:34:37,85.0,75.0,7.0,3.0
2021-08-05 16:34:38,77.0,69.0,7.0,1.0
2021-08-05 16:34:39,90.0,80.0,5.0,5.0
2021-08-05 16:34:40,79.0,72.0,5.0,2.0
2021-08-05 16:34:41,83.0,77.0,3.0,3.0
2021-08-05 16:34:42,92.0,82.0,5.0,5.0
2021-08-05 16:34:43,100.0,87.0,9.0,4.0
2021-08-05 16:34:44,82.0,69.0,10.0,3.0
2021-08-05 16:34:45,78.0,67.0,5.0,6.0
2021-08-05 16:34:46,91.0,79.0,4.0,8.0
2021-08-05 16:34:47,79.0,67.0,4.0,8.0
2021-08-05 16:34:48,85.0,74.0,6.0,5.0
2021-08-05 16:34:49,66.0,57.0,6.0,3.0
2021-08-05 16:34:50,89.0,76.0,7.0,6.0
2021-08-05 16:34:51,78.0,67.0,8.0,3.0
2021-08-05 16:34:52,96.0,88.0,4.0,4.0
2021-08-05 16:34:53,51.0,47.0,3.0,1.0
2021-08-05 16:34:54,76.0,68.0,5.0,3.0
2021-08-05 16:34:55,68.0,58.0,7.0,3.0
2021-08-05 16:34:56,80.0,72.0,7.0,1.0
2021-08-05 16:34:57,73.0,64.0,6.0,3.0
2021-08-05 16:34:58,81.0,74.0,3.0,4.0
2021-08-05 16:34:59,85.0,75.0,8.0,2.0
2021-08-05 16:35:00,88.0,80.0,2.0,6.0
2021-08-05 16:35:01,58.0,52.0,3.0,3.0
2021-08-05 16:35:02,86.0,69.0,11.0,6.0
2021-08-05 16:35:03,84.0,73.0,5.0,6.0
2021-08-05 16:35:04,79.0,69.0,6.0,4.0
2021-08-05 16:35:05,72.0,60.0,7.0,5.0
2021-08-05 16:35:06,84.0,75.0,8.0,1.0
2021-08-05 16:35:07,83.0,69.0,7.0,7.0
2021-08-05 16:35:08,75.0,63.0,8.0,4.0
2021-08-05 16:35:09,78.0,69.0,5.0,4.0
2021-08-05 16:35:10,74.0,61.0,11.0,2.0
2021-08-05 16:35:11,77.0,66.0,5.0,6.0
2021-08-05 16:35:12,71.0,60.0,5.0,6.0
2021-08-05 16:35:13,94.0,82.0,9.0,3.0
2021-08-05 16:35:14,90.0,80.0,4.0,6.0
2021-08-05 16:35:15,68.0,59.0,5.0,4.0
2021-08-05 16:35:16,81.0,71.0,6.0,4.0
2021-08-05 16:35:17,92.0,82.0,6.0,4.0
2021-08-05 16:35:18,84.0,76.0,2.0,6.0
2021-08-05 16:35:19,94.0,81.0,6.0,7.0
2021-08-05 16:35:20,80.0,70.0,6.0,4.0
2021-08-05 16:35:21,76.0,64.0,5.0,7.0
2021-08-05 16:35:22,74.0,60.0,8.0,6.0
2021-08-05 16:35:23,87.0,79.0,4.0,4.0
2021-08-05 16:35:24,85.0,74.0,8.0,3.0
2021-08-05 16:35:25,84.0,76.0,2.0,6.0
2021-08-05 16:35:26,78.0,63.0,11.0,4.0
2021-08-05 16:35:27,64.0,54.0,10.0,0.0
2021-08-05 16:35:28,90.0,76.0,11.0,3.0
2021-08-05 16:35:29,90.0,78.0,5.0,7.0
2021-08-05 16:35:30,82.0,75.0,4.0,3.0
2021-08-05 16:35:31,72.0,58.0,10.0,4.0
2021-08-05 16:35:32,89.0,72.0,12.0,5.0
2021-08-05 16:35:33,70.0,61.0,6.0,3.0
2021-08-05 16:35:34,78.0,66.0,7.0,5.0
2021-08-05 16:35:35,76.0,66.0,6.0,4.0
2021-08-05 16:35:36,67.0,60.0,5.0,2.0
2021-08-05 16:35:37,73.0,62.0,6.0,5.0
2021-08-05 16:35:38,81.0,77.0,2.0,2.0
2021-08-05 16:35:39,87.0,78.0,4.0,5.0
2021-08-05 16:35:40,80.0,70.0,6.0,4.0
2021-08-05 16:35:41,79.0,64.0,8.0,7.0
2021-08-05 16:35:42,78.0,67.0,6.0,5.0
2021-08-05 16:35:43,76.0,63.0,7.0,6.0
2021-08-05 16:35:44,78.0,69.0,6.0,3.0
2021-08-05 16:35:45,84.0,70.0,8.0,6.0
2021-08-05 16:35:46,92.0,79.0,6.0,7.0
2021-08-05 16:35:47,94.0,72.0,15.0,7.0
2021-08-05 16:35:48,77.0,69.0,4.0,4.0
2021-08-05 16:35:49,94.0,86.0,6.0,2.0
2021-08-05 16:35:50,90.0,82.0,4.0,4.0
2021-08-05 16:35:51,85.0,74.0,8.0,3.0
2021-08-05 16:35:52,77.0,71.0,2.0,4.0
2021-08-05 16:35:53,87.0,75.0,7.0,5.0
2021-08-05 16:35:54,88.0,76.0,7.0,5.0
2021-08-05 16:35:55,69.0,61.0,4.0,4.0
2021-08-05 16:35:56,89.0,78.0,6.0,5.0
2021-08-05 16:35:57,72.0,67.0,3.0,2.0
2021-08-05 16:35:58,71.0,62.0,5.0,4.0
2021-08-05 16:35:59,63.0,56.0,2.0,5.0
2021-08-05 16:36:00,79.0,70.0,5.0,4.0
2021-08-05 16:36:01,82.0,68.0,9.0,5.0
2021-08-05 16:36:02,90.0,81.0,6.0,3.0
2021-08-05 16:36:03,79.0,67.0,5.0,7.0
2021-08-05 16:36:04,85.0,70.0,9.0,6.0
2021-08-05 16:36:05,64.0,55.0,5.0,4.0
2021-08-05 16:36:06,85.0,79.0,5.0,1.0
2021-08-05 16:36:07,80.0,73.0,5.0,2.0
2021-08-05 16:36:08,73.0,71.0,1.0,1.0
2021-08-05 16:36:09,77.0,69.0,4.0,4.0
2021-08-05 16:36:10,82.0,73.0,8.0,1.0
2021-08-05 16:36:11,71.0,63.0,5.0,3.0
2021-08-05 16:36:12,61.0,51.0,7.0,3.0
2021-08-05 16:36:13,70.0,63.0,5.0,2.0
2021-08-05 16:36:14,79.0,66.0,6.0,7.0
2021-08-05 16:36:15,86.0,77.0,4.0,5.0
2021-08-05 16:36:16,87.0,75.0,7.0,5.0
2021-08-05 16:36:17,68.0,59.0,4.0,5.0
2021-08-05 16:36:18,71.0,67.0,3.0,1.0
2021-08-05 16:36:19,84.0,65.0,10.0,9.0
2021-08-05 16:36:20,101.0,87.0,6.0,8.0
2021-08-05 16:36:21,67.0,58.0,7.0,2.0
2021-08-05 16:36:22,80.0,72.0,4.0,4.0
2021-08-05 16:36:23,68.0,59.0,6.0,3.0
2021-08-05 16:36:24,73.0,61.0,8.0,4.0
2021-08-05 16:36:25,86.0,73.0,9.0,4.0
2021-08-05 16:36:26,87.0,75.0,7.0,5.0
2021-08-05 16:36:27,78.0,66.0,7.0,5.0
2021-08-05 16:36:28,66.0,62.0,1.0,3.0
2021-08-05 16:36:29,90.0,79.0,6.0,5.0
2021-08-05 16:36:30,82.0,71.0,8.0,3.0
2021-08-05 16:36:31,84.0,70.0,6.0,8.0
2021-08-05 16:36:32,69.0,57.0,4.0,8.0
2021-08-05 16:36:33,75.0,68.0,4.0,3.0
2021-08-05 16:36:34,87.0,78.0,4.0,5.0
2021-08-05 16:36:35,79.0,73.0,3.0,3.0
2021-08-05 16:36:36,82.0,71.0,8.0,3.0
2021-08-05 16:36:37,66.0,55.0,9.0,2.0
2021-08-05 16:36:38,71.0,60.0,4.0,7.0
2021-08-05 16:36:39,87.0,77.0,8.0,2.0
2021-08-05 16:36:40,75.0,63.0,8.0,4.0
2021-08-05 16:36:41,93.0,87.0,4.0,2.0
2021-08-05 16:36:42,79.0,70.0,6.0,3.0
2021-08-05 16:36:43,91.0,76.0,5.0,10.0
2021-08-05 16:36:44,80.0,67.0,7.0,6.0
2021-08-05 16:36:45,72.0,65.0,5.0,2.0
2021-08-05 16:36:46,95.0,84.0,6.0,5.0
2021-08-05 16:36:47,67.0,50.0,11.0,6.0
2021-08-05 16:36:48,72.0,56.0,8.0,8.0
2021-08-05 16:36:49,72.0,61.0,5.0,6.0
2021-08-05 16:36:50,99.0,82.0,10.0,7.0
2021-08-05 16:36:51,94.0,89.0,3.0,2.0
2021-08-05 16:36:52,82.0,72.0,6.0,4.0
2021-08-05 16:36:53,77.0,67.0,6.0,4.0
2021-08-05 16:36:54,81.0,72.0,3.0,6.0
2021-08-05 16:36:55,80.0,72.0,6.0,2.0
2021-08-05 16:36:56,101.0,88.0,7.0,6.0
2021-08-05 16:36:57,81.0,69.0,9.0,3.0
2021-08-05 16:36:58,82.0,73.0,5.0,4.0
2021-08-05 16:36:59,88.0,79.0,3.0,6.0
2021-08-05 16:37:00,84.0,69.0,10.0,5.0
2021-08-05 16:37:01,79.0,64.0,10.0,5.0
2021-08-05 16:37:02,78.0,61.0,10.0,7.0
2021-08-05 16:37:03,83.0,75.0,3.0,5.0
2021-08-05 16:37:04,79.0,69.0,5.0,5.0
2021-08-05 16:37:05,80.0,66.0,6.0,8.0
2021-08-05 16:37:06,76.0,65.0,7.0,4.0
2021-08-05 16:37:07,87.0,80.0,2.0,5.0
2021-08-05 16:37:08,69.0,59.0,9.0,1.0
2021-08-05 16:37:09,69.0,61.0,7.0,1.0
2021-08-05 16:37:10,89.0,77.0,7.0,5.0
2021-08-05 16:37:11,70.0,55.0,8.0,7.0
2021-08-05 16:37:12,73.0,62.0,7.0,4.0
2021-08-05 16:37:13,82.0,72.0,2.0,8.0
2021-08-05 16:37:14,70.0,61.0,4.0,5.0
2021-08-05 16:37:15,75.0,63.0,6.0,6.0
2021-08-05 16:37:16,83.0,71.0,8.0,4.0
2021-08-05 16:37:17,72.0,62.0,8.0,2.0
2021-08-05 16:37:18,93.0,79.0,7.0,7.0
2021-08-05 16:37:19,64.0,55.0,7.0,2.0
2021-08-05 16:37:20,92.0,84.0,6.0,2.0
2021-08-05 16:37:21,81.0,70.0,5.0,6.0
2021-08-05 16:37:22,79.0,74.0,4.0,1.0
2021-08-05 16:37:23,85.0,74.0,4.0,7.0
2021-08-05 16:37:24,79.0,65.0,7.0,7.0
2021-08-05 16:37:25,96.0,76.0,11.0,9.0
2021-08-05 16:37:26,98.0,80.0,13.0,5.0
2021-08-05 16:37:27,92.0,78.0,5.0,9.0
2021-08-05 16:37:28,72.0,64.0,6.0,2.0
2021-08-05 16:37:29,74.0,60.0,6.0,8.0
2021-08-05 16:37:30,77.0,62.0,6.0,9.0
2021-08-05 16:37:31,96.0,81.0,9.0,6.0
2021-08-05 16:37:32,77.0,71.0,5.0,1.0
2021-08-05 16:37:33,86.0,78.0,6.0,2.0
2021-08-05 16:37:34,65.0,55.0,8.0,2.0
2021-08-05 16:37:35,93.0,80.0,9.0,4.0
2021-08-05 16:37:36,84.0,71.0,6.0,7.0
2021-08-05 16:37:37,84.0,70.0,5.0,9.0
2021-08-05 16:37:38,64.0,57.0,2.0,5.0
2021-08-05 16:37:39,77.0,57.0,9.0,11.0
2021-08-05 16:37:40,74.0,64.0,7.0,3.0
2021-08-05 16:37:41,100.0,88.0,6.0,6.0
2021-08-05 16:37:42,83.0,71.0,9.0,3.0
2021-08-05 16:37:43,80.0,70.0,8.0,2.0
2021-08-05 16:37:44,88.0,77.0,6.0,5.0
2021-08-05 16:37:45,76.0,64.0,6.0,6.0
2021-08-05 16:37:46,71.0,63.0,4.0,4.0
2021-08-05 16:37:47,81.0,71.0,5.0,5.0
2021-08-05 16:37:48,82.0,75.0,5.0,2.0
2021-08-05 16:37:49,76.0,67.0,5.0,4.0
2021-08-05 16:37:50,87.0,77.0,7.0,3.0
2021-08-05 16:37:51,76.0,65.0,7.0,4.0
2021-08-05 16:37:52,86.0,72.0,9.0,5.0
2021-08-05 16:37:53,75.0,67.0,7.0,1.0
2021-08-05 16:37:54,57.0,49.0,6.0,2.0
2021-08-05 16:37:55,87.0,75.0,8.0,4.0
2021-08-05 16:37:56,82.0,66.0,14.0,2.0
2021-08-05 16:37:57,90.0,77.0,6.0,7.0
2021-08-05 16:37:58,103.0,94.0,6.0,3.0
2021-08-05 16:37:59,78.0,67.0,7.0,4.0
2021-08-05 16:38:00,81.0,69.0,3.0,9.0
2021-08-05 16:38:01,75.0,64.0,4.0,7.0
2021-08-05 16:38:02,82.0,69.0,6.0,7.0
2021-08-05 16:38:03,78.0,67.0,9.0,2.0
2021-08-05 16:38:04,66.0,60.0,6.0,0.0
2021-08-05 16:38:05,85.0,75.0,8.0,2.0
2021-08-05 16:38:06,86.0,76.0,5.0,5.0
2021-08-05 16:38:07,82.0,69.0,7.0,6.0
2021-08-05 16:38:08,87.0,73.0,7.0,7.0
2021-08-05 16:38:09,62.0,54.0,3.0,5.0
2021-08-05 16:38:10,61.0,55.0,3.0,3.0
2021-08-05 16:38:11,78.0,71.0,4.0,3.0
2021-08-05 16:38:12,83.0,74.0,8.0,1.0
2021-08-05 16:38:13,88.0,73.0,10.0,5.0
2021-08-05 16:38:14,79.0,69.0,7.0,3.0
2021-08-05 16:38:15,95.0,83.0,5.0,7.0
2021-08-05 16:38:16,75.0,66.0,5.0,4.0
2021-08-05 16:38:17,73.0,66.0,4.0,3.0
2021-08-05 16:38:18,74.0,63.0,8.0,3.0
2021-08-05 16:38:19,87.0,79.0,4.0,4.0
2021-08-05 16:38:20,77.0,59.0,10.0,8.0
2021-08-05 16:38:21,69.0,55.0,11.0,3.0
2021-08-05 16:38:22,71.0,63.0,5.0,3.0
2021-08-05 16:38:23,99.0,87.0,8.0,4.0
2021-08-05 16:38:24,69.0,61.0,5.0,3.0
2021-08-05 16:38:25,85.0,72.0,5.0,8.0
2021-08-05 16:38:26,73.0,64.0,5.0,4.0
2021-08-05 16:38:27,66.0,60.0,3.0,3.0
2021-08-05 16:38:28,73.0,65.0,6.0,2.0
2021-08-05 16:38:29,78.0,64.0,10.0,4.0
2021-08-05 16:38:30,77.0,67.0,5.0,5.0
2021-08-05 16:38:31,74.0,63.0,7.0,4.0
2021-08-05 16:38:32,72.0,58.0,7.0,7.0
2021-08-05 16:38:33,103.0,85.0,15.0,3.0
2021-08-05 16:38:34,69.0,58.0,7.0,4.0
2021-08-05 16:38:35,80.0,67.0,7.0,6.0
2021-08-05 16:38:36,79.0,69.0,6.0,4.0
2021-08-05 16:38:37,86.0,70.0,10.0,6.0
2021-08-05 16:38:38,56.0,51.0,4.0,1.0
2021-08-05 16:38:39,70.0,65.0,3.0,2.0
2021-08-05 16:38:40,88.0,76.0,7.0,5.0
2021-08-05 16:38:41,88.0,76.0,9.0,3.0
2021-08-05 16:38:42,95.0,83.0,6.0,6.0
2021-08-05 16:38:43,68.0,55.0,10.0,3.0
2021-08-05 16:38:44,97.0,87.0,8.0,2.0
2021-08-05 16:38:45,81.0,71.0,3.0,7.0
2021-08-05 16:38:46,68.0,57.0,9.0,2.0
2021-08-05 16:38:47,79.0,70.0,7.0,2.0
2021-08-05 16:38:48,98.0,84.0,10.0,4.0
2021-08-05 16:38:49,76.0,68.0,4.0,4.0
2021-08-05 16:38:50,94.0,83.0,8.0,3.0
2021-08-05 16:38:51,90.0,78.0,7.0,5.0
2021-08-05 16:38:52,90.0,75.0,12.0,3.0
2021-08-05 16:38:53,77.0,63.0,8.0,6.0
2021-08-05 16:38:54,81.0,71.0,6.0,4.0
2021-08-05 16:38:55,81.0,70.0,6.0,5.0
2021-08-05 16:38:56,76.0,61.0,7.0,8.0
2021-08-05 16:38:57,84.0,75.0,2.0,7.0
2021-08-05 16:38:58,69.0,57.0,9.0,3.0
2021-08-05 16:38:59,74.0,70.0,1.0,3.0
2021-08-05 16:39:00,85.0,69.0,6.0,10.0
2021-08-05 16:39:01,77.0,63.0,9.0,5.0
2021-08-05 16:39:02,79.0,67.0,10.0,2.0
2021-08-05 16:39:03,68.0,56.0,7.0,5.0
2021-08-05 16:39:04,79.0,72.0,4.0,3.0
2021-08-05 16:39:05,90.0,76.0,8.0,6.0
2021-08-05 16:39:06,73.0,62.0,6.0,5.0
2021-08-05 16:39:07,70.0,61.0,7.0,2.0
2021-08-05 16:39:08,84.0,77.0,1.0,6.0
2021-08-05 16:39:09,76.0,71.0,2.0,3.0
2021-08-05 16:39:10,73.0,57.0,9.0,7.0
2021-08-05 16:39:11,76.0,70.0,4.0,2.0
2021-08-05 16:39:12,88.0,72.0,8.0,8.0
2021-08-05 16:39:13,107.0,94.0,7.0,6.0
2021-08-05 16:39:14,71.0,63.0,5.0,3.0
2021-08-05 16:39:15,82.0,69.0,6.0,7.0
2021-08-05 16:39:16,61.0,53.0,4.0,4.0
2021-08-05 16:39:17,63.0,59.0,3.0,1.0
2021-08-05 16:39:18,79.0,71.0,4.0,4.0
2021-08-05 16:39:19,83.0,70.0,10.0,3.0
2021-08-05 16:39:20,76.0,67.0,4.0,5.0
2021-08-05 16:39:21,88.0,72.0,9.0,7.0
2021-08-05 16:39:22,84.0,73.0,5.0,6.0
2021-08-05 16:39:23,74.0,63.0,4.0,7.0
2021-08-05 16:39:24,96.0,82.0,10.0,4.0
2021-08-05 16:39:25,77.0,62.0,9.0,6.0
2021-08-05 16:39:26,81.0,70.0,6.0,5.0
2021-08-05 16:39:27,90.0,76.0,10.0,4.0
2021-08-05 16:39:28,74.0,67.0,6.0,1.0
2021-08-05 16:39:29,72.0,64.0,5.0,3.0
2021-08-05 16:39:30,79.0,70.0,6.0,3.0
2021-08-05 16:39:31,82.0,74.0,3.0,5.0
2021-08-05 16:39:32,88.0,71.0,11.0,6.0
2021-08-05 16:39:33,77.0,71.0,6.0,0.0
2021-08-05 16:39:34,80.0,73.0,3.0,4.0
2021-08-05 16:39:35,82.0,73.0,7.0,2.0
2021-08-05 16:39:36,101.0,88.0,11.0,2.0
2021-08-05 16:39:37,76.0,62.0,7.0,7.0
2021-08-05 16:39:38,76.0,65.0,8.0,3.0
2021-08-05 16:39:39,87.0,75.0,9.0,3.0
2021-08-05 16:39:40,83.0,76.0,4.0,3.0
2021-08-05 16:39:41,72.0,62.0,3.0,7.0
2021-08-05 16:39:42,97.0,85.0,6.0,6.0
2021-08-05 16:39:43,68.0,56.0,8.0,4.0
2021-08-05 16:39:44,79.0,65.0,5.0,9.0
2021-08-05 16:39:45,77.0,60.0,14.0,3.0
2021-08-05 16:39:46,88.0,70.0,10.0,8.0
2021-08-05 16:39:47,68.0,59.0,6.0,3.0
2021-08-05 16:39:48,83.0,64.0,8.0,11.0
2021-08-05 16:39:49,72.0,68.0,2.0,2.0
2021-08-05 16:39:50,85.0,77.0,5.0,3.0
2021-08-05 16:39:51,75.0,65.0,7.0,3.0
2021-08-05 16:39:52,95.0,76.0,10.0,9.0
2021-08-05 16:39:53,80.0,68.0,6.0,6.0
2021-08-05 16:39:54,76.0,71.0,3.0,2.0
2021-08-05 16:39:55,66.0,57.0,6.0,3.0
2021-08-05 16:39:56,78.0,63.0,14.0,1.0
2021-08-05 16:39:57,68.0,57.0,7.0,4.0
2021-08-05 16:39:58,103.0,87.0,13.0,3.0
2021-08-05 16:39:59,94.0,79.0,9.0,6.0
2021-08-05 16:40:00,75.0,67.0,2.0,6.0
2021-08-05 16:40:01,87.0,81.0,6.0,0.0
2021-08-05 16:40:02,70.0,57.0,6.0,7.0
2021-08-05 16:40:03,95.0,81.0,10.0,4.0
2021-08-05 16:40:04,84.0,77.0,4.0,3.0
2021-08-05 16:40:05,79.0,69.0,4.0,6.0
2021-08-05 16:40:06,68.0,59.0,1.0,8.0
2021-08-05 16:40:07,89.0,77.0,7.0,5.0
2021-08-05 16:40:08,74.0,60.0,8.0,6.0
2021-08-05 16:40:09,83.0,70.0,7.0,6.0
2021-08-05 16:40:10,69.0,61.0,4.0,4.0
2021-08-05 16:40:11,93.0,79.0,9.0,5.0
2021-08-05 16:40:12,74.0,60.0,7.0,7.0
2021-08-05 16:40:13,84.0,73.0,8.0,3.0
2021-08-05 16:40:14,75.0,69.0,5.0,1.0
2021-08-05 16:40:15,77.0,74.0,2.0,1.0
2021-08-05 16:40:16,71.0,57.0,12.0,2.0
2021-08-05 16:40:17,87.0,75.0,6.0,6.0
2021-08-05 16:40:18,85.0,71.0,7.0,7.0
2021-08-05 16:40:19,70.0,61.0,4.0,5.0
2021-08-05 16:40:20,63.0,55.0,6.0,2.0
2021-08-05 16:40:21,80.0,69.0,4.0,7.0
2021-08-05 16:40:22,83.0,76.0,0.0,7.0
2021-08-05 16:40:23,96.0,88.0,5.0,3.0
2021-08-05 16:40:24,74.0,64.0,4.0,6.0
2021-08-05 16:40:25,73.0,61.0,9.0,3.0
2021-08-05 16:40:26,89.0,78.0,7.0,4.0
2021-08-05 16:40:27,88.0,79.0,3.0,6.0
2021-08-05 16:40:28,85.0,74.0,6.0,5.0
2021-08-05 16:40:29,73.0,65.0,5.0,3.0
2021-08-05 16:40:30,86.0,74.0,7.0,5.0
2021-08-05 16:40:31,80.0,70.0,7.0,3.0
2021-08-05 16:40:32,82.0,70.0,7.0,5.0
2021-08-05 16:40:33,74.0,71.0,1.0,2.0
2021-08-05 16:40:34,61.0,48.0,8.0,5.0
2021-08-05 16:40:35,81.0,73.0,3.0,5.0
2021-08-05 16:40:36,87.0,81.0,3.0,3.0
2021-08-05 16:40:37,86.0,68.0,12.0,6.0
2021-08-05 16:40:38,83.0,71.0,7.0,5.0
2021-08-05 16:40:39,88.0,73.0,9.0,6.0
2021-08-05 16:40:40,81.0,73.0,6.0,2.0
2021-08-05 16:40:41,95.0,79.0,6.0,10.0
2021-08-05 16:40:42,68.0,64.0,4.0,0.0
2021-08-05 16:40:43,92.0,76.0,10.0,6.0
2021-08-05 16:40:44,89.0,77.0,3.0,9.0
2021-08-05 16:40:45,83.0,69.0,8.0,6.0
2021-08-05 16:40:46,86.0,71.0,8.0,7.0
2021-08-05 16:40:47,74.0,62.0,9.0,3.0
2021-08-05 16:40:48,78.0,63.0,10.0,5.0
2021-08-05 16:40:49,69.0,58.0,8.0,3.0
2021-08-05 16:40:50,81.0,71.0,4.0,6.0
2021-08-05 16:40:51,79.0,68.0,9.0,2.0
2021-08-05 16:40:52,74.0,58.0,10.0,6.0
2021-08-05 16:40:53,88.0,73.0,10.0,5.0
2021-08-05 16:40:54,77.0,62.0,10.0,5.0
2021-08-05 16:40:55,84.0,73.0,4.0,7.0
2021-08-05 16:40:56,75.0,61.0,6.0,8.0
2021-08-05 16:40:57,70.0,63.0,3.0,4.0
2021-08-05 16:40:58,85.0,70.0,5.0,10.0
2021-08-05 16:40:59,75.0,69.0,5.0,1.0
2021-08-05 16:41:00,89.0,76.0,6.0,7.0
2021-08-05 16:41:01,73.0,63.0,8.0,2.0
2021-08-05 16:41:02,80.0,64.0,7.0,9.0
2021-08-05 16:41:03,62.0,55.0,4.0,3.0
2021-08-05 16:41:04,86.0,66.0,13.0,7.0
2021-08-05 16:41:05,95.0,89.0,4.0,2.0
2021-08-05 16:41:06,90.0,73.0,10.0,7.0
2021-08-05 16:41:07,93.0,82.0,6.0,5.0
2021-08-05 16:41:08,62.0,54.0,8.0,0.0
2021-08-05 16:41:09,91.0,80.0,9.0,2.0
2021-08-05 16:41:10,79.0,70.0,7.0,2.0
2021-08-05 16:41:11,91.0,79.0,4.0,8.0
2021-08-05 16:41:12,87.0,82.0,2.0,3.0
2021-08-05 16:41:13,75.0,64.0,6.0,5.0
2021-08-05 16:41:14,74.0,66.0,4.0,4.0
2021-08-05 16:41:15,68.0,63.0,4.0,1.0
2021-08-05 16:41:16,67.0,59.0,4.0,4.0
2021-08-05 16:41:17,85.0,76.0,6.0,3.0
2021-08-05 16:41:18,74.0,66.0,4.0,4.0
2021-08-05 16:41:19,90.0,81.0,5.0,4.0
2021-08-05 16:41:20,71.0,58.0,8.0,5.0
2021-08-05 16:41:21,68.0,57.0,7.0,4.0
2021-08-05 16:41:22,93.0,80.0,9.0,4.0
2021-08-05 16:41:23,75.0,64.0,8.0,3.0
2021-08-05 16:41:24,91.0,83.0,5.0,3.0
2021-08-05 16:41:25,73.0,69.0,2.0,2.0
2021-08-05 16:41:26,81.0,69.0,6.0,6.0
2021-08-05 16:41:27,76.0,67.0,5.0,4.0
2021-08-05 16:41:28,100.0,91.0,7.0,2.0
2021-08-05 16:41:29,79.0,67.0,9.0,3.0
2021-08-05 16:41:30,92.0,83.0,5.0,4.0
2021-08-05 16:41:31,93.0,81.0,8.0,4.0
2021-08-05 16:41:32,80.0,64.0,11.0,5.0
2021-08-05 16:41:33,83.0,75.0,5.0,3.0
2021-08-05 16:41:34,82.0,69.0,8.0,5.0
2021-08-05 16:41:35,89.0,77.0,6.0,6.0
2021-08-05 16:41:36,73.0,67.0,5.0,1.0
2021-08-05 16:41:37,77.0,62.0,6.0,9.0
2021-08-05 16:41:38,77.0,68.0,2.0,7.0
2021-08-05 16:41:39,76.0,65.0,8.0,3.0
2021-08-05 16:41:40,74.0,70.0,3.0,1.0
2021-08-05 16:41:41,80.0,69.0,5.0,6.0
2021-08-05 16:41:42,85.0,77.0,1.0,7.0
2021-08-05 16:41:43,74.0,68.0,3.0,3.0
2021-08-05 16:41:44,93.0,82.0,5.0,6.0
2021-08-05 16:41:45,84.0,73.0,5.0,6.0
2021-08-05 16:41:46,88.0,74.0,5.0,9.0
2021-08-05 16:41:47,67.0,59.0,6.0,2.0
2021-08-05 16:41:48,91.0,78.0,10.0,3.0
2021-08-05 16:41:49,92.0,83.0,6.0,3.0
2021-08-05 16:41:50,70.0,65.0,4.0,1.0
2021-08-05 16:41:51,98.0,87.0,9.0,2.0
2021-08-05 16:41:52,88.0,78.0,9.0,1.0
2021-08-05 16:41:53,74.0,69.0,3.0,2.0
2021-08-05 16:41:54,87.0,77.0,7.0,3.0
2021-08-05 16:41:55,68.0,58.0,8.0,2.0
2021-08-05 16:41:56,76.0,68.0,6.0,2.0
2021-08-05 16:41:57,76.0,68.0,7.0,1.0
2021-08-05 16:41:58,77.0,69.0,5.0,3.0
2021-08-05 16:41:59,70.0,58.0,6.0,6.0
2021-08-05 16:42:00,70.0,63.0,4.0,3.0
2021-08-05 16:42:01,82.0,73.0,5.0,4.0
2021-08-05 16:42:02,64.0,53.0,4.0,7.0
2021-08-05 16:42:03,92.0,78.0,11.0,3.0
2021-08-05 16:42:04,73.0,56.0,10.0,7.0
2021-08-05 16:42:05,84.0,76.0,5.0,3.0
2021-08-05 16:42:06,85.0,80.0,5.0,0.0
2021-08-05 16:42:07,74.0,61.0,9.0,4.0
2021-08-05 16:42:08,83.0,75.0,5.0,3.0
2021-08-05 16:42:09,76.0,66.0,7.0,3.0
2021-08-05 16:42:10,80.0,69.0,8.0,3.0
2021-08-05 16:42:11,89.0,80.0,5.0,4.0
2021-08-05 16:42:12,79.0,71.0,5.0,3.0
2021-08-05 16:42:13,85.0,73.0,7.0,5.0
2021-08-05 16:42:14,64.0,58.0,4.0,2.0
2021-08-05 16:42:15,80.0,73.0,5.0,2.0
2021-08-05 16:42:16,78.0,71.0,3.0,4.0
2021-08-05 16:42:17,74.0,62.0,6.0,6.0
2021-08-05 16:42:18,98.0,86.0,7.0,5.0
2021-08-05 16:42:19,76.0,69.0,5.0,2.0
2021-08-05 16:42:20,67.0,59.0,3.0,5.0
2021-08-05 16:42:21,88.0,69.0,13.0,6.0
2021-08-05 16:42:22,78.0,64.0,8.0,6.0
2021-08-05 16:42:23,86.0,72.0,9.0,5.0
2021-08-05 16:42:24,79.0,66.0,6.0,7.0
2021-08-05 16:42:25,79.0,71.0,5.0,3.0
2021-08-05 16:42:26,77.0,69.0,1.0,7.0
2021-08-05 16:42:27,96.0,86.0,4.0,6.0
2021-08-05 16:42:28,67.0,59.0,5.0,3.0
2021-08-05 16:42:29,84.0,74.0,8.0,2.0
2021-08-05 16:42:30,95.0,76.0,11.0,8.0
2021-08-05 16:42:31,86.0,72.0,9.0,5.0
2021-08-05 16:42:32,88.0,76.0,4.0,8.0
2021-08-05 16:42:33,80.0,75.0,5.0,0.0
2021-08-05 16:42:34,82.0,69.0,5.0,8.0
2021-08-05 16:42:35,78.0,72.0,1.0,5.0
2021-08-05 16:42:36,94.0,83.0,5.0,6.0
2021-08-05 16:42:37,85.0,76.0,5.0,4.0
2021-08-05 16:42:38,82.0,70.0,11.0,1.0
2021-08-05 16:42:39,67.0,57.0,8.0,2.0
2021-08-05 16:42:40,92.0,83.0,5.0,4.0
2021-08-05 16:42:41,75.0,65.0,4.0,6.0
2021-08-05 16:42:42,71.0,58.0,6.0,7.0
2021-08-05 16:42:43,77.0,71.0,2.0,4.0
2021-08-05 16:42:44,85.0,70.0,11.0,4.0
2021-08-05 16:42:45,78.0,67.0,4.0,7.0
2021-08-05 16:42:46,83.0,74.0,6.0,3.0
2021-08-05 16:42:47,79.0,65.0,10.0,4.0
2021-08-05 16:42:48,63.0,53.0,4.0,6.0
2021-08-05 16:42:49,91.0,80.0,8.0,3.0
2021-08-05 16:42:50,89.0,77.0,8.0,4.0
2021-08-05 16:42:51,87.0,74.0,9.0,4.0
2021-08-05 16:42:52,88.0,76.0,9.0,3.0
2021-08-05 16:42:53,76.0,65.0,5.0,6.0
2021-08-05 16:42:54,70.0,66.0,3.0,1.0
2021-08-05 16:42:55,89.0,80.0,6.0,3.0
2021-08-05 16:42:56,78.0,69.0,4.0,5.0
2021-08-05 16:42:57,96.0,81.0,7.0,8.0
2021-08-05 16:42:58,74.0,66.0,4.0,4.0
2021-08-05 16:42:59,95.0,82.0,11.0,2.0
2021-08-05 16:43:00,75.0,68.0,3.0,4.0
2021-08-05 16:43:01,76.0,63.0,6.0,7.0
2021-08-05 16:43:02,93.0,77.0,11.0,5.0
2021-08-05 16:43:03,83.0,68.0,10.0,5.0
2021-08-05 16:43:04,84.0,74.0,6.0,4.0
2021-08-05 16:43:05,92.0,82.0,4.0,6.0
2021-08-05 16:43:06,93.0,79.0,11.0,3.0
2021-08-05 16:43:07,85.0,76.0,6.0,3.0
2021-08-05 16:43:08,76.0,68.0,4.0,4.0
2021-08-05 16:43:09,74.0,61.0,7.0,6.0
2021-08-05 16:43:10,78.0,69.0,4.0,5.0
2021-08-05 16:43:11,83.0,69.0,10.0,4.0
2021-08-05 16:43:12,72.0,65.0,4.0,3.0
2021-08-05 16:43:13,76.0,66.0,6.0,4.0
2021-08-05 16:43:14,67.0,59.0,7.0,1.0
2021-08-05 16:43:15,96.0,81.0,13.0,2.0
2021-08-05 16:43:16,85.0,75.0,7.0,3.0
2021-08-05 16:43:17,81.0,68.0,8.0,5.0
2021-08-05 16:43:18,87.0,75.0,7.0,5.0
2021-08-05 16:43:19,82.0,67.0,6.0,9.0
2021-08-05 16:43:20,96.0,84.0,7.0,5.0
2021-08-05 16:43:21,70.0,59.0,4.0,7.0
2021-08-05 16:43:22,88.0,73.0,12.0,3.0
2021-08-05 16:43:23,81.0,68.0,9.0,4.0
2021-08-05 16:43:24,67.0,58.0,5.0,4.0
2021-08-05 16:43:25,75.0,64.0,5.0,6.0
2021-08-05 16:43:26,94.0,85.0,3.0,6.0
2021-08-05 16:43:27,82.0,69.0,4.0,9.0
2021-08-05 16:43:28,60.0,52.0,6.0,2.0
2021-08-05 16:43:29,61.0,54.0,4.0,3.0
2021-08-05 16:43:30,85.0,72.0,8.0,5.0
2021-08-05 16:43:31,73.0,62.0,6.0,5.0
2021-08-05 16:43:32,80.0,67.0,9.0,4.0
2021-08-05 16:43:33,98.0,81.0,9.0,8.0
2021-08-05 16:43:34,90.0,69.0,10.0,11.0
2021-08-05 16:43:35,79.0,65.0,5.0,9.0
2021-08-05 16:43:36,91.0,77.0,9.0,5.0
2021-08-05 16:43:37,78.0,65.0,7.0,6.0
2021-08-05 16:43:38,80.0,71.0,2.0,7.0
2021-08-05 16:43:39,75.0,63.0,7.0,5.0
2021-08-05 16:43:40,86.0,77.0,4.0,5.0
2021-08-05 16:43:41,90.0,76.0,9.0,5.0
2021-08-05 16:43:42,65.0,62.0,1.0,2.0
2021-08-05 16:43:43,69.0,61.0,6.0,2.0
2021-08-05 16:43:44,79.0,72.0,3.0,4.0
2021-08-05 16:43:45,76.0,68.0,5.0,3.0
2021-08-05 16:43:46,72.0,66.0,3.0,3.0
2021-08-05 16:43:47,83.0,74.0,2.0,7.0
2021-08-05 16:43:48,73.0,68.0,3.0,2.0
2021-08-05 16:43:49,82.0,71.0,7.0,4.0
2021-08-05 16:43:50,84.0,79.0,4.0,1.0
2021-08-05 16:43:51,86.0,74.0,7.0,5.0
2021-08-05 16:43:52,86.0,76.0,5.0,5.0
2021-08-05 16:43:53,86.0,73.0,6.0,7.0
2021-08-05 16:43:54,76.0,65.0,6.0,5.0
2021-08-05 16:43:55,81.0,71.0,5.0,5.0
2021-08-05 16:43:56,76.0,67.0,8.0,1.0
2021-08-05 16:43:57,78.0,63.0,8.0,7.0
2021-08-05 16:43:58,83.0,71.0,7.0,5.0
2021-08-05 16:43:59,83.0,68.0,10.0,5.0
2021-08-05 16:44:00,80.0,70.0,4.0,6.0
2021-08-05 16:44:01,89.0,70.0,15.0,4.0
2021-08-05 16:44:02,88.0,78.0,6.0,4.0
2021-08-05 16:44:03,85.0,75.0,8.0,2.0
2021-08-05 16:44:04,68.0,58.0,8.0,2.0
2021-08-05 16:44:05,78.0,67.0,6.0,5.0
2021-08-05 16:44:06,79.0,68.0,5.0,6.0
2021-08-05 16:44:07,76.0,68.0,6.0,2.0
2021-08-05 16:44:08,77.0,65.0,4.0,8.0
2021-08-05 16:44:09,84.0,72.0,9.0,3.0
2021-08-05 16:44:10,87.0,72.0,7.0,8.0
2021-08-05 16:44:11,91.0,81.0,3.0,7.0
2021-08-05 16:44:12,93.0,77.0,12.0,4.0
2021-08-05 16:44:13,84.0,73.0,6.0,5.0
2021-08-05 16:44:14,75.0,66.0,6.0,3.0
2021-08-05 16:44:15,76.0,67.0,6.0,3.0
2021-08-05 16:44:16,71.0,61.0,4.0,6.0
2021-08-05 16:44:17,78.0,67.0,3.0,8.0
2021-08-05 16:44:18,85.0,68.0,11.0,6.0
2021-08-05 16:44:19,85.0,75.0,7.0,3.0
2021-08-05 16:44:20,81.0,74.0,3.0,4.0
2021-08-05 16:44:21,83.0,72.0,6.0,5.0
2021-08-05 16:44:22,77.0,63.0,11.0,3.0
2021-08-05 16:44:23,95.0,81.0,6.0,8.0
2021-08-05 16:44:24,104.0,92.0,6.0,6.0
2021-08-05 16:44:25,88.0,73.0,8.0,7.0
2021-08-05 16:44:26,86.0,79.0,4.0,3.0
2021-08-05 16:44:27,86.0,76.0,7.0,3.0
2021-08-05 16:44:28,95.0,80.0,8.0,7.0
2021-08-05 16:44:29,83.0,75.0,3.0,5.0
2021-08-05 16:44:30,75.0,69.0,1.0,5.0
2021-08-05 16:44:31,67.0,59.0,6.0,2.0
2021-08-05 16:44:32,79.0,64.0,11.0,4.0
2021-08-05 16:44:33,68.0,59.0,6.0,3.0
2021-08-05 16:44:34,73.0,64.0,5.0,4.0
2021-08-05 16:44:35,84.0,74.0,6.0,4.0
2021-08-05 16:44:36,88.0,77.0,6.0,5.0
2021-08-05 16:44:37,80.0,73.0,5.0,2.0
2021-08-05 16:44:38,97.0,84.0,7.0,6.0
2021-08-05 16:44:39,75.0,68.0,5.0,2.0
2021-08-05 16:44:40,89.0,74.0,7.0,8.0
2021-08-05 16:44:41,76.0,60.0,6.0,10.0
2021-08-05 16:44:42,71.0,62.0,3.0,6.0
2021-08-05 16:44:43,78.0,71.0,3.0,4.0
2021-08-05 16:44:44,81.0,73.0,3.0,5.0
2021-08-05 16:44:45,84.0,74.0,7.0,3.0
2021-08-05 16:44:46,90.0,82.0,4.0,4.0
2021-08-05 16:44:47,81.0,71.0,3.0,7.0
2021-08-05 16:44:48,61.0,54.0,4.0,3.0
2021-08-05 16:44:49,73.0,65.0,5.0,3.0
2021-08-05 16:44:50,77.0,64.0,5.0,8.0
2021-08-05 16:44:51,88.0,70.0,12.0,6.0
2021-08-05 16:44:52,81.0,69.0,6.0,6.0
2021-08-05 16:44:53,87.0,72.0,5.0,10.0
2021-08-05 16:44:54,92.0,79.0,8.0,5.0
2021-08-05 16:44:55,73.0,59.0,6.0,8.0
2021-08-05 16:44:56,85.0,78.0,4.0,3.0
2021-08-05 16:44:57,69.0,58.0,4.0,7.0
2021-08-05 16:44:58,71.0,65.0,1.0,5.0
2021-08-05 16:44:59,87.0,76.0,9.0,2.0
2021-08-05 16:45:00,70.0,59.0,7.0,4.0
2021-08-05 16:45:01,84.0,75.0,7.0,2.0
2021-08-05 16:45:02,81.0,67.0,10.0,4.0
2021-08-05 16:45:03,94.0,80.0,10.0,4.0
2021-08-05 16:45:04,74.0,69.0,4.0,1.0
2021-08-05 16:45:05,91.0,74.0,8.0,9.0
2021-08-05 16:45:06,78.0,65.0,5.0,8.0
2021-08-05 16:45:07,77.0,71.0,4.0,2.0
2021-08-05 16:45:08,91.0,79.0,11.0,1.0
2021-08-05 16:45:09,66.0,58.0,2.0,6.0
2021-08-05 16:45:10,86.0,71.0,7.0,8.0
2021-08-05 16:45:11,98.0,83.0,10.0,5.0
2021-08-05 16:45:12,79.0,67.0,9.0,3.0
2021-08-05 16:45:13,86.0,77.0,7.0,2.0
2021-08-05 16:45:14,74.0,66.0,5.0,3.0
2021-08-05 16:45:15,82.0,66.0,11.0,5.0
2021-08-05 16:45:16,77.0,71.0,2.0,4.0
2021-08-05 16:45:17,56.0,47.0,7.0,2.0
2021-08-05 16:45:18,85.0,73.0,5.0,7.0
2021-08-05 16:45:19,76.0,64.0,3.0,9.0
2021-08-05 16:45:20,71.0,64.0,4.0,3.0
2021-08-05 16:45:21,75.0,69.0,3.0,3.0
2021-08-05 16:45:22,80.0,69.0,8.0,3.0
2021-08-05 16:45:23,93.0,80.0,7.0,6.0
2021-08-05 16:45:24,91.0,81.0,4.0,6.0
2021-08-05 16:45:25,87.0,74.0,9.0,4.0
2021-08-05 16:45:26,88.0,83.0,3.0,2.0
2021-08-05 16:45:27,73.0,69.0,0.0,4.0
2021-08-05 16:45:28,91.0,72.0,10.0,9.0
2021-08-05 16:45:29,77.0,70.0,6.0,1.0
2021-08-05 16:45:30,65.0,56.0,5.0,4.0
2021-08-05 16:45:31,85.0,73.0,6.0,6.0
2021-08-05 16:45:32,71.0,64.0,6.0,1.0
2021-08-05 16:45:33,86.0,76.0,9.0,1.0
2021-08-05 16:45:34,85.0,82.0,3.0,0.0
2021-08-05 16:45:35,113.0,100.0,8.0,5.0
2021-08-05 16:45:36,76.0,65.0,9.0,2.0
2021-08-05 16:45:37,78.0,72.0,3.0,3.0
2021-08-05 16:45:38,86.0,76.0,6.0,4.0
2021-08-05 16:45:39,83.0,73.0,9.0,1.0
2021-08-05 16:45:40,72.0,66.0,3.0,3.0
2021-08-05 16:45:41,69.0,60.0,7.0,2.0
2021-08-05 16:45:42,75.0,65.0,3.0,7.0
2021-08-05 16:45:43,90.0,79.0,8.0,3.0
2021-08-05 16:45:44,61.0,53.0,4.0,4.0
2021-08-05 16:45:45,80.0,67.0,5.0,8.0
2021-08-05 16:45:46,70.0,58.0,7.0,5.0
2021-08-05 16:45:47,75.0,63.0,7.0,5.0
2021-08-05 16:45:48,72.0,58.0,6.0,8.0
2021-08-05 16:45:49,66.0,58.0,3.0,5.0
2021-08-05 16:45:50,67.0,60.0,2.0,5.0
2021-08-05 16:45:51,85.0,75.0,5.0,5.0
2021-08-05 16:45:52,89.0,72.0,9.0,8.0
2021-08-05 16:45:53,86.0,75.0,7.0,4.0
2021-08-05 16:45:54,79.0,68.0,8.0,3.0
2021-08-05 16:45:55,66.0,60.0,4.0,2.0
2021-08-05 16:45:56,97.0,89.0,3.0,5.0
2021-08-05 16:45:57,84.0,74.0,6.0,4.0
2021-08-05 16:45:58,76.0,73.0,2.0,1.0
2021-08-05 16:45:59,86.0,74.0,9.0,3.0
2021-08-05 16:46:00,91.0,75.0,11.0,5.0
2021-08-05 16:46:01,81.0,70.0,4.0,7.0
2021-08-05 16:46:02,84.0,77.0,7.0,0.0
2021-08-05 16:46:03,79.0,68.0,9.0,2.0
2021-08-05 16:46:04,58.0,50.0,4.0,4.0
2021-08-05 16:46:05,79.0,67.0,5.0,7.0
2021-08-05 16:46:06,82.0,72.0,5.0,5.0
2021-08-05 16:46:07,79.0,67.0,9.0,3.0
2021-08-05 16:46:08,80.0,68.0,6.0,6.0
2021-08-05 16:46:09,86.0,75.0,6.0,5.0
2021-08-05 16:46:10,74.0,63.0,6.0,5.0
2021-08-05 16:46:11,80.0,71.0,6.0,3.0
2021-08-05 16:46:12,79.0,68.0,9.0,2.0
2021-08-05 16:46:13,83.0,73.0,5.0,5.0
2021-08-05 16:46:14,76.0,65.0,6.0,5.0
2021-08-05 16:46:15,75.0,67.0,4.0,4.0
2021-08-05 16:46:16,64.0,53.0,9.0,2.0
2021-08-05 16:46:17,90.0,75.0,7.0,8.0
2021-08-05 16:46:18,80.0,68.0,7.0,5.0
2021-08-05 16:46:19,93.0,83.0,7.0,3.0
2021-08-05 16:46:20,92.0,81.0,8.0,3.0
2021-08-05 16:46:21,94.0,81.0,10.0,3.0
2021-08-05 16:46:22,65.0,58.0,2.0,5.0
2021-08-05 16:46:23,75.0,71.0,2.0,2.0
2021-08-05 16:46:24,78.0,72.0,3.0,3.0
2021-08-05 16:46:25,76.0,71.0,3.0,2.0
2021-08-05 16:46:26,71.0,62.0,4.0,5.0
2021-08-05 16:46:27,85.0,73.0,6.0,6.0
2021-08-05 16:46:28,74.0,67.0,3.0,4.0
2021-08-05 16:46:29,76.0,66.0,6.0,4.0
2021-08-05 16:46:30,82.0,75.0,7.0,0.0
2021-08-05 16:46:31,72.0,62.0,4.0,6.0
2021-08-05 16:46:32,72.0,67.0,2.0,3.0
2021-08-05 16:46:33,93.0,85.0,5.0,3.0
2021-08-05 16:46:34,79.0,65.0,10.0,4.0
2021-08-05 16:46:35,74.0,67.0,4.0,3.0
2021-08-05 16:46:36,81.0,69.0,6.0,6.0
2021-08-05 16:46:37,67.0,61.0,4.0,2.0
2021-08-05 16:46:38,88.0,71.0,5.0,12.0
2021-08-05 16:46:39,81.0,71.0,3.0,7.0
2021-08-05 16:46:40,80.0,69.0,9.0,2.0
2021-08-05 16:46:41,81.0,74.0,3.0,4.0
2021-08-05 16:46:42,93.0,77.0,11.0,5.0
2021-08-05 16:46:43,102.0,85.0,7.0,10.0
2021-08-05 16:46:44,83.0,73.0,6.0,4.0
2021-08-05 16:46:45,76.0,67.0,5.0,4.0
2021-08-05 16:46:46,73.0,62.0,6.0,5.0
2021-08-05 16:46:47,82.0,70.0,8.0,4.0
2021-08-05 16:46:48,112.0,96.0,9.0,7.0
2021-08-05 16:46:49,78.0,70.0,7.0,1.0
2021-08-05 16:46:50,84.0,75.0,4.0,5.0
2021-08-05 16:46:51,92.0,74.0,11.0,7.0
2021-08-05 16:46:52,82.0,78.0,4.0,0.0
2021-08-05 16:46:53,73.0,69.0,3.0,1.0
2021-08-05 16:46:54,84.0,73.0,6.0,5.0
2021-08-05 16:46:55,65.0,60.0,4.0,1.0
2021-08-05 16:46:56,88.0,74.0,10.0,4.0
2021-08-05 16:46:57,80.0,69.0,9.0,2.0
2021-08-05 16:46:58,79.0,67.0,8.0,4.0
2021-08-05 16:46:59,75.0,63.0,6.0,6.0
2021-08-05 16:47:00,90.0,77.0,9.0,4.0
2021-08-05 16:47:01,77.0,66.0,7.0,4.0
2021-08-05 16:47:02,83.0,73.0,4.0,6.0
2021-08-05 16:47:03,98.0,82.0,10.0,6.0
2021-08-05 16:47:04,70.0,59.0,7.0,4.0
2021-08-05 16:47:05,80.0,69.0,7.0,4.0
2021-08-05 16:47:06,110.0,95.0,5.0,10.0
2021-08-05 16:47:07,79.0,67.0,8.0,4.0
2021-08-05 16:47:08,78.0,71.0,4.0,3.0
2021-08-05 16:47:09,78.0,69.0,6.0,3.0
2021-08-05 16:47:10,66.0,63.0,2.0,1.0
2021-08-05 16:47:11,80.0,68.0,9.0,3.0
2021-08-05 16:47:12,86.0,73.0,8.0,5.0
2021-08-05 16:47:13,87.0,75.0,4.0,8.0
2021-08-05 16:47:14,77.0,68.0,5.0,4.0
2021-08-05 16:47:15,68.0,61.0,4.0,3.0
2021-08-05 16:47:16,62.0,56.0,4.0,2.0
2021-08-05 16:47:17,84.0,80.0,3.0,1.0
2021-08-05 16:47:18,70.0,59.0,6.0,5.0
2021-08-05 16:47:19,93.0,82.0,4.0,7.0
2021-08-05 16:47:20,61.0,53.0,6.0,2.0
2021-08-05 16:47:21,77.0,66.0,6.0,5.0
2021-08-05 16:47:22,84.0,70.0,6.0,8.0
2021-08-05 16:47:23,77.0,62.0,9.0,6.0
2021-08-05 16:47:24,86.0,79.0,4.0,3.0
2021-08-05 16:47:25,82.0,70.0,5.0,7.0
2021-08-05 16:47:26,84.0,70.0,9.0,5.0
2021-08-05 16:47:27,79.0,70.0,4.0,5.0
2021-08-05 16:47:28,94.0,79.0,8.0,7.0
2021-08-05 16:47:29,80.0,69.0,6.0,5.0
2021-08-05 16:47:30,75.0,63.0,10.0,2.0
2021-08-05 16:47:31,89.0,78.0,7.0,4.0
2021-08-05 16:47:32,68.0,60.0,6.0,2.0
2021-08-05 16:47:33,84.0,68.0,12.0,4.0
2021-08-05 16:47:34,83.0,70.0,9.0,4.0
2021-08-05 16:47:35,80.0,71.0,4.0,5.0
2021-08-05 16:47:36,74.0,63.0,6.0,5.0
2021-08-05 16:47:37,85.0,73.0,8.0,4.0
2021-08-05 16:47:38,82.0,70.0,8.0,4.0
2021-08-05 16:47:39,79.0,68.0,7.0,4.0
2021-08-05 16:47:40,86.0,75.0,7.0,4.0
2021-08-05 16:47:41,100.0,89.0,7.0,4.0
2021-08-05 16:47:42,77.0,63.0,9.0,5.0
2021-08-05 16:47:43,80.0,68.0,9.0,3.0
2021-08-05 16:47:44,79.0,66.0,8.0,5.0
2021-08-05 16:47:45,89.0,77.0,8.0,4.0
2021-08-05 16:47:46,76.0,68.0,4.0,4.0
2021-08-05 16:47:47,75.0,70.0,2.0,3.0
2021-08-05 16:47:48,78.0,67.0,7.0,4.0
2021-08-05 16:47:49,82.0,69.0,10.0,3.0
2021-08-05 16:47:50,73.0,63.0,4.0,6.0
2021-08-05 16:47:51,71.0,65.0,3.0,3.0
2021-08-05 16:47:52,81.0,71.0,6.0,4.0
2021-08-05 16:47:53,95.0,81.0,10.0,4.0
2021-08-05 16:47:54,81.0,65.0,13.0,3.0
2021-08-05 16:47:55,84.0,71.0,8.0,5.0
2021-08-05 16:47:56,85.0,77.0,4.0,4.0
2021-08-05 16:47:57,78.0,65.0,9.0,4.0
2021-08-05 16:47:58,91.0,80.0,6.0,5.0
2021-08-05 16:47:59,83.0,72.0,8.0,3.0
2021-08-05 16:48:00,74.0,66.0,4.0,4.0
2021-08-05 16:48:01,95.0,82.0,8.0,5.0
2021-08-05 16:48:02,87.0,74.0,7.0,6.0
2021-08-05 16:48:03,85.0,71.0,8.0,6.0
2021-08-05 16:48:04,71.0,59.0,6.0,6.0
2021-08-05 16:48:05,96.0,87.0,3.0,6.0
2021-08-05 16:48:06,75.0,63.0,8.0,4.0
2021-08-05 16:48:07,71.0,66.0,4.0,1.0
2021-08-05 16:48:08,94.0,79.0,10.0,5.0
2021-08-05 16:48:09,72.0,66.0,4.0,2.0
2021-08-05 16:48:10,70.0,58.0,8.0,4.0
2021-08-05 16:48:11,76.0,65.0,7.0,4.0
2021-08-05 16:48:12,95.0,85.0,8.0,2.0
2021-08-05 16:48:13,77.0,62.0,8.0,7.0
2021-08-05 16:48:14,83.0,70.0,8.0,5.0
2021-08-05 16:48:15,77.0,69.0,4.0,4.0
2021-08-05 16:48:16,75.0,66.0,6.0,3.0
2021-08-05 16:48:17,88.0,72.0,5.0,11.0
2021-08-05 16:48:18,81.0,67.0,11.0,3.0
2021-08-05 16:48:19,74.0,62.0,8.0,4.0
2021-08-05 16:48:20,71.0,67.0,3.0,1.0
2021-08-05 16:48:21,93.0,84.0,7.0,2.0
2021-08-05 16:48:22,90.0,72.0,14.0,4.0
2021-08-05 16:48:23,76.0,67.0,8.0,1.0
2021-08-05 16:48:24,76.0,71.0,1.0,4.0
2021-08-05 16:48:25,105.0,93.0,5.0,7.0
2021-08-05 16:48:26,65.0,56.0,4.0,5.0
2021-08-05 16:48:27,80.0,74.0,2.0,4.0
2021-08-05 16:48:28,70.0,53.0,9.0,8.0
2021-08-05 16:48:29,82.0,71.0,5.0,6.0
2021-08-05 16:48:30,71.0,62.0,4.0,5.0
2021-08-05 16:48:31,90.0,78.0,8.0,4.0
2021-08-05 16:48:32,83.0,70.0,9.0,4.0
2021-08-05 16:48:33,84.0,74.0,6.0,4.0
2021-08-05 16:48:34,77.0,65.0,7.0,5.0
2021-08-05 16:48:35,80.0,71.0,5.0,4.0
2021-08-05 16:48:36,79.0,70.0,5.0,4.0
2021-08-05 16:48:37,75.0,62.0,9.0,4.0
2021-08-05 16:48:38,77.0,67.0,5.0,5.0
2021-08-05 16:48:39,63.0,57.0,2.0,4.0
2021-08-05 16:48:40,92.0,82.0,5.0,5.0
2021-08-05 16:48:41,61.0,48.0,9.0,4.0
2021-08-05 16:48:42,81.0,68.0,9.0,4.0
2021-08-05 16:48:43,90.0,74.0,10.0,6.0
2021-08-05 16:48:44,67.0,62.0,2.0,3.0
2021-08-05 16:48:45,75.0,60.0,12.0,3.0
2021-08-05 16:48:46,97.0,88.0,4.0,5.0
2021-08-05 16:48:47,73.0,63.0,6.0,4.0
2021-08-05 16:48:48,96.0,83.0,3.0,10.0
2021-08-05 16:48:49,83.0,77.0,3.0,3.0
2021-08-05 16:48:50,72.0,63.0,5.0,4.0
2021-08-05 16:48:51,83.0,69.0,7.0,7.0
2021-08-05 16:48:52,78.0,68.0,7.0,3.0
2021-08-05 16:48:53,68.0,61.0,7.0,0.0
2021-08-05 16:48:54,66.0,52.0,10.0,4.0
2021-08-05 16:48:55,77.0,66.0,9.0,2.0
2021-08-05 16:48:56,89.0,77.0,7.0,5.0
2021-08-05 16:48:57,92.0,88.0,4.0,0.0
2021-08-05 16:48:58,78.0,70.0,7.0,1.0
2021-08-05 16:48:59,75.0,67.0,5.0,3.0
2021-08-05 16:49:00,76.0,61.0,10.0,5.0
2021-08-05 16:49:01,79.0,72.0,2.0,5.0
2021-08-05 16:49:02,75.0,69.0,4.0,2.0
2021-08-05 16:49:03,70.0,64.0,3.0,3.0
2021-08-05 16:49:04,73.0,64.0,5.0,4.0
2021-08-05 16:49:05,72.0,60.0,8.0,4.0
2021-08-05 16:49:06,69.0,49.0,12.0,8.0
2021-08-05 16:49:07,70.0,60.0,4.0,6.0
2021-08-05 16:49:08,88.0,84.0,3.0,1.0
2021-08-05 16:49:09,63.0,54.0,5.0,4.0
2021-08-05 16:49:10,95.0,84.0,6.0,5.0
2021-08-05 16:49:11,79.0,69.0,8.0,2.0
2021-08-05 16:49:12,66.0,59.0,4.0,3.0
2021-08-05 16:49:13,59.0,52.0,4.0,3.0
2021-08-05 16:49:14,89.0,73.0,12.0,4.0
2021-08-05 16:49:15,84.0,76.0,7.0,1.0
2021-08-05 16:49:16,76.0,67.0,5.0,4.0
2021-08-05 16:49:17,70.0,62.0,6.0,2.0
2021-08-05 16:49:18,64.0,54.0,5.0,5.0
2021-08-05 16:49:19,72.0,62.0,5.0,5.0
2021-08-05 16:49:20,73.0,61.0,10.0,2.0
2021-08-05 16:49:21,75.0,70.0,4.0,1.0
2021-08-05 16:49:22,87.0,73.0,12.0,2.0
2021-08-05 16:49:23,80.0,66.0,7.0,7.0
2021-08-05 16:49:24,59.0,52.0,3.0,4.0
2021-08-05 16:49:25,87.0,73.0,7.0,7.0
2021-08-05 16:49:26,71.0,62.0,6.0,3.0
2021-08-05 16:49:27,72.0,62.0,6.0,4.0
2021-08-05 16:49:28,83.0,72.0,5.0,6.0
2021-08-05 16:49:29,94.0,76.0,8.0,10.0
2021-08-05 16:49:30,79.0,72.0,6.0,1.0
2021-08-05 16:49:31,78.0,69.0,8.0,1.0
2021-08-05 16:49:32,87.0,78.0,4.0,5.0
2021-08-05 16:49:33,79.0,72.0,4.0,3.0
2021-08-05 16:49:34,87.0,78.0,5.0,4.0
2021-08-05 16:49:35,76.0,68.0,4.0,4.0
2021-08-05 16:49:36,71.0,60.0,4.0,7.0
2021-08-05 16:49:37,88.0,82.0,2.0,4.0
2021-08-05 16:49:38,80.0,72.0,6.0,2.0
2021-08-05 16:49:39,82.0,63.0,12.0,7.0
2021-08-05 16:49:40,96.0,88.0,4.0,4.0
2021-08-05 16:49:41,83.0,70.0,8.0,5.0
2021-08-05 16:49:42,74.0,72.0,1.0,1.0
2021-08-05 16:49:43,84.0,76.0,4.0,4.0
2021-08-05 16:49:44,81.0,75.0,2.0,4.0
2021-08-05 16:49:45,92.0,78.0,9.0,5.0
2021-08-05 16:49:46,79.0,72.0,5.0,2.0
2021-08-05 16:49:47,87.0,78.0,6.0,3.0
2021-08-05 16:49:48,74.0,64.0,6.0,4.0
2021-08-05 16:49:49,82.0,73.0,5.0,4.0
2021-08-05 16:49:50,72.0,68.0,2.0,2.0
2021-08-05 16:49:51,63.0,53.0,5.0,5.0
2021-08-05 16:49:52,82.0,70.0,6.0,6.0
2021-08-05 16:49:53,106.0,92.0,6.0,8.0
2021-08-05 16:49:54,81.0,64.0,11.0,6.0
2021-08-05 16:49:55,75.0,66.0,4.0,5.0
2021-08-05 16:49:56,94.0,82.0,10.0,2.0
2021-08-05 16:49:57,74.0,64.0,5.0,5.0
2021-08-05 16:49:58,76.0,64.0,10.0,2.0
2021-08-05 16:49:59,95.0,83.0,11.0,1.0
2021-08-05 16:50:00,69.0,59.0,7.0,3.0
2021-08-05 16:50:01,88.0,70.0,12.0,6.0
2021-08-05 16:50:02,79.0,63.0,8.0,8.0
2021-08-05 16:50:03,72.0,62.0,6.0,4.0
2021-08-05 16:50:04,89.0,79.0,7.0,3.0
2021-08-05 16:50:05,99.0,80.0,14.0,5.0
2021-08-05 16:50:06,81.0,73.0,8.0,0.0
2021-08-05 16:50:07,75.0,63.0,7.0,5.0
2021-08-05 16:50:08,84.0,78.0,4.0,2.0
2021-08-05 16:50:09,82.0,73.0,4.0,5.0
2021-08-05 16:50:10,70.0,61.0,8.0,1.0
2021-08-05 16:50:11,95.0,76.0,12.0,7.0
2021-08-05 16:50:12,91.0,81.0,4.0,6.0
2021-08-05 16:50:13,70.0,64.0,3.0,3.0
2021-08-05 16:50:14,86.0,78.0,4.0,4.0
2021-08-05 16:50:15,79.0,66.0,8.0,5.0
2021-08-05 16:50:16,80.0,70.0,6.0,4.0
2021-08-05 16:50:17,68.0,58.0,4.0,6.0
2021-08-05 16:50:18,90.0,79.0,7.0,4.0
2021-08-05 16:50:19,82.0,69.0,5.0,8.0
2021-08-05 16:50:20,87.0,76.0,4.0,7.0
2021-08-05 16:50:21,69.0,65.0,2.0,2.0
2021-08-05 16:50:22,87.0,69.0,14.0,4.0
2021-08-05 16:50:23,82.0,72.0,7.0,3.0
2021-08-05 16:50:24,71.0,67.0,3.0,1.0
2021-08-05 16:50:25,85.0,72.0,7.0,6.0
2021-08-05 16:50:26,89.0,82.0,4.0,3.0
2021-08-05 16:50:27,84.0,70.0,8.0,6.0
2021-08-05 16:50:28,72.0,63.0,6.0,3.0
2021-08-05 16:50:29,83.0,68.0,9.0,6.0
2021-08-05 16:50:30,70.0,61.0,5.0,4.0
2021-08-05 16:50:31,67.0,61.0,2.0,4.0
2021-08-05 16:50:32,90.0,80.0,5.0,5.0
2021-08-05 16:50:33,72.0,63.0,4.0,5.0
2021-08-05 16:50:34,80.0,70.0,7.0,3.0
2021-08-05 16:50:35,79.0,72.0,4.0,3.0
2021-08-05 16:50:36,92.0,78.0,7.0,7.0
2021-08-05 16:50:37,66.0,60.0,4.0,2.0
2021-08-05 16:50:38,82.0,71.0,9.0,2.0
2021-08-05 16:50:39,75.0,68.0,5.0,2.0
2021-08-05 16:50:40,65.0,55.0,6.0,4.0
2021-08-05 16:50:41,89.0,79.0,9.0,1.0
2021-08-05 16:50:42,74.0,62.0,7.0,5.0
2021-08-05 16:50:43,47.0,41.0,5.0,1.0
2021-08-05 16:50:44,70.0,62.0,6.0,2.0
2021-08-05 16:50:45,84.0,80.0,4.0,0.0
2021-08-05 16:50:46,67.0,57.0,9.0,1.0
2021-08-05 16:50:47,85.0,73.0,7.0,5.0
2021-08-05 16:50:48,74.0,63.0,6.0,5.0
2021-08-05 16:50:49,83.0,67.0,7.0,9.0
2021-08-05 16:50:50,75.0,64.0,5.0,6.0
2021-08-05 16:50:51,81.0,67.0,7.0,7.0
2021-08-05 16:50:52,77.0,68.0,5.0,4.0
2021-08-05 16:50:53,69.0,66.0,2.0,1.0
2021-08-05 16:50:54,89.0,81.0,5.0,3.0
2021-08-05 16:50:55,73.0,68.0,3.0,2.0
2021-08-05 16:50:56,75.0,64.0,9.0,2.0
2021-08-05 16:50:57,83.0,68.0,10.0,5.0
2021-08-05 16:50:58,76.0,61.0,12.0,3.0
2021-08-05 16:50:59,77.0,64.0,6.0,7.0
2021-08-05 16:51:00,72.0,62.0,6.0,4.0
2021-08-05 16:51:01,83.0,75.0,4.0,4.0
2021-08-05 16:51:02,82.0,65.0,12.0,5.0
2021-08-05 16:51:03,77.0,67.0,7.0,3.0
2021-08-05 16:51:04,85.0,72.0,9.0,4.0
2021-08-05 16:51:05,85.0,74.0,9.0,2.0
2021-08-05 16:51:06,76.0,70.0,2.0,4.0
2021-08-05 16:51:07,73.0,59.0,8.0,6.0
2021-08-05 16:51:08,85.0,69.0,11.0,5.0
2021-08-05 16:51:09,69.0,59.0,8.0,2.0
2021-08-05 16:51:10,97.0,84.0,12.0,1.0
2021-08-05 16:51:11,95.0,82.0,7.0,6.0
2021-08-05 16:51:12,90.0,78.0,10.0,2.0
2021-08-05 16:51:13,72.0,57.0,5.0,10.0
2021-08-05 16:51:14,77.0,71.0,3.0,3.0
2021-08-05 16:51:15,93.0,84.0,8.0,1.0
2021-08-05 16:51:16,81.0,69.0,4.0,8.0
2021-08-05 16:51:17,77.0,72.0,2.0,3.0
2021-08-05 16:51:18,76.0,66.0,5.0,5.0
2021-08-05 16:51:19,74.0,64.0,8.0,2.0
2021-08-05 16:51:20,82.0,72.0,5.0,5.0
2021-08-05 16:51:21,84.0,73.0,9.0,2.0
2021-08-05 16:51:22,70.0,57.0,9.0,4.0
2021-08-05 16:51:23,82.0,73.0,6.0,3.0
2021-08-05 16:51:24,85.0,78.0,3.0,4.0
2021-08-05 16:51:25,84.0,73.0,6.0,5.0
2021-08-05 16:51:26,78.0,65.0,8.0,5.0
2021-08-05 16:51:27,82.0,70.0,9.0,3.0
2021-08-05 16:51:28,89.0,72.0,10.0,7.0
2021-08-05 16:51:29,75.0,67.0,7.0,1.0
2021-08-05 16:51:30,85.0,70.0,9.0,6.0
2021-08-05 16:51:31,104.0,87.0,9.0,8.0
2021-08-05 16:51:32,67.0,55.0,9.0,3.0
2021-08-05 16:51:33,69.0,61.0,2.0,6.0
2021-08-05 16:51:34,86.0,78.0,6.0,2.0
2021-08-05 16:51:35,92.0,76.0,11.0,5.0
2021-08-05 16:51:36,81.0,67.0,5.0,9.0
2021-08-05 16:51:37,71.0,58.0,7.0,6.0
2021-08-05 16:51:38,71.0,63.0,4.0,4.0
2021-08-05 16:51:39,79.0,69.0,7.0,3.0
2021-08-05 16:51:40,81.0,70.0,7.0,4.0
2021-08-05 16:51:41,74.0,59.0,9.0,6.0
2021-08-05 16:51:42,72.0,67.0,4.0,1.0
2021-08-05 16:51:43,96.0,78.0,8.0,10.0
2021-08-05 16:51:44,71.0,59.0,8.0,4.0
2021-08-05 16:51:45,82.0,67.0,7.0,8.0
2021-08-05 16:51:46,80.0,69.0,5.0,6.0
2021-08-05 16:51:47,83.0,75.0,5.0,3.0
2021-08-05 16:51:48,79.0,68.0,8.0,3.0
2021-08-05 16:51:49,78.0,73.0,2.0,3.0
2021-08-05 16:51:50,88.0,80.0,6.0,2.0
2021-08-05 16:51:51,82.0,73.0,5.0,4.0
2021-08-05 16:51:52,85.0,66.0,12.0,7.0
2021-08-05 16:51:53,72.0,61.0,6.0,5.0
2021-08-05 16:51:54,92.0,83.0,4.0,5.0
2021-08-05 16:51:55,88.0,77.0,7.0,4.0
2021-08-05 16:51:56,59.0,50.0,4.0,5.0
2021-08-05 16:51:57,88.0,76.0,9.0,3.0
2021-08-05 16:51:58,79.0,68.0,6.0,5.0
2021-08-05 16:51:59,88.0,79.0,7.0,2.0
2021-08-05 16:52:00,89.0,71.0,8.0,10.0
2021-08-05 16:52:01,90.0,79.0,5.0,6.0
2021-08-05 16:52:02,78.0,65.0,6.0,7.0
2021-08-05 16:52:03,70.0,61.0,5.0,4.0
2021-08-05 16:52:04,78.0,67.0,7.0,4.0
2021-08-05 16:52:05,75.0,64.0,5.0,6.0
2021-08-05 16:52:06,78.0,69.0,6.0,3.0
2021-08-05 16:52:07,76.0,68.0,4.0,4.0
2021-08-05 16:52:08,92.0,79.0,3.0,10.0
2021-08-05 16:52:09,74.0,65.0,8.0,1.0
2021-08-05 16:52:10,97.0,82.0,7.0,8.0
2021-08-05 16:52:11,90.0,77.0,7.0,6.0
2021-08-05 16:52:12,71.0,62.0,7.0,2.0
2021-08-05 16:52:13,103.0,89.0,9.0,5.0
2021-08-05 16:52:14,97.0,81.0,10.0,6.0
2021-08-05 16:52:15,91.0,74.0,8.0,9.0
2021-08-05 16:52:16,71.0,61.0,5.0,5.0
2021-08-05 16:52:17,76.0,66.0,8.0,2.0
2021-08-05 16:52:18,84.0,75.0,8.0,1.0
2021-08-05 16:52:19,90.0,77.0,7.0,6.0
2021-08-05 16:52:20,71.0,65.0,5.0,1.0
2021-08-05 16:52:21,78.0,60.0,11.0,7.0
2021-08-05 16:52:22,83.0,75.0,5.0,3.0
2021-08-05 16:52:23,82.0,74.0,7.0,1.0
2021-08-05 16:52:24,86.0,74.0,6.0,6.0
2021-08-05 16:52:25,84.0,69.0,6.0,9.0
2021-08-05 16:52:26,83.0,68.0,9.0,6.0
2021-08-05 16:52:27,82.0,73.0,5.0,4.0
2021-08-05 16:52:28,81.0,68.0,8.0,5.0
2021-08-05 16:52:29,78.0,65.0,5.0,8.0
2021-08-05 16:52:30,75.0,67.0,5.0,3.0
2021-08-05 16:52:31,62.0,57.0,3.0,2.0
2021-08-05 16:52:32,77.0,66.0,6.0,5.0
2021-08-05 16:52:33,74.0,68.0,4.0,2.0
2021-08-05 16:52:34,74.0,67.0,4.0,3.0
2021-08-05 16:52:35,65.0,57.0,5.0,3.0
2021-08-05 16:52:36,88.0,74.0,11.0,3.0
2021-08-05 16:52:37,81.0,64.0,10.0,7.0
2021-08-05 16:52:38,75.0,67.0,2.0,6.0
2021-08-05 16:52:39,77.0,63.0,7.0,7.0
2021-08-05 16:52:40,93.0,82.0,6.0,5.0
2021-08-05 16:52:41,83.0,73.0,4.0,6.0
2021-08-05 16:52:42,78.0,68.0,7.0,3.0
2021-08-05 16:52:43,74.0,66.0,6.0,2.0
2021-08-05 16:52:44,83.0,72.0,6.0,5.0
2021-08-05 16:52:45,94.0,82.0,7.0,5.0
2021-08-05 16:52:46,70.0,65.0,5.0,0.0
2021-08-05 16:52:47,74.0,68.0,3.0,3.0
2021-08-05 16:52:48,79.0,75.0,3.0,1.0
2021-08-05 16:52:49,75.0,66.0,6.0,3.0
2021-08-05 16:52:50,75.0,65.0,8.0,2.0
2021-08-05 16:52:51,74.0,66.0,4.0,4.0
2021-08-05 16:52:52,71.0,66.0,3.0,2.0
2021-08-05 16:52:53,83.0,67.0,11.0,5.0
2021-08-05 16:52:54,76.0,67.0,8.0,1.0
2021-08-05 16:52:55,84.0,73.0,7.0,4.0
2021-08-05 16:52:56,78.0,71.0,2.0,5.0
2021-08-05 16:52:57,103.0,91.0,8.0,4.0
2021-08-05 16:52:58,74.0,63.0,5.0,6.0
2021-08-05 16:52:59,77.0,68.0,7.0,2.0
2021-08-05 16:53:00,93.0,85.0,2.0,6.0
2021-08-05 16:53:01,84.0,72.0,7.0,5.0
2021-08-05 16:53:02,71.0,60.0,4.0,7.0
2021-08-05 16:53:03,73.0,63.0,7.0,3.0
2021-08-05 16:53:04,77.0,70.0,5.0,2.0
2021-08-05 16:53:05,69.0,65.0,2.0,2.0
2021-08-05 16:53:06,76.0,65.0,7.0,4.0
2021-08-05 16:53:07,85.0,72.0,7.0,6.0
2021-08-05 16:53:08,74.0,67.0,6.0,1.0
2021-08-05 16:53:09,70.0,60.0,7.0,3.0
2021-08-05 16:53:10,96.0,85.0,6.0,5.0
2021-08-05 16:53:11,73.0,66.0,6.0,1.0
2021-08-05 16:53:12,72.0,64.0,6.0,2.0
2021-08-05 16:53:13,79.0,67.0,4.0,8.0
2021-08-05 16:53:14,85.0,77.0,3.0,5.0
2021-08-05 16:53:15,89.0,74.0,9.0,6.0
2021-08-05 16:53:16,87.0,76.0,6.0,5.0
2021-08-05 16:53:17,79.0,68.0,5.0,6.0
2021-08-05 16:53:18,80.0,70.0,9.0,1.0
2021-08-05 16:53:19,86.0,79.0,2.0,5.0
2021-08-05 16:53:20,70.0,62.0,7.0,1.0
2021-08-05 16:53:21,85.0,74.0,8.0,3.0
2021-08-05 16:53:22,76.0,69.0,4.0,3.0
2021-08-05 16:53:23,80.0,73.0,3.0,4.0
2021-08-05 16:53:24,82.0,64.0,11.0,7.0
2021-08-05 16:53:25,77.0,65.0,6.0,6.0
2021-08-05 16:53:26,78.0,65.0,10.0,3.0
2021-08-05 16:53:27,72.0,65.0,5.0,2.0
2021-08-05 16:53:28,67.0,59.0,5.0,3.0
2021-08-05 16:53:29,79.0,67.0,10.0,2.0
2021-08-05 16:53:30,67.0,62.0,3.0,2.0
2021-08-05 16:53:31,68.0,60.0,4.0,4.0
2021-08-05 16:53:32,95.0,73.0,16.0,6.0
2021-08-05 16:53:33,71.0,63.0,5.0,3.0
2021-08-05 16:53:34,87.0,74.0,7.0,6.0
2021-08-05 16:53:35,102.0,91.0,11.0,0.0
2021-08-05 16:53:36,84.0,73.0,8.0,3.0
2021-08-05 16:53:37,91.0,84.0,3.0,4.0
2021-08-05 16:53:38,80.0,71.0,5.0,4.0
2021-08-05 16:53:39,88.0,77.0,8.0,3.0
2021-08-05 16:53:40,78.0,68.0,2.0,8.0
2021-08-05 16:53:41,72.0,64.0,4.0,4.0
2021-08-05 16:53:42,78.0,68.0,6.0,4.0
2021-08-05 16:53:43,82.0,72.0,4.0,6.0
2021-08-05 16:53:44,79.0,67.0,7.0,5.0
2021-08-05 16:53:45,89.0,78.0,9.0,2.0
2021-08-05 16:53:46,79.0,71.0,5.0,3.0
2021-08-05 16:53:47,76.0,68.0,2.0,6.0
2021-08-05 16:53:48,88.0,78.0,5.0,5.0
2021-08-05 16:53:49,77.0,68.0,5.0,4.0
2021-08-05 16:53:50,70.0,64.0,5.0,1.0
2021-08-05 16:53:51,80.0,66.0,9.0,5.0
2021-08-05 16:53:52,97.0,84.0,9.0,4.0
2021-08-05 16:53:53,91.0,84.0,6.0,1.0
2021-08-05 16:53:54,91.0,78.0,10.0,3.0
2021-08-05 16:53:55,86.0,77.0,7.0,2.0
2021-08-05 16:53:56,89.0,79.0,3.0,7.0
2021-08-05 16:53:57,78.0,67.0,9.0,2.0
2021-08-05 16:53:58,95.0,76.0,15.0,4.0
2021-08-05 16:53:59,66.0,60.0,2.0,4.0
2021-08-05 16:54:00,80.0,72.0,6.0,2.0
2021-08-05 16:54:01,88.0,75.0,9.0,4.0
2021-08-05 16:54:02,80.0,72.0,4.0,4.0
2021-08-05 16:54:03,80.0,73.0,3.0,4.0
2021-08-05 16:54:04,75.0,70.0,4.0,1.0
2021-08-05 16:54:05,63.0,52.0,10.0,1.0
2021-08-05 16:54:06,85.0,73.0,6.0,6.0
2021-08-05 16:54:07,95.0,80.0,9.0,6.0
2021-08-05 16:54:08,85.0,75.0,5.0,5.0
2021-08-05 16:54:09,84.0,74.0,8.0,2.0
2021-08-05 16:54:10,74.0,62.0,9.0,3.0
2021-08-05 16:54:11,80.0,67.0,10.0,3.0
2021-08-05 16:54:12,84.0,67.0,12.0,5.0
2021-08-05 16:54:13,86.0,78.0,4.0,4.0
2021-08-05 16:54:14,72.0,62.0,5.0,5.0
2021-08-05 16:54:15,80.0,71.0,6.0,3.0
2021-08-05 16:54:16,74.0,68.0,1.0,5.0
2021-08-05 16:54:17,78.0,70.0,7.0,1.0
2021-08-05 16:54:18,73.0,65.0,4.0,4.0
2021-08-05 16:54:19,75.0,64.0,6.0,5.0
2021-08-05 16:54:20,79.0,67.0,5.0,7.0
2021-08-05 16:54:21,88.0,81.0,3.0,4.0
2021-08-05 16:54:22,83.0,70.0,8.0,5.0
2021-08-05 16:54:23,91.0,82.0,6.0,3.0
2021-08-05 16:54:24,67.0,61.0,6.0,0.0
2021-08-05 16:54:25,92.0,81.0,5.0,6.0
2021-08-05 16:54:26,79.0,71.0,7.0,1.0
2021-08-05 16:54:27,80.0,70.0,4.0,6.0
2021-08-05 16:54:28,68.0,55.0,9.0,4.0
2021-08-05 16:54:29,91.0,82.0,4.0,5.0
2021-08-05 16:54:30,89.0,73.0,6.0,10.0
2021-08-05 16:54:31,88.0,74.0,7.0,7.0
2021-08-05 16:54:32,77.0,71.0,4.0,2.0
2021-08-05 16:54:33,87.0,70.0,10.0,7.0
2021-08-05 16:54:34,77.0,62.0,10.0,5.0
2021-08-05 16:54:35,66.0,55.0,8.0,3.0
2021-08-05 16:54:36,82.0,71.0,7.0,4.0
2021-08-05 16:54:37,78.0,69.0,5.0,4.0
2021-08-05 16:54:38,85.0,77.0,7.0,1.0
2021-08-05 16:54:39,94.0,76.0,12.0,6.0
2021-08-05 16:54:40,84.0,76.0,7.0,1.0
2021-08-05 16:54:41,90.0,80.0,8.0,2.0
2021-08-05 16:54:42,90.0,79.0,9.0,2.0
2021-08-05 16:54:43,75.0,69.0,6.0,0.0
2021-08-05 16:54:44,81.0,70.0,10.0,1.0
2021-08-05 16:54:45,76.0,69.0,5.0,2.0
2021-08-05 16:54:46,73.0,62.0,6.0,5.0
2021-08-05 16:54:47,81.0,71.0,4.0,6.0
2021-08-05 16:54:48,78.0,69.0,7.0,2.0
2021-08-05 16:54:49,93.0,74.0,9.0,10.0
2021-08-05 16:54:50,88.0,75.0,8.0,5.0
2021-08-05 16:54:51,82.0,70.0,8.0,4.0
2021-08-05 16:54:52,79.0,68.0,7.0,4.0
2021-08-05 16:54:53,70.0,61.0,6.0,3.0
2021-08-05 16:54:54,76.0,65.0,9.0,2.0
2021-08-05 16:54:55,68.0,62.0,1.0,5.0
2021-08-05 16:54:56,78.0,65.0,9.0,4.0
2021-08-05 16:54:57,64.0,58.0,5.0,1.0
2021-08-05 16:54:58,80.0,73.0,4.0,3.0
2021-08-05 16:54:59,96.0,87.0,7.0,2.0
2021-08-05 16:55:00,87.0,74.0,8.0,5.0
2021-08-05 16:55:01,85.0,66.0,13.0,6.0
2021-08-05 16:55:02,82.0,73.0,4.0,5.0
2021-08-05 16:55:03,69.0,58.0,6.0,5.0
2021-08-05 16:55:04,83.0,70.0,10.0,3.0
2021-08-05 16:55:05,85.0,75.0,8.0,2.0
2021-08-05 16:55:06,79.0,74.0,4.0,1.0
2021-08-05 16:55:07,90.0,73.0,12.0,5.0
2021-08-05 16:55:08,71.0,63.0,4.0,4.0
2021-08-05 16:55:09,71.0,59.0,8.0,4.0
2021-08-05 16:55:10,83.0,73.0,4.0,6.0
2021-08-05 16:55:11,80.0,69.0,6.0,5.0
2021-08-05 16:55:12,78.0,72.0,4.0,2.0
2021-08-05 16:55:13,75.0,65.0,6.0,4.0
2021-08-05 16:55:14,85.0,79.0,5.0,1.0
2021-08-05 16:55:15,81.0,69.0,9.0,3.0
2021-08-05 16:55:16,86.0,69.0,9.0,8.0
2021-08-05 16:55:17,79.0,74.0,4.0,1.0
2021-08-05 16:55:18,80.0,62.0,13.0,5.0
2021-08-05 16:55:19,93.0,80.0,10.0,3.0
2021-08-05 16:55:20,77.0,69.0,6.0,2.0
2021-08-05 16:55:21,86.0,74.0,7.0,5.0
2021-08-05 16:55:22,63.0,52.0,7.0,4.0
2021-08-05 16:55:23,84.0,72.0,5.0,7.0
2021-08-05 16:55:24,72.0,63.0,3.0,6.0
2021-08-05 16:55:25,94.0,75.0,13.0,6.0
2021-08-05 16:55:26,68.0,58.0,4.0,6.0
2021-08-05 16:55:27,82.0,69.0,7.0,6.0
2021-08-05 16:55:28,94.0,80.0,5.0,9.0
2021-08-05 16:55:29,66.0,57.0,5.0,4.0
2021-08-05 16:55:30,88.0,73.0,10.0,5.0
2021-08-05 16:55:31,79.0,74.0,2.0,3.0
2021-08-05 16:55:32,83.0,75.0,5.0,3.0
2021-08-05 16:55:33,77.0,70.0,4.0,3.0
2021-08-05 16:55:34,77.0,63.0,8.0,6.0
2021-08-05 16:55:35,72.0,60.0,5.0,7.0
2021-08-05 16:55:36,80.0,72.0,5.0,3.0
2021-08-05 16:55:37,92.0,79.0,6.0,7.0
2021-08-05 16:55:38,78.0,70.0,7.0,1.0
2021-08-05 16:55:39,84.0,76.0,4.0,4.0
2021-08-05 16:55:40,72.0,63.0,6.0,3.0
2021-08-05 16:55:41,80.0,71.0,9.0,0.0
2021-08-05 16:55:42,93.0,81.0,11.0,1.0
2021-08-05 16:55:43,82.0,74.0,5.0,3.0
2021-08-05 16:55:44,74.0,66.0,3.0,5.0
2021-08-05 16:55:45,70.0,63.0,5.0,2.0
2021-08-05 16:55:46,80.0,68.0,6.0,6.0
2021-08-05 16:55:47,83.0,74.0,5.0,4.0
2021-08-05 16:55:48,95.0,88.0,6.0,1.0
2021-08-05 16:55:49,73.0,66.0,4.0,3.0
2021-08-05 16:55:50,79.0,70.0,5.0,4.0
2021-08-05 16:55:51,87.0,77.0,5.0,5.0
2021-08-05 16:55:52,69.0,62.0,5.0,2.0
2021-08-05 16:55:53,77.0,69.0,7.0,1.0
2021-08-05 16:55:54,96.0,85.0,6.0,5.0
2021-08-05 16:55:55,88.0,78.0,7.0,3.0
2021-08-05 16:55:56,96.0,87.0,7.0,2.0
2021-08-05 16:55:57,97.0,82.0,10.0,5.0
2021-08-05 16:55:58,90.0,81.0,5.0,4.0
2021-08-05 16:55:59,75.0,66.0,5.0,4.0
2021-08-05 16:56:00,74.0,69.0,5.0,0.0
2021-08-05 16:56:01,67.0,58.0,5.0,4.0
2021-08-05 16:56:02,67.0,62.0,2.0,3.0
2021-08-05 16:56:03,90.0,81.0,7.0,2.0
2021-08-05 16:56:04,79.0,67.0,6.0,6.0
2021-08-05 16:56:05,79.0,68.0,7.0,4.0
2021-08-05 16:56:06,82.0,72.0,7.0,3.0
2021-08-05 16:56:07,83.0,69.0,7.0,7.0
2021-08-05 16:56:08,75.0,63.0,9.0,3.0
2021-08-05 16:56:09,92.0,81.0,5.0,6.0
2021-08-05 16:56:10,89.0,78.0,8.0,3.0
2021-08-05 16:56:11,80.0,72.0,5.0,3.0
2021-08-05 16:56:12,77.0,69.0,5.0,3.0
2021-08-05 16:56:13,82.0,71.0,10.0,1.0
2021-08-05 16:56:14,86.0,78.0,4.0,4.0
2021-08-05 16:56:15,77.0,61.0,11.0,5.0
2021-08-05 16:56:16,81.0,70.0,5.0,6.0
2021-08-05 16:56:17,90.0,80.0,6.0,4.0
2021-08-05 16:56:18,75.0,64.0,8.0,3.0
2021-08-05 16:56:19,81.0,66.0,8.0,7.0
2021-08-05 16:56:20,67.0,54.0,4.0,9.0
2021-08-05 16:56:21,96.0,84.0,8.0,4.0
2021-08-05 16:56:22,78.0,70.0,5.0,3.0
2021-08-05 16:56:23,85.0,70.0,7.0,8.0
2021-08-05 16:56:24,80.0,72.0,7.0,1.0
2021-08-05 16:56:25,84.0,78.0,5.0,1.0
2021-08-05 16:56:26,77.0,67.0,7.0,3.0
2021-08-05 16:56:27,88.0,69.0,11.0,8.0
2021-08-05 16:56:28,62.0,52.0,4.0,6.0
2021-08-05 16:56:29,76.0,67.0,6.0,3.0
2021-08-05 16:56:30,75.0,67.0,5.0,3.0
2021-08-05 16:56:31,82.0,67.0,11.0,4.0
2021-08-05 16:56:32,75.0,61.0,11.0,3.0
2021-08-05 16:56:33,75.0,65.0,2.0,8.0
2021-08-05 16:56:34,69.0,57.0,9.0,3.0
2021-08-05 16:56:35,74.0,71.0,2.0,1.0
2021-08-05 16:56:36,89.0,70.0,13.0,6.0
2021-08-05 16:56:37,86.0,77.0,2.0,7.0
2021-08-05 16:56:38,85.0,76.0,6.0,3.0
2021-08-05 16:56:39,81.0,69.0,8.0,4.0
2021-08-05 16:56:40,66.0,60.0,5.0,1.0
2021-08-05 16:56:41,77.0,66.0,5.0,6.0
2021-08-05 16:56:42,65.0,56.0,5.0,4.0
2021-08-05 16:56:43,84.0,75.0,5.0,4.0
2021-08-05 16:56:44,81.0,67.0,9.0,5.0
2021-08-05 16:56:45,80.0,70.0,6.0,4.0
2021-08-05 16:56:46,79.0,65.0,8.0,6.0
2021-08-05 16:56:47,82.0,70.0,8.0,4.0
2021-08-05 16:56:48,92.0,77.0,9.0,6.0
2021-08-05 16:56:49,101.0,86.0,9.0,6.0
2021-08-05 16:56:50,75.0,71.0,3.0,1.0
2021-08-05 16:56:51,83.0,72.0,7.0,4.0
2021-08-05 16:56:52,78.0,74.0,2.0,2.0
2021-08-05 16:56:53,84.0,69.0,7.0,8.0
2021-08-05 16:56:54,86.0,76.0,3.0,7.0
2021-08-05 16:56:55,77.0,68.0,5.0,4.0
2021-08-05 16:56:56,70.0,61.0,7.0,2.0
2021-08-05 16:56:57,62.0,53.0,5.0,4.0
2021-08-05 16:56:58,71.0,60.0,8.0,3.0
2021-08-05 16:56:59,92.0,84.0,6.0,2.0
2021-08-05 16:57:00,79.0,70.0,4.0,5.0
2021-08-05 16:57:01,90.0,81.0,6.0,3.0
2021-08-05 16:57:02,78.0,66.0,8.0,4.0
2021-08-05 16:57:03,85.0,76.0,6.0,3.0
2021-08-05 16:57:04,90.0,79.0,9.0,2.0
2021-08-05 16:57:05,75.0,66.0,5.0,4.0
2021-08-05 16:57:06,62.0,52.0,3.0,7.0
2021-08-05 16:57:07,71.0,60.0,7.0,4.0
2021-08-05 16:57:08,96.0,80.0,10.0,6.0
2021-08-05 16:57:09,99.0,85.0,8.0,6.0
2021-08-05 16:57:10,78.0,71.0,6.0,1.0
2021-08-05 16:57:11,86.0,81.0,3.0,2.0
2021-08-05 16:57:12,74.0,67.0,4.0,3.0
2021-08-05 16:57:13,77.0,64.0,7.0,6.0
2021-08-05 16:57:14,75.0,67.0,6.0,2.0
2021-08-05 16:57:15,79.0,68.0,7.0,4.0
2021-08-05 16:57:16,81.0,68.0,10.0,3.0
2021-08-05 16:57:17,91.0,81.0,3.0,7.0
2021-08-05 16:57:18,77.0,66.0,7.0,4.0
2021-08-05 16:57:19,84.0,70.0,10.0,4.0
2021-08-05 16:57:20,82.0,74.0,3.0,5.0
2021-08-05 16:57:21,91.0,83.0,6.0,2.0
2021-08-05 16:57:22,81.0,73.0,4.0,4.0
2021-08-05 16:57:23,80.0,70.0,7.0,3.0
2021-08-05 16:57:24,84.0,76.0,5.0,3.0
2021-08-05 16:57:25,103.0,89.0,8.0,6.0
2021-08-05 16:57:26,89.0,69.0,10.0,10.0
2021-08-05 16:57:27,77.0,67.0,8.0,2.0
2021-08-05 16:57:28,98.0,87.0,4.0,7.0
2021-08-05 16:57:29,78.0,68.0,6.0,4.0
2021-08-05 16:57:30,72.0,61.0,8.0,3.0
2021-08-05 16:57:31,86.0,74.0,8.0,4.0
2021-08-05 16:57:32,81.0,73.0,6.0,2.0
2021-08-05 16:57:33,82.0,74.0,5.0,3.0
2021-08-05 16:57:34,81.0,72.0,6.0,3.0
2021-08-05 16:57:35,99.0,87.0,10.0,2.0
2021-08-05 16:57:36,82.0,76.0,2.0,4.0
2021-08-05 16:57:37,74.0,64.0,5.0,5.0
2021-08-05 16:57:38,74.0,63.0,8.0,3.0
2021-08-05 16:57:39,73.0,60.0,10.0,3.0
2021-08-05 16:57:40,81.0,69.0,11.0,1.0
2021-08-05 16:57:41,88.0,79.0,4.0,5.0
2021-08-05 16:57:42,80.0,71.0,7.0,2.0
2021-08-05 16:57:43,73.0,63.0,8.0,2.0
2021-08-05 16:57:44,81.0,68.0,4.0,9.0
2021-08-05 16:57:45,80.0,71.0,3.0,6.0
2021-08-05 16:57:46,71.0,62.0,6.0,3.0
2021-08-05 16:57:47,86.0,76.0,8.0,2.0
2021-08-05 16:57:48,82.0,73.0,6.0,3.0
2021-08-05 16:57:49,87.0,75.0,9.0,3.0
2021-08-05 16:57:50,86.0,74.0,2.0,10.0
2021-08-05 16:57:51,78.0,66.0,9.0,3.0
2021-08-05 16:57:52,90.0,67.0,15.0,8.0
2021-08-05 16:57:53,89.0,78.0,7.0,4.0
2021-08-05 16:57:54,73.0,66.0,5.0,2.0
2021-08-05 16:57:55,75.0,60.0,8.0,7.0
2021-08-05 16:57:56,84.0,74.0,7.0,3.0
2021-08-05 16:57:57,82.0,69.0,8.0,5.0
2021-08-05 16:57:58,68.0,59.0,4.0,5.0
2021-08-05 16:57:59,103.0,88.0,7.0,8.0
2021-08-05 16:58:00,83.0,66.0,10.0,7.0
2021-08-05 16:58:01,78.0,66.0,6.0,6.0
2021-08-05 16:58:02,82.0,69.0,7.0,6.0
2021-08-05 16:58:03,95.0,85.0,7.0,3.0
2021-08-05 16:58:04,79.0,67.0,4.0,8.0
2021-08-05 16:58:05,77.0,70.0,6.0,1.0
2021-08-05 16:58:06,98.0,81.0,10.0,7.0
2021-08-05 16:58:07,94.0,82.0,8.0,4.0
2021-08-05 16:58:08,81.0,67.0,7.0,7.0
2021-08-05 16:58:09,70.0,64.0,5.0,1.0
2021-08-05 16:58:10,72.0,59.0,10.0,3.0
2021-08-05 16:58:11,78.0,71.0,6.0,1.0
2021-08-05 16:58:12,79.0,69.0,8.0,2.0
2021-08-05 16:58:13,79.0,74.0,5.0,0.0
2021-08-05 16:58:14,68.0,59.0,4.0,5.0
2021-08-05 16:58:15,74.0,73.0,1.0,0.0
2021-08-05 16:58:16,72.0,65.0,6.0,1.0
2021-08-05 16:58:17,85.0,76.0,5.0,4.0
2021-08-05 16:58:18,95.0,86.0,7.0,2.0
2021-08-05 16:58:19,88.0,77.0,5.0,6.0
2021-08-05 16:58:20,73.0,65.0,4.0,4.0
2021-08-05 16:58:21,82.0,70.0,7.0,5.0
2021-08-05 16:58:22,96.0,81.0,7.0,8.0
2021-08-05 16:58:23,71.0,67.0,3.0,1.0
2021-08-05 16:58:24,95.0,85.0,6.0,4.0
2021-08-05 16:58:25,76.0,67.0,4.0,5.0
2021-08-05 16:58:26,82.0,72.0,5.0,5.0
2021-08-05 16:58:27,80.0,71.0,5.0,4.0
2021-08-05 16:58:28,80.0,73.0,5.0,2.0
2021-08-05 16:58:29,70.0,61.0,6.0,3.0
2021-08-05 16:58:30,99.0,89.0,8.0,2.0
2021-08-05 16:58:31,74.0,65.0,4.0,5.0
2021-08-05 16:58:32,102.0,89.0,9.0,4.0
2021-08-05 16:58:33,88.0,74.0,6.0,8.0
2021-08-05 16:58:34,73.0,63.0,6.0,4.0
2021-08-05 16:58:35,102.0,89.0,9.0,4.0
2021-08-05 16:58:36,69.0,64.0,4.0,1.0
2021-08-05 16:58:37,81.0,71.0,7.0,3.0
2021-08-05 16:58:38,83.0,72.0,7.0,4.0
2021-08-05 16:58:39,81.0,71.0,7.0,3.0
2021-08-05 16:58:40,76.0,65.0,9.0,2.0
2021-08-05 16:58:41,84.0,74.0,6.0,4.0
2021-08-05 16:58:42,62.0,57.0,3.0,2.0
2021-08-05 16:58:43,73.0,61.0,8.0,4.0
2021-08-05 16:58:44,82.0,68.0,12.0,2.0
2021-08-05 16:58:45,89.0,79.0,7.0,3.0
2021-08-05 16:58:46,95.0,80.0,9.0,6.0
2021-08-05 16:58:47,74.0,61.0,5.0,8.0
2021-08-05 16:58:48,82.0,73.0,6.0,3.0
2021-08-05 16:58:49,91.0,81.0,7.0,3.0
2021-08-05 16:58:50,73.0,63.0,5.0,5.0
2021-08-05 16:58:51,69.0,60.0,6.0,3.0
2021-08-05 16:58:52,73.0,62.0,8.0,3.0
2021-08-05 16:58:53,76.0,69.0,5.0,2.0
2021-08-05 16:58:54,86.0,78.0,4.0,4.0
2021-08-05 16:58:55,86.0,69.0,9.0,8.0
2021-08-05 16:58:56,95.0,85.0,4.0,6.0
2021-08-05 16:58:57,91.0,85.0,5.0,1.0
2021-08-05 16:58:58,91.0,79.0,9.0,3.0
2021-08-05 16:58:59,63.0,55.0,2.0,6.0
2021-08-05 16:59:00,82.0,74.0,5.0,3.0
2021-08-05 16:59:01,76.0,64.0,6.0,6.0
2021-08-05 16:59:02,81.0,69.0,7.0,5.0
2021-08-05 16:59:03,67.0,55.0,8.0,4.0
2021-08-05 16:59:04,71.0,65.0,4.0,2.0
2021-08-05 16:59:05,90.0,71.0,14.0,5.0
2021-08-05 16:59:06,85.0,68.0,9.0,8.0
2021-08-05 16:59:07,78.0,70.0,3.0,5.0
2021-08-05 16:59:08,81.0,69.0,7.0,5.0
2021-08-05 16:59:09,90.0,84.0,4.0,2.0
2021-08-05 16:59:10,75.0,69.0,3.0,3.0
2021-08-05 16:59:11,85.0,72.0,6.0,7.0
2021-08-05 16:59:12,74.0,65.0,6.0,3.0
2021-08-05 16:59:13,94.0,79.0,10.0,5.0
2021-08-05 16:59:14,87.0,76.0,8.0,3.0
2021-08-05 16:59:15,69.0,57.0,9.0,3.0
2021-08-05 16:59:16,66.0,58.0,6.0,2.0
2021-08-05 16:59:17,74.0,70.0,2.0,2.0
2021-08-05 16:59:18,77.0,68.0,7.0,2.0
2021-08-05 16:59:19,80.0,69.0,2.0,9.0
2021-08-05 16:59:20,77.0,65.0,6.0,6.0
2021-08-05 16:59:21,81.0,72.0,4.0,5.0
2021-08-05 16:59:22,94.0,84.0,7.0,3.0
2021-08-05 16:59:23,94.0,75.0,15.0,4.0
2021-08-05 16:59:24,77.0,62.0,10.0,5.0
2021-08-05 16:59:25,86.0,77.0,5.0,4.0
2021-08-05 16:59:26,100.0,90.0,4.0,6.0
2021-08-05 16:59:27,74.0,67.0,5.0,2.0
2021-08-05 16:59:28,67.0,62.0,3.0,2.0
2021-08-05 16:59:29,75.0,62.0,9.0,4.0
2021-08-05 16:59:30,84.0,66.0,13.0,5.0
2021-08-05 16:59:31,73.0,68.0,5.0,0.0
2021-08-05 16:59:32,82.0,72.0,9.0,1.0
2021-08-05 16:59:33,77.0,69.0,5.0,3.0
2021-08-05 16:59:34,63.0,57.0,2.0,4.0
2021-08-05 16:59:35,92.0,75.0,11.0,6.0
2021-08-05 16:59:36,87.0,77.0,5.0,5.0
2021-08-05 16:59:37,75.0,68.0,3.0,4.0
2021-08-05 16:59:38,84.0,73.0,8.0,3.0
2021-08-05 16:59:39,70.0,60.0,4.0,6.0
2021-08-05 16:59:40,73.0,60.0,11.0,2.0
2021-08-05 16:59:41,79.0,71.0,3.0,5.0
2021-08-05 16:59:42,94.0,84.0,8.0,2.0
2021-08-05 16:59:43,86.0,77.0,2.0,7.0
2021-08-05 16:59:44,76.0,63.0,9.0,4.0
2021-08-05 16:59:45,71.0,61.0,7.0,3.0
2021-08-05 16:59:46,71.0,57.0,8.0,6.0
2021-08-05 16:59:47,75.0,69.0,2.0,4.0
2021-08-05 16:59:48,76.0,68.0,3.0,5.0
2021-08-05 16:59:49,79.0,72.0,3.0,4.0
2021-08-05 16:59:50,87.0,77.0,5.0,5.0
2021-08-05 16:59:51,78.0,74.0,2.0,2.0
2021-08-05 16:59:52,91.0,75.0,12.0,4.0
2021-08-05 16:59:53,86.0,78.0,5.0,3.0
2021-08-05 16:59:54,99.0,85.0,9.0,5.0
2021-08-05 16:59:55,95.0,87.0,4.0,4.0
2021-08-05 16:59:56,73.0,61.0,8.0,4.0
2021-08-05 16:59:57,76.0,66.0,5.0,5.0
2021-08-05 16:59:58,61.0,53.0,6.0,2.0
2021-08-05 16:59:59,85.0,77.0,6.0,2.0
2021-08-05 17:00:00,81.0,72.0,7.0,2.0
2021-08-05 17:00:01,71.0,62.0,6.0,3.0
2021-08-05 17:00:02,89.0,77.0,8.0,4.0
2021-08-05 17:00:03,82.0,74.0,4.0,4.0
2021-08-05 17:00:04,84.0,74.0,5.0,5.0
2021-08-05 17:00:05,80.0,65.0,11.0,4.0
2021-08-05 17:00:06,91.0,81.0,6.0,4.0
2021-08-05 17:00:07,85.0,76.0,7.0,2.0
2021-08-05 17:00:08,90.0,73.0,7.0,10.0
2021-08-05 17:00:09,76.0,67.0,8.0,1.0
2021-08-05 17:00:10,78.0,71.0,2.0,5.0
2021-08-05 17:00:11,87.0,76.0,4.0,7.0
2021-08-05 17:00:12,82.0,73.0,5.0,4.0
2021-08-05 17:00:13,86.0,70.0,6.0,10.0
2021-08-05 17:00:14,78.0,69.0,6.0,3.0
2021-08-05 17:00:15,77.0,71.0,1.0,5.0
2021-08-05 17:00:16,86.0,72.0,5.0,9.0
2021-08-05 17:00:17,81.0,71.0,6.0,4.0
2021-08-05 17:00:18,72.0,62.0,4.0,6.0
2021-08-05 17:00:19,93.0,78.0,9.0,6.0
2021-08-05 17:00:20,79.0,71.0,4.0,4.0
2021-08-05 17:00:21,83.0,69.0,6.0,8.0
2021-08-05 17:00:22,84.0,68.0,10.0,6.0
2021-08-05 17:00:23,67.0,55.0,9.0,3.0
2021-08-05 17:00:24,82.0,72.0,7.0,3.0
2021-08-05 17:00:25,88.0,79.0,5.0,4.0
2021-08-05 17:00:26,73.0,61.0,7.0,5.0
2021-08-05 17:00:27,77.0,66.0,9.0,2.0
2021-08-05 17:00:28,74.0,68.0,4.0,2.0
2021-08-05 17:00:29,73.0,59.0,12.0,2.0
2021-08-05 17:00:30,80.0,68.0,9.0,3.0
2021-08-05 17:00:31,74.0,69.0,4.0,1.0
2021-08-05 17:00:32,80.0,73.0,6.0,1.0
2021-08-05 17:00:33,65.0,55.0,4.0,6.0
2021-08-05 17:00:34,94.0,85.0,3.0,6.0
2021-08-05 17:00:35,83.0,76.0,3.0,4.0
2021-08-05 17:00:36,74.0,63.0,6.0,5.0
2021-08-05 17:00:37,69.0,63.0,5.0,1.0
2021-08-05 17:00:38,65.0,52.0,8.0,5.0
2021-08-05 17:00:39,58.0,53.0,3.0,2.0
2021-08-05 17:00:40,74.0,59.0,8.0,7.0
2021-08-05 17:00:41,91.0,77.0,9.0,5.0
2021-08-05 17:00:42,75.0,65.0,6.0,4.0
2021-08-05 17:00:43,71.0,61.0,5.0,5.0
2021-08-05 17:00:44,95.0,77.0,13.0,5.0
2021-08-05 17:00:45,78.0,63.0,8.0,7.0
2021-08-05 17:00:46,78.0,69.0,6.0,3.0
2021-08-05 17:00:47,86.0,76.0,2.0,8.0
2021-08-05 17:00:48,73.0,66.0,6.0,1.0
2021-08-05 17:00:49,83.0,70.0,8.0,5.0
2021-08-05 17:00:50,91.0,76.0,10.0,5.0
2021-08-05 17:00:51,81.0,68.0,7.0,6.0
2021-08-05 17:00:52,83.0,72.0,5.0,6.0
2021-08-05 17:00:53,91.0,78.0,7.0,6.0
2021-08-05 17:00:54,69.0,55.0,10.0,4.0
2021-08-05 17:00:55,77.0,62.0,8.0,7.0
2021-08-05 17:00:56,72.0,66.0,3.0,3.0
2021-08-05 17:00:57,89.0,73.0,7.0,9.0
2021-08-05 17:00:58,69.0,62.0,5.0,2.0
2021-08-05 17:00:59,98.0,83.0,9.0,6.0
2021-08-05 17:01:00,90.0,78.0,6.0,6.0
2021-08-05 17:01:01,67.0,55.0,8.0,4.0
2021-08-05 17:01:02,83.0,69.0,6.0,8.0
2021-08-05 17:01:03,81.0,70.0,4.0,7.0
2021-08-05 17:01:04,73.0,64.0,3.0,6.0
2021-08-05 17:01:05,68.0,61.0,6.0,1.0
2021-08-05 17:01:06,87.0,78.0,2.0,7.0
2021-08-05 17:01:07,76.0,63.0,11.0,2.0
2021-08-05 17:01:08,74.0,67.0,2.0,5.0
2021-08-05 17:01:09,76.0,71.0,2.0,3.0
2021-08-05 17:01:10,79.0,68.0,8.0,3.0
2021-08-05 17:01:11,85.0,74.0,5.0,6.0
2021-08-05 17:01:12,71.0,59.0,9.0,3.0
2021-08-05 17:01:13,83.0,73.0,7.0,3.0
2021-08-05 17:01:14,86.0,72.0,9.0,5.0
2021-08-05 17:01:15,73.0,65.0,4.0,4.0
2021-08-05 17:01:16,69.0,55.0,10.0,4.0
2021-08-05 17:01:17,79.0,71.0,3.0,5.0
2021-08-05 17:01:18,82.0,65.0,7.0,10.0
2021-08-05 17:01:19,75.0,63.0,4.0,8.0
2021-08-05 17:01:20,89.0,74.0,9.0,6.0
2021-08-05 17:01:21,79.0,69.0,4.0,6.0
2021-08-05 17:01:22,78.0,71.0,3.0,4.0
2021-08-05 17:01:23,83.0,70.0,8.0,5.0
2021-08-05 17:01:24,91.0,74.0,11.0,6.0
2021-08-05 17:01:25,80.0,69.0,4.0,7.0
2021-08-05 17:01:26,73.0,59.0,7.0,7.0
2021-08-05 17:01:27,72.0,69.0,2.0,1.0
2021-08-05 17:01:28,85.0,70.0,10.0,5.0
2021-08-05 17:01:29,78.0,67.0,6.0,5.0
2021-08-05 17:01:30,78.0,65.0,7.0,6.0
2021-08-05 17:01:31,83.0,75.0,3.0,5.0
2021-08-05 17:01:32,79.0,65.0,6.0,8.0
2021-08-05 17:01:33,68.0,57.0,9.0,2.0
2021-08-05 17:01:34,67.0,61.0,3.0,3.0
2021-08-05 17:01:35,84.0,76.0,5.0,3.0
2021-08-05 17:01:36,63.0,50.0,10.0,3.0
2021-08-05 17:01:37,76.0,69.0,5.0,2.0
2021-08-05 17:01:38,79.0,71.0,4.0,4.0
2021-08-05 17:01:39,71.0,60.0,7.0,4.0
2021-08-05 17:01:40,89.0,71.0,9.0,9.0
2021-08-05 17:01:41,82.0,70.0,7.0,5.0
2021-08-05 17:01:42,87.0,75.0,8.0,4.0
2021-08-05 17:01:43,79.0,70.0,3.0,6.0
2021-08-05 17:01:44,71.0,62.0,5.0,4.0
2021-08-05 17:01:45,86.0,78.0,4.0,4.0
2021-08-05 17:01:46,79.0,69.0,8.0,2.0
2021-08-05 17:01:47,97.0,87.0,3.0,7.0
2021-08-05 17:01:48,68.0,60.0,5.0,3.0
2021-08-05 17:01:49,87.0,81.0,4.0,2.0
2021-08-05 17:01:50,79.0,70.0,5.0,4.0
2021-08-05 17:01:51,81.0,74.0,4.0,3.0
2021-08-05 17:01:52,74.0,65.0,7.0,2.0
2021-08-05 17:01:53,82.0,67.0,7.0,8.0
2021-08-05 17:01:54,66.0,60.0,5.0,1.0
2021-08-05 17:01:55,75.0,66.0,7.0,2.0
2021-08-05 17:01:56,91.0,78.0,8.0,5.0
2021-08-05 17:01:57,86.0,77.0,5.0,4.0
2021-08-05 17:01:58,61.0,53.0,4.0,4.0
2021-08-05 17:01:59,81.0,76.0,3.0,2.0
2021-08-05 17:02:00,68.0,57.0,7.0,4.0
2021-08-05 17:02:01,75.0,65.0,9.0,1.0
2021-08-05 17:02:02,86.0,75.0,7.0,4.0
2021-08-05 17:02:03,81.0,70.0,5.0,6.0
2021-08-05 17:02:04,85.0,78.0,2.0,5.0
2021-08-05 17:02:05,74.0,64.0,6.0,4.0
2021-08-05 17:02:06,85.0,73.0,6.0,6.0
2021-08-05 17:02:07,67.0,60.0,5.0,2.0
2021-08-05 17:02:08,72.0,63.0,6.0,3.0
2021-08-05 17:02:09,76.0,62.0,4.0,10.0
2021-08-05 17:02:10,91.0,82.0,5.0,4.0
2021-08-05 17:02:11,82.0,66.0,10.0,6.0
2021-08-05 17:02:12,65.0,61.0,3.0,1.0
2021-08-05 17:02:13,87.0,72.0,8.0,7.0
2021-08-05 17:02:14,72.0,66.0,5.0,1.0
2021-08-05 17:02:15,73.0,66.0,6.0,1.0
2021-08-05 17:02:16,74.0,71.0,2.0,1.0
2021-08-05 17:02:17,83.0,75.0,7.0,1.0
2021-08-05 17:02:18,82.0,70.0,7.0,5.0
2021-08-05 17:02:19,85.0,77.0,4.0,4.0
2021-08-05 17:02:20,78.0,75.0,2.0,1.0
2021-08-05 17:02:21,86.0,72.0,11.0,3.0
2021-08-05 17:02:22,67.0,61.0,5.0,1.0
2021-08-05 17:02:23,70.0,62.0,3.0,5.0
2021-08-05 17:02:24,89.0,72.0,13.0,4.0
2021-08-05 17:02:25,74.0,62.0,8.0,4.0
2021-08-05 17:02:26,74.0,63.0,7.0,4.0
2021-08-05 17:02:27,77.0,68.0,7.0,2.0
2021-08-05 17:02:28,91.0,78.0,9.0,4.0
2021-08-05 17:02:29,76.0,62.0,6.0,8.0
2021-08-05 17:02:30,87.0,74.0,8.0,5.0
2021-08-05 17:02:31,73.0,64.0,7.0,2.0
2021-08-05 17:02:32,89.0,80.0,6.0,3.0
2021-08-05 17:02:33,102.0,92.0,6.0,4.0
2021-08-05 17:02:34,68.0,58.0,9.0,1.0
2021-08-05 17:02:35,73.0,60.0,7.0,6.0
2021-08-05 17:02:36,97.0,91.0,4.0,2.0
2021-08-05 17:02:37,74.0,68.0,4.0,2.0
2021-08-05 17:02:38,59.0,53.0,2.0,4.0
2021-08-05 17:02:39,78.0,69.0,3.0,6.0
2021-08-05 17:02:40,103.0,90.0,8.0,5.0
2021-08-05 17:02:41,86.0,80.0,5.0,1.0
2021-08-05 17:02:42,87.0,78.0,6.0,3.0
2021-08-05 17:02:43,77.0,69.0,6.0,2.0
2021-08-05 17:02:44,79.0,63.0,9.0,7.0
2021-08-05 17:02:45,85.0,72.0,9.0,4.0
2021-08-05 17:02:46,68.0,59.0,3.0,6.0
2021-08-05 17:02:47,77.0,66.0,5.0,6.0
2021-08-05 17:02:48,88.0,75.0,9.0,4.0
2021-08-05 17:02:49,86.0,76.0,7.0,3.0
2021-08-05 17:02:50,86.0,76.0,8.0,2.0
2021-08-05 17:02:51,65.0,57.0,5.0,3.0
2021-08-05 17:02:52,89.0,77.0,8.0,4.0
2021-08-05 17:02:53,97.0,84.0,10.0,3.0
2021-08-05 17:02:54,77.0,70.0,4.0,3.0
2021-08-05 17:02:55,87.0,78.0,5.0,4.0
2021-08-05 17:02:56,83.0,68.0,8.0,7.0
2021-08-05 17:02:57,81.0,69.0,10.0,2.0
2021-08-05 17:02:58,79.0,66.0,9.0,4.0
2021-08-05 17:02:59,72.0,59.0,8.0,5.0
2021-08-05 17:03:00,81.0,74.0,4.0,3.0
2021-08-05 17:03:01,63.0,52.0,7.0,4.0
2021-08-05 17:03:02,90.0,79.0,8.0,3.0
2021-08-05 17:03:03,77.0,69.0,4.0,4.0
2021-08-05 17:03:04,100.0,80.0,12.0,8.0
2021-08-05 17:03:05,87.0,79.0,2.0,6.0
2021-08-05 17:03:06,90.0,81.0,4.0,5.0
2021-08-05 17:03:07,84.0,73.0,4.0,7.0
2021-08-05 17:03:08,75.0,65.0,3.0,7.0
2021-08-05 17:03:09,69.0,59.0,7.0,3.0
2021-08-05 17:03:10,96.0,80.0,7.0,9.0
2021-08-05 17:03:11,82.0,74.0,4.0,4.0
2021-08-05 17:03:12,74.0,67.0,3.0,4.0
2021-08-05 17:03:13,71.0,66.0,2.0,3.0
2021-08-05 17:03:14,72.0,62.0,6.0,4.0
2021-08-05 17:03:15,84.0,76.0,6.0,2.0
2021-08-05 17:03:16,76.0,71.0,5.0,0.0
2021-08-05 17:03:17,77.0,62.0,13.0,2.0
2021-08-05 17:03:18,77.0,65.0,7.0,5.0
2021-08-05 17:03:19,83.0,76.0,4.0,3.0
2021-08-05 17:03:20,91.0,79.0,9.0,3.0
2021-08-05 17:03:21,80.0,70.0,6.0,4.0
2021-08-05 17:03:22,66.0,59.0,6.0,1.0
2021-08-05 17:03:23,78.0,67.0,8.0,3.0
2021-08-05 17:03:24,76.0,62.0,8.0,6.0
2021-08-05 17:03:25,100.0,86.0,7.0,7.0
2021-08-05 17:03:26,84.0,69.0,9.0,6.0
2021-08-05 17:03:27,72.0,60.0,5.0,7.0
2021-08-05 17:03:28,61.0,54.0,4.0,3.0
2021-08-05 17:03:29,81.0,71.0,7.0,3.0
2021-08-05 17:03:30,81.0,73.0,5.0,3.0
2021-08-05 17:03:31,64.0,55.0,7.0,2.0
2021-08-05 17:03:32,72.0,64.0,5.0,3.0
2021-08-05 17:03:33,70.0,61.0,6.0,3.0
2021-08-05 17:03:34,87.0,73.0,10.0,4.0
2021-08-05 17:03:35,93.0,83.0,7.0,3.0
2021-08-05 17:03:36,79.0,66.0,7.0,6.0
2021-08-05 17:03:37,74.0,67.0,5.0,2.0
2021-08-05 17:03:38,80.0,68.0,6.0,6.0
2021-08-05 17:03:39,80.0,72.0,5.0,3.0
2021-08-05 17:03:40,80.0,73.0,5.0,2.0
2021-08-05 17:03:41,70.0,59.0,4.0,7.0
2021-08-05 17:03:42,84.0,71.0,6.0,7.0
2021-08-05 17:03:43,93.0,83.0,8.0,2.0
2021-08-05 17:03:44,104.0,94.0,7.0,3.0
2021-08-05 17:03:45,87.0,76.0,5.0,6.0
2021-08-05 17:03:46,66.0,57.0,4.0,5.0
2021-08-05 17:03:47,89.0,80.0,3.0,6.0
2021-08-05 17:03:48,95.0,78.0,13.0,4.0
2021-08-05 17:03:49,80.0,70.0,9.0,1.0
2021-08-05 17:03:50,74.0,60.0,8.0,6.0
2021-08-05 17:03:51,71.0,60.0,6.0,5.0
2021-08-05 17:03:52,79.0,66.0,7.0,6.0
2021-08-05 17:03:53,80.0,70.0,8.0,2.0
2021-08-05 17:03:54,72.0,62.0,3.0,7.0
2021-08-05 17:03:55,86.0,74.0,9.0,3.0
2021-08-05 17:03:56,85.0,74.0,9.0,2.0
2021-08-05 17:03:57,92.0,76.0,11.0,5.0
2021-08-05 17:03:58,90.0,79.0,7.0,4.0
2021-08-05 17:03:59,89.0,78.0,5.0,6.0
2021-08-05 17:04:00,83.0,75.0,5.0,3.0
2021-08-05 17:04:01,79.0,76.0,2.0,1.0
2021-08-05 17:04:02,74.0,58.0,10.0,6.0
2021-08-05 17:04:03,62.0,57.0,4.0,1.0
2021-08-05 17:04:04,90.0,78.0,10.0,2.0
2021-08-05 17:04:05,83.0,77.0,3.0,3.0
2021-08-05 17:04:06,89.0,78.0,10.0,1.0
2021-08-05 17:04:07,90.0,70.0,8.0,12.0
2021-08-05 17:04:08,86.0,74.0,5.0,7.0
2021-08-05 17:04:09,94.0,81.0,10.0,3.0
2021-08-05 17:04:10,81.0,67.0,11.0,3.0
2021-08-05 17:04:11,84.0,77.0,2.0,5.0
2021-08-05 17:04:12,83.0,68.0,8.0,7.0
2021-08-05 17:04:13,79.0,68.0,4.0,7.0
2021-08-05 17:04:14,81.0,73.0,4.0,4.0
2021-08-05 17:04:15,95.0,84.0,9.0,2.0
2021-08-05 17:04:16,58.0,53.0,3.0,2.0
2021-08-05 17:04:17,81.0,72.0,6.0,3.0
2021-08-05 17:04:18,82.0,73.0,3.0,6.0
2021-08-05 17:04:19,86.0,78.0,6.0,2.0
2021-08-05 17:04:20,79.0,68.0,7.0,4.0
2021-08-05 17:04:21,80.0,69.0,7.0,4.0
2021-08-05 17:04:22,82.0,68.0,8.0,6.0
2021-08-05 17:04:23,84.0,78.0,3.0,3.0
2021-08-05 17:04:24,80.0,71.0,5.0,4.0
2021-08-05 17:04:25,87.0,75.0,5.0,7.0
2021-08-05 17:04:26,80.0,66.0,7.0,7.0
2021-08-05 17:04:27,99.0,81.0,13.0,5.0
2021-08-05 17:04:28,66.0,61.0,3.0,2.0
2021-08-05 17:04:29,83.0,70.0,4.0,9.0
2021-08-05 17:04:30,68.0,61.0,4.0,3.0
2021-08-05 17:04:31,99.0,79.0,11.0,9.0
2021-08-05 17:04:32,77.0,69.0,6.0,2.0
2021-08-05 17:04:33,73.0,65.0,6.0,2.0
2021-08-05 17:04:34,91.0,82.0,4.0,5.0
2021-08-05 17:04:35,70.0,62.0,3.0,5.0
2021-08-05 17:04:36,83.0,75.0,8.0,0.0
2021-08-05 17:04:37,84.0,75.0,7.0,2.0
2021-08-05 17:04:38,89.0,79.0,5.0,5.0
2021-08-05 17:04:39,75.0,62.0,10.0,3.0
2021-08-05 17:04:40,78.0,66.0,3.0,9.0
2021-08-05 17:04:41,67.0,60.0,7.0,0.0
2021-08-05 17:04:42,73.0,66.0,6.0,1.0
2021-08-05 17:04:43,79.0,72.0,5.0,2.0
2021-08-05 17:04:44,68.0,64.0,0.0,4.0
2021-08-05 17:04:45,89.0,75.0,10.0,4.0
2021-08-05 17:04:46,80.0,71.0,7.0,2.0
2021-08-05 17:04:47,71.0,64.0,5.0,2.0
2021-08-05 17:04:48,99.0,78.0,15.0,6.0
2021-08-05 17:04:49,95.0,83.0,4.0,8.0
2021-08-05 17:04:50,93.0,80.0,8.0,5.0
2021-08-05 17:04:51,87.0,71.0,8.0,8.0
2021-08-05 17:04:52,78.0,64.0,9.0,5.0
2021-08-05 17:04:53,84.0,79.0,1.0,4.0
2021-08-05 17:04:54,75.0,61.0,6.0,8.0
2021-08-05 17:04:55,89.0,84.0,4.0,1.0
2021-08-05 17:04:56,95.0,81.0,7.0,7.0
2021-08-05 17:04:57,78.0,69.0,6.0,3.0
2021-08-05 17:04:58,70.0,62.0,5.0,3.0
2021-08-05 17:04:59,84.0,72.0,7.0,5.0
2021-08-05 17:05:00,107.0,91.0,13.0,3.0
2021-08-05 17:05:01,88.0,73.0,6.0,9.0
2021-08-05 17:05:02,81.0,72.0,7.0,2.0
2021-08-05 17:05:03,76.0,70.0,3.0,3.0
2021-08-05 17:05:04,94.0,83.0,7.0,4.0
2021-08-05 17:05:05,81.0,72.0,4.0,5.0
2021-08-05 17:05:06,78.0,64.0,6.0,8.0
2021-08-05 17:05:07,91.0,75.0,8.0,8.0
2021-08-05 17:05:08,67.0,56.0,3.0,8.0
2021-08-05 17:05:09,68.0,61.0,5.0,2.0
2021-08-05 17:05:10,80.0,73.0,7.0,0.0
2021-08-05 17:05:11,95.0,77.0,9.0,9.0
2021-08-05 17:05:12,95.0,79.0,9.0,7.0
2021-08-05 17:05:13,76.0,68.0,5.0,3.0
2021-08-05 17:05:14,71.0,64.0,3.0,4.0
2021-08-05 17:05:15,85.0,76.0,9.0,0.0
2021-08-05 17:05:16,96.0,85.0,9.0,2.0
2021-08-05 17:05:17,75.0,63.0,8.0,4.0
2021-08-05 17:05:18,73.0,66.0,5.0,2.0
2021-08-05 17:05:19,83.0,75.0,5.0,3.0
2021-08-05 17:05:20,86.0,74.0,9.0,3.0
2021-08-05 17:05:21,76.0,66.0,4.0,6.0
2021-08-05 17:05:22,81.0,64.0,6.0,11.0
2021-08-05 17:05:23,85.0,76.0,6.0,3.0
2021-08-05 17:05:24,75.0,63.0,7.0,5.0
2021-08-05 17:05:25,85.0,74.0,4.0,7.0
2021-08-05 17:05:26,78.0,70.0,3.0,5.0
2021-08-05 17:05:27,69.0,64.0,4.0,1.0
2021-08-05 17:05:28,88.0,76.0,8.0,4.0
2021-08-05 17:05:29,67.0,58.0,5.0,4.0
2021-08-05 17:05:30,79.0,69.0,7.0,3.0
2021-08-05 17:05:31,78.0,73.0,3.0,2.0
2021-08-05 17:05:32,60.0,55.0,5.0,0.0
2021-08-05 17:05:33,96.0,81.0,9.0,6.0
2021-08-05 17:05:34,88.0,71.0,11.0,6.0
2021-08-05 17:05:35,99.0,87.0,7.0,5.0
2021-08-05 17:05:36,87.0,78.0,7.0,2.0
2021-08-05 17:05:37,85.0,71.0,8.0,6.0
2021-08-05 17:05:38,87.0,82.0,4.0,1.0
2021-08-05 17:05:39,81.0,71.0,7.0,3.0
2021-08-05 17:05:40,75.0,73.0,1.0,1.0
2021-08-05 17:05:41,79.0,71.0,4.0,4.0
2021-08-05 17:05:42,82.0,68.0,6.0,8.0
2021-08-05 17:05:43,77.0,67.0,7.0,3.0
2021-08-05 17:05:44,91.0,79.0,7.0,5.0
2021-08-05 17:05:45,84.0,67.0,12.0,5.0
2021-08-05 17:05:46,86.0,74.0,5.0,7.0
2021-08-05 17:05:47,77.0,64.0,10.0,3.0
2021-08-05 17:05:48,77.0,69.0,5.0,3.0
2021-08-05 17:05:49,94.0,80.0,9.0,5.0
2021-08-05 17:05:50,84.0,75.0,5.0,4.0
2021-08-05 17:05:51,87.0,75.0,8.0,4.0
2021-08-05 17:05:52,77.0,64.0,8.0,5.0
2021-08-05 17:05:53,106.0,93.0,9.0,4.0
2021-08-05 17:05:54,78.0,67.0,8.0,3.0
2021-08-05 17:05:55,82.0,74.0,3.0,5.0
2021-08-05 17:05:56,97.0,88.0,3.0,6.0
2021-08-05 17:05:57,76.0,68.0,4.0,4.0
2021-08-05 17:05:58,87.0,77.0,9.0,1.0
2021-08-05 17:05:59,79.0,66.0,10.0,3.0
2021-08-05 17:06:00,70.0,64.0,4.0,2.0
2021-08-05 17:06:01,81.0,70.0,7.0,4.0
2021-08-05 17:06:02,84.0,70.0,8.0,6.0
2021-08-05 17:06:03,65.0,56.0,7.0,2.0
2021-08-05 17:06:04,89.0,77.0,7.0,5.0
2021-08-05 17:06:05,103.0,86.0,11.0,6.0
2021-08-05 17:06:06,97.0,82.0,6.0,9.0
2021-08-05 17:06:07,86.0,78.0,7.0,1.0
2021-08-05 17:06:08,88.0,80.0,5.0,3.0
2021-08-05 17:06:09,59.0,50.0,7.0,2.0
2021-08-05 17:06:10,68.0,58.0,6.0,4.0
2021-08-05 17:06:11,75.0,63.0,8.0,4.0
2021-08-05 17:06:12,84.0,74.0,5.0,5.0
2021-08-05 17:06:13,87.0,77.0,7.0,3.0
2021-08-05 17:06:14,85.0,77.0,7.0,1.0
2021-08-05 17:06:15,72.0,57.0,6.0,9.0
2021-08-05 17:06:16,68.0,58.0,7.0,3.0
2021-08-05 17:06:17,67.0,56.0,7.0,4.0
2021-08-05 17:06:18,89.0,76.0,9.0,4.0
2021-08-05 17:06:19,90.0,78.0,9.0,3.0
2021-08-05 17:06:20,102.0,89.0,8.0,5.0
2021-08-05 17:06:21,99.0,85.0,7.0,7.0
2021-08-05 17:06:22,68.0,55.0,7.0,6.0
2021-08-05 17:06:23,88.0,69.0,12.0,7.0
2021-08-05 17:06:24,87.0,76.0,6.0,5.0
2021-08-05 17:06:25,105.0,88.0,10.0,7.0
2021-08-05 17:06:26,77.0,68.0,6.0,3.0
2021-08-05 17:06:27,74.0,64.0,5.0,5.0
2021-08-05 17:06:28,90.0,74.0,10.0,6.0
2021-08-05 17:06:29,73.0,64.0,5.0,4.0
2021-08-05 17:06:30,73.0,67.0,4.0,2.0
2021-08-05 17:06:31,94.0,86.0,6.0,2.0
2021-08-05 17:06:32,72.0,64.0,7.0,1.0
2021-08-05 17:06:33,88.0,80.0,2.0,6.0
2021-08-05 17:06:34,90.0,77.0,11.0,2.0
2021-08-05 17:06:35,74.0,65.0,7.0,2.0
2021-08-05 17:06:36,87.0,72.0,9.0,6.0
2021-08-05 17:06:37,82.0,70.0,7.0,5.0
2021-08-05 17:06:38,76.0,64.0,8.0,4.0
2021-08-05 17:06:39,67.0,58.0,5.0,4.0
2021-08-05 17:06:40,108.0,89.0,10.0,9.0
2021-08-05 17:06:41,86.0,79.0,3.0,4.0
2021-08-05 17:06:42,85.0,73.0,8.0,4.0
2021-08-05 17:06:43,75.0,62.0,6.0,7.0
2021-08-05 17:06:44,76.0,70.0,3.0,3.0
2021-08-05 17:06:45,92.0,72.0,14.0,6.0
2021-08-05 17:06:46,73.0,63.0,8.0,2.0
2021-08-05 17:06:47,88.0,76.0,3.0,9.0
2021-08-05 17:06:48,85.0,71.0,10.0,4.0
2021-08-05 17:06:49,81.0,70.0,8.0,3.0
2021-08-05 17:06:50,83.0,71.0,7.0,5.0
2021-08-05 17:06:51,81.0,69.0,8.0,4.0
2021-08-05 17:06:52,83.0,68.0,9.0,6.0
2021-08-05 17:06:53,77.0,66.0,7.0,4.0
2021-08-05 17:06:54,84.0,67.0,14.0,3.0
2021-08-05 17:06:55,79.0,70.0,6.0,3.0
2021-08-05 17:06:56,84.0,69.0,7.0,8.0
2021-08-05 17:06:57,67.0,60.0,6.0,1.0
2021-08-05 17:06:58,75.0,65.0,6.0,4.0
2021-08-05 17:06:59,89.0,74.0,11.0,4.0
2021-08-05 17:07:00,96.0,85.0,7.0,4.0
2021-08-05 17:07:01,91.0,80.0,6.0,5.0
2021-08-05 17:07:02,71.0,65.0,3.0,3.0
2021-08-05 17:07:03,79.0,72.0,3.0,4.0
2021-08-05 17:07:04,75.0,63.0,7.0,5.0
2021-08-05 17:07:05,73.0,65.0,8.0,0.0
2021-08-05 17:07:06,96.0,77.0,11.0,8.0
2021-08-05 17:07:07,73.0,60.0,7.0,6.0
2021-08-05 17:07:08,69.0,60.0,5.0,4.0
2021-08-05 17:07:09,72.0,59.0,10.0,3.0
2021-08-05 17:07:10,79.0,68.0,6.0,5.0
2021-08-05 17:07:11,87.0,79.0,6.0,2.0
2021-08-05 17:07:12,91.0,79.0,9.0,3.0
2021-08-05 17:07:13,83.0,70.0,9.0,4.0
2021-08-05 17:07:14,96.0,80.0,13.0,3.0
2021-08-05 17:07:15,80.0,73.0,5.0,2.0
2021-08-05 17:07:16,65.0,60.0,4.0,1.0
2021-08-05 17:07:17,75.0,60.0,10.0,5.0
2021-08-05 17:07:18,93.0,87.0,1.0,5.0
2021-08-05 17:07:19,72.0,65.0,4.0,3.0
2021-08-05 17:07:20,87.0,74.0,8.0,5.0
2021-08-05 17:07:21,86.0,76.0,6.0,4.0
2021-08-05 17:07:22,96.0,86.0,8.0,2.0
2021-08-05 17:07:23,70.0,56.0,11.0,3.0
2021-08-05 17:07:24,89.0,76.0,5.0,8.0
2021-08-05 17:07:25,88.0,73.0,5.0,10.0
2021-08-05 17:07:26,76.0,72.0,3.0,1.0
2021-08-05 17:07:27,88.0,83.0,5.0,0.0
2021-08-05 17:07:28,77.0,69.0,3.0,5.0
2021-08-05 17:07:29,79.0,69.0,7.0,3.0
2021-08-05 17:07:30,93.0,87.0,4.0,2.0
2021-08-05 17:07:31,65.0,55.0,5.0,5.0
2021-08-05 17:07:32,73.0,67.0,3.0,3.0
2021-08-05 17:07:33,80.0,69.0,4.0,7.0
2021-08-05 17:07:34,70.0,64.0,3.0,3.0
2021-08-05 17:07:35,72.0,61.0,6.0,5.0
2021-08-05 17:07:36,68.0,62.0,5.0,1.0
2021-08-05 17:07:37,76.0,64.0,9.0,3.0
2021-08-05 17:07:38,72.0,64.0,4.0,4.0
2021-08-05 17:07:39,66.0,55.0,10.0,1.0
2021-08-05 17:07:40,89.0,75.0,7.0,7.0
2021-08-05 17:07:41,85.0,70.0,8.0,7.0
2021-08-05 17:07:42,98.0,84.0,10.0,4.0
2021-08-05 17:07:43,82.0,73.0,8.0,1.0
2021-08-05 17:07:44,82.0,74.0,6.0,2.0
2021-08-05 17:07:45,79.0,69.0,4.0,6.0
2021-08-05 17:07:46,81.0,66.0,11.0,4.0
2021-08-05 17:07:47,76.0,70.0,5.0,1.0
2021-08-05 17:07:48,71.0,63.0,5.0,3.0
2021-08-05 17:07:49,71.0,62.0,8.0,1.0
2021-08-05 17:07:50,83.0,70.0,7.0,6.0
2021-08-05 17:07:51,67.0,55.0,8.0,4.0
2021-08-05 17:07:52,87.0,80.0,5.0,2.0
2021-08-05 17:07:53,75.0,66.0,3.0,6.0
2021-08-05 17:07:54,75.0,62.0,6.0,7.0
2021-08-05 17:07:55,81.0,72.0,4.0,5.0
2021-08-05 17:07:56,78.0,67.0,7.0,4.0
2021-08-05 17:07:57,85.0,78.0,5.0,2.0
2021-08-05 17:07:58,66.0,62.0,4.0,0.0
2021-08-05 17:07:59,77.0,57.0,15.0,5.0
2021-08-05 17:08:00,98.0,86.0,10.0,2.0
2021-08-05 17:08:01,90.0,75.0,11.0,4.0
2021-08-05 17:08:02,88.0,74.0,8.0,6.0
2021-08-05 17:08:03,84.0,74.0,5.0,5.0
2021-08-05 17:08:04,72.0,63.0,6.0,3.0
2021-08-05 17:08:05,79.0,65.0,8.0,6.0
2021-08-05 17:08:06,82.0,76.0,4.0,2.0
2021-08-05 17:08:07,66.0,58.0,7.0,1.0
2021-08-05 17:08:08,73.0,62.0,6.0,5.0
2021-08-05 17:08:09,84.0,74.0,9.0,1.0
2021-08-05 17:08:10,97.0,79.0,11.0,7.0
2021-08-05 17:08:11,73.0,63.0,8.0,2.0
2021-08-05 17:08:12,93.0,83.0,6.0,4.0
2021-08-05 17:08:13,71.0,60.0,6.0,5.0
2021-08-05 17:08:14,90.0,77.0,7.0,6.0
2021-08-05 17:08:15,67.0,64.0,2.0,1.0
2021-08-05 17:08:16,103.0,95.0,7.0,1.0
2021-08-05 17:08:17,71.0,62.0,6.0,3.0
2021-08-05 17:08:18,80.0,62.0,10.0,8.0
2021-08-05 17:08:19,87.0,74.0,4.0,9.0
2021-08-05 17:08:20,79.0,72.0,3.0,4.0
2021-08-05 17:08:21,98.0,86.0,10.0,2.0
2021-08-05 17:08:22,72.0,67.0,1.0,4.0
2021-08-05 17:08:23,82.0,72.0,8.0,2.0
2021-08-05 17:08:24,86.0,68.0,9.0,9.0
2021-08-05 17:08:25,80.0,71.0,7.0,2.0
2021-08-05 17:08:26,87.0,76.0,7.0,4.0
2021-08-05 17:08:27,85.0,66.0,9.0,10.0
2021-08-05 17:08:28,81.0,68.0,12.0,1.0
2021-08-05 17:08:29,89.0,75.0,8.0,6.0
2021-08-05 17:08:30,77.0,69.0,4.0,4.0
2021-08-05 17:08:31,78.0,73.0,3.0,2.0
2021-08-05 17:08:32,94.0,84.0,6.0,4.0
2021-08-05 17:08:33,83.0,73.0,7.0,3.0
2021-08-05 17:08:34,83.0,76.0,5.0,2.0
2021-08-05 17:08:35,70.0,65.0,4.0,1.0
2021-08-05 17:08:36,95.0,77.0,10.0,8.0
2021-08-05 17:08:37,73.0,68.0,2.0,3.0
2021-08-05 17:08:38,81.0,70.0,8.0,3.0
2021-08-05 17:08:39,104.0,89.0,8.0,7.0
2021-08-05 17:08:40,97.0,85.0,8.0,4.0
2021-08-05 17:08:41,73.0,65.0,4.0,4.0
2021-08-05 17:08:42,94.0,77.0,14.0,3.0
2021-08-05 17:08:43,82.0,71.0,5.0,6.0
2021-08-05 17:08:44,93.0,80.0,8.0,5.0
2021-08-05 17:08:45,85.0,76.0,4.0,5.0
2021-08-05 17:08:46,97.0,85.0,8.0,4.0
2021-08-05 17:08:47,77.0,72.0,4.0,1.0
2021-08-05 17:08:48,85.0,68.0,9.0,8.0
2021-08-05 17:08:49,71.0,62.0,4.0,5.0
2021-08-05 17:08:50,67.0,61.0,3.0,3.0
2021-08-05 17:08:51,91.0,80.0,5.0,6.0
2021-08-05 17:08:52,79.0,72.0,3.0,4.0
2021-08-05 17:08:53,75.0,70.0,4.0,1.0
2021-08-05 17:08:54,90.0,77.0,9.0,4.0
2021-08-05 17:08:55,72.0,58.0,7.0,7.0
2021-08-05 17:08:56,72.0,65.0,4.0,3.0
2021-08-05 17:08:57,81.0,66.0,6.0,9.0
2021-08-05 17:08:58,87.0,70.0,8.0,9.0
2021-08-05 17:08:59,87.0,76.0,5.0,6.0
2021-08-05 17:09:00,80.0,63.0,12.0,5.0
2021-08-05 17:09:01,81.0,74.0,4.0,3.0
2021-08-05 17:09:02,84.0,72.0,6.0,6.0
2021-08-05 17:09:03,83.0,75.0,4.0,4.0
2021-08-05 17:09:04,82.0,71.0,7.0,4.0
2021-08-05 17:09:05,71.0,61.0,6.0,4.0
2021-08-05 17:09:06,94.0,87.0,5.0,2.0
2021-08-05 17:09:07,81.0,71.0,2.0,8.0
2021-08-05 17:09:08,89.0,83.0,4.0,2.0
2021-08-05 17:09:09,89.0,78.0,6.0,5.0
2021-08-05 17:09:10,80.0,67.0,6.0,7.0
2021-08-05 17:09:11,82.0,70.0,5.0,7.0
2021-08-05 17:09:12,79.0,69.0,4.0,6.0
2021-08-05 17:09:13,91.0,77.0,10.0,4.0
2021-08-05 17:09:14,61.0,51.0,5.0,5.0
2021-08-05 17:09:15,91.0,75.0,10.0,6.0
2021-08-05 17:09:16,85.0,76.0,7.0,2.0
2021-08-05 17:09:17,84.0,73.0,4.0,7.0
2021-08-05 17:09:18,71.0,65.0,4.0,2.0
2021-08-05 17:09:19,93.0,83.0,5.0,5.0
2021-08-05 17:09:20,81.0,70.0,6.0,5.0
2021-08-05 17:09:21,72.0,57.0,6.0,9.0
2021-08-05 17:09:22,84.0,80.0,2.0,2.0
2021-08-05 17:09:23,86.0,79.0,4.0,3.0
2021-08-05 17:09:24,83.0,75.0,6.0,2.0
2021-08-05 17:09:25,79.0,68.0,5.0,6.0
2021-08-05 17:09:26,80.0,73.0,3.0,4.0
2021-08-05 17:09:27,88.0,77.0,8.0,3.0
2021-08-05 17:09:28,91.0,82.0,4.0,5.0
2021-08-05 17:09:29,80.0,70.0,6.0,4.0
2021-08-05 17:09:30,82.0,76.0,3.0,3.0
2021-08-05 17:09:31,96.0,88.0,6.0,2.0
2021-08-05 17:09:32,79.0,73.0,3.0,3.0
2021-08-05 17:09:33,81.0,72.0,6.0,3.0
2021-08-05 17:09:34,96.0,88.0,6.0,2.0
2021-08-05 17:09:35,74.0,69.0,4.0,1.0
2021-08-05 17:09:36,68.0,60.0,7.0,1.0
2021-08-05 17:09:37,80.0,70.0,8.0,2.0
2021-08-05 17:09:38,97.0,85.0,9.0,3.0
2021-08-05 17:09:39,79.0,69.0,7.0,3.0
2021-08-05 17:09:40,88.0,75.0,9.0,4.0
2021-08-05 17:09:41,83.0,71.0,8.0,4.0
2021-08-05 17:09:42,85.0,71.0,11.0,3.0
2021-08-05 17:09:43,79.0,68.0,7.0,4.0
2021-08-05 17:09:44,80.0,69.0,6.0,5.0
2021-08-05 17:09:45,79.0,63.0,7.0,9.0
2021-08-05 17:09:46,86.0,79.0,4.0,3.0
2021-08-05 17:09:47,92.0,80.0,5.0,7.0
2021-08-05 17:09:48,98.0,88.0,4.0,6.0
2021-08-05 17:09:49,81.0,66.0,10.0,5.0
2021-08-05 17:09:50,88.0,78.0,7.0,3.0
2021-08-05 17:09:51,85.0,71.0,8.0,6.0
2021-08-05 17:09:52,85.0,73.0,10.0,2.0
2021-08-05 17:09:53,89.0,81.0,7.0,1.0
2021-08-05 17:09:54,74.0,64.0,6.0,4.0
2021-08-05 17:09:55,83.0,75.0,5.0,3.0
2021-08-05 17:09:56,81.0,74.0,4.0,3.0
2021-08-05 17:09:57,77.0,66.0,8.0,3.0
2021-08-05 17:09:58,80.0,72.0,6.0,2.0
2021-08-05 17:09:59,77.0,71.0,5.0,1.0
2021-08-05 17:10:00,82.0,78.0,2.0,2.0
2021-08-05 17:10:01,61.0,54.0,5.0,2.0
2021-08-05 17:10:02,87.0,76.0,5.0,6.0
2021-08-05 17:10:03,74.0,70.0,4.0,0.0
2021-08-05 17:10:04,97.0,85.0,6.0,6.0
2021-08-05 17:10:05,72.0,65.0,6.0,1.0
2021-08-05 17:10:06,86.0,73.0,7.0,6.0
2021-08-05 17:10:07,82.0,72.0,5.0,5.0
2021-08-05 17:10:08,66.0,53.0,10.0,3.0
2021-08-05 17:10:09,82.0,70.0,9.0,3.0
2021-08-05 17:10:10,95.0,85.0,7.0,3.0
2021-08-05 17:10:11,68.0,59.0,6.0,3.0
2021-08-05 17:10:12,88.0,72.0,9.0,7.0
2021-08-05 17:10:13,78.0,72.0,6.0,0.0
2021-08-05 17:10:14,102.0,92.0,6.0,4.0
2021-08-05 17:10:15,78.0,68.0,9.0,1.0
2021-08-05 17:10:16,71.0,65.0,5.0,1.0
2021-08-05 17:10:17,91.0,78.0,7.0,6.0
2021-08-05 17:10:18,73.0,62.0,7.0,4.0
2021-08-05 17:10:19,61.0,49.0,6.0,6.0
2021-08-05 17:10:20,100.0,84.0,8.0,8.0
2021-08-05 17:10:21,76.0,70.0,4.0,2.0
2021-08-05 17:10:22,90.0,76.0,10.0,4.0
2021-08-05 17:10:23,84.0,75.0,3.0,6.0
2021-08-05 17:10:24,80.0,74.0,4.0,2.0
2021-08-05 17:10:25,87.0,70.0,10.0,7.0
2021-08-05 17:10:26,82.0,76.0,5.0,1.0
2021-08-05 17:10:27,74.0,65.0,6.0,3.0
2021-08-05 17:10:28,62.0,55.0,4.0,3.0
2021-08-05 17:10:29,95.0,87.0,6.0,2.0
2021-08-05 17:10:30,86.0,77.0,6.0,3.0
2021-08-05 17:10:31,65.0,55.0,6.0,4.0
2021-08-05 17:10:32,64.0,57.0,4.0,3.0
2021-08-05 17:10:33,89.0,77.0,5.0,7.0
2021-08-05 17:10:34,71.0,60.0,8.0,3.0
2021-08-05 17:10:35,86.0,73.0,6.0,7.0
2021-08-05 17:10:36,76.0,65.0,10.0,1.0
2021-08-05 17:10:37,84.0,68.0,12.0,4.0
2021-08-05 17:10:38,92.0,79.0,9.0,4.0
2021-08-05 17:10:39,67.0,57.0,10.0,0.0
2021-08-05 17:10:40,85.0,75.0,7.0,3.0
2021-08-05 17:10:41,78.0,70.0,5.0,3.0
2021-08-05 17:10:42,81.0,73.0,8.0,0.0
2021-08-05 17:10:43,93.0,83.0,6.0,4.0
2021-08-05 17:10:44,97.0,83.0,7.0,7.0
2021-08-05 17:10:45,85.0,77.0,4.0,4.0
2021-08-05 17:10:46,68.0,58.0,8.0,2.0
2021-08-05 17:10:47,93.0,83.0,6.0,4.0
2021-08-05 17:10:48,84.0,74.0,7.0,3.0
2021-08-05 17:10:49,83.0,75.0,5.0,3.0
2021-08-05 17:10:50,87.0,80.0,2.0,5.0
2021-08-05 17:10:51,73.0,54.0,11.0,8.0
2021-08-05 17:10:52,83.0,70.0,9.0,4.0
2021-08-05 17:10:53,82.0,73.0,5.0,4.0
2021-08-05 17:10:54,86.0,80.0,4.0,2.0
2021-08-05 17:10:55,73.0,64.0,5.0,4.0
2021-08-05 17:10:56,99.0,91.0,5.0,3.0
2021-08-05 17:10:57,78.0,67.0,7.0,4.0
2021-08-05 17:10:58,106.0,96.0,5.0,5.0
2021-08-05 17:10:59,88.0,81.0,5.0,2.0
2021-08-05 17:11:00,93.0,80.0,7.0,6.0
2021-08-05 17:11:01,72.0,62.0,4.0,6.0
2021-08-05 17:11:02,87.0,70.0,9.0,8.0
2021-08-05 17:11:03,87.0,74.0,8.0,5.0
2021-08-05 17:11:04,83.0,72.0,7.0,4.0
2021-08-05 17:11:05,72.0,68.0,3.0,1.0
2021-08-05 17:11:06,81.0,73.0,5.0,3.0
2021-08-05 17:11:07,84.0,74.0,5.0,5.0
2021-08-05 17:11:08,88.0,73.0,13.0,2.0
2021-08-05 17:11:09,74.0,65.0,4.0,5.0
2021-08-05 17:11:10,80.0,72.0,4.0,4.0
2021-08-05 17:11:11,81.0,65.0,9.0,7.0
2021-08-05 17:11:12,70.0,57.0,7.0,6.0
2021-08-05 17:11:13,77.0,69.0,3.0,5.0
2021-08-05 17:11:14,97.0,82.0,4.0,11.0
2021-08-05 17:11:15,90.0,78.0,6.0,6.0
2021-08-05 17:11:16,87.0,71.0,10.0,6.0
2021-08-05 17:11:17,84.0,73.0,6.0,5.0
2021-08-05 17:11:18,72.0,66.0,5.0,1.0
2021-08-05 17:11:19,90.0,78.0,10.0,2.0
2021-08-05 17:11:20,102.0,89.0,8.0,5.0
2021-08-05 17:11:21,86.0,74.0,8.0,4.0
2021-08-05 17:11:22,93.0,80.0,7.0,6.0
2021-08-05 17:11:23,83.0,71.0,6.0,6.0
2021-08-05 17:11:24,77.0,61.0,6.0,10.0
2021-08-05 17:11:25,71.0,60.0,9.0,2.0
2021-08-05 17:11:26,67.0,61.0,3.0,3.0
2021-08-05 17:11:27,80.0,72.0,3.0,5.0
2021-08-05 17:11:28,82.0,74.0,6.0,2.0
2021-08-05 17:11:29,97.0,81.0,11.0,5.0
2021-08-05 17:11:30,92.0,77.0,7.0,8.0
2021-08-05 17:11:31,79.0,71.0,5.0,3.0
2021-08-05 17:11:32,72.0,62.0,4.0,6.0
2021-08-05 17:11:33,91.0,78.0,8.0,5.0
2021-08-05 17:11:34,64.0,60.0,2.0,2.0
2021-08-05 17:11:35,80.0,65.0,9.0,6.0
2021-08-05 17:11:36,78.0,71.0,4.0,3.0
2021-08-05 17:11:37,80.0,70.0,4.0,6.0
2021-08-05 17:11:38,77.0,69.0,7.0,1.0
2021-08-05 17:11:39,83.0,74.0,2.0,7.0
2021-08-05 17:11:40,80.0,72.0,5.0,3.0
2021-08-05 17:11:41,85.0,70.0,7.0,8.0
2021-08-05 17:11:42,70.0,58.0,9.0,3.0
2021-08-05 17:11:43,70.0,58.0,5.0,7.0
2021-08-05 17:11:44,87.0,68.0,10.0,9.0
2021-08-05 17:11:45,82.0,71.0,5.0,6.0
2021-08-05 17:11:46,76.0,68.0,3.0,5.0
2021-08-05 17:11:47,90.0,80.0,5.0,5.0
2021-08-05 17:11:48,78.0,60.0,11.0,7.0
2021-08-05 17:11:49,81.0,70.0,6.0,5.0
2021-08-05 17:11:50,77.0,65.0,9.0,3.0
2021-08-05 17:11:51,85.0,71.0,6.0,8.0
2021-08-05 17:11:52,69.0,61.0,5.0,3.0
2021-08-05 17:11:53,74.0,61.0,8.0,5.0
2021-08-05 17:11:54,92.0,84.0,8.0,0.0
2021-08-05 17:11:55,82.0,72.0,8.0,2.0
2021-08-05 17:11:56,79.0,68.0,4.0,7.0
2021-08-05 17:11:57,86.0,74.0,9.0,3.0
2021-08-05 17:11:58,82.0,71.0,5.0,6.0
2021-08-05 17:11:59,101.0,88.0,9.0,4.0
2021-08-05 17:12:00,72.0,61.0,6.0,5.0
2021-08-05 17:12:01,97.0,84.0,8.0,5.0
2021-08-05 17:12:02,75.0,60.0,9.0,6.0
2021-08-05 17:12:03,81.0,73.0,5.0,3.0
2021-08-05 17:12:04,94.0,84.0,8.0,2.0
2021-08-05 17:12:05,70.0,62.0,3.0,5.0
2021-08-05 17:12:06,83.0,70.0,6.0,7.0
2021-08-05 17:12:07,80.0,71.0,6.0,3.0
2021-08-05 17:12:08,70.0,62.0,2.0,6.0
2021-08-05 17:12:09,88.0,80.0,6.0,2.0
2021-08-05 17:12:10,78.0,68.0,7.0,3.0
2021-08-05 17:12:11,78.0,70.0,3.0,5.0
2021-08-05 17:12:12,67.0,59.0,4.0,4.0
2021-08-05 17:12:13,82.0,76.0,4.0,2.0
2021-08-05 17:12:14,86.0,78.0,5.0,3.0
2021-08-05 17:12:15,76.0,63.0,5.0,8.0
2021-08-05 17:12:16,86.0,70.0,10.0,6.0
2021-08-05 17:12:17,81.0,73.0,2.0,6.0
2021-08-05 17:12:18,83.0,75.0,4.0,4.0
2021-08-05 17:12:19,85.0,72.0,8.0,5.0
2021-08-05 17:12:20,73.0,65.0,5.0,3.0
2021-08-05 17:12:21,93.0,80.0,8.0,5.0
2021-08-05 17:12:22,84.0,77.0,7.0,0.0
2021-08-05 17:12:23,80.0,67.0,10.0,3.0
2021-08-05 17:12:24,81.0,70.0,10.0,1.0
2021-08-05 17:12:25,57.0,44.0,7.0,6.0
2021-08-05 17:12:26,74.0,68.0,2.0,4.0
2021-08-05 17:12:27,73.0,66.0,6.0,1.0
2021-08-05 17:12:28,80.0,72.0,5.0,3.0
2021-08-05 17:12:29,100.0,90.0,4.0,6.0
2021-08-05 17:12:30,98.0,87.0,7.0,4.0
2021-08-05 17:12:31,89.0,80.0,7.0,2.0
2021-08-05 17:12:32,70.0,63.0,3.0,4.0
2021-08-05 17:12:33,96.0,76.0,12.0,8.0
2021-08-05 17:12:34,87.0,75.0,7.0,5.0
2021-08-05 17:12:35,90.0,78.0,10.0,2.0
2021-08-05 17:12:36,83.0,74.0,5.0,4.0
2021-08-05 17:12:37,100.0,93.0,3.0,4.0
2021-08-05 17:12:38,84.0,74.0,5.0,5.0
2021-08-05 17:12:39,82.0,73.0,3.0,6.0
2021-08-05 17:12:40,89.0,79.0,9.0,1.0
2021-08-05 17:12:41,68.0,59.0,5.0,4.0
2021-08-05 17:12:42,76.0,61.0,10.0,5.0
2021-08-05 17:12:43,97.0,83.0,11.0,3.0
2021-08-05 17:12:44,98.0,87.0,4.0,7.0
2021-08-05 17:12:45,93.0,80.0,7.0,6.0
2021-08-05 17:12:46,114.0,101.0,7.0,6.0
2021-08-05 17:12:47,95.0,88.0,5.0,2.0
2021-08-05 17:12:48,80.0,67.0,5.0,8.0
2021-08-05 17:12:49,84.0,74.0,6.0,4.0
2021-08-05 17:12:50,76.0,65.0,6.0,5.0
2021-08-05 17:12:51,84.0,76.0,4.0,4.0
2021-08-05 17:12:52,80.0,66.0,7.0,7.0
2021-08-05 17:12:53,85.0,78.0,4.0,3.0
2021-08-05 17:12:54,64.0,56.0,5.0,3.0
2021-08-05 17:12:55,77.0,70.0,3.0,4.0
2021-08-05 17:12:56,98.0,81.0,11.0,6.0
2021-08-05 17:12:57,86.0,69.0,10.0,7.0
2021-08-05 17:12:58,76.0,65.0,5.0,6.0
2021-08-05 17:12:59,89.0,79.0,8.0,2.0
2021-08-05 17:13:00,84.0,78.0,2.0,4.0
2021-08-05 17:13:01,96.0,80.0,12.0,4.0
2021-08-05 17:13:02,95.0,85.0,7.0,3.0
2021-08-05 17:13:03,66.0,56.0,6.0,4.0
2021-08-05 17:13:04,87.0,76.0,9.0,2.0
2021-08-05 17:13:05,83.0,73.0,8.0,2.0
2021-08-05 17:13:06,88.0,75.0,5.0,8.0
2021-08-05 17:13:07,91.0,83.0,7.0,1.0
2021-08-05 17:13:08,94.0,86.0,6.0,2.0
2021-08-05 17:13:09,76.0,69.0,4.0,3.0
2021-08-05 17:13:10,85.0,73.0,10.0,2.0
2021-08-05 17:13:11,90.0,81.0,7.0,2.0
2021-08-05 17:13:12,94.0,82.0,6.0,6.0
2021-08-05 17:13:13,73.0,61.0,9.0,3.0
2021-08-05 17:13:14,84.0,75.0,7.0,2.0
2021-08-05 17:13:15,90.0,75.0,8.0,7.0
2021-08-05 17:13:16,85.0,71.0,9.0,5.0
2021-08-05 17:13:17,87.0,70.0,14.0,3.0
2021-08-05 17:13:18,79.0,69.0,8.0,2.0
2021-08-05 17:13:19,89.0,82.0,2.0,5.0
2021-08-05 17:13:20,92.0,83.0,4.0,5.0
2021-08-05 17:13:21,103.0,88.0,11.0,4.0
2021-08-05 17:13:22,81.0,71.0,6.0,4.0
2021-08-05 17:13:23,93.0,80.0,9.0,4.0
2021-08-05 17:13:24,92.0,85.0,3.0,4.0
2021-08-05 17:13:25,71.0,65.0,6.0,0.0
2021-08-05 17:13:26,74.0,66.0,5.0,3.0
2021-08-05 17:13:27,67.0,58.0,5.0,4.0
2021-08-05 17:13:28,93.0,80.0,6.0,7.0
2021-08-05 17:13:29,95.0,82.0,7.0,6.0
2021-08-05 17:13:30,90.0,76.0,9.0,5.0
2021-08-05 17:13:31,84.0,70.0,8.0,6.0
2021-08-05 17:13:32,98.0,87.0,7.0,4.0
2021-08-05 17:13:33,85.0,74.0,6.0,5.0
2021-08-05 17:13:34,82.0,66.0,11.0,5.0
2021-08-05 17:13:35,88.0,76.0,4.0,8.0
2021-08-05 17:13:36,87.0,76.0,5.0,6.0
2021-08-05 17:13:37,81.0,70.0,10.0,1.0
2021-08-05 17:13:38,87.0,76.0,8.0,3.0
2021-08-05 17:13:39,73.0,66.0,6.0,1.0
2021-08-05 17:13:40,70.0,67.0,1.0,2.0
2021-08-05 17:13:41,96.0,79.0,10.0,7.0
2021-08-05 17:13:42,79.0,71.0,3.0,5.0
2021-08-05 17:13:43,97.0,87.0,6.0,4.0
2021-08-05 17:13:44,85.0,73.0,8.0,4.0
2021-08-05 17:13:45,79.0,70.0,4.0,5.0
2021-08-05 17:13:46,86.0,78.0,7.0,1.0
2021-08-05 17:13:47,72.0,64.0,6.0,2.0
2021-08-05 17:13:48,96.0,84.0,6.0,6.0
2021-08-05 17:13:49,90.0,77.0,6.0,7.0
2021-08-05 17:13:50,83.0,67.0,10.0,6.0
2021-08-05 17:13:51,86.0,70.0,8.0,8.0
2021-08-05 17:13:52,80.0,70.0,6.0,4.0
2021-08-05 17:13:53,86.0,70.0,11.0,5.0
2021-08-05 17:13:54,82.0,77.0,3.0,2.0
2021-08-05 17:13:55,80.0,65.0,10.0,5.0
2021-08-05 17:13:56,79.0,66.0,7.0,6.0
2021-08-05 17:13:57,85.0,64.0,10.0,11.0
2021-08-05 17:13:58,69.0,62.0,4.0,3.0
2021-08-05 17:13:59,103.0,93.0,8.0,2.0
2021-08-05 17:14:00,81.0,67.0,9.0,5.0
2021-08-05 17:14:01,89.0,79.0,4.0,6.0
2021-08-05 17:14:02,86.0,80.0,4.0,2.0
2021-08-05 17:14:03,91.0,77.0,11.0,3.0
2021-08-05 17:14:04,92.0,87.0,4.0,1.0
2021-08-05 17:14:05,74.0,64.0,7.0,3.0
2021-08-05 17:14:06,76.0,68.0,5.0,3.0
2021-08-05 17:14:07,91.0,82.0,6.0,3.0
2021-08-05 17:14:08,67.0,57.0,7.0,3.0
2021-08-05 17:14:09,90.0,78.0,8.0,4.0
2021-08-05 17:14:10,84.0,72.0,7.0,5.0
2021-08-05 17:14:11,85.0,73.0,7.0,5.0
2021-08-05 17:14:12,79.0,72.0,5.0,2.0
2021-08-05 17:14:13,83.0,72.0,5.0,6.0
2021-08-05 17:14:14,80.0,69.0,7.0,4.0
2021-08-05 17:14:15,77.0,70.0,6.0,1.0
2021-08-05 17:14:16,88.0,75.0,9.0,4.0
2021-08-05 17:14:17,96.0,79.0,14.0,3.0
2021-08-05 17:14:18,79.0,66.0,6.0,7.0
2021-08-05 17:14:19,77.0,72.0,2.0,3.0
2021-08-05 17:14:20,85.0,72.0,3.0,10.0
2021-08-05 17:14:21,74.0,63.0,7.0,4.0
2021-08-05 17:14:22,106.0,89.0,10.0,7.0
2021-08-05 17:14:23,88.0,75.0,8.0,5.0
2021-08-05 17:14:24,95.0,85.0,5.0,5.0
2021-08-05 17:14:25,80.0,69.0,4.0,7.0
2021-08-05 17:14:26,71.0,62.0,4.0,5.0
2021-08-05 17:14:27,90.0,74.0,10.0,6.0
2021-08-05 17:14:28,93.0,81.0,6.0,6.0
2021-08-05 17:14:29,76.0,68.0,6.0,2.0
2021-08-05 17:14:30,97.0,85.0,7.0,5.0
2021-08-05 17:14:31,102.0,85.0,13.0,4.0
2021-08-05 17:14:32,83.0,69.0,9.0,5.0
2021-08-05 17:14:33,76.0,64.0,7.0,5.0
2021-08-05 17:14:34,76.0,63.0,10.0,3.0
2021-08-05 17:14:35,74.0,59.0,6.0,9.0
2021-08-05 17:14:36,86.0,74.0,10.0,2.0
2021-08-05 17:14:37,81.0,74.0,4.0,3.0
2021-08-05 17:14:38,76.0,62.0,11.0,3.0
2021-08-05 17:14:39,84.0,73.0,5.0,6.0
2021-08-05 17:14:40,91.0,79.0,4.0,8.0
2021-08-05 17:14:41,85.0,78.0,7.0,0.0
2021-08-05 17:14:42,83.0,73.0,8.0,2.0
2021-08-05 17:14:43,93.0,82.0,7.0,4.0
2021-08-05 17:14:44,99.0,87.0,5.0,7.0
2021-08-05 17:14:45,75.0,67.0,4.0,4.0
2021-08-05 17:14:46,79.0,73.0,4.0,2.0
2021-08-05 17:14:47,86.0,70.0,14.0,2.0
2021-08-05 17:14:48,82.0,69.0,4.0,9.0
2021-08-05 17:14:49,91.0,83.0,7.0,1.0
2021-08-05 17:14:50,78.0,75.0,2.0,1.0
2021-08-05 17:14:51,97.0,80.0,7.0,10.0
2021-08-05 17:14:52,91.0,85.0,3.0,3.0
2021-08-05 17:14:53,100.0,89.0,6.0,5.0
2021-08-05 17:14:54,97.0,83.0,10.0,4.0
2021-08-05 17:14:55,87.0,78.0,4.0,5.0
2021-08-05 17:14:56,79.0,71.0,5.0,3.0
2021-08-05 17:14:57,89.0,73.0,8.0,8.0
2021-08-05 17:14:58,66.0,60.0,2.0,4.0
2021-08-05 17:14:59,75.0,67.0,5.0,3.0
2021-08-05 17:15:00,94.0,86.0,5.0,3.0
2021-08-05 17:15:01,87.0,78.0,4.0,5.0
2021-08-05 17:15:02,76.0,65.0,7.0,4.0
2021-08-05 17:15:03,88.0,74.0,11.0,3.0
2021-08-05 17:15:04,79.0,64.0,7.0,8.0
2021-08-05 17:15:05,82.0,73.0,3.0,6.0
2021-08-05 17:15:06,77.0,68.0,6.0,3.0
2021-08-05 17:15:07,79.0,71.0,5.0,3.0
2021-08-05 17:15:08,95.0,86.0,6.0,3.0
2021-08-05 17:15:09,82.0,71.0,6.0,5.0
2021-08-05 17:15:10,66.0,58.0,3.0,5.0
2021-08-05 17:15:11,84.0,74.0,4.0,6.0
2021-08-05 17:15:12,73.0,68.0,5.0,0.0
2021-08-05 17:15:13,74.0,63.0,9.0,2.0
2021-08-05 17:15:14,88.0,80.0,6.0,2.0
2021-08-05 17:15:15,96.0,82.0,8.0,6.0
2021-08-05 17:15:16,92.0,79.0,10.0,3.0
2021-08-05 17:15:17,97.0,85.0,8.0,4.0
2021-08-05 17:15:18,69.0,61.0,4.0,4.0
2021-08-05 17:15:19,94.0,85.0,4.0,5.0
2021-08-05 17:15:20,62.0,53.0,5.0,4.0
2021-08-05 17:15:21,89.0,78.0,8.0,3.0
2021-08-05 17:15:22,102.0,91.0,6.0,5.0
2021-08-05 17:15:23,57.0,52.0,4.0,1.0
2021-08-05 17:15:24,89.0,78.0,7.0,4.0
2021-08-05 17:15:25,76.0,66.0,7.0,3.0
2021-08-05 17:15:26,89.0,75.0,9.0,5.0
2021-08-05 17:15:27,92.0,73.0,13.0,6.0
2021-08-05 17:15:28,88.0,75.0,11.0,2.0
2021-08-05 17:15:29,92.0,84.0,4.0,4.0
2021-08-05 17:15:30,78.0,71.0,5.0,2.0
2021-08-05 17:15:31,86.0,76.0,5.0,5.0
2021-08-05 17:15:32,91.0,80.0,6.0,5.0
2021-08-05 17:15:33,91.0,79.0,6.0,6.0
2021-08-05 17:15:34,73.0,69.0,3.0,1.0
2021-08-05 17:15:35,93.0,80.0,4.0,9.0
2021-08-05 17:15:36,99.0,82.0,9.0,8.0
2021-08-05 17:15:37,88.0,74.0,9.0,5.0
2021-08-05 17:15:38,98.0,85.0,3.0,10.0
2021-08-05 17:15:39,92.0,87.0,3.0,2.0
2021-08-05 17:15:40,81.0,73.0,3.0,5.0
2021-08-05 17:15:41,90.0,73.0,12.0,5.0
2021-08-05 17:15:42,87.0,80.0,5.0,2.0
2021-08-05 17:15:43,104.0,87.0,9.0,8.0
2021-08-05 17:15:44,89.0,81.0,6.0,2.0
2021-08-05 17:15:45,87.0,80.0,6.0,1.0
2021-08-05 17:15:46,74.0,64.0,4.0,6.0
2021-08-05 17:15:47,83.0,66.0,11.0,6.0
2021-08-05 17:15:48,85.0,73.0,6.0,6.0
2021-08-05 17:15:49,83.0,72.0,6.0,5.0
2021-08-05 17:15:50,74.0,67.0,4.0,3.0
2021-08-05 17:15:51,83.0,69.0,10.0,4.0
2021-08-05 17:15:52,77.0,65.0,6.0,6.0
2021-08-05 17:15:53,93.0,74.0,12.0,7.0
2021-08-05 17:15:54,82.0,72.0,6.0,4.0
2021-08-05 17:15:55,85.0,72.0,10.0,3.0
2021-08-05 17:15:56,78.0,68.0,5.0,5.0
2021-08-05 17:15:57,97.0,88.0,7.0,2.0
2021-08-05 17:15:58,86.0,69.0,12.0,5.0
2021-08-05 17:15:59,78.0,68.0,6.0,4.0
2021-08-05 17:16:00,103.0,88.0,10.0,5.0
2021-08-05 17:16:01,91.0,80.0,7.0,4.0
2021-08-05 17:16:02,89.0,79.0,8.0,2.0
2021-08-05 17:16:03,60.0,53.0,4.0,3.0
2021-08-05 17:16:04,89.0,80.0,6.0,3.0
2021-08-05 17:16:05,81.0,74.0,5.0,2.0
2021-08-05 17:16:06,111.0,100.0,8.0,3.0
2021-08-05 17:16:07,67.0,59.0,5.0,3.0
2021-08-05 17:16:08,76.0,65.0,6.0,5.0
2021-08-05 17:16:09,88.0,76.0,5.0,7.0
2021-08-05 17:16:10,102.0,91.0,5.0,6.0
2021-08-05 17:16:11,96.0,83.0,8.0,5.0
2021-08-05 17:16:12,98.0,84.0,7.0,7.0
2021-08-05 17:16:13,70.0,61.0,5.0,4.0
2021-08-05 17:16:14,79.0,67.0,9.0,3.0
2021-08-05 17:16:15,104.0,91.0,6.0,7.0
2021-08-05 17:16:16,80.0,68.0,9.0,3.0
2021-08-05 17:16:17,79.0,68.0,7.0,4.0
2021-08-05 17:16:18,81.0,68.0,8.0,5.0
2021-08-05 17:16:19,70.0,61.0,4.0,5.0
2021-08-05 17:16:20,70.0,62.0,6.0,2.0
2021-08-05 17:16:21,81.0,71.0,6.0,4.0
2021-08-05 17:16:22,94.0,82.0,5.0,7.0
2021-08-05 17:16:23,80.0,71.0,4.0,5.0
2021-08-05 17:16:24,83.0,74.0,6.0,3.0
2021-08-05 17:16:25,71.0,65.0,5.0,1.0
2021-08-05 17:16:26,89.0,81.0,4.0,4.0
2021-08-05 17:16:27,67.0,52.0,6.0,9.0
2021-08-05 17:16:28,91.0,80.0,6.0,5.0
2021-08-05 17:16:29,70.0,64.0,4.0,2.0
2021-08-05 17:16:30,85.0,73.0,4.0,8.0
2021-08-05 17:16:31,77.0,68.0,4.0,5.0
2021-08-05 17:16:32,100.0,88.0,9.0,3.0
2021-08-05 17:16:33,77.0,68.0,5.0,4.0
2021-08-05 17:16:34,80.0,69.0,4.0,7.0
2021-08-05 17:16:35,94.0,81.0,6.0,7.0
2021-08-05 17:16:36,93.0,86.0,5.0,2.0
2021-08-05 17:16:37,79.0,68.0,7.0,4.0
2021-08-05 17:16:38,81.0,73.0,3.0,5.0
2021-08-05 17:16:39,75.0,67.0,6.0,2.0
2021-08-05 17:16:40,86.0,73.0,11.0,2.0
2021-08-05 17:16:41,75.0,70.0,3.0,2.0
2021-08-05 17:16:42,88.0,79.0,6.0,3.0
2021-08-05 17:16:43,85.0,71.0,7.0,7.0
2021-08-05 17:16:44,78.0,75.0,1.0,2.0
2021-08-05 17:16:45,86.0,69.0,12.0,5.0
2021-08-05 17:16:46,66.0,60.0,3.0,3.0
2021-08-05 17:16:47,101.0,86.0,8.0,7.0
2021-08-05 17:16:48,84.0,72.0,3.0,9.0
2021-08-05 17:16:49,82.0,62.0,7.0,13.0
2021-08-05 17:16:50,84.0,75.0,5.0,4.0
2021-08-05 17:16:51,87.0,79.0,4.0,4.0
2021-08-05 17:16:52,88.0,80.0,3.0,5.0
2021-08-05 17:16:53,83.0,71.0,5.0,7.0
2021-08-05 17:16:54,98.0,90.0,4.0,4.0
2021-08-05 17:16:55,109.0,100.0,5.0,4.0
2021-08-05 17:16:56,84.0,71.0,7.0,6.0
2021-08-05 17:16:57,88.0,79.0,3.0,6.0
2021-08-05 17:16:58,76.0,66.0,5.0,5.0
2021-08-05 17:16:59,83.0,70.0,10.0,3.0
2021-08-05 17:17:00,79.0,76.0,1.0,2.0
2021-08-05 17:17:01,84.0,79.0,3.0,2.0
2021-08-05 17:17:02,75.0,64.0,8.0,3.0
2021-08-05 17:17:03,82.0,74.0,3.0,5.0
2021-08-05 17:17:04,82.0,74.0,3.0,5.0
2021-08-05 17:17:05,83.0,71.0,8.0,4.0
2021-08-05 17:17:06,81.0,75.0,4.0,2.0
2021-08-05 17:17:07,78.0,67.0,7.0,4.0
2021-08-05 17:17:08,77.0,63.0,7.0,7.0
2021-08-05 17:17:09,98.0,85.0,6.0,7.0
2021-08-05 17:17:10,86.0,78.0,5.0,3.0
2021-08-05 17:17:11,85.0,73.0,8.0,4.0
2021-08-05 17:17:12,80.0,70.0,4.0,6.0
2021-08-05 17:17:13,95.0,83.0,5.0,7.0
2021-08-05 17:17:14,71.0,63.0,7.0,1.0
2021-08-05 17:17:15,73.0,61.0,5.0,7.0
2021-08-05 17:17:16,90.0,75.0,13.0,2.0
2021-08-05 17:17:17,76.0,69.0,4.0,3.0
2021-08-05 17:17:18,99.0,96.0,1.0,2.0
2021-08-05 17:17:19,81.0,76.0,5.0,0.0
2021-08-05 17:17:20,100.0,87.0,11.0,2.0
2021-08-05 17:17:21,96.0,88.0,2.0,6.0
2021-08-05 17:17:22,97.0,83.0,10.0,4.0
2021-08-05 17:17:23,70.0,60.0,4.0,6.0
2021-08-05 17:17:24,92.0,83.0,5.0,4.0
2021-08-05 17:17:25,62.0,50.0,9.0,3.0
2021-08-05 17:17:26,91.0,84.0,4.0,3.0
2021-08-05 17:17:27,76.0,70.0,4.0,2.0
2021-08-05 17:17:28,94.0,81.0,10.0,3.0
2021-08-05 17:17:29,73.0,59.0,8.0,6.0
2021-08-05 17:17:30,106.0,95.0,4.0,7.0
2021-08-05 17:17:31,75.0,70.0,5.0,0.0
2021-08-05 17:17:32,68.0,61.0,4.0,3.0
2021-08-05 17:17:33,89.0,82.0,3.0,4.0
2021-08-05 17:17:34,80.0,69.0,5.0,6.0
2021-08-05 17:17:35,86.0,78.0,5.0,3.0
2021-08-05 17:17:36,102.0,89.0,6.0,7.0
2021-08-05 17:17:37,83.0,70.0,7.0,6.0
2021-08-05 17:17:38,74.0,68.0,3.0,3.0
2021-08-05 17:17:39,91.0,82.0,5.0,4.0
2021-08-05 17:17:40,72.0,58.0,8.0,6.0
2021-08-05 17:17:41,93.0,79.0,8.0,6.0
2021-08-05 17:17:42,100.0,86.0,11.0,3.0
2021-08-05 17:17:43,68.0,60.0,7.0,1.0
2021-08-05 17:17:44,89.0,77.0,8.0,4.0
2021-08-05 17:17:45,81.0,70.0,7.0,4.0
2021-08-05 17:17:46,91.0,81.0,5.0,5.0
2021-08-05 17:17:47,79.0,72.0,3.0,4.0
2021-08-05 17:17:48,86.0,76.0,9.0,1.0
2021-08-05 17:17:49,84.0,72.0,9.0,3.0
2021-08-05 17:17:50,85.0,76.0,5.0,4.0
2021-08-05 17:17:51,81.0,64.0,9.0,8.0
2021-08-05 17:17:52,75.0,69.0,4.0,2.0
2021-08-05 17:17:53,78.0,71.0,5.0,2.0
2021-08-05 17:17:54,94.0,74.0,10.0,10.0
2021-08-05 17:17:55,87.0,77.0,5.0,5.0
2021-08-05 17:17:56,69.0,64.0,4.0,1.0
2021-08-05 17:17:57,95.0,84.0,6.0,5.0
2021-08-05 17:17:58,70.0,64.0,4.0,2.0
2021-08-05 17:17:59,92.0,76.0,9.0,7.0
2021-08-05 17:18:00,92.0,85.0,5.0,2.0
2021-08-05 17:18:01,92.0,78.0,9.0,5.0
2021-08-05 17:18:02,89.0,71.0,10.0,8.0
2021-08-05 17:18:03,89.0,77.0,6.0,6.0
2021-08-05 17:18:04,93.0,84.0,4.0,5.0
2021-08-05 17:18:05,74.0,60.0,7.0,7.0
2021-08-05 17:18:06,80.0,66.0,7.0,7.0
2021-08-05 17:18:07,75.0,62.0,8.0,5.0
2021-08-05 17:18:08,82.0,72.0,4.0,6.0
2021-08-05 17:18:09,84.0,73.0,7.0,4.0
2021-08-05 17:18:10,80.0,67.0,7.0,6.0
2021-08-05 17:18:11,101.0,91.0,8.0,2.0
2021-08-05 17:18:12,83.0,76.0,5.0,2.0
2021-08-05 17:18:13,81.0,73.0,5.0,3.0
2021-08-05 17:18:14,76.0,62.0,10.0,4.0
2021-08-05 17:18:15,77.0,66.0,8.0,3.0
2021-08-05 17:18:16,89.0,79.0,7.0,3.0
2021-08-05 17:18:17,80.0,71.0,5.0,4.0
2021-08-05 17:18:18,89.0,77.0,6.0,6.0
2021-08-05 17:18:19,73.0,62.0,6.0,5.0
2021-08-05 17:18:20,74.0,61.0,7.0,6.0
2021-08-05 17:18:21,98.0,84.0,11.0,3.0
2021-08-05 17:18:22,70.0,65.0,5.0,0.0
2021-08-05 17:18:23,85.0,73.0,8.0,4.0
2021-08-05 17:18:24,75.0,63.0,8.0,4.0
2021-08-05 17:18:25,97.0,87.0,7.0,3.0
2021-08-05 17:18:26,71.0,62.0,4.0,5.0
2021-08-05 17:18:27,88.0,77.0,8.0,3.0
2021-08-05 17:18:28,71.0,64.0,6.0,1.0
2021-08-05 17:18:29,91.0,76.0,8.0,7.0
2021-08-05 17:18:30,88.0,74.0,7.0,7.0
2021-08-05 17:18:31,91.0,84.0,3.0,4.0
2021-08-05 17:18:32,93.0,82.0,4.0,7.0
2021-08-05 17:18:33,112.0,105.0,6.0,1.0
2021-08-05 17:18:34,77.0,69.0,4.0,4.0
2021-08-05 17:18:35,93.0,82.0,7.0,4.0
2021-08-05 17:18:36,97.0,83.0,5.0,9.0
2021-08-05 17:18:37,79.0,70.0,5.0,4.0
2021-08-05 17:18:38,91.0,80.0,9.0,2.0
2021-08-05 17:18:39,86.0,79.0,5.0,2.0
2021-08-05 17:18:40,104.0,91.0,8.0,5.0
2021-08-05 17:18:41,99.0,91.0,3.0,5.0
2021-08-05 17:18:42,91.0,79.0,9.0,3.0
2021-08-05 17:18:43,93.0,86.0,3.0,4.0
2021-08-05 17:18:44,68.0,61.0,4.0,3.0
2021-08-05 17:18:45,90.0,74.0,8.0,8.0
2021-08-05 17:18:46,98.0,88.0,7.0,3.0
2021-08-05 17:18:47,74.0,65.0,6.0,3.0
2021-08-05 17:18:48,92.0,81.0,4.0,7.0
2021-08-05 17:18:49,91.0,76.0,8.0,7.0
2021-08-05 17:18:50,101.0,90.0,5.0,6.0
2021-08-05 17:18:51,74.0,64.0,8.0,2.0
2021-08-05 17:18:52,93.0,81.0,8.0,4.0
2021-08-05 17:18:53,70.0,63.0,5.0,2.0
2021-08-05 17:18:54,93.0,80.0,6.0,7.0
2021-08-05 17:18:55,89.0,78.0,7.0,4.0
2021-08-05 17:18:56,70.0,61.0,4.0,5.0
2021-08-05 17:18:57,91.0,83.0,6.0,2.0
2021-08-05 17:18:58,74.0,63.0,6.0,5.0
2021-08-05 17:18:59,84.0,64.0,13.0,7.0
2021-08-05 17:19:00,86.0,77.0,5.0,4.0
2021-08-05 17:19:01,90.0,79.0,8.0,3.0
2021-08-05 17:19:02,105.0,91.0,8.0,6.0
2021-08-05 17:19:03,97.0,92.0,3.0,2.0
2021-08-05 17:19:04,89.0,77.0,9.0,3.0
2021-08-05 17:19:05,82.0,73.0,6.0,3.0
2021-08-05 17:19:06,107.0,95.0,8.0,4.0
2021-08-05 17:19:07,90.0,76.0,9.0,5.0
2021-08-05 17:19:08,97.0,81.0,11.0,5.0
2021-08-05 17:19:09,91.0,83.0,5.0,3.0
2021-08-05 17:19:10,84.0,76.0,4.0,4.0
2021-08-05 17:19:11,71.0,63.0,6.0,2.0
2021-08-05 17:19:12,95.0,86.0,7.0,2.0
2021-08-05 17:19:13,94.0,83.0,8.0,3.0
2021-08-05 17:19:14,85.0,71.0,9.0,5.0
2021-08-05 17:19:15,91.0,77.0,11.0,3.0
2021-08-05 17:19:16,87.0,68.0,15.0,4.0
2021-08-05 17:19:17,82.0,75.0,3.0,4.0
2021-08-05 17:19:18,85.0,76.0,6.0,3.0
2021-08-05 17:19:19,77.0,68.0,4.0,5.0
2021-08-05 17:19:20,88.0,79.0,4.0,5.0
2021-08-05 17:19:21,114.0,103.0,4.0,7.0
2021-08-05 17:19:22,77.0,66.0,5.0,6.0
2021-08-05 17:19:23,80.0,72.0,6.0,2.0
2021-08-05 17:19:24,90.0,80.0,7.0,3.0
2021-08-05 17:19:25,96.0,86.0,6.0,4.0
2021-08-05 17:19:26,84.0,69.0,9.0,6.0
2021-08-05 17:19:27,91.0,81.0,5.0,5.0
2021-08-05 17:19:28,92.0,83.0,6.0,3.0
2021-08-05 17:19:29,80.0,68.0,6.0,6.0
2021-08-05 17:19:30,90.0,80.0,5.0,5.0
2021-08-05 17:19:31,94.0,87.0,5.0,2.0
2021-08-05 17:19:32,83.0,66.0,8.0,9.0
2021-08-05 17:19:33,96.0,83.0,4.0,9.0
2021-08-05 17:19:34,94.0,80.0,7.0,7.0
2021-08-05 17:19:35,102.0,93.0,5.0,4.0
2021-08-05 17:19:36,87.0,73.0,7.0,7.0
2021-08-05 17:19:37,77.0,67.0,8.0,2.0
2021-08-05 17:19:38,90.0,78.0,9.0,3.0
2021-08-05 17:19:39,83.0,75.0,6.0,2.0
2021-08-05 17:19:40,78.0,70.0,4.0,4.0
2021-08-05 17:19:41,102.0,94.0,5.0,3.0
2021-08-05 17:19:42,83.0,72.0,4.0,7.0
2021-08-05 17:19:43,81.0,69.0,9.0,3.0
2021-08-05 17:19:44,83.0,74.0,8.0,1.0
2021-08-05 17:19:45,95.0,88.0,6.0,1.0
2021-08-05 17:19:46,84.0,70.0,10.0,4.0
2021-08-05 17:19:47,105.0,90.0,10.0,5.0
2021-08-05 17:19:48,88.0,75.0,9.0,4.0
2021-08-05 17:19:49,87.0,80.0,5.0,2.0
2021-08-05 17:19:50,99.0,87.0,8.0,4.0
2021-08-05 17:19:51,98.0,90.0,3.0,5.0
2021-08-05 17:19:52,97.0,87.0,8.0,2.0
2021-08-05 17:19:53,85.0,81.0,3.0,1.0
2021-08-05 17:19:54,100.0,86.0,8.0,6.0
2021-08-05 17:19:55,79.0,70.0,6.0,3.0
2021-08-05 17:19:56,84.0,76.0,6.0,2.0
2021-08-05 17:19:57,85.0,78.0,3.0,4.0
2021-08-05 17:19:58,78.0,69.0,8.0,1.0
2021-08-05 17:19:59,87.0,74.0,8.0,5.0
2021-08-05 17:20:00,97.0,88.0,7.0,2.0
2021-08-05 17:20:01,82.0,71.0,7.0,4.0
2021-08-05 17:20:02,80.0,70.0,7.0,3.0
2021-08-05 17:20:03,92.0,80.0,6.0,6.0
2021-08-05 17:20:04,102.0,92.0,5.0,5.0
2021-08-05 17:20:05,97.0,89.0,4.0,4.0
2021-08-05 17:20:06,80.0,72.0,7.0,1.0
2021-08-05 17:20:07,110.0,101.0,6.0,3.0
2021-08-05 17:20:08,92.0,84.0,4.0,4.0
2021-08-05 17:20:09,88.0,77.0,8.0,3.0
2021-08-05 17:20:10,97.0,86.0,9.0,2.0
2021-08-05 17:20:11,84.0,72.0,4.0,8.0
2021-08-05 17:20:12,77.0,66.0,8.0,3.0
2021-08-05 17:20:13,83.0,72.0,6.0,5.0
2021-08-05 17:20:14,86.0,76.0,6.0,4.0
2021-08-05 17:20:15,87.0,76.0,8.0,3.0
2021-08-05 17:20:16,93.0,81.0,9.0,3.0
2021-08-05 17:20:17,106.0,91.0,9.0,6.0
2021-08-05 17:20:18,78.0,70.0,4.0,4.0
2021-08-05 17:20:19,103.0,96.0,6.0,1.0
2021-08-05 17:20:20,96.0,84.0,9.0,3.0
2021-08-05 17:20:21,89.0,74.0,11.0,4.0
2021-08-05 17:20:22,85.0,75.0,4.0,6.0
2021-08-05 17:20:23,73.0,65.0,4.0,4.0
2021-08-05 17:20:24,89.0,79.0,4.0,6.0
2021-08-05 17:20:25,96.0,81.0,10.0,5.0
2021-08-05 17:20:26,76.0,69.0,4.0,3.0
2021-08-05 17:20:27,97.0,85.0,5.0,7.0
2021-08-05 17:20:28,104.0,93.0,5.0,6.0
2021-08-05 17:20:29,111.0,99.0,9.0,3.0
2021-08-05 17:20:30,102.0,96.0,5.0,1.0
2021-08-05 17:20:31,107.0,95.0,7.0,5.0
2021-08-05 17:20:32,97.0,86.0,7.0,4.0
2021-08-05 17:20:33,90.0,78.0,10.0,2.0
2021-08-05 17:20:34,101.0,96.0,4.0,1.0
2021-08-05 17:20:35,99.0,88.0,7.0,4.0
2021-08-05 17:20:36,95.0,85.0,6.0,4.0
2021-08-05 17:20:37,77.0,69.0,4.0,4.0
2021-08-05 17:20:38,102.0,92.0,6.0,4.0
2021-08-05 17:20:39,86.0,76.0,8.0,2.0
2021-08-05 17:20:40,93.0,84.0,4.0,5.0
2021-08-05 17:20:41,99.0,91.0,3.0,5.0
2021-08-05 17:20:42,107.0,91.0,11.0,5.0
2021-08-05 17:20:43,95.0,78.0,10.0,7.0
2021-08-05 17:20:44,84.0,77.0,4.0,3.0
2021-08-05 17:20:45,105.0,88.0,12.0,5.0
2021-08-05 17:20:46,94.0,83.0,4.0,7.0
2021-08-05 17:20:47,112.0,94.0,11.0,7.0
2021-08-05 17:20:48,95.0,86.0,3.0,6.0
2021-08-05 17:20:49,90.0,83.0,1.0,6.0
2021-08-05 17:20:50,91.0,84.0,4.0,3.0
2021-08-05 17:20:51,96.0,83.0,8.0,5.0
2021-08-05 17:20:52,91.0,80.0,9.0,2.0
2021-08-05 17:20:53,86.0,78.0,6.0,2.0
2021-08-05 17:20:54,90.0,75.0,8.0,7.0
2021-08-05 17:20:55,89.0,86.0,2.0,1.0
2021-08-05 17:20:56,87.0,81.0,2.0,4.0
2021-08-05 17:20:57,91.0,76.0,8.0,7.0
2021-08-05 17:20:58,98.0,81.0,13.0,4.0
2021-08-05 17:20:59,82.0,73.0,4.0,5.0
2021-08-05 17:21:00,83.0,77.0,5.0,1.0
2021-08-05 17:21:01,88.0,77.0,10.0,1.0
2021-08-05 17:21:02,82.0,69.0,9.0,4.0
2021-08-05 17:21:03,92.0,78.0,11.0,3.0
2021-08-05 17:21:04,88.0,83.0,2.0,3.0
2021-08-05 17:21:05,88.0,78.0,7.0,3.0
2021-08-05 17:21:06,91.0,80.0,9.0,2.0
2021-08-05 17:21:07,115.0,105.0,4.0,6.0
2021-08-05 17:21:08,89.0,81.0,5.0,3.0
2021-08-05 17:21:09,96.0,81.0,9.0,6.0
2021-08-05 17:21:10,87.0,76.0,9.0,2.0
2021-08-05 17:21:11,87.0,73.0,8.0,6.0
2021-08-05 17:21:12,86.0,70.0,15.0,1.0
2021-08-05 17:21:13,99.0,93.0,4.0,2.0
2021-08-05 17:21:14,113.0,95.0,9.0,9.0
2021-08-05 17:21:15,89.0,79.0,8.0,2.0
2021-08-05 17:21:16,92.0,78.0,8.0,6.0
2021-08-05 17:21:17,88.0,77.0,7.0,4.0
2021-08-05 17:21:18,92.0,82.0,4.0,6.0
2021-08-05 17:21:19,98.0,89.0,4.0,5.0
2021-08-05 17:21:20,85.0,72.0,6.0,7.0
2021-08-05 17:21:21,76.0,68.0,5.0,3.0
2021-08-05 17:21:22,97.0,81.0,6.0,10.0
2021-08-05 17:21:23,89.0,82.0,2.0,5.0
2021-08-05 17:21:24,92.0,80.0,10.0,2.0
2021-08-05 17:21:25,98.0,85.0,9.0,4.0
2021-08-05 17:21:26,108.0,94.0,9.0,5.0
2021-08-05 17:21:27,96.0,88.0,6.0,2.0
2021-08-05 17:21:28,103.0,96.0,6.0,1.0
2021-08-05 17:21:29,101.0,91.0,7.0,3.0
2021-08-05 17:21:30,105.0,95.0,7.0,3.0
2021-08-05 17:21:31,92.0,85.0,6.0,1.0
2021-08-05 17:21:32,89.0,79.0,7.0,3.0
2021-08-05 17:21:33,111.0,101.0,5.0,5.0
2021-08-05 17:21:34,77.0,69.0,4.0,4.0
2021-08-05 17:21:35,114.0,101.0,6.0,7.0
2021-08-05 17:21:36,110.0,94.0,10.0,6.0
2021-08-05 17:21:37,98.0,85.0,7.0,6.0
2021-08-05 17:21:38,115.0,98.0,12.0,5.0
2021-08-05 17:21:39,77.0,69.0,4.0,4.0
2021-08-05 17:21:40,89.0,79.0,6.0,4.0
2021-08-05 17:21:41,100.0,90.0,7.0,3.0
2021-08-05 17:21:42,104.0,92.0,7.0,5.0
2021-08-05 17:21:43,89.0,79.0,4.0,6.0
2021-08-05 17:21:44,96.0,82.0,9.0,5.0
2021-08-05 17:21:45,91.0,83.0,3.0,5.0
2021-08-05 17:21:46,115.0,104.0,7.0,4.0
2021-08-05 17:21:47,78.0,71.0,5.0,2.0
2021-08-05 17:21:48,88.0,77.0,6.0,5.0
2021-08-05 17:21:49,103.0,93.0,7.0,3.0
2021-08-05 17:21:50,89.0,79.0,7.0,3.0
2021-08-05 17:21:51,88.0,78.0,5.0,5.0
2021-08-05 17:21:52,84.0,71.0,8.0,5.0
2021-08-05 17:21:53,93.0,89.0,1.0,3.0
2021-08-05 17:21:54,105.0,95.0,6.0,4.0
2021-08-05 17:21:55,104.0,91.0,7.0,6.0
2021-08-05 17:21:56,76.0,68.0,4.0,4.0
2021-08-05 17:21:57,88.0,80.0,4.0,4.0
2021-08-05 17:21:58,95.0,89.0,5.0,1.0
2021-08-05 17:21:59,98.0,79.0,14.0,5.0
2021-08-05 17:22:00,95.0,85.0,5.0,5.0
2021-08-05 17:22:01,97.0,90.0,4.0,3.0
2021-08-05 17:22:02,95.0,83.0,7.0,5.0
2021-08-05 17:22:03,101.0,90.0,8.0,3.0
2021-08-05 17:22:04,95.0,79.0,9.0,7.0
2021-08-05 17:22:05,119.0,104.0,10.0,5.0
2021-08-05 17:22:06,98.0,90.0,5.0,3.0
2021-08-05 17:22:07,104.0,91.0,12.0,1.0
2021-08-05 17:22:08,93.0,82.0,9.0,2.0
2021-08-05 17:22:09,81.0,75.0,3.0,3.0
2021-08-05 17:22:10,86.0,75.0,7.0,4.0
2021-08-05 17:22:11,97.0,88.0,7.0,2.0
2021-08-05 17:22:12,92.0,78.0,6.0,8.0
2021-08-05 17:22:13,97.0,82.0,10.0,5.0
2021-08-05 17:22:14,82.0,74.0,6.0,2.0
2021-08-05 17:22:15,99.0,82.0,7.0,10.0
2021-08-05 17:22:16,109.0,97.0,7.0,5.0
2021-08-05 17:22:17,99.0,82.0,15.0,2.0
2021-08-05 17:22:18,92.0,83.0,6.0,3.0
2021-08-05 17:22:19,100.0,86.0,9.0,5.0
2021-08-05 17:22:20,99.0,88.0,8.0,3.0
2021-08-05 17:22:21,96.0,85.0,6.0,5.0
2021-08-05 17:22:22,115.0,103.0,10.0,2.0
2021-08-05 17:22:23,98.0,91.0,3.0,4.0
2021-08-05 17:22:24,94.0,78.0,11.0,5.0
2021-08-05 17:22:25,95.0,86.0,6.0,3.0
2021-08-05 17:22:26,90.0,80.0,8.0,2.0
2021-08-05 17:22:27,98.0,86.0,7.0,5.0
2021-08-05 17:22:28,117.0,104.0,6.0,7.0
2021-08-05 17:22:29,98.0,89.0,2.0,7.0
2021-08-05 17:22:30,100.0,88.0,7.0,5.0
2021-08-05 17:22:31,97.0,84.0,7.0,6.0
2021-08-05 17:22:32,98.0,88.0,4.0,6.0
2021-08-05 17:22:33,103.0,80.0,14.0,9.0
2021-08-05 17:22:34,101.0,85.0,10.0,6.0
2021-08-05 17:22:35,98.0,90.0,3.0,5.0
2021-08-05 17:22:36,99.0,88.0,8.0,3.0
2021-08-05 17:22:37,96.0,87.0,5.0,4.0
2021-08-05 17:22:38,104.0,94.0,6.0,4.0
2021-08-05 17:22:39,98.0,93.0,1.0,4.0
2021-08-05 17:22:40,97.0,87.0,6.0,4.0
2021-08-05 17:22:41,100.0,87.0,10.0,3.0
2021-08-05 17:22:42,95.0,83.0,9.0,3.0
2021-08-05 17:22:43,112.0,100.0,9.0,3.0
2021-08-05 17:22:44,103.0,95.0,5.0,3.0
2021-08-05 17:22:45,92.0,79.0,9.0,4.0
2021-08-05 17:22:46,105.0,95.0,6.0,4.0
2021-08-05 17:22:47,104.0,88.0,12.0,4.0
2021-08-05 17:22:48,120.0,111.0,4.0,5.0
2021-08-05 17:22:49,100.0,91.0,5.0,4.0
2021-08-05 17:22:50,103.0,93.0,9.0,1.0
2021-08-05 17:22:51,94.0,84.0,5.0,5.0
2021-08-05 17:22:52,98.0,91.0,5.0,2.0
2021-08-05 17:22:53,108.0,96.0,5.0,7.0
2021-08-05 17:22:54,123.0,115.0,2.0,6.0
2021-08-05 17:22:55,118.0,106.0,8.0,4.0
2021-08-05 17:22:56,107.0,99.0,6.0,2.0
2021-08-05 17:22:57,109.0,94.0,6.0,9.0
2021-08-05 17:22:58,93.0,80.0,5.0,8.0
2021-08-05 17:22:59,91.0,80.0,6.0,5.0
2021-08-05 17:23:00,103.0,91.0,6.0,6.0
2021-08-05 17:23:01,100.0,82.0,9.0,9.0
2021-08-05 17:23:02,104.0,85.0,14.0,5.0
2021-08-05 17:23:03,108.0,98.0,5.0,5.0
2021-08-05 17:23:04,123.0,102.0,10.0,11.0
2021-08-05 17:23:05,108.0,94.0,6.0,8.0
2021-08-05 17:23:06,97.0,86.0,6.0,5.0
2021-08-05 17:23:07,104.0,89.0,8.0,7.0
2021-08-05 17:23:08,99.0,87.0,5.0,7.0
2021-08-05 17:23:09,121.0,105.0,9.0,7.0
2021-08-05 17:23:10,107.0,97.0,8.0,2.0
2021-08-05 17:23:11,101.0,92.0,6.0,3.0
2021-08-05 17:23:12,128.0,117.0,7.0,4.0
2021-08-05 17:23:13,96.0,87.0,3.0,6.0
2021-08-05 17:23:14,111.0,86.0,15.0,10.0
2021-08-05 17:23:15,119.0,108.0,4.0,7.0
2021-08-05 17:23:16,109.0,95.0,7.0,7.0
2021-08-05 17:23:17,93.0,81.0,8.0,4.0
2021-08-05 17:23:18,105.0,89.0,8.0,8.0
2021-08-05 17:23:19,99.0,88.0,7.0,4.0
2021-08-05 17:23:20,106.0,96.0,6.0,4.0
2021-08-05 17:23:21,101.0,88.0,4.0,9.0
2021-08-05 17:23:22,98.0,89.0,7.0,2.0
2021-08-05 17:23:23,110.0,96.0,10.0,4.0
2021-08-05 17:23:24,109.0,101.0,6.0,2.0
2021-08-05 17:23:25,94.0,88.0,2.0,4.0
2021-08-05 17:23:26,85.0,77.0,6.0,2.0
2021-08-05 17:23:27,111.0,97.0,9.0,5.0
2021-08-05 17:23:28,104.0,84.0,13.0,7.0
2021-08-05 17:23:29,82.0,73.0,7.0,2.0
2021-08-05 17:23:30,94.0,76.0,11.0,7.0
2021-08-05 17:23:31,102.0,94.0,6.0,2.0
2021-08-05 17:23:32,91.0,83.0,5.0,3.0
2021-08-05 17:23:33,89.0,82.0,3.0,4.0
2021-08-05 17:23:34,94.0,83.0,7.0,4.0
2021-08-05 17:23:35,99.0,89.0,3.0,7.0
2021-08-05 17:23:36,103.0,92.0,6.0,5.0
2021-08-05 17:23:37,119.0,102.0,7.0,10.0
2021-08-05 17:23:38,93.0,86.0,3.0,4.0
2021-08-05 17:23:39,74.0,70.0,2.0,2.0
2021-08-05 17:23:40,97.0,85.0,8.0,4.0
2021-08-05 17:23:41,103.0,89.0,10.0,4.0
2021-08-05 17:23:42,76.0,72.0,2.0,2.0
2021-08-05 17:23:43,99.0,91.0,7.0,1.0
2021-08-05 17:23:44,112.0,99.0,6.0,7.0
2021-08-05 17:23:45,104.0,96.0,4.0,4.0
2021-08-05 17:23:46,89.0,76.0,8.0,5.0
2021-08-05 17:23:47,80.0,75.0,3.0,2.0
2021-08-05 17:23:48,113.0,101.0,5.0,7.0
2021-08-05 17:23:49,96.0,86.0,6.0,4.0
2021-08-05 17:23:50,91.0,78.0,7.0,6.0
2021-08-05 17:23:51,102.0,94.0,4.0,4.0
2021-08-05 17:23:52,89.0,77.0,9.0,3.0
2021-08-05 17:23:53,94.0,83.0,5.0,6.0
2021-08-05 17:23:54,89.0,76.0,6.0,7.0
2021-08-05 17:23:55,108.0,96.0,11.0,1.0
2021-08-05 17:23:56,90.0,81.0,7.0,2.0
2021-08-05 17:23:57,105.0,98.0,4.0,3.0
2021-08-05 17:23:58,85.0,76.0,6.0,3.0
2021-08-05 17:23:59,111.0,102.0,8.0,1.0
2021-08-05 17:24:00,95.0,83.0,8.0,4.0
2021-08-05 17:24:01,105.0,98.0,5.0,2.0
2021-08-05 17:24:02,94.0,84.0,7.0,3.0
2021-08-05 17:24:03,105.0,90.0,12.0,3.0
2021-08-05 17:24:04,91.0,81.0,7.0,3.0
2021-08-05 17:24:05,102.0,89.0,7.0,6.0
2021-08-05 17:24:06,111.0,98.0,7.0,6.0
2021-08-05 17:24:07,117.0,100.0,10.0,7.0
2021-08-05 17:24:08,114.0,103.0,2.0,9.0
2021-08-05 17:24:09,102.0,93.0,3.0,6.0
2021-08-05 17:24:10,108.0,94.0,6.0,8.0
2021-08-05 17:24:11,91.0,83.0,5.0,3.0
2021-08-05 17:24:12,99.0,90.0,4.0,5.0
2021-08-05 17:24:13,88.0,81.0,2.0,5.0
2021-08-05 17:24:14,102.0,92.0,8.0,2.0
2021-08-05 17:24:15,103.0,91.0,7.0,5.0
2021-08-05 17:24:16,108.0,95.0,9.0,4.0
2021-08-05 17:24:17,91.0,83.0,6.0,2.0
2021-08-05 17:24:18,112.0,102.0,5.0,5.0
2021-08-05 17:24:19,97.0,92.0,3.0,2.0
2021-08-05 17:24:20,90.0,84.0,4.0,2.0
2021-08-05 17:24:21,88.0,78.0,6.0,4.0
2021-08-05 17:24:22,95.0,88.0,4.0,3.0
2021-08-05 17:24:23,124.0,112.0,7.0,5.0
2021-08-05 17:24:24,120.0,106.0,8.0,6.0
2021-08-05 17:24:25,88.0,75.0,4.0,9.0
2021-08-05 17:24:26,101.0,91.0,6.0,4.0
2021-08-05 17:24:27,108.0,96.0,7.0,5.0
2021-08-05 17:24:28,105.0,94.0,6.0,5.0
2021-08-05 17:24:29,94.0,83.0,6.0,5.0
2021-08-05 17:24:30,113.0,97.0,10.0,6.0
2021-08-05 17:24:31,81.0,71.0,3.0,7.0
2021-08-05 17:24:32,120.0,106.0,10.0,4.0
2021-08-05 17:24:33,76.0,68.0,3.0,5.0
2021-08-05 17:24:34,82.0,76.0,4.0,2.0
2021-08-05 17:24:35,104.0,97.0,6.0,1.0
2021-08-05 17:24:36,105.0,97.0,5.0,3.0
2021-08-05 17:24:37,107.0,96.0,6.0,5.0
2021-08-05 17:24:38,104.0,95.0,4.0,5.0
2021-08-05 17:24:39,118.0,107.0,5.0,6.0
2021-08-05 17:24:40,112.0,100.0,7.0,5.0
2021-08-05 17:24:41,90.0,84.0,4.0,2.0
2021-08-05 17:24:42,99.0,86.0,7.0,6.0
2021-08-05 17:24:43,110.0,92.0,11.0,7.0
2021-08-05 17:24:44,117.0,104.0,8.0,5.0
2021-08-05 17:24:45,119.0,102.0,11.0,6.0
2021-08-05 17:24:46,102.0,94.0,6.0,2.0
2021-08-05 17:24:47,83.0,73.0,6.0,4.0
2021-08-05 17:24:48,81.0,74.0,5.0,2.0
2021-08-05 17:24:49,115.0,101.0,12.0,2.0
2021-08-05 17:24:50,96.0,84.0,6.0,6.0
2021-08-05 17:24:51,103.0,93.0,4.0,6.0
2021-08-05 17:24:52,107.0,99.0,5.0,3.0
2021-08-05 17:24:53,100.0,87.0,9.0,4.0
2021-08-05 17:24:54,88.0,81.0,3.0,4.0
2021-08-05 17:24:55,107.0,91.0,10.0,6.0
2021-08-05 17:24:56,111.0,97.0,6.0,8.0
2021-08-05 17:24:57,111.0,96.0,11.0,4.0
2021-08-05 17:24:58,115.0,104.0,5.0,6.0
2021-08-05 17:24:59,114.0,106.0,5.0,3.0
2021-08-05 17:25:00,86.0,74.0,4.0,8.0
2021-08-05 17:25:01,102.0,95.0,1.0,6.0
2021-08-05 17:25:02,110.0,97.0,6.0,7.0
2021-08-05 17:25:03,116.0,99.0,11.0,6.0
2021-08-05 17:25:04,110.0,94.0,8.0,8.0
2021-08-05 17:25:05,93.0,84.0,4.0,5.0
2021-08-05 17:25:06,96.0,85.0,8.0,3.0
2021-08-05 17:25:07,95.0,80.0,5.0,10.0
2021-08-05 17:25:08,115.0,104.0,10.0,1.0
2021-08-05 17:25:09,106.0,92.0,7.0,7.0
2021-08-05 17:25:10,102.0,86.0,8.0,8.0
2021-08-05 17:25:11,97.0,81.0,5.0,11.0
2021-08-05 17:25:12,102.0,93.0,5.0,4.0
2021-08-05 17:25:13,96.0,81.0,10.0,5.0
2021-08-05 17:25:14,93.0,84.0,4.0,5.0
2021-08-05 17:25:15,111.0,96.0,9.0,6.0
2021-08-05 17:25:16,96.0,86.0,8.0,2.0
2021-08-05 17:25:17,108.0,100.0,4.0,4.0
2021-08-05 17:25:18,91.0,82.0,6.0,3.0
2021-08-05 17:25:19,108.0,98.0,9.0,1.0
2021-08-05 17:25:20,95.0,83.0,7.0,5.0
2021-08-05 17:25:21,81.0,71.0,4.0,6.0
2021-08-05 17:25:22,94.0,86.0,5.0,3.0
2021-08-05 17:25:23,104.0,94.0,7.0,3.0
2021-08-05 17:25:24,98.0,86.0,8.0,4.0
2021-08-05 17:25:25,90.0,80.0,7.0,3.0
2021-08-05 17:25:26,105.0,88.0,8.0,9.0
2021-08-05 17:25:27,94.0,82.0,7.0,5.0
2021-08-05 17:25:28,103.0,94.0,9.0,0.0
2021-08-05 17:25:29,86.0,77.0,2.0,7.0
2021-08-05 17:25:30,114.0,100.0,9.0,5.0
2021-08-05 17:25:31,115.0,95.0,14.0,6.0
2021-08-05 17:25:32,96.0,81.0,6.0,9.0
2021-08-05 17:25:33,116.0,105.0,8.0,3.0
2021-08-05 17:25:34,102.0,87.0,10.0,5.0
2021-08-05 17:25:35,102.0,84.0,11.0,7.0
2021-08-05 17:25:36,102.0,88.0,5.0,9.0
2021-08-05 17:25:37,103.0,87.0,13.0,3.0
2021-08-05 17:25:38,103.0,91.0,6.0,6.0
2021-08-05 17:25:39,106.0,95.0,3.0,8.0
2021-08-05 17:25:40,107.0,92.0,7.0,8.0
2021-08-05 17:25:41,112.0,97.0,11.0,4.0
2021-08-05 17:25:42,102.0,94.0,4.0,4.0
2021-08-05 17:25:43,120.0,109.0,4.0,7.0
2021-08-05 17:25:44,117.0,105.0,8.0,4.0
2021-08-05 17:25:45,114.0,106.0,3.0,5.0
2021-08-05 17:25:46,115.0,105.0,3.0,7.0
2021-08-05 17:25:47,97.0,87.0,6.0,4.0
2021-08-05 17:25:48,100.0,88.0,9.0,3.0
2021-08-05 17:25:49,95.0,82.0,5.0,8.0
2021-08-05 17:25:50,103.0,89.0,7.0,7.0
2021-08-05 17:25:51,105.0,92.0,11.0,2.0
2021-08-05 17:25:52,145.0,128.0,8.0,9.0
2021-08-05 17:25:53,94.0,85.0,5.0,4.0
2021-08-05 17:25:54,112.0,100.0,7.0,5.0
2021-08-05 17:25:55,114.0,102.0,7.0,5.0
2021-08-05 17:25:56,100.0,90.0,8.0,2.0
2021-08-05 17:25:57,115.0,105.0,1.0,9.0
2021-08-05 17:25:58,107.0,99.0,3.0,5.0
2021-08-05 17:25:59,110.0,102.0,5.0,3.0
2021-08-05 17:26:00,101.0,92.0,6.0,3.0
2021-08-05 17:26:01,97.0,89.0,3.0,5.0
2021-08-05 17:26:02,103.0,88.0,6.0,9.0
2021-08-05 17:26:03,113.0,100.0,6.0,7.0
2021-08-05 17:26:04,100.0,88.0,7.0,5.0
2021-08-05 17:26:05,83.0,77.0,2.0,4.0
2021-08-05 17:26:06,101.0,89.0,10.0,2.0
2021-08-05 17:26:07,114.0,100.0,10.0,4.0
2021-08-05 17:26:08,114.0,98.0,10.0,6.0
2021-08-05 17:26:09,87.0,73.0,5.0,9.0
2021-08-05 17:26:10,118.0,101.0,10.0,7.0
2021-08-05 17:26:11,92.0,82.0,7.0,3.0
2021-08-05 17:26:12,128.0,114.0,7.0,7.0
2021-08-05 17:26:13,100.0,93.0,4.0,3.0
2021-08-05 17:26:14,105.0,95.0,6.0,4.0
2021-08-05 17:26:15,117.0,109.0,6.0,2.0
2021-08-05 17:26:16,121.0,107.0,7.0,7.0
2021-08-05 17:26:17,106.0,92.0,9.0,5.0
2021-08-05 17:26:18,97.0,84.0,9.0,4.0
2021-08-05 17:26:19,105.0,90.0,9.0,6.0
2021-08-05 17:26:20,120.0,108.0,6.0,6.0
2021-08-05 17:26:21,101.0,96.0,2.0,3.0
2021-08-05 17:26:22,110.0,96.0,10.0,4.0
2021-08-05 17:26:23,74.0,68.0,4.0,2.0
2021-08-05 17:26:24,107.0,93.0,9.0,5.0
2021-08-05 17:26:25,92.0,82.0,6.0,4.0
2021-08-05 17:26:26,136.0,119.0,12.0,5.0
2021-08-05 17:26:27,99.0,82.0,11.0,6.0
2021-08-05 17:26:28,113.0,104.0,1.0,8.0
2021-08-05 17:26:29,109.0,99.0,6.0,4.0
2021-08-05 17:26:30,91.0,83.0,4.0,4.0
2021-08-05 17:26:31,103.0,85.0,11.0,7.0
2021-08-05 17:26:32,118.0,106.0,8.0,4.0
2021-08-05 17:26:33,93.0,85.0,6.0,2.0
2021-08-05 17:26:34,109.0,101.0,4.0,4.0
2021-08-05 17:26:35,109.0,93.0,9.0,7.0
2021-08-05 17:26:36,111.0,101.0,4.0,6.0
2021-08-05 17:26:37,115.0,105.0,5.0,5.0
2021-08-05 17:26:38,105.0,92.0,9.0,4.0
2021-08-05 17:26:39,116.0,105.0,9.0,2.0
2021-08-05 17:26:40,117.0,105.0,7.0,5.0
2021-08-05 17:26:41,115.0,108.0,4.0,3.0
2021-08-05 17:26:42,117.0,109.0,5.0,3.0
2021-08-05 17:26:43,106.0,95.0,4.0,7.0
2021-08-05 17:26:44,112.0,93.0,8.0,11.0
2021-08-05 17:26:45,106.0,95.0,9.0,2.0
2021-08-05 17:26:46,100.0,92.0,4.0,4.0
2021-08-05 17:26:47,97.0,84.0,8.0,5.0
2021-08-05 17:26:48,114.0,103.0,7.0,4.0
2021-08-05 17:26:49,115.0,106.0,4.0,5.0
2021-08-05 17:26:50,106.0,95.0,6.0,5.0
2021-08-05 17:26:51,110.0,101.0,6.0,3.0
2021-08-05 17:26:52,93.0,83.0,7.0,3.0
2021-08-05 17:26:53,108.0,95.0,7.0,6.0
2021-08-05 17:26:54,112.0,107.0,1.0,4.0
2021-08-05 17:26:55,105.0,88.0,9.0,8.0
2021-08-05 17:26:56,106.0,89.0,11.0,6.0
2021-08-05 17:26:57,102.0,94.0,3.0,5.0
2021-08-05 17:26:58,92.0,84.0,4.0,4.0
2021-08-05 17:26:59,107.0,101.0,6.0,0.0
2021-08-05 17:27:00,103.0,92.0,8.0,3.0
2021-08-05 17:27:01,96.0,83.0,6.0,7.0
2021-08-05 17:27:02,85.0,78.0,5.0,2.0
2021-08-05 17:27:03,98.0,85.0,8.0,5.0
2021-08-05 17:27:04,93.0,87.0,4.0,2.0
2021-08-05 17:27:05,122.0,109.0,10.0,3.0
2021-08-05 17:27:06,101.0,88.0,8.0,5.0
2021-08-05 17:27:07,110.0,96.0,7.0,7.0
2021-08-05 17:27:08,100.0,86.0,9.0,5.0
2021-08-05 17:27:09,102.0,89.0,7.0,6.0
2021-08-05 17:27:10,102.0,90.0,8.0,4.0
2021-08-05 17:27:11,130.0,116.0,9.0,5.0
2021-08-05 17:27:12,92.0,81.0,7.0,4.0
2021-08-05 17:27:13,107.0,96.0,8.0,3.0
2021-08-05 17:27:14,98.0,86.0,8.0,4.0
2021-08-05 17:27:15,103.0,92.0,4.0,7.0
2021-08-05 17:27:16,92.0,82.0,8.0,2.0
2021-08-05 17:27:17,116.0,104.0,10.0,2.0
2021-08-05 17:27:18,105.0,90.0,10.0,5.0
2021-08-05 17:27:19,98.0,88.0,5.0,5.0
2021-08-05 17:27:20,110.0,92.0,9.0,9.0
2021-08-05 17:27:21,99.0,90.0,8.0,1.0
2021-08-05 17:27:22,113.0,96.0,11.0,6.0
2021-08-05 17:27:23,104.0,87.0,12.0,5.0
2021-08-05 17:27:24,112.0,99.0,11.0,2.0
2021-08-05 17:27:25,94.0,84.0,7.0,3.0
2021-08-05 17:27:26,100.0,85.0,9.0,6.0
2021-08-05 17:27:27,86.0,79.0,3.0,4.0
2021-08-05 17:27:28,105.0,95.0,6.0,4.0
2021-08-05 17:27:29,97.0,84.0,9.0,4.0
2021-08-05 17:27:30,105.0,91.0,5.0,9.0
2021-08-05 17:27:31,91.0,78.0,5.0,8.0
2021-08-05 17:27:32,116.0,99.0,13.0,4.0
2021-08-05 17:27:33,84.0,76.0,5.0,3.0
2021-08-05 17:27:34,115.0,101.0,9.0,5.0
2021-08-05 17:27:35,95.0,86.0,7.0,2.0
2021-08-05 17:27:36,115.0,101.0,8.0,6.0
2021-08-05 17:27:37,90.0,84.0,4.0,2.0
2021-08-05 17:27:38,93.0,88.0,3.0,2.0
2021-08-05 17:27:39,122.0,109.0,7.0,6.0
2021-08-05 17:27:40,96.0,86.0,5.0,5.0
2021-08-05 17:27:41,101.0,90.0,5.0,6.0
2021-08-05 17:27:42,97.0,87.0,3.0,7.0
2021-08-05 17:27:43,97.0,93.0,3.0,1.0
2021-08-05 17:27:44,115.0,103.0,8.0,4.0
2021-08-05 17:27:45,116.0,109.0,4.0,3.0
2021-08-05 17:27:46,104.0,87.0,10.0,7.0
2021-08-05 17:27:47,80.0,70.0,7.0,3.0
2021-08-05 17:27:48,126.0,120.0,5.0,1.0
2021-08-05 17:27:49,95.0,86.0,5.0,4.0
2021-08-05 17:27:50,100.0,91.0,6.0,3.0
2021-08-05 17:27:51,111.0,102.0,7.0,2.0
2021-08-05 17:27:52,103.0,93.0,7.0,3.0
2021-08-05 17:27:53,106.0,97.0,7.0,2.0
2021-08-05 17:27:54,100.0,93.0,5.0,2.0
2021-08-05 17:27:55,93.0,84.0,6.0,3.0
2021-08-05 17:27:56,113.0,106.0,5.0,2.0
2021-08-05 17:27:57,87.0,75.0,8.0,4.0
2021-08-05 17:27:58,115.0,104.0,5.0,6.0
2021-08-05 17:27:59,104.0,91.0,9.0,4.0
2021-08-05 17:28:00,106.0,92.0,11.0,3.0
2021-08-05 17:28:01,86.0,79.0,4.0,3.0
2021-08-05 17:28:02,110.0,98.0,9.0,3.0
2021-08-05 17:28:03,102.0,93.0,6.0,3.0
2021-08-05 17:28:04,102.0,82.0,15.0,5.0
2021-08-05 17:28:05,113.0,99.0,7.0,7.0
2021-08-05 17:28:06,103.0,87.0,10.0,6.0
2021-08-05 17:28:07,88.0,74.0,8.0,6.0
2021-08-05 17:28:08,100.0,87.0,9.0,4.0
2021-08-05 17:28:09,95.0,81.0,7.0,7.0
2021-08-05 17:28:10,113.0,109.0,4.0,0.0
2021-08-05 17:28:11,98.0,87.0,6.0,5.0
2021-08-05 17:28:12,98.0,89.0,6.0,3.0
2021-08-05 17:28:13,96.0,87.0,5.0,4.0
2021-08-05 17:28:14,93.0,81.0,6.0,6.0
2021-08-05 17:28:15,87.0,77.0,5.0,5.0
2021-08-05 17:28:16,103.0,83.0,16.0,4.0
2021-08-05 17:28:17,97.0,87.0,9.0,1.0
2021-08-05 17:28:18,81.0,69.0,8.0,4.0
2021-08-05 17:28:19,109.0,94.0,12.0,3.0
2021-08-05 17:28:20,116.0,105.0,4.0,7.0
2021-08-05 17:28:21,98.0,92.0,5.0,1.0
2021-08-05 17:28:22,101.0,96.0,1.0,4.0
2021-08-05 17:28:23,97.0,87.0,5.0,5.0
2021-08-05 17:28:24,94.0,83.0,7.0,4.0
2021-08-05 17:28:25,115.0,111.0,1.0,3.0
2021-08-05 17:28:26,104.0,95.0,4.0,5.0
2021-08-05 17:28:27,98.0,87.0,8.0,3.0
2021-08-05 17:28:28,97.0,88.0,6.0,3.0
2021-08-05 17:28:29,97.0,87.0,9.0,1.0
2021-08-05 17:28:30,102.0,93.0,7.0,2.0
2021-08-05 17:28:31,104.0,91.0,8.0,5.0
2021-08-05 17:28:32,89.0,83.0,2.0,4.0
2021-08-05 17:28:33,91.0,80.0,7.0,4.0
2021-08-05 17:28:34,105.0,97.0,3.0,5.0
2021-08-05 17:28:35,95.0,87.0,5.0,3.0
2021-08-05 17:28:36,107.0,99.0,4.0,4.0
2021-08-05 17:28:37,102.0,95.0,1.0,6.0
2021-08-05 17:28:38,119.0,105.0,10.0,4.0
2021-08-05 17:28:39,105.0,99.0,3.0,3.0
2021-08-05 17:28:40,102.0,94.0,6.0,2.0
2021-08-05 17:28:41,95.0,84.0,5.0,6.0
2021-08-05 17:28:42,96.0,86.0,7.0,3.0
2021-08-05 17:28:43,102.0,87.0,9.0,6.0
2021-08-05 17:28:44,89.0,78.0,5.0,6.0
2021-08-05 17:28:45,90.0,85.0,4.0,1.0
2021-08-05 17:28:46,102.0,97.0,3.0,2.0
2021-08-05 17:28:47,99.0,81.0,7.0,11.0
2021-08-05 17:28:48,95.0,86.0,5.0,4.0
2021-08-05 17:28:49,89.0,80.0,5.0,4.0
2021-08-05 17:28:50,95.0,85.0,5.0,5.0
2021-08-05 17:28:51,100.0,87.0,7.0,6.0
2021-08-05 17:28:52,91.0,79.0,5.0,7.0
2021-08-05 17:28:53,102.0,94.0,4.0,4.0
2021-08-05 17:28:54,108.0,95.0,9.0,4.0
2021-08-05 17:28:55,109.0,103.0,4.0,2.0
2021-08-05 17:28:56,96.0,85.0,4.0,7.0
2021-08-05 17:28:57,113.0,102.0,5.0,6.0
2021-08-05 17:28:58,96.0,86.0,10.0,0.0
2021-08-05 17:28:59,92.0,75.0,11.0,6.0
2021-08-05 17:29:00,98.0,91.0,6.0,1.0
2021-08-05 17:29:01,118.0,108.0,5.0,5.0
2021-08-05 17:29:02,89.0,82.0,3.0,4.0
2021-08-05 17:29:03,96.0,86.0,7.0,3.0
2021-08-05 17:29:04,97.0,90.0,4.0,3.0
2021-08-05 17:29:05,103.0,95.0,5.0,3.0
2021-08-05 17:29:06,84.0,78.0,2.0,4.0
2021-08-05 17:29:07,84.0,79.0,2.0,3.0
2021-08-05 17:29:08,115.0,97.0,14.0,4.0
2021-08-05 17:29:09,97.0,81.0,10.0,6.0
2021-08-05 17:29:10,87.0,74.0,10.0,3.0
2021-08-05 17:29:11,113.0,108.0,5.0,0.0
2021-08-05 17:29:12,88.0,81.0,5.0,2.0
2021-08-05 17:29:13,91.0,81.0,8.0,2.0
2021-08-05 17:29:14,100.0,89.0,6.0,5.0
2021-08-05 17:29:15,95.0,86.0,4.0,5.0
2021-08-05 17:29:16,110.0,103.0,6.0,1.0
2021-08-05 17:29:17,92.0,84.0,6.0,2.0
2021-08-05 17:29:18,122.0,109.0,6.0,7.0
2021-08-05 17:29:19,93.0,86.0,5.0,2.0
2021-08-05 17:29:20,90.0,79.0,7.0,4.0
2021-08-05 17:29:21,91.0,81.0,8.0,2.0
2021-08-05 17:29:22,98.0,85.0,6.0,7.0
2021-08-05 17:29:23,124.0,106.0,9.0,9.0
2021-08-05 17:29:24,82.0,73.0,6.0,3.0
2021-08-05 17:29:25,107.0,101.0,5.0,1.0
2021-08-05 17:29:26,94.0,83.0,3.0,8.0
2021-08-05 17:29:27,98.0,87.0,5.0,6.0
2021-08-05 17:29:28,112.0,97.0,6.0,9.0
2021-08-05 17:29:29,101.0,97.0,3.0,1.0
2021-08-05 17:29:30,100.0,88.0,9.0,3.0
2021-08-05 17:29:31,106.0,94.0,3.0,9.0
2021-08-05 17:29:32,92.0,79.0,8.0,5.0
2021-08-05 17:29:33,103.0,91.0,5.0,7.0
2021-08-05 17:29:34,89.0,79.0,3.0,7.0
2021-08-05 17:29:35,94.0,82.0,10.0,2.0
2021-08-05 17:29:36,97.0,90.0,5.0,2.0
2021-08-05 17:29:37,94.0,82.0,7.0,5.0
2021-08-05 17:29:38,95.0,88.0,4.0,3.0
2021-08-05 17:29:39,111.0,97.0,9.0,5.0
2021-08-05 17:29:40,94.0,91.0,2.0,1.0
2021-08-05 17:29:41,90.0,77.0,6.0,7.0
2021-08-05 17:29:42,108.0,91.0,9.0,8.0
2021-08-05 17:29:43,100.0,88.0,7.0,5.0
2021-08-05 17:29:44,92.0,82.0,8.0,2.0
2021-08-05 17:29:45,98.0,84.0,8.0,6.0
2021-08-05 17:29:46,111.0,99.0,5.0,7.0
2021-08-05 17:29:47,105.0,95.0,7.0,3.0
2021-08-05 17:29:48,108.0,97.0,7.0,4.0
2021-08-05 17:29:49,96.0,87.0,6.0,3.0
2021-08-05 17:29:50,102.0,86.0,10.0,6.0
2021-08-05 17:29:51,101.0,88.0,9.0,4.0
2021-08-05 17:29:52,112.0,98.0,8.0,6.0
2021-08-05 17:29:53,121.0,113.0,3.0,5.0
2021-08-05 17:29:54,95.0,90.0,3.0,2.0
2021-08-05 17:29:55,100.0,86.0,10.0,4.0
2021-08-05 17:29:56,82.0,75.0,5.0,2.0
2021-08-05 17:29:57,108.0,93.0,8.0,7.0
2021-08-05 17:29:58,113.0,102.0,9.0,2.0
2021-08-05 17:29:59,99.0,86.0,7.0,6.0
2021-08-05 17:30:00,104.0,100.0,3.0,1.0
2021-08-05 17:30:01,123.0,109.0,9.0,5.0
2021-08-05 17:30:02,94.0,81.0,5.0,8.0
2021-08-05 17:30:03,103.0,91.0,7.0,5.0
2021-08-05 17:30:04,110.0,97.0,7.0,6.0
2021-08-05 17:30:05,112.0,101.0,6.0,5.0
2021-08-05 17:30:06,109.0,104.0,2.0,3.0
2021-08-05 17:30:07,123.0,110.0,7.0,6.0
2021-08-05 17:30:08,109.0,98.0,7.0,4.0
2021-08-05 17:30:09,102.0,91.0,6.0,5.0
2021-08-05 17:30:10,109.0,100.0,4.0,5.0
2021-08-05 17:30:11,99.0,85.0,8.0,6.0
2021-08-05 17:30:12,90.0,83.0,5.0,2.0
2021-08-05 17:30:13,93.0,84.0,4.0,5.0
2021-08-05 17:30:14,114.0,101.0,10.0,3.0
2021-08-05 17:30:15,88.0,75.0,4.0,9.0
2021-08-05 17:30:16,86.0,77.0,6.0,3.0
2021-08-05 17:30:17,112.0,93.0,15.0,4.0
2021-08-05 17:30:18,102.0,96.0,2.0,4.0
2021-08-05 17:30:19,101.0,89.0,5.0,7.0
2021-08-05 17:30:20,92.0,81.0,6.0,5.0
2021-08-05 17:30:21,84.0,71.0,11.0,2.0
2021-08-05 17:30:22,99.0,87.0,9.0,3.0
2021-08-05 17:30:23,87.0,77.0,7.0,3.0
2021-08-05 17:30:24,87.0,78.0,8.0,1.0
2021-08-05 17:30:25,117.0,105.0,7.0,5.0
2021-08-05 17:30:26,105.0,90.0,10.0,5.0
2021-08-05 17:30:27,102.0,91.0,6.0,5.0
2021-08-05 17:30:28,102.0,93.0,4.0,5.0
2021-08-05 17:30:29,113.0,104.0,7.0,2.0
2021-08-05 17:30:30,95.0,85.0,6.0,4.0
2021-08-05 17:30:31,107.0,104.0,2.0,1.0
2021-08-05 17:30:32,97.0,90.0,3.0,4.0
2021-08-05 17:30:33,92.0,83.0,5.0,4.0
2021-08-05 17:30:34,100.0,88.0,6.0,6.0
2021-08-05 17:30:35,92.0,86.0,2.0,4.0
2021-08-05 17:30:36,114.0,107.0,4.0,3.0
2021-08-05 17:30:37,92.0,88.0,3.0,1.0
2021-08-05 17:30:38,103.0,94.0,5.0,4.0
2021-08-05 17:30:39,114.0,103.0,7.0,4.0
2021-08-05 17:30:40,94.0,83.0,7.0,4.0
2021-08-05 17:30:41,100.0,92.0,4.0,4.0
2021-08-05 17:30:42,96.0,87.0,7.0,2.0
2021-08-05 17:30:43,102.0,90.0,10.0,2.0
2021-08-05 17:30:44,107.0,98.0,7.0,2.0
2021-08-05 17:30:45,112.0,100.0,8.0,4.0
2021-08-05 17:30:46,93.0,79.0,13.0,1.0
2021-08-05 17:30:47,105.0,97.0,6.0,2.0
2021-08-05 17:30:48,100.0,90.0,7.0,3.0
2021-08-05 17:30:49,109.0,101.0,2.0,6.0
2021-08-05 17:30:50,98.0,82.0,10.0,6.0
2021-08-05 17:30:51,97.0,91.0,4.0,2.0
2021-08-05 17:30:52,94.0,87.0,5.0,2.0
2021-08-05 17:30:53,90.0,74.0,12.0,4.0
2021-08-05 17:30:54,103.0,90.0,11.0,2.0
2021-08-05 17:30:55,95.0,88.0,5.0,2.0
2021-08-05 17:30:56,73.0,65.0,5.0,3.0
2021-08-05 17:30:57,105.0,91.0,6.0,8.0
2021-08-05 17:30:58,105.0,98.0,6.0,1.0
2021-08-05 17:30:59,100.0,92.0,5.0,3.0
2021-08-05 17:31:00,86.0,79.0,5.0,2.0
2021-08-05 17:31:01,98.0,81.0,13.0,4.0
2021-08-05 17:31:02,111.0,99.0,7.0,5.0
2021-08-05 17:31:03,105.0,96.0,4.0,5.0
2021-08-05 17:31:04,100.0,91.0,5.0,4.0
2021-08-05 17:31:05,107.0,98.0,5.0,4.0
2021-08-05 17:31:06,85.0,79.0,2.0,4.0
2021-08-05 17:31:07,97.0,87.0,5.0,5.0
2021-08-05 17:31:08,95.0,88.0,2.0,5.0
2021-08-05 17:31:09,107.0,93.0,10.0,4.0
2021-08-05 17:31:10,100.0,90.0,5.0,5.0
2021-08-05 17:31:11,114.0,104.0,4.0,6.0
2021-08-05 17:31:12,109.0,90.0,12.0,7.0
2021-08-05 17:31:13,87.0,77.0,10.0,0.0
2021-08-05 17:31:14,119.0,107.0,9.0,3.0
2021-08-05 17:31:15,97.0,86.0,10.0,1.0
2021-08-05 17:31:16,113.0,100.0,9.0,4.0
2021-08-05 17:31:17,118.0,108.0,7.0,3.0
2021-08-05 17:31:18,106.0,94.0,6.0,6.0
2021-08-05 17:31:19,94.0,89.0,4.0,1.0
2021-08-05 17:31:20,109.0,101.0,3.0,5.0
2021-08-05 17:31:21,100.0,89.0,9.0,2.0
2021-08-05 17:31:22,114.0,102.0,7.0,5.0
2021-08-05 17:31:23,95.0,86.0,3.0,6.0
2021-08-05 17:31:24,107.0,93.0,4.0,10.0
2021-08-05 17:31:25,109.0,94.0,7.0,8.0
2021-08-05 17:31:26,105.0,96.0,5.0,4.0
2021-08-05 17:31:27,99.0,89.0,3.0,7.0
2021-08-05 17:31:28,104.0,95.0,6.0,3.0
2021-08-05 17:31:29,109.0,99.0,5.0,5.0
2021-08-05 17:31:30,94.0,83.0,6.0,5.0
2021-08-05 17:31:31,92.0,83.0,5.0,4.0
2021-08-05 17:31:32,116.0,101.0,8.0,7.0
2021-08-05 17:31:33,94.0,86.0,6.0,2.0
2021-08-05 17:31:34,104.0,91.0,8.0,5.0
2021-08-05 17:31:35,116.0,101.0,10.0,5.0
2021-08-05 17:31:36,81.0,70.0,8.0,3.0
2021-08-05 17:31:37,102.0,92.0,4.0,6.0
2021-08-05 17:31:38,112.0,99.0,8.0,5.0
2021-08-05 17:31:39,104.0,89.0,11.0,4.0
2021-08-05 17:31:40,86.0,80.0,3.0,3.0
2021-08-05 17:31:41,109.0,97.0,6.0,6.0
2021-08-05 17:31:42,94.0,81.0,9.0,4.0
2021-08-05 17:31:43,97.0,87.0,6.0,4.0
2021-08-05 17:31:44,110.0,97.0,8.0,5.0
2021-08-05 17:31:45,90.0,82.0,3.0,5.0
2021-08-05 17:31:46,106.0,97.0,5.0,4.0
2021-08-05 17:31:47,104.0,95.0,3.0,6.0
2021-08-05 17:31:48,97.0,84.0,7.0,6.0
2021-08-05 17:31:49,103.0,89.0,9.0,5.0
2021-08-05 17:31:50,98.0,86.0,10.0,2.0
2021-08-05 17:31:51,96.0,86.0,8.0,2.0
2021-08-05 17:31:52,118.0,110.0,5.0,3.0
2021-08-05 17:31:53,92.0,79.0,7.0,6.0
2021-08-05 17:31:54,94.0,80.0,6.0,8.0
2021-08-05 17:31:55,103.0,96.0,5.0,2.0
2021-08-05 17:31:56,87.0,77.0,8.0,2.0
2021-08-05 17:31:57,100.0,84.0,10.0,6.0
2021-08-05 17:31:58,103.0,91.0,9.0,3.0
2021-08-05 17:31:59,100.0,92.0,5.0,3.0
2021-08-05 17:32:00,109.0,91.0,10.0,8.0
2021-08-05 17:32:01,111.0,90.0,12.0,9.0
2021-08-05 17:32:02,97.0,87.0,6.0,4.0
2021-08-05 17:32:03,111.0,93.0,12.0,6.0
2021-08-05 17:32:04,113.0,100.0,4.0,9.0
2021-08-05 17:32:05,107.0,97.0,6.0,4.0
2021-08-05 17:32:06,110.0,95.0,8.0,7.0
2021-08-05 17:32:07,120.0,103.0,9.0,8.0
2021-08-05 17:32:08,110.0,104.0,2.0,4.0
2021-08-05 17:32:09,111.0,101.0,7.0,3.0
2021-08-05 17:32:10,101.0,92.0,7.0,2.0
2021-08-05 17:32:11,111.0,101.0,8.0,2.0
2021-08-05 17:32:12,118.0,105.0,10.0,3.0
2021-08-05 17:32:13,101.0,94.0,4.0,3.0
2021-08-05 17:32:14,120.0,106.0,10.0,4.0
2021-08-05 17:32:15,116.0,106.0,5.0,5.0
2021-08-05 17:32:16,108.0,99.0,3.0,6.0
2021-08-05 17:32:17,106.0,92.0,7.0,7.0
2021-08-05 17:32:18,128.0,115.0,9.0,4.0
2021-08-05 17:32:19,99.0,90.0,8.0,1.0
2021-08-05 17:32:20,115.0,110.0,2.0,3.0
2021-08-05 17:32:21,95.0,88.0,4.0,3.0
2021-08-05 17:32:22,87.0,73.0,7.0,7.0
2021-08-05 17:32:23,109.0,105.0,2.0,2.0
2021-08-05 17:32:24,104.0,91.0,8.0,5.0
2021-08-05 17:32:25,89.0,76.0,10.0,3.0
2021-08-05 17:32:26,109.0,99.0,6.0,4.0
2021-08-05 17:32:27,104.0,99.0,4.0,1.0
2021-08-05 17:32:28,95.0,86.0,5.0,4.0
2021-08-05 17:32:29,101.0,90.0,8.0,3.0
2021-08-05 17:32:30,91.0,78.0,11.0,2.0
2021-08-05 17:32:31,90.0,82.0,7.0,1.0
2021-08-05 17:32:32,118.0,107.0,6.0,5.0
2021-08-05 17:32:33,99.0,86.0,6.0,7.0
2021-08-05 17:32:34,100.0,89.0,6.0,5.0
2021-08-05 17:32:35,112.0,101.0,6.0,5.0
2021-08-05 17:32:36,99.0,89.0,7.0,3.0
2021-08-05 17:32:37,104.0,94.0,6.0,4.0
2021-08-05 17:32:38,97.0,86.0,6.0,5.0
2021-08-05 17:32:39,114.0,106.0,2.0,6.0
2021-08-05 17:32:40,94.0,83.0,5.0,6.0
2021-08-05 17:32:41,88.0,77.0,4.0,7.0
2021-08-05 17:32:42,98.0,86.0,7.0,5.0
2021-08-05 17:32:43,97.0,89.0,6.0,2.0
2021-08-05 17:32:44,94.0,86.0,5.0,3.0
2021-08-05 17:32:45,110.0,100.0,4.0,6.0
2021-08-05 17:32:46,98.0,89.0,4.0,5.0
2021-08-05 17:32:47,95.0,85.0,3.0,7.0
2021-08-05 17:32:48,95.0,86.0,7.0,2.0
2021-08-05 17:32:49,102.0,95.0,4.0,3.0
2021-08-05 17:32:50,107.0,90.0,12.0,5.0
2021-08-05 17:32:51,106.0,95.0,5.0,6.0
2021-08-05 17:32:52,101.0,93.0,6.0,2.0
2021-08-05 17:32:53,89.0,77.0,7.0,5.0
2021-08-05 17:32:54,112.0,102.0,7.0,3.0
2021-08-05 17:32:55,94.0,84.0,3.0,7.0
2021-08-05 17:32:56,92.0,83.0,6.0,3.0
2021-08-05 17:32:57,104.0,92.0,8.0,4.0
2021-08-05 17:32:58,98.0,89.0,5.0,4.0
2021-08-05 17:32:59,101.0,95.0,3.0,3.0
2021-08-05 17:33:00,114.0,98.0,9.0,7.0
2021-08-05 17:33:01,90.0,80.0,3.0,7.0
2021-08-05 17:33:02,123.0,109.0,8.0,6.0
2021-08-05 17:33:03,105.0,95.0,5.0,5.0
2021-08-05 17:33:04,101.0,88.0,5.0,8.0
2021-08-05 17:33:05,113.0,99.0,5.0,9.0
2021-08-05 17:33:06,105.0,95.0,4.0,6.0
2021-08-05 17:33:07,107.0,96.0,5.0,6.0
2021-08-05 17:33:08,105.0,93.0,7.0,5.0
2021-08-05 17:33:09,123.0,110.0,10.0,3.0
2021-08-05 17:33:10,102.0,94.0,6.0,2.0
2021-08-05 17:33:11,117.0,103.0,10.0,4.0
2021-08-05 17:33:12,127.0,112.0,8.0,7.0
2021-08-05 17:33:13,92.0,83.0,6.0,3.0
2021-08-05 17:33:14,107.0,92.0,11.0,4.0
2021-08-05 17:33:15,109.0,96.0,10.0,3.0
2021-08-05 17:33:16,111.0,100.0,7.0,4.0
2021-08-05 17:33:17,104.0,91.0,4.0,9.0
2021-08-05 17:33:18,97.0,88.0,1.0,8.0
2021-08-05 17:33:19,110.0,96.0,7.0,7.0
2021-08-05 17:33:20,96.0,87.0,5.0,4.0
2021-08-05 17:33:21,122.0,115.0,4.0,3.0
2021-08-05 17:33:22,95.0,88.0,3.0,4.0
2021-08-05 17:33:23,118.0,106.0,5.0,7.0
2021-08-05 17:33:24,103.0,88.0,8.0,7.0
2021-08-05 17:33:25,125.0,107.0,10.0,8.0
2021-08-05 17:33:26,97.0,83.0,13.0,1.0
2021-08-05 17:33:27,106.0,96.0,8.0,2.0
2021-08-05 17:33:28,86.0,78.0,4.0,4.0
2021-08-05 17:33:29,103.0,93.0,5.0,5.0
2021-08-05 17:33:30,107.0,94.0,11.0,2.0
2021-08-05 17:33:31,95.0,85.0,6.0,4.0
2021-08-05 17:33:32,95.0,85.0,4.0,6.0
2021-08-05 17:33:33,122.0,109.0,10.0,3.0
2021-08-05 17:33:34,105.0,97.0,5.0,3.0
2021-08-05 17:33:35,116.0,99.0,9.0,8.0
2021-08-05 17:33:36,100.0,89.0,4.0,7.0
2021-08-05 17:33:37,98.0,89.0,6.0,3.0
2021-08-05 17:33:38,97.0,87.0,6.0,4.0
2021-08-05 17:33:39,79.0,73.0,4.0,2.0
2021-08-05 17:33:40,102.0,89.0,5.0,8.0
2021-08-05 17:33:41,91.0,84.0,5.0,2.0
2021-08-05 17:33:42,98.0,93.0,2.0,3.0
2021-08-05 17:33:43,110.0,92.0,13.0,5.0
2021-08-05 17:33:44,100.0,92.0,5.0,3.0
2021-08-05 17:33:45,98.0,88.0,5.0,5.0
2021-08-05 17:33:46,115.0,105.0,6.0,4.0
2021-08-05 17:33:47,100.0,87.0,9.0,4.0
2021-08-05 17:33:48,98.0,87.0,7.0,4.0
2021-08-05 17:33:49,95.0,87.0,5.0,3.0
2021-08-05 17:33:50,101.0,91.0,5.0,5.0
2021-08-05 17:33:51,104.0,97.0,5.0,2.0
2021-08-05 17:33:52,102.0,94.0,3.0,5.0
2021-08-05 17:33:53,85.0,74.0,4.0,7.0
2021-08-05 17:33:54,122.0,117.0,1.0,4.0
2021-08-05 17:33:55,93.0,82.0,6.0,5.0
2021-08-05 17:33:56,87.0,74.0,6.0,7.0
2021-08-05 17:33:57,106.0,99.0,4.0,3.0
2021-08-05 17:33:58,97.0,86.0,9.0,2.0
2021-08-05 17:33:59,97.0,87.0,7.0,3.0
2021-08-05 17:34:00,94.0,82.0,6.0,6.0
2021-08-05 17:34:01,113.0,98.0,8.0,7.0
2021-08-05 17:34:02,101.0,89.0,4.0,8.0
2021-08-05 17:34:03,89.0,81.0,6.0,2.0
2021-08-05 17:34:04,96.0,88.0,6.0,2.0
2021-08-05 17:34:05,99.0,83.0,10.0,6.0
2021-08-05 17:34:06,108.0,95.0,4.0,9.0
2021-08-05 17:34:07,109.0,98.0,7.0,4.0
2021-08-05 17:34:08,101.0,91.0,5.0,5.0
2021-08-05 17:34:09,99.0,94.0,4.0,1.0
2021-08-05 17:34:10,91.0,77.0,4.0,10.0
2021-08-05 17:34:11,94.0,84.0,3.0,7.0
2021-08-05 17:34:12,91.0,83.0,5.0,3.0
2021-08-05 17:34:13,113.0,101.0,6.0,6.0
2021-08-05 17:34:14,102.0,93.0,8.0,1.0
2021-08-05 17:34:15,101.0,87.0,7.0,7.0
2021-08-05 17:34:16,94.0,87.0,6.0,1.0
2021-08-05 17:34:17,99.0,87.0,8.0,4.0
2021-08-05 17:34:18,106.0,90.0,10.0,6.0
2021-08-05 17:34:19,92.0,83.0,6.0,3.0
2021-08-05 17:34:20,97.0,91.0,2.0,4.0
2021-08-05 17:34:21,94.0,83.0,4.0,7.0
2021-08-05 17:34:22,103.0,89.0,7.0,7.0
2021-08-05 17:34:23,92.0,85.0,6.0,1.0
2021-08-05 17:34:24,87.0,80.0,6.0,1.0
2021-08-05 17:34:25,102.0,91.0,4.0,7.0
2021-08-05 17:34:26,88.0,80.0,6.0,2.0
2021-08-05 17:34:27,91.0,83.0,3.0,5.0
2021-08-05 17:34:28,100.0,83.0,9.0,8.0
2021-08-05 17:34:29,93.0,79.0,8.0,6.0
2021-08-05 17:34:30,107.0,94.0,9.0,4.0
2021-08-05 17:34:31,99.0,88.0,8.0,3.0
2021-08-05 17:34:32,97.0,87.0,5.0,5.0
2021-08-05 17:34:33,121.0,105.0,10.0,6.0
2021-08-05 17:34:34,119.0,111.0,5.0,3.0
2021-08-05 17:34:35,88.0,78.0,8.0,2.0
2021-08-05 17:34:36,98.0,91.0,5.0,2.0
2021-08-05 17:34:37,92.0,88.0,3.0,1.0
2021-08-05 17:34:38,104.0,92.0,4.0,8.0
2021-08-05 17:34:39,102.0,95.0,2.0,5.0
2021-08-05 17:34:40,114.0,100.0,9.0,5.0
2021-08-05 17:34:41,98.0,88.0,6.0,4.0
2021-08-05 17:34:42,115.0,104.0,6.0,5.0
2021-08-05 17:34:43,109.0,99.0,8.0,2.0
2021-08-05 17:34:44,112.0,101.0,6.0,5.0
2021-08-05 17:34:45,129.0,119.0,4.0,6.0
2021-08-05 17:34:46,94.0,86.0,6.0,2.0
2021-08-05 17:34:47,106.0,98.0,5.0,3.0
2021-08-05 17:34:48,112.0,107.0,3.0,2.0
2021-08-05 17:34:49,98.0,83.0,8.0,7.0
2021-08-05 17:34:50,94.0,82.0,6.0,6.0
2021-08-05 17:34:51,92.0,78.0,8.0,6.0
2021-08-05 17:34:52,108.0,98.0,8.0,2.0
2021-08-05 17:34:53,102.0,90.0,8.0,4.0
2021-08-05 17:34:54,120.0,103.0,10.0,7.0
2021-08-05 17:34:55,103.0,89.0,8.0,6.0
2021-08-05 17:34:56,95.0,80.0,9.0,6.0
2021-08-05 17:34:57,99.0,93.0,5.0,1.0
2021-08-05 17:34:58,84.0,79.0,3.0,2.0
2021-08-05 17:34:59,120.0,112.0,4.0,4.0
2021-08-05 17:35:00,106.0,94.0,7.0,5.0
2021-08-05 17:35:01,105.0,95.0,5.0,5.0
2021-08-05 17:35:02,102.0,94.0,6.0,2.0
2021-08-05 17:35:03,115.0,106.0,4.0,5.0
2021-08-05 17:35:04,86.0,70.0,9.0,7.0
2021-08-05 17:35:05,104.0,88.0,9.0,7.0
2021-08-05 17:35:06,96.0,88.0,6.0,2.0
2021-08-05 17:35:07,108.0,93.0,8.0,7.0
2021-08-05 17:35:08,114.0,99.0,7.0,8.0
2021-08-05 17:35:09,106.0,89.0,10.0,7.0
2021-08-05 17:35:10,109.0,100.0,6.0,3.0
2021-08-05 17:35:11,110.0,99.0,8.0,3.0
2021-08-05 17:35:12,88.0,82.0,2.0,4.0
2021-08-05 17:35:13,109.0,95.0,6.0,8.0
2021-08-05 17:35:14,115.0,104.0,5.0,6.0
2021-08-05 17:35:15,97.0,85.0,8.0,4.0
2021-08-05 17:35:16,108.0,99.0,5.0,4.0
2021-08-05 17:35:17,90.0,85.0,3.0,2.0
2021-08-05 17:35:18,87.0,78.0,5.0,4.0
2021-08-05 17:35:19,116.0,104.0,7.0,5.0
2021-08-05 17:35:20,110.0,100.0,7.0,3.0
2021-08-05 17:35:21,92.0,83.0,5.0,4.0
2021-08-05 17:35:22,116.0,101.0,7.0,8.0
2021-08-05 17:35:23,112.0,106.0,5.0,1.0
2021-08-05 17:35:24,104.0,96.0,4.0,4.0
2021-08-05 17:35:25,122.0,111.0,5.0,6.0
2021-08-05 17:35:26,89.0,80.0,7.0,2.0
2021-08-05 17:35:27,100.0,90.0,7.0,3.0
2021-08-05 17:35:28,88.0,83.0,5.0,0.0
2021-08-05 17:35:29,88.0,77.0,8.0,3.0
2021-08-05 17:35:30,107.0,94.0,9.0,4.0
2021-08-05 17:35:31,117.0,104.0,10.0,3.0
2021-08-05 17:35:32,117.0,104.0,8.0,5.0
2021-08-05 17:35:33,98.0,87.0,7.0,4.0
2021-08-05 17:35:34,89.0,81.0,2.0,6.0
2021-08-05 17:35:35,85.0,80.0,3.0,2.0
2021-08-05 17:35:36,114.0,93.0,12.0,9.0
2021-08-05 17:35:37,95.0,87.0,3.0,5.0
2021-08-05 17:35:38,100.0,86.0,11.0,3.0
2021-08-05 17:35:39,104.0,94.0,4.0,6.0
2021-08-05 17:35:40,94.0,84.0,7.0,3.0
2021-08-05 17:35:41,96.0,89.0,4.0,3.0
2021-08-05 17:35:42,112.0,96.0,9.0,7.0
2021-08-05 17:35:43,95.0,84.0,8.0,3.0
2021-08-05 17:35:44,96.0,87.0,3.0,6.0
2021-08-05 17:35:45,106.0,93.0,10.0,3.0
2021-08-05 17:35:46,97.0,90.0,2.0,5.0
2021-08-05 17:35:47,86.0,78.0,5.0,3.0
2021-08-05 17:35:48,91.0,86.0,3.0,2.0
2021-08-05 17:35:49,101.0,89.0,8.0,4.0
2021-08-05 17:35:50,103.0,92.0,3.0,8.0
2021-08-05 17:35:51,102.0,89.0,6.0,7.0
2021-08-05 17:35:52,131.0,121.0,7.0,3.0
2021-08-05 17:35:53,107.0,97.0,6.0,4.0
2021-08-05 17:35:54,79.0,71.0,6.0,2.0
2021-08-05 17:35:55,90.0,80.0,9.0,1.0
2021-08-05 17:35:56,90.0,81.0,7.0,2.0
2021-08-05 17:35:57,103.0,98.0,1.0,4.0
2021-08-05 17:35:58,117.0,108.0,7.0,2.0
2021-08-05 17:35:59,98.0,86.0,7.0,5.0
2021-08-05 17:36:00,83.0,79.0,3.0,1.0
2021-08-05 17:36:01,99.0,84.0,9.0,6.0
2021-08-05 17:36:02,94.0,81.0,9.0,4.0
2021-08-05 17:36:03,110.0,95.0,10.0,5.0
2021-08-05 17:36:04,98.0,87.0,4.0,7.0
2021-08-05 17:36:05,100.0,91.0,4.0,5.0
2021-08-05 17:36:06,94.0,84.0,10.0,0.0
2021-08-05 17:36:07,108.0,102.0,5.0,1.0
2021-08-05 17:36:08,99.0,86.0,8.0,5.0
2021-08-05 17:36:09,115.0,106.0,9.0,0.0
2021-08-05 17:36:10,111.0,101.0,6.0,4.0
2021-08-05 17:36:11,115.0,102.0,5.0,8.0
2021-08-05 17:36:12,95.0,81.0,9.0,5.0
2021-08-05 17:36:13,117.0,106.0,6.0,5.0
2021-08-05 17:36:14,95.0,86.0,3.0,6.0
2021-08-05 17:36:15,105.0,91.0,6.0,8.0
2021-08-05 17:36:16,114.0,100.0,12.0,2.0
2021-08-05 17:36:17,101.0,93.0,6.0,2.0
2021-08-05 17:36:18,100.0,89.0,6.0,5.0
2021-08-05 17:36:19,103.0,89.0,8.0,6.0
2021-08-05 17:36:20,49.0,46.0,1.0,2.0
2021-08-05 17:36:21,94.0,86.0,6.0,2.0
2021-08-05 17:36:22,86.0,76.0,7.0,3.0
2021-08-05 17:36:23,107.0,93.0,10.0,4.0
2021-08-05 17:36:24,106.0,99.0,4.0,3.0
2021-08-05 17:36:25,106.0,91.0,9.0,6.0
2021-08-05 17:36:26,99.0,88.0,7.0,4.0
2021-08-05 17:36:27,120.0,105.0,10.0,5.0
2021-08-05 17:36:28,92.0,82.0,7.0,3.0
2021-08-05 17:36:29,109.0,94.0,10.0,5.0
2021-08-05 17:36:30,121.0,111.0,7.0,3.0
2021-08-05 17:36:31,103.0,94.0,6.0,3.0
2021-08-05 17:36:32,114.0,101.0,9.0,4.0
2021-08-05 17:36:33,114.0,99.0,10.0,5.0
2021-08-05 17:36:34,100.0,90.0,7.0,3.0
2021-08-05 17:36:35,97.0,90.0,5.0,2.0
2021-08-05 17:36:36,83.0,75.0,6.0,2.0
2021-08-05 17:36:37,100.0,83.0,11.0,6.0
2021-08-05 17:36:38,105.0,94.0,6.0,5.0
2021-08-05 17:36:39,105.0,89.0,10.0,6.0
2021-08-05 17:36:40,103.0,88.0,9.0,6.0
2021-08-05 17:36:41,91.0,79.0,4.0,8.0
2021-08-05 17:36:42,100.0,88.0,10.0,2.0
2021-08-05 17:36:43,86.0,78.0,6.0,2.0
2021-08-05 17:36:44,101.0,91.0,8.0,2.0
2021-08-05 17:36:45,96.0,86.0,7.0,3.0
2021-08-05 17:36:46,100.0,92.0,4.0,4.0
2021-08-05 17:36:47,114.0,96.0,11.0,7.0
2021-08-05 17:36:48,110.0,99.0,8.0,3.0
2021-08-05 17:36:49,100.0,87.0,8.0,5.0
2021-08-05 17:36:50,104.0,94.0,9.0,1.0
2021-08-05 17:36:51,94.0,87.0,4.0,3.0
2021-08-05 17:36:52,104.0,93.0,5.0,6.0
2021-08-05 17:36:53,102.0,87.0,11.0,4.0
2021-08-05 17:36:54,95.0,89.0,4.0,2.0
2021-08-05 17:36:55,104.0,95.0,5.0,4.0
2021-08-05 17:36:56,103.0,91.0,7.0,5.0
2021-08-05 17:36:57,103.0,87.0,8.0,8.0
2021-08-05 17:36:58,115.0,107.0,6.0,2.0
2021-08-05 17:36:59,116.0,107.0,4.0,5.0
2021-08-05 17:37:00,110.0,96.0,8.0,6.0
2021-08-05 17:37:01,101.0,93.0,3.0,5.0
2021-08-05 17:37:02,94.0,82.0,8.0,4.0
2021-08-05 17:37:03,110.0,97.0,5.0,8.0
2021-08-05 17:37:04,111.0,100.0,7.0,4.0
2021-08-05 17:37:05,99.0,87.0,8.0,4.0
2021-08-05 17:37:06,102.0,89.0,5.0,8.0
2021-08-05 17:37:07,105.0,96.0,4.0,5.0
2021-08-05 17:37:08,118.0,106.0,9.0,3.0
2021-08-05 17:37:09,76.0,66.0,6.0,4.0
2021-08-05 17:37:10,106.0,87.0,12.0,7.0
2021-08-05 17:37:11,113.0,100.0,8.0,5.0
2021-08-05 17:37:12,123.0,112.0,9.0,2.0
2021-08-05 17:37:13,117.0,110.0,5.0,2.0
2021-08-05 17:37:14,123.0,118.0,2.0,3.0
2021-08-05 17:37:15,105.0,94.0,6.0,5.0
2021-08-05 17:37:16,94.0,83.0,6.0,5.0
2021-08-05 17:37:17,102.0,88.0,9.0,5.0
2021-08-05 17:37:18,101.0,94.0,2.0,5.0
2021-08-05 17:37:19,118.0,104.0,8.0,6.0
2021-08-05 17:37:20,114.0,109.0,4.0,1.0
2021-08-05 17:37:21,88.0,78.0,7.0,3.0
2021-08-05 17:37:22,100.0,88.0,7.0,5.0
2021-08-05 17:37:23,99.0,87.0,6.0,6.0
2021-08-05 17:37:24,110.0,99.0,9.0,2.0
2021-08-05 17:37:25,87.0,78.0,6.0,3.0
2021-08-05 17:37:26,101.0,89.0,8.0,4.0
2021-08-05 17:37:27,123.0,112.0,5.0,6.0
2021-08-05 17:37:28,111.0,103.0,2.0,6.0
2021-08-05 17:37:29,110.0,94.0,9.0,7.0
2021-08-05 17:37:30,110.0,97.0,7.0,6.0
2021-08-05 17:37:31,112.0,97.0,12.0,3.0
2021-08-05 17:37:32,117.0,100.0,13.0,4.0
2021-08-05 17:37:33,104.0,99.0,4.0,1.0
2021-08-05 17:37:34,98.0,88.0,8.0,2.0
2021-08-05 17:37:35,93.0,85.0,6.0,2.0
2021-08-05 17:37:36,87.0,79.0,8.0,0.0
2021-08-05 17:37:37,93.0,77.0,7.0,9.0
2021-08-05 17:37:38,90.0,83.0,6.0,1.0
2021-08-05 17:37:39,90.0,80.0,5.0,5.0
2021-08-05 17:37:40,113.0,103.0,7.0,3.0
2021-08-05 17:37:41,95.0,83.0,8.0,4.0
2021-08-05 17:37:42,93.0,82.0,7.0,4.0
2021-08-05 17:37:43,106.0,95.0,6.0,5.0
2021-08-05 17:37:44,98.0,89.0,7.0,2.0
2021-08-05 17:37:45,100.0,85.0,6.0,9.0
2021-08-05 17:37:46,88.0,79.0,7.0,2.0
2021-08-05 17:37:47,94.0,89.0,4.0,1.0
2021-08-05 17:37:48,114.0,99.0,10.0,5.0
2021-08-05 17:37:49,116.0,103.0,10.0,3.0
2021-08-05 17:37:50,105.0,88.0,10.0,7.0
2021-08-05 17:37:51,97.0,90.0,5.0,2.0
2021-08-05 17:37:52,115.0,105.0,5.0,5.0
2021-08-05 17:37:53,107.0,92.0,10.0,5.0
2021-08-05 17:37:54,92.0,78.0,9.0,5.0
2021-08-05 17:37:55,70.0,58.0,8.0,4.0
2021-08-05 17:37:56,88.0,73.0,9.0,6.0
2021-08-05 17:37:57,89.0,78.0,3.0,8.0
2021-08-05 17:37:58,109.0,95.0,5.0,9.0
2021-08-05 17:37:59,93.0,83.0,3.0,7.0
2021-08-05 17:38:00,81.0,75.0,4.0,2.0
2021-08-05 17:38:01,97.0,85.0,5.0,7.0
2021-08-05 17:38:02,112.0,100.0,6.0,6.0
2021-08-05 17:38:03,100.0,89.0,8.0,3.0
2021-08-05 17:38:04,105.0,90.0,8.0,7.0
2021-08-05 17:38:05,84.0,70.0,7.0,7.0
2021-08-05 17:38:06,101.0,89.0,5.0,7.0
2021-08-05 17:38:07,81.0,71.0,8.0,2.0
2021-08-05 17:38:08,98.0,90.0,4.0,4.0
2021-08-05 17:38:09,99.0,89.0,7.0,3.0
2021-08-05 17:38:10,93.0,79.0,6.0,8.0
2021-08-05 17:38:11,90.0,78.0,6.0,6.0
2021-08-05 17:38:12,86.0,79.0,4.0,3.0
2021-08-05 17:38:13,90.0,83.0,4.0,3.0
2021-08-05 17:38:14,90.0,77.0,9.0,4.0
2021-08-05 17:38:15,106.0,91.0,9.0,6.0
2021-08-05 17:38:16,109.0,102.0,3.0,4.0
2021-08-05 17:38:17,114.0,105.0,8.0,1.0
2021-08-05 17:38:18,95.0,88.0,3.0,4.0
2021-08-05 17:38:19,95.0,77.0,10.0,8.0
2021-08-05 17:38:20,102.0,91.0,7.0,4.0
2021-08-05 17:38:21,104.0,91.0,7.0,6.0
2021-08-05 17:38:22,110.0,100.0,5.0,5.0
2021-08-05 17:38:23,110.0,104.0,2.0,4.0
2021-08-05 17:38:24,85.0,75.0,7.0,3.0
2021-08-05 17:38:25,106.0,97.0,6.0,3.0
2021-08-05 17:38:26,89.0,77.0,6.0,6.0
2021-08-05 17:38:27,94.0,85.0,8.0,1.0
2021-08-05 17:38:28,93.0,82.0,8.0,3.0
2021-08-05 17:38:29,109.0,100.0,5.0,4.0
2021-08-05 17:38:30,99.0,95.0,1.0,3.0
2021-08-05 17:38:31,102.0,96.0,3.0,3.0
2021-08-05 17:38:32,88.0,75.0,7.0,6.0
2021-08-05 17:38:33,108.0,97.0,4.0,7.0
2021-08-05 17:38:34,105.0,97.0,5.0,3.0
2021-08-05 17:38:35,82.0,75.0,3.0,4.0
2021-08-05 17:38:36,101.0,93.0,5.0,3.0
2021-08-05 17:38:37,108.0,89.0,11.0,8.0
2021-08-05 17:38:38,120.0,108.0,6.0,6.0
2021-08-05 17:38:39,88.0,81.0,6.0,1.0
2021-08-05 17:38:40,110.0,98.0,4.0,8.0
2021-08-05 17:38:41,97.0,91.0,3.0,3.0
2021-08-05 17:38:42,107.0,94.0,4.0,9.0
2021-08-05 17:38:43,93.0,83.0,3.0,7.0
2021-08-05 17:38:44,108.0,99.0,6.0,3.0
2021-08-05 17:38:45,82.0,74.0,6.0,2.0
2021-08-05 17:38:46,100.0,90.0,4.0,6.0
2021-08-05 17:38:47,96.0,86.0,6.0,4.0
2021-08-05 17:38:48,92.0,86.0,1.0,5.0
2021-08-05 17:38:49,90.0,77.0,7.0,6.0
2021-08-05 17:38:50,105.0,97.0,4.0,4.0
2021-08-05 17:38:51,92.0,89.0,2.0,1.0
2021-08-05 17:38:52,88.0,78.0,8.0,2.0
2021-08-05 17:38:53,99.0,88.0,5.0,6.0
2021-08-05 17:38:54,92.0,82.0,5.0,5.0
2021-08-05 17:38:55,94.0,84.0,4.0,6.0
2021-08-05 17:38:56,113.0,102.0,9.0,2.0
2021-08-05 17:38:57,102.0,88.0,10.0,4.0
2021-08-05 17:38:58,85.0,77.0,4.0,4.0
2021-08-05 17:38:59,85.0,75.0,8.0,2.0
2021-08-05 17:39:00,114.0,106.0,4.0,4.0
2021-08-05 17:39:01,105.0,86.0,7.0,12.0
2021-08-05 17:39:02,100.0,94.0,5.0,1.0
2021-08-05 17:39:03,92.0,83.0,2.0,7.0
2021-08-05 17:39:04,110.0,98.0,6.0,6.0
2021-08-05 17:39:05,106.0,98.0,4.0,4.0
2021-08-05 17:39:06,101.0,93.0,5.0,3.0
2021-08-05 17:39:07,101.0,93.0,4.0,4.0
2021-08-05 17:39:08,106.0,94.0,6.0,6.0
2021-08-05 17:39:09,90.0,87.0,1.0,2.0
2021-08-05 17:39:10,91.0,85.0,2.0,4.0
2021-08-05 17:39:11,106.0,98.0,4.0,4.0
2021-08-05 17:39:12,90.0,80.0,7.0,3.0
2021-08-05 17:39:13,106.0,98.0,5.0,3.0
2021-08-05 17:39:14,118.0,107.0,4.0,7.0
2021-08-05 17:39:15,89.0,84.0,3.0,2.0
2021-08-05 17:39:16,110.0,99.0,8.0,3.0
2021-08-05 17:39:17,104.0,95.0,7.0,2.0
2021-08-05 17:39:18,118.0,109.0,5.0,4.0
2021-08-05 17:39:19,106.0,95.0,7.0,4.0
2021-08-05 17:39:20,95.0,90.0,4.0,1.0
2021-08-05 17:39:21,94.0,86.0,2.0,6.0
2021-08-05 17:39:22,102.0,90.0,6.0,6.0
2021-08-05 17:39:23,102.0,95.0,4.0,3.0
2021-08-05 17:39:24,87.0,78.0,5.0,4.0
2021-08-05 17:39:25,104.0,91.0,6.0,7.0
2021-08-05 17:39:26,115.0,102.0,10.0,3.0
2021-08-05 17:39:27,111.0,98.0,10.0,3.0
2021-08-05 17:39:28,100.0,93.0,5.0,2.0
2021-08-05 17:39:29,107.0,90.0,8.0,9.0
2021-08-05 17:39:30,111.0,100.0,6.0,5.0
2021-08-05 17:39:31,105.0,93.0,6.0,6.0
2021-08-05 17:39:32,80.0,67.0,7.0,6.0
2021-08-05 17:39:33,80.0,74.0,5.0,1.0
2021-08-05 17:39:34,86.0,79.0,5.0,2.0
2021-08-05 17:39:35,101.0,88.0,6.0,7.0
2021-08-05 17:39:36,107.0,97.0,5.0,5.0
2021-08-05 17:39:37,100.0,93.0,6.0,1.0
2021-08-05 17:39:38,109.0,97.0,8.0,4.0
2021-08-05 17:39:39,91.0,81.0,8.0,2.0
2021-08-05 17:39:40,105.0,95.0,5.0,5.0
2021-08-05 17:39:41,114.0,103.0,7.0,4.0
2021-08-05 17:39:42,104.0,92.0,7.0,5.0
2021-08-05 17:39:43,89.0,81.0,5.0,3.0
2021-08-05 17:39:44,78.0,69.0,4.0,5.0
2021-08-05 17:39:45,100.0,89.0,6.0,5.0
2021-08-05 17:39:46,99.0,88.0,8.0,3.0
2021-08-05 17:39:47,91.0,83.0,5.0,3.0
2021-08-05 17:39:48,89.0,82.0,3.0,4.0
2021-08-05 17:39:49,85.0,79.0,6.0,0.0
2021-08-05 17:39:50,100.0,86.0,6.0,8.0
2021-08-05 17:39:51,79.0,70.0,3.0,6.0
2021-08-05 17:39:52,92.0,80.0,9.0,3.0
2021-08-05 17:39:53,108.0,98.0,7.0,3.0
2021-08-05 17:39:54,90.0,84.0,3.0,3.0
2021-08-05 17:39:55,90.0,82.0,7.0,1.0
2021-08-05 17:39:56,83.0,76.0,5.0,2.0
2021-08-05 17:39:57,103.0,94.0,7.0,2.0
2021-08-05 17:39:58,120.0,106.0,9.0,5.0
2021-08-05 17:39:59,112.0,101.0,6.0,5.0
2021-08-05 17:40:00,101.0,93.0,4.0,4.0
2021-08-05 17:40:01,105.0,93.0,5.0,7.0
2021-08-05 17:40:02,92.0,83.0,5.0,4.0
2021-08-05 17:40:03,94.0,88.0,5.0,1.0
2021-08-05 17:40:04,96.0,78.0,15.0,3.0
2021-08-05 17:40:05,97.0,89.0,3.0,5.0
2021-08-05 17:40:06,93.0,79.0,9.0,5.0
2021-08-05 17:40:07,118.0,102.0,5.0,11.0
2021-08-05 17:40:08,95.0,80.0,6.0,9.0
2021-08-05 17:40:09,104.0,94.0,6.0,4.0
2021-08-05 17:40:10,97.0,91.0,3.0,3.0
2021-08-05 17:40:11,102.0,83.0,10.0,9.0
2021-08-05 17:40:12,102.0,91.0,8.0,3.0
2021-08-05 17:40:13,101.0,90.0,8.0,3.0
2021-08-05 17:40:14,102.0,88.0,9.0,5.0
2021-08-05 17:40:15,111.0,100.0,4.0,7.0
2021-08-05 17:40:16,95.0,83.0,8.0,4.0
2021-08-05 17:40:17,96.0,86.0,4.0,6.0
2021-08-05 17:40:18,97.0,84.0,9.0,4.0
2021-08-05 17:40:19,110.0,99.0,3.0,8.0
2021-08-05 17:40:20,86.0,78.0,4.0,4.0
2021-08-05 17:40:21,85.0,77.0,3.0,5.0
2021-08-05 17:40:22,102.0,90.0,7.0,5.0
2021-08-05 17:40:23,102.0,86.0,13.0,3.0
2021-08-05 17:40:24,107.0,96.0,6.0,5.0
2021-08-05 17:40:25,97.0,86.0,7.0,4.0
2021-08-05 17:40:26,97.0,87.0,6.0,4.0
2021-08-05 17:40:27,88.0,78.0,8.0,2.0
2021-08-05 17:40:28,107.0,98.0,3.0,6.0
2021-08-05 17:40:29,120.0,110.0,5.0,5.0
2021-08-05 17:40:30,117.0,106.0,4.0,7.0
2021-08-05 17:40:31,104.0,91.0,12.0,1.0
2021-08-05 17:40:32,100.0,89.0,7.0,4.0
2021-08-05 17:40:33,115.0,104.0,7.0,4.0
2021-08-05 17:40:34,89.0,82.0,5.0,2.0
2021-08-05 17:40:35,94.0,77.0,11.0,6.0
2021-08-05 17:40:36,96.0,88.0,4.0,4.0
2021-08-05 17:40:37,98.0,90.0,4.0,4.0
2021-08-05 17:40:38,79.0,70.0,7.0,2.0
2021-08-05 17:40:39,96.0,82.0,11.0,3.0
2021-08-05 17:40:40,108.0,99.0,6.0,3.0
2021-08-05 17:40:41,93.0,83.0,5.0,5.0
2021-08-05 17:40:42,99.0,89.0,4.0,6.0
2021-08-05 17:40:43,97.0,85.0,8.0,4.0
2021-08-05 17:40:44,82.0,75.0,4.0,3.0
2021-08-05 17:40:45,90.0,83.0,7.0,0.0
2021-08-05 17:40:46,116.0,106.0,4.0,6.0
2021-08-05 17:40:47,89.0,81.0,4.0,4.0
2021-08-05 17:40:48,98.0,89.0,7.0,2.0
2021-08-05 17:40:49,91.0,79.0,9.0,3.0
2021-08-05 17:40:50,108.0,98.0,3.0,7.0
2021-08-05 17:40:51,121.0,111.0,6.0,4.0
2021-08-05 17:40:52,98.0,87.0,4.0,7.0
2021-08-05 17:40:53,99.0,89.0,5.0,5.0
2021-08-05 17:40:54,109.0,93.0,8.0,8.0
2021-08-05 17:40:55,94.0,84.0,6.0,4.0
2021-08-05 17:40:56,105.0,89.0,9.0,7.0
2021-08-05 17:40:57,104.0,94.0,8.0,2.0
2021-08-05 17:40:58,106.0,94.0,5.0,7.0
2021-08-05 17:40:59,96.0,87.0,7.0,2.0
2021-08-05 17:41:00,114.0,102.0,6.0,6.0
2021-08-05 17:41:01,107.0,93.0,9.0,5.0
2021-08-05 17:41:02,123.0,106.0,10.0,7.0
2021-08-05 17:41:03,109.0,97.0,7.0,5.0
2021-08-05 17:41:04,95.0,89.0,2.0,4.0
2021-08-05 17:41:05,102.0,91.0,8.0,3.0
2021-08-05 17:41:06,107.0,95.0,8.0,4.0
2021-08-05 17:41:07,102.0,84.0,9.0,9.0
2021-08-05 17:41:08,89.0,82.0,4.0,3.0
2021-08-05 17:41:09,109.0,98.0,9.0,2.0
2021-08-05 17:41:10,86.0,79.0,5.0,2.0
2021-08-05 17:41:11,102.0,93.0,6.0,3.0
2021-08-05 17:41:12,91.0,80.0,9.0,2.0
2021-08-05 17:41:13,78.0,69.0,5.0,4.0
2021-08-05 17:41:14,105.0,94.0,9.0,2.0
2021-08-05 17:41:15,107.0,101.0,4.0,2.0
2021-08-05 17:41:16,110.0,95.0,8.0,7.0
2021-08-05 17:41:17,110.0,100.0,6.0,4.0
2021-08-05 17:41:18,90.0,85.0,4.0,1.0
2021-08-05 17:41:19,109.0,96.0,7.0,6.0
2021-08-05 17:41:20,100.0,90.0,3.0,7.0
2021-08-05 17:41:21,97.0,84.0,7.0,6.0
2021-08-05 17:41:22,97.0,88.0,6.0,3.0
2021-08-05 17:41:23,116.0,103.0,12.0,1.0
2021-08-05 17:41:24,77.0,71.0,2.0,4.0
2021-08-05 17:41:25,109.0,94.0,6.0,9.0
2021-08-05 17:41:26,116.0,110.0,3.0,3.0
2021-08-05 17:41:27,110.0,101.0,6.0,3.0
2021-08-05 17:41:28,100.0,87.0,8.0,5.0
2021-08-05 17:41:29,110.0,96.0,8.0,6.0
2021-08-05 17:41:30,101.0,87.0,7.0,7.0
2021-08-05 17:41:31,98.0,89.0,4.0,5.0
2021-08-05 17:41:32,100.0,92.0,7.0,1.0
2021-08-05 17:41:33,99.0,89.0,5.0,5.0
2021-08-05 17:41:34,123.0,108.0,11.0,4.0
2021-08-05 17:41:35,100.0,93.0,3.0,4.0
2021-08-05 17:41:36,91.0,80.0,7.0,4.0
2021-08-05 17:41:37,95.0,87.0,5.0,3.0
2021-08-05 17:41:38,126.0,112.0,5.0,9.0
2021-08-05 17:41:39,98.0,84.0,10.0,4.0
2021-08-05 17:41:40,111.0,103.0,7.0,1.0
2021-08-05 17:41:41,117.0,98.0,9.0,10.0
2021-08-05 17:41:42,90.0,79.0,8.0,3.0
2021-08-05 17:41:43,96.0,85.0,7.0,4.0
2021-08-05 17:41:44,112.0,110.0,2.0,0.0
2021-08-05 17:41:45,106.0,95.0,8.0,3.0
2021-08-05 17:41:46,108.0,95.0,8.0,5.0
2021-08-05 17:41:47,102.0,90.0,5.0,7.0
2021-08-05 17:41:48,115.0,97.0,10.0,8.0
2021-08-05 17:41:49,102.0,90.0,4.0,8.0
2021-08-05 17:41:50,103.0,99.0,1.0,3.0
2021-08-05 17:41:51,94.0,78.0,12.0,4.0
2021-08-05 17:41:52,93.0,85.0,3.0,5.0
2021-08-05 17:41:53,107.0,93.0,9.0,5.0
2021-08-05 17:41:54,107.0,94.0,10.0,3.0
2021-08-05 17:41:55,104.0,92.0,4.0,8.0
2021-08-05 17:41:56,112.0,98.0,8.0,6.0
2021-08-05 17:41:57,104.0,87.0,8.0,9.0
2021-08-05 17:41:58,107.0,95.0,10.0,2.0
2021-08-05 17:41:59,80.0,72.0,3.0,5.0
2021-08-05 17:42:00,92.0,79.0,9.0,4.0
2021-08-05 17:42:01,100.0,86.0,8.0,6.0
2021-08-05 17:42:02,88.0,79.0,5.0,4.0
2021-08-05 17:42:03,93.0,83.0,6.0,4.0
2021-08-05 17:42:04,87.0,73.0,8.0,6.0
2021-08-05 17:42:05,96.0,91.0,3.0,2.0
2021-08-05 17:42:06,103.0,90.0,10.0,3.0
2021-08-05 17:42:07,96.0,90.0,4.0,2.0
2021-08-05 17:42:08,110.0,96.0,8.0,6.0
2021-08-05 17:42:09,110.0,98.0,9.0,3.0
2021-08-05 17:42:10,90.0,75.0,11.0,4.0
2021-08-05 17:42:11,90.0,82.0,6.0,2.0
2021-08-05 17:42:12,81.0,70.0,7.0,4.0
2021-08-05 17:42:13,83.0,77.0,3.0,3.0
2021-08-05 17:42:14,99.0,84.0,11.0,4.0
2021-08-05 17:42:15,88.0,81.0,4.0,3.0
2021-08-05 17:42:16,113.0,91.0,12.0,10.0
2021-08-05 17:42:17,115.0,109.0,3.0,3.0
2021-08-05 17:42:18,106.0,94.0,8.0,4.0
2021-08-05 17:42:19,100.0,97.0,2.0,1.0
2021-08-05 17:42:20,89.0,76.0,9.0,4.0
2021-08-05 17:42:21,97.0,89.0,4.0,4.0
2021-08-05 17:42:22,116.0,103.0,10.0,3.0
2021-08-05 17:42:23,107.0,89.0,11.0,7.0
2021-08-05 17:42:24,93.0,85.0,6.0,2.0
2021-08-05 17:42:25,95.0,82.0,8.0,5.0
2021-08-05 17:42:26,104.0,93.0,5.0,6.0
2021-08-05 17:42:27,80.0,67.0,8.0,5.0
2021-08-05 17:42:28,127.0,117.0,6.0,4.0
2021-08-05 17:42:29,104.0,92.0,8.0,4.0
2021-08-05 17:42:30,94.0,77.0,9.0,8.0
2021-08-05 17:42:31,94.0,83.0,8.0,3.0
2021-08-05 17:42:32,96.0,90.0,2.0,4.0
2021-08-05 17:42:33,105.0,97.0,4.0,4.0
2021-08-05 17:42:34,110.0,104.0,2.0,4.0
2021-08-05 17:42:35,90.0,77.0,8.0,5.0
2021-08-05 17:42:36,105.0,96.0,6.0,3.0
2021-08-05 17:42:37,99.0,93.0,3.0,3.0
2021-08-05 17:42:38,102.0,96.0,5.0,1.0
2021-08-05 17:42:39,102.0,94.0,1.0,7.0
2021-08-05 17:42:40,104.0,92.0,7.0,5.0
2021-08-05 17:42:41,87.0,76.0,5.0,6.0
2021-08-05 17:42:42,105.0,95.0,5.0,5.0
2021-08-05 17:42:43,100.0,86.0,9.0,5.0
2021-08-05 17:42:44,122.0,114.0,3.0,5.0
2021-08-05 17:42:45,99.0,91.0,3.0,5.0
2021-08-05 17:42:46,102.0,90.0,6.0,6.0
2021-08-05 17:42:47,102.0,92.0,4.0,6.0
2021-08-05 17:42:48,116.0,105.0,5.0,6.0
2021-08-05 17:42:49,80.0,67.0,8.0,5.0
2021-08-05 17:42:50,105.0,95.0,5.0,5.0
2021-08-05 17:42:51,113.0,98.0,10.0,5.0
2021-08-05 17:42:52,98.0,88.0,7.0,3.0
2021-08-05 17:42:53,110.0,94.0,8.0,8.0
2021-08-05 17:42:54,127.0,110.0,12.0,5.0
2021-08-05 17:42:55,109.0,91.0,14.0,4.0
2021-08-05 17:42:56,94.0,90.0,2.0,2.0
2021-08-05 17:42:57,107.0,96.0,7.0,4.0
2021-08-05 17:42:58,116.0,104.0,7.0,5.0
2021-08-05 17:42:59,105.0,91.0,9.0,5.0
2021-08-05 17:43:00,104.0,97.0,5.0,2.0
2021-08-05 17:43:01,101.0,90.0,9.0,2.0
2021-08-05 17:43:02,93.0,81.0,6.0,6.0
2021-08-05 17:43:03,96.0,89.0,2.0,5.0
2021-08-05 17:43:04,109.0,106.0,2.0,1.0
2021-08-05 17:43:05,100.0,90.0,7.0,3.0
2021-08-05 17:43:06,112.0,96.0,9.0,7.0
2021-08-05 17:43:07,100.0,93.0,3.0,4.0
2021-08-05 17:43:08,113.0,97.0,11.0,5.0
2021-08-05 17:43:09,98.0,89.0,5.0,4.0
2021-08-05 17:43:10,99.0,89.0,5.0,5.0
2021-08-05 17:43:11,95.0,88.0,4.0,3.0
2021-08-05 17:43:12,106.0,94.0,6.0,6.0
2021-08-05 17:43:13,106.0,91.0,13.0,2.0
2021-08-05 17:43:14,117.0,102.0,10.0,5.0
2021-08-05 17:43:15,92.0,88.0,4.0,0.0
2021-08-05 17:43:16,101.0,89.0,9.0,3.0
2021-08-05 17:43:17,91.0,83.0,4.0,4.0
2021-08-05 17:43:18,90.0,83.0,3.0,4.0
2021-08-05 17:43:19,102.0,98.0,2.0,2.0
2021-08-05 17:43:20,114.0,99.0,9.0,6.0
2021-08-05 17:43:21,91.0,79.0,10.0,2.0
2021-08-05 17:43:22,88.0,82.0,4.0,2.0
2021-08-05 17:43:23,113.0,100.0,10.0,3.0
2021-08-05 17:43:24,99.0,89.0,5.0,5.0
2021-08-05 17:43:25,97.0,87.0,7.0,3.0
2021-08-05 17:43:26,93.0,81.0,7.0,5.0
2021-08-05 17:43:27,96.0,92.0,3.0,1.0
2021-08-05 17:43:28,114.0,106.0,4.0,4.0
2021-08-05 17:43:29,105.0,98.0,3.0,4.0
2021-08-05 17:43:30,115.0,99.0,7.0,9.0
2021-08-05 17:43:31,90.0,81.0,7.0,2.0
2021-08-05 17:43:32,108.0,94.0,8.0,6.0
2021-08-05 17:43:33,102.0,89.0,8.0,5.0
2021-08-05 17:43:34,97.0,92.0,4.0,1.0
2021-08-05 17:43:35,98.0,92.0,3.0,3.0
2021-08-05 17:43:36,107.0,91.0,11.0,5.0
2021-08-05 17:43:37,99.0,88.0,10.0,1.0
2021-08-05 17:43:38,98.0,83.0,8.0,7.0
2021-08-05 17:43:39,103.0,94.0,6.0,3.0
2021-08-05 17:43:40,109.0,104.0,3.0,2.0
2021-08-05 17:43:41,99.0,90.0,6.0,3.0
2021-08-05 17:43:42,108.0,96.0,4.0,8.0
2021-08-05 17:43:43,120.0,110.0,5.0,5.0
2021-08-05 17:43:44,112.0,106.0,2.0,4.0
2021-08-05 17:43:45,101.0,86.0,11.0,4.0
2021-08-05 17:43:46,95.0,86.0,5.0,4.0
2021-08-05 17:43:47,102.0,93.0,5.0,4.0
2021-08-05 17:43:48,101.0,92.0,4.0,5.0
2021-08-05 17:43:49,110.0,94.0,6.0,10.0
2021-08-05 17:43:50,71.0,61.0,9.0,1.0
2021-08-05 17:43:51,97.0,89.0,3.0,5.0
2021-08-05 17:43:52,118.0,101.0,9.0,8.0
2021-08-05 17:43:53,92.0,80.0,9.0,3.0
2021-08-05 17:43:54,90.0,82.0,4.0,4.0
2021-08-05 17:43:55,97.0,87.0,2.0,8.0
2021-08-05 17:43:56,101.0,94.0,3.0,4.0
2021-08-05 17:43:57,96.0,86.0,6.0,4.0
2021-08-05 17:43:58,103.0,95.0,6.0,2.0
2021-08-05 17:43:59,94.0,82.0,8.0,4.0
2021-08-05 17:44:00,106.0,96.0,3.0,7.0
2021-08-05 17:44:01,104.0,93.0,6.0,5.0
2021-08-05 17:44:02,108.0,103.0,3.0,2.0
2021-08-05 17:44:03,94.0,88.0,3.0,3.0
2021-08-05 17:44:04,118.0,96.0,12.0,10.0
2021-08-05 17:44:05,122.0,112.0,8.0,2.0
2021-08-05 17:44:06,95.0,87.0,3.0,5.0
2021-08-05 17:44:07,86.0,77.0,7.0,2.0
2021-08-05 17:44:08,84.0,76.0,3.0,5.0
2021-08-05 17:44:09,111.0,98.0,6.0,7.0
2021-08-05 17:44:10,81.0,73.0,4.0,4.0
2021-08-05 17:44:11,96.0,85.0,8.0,3.0
2021-08-05 17:44:12,90.0,76.0,8.0,6.0
2021-08-05 17:44:13,88.0,75.0,10.0,3.0
2021-08-05 17:44:14,97.0,87.0,7.0,3.0
2021-08-05 17:44:15,98.0,83.0,9.0,6.0
2021-08-05 17:44:16,110.0,97.0,6.0,7.0
2021-08-05 17:44:17,85.0,75.0,6.0,4.0
2021-08-05 17:44:18,91.0,85.0,3.0,3.0
2021-08-05 17:44:19,85.0,71.0,11.0,3.0
2021-08-05 17:44:20,106.0,92.0,10.0,4.0
2021-08-05 17:44:21,97.0,90.0,5.0,2.0
2021-08-05 17:44:22,113.0,101.0,9.0,3.0
2021-08-05 17:44:23,120.0,107.0,8.0,5.0
2021-08-05 17:44:24,99.0,88.0,6.0,5.0
2021-08-05 17:44:25,96.0,87.0,7.0,2.0
2021-08-05 17:44:26,93.0,83.0,7.0,3.0
2021-08-05 17:44:27,103.0,90.0,8.0,5.0
2021-08-05 17:44:28,102.0,86.0,8.0,8.0
2021-08-05 17:44:29,106.0,96.0,4.0,6.0
2021-08-05 17:44:30,96.0,85.0,4.0,7.0
2021-08-05 17:44:31,91.0,84.0,7.0,0.0
2021-08-05 17:44:32,111.0,102.0,5.0,4.0
2021-08-05 17:44:33,116.0,105.0,7.0,4.0
2021-08-05 17:44:34,89.0,80.0,8.0,1.0
2021-08-05 17:44:35,99.0,88.0,9.0,2.0
2021-08-05 17:44:36,106.0,99.0,6.0,1.0
2021-08-05 17:44:37,113.0,100.0,7.0,6.0
2021-08-05 17:44:38,111.0,90.0,9.0,12.0
2021-08-05 17:44:39,86.0,80.0,6.0,0.0
2021-08-05 17:44:40,107.0,91.0,12.0,4.0
2021-08-05 17:44:41,105.0,91.0,6.0,8.0
2021-08-05 17:44:42,96.0,81.0,8.0,7.0
2021-08-05 17:44:43,121.0,102.0,11.0,8.0
2021-08-05 17:44:44,112.0,100.0,10.0,2.0
2021-08-05 17:44:45,113.0,101.0,7.0,5.0
2021-08-05 17:44:46,96.0,88.0,4.0,4.0
2021-08-05 17:44:47,107.0,99.0,6.0,2.0
2021-08-05 17:44:48,84.0,74.0,5.0,5.0
2021-08-05 17:44:49,113.0,103.0,6.0,4.0
2021-08-05 17:44:50,112.0,100.0,5.0,7.0
2021-08-05 17:44:51,86.0,78.0,4.0,4.0
2021-08-05 17:44:52,102.0,90.0,7.0,5.0
2021-08-05 17:44:53,101.0,90.0,6.0,5.0
2021-08-05 17:44:54,96.0,83.0,9.0,4.0
2021-08-05 17:44:55,86.0,72.0,6.0,8.0
2021-08-05 17:44:56,114.0,96.0,13.0,5.0
2021-08-05 17:44:57,96.0,86.0,4.0,6.0
2021-08-05 17:44:58,89.0,74.0,12.0,3.0
2021-08-05 17:44:59,98.0,93.0,4.0,1.0
2021-08-05 17:45:00,97.0,93.0,3.0,1.0
2021-08-05 17:45:01,91.0,80.0,5.0,6.0
2021-08-05 17:45:02,111.0,97.0,10.0,4.0
2021-08-05 17:45:03,91.0,80.0,3.0,8.0
2021-08-05 17:45:04,94.0,85.0,8.0,1.0
2021-08-05 17:45:05,99.0,90.0,4.0,5.0
2021-08-05 17:45:06,98.0,91.0,6.0,1.0
2021-08-05 17:45:07,86.0,79.0,4.0,3.0
2021-08-05 17:45:08,96.0,88.0,5.0,3.0
2021-08-05 17:45:09,112.0,95.0,7.0,10.0
2021-08-05 17:45:10,100.0,93.0,4.0,3.0
2021-08-05 17:45:11,77.0,69.0,5.0,3.0
2021-08-05 17:45:12,115.0,105.0,5.0,5.0
2021-08-05 17:45:13,115.0,106.0,7.0,2.0
2021-08-05 17:45:14,106.0,92.0,10.0,4.0
2021-08-05 17:45:15,98.0,89.0,7.0,2.0
2021-08-05 17:45:16,95.0,84.0,9.0,2.0
2021-08-05 17:45:17,113.0,104.0,5.0,4.0
2021-08-05 17:45:18,97.0,88.0,4.0,5.0
2021-08-05 17:45:19,114.0,103.0,8.0,3.0
2021-08-05 17:45:20,90.0,79.0,5.0,6.0
2021-08-05 17:45:21,110.0,99.0,6.0,5.0
2021-08-05 17:45:22,96.0,86.0,5.0,5.0
2021-08-05 17:45:23,108.0,99.0,7.0,2.0
2021-08-05 17:45:24,99.0,93.0,4.0,2.0
2021-08-05 17:45:25,103.0,93.0,6.0,4.0
2021-08-05 17:45:26,123.0,109.0,10.0,4.0
2021-08-05 17:45:27,98.0,89.0,5.0,4.0
2021-08-05 17:45:28,89.0,81.0,6.0,2.0
2021-08-05 17:45:29,99.0,87.0,5.0,7.0
2021-08-05 17:45:30,101.0,91.0,9.0,1.0
2021-08-05 17:45:31,95.0,79.0,8.0,8.0
2021-08-05 17:45:32,103.0,97.0,3.0,3.0
2021-08-05 17:45:33,99.0,84.0,11.0,4.0
2021-08-05 17:45:34,109.0,102.0,6.0,1.0
2021-08-05 17:45:35,99.0,93.0,4.0,2.0
2021-08-05 17:45:36,84.0,77.0,6.0,1.0
2021-08-05 17:45:37,88.0,81.0,4.0,3.0
2021-08-05 17:45:38,99.0,90.0,3.0,6.0
2021-08-05 17:45:39,96.0,87.0,4.0,5.0
2021-08-05 17:45:40,129.0,120.0,6.0,3.0
2021-08-05 17:45:41,98.0,86.0,2.0,10.0
2021-08-05 17:45:42,106.0,95.0,5.0,6.0
2021-08-05 17:45:43,112.0,104.0,5.0,3.0
2021-08-05 17:45:44,95.0,84.0,6.0,5.0
2021-08-05 17:45:45,103.0,93.0,7.0,3.0
2021-08-05 17:45:46,98.0,90.0,5.0,3.0
2021-08-05 17:45:47,95.0,86.0,6.0,3.0
2021-08-05 17:45:48,116.0,106.0,5.0,5.0
2021-08-05 17:45:49,103.0,94.0,6.0,3.0
2021-08-05 17:45:50,86.0,74.0,8.0,4.0
2021-08-05 17:45:51,89.0,82.0,5.0,2.0
2021-08-05 17:45:52,93.0,83.0,6.0,4.0
2021-08-05 17:45:53,121.0,110.0,8.0,3.0
2021-08-05 17:45:54,91.0,83.0,4.0,4.0
2021-08-05 17:45:55,102.0,93.0,7.0,2.0
2021-08-05 17:45:56,106.0,88.0,9.0,9.0
2021-08-05 17:45:57,90.0,81.0,5.0,4.0
2021-08-05 17:45:58,103.0,94.0,5.0,4.0
2021-08-05 17:45:59,105.0,92.0,10.0,3.0
2021-08-05 17:46:00,90.0,76.0,9.0,5.0
2021-08-05 17:46:01,107.0,99.0,5.0,3.0
2021-08-05 17:46:02,102.0,89.0,9.0,4.0
2021-08-05 17:46:03,97.0,91.0,4.0,2.0
2021-08-05 17:46:04,88.0,81.0,2.0,5.0
2021-08-05 17:46:05,110.0,96.0,6.0,8.0
2021-08-05 17:46:06,114.0,100.0,8.0,6.0
2021-08-05 17:46:07,92.0,86.0,4.0,2.0
2021-08-05 17:46:08,93.0,81.0,11.0,1.0
2021-08-05 17:46:09,101.0,91.0,6.0,4.0
2021-08-05 17:46:10,93.0,87.0,3.0,3.0
2021-08-05 17:46:11,91.0,80.0,5.0,6.0
2021-08-05 17:46:12,107.0,99.0,4.0,4.0
2021-08-05 17:46:13,124.0,109.0,7.0,8.0
2021-08-05 17:46:14,93.0,90.0,2.0,1.0
2021-08-05 17:46:15,100.0,92.0,5.0,3.0
2021-08-05 17:46:16,109.0,95.0,5.0,9.0
2021-08-05 17:46:17,102.0,92.0,6.0,4.0
2021-08-05 17:46:18,97.0,90.0,5.0,2.0
2021-08-05 17:46:19,118.0,112.0,5.0,1.0
2021-08-05 17:46:20,97.0,89.0,5.0,3.0
2021-08-05 17:46:21,119.0,109.0,6.0,4.0
2021-08-05 17:46:22,101.0,89.0,9.0,3.0
2021-08-05 17:46:23,94.0,90.0,3.0,1.0
2021-08-05 17:46:24,105.0,96.0,6.0,3.0
2021-08-05 17:46:25,113.0,100.0,8.0,5.0
2021-08-05 17:46:26,98.0,84.0,7.0,7.0
2021-08-05 17:46:27,78.0,68.0,7.0,3.0
2021-08-05 17:46:28,91.0,82.0,6.0,3.0
2021-08-05 17:46:29,105.0,93.0,10.0,2.0
2021-08-05 17:46:30,97.0,88.0,5.0,4.0
2021-08-05 17:46:31,104.0,96.0,5.0,3.0
2021-08-05 17:46:32,105.0,96.0,6.0,3.0
2021-08-05 17:46:33,83.0,75.0,7.0,1.0
2021-08-05 17:46:34,108.0,98.0,5.0,5.0
2021-08-05 17:46:35,104.0,93.0,8.0,3.0
2021-08-05 17:46:36,119.0,110.0,5.0,4.0
2021-08-05 17:46:37,85.0,71.0,7.0,7.0
2021-08-05 17:46:38,87.0,77.0,6.0,4.0
2021-08-05 17:46:39,102.0,89.0,7.0,6.0
2021-08-05 17:46:40,90.0,80.0,5.0,5.0
2021-08-05 17:46:41,88.0,82.0,3.0,3.0
2021-08-05 17:46:42,91.0,79.0,6.0,6.0
2021-08-05 17:46:43,111.0,102.0,5.0,4.0
2021-08-05 17:46:44,89.0,81.0,4.0,4.0
2021-08-05 17:46:45,91.0,79.0,9.0,3.0
2021-08-05 17:46:46,106.0,95.0,7.0,4.0
2021-08-05 17:46:47,96.0,88.0,5.0,3.0
2021-08-05 17:46:48,106.0,92.0,10.0,4.0
2021-08-05 17:46:49,84.0,74.0,5.0,5.0
2021-08-05 17:46:50,102.0,93.0,5.0,4.0
2021-08-05 17:46:51,105.0,93.0,4.0,8.0
2021-08-05 17:46:52,98.0,85.0,10.0,3.0
2021-08-05 17:46:53,110.0,100.0,5.0,5.0
2021-08-05 17:46:54,95.0,85.0,6.0,4.0
2021-08-05 17:46:55,93.0,79.0,7.0,7.0
2021-08-05 17:46:56,113.0,102.0,8.0,3.0
2021-08-05 17:46:57,84.0,69.0,10.0,5.0
2021-08-05 17:46:58,122.0,110.0,5.0,7.0
2021-08-05 17:46:59,111.0,103.0,3.0,5.0
2021-08-05 17:47:00,104.0,92.0,7.0,5.0
2021-08-05 17:47:01,106.0,98.0,5.0,3.0
2021-08-05 17:47:02,92.0,83.0,6.0,3.0
2021-08-05 17:47:03,91.0,73.0,13.0,5.0
2021-08-05 17:47:04,93.0,84.0,6.0,3.0
2021-08-05 17:47:05,130.0,119.0,5.0,6.0
2021-08-05 17:47:06,95.0,84.0,7.0,4.0
2021-08-05 17:47:07,90.0,81.0,4.0,5.0
2021-08-05 17:47:08,106.0,96.0,5.0,5.0
2021-08-05 17:47:09,99.0,87.0,8.0,4.0
2021-08-05 17:47:10,105.0,90.0,11.0,4.0
2021-08-05 17:47:11,125.0,110.0,5.0,10.0
2021-08-05 17:47:12,107.0,100.0,4.0,3.0
2021-08-05 17:47:13,88.0,76.0,7.0,5.0
2021-08-05 17:47:14,93.0,80.0,6.0,7.0
2021-08-05 17:47:15,117.0,101.0,8.0,8.0
2021-08-05 17:47:16,89.0,77.0,5.0,7.0
2021-08-05 17:47:17,100.0,89.0,7.0,4.0
2021-08-05 17:47:18,111.0,104.0,6.0,1.0
2021-08-05 17:47:19,97.0,82.0,7.0,8.0
2021-08-05 17:47:20,100.0,87.0,7.0,6.0
2021-08-05 17:47:21,104.0,94.0,4.0,6.0
2021-08-05 17:47:22,102.0,88.0,6.0,8.0
2021-08-05 17:47:23,106.0,97.0,4.0,5.0
2021-08-05 17:47:24,103.0,87.0,4.0,12.0
2021-08-05 17:47:25,94.0,83.0,5.0,6.0
2021-08-05 17:47:26,109.0,102.0,3.0,4.0
2021-08-05 17:47:27,99.0,87.0,7.0,5.0
2021-08-05 17:47:28,102.0,94.0,6.0,2.0
2021-08-05 17:47:29,106.0,99.0,5.0,2.0
2021-08-05 17:47:30,131.0,118.0,6.0,7.0
2021-08-05 17:47:31,109.0,97.0,7.0,5.0
2021-08-05 17:47:32,104.0,93.0,5.0,6.0
2021-08-05 17:47:33,92.0,78.0,5.0,9.0
2021-08-05 17:47:34,115.0,103.0,9.0,3.0
2021-08-05 17:47:35,112.0,103.0,5.0,4.0
2021-08-05 17:47:36,95.0,86.0,5.0,4.0
2021-08-05 17:47:37,75.0,72.0,0.0,3.0
2021-08-05 17:47:38,108.0,95.0,4.0,9.0
2021-08-05 17:47:39,93.0,82.0,7.0,4.0
2021-08-05 17:47:40,97.0,85.0,8.0,4.0
2021-08-05 17:47:41,98.0,86.0,7.0,5.0
2021-08-05 17:47:42,96.0,87.0,7.0,2.0
2021-08-05 17:47:43,91.0,84.0,6.0,1.0
2021-08-05 17:47:44,109.0,101.0,6.0,2.0
2021-08-05 17:47:45,98.0,82.0,5.0,11.0
2021-08-05 17:47:46,94.0,84.0,7.0,3.0
2021-08-05 17:47:47,113.0,106.0,5.0,2.0
2021-08-05 17:47:48,94.0,88.0,5.0,1.0
2021-08-05 17:47:49,107.0,91.0,9.0,7.0
2021-08-05 17:47:50,107.0,92.0,11.0,4.0
2021-08-05 17:47:51,95.0,84.0,6.0,5.0
2021-08-05 17:47:52,110.0,103.0,3.0,4.0
2021-08-05 17:47:53,100.0,92.0,6.0,2.0
2021-08-05 17:47:54,93.0,85.0,5.0,3.0
2021-08-05 17:47:55,102.0,93.0,5.0,4.0
2021-08-05 17:47:56,85.0,78.0,5.0,2.0
2021-08-05 17:47:57,95.0,78.0,12.0,5.0
2021-08-05 17:47:58,96.0,85.0,8.0,3.0
2021-08-05 17:47:59,103.0,89.0,13.0,1.0
2021-08-05 17:48:00,103.0,92.0,5.0,6.0
2021-08-05 17:48:01,106.0,94.0,5.0,7.0
2021-08-05 17:48:02,110.0,98.0,7.0,5.0
2021-08-05 17:48:03,108.0,95.0,10.0,3.0
2021-08-05 17:48:04,103.0,89.0,12.0,2.0
2021-08-05 17:48:05,108.0,94.0,6.0,8.0
2021-08-05 17:48:06,104.0,93.0,8.0,3.0
2021-08-05 17:48:07,88.0,79.0,6.0,3.0
2021-08-05 17:48:08,103.0,94.0,7.0,2.0
2021-08-05 17:48:09,90.0,78.0,8.0,4.0
2021-08-05 17:48:10,110.0,95.0,8.0,7.0
2021-08-05 17:48:11,102.0,87.0,10.0,5.0
2021-08-05 17:48:12,92.0,85.0,4.0,3.0
2021-08-05 17:48:13,111.0,97.0,10.0,4.0
2021-08-05 17:48:14,104.0,98.0,4.0,2.0
2021-08-05 17:48:15,111.0,99.0,6.0,6.0
2021-08-05 17:48:16,95.0,83.0,7.0,5.0
2021-08-05 17:48:17,80.0,71.0,3.0,6.0
2021-08-05 17:48:18,84.0,76.0,5.0,3.0
2021-08-05 17:48:19,100.0,91.0,4.0,5.0
2021-08-05 17:48:20,102.0,88.0,10.0,4.0
2021-08-05 17:48:21,83.0,75.0,6.0,2.0
2021-08-05 17:48:22,108.0,94.0,10.0,4.0
2021-08-05 17:48:23,112.0,98.0,6.0,8.0
2021-08-05 17:48:24,93.0,83.0,4.0,6.0
2021-08-05 17:48:25,97.0,89.0,3.0,5.0
2021-08-05 17:48:26,96.0,85.0,6.0,5.0
2021-08-05 17:48:27,114.0,106.0,5.0,3.0
2021-08-05 17:48:28,87.0,79.0,1.0,7.0
2021-08-05 17:48:29,101.0,92.0,5.0,4.0
2021-08-05 17:48:30,115.0,106.0,6.0,3.0
2021-08-05 17:48:31,92.0,79.0,11.0,2.0
2021-08-05 17:48:32,103.0,97.0,3.0,3.0
2021-08-05 17:48:33,110.0,99.0,8.0,3.0
2021-08-05 17:48:34,96.0,80.0,12.0,4.0
2021-08-05 17:48:35,101.0,89.0,6.0,6.0
2021-08-05 17:48:36,95.0,86.0,4.0,5.0
2021-08-05 17:48:37,109.0,94.0,9.0,6.0
2021-08-05 17:48:38,105.0,93.0,7.0,5.0
2021-08-05 17:48:39,87.0,76.0,8.0,3.0
2021-08-05 17:48:40,96.0,91.0,5.0,0.0
2021-08-05 17:48:41,95.0,83.0,5.0,7.0
2021-08-05 17:48:42,95.0,83.0,6.0,6.0
2021-08-05 17:48:43,95.0,85.0,8.0,2.0
2021-08-05 17:48:44,108.0,101.0,4.0,3.0
2021-08-05 17:48:45,93.0,80.0,8.0,5.0
2021-08-05 17:48:46,99.0,91.0,3.0,5.0
2021-08-05 17:48:47,102.0,83.0,11.0,8.0
2021-08-05 17:48:48,103.0,88.0,8.0,7.0
2021-08-05 17:48:49,84.0,73.0,9.0,2.0
2021-08-05 17:48:50,84.0,76.0,4.0,4.0
2021-08-05 17:48:51,100.0,87.0,5.0,8.0
2021-08-05 17:48:52,102.0,89.0,7.0,6.0
2021-08-05 17:48:53,121.0,105.0,10.0,6.0
2021-08-05 17:48:54,103.0,90.0,5.0,8.0
2021-08-05 17:48:55,104.0,94.0,4.0,6.0
2021-08-05 17:48:56,109.0,98.0,6.0,5.0
2021-08-05 17:48:57,101.0,92.0,5.0,4.0
2021-08-05 17:48:58,95.0,83.0,5.0,7.0
2021-08-05 17:48:59,105.0,94.0,7.0,4.0
2021-08-05 17:49:00,102.0,86.0,8.0,8.0
2021-08-05 17:49:01,113.0,99.0,8.0,6.0
2021-08-05 17:49:02,103.0,96.0,6.0,1.0
2021-08-05 17:49:03,98.0,87.0,5.0,6.0
2021-08-05 17:49:04,90.0,82.0,2.0,6.0
2021-08-05 17:49:05,110.0,103.0,3.0,4.0
2021-08-05 17:49:06,103.0,90.0,10.0,3.0
2021-08-05 17:49:07,93.0,84.0,8.0,1.0
2021-08-05 17:49:08,100.0,91.0,6.0,3.0
2021-08-05 17:49:09,95.0,82.0,7.0,6.0
2021-08-05 17:49:10,85.0,77.0,3.0,5.0
2021-08-05 17:49:11,91.0,85.0,3.0,3.0
2021-08-05 17:49:12,98.0,88.0,5.0,5.0
2021-08-05 17:49:13,102.0,93.0,8.0,1.0
2021-08-05 17:49:14,99.0,82.0,10.0,7.0
2021-08-05 17:49:15,107.0,96.0,8.0,3.0
2021-08-05 17:49:16,106.0,98.0,4.0,4.0
2021-08-05 17:49:17,106.0,93.0,8.0,5.0
2021-08-05 17:49:18,90.0,73.0,8.0,9.0
2021-08-05 17:49:19,94.0,84.0,6.0,4.0
2021-08-05 17:49:20,111.0,99.0,2.0,10.0
2021-08-05 17:49:21,124.0,118.0,4.0,2.0
2021-08-05 17:49:22,95.0,85.0,8.0,2.0
2021-08-05 17:49:23,71.0,68.0,2.0,1.0
2021-08-05 17:49:24,96.0,90.0,4.0,2.0
2021-08-05 17:49:25,118.0,113.0,4.0,1.0
2021-08-05 17:49:26,97.0,86.0,6.0,5.0
2021-08-05 17:49:27,100.0,83.0,11.0,6.0
2021-08-05 17:49:28,98.0,94.0,4.0,0.0
2021-08-05 17:49:29,109.0,101.0,2.0,6.0
2021-08-05 17:49:30,112.0,99.0,10.0,3.0
2021-08-05 17:49:31,106.0,98.0,7.0,1.0
2021-08-05 17:49:32,99.0,86.0,8.0,5.0
2021-08-05 17:49:33,111.0,102.0,6.0,3.0
2021-08-05 17:49:34,115.0,103.0,7.0,5.0
2021-08-05 17:49:35,80.0,69.0,9.0,2.0
2021-08-05 17:49:36,101.0,96.0,2.0,3.0
2021-08-05 17:49:37,106.0,91.0,7.0,8.0
2021-08-05 17:49:38,77.0,66.0,7.0,4.0
2021-08-05 17:49:39,104.0,97.0,5.0,2.0
2021-08-05 17:49:40,83.0,79.0,1.0,3.0
2021-08-05 17:49:41,99.0,91.0,2.0,6.0
2021-08-05 17:49:42,103.0,92.0,9.0,2.0
2021-08-05 17:49:43,85.0,80.0,4.0,1.0
2021-08-05 17:49:44,105.0,97.0,6.0,2.0
2021-08-05 17:49:45,91.0,81.0,5.0,5.0
2021-08-05 17:49:46,114.0,105.0,7.0,2.0
2021-08-05 17:49:47,88.0,78.0,5.0,5.0
2021-08-05 17:49:48,98.0,88.0,5.0,5.0
2021-08-05 17:49:49,99.0,88.0,7.0,4.0
2021-08-05 17:49:50,107.0,94.0,6.0,7.0
2021-08-05 17:49:51,108.0,99.0,5.0,4.0
2021-08-05 17:49:52,112.0,96.0,13.0,3.0
2021-08-05 17:49:53,99.0,85.0,9.0,5.0
2021-08-05 17:49:54,90.0,79.0,4.0,7.0
2021-08-05 17:49:55,118.0,104.0,10.0,4.0
2021-08-05 17:49:56,112.0,98.0,8.0,6.0
2021-08-05 17:49:57,105.0,92.0,4.0,9.0
2021-08-05 17:49:58,110.0,96.0,8.0,6.0
2021-08-05 17:49:59,88.0,74.0,7.0,7.0
2021-08-05 17:50:00,97.0,86.0,7.0,4.0
2021-08-05 17:50:01,91.0,80.0,5.0,6.0
2021-08-05 17:50:02,99.0,84.0,6.0,9.0
2021-08-05 17:50:03,93.0,83.0,8.0,2.0
2021-08-05 17:50:04,93.0,80.0,7.0,6.0
2021-08-05 17:50:05,89.0,81.0,2.0,6.0
2021-08-05 17:50:06,106.0,94.0,6.0,6.0
2021-08-05 17:50:07,99.0,91.0,4.0,4.0
2021-08-05 17:50:08,99.0,88.0,7.0,4.0
2021-08-05 17:50:09,81.0,72.0,6.0,3.0
2021-08-05 17:50:10,98.0,88.0,7.0,3.0
2021-08-05 17:50:11,92.0,80.0,8.0,4.0
2021-08-05 17:50:12,92.0,86.0,2.0,4.0
2021-08-05 17:50:13,111.0,97.0,8.0,6.0
2021-08-05 17:50:14,95.0,86.0,6.0,3.0
2021-08-05 17:50:15,111.0,99.0,9.0,3.0
2021-08-05 17:50:16,100.0,89.0,7.0,4.0
2021-08-05 17:50:17,94.0,88.0,2.0,4.0
2021-08-05 17:50:18,90.0,80.0,5.0,5.0
2021-08-05 17:50:19,105.0,95.0,5.0,5.0
2021-08-05 17:50:20,97.0,91.0,2.0,4.0
2021-08-05 17:50:21,88.0,80.0,7.0,1.0
2021-08-05 17:50:22,91.0,76.0,10.0,5.0
2021-08-05 17:50:23,115.0,102.0,11.0,2.0
2021-08-05 17:50:24,93.0,81.0,6.0,6.0
2021-08-05 17:50:25,104.0,93.0,6.0,5.0
2021-08-05 17:50:26,72.0,62.0,7.0,3.0
2021-08-05 17:50:27,106.0,89.0,9.0,8.0
2021-08-05 17:50:28,103.0,85.0,8.0,10.0
2021-08-05 17:50:29,100.0,92.0,5.0,3.0
2021-08-05 17:50:30,98.0,86.0,8.0,4.0
2021-08-05 17:50:31,107.0,91.0,7.0,9.0
2021-08-05 17:50:32,92.0,81.0,4.0,7.0
2021-08-05 17:50:33,115.0,103.0,6.0,6.0
2021-08-05 17:50:34,126.0,110.0,9.0,7.0
2021-08-05 17:50:35,79.0,66.0,6.0,7.0
2021-08-05 17:50:36,109.0,97.0,7.0,5.0
2021-08-05 17:50:37,104.0,88.0,10.0,6.0
2021-08-05 17:50:38,106.0,97.0,3.0,6.0
2021-08-05 17:50:39,86.0,75.0,8.0,3.0
2021-08-05 17:50:40,93.0,79.0,7.0,7.0
2021-08-05 17:50:41,95.0,83.0,6.0,6.0
2021-08-05 17:50:42,91.0,82.0,8.0,1.0
2021-08-05 17:50:43,116.0,103.0,9.0,4.0
2021-08-05 17:50:44,104.0,93.0,7.0,4.0
2021-08-05 17:50:45,107.0,91.0,12.0,4.0
2021-08-05 17:50:46,86.0,75.0,7.0,4.0
2021-08-05 17:50:47,97.0,87.0,5.0,5.0
2021-08-05 17:50:48,111.0,101.0,3.0,7.0
2021-08-05 17:50:49,114.0,104.0,5.0,5.0
2021-08-05 17:50:50,108.0,98.0,7.0,3.0
2021-08-05 17:50:51,98.0,89.0,4.0,5.0
2021-08-05 17:50:52,104.0,88.0,13.0,3.0
2021-08-05 17:50:53,102.0,91.0,3.0,8.0
2021-08-05 17:50:54,114.0,106.0,5.0,3.0
2021-08-05 17:50:55,98.0,83.0,9.0,6.0
2021-08-05 17:50:56,109.0,97.0,8.0,4.0
2021-08-05 17:50:57,99.0,84.0,10.0,5.0
2021-08-05 17:50:58,86.0,77.0,6.0,3.0
2021-08-05 17:50:59,90.0,77.0,5.0,8.0
2021-08-05 17:51:00,110.0,100.0,6.0,4.0
2021-08-05 17:51:01,93.0,87.0,3.0,3.0
2021-08-05 17:51:02,102.0,88.0,8.0,6.0
2021-08-05 17:51:03,120.0,106.0,11.0,3.0
2021-08-05 17:51:04,100.0,90.0,7.0,3.0
2021-08-05 17:51:05,102.0,92.0,7.0,3.0
2021-08-05 17:51:06,108.0,102.0,4.0,2.0
2021-08-05 17:51:07,101.0,86.0,10.0,5.0
2021-08-05 17:51:08,88.0,81.0,4.0,3.0
2021-08-05 17:51:09,88.0,80.0,5.0,3.0
2021-08-05 17:51:10,109.0,99.0,6.0,4.0
2021-08-05 17:51:11,87.0,76.0,8.0,3.0
2021-08-05 17:51:12,91.0,77.0,8.0,6.0
2021-08-05 17:51:13,84.0,79.0,2.0,3.0
2021-08-05 17:51:14,90.0,78.0,9.0,3.0
2021-08-05 17:51:15,108.0,95.0,6.0,7.0
2021-08-05 17:51:16,94.0,85.0,5.0,4.0
2021-08-05 17:51:17,89.0,81.0,7.0,1.0
2021-08-05 17:51:18,100.0,89.0,6.0,5.0
2021-08-05 17:51:19,89.0,77.0,6.0,6.0
2021-08-05 17:51:20,93.0,84.0,7.0,2.0
2021-08-05 17:51:21,103.0,92.0,7.0,4.0
2021-08-05 17:51:22,107.0,93.0,8.0,6.0
2021-08-05 17:51:23,105.0,93.0,6.0,6.0
2021-08-05 17:51:24,85.0,76.0,6.0,3.0
2021-08-05 17:51:25,91.0,82.0,5.0,4.0
2021-08-05 17:51:26,91.0,76.0,10.0,5.0
2021-08-05 17:51:27,88.0,75.0,7.0,6.0
2021-08-05 17:51:28,108.0,98.0,6.0,4.0
2021-08-05 17:51:29,90.0,82.0,6.0,2.0
2021-08-05 17:51:30,107.0,102.0,4.0,1.0
2021-08-05 17:51:31,92.0,80.0,5.0,7.0
2021-08-05 17:51:32,102.0,88.0,4.0,10.0
2021-08-05 17:51:33,115.0,99.0,11.0,5.0
2021-08-05 17:51:34,112.0,104.0,3.0,5.0
2021-08-05 17:51:35,95.0,88.0,4.0,3.0
2021-08-05 17:51:36,120.0,103.0,9.0,8.0
2021-08-05 17:51:37,85.0,74.0,6.0,5.0
2021-08-05 17:51:38,89.0,82.0,3.0,4.0
2021-08-05 17:51:39,112.0,94.0,14.0,4.0
2021-08-05 17:51:40,92.0,86.0,3.0,3.0
2021-08-05 17:51:41,100.0,86.0,7.0,7.0
2021-08-05 17:51:42,107.0,98.0,4.0,5.0
2021-08-05 17:51:43,93.0,85.0,1.0,7.0
2021-08-05 17:51:44,73.0,64.0,4.0,5.0
2021-08-05 17:51:45,100.0,96.0,2.0,2.0
2021-08-05 17:51:46,92.0,80.0,11.0,1.0
2021-08-05 17:51:47,92.0,81.0,7.0,4.0
2021-08-05 17:51:48,96.0,85.0,4.0,7.0
2021-08-05 17:51:49,106.0,95.0,8.0,3.0
2021-08-05 17:51:50,85.0,74.0,6.0,5.0
2021-08-05 17:51:51,102.0,81.0,13.0,8.0
2021-08-05 17:51:52,102.0,91.0,6.0,5.0
2021-08-05 17:51:53,93.0,83.0,6.0,4.0
2021-08-05 17:51:54,105.0,93.0,8.0,4.0
2021-08-05 17:51:55,108.0,99.0,5.0,4.0
2021-08-05 17:51:56,95.0,81.0,9.0,5.0
2021-08-05 17:51:57,101.0,88.0,9.0,4.0
2021-08-05 17:51:58,99.0,89.0,4.0,6.0
2021-08-05 17:51:59,105.0,96.0,3.0,6.0
2021-08-05 17:52:00,90.0,76.0,5.0,9.0
2021-08-05 17:52:01,105.0,94.0,6.0,5.0
2021-08-05 17:52:02,96.0,81.0,11.0,4.0
2021-08-05 17:52:03,111.0,102.0,3.0,6.0
2021-08-05 17:52:04,88.0,75.0,5.0,8.0
2021-08-05 17:52:05,108.0,103.0,2.0,3.0
2021-08-05 17:52:06,102.0,90.0,7.0,5.0
2021-08-05 17:52:07,111.0,106.0,2.0,3.0
2021-08-05 17:52:08,104.0,90.0,12.0,2.0
2021-08-05 17:52:09,101.0,95.0,0.0,6.0
2021-08-05 17:52:10,109.0,100.0,8.0,1.0
2021-08-05 17:52:11,96.0,85.0,10.0,1.0
2021-08-05 17:52:12,119.0,101.0,11.0,7.0
2021-08-05 17:52:13,119.0,108.0,7.0,4.0
2021-08-05 17:52:14,121.0,110.0,6.0,5.0
2021-08-05 17:52:15,88.0,76.0,9.0,3.0
2021-08-05 17:52:16,108.0,97.0,9.0,2.0
2021-08-05 17:52:17,113.0,94.0,12.0,7.0
2021-08-05 17:52:18,96.0,88.0,5.0,3.0
2021-08-05 17:52:19,93.0,84.0,5.0,4.0
2021-08-05 17:52:20,107.0,99.0,4.0,4.0
2021-08-05 17:52:21,100.0,86.0,8.0,6.0
2021-08-05 17:52:22,122.0,108.0,7.0,7.0
2021-08-05 17:52:23,98.0,87.0,7.0,4.0
2021-08-05 17:52:24,106.0,94.0,10.0,2.0
2021-08-05 17:52:25,104.0,94.0,6.0,4.0
2021-08-05 17:52:26,113.0,105.0,3.0,5.0
2021-08-05 17:52:27,96.0,87.0,7.0,2.0
2021-08-05 17:52:28,110.0,92.0,14.0,4.0
2021-08-05 17:52:29,117.0,110.0,4.0,3.0
2021-08-05 17:52:30,97.0,84.0,7.0,6.0
2021-08-05 17:52:31,107.0,96.0,8.0,3.0
2021-08-05 17:52:32,105.0,87.0,9.0,9.0
2021-08-05 17:52:33,115.0,101.0,8.0,6.0
2021-08-05 17:52:34,117.0,105.0,5.0,7.0
2021-08-05 17:52:35,103.0,95.0,6.0,2.0
2021-08-05 17:52:36,87.0,77.0,4.0,6.0
2021-08-05 17:52:37,104.0,91.0,8.0,5.0
2021-08-05 17:52:38,94.0,83.0,9.0,2.0
2021-08-05 17:52:39,117.0,107.0,8.0,2.0
2021-08-05 17:52:40,83.0,79.0,4.0,0.0
2021-08-05 17:52:41,89.0,75.0,11.0,3.0
2021-08-05 17:52:42,116.0,107.0,3.0,6.0
2021-08-05 17:52:43,99.0,91.0,5.0,3.0
2021-08-05 17:52:44,106.0,91.0,11.0,4.0
2021-08-05 17:52:45,105.0,100.0,3.0,2.0
2021-08-05 17:52:46,80.0,76.0,3.0,1.0
2021-08-05 17:52:47,95.0,82.0,7.0,6.0
2021-08-05 17:52:48,102.0,89.0,7.0,6.0
2021-08-05 17:52:49,107.0,98.0,7.0,2.0
2021-08-05 17:52:50,110.0,102.0,4.0,4.0
2021-08-05 17:52:51,84.0,75.0,6.0,3.0
2021-08-05 17:52:52,103.0,90.0,8.0,5.0
2021-08-05 17:52:53,82.0,70.0,10.0,2.0
2021-08-05 17:52:54,90.0,78.0,8.0,4.0
2021-08-05 17:52:55,89.0,75.0,7.0,7.0
2021-08-05 17:52:56,93.0,84.0,3.0,6.0
2021-08-05 17:52:57,110.0,94.0,11.0,5.0
2021-08-05 17:52:58,95.0,85.0,8.0,2.0
2021-08-05 17:52:59,106.0,91.0,7.0,8.0
2021-08-05 17:53:00,107.0,103.0,4.0,0.0
2021-08-05 17:53:01,82.0,73.0,6.0,3.0
2021-08-05 17:53:02,103.0,93.0,9.0,1.0
2021-08-05 17:53:03,103.0,91.0,6.0,6.0
2021-08-05 17:53:04,89.0,78.0,8.0,3.0
2021-08-05 17:53:05,94.0,81.0,10.0,3.0
2021-08-05 17:53:06,86.0,77.0,4.0,5.0
2021-08-05 17:53:07,106.0,97.0,7.0,2.0
2021-08-05 17:53:08,88.0,82.0,2.0,4.0
2021-08-05 17:53:09,96.0,90.0,4.0,2.0
2021-08-05 17:53:10,83.0,73.0,7.0,3.0
2021-08-05 17:53:11,101.0,90.0,6.0,5.0
2021-08-05 17:53:12,93.0,82.0,3.0,8.0
2021-08-05 17:53:13,97.0,86.0,4.0,7.0
2021-08-05 17:53:14,91.0,79.0,9.0,3.0
2021-08-05 17:53:15,119.0,100.0,10.0,9.0
2021-08-05 17:53:16,110.0,98.0,8.0,4.0
2021-08-05 17:53:17,105.0,93.0,5.0,7.0
2021-08-05 17:53:18,102.0,92.0,7.0,3.0
2021-08-05 17:53:19,104.0,92.0,5.0,7.0
2021-08-05 17:53:20,99.0,89.0,6.0,4.0
2021-08-05 17:53:21,96.0,86.0,6.0,4.0
2021-08-05 17:53:22,111.0,103.0,3.0,5.0
2021-08-05 17:53:23,102.0,92.0,5.0,5.0
2021-08-05 17:53:24,88.0,79.0,6.0,3.0
2021-08-05 17:53:25,96.0,87.0,3.0,6.0
2021-08-05 17:53:26,113.0,103.0,3.0,7.0
2021-08-05 17:53:27,100.0,96.0,3.0,1.0
2021-08-05 17:53:28,94.0,86.0,5.0,3.0
2021-08-05 17:53:29,78.0,71.0,4.0,3.0
2021-08-05 17:53:30,93.0,83.0,5.0,5.0
2021-08-05 17:53:31,99.0,85.0,8.0,6.0
2021-08-05 17:53:32,102.0,91.0,6.0,5.0
2021-08-05 17:53:33,101.0,97.0,1.0,3.0
2021-08-05 17:53:34,96.0,83.0,10.0,3.0
2021-08-05 17:53:35,97.0,89.0,5.0,3.0
2021-08-05 17:53:36,88.0,76.0,7.0,5.0
2021-08-05 17:53:37,103.0,93.0,5.0,5.0
2021-08-05 17:53:38,109.0,96.0,8.0,5.0
2021-08-05 17:53:39,87.0,77.0,4.0,6.0
2021-08-05 17:53:40,99.0,92.0,4.0,3.0
2021-08-05 17:53:41,96.0,87.0,7.0,2.0
2021-08-05 17:53:42,95.0,81.0,10.0,4.0
2021-08-05 17:53:43,101.0,90.0,7.0,4.0
2021-08-05 17:53:44,102.0,91.0,8.0,3.0
2021-08-05 17:53:45,95.0,83.0,10.0,2.0
2021-08-05 17:53:46,117.0,108.0,6.0,3.0
2021-08-05 17:53:47,92.0,79.0,9.0,4.0
2021-08-05 17:53:48,100.0,91.0,4.0,5.0
2021-08-05 17:53:49,108.0,92.0,10.0,6.0
2021-08-05 17:53:50,82.0,68.0,8.0,6.0
2021-08-05 17:53:51,101.0,92.0,7.0,2.0
2021-08-05 17:53:52,113.0,105.0,5.0,3.0
2021-08-05 17:53:53,85.0,75.0,3.0,7.0
2021-08-05 17:53:54,109.0,96.0,9.0,4.0
2021-08-05 17:53:55,86.0,79.0,6.0,1.0
2021-08-05 17:53:56,112.0,97.0,8.0,7.0
2021-08-05 17:53:57,92.0,79.0,7.0,6.0
2021-08-05 17:53:58,96.0,91.0,3.0,2.0
2021-08-05 17:53:59,111.0,99.0,11.0,1.0
2021-08-05 17:54:00,87.0,84.0,1.0,2.0
2021-08-05 17:54:01,99.0,90.0,5.0,4.0
2021-08-05 17:54:02,104.0,90.0,9.0,5.0
2021-08-05 17:54:03,115.0,104.0,8.0,3.0
2021-08-05 17:54:04,91.0,78.0,6.0,7.0
2021-08-05 17:54:05,123.0,105.0,9.0,9.0
2021-08-05 17:54:06,104.0,92.0,5.0,7.0
2021-08-05 17:54:07,107.0,95.0,9.0,3.0
2021-08-05 17:54:08,86.0,78.0,3.0,5.0
2021-08-05 17:54:09,89.0,80.0,8.0,1.0
2021-08-05 17:54:10,107.0,95.0,9.0,3.0
2021-08-05 17:54:11,121.0,115.0,4.0,2.0
2021-08-05 17:54:12,106.0,96.0,6.0,4.0
2021-08-05 17:54:13,102.0,85.0,11.0,6.0
2021-08-05 17:54:14,87.0,73.0,11.0,3.0
2021-08-05 17:54:15,99.0,84.0,11.0,4.0
2021-08-05 17:54:16,86.0,75.0,8.0,3.0
2021-08-05 17:54:17,96.0,89.0,5.0,2.0
2021-08-05 17:54:18,95.0,90.0,2.0,3.0
2021-08-05 17:54:19,94.0,79.0,7.0,8.0
2021-08-05 17:54:20,83.0,76.0,4.0,3.0
2021-08-05 17:54:21,97.0,80.0,10.0,7.0
2021-08-05 17:54:22,87.0,81.0,3.0,3.0
2021-08-05 17:54:23,105.0,96.0,6.0,3.0
2021-08-05 17:54:24,103.0,91.0,7.0,5.0
2021-08-05 17:54:25,109.0,99.0,3.0,7.0
2021-08-05 17:54:26,97.0,90.0,3.0,4.0
2021-08-05 17:54:27,99.0,84.0,12.0,3.0
2021-08-05 17:54:28,94.0,87.0,6.0,1.0
2021-08-05 17:54:29,90.0,84.0,4.0,2.0
2021-08-05 17:54:30,86.0,81.0,4.0,1.0
2021-08-05 17:54:31,94.0,81.0,9.0,4.0
2021-08-05 17:54:32,98.0,89.0,3.0,6.0
2021-08-05 17:54:33,102.0,94.0,6.0,2.0
2021-08-05 17:54:34,109.0,101.0,4.0,4.0
2021-08-05 17:54:35,103.0,91.0,8.0,4.0
2021-08-05 17:54:36,95.0,83.0,7.0,5.0
2021-08-05 17:54:37,86.0,79.0,2.0,5.0
2021-08-05 17:54:38,100.0,92.0,5.0,3.0
2021-08-05 17:54:39,107.0,99.0,5.0,3.0
2021-08-05 17:54:40,86.0,74.0,6.0,6.0
2021-08-05 17:54:41,81.0,74.0,4.0,3.0
2021-08-05 17:54:42,92.0,84.0,5.0,3.0
2021-08-05 17:54:43,93.0,82.0,8.0,3.0
2021-08-05 17:54:44,91.0,81.0,7.0,3.0
2021-08-05 17:54:45,99.0,90.0,4.0,5.0
2021-08-05 17:54:46,96.0,90.0,4.0,2.0
2021-08-05 17:54:47,100.0,87.0,6.0,7.0
2021-08-05 17:54:48,93.0,87.0,5.0,1.0
2021-08-05 17:54:49,93.0,75.0,11.0,7.0
2021-08-05 17:54:50,85.0,77.0,7.0,1.0
2021-08-05 17:54:51,93.0,82.0,5.0,6.0
2021-08-05 17:54:52,103.0,90.0,8.0,5.0
2021-08-05 17:54:53,93.0,82.0,6.0,5.0
2021-08-05 17:54:54,112.0,98.0,8.0,6.0
2021-08-05 17:54:55,99.0,87.0,8.0,4.0
2021-08-05 17:54:56,88.0,79.0,5.0,4.0
2021-08-05 17:54:57,85.0,76.0,5.0,4.0
2021-08-05 17:54:58,99.0,91.0,8.0,0.0
2021-08-05 17:54:59,98.0,84.0,7.0,7.0
2021-08-05 17:55:00,125.0,115.0,5.0,5.0
2021-08-05 17:55:01,84.0,74.0,4.0,6.0
2021-08-05 17:55:02,114.0,99.0,7.0,8.0
2021-08-05 17:55:03,92.0,82.0,9.0,1.0
2021-08-05 17:55:04,101.0,96.0,3.0,2.0
2021-08-05 17:55:05,95.0,84.0,8.0,3.0
2021-08-05 17:55:06,93.0,83.0,4.0,6.0
2021-08-05 17:55:07,87.0,82.0,4.0,1.0
2021-08-05 17:55:08,91.0,78.0,6.0,7.0
2021-08-05 17:55:09,96.0,89.0,5.0,2.0
2021-08-05 17:55:10,101.0,88.0,11.0,2.0
2021-08-05 17:55:11,88.0,79.0,6.0,3.0
2021-08-05 17:55:12,90.0,76.0,10.0,4.0
2021-08-05 17:55:13,105.0,96.0,4.0,5.0
2021-08-05 17:55:14,94.0,79.0,9.0,6.0
2021-08-05 17:55:15,86.0,71.0,10.0,5.0
2021-08-05 17:55:16,110.0,94.0,9.0,7.0
2021-08-05 17:55:17,91.0,79.0,3.0,9.0
2021-08-05 17:55:18,88.0,75.0,7.0,6.0
2021-08-05 17:55:19,72.0,66.0,4.0,2.0
2021-08-05 17:55:20,100.0,89.0,4.0,7.0
2021-08-05 17:55:21,103.0,85.0,12.0,6.0
2021-08-05 17:55:22,87.0,80.0,4.0,3.0
2021-08-05 17:55:23,94.0,83.0,8.0,3.0
2021-08-05 17:55:24,101.0,93.0,5.0,3.0
2021-08-05 17:55:25,100.0,86.0,10.0,4.0
2021-08-05 17:55:26,119.0,106.0,9.0,4.0
2021-08-05 17:55:27,79.0,69.0,7.0,3.0
2021-08-05 17:55:28,85.0,74.0,7.0,4.0
2021-08-05 17:55:29,95.0,84.0,8.0,3.0
2021-08-05 17:55:30,103.0,93.0,3.0,7.0
2021-08-05 17:55:31,79.0,68.0,4.0,7.0
2021-08-05 17:55:32,93.0,82.0,7.0,4.0
2021-08-05 17:55:33,97.0,83.0,11.0,3.0
2021-08-05 17:55:34,110.0,101.0,6.0,3.0
2021-08-05 17:55:35,99.0,84.0,5.0,10.0
2021-08-05 17:55:36,96.0,89.0,4.0,3.0
2021-08-05 17:55:37,115.0,104.0,8.0,3.0
2021-08-05 17:55:38,103.0,95.0,6.0,2.0
2021-08-05 17:55:39,92.0,84.0,5.0,3.0
2021-08-05 17:55:40,104.0,93.0,6.0,5.0
2021-08-05 17:55:41,91.0,78.0,9.0,4.0
2021-08-05 17:55:42,97.0,90.0,3.0,4.0
2021-08-05 17:55:43,99.0,86.0,9.0,4.0
2021-08-05 17:55:44,101.0,82.0,14.0,5.0
2021-08-05 17:55:45,115.0,106.0,6.0,3.0
2021-08-05 17:55:46,97.0,87.0,7.0,3.0
2021-08-05 17:55:47,92.0,81.0,6.0,5.0
2021-08-05 17:55:48,107.0,90.0,10.0,7.0
2021-08-05 17:55:49,101.0,92.0,5.0,4.0
2021-08-05 17:55:50,80.0,71.0,6.0,3.0
2021-08-05 17:55:51,93.0,86.0,5.0,2.0
2021-08-05 17:55:52,86.0,80.0,5.0,1.0
2021-08-05 17:55:53,92.0,79.0,10.0,3.0
2021-08-05 17:55:54,97.0,90.0,4.0,3.0
2021-08-05 17:55:55,103.0,90.0,8.0,5.0
2021-08-05 17:55:56,87.0,74.0,5.0,8.0
2021-08-05 17:55:57,100.0,89.0,6.0,5.0
2021-08-05 17:55:58,99.0,90.0,5.0,4.0
2021-08-05 17:55:59,112.0,100.0,7.0,5.0
2021-08-05 17:56:00,107.0,95.0,7.0,5.0
2021-08-05 17:56:01,95.0,83.0,7.0,5.0
2021-08-05 17:56:02,90.0,77.0,7.0,6.0
2021-08-05 17:56:03,92.0,80.0,8.0,4.0
2021-08-05 17:56:04,115.0,106.0,3.0,6.0
2021-08-05 17:56:05,115.0,101.0,8.0,6.0
2021-08-05 17:56:06,99.0,95.0,4.0,0.0
2021-08-05 17:56:07,96.0,89.0,5.0,2.0
2021-08-05 17:56:08,131.0,114.0,12.0,5.0
2021-08-05 17:56:09,90.0,82.0,5.0,3.0
2021-08-05 17:56:10,96.0,88.0,4.0,4.0
2021-08-05 17:56:11,84.0,74.0,7.0,3.0
2021-08-05 17:56:12,99.0,88.0,9.0,2.0
2021-08-05 17:56:13,94.0,81.0,9.0,4.0
2021-08-05 17:56:14,122.0,109.0,10.0,3.0
2021-08-05 17:56:15,105.0,93.0,7.0,5.0
2021-08-05 17:56:16,95.0,82.0,9.0,4.0
2021-08-05 17:56:17,98.0,91.0,4.0,3.0
2021-08-05 17:56:18,125.0,116.0,3.0,6.0
2021-08-05 17:56:19,110.0,97.0,8.0,5.0
2021-08-05 17:56:20,91.0,85.0,4.0,2.0
2021-08-05 17:56:21,97.0,87.0,6.0,4.0
2021-08-05 17:56:22,125.0,111.0,10.0,4.0
2021-08-05 17:56:23,87.0,80.0,2.0,5.0
2021-08-05 17:56:24,93.0,84.0,4.0,5.0
2021-08-05 17:56:25,90.0,80.0,5.0,5.0
2021-08-05 17:56:26,104.0,90.0,8.0,6.0
2021-08-05 17:56:27,87.0,76.0,7.0,4.0
2021-08-05 17:56:28,99.0,91.0,5.0,3.0
2021-08-05 17:56:29,94.0,84.0,6.0,4.0
2021-08-05 17:56:30,113.0,104.0,7.0,2.0
2021-08-05 17:56:31,96.0,80.0,11.0,5.0
2021-08-05 17:56:32,120.0,107.0,10.0,3.0
2021-08-05 17:56:33,113.0,106.0,1.0,6.0
2021-08-05 17:56:34,105.0,97.0,3.0,5.0
2021-08-05 17:56:35,86.0,75.0,4.0,7.0
2021-08-05 17:56:36,105.0,98.0,3.0,4.0
2021-08-05 17:56:37,110.0,103.0,5.0,2.0
2021-08-05 17:56:38,80.0,73.0,5.0,2.0
2021-08-05 17:56:39,99.0,83.0,10.0,6.0
2021-08-05 17:56:40,93.0,83.0,6.0,4.0
2021-08-05 17:56:41,102.0,91.0,6.0,5.0
2021-08-05 17:56:42,101.0,87.0,8.0,6.0
2021-08-05 17:56:43,118.0,110.0,5.0,3.0
2021-08-05 17:56:44,96.0,87.0,7.0,2.0
2021-08-05 17:56:45,91.0,80.0,5.0,6.0
2021-08-05 17:56:46,99.0,89.0,6.0,4.0
2021-08-05 17:56:47,96.0,83.0,7.0,6.0
2021-08-05 17:56:48,105.0,92.0,9.0,4.0
2021-08-05 17:56:49,98.0,86.0,6.0,6.0
2021-08-05 17:56:50,114.0,97.0,10.0,7.0
2021-08-05 17:56:51,105.0,94.0,7.0,4.0
2021-08-05 17:56:52,93.0,85.0,6.0,2.0
2021-08-05 17:56:53,113.0,102.0,9.0,2.0
2021-08-05 17:56:54,87.0,73.0,8.0,6.0
2021-08-05 17:56:55,101.0,91.0,8.0,2.0
2021-08-05 17:56:56,116.0,99.0,13.0,4.0
2021-08-05 17:56:57,97.0,89.0,3.0,5.0
2021-08-05 17:56:58,107.0,96.0,7.0,4.0
2021-08-05 17:56:59,92.0,84.0,4.0,4.0
2021-08-05 17:57:00,100.0,90.0,5.0,5.0
2021-08-05 17:57:01,103.0,89.0,9.0,5.0
2021-08-05 17:57:02,99.0,89.0,6.0,4.0
2021-08-05 17:57:03,86.0,74.0,7.0,5.0
2021-08-05 17:57:04,91.0,85.0,5.0,1.0
2021-08-05 17:57:05,88.0,79.0,5.0,4.0
2021-08-05 17:57:06,83.0,77.0,5.0,1.0
2021-08-05 17:57:07,91.0,81.0,4.0,6.0
2021-08-05 17:57:08,97.0,88.0,7.0,2.0
2021-08-05 17:57:09,88.0,80.0,6.0,2.0
2021-08-05 17:57:10,105.0,97.0,6.0,2.0
2021-08-05 17:57:11,103.0,93.0,5.0,5.0
2021-08-05 17:57:12,92.0,82.0,8.0,2.0
2021-08-05 17:57:13,109.0,94.0,8.0,7.0
2021-08-05 17:57:14,96.0,85.0,7.0,4.0
2021-08-05 17:57:15,86.0,80.0,3.0,3.0
2021-08-05 17:57:16,96.0,90.0,5.0,1.0
2021-08-05 17:57:17,108.0,91.0,9.0,8.0
2021-08-05 17:57:18,89.0,81.0,6.0,2.0
2021-08-05 17:57:19,85.0,76.0,5.0,4.0
2021-08-05 17:57:20,95.0,88.0,5.0,2.0
2021-08-05 17:57:21,106.0,100.0,2.0,4.0
2021-08-05 17:57:22,107.0,96.0,9.0,2.0
2021-08-05 17:57:23,89.0,83.0,5.0,1.0
2021-08-05 17:57:24,110.0,99.0,5.0,6.0
2021-08-05 17:57:25,103.0,90.0,6.0,7.0
2021-08-05 17:57:26,114.0,103.0,7.0,4.0
2021-08-05 17:57:27,114.0,105.0,3.0,6.0
2021-08-05 17:57:28,96.0,85.0,8.0,3.0
2021-08-05 17:57:29,100.0,91.0,4.0,5.0
2021-08-05 17:57:30,95.0,87.0,5.0,3.0
2021-08-05 17:57:31,95.0,83.0,8.0,4.0
2021-08-05 17:57:32,93.0,83.0,6.0,4.0
2021-08-05 17:57:33,100.0,82.0,9.0,9.0
2021-08-05 17:57:34,93.0,82.0,8.0,3.0
2021-08-05 17:57:35,104.0,93.0,5.0,6.0
2021-08-05 17:57:36,98.0,89.0,4.0,5.0
2021-08-05 17:57:37,89.0,79.0,5.0,5.0
2021-08-05 17:57:38,78.0,69.0,7.0,2.0
2021-08-05 17:57:39,90.0,82.0,6.0,2.0
2021-08-05 17:57:40,94.0,82.0,6.0,6.0
2021-08-05 17:57:41,96.0,85.0,7.0,4.0
2021-08-05 17:57:42,102.0,95.0,4.0,3.0
2021-08-05 17:57:43,87.0,80.0,7.0,0.0
2021-08-05 17:57:44,102.0,91.0,7.0,4.0
2021-08-05 17:57:45,86.0,77.0,6.0,3.0
2021-08-05 17:57:46,103.0,88.0,9.0,6.0
2021-08-05 17:57:47,110.0,97.0,7.0,6.0
2021-08-05 17:57:48,89.0,80.0,7.0,2.0
2021-08-05 17:57:49,97.0,83.0,8.0,6.0
2021-08-05 17:57:50,88.0,75.0,7.0,6.0
2021-08-05 17:57:51,103.0,95.0,3.0,5.0
2021-08-05 17:57:52,103.0,94.0,6.0,3.0
2021-08-05 17:57:53,108.0,98.0,6.0,4.0
2021-08-05 17:57:54,100.0,88.0,8.0,4.0
2021-08-05 17:57:55,93.0,80.0,5.0,8.0
2021-08-05 17:57:56,111.0,103.0,6.0,2.0
2021-08-05 17:57:57,92.0,80.0,10.0,2.0
2021-08-05 17:57:58,104.0,96.0,5.0,3.0
2021-08-05 17:57:59,100.0,86.0,11.0,3.0
2021-08-05 17:58:00,86.0,78.0,3.0,5.0
2021-08-05 17:58:01,99.0,87.0,7.0,5.0
2021-08-05 17:58:02,107.0,99.0,6.0,2.0
2021-08-05 17:58:03,107.0,95.0,4.0,8.0
2021-08-05 17:58:04,99.0,84.0,9.0,6.0
2021-08-05 17:58:05,110.0,93.0,8.0,9.0
2021-08-05 17:58:06,112.0,103.0,6.0,3.0
2021-08-05 17:58:07,98.0,88.0,3.0,7.0
2021-08-05 17:58:08,93.0,85.0,6.0,2.0
2021-08-05 17:58:09,83.0,71.0,6.0,6.0
2021-08-05 17:58:10,100.0,92.0,3.0,5.0
2021-08-05 17:58:11,94.0,82.0,8.0,4.0
2021-08-05 17:58:12,112.0,100.0,7.0,5.0
2021-08-05 17:58:13,92.0,82.0,4.0,6.0
2021-08-05 17:58:14,95.0,85.0,3.0,7.0
2021-08-05 17:58:15,96.0,82.0,9.0,5.0
2021-08-05 17:58:16,90.0,79.0,8.0,3.0
2021-08-05 17:58:17,94.0,85.0,5.0,4.0
2021-08-05 17:58:18,97.0,89.0,6.0,2.0
2021-08-05 17:58:19,88.0,78.0,3.0,7.0
2021-08-05 17:58:20,87.0,76.0,8.0,3.0
2021-08-05 17:58:21,97.0,79.0,13.0,5.0
2021-08-05 17:58:22,106.0,94.0,8.0,4.0
2021-08-05 17:58:23,99.0,87.0,8.0,4.0
2021-08-05 17:58:24,95.0,84.0,7.0,4.0
2021-08-05 17:58:25,91.0,81.0,6.0,4.0
2021-08-05 17:58:26,95.0,83.0,6.0,6.0
2021-08-05 17:58:27,83.0,72.0,6.0,5.0
2021-08-05 17:58:28,97.0,87.0,5.0,5.0
2021-08-05 17:58:29,106.0,93.0,6.0,7.0
2021-08-05 17:58:30,92.0,86.0,6.0,0.0
2021-08-05 17:58:31,112.0,98.0,10.0,4.0
2021-08-05 17:58:32,91.0,78.0,8.0,5.0
2021-08-05 17:58:33,97.0,90.0,3.0,4.0
2021-08-05 17:58:34,99.0,90.0,6.0,3.0
2021-08-05 17:58:35,96.0,89.0,4.0,3.0
2021-08-05 17:58:36,90.0,79.0,6.0,5.0
2021-08-05 17:58:37,93.0,80.0,11.0,2.0
2021-08-05 17:58:38,106.0,93.0,8.0,5.0
2021-08-05 17:58:39,95.0,82.0,8.0,5.0
2021-08-05 17:58:40,97.0,89.0,5.0,3.0
2021-08-05 17:58:41,104.0,93.0,6.0,5.0
2021-08-05 17:58:42,83.0,74.0,4.0,5.0
2021-08-05 17:58:43,104.0,95.0,6.0,3.0
2021-08-05 17:58:44,80.0,70.0,5.0,5.0
2021-08-05 17:58:45,105.0,91.0,9.0,5.0
2021-08-05 17:58:46,98.0,89.0,5.0,4.0
2021-08-05 17:58:47,105.0,98.0,4.0,3.0
2021-08-05 17:58:48,110.0,101.0,7.0,2.0
2021-08-05 17:58:49,90.0,82.0,3.0,5.0
2021-08-05 17:58:50,107.0,91.0,8.0,8.0
2021-08-05 17:58:51,93.0,83.0,4.0,6.0
2021-08-05 17:58:52,104.0,97.0,5.0,2.0
2021-08-05 17:58:53,102.0,92.0,5.0,5.0
2021-08-05 17:58:54,89.0,80.0,7.0,2.0
2021-08-05 17:58:55,94.0,85.0,6.0,3.0
2021-08-05 17:58:56,101.0,94.0,5.0,2.0
2021-08-05 17:58:57,102.0,91.0,5.0,6.0
2021-08-05 17:58:58,105.0,90.0,11.0,4.0
2021-08-05 17:58:59,110.0,101.0,6.0,3.0
2021-08-05 17:59:00,98.0,90.0,6.0,2.0
2021-08-05 17:59:01,102.0,92.0,4.0,6.0
2021-08-05 17:59:02,87.0,75.0,7.0,5.0
2021-08-05 17:59:03,98.0,86.0,10.0,2.0
2021-08-05 17:59:04,89.0,79.0,7.0,3.0
2021-08-05 17:59:05,96.0,90.0,4.0,2.0
2021-08-05 17:59:06,91.0,83.0,7.0,1.0
2021-08-05 17:59:07,95.0,83.0,10.0,2.0
2021-08-05 17:59:08,105.0,96.0,4.0,5.0
2021-08-05 17:59:09,91.0,81.0,8.0,2.0
2021-08-05 17:59:10,97.0,86.0,9.0,2.0
2021-08-05 17:59:11,86.0,73.0,10.0,3.0
2021-08-05 17:59:12,99.0,85.0,12.0,2.0
2021-08-05 17:59:13,97.0,87.0,5.0,5.0
2021-08-05 17:59:14,101.0,95.0,4.0,2.0
2021-08-05 17:59:15,102.0,87.0,11.0,4.0
2021-08-05 17:59:16,91.0,85.0,4.0,2.0
2021-08-05 17:59:17,98.0,84.0,7.0,7.0
2021-08-05 17:59:18,107.0,95.0,8.0,4.0
2021-08-05 17:59:19,111.0,100.0,5.0,6.0
2021-08-05 17:59:20,80.0,77.0,2.0,1.0
2021-08-05 17:59:21,90.0,83.0,4.0,3.0
2021-08-05 17:59:22,81.0,74.0,4.0,3.0
2021-08-05 17:59:23,107.0,94.0,8.0,5.0
2021-08-05 17:59:24,107.0,98.0,5.0,4.0
2021-08-05 17:59:25,89.0,78.0,8.0,3.0
2021-08-05 17:59:26,111.0,102.0,6.0,3.0
2021-08-05 17:59:27,89.0,78.0,8.0,3.0
2021-08-05 17:59:28,91.0,81.0,7.0,3.0
2021-08-05 17:59:29,107.0,93.0,7.0,7.0
2021-08-05 17:59:30,95.0,90.0,1.0,4.0
2021-08-05 17:59:31,102.0,90.0,5.0,7.0
2021-08-05 17:59:32,97.0,89.0,7.0,1.0
2021-08-05 17:59:33,108.0,99.0,3.0,6.0
2021-08-05 17:59:34,82.0,77.0,2.0,3.0
2021-08-05 17:59:35,110.0,100.0,6.0,4.0
2021-08-05 17:59:36,92.0,86.0,5.0,1.0
2021-08-05 17:59:37,100.0,89.0,6.0,5.0
2021-08-05 17:59:38,98.0,85.0,5.0,8.0
2021-08-05 17:59:39,99.0,88.0,6.0,5.0
2021-08-05 17:59:40,94.0,90.0,4.0,0.0
2021-08-05 17:59:41,105.0,97.0,4.0,4.0
2021-08-05 17:59:42,106.0,92.0,12.0,2.0
2021-08-05 17:59:43,96.0,85.0,7.0,4.0
2021-08-05 17:59:44,105.0,91.0,10.0,4.0
2021-08-05 17:59:45,82.0,72.0,5.0,5.0
2021-08-05 17:59:46,88.0,80.0,5.0,3.0
2021-08-05 17:59:47,105.0,93.0,8.0,4.0
2021-08-05 17:59:48,100.0,89.0,5.0,6.0
2021-08-05 17:59:49,104.0,93.0,9.0,2.0
2021-08-05 17:59:50,110.0,100.0,6.0,4.0
2021-08-05 17:59:51,76.0,67.0,4.0,5.0
2021-08-05 17:59:52,84.0,76.0,4.0,4.0
2021-08-05 17:59:53,107.0,92.0,14.0,1.0
2021-08-05 17:59:54,80.0,68.0,7.0,5.0
2021-08-05 17:59:55,93.0,82.0,4.0,7.0
2021-08-05 17:59:56,106.0,95.0,6.0,5.0
2021-08-05 17:59:57,89.0,84.0,2.0,3.0
2021-08-05 17:59:58,104.0,91.0,7.0,6.0
2021-08-05 17:59:59,92.0,80.0,9.0,3.0
2021-08-05 18:00:00,90.0,78.0,10.0,2.0
2021-08-05 18:00:01,111.0,98.0,8.0,5.0
2021-08-05 18:00:02,89.0,77.0,6.0,6.0
2021-08-05 18:00:03,92.0,82.0,5.0,5.0
2021-08-05 18:00:04,80.0,71.0,5.0,4.0
2021-08-05 18:00:05,113.0,106.0,5.0,2.0
2021-08-05 18:00:06,102.0,94.0,7.0,1.0
2021-08-05 18:00:07,93.0,83.0,6.0,4.0
2021-08-05 18:00:08,103.0,90.0,7.0,6.0
2021-08-05 18:00:09,90.0,82.0,4.0,4.0
2021-08-05 18:00:10,104.0,95.0,6.0,3.0
2021-08-05 18:00:11,95.0,85.0,6.0,4.0
2021-08-05 18:00:12,95.0,81.0,9.0,5.0
2021-08-05 18:00:13,89.0,74.0,4.0,11.0
2021-08-05 18:00:14,81.0,75.0,2.0,4.0
2021-08-05 18:00:15,85.0,79.0,3.0,3.0
2021-08-05 18:00:16,80.0,70.0,7.0,3.0
2021-08-05 18:00:17,94.0,83.0,6.0,5.0
2021-08-05 18:00:18,83.0,74.0,4.0,5.0
2021-08-05 18:00:19,108.0,97.0,6.0,5.0
2021-08-05 18:00:20,84.0,76.0,6.0,2.0
2021-08-05 18:00:21,96.0,86.0,7.0,3.0
2021-08-05 18:00:22,95.0,86.0,4.0,5.0
2021-08-05 18:00:23,107.0,94.0,6.0,7.0
2021-08-05 18:00:24,95.0,84.0,5.0,6.0
2021-08-05 18:00:25,107.0,99.0,2.0,6.0
2021-08-05 18:00:26,111.0,98.0,8.0,5.0
2021-08-05 18:00:27,84.0,77.0,2.0,5.0
2021-08-05 18:00:28,88.0,75.0,8.0,5.0
2021-08-05 18:00:29,93.0,89.0,1.0,3.0
2021-08-05 18:00:30,91.0,80.0,5.0,6.0
2021-08-05 18:00:31,111.0,98.0,9.0,4.0
2021-08-05 18:00:32,100.0,91.0,5.0,4.0
2021-08-05 18:00:33,95.0,86.0,6.0,3.0
2021-08-05 18:00:34,106.0,97.0,7.0,2.0
2021-08-05 18:00:35,100.0,84.0,7.0,9.0
2021-08-05 18:00:36,76.0,67.0,6.0,3.0
2021-08-05 18:00:37,98.0,85.0,7.0,6.0
2021-08-05 18:00:38,82.0,72.0,9.0,1.0
2021-08-05 18:00:39,94.0,78.0,10.0,6.0
2021-08-05 18:00:40,109.0,99.0,6.0,4.0
2021-08-05 18:00:41,117.0,104.0,9.0,4.0
2021-08-05 18:00:42,96.0,86.0,6.0,4.0
2021-08-05 18:00:43,84.0,72.0,7.0,5.0
2021-08-05 18:00:44,115.0,102.0,10.0,3.0
2021-08-05 18:00:45,109.0,98.0,8.0,3.0
2021-08-05 18:00:46,101.0,88.0,7.0,6.0
2021-08-05 18:00:47,114.0,109.0,3.0,2.0
2021-08-05 18:00:48,95.0,88.0,5.0,2.0
2021-08-05 18:00:49,97.0,87.0,4.0,6.0
2021-08-05 18:00:50,86.0,82.0,3.0,1.0
2021-08-05 18:00:51,94.0,80.0,11.0,3.0
2021-08-05 18:00:52,98.0,86.0,7.0,5.0
2021-08-05 18:00:53,96.0,88.0,6.0,2.0
2021-08-05 18:00:54,114.0,104.0,7.0,3.0
2021-08-05 18:00:55,105.0,98.0,3.0,4.0
2021-08-05 18:00:56,103.0,92.0,8.0,3.0
2021-08-05 18:00:57,103.0,92.0,9.0,2.0
2021-08-05 18:00:58,91.0,76.0,10.0,5.0
2021-08-05 18:00:59,86.0,73.0,9.0,4.0
2021-08-05 18:01:00,87.0,74.0,8.0,5.0
2021-08-05 18:01:01,101.0,83.0,12.0,6.0
2021-08-05 18:01:02,94.0,86.0,6.0,2.0
2021-08-05 18:01:03,106.0,95.0,9.0,2.0
2021-08-05 18:01:04,93.0,79.0,11.0,3.0
2021-08-05 18:01:05,90.0,86.0,2.0,2.0
2021-08-05 18:01:06,85.0,77.0,3.0,5.0
2021-08-05 18:01:07,97.0,87.0,6.0,4.0
2021-08-05 18:01:08,95.0,81.0,7.0,7.0
2021-08-05 18:01:09,101.0,93.0,7.0,1.0
2021-08-05 18:01:10,98.0,86.0,8.0,4.0
2021-08-05 18:01:11,95.0,78.0,11.0,6.0
2021-08-05 18:01:12,95.0,82.0,7.0,6.0
2021-08-05 18:01:13,85.0,74.0,6.0,5.0
2021-08-05 18:01:14,97.0,84.0,9.0,4.0
2021-08-05 18:01:15,96.0,84.0,7.0,5.0
2021-08-05 18:01:16,86.0,79.0,5.0,2.0
2021-08-05 18:01:17,87.0,82.0,4.0,1.0
2021-08-05 18:01:18,95.0,84.0,4.0,7.0
2021-08-05 18:01:19,104.0,90.0,6.0,8.0
2021-08-05 18:01:20,96.0,88.0,3.0,5.0
2021-08-05 18:01:21,95.0,87.0,5.0,3.0
2021-08-05 18:01:22,103.0,94.0,6.0,3.0
2021-08-05 18:01:23,101.0,85.0,11.0,5.0
2021-08-05 18:01:24,91.0,83.0,2.0,6.0
2021-08-05 18:01:25,103.0,85.0,12.0,6.0
2021-08-05 18:01:26,86.0,74.0,9.0,3.0
2021-08-05 18:01:27,93.0,81.0,5.0,7.0
2021-08-05 18:01:28,97.0,85.0,3.0,9.0
2021-08-05 18:01:29,86.0,79.0,5.0,2.0
2021-08-05 18:01:30,92.0,84.0,5.0,3.0
2021-08-05 18:01:31,93.0,79.0,3.0,11.0
2021-08-05 18:01:32,95.0,78.0,10.0,7.0
2021-08-05 18:01:33,92.0,83.0,4.0,5.0
2021-08-05 18:01:34,104.0,89.0,10.0,5.0
2021-08-05 18:01:35,100.0,90.0,2.0,8.0
2021-08-05 18:01:36,118.0,102.0,9.0,7.0
2021-08-05 18:01:37,105.0,98.0,6.0,1.0
2021-08-05 18:01:38,95.0,87.0,6.0,2.0
2021-08-05 18:01:39,79.0,73.0,1.0,5.0
2021-08-05 18:01:40,93.0,81.0,3.0,9.0
2021-08-05 18:01:41,108.0,90.0,8.0,10.0
2021-08-05 18:01:42,89.0,71.0,10.0,8.0
2021-08-05 18:01:43,80.0,72.0,4.0,4.0
2021-08-05 18:01:44,101.0,86.0,7.0,8.0
2021-08-05 18:01:45,95.0,87.0,6.0,2.0
2021-08-05 18:01:46,93.0,81.0,8.0,4.0
2021-08-05 18:01:47,80.0,73.0,5.0,2.0
2021-08-05 18:01:48,93.0,89.0,2.0,2.0
2021-08-05 18:01:49,96.0,91.0,2.0,3.0
2021-08-05 18:01:50,91.0,83.0,7.0,1.0
2021-08-05 18:01:51,116.0,105.0,8.0,3.0
2021-08-05 18:01:52,85.0,77.0,5.0,3.0
2021-08-05 18:01:53,93.0,86.0,4.0,3.0
2021-08-05 18:01:54,108.0,93.0,9.0,6.0
2021-08-05 18:01:55,99.0,86.0,8.0,5.0
2021-08-05 18:01:56,95.0,79.0,9.0,7.0
2021-08-05 18:01:57,88.0,79.0,5.0,4.0
2021-08-05 18:01:58,101.0,89.0,7.0,5.0
2021-08-05 18:01:59,90.0,79.0,6.0,5.0
2021-08-05 18:02:00,102.0,90.0,7.0,5.0
2021-08-05 18:02:01,103.0,90.0,11.0,2.0
2021-08-05 18:02:02,80.0,70.0,6.0,4.0
2021-08-05 18:02:03,111.0,97.0,10.0,4.0
2021-08-05 18:02:04,82.0,75.0,2.0,5.0
2021-08-05 18:02:05,88.0,79.0,6.0,3.0
2021-08-05 18:02:06,89.0,79.0,5.0,5.0
2021-08-05 18:02:07,96.0,85.0,4.0,7.0
2021-08-05 18:02:08,94.0,83.0,5.0,6.0
2021-08-05 18:02:09,97.0,91.0,3.0,3.0
2021-08-05 18:02:10,96.0,90.0,2.0,4.0
2021-08-05 18:02:11,98.0,95.0,2.0,1.0
2021-08-05 18:02:12,102.0,88.0,6.0,8.0
2021-08-05 18:02:13,101.0,87.0,8.0,6.0
2021-08-05 18:02:14,77.0,67.0,6.0,4.0
2021-08-05 18:02:15,94.0,86.0,7.0,1.0
2021-08-05 18:02:16,90.0,81.0,6.0,3.0
2021-08-05 18:02:17,111.0,97.0,8.0,6.0
2021-08-05 18:02:18,121.0,106.0,9.0,6.0
2021-08-05 18:02:19,98.0,88.0,8.0,2.0
2021-08-05 18:02:20,97.0,92.0,3.0,2.0
2021-08-05 18:02:21,116.0,100.0,6.0,10.0
2021-08-05 18:02:22,100.0,91.0,7.0,2.0
2021-08-05 18:02:23,97.0,86.0,8.0,3.0
2021-08-05 18:02:24,113.0,104.0,5.0,4.0
2021-08-05 18:02:25,100.0,83.0,10.0,7.0
2021-08-05 18:02:26,95.0,90.0,5.0,0.0
2021-08-05 18:02:27,100.0,88.0,9.0,3.0
2021-08-05 18:02:28,77.0,64.0,11.0,2.0
2021-08-05 18:02:29,99.0,85.0,7.0,7.0
2021-08-05 18:02:30,89.0,81.0,2.0,6.0
2021-08-05 18:02:31,96.0,89.0,2.0,5.0
2021-08-05 18:02:32,85.0,81.0,1.0,3.0
2021-08-05 18:02:33,99.0,87.0,8.0,4.0
2021-08-05 18:02:34,114.0,110.0,1.0,3.0
2021-08-05 18:02:35,104.0,95.0,6.0,3.0
2021-08-05 18:02:36,77.0,67.0,7.0,3.0
2021-08-05 18:02:37,101.0,90.0,7.0,4.0
2021-08-05 18:02:38,96.0,87.0,5.0,4.0
2021-08-05 18:02:39,114.0,103.0,7.0,4.0
2021-08-05 18:02:40,94.0,78.0,10.0,6.0
2021-08-05 18:02:41,89.0,79.0,8.0,2.0
2021-08-05 18:02:42,102.0,88.0,8.0,6.0
2021-08-05 18:02:43,94.0,82.0,6.0,6.0
2021-08-05 18:02:44,98.0,89.0,4.0,5.0
2021-08-05 18:02:45,100.0,90.0,7.0,3.0
2021-08-05 18:02:46,83.0,76.0,3.0,4.0
2021-08-05 18:02:47,85.0,77.0,7.0,1.0
2021-08-05 18:02:48,90.0,87.0,3.0,0.0
2021-08-05 18:02:49,100.0,90.0,7.0,3.0
2021-08-05 18:02:50,88.0,73.0,11.0,4.0
2021-08-05 18:02:51,86.0,68.0,11.0,7.0
2021-08-05 18:02:52,86.0,70.0,6.0,10.0
2021-08-05 18:02:53,66.0,61.0,4.0,1.0
2021-08-05 18:02:54,108.0,98.0,4.0,6.0
2021-08-05 18:02:55,88.0,78.0,4.0,6.0
2021-08-05 18:02:56,96.0,90.0,5.0,1.0
2021-08-05 18:02:57,111.0,99.0,6.0,6.0
2021-08-05 18:02:58,102.0,94.0,2.0,6.0
2021-08-05 18:02:59,111.0,99.0,9.0,3.0
2021-08-05 18:03:00,102.0,95.0,5.0,2.0
2021-08-05 18:03:01,95.0,81.0,7.0,7.0
2021-08-05 18:03:02,93.0,78.0,8.0,7.0
2021-08-05 18:03:03,102.0,96.0,3.0,3.0
2021-08-05 18:03:04,88.0,80.0,6.0,2.0
2021-08-05 18:03:05,102.0,93.0,5.0,4.0
2021-08-05 18:03:06,98.0,85.0,9.0,4.0
2021-08-05 18:03:07,119.0,106.0,7.0,6.0
2021-08-05 18:03:08,99.0,88.0,6.0,5.0
2021-08-05 18:03:09,84.0,73.0,5.0,6.0
2021-08-05 18:03:10,109.0,98.0,5.0,6.0
2021-08-05 18:03:11,100.0,90.0,4.0,6.0
2021-08-05 18:03:12,95.0,83.0,5.0,7.0
2021-08-05 18:03:13,99.0,90.0,4.0,5.0
2021-08-05 18:03:14,106.0,93.0,8.0,5.0
2021-08-05 18:03:15,102.0,96.0,3.0,3.0
2021-08-05 18:03:16,108.0,96.0,7.0,5.0
2021-08-05 18:03:17,113.0,99.0,8.0,6.0
2021-08-05 18:03:18,105.0,89.0,10.0,6.0
2021-08-05 18:03:19,97.0,89.0,6.0,2.0
2021-08-05 18:03:20,91.0,79.0,5.0,7.0
2021-08-05 18:03:21,90.0,82.0,5.0,3.0
2021-08-05 18:03:22,100.0,91.0,5.0,4.0
2021-08-05 18:03:23,88.0,80.0,4.0,4.0
2021-08-05 18:03:24,84.0,78.0,2.0,4.0
2021-08-05 18:03:25,77.0,72.0,2.0,3.0
2021-08-05 18:03:26,84.0,79.0,0.0,5.0
2021-08-05 18:03:27,105.0,92.0,10.0,3.0
2021-08-05 18:03:28,116.0,101.0,10.0,5.0
2021-08-05 18:03:29,91.0,84.0,3.0,4.0
2021-08-05 18:03:30,79.0,64.0,7.0,8.0
2021-08-05 18:03:31,104.0,90.0,9.0,5.0
2021-08-05 18:03:32,90.0,82.0,3.0,5.0
2021-08-05 18:03:33,97.0,84.0,6.0,7.0
2021-08-05 18:03:34,108.0,99.0,5.0,4.0
2021-08-05 18:03:35,106.0,96.0,3.0,7.0
2021-08-05 18:03:36,111.0,94.0,9.0,8.0
2021-08-05 18:03:37,87.0,75.0,5.0,7.0
2021-08-05 18:03:38,92.0,87.0,3.0,2.0
2021-08-05 18:03:39,95.0,85.0,6.0,4.0
2021-08-05 18:03:40,99.0,84.0,8.0,7.0
2021-08-05 18:03:41,93.0,82.0,10.0,1.0
2021-08-05 18:03:42,102.0,96.0,3.0,3.0
2021-08-05 18:03:43,100.0,94.0,2.0,4.0
2021-08-05 18:03:44,94.0,87.0,6.0,1.0
2021-08-05 18:03:45,102.0,87.0,7.0,8.0
2021-08-05 18:03:46,108.0,99.0,5.0,4.0
2021-08-05 18:03:47,100.0,90.0,5.0,5.0
2021-08-05 18:03:48,91.0,81.0,5.0,5.0
2021-08-05 18:03:49,105.0,92.0,9.0,4.0
2021-08-05 18:03:50,90.0,82.0,3.0,5.0
2021-08-05 18:03:51,110.0,94.0,9.0,7.0
2021-08-05 18:03:52,91.0,84.0,4.0,3.0
2021-08-05 18:03:53,97.0,93.0,3.0,1.0
2021-08-05 18:03:54,107.0,96.0,5.0,6.0
2021-08-05 18:03:55,106.0,93.0,5.0,8.0
2021-08-05 18:03:56,86.0,83.0,0.0,3.0
2021-08-05 18:03:57,86.0,77.0,7.0,2.0
2021-08-05 18:03:58,90.0,77.0,7.0,6.0
2021-08-05 18:03:59,119.0,105.0,9.0,5.0
2021-08-05 18:04:00,104.0,96.0,5.0,3.0
2021-08-05 18:04:01,90.0,82.0,5.0,3.0
2021-08-05 18:04:02,108.0,101.0,2.0,5.0
2021-08-05 18:04:03,95.0,86.0,9.0,0.0
2021-08-05 18:04:04,94.0,86.0,4.0,4.0
2021-08-05 18:04:05,93.0,82.0,10.0,1.0
2021-08-05 18:04:06,90.0,81.0,4.0,5.0
2021-08-05 18:04:07,114.0,99.0,9.0,6.0
2021-08-05 18:04:08,96.0,92.0,3.0,1.0
2021-08-05 18:04:09,76.0,71.0,2.0,3.0
2021-08-05 18:04:10,90.0,81.0,5.0,4.0
2021-08-05 18:04:11,106.0,94.0,7.0,5.0
2021-08-05 18:04:12,88.0,81.0,6.0,1.0
2021-08-05 18:04:13,98.0,86.0,9.0,3.0
2021-08-05 18:04:14,84.0,75.0,6.0,3.0
2021-08-05 18:04:15,93.0,81.0,10.0,2.0
2021-08-05 18:04:16,84.0,76.0,6.0,2.0
2021-08-05 18:04:17,101.0,91.0,5.0,5.0
2021-08-05 18:04:18,86.0,74.0,8.0,4.0
2021-08-05 18:04:19,108.0,102.0,4.0,2.0
2021-08-05 18:04:20,107.0,95.0,8.0,4.0
2021-08-05 18:04:21,100.0,89.0,7.0,4.0
2021-08-05 18:04:22,94.0,82.0,9.0,3.0
2021-08-05 18:04:23,105.0,91.0,7.0,7.0
2021-08-05 18:04:24,81.0,72.0,5.0,4.0
2021-08-05 18:04:25,104.0,87.0,11.0,6.0
2021-08-05 18:04:26,87.0,81.0,6.0,0.0
2021-08-05 18:04:27,113.0,97.0,10.0,6.0
2021-08-05 18:04:28,93.0,90.0,3.0,0.0
2021-08-05 18:04:29,89.0,74.0,9.0,6.0
2021-08-05 18:04:30,111.0,103.0,7.0,1.0
2021-08-05 18:04:31,99.0,86.0,10.0,3.0
2021-08-05 18:04:32,108.0,97.0,7.0,4.0
2021-08-05 18:04:33,88.0,74.0,10.0,4.0
2021-08-05 18:04:34,88.0,78.0,6.0,4.0
2021-08-05 18:04:35,86.0,74.0,6.0,6.0
2021-08-05 18:04:36,98.0,89.0,6.0,3.0
2021-08-05 18:04:37,101.0,90.0,8.0,3.0
2021-08-05 18:04:38,105.0,91.0,9.0,5.0
2021-08-05 18:04:39,103.0,91.0,8.0,4.0
2021-08-05 18:04:40,110.0,101.0,5.0,4.0
2021-08-05 18:04:41,114.0,102.0,8.0,4.0
2021-08-05 18:04:42,120.0,108.0,8.0,4.0
2021-08-05 18:04:43,93.0,81.0,8.0,4.0
2021-08-05 18:04:44,103.0,96.0,5.0,2.0
2021-08-05 18:04:45,88.0,76.0,11.0,1.0
2021-08-05 18:04:46,102.0,89.0,7.0,6.0
2021-08-05 18:04:47,98.0,89.0,4.0,5.0
2021-08-05 18:04:48,94.0,88.0,5.0,1.0
2021-08-05 18:04:49,86.0,75.0,7.0,4.0
2021-08-05 18:04:50,102.0,88.0,7.0,7.0
2021-08-05 18:04:51,92.0,83.0,5.0,4.0
2021-08-05 18:04:52,97.0,89.0,5.0,3.0
2021-08-05 18:04:53,93.0,87.0,3.0,3.0
2021-08-05 18:04:54,100.0,91.0,6.0,3.0
2021-08-05 18:04:55,105.0,92.0,5.0,8.0
2021-08-05 18:04:56,96.0,84.0,10.0,2.0
2021-08-05 18:04:57,107.0,95.0,9.0,3.0
2021-08-05 18:04:58,91.0,84.0,4.0,3.0
2021-08-05 18:04:59,103.0,95.0,5.0,3.0
2021-08-05 18:05:00,93.0,81.0,7.0,5.0
2021-08-05 18:05:01,95.0,86.0,5.0,4.0
2021-08-05 18:05:02,100.0,84.0,7.0,9.0
2021-08-05 18:05:03,98.0,84.0,9.0,5.0
2021-08-05 18:05:04,105.0,96.0,5.0,4.0
2021-08-05 18:05:05,99.0,86.0,9.0,4.0
2021-08-05 18:05:06,100.0,89.0,6.0,5.0
2021-08-05 18:05:07,88.0,73.0,9.0,6.0
2021-08-05 18:05:08,93.0,83.0,8.0,2.0
2021-08-05 18:05:09,95.0,85.0,5.0,5.0
2021-08-05 18:05:10,98.0,87.0,5.0,6.0
2021-08-05 18:05:11,113.0,96.0,13.0,4.0
2021-08-05 18:05:12,87.0,76.0,4.0,7.0
2021-08-05 18:05:13,115.0,105.0,6.0,4.0
2021-08-05 18:05:14,102.0,86.0,9.0,7.0
2021-08-05 18:05:15,101.0,90.0,6.0,5.0
2021-08-05 18:05:16,96.0,85.0,7.0,4.0
2021-08-05 18:05:17,96.0,86.0,2.0,8.0
2021-08-05 18:05:18,92.0,82.0,4.0,6.0
2021-08-05 18:05:19,99.0,87.0,6.0,6.0
2021-08-05 18:05:20,103.0,93.0,6.0,4.0
2021-08-05 18:05:21,100.0,91.0,7.0,2.0
2021-08-05 18:05:22,115.0,97.0,12.0,6.0
2021-08-05 18:05:23,100.0,90.0,6.0,4.0
2021-08-05 18:05:24,89.0,70.0,13.0,6.0
2021-08-05 18:05:25,80.0,71.0,4.0,5.0
2021-08-05 18:05:26,100.0,91.0,6.0,3.0
2021-08-05 18:05:27,81.0,75.0,5.0,1.0
2021-08-05 18:05:28,88.0,78.0,4.0,6.0
2021-08-05 18:05:29,96.0,84.0,7.0,5.0
2021-08-05 18:05:30,96.0,81.0,7.0,8.0
2021-08-05 18:05:31,98.0,86.0,5.0,7.0
2021-08-05 18:05:32,102.0,89.0,9.0,4.0
2021-08-05 18:05:33,92.0,84.0,6.0,2.0
2021-08-05 18:05:34,95.0,87.0,6.0,2.0
2021-08-05 18:05:35,85.0,73.0,10.0,2.0
2021-08-05 18:05:36,86.0,77.0,6.0,3.0
2021-08-05 18:05:37,82.0,71.0,8.0,3.0
2021-08-05 18:05:38,93.0,83.0,6.0,4.0
2021-08-05 18:05:39,90.0,82.0,6.0,2.0
2021-08-05 18:05:40,84.0,71.0,7.0,6.0
2021-08-05 18:05:41,97.0,91.0,2.0,4.0
2021-08-05 18:05:42,108.0,93.0,8.0,7.0
2021-08-05 18:05:43,108.0,94.0,9.0,5.0
2021-08-05 18:05:44,67.0,58.0,5.0,4.0
2021-08-05 18:05:45,85.0,79.0,3.0,3.0
2021-08-05 18:05:46,90.0,74.0,12.0,4.0
2021-08-05 18:05:47,101.0,91.0,7.0,3.0
2021-08-05 18:05:48,96.0,87.0,4.0,5.0
2021-08-05 18:05:49,110.0,93.0,10.0,7.0
2021-08-05 18:05:50,88.0,77.0,6.0,5.0
2021-08-05 18:05:51,80.0,70.0,4.0,6.0
2021-08-05 18:05:52,81.0,74.0,4.0,3.0
2021-08-05 18:05:53,108.0,97.0,8.0,3.0
2021-08-05 18:05:54,93.0,80.0,6.0,7.0
2021-08-05 18:05:55,90.0,73.0,11.0,6.0
2021-08-05 18:05:56,90.0,84.0,3.0,3.0
2021-08-05 18:05:57,85.0,74.0,8.0,3.0
2021-08-05 18:05:58,99.0,86.0,12.0,1.0
2021-08-05 18:05:59,86.0,77.0,3.0,6.0
2021-08-05 18:06:00,88.0,80.0,4.0,4.0
2021-08-05 18:06:01,96.0,88.0,7.0,1.0
2021-08-05 18:06:02,88.0,79.0,6.0,3.0
2021-08-05 18:06:03,90.0,75.0,9.0,6.0
2021-08-05 18:06:04,97.0,78.0,9.0,10.0
2021-08-05 18:06:05,94.0,86.0,4.0,4.0
2021-08-05 18:06:06,85.0,77.0,6.0,2.0
2021-08-05 18:06:07,104.0,92.0,7.0,5.0
2021-08-05 18:06:08,93.0,81.0,9.0,3.0
2021-08-05 18:06:09,82.0,71.0,8.0,3.0
2021-08-05 18:06:10,108.0,91.0,11.0,6.0
2021-08-05 18:06:11,82.0,66.0,10.0,6.0
2021-08-05 18:06:12,100.0,94.0,3.0,3.0
2021-08-05 18:06:13,67.0,61.0,3.0,3.0
2021-08-05 18:06:14,108.0,99.0,3.0,6.0
2021-08-05 18:06:15,89.0,84.0,4.0,1.0
2021-08-05 18:06:16,103.0,92.0,7.0,4.0
2021-08-05 18:06:17,85.0,76.0,5.0,4.0
2021-08-05 18:06:18,81.0,68.0,7.0,6.0
2021-08-05 18:06:19,86.0,81.0,4.0,1.0
2021-08-05 18:06:20,103.0,91.0,6.0,6.0
2021-08-05 18:06:21,76.0,64.0,6.0,6.0
2021-08-05 18:06:22,94.0,88.0,3.0,3.0
2021-08-05 18:06:23,111.0,100.0,7.0,4.0
2021-08-05 18:06:24,90.0,81.0,6.0,3.0
2021-08-05 18:06:25,84.0,75.0,7.0,2.0
2021-08-05 18:06:26,95.0,84.0,7.0,4.0
2021-08-05 18:06:27,86.0,74.0,7.0,5.0
2021-08-05 18:06:28,117.0,111.0,3.0,3.0
2021-08-05 18:06:29,98.0,76.0,15.0,7.0
2021-08-05 18:06:30,82.0,71.0,6.0,5.0
2021-08-05 18:06:31,89.0,78.0,5.0,6.0
2021-08-05 18:06:32,98.0,90.0,6.0,2.0
2021-08-05 18:06:33,97.0,86.0,7.0,4.0
2021-08-05 18:06:34,97.0,81.0,9.0,7.0
2021-08-05 18:06:35,94.0,87.0,5.0,2.0
2021-08-05 18:06:36,95.0,86.0,6.0,3.0
2021-08-05 18:06:37,100.0,87.0,9.0,4.0
2021-08-05 18:06:38,107.0,91.0,11.0,5.0
2021-08-05 18:06:39,97.0,89.0,5.0,3.0
2021-08-05 18:06:40,94.0,83.0,7.0,4.0
2021-08-05 18:06:41,87.0,76.0,8.0,3.0
2021-08-05 18:06:42,85.0,75.0,4.0,6.0
2021-08-05 18:06:43,105.0,96.0,6.0,3.0
2021-08-05 18:06:44,86.0,78.0,6.0,2.0
2021-08-05 18:06:45,70.0,62.0,6.0,2.0
2021-08-05 18:06:46,76.0,72.0,0.0,4.0
2021-08-05 18:06:47,88.0,80.0,4.0,4.0
2021-08-05 18:06:48,114.0,93.0,12.0,9.0
2021-08-05 18:06:49,100.0,90.0,6.0,4.0
2021-08-05 18:06:50,91.0,82.0,6.0,3.0
2021-08-05 18:06:51,90.0,80.0,5.0,5.0
2021-08-05 18:06:52,93.0,82.0,7.0,4.0
2021-08-05 18:06:53,95.0,80.0,9.0,6.0
2021-08-05 18:06:54,116.0,110.0,4.0,2.0
2021-08-05 18:06:55,107.0,98.0,7.0,2.0
2021-08-05 18:06:56,100.0,87.0,11.0,2.0
2021-08-05 18:06:57,88.0,70.0,5.0,13.0
2021-08-05 18:06:58,107.0,92.0,5.0,10.0
2021-08-05 18:06:59,85.0,72.0,8.0,5.0
2021-08-05 18:07:00,74.0,68.0,4.0,2.0
2021-08-05 18:07:01,93.0,82.0,7.0,4.0
2021-08-05 18:07:02,95.0,85.0,6.0,4.0
2021-08-05 18:07:03,87.0,77.0,5.0,5.0
2021-08-05 18:07:04,78.0,69.0,8.0,1.0
2021-08-05 18:07:05,103.0,94.0,7.0,2.0
2021-08-05 18:07:06,82.0,76.0,3.0,3.0
2021-08-05 18:07:07,99.0,91.0,7.0,1.0
2021-08-05 18:07:08,88.0,83.0,4.0,1.0
2021-08-05 18:07:09,96.0,89.0,4.0,3.0
2021-08-05 18:07:10,104.0,93.0,5.0,6.0
2021-08-05 18:07:11,82.0,74.0,6.0,2.0
2021-08-05 18:07:12,103.0,89.0,6.0,8.0
2021-08-05 18:07:13,90.0,79.0,8.0,3.0
2021-08-05 18:07:14,91.0,82.0,6.0,3.0
2021-08-05 18:07:15,109.0,96.0,9.0,4.0
2021-08-05 18:07:16,94.0,82.0,10.0,2.0
2021-08-05 18:07:17,89.0,82.0,4.0,3.0
2021-08-05 18:07:18,77.0,68.0,7.0,2.0
2021-08-05 18:07:19,99.0,91.0,6.0,2.0
2021-08-05 18:07:20,88.0,80.0,5.0,3.0
2021-08-05 18:07:21,93.0,87.0,5.0,1.0
2021-08-05 18:07:22,92.0,77.0,10.0,5.0
2021-08-05 18:07:23,87.0,75.0,6.0,6.0
2021-08-05 18:07:24,93.0,79.0,8.0,6.0
2021-08-05 18:07:25,93.0,74.0,12.0,7.0
2021-08-05 18:07:26,101.0,89.0,7.0,5.0
2021-08-05 18:07:27,92.0,77.0,8.0,7.0
2021-08-05 18:07:28,91.0,76.0,6.0,9.0
2021-08-05 18:07:29,75.0,65.0,5.0,5.0
2021-08-05 18:07:30,93.0,86.0,4.0,3.0
2021-08-05 18:07:31,93.0,75.0,10.0,8.0
2021-08-05 18:07:32,102.0,92.0,8.0,2.0
2021-08-05 18:07:33,98.0,91.0,4.0,3.0
2021-08-05 18:07:34,78.0,69.0,5.0,4.0
2021-08-05 18:07:35,92.0,81.0,5.0,6.0
2021-08-05 18:07:36,89.0,79.0,4.0,6.0
2021-08-05 18:07:37,94.0,82.0,7.0,5.0
2021-08-05 18:07:38,94.0,83.0,6.0,5.0
2021-08-05 18:07:39,92.0,85.0,5.0,2.0
2021-08-05 18:07:40,86.0,76.0,3.0,7.0
2021-08-05 18:07:41,94.0,81.0,9.0,4.0
2021-08-05 18:07:42,108.0,94.0,8.0,6.0
2021-08-05 18:07:43,114.0,107.0,3.0,4.0
2021-08-05 18:07:44,102.0,92.0,4.0,6.0
2021-08-05 18:07:45,90.0,79.0,8.0,3.0
2021-08-05 18:07:46,90.0,76.0,8.0,6.0
2021-08-05 18:07:47,93.0,83.0,5.0,5.0
2021-08-05 18:07:48,95.0,85.0,7.0,3.0
2021-08-05 18:07:49,100.0,85.0,10.0,5.0
2021-08-05 18:07:50,107.0,99.0,8.0,0.0
2021-08-05 18:07:51,99.0,88.0,9.0,2.0
2021-08-05 18:07:52,83.0,75.0,5.0,3.0
2021-08-05 18:07:53,96.0,82.0,9.0,5.0
2021-08-05 18:07:54,84.0,73.0,8.0,3.0
2021-08-05 18:07:55,105.0,97.0,5.0,3.0
2021-08-05 18:07:56,75.0,64.0,5.0,6.0
2021-08-05 18:07:57,101.0,95.0,4.0,2.0
2021-08-05 18:07:58,97.0,88.0,7.0,2.0
2021-08-05 18:07:59,97.0,87.0,7.0,3.0
2021-08-05 18:08:00,95.0,78.0,9.0,8.0
2021-08-05 18:08:01,92.0,79.0,6.0,7.0
2021-08-05 18:08:02,96.0,76.0,13.0,7.0
2021-08-05 18:08:03,112.0,102.0,5.0,5.0
2021-08-05 18:08:04,96.0,87.0,7.0,2.0
2021-08-05 18:08:05,109.0,98.0,7.0,4.0
2021-08-05 18:08:06,88.0,81.0,6.0,1.0
2021-08-05 18:08:07,111.0,95.0,12.0,4.0
2021-08-05 18:08:08,84.0,77.0,4.0,3.0
2021-08-05 18:08:09,99.0,85.0,8.0,6.0
2021-08-05 18:08:10,107.0,95.0,7.0,5.0
2021-08-05 18:08:11,88.0,75.0,6.0,7.0
2021-08-05 18:08:12,97.0,86.0,6.0,5.0
2021-08-05 18:08:13,100.0,87.0,11.0,2.0
2021-08-05 18:08:14,88.0,79.0,5.0,4.0
2021-08-05 18:08:15,81.0,73.0,3.0,5.0
2021-08-05 18:08:16,106.0,92.0,6.0,8.0
2021-08-05 18:08:17,89.0,77.0,8.0,4.0
2021-08-05 18:08:18,99.0,89.0,6.0,4.0
2021-08-05 18:08:19,97.0,91.0,3.0,3.0
2021-08-05 18:08:20,94.0,84.0,8.0,2.0
2021-08-05 18:08:21,99.0,87.0,3.0,9.0
2021-08-05 18:08:22,81.0,77.0,3.0,1.0
2021-08-05 18:08:23,92.0,80.0,6.0,6.0
2021-08-05 18:08:24,90.0,77.0,5.0,8.0
2021-08-05 18:08:25,107.0,92.0,9.0,6.0
2021-08-05 18:08:26,113.0,99.0,9.0,5.0
2021-08-05 18:08:27,105.0,97.0,3.0,5.0
2021-08-05 18:08:28,95.0,84.0,6.0,5.0
2021-08-05 18:08:29,103.0,94.0,6.0,3.0
2021-08-05 18:08:30,84.0,71.0,10.0,3.0
2021-08-05 18:08:31,90.0,81.0,6.0,3.0
2021-08-05 18:08:32,99.0,87.0,8.0,4.0
2021-08-05 18:08:33,90.0,81.0,4.0,5.0
2021-08-05 18:08:34,90.0,82.0,8.0,0.0
2021-08-05 18:08:35,84.0,76.0,5.0,3.0
2021-08-05 18:08:36,108.0,97.0,4.0,7.0
2021-08-05 18:08:37,99.0,92.0,4.0,3.0
2021-08-05 18:08:38,101.0,84.0,13.0,4.0
2021-08-05 18:08:39,97.0,91.0,2.0,4.0
2021-08-05 18:08:40,113.0,103.0,6.0,4.0
2021-08-05 18:08:41,93.0,85.0,4.0,4.0
2021-08-05 18:08:42,94.0,83.0,7.0,4.0
2021-08-05 18:08:43,96.0,90.0,5.0,1.0
2021-08-05 18:08:44,102.0,94.0,4.0,4.0
2021-08-05 18:08:45,100.0,90.0,8.0,2.0
2021-08-05 18:08:46,86.0,71.0,7.0,8.0
2021-08-05 18:08:47,120.0,98.0,14.0,8.0
2021-08-05 18:08:48,84.0,78.0,2.0,4.0
2021-08-05 18:08:49,115.0,100.0,6.0,9.0
2021-08-05 18:08:50,95.0,86.0,5.0,4.0
2021-08-05 18:08:51,91.0,81.0,6.0,4.0
2021-08-05 18:08:52,111.0,98.0,10.0,3.0
2021-08-05 18:08:53,104.0,94.0,6.0,4.0
2021-08-05 18:08:54,96.0,84.0,7.0,5.0
2021-08-05 18:08:55,79.0,68.0,6.0,5.0
2021-08-05 18:08:56,89.0,77.0,7.0,5.0
2021-08-05 18:08:57,91.0,80.0,5.0,6.0
2021-08-05 18:08:58,95.0,83.0,5.0,7.0
2021-08-05 18:08:59,97.0,87.0,7.0,3.0
2021-08-05 18:09:00,95.0,86.0,6.0,3.0
2021-08-05 18:09:01,82.0,73.0,4.0,5.0
2021-08-05 18:09:02,101.0,95.0,3.0,3.0
2021-08-05 18:09:03,104.0,89.0,11.0,4.0
2021-08-05 18:09:04,96.0,85.0,6.0,5.0
2021-08-05 18:09:05,88.0,75.0,9.0,4.0
2021-08-05 18:09:06,112.0,98.0,8.0,6.0
2021-08-05 18:09:07,96.0,86.0,5.0,5.0
2021-08-05 18:09:08,88.0,77.0,6.0,5.0
2021-08-05 18:09:09,98.0,88.0,7.0,3.0
2021-08-05 18:09:10,86.0,73.0,7.0,6.0
2021-08-05 18:09:11,111.0,102.0,4.0,5.0
2021-08-05 18:09:12,100.0,93.0,4.0,3.0
2021-08-05 18:09:13,103.0,96.0,5.0,2.0
2021-08-05 18:09:14,87.0,80.0,3.0,4.0
2021-08-05 18:09:15,84.0,77.0,4.0,3.0
2021-08-05 18:09:16,87.0,81.0,1.0,5.0
2021-08-05 18:09:17,95.0,85.0,5.0,5.0
2021-08-05 18:09:18,97.0,88.0,6.0,3.0
2021-08-05 18:09:19,103.0,89.0,6.0,8.0
2021-08-05 18:09:20,94.0,81.0,7.0,6.0
2021-08-05 18:09:21,96.0,88.0,3.0,5.0
2021-08-05 18:09:22,97.0,88.0,6.0,3.0
2021-08-05 18:09:23,88.0,81.0,4.0,3.0
2021-08-05 18:09:24,109.0,98.0,8.0,3.0
2021-08-05 18:09:25,107.0,101.0,4.0,2.0
2021-08-05 18:09:26,97.0,84.0,6.0,7.0
2021-08-05 18:09:27,107.0,100.0,1.0,6.0
2021-08-05 18:09:28,79.0,72.0,2.0,5.0
2021-08-05 18:09:29,107.0,97.0,2.0,8.0
2021-08-05 18:09:30,85.0,72.0,8.0,5.0
2021-08-05 18:09:31,92.0,86.0,4.0,2.0
2021-08-05 18:09:32,100.0,89.0,5.0,6.0
2021-08-05 18:09:33,75.0,64.0,4.0,7.0
2021-08-05 18:09:34,103.0,92.0,5.0,6.0
2021-08-05 18:09:35,91.0,83.0,4.0,4.0
2021-08-05 18:09:36,86.0,77.0,5.0,4.0
2021-08-05 18:09:37,80.0,67.0,2.0,11.0
2021-08-05 18:09:38,83.0,74.0,5.0,4.0
2021-08-05 18:09:39,85.0,76.0,4.0,5.0
2021-08-05 18:09:40,80.0,72.0,6.0,2.0
2021-08-05 18:09:41,121.0,112.0,6.0,3.0
2021-08-05 18:09:42,99.0,91.0,7.0,1.0
2021-08-05 18:09:43,90.0,82.0,6.0,2.0
2021-08-05 18:09:44,108.0,98.0,8.0,2.0
2021-08-05 18:09:45,85.0,73.0,9.0,3.0
2021-08-05 18:09:46,90.0,81.0,6.0,3.0
2021-08-05 18:09:47,91.0,80.0,6.0,5.0
2021-08-05 18:09:48,79.0,68.0,8.0,3.0
2021-08-05 18:09:49,95.0,85.0,6.0,4.0
2021-08-05 18:09:50,88.0,73.0,13.0,2.0
2021-08-05 18:09:51,86.0,69.0,10.0,7.0
2021-08-05 18:09:52,96.0,80.0,8.0,8.0
2021-08-05 18:09:53,106.0,96.0,8.0,2.0
2021-08-05 18:09:54,83.0,76.0,5.0,2.0
2021-08-05 18:09:55,103.0,97.0,4.0,2.0
2021-08-05 18:09:56,87.0,81.0,3.0,3.0
2021-08-05 18:09:57,104.0,94.0,4.0,6.0
2021-08-05 18:09:58,93.0,81.0,10.0,2.0
2021-08-05 18:09:59,103.0,89.0,9.0,5.0
2021-08-05 18:10:00,100.0,93.0,5.0,2.0
2021-08-05 18:10:01,98.0,90.0,5.0,3.0
2021-08-05 18:10:02,85.0,78.0,3.0,4.0
2021-08-05 18:10:03,86.0,75.0,4.0,7.0
2021-08-05 18:10:04,88.0,78.0,7.0,3.0
2021-08-05 18:10:05,96.0,82.0,8.0,6.0
2021-08-05 18:10:06,91.0,80.0,7.0,4.0
2021-08-05 18:10:07,99.0,90.0,6.0,3.0
2021-08-05 18:10:08,114.0,101.0,6.0,7.0
2021-08-05 18:10:09,104.0,95.0,4.0,5.0
2021-08-05 18:10:10,104.0,91.0,6.0,7.0
2021-08-05 18:10:11,104.0,93.0,9.0,2.0
2021-08-05 18:10:12,104.0,90.0,5.0,9.0
2021-08-05 18:10:13,106.0,94.0,9.0,3.0
2021-08-05 18:10:14,100.0,81.0,13.0,6.0
2021-08-05 18:10:15,91.0,87.0,3.0,1.0
2021-08-05 18:10:16,101.0,90.0,6.0,5.0
2021-08-05 18:10:17,88.0,78.0,8.0,2.0
2021-08-05 18:10:18,87.0,79.0,5.0,3.0
2021-08-05 18:10:19,96.0,82.0,6.0,8.0
2021-08-05 18:10:20,95.0,87.0,5.0,3.0
2021-08-05 18:10:21,100.0,88.0,7.0,5.0
2021-08-05 18:10:22,97.0,83.0,7.0,7.0
2021-08-05 18:10:23,87.0,78.0,4.0,5.0
2021-08-05 18:10:24,93.0,82.0,10.0,1.0
2021-08-05 18:10:25,109.0,102.0,4.0,3.0
2021-08-05 18:10:26,89.0,82.0,4.0,3.0
2021-08-05 18:10:27,95.0,84.0,8.0,3.0
2021-08-05 18:10:28,92.0,80.0,6.0,6.0
2021-08-05 18:10:29,89.0,79.0,5.0,5.0
2021-08-05 18:10:30,95.0,82.0,5.0,8.0
2021-08-05 18:10:31,100.0,88.0,6.0,6.0
2021-08-05 18:10:32,91.0,77.0,9.0,5.0
2021-08-05 18:10:33,101.0,89.0,5.0,7.0
2021-08-05 18:10:34,81.0,69.0,3.0,9.0
2021-08-05 18:10:35,92.0,85.0,5.0,2.0
2021-08-05 18:10:36,105.0,97.0,1.0,7.0
2021-08-05 18:10:37,100.0,86.0,10.0,4.0
2021-08-05 18:10:38,73.0,72.0,0.0,1.0
2021-08-05 18:10:39,76.0,66.0,5.0,5.0
2021-08-05 18:10:40,80.0,66.0,10.0,4.0
2021-08-05 18:10:41,100.0,89.0,7.0,4.0
2021-08-05 18:10:42,96.0,80.0,6.0,10.0
2021-08-05 18:10:43,74.0,65.0,4.0,5.0
2021-08-05 18:10:44,95.0,79.0,8.0,8.0
2021-08-05 18:10:45,75.0,70.0,3.0,2.0
2021-08-05 18:10:46,95.0,89.0,2.0,4.0
2021-08-05 18:10:47,97.0,84.0,8.0,5.0
2021-08-05 18:10:48,91.0,80.0,6.0,5.0
2021-08-05 18:10:49,91.0,79.0,9.0,3.0
2021-08-05 18:10:50,95.0,89.0,3.0,3.0
2021-08-05 18:10:51,93.0,85.0,4.0,4.0
2021-08-05 18:10:52,98.0,89.0,5.0,4.0
2021-08-05 18:10:53,97.0,83.0,10.0,4.0
2021-08-05 18:10:54,93.0,82.0,9.0,2.0
2021-08-05 18:10:55,93.0,82.0,6.0,5.0
2021-08-05 18:10:56,94.0,89.0,5.0,0.0
2021-08-05 18:10:57,109.0,96.0,8.0,5.0
2021-08-05 18:10:58,102.0,92.0,5.0,5.0
2021-08-05 18:10:59,90.0,83.0,4.0,3.0
2021-08-05 18:11:00,90.0,81.0,6.0,3.0
2021-08-05 18:11:01,101.0,86.0,9.0,6.0
2021-08-05 18:11:02,91.0,79.0,6.0,6.0
2021-08-05 18:11:03,86.0,76.0,5.0,5.0
2021-08-05 18:11:04,93.0,85.0,3.0,5.0
2021-08-05 18:11:05,86.0,78.0,6.0,2.0
2021-08-05 18:11:06,97.0,89.0,6.0,2.0
2021-08-05 18:11:07,101.0,92.0,6.0,3.0
2021-08-05 18:11:08,92.0,77.0,12.0,3.0
2021-08-05 18:11:09,103.0,88.0,9.0,6.0
2021-08-05 18:11:10,98.0,88.0,7.0,3.0
2021-08-05 18:11:11,103.0,91.0,7.0,5.0
2021-08-05 18:11:12,87.0,77.0,8.0,2.0
2021-08-05 18:11:13,98.0,85.0,5.0,8.0
2021-08-05 18:11:14,96.0,85.0,5.0,6.0
2021-08-05 18:11:15,88.0,76.0,11.0,1.0
2021-08-05 18:11:16,84.0,76.0,5.0,3.0
2021-08-05 18:11:17,99.0,84.0,9.0,6.0
2021-08-05 18:11:18,95.0,84.0,8.0,3.0
2021-08-05 18:11:19,102.0,88.0,7.0,7.0
2021-08-05 18:11:20,93.0,82.0,6.0,5.0
2021-08-05 18:11:21,96.0,89.0,5.0,2.0
2021-08-05 18:11:22,93.0,80.0,8.0,5.0
2021-08-05 18:11:23,93.0,81.0,7.0,5.0
2021-08-05 18:11:24,85.0,74.0,5.0,6.0
2021-08-05 18:11:25,83.0,76.0,1.0,6.0
2021-08-05 18:11:26,118.0,106.0,6.0,6.0
2021-08-05 18:11:27,92.0,81.0,4.0,7.0
2021-08-05 18:11:28,109.0,101.0,5.0,3.0
2021-08-05 18:11:29,105.0,94.0,6.0,5.0
2021-08-05 18:11:30,90.0,81.0,6.0,3.0
2021-08-05 18:11:31,91.0,83.0,7.0,1.0
2021-08-05 18:11:32,94.0,82.0,8.0,4.0
2021-08-05 18:11:33,108.0,98.0,5.0,5.0
2021-08-05 18:11:34,84.0,78.0,4.0,2.0
2021-08-05 18:11:35,81.0,72.0,4.0,5.0
2021-08-05 18:11:36,92.0,81.0,5.0,6.0
2021-08-05 18:11:37,102.0,88.0,13.0,1.0
2021-08-05 18:11:38,92.0,79.0,5.0,8.0
2021-08-05 18:11:39,94.0,82.0,7.0,5.0
2021-08-05 18:11:40,94.0,81.0,6.0,7.0
2021-08-05 18:11:41,96.0,89.0,3.0,4.0
2021-08-05 18:11:42,97.0,89.0,3.0,5.0
2021-08-05 18:11:43,96.0,90.0,5.0,1.0
2021-08-05 18:11:44,78.0,67.0,5.0,6.0
2021-08-05 18:11:45,88.0,81.0,6.0,1.0
2021-08-05 18:11:46,111.0,100.0,4.0,7.0
2021-08-05 18:11:47,103.0,94.0,3.0,6.0
2021-08-05 18:11:48,96.0,81.0,9.0,6.0
2021-08-05 18:11:49,96.0,83.0,6.0,7.0
2021-08-05 18:11:50,93.0,78.0,13.0,2.0
2021-08-05 18:11:51,89.0,70.0,12.0,7.0
2021-08-05 18:11:52,101.0,93.0,4.0,4.0
2021-08-05 18:11:53,98.0,89.0,5.0,4.0
2021-08-05 18:11:54,82.0,78.0,2.0,2.0
2021-08-05 18:11:55,113.0,103.0,8.0,2.0
2021-08-05 18:11:56,94.0,88.0,2.0,4.0
2021-08-05 18:11:57,88.0,77.0,7.0,4.0
2021-08-05 18:11:58,125.0,111.0,7.0,7.0
2021-08-05 18:11:59,98.0,90.0,5.0,3.0
2021-08-05 18:12:00,93.0,84.0,8.0,1.0
2021-08-05 18:12:01,106.0,97.0,4.0,5.0
2021-08-05 18:12:02,98.0,90.0,4.0,4.0
2021-08-05 18:12:03,87.0,75.0,8.0,4.0
2021-08-05 18:12:04,102.0,90.0,6.0,6.0
2021-08-05 18:12:05,102.0,89.0,10.0,3.0
2021-08-05 18:12:06,80.0,71.0,7.0,2.0
2021-08-05 18:12:07,94.0,89.0,4.0,1.0
2021-08-05 18:12:08,87.0,75.0,7.0,5.0
2021-08-05 18:12:09,71.0,64.0,4.0,3.0
2021-08-05 18:12:10,118.0,103.0,9.0,6.0
2021-08-05 18:12:11,97.0,81.0,10.0,6.0
2021-08-05 18:12:12,110.0,99.0,5.0,6.0
2021-08-05 18:12:13,112.0,94.0,11.0,7.0
2021-08-05 18:12:14,87.0,79.0,6.0,2.0
2021-08-05 18:12:15,84.0,78.0,5.0,1.0
2021-08-05 18:12:16,79.0,69.0,6.0,4.0
2021-08-05 18:12:17,94.0,85.0,3.0,6.0
2021-08-05 18:12:18,98.0,89.0,3.0,6.0
2021-08-05 18:12:19,88.0,71.0,10.0,7.0
2021-08-05 18:12:20,82.0,72.0,5.0,5.0
2021-08-05 18:12:21,81.0,73.0,5.0,3.0
2021-08-05 18:12:22,89.0,80.0,4.0,5.0
2021-08-05 18:12:23,94.0,83.0,6.0,5.0
2021-08-05 18:12:24,84.0,72.0,9.0,3.0
2021-08-05 18:12:25,103.0,94.0,5.0,4.0
2021-08-05 18:12:26,96.0,86.0,5.0,5.0
2021-08-05 18:12:27,117.0,102.0,9.0,6.0
2021-08-05 18:12:28,118.0,104.0,9.0,5.0
2021-08-05 18:12:29,90.0,78.0,9.0,3.0
2021-08-05 18:12:30,74.0,64.0,5.0,5.0
2021-08-05 18:12:31,91.0,80.0,5.0,6.0
2021-08-05 18:12:32,80.0,73.0,5.0,2.0
2021-08-05 18:12:33,80.0,73.0,5.0,2.0
2021-08-05 18:12:34,96.0,89.0,5.0,2.0
2021-08-05 18:12:35,69.0,60.0,4.0,5.0
2021-08-05 18:12:36,98.0,88.0,2.0,8.0
2021-08-05 18:12:37,100.0,89.0,5.0,6.0
2021-08-05 18:12:38,94.0,81.0,12.0,1.0
2021-08-05 18:12:39,100.0,86.0,8.0,6.0
2021-08-05 18:12:40,93.0,84.0,5.0,4.0
2021-08-05 18:12:41,99.0,91.0,4.0,4.0
2021-08-05 18:12:42,92.0,78.0,10.0,4.0
2021-08-05 18:12:43,92.0,84.0,4.0,4.0
2021-08-05 18:12:44,103.0,91.0,7.0,5.0
2021-08-05 18:12:45,90.0,84.0,4.0,2.0
2021-08-05 18:12:46,116.0,101.0,8.0,7.0
2021-08-05 18:12:47,85.0,71.0,8.0,6.0
2021-08-05 18:12:48,89.0,79.0,6.0,4.0
2021-08-05 18:12:49,93.0,80.0,8.0,5.0
2021-08-05 18:12:50,81.0,71.0,5.0,5.0
2021-08-05 18:12:51,95.0,82.0,6.0,7.0
2021-08-05 18:12:52,99.0,90.0,7.0,2.0
2021-08-05 18:12:53,106.0,100.0,3.0,3.0
2021-08-05 18:12:54,97.0,86.0,9.0,2.0
2021-08-05 18:12:55,83.0,72.0,3.0,8.0
2021-08-05 18:12:56,97.0,85.0,7.0,5.0
2021-08-05 18:12:57,95.0,76.0,8.0,11.0
2021-08-05 18:12:58,95.0,87.0,3.0,5.0
2021-08-05 18:12:59,104.0,88.0,12.0,4.0
2021-08-05 18:13:00,78.0,74.0,4.0,0.0
2021-08-05 18:13:01,93.0,81.0,7.0,5.0
2021-08-05 18:13:02,93.0,85.0,4.0,4.0
2021-08-05 18:13:03,82.0,71.0,8.0,3.0
2021-08-05 18:13:04,105.0,93.0,6.0,6.0
2021-08-05 18:13:05,107.0,100.0,5.0,2.0
2021-08-05 18:13:06,102.0,90.0,9.0,3.0
2021-08-05 18:13:07,96.0,81.0,8.0,7.0
2021-08-05 18:13:08,91.0,81.0,6.0,4.0
2021-08-05 18:13:09,95.0,89.0,3.0,3.0
2021-08-05 18:13:10,99.0,92.0,4.0,3.0
2021-08-05 18:13:11,99.0,93.0,4.0,2.0
2021-08-05 18:13:12,89.0,77.0,7.0,5.0
2021-08-05 18:13:13,84.0,71.0,9.0,4.0
2021-08-05 18:13:14,92.0,84.0,3.0,5.0
2021-08-05 18:13:15,86.0,79.0,2.0,5.0
2021-08-05 18:13:16,89.0,77.0,6.0,6.0
2021-08-05 18:13:17,93.0,81.0,9.0,3.0
2021-08-05 18:13:18,106.0,92.0,5.0,9.0
2021-08-05 18:13:19,92.0,78.0,6.0,8.0
2021-08-05 18:13:20,100.0,94.0,4.0,2.0
2021-08-05 18:13:21,100.0,90.0,5.0,5.0
2021-08-05 18:13:22,84.0,72.0,6.0,6.0
2021-08-05 18:13:23,105.0,85.0,14.0,6.0
2021-08-05 18:13:24,102.0,94.0,5.0,3.0
2021-08-05 18:13:25,92.0,79.0,9.0,4.0
2021-08-05 18:13:26,89.0,81.0,6.0,2.0
2021-08-05 18:13:27,95.0,90.0,3.0,2.0
2021-08-05 18:13:28,98.0,85.0,5.0,8.0
2021-08-05 18:13:29,104.0,93.0,7.0,4.0
2021-08-05 18:13:30,94.0,79.0,6.0,9.0
2021-08-05 18:13:31,97.0,86.0,9.0,2.0
2021-08-05 18:13:32,111.0,102.0,5.0,4.0
2021-08-05 18:13:33,98.0,87.0,8.0,3.0
2021-08-05 18:13:34,91.0,77.0,9.0,5.0
2021-08-05 18:13:35,91.0,80.0,8.0,3.0
2021-08-05 18:13:36,104.0,88.0,6.0,10.0
2021-08-05 18:13:37,91.0,81.0,5.0,5.0
2021-08-05 18:13:38,93.0,86.0,6.0,1.0
2021-08-05 18:13:39,84.0,74.0,6.0,4.0
2021-08-05 18:13:40,122.0,106.0,7.0,9.0
2021-08-05 18:13:41,102.0,92.0,8.0,2.0
2021-08-05 18:13:42,79.0,70.0,6.0,3.0
2021-08-05 18:13:43,92.0,83.0,6.0,3.0
2021-08-05 18:13:44,104.0,91.0,6.0,7.0
2021-08-05 18:13:45,85.0,78.0,4.0,3.0
2021-08-05 18:13:46,83.0,69.0,7.0,7.0
2021-08-05 18:13:47,95.0,87.0,4.0,4.0
2021-08-05 18:13:48,91.0,79.0,8.0,4.0
2021-08-05 18:13:49,100.0,93.0,2.0,5.0
2021-08-05 18:13:50,108.0,97.0,7.0,4.0
2021-08-05 18:13:51,87.0,79.0,5.0,3.0
2021-08-05 18:13:52,108.0,91.0,10.0,7.0
2021-08-05 18:13:53,96.0,92.0,3.0,1.0
2021-08-05 18:13:54,97.0,89.0,4.0,4.0
2021-08-05 18:13:55,97.0,83.0,8.0,6.0
2021-08-05 18:13:56,96.0,85.0,4.0,7.0
2021-08-05 18:13:57,106.0,96.0,5.0,5.0
2021-08-05 18:13:58,110.0,97.0,10.0,3.0
2021-08-05 18:13:59,99.0,86.0,10.0,3.0
2021-08-05 18:14:00,92.0,84.0,5.0,3.0
2021-08-05 18:14:01,86.0,79.0,4.0,3.0
2021-08-05 18:14:02,90.0,78.0,9.0,3.0
2021-08-05 18:14:03,88.0,81.0,3.0,4.0
2021-08-05 18:14:04,86.0,80.0,4.0,2.0
2021-08-05 18:14:05,103.0,89.0,9.0,5.0
2021-08-05 18:14:06,94.0,80.0,10.0,4.0
2021-08-05 18:14:07,93.0,81.0,4.0,8.0
2021-08-05 18:14:08,107.0,91.0,8.0,8.0
2021-08-05 18:14:09,86.0,72.0,8.0,6.0
2021-08-05 18:14:10,94.0,88.0,4.0,2.0
2021-08-05 18:14:11,85.0,72.0,6.0,7.0
2021-08-05 18:14:12,84.0,76.0,5.0,3.0
2021-08-05 18:14:13,84.0,73.0,5.0,6.0
2021-08-05 18:14:14,95.0,81.0,4.0,10.0
2021-08-05 18:14:15,100.0,83.0,13.0,4.0
2021-08-05 18:14:16,111.0,97.0,12.0,2.0
2021-08-05 18:14:17,76.0,63.0,9.0,4.0
2021-08-05 18:14:18,96.0,84.0,7.0,5.0
2021-08-05 18:14:19,76.0,70.0,5.0,1.0
2021-08-05 18:14:20,97.0,84.0,7.0,6.0
2021-08-05 18:14:21,109.0,104.0,3.0,2.0
2021-08-05 18:14:22,94.0,81.0,5.0,8.0
2021-08-05 18:14:23,95.0,85.0,7.0,3.0
2021-08-05 18:14:24,90.0,77.0,8.0,5.0
2021-08-05 18:14:25,106.0,92.0,8.0,6.0
2021-08-05 18:14:26,97.0,86.0,7.0,4.0
2021-08-05 18:14:27,97.0,85.0,7.0,5.0
2021-08-05 18:14:28,96.0,88.0,6.0,2.0
2021-08-05 18:14:29,88.0,78.0,5.0,5.0
2021-08-05 18:14:30,105.0,88.0,9.0,8.0
2021-08-05 18:14:31,77.0,64.0,11.0,2.0
2021-08-05 18:14:32,100.0,88.0,7.0,5.0
2021-08-05 18:14:33,110.0,99.0,5.0,6.0
2021-08-05 18:14:34,77.0,64.0,6.0,7.0
2021-08-05 18:14:35,86.0,77.0,2.0,7.0
2021-08-05 18:14:36,97.0,86.0,7.0,4.0
2021-08-05 18:14:37,92.0,78.0,6.0,8.0
2021-08-05 18:14:38,88.0,81.0,7.0,0.0
2021-08-05 18:14:39,92.0,82.0,6.0,4.0
2021-08-05 18:14:40,97.0,86.0,6.0,5.0
2021-08-05 18:14:41,85.0,77.0,5.0,3.0
2021-08-05 18:14:42,110.0,93.0,8.0,9.0
2021-08-05 18:14:43,99.0,86.0,9.0,4.0
2021-08-05 18:14:44,88.0,73.0,10.0,5.0
2021-08-05 18:14:45,100.0,85.0,7.0,8.0
2021-08-05 18:14:46,95.0,85.0,6.0,4.0
2021-08-05 18:14:47,85.0,74.0,8.0,3.0
2021-08-05 18:14:48,85.0,77.0,6.0,2.0
2021-08-05 18:14:49,103.0,90.0,8.0,5.0
2021-08-05 18:14:50,84.0,80.0,3.0,1.0
2021-08-05 18:14:51,72.0,65.0,3.0,4.0
2021-08-05 18:14:52,97.0,86.0,4.0,7.0
2021-08-05 18:14:53,95.0,80.0,11.0,4.0
2021-08-05 18:14:54,81.0,66.0,10.0,5.0
2021-08-05 18:14:55,99.0,85.0,8.0,6.0
2021-08-05 18:14:56,97.0,86.0,5.0,6.0
2021-08-05 18:14:57,79.0,73.0,4.0,2.0
2021-08-05 18:14:58,93.0,86.0,3.0,4.0
2021-08-05 18:14:59,101.0,94.0,5.0,2.0
2021-08-05 18:15:00,89.0,82.0,4.0,3.0
2021-08-05 18:15:01,99.0,93.0,4.0,2.0
2021-08-05 18:15:02,82.0,71.0,7.0,4.0
2021-08-05 18:15:03,78.0,67.0,8.0,3.0
2021-08-05 18:15:04,79.0,73.0,2.0,4.0
2021-08-05 18:15:05,90.0,82.0,5.0,3.0
2021-08-05 18:15:06,101.0,87.0,10.0,4.0
2021-08-05 18:15:07,102.0,83.0,11.0,8.0
2021-08-05 18:15:08,105.0,96.0,6.0,3.0
2021-08-05 18:15:09,90.0,81.0,3.0,6.0
2021-08-05 18:15:10,85.0,74.0,9.0,2.0
2021-08-05 18:15:11,85.0,74.0,6.0,5.0
2021-08-05 18:15:12,109.0,97.0,8.0,4.0
2021-08-05 18:15:13,77.0,70.0,5.0,2.0
2021-08-05 18:15:14,84.0,75.0,6.0,3.0
2021-08-05 18:15:15,82.0,73.0,6.0,3.0
2021-08-05 18:15:16,84.0,73.0,9.0,2.0
2021-08-05 18:15:17,98.0,86.0,5.0,7.0
2021-08-05 18:15:18,106.0,91.0,9.0,6.0
2021-08-05 18:15:19,91.0,80.0,6.0,5.0
2021-08-05 18:15:20,89.0,80.0,5.0,4.0
2021-08-05 18:15:21,93.0,79.0,8.0,6.0
2021-08-05 18:15:22,77.0,67.0,5.0,5.0
2021-08-05 18:15:23,94.0,83.0,7.0,4.0
2021-08-05 18:15:24,106.0,94.0,8.0,4.0
2021-08-05 18:15:25,99.0,93.0,5.0,1.0
2021-08-05 18:15:26,97.0,80.0,11.0,6.0
2021-08-05 18:15:27,86.0,76.0,6.0,4.0
2021-08-05 18:15:28,96.0,88.0,3.0,5.0
2021-08-05 18:15:29,96.0,87.0,5.0,4.0
2021-08-05 18:15:30,94.0,82.0,7.0,5.0
2021-08-05 18:15:31,99.0,91.0,3.0,5.0
2021-08-05 18:15:32,101.0,98.0,3.0,0.0
2021-08-05 18:15:33,78.0,69.0,2.0,7.0
2021-08-05 18:15:34,95.0,84.0,6.0,5.0
2021-08-05 18:15:35,86.0,74.0,9.0,3.0
2021-08-05 18:15:36,101.0,87.0,10.0,4.0
2021-08-05 18:15:37,90.0,80.0,7.0,3.0
2021-08-05 18:15:38,89.0,80.0,5.0,4.0
2021-08-05 18:15:39,92.0,84.0,6.0,2.0
2021-08-05 18:15:40,102.0,90.0,7.0,5.0
2021-08-05 18:15:41,93.0,85.0,4.0,4.0
2021-08-05 18:15:42,79.0,68.0,3.0,8.0
2021-08-05 18:15:43,97.0,90.0,6.0,1.0
2021-08-05 18:15:44,106.0,92.0,11.0,3.0
2021-08-05 18:15:45,80.0,67.0,12.0,1.0
2021-08-05 18:15:46,99.0,92.0,4.0,3.0
2021-08-05 18:15:47,99.0,87.0,6.0,6.0
2021-08-05 18:15:48,100.0,87.0,9.0,4.0
2021-08-05 18:15:49,102.0,87.0,8.0,7.0
2021-08-05 18:15:50,82.0,71.0,10.0,1.0
2021-08-05 18:15:51,113.0,107.0,5.0,1.0
2021-08-05 18:15:52,118.0,101.0,11.0,6.0
2021-08-05 18:15:53,97.0,85.0,3.0,9.0
2021-08-05 18:15:54,89.0,78.0,2.0,9.0
2021-08-05 18:15:55,95.0,85.0,6.0,4.0
2021-08-05 18:15:56,85.0,73.0,7.0,5.0
2021-08-05 18:15:57,92.0,82.0,6.0,4.0
2021-08-05 18:15:58,68.0,65.0,2.0,1.0
2021-08-05 18:15:59,84.0,71.0,9.0,4.0
2021-08-05 18:16:00,99.0,83.0,6.0,10.0
2021-08-05 18:16:01,90.0,81.0,4.0,5.0
2021-08-05 18:16:02,81.0,75.0,3.0,3.0
2021-08-05 18:16:03,96.0,84.0,8.0,4.0
2021-08-05 18:16:04,100.0,84.0,11.0,5.0
2021-08-05 18:16:05,100.0,87.0,8.0,5.0
2021-08-05 18:16:06,92.0,83.0,6.0,3.0
2021-08-05 18:16:07,83.0,73.0,8.0,2.0
2021-08-05 18:16:08,77.0,64.0,5.0,8.0
2021-08-05 18:16:09,109.0,96.0,10.0,3.0
2021-08-05 18:16:10,79.0,67.0,9.0,3.0
2021-08-05 18:16:11,98.0,85.0,7.0,6.0
2021-08-05 18:16:12,101.0,85.0,10.0,6.0
2021-08-05 18:16:13,85.0,75.0,9.0,1.0
2021-08-05 18:16:14,99.0,89.0,7.0,3.0
2021-08-05 18:16:15,88.0,74.0,8.0,6.0
2021-08-05 18:16:16,92.0,81.0,6.0,5.0
2021-08-05 18:16:17,104.0,93.0,2.0,9.0
2021-08-05 18:16:18,90.0,84.0,2.0,4.0
2021-08-05 18:16:19,90.0,77.0,10.0,3.0
2021-08-05 18:16:20,96.0,81.0,6.0,9.0
2021-08-05 18:16:21,89.0,81.0,8.0,0.0
2021-08-05 18:16:22,114.0,100.0,8.0,6.0
2021-08-05 18:16:23,94.0,85.0,6.0,3.0
2021-08-05 18:16:24,95.0,89.0,4.0,2.0
2021-08-05 18:16:25,103.0,91.0,6.0,6.0
2021-08-05 18:16:26,89.0,80.0,3.0,6.0
2021-08-05 18:16:27,111.0,103.0,7.0,1.0
2021-08-05 18:16:28,96.0,85.0,6.0,5.0
2021-08-05 18:16:29,89.0,79.0,6.0,4.0
2021-08-05 18:16:30,92.0,79.0,9.0,4.0
2021-08-05 18:16:31,92.0,81.0,3.0,8.0
2021-08-05 18:16:32,108.0,99.0,4.0,5.0
2021-08-05 18:16:33,108.0,97.0,5.0,6.0
2021-08-05 18:16:34,81.0,69.0,10.0,2.0
2021-08-05 18:16:35,96.0,84.0,6.0,6.0
2021-08-05 18:16:36,94.0,87.0,2.0,5.0
2021-08-05 18:16:37,97.0,82.0,7.0,8.0
2021-08-05 18:16:38,108.0,98.0,7.0,3.0
2021-08-05 18:16:39,87.0,74.0,10.0,3.0
2021-08-05 18:16:40,99.0,93.0,4.0,2.0
2021-08-05 18:16:41,92.0,82.0,5.0,5.0
2021-08-05 18:16:42,91.0,76.0,7.0,8.0
2021-08-05 18:16:43,99.0,94.0,5.0,0.0
2021-08-05 18:16:44,100.0,90.0,5.0,5.0
2021-08-05 18:16:45,104.0,89.0,10.0,5.0
2021-08-05 18:16:46,96.0,92.0,1.0,3.0
2021-08-05 18:16:47,117.0,104.0,7.0,6.0
2021-08-05 18:16:48,100.0,87.0,9.0,4.0
2021-08-05 18:16:49,96.0,84.0,7.0,5.0
2021-08-05 18:16:50,83.0,77.0,5.0,1.0
2021-08-05 18:16:51,91.0,77.0,7.0,7.0
2021-08-05 18:16:52,81.0,69.0,7.0,5.0
2021-08-05 18:16:53,94.0,80.0,5.0,9.0
2021-08-05 18:16:54,91.0,79.0,7.0,5.0
2021-08-05 18:16:55,100.0,91.0,3.0,6.0
2021-08-05 18:16:56,78.0,72.0,4.0,2.0
2021-08-05 18:16:57,82.0,74.0,4.0,4.0
2021-08-05 18:16:58,89.0,79.0,3.0,7.0
2021-08-05 18:16:59,93.0,80.0,8.0,5.0
2021-08-05 18:17:00,84.0,71.0,7.0,6.0
2021-08-05 18:17:01,91.0,78.0,6.0,7.0
2021-08-05 18:17:02,81.0,75.0,3.0,3.0
2021-08-05 18:17:03,91.0,77.0,8.0,6.0
2021-08-05 18:17:04,83.0,76.0,5.0,2.0
2021-08-05 18:17:05,82.0,73.0,8.0,1.0
2021-08-05 18:17:06,82.0,72.0,8.0,2.0
2021-08-05 18:17:07,107.0,93.0,9.0,5.0
2021-08-05 18:17:08,71.0,65.0,4.0,2.0
2021-08-05 18:17:09,90.0,78.0,6.0,6.0
2021-08-05 18:17:10,99.0,86.0,8.0,5.0
2021-08-05 18:17:11,98.0,89.0,5.0,4.0
2021-08-05 18:17:12,86.0,75.0,7.0,4.0
2021-08-05 18:17:13,105.0,92.0,10.0,3.0
2021-08-05 18:17:14,97.0,79.0,12.0,6.0
2021-08-05 18:17:15,84.0,74.0,3.0,7.0
2021-08-05 18:17:16,92.0,79.0,7.0,6.0
2021-08-05 18:17:17,90.0,77.0,8.0,5.0
2021-08-05 18:17:18,94.0,85.0,4.0,5.0
2021-08-05 18:17:19,89.0,75.0,4.0,10.0
2021-08-05 18:17:20,78.0,70.0,5.0,3.0
2021-08-05 18:17:21,102.0,91.0,7.0,4.0
2021-08-05 18:17:22,96.0,85.0,6.0,5.0
2021-08-05 18:17:23,98.0,88.0,4.0,6.0
2021-08-05 18:17:24,101.0,89.0,8.0,4.0
2021-08-05 18:17:25,92.0,81.0,7.0,4.0
2021-08-05 18:17:26,65.0,56.0,7.0,2.0
2021-08-05 18:17:27,88.0,81.0,6.0,1.0
2021-08-05 18:17:28,89.0,74.0,8.0,7.0
2021-08-05 18:17:29,85.0,74.0,10.0,1.0
2021-08-05 18:17:30,92.0,86.0,3.0,3.0
2021-08-05 18:17:31,96.0,82.0,5.0,9.0
2021-08-05 18:17:32,100.0,93.0,4.0,3.0
2021-08-05 18:17:33,103.0,92.0,5.0,6.0
2021-08-05 18:17:34,81.0,74.0,4.0,3.0
2021-08-05 18:17:35,89.0,75.0,11.0,3.0
2021-08-05 18:17:36,96.0,83.0,4.0,9.0
2021-08-05 18:17:37,86.0,76.0,5.0,5.0
2021-08-05 18:17:38,70.0,66.0,3.0,1.0
2021-08-05 18:17:39,87.0,77.0,7.0,3.0
2021-08-05 18:17:40,97.0,85.0,9.0,3.0
2021-08-05 18:17:41,97.0,82.0,8.0,7.0
2021-08-05 18:17:42,90.0,83.0,3.0,4.0
2021-08-05 18:17:43,86.0,76.0,5.0,5.0
2021-08-05 18:17:44,88.0,76.0,7.0,5.0
2021-08-05 18:17:45,90.0,79.0,5.0,6.0
2021-08-05 18:17:46,97.0,86.0,7.0,4.0
2021-08-05 18:17:47,91.0,83.0,3.0,5.0
2021-08-05 18:17:48,92.0,83.0,3.0,6.0
2021-08-05 18:17:49,91.0,88.0,1.0,2.0
2021-08-05 18:17:50,86.0,76.0,7.0,3.0
2021-08-05 18:17:51,104.0,95.0,7.0,2.0
2021-08-05 18:17:52,89.0,80.0,5.0,4.0
2021-08-05 18:17:53,93.0,80.0,5.0,8.0
2021-08-05 18:17:54,96.0,86.0,5.0,5.0
2021-08-05 18:17:55,87.0,81.0,6.0,0.0
2021-08-05 18:17:56,113.0,100.0,9.0,4.0
2021-08-05 18:17:57,116.0,101.0,11.0,4.0
2021-08-05 18:17:58,129.0,116.0,9.0,4.0
2021-08-05 18:17:59,80.0,72.0,7.0,1.0
2021-08-05 18:18:00,102.0,93.0,6.0,3.0
2021-08-05 18:18:01,89.0,80.0,5.0,4.0
2021-08-05 18:18:02,83.0,76.0,5.0,2.0
2021-08-05 18:18:03,101.0,90.0,9.0,2.0
2021-08-05 18:18:04,102.0,90.0,7.0,5.0
2021-08-05 18:18:05,86.0,76.0,7.0,3.0
2021-08-05 18:18:06,71.0,63.0,4.0,4.0
2021-08-05 18:18:07,85.0,79.0,4.0,2.0
2021-08-05 18:18:08,79.0,71.0,5.0,3.0
2021-08-05 18:18:09,85.0,76.0,5.0,4.0
2021-08-05 18:18:10,104.0,92.0,8.0,4.0
2021-08-05 18:18:11,95.0,86.0,4.0,5.0
2021-08-05 18:18:12,93.0,83.0,9.0,1.0
2021-08-05 18:18:13,81.0,78.0,3.0,0.0
2021-08-05 18:18:14,81.0,74.0,4.0,3.0
2021-08-05 18:18:15,87.0,84.0,2.0,1.0
2021-08-05 18:18:16,98.0,80.0,12.0,6.0
2021-08-05 18:18:17,98.0,87.0,8.0,3.0
2021-08-05 18:18:18,99.0,88.0,7.0,4.0
2021-08-05 18:18:19,110.0,98.0,5.0,7.0
2021-08-05 18:18:20,84.0,80.0,3.0,1.0
2021-08-05 18:18:21,87.0,76.0,6.0,5.0
2021-08-05 18:18:22,84.0,74.0,9.0,1.0
2021-08-05 18:18:23,105.0,88.0,10.0,7.0
2021-08-05 18:18:24,79.0,67.0,9.0,3.0
2021-08-05 18:18:25,101.0,95.0,5.0,1.0
2021-08-05 18:18:26,103.0,91.0,7.0,5.0
2021-08-05 18:18:27,99.0,86.0,5.0,8.0
2021-08-05 18:18:28,107.0,96.0,7.0,4.0
2021-08-05 18:18:29,84.0,74.0,6.0,4.0
2021-08-05 18:18:30,96.0,82.0,8.0,6.0
2021-08-05 18:18:31,91.0,84.0,4.0,3.0
2021-08-05 18:18:32,108.0,99.0,5.0,4.0
2021-08-05 18:18:33,122.0,103.0,10.0,9.0
2021-08-05 18:18:34,103.0,94.0,3.0,6.0
2021-08-05 18:18:35,103.0,90.0,9.0,4.0
2021-08-05 18:18:36,93.0,84.0,5.0,4.0
2021-08-05 18:18:37,101.0,91.0,6.0,4.0
2021-08-05 18:18:38,77.0,69.0,5.0,3.0
2021-08-05 18:18:39,89.0,83.0,3.0,3.0
2021-08-05 18:18:40,105.0,90.0,11.0,4.0
2021-08-05 18:18:41,101.0,89.0,10.0,2.0
2021-08-05 18:18:42,102.0,90.0,5.0,7.0
2021-08-05 18:18:43,75.0,71.0,3.0,1.0
2021-08-05 18:18:44,84.0,70.0,9.0,5.0
2021-08-05 18:18:45,93.0,86.0,6.0,1.0
2021-08-05 18:18:46,76.0,69.0,3.0,4.0
2021-08-05 18:18:47,76.0,66.0,8.0,2.0
2021-08-05 18:18:48,91.0,79.0,8.0,4.0
2021-08-05 18:18:49,82.0,73.0,3.0,6.0
2021-08-05 18:18:50,112.0,104.0,6.0,2.0
2021-08-05 18:18:51,92.0,82.0,7.0,3.0
2021-08-05 18:18:52,99.0,85.0,8.0,6.0
2021-08-05 18:18:53,98.0,88.0,5.0,5.0
2021-08-05 18:18:54,109.0,96.0,9.0,4.0
2021-08-05 18:18:55,96.0,88.0,4.0,4.0
2021-08-05 18:18:56,92.0,78.0,8.0,6.0
2021-08-05 18:18:57,99.0,87.0,8.0,4.0
2021-08-05 18:18:58,90.0,80.0,7.0,3.0
2021-08-05 18:18:59,92.0,79.0,8.0,5.0
2021-08-05 18:19:00,102.0,88.0,5.0,9.0
2021-08-05 18:19:01,80.0,76.0,2.0,2.0
2021-08-05 18:19:02,111.0,100.0,6.0,5.0
2021-08-05 18:19:03,96.0,87.0,5.0,4.0
2021-08-05 18:19:04,104.0,86.0,11.0,7.0
2021-08-05 18:19:05,102.0,95.0,2.0,5.0
2021-08-05 18:19:06,78.0,71.0,3.0,4.0
2021-08-05 18:19:07,91.0,80.0,8.0,3.0
2021-08-05 18:19:08,80.0,69.0,6.0,5.0
2021-08-05 18:19:09,80.0,70.0,4.0,6.0
2021-08-05 18:19:10,97.0,86.0,6.0,5.0
2021-08-05 18:19:11,96.0,86.0,5.0,5.0
2021-08-05 18:19:12,97.0,89.0,6.0,2.0
2021-08-05 18:19:13,75.0,68.0,4.0,3.0
2021-08-05 18:19:14,86.0,76.0,8.0,2.0
2021-08-05 18:19:15,89.0,82.0,6.0,1.0
2021-08-05 18:19:16,87.0,78.0,4.0,5.0
2021-08-05 18:19:17,110.0,101.0,3.0,6.0
2021-08-05 18:19:18,90.0,77.0,10.0,3.0
2021-08-05 18:19:19,88.0,79.0,6.0,3.0
2021-08-05 18:19:20,97.0,90.0,5.0,2.0
2021-08-05 18:19:21,83.0,71.0,8.0,4.0
2021-08-05 18:19:22,87.0,77.0,5.0,5.0
2021-08-05 18:19:23,78.0,69.0,5.0,4.0
2021-08-05 18:19:24,92.0,87.0,1.0,4.0
2021-08-05 18:19:25,93.0,75.0,15.0,3.0
2021-08-05 18:19:26,123.0,108.0,8.0,7.0
2021-08-05 18:19:27,87.0,72.0,10.0,5.0
2021-08-05 18:19:28,89.0,78.0,4.0,7.0
2021-08-05 18:19:29,95.0,74.0,16.0,5.0
2021-08-05 18:19:30,79.0,67.0,8.0,4.0
2021-08-05 18:19:31,70.0,62.0,4.0,4.0
2021-08-05 18:19:32,75.0,62.0,6.0,7.0
2021-08-05 18:19:33,99.0,82.0,11.0,6.0
2021-08-05 18:19:34,91.0,82.0,7.0,2.0
2021-08-05 18:19:35,112.0,100.0,7.0,5.0
2021-08-05 18:19:36,88.0,78.0,6.0,4.0
2021-08-05 18:19:37,99.0,87.0,5.0,7.0
2021-08-05 18:19:38,81.0,71.0,5.0,5.0
2021-08-05 18:19:39,97.0,88.0,6.0,3.0
2021-08-05 18:19:40,95.0,79.0,13.0,3.0
2021-08-05 18:19:41,97.0,89.0,5.0,3.0
2021-08-05 18:19:42,92.0,83.0,7.0,2.0
2021-08-05 18:19:43,85.0,69.0,9.0,7.0
2021-08-05 18:19:44,126.0,113.0,11.0,2.0
2021-08-05 18:19:45,94.0,81.0,7.0,6.0
2021-08-05 18:19:46,87.0,79.0,4.0,4.0
2021-08-05 18:19:47,93.0,87.0,5.0,1.0
2021-08-05 18:19:48,84.0,75.0,4.0,5.0
2021-08-05 18:19:49,91.0,80.0,5.0,6.0
2021-08-05 18:19:50,98.0,88.0,5.0,5.0
2021-08-05 18:19:51,79.0,73.0,2.0,4.0
2021-08-05 18:19:52,85.0,79.0,2.0,4.0
2021-08-05 18:19:53,95.0,83.0,7.0,5.0
2021-08-05 18:19:54,87.0,78.0,7.0,2.0
2021-08-05 18:19:55,82.0,77.0,3.0,2.0
2021-08-05 18:19:56,81.0,71.0,5.0,5.0
2021-08-05 18:19:57,87.0,75.0,6.0,6.0
2021-08-05 18:19:58,92.0,83.0,6.0,3.0
2021-08-05 18:19:59,97.0,87.0,7.0,3.0
2021-08-05 18:20:00,85.0,79.0,5.0,1.0
2021-08-05 18:20:01,94.0,83.0,8.0,3.0
2021-08-05 18:20:02,82.0,74.0,6.0,2.0
2021-08-05 18:20:03,92.0,84.0,5.0,3.0
2021-08-05 18:20:04,97.0,83.0,9.0,5.0
2021-08-05 18:20:05,95.0,83.0,7.0,5.0
2021-08-05 18:20:06,111.0,101.0,4.0,6.0
2021-08-05 18:20:07,84.0,75.0,7.0,2.0
2021-08-05 18:20:08,86.0,77.0,4.0,5.0
2021-08-05 18:20:09,87.0,72.0,11.0,4.0
2021-08-05 18:20:10,94.0,85.0,6.0,3.0
2021-08-05 18:20:11,78.0,68.0,6.0,4.0
2021-08-05 18:20:12,74.0,68.0,3.0,3.0
2021-08-05 18:20:13,90.0,82.0,6.0,2.0
2021-08-05 18:20:14,82.0,67.0,11.0,4.0
2021-08-05 18:20:15,88.0,77.0,9.0,2.0
2021-08-05 18:20:16,97.0,90.0,4.0,3.0
2021-08-05 18:20:17,85.0,83.0,1.0,1.0
2021-08-05 18:20:18,96.0,82.0,12.0,2.0
2021-08-05 18:20:19,81.0,73.0,5.0,3.0
2021-08-05 18:20:20,102.0,87.0,8.0,7.0
2021-08-05 18:20:21,98.0,88.0,6.0,4.0
2021-08-05 18:20:22,94.0,80.0,9.0,5.0
2021-08-05 18:20:23,79.0,69.0,6.0,4.0
2021-08-05 18:20:24,102.0,89.0,9.0,4.0
2021-08-05 18:20:25,85.0,77.0,4.0,4.0
2021-08-05 18:20:26,101.0,87.0,10.0,4.0
2021-08-05 18:20:27,107.0,100.0,3.0,4.0
2021-08-05 18:20:28,86.0,80.0,4.0,2.0
2021-08-05 18:20:29,92.0,79.0,7.0,6.0
2021-08-05 18:20:30,81.0,71.0,4.0,6.0
2021-08-05 18:20:31,96.0,84.0,9.0,3.0
2021-08-05 18:20:32,88.0,80.0,7.0,1.0
2021-08-05 18:20:33,88.0,79.0,5.0,4.0
2021-08-05 18:20:34,94.0,84.0,8.0,2.0
2021-08-05 18:20:35,77.0,71.0,4.0,2.0
2021-08-05 18:20:36,95.0,86.0,7.0,2.0
2021-08-05 18:20:37,86.0,76.0,5.0,5.0
2021-08-05 18:20:38,75.0,69.0,6.0,0.0
2021-08-05 18:20:39,92.0,81.0,5.0,6.0
2021-08-05 18:20:40,86.0,77.0,5.0,4.0
2021-08-05 18:20:41,89.0,75.0,12.0,2.0
2021-08-05 18:20:42,87.0,79.0,2.0,6.0
2021-08-05 18:20:43,80.0,75.0,4.0,1.0
2021-08-05 18:20:44,94.0,87.0,5.0,2.0
2021-08-05 18:20:45,98.0,87.0,6.0,5.0
2021-08-05 18:20:46,108.0,90.0,7.0,11.0
2021-08-05 18:20:47,89.0,83.0,4.0,2.0
2021-08-05 18:20:48,100.0,89.0,7.0,4.0
2021-08-05 18:20:49,102.0,87.0,7.0,8.0
2021-08-05 18:20:50,86.0,80.0,3.0,3.0
2021-08-05 18:20:51,92.0,75.0,6.0,11.0
2021-08-05 18:20:52,91.0,82.0,6.0,3.0
2021-08-05 18:20:53,92.0,86.0,2.0,4.0
2021-08-05 18:20:54,88.0,81.0,5.0,2.0
2021-08-05 18:20:55,80.0,73.0,4.0,3.0
2021-08-05 18:20:56,93.0,81.0,9.0,3.0
2021-08-05 18:20:57,75.0,63.0,6.0,6.0
2021-08-05 18:20:58,98.0,84.0,6.0,8.0
2021-08-05 18:20:59,113.0,100.0,8.0,5.0
2021-08-05 18:21:00,102.0,89.0,8.0,5.0
2021-08-05 18:21:01,93.0,82.0,5.0,6.0
2021-08-05 18:21:02,84.0,67.0,9.0,8.0
2021-08-05 18:21:03,98.0,88.0,7.0,3.0
2021-08-05 18:21:04,88.0,78.0,3.0,7.0
2021-08-05 18:21:05,91.0,85.0,2.0,4.0
2021-08-05 18:21:06,97.0,90.0,4.0,3.0
2021-08-05 18:21:07,84.0,71.0,5.0,8.0
2021-08-05 18:21:08,70.0,61.0,4.0,5.0
2021-08-05 18:21:09,90.0,82.0,2.0,6.0
2021-08-05 18:21:10,89.0,79.0,5.0,5.0
2021-08-05 18:21:11,91.0,83.0,4.0,4.0
2021-08-05 18:21:12,85.0,75.0,8.0,2.0
2021-08-05 18:21:13,105.0,90.0,12.0,3.0
2021-08-05 18:21:14,94.0,84.0,6.0,4.0
2021-08-05 18:21:15,80.0,72.0,5.0,3.0
2021-08-05 18:21:16,109.0,94.0,8.0,7.0
2021-08-05 18:21:17,106.0,90.0,13.0,3.0
2021-08-05 18:21:18,87.0,79.0,2.0,6.0
2021-08-05 18:21:19,81.0,73.0,4.0,4.0
2021-08-05 18:21:20,95.0,85.0,9.0,1.0
2021-08-05 18:21:21,78.0,69.0,4.0,5.0
2021-08-05 18:21:22,88.0,81.0,3.0,4.0
2021-08-05 18:21:23,104.0,88.0,9.0,7.0
2021-08-05 18:21:24,78.0,69.0,5.0,4.0
2021-08-05 18:21:25,86.0,83.0,1.0,2.0
2021-08-05 18:21:26,80.0,71.0,6.0,3.0
2021-08-05 18:21:27,90.0,77.0,7.0,6.0
2021-08-05 18:21:28,88.0,81.0,5.0,2.0
2021-08-05 18:21:29,89.0,74.0,8.0,7.0
2021-08-05 18:21:30,86.0,73.0,8.0,5.0
2021-08-05 18:21:31,86.0,75.0,8.0,3.0
2021-08-05 18:21:32,77.0,67.0,5.0,5.0
2021-08-05 18:21:33,80.0,73.0,3.0,4.0
2021-08-05 18:21:34,83.0,70.0,10.0,3.0
2021-08-05 18:21:35,81.0,66.0,11.0,4.0
2021-08-05 18:21:36,87.0,73.0,6.0,8.0
2021-08-05 18:21:37,100.0,84.0,10.0,6.0
2021-08-05 18:21:38,97.0,79.0,9.0,9.0
2021-08-05 18:21:39,102.0,90.0,6.0,6.0
2021-08-05 18:21:40,92.0,83.0,7.0,2.0
2021-08-05 18:21:41,94.0,83.0,8.0,3.0
2021-08-05 18:21:42,89.0,75.0,10.0,4.0
2021-08-05 18:21:43,67.0,60.0,4.0,3.0
2021-08-05 18:21:44,101.0,93.0,4.0,4.0
2021-08-05 18:21:45,89.0,82.0,6.0,1.0
2021-08-05 18:21:46,97.0,89.0,5.0,3.0
2021-08-05 18:21:47,82.0,74.0,4.0,4.0
2021-08-05 18:21:48,99.0,88.0,7.0,4.0
2021-08-05 18:21:49,88.0,80.0,6.0,2.0
2021-08-05 18:21:50,95.0,83.0,6.0,6.0
2021-08-05 18:21:51,84.0,76.0,5.0,3.0
2021-08-05 18:21:52,86.0,76.0,6.0,4.0
2021-08-05 18:21:53,86.0,77.0,5.0,4.0
2021-08-05 18:21:54,77.0,70.0,2.0,5.0
2021-08-05 18:21:55,99.0,84.0,10.0,5.0
2021-08-05 18:21:56,83.0,75.0,6.0,2.0
2021-08-05 18:21:57,86.0,78.0,5.0,3.0
2021-08-05 18:21:58,75.0,68.0,0.0,7.0
2021-08-05 18:21:59,89.0,82.0,4.0,3.0
2021-08-05 18:22:00,102.0,88.0,10.0,4.0
2021-08-05 18:22:01,93.0,86.0,1.0,6.0
2021-08-05 18:22:02,111.0,102.0,3.0,6.0
2021-08-05 18:22:03,102.0,89.0,7.0,6.0
2021-08-05 18:22:04,74.0,70.0,2.0,2.0
2021-08-05 18:22:05,87.0,78.0,5.0,4.0
2021-08-05 18:22:06,96.0,77.0,15.0,4.0
2021-08-05 18:22:07,85.0,75.0,5.0,5.0
2021-08-05 18:22:08,83.0,72.0,7.0,4.0
2021-08-05 18:22:09,92.0,81.0,6.0,5.0
2021-08-05 18:22:10,88.0,72.0,13.0,3.0
2021-08-05 18:22:11,96.0,84.0,7.0,5.0
2021-08-05 18:22:12,94.0,87.0,2.0,5.0
2021-08-05 18:22:13,73.0,66.0,1.0,6.0
2021-08-05 18:22:14,98.0,85.0,9.0,4.0
2021-08-05 18:22:15,93.0,84.0,3.0,6.0
2021-08-05 18:22:16,104.0,88.0,7.0,9.0
2021-08-05 18:22:17,80.0,71.0,4.0,5.0
2021-08-05 18:22:18,83.0,73.0,8.0,2.0
2021-08-05 18:22:19,91.0,77.0,9.0,5.0
2021-08-05 18:22:20,98.0,90.0,6.0,2.0
2021-08-05 18:22:21,100.0,87.0,8.0,5.0
2021-08-05 18:22:22,78.0,68.0,7.0,3.0
2021-08-05 18:22:23,91.0,81.0,6.0,4.0
2021-08-05 18:22:24,104.0,87.0,10.0,7.0
2021-08-05 18:22:25,97.0,87.0,6.0,4.0
2021-08-05 18:22:26,90.0,82.0,5.0,3.0
2021-08-05 18:22:27,85.0,73.0,7.0,5.0
2021-08-05 18:22:28,96.0,85.0,5.0,6.0
2021-08-05 18:22:29,92.0,84.0,4.0,4.0
2021-08-05 18:22:30,97.0,86.0,6.0,5.0
2021-08-05 18:22:31,79.0,73.0,3.0,3.0
2021-08-05 18:22:32,103.0,94.0,9.0,0.0
2021-08-05 18:22:33,109.0,95.0,12.0,2.0
2021-08-05 18:22:34,91.0,81.0,5.0,5.0
2021-08-05 18:22:35,87.0,82.0,4.0,1.0
2021-08-05 18:22:36,92.0,80.0,9.0,3.0
2021-08-05 18:22:37,88.0,80.0,6.0,2.0
2021-08-05 18:22:38,95.0,88.0,2.0,5.0
2021-08-05 18:22:39,93.0,83.0,6.0,4.0
2021-08-05 18:22:40,104.0,94.0,4.0,6.0
2021-08-05 18:22:41,93.0,74.0,10.0,9.0
2021-08-05 18:22:42,108.0,97.0,9.0,2.0
2021-08-05 18:22:43,97.0,89.0,3.0,5.0
2021-08-05 18:22:44,101.0,96.0,2.0,3.0
2021-08-05 18:22:45,92.0,84.0,2.0,6.0
2021-08-05 18:22:46,102.0,94.0,5.0,3.0
2021-08-05 18:22:47,78.0,69.0,7.0,2.0
2021-08-05 18:22:48,103.0,82.0,8.0,13.0
2021-08-05 18:22:49,97.0,87.0,3.0,7.0
2021-08-05 18:22:50,98.0,88.0,6.0,4.0
2021-08-05 18:22:51,100.0,96.0,4.0,0.0
2021-08-05 18:22:52,67.0,54.0,9.0,4.0
2021-08-05 18:22:53,77.0,68.0,6.0,3.0
2021-08-05 18:22:54,80.0,72.0,5.0,3.0
2021-08-05 18:22:55,110.0,97.0,6.0,7.0
2021-08-05 18:22:56,94.0,85.0,6.0,3.0
2021-08-05 18:22:57,110.0,97.0,6.0,7.0
2021-08-05 18:22:58,81.0,75.0,4.0,2.0
2021-08-05 18:22:59,85.0,72.0,7.0,6.0
2021-08-05 18:23:00,85.0,75.0,5.0,5.0
2021-08-05 18:23:01,89.0,79.0,8.0,2.0
2021-08-05 18:23:02,85.0,76.0,6.0,3.0
2021-08-05 18:23:03,82.0,72.0,6.0,4.0
2021-08-05 18:23:04,89.0,79.0,5.0,5.0
2021-08-05 18:23:05,98.0,83.0,10.0,5.0
2021-08-05 18:23:06,92.0,83.0,7.0,2.0
2021-08-05 18:23:07,94.0,81.0,11.0,2.0
2021-08-05 18:23:08,92.0,80.0,5.0,7.0
2021-08-05 18:23:09,102.0,86.0,8.0,8.0
2021-08-05 18:23:10,97.0,88.0,6.0,3.0
2021-08-05 18:23:11,96.0,89.0,4.0,3.0
2021-08-05 18:23:12,91.0,74.0,11.0,6.0
2021-08-05 18:23:13,91.0,76.0,10.0,5.0
2021-08-05 18:23:14,72.0,64.0,4.0,4.0
2021-08-05 18:23:15,93.0,84.0,5.0,4.0
2021-08-05 18:23:16,88.0,78.0,4.0,6.0
2021-08-05 18:23:17,98.0,85.0,6.0,7.0
2021-08-05 18:23:18,100.0,84.0,7.0,9.0
2021-08-05 18:23:19,80.0,72.0,5.0,3.0
2021-08-05 18:23:20,102.0,85.0,11.0,6.0
2021-08-05 18:23:21,102.0,93.0,6.0,3.0
2021-08-05 18:23:22,91.0,81.0,7.0,3.0
2021-08-05 18:23:23,80.0,77.0,1.0,2.0
2021-08-05 18:23:24,91.0,78.0,9.0,4.0
2021-08-05 18:23:25,86.0,79.0,6.0,1.0
2021-08-05 18:23:26,97.0,89.0,5.0,3.0
2021-08-05 18:23:27,96.0,81.0,8.0,7.0
2021-08-05 18:23:28,89.0,81.0,3.0,5.0
2021-08-05 18:23:29,99.0,90.0,6.0,3.0
2021-08-05 18:23:30,75.0,60.0,9.0,6.0
2021-08-05 18:23:31,102.0,91.0,9.0,2.0
2021-08-05 18:23:32,83.0,72.0,5.0,6.0
2021-08-05 18:23:33,93.0,83.0,8.0,2.0
2021-08-05 18:23:34,94.0,84.0,7.0,3.0
2021-08-05 18:23:35,89.0,72.0,11.0,6.0
2021-08-05 18:23:36,89.0,83.0,4.0,2.0
2021-08-05 18:23:37,94.0,86.0,4.0,4.0
2021-08-05 18:23:38,79.0,65.0,6.0,8.0
2021-08-05 18:23:39,96.0,90.0,6.0,0.0
2021-08-05 18:23:40,98.0,85.0,6.0,7.0
2021-08-05 18:23:41,87.0,82.0,4.0,1.0
2021-08-05 18:23:42,89.0,71.0,9.0,9.0
2021-08-05 18:23:43,99.0,88.0,7.0,4.0
2021-08-05 18:23:44,89.0,74.0,11.0,4.0
2021-08-05 18:23:45,86.0,77.0,7.0,2.0
2021-08-05 18:23:46,83.0,71.0,6.0,6.0
2021-08-05 18:23:47,70.0,60.0,8.0,2.0
2021-08-05 18:23:48,76.0,69.0,4.0,3.0
2021-08-05 18:23:49,81.0,73.0,2.0,6.0
2021-08-05 18:23:50,98.0,82.0,4.0,12.0
2021-08-05 18:23:51,95.0,82.0,8.0,5.0
2021-08-05 18:23:52,107.0,98.0,4.0,5.0
2021-08-05 18:23:53,93.0,77.0,14.0,2.0
2021-08-05 18:23:54,91.0,83.0,6.0,2.0
2021-08-05 18:23:55,104.0,95.0,6.0,3.0
2021-08-05 18:23:56,89.0,80.0,7.0,2.0
2021-08-05 18:23:57,74.0,63.0,6.0,5.0
2021-08-05 18:23:58,92.0,84.0,4.0,4.0
2021-08-05 18:23:59,84.0,78.0,4.0,2.0
2021-08-05 18:24:00,82.0,72.0,5.0,5.0
2021-08-05 18:24:01,104.0,87.0,8.0,9.0
2021-08-05 18:24:02,86.0,77.0,8.0,1.0
2021-08-05 18:24:03,89.0,80.0,6.0,3.0
2021-08-05 18:24:04,78.0,71.0,4.0,3.0
2021-08-05 18:24:05,92.0,82.0,6.0,4.0
2021-08-05 18:24:06,97.0,88.0,3.0,6.0
2021-08-05 18:24:07,89.0,75.0,10.0,4.0
2021-08-05 18:24:08,95.0,88.0,3.0,4.0
2021-08-05 18:24:09,93.0,87.0,5.0,1.0
2021-08-05 18:24:10,93.0,86.0,6.0,1.0
2021-08-05 18:24:11,102.0,89.0,9.0,4.0
2021-08-05 18:24:12,96.0,82.0,7.0,7.0
2021-08-05 18:24:13,94.0,87.0,3.0,4.0
2021-08-05 18:24:14,83.0,73.0,7.0,3.0
2021-08-05 18:24:15,97.0,84.0,9.0,4.0
2021-08-05 18:24:16,107.0,97.0,7.0,3.0
2021-08-05 18:24:17,104.0,88.0,8.0,8.0
2021-08-05 18:24:18,84.0,77.0,2.0,5.0
2021-08-05 18:24:19,86.0,75.0,6.0,5.0
2021-08-05 18:24:20,93.0,74.0,9.0,10.0
2021-08-05 18:24:21,98.0,87.0,6.0,5.0
2021-08-05 18:24:22,79.0,75.0,2.0,2.0
2021-08-05 18:24:23,76.0,69.0,5.0,2.0
2021-08-05 18:24:24,104.0,89.0,6.0,9.0
2021-08-05 18:24:25,94.0,84.0,5.0,5.0
2021-08-05 18:24:26,88.0,78.0,6.0,4.0
2021-08-05 18:24:27,98.0,89.0,7.0,2.0
2021-08-05 18:24:28,95.0,81.0,10.0,4.0
2021-08-05 18:24:29,87.0,73.0,8.0,6.0
2021-08-05 18:24:30,82.0,71.0,9.0,2.0
2021-08-05 18:24:31,87.0,81.0,4.0,2.0
2021-08-05 18:24:32,75.0,67.0,3.0,5.0
2021-08-05 18:24:33,82.0,68.0,10.0,4.0
2021-08-05 18:24:34,93.0,82.0,6.0,5.0
2021-08-05 18:24:35,92.0,82.0,5.0,5.0
2021-08-05 18:24:36,95.0,83.0,6.0,6.0
2021-08-05 18:24:37,90.0,79.0,7.0,4.0
2021-08-05 18:24:38,84.0,75.0,6.0,3.0
2021-08-05 18:24:39,86.0,75.0,5.0,6.0
2021-08-05 18:24:40,82.0,73.0,6.0,3.0
2021-08-05 18:24:41,88.0,78.0,6.0,4.0
2021-08-05 18:24:42,93.0,86.0,5.0,2.0
2021-08-05 18:24:43,73.0,63.0,5.0,5.0
2021-08-05 18:24:44,99.0,79.0,11.0,9.0
2021-08-05 18:24:45,81.0,70.0,6.0,5.0
2021-08-05 18:24:46,82.0,71.0,6.0,5.0
2021-08-05 18:24:47,100.0,89.0,6.0,5.0
2021-08-05 18:24:48,102.0,93.0,4.0,5.0
2021-08-05 18:24:49,95.0,88.0,3.0,4.0
2021-08-05 18:24:50,95.0,79.0,7.0,9.0
2021-08-05 18:24:51,98.0,86.0,7.0,5.0
2021-08-05 18:24:52,83.0,75.0,5.0,3.0
2021-08-05 18:24:53,64.0,57.0,5.0,2.0
2021-08-05 18:24:54,93.0,81.0,7.0,5.0
2021-08-05 18:24:55,87.0,75.0,8.0,4.0
2021-08-05 18:24:56,85.0,74.0,7.0,4.0
2021-08-05 18:24:57,89.0,80.0,6.0,3.0
2021-08-05 18:24:58,101.0,92.0,5.0,4.0
2021-08-05 18:24:59,82.0,72.0,7.0,3.0
2021-08-05 18:25:00,91.0,84.0,3.0,4.0
2021-08-05 18:25:01,87.0,77.0,5.0,5.0
2021-08-05 18:25:02,87.0,77.0,7.0,3.0
2021-08-05 18:25:03,101.0,84.0,12.0,5.0
2021-08-05 18:25:04,92.0,81.0,7.0,4.0
2021-08-05 18:25:05,95.0,86.0,5.0,4.0
2021-08-05 18:25:06,78.0,71.0,4.0,3.0
2021-08-05 18:25:07,85.0,72.0,6.0,7.0
2021-08-05 18:25:08,79.0,66.0,7.0,6.0
2021-08-05 18:25:09,90.0,83.0,6.0,1.0
2021-08-05 18:25:10,91.0,87.0,3.0,1.0
2021-08-05 18:25:11,76.0,68.0,7.0,1.0
2021-08-05 18:25:12,84.0,74.0,6.0,4.0
2021-08-05 18:25:13,98.0,82.0,10.0,6.0
2021-08-05 18:25:14,103.0,85.0,9.0,9.0
2021-08-05 18:25:15,86.0,79.0,3.0,4.0
2021-08-05 18:25:16,98.0,90.0,3.0,5.0
2021-08-05 18:25:17,85.0,75.0,6.0,4.0
2021-08-05 18:25:18,74.0,69.0,1.0,4.0
2021-08-05 18:25:19,88.0,78.0,7.0,3.0
2021-08-05 18:25:20,79.0,73.0,4.0,2.0
2021-08-05 18:25:21,72.0,69.0,3.0,0.0
2021-08-05 18:25:22,89.0,78.0,4.0,7.0
2021-08-05 18:25:23,98.0,91.0,4.0,3.0
2021-08-05 18:25:24,75.0,64.0,9.0,2.0
2021-08-05 18:25:25,96.0,85.0,9.0,2.0
2021-08-05 18:25:26,89.0,80.0,6.0,3.0
2021-08-05 18:25:27,87.0,82.0,2.0,3.0
2021-08-05 18:25:28,79.0,68.0,5.0,6.0
2021-08-05 18:25:29,93.0,81.0,11.0,1.0
2021-08-05 18:25:30,83.0,76.0,3.0,4.0
2021-08-05 18:25:31,73.0,57.0,11.0,5.0
2021-08-05 18:25:32,105.0,92.0,5.0,8.0
2021-08-05 18:25:33,91.0,85.0,5.0,1.0
2021-08-05 18:25:34,87.0,76.0,9.0,2.0
2021-08-05 18:25:35,104.0,86.0,9.0,9.0
2021-08-05 18:25:36,100.0,87.0,6.0,7.0
2021-08-05 18:25:37,75.0,71.0,4.0,0.0
2021-08-05 18:25:38,90.0,84.0,3.0,3.0
2021-08-05 18:25:39,92.0,82.0,7.0,3.0
2021-08-05 18:25:40,95.0,85.0,5.0,5.0
2021-08-05 18:25:41,96.0,84.0,8.0,4.0
2021-08-05 18:25:42,85.0,76.0,7.0,2.0
2021-08-05 18:25:43,87.0,76.0,9.0,2.0
2021-08-05 18:25:44,90.0,84.0,1.0,5.0
2021-08-05 18:25:45,97.0,89.0,4.0,4.0
2021-08-05 18:25:46,81.0,67.0,10.0,4.0
2021-08-05 18:25:47,80.0,70.0,6.0,4.0
2021-08-05 18:25:48,99.0,85.0,11.0,3.0
2021-08-05 18:25:49,75.0,67.0,5.0,3.0
2021-08-05 18:25:50,106.0,96.0,3.0,7.0
2021-08-05 18:25:51,97.0,89.0,4.0,4.0
2021-08-05 18:25:52,99.0,91.0,6.0,2.0
2021-08-05 18:25:53,89.0,82.0,6.0,1.0
2021-08-05 18:25:54,99.0,90.0,5.0,4.0
2021-08-05 18:25:55,88.0,76.0,7.0,5.0
2021-08-05 18:25:56,103.0,92.0,6.0,5.0
2021-08-05 18:25:57,97.0,88.0,4.0,5.0
2021-08-05 18:25:58,90.0,76.0,8.0,6.0
2021-08-05 18:25:59,101.0,94.0,6.0,1.0
2021-08-05 18:26:00,94.0,80.0,7.0,7.0
2021-08-05 18:26:01,92.0,84.0,5.0,3.0
2021-08-05 18:26:02,89.0,82.0,5.0,2.0
2021-08-05 18:26:03,101.0,89.0,8.0,4.0
2021-08-05 18:26:04,100.0,82.0,10.0,8.0
2021-08-05 18:26:05,97.0,85.0,7.0,5.0
2021-08-05 18:26:06,88.0,75.0,8.0,5.0
2021-08-05 18:26:07,98.0,80.0,11.0,7.0
2021-08-05 18:26:08,86.0,77.0,3.0,6.0
2021-08-05 18:26:09,91.0,84.0,5.0,2.0
2021-08-05 18:26:10,90.0,83.0,3.0,4.0
2021-08-05 18:26:11,83.0,65.0,10.0,8.0
2021-08-05 18:26:12,92.0,84.0,4.0,4.0
2021-08-05 18:26:13,90.0,83.0,5.0,2.0
2021-08-05 18:26:14,96.0,81.0,11.0,4.0
2021-08-05 18:26:15,77.0,67.0,5.0,5.0
2021-08-05 18:26:16,78.0,69.0,6.0,3.0
2021-08-05 18:26:17,93.0,78.0,9.0,6.0
2021-08-05 18:26:18,84.0,76.0,5.0,3.0
2021-08-05 18:26:19,93.0,89.0,2.0,2.0
2021-08-05 18:26:20,80.0,68.0,6.0,6.0
2021-08-05 18:26:21,83.0,77.0,3.0,3.0
2021-08-05 18:26:22,88.0,77.0,3.0,8.0
2021-08-05 18:26:23,77.0,67.0,5.0,5.0
2021-08-05 18:26:24,91.0,79.0,8.0,4.0
2021-08-05 18:26:25,93.0,79.0,9.0,5.0
2021-08-05 18:26:26,80.0,73.0,4.0,3.0
2021-08-05 18:26:27,101.0,92.0,8.0,1.0
2021-08-05 18:26:28,84.0,73.0,8.0,3.0
2021-08-05 18:26:29,104.0,88.0,9.0,7.0
2021-08-05 18:26:30,78.0,66.0,10.0,2.0
2021-08-05 18:26:31,98.0,87.0,9.0,2.0
2021-08-05 18:26:32,106.0,90.0,6.0,10.0
2021-08-05 18:26:33,79.0,70.0,5.0,4.0
2021-08-05 18:26:34,84.0,79.0,2.0,3.0
2021-08-05 18:26:35,102.0,94.0,6.0,2.0
2021-08-05 18:26:36,82.0,72.0,4.0,6.0
2021-08-05 18:26:37,96.0,88.0,6.0,2.0
2021-08-05 18:26:38,104.0,91.0,9.0,4.0
2021-08-05 18:26:39,69.0,60.0,6.0,3.0
2021-08-05 18:26:40,104.0,94.0,8.0,2.0
2021-08-05 18:26:41,87.0,77.0,6.0,4.0
2021-08-05 18:26:42,93.0,81.0,8.0,4.0
2021-08-05 18:26:43,85.0,79.0,3.0,3.0
2021-08-05 18:26:44,90.0,80.0,8.0,2.0
2021-08-05 18:26:45,74.0,66.0,5.0,3.0
2021-08-05 18:26:46,91.0,80.0,10.0,1.0
2021-08-05 18:26:47,73.0,67.0,5.0,1.0
2021-08-05 18:26:48,92.0,78.0,7.0,7.0
2021-08-05 18:26:49,84.0,75.0,7.0,2.0
2021-08-05 18:26:50,83.0,76.0,3.0,4.0
2021-08-05 18:26:51,70.0,62.0,6.0,2.0
2021-08-05 18:26:52,88.0,81.0,5.0,2.0
2021-08-05 18:26:53,81.0,68.0,8.0,5.0
2021-08-05 18:26:54,81.0,71.0,6.0,4.0
2021-08-05 18:26:55,85.0,77.0,5.0,3.0
2021-08-05 18:26:56,91.0,80.0,7.0,4.0
2021-08-05 18:26:57,73.0,68.0,3.0,2.0
2021-08-05 18:26:58,90.0,80.0,6.0,4.0
2021-08-05 18:26:59,84.0,78.0,3.0,3.0
2021-08-05 18:27:00,104.0,91.0,5.0,8.0
2021-08-05 18:27:01,101.0,93.0,3.0,5.0
2021-08-05 18:27:02,88.0,81.0,3.0,4.0
2021-08-05 18:27:03,106.0,97.0,5.0,4.0
2021-08-05 18:27:04,80.0,72.0,4.0,4.0
2021-08-05 18:27:05,78.0,63.0,11.0,4.0
2021-08-05 18:27:06,94.0,84.0,9.0,1.0
2021-08-05 18:27:07,92.0,82.0,4.0,6.0
2021-08-05 18:27:08,85.0,75.0,3.0,7.0
2021-08-05 18:27:09,104.0,89.0,7.0,8.0
2021-08-05 18:27:10,91.0,77.0,9.0,5.0
2021-08-05 18:27:11,78.0,67.0,8.0,3.0
2021-08-05 18:27:12,87.0,77.0,3.0,7.0
2021-08-05 18:27:13,97.0,86.0,4.0,7.0
2021-08-05 18:27:14,92.0,84.0,2.0,6.0
2021-08-05 18:27:15,99.0,87.0,9.0,3.0
2021-08-05 18:27:16,96.0,85.0,9.0,2.0
2021-08-05 18:27:17,110.0,91.0,11.0,8.0
2021-08-05 18:27:18,90.0,78.0,6.0,6.0
2021-08-05 18:27:19,85.0,73.0,7.0,5.0
2021-08-05 18:27:20,97.0,81.0,7.0,9.0
2021-08-05 18:27:21,88.0,77.0,4.0,7.0
2021-08-05 18:27:22,92.0,84.0,5.0,3.0
2021-08-05 18:27:23,89.0,75.0,13.0,1.0
2021-08-05 18:27:24,100.0,85.0,9.0,6.0
2021-08-05 18:27:25,90.0,77.0,7.0,6.0
2021-08-05 18:27:26,101.0,89.0,3.0,9.0
2021-08-05 18:27:27,79.0,65.0,3.0,11.0
2021-08-05 18:27:28,91.0,78.0,5.0,8.0
2021-08-05 18:27:29,80.0,67.0,9.0,4.0
2021-08-05 18:27:30,97.0,88.0,6.0,3.0
2021-08-05 18:27:31,89.0,82.0,3.0,4.0
2021-08-05 18:27:32,90.0,78.0,8.0,4.0
2021-08-05 18:27:33,91.0,79.0,8.0,4.0
2021-08-05 18:27:34,101.0,90.0,6.0,5.0
2021-08-05 18:27:35,106.0,93.0,8.0,5.0
2021-08-05 18:27:36,104.0,86.0,12.0,6.0
2021-08-05 18:27:37,110.0,96.0,7.0,7.0
2021-08-05 18:27:38,75.0,69.0,5.0,1.0
2021-08-05 18:27:39,92.0,89.0,1.0,2.0
2021-08-05 18:27:40,108.0,94.0,9.0,5.0
2021-08-05 18:27:41,80.0,73.0,4.0,3.0
2021-08-05 18:27:42,88.0,75.0,4.0,9.0
2021-08-05 18:27:43,80.0,67.0,5.0,8.0
2021-08-05 18:27:44,80.0,72.0,4.0,4.0
2021-08-05 18:27:45,99.0,86.0,9.0,4.0
2021-08-05 18:27:46,90.0,80.0,7.0,3.0
2021-08-05 18:27:47,90.0,83.0,4.0,3.0
2021-08-05 18:27:48,106.0,92.0,7.0,7.0
2021-08-05 18:27:49,87.0,77.0,3.0,7.0
2021-08-05 18:27:50,116.0,104.0,6.0,6.0
2021-08-05 18:27:51,78.0,67.0,5.0,6.0
2021-08-05 18:27:52,81.0,73.0,2.0,6.0
2021-08-05 18:27:53,84.0,76.0,3.0,5.0
2021-08-05 18:27:54,92.0,82.0,7.0,3.0
2021-08-05 18:27:55,74.0,61.0,8.0,5.0
2021-08-05 18:27:56,93.0,82.0,7.0,4.0
2021-08-05 18:27:57,115.0,104.0,7.0,4.0
2021-08-05 18:27:58,97.0,87.0,9.0,1.0
2021-08-05 18:27:59,102.0,94.0,4.0,4.0
2021-08-05 18:28:00,84.0,71.0,5.0,8.0
2021-08-05 18:28:01,82.0,73.0,7.0,2.0
2021-08-05 18:28:02,85.0,70.0,6.0,9.0
2021-08-05 18:28:03,91.0,78.0,10.0,3.0
2021-08-05 18:28:04,100.0,88.0,6.0,6.0
2021-08-05 18:28:05,94.0,84.0,7.0,3.0
2021-08-05 18:28:06,89.0,70.0,11.0,8.0
2021-08-05 18:28:07,72.0,64.0,7.0,1.0
2021-08-05 18:28:08,87.0,75.0,7.0,5.0
2021-08-05 18:28:09,111.0,102.0,6.0,3.0
2021-08-05 18:28:10,81.0,69.0,6.0,6.0
2021-08-05 18:28:11,109.0,98.0,7.0,4.0
2021-08-05 18:28:12,87.0,80.0,5.0,2.0
2021-08-05 18:28:13,74.0,63.0,6.0,5.0
2021-08-05 18:28:14,94.0,83.0,5.0,6.0
2021-08-05 18:28:15,78.0,66.0,8.0,4.0
2021-08-05 18:28:16,103.0,95.0,3.0,5.0
2021-08-05 18:28:17,97.0,88.0,6.0,3.0
2021-08-05 18:28:18,83.0,73.0,7.0,3.0
2021-08-05 18:28:19,77.0,68.0,4.0,5.0
2021-08-05 18:28:20,85.0,71.0,7.0,7.0
2021-08-05 18:28:21,80.0,74.0,2.0,4.0
2021-08-05 18:28:22,108.0,96.0,7.0,5.0
2021-08-05 18:28:23,92.0,73.0,13.0,6.0
2021-08-05 18:28:24,84.0,72.0,9.0,3.0
2021-08-05 18:28:25,88.0,80.0,6.0,2.0
2021-08-05 18:28:26,95.0,80.0,6.0,9.0
2021-08-05 18:28:27,96.0,88.0,2.0,6.0
2021-08-05 18:28:28,86.0,77.0,7.0,2.0
2021-08-05 18:28:29,66.0,58.0,5.0,3.0
2021-08-05 18:28:30,97.0,83.0,3.0,11.0
2021-08-05 18:28:31,91.0,76.0,11.0,4.0
2021-08-05 18:28:32,83.0,75.0,5.0,3.0
2021-08-05 18:28:33,78.0,68.0,6.0,4.0
2021-08-05 18:28:34,82.0,71.0,8.0,3.0
2021-08-05 18:28:35,74.0,65.0,4.0,5.0
2021-08-05 18:28:36,98.0,87.0,9.0,2.0
2021-08-05 18:28:37,92.0,81.0,7.0,4.0
2021-08-05 18:28:38,83.0,67.0,10.0,6.0
2021-08-05 18:28:39,100.0,87.0,7.0,6.0
2021-08-05 18:28:40,77.0,69.0,7.0,1.0
2021-08-05 18:28:41,91.0,79.0,10.0,2.0
2021-08-05 18:28:42,77.0,64.0,6.0,7.0
2021-08-05 18:28:43,83.0,73.0,3.0,7.0
2021-08-05 18:28:44,106.0,93.0,8.0,5.0
2021-08-05 18:28:45,107.0,94.0,7.0,6.0
2021-08-05 18:28:46,91.0,79.0,7.0,5.0
2021-08-05 18:28:47,95.0,90.0,2.0,3.0
2021-08-05 18:28:48,91.0,76.0,10.0,5.0
2021-08-05 18:28:49,92.0,76.0,10.0,6.0
2021-08-05 18:28:50,72.0,64.0,7.0,1.0
2021-08-05 18:28:51,99.0,88.0,6.0,5.0
2021-08-05 18:28:52,88.0,80.0,7.0,1.0
2021-08-05 18:28:53,82.0,72.0,4.0,6.0
2021-08-05 18:28:54,90.0,79.0,4.0,7.0
2021-08-05 18:28:55,97.0,88.0,3.0,6.0
2021-08-05 18:28:56,91.0,82.0,7.0,2.0
2021-08-05 18:28:57,74.0,60.0,11.0,3.0
2021-08-05 18:28:58,105.0,99.0,2.0,4.0
2021-08-05 18:28:59,91.0,81.0,3.0,7.0
2021-08-05 18:29:00,84.0,76.0,5.0,3.0
2021-08-05 18:29:01,92.0,81.0,6.0,5.0
2021-08-05 18:29:02,103.0,95.0,5.0,3.0
2021-08-05 18:29:03,84.0,76.0,2.0,6.0
2021-08-05 18:29:04,89.0,79.0,6.0,4.0
2021-08-05 18:29:05,77.0,69.0,3.0,5.0
2021-08-05 18:29:06,102.0,88.0,8.0,6.0
2021-08-05 18:29:07,94.0,83.0,5.0,6.0
2021-08-05 18:29:08,105.0,92.0,8.0,5.0
2021-08-05 18:29:09,99.0,89.0,5.0,5.0
2021-08-05 18:29:10,102.0,89.0,6.0,7.0
2021-08-05 18:29:11,91.0,83.0,6.0,2.0
2021-08-05 18:29:12,87.0,75.0,8.0,4.0
2021-08-05 18:29:13,86.0,74.0,8.0,4.0
2021-08-05 18:29:14,102.0,93.0,4.0,5.0
2021-08-05 18:29:15,87.0,79.0,8.0,0.0
2021-08-05 18:29:16,92.0,84.0,3.0,5.0
2021-08-05 18:29:17,86.0,78.0,4.0,4.0
2021-08-05 18:29:18,85.0,76.0,4.0,5.0
2021-08-05 18:29:19,82.0,73.0,5.0,4.0
2021-08-05 18:29:20,111.0,101.0,6.0,4.0
2021-08-05 18:29:21,95.0,84.0,9.0,2.0
2021-08-05 18:29:22,94.0,84.0,6.0,4.0
2021-08-05 18:29:23,74.0,62.0,7.0,5.0
2021-08-05 18:29:24,103.0,94.0,6.0,3.0
2021-08-05 18:29:25,85.0,75.0,6.0,4.0
2021-08-05 18:29:26,80.0,73.0,3.0,4.0
2021-08-05 18:29:27,81.0,71.0,5.0,5.0
2021-08-05 18:29:28,112.0,99.0,5.0,8.0
2021-08-05 18:29:29,92.0,76.0,12.0,4.0
2021-08-05 18:29:30,87.0,75.0,7.0,5.0
2021-08-05 18:29:31,86.0,79.0,6.0,1.0
2021-08-05 18:29:32,89.0,73.0,9.0,7.0
2021-08-05 18:29:33,83.0,73.0,6.0,4.0
2021-08-05 18:29:34,72.0,61.0,8.0,3.0
2021-08-05 18:29:35,94.0,80.0,8.0,6.0
2021-08-05 18:29:36,98.0,88.0,7.0,3.0
2021-08-05 18:29:37,88.0,80.0,5.0,3.0
2021-08-05 18:29:38,78.0,72.0,3.0,3.0
2021-08-05 18:29:39,93.0,78.0,8.0,7.0
2021-08-05 18:29:40,90.0,79.0,6.0,5.0
2021-08-05 18:29:41,107.0,93.0,7.0,7.0
2021-08-05 18:29:42,93.0,81.0,8.0,4.0
2021-08-05 18:29:43,92.0,81.0,5.0,6.0
2021-08-05 18:29:44,96.0,78.0,12.0,6.0
2021-08-05 18:29:45,103.0,94.0,5.0,4.0
2021-08-05 18:29:46,98.0,86.0,5.0,7.0
2021-08-05 18:29:47,79.0,77.0,0.0,2.0
2021-08-05 18:29:48,92.0,81.0,7.0,4.0
2021-08-05 18:29:49,76.0,72.0,0.0,4.0
2021-08-05 18:29:50,85.0,69.0,10.0,6.0
2021-08-05 18:29:51,89.0,75.0,8.0,6.0
2021-08-05 18:29:52,98.0,86.0,8.0,4.0
2021-08-05 18:29:53,86.0,76.0,5.0,5.0
2021-08-05 18:29:54,95.0,79.0,11.0,5.0
2021-08-05 18:29:55,86.0,76.0,6.0,4.0
2021-08-05 18:29:56,76.0,69.0,4.0,3.0
2021-08-05 18:29:57,82.0,70.0,8.0,4.0
2021-08-05 18:29:58,88.0,79.0,4.0,5.0
2021-08-05 18:29:59,79.0,71.0,3.0,5.0
2021-08-05 18:30:00,101.0,89.0,10.0,2.0
2021-08-05 18:30:01,103.0,97.0,2.0,4.0
2021-08-05 18:30:02,99.0,90.0,5.0,4.0
2021-08-05 18:30:03,66.0,60.0,1.0,5.0
2021-08-05 18:30:04,84.0,65.0,14.0,5.0
2021-08-05 18:30:05,80.0,72.0,2.0,6.0
2021-08-05 18:30:06,105.0,99.0,4.0,2.0
2021-08-05 18:30:07,89.0,76.0,6.0,7.0
2021-08-05 18:30:08,96.0,87.0,5.0,4.0
2021-08-05 18:30:09,74.0,66.0,8.0,0.0
2021-08-05 18:30:10,106.0,96.0,8.0,2.0
2021-08-05 18:30:11,91.0,84.0,5.0,2.0
2021-08-05 18:30:12,76.0,69.0,5.0,2.0
2021-08-05 18:30:13,90.0,84.0,2.0,4.0
2021-08-05 18:30:14,91.0,85.0,3.0,3.0
2021-08-05 18:30:15,96.0,87.0,7.0,2.0
2021-08-05 18:30:16,95.0,79.0,8.0,8.0
2021-08-05 18:30:17,84.0,73.0,7.0,4.0
2021-08-05 18:30:18,85.0,78.0,6.0,1.0
2021-08-05 18:30:19,101.0,94.0,4.0,3.0
2021-08-05 18:30:20,92.0,82.0,5.0,5.0
2021-08-05 18:30:21,89.0,79.0,5.0,5.0
2021-08-05 18:30:22,80.0,74.0,3.0,3.0
2021-08-05 18:30:23,74.0,61.0,8.0,5.0
2021-08-05 18:30:24,81.0,79.0,1.0,1.0
2021-08-05 18:30:25,78.0,66.0,9.0,3.0
2021-08-05 18:30:26,81.0,70.0,7.0,4.0
2021-08-05 18:30:27,90.0,82.0,8.0,0.0
2021-08-05 18:30:28,79.0,72.0,5.0,2.0
2021-08-05 18:30:29,98.0,82.0,7.0,9.0
2021-08-05 18:30:30,97.0,88.0,8.0,1.0
2021-08-05 18:30:31,79.0,68.0,9.0,2.0
2021-08-05 18:30:32,95.0,87.0,3.0,5.0
2021-08-05 18:30:33,90.0,79.0,6.0,5.0
2021-08-05 18:30:34,89.0,78.0,4.0,7.0
2021-08-05 18:30:35,75.0,65.0,5.0,5.0
2021-08-05 18:30:36,84.0,74.0,6.0,4.0
2021-08-05 18:30:37,101.0,87.0,9.0,5.0
2021-08-05 18:30:38,86.0,75.0,3.0,8.0
2021-08-05 18:30:39,106.0,94.0,3.0,9.0
2021-08-05 18:30:40,105.0,95.0,9.0,1.0
2021-08-05 18:30:41,108.0,93.0,8.0,7.0
2021-08-05 18:30:42,72.0,59.0,9.0,4.0
2021-08-05 18:30:43,98.0,86.0,11.0,1.0
2021-08-05 18:30:44,92.0,88.0,3.0,1.0
2021-08-05 18:30:45,97.0,87.0,3.0,7.0
2021-08-05 18:30:46,89.0,75.0,11.0,3.0
2021-08-05 18:30:47,101.0,86.0,11.0,4.0
2021-08-05 18:30:48,103.0,91.0,5.0,7.0
2021-08-05 18:30:49,90.0,85.0,4.0,1.0
2021-08-05 18:30:50,92.0,84.0,6.0,2.0
2021-08-05 18:30:51,96.0,84.0,6.0,6.0
2021-08-05 18:30:52,96.0,85.0,7.0,4.0
2021-08-05 18:30:53,77.0,68.0,7.0,2.0
2021-08-05 18:30:54,84.0,77.0,2.0,5.0
2021-08-05 18:30:55,97.0,86.0,5.0,6.0
2021-08-05 18:30:56,83.0,76.0,6.0,1.0
2021-08-05 18:30:57,99.0,87.0,9.0,3.0
2021-08-05 18:30:58,90.0,77.0,10.0,3.0
2021-08-05 18:30:59,67.0,59.0,6.0,2.0
2021-08-05 18:31:00,82.0,70.0,6.0,6.0
2021-08-05 18:31:01,67.0,58.0,4.0,5.0
2021-08-05 18:31:02,85.0,79.0,2.0,4.0
2021-08-05 18:31:03,102.0,90.0,5.0,7.0
2021-08-05 18:31:04,75.0,67.0,4.0,4.0
2021-08-05 18:31:05,100.0,91.0,7.0,2.0
2021-08-05 18:31:06,85.0,75.0,8.0,2.0
2021-08-05 18:31:07,103.0,90.0,7.0,6.0
2021-08-05 18:31:08,84.0,71.0,5.0,8.0
2021-08-05 18:31:09,67.0,60.0,4.0,3.0
2021-08-05 18:31:10,116.0,99.0,14.0,3.0
2021-08-05 18:31:11,102.0,90.0,10.0,2.0
2021-08-05 18:31:12,79.0,67.0,7.0,5.0
2021-08-05 18:31:13,85.0,76.0,6.0,3.0
2021-08-05 18:31:14,92.0,85.0,4.0,3.0
2021-08-05 18:31:15,85.0,69.0,11.0,5.0
2021-08-05 18:31:16,100.0,93.0,5.0,2.0
2021-08-05 18:31:17,76.0,66.0,6.0,4.0
2021-08-05 18:31:18,88.0,76.0,8.0,4.0
2021-08-05 18:31:19,77.0,70.0,2.0,5.0
2021-08-05 18:31:20,76.0,66.0,6.0,4.0
2021-08-05 18:31:21,107.0,93.0,6.0,8.0
2021-08-05 18:31:22,90.0,81.0,7.0,2.0
2021-08-05 18:31:23,101.0,77.0,15.0,9.0
2021-08-05 18:31:24,79.0,72.0,2.0,5.0
2021-08-05 18:31:25,86.0,73.0,9.0,4.0
2021-08-05 18:31:26,109.0,93.0,9.0,7.0
2021-08-05 18:31:27,77.0,66.0,7.0,4.0
2021-08-05 18:31:28,96.0,86.0,3.0,7.0
2021-08-05 18:31:29,95.0,87.0,5.0,3.0
2021-08-05 18:31:30,98.0,85.0,8.0,5.0
2021-08-05 18:31:31,76.0,67.0,5.0,4.0
2021-08-05 18:31:32,66.0,60.0,5.0,1.0
2021-08-05 18:31:33,82.0,71.0,8.0,3.0
2021-08-05 18:31:34,88.0,77.0,5.0,6.0
2021-08-05 18:31:35,106.0,87.0,9.0,10.0
2021-08-05 18:31:36,94.0,85.0,7.0,2.0
2021-08-05 18:31:37,95.0,90.0,5.0,0.0
2021-08-05 18:31:38,105.0,87.0,9.0,9.0
2021-08-05 18:31:39,91.0,83.0,7.0,1.0
2021-08-05 18:31:40,84.0,77.0,1.0,6.0
2021-08-05 18:31:41,79.0,72.0,5.0,2.0
2021-08-05 18:31:42,83.0,69.0,12.0,2.0
2021-08-05 18:31:43,88.0,78.0,7.0,3.0
2021-08-05 18:31:44,98.0,83.0,9.0,6.0
2021-08-05 18:31:45,103.0,93.0,8.0,2.0
2021-08-05 18:31:46,96.0,82.0,8.0,6.0
2021-08-05 18:31:47,85.0,74.0,6.0,5.0
2021-08-05 18:31:48,117.0,104.0,9.0,4.0
2021-08-05 18:31:49,107.0,91.0,7.0,9.0
2021-08-05 18:31:50,83.0,71.0,7.0,5.0
2021-08-05 18:31:51,94.0,83.0,6.0,5.0
2021-08-05 18:31:52,87.0,79.0,4.0,4.0
2021-08-05 18:31:53,91.0,79.0,8.0,4.0
2021-08-05 18:31:54,86.0,81.0,4.0,1.0
2021-08-05 18:31:55,104.0,98.0,4.0,2.0
2021-08-05 18:31:56,113.0,99.0,9.0,5.0
2021-08-05 18:31:57,90.0,82.0,3.0,5.0
2021-08-05 18:31:58,100.0,88.0,7.0,5.0
2021-08-05 18:31:59,76.0,69.0,5.0,2.0
2021-08-05 18:32:00,93.0,79.0,8.0,6.0
2021-08-05 18:32:01,87.0,80.0,6.0,1.0
2021-08-05 18:32:02,87.0,74.0,7.0,6.0
2021-08-05 18:32:03,87.0,80.0,5.0,2.0
2021-08-05 18:32:04,89.0,84.0,4.0,1.0
2021-08-05 18:32:05,89.0,82.0,4.0,3.0
2021-08-05 18:32:06,92.0,82.0,6.0,4.0
2021-08-05 18:32:07,91.0,78.0,5.0,8.0
2021-08-05 18:32:08,95.0,90.0,3.0,2.0
2021-08-05 18:32:09,84.0,71.0,10.0,3.0
2021-08-05 18:32:10,83.0,74.0,6.0,3.0
2021-08-05 18:32:11,90.0,81.0,5.0,4.0
2021-08-05 18:32:12,95.0,85.0,5.0,5.0
2021-08-05 18:32:13,105.0,91.0,9.0,5.0
2021-08-05 18:32:14,94.0,80.0,8.0,6.0
2021-08-05 18:32:15,97.0,88.0,7.0,2.0
2021-08-05 18:32:16,81.0,68.0,9.0,4.0
2021-08-05 18:32:17,88.0,84.0,3.0,1.0
2021-08-05 18:32:18,86.0,74.0,7.0,5.0
2021-08-05 18:32:19,95.0,83.0,7.0,5.0
2021-08-05 18:32:20,105.0,92.0,9.0,4.0
2021-08-05 18:32:21,73.0,65.0,5.0,3.0
2021-08-05 18:32:22,107.0,97.0,7.0,3.0
2021-08-05 18:32:23,77.0,66.0,8.0,3.0
2021-08-05 18:32:24,93.0,81.0,7.0,5.0
2021-08-05 18:32:25,93.0,86.0,5.0,2.0
2021-08-05 18:32:26,79.0,60.0,8.0,11.0
2021-08-05 18:32:27,90.0,83.0,6.0,1.0
2021-08-05 18:32:28,98.0,86.0,7.0,5.0
2021-08-05 18:32:29,91.0,80.0,8.0,3.0
2021-08-05 18:32:30,101.0,88.0,12.0,1.0
2021-08-05 18:32:31,84.0,75.0,5.0,4.0
2021-08-05 18:32:32,75.0,68.0,4.0,3.0
2021-08-05 18:32:33,85.0,73.0,7.0,5.0
2021-08-05 18:32:34,84.0,76.0,7.0,1.0
2021-08-05 18:32:35,75.0,68.0,6.0,1.0
2021-08-05 18:32:36,102.0,85.0,5.0,12.0
2021-08-05 18:32:37,85.0,75.0,6.0,4.0
2021-08-05 18:32:38,113.0,100.0,9.0,4.0
2021-08-05 18:32:39,75.0,66.0,4.0,5.0
2021-08-05 18:32:40,80.0,73.0,4.0,3.0
2021-08-05 18:32:41,88.0,79.0,5.0,4.0
2021-08-05 18:32:42,81.0,76.0,2.0,3.0
2021-08-05 18:32:43,92.0,76.0,8.0,8.0
2021-08-05 18:32:44,106.0,100.0,3.0,3.0
2021-08-05 18:32:45,92.0,76.0,9.0,7.0
2021-08-05 18:32:46,87.0,75.0,10.0,2.0
2021-08-05 18:32:47,85.0,78.0,5.0,2.0
2021-08-05 18:32:48,91.0,82.0,5.0,4.0
2021-08-05 18:32:49,97.0,83.0,7.0,7.0
2021-08-05 18:32:50,84.0,76.0,6.0,2.0
2021-08-05 18:32:51,78.0,71.0,4.0,3.0
2021-08-05 18:32:52,90.0,82.0,5.0,3.0
2021-08-05 18:32:53,103.0,91.0,8.0,4.0
2021-08-05 18:32:54,99.0,88.0,8.0,3.0
2021-08-05 18:32:55,90.0,76.0,12.0,2.0
2021-08-05 18:32:56,69.0,65.0,2.0,2.0
2021-08-05 18:32:57,99.0,86.0,7.0,6.0
2021-08-05 18:32:58,89.0,82.0,6.0,1.0
2021-08-05 18:32:59,102.0,90.0,10.0,2.0
2021-08-05 18:33:00,88.0,80.0,5.0,3.0
2021-08-05 18:33:01,102.0,88.0,11.0,3.0
2021-08-05 18:33:02,95.0,84.0,10.0,1.0
2021-08-05 18:33:03,97.0,89.0,6.0,2.0
2021-08-05 18:33:04,76.0,68.0,7.0,1.0
2021-08-05 18:33:05,67.0,56.0,6.0,5.0
2021-08-05 18:33:06,97.0,80.0,11.0,6.0
2021-08-05 18:33:07,104.0,93.0,6.0,5.0
2021-08-05 18:33:08,97.0,87.0,7.0,3.0
2021-08-05 18:33:09,98.0,86.0,6.0,6.0
2021-08-05 18:33:10,92.0,80.0,6.0,6.0
2021-08-05 18:33:11,90.0,77.0,6.0,7.0
2021-08-05 18:33:12,82.0,73.0,7.0,2.0
2021-08-05 18:33:13,96.0,86.0,5.0,5.0
2021-08-05 18:33:14,81.0,74.0,3.0,4.0
2021-08-05 18:33:15,92.0,84.0,3.0,5.0
2021-08-05 18:33:16,59.0,51.0,5.0,3.0
2021-08-05 18:33:17,87.0,72.0,10.0,5.0
2021-08-05 18:33:18,102.0,91.0,9.0,2.0
2021-08-05 18:33:19,74.0,67.0,4.0,3.0
2021-08-05 18:33:20,88.0,78.0,7.0,3.0
2021-08-05 18:33:21,77.0,69.0,3.0,5.0
2021-08-05 18:33:22,84.0,77.0,4.0,3.0
2021-08-05 18:33:23,101.0,86.0,7.0,8.0
2021-08-05 18:33:24,80.0,62.0,14.0,4.0
2021-08-05 18:33:25,71.0,66.0,1.0,4.0
2021-08-05 18:33:26,100.0,86.0,6.0,8.0
2021-08-05 18:33:27,93.0,77.0,12.0,4.0
2021-08-05 18:33:28,81.0,72.0,4.0,5.0
2021-08-05 18:33:29,66.0,60.0,6.0,0.0
2021-08-05 18:33:30,94.0,86.0,4.0,4.0
2021-08-05 18:33:31,96.0,82.0,9.0,5.0
2021-08-05 18:33:32,92.0,81.0,8.0,3.0
2021-08-05 18:33:33,96.0,88.0,3.0,5.0
2021-08-05 18:33:34,84.0,72.0,7.0,5.0
2021-08-05 18:33:35,75.0,70.0,4.0,1.0
2021-08-05 18:33:36,78.0,66.0,8.0,4.0
2021-08-05 18:33:37,87.0,82.0,4.0,1.0
2021-08-05 18:33:38,93.0,86.0,5.0,2.0
2021-08-05 18:33:39,68.0,61.0,2.0,5.0
2021-08-05 18:33:40,81.0,70.0,6.0,5.0
2021-08-05 18:33:41,98.0,86.0,8.0,4.0
2021-08-05 18:33:42,91.0,83.0,4.0,4.0
2021-08-05 18:33:43,102.0,86.0,13.0,3.0
2021-08-05 18:33:44,97.0,88.0,5.0,4.0
2021-08-05 18:33:45,90.0,86.0,1.0,3.0
2021-08-05 18:33:46,88.0,79.0,5.0,4.0
2021-08-05 18:33:47,82.0,68.0,7.0,7.0
2021-08-05 18:33:48,97.0,83.0,4.0,10.0
2021-08-05 18:33:49,78.0,70.0,5.0,3.0
2021-08-05 18:33:50,85.0,71.0,8.0,6.0
2021-08-05 18:33:51,91.0,82.0,6.0,3.0
2021-08-05 18:33:52,82.0,70.0,9.0,3.0
2021-08-05 18:33:53,83.0,79.0,1.0,3.0
2021-08-05 18:33:54,85.0,75.0,6.0,4.0
2021-08-05 18:33:55,76.0,64.0,5.0,7.0
2021-08-05 18:33:56,91.0,73.0,11.0,7.0
2021-08-05 18:33:57,82.0,74.0,7.0,1.0
2021-08-05 18:33:58,84.0,79.0,3.0,2.0
2021-08-05 18:33:59,89.0,80.0,5.0,4.0
2021-08-05 18:34:00,80.0,72.0,5.0,3.0
2021-08-05 18:34:01,89.0,76.0,7.0,6.0
2021-08-05 18:34:02,100.0,90.0,4.0,6.0
2021-08-05 18:34:03,92.0,77.0,7.0,8.0
2021-08-05 18:34:04,80.0,67.0,8.0,5.0
2021-08-05 18:34:05,74.0,63.0,6.0,5.0
2021-08-05 18:34:06,88.0,77.0,5.0,6.0
2021-08-05 18:34:07,87.0,71.0,11.0,5.0
2021-08-05 18:34:08,85.0,73.0,7.0,5.0
2021-08-05 18:34:09,83.0,74.0,5.0,4.0
2021-08-05 18:34:10,97.0,85.0,7.0,5.0
2021-08-05 18:34:11,93.0,82.0,5.0,6.0
2021-08-05 18:34:12,71.0,66.0,4.0,1.0
2021-08-05 18:34:13,90.0,81.0,5.0,4.0
2021-08-05 18:34:14,66.0,56.0,3.0,7.0
2021-08-05 18:34:15,87.0,74.0,7.0,6.0
2021-08-05 18:34:16,87.0,75.0,7.0,5.0
2021-08-05 18:34:17,86.0,80.0,5.0,1.0
2021-08-05 18:34:18,93.0,83.0,6.0,4.0
2021-08-05 18:34:19,85.0,76.0,5.0,4.0
2021-08-05 18:34:20,76.0,62.0,11.0,3.0
2021-08-05 18:34:21,95.0,83.0,9.0,3.0
2021-08-05 18:34:22,87.0,81.0,3.0,3.0
2021-08-05 18:34:23,93.0,80.0,9.0,4.0
2021-08-05 18:34:24,94.0,84.0,6.0,4.0
2021-08-05 18:34:25,82.0,71.0,5.0,6.0
2021-08-05 18:34:26,72.0,62.0,7.0,3.0
2021-08-05 18:34:27,79.0,66.0,8.0,5.0
2021-08-05 18:34:28,83.0,74.0,4.0,5.0
2021-08-05 18:34:29,103.0,83.0,12.0,8.0
2021-08-05 18:34:30,82.0,73.0,5.0,4.0
2021-08-05 18:34:31,92.0,86.0,3.0,3.0
2021-08-05 18:34:32,89.0,78.0,7.0,4.0
2021-08-05 18:34:33,75.0,66.0,4.0,5.0
2021-08-05 18:34:34,92.0,81.0,7.0,4.0
2021-08-05 18:34:35,75.0,70.0,3.0,2.0
2021-08-05 18:34:36,82.0,69.0,8.0,5.0
2021-08-05 18:34:37,88.0,76.0,9.0,3.0
2021-08-05 18:34:38,87.0,78.0,6.0,3.0
2021-08-05 18:34:39,94.0,84.0,8.0,2.0
2021-08-05 18:34:40,85.0,76.0,5.0,4.0
2021-08-05 18:34:41,79.0,70.0,7.0,2.0
2021-08-05 18:34:42,89.0,80.0,7.0,2.0
2021-08-05 18:34:43,100.0,93.0,4.0,3.0
2021-08-05 18:34:44,80.0,73.0,3.0,4.0
2021-08-05 18:34:45,87.0,79.0,5.0,3.0
2021-08-05 18:34:46,87.0,76.0,8.0,3.0
2021-08-05 18:34:47,87.0,81.0,5.0,1.0
2021-08-05 18:34:48,83.0,74.0,6.0,3.0
2021-08-05 18:34:49,102.0,93.0,6.0,3.0
2021-08-05 18:34:50,92.0,78.0,7.0,7.0
2021-08-05 18:34:51,107.0,100.0,5.0,2.0
2021-08-05 18:34:52,88.0,71.0,10.0,7.0
2021-08-05 18:34:53,109.0,99.0,9.0,1.0
2021-08-05 18:34:54,82.0,73.0,6.0,3.0
2021-08-05 18:34:55,89.0,76.0,7.0,6.0
2021-08-05 18:34:56,96.0,87.0,6.0,3.0
2021-08-05 18:34:57,103.0,87.0,14.0,2.0
2021-08-05 18:34:58,81.0,69.0,9.0,3.0
2021-08-05 18:34:59,77.0,67.0,5.0,5.0
2021-08-05 18:35:00,85.0,76.0,5.0,4.0
2021-08-05 18:35:01,92.0,75.0,8.0,9.0
2021-08-05 18:35:02,90.0,80.0,3.0,7.0
2021-08-05 18:35:03,77.0,72.0,2.0,3.0
2021-08-05 18:35:04,84.0,72.0,5.0,7.0
2021-08-05 18:35:05,94.0,84.0,5.0,5.0
2021-08-05 18:35:06,97.0,83.0,8.0,6.0
2021-08-05 18:35:07,84.0,73.0,5.0,6.0
2021-08-05 18:35:08,86.0,72.0,9.0,5.0
2021-08-05 18:35:09,75.0,70.0,4.0,1.0
2021-08-05 18:35:10,64.0,57.0,3.0,4.0
2021-08-05 18:35:11,72.0,55.0,10.0,7.0
2021-08-05 18:35:12,94.0,81.0,8.0,5.0
2021-08-05 18:35:13,97.0,84.0,8.0,5.0
2021-08-05 18:35:14,78.0,70.0,4.0,4.0
2021-08-05 18:35:15,81.0,71.0,4.0,6.0
2021-08-05 18:35:16,82.0,74.0,2.0,6.0
2021-08-05 18:35:17,115.0,106.0,5.0,4.0
2021-08-05 18:35:18,88.0,76.0,9.0,3.0
2021-08-05 18:35:19,81.0,68.0,7.0,6.0
2021-08-05 18:35:20,77.0,73.0,2.0,2.0
2021-08-05 18:35:21,84.0,74.0,9.0,1.0
2021-08-05 18:35:22,95.0,82.0,6.0,7.0
2021-08-05 18:35:23,104.0,90.0,11.0,3.0
2021-08-05 18:35:24,85.0,72.0,10.0,3.0
2021-08-05 18:35:25,97.0,90.0,5.0,2.0
2021-08-05 18:35:26,113.0,98.0,11.0,4.0
2021-08-05 18:35:27,84.0,76.0,6.0,2.0
2021-08-05 18:35:28,85.0,70.0,6.0,9.0
2021-08-05 18:35:29,106.0,91.0,10.0,5.0
2021-08-05 18:35:30,96.0,85.0,5.0,6.0
2021-08-05 18:35:31,95.0,83.0,7.0,5.0
2021-08-05 18:35:32,80.0,70.0,7.0,3.0
2021-08-05 18:35:33,82.0,74.0,4.0,4.0
2021-08-05 18:35:34,97.0,86.0,6.0,5.0
2021-08-05 18:35:35,72.0,65.0,3.0,4.0
2021-08-05 18:35:36,84.0,79.0,2.0,3.0
2021-08-05 18:35:37,86.0,75.0,4.0,7.0
2021-08-05 18:35:38,87.0,73.0,8.0,6.0
2021-08-05 18:35:39,91.0,82.0,6.0,3.0
2021-08-05 18:35:40,76.0,68.0,5.0,3.0
2021-08-05 18:35:41,87.0,78.0,5.0,4.0
2021-08-05 18:35:42,99.0,89.0,6.0,4.0
2021-08-05 18:35:43,89.0,79.0,7.0,3.0
2021-08-05 18:35:44,95.0,82.0,9.0,4.0
2021-08-05 18:35:45,83.0,73.0,8.0,2.0
2021-08-05 18:35:46,95.0,81.0,7.0,7.0
2021-08-05 18:35:47,76.0,70.0,4.0,2.0
2021-08-05 18:35:48,82.0,75.0,3.0,4.0
2021-08-05 18:35:49,102.0,89.0,6.0,7.0
2021-08-05 18:35:50,89.0,74.0,10.0,5.0
2021-08-05 18:35:51,99.0,93.0,4.0,2.0
2021-08-05 18:35:52,84.0,68.0,11.0,5.0
2021-08-05 18:35:53,76.0,64.0,7.0,5.0
2021-08-05 18:35:54,79.0,72.0,4.0,3.0
2021-08-05 18:35:55,86.0,79.0,4.0,3.0
2021-08-05 18:35:56,89.0,82.0,3.0,4.0
2021-08-05 18:35:57,94.0,86.0,6.0,2.0
2021-08-05 18:35:58,94.0,85.0,8.0,1.0
2021-08-05 18:35:59,71.0,62.0,5.0,4.0
2021-08-05 18:36:00,86.0,77.0,6.0,3.0
2021-08-05 18:36:01,75.0,71.0,3.0,1.0
2021-08-05 18:36:02,99.0,82.0,14.0,3.0
2021-08-05 18:36:03,94.0,87.0,6.0,1.0
2021-08-05 18:36:04,81.0,71.0,7.0,3.0
2021-08-05 18:36:05,98.0,84.0,8.0,6.0
2021-08-05 18:36:06,94.0,83.0,5.0,6.0
2021-08-05 18:36:07,80.0,71.0,6.0,3.0
2021-08-05 18:36:08,70.0,66.0,3.0,1.0
2021-08-05 18:36:09,91.0,80.0,9.0,2.0
2021-08-05 18:36:10,91.0,81.0,5.0,5.0
2021-08-05 18:36:11,84.0,76.0,4.0,4.0
2021-08-05 18:36:12,91.0,77.0,11.0,3.0
2021-08-05 18:36:13,101.0,87.0,9.0,5.0
2021-08-05 18:36:14,94.0,84.0,5.0,5.0
2021-08-05 18:36:15,85.0,78.0,5.0,2.0
2021-08-05 18:36:16,89.0,74.0,6.0,9.0
2021-08-05 18:36:17,87.0,80.0,5.0,2.0
2021-08-05 18:36:18,94.0,77.0,9.0,8.0
2021-08-05 18:36:19,89.0,79.0,7.0,3.0
2021-08-05 18:36:20,73.0,64.0,6.0,3.0
2021-08-05 18:36:21,72.0,61.0,5.0,6.0
2021-08-05 18:36:22,80.0,71.0,4.0,5.0
2021-08-05 18:36:23,90.0,82.0,6.0,2.0
2021-08-05 18:36:24,86.0,81.0,2.0,3.0
2021-08-05 18:36:25,83.0,68.0,10.0,5.0
2021-08-05 18:36:26,85.0,80.0,3.0,2.0
2021-08-05 18:36:27,85.0,70.0,10.0,5.0
2021-08-05 18:36:28,88.0,82.0,4.0,2.0
2021-08-05 18:36:29,89.0,80.0,7.0,2.0
2021-08-05 18:36:30,93.0,85.0,7.0,1.0
2021-08-05 18:36:31,111.0,95.0,8.0,8.0
2021-08-05 18:36:32,84.0,77.0,5.0,2.0
2021-08-05 18:36:33,80.0,75.0,2.0,3.0
2021-08-05 18:36:34,94.0,86.0,6.0,2.0
2021-08-05 18:36:35,95.0,84.0,6.0,5.0
2021-08-05 18:36:36,84.0,75.0,5.0,4.0
2021-08-05 18:36:37,90.0,78.0,9.0,3.0
2021-08-05 18:36:38,111.0,101.0,5.0,5.0
2021-08-05 18:36:39,93.0,86.0,3.0,4.0
2021-08-05 18:36:40,114.0,108.0,4.0,2.0
2021-08-05 18:36:41,79.0,67.0,7.0,5.0
2021-08-05 18:36:42,97.0,87.0,3.0,7.0
2021-08-05 18:36:43,71.0,63.0,8.0,0.0
2021-08-05 18:36:44,84.0,72.0,7.0,5.0
2021-08-05 18:36:45,84.0,72.0,8.0,4.0
2021-08-05 18:36:46,98.0,88.0,8.0,2.0
2021-08-05 18:36:47,75.0,64.0,7.0,4.0
2021-08-05 18:36:48,103.0,92.0,5.0,6.0
2021-08-05 18:36:49,82.0,73.0,4.0,5.0
2021-08-05 18:36:50,78.0,71.0,6.0,1.0
2021-08-05 18:36:51,83.0,77.0,4.0,2.0
2021-08-05 18:36:52,79.0,71.0,4.0,4.0
2021-08-05 18:36:53,107.0,94.0,6.0,7.0
2021-08-05 18:36:54,89.0,77.0,8.0,4.0
2021-08-05 18:36:55,93.0,82.0,9.0,2.0
2021-08-05 18:36:56,86.0,78.0,4.0,4.0
2021-08-05 18:36:57,82.0,73.0,4.0,5.0
2021-08-05 18:36:58,62.0,56.0,5.0,1.0
2021-08-05 18:36:59,81.0,76.0,4.0,1.0
2021-08-05 18:37:00,85.0,72.0,7.0,6.0
2021-08-05 18:37:01,88.0,74.0,10.0,4.0
2021-08-05 18:37:02,80.0,69.0,7.0,4.0
2021-08-05 18:37:03,82.0,71.0,6.0,5.0
2021-08-05 18:37:04,87.0,75.0,7.0,5.0
2021-08-05 18:37:05,92.0,84.0,5.0,3.0
2021-08-05 18:37:06,102.0,92.0,7.0,3.0
2021-08-05 18:37:07,69.0,61.0,6.0,2.0
2021-08-05 18:37:08,87.0,73.0,9.0,5.0
2021-08-05 18:37:09,101.0,91.0,4.0,6.0
2021-08-05 18:37:10,89.0,76.0,6.0,7.0
2021-08-05 18:37:11,85.0,72.0,7.0,6.0
2021-08-05 18:37:12,96.0,87.0,6.0,3.0
2021-08-05 18:37:13,85.0,73.0,9.0,3.0
2021-08-05 18:37:14,89.0,74.0,12.0,3.0
2021-08-05 18:37:15,104.0,92.0,8.0,4.0
2021-08-05 18:37:16,77.0,68.0,7.0,2.0
2021-08-05 18:37:17,88.0,76.0,9.0,3.0
2021-08-05 18:37:18,80.0,74.0,4.0,2.0
2021-08-05 18:37:19,82.0,79.0,2.0,1.0
2021-08-05 18:37:20,82.0,75.0,4.0,3.0
2021-08-05 18:37:21,92.0,78.0,10.0,4.0
2021-08-05 18:37:22,125.0,110.0,6.0,9.0
2021-08-05 18:37:23,86.0,71.0,12.0,3.0
2021-08-05 18:37:24,96.0,80.0,12.0,4.0
2021-08-05 18:37:25,88.0,77.0,4.0,7.0
2021-08-05 18:37:26,75.0,69.0,3.0,3.0
2021-08-05 18:37:27,86.0,74.0,8.0,4.0
2021-08-05 18:37:28,94.0,84.0,6.0,4.0
2021-08-05 18:37:29,93.0,82.0,5.0,6.0
2021-08-05 18:37:30,79.0,70.0,4.0,5.0
2021-08-05 18:37:31,80.0,73.0,5.0,2.0
2021-08-05 18:37:32,76.0,69.0,6.0,1.0
2021-08-05 18:37:33,90.0,79.0,6.0,5.0
2021-08-05 18:37:34,70.0,61.0,6.0,3.0
2021-08-05 18:37:35,90.0,76.0,5.0,9.0
2021-08-05 18:37:36,77.0,65.0,6.0,6.0
2021-08-05 18:37:37,90.0,76.0,10.0,4.0
2021-08-05 18:37:38,75.0,71.0,3.0,1.0
2021-08-05 18:37:39,84.0,74.0,6.0,4.0
2021-08-05 18:37:40,97.0,84.0,8.0,5.0
2021-08-05 18:37:41,91.0,76.0,10.0,5.0
2021-08-05 18:37:42,84.0,69.0,8.0,7.0
2021-08-05 18:37:43,85.0,73.0,5.0,7.0
2021-08-05 18:37:44,91.0,80.0,10.0,1.0
2021-08-05 18:37:45,81.0,75.0,4.0,2.0
2021-08-05 18:37:46,99.0,86.0,6.0,7.0
2021-08-05 18:37:47,70.0,61.0,6.0,3.0
2021-08-05 18:37:48,100.0,92.0,7.0,1.0
2021-08-05 18:37:49,103.0,91.0,6.0,6.0
2021-08-05 18:37:50,86.0,79.0,2.0,5.0
2021-08-05 18:37:51,73.0,65.0,3.0,5.0
2021-08-05 18:37:52,92.0,81.0,5.0,6.0
2021-08-05 18:37:53,94.0,82.0,6.0,6.0
2021-08-05 18:37:54,88.0,80.0,1.0,7.0
2021-08-05 18:37:55,82.0,71.0,9.0,2.0
2021-08-05 18:37:56,92.0,87.0,2.0,3.0
2021-08-05 18:37:57,103.0,87.0,11.0,5.0
2021-08-05 18:37:58,89.0,81.0,6.0,2.0
2021-08-05 18:37:59,86.0,74.0,8.0,4.0
2021-08-05 18:38:00,81.0,73.0,5.0,3.0
2021-08-05 18:38:01,86.0,71.0,11.0,4.0
2021-08-05 18:38:02,96.0,84.0,4.0,8.0
2021-08-05 18:38:03,68.0,58.0,6.0,4.0
2021-08-05 18:38:04,107.0,98.0,5.0,4.0
2021-08-05 18:38:05,92.0,78.0,12.0,2.0
2021-08-05 18:38:06,95.0,84.0,5.0,6.0
2021-08-05 18:38:07,86.0,77.0,7.0,2.0
2021-08-05 18:38:08,86.0,75.0,6.0,5.0
2021-08-05 18:38:09,80.0,70.0,6.0,4.0
2021-08-05 18:38:10,89.0,80.0,8.0,1.0
2021-08-05 18:38:11,81.0,70.0,8.0,3.0
2021-08-05 18:38:12,86.0,75.0,7.0,4.0
2021-08-05 18:38:13,124.0,112.0,5.0,7.0
2021-08-05 18:38:14,79.0,67.0,7.0,5.0
2021-08-05 18:38:15,102.0,93.0,5.0,4.0
2021-08-05 18:38:16,85.0,72.0,9.0,4.0
2021-08-05 18:38:17,117.0,105.0,4.0,8.0
2021-08-05 18:38:18,98.0,88.0,6.0,4.0
2021-08-05 18:38:19,93.0,85.0,5.0,3.0
2021-08-05 18:38:20,88.0,73.0,11.0,4.0
2021-08-05 18:38:21,88.0,81.0,2.0,5.0
2021-08-05 18:38:22,106.0,90.0,10.0,6.0
2021-08-05 18:38:23,102.0,96.0,4.0,2.0
2021-08-05 18:38:24,78.0,73.0,2.0,3.0
2021-08-05 18:38:25,74.0,69.0,5.0,0.0
2021-08-05 18:38:26,83.0,71.0,5.0,7.0
2021-08-05 18:38:27,94.0,83.0,8.0,3.0
2021-08-05 18:38:28,99.0,92.0,5.0,2.0
2021-08-05 18:38:29,91.0,83.0,6.0,2.0
2021-08-05 18:38:30,92.0,83.0,7.0,2.0
2021-08-05 18:38:31,68.0,63.0,2.0,3.0
2021-08-05 18:38:32,83.0,76.0,5.0,2.0
2021-08-05 18:38:33,92.0,84.0,3.0,5.0
2021-08-05 18:38:34,86.0,75.0,6.0,5.0
2021-08-05 18:38:35,85.0,76.0,8.0,1.0
2021-08-05 18:38:36,99.0,83.0,9.0,7.0
2021-08-05 18:38:37,79.0,70.0,5.0,4.0
2021-08-05 18:38:38,85.0,77.0,6.0,2.0
2021-08-05 18:38:39,69.0,63.0,4.0,2.0
2021-08-05 18:38:40,73.0,67.0,5.0,1.0
2021-08-05 18:38:41,79.0,68.0,2.0,9.0
2021-08-05 18:38:42,122.0,112.0,6.0,4.0
2021-08-05 18:38:43,80.0,73.0,2.0,5.0
2021-08-05 18:38:44,92.0,78.0,11.0,3.0
2021-08-05 18:38:45,84.0,70.0,7.0,7.0
2021-08-05 18:38:46,97.0,83.0,8.0,6.0
2021-08-05 18:38:47,99.0,91.0,2.0,6.0
2021-08-05 18:38:48,79.0,72.0,4.0,3.0
2021-08-05 18:38:49,87.0,71.0,8.0,8.0
2021-08-05 18:38:50,78.0,69.0,5.0,4.0
2021-08-05 18:38:51,78.0,64.0,5.0,9.0
2021-08-05 18:38:52,79.0,71.0,5.0,3.0
2021-08-05 18:38:53,106.0,95.0,6.0,5.0
2021-08-05 18:38:54,95.0,85.0,6.0,4.0
2021-08-05 18:38:55,83.0,72.0,7.0,4.0
2021-08-05 18:38:56,98.0,85.0,11.0,2.0
2021-08-05 18:38:57,90.0,78.0,6.0,6.0
2021-08-05 18:38:58,109.0,97.0,7.0,5.0
2021-08-05 18:38:59,72.0,59.0,9.0,4.0
2021-08-05 18:39:00,79.0,70.0,2.0,7.0
2021-08-05 18:39:01,100.0,83.0,8.0,9.0
2021-08-05 18:39:02,90.0,78.0,7.0,5.0
2021-08-05 18:39:03,83.0,76.0,4.0,3.0
2021-08-05 18:39:04,97.0,89.0,5.0,3.0
2021-08-05 18:39:05,109.0,95.0,10.0,4.0
2021-08-05 18:39:06,92.0,83.0,7.0,2.0
2021-08-05 18:39:07,88.0,78.0,6.0,4.0
2021-08-05 18:39:08,97.0,84.0,6.0,7.0
2021-08-05 18:39:09,82.0,74.0,5.0,3.0
2021-08-05 18:39:10,78.0,66.0,6.0,6.0
2021-08-05 18:39:11,93.0,80.0,7.0,6.0
2021-08-05 18:39:12,84.0,71.0,8.0,5.0
2021-08-05 18:39:13,71.0,66.0,3.0,2.0
2021-08-05 18:39:14,71.0,63.0,7.0,1.0
2021-08-05 18:39:15,109.0,94.0,11.0,4.0
2021-08-05 18:39:16,96.0,84.0,7.0,5.0
2021-08-05 18:39:17,87.0,71.0,10.0,6.0
2021-08-05 18:39:18,79.0,72.0,3.0,4.0
2021-08-05 18:39:19,88.0,71.0,12.0,5.0
2021-08-05 18:39:20,79.0,71.0,5.0,3.0
2021-08-05 18:39:21,79.0,73.0,6.0,0.0
2021-08-05 18:39:22,87.0,71.0,7.0,9.0
2021-08-05 18:39:23,90.0,80.0,6.0,4.0
2021-08-05 18:39:24,86.0,75.0,8.0,3.0
2021-08-05 18:39:25,80.0,68.0,4.0,8.0
2021-08-05 18:39:26,71.0,69.0,0.0,2.0
2021-08-05 18:39:27,87.0,81.0,5.0,1.0
2021-08-05 18:39:28,86.0,75.0,2.0,9.0
2021-08-05 18:39:29,74.0,63.0,5.0,6.0
2021-08-05 18:39:30,91.0,83.0,6.0,2.0
2021-08-05 18:39:31,86.0,79.0,5.0,2.0
2021-08-05 18:39:32,92.0,82.0,4.0,6.0
2021-08-05 18:39:33,103.0,93.0,8.0,2.0
2021-08-05 18:39:34,93.0,86.0,4.0,3.0
2021-08-05 18:39:35,88.0,78.0,6.0,4.0
2021-08-05 18:39:36,77.0,66.0,6.0,5.0
2021-08-05 18:39:37,96.0,85.0,2.0,9.0
2021-08-05 18:39:38,77.0,69.0,5.0,3.0
2021-08-05 18:39:39,81.0,65.0,13.0,3.0
2021-08-05 18:39:40,71.0,66.0,2.0,3.0
2021-08-05 18:39:41,104.0,98.0,5.0,1.0
2021-08-05 18:39:42,85.0,76.0,5.0,4.0
2021-08-05 18:39:43,100.0,83.0,7.0,10.0
2021-08-05 18:39:44,98.0,86.0,9.0,3.0
2021-08-05 18:39:45,83.0,76.0,6.0,1.0
2021-08-05 18:39:46,84.0,78.0,3.0,3.0
2021-08-05 18:39:47,98.0,82.0,9.0,7.0
2021-08-05 18:39:48,94.0,86.0,5.0,3.0
2021-08-05 18:39:49,80.0,73.0,3.0,4.0
2021-08-05 18:39:50,91.0,81.0,8.0,2.0
2021-08-05 18:39:51,88.0,82.0,1.0,5.0
2021-08-05 18:39:52,80.0,73.0,1.0,6.0
2021-08-05 18:39:53,89.0,78.0,5.0,6.0
2021-08-05 18:39:54,91.0,81.0,9.0,1.0
2021-08-05 18:39:55,84.0,78.0,2.0,4.0
2021-08-05 18:39:56,78.0,64.0,8.0,6.0
2021-08-05 18:39:57,91.0,86.0,5.0,0.0
2021-08-05 18:39:58,95.0,86.0,8.0,1.0
2021-08-05 18:39:59,96.0,87.0,7.0,2.0
2021-08-05 18:40:00,76.0,67.0,6.0,3.0
2021-08-05 18:40:01,77.0,69.0,3.0,5.0
2021-08-05 18:40:02,76.0,68.0,7.0,1.0
2021-08-05 18:40:03,98.0,91.0,4.0,3.0
2021-08-05 18:40:04,91.0,86.0,2.0,3.0
2021-08-05 18:40:05,88.0,80.0,3.0,5.0
2021-08-05 18:40:06,80.0,71.0,3.0,6.0
2021-08-05 18:40:07,94.0,83.0,6.0,5.0
2021-08-05 18:40:08,82.0,72.0,7.0,3.0
2021-08-05 18:40:09,74.0,68.0,3.0,3.0
2021-08-05 18:40:10,78.0,70.0,5.0,3.0
2021-08-05 18:40:11,91.0,81.0,7.0,3.0
2021-08-05 18:40:12,81.0,70.0,8.0,3.0
2021-08-05 18:40:13,81.0,73.0,5.0,3.0
2021-08-05 18:40:14,80.0,76.0,2.0,2.0
2021-08-05 18:40:15,90.0,80.0,6.0,4.0
2021-08-05 18:40:16,78.0,67.0,6.0,5.0
2021-08-05 18:40:17,92.0,80.0,6.0,6.0
2021-08-05 18:40:18,87.0,68.0,9.0,10.0
2021-08-05 18:40:19,86.0,74.0,7.0,5.0
2021-08-05 18:40:20,74.0,67.0,5.0,2.0
2021-08-05 18:40:21,72.0,63.0,7.0,2.0
2021-08-05 18:40:22,85.0,74.0,4.0,7.0
2021-08-05 18:40:23,106.0,93.0,8.0,5.0
2021-08-05 18:40:24,84.0,75.0,5.0,4.0
2021-08-05 18:40:25,71.0,61.0,8.0,2.0
2021-08-05 18:40:26,83.0,73.0,7.0,3.0
2021-08-05 18:40:27,90.0,79.0,5.0,6.0
2021-08-05 18:40:28,89.0,78.0,4.0,7.0
2021-08-05 18:40:29,71.0,58.0,9.0,4.0
2021-08-05 18:40:30,93.0,83.0,7.0,3.0
2021-08-05 18:40:31,70.0,57.0,8.0,5.0
2021-08-05 18:40:32,93.0,83.0,6.0,4.0
2021-08-05 18:40:33,77.0,67.0,7.0,3.0
2021-08-05 18:40:34,90.0,85.0,3.0,2.0
2021-08-05 18:40:35,83.0,74.0,2.0,7.0
2021-08-05 18:40:36,89.0,69.0,8.0,12.0
2021-08-05 18:40:37,111.0,96.0,11.0,4.0
2021-08-05 18:40:38,93.0,86.0,4.0,3.0
2021-08-05 18:40:39,91.0,75.0,8.0,8.0
2021-08-05 18:40:40,84.0,80.0,2.0,2.0
2021-08-05 18:40:41,95.0,84.0,9.0,2.0
2021-08-05 18:40:42,97.0,87.0,6.0,4.0
2021-08-05 18:40:43,89.0,77.0,10.0,2.0
2021-08-05 18:40:44,72.0,64.0,4.0,4.0
2021-08-05 18:40:45,90.0,81.0,6.0,3.0
2021-08-05 18:40:46,105.0,88.0,11.0,6.0
2021-08-05 18:40:47,100.0,91.0,5.0,4.0
2021-08-05 18:40:48,92.0,79.0,10.0,3.0
2021-08-05 18:40:49,100.0,88.0,8.0,4.0
2021-08-05 18:40:50,90.0,79.0,8.0,3.0
2021-08-05 18:40:51,76.0,69.0,4.0,3.0
2021-08-05 18:40:52,86.0,77.0,7.0,2.0
2021-08-05 18:40:53,87.0,80.0,5.0,2.0
2021-08-05 18:40:54,81.0,74.0,5.0,2.0
2021-08-05 18:40:55,91.0,84.0,3.0,4.0
2021-08-05 18:40:56,77.0,62.0,9.0,6.0
2021-08-05 18:40:57,87.0,78.0,5.0,4.0
2021-08-05 18:40:58,83.0,70.0,8.0,5.0
2021-08-05 18:40:59,95.0,83.0,6.0,6.0
2021-08-05 18:41:00,94.0,83.0,6.0,5.0
2021-08-05 18:41:01,94.0,74.0,15.0,5.0
2021-08-05 18:41:02,97.0,87.0,3.0,7.0
2021-08-05 18:41:03,87.0,79.0,2.0,6.0
2021-08-05 18:41:04,75.0,67.0,5.0,3.0
2021-08-05 18:41:05,72.0,62.0,8.0,2.0
2021-08-05 18:41:06,101.0,90.0,7.0,4.0
2021-08-05 18:41:07,77.0,69.0,6.0,2.0
2021-08-05 18:41:08,93.0,78.0,9.0,6.0
2021-08-05 18:41:09,90.0,79.0,7.0,4.0
2021-08-05 18:41:10,86.0,74.0,5.0,7.0
2021-08-05 18:41:11,97.0,89.0,4.0,4.0
2021-08-05 18:41:12,118.0,108.0,5.0,5.0
2021-08-05 18:41:13,69.0,61.0,4.0,4.0
2021-08-05 18:41:14,94.0,77.0,9.0,8.0
2021-08-05 18:41:15,98.0,85.0,11.0,2.0
2021-08-05 18:41:16,86.0,75.0,3.0,8.0
2021-08-05 18:41:17,89.0,79.0,5.0,5.0
2021-08-05 18:41:18,86.0,78.0,5.0,3.0
2021-08-05 18:41:19,80.0,68.0,9.0,3.0
2021-08-05 18:41:20,94.0,82.0,9.0,3.0
2021-08-05 18:41:21,107.0,97.0,6.0,4.0
2021-08-05 18:41:22,70.0,62.0,4.0,4.0
2021-08-05 18:41:23,86.0,78.0,4.0,4.0
2021-08-05 18:41:24,70.0,62.0,6.0,2.0
2021-08-05 18:41:25,81.0,73.0,3.0,5.0
2021-08-05 18:41:26,90.0,82.0,3.0,5.0
2021-08-05 18:41:27,88.0,75.0,3.0,10.0
2021-08-05 18:41:28,83.0,68.0,5.0,10.0
2021-08-05 18:41:29,99.0,89.0,9.0,1.0
2021-08-05 18:41:30,76.0,71.0,4.0,1.0
2021-08-05 18:41:31,90.0,79.0,5.0,6.0
2021-08-05 18:41:32,100.0,91.0,7.0,2.0
2021-08-05 18:41:33,99.0,89.0,8.0,2.0
2021-08-05 18:41:34,88.0,73.0,9.0,6.0
2021-08-05 18:41:35,89.0,75.0,4.0,10.0
2021-08-05 18:41:36,86.0,70.0,8.0,8.0
2021-08-05 18:41:37,87.0,76.0,9.0,2.0
2021-08-05 18:41:38,85.0,75.0,5.0,5.0
2021-08-05 18:41:39,82.0,71.0,4.0,7.0
2021-08-05 18:41:40,76.0,66.0,3.0,7.0
2021-08-05 18:41:41,80.0,77.0,2.0,1.0
2021-08-05 18:41:42,90.0,82.0,7.0,1.0
2021-08-05 18:41:43,84.0,72.0,6.0,6.0
2021-08-05 18:41:44,94.0,80.0,9.0,5.0
2021-08-05 18:41:45,91.0,82.0,7.0,2.0
2021-08-05 18:41:46,90.0,80.0,8.0,2.0
2021-08-05 18:41:47,83.0,71.0,7.0,5.0
2021-08-05 18:41:48,94.0,87.0,5.0,2.0
2021-08-05 18:41:49,84.0,77.0,5.0,2.0
2021-08-05 18:41:50,97.0,87.0,3.0,7.0
2021-08-05 18:41:51,79.0,72.0,5.0,2.0
2021-08-05 18:41:52,79.0,73.0,4.0,2.0
2021-08-05 18:41:53,93.0,79.0,10.0,4.0
2021-08-05 18:41:54,85.0,77.0,4.0,4.0
2021-08-05 18:41:55,92.0,83.0,2.0,7.0
2021-08-05 18:41:56,83.0,75.0,6.0,2.0
2021-08-05 18:41:57,91.0,83.0,4.0,4.0
2021-08-05 18:41:58,99.0,93.0,5.0,1.0
2021-08-05 18:41:59,114.0,102.0,10.0,2.0
2021-08-05 18:42:00,99.0,89.0,6.0,4.0
2021-08-05 18:42:01,90.0,78.0,9.0,3.0
2021-08-05 18:42:02,99.0,83.0,10.0,6.0
2021-08-05 18:42:03,83.0,73.0,6.0,4.0
2021-08-05 18:42:04,102.0,97.0,4.0,1.0
2021-08-05 18:42:05,71.0,58.0,7.0,6.0
2021-08-05 18:42:06,100.0,86.0,6.0,8.0
2021-08-05 18:42:07,81.0,71.0,7.0,3.0
2021-08-05 18:42:08,85.0,73.0,9.0,3.0
2021-08-05 18:42:09,76.0,70.0,5.0,1.0
2021-08-05 18:42:10,93.0,75.0,10.0,8.0
2021-08-05 18:42:11,67.0,59.0,5.0,3.0
2021-08-05 18:42:12,92.0,82.0,6.0,4.0
2021-08-05 18:42:13,89.0,81.0,4.0,4.0
2021-08-05 18:42:14,93.0,82.0,9.0,2.0
2021-08-05 18:42:15,83.0,72.0,10.0,1.0
2021-08-05 18:42:16,83.0,77.0,3.0,3.0
2021-08-05 18:42:17,95.0,82.0,9.0,4.0
2021-08-05 18:42:18,92.0,82.0,6.0,4.0
2021-08-05 18:42:19,74.0,70.0,2.0,2.0
2021-08-05 18:42:20,88.0,75.0,7.0,6.0
2021-08-05 18:42:21,75.0,68.0,3.0,4.0
2021-08-05 18:42:22,95.0,82.0,8.0,5.0
2021-08-05 18:42:23,93.0,81.0,8.0,4.0
2021-08-05 18:42:24,99.0,86.0,5.0,8.0
2021-08-05 18:42:25,97.0,80.0,12.0,5.0
2021-08-05 18:42:26,80.0,73.0,6.0,1.0
2021-08-05 18:42:27,92.0,74.0,6.0,12.0
2021-08-05 18:42:28,102.0,88.0,10.0,4.0
2021-08-05 18:42:29,83.0,72.0,7.0,4.0
2021-08-05 18:42:30,81.0,73.0,4.0,4.0
2021-08-05 18:42:31,93.0,84.0,6.0,3.0
2021-08-05 18:42:32,79.0,67.0,7.0,5.0
2021-08-05 18:42:33,98.0,92.0,4.0,2.0
2021-08-05 18:42:34,96.0,88.0,6.0,2.0
2021-08-05 18:42:35,107.0,96.0,6.0,5.0
2021-08-05 18:42:36,72.0,63.0,8.0,1.0
2021-08-05 18:42:37,102.0,88.0,9.0,5.0
2021-08-05 18:42:38,98.0,81.0,9.0,8.0
2021-08-05 18:42:39,73.0,65.0,5.0,3.0
2021-08-05 18:42:40,81.0,75.0,1.0,5.0
2021-08-05 18:42:41,94.0,84.0,4.0,6.0
2021-08-05 18:42:42,94.0,81.0,6.0,7.0
2021-08-05 18:42:43,90.0,81.0,5.0,4.0
2021-08-05 18:42:44,87.0,79.0,4.0,4.0
2021-08-05 18:42:45,106.0,97.0,9.0,0.0
2021-08-05 18:42:46,79.0,73.0,3.0,3.0
2021-08-05 18:42:47,89.0,82.0,5.0,2.0
2021-08-05 18:42:48,101.0,90.0,8.0,3.0
2021-08-05 18:42:49,97.0,85.0,9.0,3.0
2021-08-05 18:42:50,87.0,76.0,8.0,3.0
2021-08-05 18:42:51,84.0,68.0,11.0,5.0
2021-08-05 18:42:52,97.0,89.0,4.0,4.0
2021-08-05 18:42:53,64.0,57.0,2.0,5.0
2021-08-05 18:42:54,106.0,98.0,3.0,5.0
2021-08-05 18:42:55,93.0,83.0,4.0,6.0
2021-08-05 18:42:56,76.0,71.0,1.0,4.0
2021-08-05 18:42:57,91.0,80.0,7.0,4.0
2021-08-05 18:42:58,75.0,70.0,3.0,2.0
2021-08-05 18:42:59,97.0,82.0,10.0,5.0
2021-08-05 18:43:00,79.0,74.0,3.0,2.0
2021-08-05 18:43:01,86.0,73.0,10.0,3.0
2021-08-05 18:43:02,77.0,68.0,6.0,3.0
2021-08-05 18:43:03,75.0,67.0,4.0,4.0
2021-08-05 18:43:04,92.0,76.0,10.0,6.0
2021-08-05 18:43:05,74.0,66.0,6.0,2.0
2021-08-05 18:43:06,82.0,72.0,5.0,5.0
2021-08-05 18:43:07,117.0,100.0,9.0,8.0
2021-08-05 18:43:08,95.0,84.0,6.0,5.0
2021-08-05 18:43:09,93.0,80.0,5.0,8.0
2021-08-05 18:43:10,77.0,67.0,7.0,3.0
2021-08-05 18:43:11,79.0,69.0,7.0,3.0
2021-08-05 18:43:12,82.0,72.0,6.0,4.0
2021-08-05 18:43:13,79.0,70.0,5.0,4.0
2021-08-05 18:43:14,84.0,77.0,4.0,3.0
2021-08-05 18:43:15,93.0,82.0,9.0,2.0
2021-08-05 18:43:16,101.0,83.0,12.0,6.0
2021-08-05 18:43:17,98.0,86.0,7.0,5.0
2021-08-05 18:43:18,95.0,82.0,6.0,7.0
2021-08-05 18:43:19,88.0,79.0,6.0,3.0
2021-08-05 18:43:20,93.0,86.0,4.0,3.0
2021-08-05 18:43:21,99.0,85.0,5.0,9.0
2021-08-05 18:43:22,109.0,96.0,6.0,7.0
2021-08-05 18:43:23,77.0,69.0,7.0,1.0
2021-08-05 18:43:24,87.0,81.0,4.0,2.0
2021-08-05 18:43:25,81.0,68.0,7.0,6.0
2021-08-05 18:43:26,76.0,62.0,5.0,9.0
2021-08-05 18:43:27,69.0,65.0,2.0,2.0
2021-08-05 18:43:28,73.0,63.0,7.0,3.0
2021-08-05 18:43:29,84.0,77.0,4.0,3.0
2021-08-05 18:43:30,75.0,65.0,5.0,5.0
2021-08-05 18:43:31,90.0,80.0,6.0,4.0
2021-08-05 18:43:32,85.0,75.0,6.0,4.0
2021-08-05 18:43:33,72.0,64.0,4.0,4.0
2021-08-05 18:43:34,82.0,70.0,9.0,3.0
2021-08-05 18:43:35,85.0,77.0,6.0,2.0
2021-08-05 18:43:36,86.0,79.0,4.0,3.0
2021-08-05 18:43:37,85.0,71.0,10.0,4.0
2021-08-05 18:43:38,95.0,81.0,9.0,5.0
2021-08-05 18:43:39,96.0,80.0,8.0,8.0
2021-08-05 18:43:40,71.0,66.0,3.0,2.0
2021-08-05 18:43:41,91.0,78.0,6.0,7.0
2021-08-05 18:43:42,91.0,78.0,7.0,6.0
2021-08-05 18:43:43,92.0,84.0,5.0,3.0
2021-08-05 18:43:44,78.0,67.0,7.0,4.0
2021-08-05 18:43:45,95.0,87.0,2.0,6.0
2021-08-05 18:43:46,97.0,89.0,4.0,4.0
2021-08-05 18:43:47,88.0,74.0,8.0,6.0
2021-08-05 18:43:48,82.0,71.0,7.0,4.0
2021-08-05 18:43:49,96.0,87.0,3.0,6.0
2021-08-05 18:43:50,88.0,80.0,6.0,2.0
2021-08-05 18:43:51,97.0,81.0,9.0,7.0
2021-08-05 18:43:52,85.0,74.0,5.0,6.0
2021-08-05 18:43:53,81.0,74.0,5.0,2.0
2021-08-05 18:43:54,65.0,50.0,8.0,7.0
2021-08-05 18:43:55,74.0,58.0,10.0,6.0
2021-08-05 18:43:56,95.0,85.0,8.0,2.0
2021-08-05 18:43:57,79.0,66.0,12.0,1.0
2021-08-05 18:43:58,90.0,78.0,7.0,5.0
2021-08-05 18:43:59,98.0,87.0,8.0,3.0
2021-08-05 18:44:00,91.0,78.0,8.0,5.0
2021-08-05 18:44:01,78.0,69.0,4.0,5.0
2021-08-05 18:44:02,93.0,71.0,14.0,8.0
2021-08-05 18:44:03,84.0,77.0,4.0,3.0
2021-08-05 18:44:04,80.0,69.0,6.0,5.0
2021-08-05 18:44:05,95.0,74.0,11.0,10.0
2021-08-05 18:44:06,82.0,69.0,8.0,5.0
2021-08-05 18:44:07,77.0,66.0,6.0,5.0
2021-08-05 18:44:08,86.0,79.0,6.0,1.0
2021-08-05 18:44:09,85.0,71.0,6.0,8.0
2021-08-05 18:44:10,75.0,63.0,7.0,5.0
2021-08-05 18:44:11,83.0,75.0,7.0,1.0
2021-08-05 18:44:12,97.0,86.0,2.0,9.0
2021-08-05 18:44:13,89.0,72.0,10.0,7.0
2021-08-05 18:44:14,72.0,62.0,5.0,5.0
2021-08-05 18:44:15,109.0,97.0,6.0,6.0
2021-08-05 18:44:16,86.0,76.0,5.0,5.0
2021-08-05 18:44:17,82.0,75.0,5.0,2.0
2021-08-05 18:44:18,93.0,84.0,8.0,1.0
2021-08-05 18:44:19,74.0,66.0,2.0,6.0
2021-08-05 18:44:20,103.0,87.0,7.0,9.0
2021-08-05 18:44:21,88.0,79.0,3.0,6.0
2021-08-05 18:44:22,79.0,71.0,5.0,3.0
2021-08-05 18:44:23,90.0,72.0,15.0,3.0
2021-08-05 18:44:24,75.0,64.0,6.0,5.0
2021-08-05 18:44:25,85.0,71.0,10.0,4.0
2021-08-05 18:44:26,86.0,70.0,13.0,3.0
2021-08-05 18:44:27,79.0,69.0,7.0,3.0
2021-08-05 18:44:28,89.0,78.0,6.0,5.0
2021-08-05 18:44:29,75.0,63.0,8.0,4.0
2021-08-05 18:44:30,91.0,67.0,15.0,9.0
2021-08-05 18:44:31,77.0,66.0,7.0,4.0
2021-08-05 18:44:32,68.0,61.0,5.0,2.0
2021-08-05 18:44:33,97.0,81.0,10.0,6.0
2021-08-05 18:44:34,87.0,77.0,6.0,4.0
2021-08-05 18:44:35,76.0,69.0,5.0,2.0
2021-08-05 18:44:36,95.0,87.0,7.0,1.0
2021-08-05 18:44:37,88.0,76.0,10.0,2.0
2021-08-05 18:44:38,92.0,82.0,9.0,1.0
2021-08-05 18:44:39,79.0,62.0,11.0,6.0
2021-08-05 18:44:40,96.0,86.0,3.0,7.0
2021-08-05 18:44:41,87.0,76.0,5.0,6.0
2021-08-05 18:44:42,74.0,68.0,5.0,1.0
2021-08-05 18:44:43,66.0,62.0,2.0,2.0
2021-08-05 18:44:44,88.0,80.0,4.0,4.0
2021-08-05 18:44:45,82.0,67.0,11.0,4.0
2021-08-05 18:44:46,89.0,74.0,13.0,2.0
2021-08-05 18:44:47,86.0,76.0,5.0,5.0
2021-08-05 18:44:48,91.0,83.0,3.0,5.0
2021-08-05 18:44:49,71.0,62.0,5.0,4.0
2021-08-05 18:44:50,109.0,99.0,4.0,6.0
2021-08-05 18:44:51,85.0,75.0,6.0,4.0
2021-08-05 18:44:52,85.0,76.0,6.0,3.0
2021-08-05 18:44:53,89.0,77.0,7.0,5.0
2021-08-05 18:44:54,85.0,75.0,7.0,3.0
2021-08-05 18:44:55,91.0,79.0,10.0,2.0
2021-08-05 18:44:56,103.0,91.0,6.0,6.0
2021-08-05 18:44:57,80.0,72.0,5.0,3.0
2021-08-05 18:44:58,91.0,83.0,3.0,5.0
2021-08-05 18:44:59,86.0,74.0,8.0,4.0
2021-08-05 18:45:00,90.0,83.0,4.0,3.0
2021-08-05 18:45:01,75.0,64.0,5.0,6.0
2021-08-05 18:45:02,79.0,68.0,9.0,2.0
2021-08-05 18:45:03,92.0,78.0,9.0,5.0
2021-08-05 18:45:04,80.0,76.0,3.0,1.0
2021-08-05 18:45:05,66.0,56.0,3.0,7.0
2021-08-05 18:45:06,99.0,85.0,9.0,5.0
2021-08-05 18:45:07,85.0,76.0,5.0,4.0
2021-08-05 18:45:08,89.0,78.0,6.0,5.0
2021-08-05 18:45:09,94.0,83.0,5.0,6.0
2021-08-05 18:45:10,91.0,79.0,8.0,4.0
2021-08-05 18:45:11,89.0,77.0,6.0,6.0
2021-08-05 18:45:12,81.0,67.0,7.0,7.0
2021-08-05 18:45:13,82.0,73.0,6.0,3.0
2021-08-05 18:45:14,85.0,76.0,6.0,3.0
2021-08-05 18:45:15,96.0,87.0,6.0,3.0
2021-08-05 18:45:16,79.0,65.0,6.0,8.0
2021-08-05 18:45:17,90.0,80.0,7.0,3.0
2021-08-05 18:45:18,77.0,72.0,4.0,1.0
2021-08-05 18:45:19,80.0,67.0,8.0,5.0
2021-08-05 18:45:20,87.0,77.0,4.0,6.0
2021-08-05 18:45:21,78.0,65.0,8.0,5.0
2021-08-05 18:45:22,88.0,76.0,8.0,4.0
2021-08-05 18:45:23,84.0,78.0,5.0,1.0
2021-08-05 18:45:24,93.0,88.0,5.0,0.0
2021-08-05 18:45:25,75.0,69.0,4.0,2.0
2021-08-05 18:45:26,97.0,92.0,5.0,0.0
2021-08-05 18:45:27,77.0,72.0,3.0,2.0
2021-08-05 18:45:28,76.0,65.0,7.0,4.0
2021-08-05 18:45:29,77.0,62.0,10.0,5.0
2021-08-05 18:45:30,111.0,98.0,9.0,4.0
2021-08-05 18:45:31,79.0,66.0,5.0,8.0
2021-08-05 18:45:32,94.0,83.0,9.0,2.0
2021-08-05 18:45:33,80.0,67.0,6.0,7.0
2021-08-05 18:45:34,80.0,70.0,5.0,5.0
2021-08-05 18:45:35,65.0,58.0,7.0,0.0
2021-08-05 18:45:36,78.0,74.0,3.0,1.0
2021-08-05 18:45:37,90.0,87.0,1.0,2.0
2021-08-05 18:45:38,107.0,91.0,10.0,6.0
2021-08-05 18:45:39,75.0,66.0,7.0,2.0
2021-08-05 18:45:40,85.0,78.0,6.0,1.0
2021-08-05 18:45:41,77.0,68.0,3.0,6.0
2021-08-05 18:45:42,102.0,90.0,10.0,2.0
2021-08-05 18:45:43,81.0,65.0,10.0,6.0
2021-08-05 18:45:44,99.0,84.0,9.0,6.0
2021-08-05 18:45:45,80.0,67.0,8.0,5.0
2021-08-05 18:45:46,105.0,85.0,7.0,13.0
2021-08-05 18:45:47,102.0,89.0,8.0,5.0
2021-08-05 18:45:48,79.0,69.0,7.0,3.0
2021-08-05 18:45:49,90.0,78.0,4.0,8.0
2021-08-05 18:45:50,87.0,77.0,6.0,4.0
2021-08-05 18:45:51,86.0,71.0,11.0,4.0
2021-08-05 18:45:52,97.0,90.0,4.0,3.0
2021-08-05 18:45:53,95.0,79.0,9.0,7.0
2021-08-05 18:45:54,75.0,65.0,8.0,2.0
2021-08-05 18:45:55,75.0,61.0,11.0,3.0
2021-08-05 18:45:56,106.0,97.0,7.0,2.0
2021-08-05 18:45:57,82.0,70.0,7.0,5.0
2021-08-05 18:45:58,77.0,59.0,5.0,13.0
2021-08-05 18:45:59,87.0,74.0,9.0,4.0
2021-08-05 18:46:00,99.0,89.0,8.0,2.0
2021-08-05 18:46:01,72.0,69.0,3.0,0.0
2021-08-05 18:46:02,75.0,66.0,3.0,6.0
2021-08-05 18:46:03,73.0,63.0,5.0,5.0
2021-08-05 18:46:04,90.0,74.0,9.0,7.0
2021-08-05 18:46:05,91.0,78.0,8.0,5.0
2021-08-05 18:46:06,82.0,67.0,6.0,9.0
2021-08-05 18:46:07,79.0,67.0,3.0,9.0
2021-08-05 18:46:08,85.0,75.0,5.0,5.0
2021-08-05 18:46:09,89.0,80.0,2.0,7.0
2021-08-05 18:46:10,86.0,75.0,9.0,2.0
2021-08-05 18:46:11,80.0,66.0,9.0,5.0
2021-08-05 18:46:12,97.0,76.0,10.0,11.0
2021-08-05 18:46:13,79.0,70.0,5.0,4.0
2021-08-05 18:46:14,94.0,83.0,6.0,5.0
2021-08-05 18:46:15,77.0,65.0,7.0,5.0
2021-08-05 18:46:16,76.0,68.0,7.0,1.0
2021-08-05 18:46:17,84.0,73.0,7.0,4.0
2021-08-05 18:46:18,67.0,57.0,5.0,5.0
2021-08-05 18:46:19,75.0,62.0,9.0,4.0
2021-08-05 18:46:20,79.0,63.0,11.0,5.0
2021-08-05 18:46:21,82.0,75.0,4.0,3.0
2021-08-05 18:46:22,82.0,71.0,4.0,7.0
2021-08-05 18:46:23,78.0,69.0,6.0,3.0
2021-08-05 18:46:24,86.0,74.0,8.0,4.0
2021-08-05 18:46:25,103.0,91.0,8.0,4.0
2021-08-05 18:46:26,87.0,74.0,3.0,10.0
2021-08-05 18:46:27,85.0,76.0,5.0,4.0
2021-08-05 18:46:28,93.0,83.0,4.0,6.0
2021-08-05 18:46:29,87.0,79.0,6.0,2.0
2021-08-05 18:46:30,84.0,77.0,6.0,1.0
2021-08-05 18:46:31,98.0,90.0,5.0,3.0
2021-08-05 18:46:32,97.0,88.0,8.0,1.0
2021-08-05 18:46:33,84.0,77.0,5.0,2.0
2021-08-05 18:46:34,100.0,87.0,7.0,6.0
2021-08-05 18:46:35,85.0,79.0,3.0,3.0
2021-08-05 18:46:36,94.0,82.0,8.0,4.0
2021-08-05 18:46:37,80.0,68.0,6.0,6.0
2021-08-05 18:46:38,81.0,75.0,3.0,3.0
2021-08-05 18:46:39,97.0,86.0,6.0,5.0
2021-08-05 18:46:40,87.0,77.0,7.0,3.0
2021-08-05 18:46:41,87.0,79.0,7.0,1.0
2021-08-05 18:46:42,91.0,84.0,5.0,2.0
2021-08-05 18:46:43,76.0,66.0,10.0,0.0
2021-08-05 18:46:44,83.0,67.0,12.0,4.0
2021-08-05 18:46:45,78.0,68.0,7.0,3.0
2021-08-05 18:46:46,92.0,77.0,10.0,5.0
2021-08-05 18:46:47,98.0,83.0,10.0,5.0
2021-08-05 18:46:48,70.0,59.0,7.0,4.0
2021-08-05 18:46:49,84.0,72.0,8.0,4.0
2021-08-05 18:46:50,92.0,81.0,7.0,4.0
2021-08-05 18:46:51,91.0,79.0,7.0,5.0
2021-08-05 18:46:52,83.0,70.0,10.0,3.0
2021-08-05 18:46:53,93.0,80.0,9.0,4.0
2021-08-05 18:46:54,73.0,68.0,1.0,4.0
2021-08-05 18:46:55,106.0,95.0,6.0,5.0
2021-08-05 18:46:56,83.0,75.0,4.0,4.0
2021-08-05 18:46:57,82.0,73.0,8.0,1.0
2021-08-05 18:46:58,90.0,80.0,8.0,2.0
2021-08-05 18:46:59,78.0,74.0,3.0,1.0
2021-08-05 18:47:00,94.0,84.0,6.0,4.0
2021-08-05 18:47:01,82.0,74.0,6.0,2.0
2021-08-05 18:47:02,91.0,80.0,4.0,7.0
2021-08-05 18:47:03,86.0,75.0,7.0,4.0
2021-08-05 18:47:04,89.0,77.0,4.0,8.0
2021-08-05 18:47:05,91.0,81.0,5.0,5.0
2021-08-05 18:47:06,78.0,70.0,6.0,2.0
2021-08-05 18:47:07,86.0,76.0,7.0,3.0
2021-08-05 18:47:08,73.0,65.0,6.0,2.0
2021-08-05 18:47:09,99.0,89.0,3.0,7.0
2021-08-05 18:47:10,86.0,78.0,4.0,4.0
2021-08-05 18:47:11,87.0,81.0,5.0,1.0
2021-08-05 18:47:12,92.0,83.0,8.0,1.0
2021-08-05 18:47:13,103.0,98.0,4.0,1.0
2021-08-05 18:47:14,90.0,79.0,6.0,5.0
2021-08-05 18:47:15,76.0,68.0,6.0,2.0
2021-08-05 18:47:16,95.0,89.0,1.0,5.0
2021-08-05 18:47:17,92.0,81.0,5.0,6.0
2021-08-05 18:47:18,77.0,68.0,5.0,4.0
2021-08-05 18:47:19,88.0,76.0,5.0,7.0
2021-08-05 18:47:20,93.0,84.0,5.0,4.0
2021-08-05 18:47:21,106.0,88.0,14.0,4.0
2021-08-05 18:47:22,88.0,80.0,4.0,4.0
2021-08-05 18:47:23,76.0,71.0,2.0,3.0
2021-08-05 18:47:24,78.0,72.0,4.0,2.0
2021-08-05 18:47:25,76.0,66.0,7.0,3.0
2021-08-05 18:47:26,85.0,74.0,1.0,10.0
2021-08-05 18:47:27,100.0,89.0,8.0,3.0
2021-08-05 18:47:28,101.0,92.0,8.0,1.0
2021-08-05 18:47:29,90.0,76.0,7.0,7.0
2021-08-05 18:47:30,86.0,74.0,7.0,5.0
2021-08-05 18:47:31,92.0,85.0,5.0,2.0
2021-08-05 18:47:32,80.0,68.0,7.0,5.0
2021-08-05 18:47:33,64.0,56.0,5.0,3.0
2021-08-05 18:47:34,95.0,86.0,5.0,4.0
2021-08-05 18:47:35,87.0,71.0,9.0,7.0
2021-08-05 18:47:36,111.0,97.0,11.0,3.0
2021-08-05 18:47:37,85.0,76.0,4.0,5.0
2021-08-05 18:47:38,88.0,76.0,8.0,4.0
2021-08-05 18:47:39,73.0,66.0,5.0,2.0
2021-08-05 18:47:40,91.0,77.0,9.0,5.0
2021-08-05 18:47:41,107.0,90.0,8.0,9.0
2021-08-05 18:47:42,87.0,76.0,7.0,4.0
2021-08-05 18:47:43,79.0,67.0,8.0,4.0
2021-08-05 18:47:44,77.0,62.0,10.0,5.0
2021-08-05 18:47:45,90.0,79.0,8.0,3.0
2021-08-05 18:47:46,109.0,97.0,7.0,5.0
2021-08-05 18:47:47,80.0,67.0,6.0,7.0
2021-08-05 18:47:48,90.0,78.0,6.0,6.0
2021-08-05 18:47:49,94.0,85.0,5.0,4.0
2021-08-05 18:47:50,96.0,89.0,5.0,2.0
2021-08-05 18:47:51,89.0,75.0,9.0,5.0
2021-08-05 18:47:52,84.0,74.0,5.0,5.0
2021-08-05 18:47:53,93.0,77.0,11.0,5.0
2021-08-05 18:47:54,92.0,83.0,3.0,6.0
2021-08-05 18:47:55,101.0,92.0,4.0,5.0
2021-08-05 18:47:56,77.0,64.0,10.0,3.0
2021-08-05 18:47:57,103.0,93.0,8.0,2.0
2021-08-05 18:47:58,86.0,66.0,16.0,4.0
2021-08-05 18:47:59,82.0,73.0,5.0,4.0
2021-08-05 18:48:00,94.0,85.0,6.0,3.0
2021-08-05 18:48:01,79.0,73.0,5.0,1.0
2021-08-05 18:48:02,81.0,70.0,6.0,5.0
2021-08-05 18:48:03,86.0,78.0,5.0,3.0
2021-08-05 18:48:04,85.0,72.0,4.0,9.0
2021-08-05 18:48:05,78.0,72.0,5.0,1.0
2021-08-05 18:48:06,80.0,72.0,3.0,5.0
2021-08-05 18:48:07,80.0,68.0,5.0,7.0
2021-08-05 18:48:08,80.0,67.0,10.0,3.0
2021-08-05 18:48:09,72.0,63.0,4.0,5.0
2021-08-05 18:48:10,90.0,84.0,6.0,0.0
2021-08-05 18:48:11,84.0,71.0,9.0,4.0
2021-08-05 18:48:12,82.0,75.0,5.0,2.0
2021-08-05 18:48:13,76.0,67.0,5.0,4.0
2021-08-05 18:48:14,90.0,82.0,4.0,4.0
2021-08-05 18:48:15,77.0,67.0,7.0,3.0
2021-08-05 18:48:16,82.0,71.0,4.0,7.0
2021-08-05 18:48:17,104.0,91.0,9.0,4.0
2021-08-05 18:48:18,93.0,85.0,7.0,1.0
2021-08-05 18:48:19,91.0,83.0,7.0,1.0
2021-08-05 18:48:20,98.0,85.0,8.0,5.0
2021-08-05 18:48:21,76.0,69.0,5.0,2.0
2021-08-05 18:48:22,85.0,77.0,5.0,3.0
2021-08-05 18:48:23,75.0,67.0,5.0,3.0
2021-08-05 18:48:24,90.0,79.0,6.0,5.0
2021-08-05 18:48:25,70.0,62.0,3.0,5.0
2021-08-05 18:48:26,81.0,71.0,8.0,2.0
2021-08-05 18:48:27,84.0,77.0,3.0,4.0
2021-08-05 18:48:28,82.0,74.0,5.0,3.0
2021-08-05 18:48:29,97.0,82.0,10.0,5.0
2021-08-05 18:48:30,84.0,72.0,6.0,6.0
2021-08-05 18:48:31,87.0,79.0,5.0,3.0
2021-08-05 18:48:32,92.0,79.0,7.0,6.0
2021-08-05 18:48:33,70.0,64.0,5.0,1.0
2021-08-05 18:48:34,82.0,73.0,6.0,3.0
2021-08-05 18:48:35,91.0,85.0,2.0,4.0
2021-08-05 18:48:36,78.0,67.0,8.0,3.0
2021-08-05 18:48:37,91.0,84.0,4.0,3.0
2021-08-05 18:48:38,75.0,68.0,6.0,1.0
2021-08-05 18:48:39,96.0,86.0,7.0,3.0
2021-08-05 18:48:40,91.0,72.0,11.0,8.0
2021-08-05 18:48:41,75.0,66.0,5.0,4.0
2021-08-05 18:48:42,97.0,87.0,6.0,4.0
2021-08-05 18:48:43,84.0,73.0,6.0,5.0
2021-08-05 18:48:44,91.0,80.0,9.0,2.0
2021-08-05 18:48:45,95.0,83.0,9.0,3.0
2021-08-05 18:48:46,96.0,80.0,12.0,4.0
2021-08-05 18:48:47,92.0,81.0,9.0,2.0
2021-08-05 18:48:48,82.0,73.0,6.0,3.0
2021-08-05 18:48:49,78.0,70.0,5.0,3.0
2021-08-05 18:48:50,93.0,83.0,6.0,4.0
2021-08-05 18:48:51,93.0,85.0,4.0,4.0
2021-08-05 18:48:52,78.0,69.0,4.0,5.0
2021-08-05 18:48:53,95.0,84.0,3.0,8.0
2021-08-05 18:48:54,87.0,79.0,5.0,3.0
2021-08-05 18:48:55,90.0,76.0,7.0,7.0
2021-08-05 18:48:56,77.0,68.0,5.0,4.0
2021-08-05 18:48:57,98.0,86.0,6.0,6.0
2021-08-05 18:48:58,87.0,73.0,6.0,8.0
2021-08-05 18:48:59,89.0,77.0,4.0,8.0
2021-08-05 18:49:00,79.0,67.0,8.0,4.0
2021-08-05 18:49:01,80.0,68.0,6.0,6.0
2021-08-05 18:49:02,100.0,90.0,8.0,2.0
2021-08-05 18:49:03,71.0,54.0,9.0,8.0
2021-08-05 18:49:04,89.0,83.0,4.0,2.0
2021-08-05 18:49:05,93.0,84.0,4.0,5.0
2021-08-05 18:49:06,100.0,84.0,7.0,9.0
2021-08-05 18:49:07,95.0,83.0,8.0,4.0
2021-08-05 18:49:08,71.0,62.0,4.0,5.0
2021-08-05 18:49:09,97.0,83.0,10.0,4.0
2021-08-05 18:49:10,76.0,69.0,4.0,3.0
2021-08-05 18:49:11,88.0,75.0,6.0,7.0
2021-08-05 18:49:12,83.0,72.0,8.0,3.0
2021-08-05 18:49:13,86.0,78.0,3.0,5.0
2021-08-05 18:49:14,74.0,65.0,6.0,3.0
2021-08-05 18:49:15,90.0,84.0,5.0,1.0
2021-08-05 18:49:16,88.0,76.0,8.0,4.0
2021-08-05 18:49:17,88.0,82.0,4.0,2.0
2021-08-05 18:49:18,74.0,63.0,7.0,4.0
2021-08-05 18:49:19,99.0,83.0,9.0,7.0
2021-08-05 18:49:20,86.0,76.0,7.0,3.0
2021-08-05 18:49:21,81.0,65.0,10.0,6.0
2021-08-05 18:49:22,89.0,78.0,5.0,6.0
2021-08-05 18:49:23,87.0,74.0,5.0,8.0
2021-08-05 18:49:24,95.0,86.0,7.0,2.0
2021-08-05 18:49:25,101.0,85.0,8.0,8.0
2021-08-05 18:49:26,89.0,82.0,4.0,3.0
2021-08-05 18:49:27,80.0,72.0,4.0,4.0
2021-08-05 18:49:28,87.0,73.0,7.0,7.0
2021-08-05 18:49:29,80.0,72.0,6.0,2.0
2021-08-05 18:49:30,77.0,69.0,3.0,5.0
2021-08-05 18:49:31,87.0,79.0,5.0,3.0
2021-08-05 18:49:32,96.0,87.0,9.0,0.0
2021-08-05 18:49:33,103.0,88.0,10.0,5.0
2021-08-05 18:49:34,84.0,74.0,4.0,6.0
2021-08-05 18:49:35,93.0,77.0,8.0,8.0
2021-08-05 18:49:36,89.0,78.0,7.0,4.0
2021-08-05 18:49:37,93.0,82.0,8.0,3.0
2021-08-05 18:49:38,88.0,71.0,8.0,9.0
2021-08-05 18:49:39,89.0,76.0,7.0,6.0
2021-08-05 18:49:40,92.0,84.0,4.0,4.0
2021-08-05 18:49:41,102.0,93.0,6.0,3.0
2021-08-05 18:49:42,97.0,85.0,5.0,7.0
2021-08-05 18:49:43,73.0,67.0,5.0,1.0
2021-08-05 18:49:44,93.0,80.0,8.0,5.0
2021-08-05 18:49:45,79.0,70.0,6.0,3.0
2021-08-05 18:49:46,92.0,84.0,5.0,3.0
2021-08-05 18:49:47,97.0,86.0,7.0,4.0
2021-08-05 18:49:48,80.0,68.0,7.0,5.0
2021-08-05 18:49:49,71.0,66.0,3.0,2.0
2021-08-05 18:49:50,80.0,69.0,7.0,4.0
2021-08-05 18:49:51,101.0,89.0,6.0,6.0
2021-08-05 18:49:52,74.0,61.0,8.0,5.0
2021-08-05 18:49:53,85.0,75.0,6.0,4.0
2021-08-05 18:49:54,96.0,86.0,7.0,3.0
2021-08-05 18:49:55,92.0,81.0,7.0,4.0
2021-08-05 18:49:56,74.0,65.0,7.0,2.0
2021-08-05 18:49:57,91.0,82.0,4.0,5.0
2021-08-05 18:49:58,64.0,53.0,6.0,5.0
2021-08-05 18:49:59,79.0,72.0,6.0,1.0
2021-08-05 18:50:00,88.0,78.0,6.0,4.0
2021-08-05 18:50:01,80.0,72.0,5.0,3.0
2021-08-05 18:50:02,70.0,57.0,5.0,8.0
2021-08-05 18:50:03,78.0,73.0,3.0,2.0
2021-08-05 18:50:04,84.0,71.0,9.0,4.0
2021-08-05 18:50:05,76.0,67.0,3.0,6.0
2021-08-05 18:50:06,100.0,89.0,6.0,5.0
2021-08-05 18:50:07,67.0,58.0,7.0,2.0
2021-08-05 18:50:08,89.0,78.0,9.0,2.0
2021-08-05 18:50:09,105.0,86.0,13.0,6.0
2021-08-05 18:50:10,86.0,79.0,5.0,2.0
2021-08-05 18:50:11,94.0,86.0,4.0,4.0
2021-08-05 18:50:12,77.0,71.0,3.0,3.0
2021-08-05 18:50:13,91.0,85.0,4.0,2.0
2021-08-05 18:50:14,82.0,75.0,6.0,1.0
2021-08-05 18:50:15,83.0,70.0,8.0,5.0
2021-08-05 18:50:16,106.0,92.0,5.0,9.0
2021-08-05 18:50:17,81.0,70.0,8.0,3.0
2021-08-05 18:50:18,90.0,80.0,5.0,5.0
2021-08-05 18:50:19,92.0,79.0,7.0,6.0
2021-08-05 18:50:20,65.0,56.0,8.0,1.0
2021-08-05 18:50:21,103.0,89.0,8.0,6.0
2021-08-05 18:50:22,87.0,72.0,7.0,8.0
2021-08-05 18:50:23,88.0,77.0,5.0,6.0
2021-08-05 18:50:24,71.0,62.0,4.0,5.0
2021-08-05 18:50:25,76.0,65.0,8.0,3.0
2021-08-05 18:50:26,77.0,65.0,8.0,4.0
2021-08-05 18:50:27,83.0,76.0,4.0,3.0
2021-08-05 18:50:28,103.0,98.0,4.0,1.0
2021-08-05 18:50:29,90.0,80.0,6.0,4.0
2021-08-05 18:50:30,71.0,66.0,2.0,3.0
2021-08-05 18:50:31,96.0,81.0,10.0,5.0
2021-08-05 18:50:32,71.0,64.0,4.0,3.0
2021-08-05 18:50:33,96.0,85.0,4.0,7.0
2021-08-05 18:50:34,91.0,83.0,4.0,4.0
2021-08-05 18:50:35,79.0,70.0,5.0,4.0
2021-08-05 18:50:36,79.0,64.0,12.0,3.0
2021-08-05 18:50:37,78.0,62.0,7.0,9.0
2021-08-05 18:50:38,90.0,74.0,10.0,6.0
2021-08-05 18:50:39,98.0,86.0,8.0,4.0
2021-08-05 18:50:40,81.0,68.0,8.0,5.0
2021-08-05 18:50:41,70.0,58.0,4.0,8.0
2021-08-05 18:50:42,88.0,75.0,8.0,5.0
2021-08-05 18:50:43,84.0,73.0,6.0,5.0
2021-08-05 18:50:44,85.0,71.0,5.0,9.0
2021-08-05 18:50:45,88.0,80.0,4.0,4.0
2021-08-05 18:50:46,73.0,62.0,7.0,4.0
2021-08-05 18:50:47,94.0,86.0,6.0,2.0
2021-08-05 18:50:48,80.0,71.0,4.0,5.0
2021-08-05 18:50:49,93.0,87.0,4.0,2.0
2021-08-05 18:50:50,93.0,83.0,5.0,5.0
2021-08-05 18:50:51,66.0,59.0,6.0,1.0
2021-08-05 18:50:52,66.0,61.0,2.0,3.0
2021-08-05 18:50:53,82.0,68.0,8.0,6.0
2021-08-05 18:50:54,94.0,81.0,8.0,5.0
2021-08-05 18:50:55,84.0,70.0,10.0,4.0
2021-08-05 18:50:56,72.0,67.0,3.0,2.0
2021-08-05 18:50:57,83.0,71.0,6.0,6.0
2021-08-05 18:50:58,91.0,79.0,8.0,4.0
2021-08-05 18:50:59,91.0,83.0,3.0,5.0
2021-08-05 18:51:00,83.0,74.0,6.0,3.0
2021-08-05 18:51:01,75.0,63.0,7.0,5.0
2021-08-05 18:51:02,91.0,78.0,7.0,6.0
2021-08-05 18:51:03,78.0,64.0,8.0,6.0
2021-08-05 18:51:04,75.0,66.0,3.0,6.0
2021-08-05 18:51:05,88.0,77.0,6.0,5.0
2021-08-05 18:51:06,78.0,68.0,6.0,4.0
2021-08-05 18:51:07,83.0,73.0,5.0,5.0
2021-08-05 18:51:08,86.0,74.0,4.0,8.0
2021-08-05 18:51:09,91.0,84.0,5.0,2.0
2021-08-05 18:51:10,81.0,73.0,6.0,2.0
2021-08-05 18:51:11,87.0,78.0,6.0,3.0
2021-08-05 18:51:12,83.0,74.0,7.0,2.0
2021-08-05 18:51:13,76.0,70.0,2.0,4.0
2021-08-05 18:51:14,81.0,75.0,3.0,3.0
2021-08-05 18:51:15,74.0,62.0,8.0,4.0
2021-08-05 18:51:16,94.0,85.0,7.0,2.0
2021-08-05 18:51:17,78.0,72.0,4.0,2.0
2021-08-05 18:51:18,92.0,75.0,11.0,6.0
2021-08-05 18:51:19,92.0,83.0,6.0,3.0
2021-08-05 18:51:20,78.0,70.0,4.0,4.0
2021-08-05 18:51:21,86.0,75.0,8.0,3.0
2021-08-05 18:51:22,93.0,80.0,9.0,4.0
2021-08-05 18:51:23,95.0,83.0,6.0,6.0
2021-08-05 18:51:24,91.0,79.0,5.0,7.0
2021-08-05 18:51:25,98.0,89.0,4.0,5.0
2021-08-05 18:51:26,89.0,73.0,3.0,13.0
2021-08-05 18:51:27,91.0,78.0,9.0,4.0
2021-08-05 18:51:28,84.0,76.0,5.0,3.0
2021-08-05 18:51:29,85.0,73.0,7.0,5.0
2021-08-05 18:51:30,94.0,88.0,3.0,3.0
2021-08-05 18:51:31,85.0,76.0,7.0,2.0
2021-08-05 18:51:32,90.0,83.0,2.0,5.0
2021-08-05 18:51:33,90.0,83.0,4.0,3.0
2021-08-05 18:51:34,105.0,93.0,7.0,5.0
2021-08-05 18:51:35,82.0,72.0,5.0,5.0
2021-08-05 18:51:36,87.0,80.0,4.0,3.0
2021-08-05 18:51:37,84.0,69.0,8.0,7.0
2021-08-05 18:51:38,93.0,79.0,9.0,5.0
2021-08-05 18:51:39,84.0,69.0,9.0,6.0
2021-08-05 18:51:40,94.0,74.0,8.0,12.0
2021-08-05 18:51:41,91.0,83.0,4.0,4.0
2021-08-05 18:51:42,89.0,71.0,11.0,7.0
2021-08-05 18:51:43,101.0,92.0,5.0,4.0
2021-08-05 18:51:44,96.0,86.0,5.0,5.0
2021-08-05 18:51:45,74.0,65.0,3.0,6.0
2021-08-05 18:51:46,87.0,79.0,3.0,5.0
2021-08-05 18:51:47,92.0,83.0,6.0,3.0
2021-08-05 18:51:48,93.0,83.0,3.0,7.0
2021-08-05 18:51:49,77.0,62.0,12.0,3.0
2021-08-05 18:51:50,88.0,82.0,2.0,4.0
2021-08-05 18:51:51,103.0,91.0,7.0,5.0
2021-08-05 18:51:52,84.0,79.0,1.0,4.0
2021-08-05 18:51:53,75.0,67.0,4.0,4.0
2021-08-05 18:51:54,72.0,65.0,4.0,3.0
2021-08-05 18:51:55,74.0,64.0,9.0,1.0
2021-08-05 18:51:56,88.0,77.0,6.0,5.0
2021-08-05 18:51:57,81.0,73.0,3.0,5.0
2021-08-05 18:51:58,76.0,64.0,7.0,5.0
2021-08-05 18:51:59,86.0,68.0,9.0,9.0
2021-08-05 18:52:00,86.0,71.0,9.0,6.0
2021-08-05 18:52:01,77.0,69.0,5.0,3.0
2021-08-05 18:52:02,91.0,85.0,5.0,1.0
2021-08-05 18:52:03,80.0,74.0,4.0,2.0
2021-08-05 18:52:04,80.0,65.0,8.0,7.0
2021-08-05 18:52:05,84.0,70.0,12.0,2.0
2021-08-05 18:52:06,106.0,94.0,6.0,6.0
2021-08-05 18:52:07,80.0,68.0,8.0,4.0
2021-08-05 18:52:08,84.0,72.0,10.0,2.0
2021-08-05 18:52:09,87.0,75.0,11.0,1.0
2021-08-05 18:52:10,93.0,83.0,3.0,7.0
2021-08-05 18:52:11,76.0,70.0,4.0,2.0
2021-08-05 18:52:12,85.0,78.0,4.0,3.0
2021-08-05 18:52:13,81.0,75.0,4.0,2.0
2021-08-05 18:52:14,77.0,66.0,10.0,1.0
2021-08-05 18:52:15,103.0,89.0,10.0,4.0
2021-08-05 18:52:16,95.0,83.0,8.0,4.0
2021-08-05 18:52:17,99.0,85.0,8.0,6.0
2021-08-05 18:52:18,86.0,71.0,10.0,5.0
2021-08-05 18:52:19,86.0,75.0,5.0,6.0
2021-08-05 18:52:20,80.0,70.0,8.0,2.0
2021-08-05 18:52:21,77.0,66.0,4.0,7.0
2021-08-05 18:52:22,102.0,88.0,7.0,7.0
2021-08-05 18:52:23,91.0,81.0,7.0,3.0
2021-08-05 18:52:24,68.0,62.0,4.0,2.0
2021-08-05 18:52:25,86.0,71.0,9.0,6.0
2021-08-05 18:52:26,87.0,78.0,6.0,3.0
2021-08-05 18:52:27,85.0,75.0,7.0,3.0
2021-08-05 18:52:28,79.0,69.0,7.0,3.0
2021-08-05 18:52:29,96.0,84.0,7.0,5.0
2021-08-05 18:52:30,104.0,97.0,3.0,4.0
2021-08-05 18:52:31,88.0,73.0,4.0,11.0
2021-08-05 18:52:32,78.0,64.0,8.0,6.0
2021-08-05 18:52:33,95.0,81.0,11.0,3.0
2021-08-05 18:52:34,79.0,67.0,6.0,6.0
2021-08-05 18:52:35,93.0,79.0,5.0,9.0
2021-08-05 18:52:36,74.0,68.0,3.0,3.0
2021-08-05 18:52:37,81.0,73.0,4.0,4.0
2021-08-05 18:52:38,76.0,66.0,6.0,4.0
2021-08-05 18:52:39,93.0,85.0,6.0,2.0
2021-08-05 18:52:40,87.0,76.0,6.0,5.0
2021-08-05 18:52:41,91.0,82.0,5.0,4.0
2021-08-05 18:52:42,87.0,74.0,5.0,8.0
2021-08-05 18:52:43,71.0,63.0,5.0,3.0
2021-08-05 18:52:44,93.0,83.0,6.0,4.0
2021-08-05 18:52:45,84.0,69.0,11.0,4.0
2021-08-05 18:52:46,84.0,76.0,5.0,3.0
2021-08-05 18:52:47,74.0,68.0,4.0,2.0
2021-08-05 18:52:48,78.0,67.0,5.0,6.0
2021-08-05 18:52:49,88.0,72.0,10.0,6.0
2021-08-05 18:52:50,88.0,79.0,7.0,2.0
2021-08-05 18:52:51,94.0,84.0,6.0,4.0
2021-08-05 18:52:52,84.0,77.0,6.0,1.0
2021-08-05 18:52:53,101.0,93.0,4.0,4.0
2021-08-05 18:52:54,78.0,70.0,5.0,3.0
2021-08-05 18:52:55,74.0,63.0,7.0,4.0
2021-08-05 18:52:56,100.0,82.0,12.0,6.0
2021-08-05 18:52:57,82.0,68.0,9.0,5.0
2021-08-05 18:52:58,69.0,60.0,4.0,5.0
2021-08-05 18:52:59,69.0,58.0,7.0,4.0
2021-08-05 18:53:00,75.0,65.0,7.0,3.0
2021-08-05 18:53:01,76.0,71.0,5.0,0.0
2021-08-05 18:53:02,83.0,70.0,8.0,5.0
2021-08-05 18:53:03,94.0,82.0,7.0,5.0
2021-08-05 18:53:04,79.0,71.0,5.0,3.0
2021-08-05 18:53:05,76.0,65.0,6.0,5.0
2021-08-05 18:53:06,103.0,89.0,9.0,5.0
2021-08-05 18:53:07,86.0,78.0,5.0,3.0
2021-08-05 18:53:08,94.0,77.0,11.0,6.0
2021-08-05 18:53:09,94.0,88.0,4.0,2.0
2021-08-05 18:53:10,82.0,71.0,6.0,5.0
2021-08-05 18:53:11,82.0,73.0,7.0,2.0
2021-08-05 18:53:12,81.0,71.0,5.0,5.0
2021-08-05 18:53:13,89.0,76.0,5.0,8.0
2021-08-05 18:53:14,69.0,62.0,5.0,2.0
2021-08-05 18:53:15,92.0,82.0,6.0,4.0
2021-08-05 18:53:16,85.0,73.0,9.0,3.0
2021-08-05 18:53:17,83.0,81.0,1.0,1.0
2021-08-05 18:53:18,89.0,79.0,6.0,4.0
2021-08-05 18:53:19,78.0,68.0,7.0,3.0
2021-08-05 18:53:20,92.0,83.0,3.0,6.0
2021-08-05 18:53:21,106.0,90.0,7.0,9.0
2021-08-05 18:53:22,90.0,79.0,6.0,5.0
2021-08-05 18:53:23,79.0,70.0,6.0,3.0
2021-08-05 18:53:24,93.0,82.0,6.0,5.0
2021-08-05 18:53:25,92.0,76.0,10.0,6.0
2021-08-05 18:53:26,84.0,69.0,6.0,9.0
2021-08-05 18:53:27,87.0,75.0,6.0,6.0
2021-08-05 18:53:28,86.0,77.0,7.0,2.0
2021-08-05 18:53:29,87.0,74.0,7.0,6.0
2021-08-05 18:53:30,74.0,66.0,6.0,2.0
2021-08-05 18:53:31,91.0,82.0,7.0,2.0
2021-08-05 18:53:32,75.0,64.0,9.0,2.0
2021-08-05 18:53:33,76.0,67.0,8.0,1.0
2021-08-05 18:53:34,84.0,72.0,6.0,6.0
2021-08-05 18:53:35,91.0,77.0,8.0,6.0
2021-08-05 18:53:36,84.0,80.0,3.0,1.0
2021-08-05 18:53:37,102.0,91.0,8.0,3.0
2021-08-05 18:53:38,89.0,76.0,7.0,6.0
2021-08-05 18:53:39,77.0,72.0,4.0,1.0
2021-08-05 18:53:40,78.0,68.0,5.0,5.0
2021-08-05 18:53:41,72.0,65.0,5.0,2.0
2021-08-05 18:53:42,93.0,76.0,12.0,5.0
2021-08-05 18:53:43,107.0,96.0,3.0,8.0
2021-08-05 18:53:44,74.0,63.0,7.0,4.0
2021-08-05 18:53:45,82.0,71.0,8.0,3.0
2021-08-05 18:53:46,80.0,71.0,6.0,3.0
2021-08-05 18:53:47,74.0,70.0,3.0,1.0
2021-08-05 18:53:48,85.0,74.0,5.0,6.0
2021-08-05 18:53:49,105.0,95.0,4.0,6.0
2021-08-05 18:53:50,79.0,68.0,4.0,7.0
2021-08-05 18:53:51,91.0,76.0,7.0,8.0
2021-08-05 18:53:52,73.0,68.0,4.0,1.0
2021-08-05 18:53:53,86.0,79.0,6.0,1.0
2021-08-05 18:53:54,91.0,80.0,9.0,2.0
2021-08-05 18:53:55,92.0,81.0,10.0,1.0
2021-08-05 18:53:56,90.0,80.0,7.0,3.0
2021-08-05 18:53:57,74.0,69.0,4.0,1.0
2021-08-05 18:53:58,83.0,74.0,6.0,3.0
2021-08-05 18:53:59,91.0,82.0,5.0,4.0
2021-08-05 18:54:00,84.0,75.0,6.0,3.0
2021-08-05 18:54:01,95.0,86.0,8.0,1.0
2021-08-05 18:54:02,85.0,75.0,7.0,3.0
2021-08-05 18:54:03,76.0,66.0,8.0,2.0
2021-08-05 18:54:04,84.0,74.0,6.0,4.0
2021-08-05 18:54:05,89.0,74.0,7.0,8.0
2021-08-05 18:54:06,98.0,89.0,5.0,4.0
2021-08-05 18:54:07,78.0,71.0,4.0,3.0
2021-08-05 18:54:08,92.0,83.0,3.0,6.0
2021-08-05 18:54:09,78.0,69.0,7.0,2.0
2021-08-05 18:54:10,100.0,84.0,8.0,8.0
2021-08-05 18:54:11,79.0,73.0,3.0,3.0
2021-08-05 18:54:12,97.0,88.0,4.0,5.0
2021-08-05 18:54:13,89.0,81.0,5.0,3.0
2021-08-05 18:54:14,76.0,65.0,3.0,8.0
2021-08-05 18:54:15,83.0,65.0,12.0,6.0
2021-08-05 18:54:16,88.0,75.0,9.0,4.0
2021-08-05 18:54:17,82.0,68.0,10.0,4.0
2021-08-05 18:54:18,87.0,80.0,4.0,3.0
2021-08-05 18:54:19,81.0,72.0,6.0,3.0
2021-08-05 18:54:20,91.0,82.0,6.0,3.0
2021-08-05 18:54:21,78.0,69.0,6.0,3.0
2021-08-05 18:54:22,88.0,80.0,6.0,2.0
2021-08-05 18:54:23,75.0,68.0,2.0,5.0
2021-08-05 18:54:24,116.0,104.0,9.0,3.0
2021-08-05 18:54:25,83.0,73.0,5.0,5.0
2021-08-05 18:54:26,97.0,90.0,4.0,3.0
2021-08-05 18:54:27,83.0,70.0,7.0,6.0
2021-08-05 18:54:28,84.0,72.0,6.0,6.0
2021-08-05 18:54:29,89.0,78.0,4.0,7.0
2021-08-05 18:54:30,91.0,85.0,1.0,5.0
2021-08-05 18:54:31,88.0,78.0,9.0,1.0
2021-08-05 18:54:32,87.0,73.0,13.0,1.0
2021-08-05 18:54:33,87.0,72.0,8.0,7.0
2021-08-05 18:54:34,87.0,81.0,6.0,0.0
2021-08-05 18:54:35,84.0,75.0,3.0,6.0
2021-08-05 18:54:36,90.0,80.0,5.0,5.0
2021-08-05 18:54:37,91.0,77.0,7.0,7.0
2021-08-05 18:54:38,72.0,63.0,6.0,3.0
2021-08-05 18:54:39,75.0,63.0,7.0,5.0
2021-08-05 18:54:40,79.0,72.0,5.0,2.0
2021-08-05 18:54:41,80.0,74.0,3.0,3.0
2021-08-05 18:54:42,76.0,68.0,4.0,4.0
2021-08-05 18:54:43,95.0,83.0,5.0,7.0
2021-08-05 18:54:44,92.0,78.0,8.0,6.0
2021-08-05 18:54:45,96.0,83.0,6.0,7.0
2021-08-05 18:54:46,96.0,85.0,10.0,1.0
2021-08-05 18:54:47,76.0,69.0,6.0,1.0
2021-08-05 18:54:48,97.0,81.0,8.0,8.0
2021-08-05 18:54:49,88.0,76.0,9.0,3.0
2021-08-05 18:54:50,89.0,80.0,5.0,4.0
2021-08-05 18:54:51,85.0,71.0,8.0,6.0
2021-08-05 18:54:52,78.0,68.0,7.0,3.0
2021-08-05 18:54:53,81.0,69.0,8.0,4.0
2021-08-05 18:54:54,87.0,71.0,7.0,9.0
2021-08-05 18:54:55,83.0,70.0,5.0,8.0
2021-08-05 18:54:56,83.0,75.0,4.0,4.0
2021-08-05 18:54:57,90.0,78.0,5.0,7.0
2021-08-05 18:54:58,83.0,75.0,3.0,5.0
2021-08-05 18:54:59,83.0,74.0,6.0,3.0
2021-08-05 18:55:00,89.0,76.0,10.0,3.0
2021-08-05 18:55:01,78.0,68.0,5.0,5.0
2021-08-05 18:55:02,79.0,69.0,5.0,5.0
2021-08-05 18:55:03,101.0,89.0,9.0,3.0
2021-08-05 18:55:04,94.0,87.0,3.0,4.0
2021-08-05 18:55:05,82.0,75.0,5.0,2.0
2021-08-05 18:55:06,93.0,80.0,8.0,5.0
2021-08-05 18:55:07,88.0,79.0,7.0,2.0
2021-08-05 18:55:08,89.0,78.0,6.0,5.0
2021-08-05 18:55:09,91.0,78.0,6.0,7.0
2021-08-05 18:55:10,83.0,72.0,9.0,2.0
2021-08-05 18:55:11,80.0,69.0,6.0,5.0
2021-08-05 18:55:12,85.0,76.0,6.0,3.0
2021-08-05 18:55:13,63.0,57.0,3.0,3.0
2021-08-05 18:55:14,93.0,81.0,9.0,3.0
2021-08-05 18:55:15,82.0,68.0,8.0,6.0
2021-08-05 18:55:16,86.0,74.0,6.0,6.0
2021-08-05 18:55:17,76.0,65.0,3.0,8.0
2021-08-05 18:55:18,89.0,81.0,4.0,4.0
2021-08-05 18:55:19,86.0,74.0,8.0,4.0
2021-08-05 18:55:20,99.0,87.0,9.0,3.0
2021-08-05 18:55:21,68.0,59.0,7.0,2.0
2021-08-05 18:55:22,90.0,76.0,8.0,6.0
2021-08-05 18:55:23,100.0,92.0,6.0,2.0
2021-08-05 18:55:24,87.0,76.0,9.0,2.0
2021-08-05 18:55:25,88.0,76.0,8.0,4.0
2021-08-05 18:55:26,72.0,64.0,4.0,4.0
2021-08-05 18:55:27,97.0,78.0,12.0,7.0
2021-08-05 18:55:28,88.0,82.0,6.0,0.0
2021-08-05 18:55:29,75.0,64.0,6.0,5.0
2021-08-05 18:55:30,73.0,61.0,6.0,6.0
2021-08-05 18:55:31,87.0,78.0,6.0,3.0
2021-08-05 18:55:32,99.0,85.0,9.0,5.0
2021-08-05 18:55:33,72.0,65.0,1.0,6.0
2021-08-05 18:55:34,85.0,80.0,3.0,2.0
2021-08-05 18:55:35,87.0,79.0,7.0,1.0
2021-08-05 18:55:36,84.0,70.0,9.0,5.0
2021-08-05 18:55:37,92.0,82.0,7.0,3.0
2021-08-05 18:55:38,82.0,75.0,4.0,3.0
2021-08-05 18:55:39,89.0,77.0,9.0,3.0
2021-08-05 18:55:40,84.0,77.0,3.0,4.0
2021-08-05 18:55:41,69.0,59.0,4.0,6.0
2021-08-05 18:55:42,91.0,83.0,4.0,4.0
2021-08-05 18:55:43,97.0,81.0,6.0,10.0
2021-08-05 18:55:44,87.0,74.0,7.0,6.0
2021-08-05 18:55:45,102.0,97.0,3.0,2.0
2021-08-05 18:55:46,83.0,73.0,6.0,4.0
2021-08-05 18:55:47,82.0,72.0,4.0,6.0
2021-08-05 18:55:48,98.0,88.0,6.0,4.0
2021-08-05 18:55:49,87.0,76.0,7.0,4.0
2021-08-05 18:55:50,81.0,74.0,2.0,5.0
2021-08-05 18:55:51,112.0,96.0,8.0,8.0
2021-08-05 18:55:52,82.0,70.0,10.0,2.0
2021-08-05 18:55:53,85.0,75.0,5.0,5.0
2021-08-05 18:55:54,87.0,71.0,10.0,6.0
2021-08-05 18:55:55,100.0,87.0,7.0,6.0
2021-08-05 18:55:56,88.0,78.0,6.0,4.0
2021-08-05 18:55:57,91.0,73.0,10.0,8.0
2021-08-05 18:55:58,82.0,72.0,7.0,3.0
2021-08-05 18:55:59,83.0,72.0,6.0,5.0
2021-08-05 18:56:00,90.0,84.0,4.0,2.0
2021-08-05 18:56:01,77.0,67.0,8.0,2.0
2021-08-05 18:56:02,84.0,75.0,6.0,3.0
2021-08-05 18:56:03,85.0,79.0,5.0,1.0
2021-08-05 18:56:04,94.0,81.0,7.0,6.0
2021-08-05 18:56:05,101.0,89.0,7.0,5.0
2021-08-05 18:56:06,82.0,70.0,7.0,5.0
2021-08-05 18:56:07,90.0,73.0,11.0,6.0
2021-08-05 18:56:08,66.0,57.0,5.0,4.0
2021-08-05 18:56:09,91.0,78.0,7.0,6.0
2021-08-05 18:56:10,91.0,77.0,10.0,4.0
2021-08-05 18:56:11,99.0,91.0,6.0,2.0
2021-08-05 18:56:12,86.0,73.0,6.0,7.0
2021-08-05 18:56:13,78.0,74.0,2.0,2.0
2021-08-05 18:56:14,86.0,78.0,6.0,2.0
2021-08-05 18:56:15,78.0,67.0,9.0,2.0
2021-08-05 18:56:16,85.0,71.0,5.0,9.0
2021-08-05 18:56:17,95.0,81.0,9.0,5.0
2021-08-05 18:56:18,81.0,68.0,8.0,5.0
2021-08-05 18:56:19,89.0,76.0,11.0,2.0
2021-08-05 18:56:20,94.0,80.0,8.0,6.0
2021-08-05 18:56:21,94.0,78.0,11.0,5.0
2021-08-05 18:56:22,81.0,71.0,6.0,4.0
2021-08-05 18:56:23,86.0,74.0,6.0,6.0
2021-08-05 18:56:24,87.0,77.0,9.0,1.0
2021-08-05 18:56:25,82.0,76.0,3.0,3.0
2021-08-05 18:56:26,106.0,93.0,7.0,6.0
2021-08-05 18:56:27,99.0,85.0,9.0,5.0
2021-08-05 18:56:28,68.0,61.0,3.0,4.0
2021-08-05 18:56:29,83.0,70.0,12.0,1.0
2021-08-05 18:56:30,78.0,71.0,6.0,1.0
2021-08-05 18:56:31,78.0,65.0,5.0,8.0
2021-08-05 18:56:32,71.0,58.0,7.0,6.0
2021-08-05 18:56:33,89.0,74.0,11.0,4.0
2021-08-05 18:56:34,80.0,72.0,8.0,0.0
2021-08-05 18:56:35,82.0,70.0,6.0,6.0
2021-08-05 18:56:36,83.0,71.0,8.0,4.0
2021-08-05 18:56:37,85.0,80.0,4.0,1.0
2021-08-05 18:56:38,84.0,73.0,4.0,7.0
2021-08-05 18:56:39,89.0,75.0,9.0,5.0
2021-08-05 18:56:40,90.0,78.0,5.0,7.0
2021-08-05 18:56:41,60.0,50.0,3.0,7.0
2021-08-05 18:56:42,83.0,73.0,7.0,3.0
2021-08-05 18:56:43,93.0,80.0,6.0,7.0
2021-08-05 18:56:44,87.0,73.0,11.0,3.0
2021-08-05 18:56:45,86.0,73.0,8.0,5.0
2021-08-05 18:56:46,95.0,80.0,9.0,6.0
2021-08-05 18:56:47,82.0,66.0,10.0,6.0
2021-08-05 18:56:48,75.0,67.0,4.0,4.0
2021-08-05 18:56:49,93.0,79.0,9.0,5.0
2021-08-05 18:56:50,83.0,78.0,3.0,2.0
2021-08-05 18:56:51,80.0,70.0,6.0,4.0
2021-08-05 18:56:52,78.0,70.0,4.0,4.0
2021-08-05 18:56:53,88.0,81.0,4.0,3.0
2021-08-05 18:56:54,97.0,84.0,8.0,5.0
2021-08-05 18:56:55,87.0,77.0,5.0,5.0
2021-08-05 18:56:56,83.0,73.0,4.0,6.0
2021-08-05 18:56:57,88.0,73.0,9.0,6.0
2021-08-05 18:56:58,74.0,66.0,4.0,4.0
2021-08-05 18:56:59,82.0,73.0,5.0,4.0
2021-08-05 18:57:00,93.0,82.0,6.0,5.0
2021-08-05 18:57:01,86.0,76.0,7.0,3.0
2021-08-05 18:57:02,96.0,87.0,5.0,4.0
2021-08-05 18:57:03,102.0,88.0,6.0,8.0
2021-08-05 18:57:04,85.0,74.0,7.0,4.0
2021-08-05 18:57:05,105.0,91.0,8.0,6.0
2021-08-05 18:57:06,85.0,74.0,7.0,4.0
2021-08-05 18:57:07,94.0,78.0,10.0,6.0
2021-08-05 18:57:08,81.0,71.0,8.0,2.0
2021-08-05 18:57:09,78.0,72.0,6.0,0.0
2021-08-05 18:57:10,94.0,82.0,7.0,5.0
2021-08-05 18:57:11,99.0,89.0,6.0,4.0
2021-08-05 18:57:12,87.0,74.0,7.0,6.0
2021-08-05 18:57:13,93.0,80.0,9.0,4.0
2021-08-05 18:57:14,80.0,70.0,4.0,6.0
2021-08-05 18:57:15,78.0,59.0,10.0,9.0
2021-08-05 18:57:16,81.0,75.0,3.0,3.0
2021-08-05 18:57:17,92.0,78.0,9.0,5.0
2021-08-05 18:57:18,96.0,85.0,7.0,4.0
2021-08-05 18:57:19,90.0,82.0,3.0,5.0
2021-08-05 18:57:20,78.0,72.0,5.0,1.0
2021-08-05 18:57:21,69.0,65.0,2.0,2.0
2021-08-05 18:57:22,86.0,77.0,4.0,5.0
2021-08-05 18:57:23,73.0,62.0,10.0,1.0
2021-08-05 18:57:24,92.0,79.0,10.0,3.0
2021-08-05 18:57:25,80.0,74.0,3.0,3.0
2021-08-05 18:57:26,75.0,63.0,7.0,5.0
2021-08-05 18:57:27,93.0,81.0,10.0,2.0
2021-08-05 18:57:28,99.0,89.0,7.0,3.0
2021-08-05 18:57:29,94.0,84.0,4.0,6.0
2021-08-05 18:57:30,82.0,73.0,9.0,0.0
2021-08-05 18:57:31,71.0,64.0,3.0,4.0
2021-08-05 18:57:32,98.0,85.0,10.0,3.0
2021-08-05 18:57:33,103.0,94.0,6.0,3.0
2021-08-05 18:57:34,89.0,76.0,5.0,8.0
2021-08-05 18:57:35,92.0,77.0,8.0,7.0
2021-08-05 18:57:36,99.0,83.0,8.0,8.0
2021-08-05 18:57:37,85.0,74.0,5.0,6.0
2021-08-05 18:57:38,79.0,73.0,4.0,2.0
2021-08-05 18:57:39,76.0,70.0,2.0,4.0
2021-08-05 18:57:40,93.0,78.0,10.0,5.0
2021-08-05 18:57:41,82.0,74.0,5.0,3.0
2021-08-05 18:57:42,92.0,78.0,9.0,5.0
2021-08-05 18:57:43,74.0,64.0,6.0,4.0
2021-08-05 18:57:44,84.0,72.0,4.0,8.0
2021-08-05 18:57:45,82.0,71.0,6.0,5.0
2021-08-05 18:57:46,81.0,74.0,4.0,3.0
2021-08-05 18:57:47,79.0,75.0,2.0,2.0
2021-08-05 18:57:48,95.0,86.0,4.0,5.0
2021-08-05 18:57:49,71.0,59.0,6.0,6.0
2021-08-05 18:57:50,93.0,79.0,10.0,4.0
2021-08-05 18:57:51,99.0,89.0,7.0,3.0
2021-08-05 18:57:52,95.0,85.0,6.0,4.0
2021-08-05 18:57:53,85.0,78.0,3.0,4.0
2021-08-05 18:57:54,109.0,98.0,8.0,3.0
2021-08-05 18:57:55,91.0,79.0,6.0,6.0
2021-08-05 18:57:56,93.0,85.0,4.0,4.0
2021-08-05 18:57:57,80.0,72.0,5.0,3.0
2021-08-05 18:57:58,87.0,78.0,5.0,4.0
2021-08-05 18:57:59,87.0,78.0,7.0,2.0
2021-08-05 18:58:00,77.0,64.0,7.0,6.0
2021-08-05 18:58:01,77.0,68.0,8.0,1.0
2021-08-05 18:58:02,89.0,75.0,9.0,5.0
2021-08-05 18:58:03,98.0,82.0,12.0,4.0
2021-08-05 18:58:04,73.0,66.0,5.0,2.0
2021-08-05 18:58:05,84.0,73.0,7.0,4.0
2021-08-05 18:58:06,83.0,71.0,7.0,5.0
2021-08-05 18:58:07,80.0,72.0,4.0,4.0
2021-08-05 18:58:08,80.0,70.0,7.0,3.0
2021-08-05 18:58:09,90.0,81.0,4.0,5.0
2021-08-05 18:58:10,77.0,70.0,3.0,4.0
2021-08-05 18:58:11,74.0,65.0,5.0,4.0
2021-08-05 18:58:12,88.0,74.0,8.0,6.0
2021-08-05 18:58:13,89.0,83.0,4.0,2.0
2021-08-05 18:58:14,91.0,81.0,7.0,3.0
2021-08-05 18:58:15,72.0,63.0,6.0,3.0
2021-08-05 18:58:16,83.0,65.0,10.0,8.0
2021-08-05 18:58:17,93.0,84.0,6.0,3.0
2021-08-05 18:58:18,81.0,71.0,8.0,2.0
2021-08-05 18:58:19,83.0,76.0,5.0,2.0
2021-08-05 18:58:20,79.0,70.0,4.0,5.0
2021-08-05 18:58:21,92.0,83.0,5.0,4.0
2021-08-05 18:58:22,89.0,77.0,7.0,5.0
2021-08-05 18:58:23,94.0,81.0,8.0,5.0
2021-08-05 18:58:24,81.0,72.0,8.0,1.0
2021-08-05 18:58:25,91.0,80.0,4.0,7.0
2021-08-05 18:58:26,90.0,83.0,5.0,2.0
2021-08-05 18:58:27,86.0,79.0,6.0,1.0
2021-08-05 18:58:28,84.0,75.0,6.0,3.0
2021-08-05 18:58:29,76.0,68.0,7.0,1.0
2021-08-05 18:58:30,73.0,64.0,2.0,7.0
2021-08-05 18:58:31,81.0,73.0,4.0,4.0
2021-08-05 18:58:32,98.0,91.0,4.0,3.0
2021-08-05 18:58:33,80.0,76.0,2.0,2.0
2021-08-05 18:58:34,81.0,73.0,7.0,1.0
2021-08-05 18:58:35,96.0,83.0,7.0,6.0
2021-08-05 18:58:36,76.0,65.0,11.0,0.0
2021-08-05 18:58:37,83.0,83.0,0.0,0.0
2021-08-05 18:58:38,72.0,65.0,6.0,1.0
2021-08-05 18:58:39,79.0,67.0,6.0,6.0
2021-08-05 18:58:40,76.0,64.0,8.0,4.0
2021-08-05 18:58:41,77.0,67.0,7.0,3.0
2021-08-05 18:58:42,76.0,69.0,5.0,2.0
2021-08-05 18:58:43,88.0,78.0,7.0,3.0
2021-08-05 18:58:44,85.0,78.0,5.0,2.0
2021-08-05 18:58:45,100.0,91.0,7.0,2.0
2021-08-05 18:58:46,78.0,66.0,4.0,8.0
2021-08-05 18:58:47,77.0,69.0,7.0,1.0
2021-08-05 18:58:48,84.0,69.0,5.0,10.0
2021-08-05 18:58:49,77.0,65.0,7.0,5.0
2021-08-05 18:58:50,103.0,93.0,8.0,2.0
2021-08-05 18:58:51,94.0,76.0,14.0,4.0
2021-08-05 18:58:52,89.0,79.0,7.0,3.0
2021-08-05 18:58:53,93.0,83.0,6.0,4.0
2021-08-05 18:58:54,82.0,77.0,5.0,0.0
2021-08-05 18:58:55,94.0,83.0,5.0,6.0
2021-08-05 18:58:56,76.0,66.0,9.0,1.0
2021-08-05 18:58:57,84.0,73.0,7.0,4.0
2021-08-05 18:58:58,100.0,86.0,9.0,5.0
2021-08-05 18:58:59,90.0,79.0,5.0,6.0
2021-08-05 18:59:00,90.0,85.0,2.0,3.0
2021-08-05 18:59:01,76.0,69.0,6.0,1.0
2021-08-05 18:59:02,80.0,71.0,8.0,1.0
2021-08-05 18:59:03,92.0,79.0,9.0,4.0
2021-08-05 18:59:04,89.0,78.0,8.0,3.0
2021-08-05 18:59:05,86.0,74.0,5.0,7.0
2021-08-05 18:59:06,92.0,82.0,5.0,5.0
2021-08-05 18:59:07,75.0,65.0,5.0,5.0
2021-08-05 18:59:08,85.0,74.0,5.0,6.0
2021-08-05 18:59:09,88.0,74.0,9.0,5.0
2021-08-05 18:59:10,113.0,106.0,3.0,4.0
2021-08-05 18:59:11,87.0,79.0,7.0,1.0
2021-08-05 18:59:12,92.0,81.0,9.0,2.0
2021-08-05 18:59:13,85.0,79.0,4.0,2.0
2021-08-05 18:59:14,82.0,72.0,2.0,8.0
2021-08-05 18:59:15,84.0,73.0,9.0,2.0
2021-08-05 18:59:16,81.0,69.0,9.0,3.0
2021-08-05 18:59:17,89.0,79.0,5.0,5.0
2021-08-05 18:59:18,81.0,72.0,6.0,3.0
2021-08-05 18:59:19,102.0,87.0,9.0,6.0
2021-08-05 18:59:20,71.0,66.0,3.0,2.0
2021-08-05 18:59:21,79.0,73.0,5.0,1.0
2021-08-05 18:59:22,72.0,61.0,5.0,6.0
2021-08-05 18:59:23,92.0,80.0,5.0,7.0
2021-08-05 18:59:24,82.0,70.0,8.0,4.0
2021-08-05 18:59:25,81.0,71.0,7.0,3.0
2021-08-05 18:59:26,97.0,86.0,6.0,5.0
2021-08-05 18:59:27,78.0,72.0,2.0,4.0
2021-08-05 18:59:28,80.0,69.0,7.0,4.0
2021-08-05 18:59:29,93.0,86.0,4.0,3.0
2021-08-05 18:59:30,76.0,66.0,8.0,2.0
2021-08-05 18:59:31,88.0,77.0,5.0,6.0
2021-08-05 18:59:32,79.0,64.0,5.0,10.0
2021-08-05 18:59:33,100.0,90.0,6.0,4.0
2021-08-05 18:59:34,98.0,84.0,9.0,5.0
2021-08-05 18:59:35,87.0,76.0,6.0,5.0
2021-08-05 18:59:36,88.0,79.0,6.0,3.0
2021-08-05 18:59:37,85.0,68.0,9.0,8.0
2021-08-05 18:59:38,99.0,88.0,6.0,5.0
2021-08-05 18:59:39,71.0,68.0,1.0,2.0
2021-08-05 18:59:40,94.0,84.0,7.0,3.0
2021-08-05 18:59:41,96.0,87.0,5.0,4.0
2021-08-05 18:59:42,87.0,77.0,6.0,4.0
2021-08-05 18:59:43,105.0,89.0,10.0,6.0
2021-08-05 18:59:44,84.0,71.0,6.0,7.0
2021-08-05 18:59:45,80.0,71.0,3.0,6.0
2021-08-05 18:59:46,76.0,66.0,6.0,4.0
2021-08-05 18:59:47,87.0,76.0,5.0,6.0
2021-08-05 18:59:48,73.0,57.0,10.0,6.0
2021-08-05 18:59:49,70.0,62.0,4.0,4.0
2021-08-05 18:59:50,88.0,80.0,3.0,5.0
2021-08-05 18:59:51,106.0,90.0,14.0,2.0
2021-08-05 18:59:52,77.0,68.0,4.0,5.0
2021-08-05 18:59:53,74.0,62.0,7.0,5.0
2021-08-05 18:59:54,68.0,60.0,3.0,5.0
2021-08-05 18:59:55,86.0,72.0,8.0,6.0
2021-08-05 18:59:56,98.0,82.0,13.0,3.0
2021-08-05 18:59:57,73.0,58.0,10.0,5.0
2021-08-05 18:59:58,96.0,89.0,4.0,3.0
2021-08-05 18:59:59,83.0,71.0,8.0,4.0
2021-08-05 19:00:00,96.0,83.0,7.0,6.0
2021-08-05 19:00:01,78.0,69.0,3.0,6.0
2021-08-05 19:00:02,77.0,72.0,3.0,2.0
2021-08-05 19:00:03,79.0,70.0,5.0,4.0
2021-08-05 19:00:04,76.0,69.0,5.0,2.0
2021-08-05 19:00:05,99.0,94.0,4.0,1.0
2021-08-05 19:00:06,104.0,90.0,10.0,4.0
2021-08-05 19:00:07,85.0,71.0,11.0,3.0
2021-08-05 19:00:08,79.0,63.0,11.0,5.0
2021-08-05 19:00:09,84.0,75.0,6.0,3.0
2021-08-05 19:00:10,86.0,75.0,9.0,2.0
2021-08-05 19:00:11,95.0,85.0,4.0,6.0
2021-08-05 19:00:12,71.0,64.0,2.0,5.0
2021-08-05 19:00:13,95.0,86.0,7.0,2.0
2021-08-05 19:00:14,81.0,69.0,7.0,5.0
2021-08-05 19:00:15,82.0,72.0,6.0,4.0
2021-08-05 19:00:16,84.0,69.0,7.0,8.0
2021-08-05 19:00:17,99.0,91.0,5.0,3.0
2021-08-05 19:00:18,78.0,69.0,6.0,3.0
2021-08-05 19:00:19,74.0,65.0,7.0,2.0
2021-08-05 19:00:20,96.0,86.0,9.0,1.0
2021-08-05 19:00:21,103.0,94.0,8.0,1.0
2021-08-05 19:00:22,71.0,60.0,3.0,8.0
2021-08-05 19:00:23,98.0,89.0,5.0,4.0
2021-08-05 19:00:24,91.0,83.0,5.0,3.0
2021-08-05 19:00:25,79.0,69.0,7.0,3.0
2021-08-05 19:00:26,74.0,65.0,6.0,3.0
2021-08-05 19:00:27,82.0,76.0,4.0,2.0
2021-08-05 19:00:28,70.0,59.0,10.0,1.0
2021-08-05 19:00:29,77.0,65.0,11.0,1.0
2021-08-05 19:00:30,86.0,75.0,7.0,4.0
2021-08-05 19:00:31,68.0,59.0,5.0,4.0
2021-08-05 19:00:32,79.0,72.0,5.0,2.0
2021-08-05 19:00:33,99.0,82.0,5.0,12.0
2021-08-05 19:00:34,82.0,69.0,7.0,6.0
2021-08-05 19:00:35,94.0,83.0,7.0,4.0
2021-08-05 19:00:36,85.0,74.0,6.0,5.0
2021-08-05 19:00:37,90.0,82.0,6.0,2.0
2021-08-05 19:00:38,87.0,76.0,4.0,7.0
2021-08-05 19:00:39,90.0,79.0,5.0,6.0
2021-08-05 19:00:40,102.0,90.0,8.0,4.0
2021-08-05 19:00:41,74.0,68.0,2.0,4.0
2021-08-05 19:00:42,89.0,78.0,3.0,8.0
2021-08-05 19:00:43,78.0,74.0,4.0,0.0
2021-08-05 19:00:44,94.0,85.0,6.0,3.0
2021-08-05 19:00:45,76.0,67.0,4.0,5.0
2021-08-05 19:00:46,71.0,63.0,5.0,3.0
2021-08-05 19:00:47,89.0,76.0,9.0,4.0
2021-08-05 19:00:48,80.0,74.0,3.0,3.0
2021-08-05 19:00:49,86.0,77.0,2.0,7.0
2021-08-05 19:00:50,77.0,67.0,6.0,4.0
2021-08-05 19:00:51,101.0,90.0,7.0,4.0
2021-08-05 19:00:52,78.0,70.0,5.0,3.0
2021-08-05 19:00:53,90.0,82.0,6.0,2.0
2021-08-05 19:00:54,86.0,77.0,4.0,5.0
2021-08-05 19:00:55,82.0,64.0,11.0,7.0
2021-08-05 19:00:56,88.0,76.0,8.0,4.0
2021-08-05 19:00:57,80.0,71.0,3.0,6.0
2021-08-05 19:00:58,85.0,75.0,5.0,5.0
2021-08-05 19:00:59,79.0,68.0,7.0,4.0
2021-08-05 19:01:00,77.0,68.0,2.0,7.0
2021-08-05 19:01:01,96.0,85.0,8.0,3.0
2021-08-05 19:01:02,81.0,73.0,5.0,3.0
2021-08-05 19:01:03,73.0,62.0,8.0,3.0
2021-08-05 19:01:04,90.0,79.0,8.0,3.0
2021-08-05 19:01:05,88.0,80.0,6.0,2.0
2021-08-05 19:01:06,85.0,78.0,6.0,1.0
2021-08-05 19:01:07,82.0,70.0,7.0,5.0
2021-08-05 19:01:08,87.0,73.0,7.0,7.0
2021-08-05 19:01:09,72.0,59.0,6.0,7.0
2021-08-05 19:01:10,67.0,61.0,3.0,3.0
2021-08-05 19:01:11,79.0,71.0,5.0,3.0
2021-08-05 19:01:12,89.0,82.0,7.0,0.0
2021-08-05 19:01:13,76.0,66.0,8.0,2.0
2021-08-05 19:01:14,86.0,77.0,4.0,5.0
2021-08-05 19:01:15,98.0,82.0,11.0,5.0
2021-08-05 19:01:16,89.0,78.0,9.0,2.0
2021-08-05 19:01:17,88.0,73.0,11.0,4.0
2021-08-05 19:01:18,88.0,80.0,4.0,4.0
2021-08-05 19:01:19,83.0,77.0,4.0,2.0
2021-08-05 19:01:20,84.0,71.0,10.0,3.0
2021-08-05 19:01:21,75.0,64.0,8.0,3.0
2021-08-05 19:01:22,90.0,85.0,4.0,1.0
2021-08-05 19:01:23,89.0,75.0,8.0,6.0
2021-08-05 19:01:24,73.0,64.0,6.0,3.0
2021-08-05 19:01:25,96.0,85.0,8.0,3.0
2021-08-05 19:01:26,71.0,64.0,3.0,4.0
2021-08-05 19:01:27,109.0,95.0,10.0,4.0
2021-08-05 19:01:28,67.0,60.0,6.0,1.0
2021-08-05 19:01:29,63.0,51.0,5.0,7.0
2021-08-05 19:01:30,98.0,87.0,9.0,2.0
2021-08-05 19:01:31,101.0,92.0,8.0,1.0
2021-08-05 19:01:32,77.0,71.0,3.0,3.0
2021-08-05 19:01:33,95.0,80.0,8.0,7.0
2021-08-05 19:01:34,71.0,64.0,4.0,3.0
2021-08-05 19:01:35,92.0,81.0,4.0,7.0
2021-08-05 19:01:36,86.0,74.0,7.0,5.0
2021-08-05 19:01:37,67.0,60.0,4.0,3.0
2021-08-05 19:01:38,103.0,88.0,9.0,6.0
2021-08-05 19:01:39,102.0,94.0,7.0,1.0
2021-08-05 19:01:40,95.0,81.0,8.0,6.0
2021-08-05 19:01:41,79.0,61.0,14.0,4.0
2021-08-05 19:01:42,82.0,73.0,6.0,3.0
2021-08-05 19:01:43,90.0,79.0,6.0,5.0
2021-08-05 19:01:44,73.0,63.0,4.0,6.0
2021-08-05 19:01:45,75.0,68.0,3.0,4.0
2021-08-05 19:01:46,84.0,70.0,4.0,10.0
2021-08-05 19:01:47,86.0,73.0,7.0,6.0
2021-08-05 19:01:48,80.0,70.0,5.0,5.0
2021-08-05 19:01:49,87.0,81.0,5.0,1.0
2021-08-05 19:01:50,88.0,71.0,7.0,10.0
2021-08-05 19:01:51,85.0,80.0,3.0,2.0
2021-08-05 19:01:52,89.0,75.0,10.0,4.0
2021-08-05 19:01:53,87.0,71.0,7.0,9.0
2021-08-05 19:01:54,85.0,71.0,12.0,2.0
2021-08-05 19:01:55,85.0,74.0,6.0,5.0
2021-08-05 19:01:56,90.0,79.0,7.0,4.0
2021-08-05 19:01:57,99.0,88.0,8.0,3.0
2021-08-05 19:01:58,97.0,86.0,6.0,5.0
2021-08-05 19:01:59,91.0,76.0,10.0,5.0
2021-08-05 19:02:00,110.0,92.0,11.0,7.0
2021-08-05 19:02:01,83.0,74.0,6.0,3.0
2021-08-05 19:02:02,65.0,55.0,5.0,5.0
2021-08-05 19:02:03,78.0,71.0,6.0,1.0
2021-08-05 19:02:04,101.0,92.0,8.0,1.0
2021-08-05 19:02:05,80.0,75.0,4.0,1.0
2021-08-05 19:02:06,79.0,69.0,5.0,5.0
2021-08-05 19:02:07,96.0,85.0,7.0,4.0
2021-08-05 19:02:08,85.0,70.0,6.0,9.0
2021-08-05 19:02:09,97.0,80.0,10.0,7.0
2021-08-05 19:02:10,81.0,71.0,2.0,8.0
2021-08-05 19:02:11,75.0,64.0,3.0,8.0
2021-08-05 19:02:12,83.0,75.0,7.0,1.0
2021-08-05 19:02:13,79.0,66.0,7.0,6.0
2021-08-05 19:02:14,67.0,61.0,4.0,2.0
2021-08-05 19:02:15,81.0,72.0,4.0,5.0
2021-08-05 19:02:16,84.0,75.0,6.0,3.0
2021-08-05 19:02:17,96.0,83.0,5.0,8.0
2021-08-05 19:02:18,88.0,71.0,12.0,5.0
2021-08-05 19:02:19,89.0,80.0,6.0,3.0
2021-08-05 19:02:20,79.0,66.0,9.0,4.0
2021-08-05 19:02:21,87.0,76.0,11.0,0.0
2021-08-05 19:02:22,82.0,69.0,6.0,7.0
2021-08-05 19:02:23,80.0,66.0,9.0,5.0
2021-08-05 19:02:24,91.0,77.0,6.0,8.0
2021-08-05 19:02:25,76.0,68.0,3.0,5.0
2021-08-05 19:02:26,99.0,84.0,7.0,8.0
2021-08-05 19:02:27,90.0,81.0,3.0,6.0
2021-08-05 19:02:28,70.0,64.0,4.0,2.0
2021-08-05 19:02:29,95.0,84.0,7.0,4.0
2021-08-05 19:02:30,67.0,62.0,1.0,4.0
2021-08-05 19:02:31,83.0,74.0,4.0,5.0
2021-08-05 19:02:32,102.0,91.0,9.0,2.0
2021-08-05 19:02:33,69.0,56.0,11.0,2.0
2021-08-05 19:02:34,62.0,55.0,4.0,3.0
2021-08-05 19:02:35,86.0,79.0,3.0,4.0
2021-08-05 19:02:36,85.0,76.0,3.0,6.0
2021-08-05 19:02:37,86.0,76.0,6.0,4.0
2021-08-05 19:02:38,85.0,74.0,6.0,5.0
2021-08-05 19:02:39,77.0,67.0,5.0,5.0
2021-08-05 19:02:40,85.0,73.0,9.0,3.0
2021-08-05 19:02:41,94.0,81.0,8.0,5.0
2021-08-05 19:02:42,86.0,80.0,3.0,3.0
2021-08-05 19:02:43,101.0,85.0,9.0,7.0
2021-08-05 19:02:44,80.0,70.0,7.0,3.0
2021-08-05 19:02:45,89.0,81.0,4.0,4.0
2021-08-05 19:02:46,105.0,92.0,6.0,7.0
2021-08-05 19:02:47,102.0,91.0,8.0,3.0
2021-08-05 19:02:48,81.0,75.0,4.0,2.0
2021-08-05 19:02:49,69.0,60.0,7.0,2.0
2021-08-05 19:02:50,95.0,84.0,9.0,2.0
2021-08-05 19:02:51,67.0,59.0,6.0,2.0
2021-08-05 19:02:52,79.0,68.0,9.0,2.0
2021-08-05 19:02:53,90.0,81.0,5.0,4.0
2021-08-05 19:02:54,81.0,78.0,2.0,1.0
2021-08-05 19:02:55,94.0,82.0,5.0,7.0
2021-08-05 19:02:56,75.0,68.0,5.0,2.0
2021-08-05 19:02:57,86.0,75.0,7.0,4.0
2021-08-05 19:02:58,66.0,60.0,4.0,2.0
2021-08-05 19:02:59,83.0,72.0,5.0,6.0
2021-08-05 19:03:00,89.0,80.0,5.0,4.0
2021-08-05 19:03:01,80.0,64.0,8.0,8.0
2021-08-05 19:03:02,70.0,63.0,6.0,1.0
2021-08-05 19:03:03,87.0,75.0,11.0,1.0
2021-08-05 19:03:04,100.0,89.0,6.0,5.0
2021-08-05 19:03:05,62.0,55.0,3.0,4.0
2021-08-05 19:03:06,71.0,64.0,6.0,1.0
2021-08-05 19:03:07,76.0,62.0,9.0,5.0
2021-08-05 19:03:08,89.0,81.0,3.0,5.0
2021-08-05 19:03:09,74.0,64.0,6.0,4.0
2021-08-05 19:03:10,81.0,71.0,8.0,2.0
2021-08-05 19:03:11,80.0,73.0,3.0,4.0
2021-08-05 19:03:12,100.0,89.0,6.0,5.0
2021-08-05 19:03:13,79.0,75.0,3.0,1.0
2021-08-05 19:03:14,78.0,68.0,6.0,4.0
2021-08-05 19:03:15,51.0,43.0,3.0,5.0
2021-08-05 19:03:16,84.0,70.0,10.0,4.0
2021-08-05 19:03:17,92.0,79.0,8.0,5.0
2021-08-05 19:03:18,94.0,84.0,6.0,4.0
2021-08-05 19:03:19,84.0,69.0,11.0,4.0
2021-08-05 19:03:20,90.0,77.0,7.0,6.0
2021-08-05 19:03:21,82.0,68.0,9.0,5.0
2021-08-05 19:03:22,79.0,69.0,5.0,5.0
2021-08-05 19:03:23,67.0,62.0,2.0,3.0
2021-08-05 19:03:24,88.0,75.0,7.0,6.0
2021-08-05 19:03:25,80.0,72.0,6.0,2.0
2021-08-05 19:03:26,85.0,76.0,3.0,6.0
2021-08-05 19:03:27,84.0,69.0,7.0,8.0
2021-08-05 19:03:28,93.0,77.0,13.0,3.0
2021-08-05 19:03:29,77.0,71.0,2.0,4.0
2021-08-05 19:03:30,89.0,79.0,7.0,3.0
2021-08-05 19:03:31,85.0,76.0,5.0,4.0
2021-08-05 19:03:32,79.0,69.0,4.0,6.0
2021-08-05 19:03:33,66.0,61.0,3.0,2.0
2021-08-05 19:03:34,96.0,79.0,11.0,6.0
2021-08-05 19:03:35,83.0,71.0,9.0,3.0
2021-08-05 19:03:36,79.0,72.0,4.0,3.0
2021-08-05 19:03:37,76.0,70.0,3.0,3.0
2021-08-05 19:03:38,88.0,73.0,8.0,7.0
2021-08-05 19:03:39,83.0,73.0,6.0,4.0
2021-08-05 19:03:40,77.0,72.0,3.0,2.0
2021-08-05 19:03:41,80.0,71.0,7.0,2.0
2021-08-05 19:03:42,111.0,102.0,6.0,3.0
2021-08-05 19:03:43,81.0,70.0,6.0,5.0
2021-08-05 19:03:44,93.0,85.0,3.0,5.0
2021-08-05 19:03:45,80.0,62.0,10.0,8.0
2021-08-05 19:03:46,84.0,67.0,9.0,8.0
2021-08-05 19:03:47,85.0,78.0,3.0,4.0
2021-08-05 19:03:48,81.0,72.0,9.0,0.0
2021-08-05 19:03:49,95.0,85.0,5.0,5.0
2021-08-05 19:03:50,88.0,76.0,6.0,6.0
2021-08-05 19:03:51,72.0,63.0,7.0,2.0
2021-08-05 19:03:52,69.0,62.0,5.0,2.0
2021-08-05 19:03:53,78.0,71.0,3.0,4.0
2021-08-05 19:03:54,87.0,75.0,8.0,4.0
2021-08-05 19:03:55,70.0,59.0,7.0,4.0
2021-08-05 19:03:56,87.0,75.0,8.0,4.0
2021-08-05 19:03:57,82.0,75.0,3.0,4.0
2021-08-05 19:03:58,82.0,73.0,2.0,7.0
2021-08-05 19:03:59,91.0,75.0,7.0,9.0
2021-08-05 19:04:00,95.0,79.0,13.0,3.0
2021-08-05 19:04:01,82.0,78.0,2.0,2.0
2021-08-05 19:04:02,80.0,72.0,7.0,1.0
2021-08-05 19:04:03,91.0,83.0,4.0,4.0
2021-08-05 19:04:04,85.0,76.0,6.0,3.0
2021-08-05 19:04:05,120.0,109.0,9.0,2.0
2021-08-05 19:04:06,77.0,70.0,3.0,4.0
2021-08-05 19:04:07,90.0,79.0,7.0,4.0
2021-08-05 19:04:08,97.0,81.0,12.0,4.0
2021-08-05 19:04:09,80.0,70.0,8.0,2.0
2021-08-05 19:04:10,98.0,84.0,9.0,5.0
2021-08-05 19:04:11,94.0,81.0,7.0,6.0
2021-08-05 19:04:12,93.0,78.0,10.0,5.0
2021-08-05 19:04:13,80.0,68.0,10.0,2.0
2021-08-05 19:04:14,96.0,87.0,4.0,5.0
2021-08-05 19:04:15,81.0,70.0,6.0,5.0
2021-08-05 19:04:16,87.0,73.0,9.0,5.0
2021-08-05 19:04:17,84.0,76.0,3.0,5.0
2021-08-05 19:04:18,83.0,73.0,7.0,3.0
2021-08-05 19:04:19,92.0,78.0,8.0,6.0
2021-08-05 19:04:20,82.0,74.0,3.0,5.0
2021-08-05 19:04:21,102.0,91.0,4.0,7.0
2021-08-05 19:04:22,79.0,72.0,5.0,2.0
2021-08-05 19:04:23,68.0,58.0,6.0,4.0
2021-08-05 19:04:24,65.0,58.0,3.0,4.0
2021-08-05 19:04:25,97.0,79.0,7.0,11.0
2021-08-05 19:04:26,81.0,67.0,6.0,8.0
2021-08-05 19:04:27,81.0,75.0,2.0,4.0
2021-08-05 19:04:28,79.0,69.0,6.0,4.0
2021-08-05 19:04:29,80.0,69.0,10.0,1.0
2021-08-05 19:04:30,88.0,78.0,6.0,4.0
2021-08-05 19:04:31,92.0,82.0,8.0,2.0
2021-08-05 19:04:32,83.0,76.0,2.0,5.0
2021-08-05 19:04:33,76.0,71.0,4.0,1.0
2021-08-05 19:04:34,71.0,63.0,4.0,4.0
2021-08-05 19:04:35,83.0,73.0,4.0,6.0
2021-08-05 19:04:36,76.0,68.0,6.0,2.0
2021-08-05 19:04:37,72.0,68.0,1.0,3.0
2021-08-05 19:04:38,75.0,65.0,7.0,3.0
2021-08-05 19:04:39,89.0,74.0,10.0,5.0
2021-08-05 19:04:40,88.0,83.0,4.0,1.0
2021-08-05 19:04:41,68.0,62.0,3.0,3.0
2021-08-05 19:04:42,93.0,77.0,9.0,7.0
2021-08-05 19:04:43,90.0,75.0,11.0,4.0
2021-08-05 19:04:44,81.0,68.0,6.0,7.0
2021-08-05 19:04:45,95.0,86.0,7.0,2.0
2021-08-05 19:04:46,78.0,67.0,6.0,5.0
2021-08-05 19:04:47,80.0,67.0,3.0,10.0
2021-08-05 19:04:48,86.0,76.0,6.0,4.0
2021-08-05 19:04:49,89.0,79.0,8.0,2.0
2021-08-05 19:04:50,74.0,63.0,7.0,4.0
2021-08-05 19:04:51,100.0,87.0,10.0,3.0
2021-08-05 19:04:52,89.0,77.0,10.0,2.0
2021-08-05 19:04:53,86.0,74.0,6.0,6.0
2021-08-05 19:04:54,78.0,74.0,2.0,2.0
2021-08-05 19:04:55,71.0,61.0,7.0,3.0
2021-08-05 19:04:56,81.0,71.0,9.0,1.0
2021-08-05 19:04:57,91.0,83.0,8.0,0.0
2021-08-05 19:04:58,82.0,69.0,10.0,3.0
2021-08-05 19:04:59,94.0,85.0,6.0,3.0
2021-08-05 19:05:00,81.0,67.0,10.0,4.0
2021-08-05 19:05:01,76.0,67.0,7.0,2.0
2021-08-05 19:05:02,69.0,58.0,6.0,5.0
2021-08-05 19:05:03,84.0,72.0,7.0,5.0
2021-08-05 19:05:04,75.0,64.0,6.0,5.0
2021-08-05 19:05:05,70.0,62.0,7.0,1.0
2021-08-05 19:05:06,86.0,78.0,7.0,1.0
2021-08-05 19:05:07,85.0,78.0,6.0,1.0
2021-08-05 19:05:08,76.0,70.0,3.0,3.0
2021-08-05 19:05:09,83.0,68.0,11.0,4.0
2021-08-05 19:05:10,90.0,81.0,4.0,5.0
2021-08-05 19:05:11,85.0,74.0,6.0,5.0
2021-08-05 19:05:12,79.0,69.0,6.0,4.0
2021-08-05 19:05:13,89.0,81.0,2.0,6.0
2021-08-05 19:05:14,88.0,74.0,10.0,4.0
2021-08-05 19:05:15,92.0,83.0,6.0,3.0
2021-08-05 19:05:16,93.0,84.0,5.0,4.0
2021-08-05 19:05:17,79.0,72.0,4.0,3.0
2021-08-05 19:05:18,95.0,81.0,9.0,5.0
2021-08-05 19:05:19,88.0,77.0,6.0,5.0
2021-08-05 19:05:20,86.0,80.0,5.0,1.0
2021-08-05 19:05:21,70.0,60.0,7.0,3.0
2021-08-05 19:05:22,82.0,65.0,9.0,8.0
2021-08-05 19:05:23,90.0,81.0,7.0,2.0
2021-08-05 19:05:24,91.0,78.0,8.0,5.0
2021-08-05 19:05:25,78.0,72.0,4.0,2.0
2021-08-05 19:05:26,78.0,69.0,5.0,4.0
2021-08-05 19:05:27,78.0,73.0,2.0,3.0
2021-08-05 19:05:28,77.0,61.0,11.0,5.0
2021-08-05 19:05:29,82.0,72.0,6.0,4.0
2021-08-05 19:05:30,90.0,80.0,5.0,5.0
2021-08-05 19:05:31,101.0,82.0,11.0,8.0
2021-08-05 19:05:32,72.0,63.0,6.0,3.0
2021-08-05 19:05:33,86.0,74.0,8.0,4.0
2021-08-05 19:05:34,84.0,75.0,7.0,2.0
2021-08-05 19:05:35,89.0,79.0,6.0,4.0
2021-08-05 19:05:36,88.0,80.0,4.0,4.0
2021-08-05 19:05:37,84.0,72.0,4.0,8.0
2021-08-05 19:05:38,80.0,69.0,6.0,5.0
2021-08-05 19:05:39,86.0,75.0,7.0,4.0
2021-08-05 19:05:40,73.0,64.0,6.0,3.0
2021-08-05 19:05:41,76.0,68.0,4.0,4.0
2021-08-05 19:05:42,91.0,80.0,7.0,4.0
2021-08-05 19:05:43,63.0,59.0,2.0,2.0
2021-08-05 19:05:44,96.0,82.0,8.0,6.0
2021-08-05 19:05:45,71.0,67.0,3.0,1.0
2021-08-05 19:05:46,74.0,65.0,5.0,4.0
2021-08-05 19:05:47,77.0,63.0,9.0,5.0
2021-08-05 19:05:48,92.0,78.0,10.0,4.0
2021-08-05 19:05:49,90.0,81.0,6.0,3.0
2021-08-05 19:05:50,72.0,62.0,5.0,5.0
2021-08-05 19:05:51,77.0,66.0,8.0,3.0
2021-08-05 19:05:52,80.0,71.0,6.0,3.0
2021-08-05 19:05:53,86.0,76.0,5.0,5.0
2021-08-05 19:05:54,83.0,77.0,6.0,0.0
2021-08-05 19:05:55,84.0,75.0,7.0,2.0
2021-08-05 19:05:56,98.0,86.0,5.0,7.0
2021-08-05 19:05:57,81.0,67.0,11.0,3.0
2021-08-05 19:05:58,78.0,72.0,5.0,1.0
2021-08-05 19:05:59,86.0,72.0,8.0,6.0
2021-08-05 19:06:00,89.0,78.0,5.0,6.0
2021-08-05 19:06:01,85.0,71.0,9.0,5.0
2021-08-05 19:06:02,91.0,84.0,4.0,3.0
2021-08-05 19:06:03,97.0,85.0,10.0,2.0
2021-08-05 19:06:04,98.0,89.0,5.0,4.0
2021-08-05 19:06:05,82.0,67.0,8.0,7.0
2021-08-05 19:06:06,93.0,78.0,7.0,8.0
2021-08-05 19:06:07,77.0,72.0,5.0,0.0
2021-08-05 19:06:08,89.0,70.0,11.0,8.0
2021-08-05 19:06:09,86.0,70.0,8.0,8.0
2021-08-05 19:06:10,85.0,76.0,5.0,4.0
2021-08-05 19:06:11,79.0,71.0,3.0,5.0
2021-08-05 19:06:12,74.0,65.0,4.0,5.0
2021-08-05 19:06:13,92.0,80.0,7.0,5.0
2021-08-05 19:06:14,103.0,82.0,15.0,6.0
2021-08-05 19:06:15,77.0,69.0,3.0,5.0
2021-08-05 19:06:16,79.0,62.0,9.0,8.0
2021-08-05 19:06:17,93.0,82.0,5.0,6.0
2021-08-05 19:06:18,89.0,84.0,3.0,2.0
2021-08-05 19:06:19,84.0,75.0,6.0,3.0
2021-08-05 19:06:20,85.0,69.0,8.0,8.0
2021-08-05 19:06:21,68.0,62.0,4.0,2.0
2021-08-05 19:06:22,83.0,75.0,5.0,3.0
2021-08-05 19:06:23,72.0,59.0,10.0,3.0
2021-08-05 19:06:24,83.0,73.0,8.0,2.0
2021-08-05 19:06:25,75.0,69.0,4.0,2.0
2021-08-05 19:06:26,83.0,72.0,8.0,3.0
2021-08-05 19:06:27,72.0,61.0,9.0,2.0
2021-08-05 19:06:28,96.0,82.0,7.0,7.0
2021-08-05 19:06:29,79.0,69.0,8.0,2.0
2021-08-05 19:06:30,82.0,69.0,9.0,4.0
2021-08-05 19:06:31,80.0,70.0,7.0,3.0
2021-08-05 19:06:32,105.0,87.0,12.0,6.0
2021-08-05 19:06:33,96.0,81.0,10.0,5.0
2021-08-05 19:06:34,86.0,75.0,8.0,3.0
2021-08-05 19:06:35,74.0,63.0,6.0,5.0
2021-08-05 19:06:36,70.0,62.0,3.0,5.0
2021-08-05 19:06:37,75.0,63.0,7.0,5.0
2021-08-05 19:06:38,85.0,75.0,6.0,4.0
2021-08-05 19:06:39,75.0,66.0,7.0,2.0
2021-08-05 19:06:40,80.0,69.0,7.0,4.0
2021-08-05 19:06:41,89.0,78.0,5.0,6.0
2021-08-05 19:06:42,89.0,79.0,8.0,2.0
2021-08-05 19:06:43,85.0,74.0,6.0,5.0
2021-08-05 19:06:44,73.0,68.0,4.0,1.0
2021-08-05 19:06:45,86.0,71.0,9.0,6.0
2021-08-05 19:06:46,79.0,70.0,6.0,3.0
2021-08-05 19:06:47,91.0,86.0,3.0,2.0
2021-08-05 19:06:48,87.0,81.0,5.0,1.0
2021-08-05 19:06:49,61.0,54.0,4.0,3.0
2021-08-05 19:06:50,72.0,60.0,8.0,4.0
2021-08-05 19:06:51,75.0,64.0,5.0,6.0
2021-08-05 19:06:52,79.0,71.0,5.0,3.0
2021-08-05 19:06:53,97.0,85.0,6.0,6.0
2021-08-05 19:06:54,86.0,74.0,6.0,6.0
2021-08-05 19:06:55,75.0,63.0,6.0,6.0
2021-08-05 19:06:56,82.0,75.0,5.0,2.0
2021-08-05 19:06:57,77.0,65.0,9.0,3.0
2021-08-05 19:06:58,89.0,75.0,5.0,9.0
2021-08-05 19:06:59,77.0,68.0,5.0,4.0
2021-08-05 19:07:00,78.0,69.0,6.0,3.0
2021-08-05 19:07:01,89.0,82.0,5.0,2.0
2021-08-05 19:07:02,96.0,79.0,11.0,6.0
2021-08-05 19:07:03,88.0,81.0,3.0,4.0
2021-08-05 19:07:04,96.0,82.0,11.0,3.0
2021-08-05 19:07:05,88.0,82.0,4.0,2.0
2021-08-05 19:07:06,78.0,68.0,6.0,4.0
2021-08-05 19:07:07,80.0,70.0,5.0,5.0
2021-08-05 19:07:08,78.0,62.0,13.0,3.0
2021-08-05 19:07:09,85.0,78.0,4.0,3.0
2021-08-05 19:07:10,90.0,84.0,5.0,1.0
2021-08-05 19:07:11,82.0,75.0,5.0,2.0
2021-08-05 19:07:12,85.0,74.0,7.0,4.0
2021-08-05 19:07:13,90.0,81.0,5.0,4.0
2021-08-05 19:07:14,99.0,80.0,13.0,6.0
2021-08-05 19:07:15,78.0,69.0,5.0,4.0
2021-08-05 19:07:16,72.0,67.0,5.0,0.0
2021-08-05 19:07:17,87.0,79.0,4.0,4.0
2021-08-05 19:07:18,92.0,81.0,7.0,4.0
2021-08-05 19:07:19,80.0,74.0,2.0,4.0
2021-08-05 19:07:20,100.0,90.0,5.0,5.0
2021-08-05 19:07:21,86.0,76.0,6.0,4.0
2021-08-05 19:07:22,69.0,60.0,6.0,3.0
2021-08-05 19:07:23,80.0,66.0,8.0,6.0
2021-08-05 19:07:24,87.0,71.0,10.0,6.0
2021-08-05 19:07:25,83.0,75.0,2.0,6.0
2021-08-05 19:07:26,101.0,90.0,8.0,3.0
2021-08-05 19:07:27,68.0,65.0,2.0,1.0
2021-08-05 19:07:28,89.0,77.0,9.0,3.0
2021-08-05 19:07:29,95.0,79.0,13.0,3.0
2021-08-05 19:07:30,93.0,87.0,5.0,1.0
2021-08-05 19:07:31,78.0,72.0,3.0,3.0
2021-08-05 19:07:32,90.0,84.0,5.0,1.0
2021-08-05 19:07:33,85.0,79.0,5.0,1.0
2021-08-05 19:07:34,67.0,59.0,5.0,3.0
2021-08-05 19:07:35,76.0,64.0,6.0,6.0
2021-08-05 19:07:36,81.0,72.0,8.0,1.0
2021-08-05 19:07:37,104.0,92.0,8.0,4.0
2021-08-05 19:07:38,74.0,62.0,6.0,6.0
2021-08-05 19:07:39,83.0,73.0,8.0,2.0
2021-08-05 19:07:40,91.0,80.0,6.0,5.0
2021-08-05 19:07:41,87.0,78.0,6.0,3.0
2021-08-05 19:07:42,102.0,82.0,13.0,7.0
2021-08-05 19:07:43,92.0,73.0,13.0,6.0
2021-08-05 19:07:44,76.0,64.0,10.0,2.0
2021-08-05 19:07:45,83.0,66.0,11.0,6.0
2021-08-05 19:07:46,72.0,63.0,6.0,3.0
2021-08-05 19:07:47,84.0,73.0,5.0,6.0
2021-08-05 19:07:48,85.0,70.0,11.0,4.0
2021-08-05 19:07:49,92.0,83.0,6.0,3.0
2021-08-05 19:07:50,85.0,78.0,2.0,5.0
2021-08-05 19:07:51,84.0,76.0,3.0,5.0
2021-08-05 19:07:52,93.0,83.0,6.0,4.0
2021-08-05 19:07:53,78.0,69.0,7.0,2.0
2021-08-05 19:07:54,77.0,69.0,6.0,2.0
2021-08-05 19:07:55,75.0,69.0,5.0,1.0
2021-08-05 19:07:56,83.0,71.0,6.0,6.0
2021-08-05 19:07:57,71.0,65.0,5.0,1.0
2021-08-05 19:07:58,80.0,61.0,10.0,9.0
2021-08-05 19:07:59,82.0,75.0,3.0,4.0
2021-08-05 19:08:00,78.0,67.0,8.0,3.0
2021-08-05 19:08:01,79.0,71.0,5.0,3.0
2021-08-05 19:08:02,84.0,75.0,5.0,4.0
2021-08-05 19:08:03,84.0,77.0,5.0,2.0
2021-08-05 19:08:04,83.0,75.0,4.0,4.0
2021-08-05 19:08:05,82.0,70.0,6.0,6.0
2021-08-05 19:08:06,91.0,84.0,6.0,1.0
2021-08-05 19:08:07,89.0,75.0,5.0,9.0
2021-08-05 19:08:08,81.0,71.0,6.0,4.0
2021-08-05 19:08:09,84.0,76.0,7.0,1.0
2021-08-05 19:08:10,70.0,67.0,2.0,1.0
2021-08-05 19:08:11,88.0,74.0,8.0,6.0
2021-08-05 19:08:12,81.0,68.0,8.0,5.0
2021-08-05 19:08:13,78.0,67.0,7.0,4.0
2021-08-05 19:08:14,93.0,86.0,6.0,1.0
2021-08-05 19:08:15,96.0,78.0,10.0,8.0
2021-08-05 19:08:16,91.0,80.0,7.0,4.0
2021-08-05 19:08:17,85.0,73.0,7.0,5.0
2021-08-05 19:08:18,89.0,70.0,9.0,10.0
2021-08-05 19:08:19,79.0,67.0,8.0,4.0
2021-08-05 19:08:20,93.0,85.0,7.0,1.0
2021-08-05 19:08:21,78.0,68.0,8.0,2.0
2021-08-05 19:08:22,80.0,66.0,9.0,5.0
2021-08-05 19:08:23,89.0,83.0,1.0,5.0
2021-08-05 19:08:24,93.0,83.0,4.0,6.0
2021-08-05 19:08:25,83.0,68.0,9.0,6.0
2021-08-05 19:08:26,75.0,67.0,3.0,5.0
2021-08-05 19:08:27,83.0,78.0,2.0,3.0
2021-08-05 19:08:28,82.0,77.0,4.0,1.0
2021-08-05 19:08:29,92.0,82.0,4.0,6.0
2021-08-05 19:08:30,90.0,78.0,9.0,3.0
2021-08-05 19:08:31,67.0,58.0,7.0,2.0
2021-08-05 19:08:32,95.0,81.0,8.0,6.0
2021-08-05 19:08:33,84.0,76.0,4.0,4.0
2021-08-05 19:08:34,85.0,72.0,8.0,5.0
2021-08-05 19:08:35,83.0,70.0,11.0,2.0
2021-08-05 19:08:36,63.0,60.0,0.0,3.0
2021-08-05 19:08:37,91.0,82.0,5.0,4.0
2021-08-05 19:08:38,90.0,85.0,2.0,3.0
2021-08-05 19:08:39,73.0,59.0,10.0,4.0
2021-08-05 19:08:40,91.0,83.0,5.0,3.0
2021-08-05 19:08:41,81.0,68.0,12.0,1.0
2021-08-05 19:08:42,81.0,73.0,2.0,6.0
2021-08-05 19:08:43,65.0,58.0,4.0,3.0
2021-08-05 19:08:44,88.0,73.0,7.0,8.0
2021-08-05 19:08:45,69.0,58.0,9.0,2.0
2021-08-05 19:08:46,82.0,74.0,5.0,3.0
2021-08-05 19:08:47,90.0,80.0,9.0,1.0
2021-08-05 19:08:48,66.0,57.0,4.0,5.0
2021-08-05 19:08:49,88.0,75.0,9.0,4.0
2021-08-05 19:08:50,81.0,68.0,9.0,4.0
2021-08-05 19:08:51,67.0,59.0,3.0,5.0
2021-08-05 19:08:52,94.0,80.0,11.0,3.0
2021-08-05 19:08:53,83.0,70.0,7.0,6.0
2021-08-05 19:08:54,68.0,58.0,5.0,5.0
2021-08-05 19:08:55,108.0,98.0,5.0,5.0
2021-08-05 19:08:56,79.0,72.0,4.0,3.0
2021-08-05 19:08:57,79.0,69.0,5.0,5.0
2021-08-05 19:08:58,95.0,73.0,10.0,12.0
2021-08-05 19:08:59,84.0,72.0,10.0,2.0
2021-08-05 19:09:00,95.0,81.0,9.0,5.0
2021-08-05 19:09:01,85.0,69.0,7.0,9.0
2021-08-05 19:09:02,78.0,64.0,10.0,4.0
2021-08-05 19:09:03,81.0,69.0,5.0,7.0
2021-08-05 19:09:04,96.0,83.0,7.0,6.0
2021-08-05 19:09:05,88.0,77.0,6.0,5.0
2021-08-05 19:09:06,66.0,59.0,3.0,4.0
2021-08-05 19:09:07,86.0,78.0,5.0,3.0
2021-08-05 19:09:08,91.0,70.0,13.0,8.0
2021-08-05 19:09:09,81.0,69.0,9.0,3.0
2021-08-05 19:09:10,84.0,76.0,4.0,4.0
2021-08-05 19:09:11,92.0,74.0,13.0,5.0
2021-08-05 19:09:12,79.0,66.0,10.0,3.0
2021-08-05 19:09:13,99.0,88.0,6.0,5.0
2021-08-05 19:09:14,83.0,74.0,5.0,4.0
2021-08-05 19:09:15,86.0,80.0,3.0,3.0
2021-08-05 19:09:16,89.0,78.0,6.0,5.0
2021-08-05 19:09:17,80.0,74.0,4.0,2.0
2021-08-05 19:09:18,79.0,70.0,6.0,3.0
2021-08-05 19:09:19,78.0,70.0,4.0,4.0
2021-08-05 19:09:20,95.0,86.0,5.0,4.0
2021-08-05 19:09:21,104.0,95.0,4.0,5.0
2021-08-05 19:09:22,93.0,79.0,9.0,5.0
2021-08-05 19:09:23,82.0,72.0,6.0,4.0
2021-08-05 19:09:24,73.0,63.0,8.0,2.0
2021-08-05 19:09:25,96.0,85.0,6.0,5.0
2021-08-05 19:09:26,89.0,71.0,11.0,7.0
2021-08-05 19:09:27,83.0,71.0,10.0,2.0
2021-08-05 19:09:28,87.0,77.0,6.0,4.0
2021-08-05 19:09:29,86.0,74.0,8.0,4.0
2021-08-05 19:09:30,71.0,59.0,5.0,7.0
2021-08-05 19:09:31,80.0,71.0,5.0,4.0
2021-08-05 19:09:32,69.0,58.0,6.0,5.0
2021-08-05 19:09:33,69.0,57.0,9.0,3.0
2021-08-05 19:09:34,77.0,59.0,13.0,5.0
2021-08-05 19:09:35,82.0,73.0,5.0,4.0
2021-08-05 19:09:36,85.0,64.0,11.0,10.0
2021-08-05 19:09:37,71.0,63.0,6.0,2.0
2021-08-05 19:09:38,102.0,92.0,5.0,5.0
2021-08-05 19:09:39,90.0,79.0,7.0,4.0
2021-08-05 19:09:40,92.0,81.0,8.0,3.0
2021-08-05 19:09:41,75.0,67.0,4.0,4.0
2021-08-05 19:09:42,81.0,71.0,4.0,6.0
2021-08-05 19:09:43,78.0,66.0,8.0,4.0
2021-08-05 19:09:44,80.0,69.0,7.0,4.0
2021-08-05 19:09:45,69.0,63.0,3.0,3.0
2021-08-05 19:09:46,84.0,74.0,9.0,1.0
2021-08-05 19:09:47,83.0,74.0,5.0,4.0
2021-08-05 19:09:48,84.0,73.0,10.0,1.0
2021-08-05 19:09:49,88.0,79.0,6.0,3.0
2021-08-05 19:09:50,85.0,76.0,3.0,6.0
2021-08-05 19:09:51,80.0,70.0,8.0,2.0
2021-08-05 19:09:52,65.0,56.0,4.0,5.0
2021-08-05 19:09:53,91.0,82.0,6.0,3.0
2021-08-05 19:09:54,78.0,69.0,7.0,2.0
2021-08-05 19:09:55,84.0,75.0,7.0,2.0
2021-08-05 19:09:56,76.0,67.0,7.0,2.0
2021-08-05 19:09:57,78.0,70.0,7.0,1.0
2021-08-05 19:09:58,85.0,68.0,13.0,4.0
2021-08-05 19:09:59,77.0,65.0,10.0,2.0
2021-08-05 19:10:00,82.0,70.0,9.0,3.0
2021-08-05 19:10:01,79.0,71.0,4.0,4.0
2021-08-05 19:10:02,78.0,65.0,7.0,6.0
2021-08-05 19:10:03,88.0,76.0,7.0,5.0
2021-08-05 19:10:04,93.0,81.0,6.0,6.0
2021-08-05 19:10:05,87.0,76.0,4.0,7.0
2021-08-05 19:10:06,89.0,75.0,9.0,5.0
2021-08-05 19:10:07,85.0,72.0,8.0,5.0
2021-08-05 19:10:08,92.0,79.0,9.0,4.0
2021-08-05 19:10:09,94.0,85.0,5.0,4.0
2021-08-05 19:10:10,90.0,84.0,3.0,3.0
2021-08-05 19:10:11,83.0,70.0,5.0,8.0
2021-08-05 19:10:12,69.0,61.0,4.0,4.0
2021-08-05 19:10:13,86.0,71.0,7.0,8.0
2021-08-05 19:10:14,94.0,88.0,2.0,4.0
2021-08-05 19:10:15,81.0,70.0,5.0,6.0
2021-08-05 19:10:16,81.0,70.0,9.0,2.0
2021-08-05 19:10:17,90.0,79.0,8.0,3.0
2021-08-05 19:10:18,92.0,84.0,4.0,4.0
2021-08-05 19:10:19,78.0,66.0,6.0,6.0
2021-08-05 19:10:20,81.0,68.0,7.0,6.0
2021-08-05 19:10:21,75.0,68.0,6.0,1.0
2021-08-05 19:10:22,94.0,81.0,7.0,6.0
2021-08-05 19:10:23,92.0,75.0,4.0,13.0
2021-08-05 19:10:24,101.0,91.0,8.0,2.0
2021-08-05 19:10:25,102.0,87.0,3.0,12.0
2021-08-05 19:10:26,83.0,77.0,3.0,3.0
2021-08-05 19:10:27,84.0,73.0,6.0,5.0
2021-08-05 19:10:28,80.0,74.0,4.0,2.0
2021-08-05 19:10:29,79.0,68.0,8.0,3.0
2021-08-05 19:10:30,70.0,57.0,8.0,5.0
2021-08-05 19:10:31,80.0,71.0,5.0,4.0
2021-08-05 19:10:32,76.0,69.0,3.0,4.0
2021-08-05 19:10:33,81.0,76.0,4.0,1.0
2021-08-05 19:10:34,85.0,70.0,13.0,2.0
2021-08-05 19:10:35,99.0,88.0,9.0,2.0
2021-08-05 19:10:36,84.0,73.0,6.0,5.0
2021-08-05 19:10:37,79.0,68.0,7.0,4.0
2021-08-05 19:10:38,82.0,75.0,2.0,5.0
2021-08-05 19:10:39,76.0,63.0,9.0,4.0
2021-08-05 19:10:40,93.0,84.0,4.0,5.0
2021-08-05 19:10:41,68.0,56.0,7.0,5.0
2021-08-05 19:10:42,87.0,76.0,7.0,4.0
2021-08-05 19:10:43,90.0,78.0,5.0,7.0
2021-08-05 19:10:44,88.0,83.0,2.0,3.0
2021-08-05 19:10:45,87.0,77.0,6.0,4.0
2021-08-05 19:10:46,76.0,65.0,7.0,4.0
2021-08-05 19:10:47,99.0,87.0,11.0,1.0
2021-08-05 19:10:48,85.0,78.0,6.0,1.0
2021-08-05 19:10:49,89.0,76.0,11.0,2.0
2021-08-05 19:10:50,84.0,75.0,6.0,3.0
2021-08-05 19:10:51,85.0,75.0,6.0,4.0
2021-08-05 19:10:52,76.0,67.0,5.0,4.0
2021-08-05 19:10:53,90.0,76.0,7.0,7.0
2021-08-05 19:10:54,86.0,81.0,2.0,3.0
2021-08-05 19:10:55,79.0,70.0,7.0,2.0
2021-08-05 19:10:56,83.0,75.0,5.0,3.0
2021-08-05 19:10:57,89.0,82.0,3.0,4.0
2021-08-05 19:10:58,74.0,67.0,5.0,2.0
2021-08-05 19:10:59,81.0,70.0,5.0,6.0
2021-08-05 19:11:00,95.0,84.0,8.0,3.0
2021-08-05 19:11:01,80.0,68.0,8.0,4.0
2021-08-05 19:11:02,74.0,65.0,5.0,4.0
2021-08-05 19:11:03,88.0,72.0,8.0,8.0
2021-08-05 19:11:04,83.0,75.0,6.0,2.0
2021-08-05 19:11:05,67.0,62.0,3.0,2.0
2021-08-05 19:11:06,94.0,84.0,3.0,7.0
2021-08-05 19:11:07,97.0,85.0,9.0,3.0
2021-08-05 19:11:08,76.0,68.0,3.0,5.0
2021-08-05 19:11:09,76.0,70.0,2.0,4.0
2021-08-05 19:11:10,86.0,72.0,8.0,6.0
2021-08-05 19:11:11,82.0,76.0,3.0,3.0
2021-08-05 19:11:12,98.0,89.0,6.0,3.0
2021-08-05 19:11:13,90.0,81.0,7.0,2.0
2021-08-05 19:11:14,78.0,73.0,2.0,3.0
2021-08-05 19:11:15,94.0,77.0,11.0,6.0
2021-08-05 19:11:16,84.0,66.0,7.0,11.0
2021-08-05 19:11:17,81.0,70.0,5.0,6.0
2021-08-05 19:11:18,78.0,68.0,7.0,3.0
2021-08-05 19:11:19,82.0,73.0,4.0,5.0
2021-08-05 19:11:20,96.0,86.0,6.0,4.0
2021-08-05 19:11:21,85.0,77.0,6.0,2.0
2021-08-05 19:11:22,85.0,74.0,6.0,5.0
2021-08-05 19:11:23,82.0,71.0,3.0,8.0
2021-08-05 19:11:24,89.0,80.0,7.0,2.0
2021-08-05 19:11:25,87.0,76.0,4.0,7.0
2021-08-05 19:11:26,79.0,67.0,7.0,5.0
2021-08-05 19:11:27,95.0,79.0,8.0,8.0
2021-08-05 19:11:28,94.0,85.0,4.0,5.0
2021-08-05 19:11:29,73.0,63.0,7.0,3.0
2021-08-05 19:11:30,92.0,86.0,4.0,2.0
2021-08-05 19:11:31,92.0,80.0,8.0,4.0
2021-08-05 19:11:32,115.0,98.0,10.0,7.0
2021-08-05 19:11:33,74.0,65.0,5.0,4.0
2021-08-05 19:11:34,87.0,77.0,9.0,1.0
2021-08-05 19:11:35,89.0,76.0,10.0,3.0
2021-08-05 19:11:36,98.0,84.0,11.0,3.0
2021-08-05 19:11:37,82.0,75.0,3.0,4.0
2021-08-05 19:11:38,76.0,63.0,7.0,6.0
2021-08-05 19:11:39,98.0,90.0,3.0,5.0
2021-08-05 19:11:40,77.0,69.0,5.0,3.0
2021-08-05 19:11:41,83.0,70.0,10.0,3.0
2021-08-05 19:11:42,89.0,75.0,9.0,5.0
2021-08-05 19:11:43,104.0,94.0,7.0,3.0
2021-08-05 19:11:44,85.0,71.0,9.0,5.0
2021-08-05 19:11:45,73.0,60.0,8.0,5.0
2021-08-05 19:11:46,92.0,77.0,7.0,8.0
2021-08-05 19:11:47,82.0,80.0,1.0,1.0
2021-08-05 19:11:48,98.0,83.0,8.0,7.0
2021-08-05 19:11:49,92.0,82.0,3.0,7.0
2021-08-05 19:11:50,79.0,64.0,9.0,6.0
2021-08-05 19:11:51,98.0,83.0,9.0,6.0
2021-08-05 19:11:52,89.0,76.0,9.0,4.0
2021-08-05 19:11:53,90.0,82.0,4.0,4.0
2021-08-05 19:11:54,76.0,68.0,5.0,3.0
2021-08-05 19:11:55,80.0,67.0,8.0,5.0
2021-08-05 19:11:56,87.0,77.0,5.0,5.0
2021-08-05 19:11:57,94.0,82.0,6.0,6.0
2021-08-05 19:11:58,97.0,86.0,6.0,5.0
2021-08-05 19:11:59,72.0,62.0,6.0,4.0
2021-08-05 19:12:00,87.0,74.0,7.0,6.0
2021-08-05 19:12:01,92.0,79.0,7.0,6.0
2021-08-05 19:12:02,82.0,75.0,3.0,4.0
2021-08-05 19:12:03,83.0,76.0,4.0,3.0
2021-08-05 19:12:04,102.0,87.0,7.0,8.0
2021-08-05 19:12:05,91.0,79.0,8.0,4.0
2021-08-05 19:12:06,79.0,72.0,4.0,3.0
2021-08-05 19:12:07,84.0,74.0,5.0,5.0
2021-08-05 19:12:08,78.0,66.0,6.0,6.0
2021-08-05 19:12:09,67.0,61.0,3.0,3.0
2021-08-05 19:12:10,70.0,62.0,4.0,4.0
2021-08-05 19:12:11,81.0,75.0,4.0,2.0
2021-08-05 19:12:12,101.0,89.0,7.0,5.0
2021-08-05 19:12:13,77.0,69.0,5.0,3.0
2021-08-05 19:12:14,75.0,69.0,3.0,3.0
2021-08-05 19:12:15,89.0,79.0,8.0,2.0
2021-08-05 19:12:16,81.0,74.0,5.0,2.0
2021-08-05 19:12:17,80.0,74.0,3.0,3.0
2021-08-05 19:12:18,76.0,61.0,10.0,5.0
2021-08-05 19:12:19,87.0,77.0,5.0,5.0
2021-08-05 19:12:20,84.0,72.0,7.0,5.0
2021-08-05 19:12:21,100.0,92.0,7.0,1.0
2021-08-05 19:12:22,68.0,59.0,6.0,3.0
2021-08-05 19:12:23,78.0,68.0,8.0,2.0
2021-08-05 19:12:24,92.0,81.0,6.0,5.0
2021-08-05 19:12:25,94.0,86.0,8.0,0.0
2021-08-05 19:12:26,89.0,78.0,11.0,0.0
2021-08-05 19:12:27,79.0,69.0,5.0,5.0
2021-08-05 19:12:28,83.0,71.0,5.0,7.0
2021-08-05 19:12:29,77.0,67.0,7.0,3.0
2021-08-05 19:12:30,98.0,84.0,6.0,8.0
2021-08-05 19:12:31,78.0,73.0,4.0,1.0
2021-08-05 19:12:32,83.0,68.0,7.0,8.0
2021-08-05 19:12:33,75.0,70.0,3.0,2.0
2021-08-05 19:12:34,83.0,68.0,10.0,5.0
2021-08-05 19:12:35,90.0,77.0,8.0,5.0
2021-08-05 19:12:36,103.0,90.0,10.0,3.0
2021-08-05 19:12:37,77.0,67.0,6.0,4.0
2021-08-05 19:12:38,80.0,70.0,4.0,6.0
2021-08-05 19:12:39,77.0,67.0,8.0,2.0
2021-08-05 19:12:40,91.0,78.0,6.0,7.0
2021-08-05 19:12:41,89.0,71.0,13.0,5.0
2021-08-05 19:12:42,78.0,68.0,8.0,2.0
2021-08-05 19:12:43,76.0,65.0,6.0,5.0
2021-08-05 19:12:44,81.0,69.0,9.0,3.0
2021-08-05 19:12:45,101.0,86.0,9.0,6.0
2021-08-05 19:12:46,75.0,67.0,4.0,4.0
2021-08-05 19:12:47,84.0,79.0,3.0,2.0
2021-08-05 19:12:48,80.0,63.0,12.0,5.0
2021-08-05 19:12:49,114.0,105.0,7.0,2.0
2021-08-05 19:12:50,77.0,68.0,7.0,2.0
2021-08-05 19:12:51,78.0,70.0,7.0,1.0
2021-08-05 19:12:52,90.0,80.0,8.0,2.0
2021-08-05 19:12:53,80.0,68.0,4.0,8.0
2021-08-05 19:12:54,91.0,79.0,8.0,4.0
2021-08-05 19:12:55,84.0,71.0,7.0,6.0
2021-08-05 19:12:56,77.0,68.0,7.0,2.0
2021-08-05 19:12:57,81.0,69.0,7.0,5.0
2021-08-05 19:12:58,81.0,71.0,7.0,3.0
2021-08-05 19:12:59,76.0,67.0,6.0,3.0
2021-08-05 19:13:00,91.0,77.0,8.0,6.0
2021-08-05 19:13:01,84.0,78.0,3.0,3.0
2021-08-05 19:13:02,89.0,79.0,6.0,4.0
2021-08-05 19:13:03,75.0,67.0,3.0,5.0
2021-08-05 19:13:04,88.0,80.0,5.0,3.0
2021-08-05 19:13:05,93.0,84.0,7.0,2.0
2021-08-05 19:13:06,79.0,70.0,4.0,5.0
2021-08-05 19:13:07,81.0,68.0,7.0,6.0
2021-08-05 19:13:08,91.0,79.0,6.0,6.0
2021-08-05 19:13:09,100.0,82.0,12.0,6.0
2021-08-05 19:13:10,67.0,56.0,6.0,5.0
2021-08-05 19:13:11,92.0,79.0,9.0,4.0
2021-08-05 19:13:12,89.0,76.0,8.0,5.0
2021-08-05 19:13:13,78.0,70.0,6.0,2.0
2021-08-05 19:13:14,101.0,91.0,4.0,6.0
2021-08-05 19:13:15,93.0,81.0,4.0,8.0
2021-08-05 19:13:16,97.0,82.0,10.0,5.0
2021-08-05 19:13:17,82.0,72.0,6.0,4.0
2021-08-05 19:13:18,73.0,66.0,5.0,2.0
2021-08-05 19:13:19,67.0,59.0,4.0,4.0
2021-08-05 19:13:20,88.0,73.0,13.0,2.0
2021-08-05 19:13:21,76.0,65.0,3.0,8.0
2021-08-05 19:13:22,78.0,71.0,4.0,3.0
2021-08-05 19:13:23,73.0,66.0,2.0,5.0
2021-08-05 19:13:24,91.0,77.0,9.0,5.0
2021-08-05 19:13:25,86.0,78.0,6.0,2.0
2021-08-05 19:13:26,70.0,61.0,6.0,3.0
2021-08-05 19:13:27,90.0,78.0,8.0,4.0
2021-08-05 19:13:28,94.0,75.0,14.0,5.0
2021-08-05 19:13:29,88.0,75.0,9.0,4.0
2021-08-05 19:13:30,91.0,78.0,7.0,6.0
2021-08-05 19:13:31,79.0,68.0,6.0,5.0
2021-08-05 19:13:32,97.0,87.0,5.0,5.0
2021-08-05 19:13:33,97.0,85.0,8.0,4.0
2021-08-05 19:13:34,92.0,77.0,10.0,5.0
2021-08-05 19:13:35,91.0,81.0,6.0,4.0
2021-08-05 19:13:36,89.0,76.0,7.0,6.0
2021-08-05 19:13:37,70.0,67.0,2.0,1.0
2021-08-05 19:13:38,80.0,68.0,6.0,6.0
2021-08-05 19:13:39,91.0,77.0,7.0,7.0
2021-08-05 19:13:40,94.0,79.0,7.0,8.0
2021-08-05 19:13:41,92.0,80.0,8.0,4.0
2021-08-05 19:13:42,97.0,89.0,4.0,4.0
2021-08-05 19:13:43,90.0,81.0,6.0,3.0
2021-08-05 19:13:44,93.0,79.0,6.0,8.0
2021-08-05 19:13:45,92.0,77.0,10.0,5.0
2021-08-05 19:13:46,89.0,81.0,6.0,2.0
2021-08-05 19:13:47,80.0,64.0,9.0,7.0
2021-08-05 19:13:48,95.0,86.0,6.0,3.0
2021-08-05 19:13:49,70.0,63.0,6.0,1.0
2021-08-05 19:13:50,85.0,79.0,3.0,3.0
2021-08-05 19:13:51,96.0,85.0,7.0,4.0
2021-08-05 19:13:52,80.0,69.0,6.0,5.0
2021-08-05 19:13:53,89.0,75.0,5.0,9.0
2021-08-05 19:13:54,84.0,76.0,8.0,0.0
2021-08-05 19:13:55,79.0,72.0,5.0,2.0
2021-08-05 19:13:56,78.0,69.0,6.0,3.0
2021-08-05 19:13:57,89.0,84.0,3.0,2.0
2021-08-05 19:13:58,91.0,78.0,8.0,5.0
2021-08-05 19:13:59,89.0,70.0,13.0,6.0
2021-08-05 19:14:00,103.0,95.0,6.0,2.0
2021-08-05 19:14:01,73.0,61.0,9.0,3.0
2021-08-05 19:14:02,85.0,75.0,5.0,5.0
2021-08-05 19:14:03,82.0,76.0,5.0,1.0
2021-08-05 19:14:04,85.0,70.0,9.0,6.0
2021-08-05 19:14:05,76.0,65.0,7.0,4.0
2021-08-05 19:14:06,89.0,78.0,8.0,3.0
2021-08-05 19:14:07,96.0,84.0,7.0,5.0
2021-08-05 19:14:08,97.0,84.0,6.0,7.0
2021-08-05 19:14:09,88.0,79.0,7.0,2.0
2021-08-05 19:14:10,80.0,70.0,5.0,5.0
2021-08-05 19:14:11,82.0,73.0,7.0,2.0
2021-08-05 19:14:12,80.0,71.0,3.0,6.0
2021-08-05 19:14:13,95.0,78.0,12.0,5.0
2021-08-05 19:14:14,74.0,67.0,5.0,2.0
2021-08-05 19:14:15,93.0,83.0,6.0,4.0
2021-08-05 19:14:16,79.0,64.0,10.0,5.0
2021-08-05 19:14:17,84.0,77.0,5.0,2.0
2021-08-05 19:14:18,91.0,79.0,6.0,6.0
2021-08-05 19:14:19,80.0,73.0,2.0,5.0
2021-08-05 19:14:20,72.0,67.0,1.0,4.0
2021-08-05 19:14:21,81.0,74.0,4.0,3.0
2021-08-05 19:14:22,93.0,80.0,8.0,5.0
2021-08-05 19:14:23,94.0,82.0,5.0,7.0
2021-08-05 19:14:24,81.0,70.0,8.0,3.0
2021-08-05 19:14:25,88.0,80.0,5.0,3.0
2021-08-05 19:14:26,91.0,78.0,10.0,3.0
2021-08-05 19:14:27,95.0,81.0,10.0,4.0
2021-08-05 19:14:28,93.0,81.0,10.0,2.0
2021-08-05 19:14:29,90.0,80.0,6.0,4.0
2021-08-05 19:14:30,87.0,76.0,7.0,4.0
2021-08-05 19:14:31,83.0,70.0,7.0,6.0
2021-08-05 19:14:32,85.0,78.0,2.0,5.0
2021-08-05 19:14:33,73.0,63.0,6.0,4.0
2021-08-05 19:14:34,74.0,62.0,6.0,6.0
2021-08-05 19:14:35,75.0,70.0,2.0,3.0
2021-08-05 19:14:36,102.0,90.0,9.0,3.0
2021-08-05 19:14:37,81.0,72.0,4.0,5.0
2021-08-05 19:14:38,89.0,71.0,9.0,9.0
2021-08-05 19:14:39,92.0,83.0,4.0,5.0
2021-08-05 19:14:40,89.0,74.0,5.0,10.0
2021-08-05 19:14:41,89.0,80.0,6.0,3.0
2021-08-05 19:14:42,85.0,77.0,6.0,2.0
2021-08-05 19:14:43,84.0,73.0,6.0,5.0
2021-08-05 19:14:44,78.0,62.0,12.0,4.0
2021-08-05 19:14:45,91.0,83.0,5.0,3.0
2021-08-05 19:14:46,86.0,74.0,7.0,5.0
2021-08-05 19:14:47,83.0,69.0,9.0,5.0
2021-08-05 19:14:48,91.0,82.0,4.0,5.0
2021-08-05 19:14:49,89.0,79.0,4.0,6.0
2021-08-05 19:14:50,79.0,69.0,7.0,3.0
2021-08-05 19:14:51,88.0,81.0,2.0,5.0
2021-08-05 19:14:52,78.0,68.0,7.0,3.0
2021-08-05 19:14:53,79.0,68.0,4.0,7.0
2021-08-05 19:14:54,93.0,79.0,10.0,4.0
2021-08-05 19:14:55,83.0,72.0,7.0,4.0
2021-08-05 19:14:56,81.0,71.0,7.0,3.0
2021-08-05 19:14:57,82.0,71.0,5.0,6.0
2021-08-05 19:14:58,85.0,74.0,5.0,6.0
2021-08-05 19:14:59,82.0,72.0,4.0,6.0
2021-08-05 19:15:00,104.0,86.0,9.0,9.0
2021-08-05 19:15:01,75.0,70.0,2.0,3.0
2021-08-05 19:15:02,100.0,82.0,10.0,8.0
2021-08-05 19:15:03,77.0,70.0,5.0,2.0
2021-08-05 19:15:04,77.0,66.0,6.0,5.0
2021-08-05 19:15:05,93.0,81.0,8.0,4.0
2021-08-05 19:15:06,80.0,69.0,3.0,8.0
2021-08-05 19:15:07,83.0,72.0,8.0,3.0
2021-08-05 19:15:08,109.0,90.0,12.0,7.0
2021-08-05 19:15:09,78.0,68.0,5.0,5.0
2021-08-05 19:15:10,93.0,81.0,6.0,6.0
2021-08-05 19:15:11,75.0,64.0,7.0,4.0
2021-08-05 19:15:12,93.0,80.0,6.0,7.0
2021-08-05 19:15:13,104.0,94.0,6.0,4.0
2021-08-05 19:15:14,90.0,78.0,8.0,4.0
2021-08-05 19:15:15,75.0,69.0,4.0,2.0
2021-08-05 19:15:16,86.0,71.0,9.0,6.0
2021-08-05 19:15:17,92.0,84.0,4.0,4.0
2021-08-05 19:15:18,91.0,81.0,8.0,2.0
2021-08-05 19:15:19,88.0,79.0,3.0,6.0
2021-08-05 19:15:20,87.0,71.0,9.0,7.0
2021-08-05 19:15:21,81.0,71.0,5.0,5.0
2021-08-05 19:15:22,99.0,82.0,13.0,4.0
2021-08-05 19:15:23,104.0,90.0,7.0,7.0
2021-08-05 19:15:24,72.0,63.0,4.0,5.0
2021-08-05 19:15:25,74.0,68.0,5.0,1.0
2021-08-05 19:15:26,76.0,62.0,8.0,6.0
2021-08-05 19:15:27,92.0,83.0,8.0,1.0
2021-08-05 19:15:28,75.0,65.0,5.0,5.0
2021-08-05 19:15:29,69.0,61.0,6.0,2.0
2021-08-05 19:15:30,87.0,71.0,10.0,6.0
2021-08-05 19:15:31,80.0,69.0,6.0,5.0
2021-08-05 19:15:32,105.0,90.0,7.0,8.0
2021-08-05 19:15:33,84.0,73.0,11.0,0.0
2021-08-05 19:15:34,84.0,78.0,2.0,4.0
2021-08-05 19:15:35,85.0,76.0,5.0,4.0
2021-08-05 19:15:36,84.0,81.0,1.0,2.0
2021-08-05 19:15:37,86.0,79.0,5.0,2.0
2021-08-05 19:15:38,87.0,77.0,5.0,5.0
2021-08-05 19:15:39,90.0,78.0,8.0,4.0
2021-08-05 19:15:40,91.0,77.0,10.0,4.0
2021-08-05 19:15:41,91.0,75.0,8.0,8.0
2021-08-05 19:15:42,92.0,79.0,7.0,6.0
2021-08-05 19:15:43,71.0,58.0,8.0,5.0
2021-08-05 19:15:44,77.0,68.0,5.0,4.0
2021-08-05 19:15:45,77.0,62.0,9.0,6.0
2021-08-05 19:15:46,76.0,66.0,7.0,3.0
2021-08-05 19:15:47,84.0,71.0,6.0,7.0
2021-08-05 19:15:48,90.0,84.0,3.0,3.0
2021-08-05 19:15:49,74.0,66.0,5.0,3.0
2021-08-05 19:15:50,88.0,74.0,6.0,8.0
2021-08-05 19:15:51,66.0,58.0,5.0,3.0
2021-08-05 19:15:52,78.0,71.0,4.0,3.0
2021-08-05 19:15:53,82.0,74.0,4.0,4.0
2021-08-05 19:15:54,95.0,84.0,7.0,4.0
2021-08-05 19:15:55,88.0,82.0,3.0,3.0
2021-08-05 19:15:56,85.0,78.0,5.0,2.0
2021-08-05 19:15:57,70.0,59.0,5.0,6.0
2021-08-05 19:15:58,85.0,77.0,6.0,2.0
2021-08-05 19:15:59,85.0,76.0,7.0,2.0
2021-08-05 19:16:00,86.0,78.0,6.0,2.0
2021-08-05 19:16:01,78.0,70.0,5.0,3.0
2021-08-05 19:16:02,87.0,81.0,3.0,3.0
2021-08-05 19:16:03,82.0,76.0,5.0,1.0
2021-08-05 19:16:04,79.0,63.0,8.0,8.0
2021-08-05 19:16:05,68.0,62.0,3.0,3.0
2021-08-05 19:16:06,79.0,75.0,2.0,2.0
2021-08-05 19:16:07,73.0,66.0,6.0,1.0
2021-08-05 19:16:08,89.0,80.0,5.0,4.0
2021-08-05 19:16:09,90.0,82.0,5.0,3.0
2021-08-05 19:16:10,90.0,73.0,11.0,6.0
2021-08-05 19:16:11,60.0,53.0,3.0,4.0
2021-08-05 19:16:12,83.0,68.0,11.0,4.0
2021-08-05 19:16:13,65.0,59.0,3.0,3.0
2021-08-05 19:16:14,87.0,77.0,6.0,4.0
2021-08-05 19:16:15,77.0,68.0,4.0,5.0
2021-08-05 19:16:16,80.0,64.0,13.0,3.0
2021-08-05 19:16:17,95.0,86.0,4.0,5.0
2021-08-05 19:16:18,82.0,77.0,3.0,2.0
2021-08-05 19:16:19,69.0,61.0,3.0,5.0
2021-08-05 19:16:20,54.0,47.0,2.0,5.0
2021-08-05 19:16:21,75.0,65.0,6.0,4.0
2021-08-05 19:16:22,86.0,74.0,6.0,6.0
2021-08-05 19:16:23,84.0,75.0,7.0,2.0
2021-08-05 19:16:24,89.0,77.0,6.0,6.0
2021-08-05 19:16:25,92.0,80.0,10.0,2.0
2021-08-05 19:16:26,82.0,74.0,5.0,3.0
2021-08-05 19:16:27,94.0,83.0,8.0,3.0
2021-08-05 19:16:28,73.0,63.0,6.0,4.0
2021-08-05 19:16:29,81.0,68.0,5.0,8.0
2021-08-05 19:16:30,98.0,91.0,3.0,4.0
2021-08-05 19:16:31,81.0,70.0,7.0,4.0
2021-08-05 19:16:32,88.0,83.0,4.0,1.0
2021-08-05 19:16:33,94.0,79.0,2.0,13.0
2021-08-05 19:16:34,67.0,58.0,5.0,4.0
2021-08-05 19:16:35,80.0,69.0,7.0,4.0
2021-08-05 19:16:36,87.0,74.0,6.0,7.0
2021-08-05 19:16:37,73.0,62.0,5.0,6.0
2021-08-05 19:16:38,87.0,73.0,11.0,3.0
2021-08-05 19:16:39,75.0,68.0,4.0,3.0
2021-08-05 19:16:40,70.0,62.0,5.0,3.0
2021-08-05 19:16:41,90.0,75.0,10.0,5.0
2021-08-05 19:16:42,82.0,75.0,4.0,3.0
2021-08-05 19:16:43,88.0,73.0,9.0,6.0
2021-08-05 19:16:44,101.0,86.0,12.0,3.0
2021-08-05 19:16:45,81.0,72.0,4.0,5.0
2021-08-05 19:16:46,91.0,80.0,6.0,5.0
2021-08-05 19:16:47,92.0,79.0,4.0,9.0
2021-08-05 19:16:48,85.0,73.0,8.0,4.0
2021-08-05 19:16:49,88.0,81.0,2.0,5.0
2021-08-05 19:16:50,85.0,77.0,5.0,3.0
2021-08-05 19:16:51,79.0,70.0,5.0,4.0
2021-08-05 19:16:52,78.0,71.0,5.0,2.0
2021-08-05 19:16:53,77.0,65.0,7.0,5.0
2021-08-05 19:16:54,91.0,80.0,7.0,4.0
2021-08-05 19:16:55,86.0,78.0,5.0,3.0
2021-08-05 19:16:56,81.0,67.0,8.0,6.0
2021-08-05 19:16:57,90.0,80.0,7.0,3.0
2021-08-05 19:16:58,83.0,72.0,6.0,5.0
2021-08-05 19:16:59,78.0,69.0,5.0,4.0
2021-08-05 19:17:00,93.0,84.0,6.0,3.0
2021-08-05 19:17:01,85.0,78.0,5.0,2.0
2021-08-05 19:17:02,84.0,75.0,4.0,5.0
2021-08-05 19:17:03,79.0,67.0,9.0,3.0
2021-08-05 19:17:04,60.0,55.0,1.0,4.0
2021-08-05 19:17:05,85.0,72.0,11.0,2.0
2021-08-05 19:17:06,77.0,69.0,4.0,4.0
2021-08-05 19:17:07,75.0,63.0,7.0,5.0
2021-08-05 19:17:08,87.0,70.0,8.0,9.0
2021-08-05 19:17:09,76.0,65.0,7.0,4.0
2021-08-05 19:17:10,73.0,64.0,4.0,5.0
2021-08-05 19:17:11,77.0,67.0,4.0,6.0
2021-08-05 19:17:12,76.0,67.0,6.0,3.0
2021-08-05 19:17:13,101.0,92.0,6.0,3.0
2021-08-05 19:17:14,78.0,69.0,7.0,2.0
2021-08-05 19:17:15,84.0,77.0,5.0,2.0
2021-08-05 19:17:16,85.0,81.0,2.0,2.0
2021-08-05 19:17:17,93.0,83.0,4.0,6.0
2021-08-05 19:17:18,77.0,72.0,4.0,1.0
2021-08-05 19:17:19,82.0,72.0,9.0,1.0
2021-08-05 19:17:20,87.0,79.0,4.0,4.0
2021-08-05 19:17:21,80.0,68.0,8.0,4.0
2021-08-05 19:17:22,83.0,68.0,10.0,5.0
2021-08-05 19:17:23,100.0,90.0,5.0,5.0
2021-08-05 19:17:24,79.0,71.0,5.0,3.0
2021-08-05 19:17:25,84.0,75.0,4.0,5.0
2021-08-05 19:17:26,88.0,80.0,6.0,2.0
2021-08-05 19:17:27,97.0,88.0,3.0,6.0
2021-08-05 19:17:28,96.0,83.0,6.0,7.0
2021-08-05 19:17:29,79.0,66.0,4.0,9.0
2021-08-05 19:17:30,86.0,80.0,5.0,1.0
2021-08-05 19:17:31,80.0,72.0,4.0,4.0
2021-08-05 19:17:32,107.0,97.0,8.0,2.0
2021-08-05 19:17:33,97.0,85.0,4.0,8.0
2021-08-05 19:17:34,76.0,68.0,7.0,1.0
2021-08-05 19:17:35,96.0,86.0,5.0,5.0
2021-08-05 19:17:36,70.0,65.0,1.0,4.0
2021-08-05 19:17:37,81.0,74.0,4.0,3.0
2021-08-05 19:17:38,78.0,72.0,3.0,3.0
2021-08-05 19:17:39,76.0,71.0,3.0,2.0
2021-08-05 19:17:40,67.0,56.0,8.0,3.0
2021-08-05 19:17:41,70.0,61.0,7.0,2.0
2021-08-05 19:17:42,68.0,58.0,4.0,6.0
2021-08-05 19:17:43,81.0,69.0,10.0,2.0
2021-08-05 19:17:44,94.0,84.0,4.0,6.0
2021-08-05 19:17:45,86.0,70.0,14.0,2.0
2021-08-05 19:17:46,95.0,84.0,8.0,3.0
2021-08-05 19:17:47,80.0,69.0,11.0,0.0
2021-08-05 19:17:48,83.0,76.0,4.0,3.0
2021-08-05 19:17:49,97.0,88.0,4.0,5.0
2021-08-05 19:17:50,98.0,86.0,9.0,3.0
2021-08-05 19:17:51,85.0,74.0,5.0,6.0
2021-08-05 19:17:52,83.0,71.0,9.0,3.0
2021-08-05 19:17:53,76.0,59.0,13.0,4.0
2021-08-05 19:17:54,87.0,77.0,5.0,5.0
2021-08-05 19:17:55,84.0,78.0,4.0,2.0
2021-08-05 19:17:56,89.0,76.0,9.0,4.0
2021-08-05 19:17:57,93.0,73.0,15.0,5.0
2021-08-05 19:17:58,89.0,69.0,15.0,5.0
2021-08-05 19:17:59,90.0,77.0,4.0,9.0
2021-08-05 19:18:00,94.0,87.0,3.0,4.0
2021-08-05 19:18:01,72.0,64.0,5.0,3.0
2021-08-05 19:18:02,67.0,63.0,4.0,0.0
2021-08-05 19:18:03,85.0,79.0,2.0,4.0
2021-08-05 19:18:04,92.0,77.0,9.0,6.0
2021-08-05 19:18:05,94.0,83.0,6.0,5.0
2021-08-05 19:18:06,84.0,75.0,2.0,7.0
2021-08-05 19:18:07,82.0,68.0,9.0,5.0
2021-08-05 19:18:08,96.0,82.0,10.0,4.0
2021-08-05 19:18:09,82.0,74.0,6.0,2.0
2021-08-05 19:18:10,89.0,75.0,9.0,5.0
2021-08-05 19:18:11,79.0,69.0,6.0,4.0
2021-08-05 19:18:12,62.0,60.0,2.0,0.0
2021-08-05 19:18:13,90.0,77.0,9.0,4.0
2021-08-05 19:18:14,72.0,63.0,6.0,3.0
2021-08-05 19:18:15,75.0,66.0,5.0,4.0
2021-08-05 19:18:16,95.0,83.0,8.0,4.0
2021-08-05 19:18:17,96.0,85.0,7.0,4.0
2021-08-05 19:18:18,92.0,78.0,7.0,7.0
2021-08-05 19:18:19,107.0,98.0,5.0,4.0
2021-08-05 19:18:20,80.0,70.0,6.0,4.0
2021-08-05 19:18:21,87.0,80.0,5.0,2.0
2021-08-05 19:18:22,86.0,76.0,6.0,4.0
2021-08-05 19:18:23,77.0,64.0,10.0,3.0
2021-08-05 19:18:24,83.0,68.0,10.0,5.0
2021-08-05 19:18:25,79.0,68.0,7.0,4.0
2021-08-05 19:18:26,81.0,73.0,3.0,5.0
2021-08-05 19:18:27,72.0,61.0,5.0,6.0
2021-08-05 19:18:28,97.0,86.0,9.0,2.0
2021-08-05 19:18:29,77.0,67.0,6.0,4.0
2021-08-05 19:18:30,93.0,78.0,10.0,5.0
2021-08-05 19:18:31,96.0,89.0,5.0,2.0
2021-08-05 19:18:32,72.0,64.0,5.0,3.0
2021-08-05 19:18:33,84.0,77.0,4.0,3.0
2021-08-05 19:18:34,93.0,76.0,8.0,9.0
2021-08-05 19:18:35,80.0,67.0,7.0,6.0
2021-08-05 19:18:36,83.0,76.0,5.0,2.0
2021-08-05 19:18:37,76.0,69.0,6.0,1.0
2021-08-05 19:18:38,77.0,61.0,13.0,3.0
2021-08-05 19:18:39,78.0,69.0,6.0,3.0
2021-08-05 19:18:40,84.0,71.0,5.0,8.0
2021-08-05 19:18:41,89.0,75.0,9.0,5.0
2021-08-05 19:18:42,84.0,74.0,4.0,6.0
2021-08-05 19:18:43,80.0,72.0,5.0,3.0
2021-08-05 19:18:44,82.0,70.0,8.0,4.0
2021-08-05 19:18:45,78.0,72.0,4.0,2.0
2021-08-05 19:18:46,89.0,78.0,5.0,6.0
2021-08-05 19:18:47,79.0,66.0,7.0,6.0
2021-08-05 19:18:48,87.0,69.0,11.0,7.0
2021-08-05 19:18:49,87.0,74.0,7.0,6.0
2021-08-05 19:18:50,77.0,65.0,10.0,2.0
2021-08-05 19:18:51,83.0,72.0,4.0,7.0
2021-08-05 19:18:52,78.0,64.0,5.0,9.0
2021-08-05 19:18:53,83.0,69.0,8.0,6.0
2021-08-05 19:18:54,94.0,85.0,4.0,5.0
2021-08-05 19:18:55,98.0,87.0,8.0,3.0
2021-08-05 19:18:56,100.0,90.0,8.0,2.0
2021-08-05 19:18:57,90.0,81.0,7.0,2.0
2021-08-05 19:18:58,79.0,62.0,10.0,7.0
2021-08-05 19:18:59,89.0,74.0,13.0,2.0
2021-08-05 19:19:00,88.0,78.0,7.0,3.0
2021-08-05 19:19:01,72.0,63.0,7.0,2.0
2021-08-05 19:19:02,84.0,80.0,1.0,3.0
2021-08-05 19:19:03,86.0,76.0,3.0,7.0
2021-08-05 19:19:04,77.0,68.0,9.0,0.0
2021-08-05 19:19:05,81.0,72.0,5.0,4.0
2021-08-05 19:19:06,74.0,66.0,4.0,4.0
2021-08-05 19:19:07,91.0,72.0,11.0,8.0
2021-08-05 19:19:08,105.0,91.0,8.0,6.0
2021-08-05 19:19:09,80.0,69.0,6.0,5.0
2021-08-05 19:19:10,83.0,69.0,10.0,4.0
2021-08-05 19:19:11,77.0,71.0,5.0,1.0
2021-08-05 19:19:12,72.0,65.0,3.0,4.0
2021-08-05 19:19:13,87.0,76.0,7.0,4.0
2021-08-05 19:19:14,79.0,69.0,5.0,5.0
2021-08-05 19:19:15,94.0,84.0,5.0,5.0
2021-08-05 19:19:16,77.0,66.0,5.0,6.0
2021-08-05 19:19:17,77.0,70.0,5.0,2.0
2021-08-05 19:19:18,90.0,84.0,3.0,3.0
2021-08-05 19:19:19,94.0,84.0,6.0,4.0
2021-08-05 19:19:20,71.0,60.0,8.0,3.0
2021-08-05 19:19:21,93.0,80.0,7.0,6.0
2021-08-05 19:19:22,77.0,67.0,8.0,2.0
2021-08-05 19:19:23,82.0,67.0,8.0,7.0
2021-08-05 19:19:24,86.0,74.0,6.0,6.0
2021-08-05 19:19:25,81.0,73.0,4.0,4.0
2021-08-05 19:19:26,95.0,85.0,7.0,3.0
2021-08-05 19:19:27,75.0,69.0,5.0,1.0
2021-08-05 19:19:28,89.0,82.0,4.0,3.0
2021-08-05 19:19:29,80.0,71.0,4.0,5.0
2021-08-05 19:19:30,114.0,98.0,7.0,9.0
2021-08-05 19:19:31,82.0,74.0,5.0,3.0
2021-08-05 19:19:32,85.0,75.0,6.0,4.0
2021-08-05 19:19:33,93.0,80.0,10.0,3.0
2021-08-05 19:19:34,94.0,85.0,6.0,3.0
2021-08-05 19:19:35,90.0,80.0,9.0,1.0
2021-08-05 19:19:36,86.0,76.0,5.0,5.0
2021-08-05 19:19:37,82.0,73.0,7.0,2.0
2021-08-05 19:19:38,91.0,82.0,4.0,5.0
2021-08-05 19:19:39,84.0,75.0,5.0,4.0
2021-08-05 19:19:40,82.0,67.0,10.0,5.0
2021-08-05 19:19:41,82.0,73.0,8.0,1.0
2021-08-05 19:19:42,78.0,69.0,5.0,4.0
2021-08-05 19:19:43,86.0,77.0,5.0,4.0
2021-08-05 19:19:44,84.0,75.0,7.0,2.0
2021-08-05 19:19:45,80.0,72.0,6.0,2.0
2021-08-05 19:19:46,61.0,54.0,4.0,3.0
2021-08-05 19:19:47,100.0,93.0,3.0,4.0
2021-08-05 19:19:48,90.0,81.0,5.0,4.0
2021-08-05 19:19:49,88.0,77.0,6.0,5.0
2021-08-05 19:19:50,83.0,73.0,6.0,4.0
2021-08-05 19:19:51,62.0,56.0,2.0,4.0
2021-08-05 19:19:52,88.0,78.0,6.0,4.0
2021-08-05 19:19:53,76.0,63.0,8.0,5.0
2021-08-05 19:19:54,85.0,76.0,4.0,5.0
2021-08-05 19:19:55,83.0,69.0,6.0,8.0
2021-08-05 19:19:56,85.0,70.0,7.0,8.0
2021-08-05 19:19:57,75.0,66.0,4.0,5.0
2021-08-05 19:19:58,84.0,73.0,7.0,4.0
2021-08-05 19:19:59,101.0,95.0,2.0,4.0
2021-08-05 19:20:00,90.0,82.0,7.0,1.0
2021-08-05 19:20:01,103.0,96.0,4.0,3.0
2021-08-05 19:20:02,71.0,63.0,5.0,3.0
2021-08-05 19:20:03,96.0,82.0,9.0,5.0
2021-08-05 19:20:04,89.0,82.0,3.0,4.0
2021-08-05 19:20:05,94.0,82.0,4.0,8.0
2021-08-05 19:20:06,90.0,77.0,6.0,7.0
2021-08-05 19:20:07,85.0,75.0,5.0,5.0
2021-08-05 19:20:08,98.0,86.0,6.0,6.0
2021-08-05 19:20:09,86.0,72.0,12.0,2.0
2021-08-05 19:20:10,74.0,67.0,4.0,3.0
2021-08-05 19:20:11,91.0,70.0,13.0,8.0
2021-08-05 19:20:12,92.0,80.0,7.0,5.0
2021-08-05 19:20:13,86.0,79.0,5.0,2.0
2021-08-05 19:20:14,64.0,60.0,1.0,3.0
2021-08-05 19:20:15,98.0,90.0,3.0,5.0
2021-08-05 19:20:16,100.0,89.0,6.0,5.0
2021-08-05 19:20:17,81.0,72.0,7.0,2.0
2021-08-05 19:20:18,93.0,82.0,8.0,3.0
2021-08-05 19:20:19,87.0,81.0,5.0,1.0
2021-08-05 19:20:20,113.0,92.0,14.0,7.0
2021-08-05 19:20:21,74.0,64.0,6.0,4.0
2021-08-05 19:20:22,85.0,72.0,7.0,6.0
2021-08-05 19:20:23,75.0,70.0,3.0,2.0
2021-08-05 19:20:24,85.0,71.0,6.0,8.0
2021-08-05 19:20:25,80.0,71.0,6.0,3.0
2021-08-05 19:20:26,88.0,76.0,7.0,5.0
2021-08-05 19:20:27,91.0,80.0,6.0,5.0
2021-08-05 19:20:28,83.0,74.0,6.0,3.0
2021-08-05 19:20:29,83.0,69.0,8.0,6.0
2021-08-05 19:20:30,97.0,85.0,9.0,3.0
2021-08-05 19:20:31,85.0,77.0,4.0,4.0
2021-08-05 19:20:32,75.0,69.0,3.0,3.0
2021-08-05 19:20:33,94.0,83.0,6.0,5.0
2021-08-05 19:20:34,67.0,61.0,3.0,3.0
2021-08-05 19:20:35,81.0,66.0,12.0,3.0
2021-08-05 19:20:36,94.0,81.0,6.0,7.0
2021-08-05 19:20:37,85.0,73.0,10.0,2.0
2021-08-05 19:20:38,73.0,65.0,5.0,3.0
2021-08-05 19:20:39,74.0,69.0,2.0,3.0
2021-08-05 19:20:40,93.0,80.0,8.0,5.0
2021-08-05 19:20:41,89.0,75.0,11.0,3.0
2021-08-05 19:20:42,91.0,80.0,6.0,5.0
2021-08-05 19:20:43,107.0,90.0,7.0,10.0
2021-08-05 19:20:44,79.0,70.0,4.0,5.0
2021-08-05 19:20:45,79.0,66.0,10.0,3.0
2021-08-05 19:20:46,83.0,73.0,6.0,4.0
2021-08-05 19:20:47,87.0,79.0,2.0,6.0
2021-08-05 19:20:48,98.0,85.0,11.0,2.0
2021-08-05 19:20:49,89.0,80.0,7.0,2.0
2021-08-05 19:20:50,101.0,87.0,9.0,5.0
2021-08-05 19:20:51,76.0,67.0,4.0,5.0
2021-08-05 19:20:52,93.0,75.0,8.0,10.0
2021-08-05 19:20:53,82.0,70.0,7.0,5.0
2021-08-05 19:20:54,81.0,69.0,7.0,5.0
2021-08-05 19:20:55,89.0,81.0,7.0,1.0
2021-08-05 19:20:56,84.0,76.0,3.0,5.0
2021-08-05 19:20:57,72.0,65.0,5.0,2.0
2021-08-05 19:20:58,89.0,75.0,11.0,3.0
2021-08-05 19:20:59,84.0,73.0,8.0,3.0
2021-08-05 19:21:00,80.0,71.0,5.0,4.0
2021-08-05 19:21:01,91.0,75.0,12.0,4.0
2021-08-05 19:21:02,74.0,68.0,4.0,2.0
2021-08-05 19:21:03,87.0,69.0,9.0,9.0
2021-08-05 19:21:04,90.0,77.0,10.0,3.0
2021-08-05 19:21:05,81.0,73.0,4.0,4.0
2021-08-05 19:21:06,94.0,81.0,8.0,5.0
2021-08-05 19:21:07,84.0,70.0,12.0,2.0
2021-08-05 19:21:08,78.0,70.0,6.0,2.0
2021-08-05 19:21:09,103.0,91.0,8.0,4.0
2021-08-05 19:21:10,78.0,68.0,7.0,3.0
2021-08-05 19:21:11,87.0,78.0,6.0,3.0
2021-08-05 19:21:12,81.0,76.0,3.0,2.0
2021-08-05 19:21:13,71.0,58.0,11.0,2.0
2021-08-05 19:21:14,73.0,67.0,2.0,4.0
2021-08-05 19:21:15,95.0,86.0,7.0,2.0
2021-08-05 19:21:16,83.0,74.0,7.0,2.0
2021-08-05 19:21:17,83.0,75.0,6.0,2.0
2021-08-05 19:21:18,95.0,83.0,7.0,5.0
2021-08-05 19:21:19,90.0,78.0,5.0,7.0
2021-08-05 19:21:20,90.0,79.0,8.0,3.0
2021-08-05 19:21:21,82.0,73.0,6.0,3.0
2021-08-05 19:21:22,83.0,71.0,7.0,5.0
2021-08-05 19:21:23,111.0,96.0,10.0,5.0
2021-08-05 19:21:24,88.0,78.0,8.0,2.0
2021-08-05 19:21:25,98.0,85.0,8.0,5.0
2021-08-05 19:21:26,86.0,81.0,2.0,3.0
2021-08-05 19:21:27,104.0,91.0,9.0,4.0
2021-08-05 19:21:28,81.0,73.0,8.0,0.0
2021-08-05 19:21:29,80.0,71.0,7.0,2.0
2021-08-05 19:21:30,85.0,70.0,10.0,5.0
2021-08-05 19:21:31,91.0,79.0,5.0,7.0
2021-08-05 19:21:32,96.0,80.0,11.0,5.0
2021-08-05 19:21:33,86.0,72.0,11.0,3.0
2021-08-05 19:21:34,88.0,77.0,7.0,4.0
2021-08-05 19:21:35,95.0,82.0,10.0,3.0
2021-08-05 19:21:36,73.0,67.0,2.0,4.0
2021-08-05 19:21:37,83.0,69.0,12.0,2.0
2021-08-05 19:21:38,80.0,69.0,3.0,8.0
2021-08-05 19:21:39,74.0,60.0,10.0,4.0
2021-08-05 19:21:40,64.0,55.0,4.0,5.0
2021-08-05 19:21:41,105.0,92.0,9.0,4.0
2021-08-05 19:21:42,84.0,74.0,5.0,5.0
2021-08-05 19:21:43,92.0,84.0,2.0,6.0
2021-08-05 19:21:44,86.0,77.0,6.0,3.0
2021-08-05 19:21:45,82.0,75.0,4.0,3.0
2021-08-05 19:21:46,83.0,74.0,5.0,4.0
2021-08-05 19:21:47,87.0,82.0,2.0,3.0
2021-08-05 19:21:48,90.0,81.0,4.0,5.0
2021-08-05 19:21:49,99.0,87.0,6.0,6.0
2021-08-05 19:21:50,76.0,69.0,5.0,2.0
2021-08-05 19:21:51,89.0,78.0,9.0,2.0
2021-08-05 19:21:52,71.0,66.0,5.0,0.0
2021-08-05 19:21:53,72.0,63.0,6.0,3.0
2021-08-05 19:21:54,100.0,87.0,9.0,4.0
2021-08-05 19:21:55,81.0,68.0,6.0,7.0
2021-08-05 19:21:56,74.0,67.0,3.0,4.0
2021-08-05 19:21:57,80.0,69.0,8.0,3.0
2021-08-05 19:21:58,94.0,81.0,7.0,6.0
2021-08-05 19:21:59,79.0,69.0,6.0,4.0
2021-08-05 19:22:00,79.0,69.0,5.0,5.0
2021-08-05 19:22:01,80.0,74.0,3.0,3.0
2021-08-05 19:22:02,83.0,68.0,9.0,6.0
2021-08-05 19:22:03,77.0,71.0,4.0,2.0
2021-08-05 19:22:04,77.0,69.0,4.0,4.0
2021-08-05 19:22:05,80.0,68.0,6.0,6.0
2021-08-05 19:22:06,96.0,81.0,12.0,3.0
2021-08-05 19:22:07,85.0,76.0,2.0,7.0
2021-08-05 19:22:08,76.0,68.0,4.0,4.0
2021-08-05 19:22:09,86.0,79.0,5.0,2.0
2021-08-05 19:22:10,100.0,86.0,8.0,6.0
2021-08-05 19:22:11,88.0,77.0,5.0,6.0
2021-08-05 19:22:12,83.0,74.0,6.0,3.0
2021-08-05 19:22:13,71.0,59.0,5.0,7.0
2021-08-05 19:22:14,84.0,77.0,5.0,2.0
2021-08-05 19:22:15,72.0,67.0,3.0,2.0
2021-08-05 19:22:16,80.0,73.0,4.0,3.0
2021-08-05 19:22:17,83.0,69.0,10.0,4.0
2021-08-05 19:22:18,69.0,58.0,8.0,3.0
2021-08-05 19:22:19,72.0,57.0,10.0,5.0
2021-08-05 19:22:20,97.0,82.0,10.0,5.0
2021-08-05 19:22:21,98.0,89.0,5.0,4.0
2021-08-05 19:22:22,81.0,74.0,5.0,2.0
2021-08-05 19:22:23,99.0,87.0,6.0,6.0
2021-08-05 19:22:24,86.0,74.0,8.0,4.0
2021-08-05 19:22:25,77.0,68.0,8.0,1.0
2021-08-05 19:22:26,85.0,71.0,8.0,6.0
2021-08-05 19:22:27,79.0,70.0,2.0,7.0
2021-08-05 19:22:28,99.0,89.0,4.0,6.0
2021-08-05 19:22:29,83.0,73.0,5.0,5.0
2021-08-05 19:22:30,91.0,81.0,8.0,2.0
2021-08-05 19:22:31,93.0,81.0,9.0,3.0
2021-08-05 19:22:32,76.0,65.0,9.0,2.0
2021-08-05 19:22:33,70.0,61.0,4.0,5.0
2021-08-05 19:22:34,92.0,78.0,9.0,5.0
2021-08-05 19:22:35,65.0,57.0,4.0,4.0
2021-08-05 19:22:36,78.0,64.0,11.0,3.0
2021-08-05 19:22:37,78.0,69.0,3.0,6.0
2021-08-05 19:22:38,88.0,78.0,5.0,5.0
2021-08-05 19:22:39,91.0,74.0,13.0,4.0
2021-08-05 19:22:40,94.0,80.0,10.0,4.0
2021-08-05 19:22:41,81.0,66.0,8.0,7.0
2021-08-05 19:22:42,84.0,78.0,3.0,3.0
2021-08-05 19:22:43,88.0,76.0,10.0,2.0
2021-08-05 19:22:44,77.0,69.0,3.0,5.0
2021-08-05 19:22:45,86.0,77.0,6.0,3.0
2021-08-05 19:22:46,96.0,86.0,7.0,3.0
2021-08-05 19:22:47,88.0,75.0,10.0,3.0
2021-08-05 19:22:48,81.0,72.0,3.0,6.0
2021-08-05 19:22:49,80.0,69.0,3.0,8.0
2021-08-05 19:22:50,104.0,90.0,9.0,5.0
2021-08-05 19:22:51,85.0,75.0,9.0,1.0
2021-08-05 19:22:52,86.0,74.0,9.0,3.0
2021-08-05 19:22:53,74.0,57.0,11.0,6.0
2021-08-05 19:22:54,86.0,80.0,1.0,5.0
2021-08-05 19:22:55,86.0,75.0,4.0,7.0
2021-08-05 19:22:56,87.0,81.0,4.0,2.0
2021-08-05 19:22:57,80.0,73.0,7.0,0.0
2021-08-05 19:22:58,78.0,72.0,5.0,1.0
2021-08-05 19:22:59,88.0,76.0,8.0,4.0
2021-08-05 19:23:00,89.0,82.0,4.0,3.0
2021-08-05 19:23:01,72.0,63.0,3.0,6.0
2021-08-05 19:23:02,77.0,71.0,3.0,3.0
2021-08-05 19:23:03,84.0,73.0,7.0,4.0
2021-08-05 19:23:04,64.0,57.0,5.0,2.0
2021-08-05 19:23:05,81.0,70.0,6.0,5.0
2021-08-05 19:23:06,89.0,74.0,10.0,5.0
2021-08-05 19:23:07,78.0,66.0,6.0,6.0
2021-08-05 19:23:08,74.0,66.0,7.0,1.0
2021-08-05 19:23:09,86.0,76.0,4.0,6.0
2021-08-05 19:23:10,93.0,83.0,5.0,5.0
2021-08-05 19:23:11,86.0,78.0,7.0,1.0
2021-08-05 19:23:12,80.0,67.0,10.0,3.0
2021-08-05 19:23:13,69.0,65.0,4.0,0.0
2021-08-05 19:23:14,81.0,70.0,7.0,4.0
2021-08-05 19:23:15,88.0,77.0,8.0,3.0
2021-08-05 19:23:16,86.0,72.0,10.0,4.0
2021-08-05 19:23:17,97.0,88.0,8.0,1.0
2021-08-05 19:23:18,95.0,83.0,10.0,2.0
2021-08-05 19:23:19,70.0,64.0,4.0,2.0
2021-08-05 19:23:20,89.0,80.0,3.0,6.0
2021-08-05 19:23:21,86.0,81.0,3.0,2.0
2021-08-05 19:23:22,78.0,69.0,7.0,2.0
2021-08-05 19:23:23,69.0,62.0,3.0,4.0
2021-08-05 19:23:24,78.0,65.0,8.0,5.0
2021-08-05 19:23:25,85.0,75.0,5.0,5.0
2021-08-05 19:23:26,72.0,71.0,1.0,0.0
2021-08-05 19:23:27,88.0,69.0,11.0,8.0
2021-08-05 19:23:28,87.0,82.0,4.0,1.0
2021-08-05 19:23:29,81.0,71.0,6.0,4.0
2021-08-05 19:23:30,72.0,65.0,4.0,3.0
2021-08-05 19:23:31,89.0,77.0,7.0,5.0
2021-08-05 19:23:32,84.0,74.0,5.0,5.0
2021-08-05 19:23:33,98.0,83.0,10.0,5.0
2021-08-05 19:23:34,86.0,80.0,3.0,3.0
2021-08-05 19:23:35,80.0,70.0,8.0,2.0
2021-08-05 19:23:36,86.0,72.0,7.0,7.0
2021-08-05 19:23:37,92.0,76.0,12.0,4.0
2021-08-05 19:23:38,90.0,77.0,10.0,3.0
2021-08-05 19:23:39,89.0,80.0,7.0,2.0
2021-08-05 19:23:40,83.0,73.0,6.0,4.0
2021-08-05 19:23:41,74.0,67.0,3.0,4.0
2021-08-05 19:23:42,76.0,68.0,4.0,4.0
2021-08-05 19:23:43,92.0,84.0,6.0,2.0
2021-08-05 19:23:44,83.0,68.0,8.0,7.0
2021-08-05 19:23:45,90.0,83.0,4.0,3.0
2021-08-05 19:23:46,82.0,70.0,7.0,5.0
2021-08-05 19:23:47,95.0,86.0,4.0,5.0
2021-08-05 19:23:48,77.0,71.0,4.0,2.0
2021-08-05 19:23:49,85.0,73.0,7.0,5.0
2021-08-05 19:23:50,87.0,79.0,7.0,1.0
2021-08-05 19:23:51,93.0,82.0,7.0,4.0
2021-08-05 19:23:52,76.0,68.0,5.0,3.0
2021-08-05 19:23:53,74.0,60.0,8.0,6.0
2021-08-05 19:23:54,85.0,70.0,12.0,3.0
2021-08-05 19:23:55,84.0,77.0,6.0,1.0
2021-08-05 19:23:56,94.0,82.0,5.0,7.0
2021-08-05 19:23:57,77.0,66.0,4.0,7.0
2021-08-05 19:23:58,99.0,91.0,5.0,3.0
2021-08-05 19:23:59,79.0,71.0,7.0,1.0
2021-08-05 19:24:00,75.0,65.0,6.0,4.0
2021-08-05 19:24:01,72.0,66.0,3.0,3.0
2021-08-05 19:24:02,90.0,70.0,11.0,9.0
2021-08-05 19:24:03,75.0,71.0,3.0,1.0
2021-08-05 19:24:04,73.0,60.0,7.0,6.0
2021-08-05 19:24:05,85.0,76.0,4.0,5.0
2021-08-05 19:24:06,86.0,67.0,10.0,9.0
2021-08-05 19:24:07,84.0,68.0,11.0,5.0
2021-08-05 19:24:08,90.0,77.0,10.0,3.0
2021-08-05 19:24:09,79.0,66.0,10.0,3.0
2021-08-05 19:24:10,82.0,72.0,7.0,3.0
2021-08-05 19:24:11,76.0,69.0,5.0,2.0
2021-08-05 19:24:12,79.0,69.0,8.0,2.0
2021-08-05 19:24:13,82.0,73.0,5.0,4.0
2021-08-05 19:24:14,106.0,85.0,15.0,6.0
2021-08-05 19:24:15,91.0,83.0,5.0,3.0
2021-08-05 19:24:16,96.0,84.0,7.0,5.0
2021-08-05 19:24:17,95.0,86.0,2.0,7.0
2021-08-05 19:24:18,87.0,71.0,7.0,9.0
2021-08-05 19:24:19,90.0,78.0,9.0,3.0
2021-08-05 19:24:20,91.0,79.0,5.0,7.0
2021-08-05 19:24:21,84.0,74.0,6.0,4.0
2021-08-05 19:24:22,81.0,76.0,4.0,1.0
2021-08-05 19:24:23,87.0,78.0,4.0,5.0
2021-08-05 19:24:24,93.0,84.0,7.0,2.0
2021-08-05 19:24:25,81.0,68.0,6.0,7.0
2021-08-05 19:24:26,89.0,79.0,7.0,3.0
2021-08-05 19:24:27,84.0,71.0,7.0,6.0
2021-08-05 19:24:28,80.0,74.0,4.0,2.0
2021-08-05 19:24:29,90.0,76.0,5.0,9.0
2021-08-05 19:24:30,110.0,95.0,8.0,7.0
2021-08-05 19:24:31,102.0,87.0,9.0,6.0
2021-08-05 19:24:32,91.0,84.0,5.0,2.0
2021-08-05 19:24:33,68.0,59.0,6.0,3.0
2021-08-05 19:24:34,100.0,89.0,6.0,5.0
2021-08-05 19:24:35,82.0,67.0,8.0,7.0
2021-08-05 19:24:36,77.0,70.0,4.0,3.0
2021-08-05 19:24:37,76.0,62.0,8.0,6.0
2021-08-05 19:24:38,79.0,71.0,6.0,2.0
2021-08-05 19:24:39,110.0,98.0,9.0,3.0
2021-08-05 19:24:40,75.0,65.0,4.0,6.0
2021-08-05 19:24:41,77.0,66.0,6.0,5.0
2021-08-05 19:24:42,82.0,76.0,4.0,2.0
2021-08-05 19:24:43,79.0,72.0,3.0,4.0
2021-08-05 19:24:44,74.0,62.0,8.0,4.0
2021-08-05 19:24:45,82.0,72.0,6.0,4.0
2021-08-05 19:24:46,89.0,76.0,6.0,7.0
2021-08-05 19:24:47,68.0,64.0,3.0,1.0
2021-08-05 19:24:48,79.0,72.0,5.0,2.0
2021-08-05 19:24:49,94.0,81.0,7.0,6.0
2021-08-05 19:24:50,73.0,67.0,5.0,1.0
2021-08-05 19:24:51,88.0,73.0,13.0,2.0
2021-08-05 19:24:52,85.0,80.0,3.0,2.0
2021-08-05 19:24:53,78.0,68.0,6.0,4.0
2021-08-05 19:24:54,78.0,68.0,6.0,4.0
2021-08-05 19:24:55,90.0,81.0,5.0,4.0
2021-08-05 19:24:56,79.0,71.0,4.0,4.0
2021-08-05 19:24:57,101.0,82.0,12.0,7.0
2021-08-05 19:24:58,83.0,71.0,7.0,5.0
2021-08-05 19:24:59,87.0,74.0,6.0,7.0
2021-08-05 19:25:00,91.0,83.0,5.0,3.0
2021-08-05 19:25:01,97.0,83.0,9.0,5.0
2021-08-05 19:25:02,95.0,79.0,10.0,6.0
2021-08-05 19:25:03,91.0,81.0,7.0,3.0
2021-08-05 19:25:04,83.0,74.0,6.0,3.0
2021-08-05 19:25:05,84.0,76.0,7.0,1.0
2021-08-05 19:25:06,76.0,68.0,2.0,6.0
2021-08-05 19:25:07,82.0,78.0,2.0,2.0
2021-08-05 19:25:08,82.0,64.0,9.0,9.0
2021-08-05 19:25:09,104.0,93.0,4.0,7.0
2021-08-05 19:25:10,89.0,79.0,5.0,5.0
2021-08-05 19:25:11,86.0,77.0,2.0,7.0
2021-08-05 19:25:12,77.0,66.0,8.0,3.0
2021-08-05 19:25:13,73.0,62.0,10.0,1.0
2021-08-05 19:25:14,84.0,71.0,10.0,3.0
2021-08-05 19:25:15,65.0,58.0,4.0,3.0
2021-08-05 19:25:16,86.0,73.0,9.0,4.0
2021-08-05 19:25:17,78.0,71.0,4.0,3.0
2021-08-05 19:25:18,83.0,67.0,7.0,9.0
2021-08-05 19:25:19,83.0,73.0,8.0,2.0
2021-08-05 19:25:20,88.0,75.0,9.0,4.0
2021-08-05 19:25:21,76.0,58.0,9.0,9.0
2021-08-05 19:25:22,102.0,94.0,3.0,5.0
2021-08-05 19:25:23,68.0,63.0,3.0,2.0
2021-08-05 19:25:24,72.0,63.0,3.0,6.0
2021-08-05 19:25:25,89.0,81.0,3.0,5.0
2021-08-05 19:25:26,88.0,77.0,6.0,5.0
2021-08-05 19:25:27,82.0,70.0,7.0,5.0
2021-08-05 19:25:28,88.0,80.0,5.0,3.0
2021-08-05 19:25:29,90.0,77.0,11.0,2.0
2021-08-05 19:25:30,86.0,77.0,5.0,4.0
2021-08-05 19:25:31,90.0,82.0,4.0,4.0
2021-08-05 19:25:32,77.0,67.0,6.0,4.0
2021-08-05 19:25:33,103.0,88.0,8.0,7.0
2021-08-05 19:25:34,75.0,67.0,7.0,1.0
2021-08-05 19:25:35,88.0,77.0,3.0,8.0
2021-08-05 19:25:36,90.0,81.0,3.0,6.0
2021-08-05 19:25:37,82.0,65.0,6.0,11.0
2021-08-05 19:25:38,87.0,78.0,5.0,4.0
2021-08-05 19:25:39,88.0,73.0,8.0,7.0
2021-08-05 19:25:40,74.0,68.0,5.0,1.0
2021-08-05 19:25:41,87.0,71.0,9.0,7.0
2021-08-05 19:25:42,75.0,62.0,7.0,6.0
2021-08-05 19:25:43,94.0,82.0,7.0,5.0
2021-08-05 19:25:44,95.0,84.0,5.0,6.0
2021-08-05 19:25:45,71.0,64.0,5.0,2.0
2021-08-05 19:25:46,86.0,78.0,5.0,3.0
2021-08-05 19:25:47,94.0,85.0,6.0,3.0
2021-08-05 19:25:48,87.0,75.0,10.0,2.0
2021-08-05 19:25:49,72.0,63.0,7.0,2.0
2021-08-05 19:25:50,74.0,65.0,5.0,4.0
2021-08-05 19:25:51,84.0,73.0,7.0,4.0
2021-08-05 19:25:52,80.0,74.0,2.0,4.0
2021-08-05 19:25:53,82.0,75.0,5.0,2.0
2021-08-05 19:25:54,72.0,65.0,3.0,4.0
2021-08-05 19:25:55,95.0,81.0,8.0,6.0
2021-08-05 19:25:56,82.0,68.0,9.0,5.0
2021-08-05 19:25:57,67.0,62.0,5.0,0.0
2021-08-05 19:25:58,96.0,81.0,8.0,7.0
2021-08-05 19:25:59,79.0,68.0,6.0,5.0
2021-08-05 19:26:00,87.0,72.0,12.0,3.0
2021-08-05 19:26:01,87.0,79.0,3.0,5.0
2021-08-05 19:26:02,79.0,66.0,8.0,5.0
2021-08-05 19:26:03,84.0,78.0,4.0,2.0
2021-08-05 19:26:04,85.0,79.0,4.0,2.0
2021-08-05 19:26:05,90.0,80.0,6.0,4.0
2021-08-05 19:26:06,81.0,73.0,6.0,2.0
2021-08-05 19:26:07,90.0,80.0,4.0,6.0
2021-08-05 19:26:08,70.0,64.0,3.0,3.0
2021-08-05 19:26:09,66.0,53.0,8.0,5.0
2021-08-05 19:26:10,84.0,71.0,9.0,4.0
2021-08-05 19:26:11,89.0,81.0,3.0,5.0
2021-08-05 19:26:12,82.0,72.0,4.0,6.0
2021-08-05 19:26:13,88.0,74.0,9.0,5.0
2021-08-05 19:26:14,89.0,82.0,4.0,3.0
2021-08-05 19:26:15,72.0,63.0,8.0,1.0
2021-08-05 19:26:16,73.0,65.0,5.0,3.0
2021-08-05 19:26:17,75.0,67.0,4.0,4.0
2021-08-05 19:26:18,73.0,60.0,8.0,5.0
2021-08-05 19:26:19,100.0,89.0,6.0,5.0
2021-08-05 19:26:20,80.0,71.0,6.0,3.0
2021-08-05 19:26:21,91.0,84.0,4.0,3.0
2021-08-05 19:26:22,93.0,81.0,8.0,4.0
2021-08-05 19:26:23,105.0,91.0,12.0,2.0
2021-08-05 19:26:24,75.0,65.0,6.0,4.0
2021-08-05 19:26:25,74.0,67.0,5.0,2.0
2021-08-05 19:26:26,65.0,59.0,4.0,2.0
2021-08-05 19:26:27,70.0,63.0,6.0,1.0
2021-08-05 19:26:28,85.0,71.0,7.0,7.0
2021-08-05 19:26:29,87.0,79.0,2.0,6.0
2021-08-05 19:26:30,69.0,58.0,8.0,3.0
2021-08-05 19:26:31,87.0,78.0,6.0,3.0
2021-08-05 19:26:32,85.0,72.0,10.0,3.0
2021-08-05 19:26:33,68.0,58.0,8.0,2.0
2021-08-05 19:26:34,73.0,60.0,6.0,7.0
2021-08-05 19:26:35,94.0,83.0,8.0,3.0
2021-08-05 19:26:36,77.0,66.0,3.0,8.0
2021-08-05 19:26:37,71.0,62.0,6.0,3.0
2021-08-05 19:26:38,80.0,72.0,6.0,2.0
2021-08-05 19:26:39,89.0,75.0,7.0,7.0
2021-08-05 19:26:40,98.0,81.0,11.0,6.0
2021-08-05 19:26:41,91.0,80.0,6.0,5.0
2021-08-05 19:26:42,84.0,75.0,7.0,2.0
2021-08-05 19:26:43,85.0,77.0,5.0,3.0
2021-08-05 19:26:44,70.0,63.0,3.0,4.0
2021-08-05 19:26:45,82.0,69.0,8.0,5.0
2021-08-05 19:26:46,91.0,78.0,7.0,6.0
2021-08-05 19:26:47,91.0,84.0,4.0,3.0
2021-08-05 19:26:48,85.0,74.0,9.0,2.0
2021-08-05 19:26:49,79.0,68.0,4.0,7.0
2021-08-05 19:26:50,88.0,83.0,4.0,1.0
2021-08-05 19:26:51,80.0,68.0,7.0,5.0
2021-08-05 19:26:52,90.0,82.0,5.0,3.0
2021-08-05 19:26:53,89.0,73.0,5.0,11.0
2021-08-05 19:26:54,83.0,72.0,7.0,4.0
2021-08-05 19:26:55,89.0,80.0,9.0,0.0
2021-08-05 19:26:56,83.0,75.0,7.0,1.0
2021-08-05 19:26:57,99.0,84.0,10.0,5.0
2021-08-05 19:26:58,83.0,73.0,5.0,5.0
2021-08-05 19:26:59,87.0,79.0,5.0,3.0
2021-08-05 19:27:00,83.0,72.0,7.0,4.0
2021-08-05 19:27:01,88.0,73.0,7.0,8.0
2021-08-05 19:27:02,71.0,65.0,5.0,1.0
2021-08-05 19:27:03,83.0,71.0,7.0,5.0
2021-08-05 19:27:04,75.0,66.0,4.0,5.0
2021-08-05 19:27:05,86.0,77.0,5.0,4.0
2021-08-05 19:27:06,85.0,73.0,8.0,4.0
2021-08-05 19:27:07,79.0,69.0,6.0,4.0
2021-08-05 19:27:08,84.0,80.0,2.0,2.0
2021-08-05 19:27:09,85.0,71.0,6.0,8.0
2021-08-05 19:27:10,71.0,61.0,4.0,6.0
2021-08-05 19:27:11,76.0,67.0,5.0,4.0
2021-08-05 19:27:12,88.0,79.0,6.0,3.0
2021-08-05 19:27:13,65.0,58.0,5.0,2.0
2021-08-05 19:27:14,83.0,66.0,9.0,8.0
2021-08-05 19:27:15,75.0,67.0,5.0,3.0
2021-08-05 19:27:16,85.0,74.0,7.0,4.0
2021-08-05 19:27:17,77.0,63.0,8.0,6.0
2021-08-05 19:27:18,83.0,73.0,8.0,2.0
2021-08-05 19:27:19,77.0,70.0,2.0,5.0
2021-08-05 19:27:20,76.0,64.0,8.0,4.0
2021-08-05 19:27:21,85.0,79.0,3.0,3.0
2021-08-05 19:27:22,101.0,87.0,8.0,6.0
2021-08-05 19:27:23,86.0,70.0,10.0,6.0
2021-08-05 19:27:24,81.0,74.0,1.0,6.0
2021-08-05 19:27:25,91.0,82.0,8.0,1.0
2021-08-05 19:27:26,72.0,61.0,8.0,3.0
2021-08-05 19:27:27,73.0,68.0,4.0,1.0
2021-08-05 19:27:28,82.0,75.0,2.0,5.0
2021-08-05 19:27:29,94.0,83.0,7.0,4.0
2021-08-05 19:27:30,91.0,76.0,7.0,8.0
2021-08-05 19:27:31,85.0,67.0,11.0,7.0
2021-08-05 19:27:32,71.0,59.0,7.0,5.0
2021-08-05 19:27:33,87.0,75.0,5.0,7.0
2021-08-05 19:27:34,82.0,72.0,7.0,3.0
2021-08-05 19:27:35,89.0,79.0,4.0,6.0
2021-08-05 19:27:36,73.0,66.0,2.0,5.0
2021-08-05 19:27:37,93.0,81.0,7.0,5.0
2021-08-05 19:27:38,100.0,80.0,13.0,7.0
2021-08-05 19:27:39,90.0,76.0,13.0,1.0
2021-08-05 19:27:40,99.0,89.0,4.0,6.0
2021-08-05 19:27:41,81.0,68.0,8.0,5.0
2021-08-05 19:27:42,91.0,73.0,13.0,5.0
2021-08-05 19:27:43,91.0,74.0,10.0,7.0
2021-08-05 19:27:44,96.0,85.0,4.0,7.0
2021-08-05 19:27:45,83.0,75.0,4.0,4.0
2021-08-05 19:27:46,99.0,86.0,8.0,5.0
2021-08-05 19:27:47,85.0,73.0,4.0,8.0
2021-08-05 19:27:48,93.0,77.0,13.0,3.0
2021-08-05 19:27:49,90.0,84.0,6.0,0.0
2021-08-05 19:27:50,70.0,56.0,6.0,8.0
2021-08-05 19:27:51,82.0,72.0,6.0,4.0
2021-08-05 19:27:52,81.0,72.0,6.0,3.0
2021-08-05 19:27:53,91.0,81.0,10.0,0.0
2021-08-05 19:27:54,79.0,67.0,8.0,4.0
2021-08-05 19:27:55,68.0,61.0,6.0,1.0
2021-08-05 19:27:56,98.0,87.0,3.0,8.0
2021-08-05 19:27:57,82.0,71.0,8.0,3.0
2021-08-05 19:27:58,87.0,73.0,9.0,5.0
2021-08-05 19:27:59,85.0,71.0,8.0,6.0
2021-08-05 19:28:00,82.0,73.0,5.0,4.0
2021-08-05 19:28:01,82.0,69.0,7.0,6.0
2021-08-05 19:28:02,95.0,87.0,3.0,5.0
2021-08-05 19:28:03,78.0,64.0,11.0,3.0
2021-08-05 19:28:04,73.0,66.0,6.0,1.0
2021-08-05 19:28:05,87.0,71.0,10.0,6.0
2021-08-05 19:28:06,74.0,64.0,6.0,4.0
2021-08-05 19:28:07,100.0,86.0,8.0,6.0
2021-08-05 19:28:08,90.0,84.0,2.0,4.0
2021-08-05 19:28:09,76.0,70.0,3.0,3.0
2021-08-05 19:28:10,79.0,73.0,4.0,2.0
2021-08-05 19:28:11,77.0,64.0,10.0,3.0
2021-08-05 19:28:12,86.0,71.0,9.0,6.0
2021-08-05 19:28:13,68.0,61.0,1.0,6.0
2021-08-05 19:28:14,89.0,78.0,5.0,6.0
2021-08-05 19:28:15,82.0,73.0,7.0,2.0
2021-08-05 19:28:16,84.0,75.0,5.0,4.0
2021-08-05 19:28:17,86.0,74.0,9.0,3.0
2021-08-05 19:28:18,76.0,65.0,5.0,6.0
2021-08-05 19:28:19,104.0,84.0,7.0,13.0
2021-08-05 19:28:20,82.0,71.0,4.0,7.0
2021-08-05 19:28:21,74.0,63.0,9.0,2.0
2021-08-05 19:28:22,87.0,77.0,5.0,5.0
2021-08-05 19:28:23,74.0,60.0,7.0,7.0
2021-08-05 19:28:24,77.0,68.0,3.0,6.0
2021-08-05 19:28:25,75.0,67.0,5.0,3.0
2021-08-05 19:28:26,82.0,72.0,8.0,2.0
2021-08-05 19:28:27,66.0,59.0,3.0,4.0
2021-08-05 19:28:28,90.0,80.0,7.0,3.0
2021-08-05 19:28:29,94.0,84.0,5.0,5.0
2021-08-05 19:28:30,60.0,57.0,2.0,1.0
2021-08-05 19:28:31,87.0,76.0,7.0,4.0
2021-08-05 19:28:32,82.0,72.0,4.0,6.0
2021-08-05 19:28:33,87.0,78.0,6.0,3.0
2021-08-05 19:28:34,76.0,68.0,5.0,3.0
2021-08-05 19:28:35,76.0,71.0,3.0,2.0
2021-08-05 19:28:36,91.0,80.0,6.0,5.0
2021-08-05 19:28:37,83.0,80.0,2.0,1.0
2021-08-05 19:28:38,65.0,57.0,5.0,3.0
2021-08-05 19:28:39,67.0,59.0,5.0,3.0
2021-08-05 19:28:40,99.0,90.0,7.0,2.0
2021-08-05 19:28:41,95.0,82.0,9.0,4.0
2021-08-05 19:28:42,101.0,92.0,4.0,5.0
2021-08-05 19:28:43,75.0,67.0,6.0,2.0
2021-08-05 19:28:44,78.0,72.0,4.0,2.0
2021-08-05 19:28:45,86.0,81.0,3.0,2.0
2021-08-05 19:28:46,79.0,70.0,5.0,4.0
2021-08-05 19:28:47,75.0,69.0,2.0,4.0
2021-08-05 19:28:48,82.0,72.0,5.0,5.0
2021-08-05 19:28:49,94.0,83.0,5.0,6.0
2021-08-05 19:28:50,103.0,83.0,13.0,7.0
2021-08-05 19:28:51,93.0,81.0,3.0,9.0
2021-08-05 19:28:52,76.0,66.0,8.0,2.0
2021-08-05 19:28:53,73.0,61.0,6.0,6.0
2021-08-05 19:28:54,79.0,68.0,6.0,5.0
2021-08-05 19:28:55,84.0,70.0,11.0,3.0
2021-08-05 19:28:56,87.0,70.0,12.0,5.0
2021-08-05 19:28:57,101.0,89.0,6.0,6.0
2021-08-05 19:28:58,67.0,60.0,4.0,3.0
2021-08-05 19:28:59,100.0,88.0,6.0,6.0
2021-08-05 19:29:00,74.0,63.0,7.0,4.0
2021-08-05 19:29:01,80.0,66.0,8.0,6.0
2021-08-05 19:29:02,86.0,78.0,6.0,2.0
2021-08-05 19:29:03,68.0,57.0,7.0,4.0
2021-08-05 19:29:04,72.0,65.0,5.0,2.0
2021-08-05 19:29:05,92.0,77.0,12.0,3.0
2021-08-05 19:29:06,74.0,61.0,8.0,5.0
2021-08-05 19:29:07,72.0,65.0,4.0,3.0
2021-08-05 19:29:08,71.0,62.0,5.0,4.0
2021-08-05 19:29:09,69.0,63.0,4.0,2.0
2021-08-05 19:29:10,81.0,63.0,13.0,5.0
2021-08-05 19:29:11,68.0,54.0,4.0,10.0
2021-08-05 19:29:12,72.0,64.0,5.0,3.0
2021-08-05 19:29:13,105.0,88.0,12.0,5.0
2021-08-05 19:29:14,94.0,87.0,5.0,2.0
2021-08-05 19:29:15,88.0,78.0,6.0,4.0
2021-08-05 19:29:16,95.0,79.0,10.0,6.0
2021-08-05 19:29:17,88.0,77.0,6.0,5.0
2021-08-05 19:29:18,82.0,69.0,7.0,6.0
2021-08-05 19:29:19,79.0,73.0,3.0,3.0
2021-08-05 19:29:20,69.0,60.0,4.0,5.0
2021-08-05 19:29:21,91.0,84.0,6.0,1.0
2021-08-05 19:29:22,78.0,68.0,7.0,3.0
2021-08-05 19:29:23,87.0,77.0,7.0,3.0
2021-08-05 19:29:24,96.0,83.0,7.0,6.0
2021-08-05 19:29:25,74.0,69.0,2.0,3.0
2021-08-05 19:29:26,75.0,70.0,3.0,2.0
2021-08-05 19:29:27,82.0,74.0,5.0,3.0
2021-08-05 19:29:28,84.0,77.0,4.0,3.0
2021-08-05 19:29:29,88.0,78.0,6.0,4.0
2021-08-05 19:29:30,83.0,73.0,5.0,5.0
2021-08-05 19:29:31,88.0,82.0,3.0,3.0
2021-08-05 19:29:32,84.0,74.0,6.0,4.0
2021-08-05 19:29:33,73.0,62.0,4.0,7.0
2021-08-05 19:29:34,79.0,71.0,7.0,1.0
2021-08-05 19:29:35,82.0,67.0,8.0,7.0
2021-08-05 19:29:36,94.0,84.0,4.0,6.0
2021-08-05 19:29:37,108.0,98.0,5.0,5.0
2021-08-05 19:29:38,96.0,89.0,4.0,3.0
2021-08-05 19:29:39,93.0,80.0,8.0,5.0
2021-08-05 19:29:40,75.0,66.0,7.0,2.0
2021-08-05 19:29:41,95.0,85.0,8.0,2.0
2021-08-05 19:29:42,93.0,80.0,8.0,5.0
2021-08-05 19:29:43,84.0,72.0,8.0,4.0
2021-08-05 19:29:44,92.0,74.0,11.0,7.0
2021-08-05 19:29:45,87.0,78.0,5.0,4.0
2021-08-05 19:29:46,85.0,72.0,8.0,5.0
2021-08-05 19:29:47,88.0,77.0,6.0,5.0
2021-08-05 19:29:48,90.0,78.0,7.0,5.0
2021-08-05 19:29:49,90.0,79.0,6.0,5.0
2021-08-05 19:29:50,91.0,84.0,4.0,3.0
2021-08-05 19:29:51,100.0,89.0,7.0,4.0
2021-08-05 19:29:52,72.0,62.0,8.0,2.0
2021-08-05 19:29:53,84.0,74.0,8.0,2.0
2021-08-05 19:29:54,94.0,87.0,5.0,2.0
2021-08-05 19:29:55,88.0,74.0,6.0,8.0
2021-08-05 19:29:56,72.0,64.0,7.0,1.0
2021-08-05 19:29:57,86.0,82.0,1.0,3.0
2021-08-05 19:29:58,88.0,78.0,6.0,4.0
2021-08-05 19:29:59,77.0,66.0,4.0,7.0
2021-08-05 19:30:00,67.0,62.0,4.0,1.0
2021-08-05 19:30:01,115.0,100.0,7.0,8.0
2021-08-05 19:30:02,66.0,62.0,4.0,0.0
2021-08-05 19:30:03,81.0,74.0,5.0,2.0
2021-08-05 19:30:04,65.0,55.0,5.0,5.0
2021-08-05 19:30:05,71.0,58.0,8.0,5.0
2021-08-05 19:30:06,93.0,80.0,9.0,4.0
2021-08-05 19:30:07,98.0,90.0,7.0,1.0
2021-08-05 19:30:08,63.0,56.0,5.0,2.0
2021-08-05 19:30:09,89.0,77.0,8.0,4.0
2021-08-05 19:30:10,87.0,73.0,6.0,8.0
2021-08-05 19:30:11,81.0,71.0,8.0,2.0
2021-08-05 19:30:12,86.0,72.0,5.0,9.0
2021-08-05 19:30:13,83.0,76.0,6.0,1.0
2021-08-05 19:30:14,80.0,72.0,8.0,0.0
2021-08-05 19:30:15,82.0,76.0,2.0,4.0
2021-08-05 19:30:16,76.0,64.0,7.0,5.0
2021-08-05 19:30:17,75.0,60.0,7.0,8.0
2021-08-05 19:30:18,85.0,74.0,5.0,6.0
2021-08-05 19:30:19,87.0,75.0,6.0,6.0
2021-08-05 19:30:20,95.0,87.0,6.0,2.0
2021-08-05 19:30:21,87.0,77.0,7.0,3.0
2021-08-05 19:30:22,101.0,84.0,8.0,9.0
2021-08-05 19:30:23,91.0,83.0,2.0,6.0
2021-08-05 19:30:24,75.0,60.0,4.0,11.0
2021-08-05 19:30:25,86.0,74.0,7.0,5.0
2021-08-05 19:30:26,108.0,95.0,8.0,5.0
2021-08-05 19:30:27,76.0,58.0,15.0,3.0
2021-08-05 19:30:28,75.0,65.0,5.0,5.0
2021-08-05 19:30:29,80.0,68.0,8.0,4.0
2021-08-05 19:30:30,89.0,80.0,8.0,1.0
2021-08-05 19:30:31,83.0,68.0,7.0,8.0
2021-08-05 19:30:32,78.0,64.0,8.0,6.0
2021-08-05 19:30:33,84.0,74.0,4.0,6.0
2021-08-05 19:30:34,101.0,91.0,9.0,1.0
2021-08-05 19:30:35,83.0,77.0,4.0,2.0
2021-08-05 19:30:36,83.0,72.0,8.0,3.0
2021-08-05 19:30:37,89.0,79.0,8.0,2.0
2021-08-05 19:30:38,89.0,73.0,11.0,5.0
2021-08-05 19:30:39,82.0,73.0,7.0,2.0
2021-08-05 19:30:40,74.0,64.0,7.0,3.0
2021-08-05 19:30:41,74.0,63.0,6.0,5.0
2021-08-05 19:30:42,66.0,59.0,3.0,4.0
2021-08-05 19:30:43,81.0,70.0,5.0,6.0
2021-08-05 19:30:44,70.0,60.0,6.0,4.0
2021-08-05 19:30:45,78.0,71.0,4.0,3.0
2021-08-05 19:30:46,74.0,67.0,3.0,4.0
2021-08-05 19:30:47,90.0,81.0,6.0,3.0
2021-08-05 19:30:48,87.0,71.0,13.0,3.0
2021-08-05 19:30:49,79.0,70.0,6.0,3.0
2021-08-05 19:30:50,86.0,75.0,6.0,5.0
2021-08-05 19:30:51,91.0,75.0,8.0,8.0
2021-08-05 19:30:52,80.0,72.0,3.0,5.0
2021-08-05 19:30:53,69.0,61.0,5.0,3.0
2021-08-05 19:30:54,71.0,66.0,2.0,3.0
2021-08-05 19:30:55,74.0,68.0,3.0,3.0
2021-08-05 19:30:56,85.0,75.0,5.0,5.0
2021-08-05 19:30:57,89.0,72.0,6.0,11.0
2021-08-05 19:30:58,82.0,72.0,2.0,8.0
2021-08-05 19:30:59,79.0,68.0,6.0,5.0
2021-08-05 19:31:00,68.0,61.0,4.0,3.0
2021-08-05 19:31:01,73.0,64.0,4.0,5.0
2021-08-05 19:31:02,95.0,85.0,3.0,7.0
2021-08-05 19:31:03,86.0,78.0,5.0,3.0
2021-08-05 19:31:04,81.0,72.0,5.0,4.0
2021-08-05 19:31:05,64.0,57.0,4.0,3.0
2021-08-05 19:31:06,81.0,74.0,4.0,3.0
2021-08-05 19:31:07,84.0,77.0,2.0,5.0
2021-08-05 19:31:08,93.0,81.0,4.0,8.0
2021-08-05 19:31:09,75.0,58.0,11.0,6.0
2021-08-05 19:31:10,89.0,76.0,9.0,4.0
2021-08-05 19:31:11,88.0,79.0,6.0,3.0
2021-08-05 19:31:12,93.0,79.0,7.0,7.0
2021-08-05 19:31:13,83.0,76.0,4.0,3.0
2021-08-05 19:31:14,88.0,75.0,10.0,3.0
2021-08-05 19:31:15,75.0,60.0,12.0,3.0
2021-08-05 19:31:16,71.0,65.0,5.0,1.0
2021-08-05 19:31:17,75.0,68.0,3.0,4.0
2021-08-05 19:31:18,68.0,61.0,5.0,2.0
2021-08-05 19:31:19,79.0,72.0,3.0,4.0
2021-08-05 19:31:20,89.0,74.0,11.0,4.0
2021-08-05 19:31:21,73.0,65.0,6.0,2.0
2021-08-05 19:31:22,78.0,60.0,9.0,9.0
2021-08-05 19:31:23,80.0,76.0,2.0,2.0
2021-08-05 19:31:24,103.0,81.0,16.0,6.0
2021-08-05 19:31:25,82.0,75.0,1.0,6.0
2021-08-05 19:31:26,80.0,70.0,6.0,4.0
2021-08-05 19:31:27,79.0,70.0,5.0,4.0
2021-08-05 19:31:28,93.0,80.0,10.0,3.0
2021-08-05 19:31:29,79.0,68.0,6.0,5.0
2021-08-05 19:31:30,72.0,61.0,8.0,3.0
2021-08-05 19:31:31,81.0,75.0,4.0,2.0
2021-08-05 19:31:32,65.0,60.0,2.0,3.0
2021-08-05 19:31:33,86.0,72.0,10.0,4.0
2021-08-05 19:31:34,73.0,62.0,8.0,3.0
2021-08-05 19:31:35,65.0,58.0,5.0,2.0
2021-08-05 19:31:36,89.0,81.0,5.0,3.0
2021-08-05 19:31:37,90.0,79.0,8.0,3.0
2021-08-05 19:31:38,89.0,81.0,7.0,1.0
2021-08-05 19:31:39,87.0,75.0,9.0,3.0
2021-08-05 19:31:40,89.0,79.0,7.0,3.0
2021-08-05 19:31:41,71.0,62.0,5.0,4.0
2021-08-05 19:31:42,75.0,64.0,7.0,4.0
2021-08-05 19:31:43,89.0,72.0,8.0,9.0
2021-08-05 19:31:44,90.0,76.0,10.0,4.0
2021-08-05 19:31:45,83.0,70.0,7.0,6.0
2021-08-05 19:31:46,80.0,71.0,4.0,5.0
2021-08-05 19:31:47,85.0,75.0,6.0,4.0
2021-08-05 19:31:48,89.0,78.0,6.0,5.0
2021-08-05 19:31:49,79.0,62.0,10.0,7.0
2021-08-05 19:31:50,89.0,76.0,9.0,4.0
2021-08-05 19:31:51,81.0,72.0,5.0,4.0
2021-08-05 19:31:52,77.0,73.0,3.0,1.0
2021-08-05 19:31:53,87.0,78.0,4.0,5.0
2021-08-05 19:31:54,78.0,69.0,6.0,3.0
2021-08-05 19:31:55,83.0,75.0,5.0,3.0
2021-08-05 19:31:56,75.0,69.0,3.0,3.0
2021-08-05 19:31:57,76.0,70.0,5.0,1.0
2021-08-05 19:31:58,87.0,77.0,5.0,5.0
2021-08-05 19:31:59,70.0,61.0,6.0,3.0
2021-08-05 19:32:00,75.0,62.0,7.0,6.0
2021-08-05 19:32:01,93.0,82.0,5.0,6.0
2021-08-05 19:32:02,69.0,61.0,4.0,4.0
2021-08-05 19:32:03,94.0,78.0,10.0,6.0
2021-08-05 19:32:04,85.0,77.0,6.0,2.0
2021-08-05 19:32:05,92.0,84.0,3.0,5.0
2021-08-05 19:32:06,91.0,76.0,7.0,8.0
2021-08-05 19:32:07,92.0,78.0,10.0,4.0
2021-08-05 19:32:08,65.0,56.0,4.0,5.0
2021-08-05 19:32:09,82.0,73.0,6.0,3.0
2021-08-05 19:32:10,85.0,78.0,4.0,3.0
2021-08-05 19:32:11,68.0,58.0,7.0,3.0
2021-08-05 19:32:12,80.0,69.0,7.0,4.0
2021-08-05 19:32:13,108.0,94.0,7.0,7.0
2021-08-05 19:32:14,88.0,76.0,11.0,1.0
2021-08-05 19:32:15,96.0,90.0,6.0,0.0
2021-08-05 19:32:16,70.0,62.0,5.0,3.0
2021-08-05 19:32:17,78.0,69.0,4.0,5.0
2021-08-05 19:32:18,70.0,60.0,8.0,2.0
2021-08-05 19:32:19,82.0,69.0,8.0,5.0
2021-08-05 19:32:20,78.0,70.0,6.0,2.0
2021-08-05 19:32:21,78.0,69.0,3.0,6.0
2021-08-05 19:32:22,79.0,62.0,8.0,9.0
2021-08-05 19:32:23,93.0,80.0,10.0,3.0
2021-08-05 19:32:24,75.0,67.0,4.0,4.0
2021-08-05 19:32:25,75.0,62.0,6.0,7.0
2021-08-05 19:32:26,88.0,81.0,3.0,4.0
2021-08-05 19:32:27,89.0,78.0,5.0,6.0
2021-08-05 19:32:28,79.0,71.0,7.0,1.0
2021-08-05 19:32:29,83.0,73.0,5.0,5.0
2021-08-05 19:32:30,84.0,72.0,10.0,2.0
2021-08-05 19:32:31,88.0,80.0,6.0,2.0
2021-08-05 19:32:32,86.0,78.0,7.0,1.0
2021-08-05 19:32:33,82.0,70.0,7.0,5.0
2021-08-05 19:32:34,70.0,57.0,8.0,5.0
2021-08-05 19:32:35,84.0,73.0,8.0,3.0
2021-08-05 19:32:36,79.0,72.0,6.0,1.0
2021-08-05 19:32:37,80.0,70.0,6.0,4.0
2021-08-05 19:32:38,78.0,69.0,7.0,2.0
2021-08-05 19:32:39,86.0,78.0,4.0,4.0
2021-08-05 19:32:40,75.0,71.0,3.0,1.0
2021-08-05 19:32:41,82.0,75.0,7.0,0.0
2021-08-05 19:32:42,102.0,82.0,13.0,7.0
2021-08-05 19:32:43,98.0,84.0,8.0,6.0
2021-08-05 19:32:44,71.0,66.0,4.0,1.0
2021-08-05 19:32:45,82.0,73.0,6.0,3.0
2021-08-05 19:32:46,85.0,79.0,2.0,4.0
2021-08-05 19:32:47,110.0,96.0,9.0,5.0
2021-08-05 19:32:48,92.0,82.0,4.0,6.0
2021-08-05 19:32:49,95.0,85.0,5.0,5.0
2021-08-05 19:32:50,81.0,73.0,4.0,4.0
2021-08-05 19:32:51,90.0,79.0,7.0,4.0
2021-08-05 19:32:52,81.0,74.0,4.0,3.0
2021-08-05 19:32:53,89.0,81.0,5.0,3.0
2021-08-05 19:32:54,88.0,80.0,4.0,4.0
2021-08-05 19:32:55,89.0,78.0,6.0,5.0
2021-08-05 19:32:56,73.0,67.0,5.0,1.0
2021-08-05 19:32:57,78.0,72.0,4.0,2.0
2021-08-05 19:32:58,85.0,76.0,5.0,4.0
2021-08-05 19:32:59,92.0,80.0,2.0,10.0
2021-08-05 19:33:00,82.0,72.0,5.0,5.0
2021-08-05 19:33:01,78.0,67.0,9.0,2.0
2021-08-05 19:33:02,81.0,70.0,6.0,5.0
2021-08-05 19:33:03,79.0,70.0,6.0,3.0
2021-08-05 19:33:04,94.0,83.0,4.0,7.0
2021-08-05 19:33:05,84.0,68.0,9.0,7.0
2021-08-05 19:33:06,96.0,86.0,5.0,5.0
2021-08-05 19:33:07,73.0,60.0,10.0,3.0
2021-08-05 19:33:08,86.0,67.0,9.0,10.0
2021-08-05 19:33:09,56.0,48.0,6.0,2.0
2021-08-05 19:33:10,80.0,71.0,5.0,4.0
2021-08-05 19:33:11,82.0,68.0,8.0,6.0
2021-08-05 19:33:12,92.0,83.0,4.0,5.0
2021-08-05 19:33:13,94.0,82.0,5.0,7.0
2021-08-05 19:33:14,77.0,69.0,5.0,3.0
2021-08-05 19:33:15,94.0,78.0,8.0,8.0
2021-08-05 19:33:16,92.0,85.0,4.0,3.0
2021-08-05 19:33:17,74.0,68.0,3.0,3.0
2021-08-05 19:33:18,98.0,87.0,6.0,5.0
2021-08-05 19:33:19,93.0,77.0,9.0,7.0
2021-08-05 19:33:20,82.0,73.0,6.0,3.0
2021-08-05 19:33:21,85.0,75.0,8.0,2.0
2021-08-05 19:33:22,76.0,67.0,6.0,3.0
2021-08-05 19:33:23,78.0,66.0,12.0,0.0
2021-08-05 19:33:24,84.0,74.0,6.0,4.0
2021-08-05 19:33:25,81.0,71.0,5.0,5.0
2021-08-05 19:33:26,86.0,74.0,9.0,3.0
2021-08-05 19:33:27,83.0,73.0,7.0,3.0
2021-08-05 19:33:28,82.0,73.0,7.0,2.0
2021-08-05 19:33:29,73.0,66.0,5.0,2.0
2021-08-05 19:33:30,93.0,82.0,7.0,4.0
2021-08-05 19:33:31,78.0,68.0,7.0,3.0
2021-08-05 19:33:32,91.0,79.0,6.0,6.0
2021-08-05 19:33:33,95.0,80.0,10.0,5.0
2021-08-05 19:33:34,100.0,91.0,6.0,3.0
2021-08-05 19:33:35,82.0,73.0,5.0,4.0
2021-08-05 19:33:36,78.0,68.0,4.0,6.0
2021-08-05 19:33:37,78.0,65.0,9.0,4.0
2021-08-05 19:33:38,74.0,62.0,9.0,3.0
2021-08-05 19:33:39,96.0,79.0,10.0,7.0
2021-08-05 19:33:40,82.0,70.0,11.0,1.0
2021-08-05 19:33:41,114.0,102.0,6.0,6.0
2021-08-05 19:33:42,82.0,75.0,5.0,2.0
2021-08-05 19:33:43,81.0,70.0,8.0,3.0
2021-08-05 19:33:44,74.0,64.0,5.0,5.0
2021-08-05 19:33:45,63.0,54.0,8.0,1.0
2021-08-05 19:33:46,88.0,77.0,6.0,5.0
2021-08-05 19:33:47,78.0,67.0,8.0,3.0
2021-08-05 19:33:48,93.0,80.0,8.0,5.0
2021-08-05 19:33:49,75.0,68.0,4.0,3.0
2021-08-05 19:33:50,76.0,68.0,1.0,7.0
2021-08-05 19:33:51,74.0,66.0,6.0,2.0
2021-08-05 19:33:52,88.0,78.0,4.0,6.0
2021-08-05 19:33:53,88.0,80.0,5.0,3.0
2021-08-05 19:33:54,78.0,66.0,4.0,8.0
2021-08-05 19:33:55,75.0,68.0,3.0,4.0
2021-08-05 19:33:56,79.0,67.0,8.0,4.0
2021-08-05 19:33:57,76.0,65.0,7.0,4.0
2021-08-05 19:33:58,78.0,65.0,8.0,5.0
2021-08-05 19:33:59,93.0,82.0,6.0,5.0
2021-08-05 19:34:00,96.0,86.0,5.0,5.0
2021-08-05 19:34:01,86.0,67.0,15.0,4.0
2021-08-05 19:34:02,79.0,71.0,5.0,3.0
2021-08-05 19:34:03,75.0,62.0,8.0,5.0
2021-08-05 19:34:04,79.0,67.0,7.0,5.0
2021-08-05 19:34:05,66.0,61.0,3.0,2.0
2021-08-05 19:34:06,83.0,68.0,8.0,7.0
2021-08-05 19:34:07,99.0,85.0,8.0,6.0
2021-08-05 19:34:08,83.0,72.0,7.0,4.0
2021-08-05 19:34:09,86.0,72.0,7.0,7.0
2021-08-05 19:34:10,79.0,71.0,5.0,3.0
2021-08-05 19:34:11,100.0,84.0,11.0,5.0
2021-08-05 19:34:12,83.0,77.0,4.0,2.0
2021-08-05 19:34:13,72.0,63.0,3.0,6.0
2021-08-05 19:34:14,75.0,63.0,9.0,3.0
2021-08-05 19:34:15,86.0,78.0,6.0,2.0
2021-08-05 19:34:16,81.0,72.0,6.0,3.0
2021-08-05 19:34:17,78.0,66.0,8.0,4.0
2021-08-05 19:34:18,80.0,71.0,7.0,2.0
2021-08-05 19:34:19,85.0,76.0,7.0,2.0
2021-08-05 19:34:20,80.0,68.0,8.0,4.0
2021-08-05 19:34:21,78.0,66.0,8.0,4.0
2021-08-05 19:34:22,92.0,82.0,8.0,2.0
2021-08-05 19:34:23,80.0,69.0,7.0,4.0
2021-08-05 19:34:24,66.0,58.0,6.0,2.0
2021-08-05 19:34:25,96.0,80.0,10.0,6.0
2021-08-05 19:34:26,108.0,92.0,9.0,7.0
2021-08-05 19:34:27,86.0,78.0,3.0,5.0
2021-08-05 19:34:28,86.0,73.0,7.0,6.0
2021-08-05 19:34:29,74.0,65.0,5.0,4.0
2021-08-05 19:34:30,73.0,66.0,3.0,4.0
2021-08-05 19:34:31,94.0,81.0,10.0,3.0
2021-08-05 19:34:32,67.0,62.0,4.0,1.0
2021-08-05 19:34:33,76.0,69.0,5.0,2.0
2021-08-05 19:34:34,87.0,76.0,7.0,4.0
2021-08-05 19:34:35,85.0,67.0,8.0,10.0
2021-08-05 19:34:36,75.0,63.0,7.0,5.0
2021-08-05 19:34:37,88.0,78.0,7.0,3.0
2021-08-05 19:34:38,89.0,80.0,7.0,2.0
2021-08-05 19:34:39,90.0,81.0,6.0,3.0
2021-08-05 19:34:40,74.0,67.0,3.0,4.0
2021-08-05 19:34:41,83.0,73.0,7.0,3.0
2021-08-05 19:34:42,75.0,71.0,3.0,1.0
2021-08-05 19:34:43,84.0,75.0,6.0,3.0
2021-08-05 19:34:44,83.0,69.0,9.0,5.0
2021-08-05 19:34:45,93.0,84.0,7.0,2.0
2021-08-05 19:34:46,95.0,89.0,3.0,3.0
2021-08-05 19:34:47,88.0,81.0,5.0,2.0
2021-08-05 19:34:48,95.0,79.0,12.0,4.0
2021-08-05 19:34:49,79.0,69.0,5.0,5.0
2021-08-05 19:34:50,84.0,72.0,6.0,6.0
2021-08-05 19:34:51,86.0,76.0,2.0,8.0
2021-08-05 19:34:52,81.0,68.0,8.0,5.0
2021-08-05 19:34:53,68.0,58.0,6.0,4.0
2021-08-05 19:34:54,95.0,83.0,5.0,7.0
2021-08-05 19:34:55,88.0,78.0,4.0,6.0
2021-08-05 19:34:56,89.0,80.0,6.0,3.0
2021-08-05 19:34:57,89.0,82.0,4.0,3.0
2021-08-05 19:34:58,93.0,80.0,2.0,11.0
2021-08-05 19:34:59,98.0,83.0,10.0,5.0
2021-08-05 19:35:00,74.0,62.0,7.0,5.0
2021-08-05 19:35:01,84.0,74.0,6.0,4.0
2021-08-05 19:35:02,97.0,82.0,10.0,5.0
2021-08-05 19:35:03,81.0,67.0,7.0,7.0
2021-08-05 19:35:04,105.0,93.0,7.0,5.0
2021-08-05 19:35:05,84.0,74.0,7.0,3.0
2021-08-05 19:35:06,98.0,84.0,11.0,3.0
2021-08-05 19:35:07,91.0,81.0,5.0,5.0
2021-08-05 19:35:08,81.0,72.0,4.0,5.0
2021-08-05 19:35:09,86.0,78.0,5.0,3.0
2021-08-05 19:35:10,84.0,74.0,7.0,3.0
2021-08-05 19:35:11,94.0,84.0,8.0,2.0
2021-08-05 19:35:12,96.0,82.0,8.0,6.0
2021-08-05 19:35:13,93.0,86.0,4.0,3.0
2021-08-05 19:35:14,84.0,74.0,6.0,4.0
2021-08-05 19:35:15,78.0,67.0,6.0,5.0
2021-08-05 19:35:16,83.0,75.0,6.0,2.0
2021-08-05 19:35:17,79.0,69.0,9.0,1.0
2021-08-05 19:35:18,78.0,69.0,7.0,2.0
2021-08-05 19:35:19,100.0,86.0,10.0,4.0
2021-08-05 19:35:20,72.0,59.0,8.0,5.0
2021-08-05 19:35:21,81.0,68.0,6.0,7.0
2021-08-05 19:35:22,79.0,71.0,6.0,2.0
2021-08-05 19:35:23,91.0,79.0,6.0,6.0
2021-08-05 19:35:24,79.0,66.0,6.0,7.0
2021-08-05 19:35:25,79.0,70.0,3.0,6.0
2021-08-05 19:35:26,89.0,76.0,6.0,7.0
2021-08-05 19:35:27,65.0,51.0,7.0,7.0
2021-08-05 19:35:28,86.0,76.0,5.0,5.0
2021-08-05 19:35:29,82.0,66.0,11.0,5.0
2021-08-05 19:35:30,76.0,66.0,3.0,7.0
2021-08-05 19:35:31,75.0,63.0,7.0,5.0
2021-08-05 19:35:32,71.0,66.0,5.0,0.0
2021-08-05 19:35:33,69.0,58.0,9.0,2.0
2021-08-05 19:35:34,85.0,73.0,9.0,3.0
2021-08-05 19:35:35,86.0,73.0,7.0,6.0
2021-08-05 19:35:36,66.0,59.0,3.0,4.0
2021-08-05 19:35:37,71.0,61.0,8.0,2.0
2021-08-05 19:35:38,72.0,58.0,7.0,7.0
2021-08-05 19:35:39,78.0,68.0,6.0,4.0
2021-08-05 19:35:40,84.0,78.0,4.0,2.0
2021-08-05 19:35:41,64.0,56.0,7.0,1.0
2021-08-05 19:35:42,88.0,79.0,7.0,2.0
2021-08-05 19:35:43,88.0,75.0,12.0,1.0
2021-08-05 19:35:44,72.0,61.0,6.0,5.0
2021-08-05 19:35:45,71.0,64.0,5.0,2.0
2021-08-05 19:35:46,81.0,73.0,7.0,1.0
2021-08-05 19:35:47,77.0,65.0,5.0,7.0
2021-08-05 19:35:48,76.0,71.0,3.0,2.0
2021-08-05 19:35:49,95.0,89.0,5.0,1.0
2021-08-05 19:35:50,79.0,71.0,8.0,0.0
2021-08-05 19:35:51,94.0,82.0,4.0,8.0
2021-08-05 19:35:52,89.0,81.0,5.0,3.0
2021-08-05 19:35:53,80.0,68.0,6.0,6.0
2021-08-05 19:35:54,71.0,62.0,7.0,2.0
2021-08-05 19:35:55,90.0,82.0,5.0,3.0
2021-08-05 19:35:56,76.0,69.0,3.0,4.0
2021-08-05 19:35:57,95.0,81.0,12.0,2.0
2021-08-05 19:35:58,85.0,74.0,8.0,3.0
2021-08-05 19:35:59,76.0,63.0,7.0,6.0
2021-08-05 19:36:00,72.0,60.0,7.0,5.0
2021-08-05 19:36:01,76.0,63.0,7.0,6.0
2021-08-05 19:36:02,82.0,73.0,7.0,2.0
2021-08-05 19:36:03,76.0,59.0,14.0,3.0
2021-08-05 19:36:04,67.0,61.0,5.0,1.0
2021-08-05 19:36:05,67.0,59.0,7.0,1.0
2021-08-05 19:36:06,96.0,86.0,6.0,4.0
2021-08-05 19:36:07,79.0,69.0,6.0,4.0
2021-08-05 19:36:08,91.0,81.0,7.0,3.0
2021-08-05 19:36:09,85.0,71.0,10.0,4.0
2021-08-05 19:36:10,94.0,81.0,8.0,5.0
2021-08-05 19:36:11,92.0,80.0,7.0,5.0
2021-08-05 19:36:12,81.0,72.0,8.0,1.0
2021-08-05 19:36:13,87.0,76.0,7.0,4.0
2021-08-05 19:36:14,80.0,69.0,5.0,6.0
2021-08-05 19:36:15,93.0,83.0,8.0,2.0
2021-08-05 19:36:16,94.0,87.0,4.0,3.0
2021-08-05 19:36:17,92.0,82.0,6.0,4.0
2021-08-05 19:36:18,86.0,77.0,6.0,3.0
2021-08-05 19:36:19,94.0,82.0,7.0,5.0
2021-08-05 19:36:20,92.0,80.0,7.0,5.0
2021-08-05 19:36:21,73.0,68.0,3.0,2.0
2021-08-05 19:36:22,88.0,80.0,4.0,4.0
2021-08-05 19:36:23,81.0,68.0,11.0,2.0
2021-08-05 19:36:24,72.0,64.0,4.0,4.0
2021-08-05 19:36:25,95.0,84.0,4.0,7.0
2021-08-05 19:36:26,81.0,66.0,9.0,6.0
2021-08-05 19:36:27,70.0,62.0,6.0,2.0
2021-08-05 19:36:28,73.0,63.0,8.0,2.0
2021-08-05 19:36:29,89.0,82.0,3.0,4.0
2021-08-05 19:36:30,86.0,74.0,10.0,2.0
2021-08-05 19:36:31,82.0,68.0,7.0,7.0
2021-08-05 19:36:32,83.0,71.0,3.0,9.0
2021-08-05 19:36:33,73.0,65.0,2.0,6.0
2021-08-05 19:36:34,85.0,72.0,8.0,5.0
2021-08-05 19:36:35,74.0,64.0,5.0,5.0
2021-08-05 19:36:36,81.0,69.0,8.0,4.0
2021-08-05 19:36:37,90.0,76.0,5.0,9.0
2021-08-05 19:36:38,88.0,77.0,9.0,2.0
2021-08-05 19:36:39,90.0,72.0,7.0,11.0
2021-08-05 19:36:40,77.0,71.0,4.0,2.0
2021-08-05 19:36:41,89.0,79.0,7.0,3.0
2021-08-05 19:36:42,91.0,77.0,9.0,5.0
2021-08-05 19:36:43,69.0,62.0,6.0,1.0
2021-08-05 19:36:44,76.0,69.0,6.0,1.0
2021-08-05 19:36:45,80.0,67.0,9.0,4.0
2021-08-05 19:36:46,76.0,65.0,9.0,2.0
2021-08-05 19:36:47,83.0,78.0,3.0,2.0
2021-08-05 19:36:48,77.0,67.0,4.0,6.0
2021-08-05 19:36:49,72.0,60.0,10.0,2.0
2021-08-05 19:36:50,79.0,70.0,4.0,5.0
2021-08-05 19:36:51,95.0,83.0,5.0,7.0
2021-08-05 19:36:52,102.0,90.0,9.0,3.0
2021-08-05 19:36:53,102.0,84.0,10.0,8.0
2021-08-05 19:36:54,77.0,71.0,5.0,1.0
2021-08-05 19:36:55,82.0,71.0,8.0,3.0
2021-08-05 19:36:56,93.0,83.0,8.0,2.0
2021-08-05 19:36:57,75.0,65.0,5.0,5.0
2021-08-05 19:36:58,95.0,83.0,7.0,5.0
2021-08-05 19:36:59,82.0,65.0,11.0,6.0
2021-08-05 19:37:00,85.0,77.0,6.0,2.0
2021-08-05 19:37:01,87.0,80.0,6.0,1.0
2021-08-05 19:37:02,88.0,77.0,9.0,2.0
2021-08-05 19:37:03,72.0,61.0,5.0,6.0
2021-08-05 19:37:04,91.0,84.0,6.0,1.0
2021-08-05 19:37:05,88.0,80.0,3.0,5.0
2021-08-05 19:37:06,88.0,78.0,8.0,2.0
2021-08-05 19:37:07,89.0,74.0,11.0,4.0
2021-08-05 19:37:08,101.0,87.0,8.0,6.0
2021-08-05 19:37:09,89.0,80.0,4.0,5.0
2021-08-05 19:37:10,105.0,92.0,6.0,7.0
2021-08-05 19:37:11,80.0,68.0,7.0,5.0
2021-08-05 19:37:12,74.0,62.0,10.0,2.0
2021-08-05 19:37:13,93.0,74.0,13.0,6.0
2021-08-05 19:37:14,82.0,74.0,4.0,4.0
2021-08-05 19:37:15,85.0,76.0,3.0,6.0
2021-08-05 19:37:16,85.0,74.0,9.0,2.0
2021-08-05 19:37:17,92.0,82.0,5.0,5.0
2021-08-05 19:37:18,108.0,94.0,10.0,4.0
2021-08-05 19:37:19,90.0,81.0,4.0,5.0
2021-08-05 19:37:20,77.0,70.0,3.0,4.0
2021-08-05 19:37:21,80.0,71.0,3.0,6.0
2021-08-05 19:37:22,81.0,67.0,9.0,5.0
2021-08-05 19:37:23,78.0,69.0,6.0,3.0
2021-08-05 19:37:24,86.0,77.0,5.0,4.0
2021-08-05 19:37:25,103.0,95.0,3.0,5.0
2021-08-05 19:37:26,85.0,72.0,9.0,4.0
2021-08-05 19:37:27,77.0,69.0,4.0,4.0
2021-08-05 19:37:28,87.0,77.0,5.0,5.0
2021-08-05 19:37:29,82.0,70.0,10.0,2.0
2021-08-05 19:37:30,90.0,83.0,1.0,6.0
2021-08-05 19:37:31,83.0,73.0,7.0,3.0
2021-08-05 19:37:32,88.0,76.0,10.0,2.0
2021-08-05 19:37:33,79.0,71.0,5.0,3.0
2021-08-05 19:37:34,83.0,71.0,8.0,4.0
2021-08-05 19:37:35,78.0,63.0,9.0,6.0
2021-08-05 19:37:36,76.0,66.0,7.0,3.0
2021-08-05 19:37:37,84.0,75.0,8.0,1.0
2021-08-05 19:37:38,93.0,84.0,5.0,4.0
2021-08-05 19:37:39,79.0,68.0,6.0,5.0
2021-08-05 19:37:40,108.0,91.0,11.0,6.0
2021-08-05 19:37:41,86.0,72.0,6.0,8.0
2021-08-05 19:37:42,91.0,81.0,7.0,3.0
2021-08-05 19:37:43,88.0,78.0,9.0,1.0
2021-08-05 19:37:44,77.0,70.0,4.0,3.0
2021-08-05 19:37:45,87.0,82.0,2.0,3.0
2021-08-05 19:37:46,76.0,65.0,6.0,5.0
2021-08-05 19:37:47,91.0,81.0,4.0,6.0
2021-08-05 19:37:48,75.0,68.0,4.0,3.0
2021-08-05 19:37:49,79.0,66.0,7.0,6.0
2021-08-05 19:37:50,100.0,88.0,8.0,4.0
2021-08-05 19:37:51,78.0,67.0,9.0,2.0
2021-08-05 19:37:52,79.0,61.0,12.0,6.0
2021-08-05 19:37:53,89.0,79.0,6.0,4.0
2021-08-05 19:37:54,85.0,74.0,6.0,5.0
2021-08-05 19:37:55,83.0,73.0,7.0,3.0
2021-08-05 19:37:56,84.0,73.0,9.0,2.0
2021-08-05 19:37:57,89.0,77.0,8.0,4.0
2021-08-05 19:37:58,94.0,81.0,7.0,6.0
2021-08-05 19:37:59,74.0,63.0,5.0,6.0
2021-08-05 19:38:00,74.0,67.0,3.0,4.0
2021-08-05 19:38:01,88.0,77.0,7.0,4.0
2021-08-05 19:38:02,95.0,76.0,11.0,8.0
2021-08-05 19:38:03,91.0,78.0,8.0,5.0
2021-08-05 19:38:04,78.0,71.0,1.0,6.0
2021-08-05 19:38:05,87.0,77.0,9.0,1.0
2021-08-05 19:38:06,90.0,74.0,10.0,6.0
2021-08-05 19:38:07,82.0,70.0,8.0,4.0
2021-08-05 19:38:08,99.0,85.0,7.0,7.0
2021-08-05 19:38:09,77.0,72.0,4.0,1.0
2021-08-05 19:38:10,96.0,83.0,11.0,2.0
2021-08-05 19:38:11,77.0,72.0,3.0,2.0
2021-08-05 19:38:12,92.0,82.0,6.0,4.0
2021-08-05 19:38:13,85.0,79.0,4.0,2.0
2021-08-05 19:38:14,77.0,64.0,9.0,4.0
2021-08-05 19:38:15,66.0,57.0,5.0,4.0
2021-08-05 19:38:16,94.0,82.0,6.0,6.0
2021-08-05 19:38:17,91.0,79.0,6.0,6.0
2021-08-05 19:38:18,78.0,70.0,2.0,6.0
2021-08-05 19:38:19,72.0,61.0,8.0,3.0
2021-08-05 19:38:20,87.0,78.0,5.0,4.0
2021-08-05 19:38:21,84.0,70.0,9.0,5.0
2021-08-05 19:38:22,81.0,71.0,4.0,6.0
2021-08-05 19:38:23,95.0,84.0,9.0,2.0
2021-08-05 19:38:24,90.0,77.0,8.0,5.0
2021-08-05 19:38:25,91.0,71.0,13.0,7.0
2021-08-05 19:38:26,69.0,56.0,4.0,9.0
2021-08-05 19:38:27,71.0,62.0,4.0,5.0
2021-08-05 19:38:28,101.0,86.0,7.0,8.0
2021-08-05 19:38:29,76.0,60.0,7.0,9.0
2021-08-05 19:38:30,80.0,70.0,5.0,5.0
2021-08-05 19:38:31,98.0,85.0,8.0,5.0
2021-08-05 19:38:32,82.0,75.0,3.0,4.0
2021-08-05 19:38:33,81.0,73.0,6.0,2.0
2021-08-05 19:38:34,88.0,82.0,4.0,2.0
2021-08-05 19:38:35,74.0,65.0,5.0,4.0
2021-08-05 19:38:36,79.0,72.0,5.0,2.0
2021-08-05 19:38:37,77.0,61.0,8.0,8.0
2021-08-05 19:38:38,87.0,76.0,7.0,4.0
2021-08-05 19:38:39,83.0,75.0,5.0,3.0
2021-08-05 19:38:40,76.0,63.0,11.0,2.0
2021-08-05 19:38:41,73.0,66.0,4.0,3.0
2021-08-05 19:38:42,82.0,75.0,4.0,3.0
2021-08-05 19:38:43,89.0,75.0,9.0,5.0
2021-08-05 19:38:44,88.0,78.0,7.0,3.0
2021-08-05 19:38:45,79.0,66.0,8.0,5.0
2021-08-05 19:38:46,75.0,67.0,6.0,2.0
2021-08-05 19:38:47,84.0,71.0,4.0,9.0
2021-08-05 19:38:48,91.0,81.0,6.0,4.0
2021-08-05 19:38:49,105.0,89.0,11.0,5.0
2021-08-05 19:38:50,91.0,81.0,7.0,3.0
2021-08-05 19:38:51,59.0,50.0,7.0,2.0
2021-08-05 19:38:52,80.0,68.0,6.0,6.0
2021-08-05 19:38:53,77.0,65.0,8.0,4.0
2021-08-05 19:38:54,80.0,74.0,4.0,2.0
2021-08-05 19:38:55,101.0,86.0,9.0,6.0
2021-08-05 19:38:56,87.0,74.0,8.0,5.0
2021-08-05 19:38:57,84.0,79.0,3.0,2.0
2021-08-05 19:38:58,91.0,81.0,6.0,4.0
2021-08-05 19:38:59,80.0,73.0,4.0,3.0
2021-08-05 19:39:00,76.0,67.0,3.0,6.0
2021-08-05 19:39:01,71.0,64.0,6.0,1.0
2021-08-05 19:39:02,93.0,83.0,7.0,3.0
2021-08-05 19:39:03,76.0,65.0,6.0,5.0
2021-08-05 19:39:04,78.0,70.0,6.0,2.0
2021-08-05 19:39:05,88.0,71.0,10.0,7.0
2021-08-05 19:39:06,84.0,70.0,8.0,6.0
2021-08-05 19:39:07,82.0,69.0,7.0,6.0
2021-08-05 19:39:08,80.0,69.0,5.0,6.0
2021-08-05 19:39:09,103.0,91.0,8.0,4.0
2021-08-05 19:39:10,91.0,85.0,5.0,1.0
2021-08-05 19:39:11,79.0,71.0,5.0,3.0
2021-08-05 19:39:12,77.0,68.0,6.0,3.0
2021-08-05 19:39:13,77.0,68.0,6.0,3.0
2021-08-05 19:39:14,95.0,82.0,7.0,6.0
2021-08-05 19:39:15,79.0,66.0,9.0,4.0
2021-08-05 19:39:16,71.0,58.0,13.0,0.0
2021-08-05 19:39:17,85.0,74.0,8.0,3.0
2021-08-05 19:39:18,96.0,79.0,9.0,8.0
2021-08-05 19:39:19,62.0,53.0,6.0,3.0
2021-08-05 19:39:20,76.0,64.0,7.0,5.0
2021-08-05 19:39:21,90.0,76.0,7.0,7.0
2021-08-05 19:39:22,103.0,86.0,8.0,9.0
2021-08-05 19:39:23,73.0,65.0,4.0,4.0
2021-08-05 19:39:24,77.0,66.0,5.0,6.0
2021-08-05 19:39:25,91.0,79.0,9.0,3.0
2021-08-05 19:39:26,83.0,74.0,6.0,3.0
2021-08-05 19:39:27,93.0,74.0,12.0,7.0
2021-08-05 19:39:28,95.0,89.0,4.0,2.0
2021-08-05 19:39:29,94.0,78.0,10.0,6.0
2021-08-05 19:39:30,94.0,80.0,6.0,8.0
2021-08-05 19:39:31,91.0,74.0,12.0,5.0
2021-08-05 19:39:32,98.0,83.0,10.0,5.0
2021-08-05 19:39:33,87.0,77.0,6.0,4.0
2021-08-05 19:39:34,85.0,75.0,6.0,4.0
2021-08-05 19:39:35,91.0,78.0,4.0,9.0
2021-08-05 19:39:36,94.0,82.0,7.0,5.0
2021-08-05 19:39:37,88.0,80.0,8.0,0.0
2021-08-05 19:39:38,95.0,84.0,6.0,5.0
2021-08-05 19:39:39,76.0,66.0,5.0,5.0
2021-08-05 19:39:40,81.0,75.0,2.0,4.0
2021-08-05 19:39:41,82.0,73.0,6.0,3.0
2021-08-05 19:39:42,85.0,73.0,6.0,6.0
2021-08-05 19:39:43,88.0,81.0,4.0,3.0
2021-08-05 19:39:44,83.0,72.0,6.0,5.0
2021-08-05 19:39:45,87.0,72.0,9.0,6.0
2021-08-05 19:39:46,95.0,80.0,8.0,7.0
2021-08-05 19:39:47,79.0,70.0,5.0,4.0
2021-08-05 19:39:48,89.0,77.0,7.0,5.0
2021-08-05 19:39:49,74.0,62.0,8.0,4.0
2021-08-05 19:39:50,82.0,73.0,8.0,1.0
2021-08-05 19:39:51,81.0,76.0,5.0,0.0
2021-08-05 19:39:52,73.0,65.0,3.0,5.0
2021-08-05 19:39:53,81.0,69.0,8.0,4.0
2021-08-05 19:39:54,83.0,76.0,6.0,1.0
2021-08-05 19:39:55,79.0,69.0,3.0,7.0
2021-08-05 19:39:56,92.0,77.0,10.0,5.0
2021-08-05 19:39:57,77.0,69.0,5.0,3.0
2021-08-05 19:39:58,88.0,79.0,4.0,5.0
2021-08-05 19:39:59,75.0,64.0,6.0,5.0
2021-08-05 19:40:00,92.0,82.0,6.0,4.0
2021-08-05 19:40:01,83.0,69.0,5.0,9.0
2021-08-05 19:40:02,75.0,68.0,5.0,2.0
2021-08-05 19:40:03,81.0,70.0,9.0,2.0
2021-08-05 19:40:04,72.0,63.0,5.0,4.0
2021-08-05 19:40:05,79.0,74.0,4.0,1.0
2021-08-05 19:40:06,64.0,54.0,6.0,4.0
2021-08-05 19:40:07,80.0,70.0,3.0,7.0
2021-08-05 19:40:08,84.0,74.0,5.0,5.0
2021-08-05 19:40:09,83.0,77.0,1.0,5.0
2021-08-05 19:40:10,75.0,65.0,7.0,3.0
2021-08-05 19:40:11,83.0,69.0,8.0,6.0
2021-08-05 19:40:12,80.0,70.0,8.0,2.0
2021-08-05 19:40:13,62.0,56.0,3.0,3.0
2021-08-05 19:40:14,86.0,78.0,2.0,6.0
2021-08-05 19:40:15,89.0,78.0,7.0,4.0
2021-08-05 19:40:16,73.0,67.0,3.0,3.0
2021-08-05 19:40:17,83.0,71.0,7.0,5.0
2021-08-05 19:40:18,77.0,65.0,9.0,3.0
2021-08-05 19:40:19,77.0,67.0,8.0,2.0
2021-08-05 19:40:20,70.0,57.0,9.0,4.0
2021-08-05 19:40:21,77.0,65.0,5.0,7.0
2021-08-05 19:40:22,85.0,73.0,8.0,4.0
2021-08-05 19:40:23,84.0,71.0,8.0,5.0
2021-08-05 19:40:24,104.0,86.0,8.0,10.0
2021-08-05 19:40:25,86.0,82.0,3.0,1.0
2021-08-05 19:40:26,85.0,77.0,5.0,3.0
2021-08-05 19:40:27,95.0,82.0,8.0,5.0
2021-08-05 19:40:28,84.0,73.0,7.0,4.0
2021-08-05 19:40:29,80.0,72.0,3.0,5.0
2021-08-05 19:40:30,68.0,62.0,5.0,1.0
2021-08-05 19:40:31,71.0,61.0,5.0,5.0
2021-08-05 19:40:32,86.0,77.0,8.0,1.0
2021-08-05 19:40:33,95.0,81.0,9.0,5.0
2021-08-05 19:40:34,89.0,75.0,8.0,6.0
2021-08-05 19:40:35,93.0,79.0,5.0,9.0
2021-08-05 19:40:36,72.0,66.0,4.0,2.0
2021-08-05 19:40:37,88.0,75.0,9.0,4.0
2021-08-05 19:40:38,77.0,64.0,9.0,4.0
2021-08-05 19:40:39,69.0,60.0,6.0,3.0
2021-08-05 19:40:40,78.0,62.0,12.0,4.0
2021-08-05 19:40:41,74.0,62.0,9.0,3.0
2021-08-05 19:40:42,94.0,75.0,14.0,5.0
2021-08-05 19:40:43,72.0,63.0,4.0,5.0
2021-08-05 19:40:44,80.0,75.0,3.0,2.0
2021-08-05 19:40:45,89.0,77.0,11.0,1.0
2021-08-05 19:40:46,79.0,68.0,7.0,4.0
2021-08-05 19:40:47,84.0,70.0,9.0,5.0
2021-08-05 19:40:48,85.0,70.0,9.0,6.0
2021-08-05 19:40:49,80.0,63.0,9.0,8.0
2021-08-05 19:40:50,69.0,61.0,6.0,2.0
2021-08-05 19:40:51,88.0,78.0,3.0,7.0
2021-08-05 19:40:52,85.0,70.0,8.0,7.0
2021-08-05 19:40:53,99.0,79.0,13.0,7.0
2021-08-05 19:40:54,74.0,62.0,10.0,2.0
2021-08-05 19:40:55,84.0,72.0,7.0,5.0
2021-08-05 19:40:56,76.0,70.0,4.0,2.0
2021-08-05 19:40:57,85.0,75.0,5.0,5.0
2021-08-05 19:40:58,80.0,68.0,7.0,5.0
2021-08-05 19:40:59,82.0,72.0,5.0,5.0
2021-08-05 19:41:00,88.0,81.0,5.0,2.0
2021-08-05 19:41:01,86.0,72.0,7.0,7.0
2021-08-05 19:41:02,96.0,81.0,11.0,4.0
2021-08-05 19:41:03,91.0,76.0,10.0,5.0
2021-08-05 19:41:04,86.0,71.0,13.0,2.0
2021-08-05 19:41:05,88.0,77.0,5.0,6.0
2021-08-05 19:41:06,79.0,66.0,6.0,7.0
2021-08-05 19:41:07,85.0,73.0,8.0,4.0
2021-08-05 19:41:08,69.0,62.0,4.0,3.0
2021-08-05 19:41:09,86.0,76.0,4.0,6.0
2021-08-05 19:41:10,72.0,62.0,6.0,4.0
2021-08-05 19:41:11,67.0,54.0,7.0,6.0
2021-08-05 19:41:12,93.0,83.0,6.0,4.0
2021-08-05 19:41:13,92.0,79.0,7.0,6.0
2021-08-05 19:41:14,78.0,67.0,7.0,4.0
2021-08-05 19:41:15,79.0,69.0,7.0,3.0
2021-08-05 19:41:16,83.0,69.0,2.0,12.0
2021-08-05 19:41:17,82.0,73.0,5.0,4.0
2021-08-05 19:41:18,87.0,76.0,10.0,1.0
2021-08-05 19:41:19,86.0,79.0,4.0,3.0
2021-08-05 19:41:20,79.0,66.0,10.0,3.0
2021-08-05 19:41:21,67.0,58.0,8.0,1.0
2021-08-05 19:41:22,75.0,66.0,8.0,1.0
2021-08-05 19:41:23,72.0,66.0,5.0,1.0
2021-08-05 19:41:24,72.0,62.0,7.0,3.0
2021-08-05 19:41:25,100.0,80.0,11.0,9.0
2021-08-05 19:41:26,94.0,84.0,8.0,2.0
2021-08-05 19:41:27,81.0,75.0,5.0,1.0
2021-08-05 19:41:28,76.0,72.0,3.0,1.0
2021-08-05 19:41:29,82.0,73.0,6.0,3.0
2021-08-05 19:41:30,101.0,87.0,9.0,5.0
2021-08-05 19:41:31,79.0,71.0,5.0,3.0
2021-08-05 19:41:32,65.0,56.0,5.0,4.0
2021-08-05 19:41:33,86.0,74.0,5.0,7.0
2021-08-05 19:41:34,82.0,72.0,5.0,5.0
2021-08-05 19:41:35,82.0,75.0,2.0,5.0
2021-08-05 19:41:36,74.0,63.0,6.0,5.0
2021-08-05 19:41:37,88.0,79.0,4.0,5.0
2021-08-05 19:41:38,79.0,71.0,6.0,2.0
2021-08-05 19:41:39,77.0,66.0,8.0,3.0
2021-08-05 19:41:40,79.0,71.0,6.0,2.0
2021-08-05 19:41:41,79.0,67.0,5.0,7.0
2021-08-05 19:41:42,77.0,73.0,3.0,1.0
2021-08-05 19:41:43,74.0,63.0,8.0,3.0
2021-08-05 19:41:44,87.0,75.0,5.0,7.0
2021-08-05 19:41:45,102.0,89.0,6.0,7.0
2021-08-05 19:41:46,101.0,88.0,7.0,6.0
2021-08-05 19:41:47,87.0,70.0,10.0,7.0
2021-08-05 19:41:48,79.0,64.0,9.0,6.0
2021-08-05 19:41:49,82.0,71.0,8.0,3.0
2021-08-05 19:41:50,93.0,81.0,6.0,6.0
2021-08-05 19:41:51,93.0,85.0,6.0,2.0
2021-08-05 19:41:52,83.0,71.0,9.0,3.0
2021-08-05 19:41:53,79.0,74.0,3.0,2.0
2021-08-05 19:41:54,93.0,81.0,7.0,5.0
2021-08-05 19:41:55,89.0,79.0,7.0,3.0
2021-08-05 19:41:56,95.0,87.0,4.0,4.0
2021-08-05 19:41:57,71.0,63.0,6.0,2.0
2021-08-05 19:41:58,102.0,88.0,8.0,6.0
2021-08-05 19:41:59,101.0,93.0,5.0,3.0
2021-08-05 19:42:00,80.0,63.0,5.0,12.0
2021-08-05 19:42:01,80.0,63.0,10.0,7.0
2021-08-05 19:42:02,95.0,79.0,9.0,7.0
2021-08-05 19:42:03,80.0,67.0,10.0,3.0
2021-08-05 19:42:04,82.0,73.0,4.0,5.0
2021-08-05 19:42:05,87.0,75.0,8.0,4.0
2021-08-05 19:42:06,79.0,66.0,8.0,5.0
2021-08-05 19:42:07,74.0,70.0,2.0,2.0
2021-08-05 19:42:08,87.0,81.0,2.0,4.0
2021-08-05 19:42:09,92.0,75.0,13.0,4.0
2021-08-05 19:42:10,77.0,69.0,3.0,5.0
2021-08-05 19:42:11,78.0,74.0,3.0,1.0
2021-08-05 19:42:12,99.0,83.0,10.0,6.0
2021-08-05 19:42:13,86.0,71.0,9.0,6.0
2021-08-05 19:42:14,88.0,78.0,3.0,7.0
2021-08-05 19:42:15,86.0,76.0,7.0,3.0
2021-08-05 19:42:16,92.0,82.0,5.0,5.0
2021-08-05 19:42:17,82.0,69.0,7.0,6.0
2021-08-05 19:42:18,93.0,83.0,7.0,3.0
2021-08-05 19:42:19,86.0,75.0,3.0,8.0
2021-08-05 19:42:20,91.0,80.0,5.0,6.0
2021-08-05 19:42:21,87.0,79.0,5.0,3.0
2021-08-05 19:42:22,65.0,59.0,5.0,1.0
2021-08-05 19:42:23,67.0,63.0,2.0,2.0
2021-08-05 19:42:24,86.0,76.0,7.0,3.0
2021-08-05 19:42:25,70.0,62.0,5.0,3.0
2021-08-05 19:42:26,67.0,52.0,5.0,10.0
2021-08-05 19:42:27,81.0,69.0,5.0,7.0
2021-08-05 19:42:28,88.0,80.0,4.0,4.0
2021-08-05 19:42:29,96.0,84.0,5.0,7.0
2021-08-05 19:42:30,90.0,79.0,5.0,6.0
2021-08-05 19:42:31,81.0,68.0,8.0,5.0
2021-08-05 19:42:32,94.0,79.0,10.0,5.0
2021-08-05 19:42:33,80.0,65.0,9.0,6.0
2021-08-05 19:42:34,86.0,69.0,14.0,3.0
2021-08-05 19:42:35,77.0,69.0,4.0,4.0
2021-08-05 19:42:36,79.0,71.0,2.0,6.0
2021-08-05 19:42:37,82.0,75.0,2.0,5.0
2021-08-05 19:42:38,98.0,85.0,9.0,4.0
2021-08-05 19:42:39,95.0,85.0,6.0,4.0
2021-08-05 19:42:40,77.0,68.0,7.0,2.0
2021-08-05 19:42:41,70.0,60.0,6.0,4.0
2021-08-05 19:42:42,84.0,78.0,4.0,2.0
2021-08-05 19:42:43,81.0,71.0,6.0,4.0
2021-08-05 19:42:44,91.0,77.0,7.0,7.0
2021-08-05 19:42:45,81.0,71.0,5.0,5.0
2021-08-05 19:42:46,84.0,72.0,5.0,7.0
2021-08-05 19:42:47,74.0,64.0,7.0,3.0
2021-08-05 19:42:48,84.0,72.0,11.0,1.0
2021-08-05 19:42:49,79.0,63.0,11.0,5.0
2021-08-05 19:42:50,89.0,73.0,10.0,6.0
2021-08-05 19:42:51,81.0,69.0,8.0,4.0
2021-08-05 19:42:52,95.0,81.0,12.0,2.0
2021-08-05 19:42:53,68.0,56.0,8.0,4.0
2021-08-05 19:42:54,84.0,73.0,5.0,6.0
2021-08-05 19:42:55,88.0,73.0,8.0,7.0
2021-08-05 19:42:56,72.0,63.0,7.0,2.0
2021-08-05 19:42:57,77.0,67.0,7.0,3.0
2021-08-05 19:42:58,88.0,79.0,7.0,2.0
2021-08-05 19:42:59,87.0,81.0,4.0,2.0
2021-08-05 19:43:00,97.0,82.0,9.0,6.0
2021-08-05 19:43:01,78.0,68.0,7.0,3.0
2021-08-05 19:43:02,84.0,74.0,6.0,4.0
2021-08-05 19:43:03,81.0,70.0,5.0,6.0
2021-08-05 19:43:04,90.0,79.0,7.0,4.0
2021-08-05 19:43:05,85.0,74.0,7.0,4.0
2021-08-05 19:43:06,65.0,61.0,3.0,1.0
2021-08-05 19:43:07,89.0,75.0,8.0,6.0
2021-08-05 19:43:08,78.0,68.0,7.0,3.0
2021-08-05 19:43:09,72.0,62.0,5.0,5.0
2021-08-05 19:43:10,68.0,60.0,4.0,4.0
2021-08-05 19:43:11,71.0,58.0,7.0,6.0
2021-08-05 19:43:12,72.0,62.0,6.0,4.0
2021-08-05 19:43:13,77.0,68.0,4.0,5.0
2021-08-05 19:43:14,90.0,76.0,8.0,6.0
2021-08-05 19:43:15,68.0,57.0,7.0,4.0
2021-08-05 19:43:16,80.0,70.0,8.0,2.0
2021-08-05 19:43:17,75.0,63.0,9.0,3.0
2021-08-05 19:43:18,92.0,82.0,7.0,3.0
2021-08-05 19:43:19,85.0,74.0,6.0,5.0
2021-08-05 19:43:20,76.0,66.0,6.0,4.0
2021-08-05 19:43:21,77.0,68.0,6.0,3.0
2021-08-05 19:43:22,74.0,66.0,4.0,4.0
2021-08-05 19:43:23,64.0,55.0,6.0,3.0
2021-08-05 19:43:24,81.0,74.0,3.0,4.0
2021-08-05 19:43:25,83.0,71.0,7.0,5.0
2021-08-05 19:43:26,87.0,72.0,10.0,5.0
2021-08-05 19:43:27,96.0,84.0,8.0,4.0
2021-08-05 19:43:28,72.0,65.0,3.0,4.0
2021-08-05 19:43:29,80.0,73.0,5.0,2.0
2021-08-05 19:43:30,80.0,69.0,6.0,5.0
2021-08-05 19:43:31,80.0,69.0,7.0,4.0
2021-08-05 19:43:32,98.0,84.0,6.0,8.0
2021-08-05 19:43:33,91.0,76.0,9.0,6.0
2021-08-05 19:43:34,90.0,77.0,8.0,5.0
2021-08-05 19:43:35,82.0,76.0,3.0,3.0
2021-08-05 19:43:36,91.0,75.0,10.0,6.0
2021-08-05 19:43:37,81.0,68.0,11.0,2.0
2021-08-05 19:43:38,72.0,61.0,11.0,0.0
2021-08-05 19:43:39,90.0,79.0,6.0,5.0
2021-08-05 19:43:40,78.0,68.0,8.0,2.0
2021-08-05 19:43:41,79.0,74.0,5.0,0.0
2021-08-05 19:43:42,80.0,71.0,4.0,5.0
2021-08-05 19:43:43,69.0,63.0,4.0,2.0
2021-08-05 19:43:44,93.0,86.0,7.0,0.0
2021-08-05 19:43:45,89.0,75.0,8.0,6.0
2021-08-05 19:43:46,79.0,68.0,4.0,7.0
2021-08-05 19:43:47,79.0,64.0,12.0,3.0
2021-08-05 19:43:48,72.0,58.0,8.0,6.0
2021-08-05 19:43:49,92.0,83.0,5.0,4.0
2021-08-05 19:43:50,86.0,74.0,8.0,4.0
2021-08-05 19:43:51,93.0,83.0,6.0,4.0
2021-08-05 19:43:52,87.0,74.0,9.0,4.0
2021-08-05 19:43:53,94.0,82.0,10.0,2.0
2021-08-05 19:43:54,80.0,66.0,7.0,7.0
2021-08-05 19:43:55,72.0,67.0,1.0,4.0
2021-08-05 19:43:56,82.0,72.0,6.0,4.0
2021-08-05 19:43:57,81.0,61.0,11.0,9.0
2021-08-05 19:43:58,75.0,67.0,4.0,4.0
2021-08-05 19:43:59,77.0,67.0,6.0,4.0
2021-08-05 19:44:00,82.0,71.0,5.0,6.0
2021-08-05 19:44:01,80.0,70.0,4.0,6.0
2021-08-05 19:44:02,67.0,60.0,2.0,5.0
2021-08-05 19:44:03,97.0,78.0,11.0,8.0
2021-08-05 19:44:04,86.0,78.0,6.0,2.0
2021-08-05 19:44:05,83.0,77.0,3.0,3.0
2021-08-05 19:44:06,80.0,69.0,3.0,8.0
2021-08-05 19:44:07,88.0,83.0,4.0,1.0
2021-08-05 19:44:08,83.0,72.0,5.0,6.0
2021-08-05 19:44:09,74.0,71.0,1.0,2.0
2021-08-05 19:44:10,76.0,70.0,5.0,1.0
2021-08-05 19:44:11,87.0,82.0,2.0,3.0
2021-08-05 19:44:12,64.0,57.0,4.0,3.0
2021-08-05 19:44:13,90.0,75.0,5.0,10.0
2021-08-05 19:44:14,93.0,76.0,13.0,4.0
2021-08-05 19:44:15,56.0,44.0,9.0,3.0
2021-08-05 19:44:16,92.0,83.0,7.0,2.0
2021-08-05 19:44:17,75.0,69.0,2.0,4.0
2021-08-05 19:44:18,66.0,53.0,10.0,3.0
2021-08-05 19:44:19,69.0,60.0,6.0,3.0
2021-08-05 19:44:20,91.0,80.0,4.0,7.0
2021-08-05 19:44:21,71.0,54.0,10.0,7.0
2021-08-05 19:44:22,88.0,78.0,6.0,4.0
2021-08-05 19:44:23,90.0,75.0,11.0,4.0
2021-08-05 19:44:24,89.0,73.0,5.0,11.0
2021-08-05 19:44:25,87.0,74.0,5.0,8.0
2021-08-05 19:44:26,78.0,66.0,8.0,4.0
2021-08-05 19:44:27,97.0,82.0,7.0,8.0
2021-08-05 19:44:28,77.0,67.0,3.0,7.0
2021-08-05 19:44:29,85.0,74.0,8.0,3.0
2021-08-05 19:44:30,81.0,68.0,5.0,8.0
2021-08-05 19:44:31,90.0,78.0,9.0,3.0
2021-08-05 19:44:32,81.0,67.0,11.0,3.0
2021-08-05 19:44:33,87.0,72.0,12.0,3.0
2021-08-05 19:44:34,73.0,66.0,2.0,5.0
2021-08-05 19:44:35,89.0,81.0,5.0,3.0
2021-08-05 19:44:36,88.0,80.0,6.0,2.0
2021-08-05 19:44:37,83.0,73.0,4.0,6.0
2021-08-05 19:44:38,84.0,73.0,7.0,4.0
2021-08-05 19:44:39,80.0,72.0,6.0,2.0
2021-08-05 19:44:40,76.0,72.0,2.0,2.0
2021-08-05 19:44:41,66.0,59.0,4.0,3.0
2021-08-05 19:44:42,85.0,72.0,7.0,6.0
2021-08-05 19:44:43,68.0,57.0,6.0,5.0
2021-08-05 19:44:44,75.0,62.0,6.0,7.0
2021-08-05 19:44:45,80.0,71.0,5.0,4.0
2021-08-05 19:44:46,82.0,66.0,10.0,6.0
2021-08-05 19:44:47,89.0,77.0,8.0,4.0
2021-08-05 19:44:48,65.0,57.0,3.0,5.0
2021-08-05 19:44:49,82.0,71.0,7.0,4.0
2021-08-05 19:44:50,84.0,73.0,8.0,3.0
2021-08-05 19:44:51,78.0,67.0,7.0,4.0
2021-08-05 19:44:52,79.0,71.0,7.0,1.0
2021-08-05 19:44:53,91.0,75.0,11.0,5.0
2021-08-05 19:44:54,80.0,64.0,6.0,10.0
2021-08-05 19:44:55,78.0,67.0,5.0,6.0
2021-08-05 19:44:56,86.0,72.0,7.0,7.0
2021-08-05 19:44:57,88.0,73.0,7.0,8.0
2021-08-05 19:44:58,94.0,85.0,4.0,5.0
2021-08-05 19:44:59,78.0,68.0,7.0,3.0
2021-08-05 19:45:00,80.0,70.0,5.0,5.0
2021-08-05 19:45:01,86.0,68.0,15.0,3.0
2021-08-05 19:45:02,79.0,70.0,8.0,1.0
2021-08-05 19:45:03,94.0,84.0,7.0,3.0
2021-08-05 19:45:04,79.0,66.0,6.0,7.0
2021-08-05 19:45:05,80.0,75.0,3.0,2.0
2021-08-05 19:45:06,78.0,68.0,4.0,6.0
2021-08-05 19:45:07,84.0,77.0,3.0,4.0
2021-08-05 19:45:08,86.0,77.0,7.0,2.0
2021-08-05 19:45:09,70.0,64.0,4.0,2.0
2021-08-05 19:45:10,79.0,70.0,7.0,2.0
2021-08-05 19:45:11,78.0,68.0,6.0,4.0
2021-08-05 19:45:12,94.0,82.0,7.0,5.0
2021-08-05 19:45:13,85.0,76.0,7.0,2.0
2021-08-05 19:45:14,100.0,81.0,9.0,10.0
2021-08-05 19:45:15,81.0,70.0,5.0,6.0
2021-08-05 19:45:16,81.0,74.0,3.0,4.0
2021-08-05 19:45:17,86.0,76.0,9.0,1.0
2021-08-05 19:45:18,75.0,63.0,4.0,8.0
2021-08-05 19:45:19,85.0,74.0,6.0,5.0
2021-08-05 19:45:20,76.0,66.0,7.0,3.0
2021-08-05 19:45:21,74.0,67.0,6.0,1.0
2021-08-05 19:45:22,83.0,71.0,9.0,3.0
2021-08-05 19:45:23,88.0,74.0,9.0,5.0
2021-08-05 19:45:24,58.0,53.0,3.0,2.0
2021-08-05 19:45:25,94.0,80.0,7.0,7.0
2021-08-05 19:45:26,84.0,75.0,9.0,0.0
2021-08-05 19:45:27,83.0,72.0,6.0,5.0
2021-08-05 19:45:28,106.0,88.0,12.0,6.0
2021-08-05 19:45:29,73.0,63.0,8.0,2.0
2021-08-05 19:45:30,78.0,67.0,7.0,4.0
2021-08-05 19:45:31,96.0,88.0,4.0,4.0
2021-08-05 19:45:32,100.0,85.0,8.0,7.0
2021-08-05 19:45:33,81.0,74.0,2.0,5.0
2021-08-05 19:45:34,72.0,62.0,7.0,3.0
2021-08-05 19:45:35,86.0,73.0,7.0,6.0
2021-08-05 19:45:36,86.0,77.0,5.0,4.0
2021-08-05 19:45:37,83.0,74.0,4.0,5.0
2021-08-05 19:45:38,83.0,77.0,1.0,5.0
2021-08-05 19:45:39,78.0,71.0,4.0,3.0
2021-08-05 19:45:40,90.0,75.0,10.0,5.0
2021-08-05 19:45:41,96.0,84.0,7.0,5.0
2021-08-05 19:45:42,84.0,72.0,11.0,1.0
2021-08-05 19:45:43,88.0,78.0,6.0,4.0
2021-08-05 19:45:44,78.0,70.0,6.0,2.0
2021-08-05 19:45:45,66.0,57.0,4.0,5.0
2021-08-05 19:45:46,78.0,67.0,8.0,3.0
2021-08-05 19:45:47,81.0,73.0,5.0,3.0
2021-08-05 19:45:48,90.0,77.0,6.0,7.0
2021-08-05 19:45:49,78.0,62.0,9.0,7.0
2021-08-05 19:45:50,82.0,74.0,4.0,4.0
2021-08-05 19:45:51,92.0,84.0,7.0,1.0
2021-08-05 19:45:52,100.0,84.0,10.0,6.0
2021-08-05 19:45:53,103.0,94.0,8.0,1.0
2021-08-05 19:45:54,94.0,88.0,3.0,3.0
2021-08-05 19:45:55,90.0,77.0,7.0,6.0
2021-08-05 19:45:56,76.0,68.0,1.0,7.0
2021-08-05 19:45:57,99.0,84.0,9.0,6.0
2021-08-05 19:45:58,97.0,86.0,3.0,8.0
2021-08-05 19:45:59,78.0,69.0,5.0,4.0
2021-08-05 19:46:00,100.0,87.0,6.0,7.0
2021-08-05 19:46:01,87.0,82.0,4.0,1.0
2021-08-05 19:46:02,87.0,75.0,8.0,4.0
2021-08-05 19:46:03,100.0,85.0,10.0,5.0
2021-08-05 19:46:04,90.0,78.0,8.0,4.0
2021-08-05 19:46:05,90.0,80.0,7.0,3.0
2021-08-05 19:46:06,64.0,56.0,4.0,4.0
2021-08-05 19:46:07,73.0,65.0,6.0,2.0
2021-08-05 19:46:08,95.0,85.0,3.0,7.0
2021-08-05 19:46:09,81.0,67.0,11.0,3.0
2021-08-05 19:46:10,92.0,82.0,5.0,5.0
2021-08-05 19:46:11,88.0,74.0,5.0,9.0
2021-08-05 19:46:12,86.0,76.0,7.0,3.0
2021-08-05 19:46:13,73.0,62.0,8.0,3.0
2021-08-05 19:46:14,81.0,71.0,6.0,4.0
2021-08-05 19:46:15,78.0,69.0,3.0,6.0
2021-08-05 19:46:16,81.0,72.0,8.0,1.0
2021-08-05 19:46:17,88.0,78.0,5.0,5.0
2021-08-05 19:46:18,81.0,73.0,6.0,2.0
2021-08-05 19:46:19,79.0,73.0,4.0,2.0
2021-08-05 19:46:20,68.0,59.0,5.0,4.0
2021-08-05 19:46:21,95.0,83.0,8.0,4.0
2021-08-05 19:46:22,93.0,82.0,7.0,4.0
2021-08-05 19:46:23,101.0,87.0,8.0,6.0
2021-08-05 19:46:24,101.0,94.0,7.0,0.0
2021-08-05 19:46:25,91.0,77.0,7.0,7.0
2021-08-05 19:46:26,78.0,69.0,7.0,2.0
2021-08-05 19:46:27,74.0,64.0,5.0,5.0
2021-08-05 19:46:28,81.0,72.0,4.0,5.0
2021-08-05 19:46:29,73.0,60.0,7.0,6.0
2021-08-05 19:46:30,81.0,74.0,4.0,3.0
2021-08-05 19:46:31,79.0,65.0,7.0,7.0
2021-08-05 19:46:32,72.0,67.0,2.0,3.0
2021-08-05 19:46:33,80.0,73.0,4.0,3.0
2021-08-05 19:46:34,77.0,71.0,5.0,1.0
2021-08-05 19:46:35,92.0,84.0,4.0,4.0
2021-08-05 19:46:36,84.0,77.0,4.0,3.0
2021-08-05 19:46:37,77.0,66.0,6.0,5.0
2021-08-05 19:46:38,79.0,67.0,6.0,6.0
2021-08-05 19:46:39,85.0,75.0,4.0,6.0
2021-08-05 19:46:40,71.0,64.0,4.0,3.0
2021-08-05 19:46:41,71.0,59.0,6.0,6.0
2021-08-05 19:46:42,84.0,75.0,7.0,2.0
2021-08-05 19:46:43,85.0,72.0,3.0,10.0
2021-08-05 19:46:44,101.0,87.0,8.0,6.0
2021-08-05 19:46:45,74.0,60.0,8.0,6.0
2021-08-05 19:46:46,77.0,68.0,3.0,6.0
2021-08-05 19:46:47,93.0,81.0,9.0,3.0
2021-08-05 19:46:48,87.0,74.0,9.0,4.0
2021-08-05 19:46:49,93.0,80.0,9.0,4.0
2021-08-05 19:46:50,75.0,63.0,8.0,4.0
2021-08-05 19:46:51,79.0,63.0,6.0,10.0
2021-08-05 19:46:52,105.0,93.0,6.0,6.0
2021-08-05 19:46:53,79.0,73.0,4.0,2.0
2021-08-05 19:46:54,90.0,78.0,5.0,7.0
2021-08-05 19:46:55,95.0,82.0,9.0,4.0
2021-08-05 19:46:56,103.0,95.0,5.0,3.0
2021-08-05 19:46:57,91.0,79.0,9.0,3.0
2021-08-05 19:46:58,89.0,80.0,6.0,3.0
2021-08-05 19:46:59,66.0,62.0,1.0,3.0
2021-08-05 19:47:00,87.0,75.0,7.0,5.0
2021-08-05 19:47:01,95.0,84.0,6.0,5.0
2021-08-05 19:47:02,83.0,73.0,5.0,5.0
2021-08-05 19:47:03,91.0,82.0,4.0,5.0
2021-08-05 19:47:04,75.0,64.0,8.0,3.0
2021-08-05 19:47:05,90.0,73.0,11.0,6.0
2021-08-05 19:47:06,89.0,78.0,7.0,4.0
2021-08-05 19:47:07,87.0,71.0,8.0,8.0
2021-08-05 19:47:08,70.0,63.0,6.0,1.0
2021-08-05 19:47:09,98.0,88.0,5.0,5.0
2021-08-05 19:47:10,76.0,69.0,3.0,4.0
2021-08-05 19:47:11,66.0,60.0,3.0,3.0
2021-08-05 19:47:12,82.0,74.0,5.0,3.0
2021-08-05 19:47:13,82.0,70.0,7.0,5.0
2021-08-05 19:47:14,61.0,53.0,5.0,3.0
2021-08-05 19:47:15,83.0,66.0,8.0,9.0
2021-08-05 19:47:16,104.0,90.0,10.0,4.0
2021-08-05 19:47:17,79.0,68.0,10.0,1.0
2021-08-05 19:47:18,95.0,81.0,7.0,7.0
2021-08-05 19:47:19,78.0,67.0,9.0,2.0
2021-08-05 19:47:20,91.0,79.0,8.0,4.0
2021-08-05 19:47:21,75.0,63.0,7.0,5.0
2021-08-05 19:47:22,83.0,75.0,5.0,3.0
2021-08-05 19:47:23,73.0,65.0,5.0,3.0
2021-08-05 19:47:24,70.0,59.0,6.0,5.0
2021-08-05 19:47:25,93.0,85.0,5.0,3.0
2021-08-05 19:47:26,79.0,75.0,3.0,1.0
2021-08-05 19:47:27,75.0,69.0,4.0,2.0
2021-08-05 19:47:28,71.0,67.0,2.0,2.0
2021-08-05 19:47:29,62.0,58.0,2.0,2.0
2021-08-05 19:47:30,91.0,82.0,8.0,1.0
2021-08-05 19:47:31,75.0,63.0,7.0,5.0
2021-08-05 19:47:32,73.0,64.0,3.0,6.0
2021-08-05 19:47:33,81.0,72.0,6.0,3.0
2021-08-05 19:47:34,78.0,65.0,8.0,5.0
2021-08-05 19:47:35,71.0,57.0,8.0,6.0
2021-08-05 19:47:36,85.0,79.0,2.0,4.0
2021-08-05 19:47:37,80.0,72.0,4.0,4.0
2021-08-05 19:47:38,100.0,86.0,8.0,6.0
2021-08-05 19:47:39,78.0,66.0,9.0,3.0
2021-08-05 19:47:40,82.0,70.0,6.0,6.0
2021-08-05 19:47:41,86.0,77.0,7.0,2.0
2021-08-05 19:47:42,82.0,68.0,10.0,4.0
2021-08-05 19:47:43,91.0,84.0,5.0,2.0
2021-08-05 19:47:44,76.0,66.0,7.0,3.0
2021-08-05 19:47:45,86.0,72.0,10.0,4.0
2021-08-05 19:47:46,79.0,67.0,7.0,5.0
2021-08-05 19:47:47,77.0,64.0,10.0,3.0
2021-08-05 19:47:48,83.0,77.0,5.0,1.0
2021-08-05 19:47:49,78.0,66.0,8.0,4.0
2021-08-05 19:47:50,79.0,71.0,1.0,7.0
2021-08-05 19:47:51,59.0,52.0,4.0,3.0
2021-08-05 19:47:52,80.0,73.0,5.0,2.0
2021-08-05 19:47:53,91.0,77.0,9.0,5.0
2021-08-05 19:47:54,69.0,59.0,4.0,6.0
2021-08-05 19:47:55,80.0,63.0,6.0,11.0
2021-08-05 19:47:56,82.0,69.0,9.0,4.0
2021-08-05 19:47:57,92.0,82.0,4.0,6.0
2021-08-05 19:47:58,84.0,73.0,4.0,7.0
2021-08-05 19:47:59,77.0,68.0,4.0,5.0
2021-08-05 19:48:00,93.0,86.0,5.0,2.0
2021-08-05 19:48:01,90.0,78.0,8.0,4.0
2021-08-05 19:48:02,93.0,83.0,4.0,6.0
2021-08-05 19:48:03,91.0,79.0,8.0,4.0
2021-08-05 19:48:04,81.0,75.0,5.0,1.0
2021-08-05 19:48:05,77.0,65.0,6.0,6.0
2021-08-05 19:48:06,81.0,75.0,4.0,2.0
2021-08-05 19:48:07,81.0,70.0,4.0,7.0
2021-08-05 19:48:08,87.0,78.0,6.0,3.0
2021-08-05 19:48:09,81.0,70.0,6.0,5.0
2021-08-05 19:48:10,81.0,74.0,6.0,1.0
2021-08-05 19:48:11,83.0,77.0,3.0,3.0
2021-08-05 19:48:12,79.0,62.0,7.0,10.0
2021-08-05 19:48:13,80.0,75.0,2.0,3.0
2021-08-05 19:48:14,74.0,68.0,3.0,3.0
2021-08-05 19:48:15,92.0,77.0,9.0,6.0
2021-08-05 19:48:16,69.0,59.0,5.0,5.0
2021-08-05 19:48:17,73.0,56.0,10.0,7.0
2021-08-05 19:48:18,75.0,71.0,3.0,1.0
2021-08-05 19:48:19,74.0,68.0,2.0,4.0
2021-08-05 19:48:20,83.0,75.0,3.0,5.0
2021-08-05 19:48:21,70.0,58.0,6.0,6.0
2021-08-05 19:48:22,86.0,72.0,7.0,7.0
2021-08-05 19:48:23,75.0,69.0,2.0,4.0
2021-08-05 19:48:24,88.0,76.0,9.0,3.0
2021-08-05 19:48:25,98.0,93.0,5.0,0.0
2021-08-05 19:48:26,80.0,65.0,11.0,4.0
2021-08-05 19:48:27,76.0,63.0,6.0,7.0
2021-08-05 19:48:28,66.0,55.0,7.0,4.0
2021-08-05 19:48:29,85.0,74.0,6.0,5.0
2021-08-05 19:48:30,82.0,66.0,8.0,8.0
2021-08-05 19:48:31,85.0,77.0,4.0,4.0
2021-08-05 19:48:32,71.0,63.0,6.0,2.0
2021-08-05 19:48:33,93.0,82.0,7.0,4.0
2021-08-05 19:48:34,76.0,68.0,6.0,2.0
2021-08-05 19:48:35,80.0,67.0,6.0,7.0
2021-08-05 19:48:36,64.0,57.0,1.0,6.0
2021-08-05 19:48:37,80.0,68.0,6.0,6.0
2021-08-05 19:48:38,93.0,85.0,4.0,4.0
2021-08-05 19:48:39,71.0,61.0,6.0,4.0
2021-08-05 19:48:40,89.0,81.0,3.0,5.0
2021-08-05 19:48:41,86.0,80.0,1.0,5.0
2021-08-05 19:48:42,80.0,74.0,5.0,1.0
2021-08-05 19:48:43,88.0,76.0,6.0,6.0
2021-08-05 19:48:44,76.0,59.0,12.0,5.0
2021-08-05 19:48:45,78.0,62.0,10.0,6.0
2021-08-05 19:48:46,65.0,58.0,4.0,3.0
2021-08-05 19:48:47,79.0,67.0,4.0,8.0
2021-08-05 19:48:48,60.0,54.0,4.0,2.0
2021-08-05 19:48:49,77.0,67.0,6.0,4.0
2021-08-05 19:48:50,88.0,76.0,7.0,5.0
2021-08-05 19:48:51,83.0,76.0,3.0,4.0
2021-08-05 19:48:52,87.0,81.0,6.0,0.0
2021-08-05 19:48:53,80.0,75.0,3.0,2.0
2021-08-05 19:48:54,90.0,71.0,10.0,9.0
2021-08-05 19:48:55,82.0,71.0,6.0,5.0
2021-08-05 19:48:56,76.0,69.0,3.0,4.0
2021-08-05 19:48:57,85.0,71.0,12.0,2.0
2021-08-05 19:48:58,83.0,74.0,3.0,6.0
2021-08-05 19:48:59,74.0,68.0,4.0,2.0
2021-08-05 19:49:00,90.0,79.0,9.0,2.0
2021-08-05 19:49:01,99.0,87.0,10.0,2.0
2021-08-05 19:49:02,78.0,66.0,7.0,5.0
2021-08-05 19:49:03,80.0,69.0,4.0,7.0
2021-08-05 19:49:04,83.0,72.0,5.0,6.0
2021-08-05 19:49:05,87.0,81.0,5.0,1.0
2021-08-05 19:49:06,87.0,78.0,7.0,2.0
2021-08-05 19:49:07,102.0,89.0,7.0,6.0
2021-08-05 19:49:08,82.0,73.0,6.0,3.0
2021-08-05 19:49:09,80.0,67.0,9.0,4.0
2021-08-05 19:49:10,78.0,69.0,7.0,2.0
2021-08-05 19:49:11,95.0,80.0,11.0,4.0
2021-08-05 19:49:12,95.0,85.0,7.0,3.0
2021-08-05 19:49:13,81.0,74.0,7.0,0.0
2021-08-05 19:49:14,76.0,65.0,7.0,4.0
2021-08-05 19:49:15,73.0,64.0,7.0,2.0
2021-08-05 19:49:16,82.0,67.0,12.0,3.0
2021-08-05 19:49:17,77.0,66.0,7.0,4.0
2021-08-05 19:49:18,92.0,82.0,8.0,2.0
2021-08-05 19:49:19,76.0,68.0,4.0,4.0
2021-08-05 19:49:20,70.0,63.0,4.0,3.0
2021-08-05 19:49:21,92.0,83.0,6.0,3.0
2021-08-05 19:49:22,95.0,83.0,8.0,4.0
2021-08-05 19:49:23,88.0,79.0,5.0,4.0
2021-08-05 19:49:24,79.0,70.0,6.0,3.0
2021-08-05 19:49:25,82.0,71.0,7.0,4.0
2021-08-05 19:49:26,70.0,61.0,3.0,6.0
2021-08-05 19:49:27,90.0,79.0,8.0,3.0
2021-08-05 19:49:28,100.0,89.0,7.0,4.0
2021-08-05 19:49:29,84.0,79.0,2.0,3.0
2021-08-05 19:49:30,87.0,78.0,7.0,2.0
2021-08-05 19:49:31,100.0,88.0,10.0,2.0
2021-08-05 19:49:32,86.0,77.0,8.0,1.0
2021-08-05 19:49:33,83.0,75.0,5.0,3.0
2021-08-05 19:49:34,92.0,78.0,11.0,3.0
2021-08-05 19:49:35,75.0,67.0,3.0,5.0
2021-08-05 19:49:36,87.0,78.0,7.0,2.0
2021-08-05 19:49:37,85.0,69.0,11.0,5.0
2021-08-05 19:49:38,69.0,62.0,3.0,4.0
2021-08-05 19:49:39,65.0,57.0,5.0,3.0
2021-08-05 19:49:40,97.0,82.0,7.0,8.0
2021-08-05 19:49:41,87.0,73.0,7.0,7.0
2021-08-05 19:49:42,89.0,74.0,9.0,6.0
2021-08-05 19:49:43,77.0,71.0,2.0,4.0
2021-08-05 19:49:44,94.0,78.0,10.0,6.0
2021-08-05 19:49:45,84.0,72.0,9.0,3.0
2021-08-05 19:49:46,77.0,69.0,6.0,2.0
2021-08-05 19:49:47,84.0,77.0,4.0,3.0
2021-08-05 19:49:48,68.0,63.0,2.0,3.0
2021-08-05 19:49:49,88.0,79.0,6.0,3.0
2021-08-05 19:49:50,79.0,69.0,8.0,2.0
2021-08-05 19:49:51,75.0,69.0,4.0,2.0
2021-08-05 19:49:52,83.0,73.0,7.0,3.0
2021-08-05 19:49:53,88.0,80.0,7.0,1.0
2021-08-05 19:49:54,84.0,73.0,7.0,4.0
2021-08-05 19:49:55,76.0,65.0,6.0,5.0
2021-08-05 19:49:56,83.0,71.0,9.0,3.0
2021-08-05 19:49:57,84.0,75.0,5.0,4.0
2021-08-05 19:49:58,91.0,80.0,10.0,1.0
2021-08-05 19:49:59,74.0,66.0,2.0,6.0
2021-08-05 19:50:00,91.0,80.0,8.0,3.0
2021-08-05 19:50:01,87.0,75.0,5.0,7.0
2021-08-05 19:50:02,88.0,77.0,5.0,6.0
2021-08-05 19:50:03,66.0,60.0,5.0,1.0
2021-08-05 19:50:04,71.0,59.0,6.0,6.0
2021-08-05 19:50:05,78.0,65.0,6.0,7.0
2021-08-05 19:50:06,80.0,68.0,9.0,3.0
2021-08-05 19:50:07,71.0,66.0,1.0,4.0
2021-08-05 19:50:08,83.0,75.0,3.0,5.0
2021-08-05 19:50:09,84.0,76.0,5.0,3.0
2021-08-05 19:50:10,77.0,69.0,4.0,4.0
2021-08-05 19:50:11,72.0,64.0,3.0,5.0
2021-08-05 19:50:12,88.0,71.0,13.0,4.0
2021-08-05 19:50:13,95.0,86.0,5.0,4.0
2021-08-05 19:50:14,80.0,68.0,8.0,4.0
2021-08-05 19:50:15,102.0,87.0,9.0,6.0
2021-08-05 19:50:16,89.0,74.0,8.0,7.0
2021-08-05 19:50:17,102.0,89.0,7.0,6.0
2021-08-05 19:50:18,90.0,79.0,6.0,5.0
2021-08-05 19:50:19,95.0,78.0,10.0,7.0
2021-08-05 19:50:20,85.0,78.0,0.0,7.0
2021-08-05 19:50:21,79.0,70.0,6.0,3.0
2021-08-05 19:50:22,75.0,65.0,9.0,1.0
2021-08-05 19:50:23,80.0,70.0,5.0,5.0
2021-08-05 19:50:24,83.0,70.0,8.0,5.0
2021-08-05 19:50:25,66.0,58.0,5.0,3.0
2021-08-05 19:50:26,88.0,76.0,4.0,8.0
2021-08-05 19:50:27,96.0,79.0,9.0,8.0
2021-08-05 19:50:28,77.0,67.0,8.0,2.0
2021-08-05 19:50:29,79.0,67.0,8.0,4.0
2021-08-05 19:50:30,89.0,82.0,3.0,4.0
2021-08-05 19:50:31,78.0,73.0,5.0,0.0
2021-08-05 19:50:32,98.0,85.0,7.0,6.0
2021-08-05 19:50:33,76.0,64.0,11.0,1.0
2021-08-05 19:50:34,77.0,65.0,5.0,7.0
2021-08-05 19:50:35,94.0,86.0,4.0,4.0
2021-08-05 19:50:36,75.0,69.0,4.0,2.0
2021-08-05 19:50:37,82.0,72.0,6.0,4.0
2021-08-05 19:50:38,87.0,78.0,6.0,3.0
2021-08-05 19:50:39,79.0,72.0,5.0,2.0
2021-08-05 19:50:40,84.0,75.0,5.0,4.0
2021-08-05 19:50:41,64.0,56.0,5.0,3.0
2021-08-05 19:50:42,85.0,73.0,5.0,7.0
2021-08-05 19:50:43,83.0,73.0,5.0,5.0
2021-08-05 19:50:44,80.0,68.0,9.0,3.0
2021-08-05 19:50:45,72.0,65.0,3.0,4.0
2021-08-05 19:50:46,79.0,65.0,9.0,5.0
2021-08-05 19:50:47,94.0,82.0,8.0,4.0
2021-08-05 19:50:48,92.0,86.0,3.0,3.0
2021-08-05 19:50:49,65.0,54.0,7.0,4.0
2021-08-05 19:50:50,94.0,79.0,7.0,8.0
2021-08-05 19:50:51,89.0,82.0,3.0,4.0
2021-08-05 19:50:52,90.0,75.0,11.0,4.0
2021-08-05 19:50:53,85.0,80.0,4.0,1.0
2021-08-05 19:50:54,82.0,69.0,7.0,6.0
2021-08-05 19:50:55,102.0,88.0,11.0,3.0
2021-08-05 19:50:56,80.0,71.0,6.0,3.0
2021-08-05 19:50:57,90.0,74.0,6.0,10.0
2021-08-05 19:50:58,88.0,75.0,5.0,8.0
2021-08-05 19:50:59,95.0,83.0,9.0,3.0
2021-08-05 19:51:00,88.0,77.0,8.0,3.0
2021-08-05 19:51:01,77.0,73.0,2.0,2.0
2021-08-05 19:51:02,69.0,56.0,9.0,4.0
2021-08-05 19:51:03,74.0,65.0,5.0,4.0
2021-08-05 19:51:04,88.0,77.0,5.0,6.0
2021-08-05 19:51:05,105.0,92.0,8.0,5.0
2021-08-05 19:51:06,88.0,78.0,7.0,3.0
2021-08-05 19:51:07,77.0,71.0,4.0,2.0
2021-08-05 19:51:08,79.0,70.0,7.0,2.0
2021-08-05 19:51:09,92.0,82.0,8.0,2.0
2021-08-05 19:51:10,77.0,69.0,4.0,4.0
2021-08-05 19:51:11,73.0,64.0,4.0,5.0
2021-08-05 19:51:12,74.0,66.0,7.0,1.0
2021-08-05 19:51:13,92.0,81.0,4.0,7.0
2021-08-05 19:51:14,90.0,78.0,8.0,4.0
2021-08-05 19:51:15,64.0,56.0,4.0,4.0
2021-08-05 19:51:16,82.0,70.0,4.0,8.0
2021-08-05 19:51:17,75.0,60.0,11.0,4.0
2021-08-05 19:51:18,82.0,69.0,8.0,5.0
2021-08-05 19:51:19,82.0,71.0,11.0,0.0
2021-08-05 19:51:20,74.0,68.0,5.0,1.0
2021-08-05 19:51:21,70.0,57.0,8.0,5.0
2021-08-05 19:51:22,84.0,75.0,4.0,5.0
2021-08-05 19:51:23,86.0,81.0,2.0,3.0
2021-08-05 19:51:24,84.0,75.0,7.0,2.0
2021-08-05 19:51:25,77.0,69.0,5.0,3.0
2021-08-05 19:51:26,90.0,74.0,10.0,6.0
2021-08-05 19:51:27,64.0,54.0,6.0,4.0
2021-08-05 19:51:28,86.0,74.0,5.0,7.0
2021-08-05 19:51:29,90.0,80.0,6.0,4.0
2021-08-05 19:51:30,94.0,84.0,6.0,4.0
2021-08-05 19:51:31,76.0,67.0,5.0,4.0
2021-08-05 19:51:32,85.0,74.0,7.0,4.0
2021-08-05 19:51:33,86.0,72.0,9.0,5.0
2021-08-05 19:51:34,87.0,75.0,10.0,2.0
2021-08-05 19:51:35,73.0,62.0,8.0,3.0
2021-08-05 19:51:36,85.0,69.0,12.0,4.0
2021-08-05 19:51:37,65.0,54.0,9.0,2.0
2021-08-05 19:51:38,84.0,73.0,6.0,5.0
2021-08-05 19:51:39,95.0,84.0,7.0,4.0
2021-08-05 19:51:40,80.0,66.0,9.0,5.0
2021-08-05 19:51:41,82.0,69.0,5.0,8.0
2021-08-05 19:51:42,97.0,86.0,7.0,4.0
2021-08-05 19:51:43,104.0,90.0,9.0,5.0
2021-08-05 19:51:44,96.0,85.0,4.0,7.0
2021-08-05 19:51:45,89.0,76.0,8.0,5.0
2021-08-05 19:51:46,84.0,74.0,4.0,6.0
2021-08-05 19:51:47,95.0,83.0,8.0,4.0
2021-08-05 19:51:48,79.0,65.0,6.0,8.0
2021-08-05 19:51:49,66.0,54.0,7.0,5.0
2021-08-05 19:51:50,95.0,87.0,1.0,7.0
2021-08-05 19:51:51,93.0,86.0,6.0,1.0
2021-08-05 19:51:52,74.0,62.0,5.0,7.0
2021-08-05 19:51:53,83.0,73.0,8.0,2.0
2021-08-05 19:51:54,88.0,78.0,3.0,7.0
2021-08-05 19:51:55,77.0,70.0,5.0,2.0
2021-08-05 19:51:56,64.0,50.0,9.0,5.0
2021-08-05 19:51:57,82.0,69.0,8.0,5.0
2021-08-05 19:51:58,85.0,77.0,4.0,4.0
2021-08-05 19:51:59,83.0,74.0,5.0,4.0
2021-08-05 19:52:00,78.0,66.0,6.0,6.0
2021-08-05 19:52:01,86.0,77.0,8.0,1.0
2021-08-05 19:52:02,87.0,72.0,10.0,5.0
2021-08-05 19:52:03,72.0,62.0,5.0,5.0
2021-08-05 19:52:04,79.0,70.0,9.0,0.0
2021-08-05 19:52:05,60.0,50.0,6.0,4.0
2021-08-05 19:52:06,101.0,86.0,9.0,6.0
2021-08-05 19:52:07,84.0,72.0,8.0,4.0
2021-08-05 19:52:08,86.0,81.0,3.0,2.0
2021-08-05 19:52:09,74.0,67.0,3.0,4.0
2021-08-05 19:52:10,79.0,67.0,6.0,6.0
2021-08-05 19:52:11,110.0,96.0,8.0,6.0
2021-08-05 19:52:12,79.0,73.0,3.0,3.0
2021-08-05 19:52:13,67.0,61.0,4.0,2.0
2021-08-05 19:52:14,82.0,73.0,5.0,4.0
2021-08-05 19:52:15,82.0,72.0,3.0,7.0
2021-08-05 19:52:16,83.0,75.0,6.0,2.0
2021-08-05 19:52:17,76.0,62.0,7.0,7.0
2021-08-05 19:52:18,87.0,75.0,8.0,4.0
2021-08-05 19:52:19,85.0,70.0,6.0,9.0
2021-08-05 19:52:20,77.0,62.0,9.0,6.0
2021-08-05 19:52:21,60.0,54.0,4.0,2.0
2021-08-05 19:52:22,88.0,74.0,8.0,6.0
2021-08-05 19:52:23,91.0,79.0,8.0,4.0
2021-08-05 19:52:24,89.0,79.0,7.0,3.0
2021-08-05 19:52:25,84.0,68.0,5.0,11.0
2021-08-05 19:52:26,82.0,73.0,3.0,6.0
2021-08-05 19:52:27,77.0,65.0,6.0,6.0
2021-08-05 19:52:28,109.0,101.0,6.0,2.0
2021-08-05 19:52:29,90.0,78.0,4.0,8.0
2021-08-05 19:52:30,82.0,71.0,7.0,4.0
2021-08-05 19:52:31,83.0,78.0,4.0,1.0
2021-08-05 19:52:32,86.0,73.0,8.0,5.0
2021-08-05 19:52:33,79.0,72.0,3.0,4.0
2021-08-05 19:52:34,82.0,72.0,7.0,3.0
2021-08-05 19:52:35,66.0,60.0,5.0,1.0
2021-08-05 19:52:36,83.0,70.0,8.0,5.0
2021-08-05 19:52:37,74.0,63.0,8.0,3.0
2021-08-05 19:52:38,74.0,66.0,4.0,4.0
2021-08-05 19:52:39,70.0,65.0,2.0,3.0
2021-08-05 19:52:40,94.0,81.0,6.0,7.0
2021-08-05 19:52:41,76.0,67.0,4.0,5.0
2021-08-05 19:52:42,99.0,88.0,9.0,2.0
2021-08-05 19:52:43,79.0,67.0,8.0,4.0
2021-08-05 19:52:44,70.0,64.0,3.0,3.0
2021-08-05 19:52:45,83.0,67.0,12.0,4.0
2021-08-05 19:52:46,81.0,70.0,8.0,3.0
2021-08-05 19:52:47,79.0,73.0,4.0,2.0
2021-08-05 19:52:48,82.0,67.0,9.0,6.0
2021-08-05 19:52:49,74.0,62.0,6.0,6.0
2021-08-05 19:52:50,95.0,85.0,6.0,4.0
2021-08-05 19:52:51,67.0,50.0,10.0,7.0
2021-08-05 19:52:52,80.0,71.0,4.0,5.0
2021-08-05 19:52:53,98.0,89.0,2.0,7.0
2021-08-05 19:52:54,83.0,75.0,4.0,4.0
2021-08-05 19:52:55,96.0,82.0,5.0,9.0
2021-08-05 19:52:56,93.0,82.0,6.0,5.0
2021-08-05 19:52:57,58.0,44.0,8.0,6.0
2021-08-05 19:52:58,94.0,74.0,13.0,7.0
2021-08-05 19:52:59,70.0,60.0,9.0,1.0
2021-08-05 19:53:00,97.0,82.0,9.0,6.0
2021-08-05 19:53:01,89.0,75.0,7.0,7.0
2021-08-05 19:53:02,78.0,69.0,6.0,3.0
2021-08-05 19:53:03,74.0,61.0,6.0,7.0
2021-08-05 19:53:04,84.0,76.0,5.0,3.0
2021-08-05 19:53:05,81.0,70.0,5.0,6.0
2021-08-05 19:53:06,96.0,75.0,14.0,7.0
2021-08-05 19:53:07,78.0,73.0,2.0,3.0
2021-08-05 19:53:08,91.0,84.0,5.0,2.0
2021-08-05 19:53:09,81.0,67.0,9.0,5.0
2021-08-05 19:53:10,85.0,77.0,5.0,3.0
2021-08-05 19:53:11,88.0,75.0,10.0,3.0
2021-08-05 19:53:12,95.0,88.0,2.0,5.0
2021-08-05 19:53:13,95.0,86.0,6.0,3.0
2021-08-05 19:53:14,94.0,87.0,3.0,4.0
2021-08-05 19:53:15,89.0,74.0,6.0,9.0
2021-08-05 19:53:16,91.0,86.0,4.0,1.0
2021-08-05 19:53:17,82.0,73.0,6.0,3.0
2021-08-05 19:53:18,89.0,71.0,11.0,7.0
2021-08-05 19:53:19,88.0,75.0,10.0,3.0
2021-08-05 19:53:20,71.0,61.0,3.0,7.0
2021-08-05 19:53:21,87.0,78.0,7.0,2.0
2021-08-05 19:53:22,75.0,64.0,7.0,4.0
2021-08-05 19:53:23,83.0,71.0,6.0,6.0
2021-08-05 19:53:24,85.0,78.0,4.0,3.0
2021-08-05 19:53:25,69.0,62.0,4.0,3.0
2021-08-05 19:53:26,82.0,68.0,9.0,5.0
2021-08-05 19:53:27,72.0,66.0,2.0,4.0
2021-08-05 19:53:28,76.0,64.0,6.0,6.0
2021-08-05 19:53:29,79.0,73.0,6.0,0.0
2021-08-05 19:53:30,79.0,69.0,8.0,2.0
2021-08-05 19:53:31,92.0,82.0,5.0,5.0
2021-08-05 19:53:32,97.0,87.0,7.0,3.0
2021-08-05 19:53:33,68.0,59.0,3.0,6.0
2021-08-05 19:53:34,87.0,74.0,6.0,7.0
2021-08-05 19:53:35,80.0,63.0,8.0,9.0
2021-08-05 19:53:36,85.0,76.0,5.0,4.0
2021-08-05 19:53:37,79.0,69.0,4.0,6.0
2021-08-05 19:53:38,77.0,71.0,2.0,4.0
2021-08-05 19:53:39,58.0,52.0,3.0,3.0
2021-08-05 19:53:40,88.0,73.0,6.0,9.0
2021-08-05 19:53:41,83.0,76.0,3.0,4.0
2021-08-05 19:53:42,80.0,73.0,5.0,2.0
2021-08-05 19:53:43,85.0,70.0,8.0,7.0
2021-08-05 19:53:44,89.0,80.0,5.0,4.0
2021-08-05 19:53:45,74.0,61.0,12.0,1.0
2021-08-05 19:53:46,101.0,87.0,9.0,5.0
2021-08-05 19:53:47,82.0,72.0,6.0,4.0
2021-08-05 19:53:48,87.0,75.0,6.0,6.0
2021-08-05 19:53:49,79.0,70.0,7.0,2.0
2021-08-05 19:53:50,87.0,77.0,6.0,4.0
2021-08-05 19:53:51,74.0,64.0,5.0,5.0
2021-08-05 19:53:52,74.0,66.0,7.0,1.0
2021-08-05 19:53:53,75.0,64.0,8.0,3.0
2021-08-05 19:53:54,96.0,89.0,4.0,3.0
2021-08-05 19:53:55,97.0,85.0,7.0,5.0
2021-08-05 19:53:56,90.0,82.0,3.0,5.0
2021-08-05 19:53:57,81.0,67.0,11.0,3.0
2021-08-05 19:53:58,80.0,69.0,5.0,6.0
2021-08-05 19:53:59,99.0,84.0,8.0,7.0
2021-08-05 19:54:00,86.0,76.0,4.0,6.0
2021-08-05 19:54:01,81.0,60.0,16.0,5.0
2021-08-05 19:54:02,82.0,72.0,6.0,4.0
2021-08-05 19:54:03,66.0,58.0,6.0,2.0
2021-08-05 19:54:04,94.0,81.0,7.0,6.0
2021-08-05 19:54:05,87.0,67.0,13.0,7.0
2021-08-05 19:54:06,78.0,67.0,8.0,3.0
2021-08-05 19:54:07,103.0,86.0,7.0,10.0
2021-08-05 19:54:08,92.0,74.0,13.0,5.0
2021-08-05 19:54:09,87.0,76.0,7.0,4.0
2021-08-05 19:54:10,72.0,61.0,6.0,5.0
2021-08-05 19:54:11,66.0,57.0,3.0,6.0
2021-08-05 19:54:12,80.0,71.0,6.0,3.0
2021-08-05 19:54:13,72.0,64.0,5.0,3.0
2021-08-05 19:54:14,72.0,63.0,7.0,2.0
2021-08-05 19:54:15,77.0,72.0,3.0,2.0
2021-08-05 19:54:16,76.0,61.0,9.0,6.0
2021-08-05 19:54:17,92.0,75.0,13.0,4.0
2021-08-05 19:54:18,73.0,66.0,5.0,2.0
2021-08-05 19:54:19,104.0,90.0,9.0,5.0
2021-08-05 19:54:20,87.0,74.0,9.0,4.0
2021-08-05 19:54:21,80.0,67.0,8.0,5.0
2021-08-05 19:54:22,85.0,75.0,8.0,2.0
2021-08-05 19:54:23,73.0,65.0,4.0,4.0
2021-08-05 19:54:24,72.0,67.0,3.0,2.0
2021-08-05 19:54:25,67.0,57.0,7.0,3.0
2021-08-05 19:54:26,80.0,72.0,6.0,2.0
2021-08-05 19:54:27,75.0,62.0,10.0,3.0
2021-08-05 19:54:28,84.0,71.0,10.0,3.0
2021-08-05 19:54:29,91.0,78.0,7.0,6.0
2021-08-05 19:54:30,87.0,74.0,6.0,7.0
2021-08-05 19:54:31,79.0,64.0,9.0,6.0
2021-08-05 19:54:32,100.0,87.0,9.0,4.0
2021-08-05 19:54:33,79.0,64.0,10.0,5.0
2021-08-05 19:54:34,90.0,82.0,7.0,1.0
2021-08-05 19:54:35,75.0,62.0,7.0,6.0
2021-08-05 19:54:36,70.0,66.0,1.0,3.0
2021-08-05 19:54:37,98.0,83.0,11.0,4.0
2021-08-05 19:54:38,65.0,50.0,10.0,5.0
2021-08-05 19:54:39,74.0,61.0,9.0,4.0
2021-08-05 19:54:40,73.0,64.0,5.0,4.0
2021-08-05 19:54:41,94.0,85.0,5.0,4.0
2021-08-05 19:54:42,71.0,62.0,7.0,2.0
2021-08-05 19:54:43,75.0,66.0,7.0,2.0
2021-08-05 19:54:44,91.0,79.0,8.0,4.0
2021-08-05 19:54:45,85.0,79.0,4.0,2.0
2021-08-05 19:54:46,105.0,88.0,11.0,6.0
2021-08-05 19:54:47,71.0,61.0,5.0,5.0
2021-08-05 19:54:48,92.0,76.0,14.0,2.0
2021-08-05 19:54:49,99.0,81.0,8.0,10.0
2021-08-05 19:54:50,74.0,63.0,4.0,7.0
2021-08-05 19:54:51,78.0,70.0,3.0,5.0
2021-08-05 19:54:52,99.0,83.0,7.0,9.0
2021-08-05 19:54:53,88.0,80.0,4.0,4.0
2021-08-05 19:54:54,91.0,77.0,8.0,6.0
2021-08-05 19:54:55,82.0,70.0,5.0,7.0
2021-08-05 19:54:56,59.0,53.0,3.0,3.0
2021-08-05 19:54:57,109.0,100.0,5.0,4.0
2021-08-05 19:54:58,82.0,71.0,9.0,2.0
2021-08-05 19:54:59,83.0,68.0,10.0,5.0
2021-08-05 19:55:00,87.0,76.0,7.0,4.0
2021-08-05 19:55:01,80.0,73.0,3.0,4.0
2021-08-05 19:55:02,77.0,70.0,5.0,2.0
2021-08-05 19:55:03,90.0,76.0,9.0,5.0
2021-08-05 19:55:04,99.0,86.0,8.0,5.0
2021-08-05 19:55:05,95.0,80.0,7.0,8.0
2021-08-05 19:55:06,86.0,75.0,2.0,9.0
2021-08-05 19:55:07,94.0,76.0,11.0,7.0
2021-08-05 19:55:08,82.0,67.0,10.0,5.0
2021-08-05 19:55:09,69.0,58.0,7.0,4.0
2021-08-05 19:55:10,104.0,89.0,11.0,4.0
2021-08-05 19:55:11,92.0,82.0,6.0,4.0
2021-08-05 19:55:12,86.0,69.0,11.0,6.0
2021-08-05 19:55:13,88.0,74.0,5.0,9.0
2021-08-05 19:55:14,83.0,76.0,4.0,3.0
2021-08-05 19:55:15,77.0,73.0,4.0,0.0
2021-08-05 19:55:16,84.0,72.0,8.0,4.0
2021-08-05 19:55:17,78.0,70.0,5.0,3.0
2021-08-05 19:55:18,87.0,72.0,7.0,8.0
2021-08-05 19:55:19,77.0,66.0,8.0,3.0
2021-08-05 19:55:20,95.0,84.0,5.0,6.0
2021-08-05 19:55:21,81.0,72.0,6.0,3.0
2021-08-05 19:55:22,75.0,68.0,4.0,3.0
2021-08-05 19:55:23,72.0,61.0,6.0,5.0
2021-08-05 19:55:24,84.0,75.0,6.0,3.0
2021-08-05 19:55:25,82.0,75.0,5.0,2.0
2021-08-05 19:55:26,69.0,64.0,3.0,2.0
2021-08-05 19:55:27,94.0,84.0,2.0,8.0
2021-08-05 19:55:28,94.0,81.0,6.0,7.0
2021-08-05 19:55:29,76.0,67.0,4.0,5.0
2021-08-05 19:55:30,87.0,77.0,7.0,3.0
2021-08-05 19:55:31,85.0,75.0,4.0,6.0
2021-08-05 19:55:32,96.0,83.0,7.0,6.0
2021-08-05 19:55:33,79.0,67.0,8.0,4.0
2021-08-05 19:55:34,92.0,80.0,11.0,1.0
2021-08-05 19:55:35,69.0,63.0,2.0,4.0
2021-08-05 19:55:36,87.0,77.0,7.0,3.0
2021-08-05 19:55:37,91.0,79.0,11.0,1.0
2021-08-05 19:55:38,94.0,79.0,9.0,6.0
2021-08-05 19:55:39,64.0,56.0,4.0,4.0
2021-08-05 19:55:40,86.0,74.0,9.0,3.0
2021-08-05 19:55:41,91.0,83.0,4.0,4.0
2021-08-05 19:55:42,86.0,71.0,9.0,6.0
2021-08-05 19:55:43,78.0,69.0,6.0,3.0
2021-08-05 19:55:44,69.0,63.0,1.0,5.0
2021-08-05 19:55:45,63.0,58.0,5.0,0.0
2021-08-05 19:55:46,77.0,69.0,4.0,4.0
2021-08-05 19:55:47,79.0,67.0,6.0,6.0
2021-08-05 19:55:48,78.0,67.0,5.0,6.0
2021-08-05 19:55:49,96.0,82.0,4.0,10.0
2021-08-05 19:55:50,91.0,83.0,4.0,4.0
2021-08-05 19:55:51,99.0,80.0,11.0,8.0
2021-08-05 19:55:52,80.0,72.0,7.0,1.0
2021-08-05 19:55:53,77.0,68.0,7.0,2.0
2021-08-05 19:55:54,78.0,63.0,9.0,6.0
2021-08-05 19:55:55,70.0,64.0,4.0,2.0
2021-08-05 19:55:56,79.0,69.0,4.0,6.0
2021-08-05 19:55:57,80.0,67.0,8.0,5.0
2021-08-05 19:55:58,79.0,64.0,7.0,8.0
2021-08-05 19:55:59,74.0,63.0,8.0,3.0
2021-08-05 19:56:00,106.0,90.0,12.0,4.0
2021-08-05 19:56:01,94.0,83.0,8.0,3.0
2021-08-05 19:56:02,88.0,73.0,11.0,4.0
2021-08-05 19:56:03,76.0,69.0,2.0,5.0
2021-08-05 19:56:04,104.0,87.0,10.0,7.0
2021-08-05 19:56:05,92.0,77.0,9.0,6.0
2021-08-05 19:56:06,80.0,71.0,6.0,3.0
2021-08-05 19:56:07,82.0,73.0,6.0,3.0
2021-08-05 19:56:08,86.0,76.0,7.0,3.0
2021-08-05 19:56:09,95.0,84.0,9.0,2.0
2021-08-05 19:56:10,91.0,80.0,7.0,4.0
2021-08-05 19:56:11,87.0,77.0,5.0,5.0
2021-08-05 19:56:12,82.0,73.0,5.0,4.0
2021-08-05 19:56:13,79.0,67.0,5.0,7.0
2021-08-05 19:56:14,77.0,71.0,4.0,2.0
2021-08-05 19:56:15,76.0,64.0,8.0,4.0
2021-08-05 19:56:16,88.0,80.0,6.0,2.0
2021-08-05 19:56:17,76.0,71.0,2.0,3.0
2021-08-05 19:56:18,78.0,69.0,6.0,3.0
2021-08-05 19:56:19,92.0,81.0,5.0,6.0
2021-08-05 19:56:20,76.0,70.0,3.0,3.0
2021-08-05 19:56:21,79.0,73.0,2.0,4.0
2021-08-05 19:56:22,85.0,76.0,6.0,3.0
2021-08-05 19:56:23,87.0,73.0,10.0,4.0
2021-08-05 19:56:24,79.0,71.0,5.0,3.0
2021-08-05 19:56:25,83.0,72.0,7.0,4.0
2021-08-05 19:56:26,83.0,72.0,7.0,4.0
2021-08-05 19:56:27,74.0,60.0,9.0,5.0
2021-08-05 19:56:28,94.0,80.0,7.0,7.0
2021-08-05 19:56:29,75.0,67.0,4.0,4.0
2021-08-05 19:56:30,74.0,65.0,6.0,3.0
2021-08-05 19:56:31,76.0,70.0,3.0,3.0
2021-08-05 19:56:32,88.0,74.0,9.0,5.0
2021-08-05 19:56:33,70.0,64.0,2.0,4.0
2021-08-05 19:56:34,89.0,76.0,7.0,6.0
2021-08-05 19:56:35,85.0,79.0,4.0,2.0
2021-08-05 19:56:36,78.0,69.0,6.0,3.0
2021-08-05 19:56:37,94.0,84.0,5.0,5.0
2021-08-05 19:56:38,88.0,81.0,4.0,3.0
2021-08-05 19:56:39,97.0,87.0,6.0,4.0
2021-08-05 19:56:40,62.0,55.0,2.0,5.0
2021-08-05 19:56:41,86.0,75.0,7.0,4.0
2021-08-05 19:56:42,78.0,67.0,6.0,5.0
2021-08-05 19:56:43,90.0,77.0,8.0,5.0
2021-08-05 19:56:44,88.0,81.0,4.0,3.0
2021-08-05 19:56:45,99.0,90.0,3.0,6.0
2021-08-05 19:56:46,115.0,101.0,7.0,7.0
2021-08-05 19:56:47,81.0,69.0,9.0,3.0
2021-08-05 19:56:48,67.0,56.0,4.0,7.0
2021-08-05 19:56:49,76.0,64.0,7.0,5.0
2021-08-05 19:56:50,92.0,83.0,7.0,2.0
2021-08-05 19:56:51,54.0,50.0,2.0,2.0
2021-08-05 19:56:52,87.0,77.0,8.0,2.0
2021-08-05 19:56:53,87.0,75.0,10.0,2.0
2021-08-05 19:56:54,69.0,55.0,8.0,6.0
2021-08-05 19:56:55,84.0,72.0,5.0,7.0
2021-08-05 19:56:56,83.0,70.0,6.0,7.0
2021-08-05 19:56:57,69.0,62.0,6.0,1.0
2021-08-05 19:56:58,87.0,79.0,7.0,1.0
2021-08-05 19:56:59,76.0,68.0,6.0,2.0
2021-08-05 19:57:00,56.0,49.0,5.0,2.0
2021-08-05 19:57:01,69.0,61.0,6.0,2.0
2021-08-05 19:57:02,84.0,68.0,5.0,11.0
2021-08-05 19:57:03,83.0,71.0,8.0,4.0
2021-08-05 19:57:04,80.0,71.0,3.0,6.0
2021-08-05 19:57:05,85.0,76.0,6.0,3.0
2021-08-05 19:57:06,77.0,71.0,4.0,2.0
2021-08-05 19:57:07,87.0,69.0,9.0,9.0
2021-08-05 19:57:08,67.0,56.0,10.0,1.0
2021-08-05 19:57:09,73.0,61.0,5.0,7.0
2021-08-05 19:57:10,108.0,94.0,9.0,5.0
2021-08-05 19:57:11,84.0,74.0,4.0,6.0
2021-08-05 19:57:12,89.0,75.0,9.0,5.0
2021-08-05 19:57:13,91.0,78.0,10.0,3.0
2021-08-05 19:57:14,94.0,82.0,7.0,5.0
2021-08-05 19:57:15,90.0,79.0,7.0,4.0
2021-08-05 19:57:16,76.0,64.0,7.0,5.0
2021-08-05 19:57:17,72.0,63.0,5.0,4.0
2021-08-05 19:57:18,84.0,70.0,8.0,6.0
2021-08-05 19:57:19,73.0,66.0,4.0,3.0
2021-08-05 19:57:20,82.0,74.0,6.0,2.0
2021-08-05 19:57:21,76.0,62.0,8.0,6.0
2021-08-05 19:57:22,77.0,69.0,5.0,3.0
2021-08-05 19:57:23,79.0,69.0,5.0,5.0
2021-08-05 19:57:24,87.0,69.0,11.0,7.0
2021-08-05 19:57:25,79.0,69.0,7.0,3.0
2021-08-05 19:57:26,71.0,63.0,7.0,1.0
2021-08-05 19:57:27,73.0,64.0,7.0,2.0
2021-08-05 19:57:28,82.0,70.0,6.0,6.0
2021-08-05 19:57:29,78.0,66.0,6.0,6.0
2021-08-05 19:57:30,72.0,60.0,7.0,5.0
2021-08-05 19:57:31,78.0,68.0,7.0,3.0
2021-08-05 19:57:32,72.0,65.0,3.0,4.0
2021-08-05 19:57:33,81.0,72.0,6.0,3.0
2021-08-05 19:57:34,64.0,56.0,5.0,3.0
2021-08-05 19:57:35,72.0,66.0,5.0,1.0
2021-08-05 19:57:36,65.0,56.0,4.0,5.0
2021-08-05 19:57:37,79.0,69.0,5.0,5.0
2021-08-05 19:57:38,78.0,67.0,10.0,1.0
2021-08-05 19:57:39,91.0,83.0,5.0,3.0
2021-08-05 19:57:40,83.0,76.0,6.0,1.0
2021-08-05 19:57:41,84.0,69.0,7.0,8.0
2021-08-05 19:57:42,94.0,79.0,10.0,5.0
2021-08-05 19:57:43,78.0,71.0,5.0,2.0
2021-08-05 19:57:44,78.0,65.0,8.0,5.0
2021-08-05 19:57:45,78.0,69.0,4.0,5.0
2021-08-05 19:57:46,90.0,78.0,7.0,5.0
2021-08-05 19:57:47,71.0,64.0,3.0,4.0
2021-08-05 19:57:48,90.0,83.0,5.0,2.0
2021-08-05 19:57:49,89.0,78.0,4.0,7.0
2021-08-05 19:57:50,81.0,73.0,5.0,3.0
2021-08-05 19:57:51,89.0,77.0,9.0,3.0
2021-08-05 19:57:52,104.0,91.0,10.0,3.0
2021-08-05 19:57:53,81.0,69.0,5.0,7.0
2021-08-05 19:57:54,90.0,80.0,5.0,5.0
2021-08-05 19:57:55,77.0,67.0,8.0,2.0
2021-08-05 19:57:56,90.0,81.0,4.0,5.0
2021-08-05 19:57:57,87.0,73.0,8.0,6.0
2021-08-05 19:57:58,78.0,62.0,9.0,7.0
2021-08-05 19:57:59,88.0,75.0,7.0,6.0
2021-08-05 19:58:00,80.0,70.0,7.0,3.0
2021-08-05 19:58:01,90.0,73.0,12.0,5.0
2021-08-05 19:58:02,82.0,71.0,10.0,1.0
2021-08-05 19:58:03,73.0,63.0,4.0,6.0
2021-08-05 19:58:04,88.0,80.0,6.0,2.0
2021-08-05 19:58:05,79.0,70.0,6.0,3.0
2021-08-05 19:58:06,88.0,80.0,3.0,5.0
2021-08-05 19:58:07,75.0,67.0,3.0,5.0
2021-08-05 19:58:08,70.0,61.0,4.0,5.0
2021-08-05 19:58:09,70.0,65.0,1.0,4.0
2021-08-05 19:58:10,75.0,66.0,7.0,2.0
2021-08-05 19:58:11,82.0,64.0,10.0,8.0
2021-08-05 19:58:12,77.0,70.0,5.0,2.0
2021-08-05 19:58:13,85.0,77.0,6.0,2.0
2021-08-05 19:58:14,82.0,70.0,6.0,6.0
2021-08-05 19:58:15,85.0,73.0,7.0,5.0
2021-08-05 19:58:16,81.0,73.0,4.0,4.0
2021-08-05 19:58:17,82.0,72.0,8.0,2.0
2021-08-05 19:58:18,89.0,72.0,8.0,9.0
2021-08-05 19:58:19,112.0,97.0,9.0,6.0
2021-08-05 19:58:20,66.0,54.0,7.0,5.0
2021-08-05 19:58:21,92.0,81.0,4.0,7.0
2021-08-05 19:58:22,80.0,73.0,2.0,5.0
2021-08-05 19:58:23,86.0,83.0,1.0,2.0
2021-08-05 19:58:24,89.0,78.0,4.0,7.0
2021-08-05 19:58:25,81.0,70.0,4.0,7.0
2021-08-05 19:58:26,82.0,69.0,8.0,5.0
2021-08-05 19:58:27,83.0,71.0,7.0,5.0
2021-08-05 19:58:28,72.0,63.0,5.0,4.0
2021-08-05 19:58:29,79.0,73.0,3.0,3.0
2021-08-05 19:58:30,75.0,62.0,4.0,9.0
2021-08-05 19:58:31,78.0,72.0,4.0,2.0
2021-08-05 19:58:32,89.0,76.0,10.0,3.0
2021-08-05 19:58:33,86.0,75.0,8.0,3.0
2021-08-05 19:58:34,95.0,80.0,9.0,6.0
2021-08-05 19:58:35,79.0,66.0,7.0,6.0
2021-08-05 19:58:36,81.0,73.0,6.0,2.0
2021-08-05 19:58:37,80.0,74.0,3.0,3.0
2021-08-05 19:58:38,80.0,70.0,9.0,1.0
2021-08-05 19:58:39,83.0,64.0,11.0,8.0
2021-08-05 19:58:40,79.0,70.0,5.0,4.0
2021-08-05 19:58:41,85.0,76.0,4.0,5.0
2021-08-05 19:58:42,76.0,66.0,5.0,5.0
2021-08-05 19:58:43,104.0,93.0,5.0,6.0
2021-08-05 19:58:44,93.0,80.0,7.0,6.0
2021-08-05 19:58:45,65.0,56.0,5.0,4.0
2021-08-05 19:58:46,87.0,77.0,6.0,4.0
2021-08-05 19:58:47,79.0,70.0,3.0,6.0
2021-08-05 19:58:48,69.0,55.0,10.0,4.0
2021-08-05 19:58:49,81.0,74.0,2.0,5.0
2021-08-05 19:58:50,96.0,84.0,9.0,3.0
2021-08-05 19:58:51,82.0,73.0,5.0,4.0
2021-08-05 19:58:52,82.0,72.0,8.0,2.0
2021-08-05 19:58:53,89.0,77.0,10.0,2.0
2021-08-05 19:58:54,92.0,85.0,4.0,3.0
2021-08-05 19:58:55,82.0,74.0,5.0,3.0
2021-08-05 19:58:56,70.0,61.0,7.0,2.0
2021-08-05 19:58:57,84.0,68.0,9.0,7.0
2021-08-05 19:58:58,90.0,79.0,10.0,1.0
2021-08-05 19:58:59,93.0,77.0,12.0,4.0
2021-08-05 19:59:00,85.0,77.0,6.0,2.0
2021-08-05 19:59:01,71.0,64.0,4.0,3.0
2021-08-05 19:59:02,70.0,62.0,4.0,4.0
2021-08-05 19:59:03,77.0,68.0,6.0,3.0
2021-08-05 19:59:04,88.0,74.0,6.0,8.0
2021-08-05 19:59:05,79.0,65.0,7.0,7.0
2021-08-05 19:59:06,76.0,63.0,6.0,7.0
2021-08-05 19:59:07,73.0,64.0,5.0,4.0
2021-08-05 19:59:08,74.0,63.0,5.0,6.0
2021-08-05 19:59:09,68.0,62.0,3.0,3.0
2021-08-05 19:59:10,76.0,64.0,10.0,2.0
2021-08-05 19:59:11,76.0,69.0,5.0,2.0
2021-08-05 19:59:12,101.0,86.0,9.0,6.0
2021-08-05 19:59:13,93.0,81.0,7.0,5.0
2021-08-05 19:59:14,85.0,76.0,3.0,6.0
2021-08-05 19:59:15,103.0,94.0,4.0,5.0
2021-08-05 19:59:16,74.0,65.0,7.0,2.0
2021-08-05 19:59:17,90.0,81.0,5.0,4.0
2021-08-05 19:59:18,89.0,82.0,3.0,4.0
2021-08-05 19:59:19,92.0,80.0,8.0,4.0
2021-08-05 19:59:20,74.0,67.0,5.0,2.0
2021-08-05 19:59:21,72.0,60.0,9.0,3.0
2021-08-05 19:59:22,63.0,51.0,11.0,1.0
2021-08-05 19:59:23,91.0,79.0,7.0,5.0
2021-08-05 19:59:24,97.0,83.0,10.0,4.0
2021-08-05 19:59:25,76.0,64.0,5.0,7.0
2021-08-05 19:59:26,87.0,80.0,3.0,4.0
2021-08-05 19:59:27,80.0,70.0,6.0,4.0
2021-08-05 19:59:28,67.0,60.0,6.0,1.0
2021-08-05 19:59:29,77.0,65.0,6.0,6.0
2021-08-05 19:59:30,90.0,70.0,11.0,9.0
2021-08-05 19:59:31,80.0,74.0,4.0,2.0
2021-08-05 19:59:32,79.0,74.0,3.0,2.0
2021-08-05 19:59:33,73.0,67.0,3.0,3.0
2021-08-05 19:59:34,69.0,59.0,7.0,3.0
2021-08-05 19:59:35,73.0,66.0,3.0,4.0
2021-08-05 19:59:36,72.0,66.0,5.0,1.0
2021-08-05 19:59:37,81.0,75.0,3.0,3.0
2021-08-05 19:59:38,61.0,50.0,5.0,6.0
2021-08-05 19:59:39,81.0,70.0,4.0,7.0
2021-08-05 19:59:40,86.0,76.0,6.0,4.0
2021-08-05 19:59:41,78.0,69.0,6.0,3.0
2021-08-05 19:59:42,82.0,72.0,7.0,3.0
2021-08-05 19:59:43,87.0,76.0,5.0,6.0
2021-08-05 19:59:44,70.0,62.0,3.0,5.0
2021-08-05 19:59:45,83.0,76.0,2.0,5.0
2021-08-05 19:59:46,88.0,72.0,6.0,10.0
2021-08-05 19:59:47,72.0,62.0,7.0,3.0
2021-08-05 19:59:48,80.0,67.0,4.0,9.0
2021-08-05 19:59:49,87.0,80.0,3.0,4.0
2021-08-05 19:59:50,73.0,68.0,2.0,3.0
2021-08-05 19:59:51,82.0,73.0,6.0,3.0
2021-08-05 19:59:52,79.0,67.0,9.0,3.0
2021-08-05 19:59:53,73.0,66.0,1.0,6.0
2021-08-05 19:59:54,83.0,72.0,8.0,3.0
2021-08-05 19:59:55,79.0,73.0,2.0,4.0
2021-08-05 19:59:56,88.0,79.0,4.0,5.0
2021-08-05 19:59:57,70.0,61.0,6.0,3.0
2021-08-05 19:59:58,77.0,68.0,5.0,4.0
2021-08-05 19:59:59,77.0,70.0,3.0,4.0
2021-08-05 20:00:00,82.0,74.0,5.0,3.0
2021-08-05 20:00:01,82.0,73.0,6.0,3.0
2021-08-05 20:00:02,74.0,63.0,9.0,2.0
2021-08-05 20:00:03,72.0,65.0,4.0,3.0
2021-08-05 20:00:04,72.0,61.0,4.0,7.0
2021-08-05 20:00:05,80.0,67.0,10.0,3.0
2021-08-05 20:00:06,89.0,75.0,10.0,4.0
2021-08-05 20:00:07,81.0,75.0,5.0,1.0
2021-08-05 20:00:08,90.0,74.0,11.0,5.0
2021-08-05 20:00:09,86.0,75.0,6.0,5.0
2021-08-05 20:00:10,84.0,75.0,5.0,4.0
2021-08-05 20:00:11,79.0,70.0,7.0,2.0
2021-08-05 20:00:12,84.0,77.0,3.0,4.0
2021-08-05 20:00:13,71.0,61.0,4.0,6.0
2021-08-05 20:00:14,80.0,70.0,5.0,5.0
2021-08-05 20:00:15,88.0,77.0,8.0,3.0
2021-08-05 20:00:16,87.0,67.0,12.0,8.0
2021-08-05 20:00:17,96.0,88.0,4.0,4.0
2021-08-05 20:00:18,91.0,79.0,5.0,7.0
2021-08-05 20:00:19,85.0,74.0,8.0,3.0
2021-08-05 20:00:20,71.0,62.0,4.0,5.0
2021-08-05 20:00:21,83.0,70.0,10.0,3.0
2021-08-05 20:00:22,74.0,67.0,2.0,5.0
2021-08-05 20:00:23,72.0,66.0,5.0,1.0
2021-08-05 20:00:24,80.0,72.0,3.0,5.0
2021-08-05 20:00:25,80.0,70.0,5.0,5.0
2021-08-05 20:00:26,97.0,90.0,7.0,0.0
2021-08-05 20:00:27,83.0,71.0,11.0,1.0
2021-08-05 20:00:28,69.0,59.0,7.0,3.0
2021-08-05 20:00:29,81.0,64.0,10.0,7.0
2021-08-05 20:00:30,72.0,65.0,2.0,5.0
2021-08-05 20:00:31,95.0,83.0,7.0,5.0
2021-08-05 20:00:32,78.0,67.0,4.0,7.0
2021-08-05 20:00:33,91.0,80.0,8.0,3.0
2021-08-05 20:00:34,79.0,73.0,3.0,3.0
2021-08-05 20:00:35,80.0,69.0,7.0,4.0
2021-08-05 20:00:36,71.0,63.0,2.0,6.0
2021-08-05 20:00:37,88.0,74.0,9.0,5.0
2021-08-05 20:00:38,84.0,76.0,4.0,4.0
2021-08-05 20:00:39,83.0,70.0,11.0,2.0
2021-08-05 20:00:40,94.0,84.0,6.0,4.0
2021-08-05 20:00:41,85.0,78.0,3.0,4.0
2021-08-05 20:00:42,61.0,48.0,6.0,7.0
2021-08-05 20:00:43,72.0,65.0,3.0,4.0
2021-08-05 20:00:44,78.0,69.0,6.0,3.0
2021-08-05 20:00:45,81.0,78.0,1.0,2.0
2021-08-05 20:00:46,90.0,80.0,8.0,2.0
2021-08-05 20:00:47,94.0,81.0,7.0,6.0
2021-08-05 20:00:48,80.0,63.0,11.0,6.0
2021-08-05 20:00:49,74.0,61.0,6.0,7.0
2021-08-05 20:00:50,80.0,69.0,8.0,3.0
2021-08-05 20:00:51,81.0,73.0,6.0,2.0
2021-08-05 20:00:52,74.0,66.0,5.0,3.0
2021-08-05 20:00:53,83.0,71.0,7.0,5.0
2021-08-05 20:00:54,83.0,73.0,5.0,5.0
2021-08-05 20:00:55,57.0,52.0,3.0,2.0
2021-08-05 20:00:56,99.0,87.0,9.0,3.0
2021-08-05 20:00:57,78.0,66.0,6.0,6.0
2021-08-05 20:00:58,82.0,76.0,5.0,1.0
2021-08-05 20:00:59,93.0,81.0,5.0,7.0
2021-08-05 20:01:00,89.0,80.0,5.0,4.0
2021-08-05 20:01:01,83.0,73.0,5.0,5.0
2021-08-05 20:01:02,86.0,77.0,6.0,3.0
2021-08-05 20:01:03,71.0,59.0,6.0,6.0
2021-08-05 20:01:04,86.0,73.0,9.0,4.0
2021-08-05 20:01:05,72.0,60.0,6.0,6.0
2021-08-05 20:01:06,101.0,87.0,7.0,7.0
2021-08-05 20:01:07,81.0,67.0,9.0,5.0
2021-08-05 20:01:08,78.0,66.0,9.0,3.0
2021-08-05 20:01:09,76.0,67.0,6.0,3.0
2021-08-05 20:01:10,91.0,79.0,6.0,6.0
2021-08-05 20:01:11,90.0,74.0,8.0,8.0
2021-08-05 20:01:12,90.0,80.0,5.0,5.0
2021-08-05 20:01:13,69.0,51.0,10.0,8.0
2021-08-05 20:01:14,68.0,63.0,4.0,1.0
2021-08-05 20:01:15,79.0,67.0,8.0,4.0
2021-08-05 20:01:16,86.0,72.0,9.0,5.0
2021-08-05 20:01:17,69.0,61.0,7.0,1.0
2021-08-05 20:01:18,82.0,69.0,6.0,7.0
2021-08-05 20:01:19,84.0,72.0,6.0,6.0
2021-08-05 20:01:20,81.0,74.0,7.0,0.0
2021-08-05 20:01:21,85.0,77.0,4.0,4.0
2021-08-05 20:01:22,93.0,81.0,10.0,2.0
2021-08-05 20:01:23,72.0,60.0,7.0,5.0
2021-08-05 20:01:24,73.0,64.0,4.0,5.0
2021-08-05 20:01:25,73.0,56.0,10.0,7.0
2021-08-05 20:01:26,72.0,63.0,5.0,4.0
2021-08-05 20:01:27,79.0,69.0,6.0,4.0
2021-08-05 20:01:28,79.0,71.0,5.0,3.0
2021-08-05 20:01:29,76.0,64.0,10.0,2.0
2021-08-05 20:01:30,82.0,72.0,3.0,7.0
2021-08-05 20:01:31,94.0,83.0,3.0,8.0
2021-08-05 20:01:32,75.0,57.0,10.0,8.0
2021-08-05 20:01:33,72.0,64.0,5.0,3.0
2021-08-05 20:01:34,82.0,71.0,5.0,6.0
2021-08-05 20:01:35,82.0,73.0,6.0,3.0
2021-08-05 20:01:36,89.0,77.0,7.0,5.0
2021-08-05 20:01:37,78.0,68.0,4.0,6.0
2021-08-05 20:01:38,75.0,67.0,5.0,3.0
2021-08-05 20:01:39,84.0,73.0,8.0,3.0
2021-08-05 20:01:40,77.0,66.0,4.0,7.0
2021-08-05 20:01:41,90.0,77.0,9.0,4.0
2021-08-05 20:01:42,96.0,83.0,9.0,4.0
2021-08-05 20:01:43,76.0,69.0,6.0,1.0
2021-08-05 20:01:44,72.0,64.0,6.0,2.0
2021-08-05 20:01:45,76.0,65.0,7.0,4.0
2021-08-05 20:01:46,74.0,65.0,5.0,4.0
2021-08-05 20:01:47,94.0,84.0,7.0,3.0
2021-08-05 20:01:48,85.0,76.0,6.0,3.0
2021-08-05 20:01:49,87.0,67.0,13.0,7.0
2021-08-05 20:01:50,74.0,64.0,5.0,5.0
2021-08-05 20:01:51,81.0,66.0,11.0,4.0
2021-08-05 20:01:52,67.0,57.0,5.0,5.0
2021-08-05 20:01:53,66.0,60.0,2.0,4.0
2021-08-05 20:01:54,89.0,79.0,8.0,2.0
2021-08-05 20:01:55,94.0,75.0,11.0,8.0
2021-08-05 20:01:56,75.0,61.0,7.0,7.0
2021-08-05 20:01:57,86.0,76.0,6.0,4.0
2021-08-05 20:01:58,86.0,73.0,5.0,8.0
2021-08-05 20:01:59,90.0,75.0,7.0,8.0
2021-08-05 20:02:00,70.0,56.0,8.0,6.0
2021-08-05 20:02:01,77.0,62.0,7.0,8.0
2021-08-05 20:02:02,87.0,74.0,8.0,5.0
2021-08-05 20:02:03,84.0,73.0,5.0,6.0
2021-08-05 20:02:04,70.0,59.0,7.0,4.0
2021-08-05 20:02:05,79.0,69.0,7.0,3.0
2021-08-05 20:02:06,81.0,72.0,5.0,4.0
2021-08-05 20:02:07,90.0,75.0,9.0,6.0
2021-08-05 20:02:08,85.0,69.0,6.0,10.0
2021-08-05 20:02:09,100.0,88.0,8.0,4.0
2021-08-05 20:02:10,80.0,71.0,7.0,2.0
2021-08-05 20:02:11,99.0,85.0,13.0,1.0
2021-08-05 20:02:12,80.0,71.0,7.0,2.0
2021-08-05 20:02:13,64.0,58.0,2.0,4.0
2021-08-05 20:02:14,92.0,87.0,4.0,1.0
2021-08-05 20:02:15,64.0,61.0,0.0,3.0
2021-08-05 20:02:16,67.0,58.0,5.0,4.0
2021-08-05 20:02:17,72.0,58.0,10.0,4.0
2021-08-05 20:02:18,79.0,66.0,10.0,3.0
2021-08-05 20:02:19,74.0,68.0,5.0,1.0
2021-08-05 20:02:20,75.0,62.0,10.0,3.0
2021-08-05 20:02:21,98.0,91.0,4.0,3.0
2021-08-05 20:02:22,82.0,71.0,6.0,5.0
2021-08-05 20:02:23,91.0,80.0,8.0,3.0
2021-08-05 20:02:24,95.0,81.0,11.0,3.0
2021-08-05 20:02:25,81.0,69.0,6.0,6.0
2021-08-05 20:02:26,71.0,65.0,5.0,1.0
2021-08-05 20:02:27,86.0,75.0,5.0,6.0
2021-08-05 20:02:28,87.0,77.0,5.0,5.0
2021-08-05 20:02:29,69.0,63.0,2.0,4.0
2021-08-05 20:02:30,75.0,68.0,4.0,3.0
2021-08-05 20:02:31,80.0,70.0,8.0,2.0
2021-08-05 20:02:32,66.0,58.0,4.0,4.0
2021-08-05 20:02:33,68.0,59.0,4.0,5.0
2021-08-05 20:02:34,85.0,81.0,3.0,1.0
2021-08-05 20:02:35,81.0,75.0,5.0,1.0
2021-08-05 20:02:36,92.0,78.0,6.0,8.0
2021-08-05 20:02:37,90.0,79.0,8.0,3.0
2021-08-05 20:02:38,84.0,68.0,9.0,7.0
2021-08-05 20:02:39,68.0,63.0,3.0,2.0
2021-08-05 20:02:40,93.0,83.0,5.0,5.0
2021-08-05 20:02:41,77.0,66.0,9.0,2.0
2021-08-05 20:02:42,73.0,65.0,4.0,4.0
2021-08-05 20:02:43,82.0,71.0,8.0,3.0
2021-08-05 20:02:44,76.0,67.0,5.0,4.0
2021-08-05 20:02:45,88.0,75.0,7.0,6.0
2021-08-05 20:02:46,96.0,82.0,7.0,7.0
2021-08-05 20:02:47,70.0,62.0,3.0,5.0
2021-08-05 20:02:48,74.0,65.0,5.0,4.0
2021-08-05 20:02:49,74.0,63.0,6.0,5.0
2021-08-05 20:02:50,86.0,79.0,5.0,2.0
2021-08-05 20:02:51,79.0,66.0,8.0,5.0
2021-08-05 20:02:52,73.0,65.0,5.0,3.0
2021-08-05 20:02:53,67.0,62.0,4.0,1.0
2021-08-05 20:02:54,75.0,71.0,1.0,3.0
2021-08-05 20:02:55,89.0,78.0,6.0,5.0
2021-08-05 20:02:56,72.0,55.0,10.0,7.0
2021-08-05 20:02:57,91.0,77.0,10.0,4.0
2021-08-05 20:02:58,84.0,74.0,7.0,3.0
2021-08-05 20:02:59,85.0,71.0,5.0,9.0
2021-08-05 20:03:00,73.0,64.0,6.0,3.0
2021-08-05 20:03:01,75.0,71.0,2.0,2.0
2021-08-05 20:03:02,86.0,70.0,10.0,6.0
2021-08-05 20:03:03,79.0,67.0,6.0,6.0
2021-08-05 20:03:04,75.0,63.0,7.0,5.0
2021-08-05 20:03:05,89.0,81.0,4.0,4.0
2021-08-05 20:03:06,97.0,86.0,7.0,4.0
2021-08-05 20:03:07,97.0,84.0,8.0,5.0
2021-08-05 20:03:08,84.0,74.0,5.0,5.0
2021-08-05 20:03:09,69.0,57.0,8.0,4.0
2021-08-05 20:03:10,67.0,61.0,2.0,4.0
2021-08-05 20:03:11,93.0,76.0,9.0,8.0
2021-08-05 20:03:12,94.0,79.0,9.0,6.0
2021-08-05 20:03:13,93.0,77.0,7.0,9.0
2021-08-05 20:03:14,73.0,62.0,7.0,4.0
2021-08-05 20:03:15,81.0,71.0,6.0,4.0
2021-08-05 20:03:16,83.0,71.0,10.0,2.0
2021-08-05 20:03:17,72.0,62.0,6.0,4.0
2021-08-05 20:03:18,80.0,68.0,10.0,2.0
2021-08-05 20:03:19,88.0,76.0,6.0,6.0
2021-08-05 20:03:20,67.0,56.0,7.0,4.0
2021-08-05 20:03:21,93.0,84.0,6.0,3.0
2021-08-05 20:03:22,75.0,59.0,11.0,5.0
2021-08-05 20:03:23,78.0,68.0,9.0,1.0
2021-08-05 20:03:24,83.0,77.0,2.0,4.0
2021-08-05 20:03:25,91.0,81.0,9.0,1.0
2021-08-05 20:03:26,70.0,60.0,6.0,4.0
2021-08-05 20:03:27,83.0,75.0,7.0,1.0
2021-08-05 20:03:28,89.0,78.0,7.0,4.0
2021-08-05 20:03:29,71.0,67.0,1.0,3.0
2021-08-05 20:03:30,69.0,63.0,2.0,4.0
2021-08-05 20:03:31,72.0,64.0,3.0,5.0
2021-08-05 20:03:32,90.0,81.0,6.0,3.0
2021-08-05 20:03:33,74.0,61.0,6.0,7.0
2021-08-05 20:03:34,85.0,74.0,6.0,5.0
2021-08-05 20:03:35,86.0,76.0,5.0,5.0
2021-08-05 20:03:36,85.0,81.0,1.0,3.0
2021-08-05 20:03:37,71.0,63.0,5.0,3.0
2021-08-05 20:03:38,78.0,67.0,7.0,4.0
2021-08-05 20:03:39,88.0,73.0,9.0,6.0
2021-08-05 20:03:40,88.0,73.0,10.0,5.0
2021-08-05 20:03:41,86.0,75.0,8.0,3.0
2021-08-05 20:03:42,94.0,78.0,10.0,6.0
2021-08-05 20:03:43,75.0,64.0,9.0,2.0
2021-08-05 20:03:44,97.0,85.0,8.0,4.0
2021-08-05 20:03:45,82.0,71.0,6.0,5.0
2021-08-05 20:03:46,84.0,77.0,4.0,3.0
2021-08-05 20:03:47,74.0,68.0,3.0,3.0
2021-08-05 20:03:48,97.0,88.0,5.0,4.0
2021-08-05 20:03:49,83.0,69.0,10.0,4.0
2021-08-05 20:03:50,84.0,72.0,7.0,5.0
2021-08-05 20:03:51,84.0,69.0,5.0,10.0
2021-08-05 20:03:52,88.0,76.0,5.0,7.0
2021-08-05 20:03:53,85.0,73.0,4.0,8.0
2021-08-05 20:03:54,80.0,74.0,3.0,3.0
2021-08-05 20:03:55,90.0,75.0,10.0,5.0
2021-08-05 20:03:56,81.0,72.0,6.0,3.0
2021-08-05 20:03:57,92.0,80.0,6.0,6.0
2021-08-05 20:03:58,72.0,62.0,5.0,5.0
2021-08-05 20:03:59,87.0,74.0,10.0,3.0
2021-08-05 20:04:00,76.0,68.0,6.0,2.0
2021-08-05 20:04:01,70.0,60.0,6.0,4.0
2021-08-05 20:04:02,96.0,84.0,4.0,8.0
2021-08-05 20:04:03,86.0,78.0,6.0,2.0
2021-08-05 20:04:04,93.0,73.0,11.0,9.0
2021-08-05 20:04:05,83.0,70.0,9.0,4.0
2021-08-05 20:04:06,73.0,61.0,7.0,5.0
2021-08-05 20:04:07,67.0,56.0,7.0,4.0
2021-08-05 20:04:08,85.0,74.0,8.0,3.0
2021-08-05 20:04:09,88.0,76.0,5.0,7.0
2021-08-05 20:04:10,85.0,73.0,10.0,2.0
2021-08-05 20:04:11,75.0,63.0,9.0,3.0
2021-08-05 20:04:12,90.0,76.0,7.0,7.0
2021-08-05 20:04:13,76.0,68.0,6.0,2.0
2021-08-05 20:04:14,92.0,81.0,9.0,2.0
2021-08-05 20:04:15,90.0,82.0,5.0,3.0
2021-08-05 20:04:16,93.0,84.0,4.0,5.0
2021-08-05 20:04:17,87.0,73.0,9.0,5.0
2021-08-05 20:04:18,78.0,65.0,9.0,4.0
2021-08-05 20:04:19,89.0,78.0,6.0,5.0
2021-08-05 20:04:20,81.0,71.0,7.0,3.0
2021-08-05 20:04:21,92.0,80.0,9.0,3.0
2021-08-05 20:04:22,89.0,79.0,5.0,5.0
2021-08-05 20:04:23,69.0,58.0,6.0,5.0
2021-08-05 20:04:24,71.0,64.0,5.0,2.0
2021-08-05 20:04:25,76.0,66.0,6.0,4.0
2021-08-05 20:04:26,69.0,55.0,8.0,6.0
2021-08-05 20:04:27,72.0,67.0,3.0,2.0
2021-08-05 20:04:28,88.0,76.0,5.0,7.0
2021-08-05 20:04:29,81.0,72.0,5.0,4.0
2021-08-05 20:04:30,79.0,70.0,5.0,4.0
2021-08-05 20:04:31,80.0,71.0,5.0,4.0
2021-08-05 20:04:32,90.0,77.0,8.0,5.0
2021-08-05 20:04:33,96.0,81.0,10.0,5.0
2021-08-05 20:04:34,93.0,85.0,7.0,1.0
2021-08-05 20:04:35,81.0,71.0,5.0,5.0
2021-08-05 20:04:36,78.0,67.0,7.0,4.0
2021-08-05 20:04:37,82.0,69.0,9.0,4.0
2021-08-05 20:04:38,78.0,72.0,0.0,6.0
2021-08-05 20:04:39,79.0,70.0,5.0,4.0
2021-08-05 20:04:40,86.0,77.0,3.0,6.0
2021-08-05 20:04:41,115.0,100.0,12.0,3.0
2021-08-05 20:04:42,77.0,70.0,4.0,3.0
2021-08-05 20:04:43,89.0,76.0,7.0,6.0
2021-08-05 20:04:44,74.0,64.0,6.0,4.0
2021-08-05 20:04:45,75.0,63.0,7.0,5.0
2021-08-05 20:04:46,85.0,72.0,11.0,2.0
2021-08-05 20:04:47,93.0,85.0,5.0,3.0
2021-08-05 20:04:48,99.0,92.0,4.0,3.0
2021-08-05 20:04:49,74.0,69.0,3.0,2.0
2021-08-05 20:04:50,76.0,60.0,12.0,4.0
2021-08-05 20:04:51,64.0,56.0,4.0,4.0
2021-08-05 20:04:52,80.0,70.0,4.0,6.0
2021-08-05 20:04:53,72.0,63.0,5.0,4.0
2021-08-05 20:04:54,81.0,73.0,5.0,3.0
2021-08-05 20:04:55,97.0,83.0,8.0,6.0
2021-08-05 20:04:56,66.0,58.0,7.0,1.0
2021-08-05 20:04:57,90.0,82.0,4.0,4.0
2021-08-05 20:04:58,80.0,66.0,9.0,5.0
2021-08-05 20:04:59,73.0,68.0,5.0,0.0
2021-08-05 20:05:00,71.0,66.0,5.0,0.0
2021-08-05 20:05:01,71.0,66.0,2.0,3.0
2021-08-05 20:05:02,81.0,74.0,5.0,2.0
2021-08-05 20:05:03,84.0,73.0,7.0,4.0
2021-08-05 20:05:04,85.0,73.0,8.0,4.0
2021-08-05 20:05:05,74.0,64.0,5.0,5.0
2021-08-05 20:05:06,77.0,69.0,4.0,4.0
2021-08-05 20:05:07,82.0,72.0,8.0,2.0
2021-08-05 20:05:08,73.0,60.0,7.0,6.0
2021-08-05 20:05:09,82.0,76.0,4.0,2.0
2021-08-05 20:05:10,84.0,72.0,7.0,5.0
2021-08-05 20:05:11,78.0,70.0,6.0,2.0
2021-08-05 20:05:12,90.0,79.0,5.0,6.0
2021-08-05 20:05:13,80.0,73.0,2.0,5.0
2021-08-05 20:05:14,86.0,77.0,4.0,5.0
2021-08-05 20:05:15,76.0,66.0,3.0,7.0
2021-08-05 20:05:16,82.0,67.0,10.0,5.0
2021-08-05 20:05:17,72.0,63.0,6.0,3.0
2021-08-05 20:05:18,92.0,82.0,8.0,2.0
2021-08-05 20:05:19,77.0,69.0,3.0,5.0
2021-08-05 20:05:20,77.0,63.0,7.0,7.0
2021-08-05 20:05:21,87.0,78.0,5.0,4.0
2021-08-05 20:05:22,91.0,75.0,7.0,9.0
2021-08-05 20:05:23,89.0,74.0,7.0,8.0
2021-08-05 20:05:24,80.0,71.0,7.0,2.0
2021-08-05 20:05:25,81.0,69.0,8.0,4.0
2021-08-05 20:05:26,94.0,83.0,7.0,4.0
2021-08-05 20:05:27,86.0,79.0,1.0,6.0
2021-08-05 20:05:28,91.0,84.0,5.0,2.0
2021-08-05 20:05:29,77.0,68.0,5.0,4.0
2021-08-05 20:05:30,70.0,57.0,7.0,6.0
2021-08-05 20:05:31,96.0,84.0,7.0,5.0
2021-08-05 20:05:32,72.0,66.0,3.0,3.0
2021-08-05 20:05:33,83.0,72.0,7.0,4.0
2021-08-05 20:05:34,92.0,79.0,6.0,7.0
2021-08-05 20:05:35,74.0,63.0,5.0,6.0
2021-08-05 20:05:36,80.0,72.0,5.0,3.0
2021-08-05 20:05:37,82.0,73.0,7.0,2.0
2021-08-05 20:05:38,96.0,84.0,6.0,6.0
2021-08-05 20:05:39,67.0,56.0,6.0,5.0
2021-08-05 20:05:40,62.0,52.0,6.0,4.0
2021-08-05 20:05:41,77.0,67.0,6.0,4.0
2021-08-05 20:05:42,89.0,76.0,7.0,6.0
2021-08-05 20:05:43,80.0,62.0,12.0,6.0
2021-08-05 20:05:44,83.0,71.0,7.0,5.0
2021-08-05 20:05:45,83.0,74.0,9.0,0.0
2021-08-05 20:05:46,76.0,66.0,8.0,2.0
2021-08-05 20:05:47,87.0,75.0,7.0,5.0
2021-08-05 20:05:48,75.0,66.0,5.0,4.0
2021-08-05 20:05:49,84.0,73.0,10.0,1.0
2021-08-05 20:05:50,78.0,67.0,8.0,3.0
2021-08-05 20:05:51,97.0,81.0,7.0,9.0
2021-08-05 20:05:52,85.0,78.0,5.0,2.0
2021-08-05 20:05:53,82.0,72.0,8.0,2.0
2021-08-05 20:05:54,74.0,65.0,6.0,3.0
2021-08-05 20:05:55,75.0,62.0,5.0,8.0
2021-08-05 20:05:56,80.0,69.0,5.0,6.0
2021-08-05 20:05:57,82.0,74.0,6.0,2.0
2021-08-05 20:05:58,87.0,79.0,5.0,3.0
2021-08-05 20:05:59,93.0,78.0,9.0,6.0
2021-08-05 20:06:00,78.0,69.0,4.0,5.0
2021-08-05 20:06:01,78.0,61.0,8.0,9.0
2021-08-05 20:06:02,84.0,74.0,7.0,3.0
2021-08-05 20:06:03,78.0,64.0,10.0,4.0
2021-08-05 20:06:04,72.0,64.0,3.0,5.0
2021-08-05 20:06:05,92.0,83.0,4.0,5.0
2021-08-05 20:06:06,85.0,73.0,7.0,5.0
2021-08-05 20:06:07,65.0,60.0,3.0,2.0
2021-08-05 20:06:08,69.0,60.0,6.0,3.0
2021-08-05 20:06:09,83.0,68.0,7.0,8.0
2021-08-05 20:06:10,85.0,74.0,7.0,4.0
2021-08-05 20:06:11,70.0,61.0,8.0,1.0
2021-08-05 20:06:12,73.0,62.0,8.0,3.0
2021-08-05 20:06:13,77.0,67.0,5.0,5.0
2021-08-05 20:06:14,82.0,79.0,1.0,2.0
2021-08-05 20:06:15,99.0,89.0,4.0,6.0
2021-08-05 20:06:16,76.0,66.0,9.0,1.0
2021-08-05 20:06:17,86.0,74.0,7.0,5.0
2021-08-05 20:06:18,89.0,79.0,4.0,6.0
2021-08-05 20:06:19,80.0,68.0,8.0,4.0
2021-08-05 20:06:20,94.0,79.0,6.0,9.0
2021-08-05 20:06:21,108.0,94.0,6.0,8.0
2021-08-05 20:06:22,89.0,79.0,8.0,2.0
2021-08-05 20:06:23,87.0,76.0,10.0,1.0
2021-08-05 20:06:24,83.0,75.0,3.0,5.0
2021-08-05 20:06:25,72.0,64.0,8.0,0.0
2021-08-05 20:06:26,68.0,56.0,8.0,4.0
2021-08-05 20:06:27,70.0,59.0,6.0,5.0
2021-08-05 20:06:28,81.0,72.0,5.0,4.0
2021-08-05 20:06:29,77.0,60.0,15.0,2.0
2021-08-05 20:06:30,83.0,69.0,10.0,4.0
2021-08-05 20:06:31,91.0,82.0,5.0,4.0
2021-08-05 20:06:32,77.0,67.0,6.0,4.0
2021-08-05 20:06:33,77.0,69.0,5.0,3.0
2021-08-05 20:06:34,70.0,57.0,7.0,6.0
2021-08-05 20:06:35,90.0,79.0,6.0,5.0
2021-08-05 20:06:36,79.0,67.0,8.0,4.0
2021-08-05 20:06:37,76.0,69.0,5.0,2.0
2021-08-05 20:06:38,82.0,74.0,3.0,5.0
2021-08-05 20:06:39,101.0,87.0,7.0,7.0
2021-08-05 20:06:40,84.0,76.0,4.0,4.0
2021-08-05 20:06:41,83.0,73.0,6.0,4.0
2021-08-05 20:06:42,83.0,71.0,6.0,6.0
2021-08-05 20:06:43,73.0,66.0,4.0,3.0
2021-08-05 20:06:44,82.0,66.0,9.0,7.0
2021-08-05 20:06:45,66.0,55.0,7.0,4.0
2021-08-05 20:06:46,82.0,70.0,7.0,5.0
2021-08-05 20:06:47,78.0,68.0,8.0,2.0
2021-08-05 20:06:48,86.0,77.0,5.0,4.0
2021-08-05 20:06:49,80.0,71.0,6.0,3.0
2021-08-05 20:06:50,90.0,79.0,6.0,5.0
2021-08-05 20:06:51,77.0,68.0,5.0,4.0
2021-08-05 20:06:52,101.0,83.0,10.0,8.0
2021-08-05 20:06:53,66.0,57.0,4.0,5.0
2021-08-05 20:06:54,87.0,77.0,6.0,4.0
2021-08-05 20:06:55,78.0,66.0,8.0,4.0
2021-08-05 20:06:56,78.0,65.0,8.0,5.0
2021-08-05 20:06:57,72.0,68.0,1.0,3.0
2021-08-05 20:06:58,86.0,75.0,6.0,5.0
2021-08-05 20:06:59,91.0,82.0,5.0,4.0
2021-08-05 20:07:00,79.0,71.0,1.0,7.0
2021-08-05 20:07:01,78.0,73.0,5.0,0.0
2021-08-05 20:07:02,81.0,66.0,8.0,7.0
2021-08-05 20:07:03,98.0,85.0,7.0,6.0
2021-08-05 20:07:04,75.0,61.0,9.0,5.0
2021-08-05 20:07:05,75.0,62.0,9.0,4.0
2021-08-05 20:07:06,80.0,70.0,5.0,5.0
2021-08-05 20:07:07,83.0,72.0,5.0,6.0
2021-08-05 20:07:08,80.0,70.0,5.0,5.0
2021-08-05 20:07:09,77.0,71.0,2.0,4.0
2021-08-05 20:07:10,87.0,75.0,8.0,4.0
2021-08-05 20:07:11,90.0,87.0,1.0,2.0
2021-08-05 20:07:12,79.0,75.0,2.0,2.0
2021-08-05 20:07:13,97.0,87.0,7.0,3.0
2021-08-05 20:07:14,85.0,80.0,2.0,3.0
2021-08-05 20:07:15,76.0,63.0,5.0,8.0
2021-08-05 20:07:16,95.0,82.0,7.0,6.0
2021-08-05 20:07:17,86.0,81.0,2.0,3.0
2021-08-05 20:07:18,79.0,74.0,3.0,2.0
2021-08-05 20:07:19,99.0,88.0,4.0,7.0
2021-08-05 20:07:20,87.0,76.0,5.0,6.0
2021-08-05 20:07:21,94.0,80.0,9.0,5.0
2021-08-05 20:07:22,91.0,79.0,6.0,6.0
2021-08-05 20:07:23,103.0,92.0,3.0,8.0
2021-08-05 20:07:24,77.0,68.0,6.0,3.0
2021-08-05 20:07:25,80.0,70.0,8.0,2.0
2021-08-05 20:07:26,79.0,76.0,3.0,0.0
2021-08-05 20:07:27,73.0,66.0,4.0,3.0
2021-08-05 20:07:28,79.0,75.0,0.0,4.0
2021-08-05 20:07:29,91.0,73.0,13.0,5.0
2021-08-05 20:07:30,78.0,72.0,4.0,2.0
2021-08-05 20:07:31,73.0,64.0,4.0,5.0
2021-08-05 20:07:32,73.0,60.0,7.0,6.0
2021-08-05 20:07:33,74.0,60.0,8.0,6.0
2021-08-05 20:07:34,80.0,70.0,8.0,2.0
2021-08-05 20:07:35,76.0,70.0,5.0,1.0
2021-08-05 20:07:36,91.0,78.0,10.0,3.0
2021-08-05 20:07:37,87.0,79.0,3.0,5.0
2021-08-05 20:07:38,80.0,69.0,7.0,4.0
2021-08-05 20:07:39,81.0,72.0,6.0,3.0
2021-08-05 20:07:40,80.0,70.0,7.0,3.0
2021-08-05 20:07:41,80.0,71.0,5.0,4.0
2021-08-05 20:07:42,86.0,76.0,8.0,2.0
2021-08-05 20:07:43,86.0,71.0,7.0,8.0
2021-08-05 20:07:44,75.0,66.0,4.0,5.0
2021-08-05 20:07:45,84.0,70.0,8.0,6.0
2021-08-05 20:07:46,80.0,72.0,4.0,4.0
2021-08-05 20:07:47,71.0,59.0,9.0,3.0
2021-08-05 20:07:48,77.0,72.0,2.0,3.0
2021-08-05 20:07:49,71.0,57.0,8.0,6.0
2021-08-05 20:07:50,89.0,73.0,10.0,6.0
2021-08-05 20:07:51,83.0,72.0,4.0,7.0
2021-08-05 20:07:52,95.0,85.0,7.0,3.0
2021-08-05 20:07:53,84.0,70.0,9.0,5.0
2021-08-05 20:07:54,81.0,69.0,8.0,4.0
2021-08-05 20:07:55,78.0,63.0,7.0,8.0
2021-08-05 20:07:56,85.0,74.0,4.0,7.0
2021-08-05 20:07:57,88.0,76.0,8.0,4.0
2021-08-05 20:07:58,89.0,73.0,13.0,3.0
2021-08-05 20:07:59,95.0,83.0,9.0,3.0
2021-08-05 20:08:00,92.0,85.0,5.0,2.0
2021-08-05 20:08:01,86.0,73.0,6.0,7.0
2021-08-05 20:08:02,72.0,64.0,6.0,2.0
2021-08-05 20:08:03,67.0,59.0,5.0,3.0
2021-08-05 20:08:04,88.0,72.0,10.0,6.0
2021-08-05 20:08:05,77.0,65.0,10.0,2.0
2021-08-05 20:08:06,69.0,55.0,8.0,6.0
2021-08-05 20:08:07,73.0,63.0,6.0,4.0
2021-08-05 20:08:08,89.0,77.0,8.0,4.0
2021-08-05 20:08:09,81.0,67.0,10.0,4.0
2021-08-05 20:08:10,83.0,72.0,10.0,1.0
2021-08-05 20:08:11,77.0,70.0,4.0,3.0
2021-08-05 20:08:12,91.0,77.0,10.0,4.0
2021-08-05 20:08:13,77.0,69.0,2.0,6.0
2021-08-05 20:08:14,77.0,69.0,6.0,2.0
2021-08-05 20:08:15,91.0,80.0,4.0,7.0
2021-08-05 20:08:16,92.0,84.0,3.0,5.0
2021-08-05 20:08:17,97.0,80.0,13.0,4.0
2021-08-05 20:08:18,76.0,60.0,8.0,8.0
2021-08-05 20:08:19,69.0,58.0,8.0,3.0
2021-08-05 20:08:20,93.0,80.0,8.0,5.0
2021-08-05 20:08:21,72.0,66.0,4.0,2.0
2021-08-05 20:08:22,84.0,74.0,7.0,3.0
2021-08-05 20:08:23,80.0,66.0,9.0,5.0
2021-08-05 20:08:24,81.0,71.0,6.0,4.0
2021-08-05 20:08:25,104.0,91.0,7.0,6.0
2021-08-05 20:08:26,80.0,70.0,9.0,1.0
2021-08-05 20:08:27,67.0,57.0,5.0,5.0
2021-08-05 20:08:28,102.0,85.0,10.0,7.0
2021-08-05 20:08:29,83.0,70.0,9.0,4.0
2021-08-05 20:08:30,68.0,62.0,1.0,5.0
2021-08-05 20:08:31,69.0,65.0,1.0,3.0
2021-08-05 20:08:32,78.0,65.0,6.0,7.0
2021-08-05 20:08:33,87.0,76.0,8.0,3.0
2021-08-05 20:08:34,85.0,75.0,7.0,3.0
2021-08-05 20:08:35,91.0,76.0,8.0,7.0
2021-08-05 20:08:36,83.0,67.0,10.0,6.0
2021-08-05 20:08:37,74.0,56.0,8.0,10.0
2021-08-05 20:08:38,97.0,81.0,11.0,5.0
2021-08-05 20:08:39,83.0,69.0,4.0,10.0
2021-08-05 20:08:40,100.0,85.0,12.0,3.0
2021-08-05 20:08:41,73.0,68.0,4.0,1.0
2021-08-05 20:08:42,100.0,88.0,6.0,6.0
2021-08-05 20:08:43,85.0,80.0,4.0,1.0
2021-08-05 20:08:44,92.0,79.0,7.0,6.0
2021-08-05 20:08:45,94.0,84.0,4.0,6.0
2021-08-05 20:08:46,82.0,72.0,6.0,4.0
2021-08-05 20:08:47,70.0,64.0,3.0,3.0
2021-08-05 20:08:48,95.0,81.0,7.0,7.0
2021-08-05 20:08:49,70.0,61.0,5.0,4.0
2021-08-05 20:08:50,80.0,71.0,9.0,0.0
2021-08-05 20:08:51,81.0,65.0,10.0,6.0
2021-08-05 20:08:52,70.0,58.0,7.0,5.0
2021-08-05 20:08:53,88.0,79.0,4.0,5.0
2021-08-05 20:08:54,73.0,65.0,4.0,4.0
2021-08-05 20:08:55,83.0,73.0,8.0,2.0
2021-08-05 20:08:56,65.0,56.0,3.0,6.0
2021-08-05 20:08:57,88.0,71.0,10.0,7.0
2021-08-05 20:08:58,86.0,74.0,7.0,5.0
2021-08-05 20:08:59,85.0,76.0,6.0,3.0
2021-08-05 20:09:00,73.0,64.0,5.0,4.0
2021-08-05 20:09:01,83.0,73.0,8.0,2.0
2021-08-05 20:09:02,93.0,78.0,10.0,5.0
2021-08-05 20:09:03,72.0,61.0,7.0,4.0
2021-08-05 20:09:04,81.0,73.0,5.0,3.0
2021-08-05 20:09:05,91.0,77.0,8.0,6.0
2021-08-05 20:09:06,80.0,67.0,7.0,6.0
2021-08-05 20:09:07,78.0,72.0,3.0,3.0
2021-08-05 20:09:08,90.0,77.0,7.0,6.0
2021-08-05 20:09:09,76.0,66.0,7.0,3.0
2021-08-05 20:09:10,81.0,70.0,6.0,5.0
2021-08-05 20:09:11,77.0,62.0,9.0,6.0
2021-08-05 20:09:12,61.0,48.0,9.0,4.0
2021-08-05 20:09:13,80.0,70.0,6.0,4.0
2021-08-05 20:09:14,84.0,76.0,5.0,3.0
2021-08-05 20:09:15,67.0,57.0,5.0,5.0
2021-08-05 20:09:16,91.0,76.0,10.0,5.0
2021-08-05 20:09:17,80.0,66.0,9.0,5.0
2021-08-05 20:09:18,105.0,94.0,6.0,5.0
2021-08-05 20:09:19,85.0,77.0,3.0,5.0
2021-08-05 20:09:20,97.0,81.0,8.0,8.0
2021-08-05 20:09:21,87.0,74.0,9.0,4.0
2021-08-05 20:09:22,97.0,80.0,13.0,4.0
2021-08-05 20:09:23,100.0,88.0,9.0,3.0
2021-08-05 20:09:24,77.0,68.0,6.0,3.0
2021-08-05 20:09:25,81.0,73.0,7.0,1.0
2021-08-05 20:09:26,89.0,82.0,5.0,2.0
2021-08-05 20:09:27,98.0,85.0,7.0,6.0
2021-08-05 20:09:28,84.0,77.0,3.0,4.0
2021-08-05 20:09:29,96.0,80.0,7.0,9.0
2021-08-05 20:09:30,96.0,87.0,5.0,4.0
2021-08-05 20:09:31,73.0,67.0,4.0,2.0
2021-08-05 20:09:32,94.0,80.0,12.0,2.0
2021-08-05 20:09:33,81.0,74.0,5.0,2.0
2021-08-05 20:09:34,73.0,66.0,5.0,2.0
2021-08-05 20:09:35,80.0,72.0,3.0,5.0
2021-08-05 20:09:36,88.0,72.0,13.0,3.0
2021-08-05 20:09:37,59.0,50.0,4.0,5.0
2021-08-05 20:09:38,81.0,72.0,4.0,5.0
2021-08-05 20:09:39,80.0,73.0,6.0,1.0
2021-08-05 20:09:40,69.0,57.0,7.0,5.0
2021-08-05 20:09:41,90.0,80.0,6.0,4.0
2021-08-05 20:09:42,68.0,60.0,5.0,3.0
2021-08-05 20:09:43,95.0,83.0,6.0,6.0
2021-08-05 20:09:44,104.0,88.0,8.0,8.0
2021-08-05 20:09:45,70.0,60.0,5.0,5.0
2021-08-05 20:09:46,85.0,73.0,2.0,10.0
2021-08-05 20:09:47,84.0,74.0,8.0,2.0
2021-08-05 20:09:48,88.0,83.0,2.0,3.0
2021-08-05 20:09:49,60.0,52.0,4.0,4.0
2021-08-05 20:09:50,73.0,66.0,4.0,3.0
2021-08-05 20:09:51,73.0,64.0,6.0,3.0
2021-08-05 20:09:52,75.0,60.0,10.0,5.0
2021-08-05 20:09:53,76.0,67.0,4.0,5.0
2021-08-05 20:09:54,84.0,76.0,3.0,5.0
2021-08-05 20:09:55,80.0,69.0,8.0,3.0
2021-08-05 20:09:56,68.0,59.0,6.0,3.0
2021-08-05 20:09:57,99.0,85.0,7.0,7.0
2021-08-05 20:09:58,86.0,74.0,8.0,4.0
2021-08-05 20:09:59,81.0,72.0,8.0,1.0
2021-08-05 20:10:00,80.0,70.0,6.0,4.0
2021-08-05 20:10:01,72.0,61.0,8.0,3.0
2021-08-05 20:10:02,93.0,75.0,8.0,10.0
2021-08-05 20:10:03,77.0,70.0,2.0,5.0
2021-08-05 20:10:04,81.0,69.0,9.0,3.0
2021-08-05 20:10:05,79.0,68.0,9.0,2.0
2021-08-05 20:10:06,101.0,85.0,12.0,4.0
2021-08-05 20:10:07,88.0,77.0,7.0,4.0
2021-08-05 20:10:08,77.0,65.0,9.0,3.0
2021-08-05 20:10:09,95.0,87.0,4.0,4.0
2021-08-05 20:10:10,86.0,72.0,10.0,4.0
2021-08-05 20:10:11,82.0,75.0,4.0,3.0
2021-08-05 20:10:12,70.0,62.0,6.0,2.0
2021-08-05 20:10:13,80.0,69.0,7.0,4.0
2021-08-05 20:10:14,75.0,71.0,2.0,2.0
2021-08-05 20:10:15,78.0,60.0,13.0,5.0
2021-08-05 20:10:16,85.0,70.0,10.0,5.0
2021-08-05 20:10:17,84.0,72.0,8.0,4.0
2021-08-05 20:10:18,88.0,82.0,4.0,2.0
2021-08-05 20:10:19,77.0,69.0,4.0,4.0
2021-08-05 20:10:20,79.0,68.0,7.0,4.0
2021-08-05 20:10:21,81.0,72.0,3.0,6.0
2021-08-05 20:10:22,92.0,83.0,7.0,2.0
2021-08-05 20:10:23,72.0,59.0,8.0,5.0
2021-08-05 20:10:24,90.0,69.0,9.0,12.0
2021-08-05 20:10:25,87.0,74.0,7.0,6.0
2021-08-05 20:10:26,88.0,77.0,6.0,5.0
2021-08-05 20:10:27,76.0,68.0,3.0,5.0
2021-08-05 20:10:28,65.0,56.0,7.0,2.0
2021-08-05 20:10:29,73.0,63.0,5.0,5.0
2021-08-05 20:10:30,73.0,60.0,6.0,7.0
2021-08-05 20:10:31,71.0,64.0,3.0,4.0
2021-08-05 20:10:32,85.0,73.0,9.0,3.0
2021-08-05 20:10:33,74.0,67.0,4.0,3.0
2021-08-05 20:10:34,76.0,65.0,4.0,7.0
2021-08-05 20:10:35,68.0,59.0,7.0,2.0
2021-08-05 20:10:36,88.0,74.0,6.0,8.0
2021-08-05 20:10:37,82.0,71.0,5.0,6.0
2021-08-05 20:10:38,93.0,79.0,11.0,3.0
2021-08-05 20:10:39,75.0,65.0,7.0,3.0
2021-08-05 20:10:40,80.0,70.0,7.0,3.0
2021-08-05 20:10:41,73.0,61.0,6.0,6.0
2021-08-05 20:10:42,82.0,68.0,6.0,8.0
2021-08-05 20:10:43,81.0,69.0,10.0,2.0
2021-08-05 20:10:44,71.0,62.0,6.0,3.0
2021-08-05 20:10:45,100.0,86.0,7.0,7.0
2021-08-05 20:10:46,81.0,74.0,7.0,0.0
2021-08-05 20:10:47,92.0,80.0,8.0,4.0
2021-08-05 20:10:48,87.0,77.0,5.0,5.0
2021-08-05 20:10:49,79.0,72.0,4.0,3.0
2021-08-05 20:10:50,96.0,77.0,9.0,10.0
2021-08-05 20:10:51,83.0,67.0,7.0,9.0
2021-08-05 20:10:52,92.0,80.0,9.0,3.0
2021-08-05 20:10:53,91.0,79.0,6.0,6.0
2021-08-05 20:10:54,82.0,73.0,6.0,3.0
2021-08-05 20:10:55,76.0,66.0,3.0,7.0
2021-08-05 20:10:56,79.0,71.0,5.0,3.0
2021-08-05 20:10:57,75.0,65.0,7.0,3.0
2021-08-05 20:10:58,100.0,83.0,13.0,4.0
2021-08-05 20:10:59,97.0,77.0,10.0,10.0
2021-08-05 20:11:00,79.0,65.0,8.0,6.0
2021-08-05 20:11:01,81.0,72.0,7.0,2.0
2021-08-05 20:11:02,99.0,80.0,10.0,9.0
2021-08-05 20:11:03,79.0,73.0,4.0,2.0
2021-08-05 20:11:04,72.0,62.0,5.0,5.0
2021-08-05 20:11:05,82.0,71.0,6.0,5.0
2021-08-05 20:11:06,95.0,82.0,9.0,4.0
2021-08-05 20:11:07,72.0,65.0,2.0,5.0
2021-08-05 20:11:08,73.0,66.0,4.0,3.0
2021-08-05 20:11:09,73.0,60.0,9.0,4.0
2021-08-05 20:11:10,87.0,72.0,11.0,4.0
2021-08-05 20:11:11,86.0,79.0,6.0,1.0
2021-08-05 20:11:12,83.0,67.0,9.0,7.0
2021-08-05 20:11:13,95.0,81.0,9.0,5.0
2021-08-05 20:11:14,82.0,71.0,6.0,5.0
2021-08-05 20:11:15,71.0,60.0,7.0,4.0
2021-08-05 20:11:16,78.0,70.0,3.0,5.0
2021-08-05 20:11:17,79.0,72.0,4.0,3.0
2021-08-05 20:11:18,94.0,80.0,10.0,4.0
2021-08-05 20:11:19,69.0,61.0,3.0,5.0
2021-08-05 20:11:20,68.0,60.0,5.0,3.0
2021-08-05 20:11:21,65.0,56.0,5.0,4.0
2021-08-05 20:11:22,80.0,68.0,8.0,4.0
2021-08-05 20:11:23,74.0,66.0,3.0,5.0
2021-08-05 20:11:24,75.0,68.0,5.0,2.0
2021-08-05 20:11:25,90.0,77.0,5.0,8.0
2021-08-05 20:11:26,88.0,77.0,9.0,2.0
2021-08-05 20:11:27,81.0,67.0,11.0,3.0
2021-08-05 20:11:28,81.0,69.0,7.0,5.0
2021-08-05 20:11:29,87.0,79.0,4.0,4.0
2021-08-05 20:11:30,88.0,74.0,8.0,6.0
2021-08-05 20:11:31,91.0,82.0,4.0,5.0
2021-08-05 20:11:32,90.0,78.0,7.0,5.0
2021-08-05 20:11:33,79.0,72.0,3.0,4.0
2021-08-05 20:11:34,77.0,68.0,3.0,6.0
2021-08-05 20:11:35,83.0,74.0,6.0,3.0
2021-08-05 20:11:36,82.0,72.0,7.0,3.0
2021-08-05 20:11:37,112.0,100.0,3.0,9.0
2021-08-05 20:11:38,76.0,66.0,5.0,5.0
2021-08-05 20:11:39,83.0,75.0,3.0,5.0
2021-08-05 20:11:40,81.0,70.0,7.0,4.0
2021-08-05 20:11:41,99.0,90.0,4.0,5.0
2021-08-05 20:11:42,80.0,67.0,6.0,7.0
2021-08-05 20:11:43,74.0,68.0,2.0,4.0
2021-08-05 20:11:44,91.0,81.0,7.0,3.0
2021-08-05 20:11:45,79.0,73.0,1.0,5.0
2021-08-05 20:11:46,71.0,64.0,3.0,4.0
2021-08-05 20:11:47,81.0,74.0,5.0,2.0
2021-08-05 20:11:48,80.0,69.0,4.0,7.0
2021-08-05 20:11:49,75.0,67.0,2.0,6.0
2021-08-05 20:11:50,95.0,88.0,5.0,2.0
2021-08-05 20:11:51,78.0,66.0,9.0,3.0
2021-08-05 20:11:52,83.0,71.0,8.0,4.0
2021-08-05 20:11:53,77.0,70.0,5.0,2.0
2021-08-05 20:11:54,93.0,74.0,12.0,7.0
2021-08-05 20:11:55,95.0,83.0,8.0,4.0
2021-08-05 20:11:56,75.0,66.0,5.0,4.0
2021-08-05 20:11:57,79.0,72.0,4.0,3.0
2021-08-05 20:11:58,108.0,98.0,6.0,4.0
2021-08-05 20:11:59,87.0,74.0,7.0,6.0
2021-08-05 20:12:00,78.0,67.0,6.0,5.0
2021-08-05 20:12:01,80.0,68.0,4.0,8.0
2021-08-05 20:12:02,89.0,82.0,5.0,2.0
2021-08-05 20:12:03,93.0,83.0,6.0,4.0
2021-08-05 20:12:04,65.0,59.0,3.0,3.0
2021-08-05 20:12:05,84.0,79.0,3.0,2.0
2021-08-05 20:12:06,74.0,62.0,11.0,1.0
2021-08-05 20:12:07,81.0,69.0,8.0,4.0
2021-08-05 20:12:08,87.0,78.0,3.0,6.0
2021-08-05 20:12:09,95.0,82.0,10.0,3.0
2021-08-05 20:12:10,96.0,84.0,9.0,3.0
2021-08-05 20:12:11,67.0,58.0,6.0,3.0
2021-08-05 20:12:12,100.0,89.0,6.0,5.0
2021-08-05 20:12:13,68.0,60.0,3.0,5.0
2021-08-05 20:12:14,76.0,67.0,5.0,4.0
2021-08-05 20:12:15,98.0,81.0,12.0,5.0
2021-08-05 20:12:16,79.0,61.0,10.0,8.0
2021-08-05 20:12:17,82.0,68.0,10.0,4.0
2021-08-05 20:12:18,72.0,67.0,3.0,2.0
2021-08-05 20:12:19,70.0,59.0,10.0,1.0
2021-08-05 20:12:20,93.0,82.0,7.0,4.0
2021-08-05 20:12:21,75.0,67.0,4.0,4.0
2021-08-05 20:12:22,71.0,64.0,1.0,6.0
2021-08-05 20:12:23,82.0,74.0,4.0,4.0
2021-08-05 20:12:24,88.0,72.0,9.0,7.0
2021-08-05 20:12:25,105.0,84.0,11.0,10.0
2021-08-05 20:12:26,73.0,62.0,9.0,2.0
2021-08-05 20:12:27,90.0,79.0,9.0,2.0
2021-08-05 20:12:28,74.0,64.0,4.0,6.0
2021-08-05 20:12:29,83.0,75.0,4.0,4.0
2021-08-05 20:12:30,93.0,88.0,4.0,1.0
2021-08-05 20:12:31,72.0,58.0,9.0,5.0
2021-08-05 20:12:32,82.0,69.0,8.0,5.0
2021-08-05 20:12:33,74.0,59.0,9.0,6.0
2021-08-05 20:12:34,82.0,74.0,4.0,4.0
2021-08-05 20:12:35,87.0,75.0,9.0,3.0
2021-08-05 20:12:36,78.0,70.0,2.0,6.0
2021-08-05 20:12:37,86.0,80.0,5.0,1.0
2021-08-05 20:12:38,89.0,76.0,12.0,1.0
2021-08-05 20:12:39,83.0,72.0,8.0,3.0
2021-08-05 20:12:40,81.0,69.0,7.0,5.0
2021-08-05 20:12:41,82.0,73.0,5.0,4.0
2021-08-05 20:12:42,82.0,68.0,9.0,5.0
2021-08-05 20:12:43,86.0,77.0,3.0,6.0
2021-08-05 20:12:44,72.0,64.0,8.0,0.0
2021-08-05 20:12:45,83.0,76.0,6.0,1.0
2021-08-05 20:12:46,73.0,64.0,6.0,3.0
2021-08-05 20:12:47,76.0,62.0,9.0,5.0
2021-08-05 20:12:48,82.0,68.0,12.0,2.0
2021-08-05 20:12:49,77.0,69.0,6.0,2.0
2021-08-05 20:12:50,67.0,61.0,1.0,5.0
2021-08-05 20:12:51,86.0,76.0,5.0,5.0
2021-08-05 20:12:52,93.0,79.0,8.0,6.0
2021-08-05 20:12:53,85.0,72.0,8.0,5.0
2021-08-05 20:12:54,88.0,74.0,8.0,6.0
2021-08-05 20:12:55,109.0,95.0,9.0,5.0
2021-08-05 20:12:56,78.0,70.0,4.0,4.0
2021-08-05 20:12:57,90.0,78.0,6.0,6.0
2021-08-05 20:12:58,85.0,77.0,7.0,1.0
2021-08-05 20:12:59,71.0,54.0,8.0,9.0
2021-08-05 20:13:00,96.0,80.0,10.0,6.0
2021-08-05 20:13:01,78.0,69.0,7.0,2.0
2021-08-05 20:13:02,86.0,74.0,7.0,5.0
2021-08-05 20:13:03,84.0,75.0,6.0,3.0
2021-08-05 20:13:04,82.0,70.0,7.0,5.0
2021-08-05 20:13:05,85.0,70.0,8.0,7.0
2021-08-05 20:13:06,78.0,65.0,4.0,9.0
2021-08-05 20:13:07,75.0,63.0,7.0,5.0
2021-08-05 20:13:08,83.0,76.0,5.0,2.0
2021-08-05 20:13:09,88.0,78.0,6.0,4.0
2021-08-05 20:13:10,96.0,81.0,7.0,8.0
2021-08-05 20:13:11,89.0,77.0,7.0,5.0
2021-08-05 20:13:12,70.0,65.0,3.0,2.0
2021-08-05 20:13:13,69.0,62.0,4.0,3.0
2021-08-05 20:13:14,58.0,47.0,4.0,7.0
2021-08-05 20:13:15,79.0,63.0,9.0,7.0
2021-08-05 20:13:16,68.0,63.0,4.0,1.0
2021-08-05 20:13:17,68.0,54.0,11.0,3.0
2021-08-05 20:13:18,76.0,71.0,3.0,2.0
2021-08-05 20:13:19,70.0,57.0,10.0,3.0
2021-08-05 20:13:20,73.0,67.0,3.0,3.0
2021-08-05 20:13:21,70.0,62.0,2.0,6.0
2021-08-05 20:13:22,77.0,67.0,3.0,7.0
2021-08-05 20:13:23,86.0,73.0,8.0,5.0
2021-08-05 20:13:24,63.0,53.0,6.0,4.0
2021-08-05 20:13:25,81.0,72.0,6.0,3.0
2021-08-05 20:13:26,84.0,75.0,4.0,5.0
2021-08-05 20:13:27,91.0,80.0,5.0,6.0
2021-08-05 20:13:28,76.0,66.0,5.0,5.0
2021-08-05 20:13:29,93.0,83.0,5.0,5.0
2021-08-05 20:13:30,67.0,63.0,3.0,1.0
2021-08-05 20:13:31,96.0,82.0,11.0,3.0
2021-08-05 20:13:32,59.0,47.0,8.0,4.0
2021-08-05 20:13:33,89.0,75.0,10.0,4.0
2021-08-05 20:13:34,88.0,78.0,9.0,1.0
2021-08-05 20:13:35,85.0,72.0,7.0,6.0
2021-08-05 20:13:36,87.0,69.0,12.0,6.0
2021-08-05 20:13:37,91.0,84.0,5.0,2.0
2021-08-05 20:13:38,71.0,61.0,4.0,6.0
2021-08-05 20:13:39,76.0,64.0,7.0,5.0
2021-08-05 20:13:40,80.0,70.0,4.0,6.0
2021-08-05 20:13:41,88.0,76.0,9.0,3.0
2021-08-05 20:13:42,77.0,71.0,4.0,2.0
2021-08-05 20:13:43,103.0,92.0,6.0,5.0
2021-08-05 20:13:44,84.0,75.0,2.0,7.0
2021-08-05 20:13:45,99.0,86.0,4.0,9.0
2021-08-05 20:13:46,89.0,78.0,9.0,2.0
2021-08-05 20:13:47,85.0,69.0,8.0,8.0
2021-08-05 20:13:48,80.0,74.0,3.0,3.0
2021-08-05 20:13:49,95.0,84.0,7.0,4.0
2021-08-05 20:13:50,87.0,70.0,13.0,4.0
2021-08-05 20:13:51,71.0,63.0,6.0,2.0
2021-08-05 20:13:52,75.0,63.0,8.0,4.0
2021-08-05 20:13:53,82.0,73.0,4.0,5.0
2021-08-05 20:13:54,80.0,66.0,8.0,6.0
2021-08-05 20:13:55,72.0,64.0,5.0,3.0
2021-08-05 20:13:56,78.0,72.0,5.0,1.0
2021-08-05 20:13:57,98.0,83.0,11.0,4.0
2021-08-05 20:13:58,66.0,58.0,2.0,6.0
2021-08-05 20:13:59,90.0,81.0,7.0,2.0
2021-08-05 20:14:00,70.0,64.0,4.0,2.0
2021-08-05 20:14:01,87.0,82.0,3.0,2.0
2021-08-05 20:14:02,73.0,67.0,4.0,2.0
2021-08-05 20:14:03,84.0,71.0,7.0,6.0
2021-08-05 20:14:04,85.0,77.0,3.0,5.0
2021-08-05 20:14:05,81.0,69.0,9.0,3.0
2021-08-05 20:14:06,61.0,53.0,3.0,5.0
2021-08-05 20:14:07,86.0,77.0,7.0,2.0
2021-08-05 20:14:08,74.0,58.0,10.0,6.0
2021-08-05 20:14:09,87.0,77.0,4.0,6.0
2021-08-05 20:14:10,71.0,60.0,8.0,3.0
2021-08-05 20:14:11,80.0,64.0,10.0,6.0
2021-08-05 20:14:12,63.0,54.0,7.0,2.0
2021-08-05 20:14:13,97.0,83.0,11.0,3.0
2021-08-05 20:14:14,83.0,76.0,5.0,2.0
2021-08-05 20:14:15,79.0,67.0,8.0,4.0
2021-08-05 20:14:16,76.0,63.0,5.0,8.0
2021-08-05 20:14:17,91.0,80.0,8.0,3.0
2021-08-05 20:14:18,94.0,81.0,8.0,5.0
2021-08-05 20:14:19,89.0,75.0,8.0,6.0
2021-08-05 20:14:20,82.0,67.0,8.0,7.0
2021-08-05 20:14:21,72.0,64.0,4.0,4.0
2021-08-05 20:14:22,73.0,65.0,4.0,4.0
2021-08-05 20:14:23,72.0,62.0,6.0,4.0
2021-08-05 20:14:24,62.0,52.0,9.0,1.0
2021-08-05 20:14:25,82.0,72.0,7.0,3.0
2021-08-05 20:14:26,90.0,82.0,6.0,2.0
2021-08-05 20:14:27,78.0,64.0,7.0,7.0
2021-08-05 20:14:28,81.0,73.0,5.0,3.0
2021-08-05 20:14:29,85.0,72.0,8.0,5.0
2021-08-05 20:14:30,89.0,79.0,5.0,5.0
2021-08-05 20:14:31,81.0,69.0,9.0,3.0
2021-08-05 20:14:32,78.0,70.0,4.0,4.0
2021-08-05 20:14:33,102.0,86.0,9.0,7.0
2021-08-05 20:14:34,64.0,56.0,5.0,3.0
2021-08-05 20:14:35,94.0,82.0,7.0,5.0
2021-08-05 20:14:36,79.0,68.0,6.0,5.0
2021-08-05 20:14:37,96.0,82.0,6.0,8.0
2021-08-05 20:14:38,79.0,68.0,4.0,7.0
2021-08-05 20:14:39,88.0,72.0,13.0,3.0
2021-08-05 20:14:40,83.0,74.0,7.0,2.0
2021-08-05 20:14:41,94.0,83.0,8.0,3.0
2021-08-05 20:14:42,80.0,73.0,6.0,1.0
2021-08-05 20:14:43,98.0,81.0,9.0,8.0
2021-08-05 20:14:44,80.0,73.0,5.0,2.0
2021-08-05 20:14:45,96.0,86.0,6.0,4.0
2021-08-05 20:14:46,108.0,95.0,10.0,3.0
2021-08-05 20:14:47,90.0,73.0,11.0,6.0
2021-08-05 20:14:48,82.0,75.0,4.0,3.0
2021-08-05 20:14:49,84.0,71.0,10.0,3.0
2021-08-05 20:14:50,87.0,71.0,10.0,6.0
2021-08-05 20:14:51,89.0,78.0,6.0,5.0
2021-08-05 20:14:52,76.0,67.0,6.0,3.0
2021-08-05 20:14:53,74.0,63.0,8.0,3.0
2021-08-05 20:14:54,71.0,61.0,9.0,1.0
2021-08-05 20:14:55,72.0,68.0,2.0,2.0
2021-08-05 20:14:56,76.0,66.0,4.0,6.0
2021-08-05 20:14:57,80.0,73.0,5.0,2.0
2021-08-05 20:14:58,69.0,63.0,5.0,1.0
2021-08-05 20:14:59,85.0,76.0,4.0,5.0
2021-08-05 20:15:00,76.0,65.0,7.0,4.0
2021-08-05 20:15:01,93.0,83.0,7.0,3.0
2021-08-05 20:15:02,97.0,89.0,5.0,3.0
2021-08-05 20:15:03,79.0,70.0,6.0,3.0
2021-08-05 20:15:04,69.0,60.0,5.0,4.0
2021-08-05 20:15:05,95.0,83.0,6.0,6.0
2021-08-05 20:15:06,78.0,69.0,7.0,2.0
2021-08-05 20:15:07,81.0,67.0,9.0,5.0
2021-08-05 20:15:08,88.0,73.0,7.0,8.0
2021-08-05 20:15:09,84.0,73.0,5.0,6.0
2021-08-05 20:15:10,84.0,70.0,7.0,7.0
2021-08-05 20:15:11,71.0,64.0,5.0,2.0
2021-08-05 20:15:12,93.0,85.0,4.0,4.0
2021-08-05 20:15:13,89.0,76.0,9.0,4.0
2021-08-05 20:15:14,81.0,74.0,2.0,5.0
2021-08-05 20:15:15,89.0,79.0,7.0,3.0
2021-08-05 20:15:16,78.0,69.0,7.0,2.0
2021-08-05 20:15:17,103.0,86.0,6.0,11.0
2021-08-05 20:15:18,77.0,71.0,2.0,4.0
2021-08-05 20:15:19,87.0,77.0,6.0,4.0
2021-08-05 20:15:20,81.0,71.0,4.0,6.0
2021-08-05 20:15:21,87.0,72.0,7.0,8.0
2021-08-05 20:15:22,103.0,90.0,6.0,7.0
2021-08-05 20:15:23,82.0,68.0,8.0,6.0
2021-08-05 20:15:24,99.0,90.0,3.0,6.0
2021-08-05 20:15:25,85.0,75.0,8.0,2.0
2021-08-05 20:15:26,82.0,72.0,2.0,8.0
2021-08-05 20:15:27,65.0,56.0,5.0,4.0
2021-08-05 20:15:28,81.0,70.0,6.0,5.0
2021-08-05 20:15:29,77.0,68.0,7.0,2.0
2021-08-05 20:15:30,81.0,72.0,8.0,1.0
2021-08-05 20:15:31,84.0,72.0,6.0,6.0
2021-08-05 20:15:32,77.0,67.0,5.0,5.0
2021-08-05 20:15:33,88.0,76.0,7.0,5.0
2021-08-05 20:15:34,90.0,78.0,9.0,3.0
2021-08-05 20:15:35,76.0,62.0,10.0,4.0
2021-08-05 20:15:36,85.0,76.0,6.0,3.0
2021-08-05 20:15:37,92.0,79.0,8.0,5.0
2021-08-05 20:15:38,84.0,74.0,6.0,4.0
2021-08-05 20:15:39,76.0,70.0,2.0,4.0
2021-08-05 20:15:40,97.0,78.0,13.0,6.0
2021-08-05 20:15:41,58.0,46.0,7.0,5.0
2021-08-05 20:15:42,85.0,72.0,6.0,7.0
2021-08-05 20:15:43,78.0,66.0,9.0,3.0
2021-08-05 20:15:44,80.0,63.0,10.0,7.0
2021-08-05 20:15:45,92.0,84.0,5.0,3.0
2021-08-05 20:15:46,61.0,52.0,5.0,4.0
2021-08-05 20:15:47,93.0,81.0,8.0,4.0
2021-08-05 20:15:48,79.0,70.0,6.0,3.0
2021-08-05 20:15:49,83.0,74.0,6.0,3.0
2021-08-05 20:15:50,70.0,62.0,6.0,2.0
2021-08-05 20:15:51,75.0,65.0,4.0,6.0
2021-08-05 20:15:52,74.0,67.0,3.0,4.0
2021-08-05 20:15:53,79.0,69.0,9.0,1.0
2021-08-05 20:15:54,100.0,82.0,13.0,5.0
2021-08-05 20:15:55,76.0,69.0,5.0,2.0
2021-08-05 20:15:56,103.0,90.0,10.0,3.0
2021-08-05 20:15:57,79.0,68.0,9.0,2.0
2021-08-05 20:15:58,72.0,61.0,8.0,3.0
2021-08-05 20:15:59,61.0,51.0,5.0,5.0
2021-08-05 20:16:00,64.0,56.0,5.0,3.0
2021-08-05 20:16:01,72.0,63.0,7.0,2.0
2021-08-05 20:16:02,80.0,73.0,1.0,6.0
2021-08-05 20:16:03,81.0,73.0,5.0,3.0
2021-08-05 20:16:04,79.0,67.0,10.0,2.0
2021-08-05 20:16:05,83.0,69.0,9.0,5.0
2021-08-05 20:16:06,65.0,58.0,4.0,3.0
2021-08-05 20:16:07,85.0,74.0,6.0,5.0
2021-08-05 20:16:08,95.0,80.0,5.0,10.0
2021-08-05 20:16:09,80.0,71.0,6.0,3.0
2021-08-05 20:16:10,112.0,98.0,11.0,3.0
2021-08-05 20:16:11,63.0,55.0,4.0,4.0
2021-08-05 20:16:12,83.0,72.0,5.0,6.0
2021-08-05 20:16:13,71.0,61.0,7.0,3.0
2021-08-05 20:16:14,58.0,52.0,5.0,1.0
2021-08-05 20:16:15,74.0,60.0,7.0,7.0
2021-08-05 20:16:16,72.0,58.0,12.0,2.0
2021-08-05 20:16:17,93.0,80.0,8.0,5.0
2021-08-05 20:16:18,98.0,90.0,5.0,3.0
2021-08-05 20:16:19,89.0,81.0,3.0,5.0
2021-08-05 20:16:20,76.0,69.0,4.0,3.0
2021-08-05 20:16:21,99.0,85.0,8.0,6.0
2021-08-05 20:16:22,82.0,72.0,7.0,3.0
2021-08-05 20:16:23,98.0,82.0,11.0,5.0
2021-08-05 20:16:24,62.0,53.0,2.0,7.0
2021-08-05 20:16:25,69.0,60.0,5.0,4.0
2021-08-05 20:16:26,77.0,72.0,1.0,4.0
2021-08-05 20:16:27,82.0,74.0,5.0,3.0
2021-08-05 20:16:28,84.0,74.0,6.0,4.0
2021-08-05 20:16:29,85.0,70.0,7.0,8.0
2021-08-05 20:16:30,76.0,65.0,9.0,2.0
2021-08-05 20:16:31,83.0,73.0,8.0,2.0
2021-08-05 20:16:32,75.0,60.0,8.0,7.0
2021-08-05 20:16:33,76.0,71.0,3.0,2.0
2021-08-05 20:16:34,82.0,76.0,4.0,2.0
2021-08-05 20:16:35,75.0,70.0,4.0,1.0
2021-08-05 20:16:36,84.0,73.0,5.0,6.0
2021-08-05 20:16:37,94.0,76.0,8.0,10.0
2021-08-05 20:16:38,96.0,79.0,13.0,4.0
2021-08-05 20:16:39,76.0,67.0,5.0,4.0
2021-08-05 20:16:40,76.0,64.0,5.0,7.0
2021-08-05 20:16:41,77.0,69.0,8.0,0.0
2021-08-05 20:16:42,91.0,82.0,6.0,3.0
2021-08-05 20:16:43,93.0,78.0,10.0,5.0
2021-08-05 20:16:44,59.0,51.0,4.0,4.0
2021-08-05 20:16:45,75.0,65.0,5.0,5.0
2021-08-05 20:16:46,110.0,96.0,3.0,11.0
2021-08-05 20:16:47,100.0,80.0,13.0,7.0
2021-08-05 20:16:48,91.0,74.0,5.0,12.0
2021-08-05 20:16:49,73.0,65.0,6.0,2.0
2021-08-05 20:16:50,92.0,86.0,2.0,4.0
2021-08-05 20:16:51,81.0,72.0,4.0,5.0
2021-08-05 20:16:52,73.0,69.0,3.0,1.0
2021-08-05 20:16:53,76.0,63.0,7.0,6.0
2021-08-05 20:16:54,74.0,66.0,6.0,2.0
2021-08-05 20:16:55,79.0,69.0,4.0,6.0
2021-08-05 20:16:56,71.0,58.0,6.0,7.0
2021-08-05 20:16:57,83.0,71.0,9.0,3.0
2021-08-05 20:16:58,101.0,95.0,3.0,3.0
2021-08-05 20:16:59,73.0,61.0,8.0,4.0
2021-08-05 20:17:00,89.0,80.0,5.0,4.0
2021-08-05 20:17:01,96.0,86.0,3.0,7.0
2021-08-05 20:17:02,76.0,65.0,3.0,8.0
2021-08-05 20:17:03,70.0,66.0,2.0,2.0
2021-08-05 20:17:04,83.0,71.0,7.0,5.0
2021-08-05 20:17:05,88.0,79.0,4.0,5.0
2021-08-05 20:17:06,79.0,69.0,5.0,5.0
2021-08-05 20:17:07,79.0,68.0,9.0,2.0
2021-08-05 20:17:08,89.0,77.0,8.0,4.0
2021-08-05 20:17:09,73.0,63.0,4.0,6.0
2021-08-05 20:17:10,83.0,71.0,10.0,2.0
2021-08-05 20:17:11,88.0,75.0,9.0,4.0
2021-08-05 20:17:12,81.0,70.0,8.0,3.0
2021-08-05 20:17:13,76.0,66.0,4.0,6.0
2021-08-05 20:17:14,79.0,69.0,7.0,3.0
2021-08-05 20:17:15,83.0,73.0,5.0,5.0
2021-08-05 20:17:16,69.0,58.0,7.0,4.0
2021-08-05 20:17:17,86.0,77.0,3.0,6.0
2021-08-05 20:17:18,84.0,72.0,6.0,6.0
2021-08-05 20:17:19,91.0,78.0,7.0,6.0
2021-08-05 20:17:20,91.0,80.0,6.0,5.0
2021-08-05 20:17:21,87.0,76.0,7.0,4.0
2021-08-05 20:17:22,84.0,78.0,5.0,1.0
2021-08-05 20:17:23,80.0,72.0,4.0,4.0
2021-08-05 20:17:24,82.0,77.0,3.0,2.0
2021-08-05 20:17:25,83.0,76.0,5.0,2.0
2021-08-05 20:17:26,98.0,90.0,7.0,1.0
2021-08-05 20:17:27,87.0,77.0,7.0,3.0
2021-08-05 20:17:28,93.0,82.0,9.0,2.0
2021-08-05 20:17:29,73.0,64.0,7.0,2.0
2021-08-05 20:17:30,75.0,67.0,6.0,2.0
2021-08-05 20:17:31,82.0,77.0,2.0,3.0
2021-08-05 20:17:32,69.0,62.0,4.0,3.0
2021-08-05 20:17:33,71.0,64.0,4.0,3.0
2021-08-05 20:17:34,87.0,76.0,9.0,2.0
2021-08-05 20:17:35,93.0,83.0,6.0,4.0
2021-08-05 20:17:36,77.0,59.0,10.0,8.0
2021-08-05 20:17:37,92.0,70.0,14.0,8.0
2021-08-05 20:17:38,79.0,68.0,5.0,6.0
2021-08-05 20:17:39,90.0,77.0,6.0,7.0
2021-08-05 20:17:40,89.0,77.0,5.0,7.0
2021-08-05 20:17:41,105.0,92.0,11.0,2.0
2021-08-05 20:17:42,102.0,96.0,5.0,1.0
2021-08-05 20:17:43,69.0,64.0,5.0,0.0
2021-08-05 20:17:44,83.0,70.0,4.0,9.0
2021-08-05 20:17:45,84.0,69.0,10.0,5.0
2021-08-05 20:17:46,89.0,79.0,5.0,5.0
2021-08-05 20:17:47,83.0,73.0,7.0,3.0
2021-08-05 20:17:48,81.0,71.0,6.0,4.0
2021-08-05 20:17:49,79.0,71.0,6.0,2.0
2021-08-05 20:17:50,84.0,72.0,6.0,6.0
2021-08-05 20:17:51,73.0,64.0,6.0,3.0
2021-08-05 20:17:52,88.0,81.0,5.0,2.0
2021-08-05 20:17:53,83.0,73.0,4.0,6.0
2021-08-05 20:17:54,87.0,78.0,5.0,4.0
2021-08-05 20:17:55,98.0,82.0,12.0,4.0
2021-08-05 20:17:56,81.0,69.0,5.0,7.0
2021-08-05 20:17:57,88.0,79.0,5.0,4.0
2021-08-05 20:17:58,92.0,80.0,7.0,5.0
2021-08-05 20:17:59,84.0,77.0,2.0,5.0
2021-08-05 20:18:00,85.0,73.0,4.0,8.0
2021-08-05 20:18:01,90.0,76.0,8.0,6.0
2021-08-05 20:18:02,66.0,57.0,7.0,2.0
2021-08-05 20:18:03,62.0,60.0,0.0,2.0
2021-08-05 20:18:04,92.0,74.0,15.0,3.0
2021-08-05 20:18:05,71.0,59.0,9.0,3.0
2021-08-05 20:18:06,82.0,74.0,4.0,4.0
2021-08-05 20:18:07,78.0,62.0,12.0,4.0
2021-08-05 20:18:08,80.0,72.0,6.0,2.0
2021-08-05 20:18:09,80.0,70.0,5.0,5.0
2021-08-05 20:18:10,70.0,62.0,5.0,3.0
2021-08-05 20:18:11,84.0,72.0,8.0,4.0
2021-08-05 20:18:12,83.0,67.0,9.0,7.0
2021-08-05 20:18:13,71.0,65.0,3.0,3.0
2021-08-05 20:18:14,96.0,89.0,6.0,1.0
2021-08-05 20:18:15,88.0,74.0,8.0,6.0
2021-08-05 20:18:16,78.0,69.0,6.0,3.0
2021-08-05 20:18:17,83.0,72.0,5.0,6.0
2021-08-05 20:18:18,83.0,69.0,11.0,3.0
2021-08-05 20:18:19,89.0,73.0,8.0,8.0
2021-08-05 20:18:20,78.0,72.0,5.0,1.0
2021-08-05 20:18:21,91.0,79.0,8.0,4.0
2021-08-05 20:18:22,85.0,75.0,6.0,4.0
2021-08-05 20:18:23,73.0,64.0,8.0,1.0
2021-08-05 20:18:24,74.0,63.0,2.0,9.0
2021-08-05 20:18:25,86.0,76.0,6.0,4.0
2021-08-05 20:18:26,97.0,85.0,7.0,5.0
2021-08-05 20:18:27,91.0,75.0,9.0,7.0
2021-08-05 20:18:28,84.0,68.0,10.0,6.0
2021-08-05 20:18:29,78.0,69.0,4.0,5.0
2021-08-05 20:18:30,78.0,67.0,6.0,5.0
2021-08-05 20:18:31,72.0,62.0,6.0,4.0
2021-08-05 20:18:32,84.0,77.0,2.0,5.0
2021-08-05 20:18:33,81.0,75.0,2.0,4.0
2021-08-05 20:18:34,89.0,80.0,6.0,3.0
2021-08-05 20:18:35,93.0,75.0,9.0,9.0
2021-08-05 20:18:36,93.0,74.0,15.0,4.0
2021-08-05 20:18:37,83.0,69.0,6.0,8.0
2021-08-05 20:18:38,85.0,75.0,9.0,1.0
2021-08-05 20:18:39,93.0,83.0,7.0,3.0
2021-08-05 20:18:40,75.0,68.0,6.0,1.0
2021-08-05 20:18:41,80.0,68.0,7.0,5.0
2021-08-05 20:18:42,86.0,75.0,7.0,4.0
2021-08-05 20:18:43,70.0,64.0,3.0,3.0
2021-08-05 20:18:44,88.0,77.0,7.0,4.0
2021-08-05 20:18:45,94.0,87.0,4.0,3.0
2021-08-05 20:18:46,85.0,79.0,5.0,1.0
2021-08-05 20:18:47,83.0,71.0,8.0,4.0
2021-08-05 20:18:48,90.0,77.0,9.0,4.0
2021-08-05 20:18:49,90.0,74.0,9.0,7.0
2021-08-05 20:18:50,69.0,61.0,5.0,3.0
2021-08-05 20:18:51,78.0,67.0,6.0,5.0
2021-08-05 20:18:52,94.0,78.0,11.0,5.0
2021-08-05 20:18:53,76.0,66.0,5.0,5.0
2021-08-05 20:18:54,83.0,72.0,6.0,5.0
2021-08-05 20:18:55,96.0,84.0,7.0,5.0
2021-08-05 20:18:56,87.0,75.0,7.0,5.0
2021-08-05 20:18:57,92.0,77.0,11.0,4.0
2021-08-05 20:18:58,75.0,65.0,5.0,5.0
2021-08-05 20:18:59,73.0,61.0,8.0,4.0
2021-08-05 20:19:00,75.0,64.0,7.0,4.0
2021-08-05 20:19:01,74.0,63.0,7.0,4.0
2021-08-05 20:19:02,60.0,52.0,6.0,2.0
2021-08-05 20:19:03,66.0,52.0,7.0,7.0
2021-08-05 20:19:04,75.0,65.0,5.0,5.0
2021-08-05 20:19:05,88.0,80.0,4.0,4.0
2021-08-05 20:19:06,83.0,75.0,5.0,3.0
2021-08-05 20:19:07,62.0,55.0,3.0,4.0
2021-08-05 20:19:08,80.0,69.0,9.0,2.0
2021-08-05 20:19:09,88.0,84.0,4.0,0.0
2021-08-05 20:19:10,84.0,75.0,7.0,2.0
2021-08-05 20:19:11,65.0,62.0,2.0,1.0
2021-08-05 20:19:12,83.0,69.0,7.0,7.0
2021-08-05 20:19:13,83.0,77.0,5.0,1.0
2021-08-05 20:19:14,89.0,74.0,7.0,8.0
2021-08-05 20:19:15,82.0,69.0,8.0,5.0
2021-08-05 20:19:16,94.0,86.0,4.0,4.0
2021-08-05 20:19:17,78.0,69.0,6.0,3.0
2021-08-05 20:19:18,78.0,70.0,7.0,1.0
2021-08-05 20:19:19,81.0,70.0,6.0,5.0
2021-08-05 20:19:20,92.0,82.0,5.0,5.0
2021-08-05 20:19:21,83.0,70.0,9.0,4.0
2021-08-05 20:19:22,80.0,71.0,8.0,1.0
2021-08-05 20:19:23,75.0,65.0,6.0,4.0
2021-08-05 20:19:24,92.0,76.0,8.0,8.0
2021-08-05 20:19:25,77.0,66.0,6.0,5.0
2021-08-05 20:19:26,87.0,71.0,8.0,8.0
2021-08-05 20:19:27,90.0,78.0,8.0,4.0
2021-08-05 20:19:28,81.0,69.0,8.0,4.0
2021-08-05 20:19:29,71.0,62.0,6.0,3.0
2021-08-05 20:19:30,76.0,68.0,7.0,1.0
2021-08-05 20:19:31,69.0,63.0,5.0,1.0
2021-08-05 20:19:32,92.0,84.0,5.0,3.0
2021-08-05 20:19:33,83.0,75.0,4.0,4.0
2021-08-05 20:19:34,84.0,73.0,5.0,6.0
2021-08-05 20:19:35,95.0,82.0,7.0,6.0
2021-08-05 20:19:36,80.0,75.0,2.0,3.0
2021-08-05 20:19:37,93.0,76.0,13.0,4.0
2021-08-05 20:19:38,79.0,73.0,3.0,3.0
2021-08-05 20:19:39,86.0,68.0,12.0,6.0
2021-08-05 20:19:40,90.0,78.0,8.0,4.0
2021-08-05 20:19:41,66.0,55.0,6.0,5.0
2021-08-05 20:19:42,80.0,69.0,7.0,4.0
2021-08-05 20:19:43,76.0,65.0,8.0,3.0
2021-08-05 20:19:44,78.0,70.0,5.0,3.0
2021-08-05 20:19:45,80.0,65.0,11.0,4.0
2021-08-05 20:19:46,80.0,69.0,6.0,5.0
2021-08-05 20:19:47,86.0,73.0,9.0,4.0
2021-08-05 20:19:48,83.0,68.0,11.0,4.0
2021-08-05 20:19:49,76.0,66.0,6.0,4.0
2021-08-05 20:19:50,92.0,85.0,6.0,1.0
2021-08-05 20:19:51,63.0,59.0,3.0,1.0
2021-08-05 20:19:52,71.0,60.0,7.0,4.0
2021-08-05 20:19:53,89.0,80.0,6.0,3.0
2021-08-05 20:19:54,71.0,66.0,5.0,0.0
2021-08-05 20:19:55,81.0,72.0,6.0,3.0
2021-08-05 20:19:56,97.0,78.0,13.0,6.0
2021-08-05 20:19:57,81.0,70.0,7.0,4.0
2021-08-05 20:19:58,98.0,88.0,4.0,6.0
2021-08-05 20:19:59,83.0,72.0,7.0,4.0
2021-08-05 20:20:00,69.0,60.0,6.0,3.0
2021-08-05 20:20:01,89.0,84.0,1.0,4.0
2021-08-05 20:20:02,77.0,62.0,9.0,6.0
2021-08-05 20:20:03,82.0,77.0,4.0,1.0
2021-08-05 20:20:04,88.0,78.0,5.0,5.0
2021-08-05 20:20:05,78.0,71.0,3.0,4.0
2021-08-05 20:20:06,63.0,53.0,8.0,2.0
2021-08-05 20:20:07,80.0,68.0,4.0,8.0
2021-08-05 20:20:08,96.0,82.0,8.0,6.0
2021-08-05 20:20:09,72.0,58.0,6.0,8.0
2021-08-05 20:20:10,80.0,67.0,9.0,4.0
2021-08-05 20:20:11,86.0,71.0,10.0,5.0
2021-08-05 20:20:12,67.0,56.0,5.0,6.0
2021-08-05 20:20:13,64.0,59.0,1.0,4.0
2021-08-05 20:20:14,75.0,66.0,8.0,1.0
2021-08-05 20:20:15,95.0,84.0,7.0,4.0
2021-08-05 20:20:16,76.0,69.0,6.0,1.0
2021-08-05 20:20:17,98.0,86.0,8.0,4.0
2021-08-05 20:20:18,77.0,70.0,4.0,3.0
2021-08-05 20:20:19,76.0,69.0,7.0,0.0
2021-08-05 20:20:20,74.0,61.0,9.0,4.0
2021-08-05 20:20:21,75.0,66.0,8.0,1.0
2021-08-05 20:20:22,69.0,59.0,6.0,4.0
2021-08-05 20:20:23,88.0,72.0,8.0,8.0
2021-08-05 20:20:24,78.0,67.0,9.0,2.0
2021-08-05 20:20:25,83.0,67.0,12.0,4.0
2021-08-05 20:20:26,78.0,72.0,4.0,2.0
2021-08-05 20:20:27,82.0,74.0,3.0,5.0
2021-08-05 20:20:28,71.0,62.0,8.0,1.0
2021-08-05 20:20:29,83.0,76.0,7.0,0.0
2021-08-05 20:20:30,82.0,72.0,4.0,6.0
2021-08-05 20:20:31,86.0,70.0,12.0,4.0
2021-08-05 20:20:32,80.0,72.0,4.0,4.0
2021-08-05 20:20:33,74.0,70.0,1.0,3.0
2021-08-05 20:20:34,77.0,64.0,4.0,9.0
2021-08-05 20:20:35,74.0,68.0,5.0,1.0
2021-08-05 20:20:36,95.0,83.0,8.0,4.0
2021-08-05 20:20:37,74.0,65.0,5.0,4.0
2021-08-05 20:20:38,74.0,62.0,8.0,4.0
2021-08-05 20:20:39,69.0,60.0,4.0,5.0
2021-08-05 20:20:40,67.0,60.0,6.0,1.0
2021-08-05 20:20:41,87.0,74.0,9.0,4.0
2021-08-05 20:20:42,62.0,54.0,5.0,3.0
2021-08-05 20:20:43,83.0,73.0,1.0,9.0
2021-08-05 20:20:44,79.0,72.0,5.0,2.0
2021-08-05 20:20:45,83.0,74.0,5.0,4.0
2021-08-05 20:20:46,71.0,61.0,4.0,6.0
2021-08-05 20:20:47,83.0,71.0,5.0,7.0
2021-08-05 20:20:48,80.0,71.0,4.0,5.0
2021-08-05 20:20:49,88.0,71.0,8.0,9.0
2021-08-05 20:20:50,74.0,60.0,7.0,7.0
2021-08-05 20:20:51,94.0,82.0,7.0,5.0
2021-08-05 20:20:52,85.0,77.0,4.0,4.0
2021-08-05 20:20:53,80.0,77.0,2.0,1.0
2021-08-05 20:20:54,97.0,80.0,11.0,6.0
2021-08-05 20:20:55,81.0,66.0,6.0,9.0
2021-08-05 20:20:56,87.0,74.0,6.0,7.0
2021-08-05 20:20:57,79.0,71.0,3.0,5.0
2021-08-05 20:20:58,88.0,77.0,4.0,7.0
2021-08-05 20:20:59,87.0,80.0,4.0,3.0
2021-08-05 20:21:00,76.0,61.0,7.0,8.0
2021-08-05 20:21:01,90.0,80.0,6.0,4.0
2021-08-05 20:21:02,70.0,66.0,0.0,4.0
2021-08-05 20:21:03,89.0,80.0,6.0,3.0
2021-08-05 20:21:04,100.0,86.0,8.0,6.0
2021-08-05 20:21:05,82.0,72.0,3.0,7.0
2021-08-05 20:21:06,87.0,72.0,11.0,4.0
2021-08-05 20:21:07,74.0,67.0,5.0,2.0
2021-08-05 20:21:08,82.0,71.0,8.0,3.0
2021-08-05 20:21:09,78.0,64.0,5.0,9.0
2021-08-05 20:21:10,78.0,67.0,9.0,2.0
2021-08-05 20:21:11,88.0,75.0,7.0,6.0
2021-08-05 20:21:12,69.0,57.0,6.0,6.0
2021-08-05 20:21:13,72.0,61.0,6.0,5.0
2021-08-05 20:21:14,87.0,77.0,8.0,2.0
2021-08-05 20:21:15,84.0,73.0,6.0,5.0
2021-08-05 20:21:16,77.0,70.0,4.0,3.0
2021-08-05 20:21:17,80.0,63.0,7.0,10.0
2021-08-05 20:21:18,92.0,80.0,6.0,6.0
2021-08-05 20:21:19,94.0,75.0,15.0,4.0
2021-08-05 20:21:20,86.0,80.0,5.0,1.0
2021-08-05 20:21:21,77.0,66.0,8.0,3.0
2021-08-05 20:21:22,73.0,59.0,7.0,7.0
2021-08-05 20:21:23,72.0,62.0,5.0,5.0
2021-08-05 20:21:24,78.0,73.0,3.0,2.0
2021-08-05 20:21:25,72.0,65.0,5.0,2.0
2021-08-05 20:21:26,79.0,68.0,4.0,7.0
2021-08-05 20:21:27,82.0,71.0,5.0,6.0
2021-08-05 20:21:28,87.0,72.0,11.0,4.0
2021-08-05 20:21:29,93.0,81.0,6.0,6.0
2021-08-05 20:21:30,65.0,57.0,5.0,3.0
2021-08-05 20:21:31,84.0,75.0,6.0,3.0
2021-08-05 20:21:32,71.0,65.0,3.0,3.0
2021-08-05 20:21:33,72.0,57.0,12.0,3.0
2021-08-05 20:21:34,100.0,84.0,9.0,7.0
2021-08-05 20:21:35,80.0,72.0,6.0,2.0
2021-08-05 20:21:36,77.0,67.0,8.0,2.0
2021-08-05 20:21:37,80.0,66.0,11.0,3.0
2021-08-05 20:21:38,75.0,66.0,5.0,4.0
2021-08-05 20:21:39,75.0,63.0,7.0,5.0
2021-08-05 20:21:40,81.0,72.0,5.0,4.0
2021-08-05 20:21:41,102.0,76.0,15.0,11.0
2021-08-05 20:21:42,75.0,68.0,4.0,3.0
2021-08-05 20:21:43,85.0,77.0,3.0,5.0
2021-08-05 20:21:44,81.0,73.0,3.0,5.0
2021-08-05 20:21:45,94.0,85.0,5.0,4.0
2021-08-05 20:21:46,83.0,76.0,3.0,4.0
2021-08-05 20:21:47,83.0,68.0,6.0,9.0
2021-08-05 20:21:48,85.0,74.0,6.0,5.0
2021-08-05 20:21:49,75.0,58.0,10.0,7.0
2021-08-05 20:21:50,73.0,64.0,6.0,3.0
2021-08-05 20:21:51,80.0,67.0,7.0,6.0
2021-08-05 20:21:52,72.0,60.0,6.0,6.0
2021-08-05 20:21:53,82.0,74.0,4.0,4.0
2021-08-05 20:21:54,94.0,82.0,8.0,4.0
2021-08-05 20:21:55,92.0,69.0,10.0,13.0
2021-08-05 20:21:56,70.0,64.0,2.0,4.0
2021-08-05 20:21:57,84.0,73.0,5.0,6.0
2021-08-05 20:21:58,77.0,71.0,5.0,1.0
2021-08-05 20:21:59,92.0,81.0,6.0,5.0
2021-08-05 20:22:00,87.0,80.0,4.0,3.0
2021-08-05 20:22:01,75.0,62.0,7.0,6.0
2021-08-05 20:22:02,75.0,69.0,5.0,1.0
2021-08-05 20:22:03,70.0,63.0,4.0,3.0
2021-08-05 20:22:04,84.0,76.0,4.0,4.0
2021-08-05 20:22:05,84.0,77.0,3.0,4.0
2021-08-05 20:22:06,84.0,71.0,9.0,4.0
2021-08-05 20:22:07,81.0,71.0,8.0,2.0
2021-08-05 20:22:08,88.0,78.0,6.0,4.0
2021-08-05 20:22:09,80.0,67.0,8.0,5.0
2021-08-05 20:22:10,70.0,66.0,2.0,2.0
2021-08-05 20:22:11,106.0,93.0,8.0,5.0
2021-08-05 20:22:12,84.0,75.0,6.0,3.0
2021-08-05 20:22:13,94.0,80.0,4.0,10.0
2021-08-05 20:22:14,69.0,55.0,9.0,5.0
2021-08-05 20:22:15,81.0,74.0,3.0,4.0
2021-08-05 20:22:16,57.0,50.0,6.0,1.0
2021-08-05 20:22:17,100.0,91.0,4.0,5.0
2021-08-05 20:22:18,83.0,71.0,8.0,4.0
2021-08-05 20:22:19,75.0,64.0,9.0,2.0
2021-08-05 20:22:20,83.0,79.0,3.0,1.0
2021-08-05 20:22:21,64.0,56.0,5.0,3.0
2021-08-05 20:22:22,86.0,73.0,7.0,6.0
2021-08-05 20:22:23,90.0,79.0,10.0,1.0
2021-08-05 20:22:24,79.0,70.0,7.0,2.0
2021-08-05 20:22:25,73.0,66.0,7.0,0.0
2021-08-05 20:22:26,69.0,63.0,1.0,5.0
2021-08-05 20:22:27,91.0,72.0,13.0,6.0
2021-08-05 20:22:28,89.0,76.0,7.0,6.0
2021-08-05 20:22:29,82.0,75.0,5.0,2.0
2021-08-05 20:22:30,89.0,79.0,8.0,2.0
2021-08-05 20:22:31,79.0,69.0,7.0,3.0
2021-08-05 20:22:32,90.0,78.0,9.0,3.0
2021-08-05 20:22:33,88.0,79.0,4.0,5.0
2021-08-05 20:22:34,72.0,60.0,9.0,3.0
2021-08-05 20:22:35,68.0,57.0,8.0,3.0
2021-08-05 20:22:36,82.0,70.0,9.0,3.0
2021-08-05 20:22:37,78.0,64.0,11.0,3.0
2021-08-05 20:22:38,82.0,70.0,7.0,5.0
2021-08-05 20:22:39,107.0,96.0,5.0,6.0
2021-08-05 20:22:40,96.0,80.0,10.0,6.0
2021-08-05 20:22:41,80.0,68.0,6.0,6.0
2021-08-05 20:22:42,95.0,81.0,6.0,8.0
2021-08-05 20:22:43,102.0,91.0,8.0,3.0
2021-08-05 20:22:44,76.0,67.0,5.0,4.0
2021-08-05 20:22:45,89.0,71.0,12.0,6.0
2021-08-05 20:22:46,78.0,70.0,5.0,3.0
2021-08-05 20:22:47,66.0,55.0,6.0,5.0
2021-08-05 20:22:48,78.0,67.0,6.0,5.0
2021-08-05 20:22:49,101.0,92.0,6.0,3.0
2021-08-05 20:22:50,87.0,73.0,10.0,4.0
2021-08-05 20:22:51,77.0,65.0,9.0,3.0
2021-08-05 20:22:52,81.0,68.0,5.0,8.0
2021-08-05 20:22:53,71.0,61.0,7.0,3.0
2021-08-05 20:22:54,97.0,82.0,10.0,5.0
2021-08-05 20:22:55,73.0,66.0,2.0,5.0
2021-08-05 20:22:56,85.0,68.0,11.0,6.0
2021-08-05 20:22:57,86.0,73.0,6.0,7.0
2021-08-05 20:22:58,84.0,69.0,11.0,4.0
2021-08-05 20:22:59,91.0,84.0,3.0,4.0
2021-08-05 20:23:00,81.0,71.0,6.0,4.0
2021-08-05 20:23:01,79.0,69.0,9.0,1.0
2021-08-05 20:23:02,81.0,68.0,8.0,5.0
2021-08-05 20:23:03,72.0,68.0,3.0,1.0
2021-08-05 20:23:04,84.0,73.0,5.0,6.0
2021-08-05 20:23:05,83.0,75.0,4.0,4.0
2021-08-05 20:23:06,89.0,76.0,9.0,4.0
2021-08-05 20:23:07,78.0,69.0,6.0,3.0
2021-08-05 20:23:08,83.0,69.0,9.0,5.0
2021-08-05 20:23:09,87.0,73.0,10.0,4.0
2021-08-05 20:23:10,74.0,59.0,8.0,7.0
2021-08-05 20:23:11,69.0,53.0,11.0,5.0
2021-08-05 20:23:12,66.0,51.0,6.0,9.0
2021-08-05 20:23:13,89.0,73.0,12.0,4.0
2021-08-05 20:23:14,88.0,73.0,8.0,7.0
2021-08-05 20:23:15,81.0,73.0,7.0,1.0
2021-08-05 20:23:16,76.0,62.0,7.0,7.0
2021-08-05 20:23:17,73.0,63.0,6.0,4.0
2021-08-05 20:23:18,89.0,67.0,15.0,7.0
2021-08-05 20:23:19,84.0,77.0,1.0,6.0
2021-08-05 20:23:20,78.0,62.0,9.0,7.0
2021-08-05 20:23:21,91.0,75.0,9.0,7.0
2021-08-05 20:23:22,76.0,67.0,6.0,3.0
2021-08-05 20:23:23,86.0,71.0,7.0,8.0
2021-08-05 20:23:24,105.0,91.0,10.0,4.0
2021-08-05 20:23:25,82.0,68.0,4.0,10.0
2021-08-05 20:23:26,64.0,58.0,3.0,3.0
2021-08-05 20:23:27,89.0,77.0,6.0,6.0
2021-08-05 20:23:28,65.0,61.0,3.0,1.0
2021-08-05 20:23:29,90.0,75.0,6.0,9.0
2021-08-05 20:23:30,69.0,62.0,4.0,3.0
2021-08-05 20:23:31,75.0,66.0,6.0,3.0
2021-08-05 20:23:32,94.0,77.0,11.0,6.0
2021-08-05 20:23:33,81.0,66.0,9.0,6.0
2021-08-05 20:23:34,76.0,69.0,6.0,1.0
2021-08-05 20:23:35,77.0,71.0,3.0,3.0
2021-08-05 20:23:36,89.0,76.0,6.0,7.0
2021-08-05 20:23:37,80.0,70.0,7.0,3.0
2021-08-05 20:23:38,63.0,56.0,3.0,4.0
2021-08-05 20:23:39,79.0,66.0,7.0,6.0
2021-08-05 20:23:40,91.0,82.0,5.0,4.0
2021-08-05 20:23:41,91.0,87.0,4.0,0.0
2021-08-05 20:23:42,72.0,64.0,4.0,4.0
2021-08-05 20:23:43,85.0,73.0,9.0,3.0
2021-08-05 20:23:44,76.0,72.0,2.0,2.0
2021-08-05 20:23:45,88.0,73.0,10.0,5.0
2021-08-05 20:23:46,78.0,67.0,5.0,6.0
2021-08-05 20:23:47,91.0,76.0,7.0,8.0
2021-08-05 20:23:48,83.0,74.0,5.0,4.0
2021-08-05 20:23:49,74.0,63.0,8.0,3.0
2021-08-05 20:23:50,87.0,72.0,12.0,3.0
2021-08-05 20:23:51,85.0,74.0,7.0,4.0
2021-08-05 20:23:52,81.0,71.0,7.0,3.0
2021-08-05 20:23:53,84.0,66.0,11.0,7.0
2021-08-05 20:23:54,76.0,60.0,11.0,5.0
2021-08-05 20:23:55,85.0,65.0,13.0,7.0
2021-08-05 20:23:56,87.0,79.0,5.0,3.0
2021-08-05 20:23:57,96.0,83.0,7.0,6.0
2021-08-05 20:23:58,66.0,62.0,2.0,2.0
2021-08-05 20:23:59,92.0,86.0,3.0,3.0
2021-08-05 20:24:00,78.0,72.0,3.0,3.0
2021-08-05 20:24:01,85.0,73.0,7.0,5.0
2021-08-05 20:24:02,67.0,57.0,5.0,5.0
2021-08-05 20:24:03,75.0,67.0,6.0,2.0
2021-08-05 20:24:04,92.0,80.0,5.0,7.0
2021-08-05 20:24:05,88.0,72.0,12.0,4.0
2021-08-05 20:24:06,76.0,65.0,11.0,0.0
2021-08-05 20:24:07,70.0,59.0,9.0,2.0
2021-08-05 20:24:08,92.0,78.0,11.0,3.0
2021-08-05 20:24:09,83.0,68.0,8.0,7.0
2021-08-05 20:24:10,103.0,89.0,7.0,7.0
2021-08-05 20:24:11,87.0,74.0,10.0,3.0
2021-08-05 20:24:12,81.0,71.0,7.0,3.0
2021-08-05 20:24:13,77.0,68.0,5.0,4.0
2021-08-05 20:24:14,100.0,91.0,5.0,4.0
2021-08-05 20:24:15,86.0,73.0,9.0,4.0
2021-08-05 20:24:16,79.0,71.0,3.0,5.0
2021-08-05 20:24:17,97.0,83.0,8.0,6.0
2021-08-05 20:24:18,86.0,78.0,5.0,3.0
2021-08-05 20:24:19,87.0,79.0,5.0,3.0
2021-08-05 20:24:20,74.0,69.0,3.0,2.0
2021-08-05 20:24:21,99.0,84.0,5.0,10.0
2021-08-05 20:24:22,81.0,69.0,7.0,5.0
2021-08-05 20:24:23,85.0,77.0,5.0,3.0
2021-08-05 20:24:24,94.0,84.0,3.0,7.0
2021-08-05 20:24:25,91.0,74.0,11.0,6.0
2021-08-05 20:24:26,92.0,84.0,4.0,4.0
2021-08-05 20:24:27,76.0,60.0,11.0,5.0
2021-08-05 20:24:28,80.0,73.0,3.0,4.0
2021-08-05 20:24:29,76.0,64.0,8.0,4.0
2021-08-05 20:24:30,84.0,76.0,4.0,4.0
2021-08-05 20:24:31,76.0,67.0,8.0,1.0
2021-08-05 20:24:32,91.0,78.0,6.0,7.0
2021-08-05 20:24:33,88.0,78.0,8.0,2.0
2021-08-05 20:24:34,80.0,66.0,7.0,7.0
2021-08-05 20:24:35,92.0,72.0,11.0,9.0
2021-08-05 20:24:36,80.0,68.0,4.0,8.0
2021-08-05 20:24:37,86.0,71.0,10.0,5.0
2021-08-05 20:24:38,84.0,76.0,7.0,1.0
2021-08-05 20:24:39,81.0,70.0,6.0,5.0
2021-08-05 20:24:40,65.0,58.0,5.0,2.0
2021-08-05 20:24:41,87.0,73.0,8.0,6.0
2021-08-05 20:24:42,90.0,78.0,8.0,4.0
2021-08-05 20:24:43,88.0,76.0,10.0,2.0
2021-08-05 20:24:44,90.0,74.0,9.0,7.0
2021-08-05 20:24:45,63.0,50.0,6.0,7.0
2021-08-05 20:24:46,75.0,63.0,7.0,5.0
2021-08-05 20:24:47,90.0,77.0,8.0,5.0
2021-08-05 20:24:48,100.0,83.0,14.0,3.0
2021-08-05 20:24:49,85.0,74.0,6.0,5.0
2021-08-05 20:24:50,92.0,79.0,7.0,6.0
2021-08-05 20:24:51,79.0,69.0,6.0,4.0
2021-08-05 20:24:52,64.0,58.0,5.0,1.0
2021-08-05 20:24:53,80.0,64.0,11.0,5.0
2021-08-05 20:24:54,70.0,60.0,8.0,2.0
2021-08-05 20:24:55,87.0,78.0,3.0,6.0
2021-08-05 20:24:56,71.0,60.0,6.0,5.0
2021-08-05 20:24:57,77.0,69.0,4.0,4.0
2021-08-05 20:24:58,82.0,65.0,9.0,8.0
2021-08-05 20:24:59,90.0,78.0,8.0,4.0
2021-08-05 20:25:00,77.0,72.0,4.0,1.0
2021-08-05 20:25:01,84.0,68.0,8.0,8.0
2021-08-05 20:25:02,82.0,70.0,5.0,7.0
2021-08-05 20:25:03,72.0,65.0,3.0,4.0
2021-08-05 20:25:04,83.0,76.0,4.0,3.0
2021-08-05 20:25:05,76.0,59.0,9.0,8.0
2021-08-05 20:25:06,96.0,88.0,2.0,6.0
2021-08-05 20:25:07,71.0,62.0,6.0,3.0
2021-08-05 20:25:08,89.0,76.0,7.0,6.0
2021-08-05 20:25:09,81.0,71.0,6.0,4.0
2021-08-05 20:25:10,83.0,72.0,7.0,4.0
2021-08-05 20:25:11,77.0,68.0,6.0,3.0
2021-08-05 20:25:12,83.0,73.0,5.0,5.0
2021-08-05 20:25:13,65.0,56.0,6.0,3.0
2021-08-05 20:25:14,83.0,75.0,6.0,2.0
2021-08-05 20:25:15,94.0,80.0,9.0,5.0
2021-08-05 20:25:16,69.0,62.0,7.0,0.0
2021-08-05 20:25:17,69.0,59.0,7.0,3.0
2021-08-05 20:25:18,86.0,72.0,8.0,6.0
2021-08-05 20:25:19,91.0,85.0,4.0,2.0
2021-08-05 20:25:20,84.0,69.0,12.0,3.0
2021-08-05 20:25:21,89.0,80.0,6.0,3.0
2021-08-05 20:25:22,85.0,71.0,9.0,5.0
2021-08-05 20:25:23,76.0,68.0,6.0,2.0
2021-08-05 20:25:24,93.0,80.0,8.0,5.0
2021-08-05 20:25:25,100.0,92.0,6.0,2.0
2021-08-05 20:25:26,82.0,72.0,7.0,3.0
2021-08-05 20:25:27,80.0,63.0,11.0,6.0
2021-08-05 20:25:28,83.0,72.0,8.0,3.0
2021-08-05 20:25:29,82.0,69.0,8.0,5.0
2021-08-05 20:25:30,79.0,73.0,5.0,1.0
2021-08-05 20:25:31,79.0,70.0,6.0,3.0
2021-08-05 20:25:32,66.0,54.0,9.0,3.0
2021-08-05 20:25:33,79.0,70.0,5.0,4.0
2021-08-05 20:25:34,74.0,67.0,4.0,3.0
2021-08-05 20:25:35,96.0,86.0,8.0,2.0
2021-08-05 20:25:36,70.0,53.0,9.0,8.0
2021-08-05 20:25:37,82.0,70.0,7.0,5.0
2021-08-05 20:25:38,88.0,76.0,9.0,3.0
2021-08-05 20:25:39,90.0,81.0,5.0,4.0
2021-08-05 20:25:40,85.0,77.0,7.0,1.0
2021-08-05 20:25:41,76.0,66.0,8.0,2.0
2021-08-05 20:25:42,79.0,74.0,2.0,3.0
2021-08-05 20:25:43,70.0,63.0,3.0,4.0
2021-08-05 20:25:44,79.0,69.0,3.0,7.0
2021-08-05 20:25:45,64.0,55.0,4.0,5.0
2021-08-05 20:25:46,84.0,65.0,7.0,12.0
2021-08-05 20:25:47,84.0,76.0,3.0,5.0
2021-08-05 20:25:48,92.0,82.0,7.0,3.0
2021-08-05 20:25:49,83.0,72.0,6.0,5.0
2021-08-05 20:25:50,81.0,71.0,6.0,4.0
2021-08-05 20:25:51,79.0,64.0,10.0,5.0
2021-08-05 20:25:52,78.0,66.0,8.0,4.0
2021-08-05 20:25:53,84.0,77.0,7.0,0.0
2021-08-05 20:25:54,72.0,59.0,9.0,4.0
2021-08-05 20:25:55,79.0,65.0,8.0,6.0
2021-08-05 20:25:56,98.0,83.0,11.0,4.0
2021-08-05 20:25:57,75.0,63.0,7.0,5.0
2021-08-05 20:25:58,69.0,61.0,2.0,6.0
2021-08-05 20:25:59,79.0,73.0,4.0,2.0
2021-08-05 20:26:00,84.0,76.0,6.0,2.0
2021-08-05 20:26:01,79.0,72.0,6.0,1.0
2021-08-05 20:26:02,75.0,68.0,4.0,3.0
2021-08-05 20:26:03,52.0,45.0,5.0,2.0
2021-08-05 20:26:04,73.0,58.0,11.0,4.0
2021-08-05 20:26:05,87.0,71.0,10.0,6.0
2021-08-05 20:26:06,75.0,63.0,6.0,6.0
2021-08-05 20:26:07,83.0,79.0,2.0,2.0
2021-08-05 20:26:08,84.0,77.0,5.0,2.0
2021-08-05 20:26:09,67.0,56.0,6.0,5.0
2021-08-05 20:26:10,89.0,75.0,5.0,9.0
2021-08-05 20:26:11,98.0,83.0,9.0,6.0
2021-08-05 20:26:12,84.0,75.0,6.0,3.0
2021-08-05 20:26:13,75.0,63.0,6.0,6.0
2021-08-05 20:26:14,70.0,56.0,7.0,7.0
2021-08-05 20:26:15,75.0,66.0,4.0,5.0
2021-08-05 20:26:16,85.0,74.0,5.0,6.0
2021-08-05 20:26:17,80.0,72.0,5.0,3.0
2021-08-05 20:26:18,92.0,80.0,9.0,3.0
2021-08-05 20:26:19,80.0,72.0,3.0,5.0
2021-08-05 20:26:20,72.0,62.0,7.0,3.0
2021-08-05 20:26:21,79.0,72.0,5.0,2.0
2021-08-05 20:26:22,94.0,84.0,7.0,3.0
2021-08-05 20:26:23,73.0,56.0,10.0,7.0
2021-08-05 20:26:24,83.0,69.0,10.0,4.0
2021-08-05 20:26:25,88.0,74.0,7.0,7.0
2021-08-05 20:26:26,76.0,65.0,7.0,4.0
2021-08-05 20:26:27,81.0,70.0,7.0,4.0
2021-08-05 20:26:28,66.0,60.0,4.0,2.0
2021-08-05 20:26:29,75.0,67.0,7.0,1.0
2021-08-05 20:26:30,67.0,56.0,7.0,4.0
2021-08-05 20:26:31,71.0,65.0,5.0,1.0
2021-08-05 20:26:32,75.0,65.0,6.0,4.0
2021-08-05 20:26:33,85.0,71.0,8.0,6.0
2021-08-05 20:26:34,88.0,74.0,11.0,3.0
2021-08-05 20:26:35,88.0,76.0,10.0,2.0
2021-08-05 20:26:36,89.0,82.0,3.0,4.0
2021-08-05 20:26:37,69.0,64.0,4.0,1.0
2021-08-05 20:26:38,88.0,75.0,8.0,5.0
2021-08-05 20:26:39,74.0,66.0,2.0,6.0
2021-08-05 20:26:40,75.0,67.0,6.0,2.0
2021-08-05 20:26:41,84.0,78.0,4.0,2.0
2021-08-05 20:26:42,75.0,63.0,9.0,3.0
2021-08-05 20:26:43,81.0,71.0,6.0,4.0
2021-08-05 20:26:44,93.0,78.0,9.0,6.0
2021-08-05 20:26:45,85.0,75.0,7.0,3.0
2021-08-05 20:26:46,85.0,73.0,7.0,5.0
2021-08-05 20:26:47,80.0,69.0,2.0,9.0
2021-08-05 20:26:48,82.0,71.0,6.0,5.0
2021-08-05 20:26:49,83.0,71.0,7.0,5.0
2021-08-05 20:26:50,81.0,73.0,5.0,3.0
2021-08-05 20:26:51,101.0,88.0,8.0,5.0
2021-08-05 20:26:52,108.0,97.0,7.0,4.0
2021-08-05 20:26:53,83.0,74.0,5.0,4.0
2021-08-05 20:26:54,96.0,85.0,4.0,7.0
2021-08-05 20:26:55,68.0,60.0,5.0,3.0
2021-08-05 20:26:56,89.0,80.0,7.0,2.0
2021-08-05 20:26:57,99.0,85.0,8.0,6.0
2021-08-05 20:26:58,86.0,72.0,13.0,1.0
2021-08-05 20:26:59,80.0,68.0,5.0,7.0
2021-08-05 20:27:00,75.0,65.0,5.0,5.0
2021-08-05 20:27:01,79.0,69.0,7.0,3.0
2021-08-05 20:27:02,78.0,66.0,8.0,4.0
2021-08-05 20:27:03,88.0,76.0,6.0,6.0
2021-08-05 20:27:04,95.0,81.0,9.0,5.0
2021-08-05 20:27:05,62.0,54.0,7.0,1.0
2021-08-05 20:27:06,69.0,62.0,2.0,5.0
2021-08-05 20:27:07,86.0,76.0,9.0,1.0
2021-08-05 20:27:08,89.0,84.0,3.0,2.0
2021-08-05 20:27:09,78.0,64.0,11.0,3.0
2021-08-05 20:27:10,83.0,73.0,6.0,4.0
2021-08-05 20:27:11,97.0,87.0,7.0,3.0
2021-08-05 20:27:12,84.0,75.0,7.0,2.0
2021-08-05 20:27:13,69.0,56.0,8.0,5.0
2021-08-05 20:27:14,79.0,68.0,8.0,3.0
2021-08-05 20:27:15,79.0,73.0,5.0,1.0
2021-08-05 20:27:16,84.0,73.0,5.0,6.0
2021-08-05 20:27:17,68.0,62.0,2.0,4.0
2021-08-05 20:27:18,75.0,65.0,3.0,7.0
2021-08-05 20:27:19,82.0,68.0,7.0,7.0
2021-08-05 20:27:20,75.0,70.0,3.0,2.0
2021-08-05 20:27:21,81.0,68.0,9.0,4.0
2021-08-05 20:27:22,77.0,67.0,7.0,3.0
2021-08-05 20:27:23,78.0,62.0,11.0,5.0
2021-08-05 20:27:24,85.0,73.0,9.0,3.0
2021-08-05 20:27:25,80.0,73.0,4.0,3.0
2021-08-05 20:27:26,96.0,93.0,1.0,2.0
2021-08-05 20:27:27,76.0,66.0,4.0,6.0
2021-08-05 20:27:28,82.0,69.0,5.0,8.0
2021-08-05 20:27:29,85.0,72.0,5.0,8.0
2021-08-05 20:27:30,79.0,66.0,7.0,6.0
2021-08-05 20:27:31,78.0,65.0,7.0,6.0
2021-08-05 20:27:32,78.0,67.0,6.0,5.0
2021-08-05 20:27:33,84.0,72.0,10.0,2.0
2021-08-05 20:27:34,77.0,67.0,7.0,3.0
2021-08-05 20:27:35,70.0,62.0,6.0,2.0
2021-08-05 20:27:36,77.0,68.0,4.0,5.0
2021-08-05 20:27:37,92.0,83.0,8.0,1.0
2021-08-05 20:27:38,76.0,68.0,5.0,3.0
2021-08-05 20:27:39,76.0,70.0,5.0,1.0
2021-08-05 20:27:40,75.0,66.0,6.0,3.0
2021-08-05 20:27:41,84.0,73.0,5.0,6.0
2021-08-05 20:27:42,89.0,74.0,10.0,5.0
2021-08-05 20:27:43,77.0,64.0,8.0,5.0
2021-08-05 20:27:44,93.0,84.0,6.0,3.0
2021-08-05 20:27:45,89.0,73.0,11.0,5.0
2021-08-05 20:27:46,83.0,73.0,9.0,1.0
2021-08-05 20:27:47,89.0,77.0,8.0,4.0
2021-08-05 20:27:48,81.0,71.0,8.0,2.0
2021-08-05 20:27:49,87.0,76.0,8.0,3.0
2021-08-05 20:27:50,61.0,51.0,6.0,4.0
2021-08-05 20:27:51,92.0,82.0,5.0,5.0
2021-08-05 20:27:52,81.0,69.0,10.0,2.0
2021-08-05 20:27:53,74.0,65.0,4.0,5.0
2021-08-05 20:27:54,80.0,65.0,9.0,6.0
2021-08-05 20:27:55,90.0,80.0,6.0,4.0
2021-08-05 20:27:56,78.0,72.0,4.0,2.0
2021-08-05 20:27:57,78.0,70.0,5.0,3.0
2021-08-05 20:27:58,93.0,83.0,6.0,4.0
2021-08-05 20:27:59,85.0,75.0,7.0,3.0
2021-08-05 20:28:00,89.0,78.0,6.0,5.0
2021-08-05 20:28:01,77.0,67.0,5.0,5.0
2021-08-05 20:28:02,96.0,85.0,8.0,3.0
2021-08-05 20:28:03,85.0,76.0,7.0,2.0
2021-08-05 20:28:04,96.0,82.0,11.0,3.0
2021-08-05 20:28:05,89.0,77.0,9.0,3.0
2021-08-05 20:28:06,67.0,61.0,4.0,2.0
2021-08-05 20:28:07,82.0,76.0,3.0,3.0
2021-08-05 20:28:08,63.0,55.0,2.0,6.0
2021-08-05 20:28:09,77.0,66.0,5.0,6.0
2021-08-05 20:28:10,78.0,68.0,4.0,6.0
2021-08-05 20:28:11,88.0,77.0,4.0,7.0
2021-08-05 20:28:12,74.0,69.0,3.0,2.0
2021-08-05 20:28:13,70.0,61.0,3.0,6.0
2021-08-05 20:28:14,87.0,73.0,6.0,8.0
2021-08-05 20:28:15,76.0,60.0,12.0,4.0
2021-08-05 20:28:16,80.0,64.0,9.0,7.0
2021-08-05 20:28:17,68.0,56.0,9.0,3.0
2021-08-05 20:28:18,72.0,62.0,8.0,2.0
2021-08-05 20:28:19,66.0,56.0,8.0,2.0
2021-08-05 20:28:20,87.0,73.0,9.0,5.0
2021-08-05 20:28:21,81.0,69.0,5.0,7.0
2021-08-05 20:28:22,89.0,80.0,5.0,4.0
2021-08-05 20:28:23,95.0,88.0,4.0,3.0
2021-08-05 20:28:24,75.0,65.0,5.0,5.0
2021-08-05 20:28:25,78.0,69.0,6.0,3.0
2021-08-05 20:28:26,81.0,76.0,3.0,2.0
2021-08-05 20:28:27,80.0,70.0,4.0,6.0
2021-08-05 20:28:28,72.0,61.0,7.0,4.0
2021-08-05 20:28:29,77.0,67.0,2.0,8.0
2021-08-05 20:28:30,85.0,77.0,5.0,3.0
2021-08-05 20:28:31,84.0,77.0,4.0,3.0
2021-08-05 20:28:32,83.0,71.0,8.0,4.0
2021-08-05 20:28:33,91.0,74.0,10.0,7.0
2021-08-05 20:28:34,79.0,67.0,5.0,7.0
2021-08-05 20:28:35,82.0,71.0,6.0,5.0
2021-08-05 20:28:36,84.0,77.0,5.0,2.0
2021-08-05 20:28:37,76.0,59.0,15.0,2.0
2021-08-05 20:28:38,69.0,57.0,6.0,6.0
2021-08-05 20:28:39,81.0,75.0,5.0,1.0
2021-08-05 20:28:40,76.0,71.0,3.0,2.0
2021-08-05 20:28:41,82.0,71.0,4.0,7.0
2021-08-05 20:28:42,96.0,86.0,5.0,5.0
2021-08-05 20:28:43,83.0,70.0,8.0,5.0
2021-08-05 20:28:44,69.0,57.0,7.0,5.0
2021-08-05 20:28:45,74.0,67.0,4.0,3.0
2021-08-05 20:28:46,80.0,70.0,3.0,7.0
2021-08-05 20:28:47,67.0,55.0,8.0,4.0
2021-08-05 20:28:48,91.0,79.0,8.0,4.0
2021-08-05 20:28:49,69.0,63.0,3.0,3.0
2021-08-05 20:28:50,78.0,62.0,10.0,6.0
2021-08-05 20:28:51,79.0,68.0,8.0,3.0
2021-08-05 20:28:52,90.0,81.0,5.0,4.0
2021-08-05 20:28:53,81.0,70.0,6.0,5.0
2021-08-05 20:28:54,77.0,71.0,5.0,1.0
2021-08-05 20:28:55,74.0,65.0,3.0,6.0
2021-08-05 20:28:56,82.0,74.0,6.0,2.0
2021-08-05 20:28:57,76.0,58.0,13.0,5.0
2021-08-05 20:28:58,83.0,72.0,6.0,5.0
2021-08-05 20:28:59,83.0,66.0,11.0,6.0
2021-08-05 20:29:00,84.0,79.0,4.0,1.0
2021-08-05 20:29:01,80.0,65.0,11.0,4.0
2021-08-05 20:29:02,102.0,96.0,3.0,3.0
2021-08-05 20:29:03,73.0,64.0,6.0,3.0
2021-08-05 20:29:04,78.0,71.0,3.0,4.0
2021-08-05 20:29:05,83.0,74.0,5.0,4.0
2021-08-05 20:29:06,67.0,58.0,3.0,6.0
2021-08-05 20:29:07,83.0,68.0,10.0,5.0
2021-08-05 20:29:08,82.0,77.0,2.0,3.0
2021-08-05 20:29:09,92.0,80.0,9.0,3.0
2021-08-05 20:29:10,75.0,66.0,4.0,5.0
2021-08-05 20:29:11,89.0,79.0,5.0,5.0
2021-08-05 20:29:12,88.0,72.0,10.0,6.0
2021-08-05 20:29:13,92.0,79.0,6.0,7.0
2021-08-05 20:29:14,89.0,76.0,9.0,4.0
2021-08-05 20:29:15,83.0,72.0,5.0,6.0
2021-08-05 20:29:16,74.0,63.0,5.0,6.0
2021-08-05 20:29:17,94.0,75.0,12.0,7.0
2021-08-05 20:29:18,77.0,68.0,6.0,3.0
2021-08-05 20:29:19,87.0,81.0,4.0,2.0
2021-08-05 20:29:20,90.0,80.0,5.0,5.0
2021-08-05 20:29:21,96.0,84.0,7.0,5.0
2021-08-05 20:29:22,98.0,90.0,7.0,1.0
2021-08-05 20:29:23,59.0,51.0,6.0,2.0
2021-08-05 20:29:24,86.0,75.0,7.0,4.0
2021-08-05 20:29:25,70.0,58.0,6.0,6.0
2021-08-05 20:29:26,79.0,72.0,5.0,2.0
2021-08-05 20:29:27,94.0,84.0,7.0,3.0
2021-08-05 20:29:28,79.0,70.0,6.0,3.0
2021-08-05 20:29:29,66.0,60.0,4.0,2.0
2021-08-05 20:29:30,84.0,73.0,6.0,5.0
2021-08-05 20:29:31,88.0,76.0,10.0,2.0
2021-08-05 20:29:32,76.0,67.0,4.0,5.0
2021-08-05 20:29:33,88.0,71.0,11.0,6.0
2021-08-05 20:29:34,82.0,68.0,7.0,7.0
2021-08-05 20:29:35,56.0,46.0,5.0,5.0
2021-08-05 20:29:36,102.0,86.0,10.0,6.0
2021-08-05 20:29:37,87.0,78.0,6.0,3.0
2021-08-05 20:29:38,89.0,75.0,9.0,5.0
2021-08-05 20:29:39,76.0,62.0,10.0,4.0
2021-08-05 20:29:40,95.0,83.0,10.0,2.0
2021-08-05 20:29:41,94.0,85.0,7.0,2.0
2021-08-05 20:29:42,71.0,59.0,6.0,6.0
2021-08-05 20:29:43,88.0,71.0,11.0,6.0
2021-08-05 20:29:44,62.0,52.0,5.0,5.0
2021-08-05 20:29:45,98.0,86.0,5.0,7.0
2021-08-05 20:29:46,99.0,85.0,11.0,3.0
2021-08-05 20:29:47,79.0,71.0,3.0,5.0
2021-08-05 20:29:48,80.0,70.0,7.0,3.0
2021-08-05 20:29:49,78.0,61.0,10.0,7.0
2021-08-05 20:29:50,72.0,66.0,4.0,2.0
2021-08-05 20:29:51,92.0,78.0,9.0,5.0
2021-08-05 20:29:52,74.0,63.0,8.0,3.0
2021-08-05 20:29:53,89.0,74.0,11.0,4.0
2021-08-05 20:29:54,86.0,74.0,8.0,4.0
2021-08-05 20:29:55,86.0,73.0,8.0,5.0
2021-08-05 20:29:56,80.0,74.0,3.0,3.0
2021-08-05 20:29:57,65.0,57.0,8.0,0.0
2021-08-05 20:29:58,67.0,61.0,4.0,2.0
2021-08-05 20:29:59,76.0,61.0,10.0,5.0
2021-08-05 20:30:00,95.0,78.0,8.0,9.0
2021-08-05 20:30:01,86.0,78.0,6.0,2.0
2021-08-05 20:30:02,71.0,61.0,5.0,5.0
2021-08-05 20:30:03,93.0,82.0,8.0,3.0
2021-08-05 20:30:04,90.0,76.0,9.0,5.0
2021-08-05 20:30:05,58.0,51.0,5.0,2.0
2021-08-05 20:30:06,80.0,70.0,7.0,3.0
2021-08-05 20:30:07,91.0,80.0,8.0,3.0
2021-08-05 20:30:08,80.0,64.0,9.0,7.0
2021-08-05 20:30:09,91.0,73.0,13.0,5.0
2021-08-05 20:30:10,91.0,79.0,9.0,3.0
2021-08-05 20:30:11,90.0,86.0,1.0,3.0
2021-08-05 20:30:12,76.0,60.0,13.0,3.0
2021-08-05 20:30:13,97.0,85.0,4.0,8.0
2021-08-05 20:30:14,79.0,69.0,4.0,6.0
2021-08-05 20:30:15,68.0,62.0,3.0,3.0
2021-08-05 20:30:16,74.0,66.0,4.0,4.0
2021-08-05 20:30:17,74.0,66.0,5.0,3.0
2021-08-05 20:30:18,63.0,57.0,3.0,3.0
2021-08-05 20:30:19,87.0,78.0,6.0,3.0
2021-08-05 20:30:20,70.0,60.0,3.0,7.0
2021-08-05 20:30:21,89.0,78.0,5.0,6.0
2021-08-05 20:30:22,71.0,60.0,7.0,4.0
2021-08-05 20:30:23,84.0,77.0,3.0,4.0
2021-08-05 20:30:24,69.0,58.0,9.0,2.0
2021-08-05 20:30:25,90.0,80.0,8.0,2.0
2021-08-05 20:30:26,66.0,58.0,6.0,2.0
2021-08-05 20:30:27,84.0,74.0,7.0,3.0
2021-08-05 20:30:28,72.0,61.0,6.0,5.0
2021-08-05 20:30:29,80.0,70.0,5.0,5.0
2021-08-05 20:30:30,79.0,69.0,6.0,4.0
2021-08-05 20:30:31,88.0,78.0,6.0,4.0
2021-08-05 20:30:32,64.0,53.0,8.0,3.0
2021-08-05 20:30:33,82.0,69.0,5.0,8.0
2021-08-05 20:30:34,81.0,72.0,6.0,3.0
2021-08-05 20:30:35,65.0,58.0,3.0,4.0
2021-08-05 20:30:36,98.0,89.0,7.0,2.0
2021-08-05 20:30:37,84.0,74.0,6.0,4.0
2021-08-05 20:30:38,88.0,69.0,7.0,12.0
2021-08-05 20:30:39,71.0,59.0,6.0,6.0
2021-08-05 20:30:40,84.0,70.0,9.0,5.0
2021-08-05 20:30:41,74.0,68.0,2.0,4.0
2021-08-05 20:30:42,75.0,66.0,6.0,3.0
2021-08-05 20:30:43,69.0,56.0,9.0,4.0
2021-08-05 20:30:44,88.0,85.0,2.0,1.0
2021-08-05 20:30:45,91.0,77.0,11.0,3.0
2021-08-05 20:30:46,74.0,63.0,9.0,2.0
2021-08-05 20:30:47,69.0,59.0,6.0,4.0
2021-08-05 20:30:48,59.0,50.0,6.0,3.0
2021-08-05 20:30:49,84.0,72.0,7.0,5.0
2021-08-05 20:30:50,80.0,68.0,8.0,4.0
2021-08-05 20:30:51,93.0,86.0,2.0,5.0
2021-08-05 20:30:52,93.0,86.0,5.0,2.0
2021-08-05 20:30:53,96.0,84.0,7.0,5.0
2021-08-05 20:30:54,101.0,83.0,7.0,11.0
2021-08-05 20:30:55,77.0,66.0,10.0,1.0
2021-08-05 20:30:56,101.0,91.0,5.0,5.0
2021-08-05 20:30:57,83.0,72.0,6.0,5.0
2021-08-05 20:30:58,77.0,67.0,5.0,5.0
2021-08-05 20:30:59,62.0,53.0,7.0,2.0
2021-08-05 20:31:00,105.0,95.0,6.0,4.0
2021-08-05 20:31:01,85.0,71.0,8.0,6.0
2021-08-05 20:31:02,83.0,69.0,6.0,8.0
2021-08-05 20:31:03,76.0,67.0,6.0,3.0
2021-08-05 20:31:04,79.0,67.0,11.0,1.0
2021-08-05 20:31:05,81.0,71.0,5.0,5.0
2021-08-05 20:31:06,86.0,75.0,6.0,5.0
2021-08-05 20:31:07,96.0,78.0,12.0,6.0
2021-08-05 20:31:08,91.0,79.0,6.0,6.0
2021-08-05 20:31:09,74.0,65.0,5.0,4.0
2021-08-05 20:31:10,78.0,69.0,5.0,4.0
2021-08-05 20:31:11,93.0,82.0,7.0,4.0
2021-08-05 20:31:12,91.0,75.0,5.0,11.0
2021-08-05 20:31:13,84.0,73.0,8.0,3.0
2021-08-05 20:31:14,88.0,75.0,8.0,5.0
2021-08-05 20:31:15,88.0,80.0,2.0,6.0
2021-08-05 20:31:16,76.0,63.0,11.0,2.0
2021-08-05 20:31:17,83.0,70.0,3.0,10.0
2021-08-05 20:31:18,70.0,63.0,6.0,1.0
2021-08-05 20:31:19,86.0,75.0,5.0,6.0
2021-08-05 20:31:20,95.0,82.0,8.0,5.0
2021-08-05 20:31:21,92.0,85.0,5.0,2.0
2021-08-05 20:31:22,102.0,87.0,8.0,7.0
2021-08-05 20:31:23,95.0,81.0,9.0,5.0
2021-08-05 20:31:24,74.0,64.0,5.0,5.0
2021-08-05 20:31:25,83.0,72.0,7.0,4.0
2021-08-05 20:31:26,67.0,56.0,8.0,3.0
2021-08-05 20:31:27,92.0,76.0,8.0,8.0
2021-08-05 20:31:28,92.0,83.0,4.0,5.0
2021-08-05 20:31:29,67.0,59.0,3.0,5.0
2021-08-05 20:31:30,75.0,66.0,4.0,5.0
2021-08-05 20:31:31,77.0,71.0,3.0,3.0
2021-08-05 20:31:32,96.0,85.0,7.0,4.0
2021-08-05 20:31:33,86.0,78.0,6.0,2.0
2021-08-05 20:31:34,88.0,76.0,6.0,6.0
2021-08-05 20:31:35,65.0,56.0,6.0,3.0
2021-08-05 20:31:36,75.0,63.0,8.0,4.0
2021-08-05 20:31:37,78.0,68.0,6.0,4.0
2021-08-05 20:31:38,88.0,75.0,8.0,5.0
2021-08-05 20:31:39,79.0,69.0,6.0,4.0
2021-08-05 20:31:40,88.0,75.0,8.0,5.0
2021-08-05 20:31:41,84.0,71.0,6.0,7.0
2021-08-05 20:31:42,72.0,62.0,4.0,6.0
2021-08-05 20:31:43,75.0,67.0,3.0,5.0
2021-08-05 20:31:44,90.0,74.0,9.0,7.0
2021-08-05 20:31:45,80.0,67.0,11.0,2.0
2021-08-05 20:31:46,82.0,74.0,7.0,1.0
2021-08-05 20:31:47,86.0,71.0,11.0,4.0
2021-08-05 20:31:48,68.0,61.0,4.0,3.0
2021-08-05 20:31:49,90.0,82.0,3.0,5.0
2021-08-05 20:31:50,74.0,65.0,4.0,5.0
2021-08-05 20:31:51,88.0,76.0,6.0,6.0
2021-08-05 20:31:52,68.0,56.0,6.0,6.0
2021-08-05 20:31:53,99.0,81.0,9.0,9.0
2021-08-05 20:31:54,87.0,80.0,2.0,5.0
2021-08-05 20:31:55,78.0,72.0,5.0,1.0
2021-08-05 20:31:56,76.0,66.0,7.0,3.0
2021-08-05 20:31:57,90.0,74.0,12.0,4.0
2021-08-05 20:31:58,89.0,80.0,9.0,0.0
2021-08-05 20:31:59,82.0,69.0,7.0,6.0
2021-08-05 20:32:00,87.0,76.0,4.0,7.0
2021-08-05 20:32:01,90.0,78.0,7.0,5.0
2021-08-05 20:32:02,71.0,65.0,4.0,2.0
2021-08-05 20:32:03,92.0,77.0,12.0,3.0
2021-08-05 20:32:04,91.0,81.0,3.0,7.0
2021-08-05 20:32:05,98.0,90.0,7.0,1.0
2021-08-05 20:32:06,75.0,65.0,8.0,2.0
2021-08-05 20:32:07,80.0,73.0,5.0,2.0
2021-08-05 20:32:08,77.0,68.0,6.0,3.0
2021-08-05 20:32:09,78.0,66.0,8.0,4.0
2021-08-05 20:32:10,79.0,67.0,8.0,4.0
2021-08-05 20:32:11,88.0,73.0,11.0,4.0
2021-08-05 20:32:12,95.0,76.0,11.0,8.0
2021-08-05 20:32:13,74.0,64.0,6.0,4.0
2021-08-05 20:32:14,77.0,71.0,3.0,3.0
2021-08-05 20:32:15,75.0,63.0,5.0,7.0
2021-08-05 20:32:16,86.0,77.0,6.0,3.0
2021-08-05 20:32:17,83.0,72.0,6.0,5.0
2021-08-05 20:32:18,92.0,85.0,2.0,5.0
2021-08-05 20:32:19,86.0,75.0,5.0,6.0
2021-08-05 20:32:20,84.0,70.0,7.0,7.0
2021-08-05 20:32:21,97.0,85.0,8.0,4.0
2021-08-05 20:32:22,69.0,63.0,5.0,1.0
2021-08-05 20:32:23,84.0,73.0,8.0,3.0
2021-08-05 20:32:24,72.0,62.0,7.0,3.0
2021-08-05 20:32:25,71.0,62.0,5.0,4.0
2021-08-05 20:32:26,69.0,64.0,4.0,1.0
2021-08-05 20:32:27,68.0,60.0,6.0,2.0
2021-08-05 20:32:28,84.0,74.0,2.0,8.0
2021-08-05 20:32:29,86.0,78.0,6.0,2.0
2021-08-05 20:32:30,79.0,71.0,4.0,4.0
2021-08-05 20:32:31,98.0,89.0,6.0,3.0
2021-08-05 20:32:32,79.0,71.0,5.0,3.0
2021-08-05 20:32:33,69.0,58.0,7.0,4.0
2021-08-05 20:32:34,79.0,67.0,10.0,2.0
2021-08-05 20:32:35,76.0,65.0,6.0,5.0
2021-08-05 20:32:36,81.0,76.0,4.0,1.0
2021-08-05 20:32:37,81.0,71.0,7.0,3.0
2021-08-05 20:32:38,81.0,76.0,3.0,2.0
2021-08-05 20:32:39,84.0,72.0,8.0,4.0
2021-08-05 20:32:40,90.0,83.0,3.0,4.0
2021-08-05 20:32:41,71.0,60.0,6.0,5.0
2021-08-05 20:32:42,80.0,71.0,4.0,5.0
2021-08-05 20:32:43,84.0,80.0,3.0,1.0
2021-08-05 20:32:44,89.0,77.0,7.0,5.0
2021-08-05 20:32:45,88.0,74.0,7.0,7.0
2021-08-05 20:32:46,83.0,74.0,5.0,4.0
2021-08-05 20:32:47,94.0,86.0,4.0,4.0
2021-08-05 20:32:48,66.0,63.0,0.0,3.0
2021-08-05 20:32:49,88.0,77.0,8.0,3.0
2021-08-05 20:32:50,95.0,87.0,2.0,6.0
2021-08-05 20:32:51,98.0,86.0,7.0,5.0
2021-08-05 20:32:52,83.0,69.0,9.0,5.0
2021-08-05 20:32:53,81.0,67.0,7.0,7.0
2021-08-05 20:32:54,91.0,85.0,2.0,4.0
2021-08-05 20:32:55,69.0,61.0,6.0,2.0
2021-08-05 20:32:56,79.0,71.0,3.0,5.0
2021-08-05 20:32:57,78.0,70.0,7.0,1.0
2021-08-05 20:32:58,78.0,68.0,6.0,4.0
2021-08-05 20:32:59,79.0,66.0,10.0,3.0
2021-08-05 20:33:00,61.0,53.0,5.0,3.0
2021-08-05 20:33:01,83.0,75.0,6.0,2.0
2021-08-05 20:33:02,97.0,82.0,7.0,8.0
2021-08-05 20:33:03,78.0,72.0,3.0,3.0
2021-08-05 20:33:04,72.0,66.0,4.0,2.0
2021-08-05 20:33:05,70.0,62.0,4.0,4.0
2021-08-05 20:33:06,86.0,68.0,13.0,5.0
2021-08-05 20:33:07,71.0,63.0,5.0,3.0
2021-08-05 20:33:08,75.0,67.0,6.0,2.0
2021-08-05 20:33:09,94.0,79.0,6.0,9.0
2021-08-05 20:33:10,68.0,63.0,2.0,3.0
2021-08-05 20:33:11,93.0,82.0,7.0,4.0
2021-08-05 20:33:12,75.0,64.0,5.0,6.0
2021-08-05 20:33:13,94.0,79.0,7.0,8.0
2021-08-05 20:33:14,80.0,70.0,7.0,3.0
2021-08-05 20:33:15,66.0,56.0,6.0,4.0
2021-08-05 20:33:16,85.0,67.0,8.0,10.0
2021-08-05 20:33:17,63.0,49.0,5.0,9.0
2021-08-05 20:33:18,87.0,76.0,9.0,2.0
2021-08-05 20:33:19,95.0,80.0,9.0,6.0
2021-08-05 20:33:20,76.0,62.0,9.0,5.0
2021-08-05 20:33:21,82.0,76.0,3.0,3.0
2021-08-05 20:33:22,73.0,64.0,3.0,6.0
2021-08-05 20:33:23,79.0,74.0,3.0,2.0
2021-08-05 20:33:24,86.0,78.0,6.0,2.0
2021-08-05 20:33:25,57.0,49.0,4.0,4.0
2021-08-05 20:33:26,75.0,64.0,7.0,4.0
2021-08-05 20:33:27,91.0,85.0,2.0,4.0
2021-08-05 20:33:28,74.0,60.0,9.0,5.0
2021-08-05 20:33:29,80.0,65.0,8.0,7.0
2021-08-05 20:33:30,89.0,73.0,10.0,6.0
2021-08-05 20:33:31,76.0,64.0,10.0,2.0
2021-08-05 20:33:32,73.0,61.0,8.0,4.0
2021-08-05 20:33:33,79.0,74.0,2.0,3.0
2021-08-05 20:33:34,78.0,65.0,10.0,3.0
2021-08-05 20:33:35,70.0,66.0,3.0,1.0
2021-08-05 20:33:36,91.0,80.0,7.0,4.0
2021-08-05 20:33:37,83.0,71.0,7.0,5.0
2021-08-05 20:33:38,88.0,80.0,3.0,5.0
2021-08-05 20:33:39,80.0,71.0,3.0,6.0
2021-08-05 20:33:40,78.0,71.0,2.0,5.0
2021-08-05 20:33:41,61.0,49.0,8.0,4.0
2021-08-05 20:33:42,107.0,96.0,5.0,6.0
2021-08-05 20:33:43,86.0,78.0,4.0,4.0
2021-08-05 20:33:44,84.0,78.0,2.0,4.0
2021-08-05 20:33:45,69.0,56.0,11.0,2.0
2021-08-05 20:33:46,89.0,73.0,12.0,4.0
2021-08-05 20:33:47,91.0,76.0,9.0,6.0
2021-08-05 20:33:48,81.0,72.0,3.0,6.0
2021-08-05 20:33:49,85.0,75.0,5.0,5.0
2021-08-05 20:33:50,88.0,76.0,8.0,4.0
2021-08-05 20:33:51,75.0,67.0,2.0,6.0
2021-08-05 20:33:52,74.0,62.0,7.0,5.0
2021-08-05 20:33:53,63.0,54.0,6.0,3.0
2021-08-05 20:33:54,72.0,61.0,6.0,5.0
2021-08-05 20:33:55,79.0,65.0,2.0,12.0
2021-08-05 20:33:56,78.0,64.0,7.0,7.0
2021-08-05 20:33:57,93.0,82.0,7.0,4.0
2021-08-05 20:33:58,79.0,68.0,10.0,1.0
2021-08-05 20:33:59,81.0,65.0,7.0,9.0
2021-08-05 20:34:00,76.0,66.0,4.0,6.0
2021-08-05 20:34:01,77.0,64.0,6.0,7.0
2021-08-05 20:34:02,69.0,60.0,7.0,2.0
2021-08-05 20:34:03,75.0,57.0,12.0,6.0
2021-08-05 20:34:04,78.0,69.0,7.0,2.0
2021-08-05 20:34:05,71.0,62.0,5.0,4.0
2021-08-05 20:34:06,80.0,68.0,10.0,2.0
2021-08-05 20:34:07,86.0,76.0,2.0,8.0
2021-08-05 20:34:08,81.0,70.0,7.0,4.0
2021-08-05 20:34:09,76.0,69.0,6.0,1.0
2021-08-05 20:34:10,89.0,82.0,4.0,3.0
2021-08-05 20:34:11,92.0,78.0,9.0,5.0
2021-08-05 20:34:12,72.0,60.0,9.0,3.0
2021-08-05 20:34:13,89.0,76.0,4.0,9.0
2021-08-05 20:34:14,76.0,62.0,10.0,4.0
2021-08-05 20:34:15,98.0,86.0,6.0,6.0
2021-08-05 20:34:16,78.0,62.0,12.0,4.0
2021-08-05 20:34:17,79.0,59.0,13.0,7.0
2021-08-05 20:34:18,107.0,94.0,11.0,2.0
2021-08-05 20:34:19,68.0,58.0,7.0,3.0
2021-08-05 20:34:20,78.0,66.0,11.0,1.0
2021-08-05 20:34:21,84.0,70.0,8.0,6.0
2021-08-05 20:34:22,89.0,73.0,10.0,6.0
2021-08-05 20:34:23,78.0,71.0,5.0,2.0
2021-08-05 20:34:24,75.0,63.0,5.0,7.0
2021-08-05 20:34:25,76.0,64.0,5.0,7.0
2021-08-05 20:34:26,81.0,67.0,10.0,4.0
2021-08-05 20:34:27,66.0,58.0,3.0,5.0
2021-08-05 20:34:28,87.0,77.0,5.0,5.0
2021-08-05 20:34:29,85.0,78.0,5.0,2.0
2021-08-05 20:34:30,76.0,65.0,8.0,3.0
2021-08-05 20:34:31,80.0,69.0,6.0,5.0
2021-08-05 20:34:32,71.0,60.0,8.0,3.0
2021-08-05 20:34:33,83.0,72.0,7.0,4.0
2021-08-05 20:34:34,89.0,79.0,7.0,3.0
2021-08-05 20:34:35,90.0,75.0,8.0,7.0
2021-08-05 20:34:36,94.0,83.0,8.0,3.0
2021-08-05 20:34:37,92.0,76.0,6.0,10.0
2021-08-05 20:34:38,83.0,72.0,6.0,5.0
2021-08-05 20:34:39,89.0,81.0,5.0,3.0
2021-08-05 20:34:40,78.0,72.0,6.0,0.0
2021-08-05 20:34:41,86.0,73.0,7.0,6.0
2021-08-05 20:34:42,79.0,74.0,2.0,3.0
2021-08-05 20:34:43,89.0,82.0,3.0,4.0
2021-08-05 20:34:44,86.0,74.0,9.0,3.0
2021-08-05 20:34:45,73.0,64.0,5.0,4.0
2021-08-05 20:34:46,80.0,67.0,9.0,4.0
2021-08-05 20:34:47,75.0,69.0,3.0,3.0
2021-08-05 20:34:48,83.0,69.0,6.0,8.0
2021-08-05 20:34:49,94.0,87.0,5.0,2.0
2021-08-05 20:34:50,82.0,69.0,7.0,6.0
2021-08-05 20:34:51,78.0,67.0,5.0,6.0
2021-08-05 20:34:52,84.0,73.0,6.0,5.0
2021-08-05 20:34:53,88.0,75.0,9.0,4.0
2021-08-05 20:34:54,70.0,58.0,10.0,2.0
2021-08-05 20:34:55,95.0,79.0,6.0,10.0
2021-08-05 20:34:56,80.0,68.0,8.0,4.0
2021-08-05 20:34:57,81.0,72.0,5.0,4.0
2021-08-05 20:34:58,93.0,84.0,5.0,4.0
2021-08-05 20:34:59,84.0,78.0,4.0,2.0
2021-08-05 20:35:00,87.0,75.0,4.0,8.0
2021-08-05 20:35:01,85.0,72.0,10.0,3.0
2021-08-05 20:35:02,65.0,55.0,7.0,3.0
2021-08-05 20:35:03,81.0,67.0,6.0,8.0
2021-08-05 20:35:04,83.0,72.0,7.0,4.0
2021-08-05 20:35:05,91.0,80.0,6.0,5.0
2021-08-05 20:35:06,69.0,62.0,4.0,3.0
2021-08-05 20:35:07,83.0,72.0,6.0,5.0
2021-08-05 20:35:08,68.0,60.0,5.0,3.0
2021-08-05 20:35:09,98.0,83.0,9.0,6.0
2021-08-05 20:35:10,78.0,65.0,10.0,3.0
2021-08-05 20:35:11,101.0,90.0,7.0,4.0
2021-08-05 20:35:12,79.0,69.0,8.0,2.0
2021-08-05 20:35:13,90.0,77.0,10.0,3.0
2021-08-05 20:35:14,81.0,68.0,10.0,3.0
2021-08-05 20:35:15,86.0,71.0,10.0,5.0
2021-08-05 20:35:16,78.0,69.0,4.0,5.0
2021-08-05 20:35:17,77.0,66.0,6.0,5.0
2021-08-05 20:35:18,87.0,71.0,8.0,8.0
2021-08-05 20:35:19,85.0,71.0,6.0,8.0
2021-08-05 20:35:20,70.0,61.0,3.0,6.0
2021-08-05 20:35:21,82.0,72.0,6.0,4.0
2021-08-05 20:35:22,71.0,61.0,6.0,4.0
2021-08-05 20:35:23,73.0,60.0,9.0,4.0
2021-08-05 20:35:24,60.0,55.0,3.0,2.0
2021-08-05 20:35:25,82.0,68.0,10.0,4.0
2021-08-05 20:35:26,67.0,61.0,4.0,2.0
2021-08-05 20:35:27,88.0,79.0,4.0,5.0
2021-08-05 20:35:28,73.0,67.0,3.0,3.0
2021-08-05 20:35:29,69.0,61.0,6.0,2.0
2021-08-05 20:35:30,73.0,67.0,2.0,4.0
2021-08-05 20:35:31,74.0,66.0,7.0,1.0
2021-08-05 20:35:32,82.0,67.0,12.0,3.0
2021-08-05 20:35:33,90.0,76.0,5.0,9.0
2021-08-05 20:35:34,64.0,49.0,9.0,6.0
2021-08-05 20:35:35,80.0,72.0,3.0,5.0
2021-08-05 20:35:36,72.0,62.0,7.0,3.0
2021-08-05 20:35:37,77.0,69.0,2.0,6.0
2021-08-05 20:35:38,77.0,68.0,5.0,4.0
2021-08-05 20:35:39,87.0,78.0,8.0,1.0
2021-08-05 20:35:40,104.0,87.0,9.0,8.0
2021-08-05 20:35:41,77.0,68.0,5.0,4.0
2021-08-05 20:35:42,83.0,67.0,10.0,6.0
2021-08-05 20:35:43,84.0,76.0,5.0,3.0
2021-08-05 20:35:44,53.0,49.0,3.0,1.0
2021-08-05 20:35:45,83.0,70.0,7.0,6.0
2021-08-05 20:35:46,77.0,69.0,4.0,4.0
2021-08-05 20:35:47,82.0,75.0,6.0,1.0
2021-08-05 20:35:48,90.0,76.0,3.0,11.0
2021-08-05 20:35:49,110.0,100.0,4.0,6.0
2021-08-05 20:35:50,62.0,50.0,8.0,4.0
2021-08-05 20:35:51,86.0,75.0,8.0,3.0
2021-08-05 20:35:52,81.0,67.0,5.0,9.0
2021-08-05 20:35:53,81.0,70.0,8.0,3.0
2021-08-05 20:35:54,89.0,75.0,9.0,5.0
2021-08-05 20:35:55,97.0,84.0,9.0,4.0
2021-08-05 20:35:56,71.0,64.0,5.0,2.0
2021-08-05 20:35:57,80.0,73.0,3.0,4.0
2021-08-05 20:35:58,70.0,58.0,8.0,4.0
2021-08-05 20:35:59,79.0,66.0,7.0,6.0
2021-08-05 20:36:00,88.0,80.0,7.0,1.0
2021-08-05 20:36:01,81.0,72.0,6.0,3.0
2021-08-05 20:36:02,87.0,76.0,6.0,5.0
2021-08-05 20:36:03,89.0,78.0,6.0,5.0
2021-08-05 20:36:04,74.0,66.0,6.0,2.0
2021-08-05 20:36:05,85.0,73.0,7.0,5.0
2021-08-05 20:36:06,80.0,67.0,10.0,3.0
2021-08-05 20:36:07,80.0,70.0,4.0,6.0
2021-08-05 20:36:08,80.0,73.0,4.0,3.0
2021-08-05 20:36:09,64.0,56.0,2.0,6.0
2021-08-05 20:36:10,83.0,67.0,12.0,4.0
2021-08-05 20:36:11,85.0,81.0,2.0,2.0
2021-08-05 20:36:12,93.0,82.0,5.0,6.0
2021-08-05 20:36:13,77.0,67.0,5.0,5.0
2021-08-05 20:36:14,75.0,68.0,6.0,1.0
2021-08-05 20:36:15,77.0,68.0,4.0,5.0
2021-08-05 20:36:16,70.0,61.0,7.0,2.0
2021-08-05 20:36:17,76.0,69.0,5.0,2.0
2021-08-05 20:36:18,77.0,69.0,3.0,5.0
2021-08-05 20:36:19,85.0,75.0,7.0,3.0
2021-08-05 20:36:20,70.0,64.0,3.0,3.0
2021-08-05 20:36:21,105.0,96.0,7.0,2.0
2021-08-05 20:36:22,75.0,63.0,7.0,5.0
2021-08-05 20:36:23,80.0,71.0,6.0,3.0
2021-08-05 20:36:24,72.0,61.0,6.0,5.0
2021-08-05 20:36:25,85.0,70.0,6.0,9.0
2021-08-05 20:36:26,71.0,63.0,5.0,3.0
2021-08-05 20:36:27,71.0,61.0,7.0,3.0
2021-08-05 20:36:28,82.0,73.0,4.0,5.0
2021-08-05 20:36:29,103.0,88.0,11.0,4.0
2021-08-05 20:36:30,97.0,85.0,7.0,5.0
2021-08-05 20:36:31,69.0,60.0,7.0,2.0
2021-08-05 20:36:32,92.0,78.0,9.0,5.0
2021-08-05 20:36:33,81.0,69.0,8.0,4.0
2021-08-05 20:36:34,95.0,86.0,7.0,2.0
2021-08-05 20:36:35,101.0,88.0,11.0,2.0
2021-08-05 20:36:36,72.0,61.0,7.0,4.0
2021-08-05 20:36:37,91.0,83.0,3.0,5.0
2021-08-05 20:36:38,92.0,84.0,6.0,2.0
2021-08-05 20:36:39,76.0,68.0,4.0,4.0
2021-08-05 20:36:40,82.0,72.0,6.0,4.0
2021-08-05 20:36:41,71.0,62.0,6.0,3.0
2021-08-05 20:36:42,71.0,58.0,7.0,6.0
2021-08-05 20:36:43,80.0,72.0,2.0,6.0
2021-08-05 20:36:44,74.0,62.0,7.0,5.0
2021-08-05 20:36:45,91.0,80.0,9.0,2.0
2021-08-05 20:36:46,89.0,75.0,7.0,7.0
2021-08-05 20:36:47,77.0,69.0,5.0,3.0
2021-08-05 20:36:48,75.0,59.0,9.0,7.0
2021-08-05 20:36:49,77.0,70.0,5.0,2.0
2021-08-05 20:36:50,78.0,64.0,6.0,8.0
2021-08-05 20:36:51,83.0,67.0,11.0,5.0
2021-08-05 20:36:52,94.0,83.0,6.0,5.0
2021-08-05 20:36:53,70.0,60.0,6.0,4.0
2021-08-05 20:36:54,85.0,76.0,4.0,5.0
2021-08-05 20:36:55,73.0,65.0,6.0,2.0
2021-08-05 20:36:56,81.0,73.0,4.0,4.0
2021-08-05 20:36:57,68.0,59.0,8.0,1.0
2021-08-05 20:36:58,91.0,82.0,5.0,4.0
2021-08-05 20:36:59,93.0,77.0,10.0,6.0
2021-08-05 20:37:00,84.0,71.0,5.0,8.0
2021-08-05 20:37:01,80.0,69.0,4.0,7.0
2021-08-05 20:37:02,99.0,88.0,8.0,3.0
2021-08-05 20:37:03,91.0,78.0,7.0,6.0
2021-08-05 20:37:04,92.0,84.0,5.0,3.0
2021-08-05 20:37:05,69.0,62.0,5.0,2.0
2021-08-05 20:37:06,89.0,81.0,8.0,0.0
2021-08-05 20:37:07,87.0,71.0,9.0,7.0
2021-08-05 20:37:08,80.0,72.0,5.0,3.0
2021-08-05 20:37:09,90.0,76.0,8.0,6.0
2021-08-05 20:37:10,76.0,68.0,5.0,3.0
2021-08-05 20:37:11,81.0,68.0,7.0,6.0
2021-08-05 20:37:12,77.0,64.0,5.0,8.0
2021-08-05 20:37:13,85.0,76.0,3.0,6.0
2021-08-05 20:37:14,83.0,77.0,2.0,4.0
2021-08-05 20:37:15,100.0,88.0,8.0,4.0
2021-08-05 20:37:16,92.0,80.0,6.0,6.0
2021-08-05 20:37:17,82.0,75.0,4.0,3.0
2021-08-05 20:37:18,89.0,75.0,6.0,8.0
2021-08-05 20:37:19,78.0,72.0,2.0,4.0
2021-08-05 20:37:20,72.0,62.0,6.0,4.0
2021-08-05 20:37:21,75.0,66.0,6.0,3.0
2021-08-05 20:37:22,72.0,61.0,7.0,4.0
2021-08-05 20:37:23,73.0,64.0,6.0,3.0
2021-08-05 20:37:24,86.0,76.0,5.0,5.0
2021-08-05 20:37:25,94.0,77.0,9.0,8.0
2021-08-05 20:37:26,71.0,63.0,5.0,3.0
2021-08-05 20:37:27,82.0,71.0,6.0,5.0
2021-08-05 20:37:28,84.0,69.0,8.0,7.0
2021-08-05 20:37:29,65.0,55.0,7.0,3.0
2021-08-05 20:37:30,78.0,66.0,10.0,2.0
2021-08-05 20:37:31,87.0,83.0,2.0,2.0
2021-08-05 20:37:32,78.0,68.0,6.0,4.0
2021-08-05 20:37:33,74.0,60.0,11.0,3.0
2021-08-05 20:37:34,82.0,74.0,5.0,3.0
2021-08-05 20:37:35,79.0,70.0,6.0,3.0
2021-08-05 20:37:36,76.0,67.0,7.0,2.0
2021-08-05 20:37:37,83.0,70.0,10.0,3.0
2021-08-05 20:37:38,77.0,66.0,5.0,6.0
2021-08-05 20:37:39,81.0,71.0,5.0,5.0
2021-08-05 20:37:40,75.0,66.0,5.0,4.0
2021-08-05 20:37:41,67.0,57.0,6.0,4.0
2021-08-05 20:37:42,86.0,75.0,7.0,4.0
2021-08-05 20:37:43,73.0,66.0,4.0,3.0
2021-08-05 20:37:44,72.0,67.0,3.0,2.0
2021-08-05 20:37:45,78.0,71.0,3.0,4.0
2021-08-05 20:37:46,97.0,85.0,9.0,3.0
2021-08-05 20:37:47,85.0,68.0,12.0,5.0
2021-08-05 20:37:48,97.0,85.0,9.0,3.0
2021-08-05 20:37:49,83.0,75.0,8.0,0.0
2021-08-05 20:37:50,74.0,66.0,6.0,2.0
2021-08-05 20:37:51,74.0,63.0,7.0,4.0
2021-08-05 20:37:52,76.0,72.0,3.0,1.0
2021-08-05 20:37:53,73.0,58.0,10.0,5.0
2021-08-05 20:37:54,83.0,72.0,6.0,5.0
2021-08-05 20:37:55,73.0,63.0,9.0,1.0
2021-08-05 20:37:56,84.0,77.0,4.0,3.0
2021-08-05 20:37:57,83.0,74.0,5.0,4.0
2021-08-05 20:37:58,80.0,70.0,7.0,3.0
2021-08-05 20:37:59,81.0,73.0,4.0,4.0
2021-08-05 20:38:00,85.0,74.0,10.0,1.0
2021-08-05 20:38:01,76.0,67.0,6.0,3.0
2021-08-05 20:38:02,84.0,70.0,7.0,7.0
2021-08-05 20:38:03,74.0,65.0,5.0,4.0
2021-08-05 20:38:04,87.0,72.0,9.0,6.0
2021-08-05 20:38:05,82.0,73.0,5.0,4.0
2021-08-05 20:38:06,76.0,69.0,2.0,5.0
2021-08-05 20:38:07,77.0,66.0,4.0,7.0
2021-08-05 20:38:08,92.0,79.0,9.0,4.0
2021-08-05 20:38:09,70.0,62.0,5.0,3.0
2021-08-05 20:38:10,77.0,67.0,6.0,4.0
2021-08-05 20:38:11,70.0,62.0,5.0,3.0
2021-08-05 20:38:12,91.0,79.0,7.0,5.0
2021-08-05 20:38:13,89.0,82.0,2.0,5.0
2021-08-05 20:38:14,79.0,70.0,4.0,5.0
2021-08-05 20:38:15,56.0,48.0,7.0,1.0
2021-08-05 20:38:16,81.0,68.0,5.0,8.0
2021-08-05 20:38:17,94.0,83.0,8.0,3.0
2021-08-05 20:38:18,65.0,54.0,5.0,6.0
2021-08-05 20:38:19,77.0,69.0,6.0,2.0
2021-08-05 20:38:20,68.0,59.0,6.0,3.0
2021-08-05 20:38:21,91.0,77.0,9.0,5.0
2021-08-05 20:38:22,86.0,76.0,7.0,3.0
2021-08-05 20:38:23,65.0,56.0,4.0,5.0
2021-08-05 20:38:24,87.0,79.0,5.0,3.0
2021-08-05 20:38:25,90.0,80.0,6.0,4.0
2021-08-05 20:38:26,86.0,78.0,7.0,1.0
2021-08-05 20:38:27,72.0,64.0,3.0,5.0
2021-08-05 20:38:28,78.0,70.0,4.0,4.0
2021-08-05 20:38:29,80.0,70.0,7.0,3.0
2021-08-05 20:38:30,79.0,68.0,8.0,3.0
2021-08-05 20:38:31,94.0,80.0,6.0,8.0
2021-08-05 20:38:32,77.0,64.0,9.0,4.0
2021-08-05 20:38:33,71.0,63.0,2.0,6.0
2021-08-05 20:38:34,72.0,64.0,5.0,3.0
2021-08-05 20:38:35,73.0,65.0,6.0,2.0
2021-08-05 20:38:36,79.0,71.0,5.0,3.0
2021-08-05 20:38:37,83.0,75.0,5.0,3.0
2021-08-05 20:38:38,86.0,75.0,8.0,3.0
2021-08-05 20:38:39,77.0,67.0,5.0,5.0
2021-08-05 20:38:40,66.0,57.0,6.0,3.0
2021-08-05 20:38:41,77.0,67.0,4.0,6.0
2021-08-05 20:38:42,75.0,67.0,5.0,3.0
2021-08-05 20:38:43,88.0,77.0,7.0,4.0
2021-08-05 20:38:44,88.0,77.0,9.0,2.0
2021-08-05 20:38:45,96.0,83.0,8.0,5.0
2021-08-05 20:38:46,97.0,82.0,8.0,7.0
2021-08-05 20:38:47,71.0,64.0,5.0,2.0
2021-08-05 20:38:48,84.0,71.0,9.0,4.0
2021-08-05 20:38:49,89.0,78.0,4.0,7.0
2021-08-05 20:38:50,77.0,59.0,7.0,11.0
2021-08-05 20:38:51,91.0,77.0,8.0,6.0
2021-08-05 20:38:52,98.0,80.0,8.0,10.0
2021-08-05 20:38:53,93.0,81.0,7.0,5.0
2021-08-05 20:38:54,79.0,69.0,6.0,4.0
2021-08-05 20:38:55,78.0,66.0,8.0,4.0
2021-08-05 20:38:56,69.0,61.0,7.0,1.0
2021-08-05 20:38:57,80.0,70.0,6.0,4.0
2021-08-05 20:38:58,77.0,67.0,6.0,4.0
2021-08-05 20:38:59,94.0,84.0,6.0,4.0
2021-08-05 20:39:00,77.0,64.0,9.0,4.0
2021-08-05 20:39:01,87.0,81.0,5.0,1.0
2021-08-05 20:39:02,89.0,77.0,9.0,3.0
2021-08-05 20:39:03,80.0,69.0,5.0,6.0
2021-08-05 20:39:04,82.0,70.0,8.0,4.0
2021-08-05 20:39:05,80.0,71.0,4.0,5.0
2021-08-05 20:39:06,84.0,73.0,5.0,6.0
2021-08-05 20:39:07,82.0,71.0,4.0,7.0
2021-08-05 20:39:08,82.0,76.0,2.0,4.0
2021-08-05 20:39:09,86.0,76.0,8.0,2.0
2021-08-05 20:39:10,76.0,64.0,6.0,6.0
2021-08-05 20:39:11,71.0,66.0,2.0,3.0
2021-08-05 20:39:12,76.0,67.0,5.0,4.0
2021-08-05 20:39:13,82.0,69.0,10.0,3.0
2021-08-05 20:39:14,70.0,59.0,8.0,3.0
2021-08-05 20:39:15,76.0,70.0,3.0,3.0
2021-08-05 20:39:16,86.0,75.0,5.0,6.0
2021-08-05 20:39:17,80.0,69.0,6.0,5.0
2021-08-05 20:39:18,80.0,73.0,5.0,2.0
2021-08-05 20:39:19,82.0,73.0,6.0,3.0
2021-08-05 20:39:20,81.0,73.0,2.0,6.0
2021-08-05 20:39:21,79.0,64.0,9.0,6.0
2021-08-05 20:39:22,84.0,77.0,6.0,1.0
2021-08-05 20:39:23,84.0,69.0,7.0,8.0
2021-08-05 20:39:24,87.0,74.0,8.0,5.0
2021-08-05 20:39:25,74.0,63.0,7.0,4.0
2021-08-05 20:39:26,85.0,73.0,8.0,4.0
2021-08-05 20:39:27,72.0,63.0,6.0,3.0
2021-08-05 20:39:28,85.0,77.0,4.0,4.0
2021-08-05 20:39:29,84.0,70.0,10.0,4.0
2021-08-05 20:39:30,91.0,81.0,6.0,4.0
2021-08-05 20:39:31,85.0,74.0,7.0,4.0
2021-08-05 20:39:32,86.0,77.0,4.0,5.0
2021-08-05 20:39:33,90.0,77.0,6.0,7.0
2021-08-05 20:39:34,77.0,70.0,3.0,4.0
2021-08-05 20:39:35,90.0,72.0,11.0,7.0
2021-08-05 20:39:36,92.0,81.0,8.0,3.0
2021-08-05 20:39:37,83.0,70.0,10.0,3.0
2021-08-05 20:39:38,84.0,76.0,4.0,4.0
2021-08-05 20:39:39,82.0,78.0,1.0,3.0
2021-08-05 20:39:40,91.0,72.0,16.0,3.0
2021-08-05 20:39:41,69.0,51.0,13.0,5.0
2021-08-05 20:39:42,79.0,64.0,9.0,6.0
2021-08-05 20:39:43,76.0,64.0,8.0,4.0
2021-08-05 20:39:44,79.0,73.0,4.0,2.0
2021-08-05 20:39:45,75.0,67.0,7.0,1.0
2021-08-05 20:39:46,74.0,63.0,6.0,5.0
2021-08-05 20:39:47,82.0,67.0,7.0,8.0
2021-08-05 20:39:48,83.0,73.0,7.0,3.0
2021-08-05 20:39:49,80.0,67.0,10.0,3.0
2021-08-05 20:39:50,79.0,64.0,12.0,3.0
2021-08-05 20:39:51,64.0,57.0,2.0,5.0
2021-08-05 20:39:52,85.0,77.0,6.0,2.0
2021-08-05 20:39:53,74.0,68.0,3.0,3.0
2021-08-05 20:39:54,89.0,78.0,8.0,3.0
2021-08-05 20:39:55,83.0,79.0,2.0,2.0
2021-08-05 20:39:56,81.0,67.0,9.0,5.0
2021-08-05 20:39:57,82.0,74.0,4.0,4.0
2021-08-05 20:39:58,76.0,64.0,8.0,4.0
2021-08-05 20:39:59,70.0,63.0,6.0,1.0
2021-08-05 20:40:00,81.0,74.0,6.0,1.0
2021-08-05 20:40:01,89.0,80.0,5.0,4.0
2021-08-05 20:40:02,69.0,62.0,4.0,3.0
2021-08-05 20:40:03,68.0,53.0,10.0,5.0
2021-08-05 20:40:04,84.0,68.0,9.0,7.0
2021-08-05 20:40:05,97.0,87.0,4.0,6.0
2021-08-05 20:40:06,81.0,72.0,7.0,2.0
2021-08-05 20:40:07,67.0,62.0,2.0,3.0
2021-08-05 20:40:08,90.0,81.0,3.0,6.0
2021-08-05 20:40:09,69.0,60.0,8.0,1.0
2021-08-05 20:40:10,99.0,84.0,11.0,4.0
2021-08-05 20:40:11,79.0,68.0,4.0,7.0
2021-08-05 20:40:12,90.0,79.0,5.0,6.0
2021-08-05 20:40:13,88.0,78.0,5.0,5.0
2021-08-05 20:40:14,77.0,66.0,8.0,3.0
2021-08-05 20:40:15,77.0,66.0,8.0,3.0
2021-08-05 20:40:16,83.0,73.0,5.0,5.0
2021-08-05 20:40:17,91.0,77.0,8.0,6.0
2021-08-05 20:40:18,83.0,77.0,1.0,5.0
2021-08-05 20:40:19,72.0,63.0,8.0,1.0
2021-08-05 20:40:20,75.0,66.0,9.0,0.0
2021-08-05 20:40:21,68.0,55.0,6.0,7.0
2021-08-05 20:40:22,85.0,70.0,12.0,3.0
2021-08-05 20:40:23,76.0,60.0,7.0,9.0
2021-08-05 20:40:24,82.0,76.0,3.0,3.0
2021-08-05 20:40:25,71.0,65.0,5.0,1.0
2021-08-05 20:40:26,95.0,82.0,7.0,6.0
2021-08-05 20:40:27,81.0,70.0,11.0,0.0
2021-08-05 20:40:28,71.0,54.0,11.0,6.0
2021-08-05 20:40:29,72.0,60.0,4.0,8.0
2021-08-05 20:40:30,89.0,72.0,12.0,5.0
2021-08-05 20:40:31,76.0,70.0,3.0,3.0
2021-08-05 20:40:32,77.0,68.0,5.0,4.0
2021-08-05 20:40:33,75.0,66.0,8.0,1.0
2021-08-05 20:40:34,88.0,77.0,7.0,4.0
2021-08-05 20:40:35,79.0,75.0,2.0,2.0
2021-08-05 20:40:36,92.0,75.0,11.0,6.0
2021-08-05 20:40:37,80.0,68.0,4.0,8.0
2021-08-05 20:40:38,89.0,76.0,11.0,2.0
2021-08-05 20:40:39,83.0,73.0,7.0,3.0
2021-08-05 20:40:40,84.0,76.0,4.0,4.0
2021-08-05 20:40:41,70.0,60.0,5.0,5.0
2021-08-05 20:40:42,92.0,83.0,5.0,4.0
2021-08-05 20:40:43,77.0,65.0,8.0,4.0
2021-08-05 20:40:44,79.0,68.0,5.0,6.0
2021-08-05 20:40:45,80.0,72.0,6.0,2.0
2021-08-05 20:40:46,77.0,68.0,8.0,1.0
2021-08-05 20:40:47,82.0,70.0,9.0,3.0
2021-08-05 20:40:48,98.0,81.0,3.0,14.0
2021-08-05 20:40:49,96.0,77.0,11.0,8.0
2021-08-05 20:40:50,88.0,79.0,6.0,3.0
2021-08-05 20:40:51,97.0,85.0,6.0,6.0
2021-08-05 20:40:52,75.0,63.0,7.0,5.0
2021-08-05 20:40:53,83.0,78.0,4.0,1.0
2021-08-05 20:40:54,76.0,65.0,9.0,2.0
2021-08-05 20:40:55,90.0,73.0,12.0,5.0
2021-08-05 20:40:56,88.0,77.0,7.0,4.0
2021-08-05 20:40:57,85.0,74.0,6.0,5.0
2021-08-05 20:40:58,89.0,74.0,10.0,5.0
2021-08-05 20:40:59,79.0,67.0,7.0,5.0
2021-08-05 20:41:00,84.0,75.0,5.0,4.0
2021-08-05 20:41:01,83.0,74.0,3.0,6.0
2021-08-05 20:41:02,91.0,80.0,5.0,6.0
2021-08-05 20:41:03,81.0,64.0,10.0,7.0
2021-08-05 20:41:04,78.0,67.0,6.0,5.0
2021-08-05 20:41:05,78.0,61.0,10.0,7.0
2021-08-05 20:41:06,79.0,71.0,4.0,4.0
2021-08-05 20:41:07,71.0,65.0,5.0,1.0
2021-08-05 20:41:08,77.0,66.0,9.0,2.0
2021-08-05 20:41:09,78.0,67.0,7.0,4.0
2021-08-05 20:41:10,82.0,73.0,5.0,4.0
2021-08-05 20:41:11,86.0,75.0,9.0,2.0
2021-08-05 20:41:12,78.0,64.0,9.0,5.0
2021-08-05 20:41:13,80.0,68.0,5.0,7.0
2021-08-05 20:41:14,95.0,80.0,11.0,4.0
2021-08-05 20:41:15,79.0,75.0,2.0,2.0
2021-08-05 20:41:16,76.0,65.0,6.0,5.0
2021-08-05 20:41:17,72.0,64.0,5.0,3.0
2021-08-05 20:41:18,87.0,71.0,9.0,7.0
2021-08-05 20:41:19,78.0,69.0,4.0,5.0
2021-08-05 20:41:20,80.0,68.0,10.0,2.0
2021-08-05 20:41:21,62.0,51.0,6.0,5.0
2021-08-05 20:41:22,85.0,71.0,10.0,4.0
2021-08-05 20:41:23,82.0,73.0,7.0,2.0
2021-08-05 20:41:24,73.0,62.0,7.0,4.0
2021-08-05 20:41:25,97.0,87.0,5.0,5.0
2021-08-05 20:41:26,61.0,52.0,8.0,1.0
2021-08-05 20:41:27,101.0,90.0,5.0,6.0
2021-08-05 20:41:28,80.0,67.0,9.0,4.0
2021-08-05 20:41:29,81.0,64.0,10.0,7.0
2021-08-05 20:41:30,85.0,71.0,9.0,5.0
2021-08-05 20:41:31,82.0,76.0,3.0,3.0
2021-08-05 20:41:32,80.0,66.0,11.0,3.0
2021-08-05 20:41:33,96.0,84.0,6.0,6.0
2021-08-05 20:41:34,89.0,78.0,8.0,3.0
2021-08-05 20:41:35,77.0,67.0,4.0,6.0
2021-08-05 20:41:36,74.0,68.0,5.0,1.0
2021-08-05 20:41:37,101.0,79.0,14.0,8.0
2021-08-05 20:41:38,84.0,77.0,3.0,4.0
2021-08-05 20:41:39,77.0,66.0,8.0,3.0
2021-08-05 20:41:40,85.0,75.0,4.0,6.0
2021-08-05 20:41:41,68.0,62.0,2.0,4.0
2021-08-05 20:41:42,90.0,74.0,5.0,11.0
2021-08-05 20:41:43,81.0,68.0,10.0,3.0
2021-08-05 20:41:44,102.0,86.0,7.0,9.0
2021-08-05 20:41:45,72.0,65.0,6.0,1.0
2021-08-05 20:41:46,84.0,68.0,12.0,4.0
2021-08-05 20:41:47,69.0,58.0,9.0,2.0
2021-08-05 20:41:48,86.0,72.0,7.0,7.0
2021-08-05 20:41:49,95.0,81.0,8.0,6.0
2021-08-05 20:41:50,85.0,74.0,7.0,4.0
2021-08-05 20:41:51,83.0,74.0,5.0,4.0
2021-08-05 20:41:52,88.0,72.0,10.0,6.0
2021-08-05 20:41:53,93.0,74.0,14.0,5.0
2021-08-05 20:41:54,68.0,59.0,6.0,3.0
2021-08-05 20:41:55,73.0,70.0,1.0,2.0
2021-08-05 20:41:56,83.0,74.0,5.0,4.0
2021-08-05 20:41:57,73.0,60.0,7.0,6.0
2021-08-05 20:41:58,73.0,66.0,4.0,3.0
2021-08-05 20:41:59,70.0,62.0,5.0,3.0
2021-08-05 20:42:00,75.0,65.0,6.0,4.0
2021-08-05 20:42:01,79.0,69.0,6.0,4.0
2021-08-05 20:42:02,94.0,81.0,5.0,8.0
2021-08-05 20:42:03,71.0,57.0,8.0,6.0
2021-08-05 20:42:04,87.0,78.0,3.0,6.0
2021-08-05 20:42:05,67.0,58.0,6.0,3.0
2021-08-05 20:42:06,72.0,63.0,3.0,6.0
2021-08-05 20:42:07,58.0,52.0,6.0,0.0
2021-08-05 20:42:08,81.0,75.0,2.0,4.0
2021-08-05 20:42:09,84.0,70.0,10.0,4.0
2021-08-05 20:42:10,66.0,53.0,8.0,5.0
2021-08-05 20:42:11,75.0,62.0,7.0,6.0
2021-08-05 20:42:12,70.0,66.0,2.0,2.0
2021-08-05 20:42:13,78.0,69.0,6.0,3.0
2021-08-05 20:42:14,104.0,91.0,9.0,4.0
2021-08-05 20:42:15,84.0,73.0,8.0,3.0
2021-08-05 20:42:16,95.0,73.0,13.0,9.0
2021-08-05 20:42:17,89.0,73.0,6.0,10.0
2021-08-05 20:42:18,91.0,80.0,5.0,6.0
2021-08-05 20:42:19,77.0,71.0,5.0,1.0
2021-08-05 20:42:20,77.0,69.0,4.0,4.0
2021-08-05 20:42:21,93.0,78.0,10.0,5.0
2021-08-05 20:42:22,82.0,76.0,2.0,4.0
2021-08-05 20:42:23,86.0,77.0,2.0,7.0
2021-08-05 20:42:24,81.0,71.0,4.0,6.0
2021-08-05 20:42:25,82.0,69.0,9.0,4.0
2021-08-05 20:42:26,61.0,53.0,4.0,4.0
2021-08-05 20:42:27,79.0,71.0,4.0,4.0
2021-08-05 20:42:28,85.0,73.0,5.0,7.0
2021-08-05 20:42:29,87.0,71.0,11.0,5.0
2021-08-05 20:42:30,106.0,89.0,9.0,8.0
2021-08-05 20:42:31,77.0,63.0,9.0,5.0
2021-08-05 20:42:32,84.0,72.0,10.0,2.0
2021-08-05 20:42:33,77.0,68.0,5.0,4.0
2021-08-05 20:42:34,75.0,67.0,7.0,1.0
2021-08-05 20:42:35,57.0,51.0,2.0,4.0
2021-08-05 20:42:36,58.0,48.0,8.0,2.0
2021-08-05 20:42:37,74.0,64.0,5.0,5.0
2021-08-05 20:42:38,74.0,61.0,7.0,6.0
2021-08-05 20:42:39,74.0,67.0,6.0,1.0
2021-08-05 20:42:40,71.0,65.0,4.0,2.0
2021-08-05 20:42:41,79.0,72.0,2.0,5.0
2021-08-05 20:42:42,84.0,67.0,10.0,7.0
2021-08-05 20:42:43,82.0,64.0,12.0,6.0
2021-08-05 20:42:44,81.0,69.0,6.0,6.0
2021-08-05 20:42:45,87.0,74.0,10.0,3.0
2021-08-05 20:42:46,81.0,67.0,8.0,6.0
2021-08-05 20:42:47,64.0,56.0,6.0,2.0
2021-08-05 20:42:48,85.0,79.0,3.0,3.0
2021-08-05 20:42:49,79.0,74.0,2.0,3.0
2021-08-05 20:42:50,88.0,82.0,2.0,4.0
2021-08-05 20:42:51,70.0,60.0,3.0,7.0
2021-08-05 20:42:52,100.0,81.0,14.0,5.0
2021-08-05 20:42:53,78.0,63.0,7.0,8.0
2021-08-05 20:42:54,77.0,71.0,2.0,4.0
2021-08-05 20:42:55,82.0,71.0,6.0,5.0
2021-08-05 20:42:56,84.0,75.0,6.0,3.0
2021-08-05 20:42:57,74.0,69.0,3.0,2.0
2021-08-05 20:42:58,81.0,70.0,4.0,7.0
2021-08-05 20:42:59,98.0,88.0,6.0,4.0
2021-08-05 20:43:00,79.0,71.0,4.0,4.0
2021-08-05 20:43:01,104.0,86.0,11.0,7.0
2021-08-05 20:43:02,75.0,59.0,12.0,4.0
2021-08-05 20:43:03,68.0,61.0,3.0,4.0
2021-08-05 20:43:04,71.0,63.0,6.0,2.0
2021-08-05 20:43:05,74.0,64.0,6.0,4.0
2021-08-05 20:43:06,81.0,72.0,6.0,3.0
2021-08-05 20:43:07,90.0,82.0,5.0,3.0
2021-08-05 20:43:08,76.0,67.0,3.0,6.0
2021-08-05 20:43:09,92.0,83.0,4.0,5.0
2021-08-05 20:43:10,82.0,69.0,9.0,4.0
2021-08-05 20:43:11,77.0,67.0,6.0,4.0
2021-08-05 20:43:12,80.0,70.0,8.0,2.0
2021-08-05 20:43:13,79.0,69.0,5.0,5.0
2021-08-05 20:43:14,85.0,69.0,9.0,7.0
2021-08-05 20:43:15,85.0,76.0,4.0,5.0
2021-08-05 20:43:16,89.0,79.0,4.0,6.0
2021-08-05 20:43:17,84.0,73.0,7.0,4.0
2021-08-05 20:43:18,76.0,72.0,4.0,0.0
2021-08-05 20:43:19,81.0,69.0,10.0,2.0
2021-08-05 20:43:20,80.0,69.0,5.0,6.0
2021-08-05 20:43:21,96.0,83.0,9.0,4.0
2021-08-05 20:43:22,63.0,53.0,3.0,7.0
2021-08-05 20:43:23,92.0,81.0,7.0,4.0
2021-08-05 20:43:24,74.0,69.0,3.0,2.0
2021-08-05 20:43:25,90.0,82.0,5.0,3.0
2021-08-05 20:43:26,75.0,68.0,2.0,5.0
2021-08-05 20:43:27,95.0,86.0,4.0,5.0
2021-08-05 20:43:28,85.0,73.0,8.0,4.0
2021-08-05 20:43:29,72.0,58.0,9.0,5.0
2021-08-05 20:43:30,73.0,66.0,5.0,2.0
2021-08-05 20:43:31,89.0,81.0,8.0,0.0
2021-08-05 20:43:32,66.0,56.0,5.0,5.0
2021-08-05 20:43:33,71.0,62.0,4.0,5.0
2021-08-05 20:43:34,81.0,69.0,7.0,5.0
2021-08-05 20:43:35,67.0,61.0,4.0,2.0
2021-08-05 20:43:36,81.0,64.0,13.0,4.0
2021-08-05 20:43:37,69.0,61.0,4.0,4.0
2021-08-05 20:43:38,71.0,57.0,10.0,4.0
2021-08-05 20:43:39,100.0,92.0,4.0,4.0
2021-08-05 20:43:40,79.0,68.0,7.0,4.0
2021-08-05 20:43:41,82.0,72.0,7.0,3.0
2021-08-05 20:43:42,88.0,80.0,5.0,3.0
2021-08-05 20:43:43,89.0,75.0,7.0,7.0
2021-08-05 20:43:44,77.0,67.0,6.0,4.0
2021-08-05 20:43:45,75.0,60.0,9.0,6.0
2021-08-05 20:43:46,92.0,82.0,8.0,2.0
2021-08-05 20:43:47,84.0,69.0,10.0,5.0
2021-08-05 20:43:48,72.0,66.0,4.0,2.0
2021-08-05 20:43:49,66.0,55.0,4.0,7.0
2021-08-05 20:43:50,79.0,71.0,6.0,2.0
2021-08-05 20:43:51,81.0,71.0,5.0,5.0
2021-08-05 20:43:52,79.0,69.0,6.0,4.0
2021-08-05 20:43:53,73.0,66.0,3.0,4.0
2021-08-05 20:43:54,96.0,81.0,7.0,8.0
2021-08-05 20:43:55,83.0,71.0,10.0,2.0
2021-08-05 20:43:56,85.0,67.0,12.0,6.0
2021-08-05 20:43:57,76.0,71.0,3.0,2.0
2021-08-05 20:43:58,83.0,72.0,8.0,3.0
2021-08-05 20:43:59,84.0,69.0,7.0,8.0
2021-08-05 20:44:00,78.0,68.0,9.0,1.0
2021-08-05 20:44:01,69.0,61.0,6.0,2.0
2021-08-05 20:44:02,64.0,57.0,3.0,4.0
2021-08-05 20:44:03,78.0,68.0,6.0,4.0
2021-08-05 20:44:04,80.0,70.0,9.0,1.0
2021-08-05 20:44:05,70.0,57.0,8.0,5.0
2021-08-05 20:44:06,89.0,78.0,7.0,4.0
2021-08-05 20:44:07,83.0,75.0,3.0,5.0
2021-08-05 20:44:08,86.0,73.0,7.0,6.0
2021-08-05 20:44:09,75.0,68.0,2.0,5.0
2021-08-05 20:44:10,90.0,77.0,9.0,4.0
2021-08-05 20:44:11,96.0,89.0,5.0,2.0
2021-08-05 20:44:12,100.0,84.0,14.0,2.0
2021-08-05 20:44:13,87.0,73.0,12.0,2.0
2021-08-05 20:44:14,76.0,65.0,7.0,4.0
2021-08-05 20:44:15,93.0,80.0,5.0,8.0
2021-08-05 20:44:16,61.0,56.0,4.0,1.0
2021-08-05 20:44:17,98.0,84.0,10.0,4.0
2021-08-05 20:44:18,77.0,61.0,10.0,6.0
2021-08-05 20:44:19,78.0,67.0,7.0,4.0
2021-08-05 20:44:20,72.0,65.0,4.0,3.0
2021-08-05 20:44:21,84.0,74.0,2.0,8.0
2021-08-05 20:44:22,74.0,68.0,4.0,2.0
2021-08-05 20:44:23,77.0,69.0,4.0,4.0
2021-08-05 20:44:24,94.0,79.0,8.0,7.0
2021-08-05 20:44:25,97.0,88.0,5.0,4.0
2021-08-05 20:44:26,75.0,65.0,6.0,4.0
2021-08-05 20:44:27,79.0,68.0,6.0,5.0
2021-08-05 20:44:28,91.0,81.0,4.0,6.0
2021-08-05 20:44:29,71.0,62.0,5.0,4.0
2021-08-05 20:44:30,71.0,60.0,4.0,7.0
2021-08-05 20:44:31,68.0,59.0,6.0,3.0
2021-08-05 20:44:32,82.0,73.0,6.0,3.0
2021-08-05 20:44:33,84.0,76.0,7.0,1.0
2021-08-05 20:44:34,90.0,76.0,10.0,4.0
2021-08-05 20:44:35,85.0,76.0,8.0,1.0
2021-08-05 20:44:36,79.0,72.0,4.0,3.0
2021-08-05 20:44:37,68.0,60.0,4.0,4.0
2021-08-05 20:44:38,68.0,61.0,2.0,5.0
2021-08-05 20:44:39,79.0,67.0,8.0,4.0
2021-08-05 20:44:40,80.0,74.0,3.0,3.0
2021-08-05 20:44:41,71.0,64.0,6.0,1.0
2021-08-05 20:44:42,91.0,72.0,11.0,8.0
2021-08-05 20:44:43,74.0,65.0,4.0,5.0
2021-08-05 20:44:44,80.0,70.0,6.0,4.0
2021-08-05 20:44:45,72.0,63.0,7.0,2.0
2021-08-05 20:44:46,66.0,57.0,3.0,6.0
2021-08-05 20:44:47,82.0,67.0,6.0,9.0
2021-08-05 20:44:48,77.0,74.0,3.0,0.0
2021-08-05 20:44:49,78.0,69.0,5.0,4.0
2021-08-05 20:44:50,73.0,63.0,5.0,5.0
2021-08-05 20:44:51,98.0,85.0,6.0,7.0
2021-08-05 20:44:52,78.0,65.0,7.0,6.0
2021-08-05 20:44:53,89.0,74.0,10.0,5.0
2021-08-05 20:44:54,83.0,74.0,6.0,3.0
2021-08-05 20:44:55,93.0,73.0,14.0,6.0
2021-08-05 20:44:56,90.0,78.0,4.0,8.0
2021-08-05 20:44:57,61.0,52.0,6.0,3.0
2021-08-05 20:44:58,67.0,59.0,5.0,3.0
2021-08-05 20:44:59,77.0,69.0,6.0,2.0
2021-08-05 20:45:00,76.0,62.0,7.0,7.0
2021-08-05 20:45:01,76.0,66.0,7.0,3.0
2021-08-05 20:45:02,105.0,95.0,5.0,5.0
2021-08-05 20:45:03,82.0,77.0,2.0,3.0
2021-08-05 20:45:04,75.0,62.0,11.0,2.0
2021-08-05 20:45:05,88.0,75.0,7.0,6.0
2021-08-05 20:45:06,84.0,70.0,6.0,8.0
2021-08-05 20:45:07,92.0,80.0,7.0,5.0
2021-08-05 20:45:08,85.0,77.0,3.0,5.0
2021-08-05 20:45:09,83.0,75.0,7.0,1.0
2021-08-05 20:45:10,82.0,66.0,9.0,7.0
2021-08-05 20:45:11,74.0,66.0,6.0,2.0
2021-08-05 20:45:12,76.0,71.0,4.0,1.0
2021-08-05 20:45:13,68.0,57.0,3.0,8.0
2021-08-05 20:45:14,78.0,67.0,5.0,6.0
2021-08-05 20:45:15,74.0,65.0,5.0,4.0
2021-08-05 20:45:16,77.0,67.0,6.0,4.0
2021-08-05 20:45:17,83.0,72.0,8.0,3.0
2021-08-05 20:45:18,88.0,76.0,9.0,3.0
2021-08-05 20:45:19,68.0,55.0,9.0,4.0
2021-08-05 20:45:20,92.0,82.0,7.0,3.0
2021-08-05 20:45:21,59.0,50.0,5.0,4.0
2021-08-05 20:45:22,81.0,72.0,9.0,0.0
2021-08-05 20:45:23,77.0,70.0,5.0,2.0
2021-08-05 20:45:24,65.0,55.0,8.0,2.0
2021-08-05 20:45:25,67.0,62.0,4.0,1.0
2021-08-05 20:45:26,90.0,76.0,10.0,4.0
2021-08-05 20:45:27,92.0,73.0,10.0,9.0
2021-08-05 20:45:28,70.0,64.0,4.0,2.0
2021-08-05 20:45:29,71.0,60.0,4.0,7.0
2021-08-05 20:45:30,84.0,70.0,9.0,5.0
2021-08-05 20:45:31,76.0,64.0,6.0,6.0
2021-08-05 20:45:32,91.0,77.0,8.0,6.0
2021-08-05 20:45:33,88.0,73.0,8.0,7.0
2021-08-05 20:45:34,68.0,55.0,8.0,5.0
2021-08-05 20:45:35,77.0,65.0,7.0,5.0
2021-08-05 20:45:36,86.0,79.0,4.0,3.0
2021-08-05 20:45:37,83.0,74.0,6.0,3.0
2021-08-05 20:45:38,73.0,62.0,7.0,4.0
2021-08-05 20:45:39,87.0,76.0,6.0,5.0
2021-08-05 20:45:40,89.0,84.0,5.0,0.0
2021-08-05 20:45:41,75.0,64.0,4.0,7.0
2021-08-05 20:45:42,64.0,58.0,3.0,3.0
2021-08-05 20:45:43,87.0,69.0,9.0,9.0
2021-08-05 20:45:44,82.0,69.0,11.0,2.0
2021-08-05 20:45:45,79.0,69.0,8.0,2.0
2021-08-05 20:45:46,74.0,63.0,8.0,3.0
2021-08-05 20:45:47,69.0,61.0,7.0,1.0
2021-08-05 20:45:48,78.0,74.0,4.0,0.0
2021-08-05 20:45:49,73.0,67.0,4.0,2.0
2021-08-05 20:45:50,89.0,76.0,10.0,3.0
2021-08-05 20:45:51,85.0,73.0,6.0,6.0
2021-08-05 20:45:52,65.0,55.0,4.0,6.0
2021-08-05 20:45:53,71.0,60.0,6.0,5.0
2021-08-05 20:45:54,83.0,73.0,7.0,3.0
2021-08-05 20:45:55,77.0,64.0,10.0,3.0
2021-08-05 20:45:56,83.0,73.0,7.0,3.0
2021-08-05 20:45:57,91.0,77.0,8.0,6.0
2021-08-05 20:45:58,81.0,67.0,9.0,5.0
2021-08-05 20:45:59,72.0,64.0,4.0,4.0
2021-08-05 20:46:00,78.0,65.0,6.0,7.0
2021-08-05 20:46:01,81.0,70.0,4.0,7.0
2021-08-05 20:46:02,93.0,76.0,11.0,6.0
2021-08-05 20:46:03,79.0,66.0,7.0,6.0
2021-08-05 20:46:04,82.0,73.0,5.0,4.0
2021-08-05 20:46:05,80.0,68.0,8.0,4.0
2021-08-05 20:46:06,99.0,85.0,10.0,4.0
2021-08-05 20:46:07,79.0,66.0,5.0,8.0
2021-08-05 20:46:08,76.0,68.0,5.0,3.0
2021-08-05 20:46:09,75.0,63.0,7.0,5.0
2021-08-05 20:46:10,79.0,69.0,7.0,3.0
2021-08-05 20:46:11,62.0,59.0,1.0,2.0
2021-08-05 20:46:12,60.0,56.0,1.0,3.0
2021-08-05 20:46:13,75.0,69.0,3.0,3.0
2021-08-05 20:46:14,89.0,73.0,7.0,9.0
2021-08-05 20:46:15,82.0,74.0,5.0,3.0
2021-08-05 20:46:16,75.0,66.0,5.0,4.0
2021-08-05 20:46:17,77.0,67.0,9.0,1.0
2021-08-05 20:46:18,90.0,73.0,9.0,8.0
2021-08-05 20:46:19,86.0,79.0,3.0,4.0
2021-08-05 20:46:20,80.0,73.0,2.0,5.0
2021-08-05 20:46:21,80.0,69.0,4.0,7.0
2021-08-05 20:46:22,68.0,57.0,9.0,2.0
2021-08-05 20:46:23,82.0,74.0,4.0,4.0
2021-08-05 20:46:24,75.0,62.0,5.0,8.0
2021-08-05 20:46:25,82.0,73.0,4.0,5.0
2021-08-05 20:46:26,65.0,57.0,4.0,4.0
2021-08-05 20:46:27,89.0,79.0,9.0,1.0
2021-08-05 20:46:28,79.0,67.0,10.0,2.0
2021-08-05 20:46:29,76.0,71.0,4.0,1.0
2021-08-05 20:46:30,77.0,68.0,6.0,3.0
2021-08-05 20:46:31,87.0,75.0,10.0,2.0
2021-08-05 20:46:32,63.0,57.0,4.0,2.0
2021-08-05 20:46:33,73.0,61.0,8.0,4.0
2021-08-05 20:46:34,83.0,78.0,2.0,3.0
2021-08-05 20:46:35,82.0,67.0,7.0,8.0
2021-08-05 20:46:36,78.0,69.0,4.0,5.0
2021-08-05 20:46:37,80.0,70.0,4.0,6.0
2021-08-05 20:46:38,91.0,78.0,4.0,9.0
2021-08-05 20:46:39,76.0,72.0,3.0,1.0
2021-08-05 20:46:40,78.0,64.0,11.0,3.0
2021-08-05 20:46:41,70.0,60.0,5.0,5.0
2021-08-05 20:46:42,88.0,78.0,8.0,2.0
2021-08-05 20:46:43,87.0,81.0,3.0,3.0
2021-08-05 20:46:44,99.0,82.0,10.0,7.0
2021-08-05 20:46:45,62.0,52.0,8.0,2.0
2021-08-05 20:46:46,91.0,84.0,2.0,5.0
2021-08-05 20:46:47,99.0,89.0,7.0,3.0
2021-08-05 20:46:48,72.0,62.0,8.0,2.0
2021-08-05 20:46:49,80.0,70.0,8.0,2.0
2021-08-05 20:46:50,72.0,56.0,11.0,5.0
2021-08-05 20:46:51,85.0,76.0,8.0,1.0
2021-08-05 20:46:52,69.0,63.0,3.0,3.0
2021-08-05 20:46:53,74.0,67.0,3.0,4.0
2021-08-05 20:46:54,80.0,72.0,6.0,2.0
2021-08-05 20:46:55,74.0,64.0,6.0,4.0
2021-08-05 20:46:56,93.0,84.0,5.0,4.0
2021-08-05 20:46:57,79.0,70.0,6.0,3.0
2021-08-05 20:46:58,72.0,62.0,5.0,5.0
2021-08-05 20:46:59,77.0,69.0,7.0,1.0
2021-08-05 20:47:00,70.0,56.0,10.0,4.0
2021-08-05 20:47:01,85.0,73.0,6.0,6.0
2021-08-05 20:47:02,79.0,76.0,2.0,1.0
2021-08-05 20:47:03,65.0,56.0,7.0,2.0
2021-08-05 20:47:04,75.0,68.0,2.0,5.0
2021-08-05 20:47:05,80.0,67.0,10.0,3.0
2021-08-05 20:47:06,77.0,63.0,5.0,9.0
2021-08-05 20:47:07,98.0,85.0,8.0,5.0
2021-08-05 20:47:08,83.0,74.0,8.0,1.0
2021-08-05 20:47:09,84.0,75.0,4.0,5.0
2021-08-05 20:47:10,66.0,59.0,5.0,2.0
2021-08-05 20:47:11,90.0,82.0,5.0,3.0
2021-08-05 20:47:12,83.0,74.0,6.0,3.0
2021-08-05 20:47:13,78.0,67.0,8.0,3.0
2021-08-05 20:47:14,77.0,69.0,5.0,3.0
2021-08-05 20:47:15,94.0,85.0,5.0,4.0
2021-08-05 20:47:16,95.0,84.0,5.0,6.0
2021-08-05 20:47:17,84.0,75.0,2.0,7.0
2021-08-05 20:47:18,85.0,72.0,8.0,5.0
2021-08-05 20:47:19,83.0,69.0,5.0,9.0
2021-08-05 20:47:20,76.0,67.0,6.0,3.0
2021-08-05 20:47:21,87.0,81.0,5.0,1.0
2021-08-05 20:47:22,91.0,77.0,8.0,6.0
2021-08-05 20:47:23,84.0,71.0,7.0,6.0
2021-08-05 20:47:24,80.0,65.0,10.0,5.0
2021-08-05 20:47:25,75.0,66.0,4.0,5.0
2021-08-05 20:47:26,96.0,82.0,10.0,4.0
2021-08-05 20:47:27,75.0,68.0,3.0,4.0
2021-08-05 20:47:28,82.0,70.0,8.0,4.0
2021-08-05 20:47:29,87.0,74.0,8.0,5.0
2021-08-05 20:47:30,78.0,70.0,7.0,1.0
2021-08-05 20:47:31,87.0,74.0,8.0,5.0
2021-08-05 20:47:32,73.0,66.0,2.0,5.0
2021-08-05 20:47:33,86.0,75.0,8.0,3.0
2021-08-05 20:47:34,72.0,62.0,5.0,5.0
2021-08-05 20:47:35,78.0,68.0,8.0,2.0
2021-08-05 20:47:36,77.0,65.0,9.0,3.0
2021-08-05 20:47:37,84.0,72.0,8.0,4.0
2021-08-05 20:47:38,78.0,75.0,2.0,1.0
2021-08-05 20:47:39,89.0,78.0,8.0,3.0
2021-08-05 20:47:40,97.0,84.0,3.0,10.0
2021-08-05 20:47:41,74.0,63.0,7.0,4.0
2021-08-05 20:47:42,67.0,56.0,8.0,3.0
2021-08-05 20:47:43,83.0,70.0,11.0,2.0
2021-08-05 20:47:44,68.0,61.0,5.0,2.0
2021-08-05 20:47:45,81.0,70.0,7.0,4.0
2021-08-05 20:47:46,80.0,74.0,4.0,2.0
2021-08-05 20:47:47,92.0,80.0,9.0,3.0
2021-08-05 20:47:48,78.0,70.0,5.0,3.0
2021-08-05 20:47:49,91.0,78.0,10.0,3.0
2021-08-05 20:47:50,85.0,73.0,12.0,0.0
2021-08-05 20:47:51,80.0,69.0,6.0,5.0
2021-08-05 20:47:52,87.0,79.0,7.0,1.0
2021-08-05 20:47:53,94.0,73.0,13.0,8.0
2021-08-05 20:47:54,77.0,69.0,4.0,4.0
2021-08-05 20:47:55,84.0,71.0,9.0,4.0
2021-08-05 20:47:56,83.0,75.0,6.0,2.0
2021-08-05 20:47:57,82.0,74.0,5.0,3.0
2021-08-05 20:47:58,75.0,68.0,4.0,3.0
2021-08-05 20:47:59,84.0,73.0,6.0,5.0
2021-08-05 20:48:00,74.0,61.0,10.0,3.0
2021-08-05 20:48:01,80.0,70.0,4.0,6.0
2021-08-05 20:48:02,94.0,79.0,8.0,7.0
2021-08-05 20:48:03,92.0,79.0,12.0,1.0
2021-08-05 20:48:04,72.0,60.0,6.0,6.0
2021-08-05 20:48:05,98.0,89.0,5.0,4.0
2021-08-05 20:48:06,67.0,57.0,6.0,4.0
2021-08-05 20:48:07,73.0,64.0,0.0,9.0
2021-08-05 20:48:08,81.0,73.0,4.0,4.0
2021-08-05 20:48:09,91.0,78.0,10.0,3.0
2021-08-05 20:48:10,87.0,76.0,6.0,5.0
2021-08-05 20:48:11,91.0,72.0,14.0,5.0
2021-08-05 20:48:12,75.0,64.0,4.0,7.0
2021-08-05 20:48:13,87.0,80.0,3.0,4.0
2021-08-05 20:48:14,71.0,62.0,2.0,7.0
2021-08-05 20:48:15,76.0,65.0,8.0,3.0
2021-08-05 20:48:16,75.0,60.0,7.0,8.0
2021-08-05 20:48:17,77.0,68.0,3.0,6.0
2021-08-05 20:48:18,76.0,69.0,4.0,3.0
2021-08-05 20:48:19,62.0,53.0,8.0,1.0
2021-08-05 20:48:20,75.0,62.0,6.0,7.0
2021-08-05 20:48:21,86.0,75.0,9.0,2.0
2021-08-05 20:48:22,80.0,69.0,7.0,4.0
2021-08-05 20:48:23,102.0,84.0,12.0,6.0
2021-08-05 20:48:24,85.0,78.0,5.0,2.0
2021-08-05 20:48:25,94.0,82.0,8.0,4.0
2021-08-05 20:48:26,86.0,77.0,7.0,2.0
2021-08-05 20:48:27,91.0,76.0,8.0,7.0
2021-08-05 20:48:28,80.0,71.0,3.0,6.0
2021-08-05 20:48:29,81.0,70.0,7.0,4.0
2021-08-05 20:48:30,79.0,67.0,10.0,2.0
2021-08-05 20:48:31,82.0,70.0,8.0,4.0
2021-08-05 20:48:32,75.0,63.0,7.0,5.0
2021-08-05 20:48:33,91.0,77.0,10.0,4.0
2021-08-05 20:48:34,81.0,68.0,7.0,6.0
2021-08-05 20:48:35,68.0,58.0,8.0,2.0
2021-08-05 20:48:36,64.0,57.0,3.0,4.0
2021-08-05 20:48:37,95.0,80.0,8.0,7.0
2021-08-05 20:48:38,82.0,71.0,6.0,5.0
2021-08-05 20:48:39,94.0,81.0,7.0,6.0
2021-08-05 20:48:40,84.0,72.0,7.0,5.0
2021-08-05 20:48:41,91.0,79.0,7.0,5.0
2021-08-05 20:48:42,73.0,64.0,6.0,3.0
2021-08-05 20:48:43,69.0,61.0,4.0,4.0
2021-08-05 20:48:44,68.0,62.0,4.0,2.0
2021-08-05 20:48:45,66.0,57.0,4.0,5.0
2021-08-05 20:48:46,81.0,74.0,6.0,1.0
2021-08-05 20:48:47,70.0,60.0,7.0,3.0
2021-08-05 20:48:48,70.0,63.0,4.0,3.0
2021-08-05 20:48:49,71.0,66.0,2.0,3.0
2021-08-05 20:48:50,75.0,68.0,3.0,4.0
2021-08-05 20:48:51,86.0,77.0,4.0,5.0
2021-08-05 20:48:52,96.0,84.0,11.0,1.0
2021-08-05 20:48:53,79.0,67.0,5.0,7.0
2021-08-05 20:48:54,84.0,75.0,7.0,2.0
2021-08-05 20:48:55,65.0,58.0,3.0,4.0
2021-08-05 20:48:56,84.0,67.0,9.0,8.0
2021-08-05 20:48:57,84.0,73.0,9.0,2.0
2021-08-05 20:48:58,62.0,55.0,2.0,5.0
2021-08-05 20:48:59,70.0,60.0,3.0,7.0
2021-08-05 20:49:00,82.0,73.0,3.0,6.0
2021-08-05 20:49:01,90.0,78.0,7.0,5.0
2021-08-05 20:49:02,88.0,73.0,6.0,9.0
2021-08-05 20:49:03,82.0,77.0,1.0,4.0
2021-08-05 20:49:04,96.0,83.0,5.0,8.0
2021-08-05 20:49:05,87.0,77.0,3.0,7.0
2021-08-05 20:49:06,89.0,79.0,6.0,4.0
2021-08-05 20:49:07,75.0,66.0,6.0,3.0
2021-08-05 20:49:08,86.0,81.0,1.0,4.0
2021-08-05 20:49:09,97.0,87.0,4.0,6.0
2021-08-05 20:49:10,102.0,91.0,6.0,5.0
2021-08-05 20:49:11,84.0,77.0,3.0,4.0
2021-08-05 20:49:12,64.0,58.0,2.0,4.0
2021-08-05 20:49:13,78.0,66.0,7.0,5.0
2021-08-05 20:49:14,89.0,76.0,4.0,9.0
2021-08-05 20:49:15,77.0,67.0,8.0,2.0
2021-08-05 20:49:16,76.0,70.0,4.0,2.0
2021-08-05 20:49:17,82.0,67.0,10.0,5.0
2021-08-05 20:49:18,68.0,56.0,7.0,5.0
2021-08-05 20:49:19,67.0,57.0,7.0,3.0
2021-08-05 20:49:20,86.0,71.0,8.0,7.0
2021-08-05 20:49:21,90.0,83.0,3.0,4.0
2021-08-05 20:49:22,89.0,76.0,4.0,9.0
2021-08-05 20:49:23,87.0,74.0,10.0,3.0
2021-08-05 20:49:24,65.0,59.0,3.0,3.0
2021-08-05 20:49:25,77.0,71.0,2.0,4.0
2021-08-05 20:49:26,80.0,73.0,5.0,2.0
2021-08-05 20:49:27,76.0,64.0,6.0,6.0
2021-08-05 20:49:28,97.0,82.0,8.0,7.0
2021-08-05 20:49:29,77.0,71.0,3.0,3.0
2021-08-05 20:49:30,84.0,73.0,7.0,4.0
2021-08-05 20:49:31,77.0,68.0,5.0,4.0
2021-08-05 20:49:32,94.0,77.0,7.0,10.0
2021-08-05 20:49:33,71.0,64.0,5.0,2.0
2021-08-05 20:49:34,71.0,64.0,3.0,4.0
2021-08-05 20:49:35,76.0,66.0,6.0,4.0
2021-08-05 20:49:36,79.0,66.0,8.0,5.0
2021-08-05 20:49:37,80.0,69.0,8.0,3.0
2021-08-05 20:49:38,84.0,77.0,5.0,2.0
2021-08-05 20:49:39,94.0,78.0,11.0,5.0
2021-08-05 20:49:40,84.0,73.0,6.0,5.0
2021-08-05 20:49:41,85.0,75.0,7.0,3.0
2021-08-05 20:49:42,85.0,69.0,11.0,5.0
2021-08-05 20:49:43,79.0,64.0,9.0,6.0
2021-08-05 20:49:44,110.0,97.0,9.0,4.0
2021-08-05 20:49:45,94.0,80.0,9.0,5.0
2021-08-05 20:49:46,75.0,58.0,9.0,8.0
2021-08-05 20:49:47,84.0,74.0,8.0,2.0
2021-08-05 20:49:48,82.0,75.0,3.0,4.0
2021-08-05 20:49:49,54.0,44.0,8.0,2.0
2021-08-05 20:49:50,94.0,85.0,5.0,4.0
2021-08-05 20:49:51,82.0,70.0,7.0,5.0
2021-08-05 20:49:52,84.0,70.0,7.0,7.0
2021-08-05 20:49:53,95.0,90.0,2.0,3.0
2021-08-05 20:49:54,75.0,67.0,5.0,3.0
2021-08-05 20:49:55,91.0,84.0,4.0,3.0
2021-08-05 20:49:56,80.0,70.0,4.0,6.0
2021-08-05 20:49:57,69.0,60.0,3.0,6.0
2021-08-05 20:49:58,83.0,72.0,5.0,6.0
2021-08-05 20:49:59,91.0,81.0,4.0,6.0
2021-08-05 20:50:00,98.0,89.0,6.0,3.0
2021-08-05 20:50:01,65.0,57.0,6.0,2.0
2021-08-05 20:50:02,84.0,72.0,6.0,6.0
2021-08-05 20:50:03,74.0,64.0,6.0,4.0
2021-08-05 20:50:04,67.0,55.0,4.0,8.0
2021-08-05 20:50:05,69.0,57.0,9.0,3.0
2021-08-05 20:50:06,71.0,58.0,6.0,7.0
2021-08-05 20:50:07,83.0,72.0,6.0,5.0
2021-08-05 20:50:08,75.0,68.0,6.0,1.0
2021-08-05 20:50:09,92.0,81.0,5.0,6.0
2021-08-05 20:50:10,86.0,78.0,5.0,3.0
2021-08-05 20:50:11,75.0,61.0,9.0,5.0
2021-08-05 20:50:12,66.0,59.0,5.0,2.0
2021-08-05 20:50:13,76.0,70.0,2.0,4.0
2021-08-05 20:50:14,93.0,76.0,8.0,9.0
2021-08-05 20:50:15,75.0,66.0,3.0,6.0
2021-08-05 20:50:16,75.0,62.0,10.0,3.0
2021-08-05 20:50:17,88.0,80.0,7.0,1.0
2021-08-05 20:50:18,73.0,63.0,6.0,4.0
2021-08-05 20:50:19,93.0,80.0,7.0,6.0
2021-08-05 20:50:20,71.0,63.0,7.0,1.0
2021-08-05 20:50:21,78.0,64.0,9.0,5.0
2021-08-05 20:50:22,77.0,70.0,3.0,4.0
2021-08-05 20:50:23,77.0,69.0,4.0,4.0
2021-08-05 20:50:24,68.0,60.0,3.0,5.0
2021-08-05 20:50:25,73.0,62.0,7.0,4.0
2021-08-05 20:50:26,84.0,69.0,12.0,3.0
2021-08-05 20:50:27,74.0,60.0,8.0,6.0
2021-08-05 20:50:28,70.0,60.0,5.0,5.0
2021-08-05 20:50:29,73.0,58.0,6.0,9.0
2021-08-05 20:50:30,84.0,70.0,5.0,9.0
2021-08-05 20:50:31,78.0,74.0,3.0,1.0
2021-08-05 20:50:32,85.0,73.0,9.0,3.0
2021-08-05 20:50:33,77.0,60.0,8.0,9.0
2021-08-05 20:50:34,70.0,62.0,6.0,2.0
2021-08-05 20:50:35,76.0,65.0,6.0,5.0
2021-08-05 20:50:36,86.0,78.0,6.0,2.0
2021-08-05 20:50:37,90.0,83.0,4.0,3.0
2021-08-05 20:50:38,87.0,80.0,7.0,0.0
2021-08-05 20:50:39,74.0,67.0,4.0,3.0
2021-08-05 20:50:40,72.0,63.0,6.0,3.0
2021-08-05 20:50:41,73.0,56.0,14.0,3.0
2021-08-05 20:50:42,79.0,55.0,16.0,8.0
2021-08-05 20:50:43,90.0,77.0,6.0,7.0
2021-08-05 20:50:44,72.0,65.0,6.0,1.0
2021-08-05 20:50:45,107.0,99.0,6.0,2.0
2021-08-05 20:50:46,82.0,67.0,8.0,7.0
2021-08-05 20:50:47,83.0,72.0,8.0,3.0
2021-08-05 20:50:48,87.0,76.0,7.0,4.0
2021-08-05 20:50:49,95.0,79.0,7.0,9.0
2021-08-05 20:50:50,82.0,70.0,7.0,5.0
2021-08-05 20:50:51,100.0,86.0,10.0,4.0
2021-08-05 20:50:52,79.0,72.0,4.0,3.0
2021-08-05 20:50:53,100.0,80.0,13.0,7.0
2021-08-05 20:50:54,82.0,71.0,7.0,4.0
2021-08-05 20:50:55,71.0,55.0,8.0,8.0
2021-08-05 20:50:56,90.0,78.0,8.0,4.0
2021-08-05 20:50:57,71.0,63.0,5.0,3.0
2021-08-05 20:50:58,87.0,75.0,9.0,3.0
2021-08-05 20:50:59,73.0,61.0,10.0,2.0
2021-08-05 20:51:00,79.0,69.0,8.0,2.0
2021-08-05 20:51:01,63.0,56.0,5.0,2.0
2021-08-05 20:51:02,82.0,70.0,6.0,6.0
2021-08-05 20:51:03,90.0,84.0,2.0,4.0
2021-08-05 20:51:04,79.0,72.0,3.0,4.0
2021-08-05 20:51:05,88.0,76.0,10.0,2.0
2021-08-05 20:51:06,85.0,70.0,9.0,6.0
2021-08-05 20:51:07,79.0,64.0,9.0,6.0
2021-08-05 20:51:08,77.0,69.0,8.0,0.0
2021-08-05 20:51:09,94.0,74.0,13.0,7.0
2021-08-05 20:51:10,89.0,79.0,7.0,3.0
2021-08-05 20:51:11,72.0,61.0,5.0,6.0
2021-08-05 20:51:12,86.0,74.0,7.0,5.0
2021-08-05 20:51:13,87.0,73.0,7.0,7.0
2021-08-05 20:51:14,84.0,81.0,2.0,1.0
2021-08-05 20:51:15,77.0,66.0,4.0,7.0
2021-08-05 20:51:16,81.0,70.0,5.0,6.0
2021-08-05 20:51:17,69.0,62.0,3.0,4.0
2021-08-05 20:51:18,87.0,76.0,7.0,4.0
2021-08-05 20:51:19,93.0,82.0,5.0,6.0
2021-08-05 20:51:20,71.0,59.0,6.0,6.0
2021-08-05 20:51:21,76.0,71.0,3.0,2.0
2021-08-05 20:51:22,75.0,67.0,4.0,4.0
2021-08-05 20:51:23,91.0,78.0,8.0,5.0
2021-08-05 20:51:24,79.0,70.0,8.0,1.0
2021-08-05 20:51:25,74.0,68.0,4.0,2.0
2021-08-05 20:51:26,80.0,66.0,6.0,8.0
2021-08-05 20:51:27,86.0,73.0,12.0,1.0
2021-08-05 20:51:28,81.0,68.0,5.0,8.0
2021-08-05 20:51:29,69.0,55.0,6.0,8.0
2021-08-05 20:51:30,82.0,76.0,5.0,1.0
2021-08-05 20:51:31,73.0,61.0,9.0,3.0
2021-08-05 20:51:32,78.0,68.0,4.0,6.0
2021-08-05 20:51:33,103.0,92.0,11.0,0.0
2021-08-05 20:51:34,63.0,53.0,8.0,2.0
2021-08-05 20:51:35,91.0,73.0,9.0,9.0
2021-08-05 20:51:36,95.0,84.0,7.0,4.0
2021-08-05 20:51:37,81.0,74.0,6.0,1.0
2021-08-05 20:51:38,94.0,83.0,5.0,6.0
2021-08-05 20:51:39,76.0,60.0,8.0,8.0
2021-08-05 20:51:40,93.0,79.0,11.0,3.0
2021-08-05 20:51:41,73.0,65.0,6.0,2.0
2021-08-05 20:51:42,82.0,65.0,13.0,4.0
2021-08-05 20:51:43,95.0,81.0,10.0,4.0
2021-08-05 20:51:44,75.0,64.0,4.0,7.0
2021-08-05 20:51:45,77.0,69.0,4.0,4.0
2021-08-05 20:51:46,86.0,72.0,6.0,8.0
2021-08-05 20:51:47,75.0,64.0,7.0,4.0
2021-08-05 20:51:48,80.0,69.0,5.0,6.0
2021-08-05 20:51:49,72.0,63.0,6.0,3.0
2021-08-05 20:51:50,83.0,67.0,8.0,8.0
2021-08-05 20:51:51,76.0,66.0,6.0,4.0
2021-08-05 20:51:52,76.0,65.0,7.0,4.0
2021-08-05 20:51:53,90.0,83.0,4.0,3.0
2021-08-05 20:51:54,80.0,68.0,6.0,6.0
2021-08-05 20:51:55,81.0,70.0,8.0,3.0
2021-08-05 20:51:56,82.0,76.0,5.0,1.0
2021-08-05 20:51:57,79.0,70.0,5.0,4.0
2021-08-05 20:51:58,79.0,70.0,8.0,1.0
2021-08-05 20:51:59,65.0,60.0,5.0,0.0
2021-08-05 20:52:00,72.0,65.0,3.0,4.0
2021-08-05 20:52:01,93.0,81.0,7.0,5.0
2021-08-05 20:52:02,87.0,77.0,8.0,2.0
2021-08-05 20:52:03,82.0,72.0,9.0,1.0
2021-08-05 20:52:04,92.0,82.0,6.0,4.0
2021-08-05 20:52:05,90.0,73.0,10.0,7.0
2021-08-05 20:52:06,70.0,62.0,5.0,3.0
2021-08-05 20:52:07,76.0,66.0,6.0,4.0
2021-08-05 20:52:08,78.0,69.0,6.0,3.0
2021-08-05 20:52:09,82.0,65.0,11.0,6.0
2021-08-05 20:52:10,92.0,77.0,11.0,4.0
2021-08-05 20:52:11,79.0,67.0,8.0,4.0
2021-08-05 20:52:12,82.0,74.0,5.0,3.0
2021-08-05 20:52:13,71.0,65.0,5.0,1.0
2021-08-05 20:52:14,87.0,78.0,5.0,4.0
2021-08-05 20:52:15,79.0,68.0,6.0,5.0
2021-08-05 20:52:16,89.0,81.0,4.0,4.0
2021-08-05 20:52:17,75.0,64.0,5.0,6.0
2021-08-05 20:52:18,81.0,72.0,5.0,4.0
2021-08-05 20:52:19,69.0,58.0,7.0,4.0
2021-08-05 20:52:20,88.0,77.0,7.0,4.0
2021-08-05 20:52:21,90.0,79.0,3.0,8.0
2021-08-05 20:52:22,86.0,74.0,6.0,6.0
2021-08-05 20:52:23,79.0,68.0,8.0,3.0
2021-08-05 20:52:24,87.0,73.0,10.0,4.0
2021-08-05 20:52:25,72.0,61.0,8.0,3.0
2021-08-05 20:52:26,79.0,68.0,7.0,4.0
2021-08-05 20:52:27,76.0,67.0,4.0,5.0
2021-08-05 20:52:28,91.0,78.0,6.0,7.0
2021-08-05 20:52:29,87.0,72.0,11.0,4.0
2021-08-05 20:52:30,77.0,66.0,5.0,6.0
2021-08-05 20:52:31,79.0,69.0,5.0,5.0
2021-08-05 20:52:32,83.0,76.0,4.0,3.0
2021-08-05 20:52:33,85.0,75.0,8.0,2.0
2021-08-05 20:52:34,87.0,80.0,3.0,4.0
2021-08-05 20:52:35,92.0,81.0,6.0,5.0
2021-08-05 20:52:36,78.0,71.0,6.0,1.0
2021-08-05 20:52:37,89.0,80.0,6.0,3.0
2021-08-05 20:52:38,88.0,74.0,6.0,8.0
2021-08-05 20:52:39,76.0,65.0,6.0,5.0
2021-08-05 20:52:40,80.0,66.0,11.0,3.0
2021-08-05 20:52:41,83.0,73.0,8.0,2.0
2021-08-05 20:52:42,83.0,74.0,5.0,4.0
2021-08-05 20:52:43,83.0,75.0,4.0,4.0
2021-08-05 20:52:44,80.0,71.0,5.0,4.0
2021-08-05 20:52:45,86.0,76.0,7.0,3.0
2021-08-05 20:52:46,77.0,63.0,8.0,6.0
2021-08-05 20:52:47,80.0,73.0,4.0,3.0
2021-08-05 20:52:48,76.0,68.0,2.0,6.0
2021-08-05 20:52:49,73.0,59.0,10.0,4.0
2021-08-05 20:52:50,85.0,73.0,7.0,5.0
2021-08-05 20:52:51,91.0,84.0,4.0,3.0
2021-08-05 20:52:52,89.0,74.0,9.0,6.0
2021-08-05 20:52:53,87.0,76.0,7.0,4.0
2021-08-05 20:52:54,69.0,56.0,4.0,9.0
2021-08-05 20:52:55,88.0,71.0,11.0,6.0
2021-08-05 20:52:56,65.0,57.0,3.0,5.0
2021-08-05 20:52:57,62.0,57.0,4.0,1.0
2021-08-05 20:52:58,80.0,71.0,7.0,2.0
2021-08-05 20:52:59,85.0,71.0,8.0,6.0
2021-08-05 20:53:00,84.0,71.0,4.0,9.0
2021-08-05 20:53:01,75.0,61.0,9.0,5.0
2021-08-05 20:53:02,95.0,84.0,9.0,2.0
2021-08-05 20:53:03,92.0,77.0,4.0,11.0
2021-08-05 20:53:04,87.0,75.0,9.0,3.0
2021-08-05 20:53:05,94.0,82.0,7.0,5.0
2021-08-05 20:53:06,72.0,61.0,6.0,5.0
2021-08-05 20:53:07,89.0,75.0,8.0,6.0
2021-08-05 20:53:08,79.0,70.0,4.0,5.0
2021-08-05 20:53:09,83.0,67.0,11.0,5.0
2021-08-05 20:53:10,77.0,71.0,3.0,3.0
2021-08-05 20:53:11,89.0,77.0,9.0,3.0
2021-08-05 20:53:12,74.0,62.0,8.0,4.0
2021-08-05 20:53:13,79.0,70.0,6.0,3.0
2021-08-05 20:53:14,92.0,86.0,3.0,3.0
2021-08-05 20:53:15,81.0,72.0,8.0,1.0
2021-08-05 20:53:16,93.0,77.0,9.0,7.0
2021-08-05 20:53:17,82.0,68.0,10.0,4.0
2021-08-05 20:53:18,78.0,67.0,9.0,2.0
2021-08-05 20:53:19,87.0,74.0,10.0,3.0
2021-08-05 20:53:20,76.0,69.0,5.0,2.0
2021-08-05 20:53:21,82.0,68.0,10.0,4.0
2021-08-05 20:53:22,80.0,72.0,5.0,3.0
2021-08-05 20:53:23,83.0,73.0,6.0,4.0
2021-08-05 20:53:24,95.0,86.0,1.0,8.0
2021-08-05 20:53:25,79.0,69.0,5.0,5.0
2021-08-05 20:53:26,99.0,86.0,8.0,5.0
2021-08-05 20:53:27,87.0,70.0,11.0,6.0
2021-08-05 20:53:28,79.0,69.0,9.0,1.0
2021-08-05 20:53:29,90.0,76.0,7.0,7.0
2021-08-05 20:53:30,84.0,59.0,16.0,9.0
2021-08-05 20:53:31,88.0,73.0,13.0,2.0
2021-08-05 20:53:32,87.0,75.0,6.0,6.0
2021-08-05 20:53:33,95.0,75.0,15.0,5.0
2021-08-05 20:53:34,74.0,61.0,7.0,6.0
2021-08-05 20:53:35,75.0,63.0,8.0,4.0
2021-08-05 20:53:36,77.0,68.0,4.0,5.0
2021-08-05 20:53:37,79.0,74.0,3.0,2.0
2021-08-05 20:53:38,69.0,61.0,6.0,2.0
2021-08-05 20:53:39,81.0,71.0,8.0,2.0
2021-08-05 20:53:40,80.0,68.0,6.0,6.0
2021-08-05 20:53:41,86.0,79.0,4.0,3.0
2021-08-05 20:53:42,65.0,59.0,1.0,5.0
2021-08-05 20:53:43,69.0,60.0,5.0,4.0
2021-08-05 20:53:44,82.0,75.0,4.0,3.0
2021-08-05 20:53:45,71.0,60.0,6.0,5.0
2021-08-05 20:53:46,83.0,74.0,5.0,4.0
2021-08-05 20:53:47,75.0,64.0,5.0,6.0
2021-08-05 20:53:48,66.0,56.0,6.0,4.0
2021-08-05 20:53:49,67.0,60.0,5.0,2.0
2021-08-05 20:53:50,95.0,78.0,10.0,7.0
2021-08-05 20:53:51,101.0,90.0,9.0,2.0
2021-08-05 20:53:52,68.0,61.0,4.0,3.0
2021-08-05 20:53:53,80.0,70.0,6.0,4.0
2021-08-05 20:53:54,72.0,65.0,3.0,4.0
2021-08-05 20:53:55,82.0,72.0,6.0,4.0
2021-08-05 20:53:56,85.0,73.0,9.0,3.0
2021-08-05 20:53:57,86.0,72.0,6.0,8.0
2021-08-05 20:53:58,74.0,56.0,7.0,11.0
2021-08-05 20:53:59,77.0,64.0,7.0,6.0
2021-08-05 20:54:00,65.0,61.0,1.0,3.0
2021-08-05 20:54:01,77.0,61.0,7.0,9.0
2021-08-05 20:54:02,67.0,60.0,4.0,3.0
2021-08-05 20:54:03,84.0,72.0,11.0,1.0
2021-08-05 20:54:04,78.0,69.0,7.0,2.0
2021-08-05 20:54:05,86.0,74.0,6.0,6.0
2021-08-05 20:54:06,81.0,67.0,9.0,5.0
2021-08-05 20:54:07,81.0,68.0,12.0,1.0
2021-08-05 20:54:08,89.0,77.0,9.0,3.0
2021-08-05 20:54:09,86.0,77.0,4.0,5.0
2021-08-05 20:54:10,70.0,57.0,9.0,4.0
2021-08-05 20:54:11,82.0,76.0,2.0,4.0
2021-08-05 20:54:12,71.0,63.0,7.0,1.0
2021-08-05 20:54:13,80.0,74.0,2.0,4.0
2021-08-05 20:54:14,71.0,62.0,5.0,4.0
2021-08-05 20:54:15,72.0,63.0,2.0,7.0
2021-08-05 20:54:16,78.0,69.0,4.0,5.0
2021-08-05 20:54:17,80.0,63.0,12.0,5.0
2021-08-05 20:54:18,82.0,66.0,12.0,4.0
2021-08-05 20:54:19,60.0,49.0,10.0,1.0
2021-08-05 20:54:20,92.0,74.0,6.0,12.0
2021-08-05 20:54:21,85.0,76.0,6.0,3.0
2021-08-05 20:54:22,69.0,61.0,5.0,3.0
2021-08-05 20:54:23,75.0,71.0,3.0,1.0
2021-08-05 20:54:24,61.0,52.0,5.0,4.0
2021-08-05 20:54:25,83.0,76.0,2.0,5.0
2021-08-05 20:54:26,91.0,80.0,7.0,4.0
2021-08-05 20:54:27,93.0,77.0,8.0,8.0
2021-08-05 20:54:28,76.0,65.0,4.0,7.0
2021-08-05 20:54:29,90.0,80.0,8.0,2.0
2021-08-05 20:54:30,87.0,80.0,4.0,3.0
2021-08-05 20:54:31,72.0,60.0,7.0,5.0
2021-08-05 20:54:32,76.0,68.0,6.0,2.0
2021-08-05 20:54:33,81.0,74.0,6.0,1.0
2021-08-05 20:54:34,80.0,68.0,9.0,3.0
2021-08-05 20:54:35,73.0,61.0,9.0,3.0
2021-08-05 20:54:36,86.0,74.0,8.0,4.0
2021-08-05 20:54:37,77.0,66.0,3.0,8.0
2021-08-05 20:54:38,65.0,61.0,4.0,0.0
2021-08-05 20:54:39,83.0,71.0,9.0,3.0
2021-08-05 20:54:40,73.0,63.0,6.0,4.0
2021-08-05 20:54:41,88.0,80.0,4.0,4.0
2021-08-05 20:54:42,85.0,68.0,10.0,7.0
2021-08-05 20:54:43,72.0,57.0,6.0,9.0
2021-08-05 20:54:44,74.0,62.0,5.0,7.0
2021-08-05 20:54:45,86.0,76.0,6.0,4.0
2021-08-05 20:54:46,70.0,62.0,6.0,2.0
2021-08-05 20:54:47,72.0,59.0,4.0,9.0
2021-08-05 20:54:48,78.0,72.0,4.0,2.0
2021-08-05 20:54:49,85.0,74.0,5.0,6.0
2021-08-05 20:54:50,86.0,76.0,5.0,5.0
2021-08-05 20:54:51,83.0,71.0,8.0,4.0
2021-08-05 20:54:52,72.0,59.0,8.0,5.0
2021-08-05 20:54:53,84.0,69.0,12.0,3.0
2021-08-05 20:54:54,82.0,74.0,5.0,3.0
2021-08-05 20:54:55,96.0,86.0,8.0,2.0
2021-08-05 20:54:56,91.0,78.0,7.0,6.0
2021-08-05 20:54:57,85.0,77.0,7.0,1.0
2021-08-05 20:54:58,77.0,68.0,5.0,4.0
2021-08-05 20:54:59,68.0,58.0,8.0,2.0
2021-08-05 20:55:00,93.0,85.0,5.0,3.0
2021-08-05 20:55:01,75.0,62.0,10.0,3.0
2021-08-05 20:55:02,73.0,63.0,9.0,1.0
2021-08-05 20:55:03,85.0,75.0,7.0,3.0
2021-08-05 20:55:04,86.0,76.0,7.0,3.0
2021-08-05 20:55:05,77.0,67.0,6.0,4.0
2021-08-05 20:55:06,69.0,62.0,4.0,3.0
2021-08-05 20:55:07,86.0,77.0,4.0,5.0
2021-08-05 20:55:08,74.0,64.0,6.0,4.0
2021-08-05 20:55:09,86.0,80.0,3.0,3.0
2021-08-05 20:55:10,73.0,67.0,2.0,4.0
2021-08-05 20:55:11,102.0,89.0,6.0,7.0
2021-08-05 20:55:12,90.0,74.0,7.0,9.0
2021-08-05 20:55:13,88.0,77.0,4.0,7.0
2021-08-05 20:55:14,82.0,73.0,3.0,6.0
2021-08-05 20:55:15,66.0,57.0,8.0,1.0
2021-08-05 20:55:16,92.0,84.0,3.0,5.0
2021-08-05 20:55:17,68.0,61.0,2.0,5.0
2021-08-05 20:55:18,72.0,60.0,10.0,2.0
2021-08-05 20:55:19,88.0,73.0,5.0,10.0
2021-08-05 20:55:20,84.0,71.0,7.0,6.0
2021-08-05 20:55:21,80.0,71.0,5.0,4.0
2021-08-05 20:55:22,94.0,79.0,10.0,5.0
2021-08-05 20:55:23,76.0,66.0,10.0,0.0
2021-08-05 20:55:24,71.0,62.0,8.0,1.0
2021-08-05 20:55:25,73.0,64.0,6.0,3.0
2021-08-05 20:55:26,76.0,67.0,6.0,3.0
2021-08-05 20:55:27,85.0,72.0,10.0,3.0
2021-08-05 20:55:28,76.0,71.0,2.0,3.0
2021-08-05 20:55:29,67.0,59.0,4.0,4.0
2021-08-05 20:55:30,88.0,75.0,9.0,4.0
2021-08-05 20:55:31,74.0,62.0,8.0,4.0
2021-08-05 20:55:32,72.0,57.0,9.0,6.0
2021-08-05 20:55:33,72.0,59.0,8.0,5.0
2021-08-05 20:55:34,88.0,75.0,5.0,8.0
2021-08-05 20:55:35,73.0,63.0,5.0,5.0
2021-08-05 20:55:36,87.0,76.0,6.0,5.0
2021-08-05 20:55:37,82.0,71.0,3.0,8.0
2021-08-05 20:55:38,87.0,80.0,5.0,2.0
2021-08-05 20:55:39,75.0,64.0,6.0,5.0
2021-08-05 20:55:40,83.0,71.0,9.0,3.0
2021-08-05 20:55:41,70.0,59.0,7.0,4.0
2021-08-05 20:55:42,97.0,85.0,9.0,3.0
2021-08-05 20:55:43,76.0,60.0,9.0,7.0
2021-08-05 20:55:44,86.0,76.0,7.0,3.0
2021-08-05 20:55:45,79.0,70.0,5.0,4.0
2021-08-05 20:55:46,85.0,74.0,9.0,2.0
2021-08-05 20:55:47,89.0,80.0,5.0,4.0
2021-08-05 20:55:48,85.0,75.0,6.0,4.0
2021-08-05 20:55:49,81.0,67.0,11.0,3.0
2021-08-05 20:55:50,82.0,73.0,5.0,4.0
2021-08-05 20:55:51,75.0,69.0,5.0,1.0
2021-08-05 20:55:52,64.0,56.0,7.0,1.0
2021-08-05 20:55:53,62.0,52.0,8.0,2.0
2021-08-05 20:55:54,65.0,55.0,6.0,4.0
2021-08-05 20:55:55,64.0,50.0,7.0,7.0
2021-08-05 20:55:56,65.0,56.0,5.0,4.0
2021-08-05 20:55:57,80.0,70.0,5.0,5.0
2021-08-05 20:55:58,65.0,57.0,5.0,3.0
2021-08-05 20:55:59,71.0,59.0,3.0,9.0
2021-08-05 20:56:00,70.0,60.0,6.0,4.0
2021-08-05 20:56:01,90.0,84.0,2.0,4.0
2021-08-05 20:56:02,80.0,65.0,7.0,8.0
2021-08-05 20:56:03,72.0,56.0,13.0,3.0
2021-08-05 20:56:04,81.0,69.0,8.0,4.0
2021-08-05 20:56:05,97.0,82.0,8.0,7.0
2021-08-05 20:56:06,84.0,69.0,13.0,2.0
2021-08-05 20:56:07,71.0,62.0,6.0,3.0
2021-08-05 20:56:08,69.0,62.0,4.0,3.0
2021-08-05 20:56:09,77.0,68.0,5.0,4.0
2021-08-05 20:56:10,87.0,73.0,12.0,2.0
2021-08-05 20:56:11,92.0,80.0,6.0,6.0
2021-08-05 20:56:12,73.0,67.0,2.0,4.0
2021-08-05 20:56:13,71.0,64.0,5.0,2.0
2021-08-05 20:56:14,76.0,65.0,5.0,6.0
2021-08-05 20:56:15,70.0,60.0,4.0,6.0
2021-08-05 20:56:16,65.0,56.0,4.0,5.0
2021-08-05 20:56:17,61.0,48.0,8.0,5.0
2021-08-05 20:56:18,84.0,74.0,10.0,0.0
2021-08-05 20:56:19,78.0,73.0,2.0,3.0
2021-08-05 20:56:20,79.0,72.0,5.0,2.0
2021-08-05 20:56:21,78.0,69.0,7.0,2.0
2021-08-05 20:56:22,72.0,62.0,5.0,5.0
2021-08-05 20:56:23,63.0,49.0,7.0,7.0
2021-08-05 20:56:24,81.0,67.0,8.0,6.0
2021-08-05 20:56:25,87.0,79.0,4.0,4.0
2021-08-05 20:56:26,93.0,77.0,10.0,6.0
2021-08-05 20:56:27,80.0,74.0,3.0,3.0
2021-08-05 20:56:28,70.0,61.0,4.0,5.0
2021-08-05 20:56:29,83.0,72.0,5.0,6.0
2021-08-05 20:56:30,83.0,72.0,6.0,5.0
2021-08-05 20:56:31,86.0,83.0,2.0,1.0
2021-08-05 20:56:32,79.0,70.0,6.0,3.0
2021-08-05 20:56:33,78.0,66.0,7.0,5.0
2021-08-05 20:56:34,80.0,70.0,8.0,2.0
2021-08-05 20:56:35,76.0,68.0,6.0,2.0
2021-08-05 20:56:36,84.0,76.0,5.0,3.0
2021-08-05 20:56:37,75.0,64.0,7.0,4.0
2021-08-05 20:56:38,76.0,65.0,3.0,8.0
2021-08-05 20:56:39,75.0,60.0,9.0,6.0
2021-08-05 20:56:40,86.0,75.0,4.0,7.0
2021-08-05 20:56:41,76.0,59.0,9.0,8.0
2021-08-05 20:56:42,71.0,65.0,2.0,4.0
2021-08-05 20:56:43,80.0,65.0,10.0,5.0
2021-08-05 20:56:44,79.0,71.0,6.0,2.0
2021-08-05 20:56:45,80.0,69.0,5.0,6.0
2021-08-05 20:56:46,90.0,78.0,5.0,7.0
2021-08-05 20:56:47,86.0,73.0,10.0,3.0
2021-08-05 20:56:48,84.0,73.0,6.0,5.0
2021-08-05 20:56:49,95.0,76.0,9.0,10.0
2021-08-05 20:56:50,92.0,78.0,6.0,8.0
2021-08-05 20:56:51,65.0,54.0,8.0,3.0
2021-08-05 20:56:52,85.0,73.0,7.0,5.0
2021-08-05 20:56:53,84.0,72.0,5.0,7.0
2021-08-05 20:56:54,65.0,55.0,4.0,6.0
2021-08-05 20:56:55,77.0,68.0,6.0,3.0
2021-08-05 20:56:56,92.0,84.0,4.0,4.0
2021-08-05 20:56:57,73.0,68.0,3.0,2.0
2021-08-05 20:56:58,91.0,81.0,5.0,5.0
2021-08-05 20:56:59,75.0,71.0,3.0,1.0
2021-08-05 20:57:00,69.0,63.0,3.0,3.0
2021-08-05 20:57:01,68.0,56.0,9.0,3.0
2021-08-05 20:57:02,96.0,82.0,10.0,4.0
2021-08-05 20:57:03,74.0,65.0,4.0,5.0
2021-08-05 20:57:04,71.0,61.0,5.0,5.0
2021-08-05 20:57:05,73.0,72.0,1.0,0.0
2021-08-05 20:57:06,88.0,76.0,7.0,5.0
2021-08-05 20:57:07,70.0,63.0,2.0,5.0
2021-08-05 20:57:08,70.0,62.0,4.0,4.0
2021-08-05 20:57:09,85.0,73.0,9.0,3.0
2021-08-05 20:57:10,75.0,63.0,5.0,7.0
2021-08-05 20:57:11,72.0,62.0,6.0,4.0
2021-08-05 20:57:12,88.0,78.0,5.0,5.0
2021-08-05 20:57:13,65.0,57.0,6.0,2.0
2021-08-05 20:57:14,78.0,68.0,6.0,4.0
2021-08-05 20:57:15,82.0,78.0,1.0,3.0
2021-08-05 20:57:16,66.0,56.0,5.0,5.0
2021-08-05 20:57:17,84.0,73.0,5.0,6.0
2021-08-05 20:57:18,84.0,71.0,10.0,3.0
2021-08-05 20:57:19,87.0,75.0,6.0,6.0
2021-08-05 20:57:20,68.0,61.0,6.0,1.0
2021-08-05 20:57:21,78.0,70.0,6.0,2.0
2021-08-05 20:57:22,69.0,52.0,10.0,7.0
2021-08-05 20:57:23,77.0,69.0,6.0,2.0
2021-08-05 20:57:24,86.0,76.0,5.0,5.0
2021-08-05 20:57:25,85.0,73.0,10.0,2.0
2021-08-05 20:57:26,90.0,75.0,8.0,7.0
2021-08-05 20:57:27,82.0,75.0,6.0,1.0
2021-08-05 20:57:28,72.0,59.0,10.0,3.0
2021-08-05 20:57:29,70.0,60.0,2.0,8.0
2021-08-05 20:57:30,88.0,74.0,10.0,4.0
2021-08-05 20:57:31,98.0,81.0,11.0,6.0
2021-08-05 20:57:32,72.0,63.0,8.0,1.0
2021-08-05 20:57:33,85.0,74.0,7.0,4.0
2021-08-05 20:57:34,78.0,66.0,10.0,2.0
2021-08-05 20:57:35,84.0,73.0,7.0,4.0
2021-08-05 20:57:36,69.0,61.0,4.0,4.0
2021-08-05 20:57:37,80.0,71.0,7.0,2.0
2021-08-05 20:57:38,84.0,75.0,4.0,5.0
2021-08-05 20:57:39,81.0,73.0,3.0,5.0
2021-08-05 20:57:40,83.0,71.0,8.0,4.0
2021-08-05 20:57:41,91.0,78.0,8.0,5.0
2021-08-05 20:57:42,71.0,62.0,6.0,3.0
2021-08-05 20:57:43,69.0,60.0,6.0,3.0
2021-08-05 20:57:44,83.0,74.0,6.0,3.0
2021-08-05 20:57:45,91.0,84.0,2.0,5.0
2021-08-05 20:57:46,79.0,73.0,4.0,2.0
2021-08-05 20:57:47,77.0,68.0,6.0,3.0
2021-08-05 20:57:48,75.0,67.0,3.0,5.0
2021-08-05 20:57:49,84.0,74.0,6.0,4.0
2021-08-05 20:57:50,95.0,77.0,10.0,8.0
2021-08-05 20:57:51,74.0,64.0,5.0,5.0
2021-08-05 20:57:52,84.0,77.0,5.0,2.0
2021-08-05 20:57:53,76.0,63.0,8.0,5.0
2021-08-05 20:57:54,82.0,65.0,13.0,4.0
2021-08-05 20:57:55,74.0,67.0,6.0,1.0
2021-08-05 20:57:56,77.0,66.0,9.0,2.0
2021-08-05 20:57:57,69.0,60.0,2.0,7.0
2021-08-05 20:57:58,77.0,66.0,5.0,6.0
2021-08-05 20:57:59,78.0,70.0,4.0,4.0
2021-08-05 20:58:00,78.0,71.0,3.0,4.0
2021-08-05 20:58:01,75.0,67.0,8.0,0.0
2021-08-05 20:58:02,79.0,68.0,6.0,5.0
2021-08-05 20:58:03,85.0,68.0,10.0,7.0
2021-08-05 20:58:04,71.0,54.0,11.0,6.0
2021-08-05 20:58:05,81.0,69.0,11.0,1.0
2021-08-05 20:58:06,82.0,69.0,8.0,5.0
2021-08-05 20:58:07,82.0,72.0,5.0,5.0
2021-08-05 20:58:08,80.0,67.0,7.0,6.0
2021-08-05 20:58:09,88.0,81.0,3.0,4.0
2021-08-05 20:58:10,79.0,69.0,5.0,5.0
2021-08-05 20:58:11,75.0,66.0,7.0,2.0
2021-08-05 20:58:12,79.0,71.0,3.0,5.0
2021-08-05 20:58:13,88.0,80.0,5.0,3.0
2021-08-05 20:58:14,58.0,56.0,1.0,1.0
2021-08-05 20:58:15,83.0,74.0,6.0,3.0
2021-08-05 20:58:16,92.0,79.0,7.0,6.0
2021-08-05 20:58:17,75.0,68.0,6.0,1.0
2021-08-05 20:58:18,73.0,64.0,3.0,6.0
2021-08-05 20:58:19,70.0,62.0,7.0,1.0
2021-08-05 20:58:20,93.0,80.0,6.0,7.0
2021-08-05 20:58:21,74.0,59.0,9.0,6.0
2021-08-05 20:58:22,84.0,76.0,7.0,1.0
2021-08-05 20:58:23,80.0,72.0,3.0,5.0
2021-08-05 20:58:24,64.0,53.0,10.0,1.0
2021-08-05 20:58:25,85.0,69.0,11.0,5.0
2021-08-05 20:58:26,92.0,82.0,6.0,4.0
2021-08-05 20:58:27,71.0,59.0,5.0,7.0
2021-08-05 20:58:28,67.0,55.0,8.0,4.0
2021-08-05 20:58:29,81.0,71.0,9.0,1.0
2021-08-05 20:58:30,77.0,70.0,3.0,4.0
2021-08-05 20:58:31,87.0,77.0,8.0,2.0
2021-08-05 20:58:32,82.0,67.0,8.0,7.0
2021-08-05 20:58:33,83.0,72.0,6.0,5.0
2021-08-05 20:58:34,94.0,87.0,1.0,6.0
2021-08-05 20:58:35,66.0,61.0,1.0,4.0
2021-08-05 20:58:36,101.0,92.0,4.0,5.0
2021-08-05 20:58:37,88.0,80.0,5.0,3.0
2021-08-05 20:58:38,90.0,78.0,9.0,3.0
2021-08-05 20:58:39,76.0,63.0,7.0,6.0
2021-08-05 20:58:40,68.0,59.0,6.0,3.0
2021-08-05 20:58:41,85.0,73.0,9.0,3.0
2021-08-05 20:58:42,80.0,75.0,3.0,2.0
2021-08-05 20:58:43,87.0,74.0,7.0,6.0
2021-08-05 20:58:44,79.0,64.0,10.0,5.0
2021-08-05 20:58:45,84.0,72.0,7.0,5.0
2021-08-05 20:58:46,95.0,79.0,11.0,5.0
2021-08-05 20:58:47,74.0,66.0,6.0,2.0
2021-08-05 20:58:48,88.0,77.0,8.0,3.0
2021-08-05 20:58:49,73.0,61.0,4.0,8.0
2021-08-05 20:58:50,70.0,60.0,4.0,6.0
2021-08-05 20:58:51,68.0,59.0,5.0,4.0
2021-08-05 20:58:52,82.0,74.0,6.0,2.0
2021-08-05 20:58:53,77.0,68.0,5.0,4.0
2021-08-05 20:58:54,76.0,66.0,5.0,5.0
2021-08-05 20:58:55,96.0,83.0,6.0,7.0
2021-08-05 20:58:56,84.0,72.0,8.0,4.0
2021-08-05 20:58:57,84.0,76.0,5.0,3.0
2021-08-05 20:58:58,77.0,70.0,5.0,2.0
2021-08-05 20:58:59,77.0,71.0,5.0,1.0
2021-08-05 20:59:00,80.0,66.0,7.0,7.0
2021-08-05 20:59:01,79.0,62.0,11.0,6.0
2021-08-05 20:59:02,89.0,72.0,8.0,9.0
2021-08-05 20:59:03,58.0,47.0,9.0,2.0
2021-08-05 20:59:04,87.0,76.0,5.0,6.0
2021-08-05 20:59:05,69.0,56.0,6.0,7.0
2021-08-05 20:59:06,80.0,67.0,9.0,4.0
2021-08-05 20:59:07,72.0,58.0,10.0,4.0
2021-08-05 20:59:08,84.0,73.0,7.0,4.0
2021-08-05 20:59:09,106.0,92.0,6.0,8.0
2021-08-05 20:59:10,92.0,81.0,7.0,4.0
2021-08-05 20:59:11,83.0,71.0,11.0,1.0
2021-08-05 20:59:12,85.0,77.0,4.0,4.0
2021-08-05 20:59:13,77.0,66.0,7.0,4.0
2021-08-05 20:59:14,75.0,67.0,4.0,4.0
2021-08-05 20:59:15,89.0,76.0,8.0,5.0
2021-08-05 20:59:16,92.0,83.0,4.0,5.0
2021-08-05 20:59:17,82.0,71.0,6.0,5.0
2021-08-05 20:59:18,80.0,66.0,10.0,4.0
2021-08-05 20:59:19,79.0,69.0,8.0,2.0
2021-08-05 20:59:20,88.0,70.0,12.0,6.0
2021-08-05 20:59:21,72.0,67.0,3.0,2.0
2021-08-05 20:59:22,89.0,79.0,9.0,1.0
2021-08-05 20:59:23,75.0,62.0,8.0,5.0
2021-08-05 20:59:24,74.0,67.0,3.0,4.0
2021-08-05 20:59:25,80.0,72.0,5.0,3.0
2021-08-05 20:59:26,70.0,60.0,6.0,4.0
2021-08-05 20:59:27,83.0,68.0,6.0,9.0
2021-08-05 20:59:28,76.0,69.0,2.0,5.0
2021-08-05 20:59:29,81.0,74.0,4.0,3.0
2021-08-05 20:59:30,71.0,65.0,3.0,3.0
2021-08-05 20:59:31,64.0,52.0,12.0,0.0
2021-08-05 20:59:32,84.0,75.0,6.0,3.0
2021-08-05 20:59:33,73.0,61.0,4.0,8.0
2021-08-05 20:59:34,81.0,66.0,8.0,7.0
2021-08-05 20:59:35,93.0,81.0,6.0,6.0
2021-08-05 20:59:36,94.0,88.0,2.0,4.0
2021-08-05 20:59:37,67.0,58.0,6.0,3.0
2021-08-05 20:59:38,83.0,74.0,7.0,2.0
2021-08-05 20:59:39,86.0,73.0,6.0,7.0
2021-08-05 20:59:40,71.0,60.0,8.0,3.0
2021-08-05 20:59:41,68.0,62.0,4.0,2.0
2021-08-05 20:59:42,88.0,75.0,8.0,5.0
2021-08-05 20:59:43,81.0,71.0,7.0,3.0
2021-08-05 20:59:44,91.0,74.0,14.0,3.0
2021-08-05 20:59:45,80.0,68.0,8.0,4.0
2021-08-05 20:59:46,82.0,75.0,5.0,2.0
2021-08-05 20:59:47,94.0,82.0,8.0,4.0
2021-08-05 20:59:48,82.0,67.0,11.0,4.0
2021-08-05 20:59:49,75.0,60.0,8.0,7.0
2021-08-05 20:59:50,82.0,73.0,7.0,2.0
2021-08-05 20:59:51,76.0,72.0,0.0,4.0
2021-08-05 20:59:52,80.0,70.0,7.0,3.0
2021-08-05 20:59:53,85.0,74.0,7.0,4.0
2021-08-05 20:59:54,88.0,74.0,9.0,5.0
2021-08-05 20:59:55,67.0,56.0,5.0,6.0
2021-08-05 20:59:56,75.0,65.0,4.0,6.0
2021-08-05 20:59:57,93.0,78.0,12.0,3.0
2021-08-05 20:59:58,86.0,74.0,9.0,3.0
2021-08-05 20:59:59,63.0,52.0,5.0,6.0
2021-08-05 21:00:00,86.0,75.0,10.0,1.0
2021-08-05 21:00:01,70.0,58.0,6.0,6.0
2021-08-05 21:00:02,78.0,69.0,7.0,2.0
2021-08-05 21:00:03,77.0,66.0,6.0,5.0
2021-08-05 21:00:04,71.0,57.0,9.0,5.0
2021-08-05 21:00:05,78.0,69.0,3.0,6.0
2021-08-05 21:00:06,77.0,67.0,5.0,5.0
2021-08-05 21:00:07,81.0,71.0,6.0,4.0
2021-08-05 21:00:08,83.0,73.0,6.0,4.0
2021-08-05 21:00:09,70.0,58.0,8.0,4.0
2021-08-05 21:00:10,64.0,58.0,5.0,1.0
2021-08-05 21:00:11,81.0,67.0,8.0,6.0
2021-08-05 21:00:12,87.0,78.0,5.0,4.0
2021-08-05 21:00:13,73.0,68.0,0.0,5.0
2021-08-05 21:00:14,79.0,72.0,3.0,4.0
2021-08-05 21:00:15,83.0,71.0,6.0,6.0
2021-08-05 21:00:16,80.0,66.0,7.0,7.0
2021-08-05 21:00:17,80.0,71.0,5.0,4.0
2021-08-05 21:00:18,77.0,68.0,7.0,2.0
2021-08-05 21:00:19,82.0,70.0,4.0,8.0
2021-08-05 21:00:20,75.0,63.0,10.0,2.0
2021-08-05 21:00:21,76.0,69.0,4.0,3.0
2021-08-05 21:00:22,87.0,79.0,5.0,3.0
2021-08-05 21:00:23,78.0,63.0,8.0,7.0
2021-08-05 21:00:24,73.0,61.0,8.0,4.0
2021-08-05 21:00:25,81.0,68.0,7.0,6.0
2021-08-05 21:00:26,67.0,54.0,7.0,6.0
2021-08-05 21:00:27,87.0,75.0,7.0,5.0
2021-08-05 21:00:28,88.0,77.0,8.0,3.0
2021-08-05 21:00:29,72.0,65.0,7.0,0.0
2021-08-05 21:00:30,66.0,56.0,5.0,5.0
2021-08-05 21:00:31,75.0,63.0,5.0,7.0
2021-08-05 21:00:32,91.0,71.0,11.0,9.0
2021-08-05 21:00:33,82.0,70.0,9.0,3.0
2021-08-05 21:00:34,64.0,57.0,4.0,3.0
2021-08-05 21:00:35,81.0,73.0,4.0,4.0
2021-08-05 21:00:36,91.0,83.0,4.0,4.0
2021-08-05 21:00:37,94.0,79.0,13.0,2.0
2021-08-05 21:00:38,90.0,78.0,10.0,2.0
2021-08-05 21:00:39,67.0,55.0,9.0,3.0
2021-08-05 21:00:40,68.0,55.0,7.0,6.0
2021-08-05 21:00:41,81.0,72.0,3.0,6.0
2021-08-05 21:00:42,77.0,70.0,3.0,4.0
2021-08-05 21:00:43,81.0,70.0,6.0,5.0
2021-08-05 21:00:44,81.0,74.0,6.0,1.0
2021-08-05 21:00:45,84.0,70.0,9.0,5.0
2021-08-05 21:00:46,68.0,60.0,6.0,2.0
2021-08-05 21:00:47,66.0,55.0,4.0,7.0
2021-08-05 21:00:48,73.0,63.0,6.0,4.0
2021-08-05 21:00:49,73.0,67.0,5.0,1.0
2021-08-05 21:00:50,70.0,65.0,4.0,1.0
2021-08-05 21:00:51,81.0,71.0,4.0,6.0
2021-08-05 21:00:52,71.0,66.0,3.0,2.0
2021-08-05 21:00:53,77.0,69.0,6.0,2.0
2021-08-05 21:00:54,89.0,77.0,7.0,5.0
2021-08-05 21:00:55,89.0,76.0,7.0,6.0
2021-08-05 21:00:56,84.0,71.0,10.0,3.0
2021-08-05 21:00:57,82.0,66.0,10.0,6.0
2021-08-05 21:00:58,88.0,79.0,7.0,2.0
2021-08-05 21:00:59,90.0,82.0,5.0,3.0
2021-08-05 21:01:00,62.0,56.0,5.0,1.0
2021-08-05 21:01:01,84.0,72.0,6.0,6.0
2021-08-05 21:01:02,81.0,71.0,7.0,3.0
2021-08-05 21:01:03,77.0,68.0,4.0,5.0
2021-08-05 21:01:04,82.0,72.0,7.0,3.0
2021-08-05 21:01:05,74.0,63.0,7.0,4.0
2021-08-05 21:01:06,67.0,59.0,4.0,4.0
2021-08-05 21:01:07,78.0,68.0,8.0,2.0
2021-08-05 21:01:08,92.0,75.0,10.0,7.0
2021-08-05 21:01:09,82.0,73.0,6.0,3.0
2021-08-05 21:01:10,91.0,82.0,5.0,4.0
2021-08-05 21:01:11,66.0,62.0,2.0,2.0
2021-08-05 21:01:12,85.0,72.0,9.0,4.0
2021-08-05 21:01:13,86.0,73.0,8.0,5.0
2021-08-05 21:01:14,84.0,75.0,6.0,3.0
2021-08-05 21:01:15,65.0,61.0,4.0,0.0
2021-08-05 21:01:16,95.0,85.0,8.0,2.0
2021-08-05 21:01:17,64.0,46.0,9.0,9.0
2021-08-05 21:01:18,61.0,57.0,4.0,0.0
2021-08-05 21:01:19,83.0,79.0,2.0,2.0
2021-08-05 21:01:20,65.0,50.0,6.0,9.0
2021-08-05 21:01:21,82.0,74.0,3.0,5.0
2021-08-05 21:01:22,106.0,98.0,6.0,2.0
2021-08-05 21:01:23,81.0,63.0,7.0,11.0
2021-08-05 21:01:24,77.0,69.0,7.0,1.0
2021-08-05 21:01:25,58.0,48.0,8.0,2.0
2021-08-05 21:01:26,78.0,71.0,5.0,2.0
2021-08-05 21:01:27,76.0,67.0,7.0,2.0
2021-08-05 21:01:28,72.0,64.0,7.0,1.0
2021-08-05 21:01:29,87.0,70.0,8.0,9.0
2021-08-05 21:01:30,82.0,74.0,5.0,3.0
2021-08-05 21:01:31,83.0,67.0,8.0,8.0
2021-08-05 21:01:32,76.0,66.0,5.0,5.0
2021-08-05 21:01:33,80.0,63.0,10.0,7.0
2021-08-05 21:01:34,85.0,72.0,9.0,4.0
2021-08-05 21:01:35,74.0,64.0,7.0,3.0
2021-08-05 21:01:36,81.0,69.0,8.0,4.0
2021-08-05 21:01:37,100.0,88.0,9.0,3.0
2021-08-05 21:01:38,96.0,76.0,9.0,11.0
2021-08-05 21:01:39,68.0,56.0,4.0,8.0
2021-08-05 21:01:40,97.0,81.0,9.0,7.0
2021-08-05 21:01:41,72.0,68.0,2.0,2.0
2021-08-05 21:01:42,79.0,68.0,8.0,3.0
2021-08-05 21:01:43,72.0,61.0,5.0,6.0
2021-08-05 21:01:44,69.0,55.0,12.0,2.0
2021-08-05 21:01:45,85.0,72.0,8.0,5.0
2021-08-05 21:01:46,75.0,64.0,3.0,8.0
2021-08-05 21:01:47,80.0,72.0,4.0,4.0
2021-08-05 21:01:48,78.0,65.0,9.0,4.0
2021-08-05 21:01:49,96.0,85.0,5.0,6.0
2021-08-05 21:01:50,74.0,64.0,5.0,5.0
2021-08-05 21:01:51,76.0,66.0,7.0,3.0
2021-08-05 21:01:52,78.0,67.0,9.0,2.0
2021-08-05 21:01:53,78.0,71.0,2.0,5.0
2021-08-05 21:01:54,75.0,65.0,7.0,3.0
2021-08-05 21:01:55,86.0,74.0,5.0,7.0
2021-08-05 21:01:56,83.0,72.0,7.0,4.0
2021-08-05 21:01:57,76.0,64.0,10.0,2.0
2021-08-05 21:01:58,70.0,56.0,8.0,6.0
2021-08-05 21:01:59,79.0,73.0,2.0,4.0
2021-08-05 21:02:00,80.0,70.0,5.0,5.0
2021-08-05 21:02:01,89.0,79.0,7.0,3.0
2021-08-05 21:02:02,79.0,70.0,7.0,2.0
2021-08-05 21:02:03,83.0,76.0,5.0,2.0
2021-08-05 21:02:04,83.0,73.0,5.0,5.0
2021-08-05 21:02:05,72.0,63.0,6.0,3.0
2021-08-05 21:02:06,82.0,68.0,10.0,4.0
2021-08-05 21:02:07,88.0,73.0,10.0,5.0
2021-08-05 21:02:08,73.0,68.0,2.0,3.0
2021-08-05 21:02:09,89.0,79.0,5.0,5.0
2021-08-05 21:02:10,71.0,62.0,5.0,4.0
2021-08-05 21:02:11,86.0,74.0,6.0,6.0
2021-08-05 21:02:12,83.0,70.0,5.0,8.0
2021-08-05 21:02:13,84.0,76.0,3.0,5.0
2021-08-05 21:02:14,71.0,65.0,5.0,1.0
2021-08-05 21:02:15,95.0,74.0,12.0,9.0
2021-08-05 21:02:16,79.0,64.0,8.0,7.0
2021-08-05 21:02:17,93.0,79.0,7.0,7.0
2021-08-05 21:02:18,87.0,74.0,8.0,5.0
2021-08-05 21:02:19,87.0,77.0,5.0,5.0
2021-08-05 21:02:20,68.0,62.0,5.0,1.0
2021-08-05 21:02:21,74.0,62.0,3.0,9.0
2021-08-05 21:02:22,91.0,83.0,6.0,2.0
2021-08-05 21:02:23,97.0,86.0,7.0,4.0
2021-08-05 21:02:24,84.0,73.0,4.0,7.0
2021-08-05 21:02:25,74.0,61.0,9.0,4.0
2021-08-05 21:02:26,80.0,70.0,5.0,5.0
2021-08-05 21:02:27,73.0,60.0,9.0,4.0
2021-08-05 21:02:28,86.0,69.0,11.0,6.0
2021-08-05 21:02:29,79.0,68.0,7.0,4.0
2021-08-05 21:02:30,83.0,68.0,11.0,4.0
2021-08-05 21:02:31,73.0,64.0,5.0,4.0
2021-08-05 21:02:32,71.0,62.0,5.0,4.0
2021-08-05 21:02:33,109.0,101.0,6.0,2.0
2021-08-05 21:02:34,82.0,70.0,10.0,2.0
2021-08-05 21:02:35,90.0,77.0,7.0,6.0
2021-08-05 21:02:36,79.0,70.0,4.0,5.0
2021-08-05 21:02:37,91.0,76.0,7.0,8.0
2021-08-05 21:02:38,83.0,72.0,1.0,10.0
2021-08-05 21:02:39,82.0,69.0,8.0,5.0
2021-08-05 21:02:40,87.0,75.0,6.0,6.0
2021-08-05 21:02:41,85.0,72.0,13.0,0.0
2021-08-05 21:02:42,83.0,74.0,3.0,6.0
2021-08-05 21:02:43,70.0,58.0,7.0,5.0
2021-08-05 21:02:44,62.0,53.0,5.0,4.0
2021-08-05 21:02:45,81.0,72.0,6.0,3.0
2021-08-05 21:02:46,82.0,72.0,8.0,2.0
2021-08-05 21:02:47,77.0,67.0,5.0,5.0
2021-08-05 21:02:48,80.0,63.0,13.0,4.0
2021-08-05 21:02:49,80.0,71.0,6.0,3.0
2021-08-05 21:02:50,77.0,65.0,6.0,6.0
2021-08-05 21:02:51,85.0,74.0,5.0,6.0
2021-08-05 21:02:52,84.0,73.0,7.0,4.0
2021-08-05 21:02:53,84.0,68.0,9.0,7.0
2021-08-05 21:02:54,95.0,81.0,7.0,7.0
2021-08-05 21:02:55,92.0,79.0,8.0,5.0
2021-08-05 21:02:56,76.0,66.0,5.0,5.0
2021-08-05 21:02:57,62.0,55.0,6.0,1.0
2021-08-05 21:02:58,89.0,71.0,8.0,10.0
2021-08-05 21:02:59,84.0,74.0,7.0,3.0
2021-08-05 21:03:00,86.0,80.0,2.0,4.0
2021-08-05 21:03:01,74.0,64.0,7.0,3.0
2021-08-05 21:03:02,71.0,64.0,4.0,3.0
2021-08-05 21:03:03,89.0,77.0,7.0,5.0
2021-08-05 21:03:04,75.0,67.0,3.0,5.0
2021-08-05 21:03:05,78.0,72.0,4.0,2.0
2021-08-05 21:03:06,79.0,68.0,6.0,5.0
2021-08-05 21:03:07,77.0,64.0,10.0,3.0
2021-08-05 21:03:08,77.0,63.0,8.0,6.0
2021-08-05 21:03:09,72.0,65.0,4.0,3.0
2021-08-05 21:03:10,75.0,66.0,8.0,1.0
2021-08-05 21:03:11,102.0,83.0,10.0,9.0
2021-08-05 21:03:12,84.0,77.0,5.0,2.0
2021-08-05 21:03:13,64.0,56.0,5.0,3.0
2021-08-05 21:03:14,84.0,70.0,7.0,7.0
2021-08-05 21:03:15,90.0,82.0,7.0,1.0
2021-08-05 21:03:16,92.0,81.0,7.0,4.0
2021-08-05 21:03:17,75.0,68.0,6.0,1.0
2021-08-05 21:03:18,94.0,86.0,2.0,6.0
2021-08-05 21:03:19,74.0,64.0,7.0,3.0
2021-08-05 21:03:20,69.0,58.0,7.0,4.0
2021-08-05 21:03:21,77.0,68.0,8.0,1.0
2021-08-05 21:03:22,74.0,64.0,6.0,4.0
2021-08-05 21:03:23,92.0,84.0,4.0,4.0
2021-08-05 21:03:24,82.0,70.0,5.0,7.0
2021-08-05 21:03:25,81.0,73.0,5.0,3.0
2021-08-05 21:03:26,94.0,79.0,11.0,4.0
2021-08-05 21:03:27,76.0,65.0,7.0,4.0
2021-08-05 21:03:28,75.0,61.0,7.0,7.0
2021-08-05 21:03:29,64.0,55.0,3.0,6.0
2021-08-05 21:03:30,115.0,99.0,11.0,5.0
2021-08-05 21:03:31,98.0,83.0,8.0,7.0
2021-08-05 21:03:32,84.0,75.0,5.0,4.0
2021-08-05 21:03:33,82.0,69.0,10.0,3.0
2021-08-05 21:03:34,75.0,67.0,6.0,2.0
2021-08-05 21:03:35,75.0,68.0,4.0,3.0
2021-08-05 21:03:36,56.0,52.0,3.0,1.0
2021-08-05 21:03:37,85.0,77.0,3.0,5.0
2021-08-05 21:03:38,76.0,66.0,4.0,6.0
2021-08-05 21:03:39,68.0,61.0,1.0,6.0
2021-08-05 21:03:40,77.0,64.0,9.0,4.0
2021-08-05 21:03:41,77.0,67.0,3.0,7.0
2021-08-05 21:03:42,69.0,58.0,4.0,7.0
2021-08-05 21:03:43,77.0,60.0,12.0,5.0
2021-08-05 21:03:44,71.0,64.0,1.0,6.0
2021-08-05 21:03:45,76.0,63.0,6.0,7.0
2021-08-05 21:03:46,76.0,66.0,8.0,2.0
2021-08-05 21:03:47,78.0,70.0,7.0,1.0
2021-08-05 21:03:48,83.0,74.0,7.0,2.0
2021-08-05 21:03:49,92.0,80.0,6.0,6.0
2021-08-05 21:03:50,85.0,73.0,8.0,4.0
2021-08-05 21:03:51,87.0,76.0,8.0,3.0
2021-08-05 21:03:52,85.0,72.0,10.0,3.0
2021-08-05 21:03:53,65.0,56.0,7.0,2.0
2021-08-05 21:03:54,93.0,80.0,5.0,8.0
2021-08-05 21:03:55,89.0,71.0,9.0,9.0
2021-08-05 21:03:56,86.0,71.0,11.0,4.0
2021-08-05 21:03:57,71.0,65.0,5.0,1.0
2021-08-05 21:03:58,87.0,71.0,13.0,3.0
2021-08-05 21:03:59,91.0,73.0,12.0,6.0
2021-08-05 21:04:00,68.0,64.0,3.0,1.0
2021-08-05 21:04:01,76.0,65.0,6.0,5.0
2021-08-05 21:04:02,88.0,78.0,7.0,3.0
2021-08-05 21:04:03,95.0,84.0,5.0,6.0
2021-08-05 21:04:04,78.0,68.0,6.0,4.0
2021-08-05 21:04:05,75.0,61.0,10.0,4.0
2021-08-05 21:04:06,78.0,66.0,5.0,7.0
2021-08-05 21:04:07,86.0,72.0,8.0,6.0
2021-08-05 21:04:08,74.0,70.0,3.0,1.0
2021-08-05 21:04:09,89.0,81.0,5.0,3.0
2021-08-05 21:04:10,91.0,81.0,4.0,6.0
2021-08-05 21:04:11,85.0,79.0,3.0,3.0
2021-08-05 21:04:12,79.0,65.0,6.0,8.0
2021-08-05 21:04:13,78.0,66.0,9.0,3.0
2021-08-05 21:04:14,69.0,60.0,4.0,5.0
2021-08-05 21:04:15,86.0,72.0,11.0,3.0
2021-08-05 21:04:16,82.0,70.0,7.0,5.0
2021-08-05 21:04:17,82.0,69.0,6.0,7.0
2021-08-05 21:04:18,85.0,73.0,4.0,8.0
2021-08-05 21:04:19,81.0,72.0,5.0,4.0
2021-08-05 21:04:20,83.0,70.0,6.0,7.0
2021-08-05 21:04:21,79.0,71.0,4.0,4.0
2021-08-05 21:04:22,84.0,77.0,3.0,4.0
2021-08-05 21:04:23,62.0,56.0,4.0,2.0
2021-08-05 21:04:24,88.0,75.0,5.0,8.0
2021-08-05 21:04:25,85.0,73.0,6.0,6.0
2021-08-05 21:04:26,94.0,85.0,7.0,2.0
2021-08-05 21:04:27,81.0,75.0,3.0,3.0
2021-08-05 21:04:28,78.0,70.0,4.0,4.0
2021-08-05 21:04:29,83.0,70.0,7.0,6.0
2021-08-05 21:04:30,91.0,75.0,8.0,8.0
2021-08-05 21:04:31,67.0,58.0,2.0,7.0
2021-08-05 21:04:32,97.0,86.0,8.0,3.0
2021-08-05 21:04:33,65.0,63.0,2.0,0.0
2021-08-05 21:04:34,98.0,89.0,5.0,4.0
2021-08-05 21:04:35,99.0,86.0,5.0,8.0
2021-08-05 21:04:36,77.0,69.0,4.0,4.0
2021-08-05 21:04:37,85.0,73.0,7.0,5.0
2021-08-05 21:04:38,81.0,74.0,4.0,3.0
2021-08-05 21:04:39,78.0,62.0,11.0,5.0
2021-08-05 21:04:40,73.0,60.0,12.0,1.0
2021-08-05 21:04:41,78.0,65.0,8.0,5.0
2021-08-05 21:04:42,71.0,57.0,5.0,9.0
2021-08-05 21:04:43,84.0,69.0,7.0,8.0
2021-08-05 21:04:44,75.0,61.0,9.0,5.0
2021-08-05 21:04:45,82.0,71.0,7.0,4.0
2021-08-05 21:04:46,84.0,69.0,9.0,6.0
2021-08-05 21:04:47,78.0,72.0,6.0,0.0
2021-08-05 21:04:48,77.0,60.0,11.0,6.0
2021-08-05 21:04:49,84.0,72.0,8.0,4.0
2021-08-05 21:04:50,84.0,76.0,3.0,5.0
2021-08-05 21:04:51,87.0,78.0,6.0,3.0
2021-08-05 21:04:52,83.0,76.0,3.0,4.0
2021-08-05 21:04:53,69.0,54.0,8.0,7.0
2021-08-05 21:04:54,98.0,88.0,8.0,2.0
2021-08-05 21:04:55,77.0,72.0,2.0,3.0
2021-08-05 21:04:56,72.0,65.0,4.0,3.0
2021-08-05 21:04:57,87.0,77.0,7.0,3.0
2021-08-05 21:04:58,73.0,66.0,7.0,0.0
2021-08-05 21:04:59,89.0,75.0,8.0,6.0
2021-08-05 21:05:00,90.0,74.0,8.0,8.0
2021-08-05 21:05:01,80.0,69.0,8.0,3.0
2021-08-05 21:05:02,71.0,68.0,2.0,1.0
2021-08-05 21:05:03,85.0,76.0,3.0,6.0
2021-08-05 21:05:04,83.0,71.0,9.0,3.0
2021-08-05 21:05:05,106.0,92.0,8.0,6.0
2021-08-05 21:05:06,74.0,66.0,4.0,4.0
2021-08-05 21:05:07,76.0,66.0,9.0,1.0
2021-08-05 21:05:08,77.0,67.0,6.0,4.0
2021-08-05 21:05:09,82.0,67.0,7.0,8.0
2021-08-05 21:05:10,62.0,51.0,4.0,7.0
2021-08-05 21:05:11,64.0,56.0,3.0,5.0
2021-08-05 21:05:12,79.0,72.0,6.0,1.0
2021-08-05 21:05:13,80.0,74.0,4.0,2.0
2021-08-05 21:05:14,74.0,61.0,10.0,3.0
2021-08-05 21:05:15,84.0,71.0,9.0,4.0
2021-08-05 21:05:16,100.0,88.0,7.0,5.0
2021-08-05 21:05:17,72.0,65.0,4.0,3.0
2021-08-05 21:05:18,88.0,73.0,11.0,4.0
2021-08-05 21:05:19,83.0,75.0,3.0,5.0
2021-08-05 21:05:20,75.0,67.0,4.0,4.0
2021-08-05 21:05:21,73.0,63.0,7.0,3.0
2021-08-05 21:05:22,81.0,72.0,6.0,3.0
2021-08-05 21:05:23,76.0,62.0,10.0,4.0
2021-08-05 21:05:24,88.0,76.0,3.0,9.0
2021-08-05 21:05:25,72.0,62.0,10.0,0.0
2021-08-05 21:05:26,71.0,62.0,5.0,4.0
2021-08-05 21:05:27,90.0,78.0,7.0,5.0
2021-08-05 21:05:28,78.0,71.0,5.0,2.0
2021-08-05 21:05:29,66.0,62.0,3.0,1.0
2021-08-05 21:05:30,70.0,63.0,2.0,5.0
2021-08-05 21:05:31,85.0,70.0,8.0,7.0
2021-08-05 21:05:32,73.0,60.0,8.0,5.0
2021-08-05 21:05:33,81.0,67.0,8.0,6.0
2021-08-05 21:05:34,89.0,80.0,7.0,2.0
2021-08-05 21:05:35,77.0,65.0,5.0,7.0
2021-08-05 21:05:36,65.0,57.0,5.0,3.0
2021-08-05 21:05:37,84.0,76.0,5.0,3.0
2021-08-05 21:05:38,91.0,84.0,4.0,3.0
2021-08-05 21:05:39,82.0,72.0,6.0,4.0
2021-08-05 21:05:40,79.0,65.0,8.0,6.0
2021-08-05 21:05:41,85.0,73.0,6.0,6.0
2021-08-05 21:05:42,71.0,64.0,2.0,5.0
2021-08-05 21:05:43,88.0,75.0,7.0,6.0
2021-08-05 21:05:44,78.0,61.0,11.0,6.0
2021-08-05 21:05:45,74.0,66.0,5.0,3.0
2021-08-05 21:05:46,80.0,68.0,5.0,7.0
2021-08-05 21:05:47,61.0,56.0,0.0,5.0
2021-08-05 21:05:48,80.0,71.0,5.0,4.0
2021-08-05 21:05:49,88.0,76.0,10.0,2.0
2021-08-05 21:05:50,67.0,58.0,3.0,6.0
2021-08-05 21:05:51,68.0,62.0,5.0,1.0
2021-08-05 21:05:52,71.0,64.0,3.0,4.0
2021-08-05 21:05:53,87.0,77.0,7.0,3.0
2021-08-05 21:05:54,63.0,52.0,8.0,3.0
2021-08-05 21:05:55,78.0,71.0,5.0,2.0
2021-08-05 21:05:56,79.0,71.0,6.0,2.0
2021-08-05 21:05:57,96.0,82.0,7.0,7.0
2021-08-05 21:05:58,78.0,69.0,3.0,6.0
2021-08-05 21:05:59,78.0,65.0,7.0,6.0
2021-08-05 21:06:00,68.0,55.0,8.0,5.0
2021-08-05 21:06:01,90.0,70.0,10.0,10.0
2021-08-05 21:06:02,68.0,63.0,2.0,3.0
2021-08-05 21:06:03,84.0,71.0,9.0,4.0
2021-08-05 21:06:04,73.0,66.0,2.0,5.0
2021-08-05 21:06:05,74.0,61.0,8.0,5.0
2021-08-05 21:06:06,78.0,70.0,5.0,3.0
2021-08-05 21:06:07,85.0,78.0,5.0,2.0
2021-08-05 21:06:08,93.0,86.0,6.0,1.0
2021-08-05 21:06:09,80.0,71.0,5.0,4.0
2021-08-05 21:06:10,89.0,82.0,5.0,2.0
2021-08-05 21:06:11,89.0,80.0,3.0,6.0
2021-08-05 21:06:12,75.0,67.0,6.0,2.0
2021-08-05 21:06:13,79.0,72.0,4.0,3.0
2021-08-05 21:06:14,75.0,66.0,3.0,6.0
2021-08-05 21:06:15,87.0,81.0,2.0,4.0
2021-08-05 21:06:16,86.0,73.0,9.0,4.0
2021-08-05 21:06:17,66.0,58.0,6.0,2.0
2021-08-05 21:06:18,60.0,52.0,4.0,4.0
2021-08-05 21:06:19,94.0,80.0,9.0,5.0
2021-08-05 21:06:20,67.0,57.0,5.0,5.0
2021-08-05 21:06:21,79.0,67.0,10.0,2.0
2021-08-05 21:06:22,89.0,77.0,5.0,7.0
2021-08-05 21:06:23,80.0,67.0,7.0,6.0
2021-08-05 21:06:24,87.0,75.0,7.0,5.0
2021-08-05 21:06:25,81.0,66.0,5.0,10.0
2021-08-05 21:06:26,79.0,69.0,7.0,3.0
2021-08-05 21:06:27,85.0,70.0,9.0,6.0
2021-08-05 21:06:28,80.0,72.0,3.0,5.0
2021-08-05 21:06:29,95.0,80.0,12.0,3.0
2021-08-05 21:06:30,79.0,72.0,5.0,2.0
2021-08-05 21:06:31,87.0,76.0,10.0,1.0
2021-08-05 21:06:32,73.0,67.0,2.0,4.0
2021-08-05 21:06:33,81.0,73.0,6.0,2.0
2021-08-05 21:06:34,84.0,64.0,11.0,9.0
2021-08-05 21:06:35,74.0,65.0,5.0,4.0
2021-08-05 21:06:36,81.0,74.0,5.0,2.0
2021-08-05 21:06:37,77.0,68.0,3.0,6.0
2021-08-05 21:06:38,81.0,65.0,10.0,6.0
2021-08-05 21:06:39,77.0,67.0,8.0,2.0
2021-08-05 21:06:40,76.0,67.0,5.0,4.0
2021-08-05 21:06:41,88.0,78.0,7.0,3.0
2021-08-05 21:06:42,85.0,77.0,5.0,3.0
2021-08-05 21:06:43,77.0,66.0,7.0,4.0
2021-08-05 21:06:44,94.0,81.0,6.0,7.0
2021-08-05 21:06:45,93.0,84.0,5.0,4.0
2021-08-05 21:06:46,77.0,69.0,2.0,6.0
2021-08-05 21:06:47,89.0,78.0,5.0,6.0
2021-08-05 21:06:48,74.0,64.0,6.0,4.0
2021-08-05 21:06:49,79.0,68.0,7.0,4.0
2021-08-05 21:06:50,88.0,78.0,6.0,4.0
2021-08-05 21:06:51,86.0,77.0,4.0,5.0
2021-08-05 21:06:52,57.0,55.0,1.0,1.0
2021-08-05 21:06:53,82.0,72.0,6.0,4.0
2021-08-05 21:06:54,67.0,56.0,7.0,4.0
2021-08-05 21:06:55,78.0,68.0,8.0,2.0
2021-08-05 21:06:56,75.0,64.0,5.0,6.0
2021-08-05 21:06:57,99.0,79.0,10.0,10.0
2021-08-05 21:06:58,63.0,55.0,4.0,4.0
2021-08-05 21:06:59,96.0,83.0,10.0,3.0
2021-08-05 21:07:00,65.0,58.0,2.0,5.0
2021-08-05 21:07:01,80.0,69.0,3.0,8.0
2021-08-05 21:07:02,73.0,65.0,4.0,4.0
2021-08-05 21:07:03,84.0,71.0,9.0,4.0
2021-08-05 21:07:04,70.0,56.0,7.0,7.0
2021-08-05 21:07:05,87.0,76.0,7.0,4.0
2021-08-05 21:07:06,80.0,65.0,10.0,5.0
2021-08-05 21:07:07,79.0,68.0,8.0,3.0
2021-08-05 21:07:08,74.0,67.0,5.0,2.0
2021-08-05 21:07:09,74.0,66.0,5.0,3.0
2021-08-05 21:07:10,62.0,54.0,3.0,5.0
2021-08-05 21:07:11,77.0,68.0,4.0,5.0
2021-08-05 21:07:12,67.0,56.0,6.0,5.0
2021-08-05 21:07:13,75.0,65.0,5.0,5.0
2021-08-05 21:07:14,73.0,64.0,7.0,2.0
2021-08-05 21:07:15,78.0,67.0,8.0,3.0
2021-08-05 21:07:16,82.0,69.0,7.0,6.0
2021-08-05 21:07:17,86.0,75.0,4.0,7.0
2021-08-05 21:07:18,104.0,86.0,10.0,8.0
2021-08-05 21:07:19,80.0,66.0,8.0,6.0
2021-08-05 21:07:20,64.0,57.0,5.0,2.0
2021-08-05 21:07:21,85.0,72.0,9.0,4.0
2021-08-05 21:07:22,75.0,68.0,3.0,4.0
2021-08-05 21:07:23,81.0,65.0,11.0,5.0
2021-08-05 21:07:24,84.0,75.0,6.0,3.0
2021-08-05 21:07:25,84.0,72.0,9.0,3.0
2021-08-05 21:07:26,85.0,76.0,6.0,3.0
2021-08-05 21:07:27,85.0,73.0,8.0,4.0
2021-08-05 21:07:28,58.0,45.0,5.0,8.0
2021-08-05 21:07:29,85.0,75.0,7.0,3.0
2021-08-05 21:07:30,81.0,69.0,6.0,6.0
2021-08-05 21:07:31,66.0,60.0,5.0,1.0
2021-08-05 21:07:32,90.0,77.0,9.0,4.0
2021-08-05 21:07:33,87.0,80.0,5.0,2.0
2021-08-05 21:07:34,65.0,57.0,4.0,4.0
2021-08-05 21:07:35,68.0,56.0,6.0,6.0
2021-08-05 21:07:36,85.0,72.0,9.0,4.0
2021-08-05 21:07:37,89.0,77.0,7.0,5.0
2021-08-05 21:07:38,99.0,88.0,8.0,3.0
2021-08-05 21:07:39,76.0,70.0,5.0,1.0
2021-08-05 21:07:40,66.0,58.0,8.0,0.0
2021-08-05 21:07:41,69.0,58.0,7.0,4.0
2021-08-05 21:07:42,88.0,79.0,3.0,6.0
2021-08-05 21:07:43,89.0,71.0,11.0,7.0
2021-08-05 21:07:44,64.0,56.0,7.0,1.0
2021-08-05 21:07:45,70.0,63.0,6.0,1.0
2021-08-05 21:07:46,95.0,71.0,13.0,11.0
2021-08-05 21:07:47,95.0,84.0,9.0,2.0
2021-08-05 21:07:48,76.0,66.0,8.0,2.0
2021-08-05 21:07:49,78.0,71.0,1.0,6.0
2021-08-05 21:07:50,76.0,64.0,9.0,3.0
2021-08-05 21:07:51,72.0,63.0,7.0,2.0
2021-08-05 21:07:52,87.0,77.0,7.0,3.0
2021-08-05 21:07:53,85.0,70.0,7.0,8.0
2021-08-05 21:07:54,66.0,51.0,9.0,6.0
2021-08-05 21:07:55,88.0,75.0,6.0,7.0
2021-08-05 21:07:56,85.0,69.0,10.0,6.0
2021-08-05 21:07:57,89.0,77.0,7.0,5.0
2021-08-05 21:07:58,81.0,71.0,5.0,5.0
2021-08-05 21:07:59,82.0,75.0,6.0,1.0
2021-08-05 21:08:00,75.0,65.0,5.0,5.0
2021-08-05 21:08:01,106.0,93.0,7.0,6.0
2021-08-05 21:08:02,78.0,66.0,8.0,4.0
2021-08-05 21:08:03,78.0,66.0,8.0,4.0
2021-08-05 21:08:04,76.0,65.0,7.0,4.0
2021-08-05 21:08:05,83.0,73.0,5.0,5.0
2021-08-05 21:08:06,79.0,72.0,3.0,4.0
2021-08-05 21:08:07,73.0,62.0,7.0,4.0
2021-08-05 21:08:08,76.0,66.0,6.0,4.0
2021-08-05 21:08:09,80.0,70.0,7.0,3.0
2021-08-05 21:08:10,75.0,62.0,11.0,2.0
2021-08-05 21:08:11,88.0,76.0,6.0,6.0
2021-08-05 21:08:12,75.0,61.0,8.0,6.0
2021-08-05 21:08:13,81.0,71.0,7.0,3.0
2021-08-05 21:08:14,80.0,73.0,6.0,1.0
2021-08-05 21:08:15,83.0,69.0,6.0,8.0
2021-08-05 21:08:16,96.0,79.0,10.0,7.0
2021-08-05 21:08:17,84.0,76.0,6.0,2.0
2021-08-05 21:08:18,75.0,69.0,3.0,3.0
2021-08-05 21:08:19,75.0,63.0,8.0,4.0
2021-08-05 21:08:20,99.0,87.0,10.0,2.0
2021-08-05 21:08:21,57.0,48.0,7.0,2.0
2021-08-05 21:08:22,77.0,67.0,6.0,4.0
2021-08-05 21:08:23,77.0,67.0,8.0,2.0
2021-08-05 21:08:24,74.0,70.0,4.0,0.0
2021-08-05 21:08:25,89.0,76.0,7.0,6.0
2021-08-05 21:08:26,77.0,63.0,9.0,5.0
2021-08-05 21:08:27,85.0,75.0,3.0,7.0
2021-08-05 21:08:28,84.0,73.0,7.0,4.0
2021-08-05 21:08:29,79.0,72.0,3.0,4.0
2021-08-05 21:08:30,81.0,72.0,5.0,4.0
2021-08-05 21:08:31,68.0,53.0,10.0,5.0
2021-08-05 21:08:32,88.0,72.0,7.0,9.0
2021-08-05 21:08:33,74.0,58.0,10.0,6.0
2021-08-05 21:08:34,75.0,65.0,4.0,6.0
2021-08-05 21:08:35,86.0,76.0,6.0,4.0
2021-08-05 21:08:36,78.0,66.0,7.0,5.0
2021-08-05 21:08:37,85.0,77.0,4.0,4.0
2021-08-05 21:08:38,74.0,61.0,8.0,5.0
2021-08-05 21:08:39,76.0,67.0,5.0,4.0
2021-08-05 21:08:40,86.0,73.0,9.0,4.0
2021-08-05 21:08:41,84.0,77.0,4.0,3.0
2021-08-05 21:08:42,67.0,52.0,8.0,7.0
2021-08-05 21:08:43,87.0,77.0,7.0,3.0
2021-08-05 21:08:44,76.0,63.0,5.0,8.0
2021-08-05 21:08:45,81.0,69.0,8.0,4.0
2021-08-05 21:08:46,70.0,60.0,6.0,4.0
2021-08-05 21:08:47,85.0,73.0,7.0,5.0
2021-08-05 21:08:48,88.0,79.0,8.0,1.0
2021-08-05 21:08:49,97.0,93.0,4.0,0.0
2021-08-05 21:08:50,80.0,71.0,6.0,3.0
2021-08-05 21:08:51,79.0,68.0,8.0,3.0
2021-08-05 21:08:52,77.0,69.0,6.0,2.0
2021-08-05 21:08:53,79.0,68.0,6.0,5.0
2021-08-05 21:08:54,81.0,67.0,9.0,5.0
2021-08-05 21:08:55,81.0,71.0,5.0,5.0
2021-08-05 21:08:56,94.0,84.0,3.0,7.0
2021-08-05 21:08:57,72.0,62.0,7.0,3.0
2021-08-05 21:08:58,82.0,77.0,2.0,3.0
2021-08-05 21:08:59,76.0,69.0,4.0,3.0
2021-08-05 21:09:00,83.0,75.0,3.0,5.0
2021-08-05 21:09:01,83.0,74.0,5.0,4.0
2021-08-05 21:09:02,82.0,72.0,5.0,5.0
2021-08-05 21:09:03,84.0,72.0,6.0,6.0
2021-08-05 21:09:04,85.0,72.0,11.0,2.0
2021-08-05 21:09:05,88.0,73.0,6.0,9.0
2021-08-05 21:09:06,57.0,50.0,5.0,2.0
2021-08-05 21:09:07,82.0,72.0,3.0,7.0
2021-08-05 21:09:08,86.0,73.0,8.0,5.0
2021-08-05 21:09:09,82.0,73.0,6.0,3.0
2021-08-05 21:09:10,80.0,69.0,6.0,5.0
2021-08-05 21:09:11,86.0,72.0,10.0,4.0
2021-08-05 21:09:12,93.0,83.0,6.0,4.0
2021-08-05 21:09:13,74.0,70.0,1.0,3.0
2021-08-05 21:09:14,68.0,57.0,7.0,4.0
2021-08-05 21:09:15,88.0,81.0,3.0,4.0
2021-08-05 21:09:16,80.0,73.0,2.0,5.0
2021-08-05 21:09:17,89.0,74.0,9.0,6.0
2021-08-05 21:09:18,92.0,78.0,6.0,8.0
2021-08-05 21:09:19,83.0,73.0,5.0,5.0
2021-08-05 21:09:20,95.0,87.0,8.0,0.0
2021-08-05 21:09:21,83.0,71.0,8.0,4.0
2021-08-05 21:09:22,97.0,84.0,5.0,8.0
2021-08-05 21:09:23,83.0,71.0,5.0,7.0
2021-08-05 21:09:24,85.0,75.0,9.0,1.0
2021-08-05 21:09:25,70.0,63.0,3.0,4.0
2021-08-05 21:09:26,88.0,79.0,5.0,4.0
2021-08-05 21:09:27,82.0,73.0,5.0,4.0
2021-08-05 21:09:28,86.0,72.0,10.0,4.0
2021-08-05 21:09:29,82.0,72.0,6.0,4.0
2021-08-05 21:09:30,81.0,70.0,6.0,5.0
2021-08-05 21:09:31,87.0,75.0,6.0,6.0
2021-08-05 21:09:32,73.0,65.0,5.0,3.0
2021-08-05 21:09:33,66.0,60.0,2.0,4.0
2021-08-05 21:09:34,69.0,63.0,5.0,1.0
2021-08-05 21:09:35,68.0,56.0,7.0,5.0
2021-08-05 21:09:36,73.0,63.0,7.0,3.0
2021-08-05 21:09:37,71.0,59.0,8.0,4.0
2021-08-05 21:09:38,76.0,65.0,8.0,3.0
2021-08-05 21:09:39,87.0,74.0,10.0,3.0
2021-08-05 21:09:40,98.0,86.0,6.0,6.0
2021-08-05 21:09:41,70.0,61.0,6.0,3.0
2021-08-05 21:09:42,84.0,73.0,5.0,6.0
2021-08-05 21:09:43,73.0,65.0,6.0,2.0
2021-08-05 21:09:44,81.0,69.0,8.0,4.0
2021-08-05 21:09:45,90.0,82.0,4.0,4.0
2021-08-05 21:09:46,73.0,60.0,4.0,9.0
2021-08-05 21:09:47,71.0,60.0,5.0,6.0
2021-08-05 21:09:48,89.0,82.0,3.0,4.0
2021-08-05 21:09:49,87.0,78.0,2.0,7.0
2021-08-05 21:09:50,82.0,71.0,7.0,4.0
2021-08-05 21:09:51,65.0,58.0,5.0,2.0
2021-08-05 21:09:52,73.0,66.0,4.0,3.0
2021-08-05 21:09:53,89.0,75.0,9.0,5.0
2021-08-05 21:09:54,88.0,83.0,3.0,2.0
2021-08-05 21:09:55,75.0,58.0,13.0,4.0
2021-08-05 21:09:56,94.0,85.0,6.0,3.0
2021-08-05 21:09:57,112.0,93.0,11.0,8.0
2021-08-05 21:09:58,84.0,74.0,7.0,3.0
2021-08-05 21:09:59,74.0,64.0,6.0,4.0
2021-08-05 21:10:00,70.0,59.0,10.0,1.0
2021-08-05 21:10:01,78.0,65.0,8.0,5.0
2021-08-05 21:10:02,79.0,70.0,5.0,4.0
2021-08-05 21:10:03,73.0,64.0,5.0,4.0
2021-08-05 21:10:04,74.0,62.0,9.0,3.0
2021-08-05 21:10:05,82.0,70.0,9.0,3.0
2021-08-05 21:10:06,84.0,71.0,9.0,4.0
2021-08-05 21:10:07,63.0,56.0,6.0,1.0
2021-08-05 21:10:08,72.0,66.0,4.0,2.0
2021-08-05 21:10:09,87.0,76.0,5.0,6.0
2021-08-05 21:10:10,88.0,82.0,5.0,1.0
2021-08-05 21:10:11,83.0,72.0,6.0,5.0
2021-08-05 21:10:12,68.0,58.0,8.0,2.0
2021-08-05 21:10:13,76.0,65.0,2.0,9.0
2021-08-05 21:10:14,87.0,70.0,11.0,6.0
2021-08-05 21:10:15,95.0,84.0,5.0,6.0
2021-08-05 21:10:16,88.0,73.0,9.0,6.0
2021-08-05 21:10:17,70.0,59.0,7.0,4.0
2021-08-05 21:10:18,70.0,62.0,6.0,2.0
2021-08-05 21:10:19,83.0,71.0,6.0,6.0
2021-08-05 21:10:20,82.0,73.0,6.0,3.0
2021-08-05 21:10:21,74.0,59.0,13.0,2.0
2021-08-05 21:10:22,90.0,80.0,4.0,6.0
2021-08-05 21:10:23,88.0,75.0,6.0,7.0
2021-08-05 21:10:24,87.0,74.0,11.0,2.0
2021-08-05 21:10:25,87.0,79.0,5.0,3.0
2021-08-05 21:10:26,91.0,77.0,9.0,5.0
2021-08-05 21:10:27,77.0,64.0,7.0,6.0
2021-08-05 21:10:28,80.0,71.0,5.0,4.0
2021-08-05 21:10:29,74.0,66.0,5.0,3.0
2021-08-05 21:10:30,74.0,64.0,5.0,5.0
2021-08-05 21:10:31,68.0,60.0,6.0,2.0
2021-08-05 21:10:32,67.0,59.0,3.0,5.0
2021-08-05 21:10:33,76.0,65.0,5.0,6.0
2021-08-05 21:10:34,73.0,63.0,6.0,4.0
2021-08-05 21:10:35,87.0,78.0,3.0,6.0
2021-08-05 21:10:36,84.0,74.0,3.0,7.0
2021-08-05 21:10:37,68.0,61.0,7.0,0.0
2021-08-05 21:10:38,68.0,61.0,5.0,2.0
2021-08-05 21:10:39,77.0,70.0,6.0,1.0
2021-08-05 21:10:40,71.0,61.0,6.0,4.0
2021-08-05 21:10:41,78.0,73.0,2.0,3.0
2021-08-05 21:10:42,80.0,70.0,5.0,5.0
2021-08-05 21:10:43,70.0,59.0,9.0,2.0
2021-08-05 21:10:44,80.0,73.0,4.0,3.0
2021-08-05 21:10:45,80.0,75.0,2.0,3.0
2021-08-05 21:10:46,83.0,73.0,7.0,3.0
2021-08-05 21:10:47,78.0,66.0,8.0,4.0
2021-08-05 21:10:48,81.0,71.0,6.0,4.0
2021-08-05 21:10:49,52.0,44.0,3.0,5.0
2021-08-05 21:10:50,60.0,54.0,3.0,3.0
2021-08-05 21:10:51,79.0,69.0,4.0,6.0
2021-08-05 21:10:52,88.0,79.0,8.0,1.0
2021-08-05 21:10:53,85.0,72.0,9.0,4.0
2021-08-05 21:10:54,80.0,68.0,7.0,5.0
2021-08-05 21:10:55,83.0,76.0,2.0,5.0
2021-08-05 21:10:56,79.0,75.0,2.0,2.0
2021-08-05 21:10:57,79.0,68.0,4.0,7.0
2021-08-05 21:10:58,80.0,68.0,6.0,6.0
2021-08-05 21:10:59,60.0,51.0,6.0,3.0
2021-08-05 21:11:00,88.0,76.0,10.0,2.0
2021-08-05 21:11:01,74.0,61.0,9.0,4.0
2021-08-05 21:11:02,84.0,74.0,7.0,3.0
2021-08-05 21:11:03,84.0,66.0,7.0,11.0
2021-08-05 21:11:04,75.0,64.0,5.0,6.0
2021-08-05 21:11:05,76.0,65.0,5.0,6.0
2021-08-05 21:11:06,84.0,76.0,3.0,5.0
2021-08-05 21:11:07,84.0,70.0,10.0,4.0
2021-08-05 21:11:08,76.0,66.0,6.0,4.0
2021-08-05 21:11:09,95.0,88.0,5.0,2.0
2021-08-05 21:11:10,92.0,77.0,6.0,9.0
2021-08-05 21:11:11,85.0,76.0,6.0,3.0
2021-08-05 21:11:12,81.0,69.0,8.0,4.0
2021-08-05 21:11:13,76.0,66.0,5.0,5.0
2021-08-05 21:11:14,81.0,70.0,8.0,3.0
2021-08-05 21:11:15,89.0,82.0,5.0,2.0
2021-08-05 21:11:16,83.0,72.0,6.0,5.0
2021-08-05 21:11:17,78.0,70.0,4.0,4.0
2021-08-05 21:11:18,79.0,67.0,7.0,5.0
2021-08-05 21:11:19,83.0,72.0,7.0,4.0
2021-08-05 21:11:20,87.0,79.0,5.0,3.0
2021-08-05 21:11:21,60.0,54.0,2.0,4.0
2021-08-05 21:11:22,52.0,45.0,4.0,3.0
2021-08-05 21:11:23,74.0,62.0,7.0,5.0
2021-08-05 21:11:24,69.0,64.0,3.0,2.0
2021-08-05 21:11:25,84.0,72.0,7.0,5.0
2021-08-05 21:11:26,74.0,67.0,5.0,2.0
2021-08-05 21:11:27,79.0,73.0,4.0,2.0
2021-08-05 21:11:28,79.0,75.0,1.0,3.0
2021-08-05 21:11:29,67.0,54.0,9.0,4.0
2021-08-05 21:11:30,91.0,79.0,9.0,3.0
2021-08-05 21:11:31,76.0,60.0,8.0,8.0
2021-08-05 21:11:32,96.0,82.0,9.0,5.0
2021-08-05 21:11:33,82.0,69.0,6.0,7.0
2021-08-05 21:11:34,84.0,78.0,2.0,4.0
2021-08-05 21:11:35,73.0,54.0,12.0,7.0
2021-08-05 21:11:36,82.0,73.0,4.0,5.0
2021-08-05 21:11:37,63.0,58.0,3.0,2.0
2021-08-05 21:11:38,82.0,69.0,12.0,1.0
2021-08-05 21:11:39,82.0,69.0,11.0,2.0
2021-08-05 21:11:40,77.0,63.0,10.0,4.0
2021-08-05 21:11:41,68.0,64.0,2.0,2.0
2021-08-05 21:11:42,92.0,78.0,7.0,7.0
2021-08-05 21:11:43,73.0,64.0,7.0,2.0
2021-08-05 21:11:44,72.0,62.0,6.0,4.0
2021-08-05 21:11:45,77.0,68.0,8.0,1.0
2021-08-05 21:11:46,75.0,67.0,5.0,3.0
2021-08-05 21:11:47,66.0,58.0,5.0,3.0
2021-08-05 21:11:48,81.0,71.0,6.0,4.0
2021-08-05 21:11:49,67.0,53.0,10.0,4.0
2021-08-05 21:11:50,76.0,63.0,9.0,4.0
2021-08-05 21:11:51,79.0,70.0,3.0,6.0
2021-08-05 21:11:52,64.0,59.0,4.0,1.0
2021-08-05 21:11:53,85.0,79.0,5.0,1.0
2021-08-05 21:11:54,84.0,67.0,7.0,10.0
2021-08-05 21:11:55,71.0,60.0,4.0,7.0
2021-08-05 21:11:56,83.0,76.0,3.0,4.0
2021-08-05 21:11:57,77.0,69.0,6.0,2.0
2021-08-05 21:11:58,78.0,66.0,8.0,4.0
2021-08-05 21:11:59,80.0,71.0,7.0,2.0
2021-08-05 21:12:00,78.0,67.0,6.0,5.0
2021-08-05 21:12:01,80.0,71.0,7.0,2.0
2021-08-05 21:12:02,85.0,74.0,6.0,5.0
2021-08-05 21:12:03,70.0,62.0,3.0,5.0
2021-08-05 21:12:04,87.0,73.0,8.0,6.0
2021-08-05 21:12:05,77.0,66.0,9.0,2.0
2021-08-05 21:12:06,86.0,78.0,1.0,7.0
2021-08-05 21:12:07,80.0,70.0,6.0,4.0
2021-08-05 21:12:08,73.0,63.0,5.0,5.0
2021-08-05 21:12:09,68.0,59.0,4.0,5.0
2021-08-05 21:12:10,74.0,61.0,9.0,4.0
2021-08-05 21:12:11,74.0,65.0,4.0,5.0
2021-08-05 21:12:12,82.0,72.0,6.0,4.0
2021-08-05 21:12:13,76.0,67.0,8.0,1.0
2021-08-05 21:12:14,79.0,69.0,7.0,3.0
2021-08-05 21:12:15,90.0,75.0,11.0,4.0
2021-08-05 21:12:16,85.0,73.0,9.0,3.0
2021-08-05 21:12:17,78.0,66.0,8.0,4.0
2021-08-05 21:12:18,90.0,83.0,3.0,4.0
2021-08-05 21:12:19,98.0,86.0,6.0,6.0
2021-08-05 21:12:20,80.0,70.0,6.0,4.0
2021-08-05 21:12:21,83.0,68.0,10.0,5.0
2021-08-05 21:12:22,75.0,64.0,8.0,3.0
2021-08-05 21:12:23,100.0,88.0,6.0,6.0
2021-08-05 21:12:24,91.0,84.0,3.0,4.0
2021-08-05 21:12:25,92.0,74.0,12.0,6.0
2021-08-05 21:12:26,88.0,78.0,6.0,4.0
2021-08-05 21:12:27,90.0,85.0,3.0,2.0
2021-08-05 21:12:28,82.0,63.0,13.0,6.0
2021-08-05 21:12:29,66.0,57.0,5.0,4.0
2021-08-05 21:12:30,100.0,84.0,13.0,3.0
2021-08-05 21:12:31,70.0,64.0,4.0,2.0
2021-08-05 21:12:32,81.0,68.0,8.0,5.0
2021-08-05 21:12:33,72.0,62.0,8.0,2.0
2021-08-05 21:12:34,89.0,80.0,5.0,4.0
2021-08-05 21:12:35,86.0,80.0,6.0,0.0
2021-08-05 21:12:36,92.0,82.0,6.0,4.0
2021-08-05 21:12:37,77.0,67.0,5.0,5.0
2021-08-05 21:12:38,87.0,76.0,7.0,4.0
2021-08-05 21:12:39,91.0,81.0,6.0,4.0
2021-08-05 21:12:40,89.0,77.0,8.0,4.0
2021-08-05 21:12:41,100.0,85.0,11.0,4.0
2021-08-05 21:12:42,98.0,88.0,8.0,2.0
2021-08-05 21:12:43,74.0,59.0,9.0,6.0
2021-08-05 21:12:44,73.0,67.0,6.0,0.0
2021-08-05 21:12:45,65.0,58.0,3.0,4.0
2021-08-05 21:12:46,82.0,69.0,10.0,3.0
2021-08-05 21:12:47,84.0,74.0,7.0,3.0
2021-08-05 21:12:48,76.0,65.0,7.0,4.0
2021-08-05 21:12:49,74.0,64.0,7.0,3.0
2021-08-05 21:12:50,77.0,65.0,7.0,5.0
2021-08-05 21:12:51,87.0,73.0,11.0,3.0
2021-08-05 21:12:52,84.0,74.0,5.0,5.0
2021-08-05 21:12:53,66.0,61.0,2.0,3.0
2021-08-05 21:12:54,72.0,64.0,6.0,2.0
2021-08-05 21:12:55,70.0,58.0,7.0,5.0
2021-08-05 21:12:56,73.0,59.0,9.0,5.0
2021-08-05 21:12:57,86.0,73.0,7.0,6.0
2021-08-05 21:12:58,75.0,63.0,11.0,1.0
2021-08-05 21:12:59,69.0,60.0,6.0,3.0
2021-08-05 21:13:00,89.0,77.0,7.0,5.0
2021-08-05 21:13:01,84.0,77.0,4.0,3.0
2021-08-05 21:13:02,64.0,55.0,4.0,5.0
2021-08-05 21:13:03,87.0,79.0,6.0,2.0
2021-08-05 21:13:04,73.0,60.0,10.0,3.0
2021-08-05 21:13:05,105.0,98.0,4.0,3.0
2021-08-05 21:13:06,78.0,68.0,6.0,4.0
2021-08-05 21:13:07,78.0,68.0,7.0,3.0
2021-08-05 21:13:08,67.0,54.0,7.0,6.0
2021-08-05 21:13:09,71.0,63.0,7.0,1.0
2021-08-05 21:13:10,77.0,65.0,6.0,6.0
2021-08-05 21:13:11,86.0,72.0,5.0,9.0
2021-08-05 21:13:12,88.0,73.0,10.0,5.0
2021-08-05 21:13:13,91.0,78.0,7.0,6.0
2021-08-05 21:13:14,98.0,83.0,10.0,5.0
2021-08-05 21:13:15,79.0,61.0,9.0,9.0
2021-08-05 21:13:16,78.0,66.0,8.0,4.0
2021-08-05 21:13:17,81.0,69.0,8.0,4.0
2021-08-05 21:13:18,87.0,79.0,6.0,2.0
2021-08-05 21:13:19,80.0,69.0,7.0,4.0
2021-08-05 21:13:20,84.0,70.0,6.0,8.0
2021-08-05 21:13:21,80.0,72.0,1.0,7.0
2021-08-05 21:13:22,86.0,77.0,5.0,4.0
2021-08-05 21:13:23,73.0,60.0,11.0,2.0
2021-08-05 21:13:24,89.0,80.0,7.0,2.0
2021-08-05 21:13:25,78.0,68.0,7.0,3.0
2021-08-05 21:13:26,90.0,81.0,7.0,2.0
2021-08-05 21:13:27,76.0,67.0,1.0,8.0
2021-08-05 21:13:28,84.0,73.0,6.0,5.0
2021-08-05 21:13:29,85.0,72.0,5.0,8.0
2021-08-05 21:13:30,78.0,68.0,7.0,3.0
2021-08-05 21:13:31,94.0,82.0,8.0,4.0
2021-08-05 21:13:32,76.0,65.0,5.0,6.0
2021-08-05 21:13:33,70.0,60.0,9.0,1.0
2021-08-05 21:13:34,88.0,72.0,9.0,7.0
2021-08-05 21:13:35,77.0,67.0,6.0,4.0
2021-08-05 21:13:36,78.0,70.0,7.0,1.0
2021-08-05 21:13:37,85.0,74.0,7.0,4.0
2021-08-05 21:13:38,98.0,84.0,9.0,5.0
2021-08-05 21:13:39,79.0,71.0,4.0,4.0
2021-08-05 21:13:40,82.0,74.0,5.0,3.0
2021-08-05 21:13:41,79.0,66.0,6.0,7.0
2021-08-05 21:13:42,81.0,70.0,5.0,6.0
2021-08-05 21:13:43,70.0,61.0,6.0,3.0
2021-08-05 21:13:44,90.0,82.0,3.0,5.0
2021-08-05 21:13:45,77.0,62.0,9.0,6.0
2021-08-05 21:13:46,72.0,62.0,9.0,1.0
2021-08-05 21:13:47,71.0,60.0,7.0,4.0
2021-08-05 21:13:48,91.0,81.0,7.0,3.0
2021-08-05 21:13:49,81.0,72.0,8.0,1.0
2021-08-05 21:13:50,64.0,57.0,4.0,3.0
2021-08-05 21:13:51,78.0,70.0,5.0,3.0
2021-08-05 21:13:52,86.0,80.0,4.0,2.0
2021-08-05 21:13:53,92.0,77.0,8.0,7.0
2021-08-05 21:13:54,87.0,73.0,8.0,6.0
2021-08-05 21:13:55,76.0,69.0,6.0,1.0
2021-08-05 21:13:56,78.0,68.0,6.0,4.0
2021-08-05 21:13:57,77.0,66.0,7.0,4.0
2021-08-05 21:13:58,100.0,84.0,9.0,7.0
2021-08-05 21:13:59,82.0,67.0,9.0,6.0
2021-08-05 21:14:00,90.0,75.0,9.0,6.0
2021-08-05 21:14:01,81.0,73.0,4.0,4.0
2021-08-05 21:14:02,81.0,71.0,7.0,3.0
2021-08-05 21:14:03,71.0,60.0,9.0,2.0
2021-08-05 21:14:04,105.0,98.0,5.0,2.0
2021-08-05 21:14:05,69.0,57.0,3.0,9.0
2021-08-05 21:14:06,80.0,70.0,7.0,3.0
2021-08-05 21:14:07,80.0,71.0,5.0,4.0
2021-08-05 21:14:08,72.0,65.0,5.0,2.0
2021-08-05 21:14:09,76.0,61.0,9.0,6.0
2021-08-05 21:14:10,75.0,68.0,4.0,3.0
2021-08-05 21:14:11,76.0,67.0,5.0,4.0
2021-08-05 21:14:12,67.0,58.0,5.0,4.0
2021-08-05 21:14:13,82.0,66.0,8.0,8.0
2021-08-05 21:14:14,66.0,59.0,4.0,3.0
2021-08-05 21:14:15,79.0,72.0,5.0,2.0
2021-08-05 21:14:16,71.0,63.0,5.0,3.0
2021-08-05 21:14:17,77.0,65.0,7.0,5.0
2021-08-05 21:14:18,71.0,64.0,5.0,2.0
2021-08-05 21:14:19,82.0,68.0,7.0,7.0
2021-08-05 21:14:20,81.0,68.0,7.0,6.0
2021-08-05 21:14:21,68.0,58.0,8.0,2.0
2021-08-05 21:14:22,84.0,75.0,6.0,3.0
2021-08-05 21:14:23,81.0,72.0,5.0,4.0
2021-08-05 21:14:24,89.0,79.0,8.0,2.0
2021-08-05 21:14:25,74.0,65.0,4.0,5.0
2021-08-05 21:14:26,83.0,69.0,8.0,6.0
2021-08-05 21:14:27,72.0,66.0,2.0,4.0
2021-08-05 21:14:28,79.0,75.0,3.0,1.0
2021-08-05 21:14:29,73.0,61.0,5.0,7.0
2021-08-05 21:14:30,88.0,75.0,10.0,3.0
2021-08-05 21:14:31,96.0,80.0,7.0,9.0
2021-08-05 21:14:32,66.0,59.0,6.0,1.0
2021-08-05 21:14:33,89.0,77.0,8.0,4.0
2021-08-05 21:14:34,77.0,62.0,9.0,6.0
2021-08-05 21:14:35,71.0,58.0,7.0,6.0
2021-08-05 21:14:36,84.0,72.0,10.0,2.0
2021-08-05 21:14:37,78.0,67.0,9.0,2.0
2021-08-05 21:14:38,83.0,71.0,9.0,3.0
2021-08-05 21:14:39,70.0,62.0,5.0,3.0
2021-08-05 21:14:40,92.0,78.0,6.0,8.0
2021-08-05 21:14:41,82.0,71.0,4.0,7.0
2021-08-05 21:14:42,87.0,74.0,6.0,7.0
2021-08-05 21:14:43,85.0,72.0,8.0,5.0
2021-08-05 21:14:44,72.0,61.0,7.0,4.0
2021-08-05 21:14:45,84.0,71.0,11.0,2.0
2021-08-05 21:14:46,87.0,78.0,4.0,5.0
2021-08-05 21:14:47,78.0,71.0,3.0,4.0
2021-08-05 21:14:48,83.0,68.0,8.0,7.0
2021-08-05 21:14:49,97.0,82.0,7.0,8.0
2021-08-05 21:14:50,78.0,67.0,5.0,6.0
2021-08-05 21:14:51,85.0,73.0,10.0,2.0
2021-08-05 21:14:52,80.0,71.0,7.0,2.0
2021-08-05 21:14:53,76.0,67.0,8.0,1.0
2021-08-05 21:14:54,70.0,67.0,1.0,2.0
2021-08-05 21:14:55,66.0,57.0,6.0,3.0
2021-08-05 21:14:56,90.0,85.0,3.0,2.0
2021-08-05 21:14:57,95.0,85.0,7.0,3.0
2021-08-05 21:14:58,77.0,64.0,7.0,6.0
2021-08-05 21:14:59,71.0,68.0,3.0,0.0
2021-08-05 21:15:00,74.0,67.0,6.0,1.0
2021-08-05 21:15:01,78.0,68.0,6.0,4.0
2021-08-05 21:15:02,69.0,61.0,5.0,3.0
2021-08-05 21:15:03,86.0,68.0,8.0,10.0
2021-08-05 21:15:04,92.0,87.0,4.0,1.0
2021-08-05 21:15:05,78.0,62.0,12.0,4.0
2021-08-05 21:15:06,92.0,76.0,10.0,6.0
2021-08-05 21:15:07,83.0,69.0,6.0,8.0
2021-08-05 21:15:08,87.0,74.0,9.0,4.0
2021-08-05 21:15:09,85.0,76.0,7.0,2.0
2021-08-05 21:15:10,81.0,73.0,3.0,5.0
2021-08-05 21:15:11,87.0,79.0,6.0,2.0
2021-08-05 21:15:12,72.0,60.0,6.0,6.0
2021-08-05 21:15:13,92.0,79.0,7.0,6.0
2021-08-05 21:15:14,85.0,69.0,9.0,7.0
2021-08-05 21:15:15,70.0,55.0,5.0,10.0
2021-08-05 21:15:16,79.0,60.0,11.0,8.0
2021-08-05 21:15:17,79.0,68.0,7.0,4.0
2021-08-05 21:15:18,90.0,76.0,11.0,3.0
2021-08-05 21:15:19,86.0,69.0,9.0,8.0
2021-08-05 21:15:20,82.0,70.0,5.0,7.0
2021-08-05 21:15:21,76.0,65.0,7.0,4.0
2021-08-05 21:15:22,90.0,78.0,11.0,1.0
2021-08-05 21:15:23,67.0,59.0,3.0,5.0
2021-08-05 21:15:24,75.0,66.0,5.0,4.0
2021-08-05 21:15:25,71.0,62.0,4.0,5.0
2021-08-05 21:15:26,72.0,63.0,4.0,5.0
2021-08-05 21:15:27,89.0,80.0,5.0,4.0
2021-08-05 21:15:28,64.0,53.0,5.0,6.0
2021-08-05 21:15:29,64.0,58.0,4.0,2.0
2021-08-05 21:15:30,74.0,59.0,11.0,4.0
2021-08-05 21:15:31,71.0,62.0,6.0,3.0
2021-08-05 21:15:32,79.0,72.0,2.0,5.0
2021-08-05 21:15:33,70.0,60.0,6.0,4.0
2021-08-05 21:15:34,74.0,60.0,8.0,6.0
2021-08-05 21:15:35,77.0,69.0,5.0,3.0
2021-08-05 21:15:36,79.0,71.0,4.0,4.0
2021-08-05 21:15:37,74.0,62.0,5.0,7.0
2021-08-05 21:15:38,82.0,70.0,5.0,7.0
2021-08-05 21:15:39,79.0,70.0,5.0,4.0
2021-08-05 21:15:40,80.0,75.0,5.0,0.0
2021-08-05 21:15:41,87.0,73.0,9.0,5.0
2021-08-05 21:15:42,78.0,66.0,6.0,6.0
2021-08-05 21:15:43,76.0,71.0,5.0,0.0
2021-08-05 21:15:44,86.0,78.0,3.0,5.0
2021-08-05 21:15:45,99.0,85.0,8.0,6.0
2021-08-05 21:15:46,89.0,77.0,8.0,4.0
2021-08-05 21:15:47,86.0,73.0,7.0,6.0
2021-08-05 21:15:48,71.0,65.0,3.0,3.0
2021-08-05 21:15:49,85.0,72.0,8.0,5.0
2021-08-05 21:15:50,73.0,60.0,6.0,7.0
2021-08-05 21:15:51,88.0,80.0,7.0,1.0
2021-08-05 21:15:52,82.0,70.0,7.0,5.0
2021-08-05 21:15:53,83.0,77.0,5.0,1.0
2021-08-05 21:15:54,84.0,72.0,10.0,2.0
2021-08-05 21:15:55,85.0,68.0,8.0,9.0
2021-08-05 21:15:56,91.0,79.0,6.0,6.0
2021-08-05 21:15:57,73.0,67.0,1.0,5.0
2021-08-05 21:15:58,81.0,64.0,11.0,6.0
2021-08-05 21:15:59,80.0,69.0,6.0,5.0
2021-08-05 21:16:00,81.0,69.0,6.0,6.0
2021-08-05 21:16:01,76.0,69.0,5.0,2.0
2021-08-05 21:16:02,92.0,81.0,6.0,5.0
2021-08-05 21:16:03,67.0,62.0,2.0,3.0
2021-08-05 21:16:04,63.0,59.0,3.0,1.0
2021-08-05 21:16:05,66.0,53.0,6.0,7.0
2021-08-05 21:16:06,87.0,69.0,10.0,8.0
2021-08-05 21:16:07,67.0,57.0,5.0,5.0
2021-08-05 21:16:08,91.0,86.0,3.0,2.0
2021-08-05 21:16:09,69.0,63.0,1.0,5.0
2021-08-05 21:16:10,89.0,81.0,7.0,1.0
2021-08-05 21:16:11,79.0,69.0,4.0,6.0
2021-08-05 21:16:12,92.0,81.0,9.0,2.0
2021-08-05 21:16:13,80.0,73.0,5.0,2.0
2021-08-05 21:16:14,73.0,67.0,5.0,1.0
2021-08-05 21:16:15,76.0,68.0,3.0,5.0
2021-08-05 21:16:16,87.0,69.0,10.0,8.0
2021-08-05 21:16:17,87.0,73.0,9.0,5.0
2021-08-05 21:16:18,96.0,84.0,8.0,4.0
2021-08-05 21:16:19,84.0,73.0,9.0,2.0
2021-08-05 21:16:20,71.0,56.0,11.0,4.0
2021-08-05 21:16:21,84.0,74.0,7.0,3.0
2021-08-05 21:16:22,65.0,60.0,3.0,2.0
2021-08-05 21:16:23,78.0,74.0,2.0,2.0
2021-08-05 21:16:24,88.0,79.0,4.0,5.0
2021-08-05 21:16:25,83.0,76.0,4.0,3.0
2021-08-05 21:16:26,76.0,65.0,6.0,5.0
2021-08-05 21:16:27,93.0,82.0,9.0,2.0
2021-08-05 21:16:28,88.0,79.0,3.0,6.0
2021-08-05 21:16:29,77.0,64.0,9.0,4.0
2021-08-05 21:16:30,75.0,64.0,9.0,2.0
2021-08-05 21:16:31,78.0,68.0,3.0,7.0
2021-08-05 21:16:32,70.0,58.0,7.0,5.0
2021-08-05 21:16:33,81.0,70.0,7.0,4.0
2021-08-05 21:16:34,66.0,53.0,9.0,4.0
2021-08-05 21:16:35,100.0,93.0,3.0,4.0
2021-08-05 21:16:36,81.0,71.0,6.0,4.0
2021-08-05 21:16:37,80.0,70.0,6.0,4.0
2021-08-05 21:16:38,84.0,74.0,6.0,4.0
2021-08-05 21:16:39,83.0,71.0,9.0,3.0
2021-08-05 21:16:40,85.0,63.0,16.0,6.0
2021-08-05 21:16:41,75.0,65.0,6.0,4.0
2021-08-05 21:16:42,86.0,71.0,10.0,5.0
2021-08-05 21:16:43,89.0,78.0,6.0,5.0
2021-08-05 21:16:44,77.0,70.0,3.0,4.0
2021-08-05 21:16:45,72.0,64.0,5.0,3.0
2021-08-05 21:16:46,78.0,70.0,3.0,5.0
2021-08-05 21:16:47,76.0,63.0,5.0,8.0
2021-08-05 21:16:48,78.0,60.0,14.0,4.0
2021-08-05 21:16:49,87.0,77.0,8.0,2.0
2021-08-05 21:16:50,88.0,77.0,9.0,2.0
2021-08-05 21:16:51,64.0,52.0,8.0,4.0
2021-08-05 21:16:52,72.0,59.0,10.0,3.0
2021-08-05 21:16:53,67.0,55.0,9.0,3.0
2021-08-05 21:16:54,76.0,66.0,3.0,7.0
2021-08-05 21:16:55,83.0,71.0,5.0,7.0
2021-08-05 21:16:56,81.0,70.0,3.0,8.0
2021-08-05 21:16:57,79.0,73.0,2.0,4.0
2021-08-05 21:16:58,73.0,63.0,5.0,5.0
2021-08-05 21:16:59,70.0,57.0,6.0,7.0
2021-08-05 21:17:00,85.0,69.0,9.0,7.0
2021-08-05 21:17:01,75.0,62.0,6.0,7.0
2021-08-05 21:17:02,93.0,82.0,5.0,6.0
2021-08-05 21:17:03,78.0,67.0,9.0,2.0
2021-08-05 21:17:04,96.0,85.0,6.0,5.0
2021-08-05 21:17:05,80.0,74.0,3.0,3.0
2021-08-05 21:17:06,69.0,58.0,6.0,5.0
2021-08-05 21:17:07,87.0,74.0,8.0,5.0
2021-08-05 21:17:08,79.0,75.0,1.0,3.0
2021-08-05 21:17:09,91.0,80.0,8.0,3.0
2021-08-05 21:17:10,84.0,70.0,9.0,5.0
2021-08-05 21:17:11,80.0,68.0,10.0,2.0
2021-08-05 21:17:12,87.0,72.0,5.0,10.0
2021-08-05 21:17:13,82.0,73.0,1.0,8.0
2021-08-05 21:17:14,84.0,74.0,5.0,5.0
2021-08-05 21:17:15,76.0,66.0,6.0,4.0
2021-08-05 21:17:16,83.0,70.0,8.0,5.0
2021-08-05 21:17:17,86.0,74.0,6.0,6.0
2021-08-05 21:17:18,69.0,61.0,7.0,1.0
2021-08-05 21:17:19,76.0,68.0,5.0,3.0
2021-08-05 21:17:20,87.0,80.0,4.0,3.0
2021-08-05 21:17:21,68.0,61.0,4.0,3.0
2021-08-05 21:17:22,102.0,87.0,7.0,8.0
2021-08-05 21:17:23,75.0,68.0,5.0,2.0
2021-08-05 21:17:24,70.0,61.0,7.0,2.0
2021-08-05 21:17:25,68.0,54.0,10.0,4.0
2021-08-05 21:17:26,75.0,60.0,10.0,5.0
2021-08-05 21:17:27,70.0,63.0,4.0,3.0
2021-08-05 21:17:28,93.0,80.0,10.0,3.0
2021-08-05 21:17:29,75.0,68.0,5.0,2.0
2021-08-05 21:17:30,95.0,79.0,15.0,1.0
2021-08-05 21:17:31,88.0,75.0,6.0,7.0
2021-08-05 21:17:32,85.0,76.0,5.0,4.0
2021-08-05 21:17:33,85.0,74.0,7.0,4.0
2021-08-05 21:17:34,72.0,63.0,6.0,3.0
2021-08-05 21:17:35,68.0,56.0,5.0,7.0
2021-08-05 21:17:36,78.0,73.0,1.0,4.0
2021-08-05 21:17:37,74.0,68.0,3.0,3.0
2021-08-05 21:17:38,86.0,70.0,12.0,4.0
2021-08-05 21:17:39,91.0,85.0,3.0,3.0
2021-08-05 21:17:40,67.0,56.0,6.0,5.0
2021-08-05 21:17:41,79.0,69.0,5.0,5.0
2021-08-05 21:17:42,80.0,75.0,3.0,2.0
2021-08-05 21:17:43,97.0,87.0,6.0,4.0
2021-08-05 21:17:44,76.0,70.0,3.0,3.0
2021-08-05 21:17:45,83.0,69.0,9.0,5.0
2021-08-05 21:17:46,67.0,56.0,5.0,6.0
2021-08-05 21:17:47,76.0,62.0,6.0,8.0
2021-08-05 21:17:48,89.0,80.0,7.0,2.0
2021-08-05 21:17:49,83.0,71.0,8.0,4.0
2021-08-05 21:17:50,87.0,77.0,7.0,3.0
2021-08-05 21:17:51,91.0,79.0,8.0,4.0
2021-08-05 21:17:52,82.0,66.0,11.0,5.0
2021-08-05 21:17:53,78.0,62.0,10.0,6.0
2021-08-05 21:17:54,80.0,71.0,5.0,4.0
2021-08-05 21:17:55,74.0,65.0,7.0,2.0
2021-08-05 21:17:56,77.0,62.0,8.0,7.0
2021-08-05 21:17:57,83.0,70.0,9.0,4.0
2021-08-05 21:17:58,82.0,69.0,10.0,3.0
2021-08-05 21:17:59,69.0,64.0,2.0,3.0
2021-08-05 21:18:00,84.0,76.0,6.0,2.0
2021-08-05 21:18:01,73.0,59.0,6.0,8.0
2021-08-05 21:18:02,66.0,59.0,4.0,3.0
2021-08-05 21:18:03,93.0,83.0,5.0,5.0
2021-08-05 21:18:04,64.0,54.0,5.0,5.0
2021-08-05 21:18:05,74.0,61.0,11.0,2.0
2021-08-05 21:18:06,72.0,63.0,7.0,2.0
2021-08-05 21:18:07,73.0,63.0,5.0,5.0
2021-08-05 21:18:08,62.0,56.0,5.0,1.0
2021-08-05 21:18:09,79.0,68.0,7.0,4.0
2021-08-05 21:18:10,70.0,63.0,5.0,2.0
2021-08-05 21:18:11,92.0,76.0,11.0,5.0
2021-08-05 21:18:12,90.0,77.0,7.0,6.0
2021-08-05 21:18:13,86.0,73.0,5.0,8.0
2021-08-05 21:18:14,81.0,68.0,9.0,4.0
2021-08-05 21:18:15,87.0,73.0,10.0,4.0
2021-08-05 21:18:16,74.0,67.0,5.0,2.0
2021-08-05 21:18:17,87.0,72.0,10.0,5.0
2021-08-05 21:18:18,69.0,64.0,2.0,3.0
2021-08-05 21:18:19,74.0,66.0,4.0,4.0
2021-08-05 21:18:20,82.0,70.0,6.0,6.0
2021-08-05 21:18:21,94.0,84.0,9.0,1.0
2021-08-05 21:18:22,68.0,57.0,5.0,6.0
2021-08-05 21:18:23,68.0,60.0,3.0,5.0
2021-08-05 21:18:24,96.0,79.0,12.0,5.0
2021-08-05 21:18:25,93.0,72.0,13.0,8.0
2021-08-05 21:18:26,92.0,75.0,9.0,8.0
2021-08-05 21:18:27,70.0,60.0,7.0,3.0
2021-08-05 21:18:28,94.0,80.0,11.0,3.0
2021-08-05 21:18:29,68.0,60.0,3.0,5.0
2021-08-05 21:18:30,68.0,62.0,3.0,3.0
2021-08-05 21:18:31,87.0,75.0,7.0,5.0
2021-08-05 21:18:32,67.0,53.0,7.0,7.0
2021-08-05 21:18:33,76.0,65.0,8.0,3.0
2021-08-05 21:18:34,81.0,69.0,5.0,7.0
2021-08-05 21:18:35,79.0,69.0,5.0,5.0
2021-08-05 21:18:36,78.0,75.0,2.0,1.0
2021-08-05 21:18:37,79.0,67.0,7.0,5.0
2021-08-05 21:18:38,66.0,57.0,4.0,5.0
2021-08-05 21:18:39,75.0,63.0,2.0,10.0
2021-08-05 21:18:40,71.0,60.0,10.0,1.0
2021-08-05 21:18:41,79.0,70.0,5.0,4.0
2021-08-05 21:18:42,86.0,73.0,6.0,7.0
2021-08-05 21:18:43,89.0,81.0,6.0,2.0
2021-08-05 21:18:44,77.0,71.0,5.0,1.0
2021-08-05 21:18:45,81.0,70.0,8.0,3.0
2021-08-05 21:18:46,64.0,56.0,2.0,6.0
2021-08-05 21:18:47,83.0,76.0,4.0,3.0
2021-08-05 21:18:48,83.0,72.0,7.0,4.0
2021-08-05 21:18:49,82.0,69.0,8.0,5.0
2021-08-05 21:18:50,77.0,76.0,1.0,0.0
2021-08-05 21:18:51,87.0,76.0,8.0,3.0
2021-08-05 21:18:52,75.0,64.0,7.0,4.0
2021-08-05 21:18:53,90.0,80.0,7.0,3.0
2021-08-05 21:18:54,83.0,70.0,6.0,7.0
2021-08-05 21:18:55,90.0,75.0,10.0,5.0
2021-08-05 21:18:56,81.0,74.0,3.0,4.0
2021-08-05 21:18:57,80.0,67.0,7.0,6.0
2021-08-05 21:18:58,82.0,74.0,3.0,5.0
2021-08-05 21:18:59,73.0,65.0,5.0,3.0
2021-08-05 21:19:00,65.0,54.0,7.0,4.0
2021-08-05 21:19:01,83.0,68.0,10.0,5.0
2021-08-05 21:19:02,83.0,68.0,11.0,4.0
2021-08-05 21:19:03,82.0,67.0,12.0,3.0
2021-08-05 21:19:04,75.0,65.0,7.0,3.0
2021-08-05 21:19:05,107.0,95.0,10.0,2.0
2021-08-05 21:19:06,75.0,65.0,4.0,6.0
2021-08-05 21:19:07,74.0,70.0,4.0,0.0
2021-08-05 21:19:08,105.0,88.0,12.0,5.0
2021-08-05 21:19:09,79.0,63.0,10.0,6.0
2021-08-05 21:19:10,78.0,74.0,2.0,2.0
2021-08-05 21:19:11,90.0,76.0,6.0,8.0
2021-08-05 21:19:12,75.0,67.0,5.0,3.0
2021-08-05 21:19:13,92.0,84.0,7.0,1.0
2021-08-05 21:19:14,81.0,73.0,2.0,6.0
2021-08-05 21:19:15,67.0,59.0,2.0,6.0
2021-08-05 21:19:16,73.0,66.0,5.0,2.0
2021-08-05 21:19:17,92.0,76.0,10.0,6.0
2021-08-05 21:19:18,81.0,70.0,10.0,1.0
2021-08-05 21:19:19,71.0,64.0,4.0,3.0
2021-08-05 21:19:20,76.0,68.0,6.0,2.0
2021-08-05 21:19:21,103.0,83.0,12.0,8.0
2021-08-05 21:19:22,89.0,78.0,7.0,4.0
2021-08-05 21:19:23,90.0,81.0,6.0,3.0
2021-08-05 21:19:24,87.0,76.0,9.0,2.0
2021-08-05 21:19:25,85.0,76.0,5.0,4.0
2021-08-05 21:19:26,99.0,87.0,6.0,6.0
2021-08-05 21:19:27,75.0,64.0,6.0,5.0
2021-08-05 21:19:28,77.0,67.0,6.0,4.0
2021-08-05 21:19:29,71.0,56.0,8.0,7.0
2021-08-05 21:19:30,87.0,78.0,6.0,3.0
2021-08-05 21:19:31,86.0,72.0,12.0,2.0
2021-08-05 21:19:32,85.0,71.0,8.0,6.0
2021-08-05 21:19:33,86.0,72.0,8.0,6.0
2021-08-05 21:19:34,72.0,62.0,7.0,3.0
2021-08-05 21:19:35,89.0,82.0,6.0,1.0
2021-08-05 21:19:36,73.0,67.0,2.0,4.0
2021-08-05 21:19:37,70.0,57.0,10.0,3.0
2021-08-05 21:19:38,79.0,73.0,5.0,1.0
2021-08-05 21:19:39,85.0,76.0,4.0,5.0
2021-08-05 21:19:40,86.0,77.0,6.0,3.0
2021-08-05 21:19:41,84.0,72.0,6.0,6.0
2021-08-05 21:19:42,73.0,66.0,2.0,5.0
2021-08-05 21:19:43,77.0,63.0,9.0,5.0
2021-08-05 21:19:44,84.0,74.0,4.0,6.0
2021-08-05 21:19:45,75.0,60.0,9.0,6.0
2021-08-05 21:19:46,101.0,89.0,7.0,5.0
2021-08-05 21:19:47,72.0,61.0,5.0,6.0
2021-08-05 21:19:48,56.0,47.0,6.0,3.0
2021-08-05 21:19:49,93.0,75.0,9.0,9.0
2021-08-05 21:19:50,73.0,62.0,8.0,3.0
2021-08-05 21:19:51,79.0,66.0,5.0,8.0
2021-08-05 21:19:52,71.0,63.0,3.0,5.0
2021-08-05 21:19:53,101.0,89.0,8.0,4.0
2021-08-05 21:19:54,86.0,71.0,8.0,7.0
2021-08-05 21:19:55,79.0,69.0,6.0,4.0
2021-08-05 21:19:56,92.0,85.0,4.0,3.0
2021-08-05 21:19:57,78.0,65.0,11.0,2.0
2021-08-05 21:19:58,64.0,52.0,2.0,10.0
2021-08-05 21:19:59,71.0,59.0,11.0,1.0
2021-08-05 21:20:00,70.0,53.0,9.0,8.0
2021-08-05 21:20:01,78.0,67.0,5.0,6.0
2021-08-05 21:20:02,73.0,62.0,7.0,4.0
2021-08-05 21:20:03,79.0,67.0,7.0,5.0
2021-08-05 21:20:04,67.0,54.0,10.0,3.0
2021-08-05 21:20:05,88.0,74.0,7.0,7.0
2021-08-05 21:20:06,78.0,65.0,7.0,6.0
2021-08-05 21:20:07,84.0,66.0,12.0,6.0
2021-08-05 21:20:08,81.0,72.0,7.0,2.0
2021-08-05 21:20:09,87.0,79.0,6.0,2.0
2021-08-05 21:20:10,82.0,73.0,5.0,4.0
2021-08-05 21:20:11,96.0,79.0,9.0,8.0
2021-08-05 21:20:12,76.0,65.0,7.0,4.0
2021-08-05 21:20:13,85.0,73.0,7.0,5.0
2021-08-05 21:20:14,76.0,69.0,5.0,2.0
2021-08-05 21:20:15,71.0,63.0,4.0,4.0
2021-08-05 21:20:16,71.0,62.0,6.0,3.0
2021-08-05 21:20:17,89.0,82.0,3.0,4.0
2021-08-05 21:20:18,86.0,74.0,5.0,7.0
2021-08-05 21:20:19,88.0,76.0,6.0,6.0
2021-08-05 21:20:20,90.0,77.0,8.0,5.0
2021-08-05 21:20:21,73.0,64.0,3.0,6.0
2021-08-05 21:20:22,67.0,59.0,4.0,4.0
2021-08-05 21:20:23,81.0,74.0,5.0,2.0
2021-08-05 21:20:24,88.0,77.0,5.0,6.0
2021-08-05 21:20:25,73.0,62.0,8.0,3.0
2021-08-05 21:20:26,87.0,76.0,6.0,5.0
2021-08-05 21:20:27,86.0,76.0,8.0,2.0
2021-08-05 21:20:28,87.0,76.0,5.0,6.0
2021-08-05 21:20:29,84.0,75.0,6.0,3.0
2021-08-05 21:20:30,72.0,71.0,1.0,0.0
2021-08-05 21:20:31,67.0,61.0,4.0,2.0
2021-08-05 21:20:32,77.0,72.0,4.0,1.0
2021-08-05 21:20:33,66.0,64.0,0.0,2.0
2021-08-05 21:20:34,84.0,74.0,6.0,4.0
2021-08-05 21:20:35,90.0,71.0,12.0,7.0
2021-08-05 21:20:36,89.0,76.0,8.0,5.0
2021-08-05 21:20:37,83.0,73.0,7.0,3.0
2021-08-05 21:20:38,86.0,74.0,8.0,4.0
2021-08-05 21:20:39,68.0,60.0,6.0,2.0
2021-08-05 21:20:40,78.0,62.0,11.0,5.0
2021-08-05 21:20:41,62.0,53.0,6.0,3.0
2021-08-05 21:20:42,85.0,69.0,8.0,8.0
2021-08-05 21:20:43,75.0,68.0,3.0,4.0
2021-08-05 21:20:44,77.0,73.0,2.0,2.0
2021-08-05 21:20:45,73.0,68.0,2.0,3.0
2021-08-05 21:20:46,68.0,65.0,2.0,1.0
2021-08-05 21:20:47,88.0,71.0,8.0,9.0
2021-08-05 21:20:48,79.0,71.0,5.0,3.0
2021-08-05 21:20:49,80.0,62.0,9.0,9.0
2021-08-05 21:20:50,90.0,80.0,6.0,4.0
2021-08-05 21:20:51,84.0,71.0,7.0,6.0
2021-08-05 21:20:52,98.0,87.0,8.0,3.0
2021-08-05 21:20:53,68.0,61.0,6.0,1.0
2021-08-05 21:20:54,82.0,70.0,5.0,7.0
2021-08-05 21:20:55,88.0,79.0,4.0,5.0
2021-08-05 21:20:56,90.0,68.0,16.0,6.0
2021-08-05 21:20:57,92.0,87.0,4.0,1.0
2021-08-05 21:20:58,80.0,75.0,5.0,0.0
2021-08-05 21:20:59,89.0,77.0,9.0,3.0
2021-08-05 21:21:00,75.0,66.0,7.0,2.0
2021-08-05 21:21:01,84.0,70.0,9.0,5.0
2021-08-05 21:21:02,78.0,65.0,8.0,5.0
2021-08-05 21:21:03,77.0,68.0,4.0,5.0
2021-08-05 21:21:04,80.0,67.0,9.0,4.0
2021-08-05 21:21:05,74.0,57.0,6.0,11.0
2021-08-05 21:21:06,76.0,64.0,8.0,4.0
2021-08-05 21:21:07,84.0,73.0,4.0,7.0
2021-08-05 21:21:08,84.0,77.0,4.0,3.0
2021-08-05 21:21:09,104.0,96.0,7.0,1.0
2021-08-05 21:21:10,81.0,70.0,7.0,4.0
2021-08-05 21:21:11,94.0,85.0,4.0,5.0
2021-08-05 21:21:12,76.0,63.0,8.0,5.0
2021-08-05 21:21:13,71.0,64.0,4.0,3.0
2021-08-05 21:21:14,75.0,67.0,5.0,3.0
2021-08-05 21:21:15,75.0,65.0,6.0,4.0
2021-08-05 21:21:16,78.0,69.0,5.0,4.0
2021-08-05 21:21:17,81.0,72.0,6.0,3.0
2021-08-05 21:21:18,70.0,64.0,2.0,4.0
2021-08-05 21:21:19,64.0,58.0,4.0,2.0
2021-08-05 21:21:20,94.0,75.0,12.0,7.0
2021-08-05 21:21:21,79.0,64.0,8.0,7.0
2021-08-05 21:21:22,88.0,76.0,9.0,3.0
2021-08-05 21:21:23,84.0,75.0,9.0,0.0
2021-08-05 21:21:24,72.0,63.0,8.0,1.0
2021-08-05 21:21:25,79.0,67.0,8.0,4.0
2021-08-05 21:21:26,75.0,62.0,9.0,4.0
2021-08-05 21:21:27,66.0,61.0,1.0,4.0
2021-08-05 21:21:28,76.0,70.0,3.0,3.0
2021-08-05 21:21:29,78.0,66.0,5.0,7.0
2021-08-05 21:21:30,78.0,69.0,3.0,6.0
2021-08-05 21:21:31,83.0,69.0,11.0,3.0
2021-08-05 21:21:32,77.0,65.0,7.0,5.0
2021-08-05 21:21:33,73.0,60.0,6.0,7.0
2021-08-05 21:21:34,80.0,71.0,6.0,3.0
2021-08-05 21:21:35,82.0,71.0,7.0,4.0
2021-08-05 21:21:36,84.0,71.0,9.0,4.0
2021-08-05 21:21:37,91.0,78.0,7.0,6.0
2021-08-05 21:21:38,81.0,66.0,8.0,7.0
2021-08-05 21:21:39,78.0,67.0,7.0,4.0
2021-08-05 21:21:40,79.0,74.0,1.0,4.0
2021-08-05 21:21:41,82.0,75.0,3.0,4.0
2021-08-05 21:21:42,88.0,78.0,4.0,6.0
2021-08-05 21:21:43,88.0,79.0,2.0,7.0
2021-08-05 21:21:44,83.0,75.0,4.0,4.0
2021-08-05 21:21:45,82.0,71.0,5.0,6.0
2021-08-05 21:21:46,86.0,69.0,9.0,8.0
2021-08-05 21:21:47,75.0,70.0,1.0,4.0
2021-08-05 21:21:48,68.0,60.0,6.0,2.0
2021-08-05 21:21:49,80.0,65.0,9.0,6.0
2021-08-05 21:21:50,77.0,68.0,6.0,3.0
2021-08-05 21:21:51,87.0,75.0,6.0,6.0
2021-08-05 21:21:52,86.0,77.0,7.0,2.0
2021-08-05 21:21:53,85.0,65.0,13.0,7.0
2021-08-05 21:21:54,77.0,68.0,6.0,3.0
2021-08-05 21:21:55,88.0,73.0,6.0,9.0
2021-08-05 21:21:56,74.0,66.0,5.0,3.0
2021-08-05 21:21:57,76.0,69.0,5.0,2.0
2021-08-05 21:21:58,85.0,76.0,6.0,3.0
2021-08-05 21:21:59,75.0,67.0,6.0,2.0
2021-08-05 21:22:00,74.0,68.0,3.0,3.0
2021-08-05 21:22:01,82.0,75.0,5.0,2.0
2021-08-05 21:22:02,73.0,60.0,7.0,6.0
2021-08-05 21:22:03,81.0,72.0,6.0,3.0
2021-08-05 21:22:04,91.0,80.0,4.0,7.0
2021-08-05 21:22:05,85.0,74.0,5.0,6.0
2021-08-05 21:22:06,91.0,76.0,11.0,4.0
2021-08-05 21:22:07,68.0,54.0,8.0,6.0
2021-08-05 21:22:08,81.0,68.0,11.0,2.0
2021-08-05 21:22:09,89.0,83.0,1.0,5.0
2021-08-05 21:22:10,85.0,71.0,8.0,6.0
2021-08-05 21:22:11,88.0,73.0,7.0,8.0
2021-08-05 21:22:12,66.0,55.0,7.0,4.0
2021-08-05 21:22:13,76.0,64.0,7.0,5.0
2021-08-05 21:22:14,95.0,81.0,7.0,7.0
2021-08-05 21:22:15,84.0,75.0,5.0,4.0
2021-08-05 21:22:16,93.0,77.0,9.0,7.0
2021-08-05 21:22:17,67.0,60.0,4.0,3.0
2021-08-05 21:22:18,85.0,70.0,11.0,4.0
2021-08-05 21:22:19,59.0,50.0,8.0,1.0
2021-08-05 21:22:20,88.0,78.0,6.0,4.0
2021-08-05 21:22:21,93.0,84.0,4.0,5.0
2021-08-05 21:22:22,92.0,74.0,12.0,6.0
2021-08-05 21:22:23,76.0,66.0,4.0,6.0
2021-08-05 21:22:24,89.0,79.0,7.0,3.0
2021-08-05 21:22:25,79.0,69.0,8.0,2.0
2021-08-05 21:22:26,89.0,73.0,6.0,10.0
2021-08-05 21:22:27,84.0,70.0,7.0,7.0
2021-08-05 21:22:28,80.0,68.0,7.0,5.0
2021-08-05 21:22:29,67.0,58.0,4.0,5.0
2021-08-05 21:22:30,82.0,72.0,5.0,5.0
2021-08-05 21:22:31,88.0,77.0,6.0,5.0
2021-08-05 21:22:32,83.0,73.0,2.0,8.0
2021-08-05 21:22:33,74.0,64.0,8.0,2.0
2021-08-05 21:22:34,65.0,61.0,2.0,2.0
2021-08-05 21:22:35,71.0,62.0,5.0,4.0
2021-08-05 21:22:36,76.0,64.0,5.0,7.0
2021-08-05 21:22:37,79.0,67.0,8.0,4.0
2021-08-05 21:22:38,80.0,65.0,5.0,10.0
2021-08-05 21:22:39,89.0,76.0,10.0,3.0
2021-08-05 21:22:40,87.0,77.0,5.0,5.0
2021-08-05 21:22:41,85.0,73.0,5.0,7.0
2021-08-05 21:22:42,90.0,75.0,9.0,6.0
2021-08-05 21:22:43,65.0,55.0,6.0,4.0
2021-08-05 21:22:44,67.0,59.0,5.0,3.0
2021-08-05 21:22:45,82.0,68.0,10.0,4.0
2021-08-05 21:22:46,80.0,69.0,7.0,4.0
2021-08-05 21:22:47,71.0,64.0,5.0,2.0
2021-08-05 21:22:48,86.0,69.0,10.0,7.0
2021-08-05 21:22:49,77.0,71.0,4.0,2.0
2021-08-05 21:22:50,87.0,73.0,8.0,6.0
2021-08-05 21:22:51,73.0,62.0,7.0,4.0
2021-08-05 21:22:52,79.0,66.0,11.0,2.0
2021-08-05 21:22:53,84.0,77.0,4.0,3.0
2021-08-05 21:22:54,76.0,60.0,6.0,10.0
2021-08-05 21:22:55,86.0,77.0,3.0,6.0
2021-08-05 21:22:56,89.0,77.0,8.0,4.0
2021-08-05 21:22:57,86.0,72.0,5.0,9.0
2021-08-05 21:22:58,88.0,72.0,11.0,5.0
2021-08-05 21:22:59,65.0,60.0,4.0,1.0
2021-08-05 21:23:00,79.0,69.0,7.0,3.0
2021-08-05 21:23:01,79.0,66.0,8.0,5.0
2021-08-05 21:23:02,89.0,81.0,6.0,2.0
2021-08-05 21:23:03,76.0,69.0,4.0,3.0
2021-08-05 21:23:04,78.0,70.0,3.0,5.0
2021-08-05 21:23:05,90.0,77.0,6.0,7.0
2021-08-05 21:23:06,88.0,82.0,5.0,1.0
2021-08-05 21:23:07,67.0,57.0,8.0,2.0
2021-08-05 21:23:08,80.0,72.0,2.0,6.0
2021-08-05 21:23:09,75.0,61.0,8.0,6.0
2021-08-05 21:23:10,84.0,74.0,7.0,3.0
2021-08-05 21:23:11,82.0,66.0,10.0,6.0
2021-08-05 21:23:12,83.0,71.0,5.0,7.0
2021-08-05 21:23:13,88.0,80.0,6.0,2.0
2021-08-05 21:23:14,82.0,66.0,8.0,8.0
2021-08-05 21:23:15,76.0,66.0,8.0,2.0
2021-08-05 21:23:16,86.0,73.0,4.0,9.0
2021-08-05 21:23:17,81.0,69.0,7.0,5.0
2021-08-05 21:23:18,65.0,57.0,4.0,4.0
2021-08-05 21:23:19,86.0,70.0,10.0,6.0
2021-08-05 21:23:20,78.0,65.0,7.0,6.0
2021-08-05 21:23:21,86.0,69.0,12.0,5.0
2021-08-05 21:23:22,93.0,82.0,7.0,4.0
2021-08-05 21:23:23,86.0,71.0,11.0,4.0
2021-08-05 21:23:24,67.0,57.0,8.0,2.0
2021-08-05 21:23:25,87.0,72.0,7.0,8.0
2021-08-05 21:23:26,64.0,56.0,2.0,6.0
2021-08-05 21:23:27,79.0,65.0,10.0,4.0
2021-08-05 21:23:28,96.0,77.0,12.0,7.0
2021-08-05 21:23:29,75.0,62.0,7.0,6.0
2021-08-05 21:23:30,95.0,88.0,5.0,2.0
2021-08-05 21:23:31,93.0,83.0,8.0,2.0
2021-08-05 21:23:32,82.0,72.0,5.0,5.0
2021-08-05 21:23:33,62.0,56.0,4.0,2.0
2021-08-05 21:23:34,78.0,69.0,7.0,2.0
2021-08-05 21:23:35,102.0,89.0,9.0,4.0
2021-08-05 21:23:36,86.0,77.0,6.0,3.0
2021-08-05 21:23:37,87.0,76.0,6.0,5.0
2021-08-05 21:23:38,76.0,66.0,6.0,4.0
2021-08-05 21:23:39,88.0,75.0,9.0,4.0
2021-08-05 21:23:40,79.0,71.0,8.0,0.0
2021-08-05 21:23:41,81.0,70.0,7.0,4.0
2021-08-05 21:23:42,88.0,70.0,12.0,6.0
2021-08-05 21:23:43,88.0,73.0,8.0,7.0
2021-08-05 21:23:44,76.0,68.0,5.0,3.0
2021-08-05 21:23:45,69.0,57.0,6.0,6.0
2021-08-05 21:23:46,89.0,77.0,5.0,7.0
2021-08-05 21:23:47,73.0,64.0,8.0,1.0
2021-08-05 21:23:48,79.0,72.0,1.0,6.0
2021-08-05 21:23:49,91.0,78.0,4.0,9.0
2021-08-05 21:23:50,72.0,66.0,3.0,3.0
2021-08-05 21:23:51,79.0,70.0,7.0,2.0
2021-08-05 21:23:52,66.0,57.0,5.0,4.0
2021-08-05 21:23:53,69.0,59.0,7.0,3.0
2021-08-05 21:23:54,86.0,74.0,4.0,8.0
2021-08-05 21:23:55,81.0,68.0,8.0,5.0
2021-08-05 21:23:56,94.0,82.0,5.0,7.0
2021-08-05 21:23:57,93.0,82.0,7.0,4.0
2021-08-05 21:23:58,78.0,71.0,4.0,3.0
2021-08-05 21:23:59,85.0,77.0,6.0,2.0
2021-08-05 21:24:00,74.0,63.0,6.0,5.0
2021-08-05 21:24:01,74.0,67.0,4.0,3.0
2021-08-05 21:24:02,85.0,71.0,9.0,5.0
2021-08-05 21:24:03,83.0,69.0,9.0,5.0
2021-08-05 21:24:04,85.0,77.0,7.0,1.0
2021-08-05 21:24:05,81.0,71.0,4.0,6.0
2021-08-05 21:24:06,85.0,72.0,5.0,8.0
2021-08-05 21:24:07,80.0,71.0,7.0,2.0
2021-08-05 21:24:08,76.0,67.0,6.0,3.0
2021-08-05 21:24:09,75.0,65.0,8.0,2.0
2021-08-05 21:24:10,85.0,76.0,6.0,3.0
2021-08-05 21:24:11,67.0,60.0,5.0,2.0
2021-08-05 21:24:12,76.0,70.0,4.0,2.0
2021-08-05 21:24:13,77.0,66.0,6.0,5.0
2021-08-05 21:24:14,74.0,67.0,4.0,3.0
2021-08-05 21:24:15,79.0,72.0,4.0,3.0
2021-08-05 21:24:16,96.0,79.0,8.0,9.0
2021-08-05 21:24:17,74.0,65.0,4.0,5.0
2021-08-05 21:24:18,83.0,65.0,13.0,5.0
2021-08-05 21:24:19,70.0,54.0,9.0,7.0
2021-08-05 21:24:20,82.0,66.0,6.0,10.0
2021-08-05 21:24:21,81.0,68.0,8.0,5.0
2021-08-05 21:24:22,76.0,65.0,9.0,2.0
2021-08-05 21:24:23,61.0,55.0,2.0,4.0
2021-08-05 21:24:24,75.0,71.0,2.0,2.0
2021-08-05 21:24:25,82.0,71.0,4.0,7.0
2021-08-05 21:24:26,74.0,67.0,4.0,3.0
2021-08-05 21:24:27,85.0,79.0,4.0,2.0
2021-08-05 21:24:28,70.0,60.0,5.0,5.0
2021-08-05 21:24:29,79.0,72.0,6.0,1.0
2021-08-05 21:24:30,87.0,74.0,7.0,6.0
2021-08-05 21:24:31,82.0,74.0,7.0,1.0
2021-08-05 21:24:32,75.0,66.0,6.0,3.0
2021-08-05 21:24:33,83.0,73.0,8.0,2.0
2021-08-05 21:24:34,103.0,91.0,8.0,4.0
2021-08-05 21:24:35,84.0,74.0,8.0,2.0
2021-08-05 21:24:36,70.0,60.0,5.0,5.0
2021-08-05 21:24:37,90.0,73.0,11.0,6.0
2021-08-05 21:24:38,72.0,63.0,4.0,5.0
2021-08-05 21:24:39,94.0,76.0,9.0,9.0
2021-08-05 21:24:40,73.0,66.0,5.0,2.0
2021-08-05 21:24:41,88.0,68.0,14.0,6.0
2021-08-05 21:24:42,68.0,59.0,5.0,4.0
2021-08-05 21:24:43,76.0,62.0,9.0,5.0
2021-08-05 21:24:44,77.0,70.0,3.0,4.0
2021-08-05 21:24:45,97.0,79.0,14.0,4.0
2021-08-05 21:24:46,90.0,80.0,4.0,6.0
2021-08-05 21:24:47,83.0,71.0,7.0,5.0
2021-08-05 21:24:48,74.0,59.0,8.0,7.0
2021-08-05 21:24:49,62.0,57.0,4.0,1.0
2021-08-05 21:24:50,72.0,63.0,6.0,3.0
2021-08-05 21:24:51,85.0,68.0,7.0,10.0
2021-08-05 21:24:52,77.0,68.0,7.0,2.0
2021-08-05 21:24:53,89.0,72.0,11.0,6.0
2021-08-05 21:24:54,83.0,72.0,6.0,5.0
2021-08-05 21:24:55,80.0,71.0,3.0,6.0
2021-08-05 21:24:56,79.0,71.0,3.0,5.0
2021-08-05 21:24:57,85.0,77.0,5.0,3.0
2021-08-05 21:24:58,72.0,59.0,7.0,6.0
2021-08-05 21:24:59,74.0,57.0,9.0,8.0
2021-08-05 21:25:00,88.0,74.0,8.0,6.0
2021-08-05 21:25:01,76.0,66.0,6.0,4.0
2021-08-05 21:25:02,85.0,72.0,6.0,7.0
2021-08-05 21:25:03,69.0,61.0,6.0,2.0
2021-08-05 21:25:04,75.0,60.0,7.0,8.0
2021-08-05 21:25:05,80.0,74.0,6.0,0.0
2021-08-05 21:25:06,73.0,58.0,10.0,5.0
2021-08-05 21:25:07,96.0,83.0,8.0,5.0
2021-08-05 21:25:08,69.0,61.0,4.0,4.0
2021-08-05 21:25:09,95.0,79.0,7.0,9.0
2021-08-05 21:25:10,92.0,76.0,11.0,5.0
2021-08-05 21:25:11,87.0,77.0,5.0,5.0
2021-08-05 21:25:12,75.0,60.0,10.0,5.0
2021-08-05 21:25:13,97.0,78.0,11.0,8.0
2021-08-05 21:25:14,87.0,75.0,7.0,5.0
2021-08-05 21:25:15,73.0,66.0,5.0,2.0
2021-08-05 21:25:16,91.0,82.0,8.0,1.0
2021-08-05 21:25:17,80.0,66.0,8.0,6.0
2021-08-05 21:25:18,68.0,58.0,4.0,6.0
2021-08-05 21:25:19,71.0,58.0,6.0,7.0
2021-08-05 21:25:20,76.0,71.0,1.0,4.0
2021-08-05 21:25:21,68.0,62.0,3.0,3.0
2021-08-05 21:25:22,80.0,68.0,10.0,2.0
2021-08-05 21:25:23,63.0,56.0,5.0,2.0
2021-08-05 21:25:24,97.0,81.0,12.0,4.0
2021-08-05 21:25:25,76.0,70.0,3.0,3.0
2021-08-05 21:25:26,103.0,96.0,5.0,2.0
2021-08-05 21:25:27,71.0,67.0,2.0,2.0
2021-08-05 21:25:28,64.0,50.0,8.0,6.0
2021-08-05 21:25:29,79.0,69.0,7.0,3.0
2021-08-05 21:25:30,74.0,65.0,7.0,2.0
2021-08-05 21:25:31,80.0,65.0,7.0,8.0
2021-08-05 21:25:32,70.0,63.0,7.0,0.0
2021-08-05 21:25:33,83.0,74.0,3.0,6.0
2021-08-05 21:25:34,78.0,68.0,3.0,7.0
2021-08-05 21:25:35,75.0,66.0,1.0,8.0
2021-08-05 21:25:36,81.0,66.0,11.0,4.0
2021-08-05 21:25:37,94.0,79.0,10.0,5.0
2021-08-05 21:25:38,74.0,65.0,5.0,4.0
2021-08-05 21:25:39,76.0,66.0,6.0,4.0
2021-08-05 21:25:40,78.0,70.0,5.0,3.0
2021-08-05 21:25:41,76.0,69.0,6.0,1.0
2021-08-05 21:25:42,74.0,60.0,7.0,7.0
2021-08-05 21:25:43,74.0,65.0,7.0,2.0
2021-08-05 21:25:44,85.0,70.0,8.0,7.0
2021-08-05 21:25:45,77.0,65.0,8.0,4.0
2021-08-05 21:25:46,83.0,72.0,7.0,4.0
2021-08-05 21:25:47,82.0,73.0,4.0,5.0
2021-08-05 21:25:48,82.0,66.0,9.0,7.0
2021-08-05 21:25:49,82.0,70.0,5.0,7.0
2021-08-05 21:25:50,71.0,60.0,6.0,5.0
2021-08-05 21:25:51,87.0,81.0,2.0,4.0
2021-08-05 21:25:52,70.0,63.0,3.0,4.0
2021-08-05 21:25:53,84.0,64.0,10.0,10.0
2021-08-05 21:25:54,91.0,79.0,8.0,4.0
2021-08-05 21:25:55,66.0,60.0,5.0,1.0
2021-08-05 21:25:56,95.0,80.0,9.0,6.0
2021-08-05 21:25:57,67.0,60.0,7.0,0.0
2021-08-05 21:25:58,86.0,73.0,6.0,7.0
2021-08-05 21:25:59,104.0,88.0,8.0,8.0
2021-08-05 21:26:00,91.0,80.0,9.0,2.0
2021-08-05 21:26:01,89.0,80.0,7.0,2.0
2021-08-05 21:26:02,70.0,67.0,2.0,1.0
2021-08-05 21:26:03,95.0,81.0,10.0,4.0
2021-08-05 21:26:04,81.0,67.0,8.0,6.0
2021-08-05 21:26:05,74.0,61.0,8.0,5.0
2021-08-05 21:26:06,79.0,73.0,1.0,5.0
2021-08-05 21:26:07,89.0,78.0,9.0,2.0
2021-08-05 21:26:08,83.0,74.0,6.0,3.0
2021-08-05 21:26:09,69.0,61.0,3.0,5.0
2021-08-05 21:26:10,77.0,66.0,5.0,6.0
2021-08-05 21:26:11,73.0,65.0,8.0,0.0
2021-08-05 21:26:12,81.0,68.0,10.0,3.0
2021-08-05 21:26:13,93.0,76.0,8.0,9.0
2021-08-05 21:26:14,88.0,80.0,5.0,3.0
2021-08-05 21:26:15,75.0,64.0,8.0,3.0
2021-08-05 21:26:16,77.0,70.0,4.0,3.0
2021-08-05 21:26:17,88.0,75.0,10.0,3.0
2021-08-05 21:26:18,92.0,81.0,8.0,3.0
2021-08-05 21:26:19,101.0,88.0,7.0,6.0
2021-08-05 21:26:20,70.0,62.0,5.0,3.0
2021-08-05 21:26:21,65.0,57.0,7.0,1.0
2021-08-05 21:26:22,72.0,59.0,5.0,8.0
2021-08-05 21:26:23,60.0,53.0,4.0,3.0
2021-08-05 21:26:24,87.0,78.0,5.0,4.0
2021-08-05 21:26:25,75.0,59.0,8.0,8.0
2021-08-05 21:26:26,78.0,69.0,7.0,2.0
2021-08-05 21:26:27,83.0,76.0,4.0,3.0
2021-08-05 21:26:28,82.0,64.0,10.0,8.0
2021-08-05 21:26:29,97.0,83.0,11.0,3.0
2021-08-05 21:26:30,81.0,69.0,8.0,4.0
2021-08-05 21:26:31,78.0,69.0,7.0,2.0
2021-08-05 21:26:32,82.0,67.0,7.0,8.0
2021-08-05 21:26:33,80.0,65.0,12.0,3.0
2021-08-05 21:26:34,86.0,78.0,5.0,3.0
2021-08-05 21:26:35,87.0,79.0,2.0,6.0
2021-08-05 21:26:36,81.0,70.0,7.0,4.0
2021-08-05 21:26:37,68.0,59.0,8.0,1.0
2021-08-05 21:26:38,76.0,67.0,4.0,5.0
2021-08-05 21:26:39,74.0,64.0,9.0,1.0
2021-08-05 21:26:40,82.0,71.0,6.0,5.0
2021-08-05 21:26:41,75.0,62.0,8.0,5.0
2021-08-05 21:26:42,88.0,76.0,6.0,6.0
2021-08-05 21:26:43,84.0,75.0,4.0,5.0
2021-08-05 21:26:44,74.0,66.0,5.0,3.0
2021-08-05 21:26:45,84.0,68.0,12.0,4.0
2021-08-05 21:26:46,61.0,51.0,6.0,4.0
2021-08-05 21:26:47,78.0,69.0,6.0,3.0
2021-08-05 21:26:48,90.0,74.0,10.0,6.0
2021-08-05 21:26:49,76.0,69.0,4.0,3.0
2021-08-05 21:26:50,77.0,66.0,8.0,3.0
2021-08-05 21:26:51,78.0,67.0,7.0,4.0
2021-08-05 21:26:52,87.0,74.0,10.0,3.0
2021-08-05 21:26:53,95.0,88.0,5.0,2.0
2021-08-05 21:26:54,83.0,71.0,5.0,7.0
2021-08-05 21:26:55,92.0,77.0,9.0,6.0
2021-08-05 21:26:56,74.0,65.0,4.0,5.0
2021-08-05 21:26:57,88.0,75.0,7.0,6.0
2021-08-05 21:26:58,84.0,74.0,3.0,7.0
2021-08-05 21:26:59,85.0,71.0,11.0,3.0
2021-08-05 21:27:00,94.0,81.0,7.0,6.0
2021-08-05 21:27:01,73.0,61.0,8.0,4.0
2021-08-05 21:27:02,81.0,73.0,6.0,2.0
2021-08-05 21:27:03,68.0,60.0,4.0,4.0
2021-08-05 21:27:04,73.0,62.0,4.0,7.0
2021-08-05 21:27:05,78.0,67.0,6.0,5.0
2021-08-05 21:27:06,88.0,77.0,4.0,7.0
2021-08-05 21:27:07,85.0,73.0,7.0,5.0
2021-08-05 21:27:08,89.0,77.0,11.0,1.0
2021-08-05 21:27:09,76.0,67.0,5.0,4.0
2021-08-05 21:27:10,82.0,74.0,6.0,2.0
2021-08-05 21:27:11,76.0,67.0,5.0,4.0
2021-08-05 21:27:12,68.0,61.0,3.0,4.0
2021-08-05 21:27:13,83.0,75.0,4.0,4.0
2021-08-05 21:27:14,86.0,73.0,10.0,3.0
2021-08-05 21:27:15,98.0,80.0,12.0,6.0
2021-08-05 21:27:16,80.0,69.0,4.0,7.0
2021-08-05 21:27:17,92.0,78.0,7.0,7.0
2021-08-05 21:27:18,87.0,82.0,3.0,2.0
2021-08-05 21:27:19,77.0,69.0,6.0,2.0
2021-08-05 21:27:20,83.0,77.0,1.0,5.0
2021-08-05 21:27:21,95.0,91.0,4.0,0.0
2021-08-05 21:27:22,69.0,63.0,2.0,4.0
2021-08-05 21:27:23,90.0,79.0,6.0,5.0
2021-08-05 21:27:24,72.0,68.0,2.0,2.0
2021-08-05 21:27:25,86.0,75.0,7.0,4.0
2021-08-05 21:27:26,71.0,62.0,7.0,2.0
2021-08-05 21:27:27,77.0,68.0,7.0,2.0
2021-08-05 21:27:28,83.0,69.0,9.0,5.0
2021-08-05 21:27:29,92.0,84.0,7.0,1.0
2021-08-05 21:27:30,81.0,69.0,7.0,5.0
2021-08-05 21:27:31,75.0,71.0,1.0,3.0
2021-08-05 21:27:32,70.0,60.0,4.0,6.0
2021-08-05 21:27:33,77.0,66.0,6.0,5.0
2021-08-05 21:27:34,86.0,80.0,3.0,3.0
2021-08-05 21:27:35,73.0,60.0,11.0,2.0
2021-08-05 21:27:36,79.0,64.0,11.0,4.0
2021-08-05 21:27:37,77.0,69.0,4.0,4.0
2021-08-05 21:27:38,79.0,67.0,7.0,5.0
2021-08-05 21:27:39,103.0,85.0,10.0,8.0
2021-08-05 21:27:40,86.0,79.0,5.0,2.0
2021-08-05 21:27:41,85.0,72.0,6.0,7.0
2021-08-05 21:27:42,77.0,68.0,5.0,4.0
2021-08-05 21:27:43,88.0,79.0,5.0,4.0
2021-08-05 21:27:44,67.0,56.0,5.0,6.0
2021-08-05 21:27:45,76.0,62.0,12.0,2.0
2021-08-05 21:27:46,83.0,71.0,7.0,5.0
2021-08-05 21:27:47,74.0,60.0,7.0,7.0
2021-08-05 21:27:48,88.0,75.0,5.0,8.0
2021-08-05 21:27:49,68.0,58.0,6.0,4.0
2021-08-05 21:27:50,94.0,77.0,8.0,9.0
2021-08-05 21:27:51,98.0,86.0,5.0,7.0
2021-08-05 21:27:52,94.0,82.0,7.0,5.0
2021-08-05 21:27:53,89.0,77.0,7.0,5.0
2021-08-05 21:27:54,73.0,66.0,3.0,4.0
2021-08-05 21:27:55,72.0,59.0,8.0,5.0
2021-08-05 21:27:56,72.0,65.0,2.0,5.0
2021-08-05 21:27:57,64.0,57.0,5.0,2.0
2021-08-05 21:27:58,79.0,70.0,3.0,6.0
2021-08-05 21:27:59,74.0,69.0,2.0,3.0
2021-08-05 21:28:00,80.0,71.0,6.0,3.0
2021-08-05 21:28:01,76.0,69.0,4.0,3.0
2021-08-05 21:28:02,81.0,70.0,7.0,4.0
2021-08-05 21:28:03,84.0,70.0,7.0,7.0
2021-08-05 21:28:04,93.0,87.0,0.0,6.0
2021-08-05 21:28:05,75.0,63.0,8.0,4.0
2021-08-05 21:28:06,71.0,60.0,4.0,7.0
2021-08-05 21:28:07,75.0,68.0,4.0,3.0
2021-08-05 21:28:08,89.0,72.0,9.0,8.0
2021-08-05 21:28:09,79.0,70.0,2.0,7.0
2021-08-05 21:28:10,78.0,65.0,5.0,8.0
2021-08-05 21:28:11,69.0,61.0,5.0,3.0
2021-08-05 21:28:12,75.0,62.0,7.0,6.0
2021-08-05 21:28:13,81.0,73.0,4.0,4.0
2021-08-05 21:28:14,76.0,62.0,8.0,6.0
2021-08-05 21:28:15,84.0,74.0,5.0,5.0
2021-08-05 21:28:16,85.0,75.0,7.0,3.0
2021-08-05 21:28:17,63.0,56.0,5.0,2.0
2021-08-05 21:28:18,76.0,64.0,6.0,6.0
2021-08-05 21:28:19,75.0,62.0,9.0,4.0
2021-08-05 21:28:20,81.0,71.0,4.0,6.0
2021-08-05 21:28:21,88.0,76.0,7.0,5.0
2021-08-05 21:28:22,94.0,82.0,9.0,3.0
2021-08-05 21:28:23,82.0,71.0,9.0,2.0
2021-08-05 21:28:24,72.0,62.0,4.0,6.0
2021-08-05 21:28:25,65.0,54.0,8.0,3.0
2021-08-05 21:28:26,96.0,85.0,4.0,7.0
2021-08-05 21:28:27,72.0,66.0,4.0,2.0
2021-08-05 21:28:28,97.0,90.0,5.0,2.0
2021-08-05 21:28:29,75.0,65.0,5.0,5.0
2021-08-05 21:28:30,75.0,64.0,8.0,3.0
2021-08-05 21:28:31,89.0,74.0,10.0,5.0
2021-08-05 21:28:32,68.0,63.0,3.0,2.0
2021-08-05 21:28:33,76.0,69.0,5.0,2.0
2021-08-05 21:28:34,77.0,65.0,5.0,7.0
2021-08-05 21:28:35,72.0,66.0,1.0,5.0
2021-08-05 21:28:36,69.0,59.0,4.0,6.0
2021-08-05 21:28:37,66.0,57.0,6.0,3.0
2021-08-05 21:28:38,84.0,74.0,4.0,6.0
2021-08-05 21:28:39,89.0,74.0,10.0,5.0
2021-08-05 21:28:40,80.0,73.0,3.0,4.0
2021-08-05 21:28:41,97.0,77.0,10.0,10.0
2021-08-05 21:28:42,66.0,55.0,6.0,5.0
2021-08-05 21:28:43,68.0,66.0,2.0,0.0
2021-08-05 21:28:44,89.0,76.0,7.0,6.0
2021-08-05 21:28:45,88.0,80.0,6.0,2.0
2021-08-05 21:28:46,84.0,67.0,10.0,7.0
2021-08-05 21:28:47,90.0,77.0,5.0,8.0
2021-08-05 21:28:48,84.0,77.0,5.0,2.0
2021-08-05 21:28:49,67.0,62.0,2.0,3.0
2021-08-05 21:28:50,84.0,76.0,6.0,2.0
2021-08-05 21:28:51,80.0,73.0,4.0,3.0
2021-08-05 21:28:52,75.0,62.0,9.0,4.0
2021-08-05 21:28:53,86.0,73.0,7.0,6.0
2021-08-05 21:28:54,83.0,74.0,5.0,4.0
2021-08-05 21:28:55,81.0,66.0,6.0,9.0
2021-08-05 21:28:56,75.0,65.0,3.0,7.0
2021-08-05 21:28:57,86.0,73.0,10.0,3.0
2021-08-05 21:28:58,86.0,70.0,10.0,6.0
2021-08-05 21:28:59,85.0,74.0,7.0,4.0
2021-08-05 21:29:00,71.0,63.0,4.0,4.0
2021-08-05 21:29:01,65.0,59.0,4.0,2.0
2021-08-05 21:29:02,87.0,77.0,5.0,5.0
2021-08-05 21:29:03,65.0,59.0,3.0,3.0
2021-08-05 21:29:04,77.0,65.0,8.0,4.0
2021-08-05 21:29:05,61.0,53.0,6.0,2.0
2021-08-05 21:29:06,89.0,81.0,3.0,5.0
2021-08-05 21:29:07,78.0,70.0,7.0,1.0
2021-08-05 21:29:08,79.0,67.0,7.0,5.0
2021-08-05 21:29:09,103.0,86.0,9.0,8.0
2021-08-05 21:29:10,74.0,59.0,11.0,4.0
2021-08-05 21:29:11,83.0,77.0,3.0,3.0
2021-08-05 21:29:12,83.0,75.0,5.0,3.0
2021-08-05 21:29:13,80.0,67.0,7.0,6.0
2021-08-05 21:29:14,79.0,63.0,13.0,3.0
2021-08-05 21:29:15,94.0,85.0,8.0,1.0
2021-08-05 21:29:16,64.0,56.0,4.0,4.0
2021-08-05 21:29:17,58.0,52.0,3.0,3.0
2021-08-05 21:29:18,79.0,69.0,3.0,7.0
2021-08-05 21:29:19,99.0,82.0,9.0,8.0
2021-08-05 21:29:20,94.0,85.0,6.0,3.0
2021-08-05 21:29:21,79.0,70.0,7.0,2.0
2021-08-05 21:29:22,66.0,57.0,6.0,3.0
2021-08-05 21:29:23,85.0,73.0,7.0,5.0
2021-08-05 21:29:24,78.0,72.0,3.0,3.0
2021-08-05 21:29:25,94.0,87.0,4.0,3.0
2021-08-05 21:29:26,71.0,66.0,2.0,3.0
2021-08-05 21:29:27,78.0,64.0,10.0,4.0
2021-08-05 21:29:28,64.0,53.0,7.0,4.0
2021-08-05 21:29:29,79.0,72.0,4.0,3.0
2021-08-05 21:29:30,62.0,54.0,7.0,1.0
2021-08-05 21:29:31,73.0,60.0,6.0,7.0
2021-08-05 21:29:32,77.0,69.0,6.0,2.0
2021-08-05 21:29:33,87.0,71.0,10.0,6.0
2021-08-05 21:29:34,73.0,62.0,7.0,4.0
2021-08-05 21:29:35,76.0,64.0,9.0,3.0
2021-08-05 21:29:36,76.0,61.0,9.0,6.0
2021-08-05 21:29:37,89.0,79.0,5.0,5.0
2021-08-05 21:29:38,92.0,81.0,8.0,3.0
2021-08-05 21:29:39,93.0,80.0,8.0,5.0
2021-08-05 21:29:40,89.0,73.0,10.0,6.0
2021-08-05 21:29:41,83.0,70.0,9.0,4.0
2021-08-05 21:29:42,86.0,71.0,9.0,6.0
2021-08-05 21:29:43,96.0,84.0,6.0,6.0
2021-08-05 21:29:44,86.0,67.0,11.0,8.0
2021-08-05 21:29:45,83.0,76.0,2.0,5.0
2021-08-05 21:29:46,70.0,62.0,5.0,3.0
2021-08-05 21:29:47,77.0,70.0,2.0,5.0
2021-08-05 21:29:48,82.0,70.0,10.0,2.0
2021-08-05 21:29:49,74.0,61.0,7.0,6.0
2021-08-05 21:29:50,90.0,72.0,9.0,9.0
2021-08-05 21:29:51,96.0,82.0,6.0,8.0
2021-08-05 21:29:52,84.0,74.0,7.0,3.0
2021-08-05 21:29:53,87.0,71.0,12.0,4.0
2021-08-05 21:29:54,76.0,62.0,7.0,7.0
2021-08-05 21:29:55,85.0,74.0,5.0,6.0
2021-08-05 21:29:56,96.0,85.0,8.0,3.0
2021-08-05 21:29:57,83.0,76.0,3.0,4.0
2021-08-05 21:29:58,82.0,75.0,5.0,2.0
2021-08-05 21:29:59,80.0,72.0,4.0,4.0
2021-08-05 21:30:00,68.0,53.0,9.0,6.0
2021-08-05 21:30:01,69.0,57.0,9.0,3.0
2021-08-05 21:30:02,95.0,84.0,7.0,4.0
2021-08-05 21:30:03,81.0,71.0,8.0,2.0
2021-08-05 21:30:04,68.0,63.0,2.0,3.0
2021-08-05 21:30:05,86.0,71.0,9.0,6.0
2021-08-05 21:30:06,82.0,72.0,7.0,3.0
2021-08-05 21:30:07,79.0,69.0,6.0,4.0
2021-08-05 21:30:08,95.0,89.0,2.0,4.0
2021-08-05 21:30:09,76.0,71.0,3.0,2.0
2021-08-05 21:30:10,74.0,67.0,6.0,1.0
2021-08-05 21:30:11,89.0,78.0,6.0,5.0
2021-08-05 21:30:12,84.0,78.0,4.0,2.0
2021-08-05 21:30:13,82.0,75.0,3.0,4.0
2021-08-05 21:30:14,72.0,58.0,10.0,4.0
2021-08-05 21:30:15,78.0,72.0,5.0,1.0
2021-08-05 21:30:16,75.0,64.0,6.0,5.0
2021-08-05 21:30:17,58.0,52.0,5.0,1.0
2021-08-05 21:30:18,78.0,61.0,10.0,7.0
2021-08-05 21:30:19,72.0,67.0,3.0,2.0
2021-08-05 21:30:20,80.0,69.0,6.0,5.0
2021-08-05 21:30:21,80.0,72.0,4.0,4.0
2021-08-05 21:30:22,64.0,60.0,3.0,1.0
2021-08-05 21:30:23,68.0,59.0,7.0,2.0
2021-08-05 21:30:24,94.0,87.0,6.0,1.0
2021-08-05 21:30:25,89.0,75.0,11.0,3.0
2021-08-05 21:30:26,72.0,64.0,7.0,1.0
2021-08-05 21:30:27,69.0,62.0,3.0,4.0
2021-08-05 21:30:28,87.0,76.0,7.0,4.0
2021-08-05 21:30:29,74.0,61.0,8.0,5.0
2021-08-05 21:30:30,75.0,69.0,4.0,2.0
2021-08-05 21:30:31,76.0,68.0,6.0,2.0
2021-08-05 21:30:32,74.0,64.0,5.0,5.0
2021-08-05 21:30:33,69.0,58.0,7.0,4.0
2021-08-05 21:30:34,71.0,61.0,6.0,4.0
2021-08-05 21:30:35,80.0,76.0,3.0,1.0
2021-08-05 21:30:36,74.0,65.0,3.0,6.0
2021-08-05 21:30:37,78.0,65.0,10.0,3.0
2021-08-05 21:30:38,72.0,66.0,5.0,1.0
2021-08-05 21:30:39,93.0,82.0,8.0,3.0
2021-08-05 21:30:40,75.0,67.0,5.0,3.0
2021-08-05 21:30:41,71.0,65.0,3.0,3.0
2021-08-05 21:30:42,84.0,71.0,5.0,8.0
2021-08-05 21:30:43,81.0,70.0,7.0,4.0
2021-08-05 21:30:44,82.0,67.0,8.0,7.0
2021-08-05 21:30:45,93.0,78.0,9.0,6.0
2021-08-05 21:30:46,73.0,64.0,7.0,2.0
2021-08-05 21:30:47,80.0,68.0,8.0,4.0
2021-08-05 21:30:48,75.0,64.0,5.0,6.0
2021-08-05 21:30:49,81.0,72.0,7.0,2.0
2021-08-05 21:30:50,85.0,79.0,3.0,3.0
2021-08-05 21:30:51,71.0,64.0,5.0,2.0
2021-08-05 21:30:52,94.0,84.0,6.0,4.0
2021-08-05 21:30:53,79.0,67.0,5.0,7.0
2021-08-05 21:30:54,85.0,76.0,5.0,4.0
2021-08-05 21:30:55,78.0,72.0,3.0,3.0
2021-08-05 21:30:56,80.0,68.0,8.0,4.0
2021-08-05 21:30:57,77.0,62.0,9.0,6.0
2021-08-05 21:30:58,78.0,60.0,12.0,6.0
2021-08-05 21:30:59,77.0,65.0,9.0,3.0
2021-08-05 21:31:00,82.0,73.0,6.0,3.0
2021-08-05 21:31:01,63.0,53.0,6.0,4.0
2021-08-05 21:31:02,94.0,80.0,11.0,3.0
2021-08-05 21:31:03,72.0,67.0,4.0,1.0
2021-08-05 21:31:04,93.0,84.0,8.0,1.0
2021-08-05 21:31:05,80.0,72.0,4.0,4.0
2021-08-05 21:31:06,78.0,67.0,8.0,3.0
2021-08-05 21:31:07,75.0,65.0,6.0,4.0
2021-08-05 21:31:08,67.0,59.0,7.0,1.0
2021-08-05 21:31:09,77.0,69.0,3.0,5.0
2021-08-05 21:31:10,91.0,79.0,6.0,6.0
2021-08-05 21:31:11,91.0,82.0,3.0,6.0
2021-08-05 21:31:12,86.0,76.0,5.0,5.0
2021-08-05 21:31:13,91.0,84.0,4.0,3.0
2021-08-05 21:31:14,66.0,61.0,2.0,3.0
2021-08-05 21:31:15,82.0,77.0,5.0,0.0
2021-08-05 21:31:16,85.0,71.0,9.0,5.0
2021-08-05 21:31:17,79.0,69.0,7.0,3.0
2021-08-05 21:31:18,80.0,69.0,5.0,6.0
2021-08-05 21:31:19,92.0,78.0,8.0,6.0
2021-08-05 21:31:20,75.0,66.0,5.0,4.0
2021-08-05 21:31:21,70.0,62.0,6.0,2.0
2021-08-05 21:31:22,65.0,58.0,6.0,1.0
2021-08-05 21:31:23,81.0,74.0,4.0,3.0
2021-08-05 21:31:24,78.0,75.0,1.0,2.0
2021-08-05 21:31:25,77.0,71.0,3.0,3.0
2021-08-05 21:31:26,77.0,64.0,2.0,11.0
2021-08-05 21:31:27,71.0,63.0,4.0,4.0
2021-08-05 21:31:28,99.0,83.0,9.0,7.0
2021-08-05 21:31:29,82.0,71.0,4.0,7.0
2021-08-05 21:31:30,77.0,66.0,6.0,5.0
2021-08-05 21:31:31,80.0,70.0,9.0,1.0
2021-08-05 21:31:32,80.0,66.0,11.0,3.0
2021-08-05 21:31:33,81.0,68.0,9.0,4.0
2021-08-05 21:31:34,83.0,75.0,4.0,4.0
2021-08-05 21:31:35,67.0,57.0,4.0,6.0
2021-08-05 21:31:36,80.0,69.0,9.0,2.0
2021-08-05 21:31:37,74.0,62.0,7.0,5.0
2021-08-05 21:31:38,84.0,73.0,5.0,6.0
2021-08-05 21:31:39,83.0,74.0,7.0,2.0
2021-08-05 21:31:40,85.0,77.0,5.0,3.0
2021-08-05 21:31:41,89.0,74.0,9.0,6.0
2021-08-05 21:31:42,88.0,79.0,6.0,3.0
2021-08-05 21:31:43,84.0,74.0,5.0,5.0
2021-08-05 21:31:44,71.0,60.0,7.0,4.0
2021-08-05 21:31:45,85.0,74.0,5.0,6.0
2021-08-05 21:31:46,79.0,68.0,7.0,4.0
2021-08-05 21:31:47,74.0,68.0,3.0,3.0
2021-08-05 21:31:48,81.0,70.0,8.0,3.0
2021-08-05 21:31:49,85.0,70.0,12.0,3.0
2021-08-05 21:31:50,84.0,71.0,9.0,4.0
2021-08-05 21:31:51,72.0,64.0,5.0,3.0
2021-08-05 21:31:52,77.0,65.0,8.0,4.0
2021-08-05 21:31:53,86.0,73.0,10.0,3.0
2021-08-05 21:31:54,87.0,78.0,6.0,3.0
2021-08-05 21:31:55,63.0,57.0,3.0,3.0
2021-08-05 21:31:56,78.0,69.0,3.0,6.0
2021-08-05 21:31:57,87.0,77.0,6.0,4.0
2021-08-05 21:31:58,81.0,73.0,7.0,1.0
2021-08-05 21:31:59,78.0,69.0,7.0,2.0
2021-08-05 21:32:00,94.0,83.0,9.0,2.0
2021-08-05 21:32:01,69.0,58.0,7.0,4.0
2021-08-05 21:32:02,68.0,58.0,6.0,4.0
2021-08-05 21:32:03,95.0,80.0,13.0,2.0
2021-08-05 21:32:04,89.0,78.0,4.0,7.0
2021-08-05 21:32:05,81.0,72.0,5.0,4.0
2021-08-05 21:32:06,90.0,73.0,9.0,8.0
2021-08-05 21:32:07,71.0,61.0,9.0,1.0
2021-08-05 21:32:08,90.0,83.0,4.0,3.0
2021-08-05 21:32:09,80.0,67.0,8.0,5.0
2021-08-05 21:32:10,78.0,68.0,4.0,6.0
2021-08-05 21:32:11,71.0,61.0,6.0,4.0
2021-08-05 21:32:12,94.0,87.0,3.0,4.0
2021-08-05 21:32:13,59.0,53.0,4.0,2.0
2021-08-05 21:32:14,84.0,71.0,9.0,4.0
2021-08-05 21:32:15,80.0,69.0,8.0,3.0
2021-08-05 21:32:16,95.0,83.0,10.0,2.0
2021-08-05 21:32:17,76.0,67.0,8.0,1.0
2021-08-05 21:32:18,84.0,74.0,4.0,6.0
2021-08-05 21:32:19,85.0,77.0,4.0,4.0
2021-08-05 21:32:20,85.0,79.0,6.0,0.0
2021-08-05 21:32:21,82.0,71.0,3.0,8.0
2021-08-05 21:32:22,102.0,92.0,4.0,6.0
2021-08-05 21:32:23,88.0,76.0,8.0,4.0
2021-08-05 21:32:24,70.0,59.0,9.0,2.0
2021-08-05 21:32:25,98.0,84.0,9.0,5.0
2021-08-05 21:32:26,74.0,65.0,3.0,6.0
2021-08-05 21:32:27,82.0,72.0,6.0,4.0
2021-08-05 21:32:28,91.0,78.0,7.0,6.0
2021-08-05 21:32:29,84.0,70.0,10.0,4.0
2021-08-05 21:32:30,78.0,67.0,7.0,4.0
2021-08-05 21:32:31,81.0,73.0,4.0,4.0
2021-08-05 21:32:32,74.0,65.0,4.0,5.0
2021-08-05 21:32:33,74.0,63.0,11.0,0.0
2021-08-05 21:32:34,74.0,63.0,5.0,6.0
2021-08-05 21:32:35,85.0,71.0,5.0,9.0
2021-08-05 21:32:36,82.0,71.0,6.0,5.0
2021-08-05 21:32:37,60.0,51.0,5.0,4.0
2021-08-05 21:32:38,81.0,77.0,3.0,1.0
2021-08-05 21:32:39,77.0,68.0,2.0,7.0
2021-08-05 21:32:40,66.0,55.0,6.0,5.0
2021-08-05 21:32:41,75.0,62.0,6.0,7.0
2021-08-05 21:32:42,79.0,67.0,8.0,4.0
2021-08-05 21:32:43,83.0,74.0,4.0,5.0
2021-08-05 21:32:44,93.0,80.0,8.0,5.0
2021-08-05 21:32:45,89.0,75.0,12.0,2.0
2021-08-05 21:32:46,83.0,75.0,6.0,2.0
2021-08-05 21:32:47,81.0,71.0,4.0,6.0
2021-08-05 21:32:48,97.0,81.0,10.0,6.0
2021-08-05 21:32:49,81.0,69.0,7.0,5.0
2021-08-05 21:32:50,108.0,96.0,6.0,6.0
2021-08-05 21:32:51,86.0,80.0,5.0,1.0
2021-08-05 21:32:52,78.0,73.0,3.0,2.0
2021-08-05 21:32:53,85.0,78.0,5.0,2.0
2021-08-05 21:32:54,88.0,76.0,8.0,4.0
2021-08-05 21:32:55,63.0,57.0,4.0,2.0
2021-08-05 21:32:56,78.0,68.0,4.0,6.0
2021-08-05 21:32:57,90.0,72.0,10.0,8.0
2021-08-05 21:32:58,70.0,57.0,9.0,4.0
2021-08-05 21:32:59,88.0,77.0,7.0,4.0
2021-08-05 21:33:00,90.0,84.0,4.0,2.0
2021-08-05 21:33:01,68.0,56.0,5.0,7.0
2021-08-05 21:33:02,79.0,68.0,8.0,3.0
2021-08-05 21:33:03,81.0,69.0,5.0,7.0
2021-08-05 21:33:04,80.0,69.0,6.0,5.0
2021-08-05 21:33:05,78.0,67.0,8.0,3.0
2021-08-05 21:33:06,86.0,70.0,10.0,6.0
2021-08-05 21:33:07,77.0,68.0,5.0,4.0
2021-08-05 21:33:08,85.0,74.0,6.0,5.0
2021-08-05 21:33:09,77.0,68.0,4.0,5.0
2021-08-05 21:33:10,76.0,71.0,3.0,2.0
2021-08-05 21:33:11,70.0,62.0,6.0,2.0
2021-08-05 21:33:12,99.0,79.0,12.0,8.0
2021-08-05 21:33:13,93.0,81.0,9.0,3.0
2021-08-05 21:33:14,70.0,59.0,6.0,5.0
2021-08-05 21:33:15,72.0,58.0,7.0,7.0
2021-08-05 21:33:16,89.0,83.0,6.0,0.0
2021-08-05 21:33:17,65.0,52.0,7.0,6.0
2021-08-05 21:33:18,70.0,61.0,6.0,3.0
2021-08-05 21:33:19,77.0,70.0,4.0,3.0
2021-08-05 21:33:20,77.0,69.0,8.0,0.0
2021-08-05 21:33:21,78.0,67.0,8.0,3.0
2021-08-05 21:33:22,74.0,67.0,4.0,3.0
2021-08-05 21:33:23,74.0,68.0,0.0,6.0
2021-08-05 21:33:24,80.0,68.0,7.0,5.0
2021-08-05 21:33:25,95.0,81.0,8.0,6.0
2021-08-05 21:33:26,85.0,74.0,8.0,3.0
2021-08-05 21:33:27,75.0,64.0,6.0,5.0
2021-08-05 21:33:28,80.0,74.0,4.0,2.0
2021-08-05 21:33:29,74.0,64.0,3.0,7.0
2021-08-05 21:33:30,77.0,67.0,4.0,6.0
2021-08-05 21:33:31,88.0,80.0,6.0,2.0
2021-08-05 21:33:32,86.0,76.0,8.0,2.0
2021-08-05 21:33:33,83.0,73.0,7.0,3.0
2021-08-05 21:33:34,99.0,91.0,4.0,4.0
2021-08-05 21:33:35,85.0,72.0,9.0,4.0
2021-08-05 21:33:36,89.0,79.0,5.0,5.0
2021-08-05 21:33:37,74.0,65.0,6.0,3.0
2021-08-05 21:33:38,81.0,67.0,9.0,5.0
2021-08-05 21:33:39,87.0,77.0,7.0,3.0
2021-08-05 21:33:40,78.0,69.0,6.0,3.0
2021-08-05 21:33:41,75.0,63.0,4.0,8.0
2021-08-05 21:33:42,78.0,67.0,5.0,6.0
2021-08-05 21:33:43,57.0,45.0,10.0,2.0
2021-08-05 21:33:44,62.0,57.0,3.0,2.0
2021-08-05 21:33:45,77.0,69.0,6.0,2.0
2021-08-05 21:33:46,61.0,49.0,5.0,7.0
2021-08-05 21:33:47,89.0,76.0,9.0,4.0
2021-08-05 21:33:48,73.0,60.0,8.0,5.0
2021-08-05 21:33:49,86.0,75.0,6.0,5.0
2021-08-05 21:33:50,79.0,72.0,4.0,3.0
2021-08-05 21:33:51,84.0,77.0,6.0,1.0
2021-08-05 21:33:52,71.0,61.0,4.0,6.0
2021-08-05 21:33:53,90.0,77.0,7.0,6.0
2021-08-05 21:33:54,69.0,59.0,5.0,5.0
2021-08-05 21:33:55,83.0,76.0,3.0,4.0
2021-08-05 21:33:56,80.0,66.0,11.0,3.0
2021-08-05 21:33:57,76.0,66.0,7.0,3.0
2021-08-05 21:33:58,55.0,45.0,7.0,3.0
2021-08-05 21:33:59,89.0,79.0,7.0,3.0
2021-08-05 21:34:00,89.0,80.0,8.0,1.0
2021-08-05 21:34:01,70.0,59.0,9.0,2.0
2021-08-05 21:34:02,78.0,70.0,5.0,3.0
2021-08-05 21:34:03,100.0,86.0,8.0,6.0
2021-08-05 21:34:04,62.0,51.0,4.0,7.0
2021-08-05 21:34:05,67.0,58.0,2.0,7.0
2021-08-05 21:34:06,80.0,69.0,6.0,5.0
2021-08-05 21:34:07,74.0,68.0,6.0,0.0
2021-08-05 21:34:08,87.0,74.0,8.0,5.0
2021-08-05 21:34:09,75.0,71.0,3.0,1.0
2021-08-05 21:34:10,84.0,78.0,2.0,4.0
2021-08-05 21:34:11,80.0,71.0,5.0,4.0
2021-08-05 21:34:12,99.0,82.0,9.0,8.0
2021-08-05 21:34:13,85.0,74.0,8.0,3.0
2021-08-05 21:34:14,71.0,63.0,8.0,0.0
2021-08-05 21:34:15,96.0,82.0,8.0,6.0
2021-08-05 21:34:16,67.0,62.0,1.0,4.0
2021-08-05 21:34:17,86.0,69.0,9.0,8.0
2021-08-05 21:34:18,58.0,51.0,3.0,4.0
2021-08-05 21:34:19,76.0,67.0,4.0,5.0
2021-08-05 21:34:20,78.0,63.0,13.0,2.0
2021-08-05 21:34:21,64.0,51.0,8.0,5.0
2021-08-05 21:34:22,80.0,68.0,7.0,5.0
2021-08-05 21:34:23,79.0,68.0,4.0,7.0
2021-08-05 21:34:24,73.0,65.0,6.0,2.0
2021-08-05 21:34:25,67.0,59.0,3.0,5.0
2021-08-05 21:34:26,67.0,57.0,5.0,5.0
2021-08-05 21:34:27,85.0,77.0,4.0,4.0
2021-08-05 21:34:28,85.0,71.0,8.0,6.0
2021-08-05 21:34:29,73.0,63.0,6.0,4.0
2021-08-05 21:34:30,71.0,64.0,3.0,4.0
2021-08-05 21:34:31,64.0,59.0,2.0,3.0
2021-08-05 21:34:32,94.0,82.0,5.0,7.0
2021-08-05 21:34:33,82.0,72.0,5.0,5.0
2021-08-05 21:34:34,70.0,61.0,5.0,4.0
2021-08-05 21:34:35,69.0,59.0,8.0,2.0
2021-08-05 21:34:36,87.0,74.0,3.0,10.0
2021-08-05 21:34:37,72.0,62.0,7.0,3.0
2021-08-05 21:34:38,82.0,71.0,5.0,6.0
2021-08-05 21:34:39,64.0,57.0,4.0,3.0
2021-08-05 21:34:40,77.0,64.0,10.0,3.0
2021-08-05 21:34:41,93.0,78.0,9.0,6.0
2021-08-05 21:34:42,93.0,78.0,9.0,6.0
2021-08-05 21:34:43,79.0,72.0,2.0,5.0
2021-08-05 21:34:44,73.0,62.0,5.0,6.0
2021-08-05 21:34:45,67.0,58.0,3.0,6.0
2021-08-05 21:34:46,75.0,66.0,7.0,2.0
2021-08-05 21:34:47,74.0,67.0,6.0,1.0
2021-08-05 21:34:48,75.0,65.0,6.0,4.0
2021-08-05 21:34:49,92.0,78.0,9.0,5.0
2021-08-05 21:34:50,70.0,54.0,6.0,10.0
2021-08-05 21:34:51,78.0,72.0,3.0,3.0
2021-08-05 21:34:52,69.0,61.0,7.0,1.0
2021-08-05 21:34:53,73.0,63.0,6.0,4.0
2021-08-05 21:34:54,87.0,72.0,12.0,3.0
2021-08-05 21:34:55,81.0,67.0,8.0,6.0
2021-08-05 21:34:56,73.0,63.0,6.0,4.0
2021-08-05 21:34:57,89.0,79.0,5.0,5.0
2021-08-05 21:34:58,82.0,71.0,5.0,6.0
2021-08-05 21:34:59,89.0,79.0,4.0,6.0
2021-08-05 21:35:00,91.0,75.0,12.0,4.0
2021-08-05 21:35:01,93.0,82.0,9.0,2.0
2021-08-05 21:35:02,73.0,61.0,7.0,5.0
2021-08-05 21:35:03,88.0,80.0,4.0,4.0
2021-08-05 21:35:04,76.0,68.0,3.0,5.0
2021-08-05 21:35:05,83.0,68.0,9.0,6.0
2021-08-05 21:35:06,97.0,84.0,8.0,5.0
2021-08-05 21:35:07,70.0,62.0,4.0,4.0
2021-08-05 21:35:08,92.0,84.0,1.0,7.0
2021-08-05 21:35:09,87.0,75.0,5.0,7.0
2021-08-05 21:35:10,68.0,53.0,9.0,6.0
2021-08-05 21:35:11,78.0,67.0,2.0,9.0
2021-08-05 21:35:12,76.0,68.0,2.0,6.0
2021-08-05 21:35:13,72.0,64.0,4.0,4.0
2021-08-05 21:35:14,86.0,79.0,4.0,3.0
2021-08-05 21:35:15,83.0,70.0,6.0,7.0
2021-08-05 21:35:16,72.0,66.0,3.0,3.0
2021-08-05 21:35:17,69.0,60.0,4.0,5.0
2021-08-05 21:35:18,96.0,81.0,10.0,5.0
2021-08-05 21:35:19,95.0,79.0,10.0,6.0
2021-08-05 21:35:20,80.0,71.0,6.0,3.0
2021-08-05 21:35:21,91.0,80.0,6.0,5.0
2021-08-05 21:35:22,88.0,81.0,2.0,5.0
2021-08-05 21:35:23,78.0,72.0,6.0,0.0
2021-08-05 21:35:24,79.0,69.0,6.0,4.0
2021-08-05 21:35:25,88.0,73.0,12.0,3.0
2021-08-05 21:35:26,86.0,75.0,7.0,4.0
2021-08-05 21:35:27,76.0,68.0,4.0,4.0
2021-08-05 21:35:28,78.0,68.0,7.0,3.0
2021-08-05 21:35:29,70.0,58.0,9.0,3.0
2021-08-05 21:35:30,75.0,62.0,5.0,8.0
2021-08-05 21:35:31,81.0,65.0,8.0,8.0
2021-08-05 21:35:32,75.0,71.0,3.0,1.0
2021-08-05 21:35:33,77.0,65.0,6.0,6.0
2021-08-05 21:35:34,66.0,60.0,4.0,2.0
2021-08-05 21:35:35,75.0,66.0,6.0,3.0
2021-08-05 21:35:36,76.0,63.0,5.0,8.0
2021-08-05 21:35:37,75.0,64.0,6.0,5.0
2021-08-05 21:35:38,61.0,53.0,6.0,2.0
2021-08-05 21:35:39,81.0,78.0,2.0,1.0
2021-08-05 21:35:40,74.0,68.0,4.0,2.0
2021-08-05 21:35:41,71.0,55.0,10.0,6.0
2021-08-05 21:35:42,82.0,69.0,5.0,8.0
2021-08-05 21:35:43,77.0,68.0,7.0,2.0
2021-08-05 21:35:44,82.0,75.0,3.0,4.0
2021-08-05 21:35:45,78.0,66.0,7.0,5.0
2021-08-05 21:35:46,74.0,65.0,4.0,5.0
2021-08-05 21:35:47,88.0,80.0,5.0,3.0
2021-08-05 21:35:48,74.0,67.0,4.0,3.0
2021-08-05 21:35:49,50.0,44.0,4.0,2.0
2021-08-05 21:35:50,83.0,73.0,5.0,5.0
2021-08-05 21:35:51,67.0,59.0,5.0,3.0
2021-08-05 21:35:52,74.0,62.0,9.0,3.0
2021-08-05 21:35:53,66.0,55.0,3.0,8.0
2021-08-05 21:35:54,85.0,71.0,9.0,5.0
2021-08-05 21:35:55,91.0,82.0,7.0,2.0
2021-08-05 21:35:56,81.0,70.0,5.0,6.0
2021-08-05 21:35:57,78.0,70.0,6.0,2.0
2021-08-05 21:35:58,76.0,71.0,4.0,1.0
2021-08-05 21:35:59,71.0,57.0,8.0,6.0
2021-08-05 21:36:00,80.0,74.0,4.0,2.0
2021-08-05 21:36:01,67.0,58.0,5.0,4.0
2021-08-05 21:36:02,88.0,79.0,2.0,7.0
2021-08-05 21:36:03,88.0,75.0,6.0,7.0
2021-08-05 21:36:04,81.0,71.0,6.0,4.0
2021-08-05 21:36:05,93.0,82.0,6.0,5.0
2021-08-05 21:36:06,81.0,69.0,7.0,5.0
2021-08-05 21:36:07,61.0,55.0,4.0,2.0
2021-08-05 21:36:08,81.0,70.0,8.0,3.0
2021-08-05 21:36:09,63.0,55.0,6.0,2.0
2021-08-05 21:36:10,81.0,72.0,5.0,4.0
2021-08-05 21:36:11,66.0,55.0,8.0,3.0
2021-08-05 21:36:12,83.0,68.0,9.0,6.0
2021-08-05 21:36:13,76.0,63.0,6.0,7.0
2021-08-05 21:36:14,69.0,55.0,9.0,5.0
2021-08-05 21:36:15,111.0,97.0,11.0,3.0
2021-08-05 21:36:16,77.0,67.0,4.0,6.0
2021-08-05 21:36:17,76.0,69.0,3.0,4.0
2021-08-05 21:36:18,92.0,77.0,9.0,6.0
2021-08-05 21:36:19,86.0,78.0,5.0,3.0
2021-08-05 21:36:20,75.0,61.0,14.0,0.0
2021-08-05 21:36:21,87.0,71.0,9.0,7.0
2021-08-05 21:36:22,78.0,65.0,8.0,5.0
2021-08-05 21:36:23,71.0,62.0,6.0,3.0
2021-08-05 21:36:24,85.0,73.0,8.0,4.0
2021-08-05 21:36:25,78.0,69.0,5.0,4.0
2021-08-05 21:36:26,79.0,73.0,5.0,1.0
2021-08-05 21:36:27,84.0,71.0,7.0,6.0
2021-08-05 21:36:28,95.0,86.0,8.0,1.0
2021-08-05 21:36:29,60.0,50.0,7.0,3.0
2021-08-05 21:36:30,80.0,69.0,8.0,3.0
2021-08-05 21:36:31,97.0,90.0,4.0,3.0
2021-08-05 21:36:32,83.0,75.0,4.0,4.0
2021-08-05 21:36:33,89.0,79.0,6.0,4.0
2021-08-05 21:36:34,66.0,50.0,13.0,3.0
2021-08-05 21:36:35,82.0,70.0,4.0,8.0
2021-08-05 21:36:36,73.0,60.0,10.0,3.0
2021-08-05 21:36:37,72.0,65.0,6.0,1.0
2021-08-05 21:36:38,76.0,68.0,3.0,5.0
2021-08-05 21:36:39,81.0,76.0,1.0,4.0
2021-08-05 21:36:40,80.0,73.0,5.0,2.0
2021-08-05 21:36:41,76.0,68.0,3.0,5.0
2021-08-05 21:36:42,68.0,56.0,7.0,5.0
2021-08-05 21:36:43,71.0,62.0,4.0,5.0
2021-08-05 21:36:44,74.0,70.0,3.0,1.0
2021-08-05 21:36:45,79.0,67.0,6.0,6.0
2021-08-05 21:36:46,79.0,70.0,6.0,3.0
2021-08-05 21:36:47,95.0,84.0,6.0,5.0
2021-08-05 21:36:48,71.0,64.0,4.0,3.0
2021-08-05 21:36:49,74.0,60.0,6.0,8.0
2021-08-05 21:36:50,70.0,57.0,7.0,6.0
2021-08-05 21:36:51,79.0,71.0,7.0,1.0
2021-08-05 21:36:52,73.0,65.0,3.0,5.0
2021-08-05 21:36:53,92.0,82.0,6.0,4.0
2021-08-05 21:36:54,70.0,63.0,5.0,2.0
2021-08-05 21:36:55,76.0,71.0,3.0,2.0
2021-08-05 21:36:56,83.0,71.0,9.0,3.0
2021-08-05 21:36:57,88.0,70.0,9.0,9.0
2021-08-05 21:36:58,89.0,70.0,12.0,7.0
2021-08-05 21:36:59,92.0,79.0,5.0,8.0
2021-08-05 21:37:00,90.0,75.0,8.0,7.0
2021-08-05 21:37:01,86.0,78.0,5.0,3.0
2021-08-05 21:37:02,76.0,63.0,7.0,6.0
2021-08-05 21:37:03,90.0,76.0,8.0,6.0
2021-08-05 21:37:04,69.0,61.0,7.0,1.0
2021-08-05 21:37:05,89.0,74.0,9.0,6.0
2021-08-05 21:37:06,78.0,68.0,5.0,5.0
2021-08-05 21:37:07,68.0,61.0,5.0,2.0
2021-08-05 21:37:08,76.0,61.0,13.0,2.0
2021-08-05 21:37:09,81.0,64.0,12.0,5.0
2021-08-05 21:37:10,86.0,74.0,5.0,7.0
2021-08-05 21:37:11,77.0,65.0,8.0,4.0
2021-08-05 21:37:12,73.0,61.0,7.0,5.0
2021-08-05 21:37:13,73.0,66.0,5.0,2.0
2021-08-05 21:37:14,75.0,64.0,9.0,2.0
2021-08-05 21:37:15,78.0,67.0,6.0,5.0
2021-08-05 21:37:16,79.0,66.0,9.0,4.0
2021-08-05 21:37:17,64.0,54.0,4.0,6.0
2021-08-05 21:37:18,88.0,75.0,8.0,5.0
2021-08-05 21:37:19,90.0,72.0,12.0,6.0
2021-08-05 21:37:20,67.0,56.0,7.0,4.0
2021-08-05 21:37:21,77.0,72.0,2.0,3.0
2021-08-05 21:37:22,76.0,64.0,8.0,4.0
2021-08-05 21:37:23,77.0,62.0,9.0,6.0
2021-08-05 21:37:24,67.0,63.0,1.0,3.0
2021-08-05 21:37:25,77.0,65.0,8.0,4.0
2021-08-05 21:37:26,85.0,79.0,3.0,3.0
2021-08-05 21:37:27,87.0,74.0,8.0,5.0
2021-08-05 21:37:28,103.0,88.0,5.0,10.0
2021-08-05 21:37:29,71.0,62.0,8.0,1.0
2021-08-05 21:37:30,75.0,62.0,10.0,3.0
2021-08-05 21:37:31,69.0,64.0,3.0,2.0
2021-08-05 21:37:32,78.0,68.0,5.0,5.0
2021-08-05 21:37:33,69.0,58.0,5.0,6.0
2021-08-05 21:37:34,80.0,66.0,7.0,7.0
2021-08-05 21:37:35,85.0,69.0,12.0,4.0
2021-08-05 21:37:36,89.0,77.0,9.0,3.0
2021-08-05 21:37:37,77.0,68.0,3.0,6.0
2021-08-05 21:37:38,74.0,67.0,3.0,4.0
2021-08-05 21:37:39,83.0,70.0,9.0,4.0
2021-08-05 21:37:40,83.0,70.0,4.0,9.0
2021-08-05 21:37:41,87.0,75.0,4.0,8.0
2021-08-05 21:37:42,68.0,62.0,5.0,1.0
2021-08-05 21:37:43,99.0,83.0,11.0,5.0
2021-08-05 21:37:44,94.0,82.0,3.0,9.0
2021-08-05 21:37:45,87.0,77.0,4.0,6.0
2021-08-05 21:37:46,79.0,74.0,5.0,0.0
2021-08-05 21:37:47,80.0,72.0,6.0,2.0
2021-08-05 21:37:48,80.0,75.0,0.0,5.0
2021-08-05 21:37:49,90.0,81.0,6.0,3.0
2021-08-05 21:37:50,72.0,63.0,5.0,4.0
2021-08-05 21:37:51,68.0,65.0,1.0,2.0
2021-08-05 21:37:52,84.0,76.0,5.0,3.0
2021-08-05 21:37:53,85.0,73.0,10.0,2.0
2021-08-05 21:37:54,72.0,62.0,7.0,3.0
2021-08-05 21:37:55,85.0,74.0,7.0,4.0
2021-08-05 21:37:56,87.0,72.0,9.0,6.0
2021-08-05 21:37:57,79.0,66.0,10.0,3.0
2021-08-05 21:37:58,79.0,73.0,2.0,4.0
2021-08-05 21:37:59,77.0,73.0,2.0,2.0
2021-08-05 21:38:00,93.0,76.0,8.0,9.0
2021-08-05 21:38:01,82.0,71.0,7.0,4.0
2021-08-05 21:38:02,66.0,59.0,3.0,4.0
2021-08-05 21:38:03,79.0,70.0,3.0,6.0
2021-08-05 21:38:04,73.0,63.0,7.0,3.0
2021-08-05 21:38:05,85.0,74.0,5.0,6.0
2021-08-05 21:38:06,86.0,72.0,11.0,3.0
2021-08-05 21:38:07,79.0,66.0,9.0,4.0
2021-08-05 21:38:08,74.0,56.0,12.0,6.0
2021-08-05 21:38:09,70.0,60.0,6.0,4.0
2021-08-05 21:38:10,72.0,62.0,9.0,1.0
2021-08-05 21:38:11,77.0,69.0,5.0,3.0
2021-08-05 21:38:12,70.0,64.0,3.0,3.0
2021-08-05 21:38:13,81.0,66.0,10.0,5.0
2021-08-05 21:38:14,69.0,57.0,6.0,6.0
2021-08-05 21:38:15,97.0,81.0,10.0,6.0
2021-08-05 21:38:16,90.0,81.0,6.0,3.0
2021-08-05 21:38:17,73.0,65.0,5.0,3.0
2021-08-05 21:38:18,75.0,64.0,8.0,3.0
2021-08-05 21:38:19,78.0,62.0,11.0,5.0
2021-08-05 21:38:20,92.0,75.0,9.0,8.0
2021-08-05 21:38:21,92.0,82.0,6.0,4.0
2021-08-05 21:38:22,72.0,63.0,4.0,5.0
2021-08-05 21:38:23,77.0,67.0,6.0,4.0
2021-08-05 21:38:24,77.0,67.0,2.0,8.0
2021-08-05 21:38:25,78.0,67.0,6.0,5.0
2021-08-05 21:38:26,66.0,53.0,9.0,4.0
2021-08-05 21:38:27,68.0,59.0,8.0,1.0
2021-08-05 21:38:28,93.0,80.0,8.0,5.0
2021-08-05 21:38:29,66.0,61.0,3.0,2.0
2021-08-05 21:38:30,70.0,62.0,4.0,4.0
2021-08-05 21:38:31,75.0,61.0,11.0,3.0
2021-08-05 21:38:32,75.0,66.0,5.0,4.0
2021-08-05 21:38:33,82.0,72.0,7.0,3.0
2021-08-05 21:38:34,83.0,72.0,8.0,3.0
2021-08-05 21:38:35,75.0,61.0,8.0,6.0
2021-08-05 21:38:36,73.0,63.0,7.0,3.0
2021-08-05 21:38:37,78.0,68.0,5.0,5.0
2021-08-05 21:38:38,86.0,75.0,3.0,8.0
2021-08-05 21:38:39,71.0,63.0,6.0,2.0
2021-08-05 21:38:40,79.0,70.0,4.0,5.0
2021-08-05 21:38:41,71.0,60.0,5.0,6.0
2021-08-05 21:38:42,74.0,66.0,3.0,5.0
2021-08-05 21:38:43,85.0,74.0,7.0,4.0
2021-08-05 21:38:44,91.0,78.0,6.0,7.0
2021-08-05 21:38:45,69.0,61.0,1.0,7.0
2021-08-05 21:38:46,96.0,79.0,7.0,10.0
2021-08-05 21:38:47,73.0,67.0,3.0,3.0
2021-08-05 21:38:48,77.0,69.0,3.0,5.0
2021-08-05 21:38:49,84.0,75.0,8.0,1.0
2021-08-05 21:38:50,80.0,66.0,6.0,8.0
2021-08-05 21:38:51,83.0,71.0,5.0,7.0
2021-08-05 21:38:52,73.0,61.0,8.0,4.0
2021-08-05 21:38:53,78.0,68.0,7.0,3.0
2021-08-05 21:38:54,83.0,69.0,9.0,5.0
2021-08-05 21:38:55,78.0,68.0,6.0,4.0
2021-08-05 21:38:56,77.0,68.0,5.0,4.0
2021-08-05 21:38:57,94.0,83.0,8.0,3.0
2021-08-05 21:38:58,70.0,64.0,2.0,4.0
2021-08-05 21:38:59,78.0,68.0,6.0,4.0
2021-08-05 21:39:00,86.0,79.0,6.0,1.0
2021-08-05 21:39:01,77.0,66.0,7.0,4.0
2021-08-05 21:39:02,87.0,80.0,2.0,5.0
2021-08-05 21:39:03,94.0,85.0,5.0,4.0
2021-08-05 21:39:04,81.0,74.0,6.0,1.0
2021-08-05 21:39:05,82.0,75.0,4.0,3.0
2021-08-05 21:39:06,75.0,68.0,4.0,3.0
2021-08-05 21:39:07,68.0,59.0,7.0,2.0
2021-08-05 21:39:08,65.0,55.0,4.0,6.0
2021-08-05 21:39:09,99.0,86.0,8.0,5.0
2021-08-05 21:39:10,80.0,77.0,3.0,0.0
2021-08-05 21:39:11,78.0,71.0,2.0,5.0
2021-08-05 21:39:12,74.0,64.0,6.0,4.0
2021-08-05 21:39:13,79.0,66.0,6.0,7.0
2021-08-05 21:39:14,87.0,70.0,8.0,9.0
2021-08-05 21:39:15,84.0,76.0,4.0,4.0
2021-08-05 21:39:16,101.0,88.0,8.0,5.0
2021-08-05 21:39:17,82.0,73.0,5.0,4.0
2021-08-05 21:39:18,104.0,90.0,10.0,4.0
2021-08-05 21:39:19,103.0,91.0,7.0,5.0
2021-08-05 21:39:20,76.0,70.0,1.0,5.0
2021-08-05 21:39:21,80.0,68.0,10.0,2.0
2021-08-05 21:39:22,81.0,72.0,4.0,5.0
2021-08-05 21:39:23,81.0,70.0,7.0,4.0
2021-08-05 21:39:24,83.0,75.0,7.0,1.0
2021-08-05 21:39:25,70.0,59.0,7.0,4.0
2021-08-05 21:39:26,71.0,61.0,6.0,4.0
2021-08-05 21:39:27,79.0,70.0,6.0,3.0
2021-08-05 21:39:28,73.0,66.0,1.0,6.0
2021-08-05 21:39:29,82.0,67.0,9.0,6.0
2021-08-05 21:39:30,75.0,65.0,6.0,4.0
2021-08-05 21:39:31,80.0,63.0,11.0,6.0
2021-08-05 21:39:32,85.0,73.0,10.0,2.0
2021-08-05 21:39:33,80.0,68.0,5.0,7.0
2021-08-05 21:39:34,87.0,74.0,10.0,3.0
2021-08-05 21:39:35,81.0,72.0,3.0,6.0
2021-08-05 21:39:36,85.0,72.0,8.0,5.0
2021-08-05 21:39:37,104.0,86.0,13.0,5.0
2021-08-05 21:39:38,63.0,51.0,7.0,5.0
2021-08-05 21:39:39,72.0,56.0,12.0,4.0
2021-08-05 21:39:40,77.0,70.0,5.0,2.0
2021-08-05 21:39:41,74.0,65.0,4.0,5.0
2021-08-05 21:39:42,68.0,60.0,6.0,2.0
2021-08-05 21:39:43,81.0,70.0,4.0,7.0
2021-08-05 21:39:44,80.0,67.0,9.0,4.0
2021-08-05 21:39:45,87.0,79.0,3.0,5.0
2021-08-05 21:39:46,91.0,79.0,5.0,7.0
2021-08-05 21:39:47,72.0,67.0,4.0,1.0
2021-08-05 21:39:48,91.0,76.0,11.0,4.0
2021-08-05 21:39:49,80.0,67.0,6.0,7.0
2021-08-05 21:39:50,84.0,74.0,6.0,4.0
2021-08-05 21:39:51,74.0,64.0,8.0,2.0
2021-08-05 21:39:52,80.0,68.0,7.0,5.0
2021-08-05 21:39:53,70.0,61.0,4.0,5.0
2021-08-05 21:39:54,85.0,75.0,8.0,2.0
2021-08-05 21:39:55,88.0,75.0,10.0,3.0
2021-08-05 21:39:56,77.0,69.0,5.0,3.0
2021-08-05 21:39:57,80.0,72.0,5.0,3.0
2021-08-05 21:39:58,75.0,62.0,9.0,4.0
2021-08-05 21:39:59,70.0,61.0,7.0,2.0
2021-08-05 21:40:00,84.0,75.0,6.0,3.0
2021-08-05 21:40:01,83.0,72.0,9.0,2.0
2021-08-05 21:40:02,80.0,71.0,5.0,4.0
2021-08-05 21:40:03,66.0,60.0,3.0,3.0
2021-08-05 21:40:04,75.0,65.0,7.0,3.0
2021-08-05 21:40:05,68.0,59.0,8.0,1.0
2021-08-05 21:40:06,80.0,74.0,4.0,2.0
2021-08-05 21:40:07,77.0,65.0,8.0,4.0
2021-08-05 21:40:08,70.0,66.0,3.0,1.0
2021-08-05 21:40:09,77.0,68.0,5.0,4.0
2021-08-05 21:40:10,81.0,73.0,6.0,2.0
2021-08-05 21:40:11,79.0,70.0,6.0,3.0
2021-08-05 21:40:12,77.0,69.0,5.0,3.0
2021-08-05 21:40:13,73.0,63.0,8.0,2.0
2021-08-05 21:40:14,80.0,69.0,6.0,5.0
2021-08-05 21:40:15,71.0,61.0,7.0,3.0
2021-08-05 21:40:16,81.0,70.0,4.0,7.0
2021-08-05 21:40:17,79.0,74.0,1.0,4.0
2021-08-05 21:40:18,82.0,73.0,7.0,2.0
2021-08-05 21:40:19,70.0,59.0,9.0,2.0
2021-08-05 21:40:20,80.0,67.0,2.0,11.0
2021-08-05 21:40:21,96.0,84.0,6.0,6.0
2021-08-05 21:40:22,79.0,68.0,6.0,5.0
2021-08-05 21:40:23,81.0,70.0,5.0,6.0
2021-08-05 21:40:24,78.0,71.0,5.0,2.0
2021-08-05 21:40:25,69.0,62.0,4.0,3.0
2021-08-05 21:40:26,81.0,71.0,5.0,5.0
2021-08-05 21:40:27,90.0,73.0,9.0,8.0
2021-08-05 21:40:28,79.0,73.0,3.0,3.0
2021-08-05 21:40:29,78.0,64.0,7.0,7.0
2021-08-05 21:40:30,82.0,71.0,3.0,8.0
2021-08-05 21:40:31,90.0,67.0,13.0,10.0
2021-08-05 21:40:32,72.0,62.0,6.0,4.0
2021-08-05 21:40:33,78.0,65.0,7.0,6.0
2021-08-05 21:40:34,82.0,73.0,3.0,6.0
2021-08-05 21:40:35,86.0,76.0,4.0,6.0
2021-08-05 21:40:36,87.0,75.0,8.0,4.0
2021-08-05 21:40:37,89.0,78.0,8.0,3.0
2021-08-05 21:40:38,84.0,77.0,4.0,3.0
2021-08-05 21:40:39,75.0,58.0,9.0,8.0
2021-08-05 21:40:40,78.0,71.0,0.0,7.0
2021-08-05 21:40:41,82.0,69.0,7.0,6.0
2021-08-05 21:40:42,82.0,76.0,3.0,3.0
2021-08-05 21:40:43,63.0,53.0,6.0,4.0
2021-08-05 21:40:44,86.0,76.0,5.0,5.0
2021-08-05 21:40:45,63.0,55.0,3.0,5.0
2021-08-05 21:40:46,103.0,89.0,7.0,7.0
2021-08-05 21:40:47,70.0,60.0,6.0,4.0
2021-08-05 21:40:48,63.0,58.0,5.0,0.0
2021-08-05 21:40:49,72.0,61.0,5.0,6.0
2021-08-05 21:40:50,81.0,67.0,8.0,6.0
2021-08-05 21:40:51,82.0,77.0,0.0,5.0
2021-08-05 21:40:52,71.0,52.0,12.0,7.0
2021-08-05 21:40:53,76.0,69.0,6.0,1.0
2021-08-05 21:40:54,68.0,60.0,5.0,3.0
2021-08-05 21:40:55,86.0,75.0,7.0,4.0
2021-08-05 21:40:56,70.0,62.0,4.0,4.0
2021-08-05 21:40:57,72.0,63.0,6.0,3.0
2021-08-05 21:40:58,81.0,71.0,7.0,3.0
2021-08-05 21:40:59,65.0,56.0,6.0,3.0
2021-08-05 21:41:00,61.0,53.0,7.0,1.0
2021-08-05 21:41:01,83.0,76.0,6.0,1.0
2021-08-05 21:41:02,74.0,64.0,5.0,5.0
2021-08-05 21:41:03,70.0,57.0,10.0,3.0
2021-08-05 21:41:04,83.0,70.0,8.0,5.0
2021-08-05 21:41:05,70.0,64.0,2.0,4.0
2021-08-05 21:41:06,77.0,63.0,7.0,7.0
2021-08-05 21:41:07,75.0,67.0,4.0,4.0
2021-08-05 21:41:08,87.0,77.0,8.0,2.0
2021-08-05 21:41:09,68.0,58.0,5.0,5.0
2021-08-05 21:41:10,74.0,62.0,8.0,4.0
2021-08-05 21:41:11,91.0,80.0,6.0,5.0
2021-08-05 21:41:12,86.0,74.0,7.0,5.0
2021-08-05 21:41:13,95.0,81.0,8.0,6.0
2021-08-05 21:41:14,74.0,62.0,8.0,4.0
2021-08-05 21:41:15,81.0,69.0,8.0,4.0
2021-08-05 21:41:16,89.0,76.0,6.0,7.0
2021-08-05 21:41:17,79.0,71.0,4.0,4.0
2021-08-05 21:41:18,95.0,83.0,8.0,4.0
2021-08-05 21:41:19,97.0,83.0,9.0,5.0
2021-08-05 21:41:20,77.0,67.0,5.0,5.0
2021-08-05 21:41:21,92.0,79.0,7.0,6.0
2021-08-05 21:41:22,95.0,76.0,13.0,6.0
2021-08-05 21:41:23,81.0,67.0,8.0,6.0
2021-08-05 21:41:24,71.0,62.0,7.0,2.0
2021-08-05 21:41:25,79.0,74.0,3.0,2.0
2021-08-05 21:41:26,83.0,67.0,7.0,9.0
2021-08-05 21:41:27,76.0,69.0,5.0,2.0
2021-08-05 21:41:28,77.0,66.0,9.0,2.0
2021-08-05 21:41:29,80.0,72.0,4.0,4.0
2021-08-05 21:41:30,98.0,86.0,5.0,7.0
2021-08-05 21:41:31,100.0,84.0,9.0,7.0
2021-08-05 21:41:32,72.0,62.0,7.0,3.0
2021-08-05 21:41:33,87.0,78.0,6.0,3.0
2021-08-05 21:41:34,76.0,69.0,5.0,2.0
2021-08-05 21:41:35,77.0,65.0,5.0,7.0
2021-08-05 21:41:36,77.0,71.0,5.0,1.0
2021-08-05 21:41:37,85.0,74.0,8.0,3.0
2021-08-05 21:41:38,84.0,74.0,7.0,3.0
2021-08-05 21:41:39,88.0,81.0,2.0,5.0
2021-08-05 21:41:40,70.0,59.0,6.0,5.0
2021-08-05 21:41:41,74.0,64.0,7.0,3.0
2021-08-05 21:41:42,87.0,73.0,8.0,6.0
2021-08-05 21:41:43,80.0,66.0,4.0,10.0
2021-08-05 21:41:44,74.0,69.0,3.0,2.0
2021-08-05 21:41:45,91.0,79.0,6.0,6.0
2021-08-05 21:41:46,89.0,72.0,8.0,9.0
2021-08-05 21:41:47,102.0,93.0,2.0,7.0
2021-08-05 21:41:48,72.0,63.0,6.0,3.0
2021-08-05 21:41:49,88.0,76.0,6.0,6.0
2021-08-05 21:41:50,97.0,87.0,6.0,4.0
2021-08-05 21:41:51,73.0,62.0,7.0,4.0
2021-08-05 21:41:52,81.0,75.0,4.0,2.0
2021-08-05 21:41:53,84.0,77.0,6.0,1.0
2021-08-05 21:41:54,71.0,63.0,4.0,4.0
2021-08-05 21:41:55,66.0,63.0,1.0,2.0
2021-08-05 21:41:56,75.0,70.0,4.0,1.0
2021-08-05 21:41:57,84.0,71.0,10.0,3.0
2021-08-05 21:41:58,72.0,62.0,3.0,7.0
2021-08-05 21:41:59,76.0,67.0,7.0,2.0
2021-08-05 21:42:00,76.0,69.0,4.0,3.0
2021-08-05 21:42:01,76.0,64.0,7.0,5.0
2021-08-05 21:42:02,87.0,73.0,11.0,3.0
2021-08-05 21:42:03,90.0,78.0,5.0,7.0
2021-08-05 21:42:04,81.0,71.0,6.0,4.0
2021-08-05 21:42:05,83.0,73.0,6.0,4.0
2021-08-05 21:42:06,74.0,68.0,3.0,3.0
2021-08-05 21:42:07,84.0,72.0,6.0,6.0
2021-08-05 21:42:08,83.0,75.0,7.0,1.0
2021-08-05 21:42:09,84.0,73.0,4.0,7.0
2021-08-05 21:42:10,80.0,71.0,7.0,2.0
2021-08-05 21:42:11,70.0,57.0,9.0,4.0
2021-08-05 21:42:12,104.0,86.0,11.0,7.0
2021-08-05 21:42:13,75.0,64.0,8.0,3.0
2021-08-05 21:42:14,64.0,55.0,3.0,6.0
2021-08-05 21:42:15,62.0,59.0,2.0,1.0
2021-08-05 21:42:16,89.0,77.0,7.0,5.0
2021-08-05 21:42:17,77.0,66.0,8.0,3.0
2021-08-05 21:42:18,66.0,60.0,4.0,2.0
2021-08-05 21:42:19,102.0,80.0,16.0,6.0
2021-08-05 21:42:20,73.0,65.0,6.0,2.0
2021-08-05 21:42:21,67.0,57.0,8.0,2.0
2021-08-05 21:42:22,73.0,59.0,7.0,7.0
2021-08-05 21:42:23,84.0,76.0,5.0,3.0
2021-08-05 21:42:24,83.0,68.0,7.0,8.0
2021-08-05 21:42:25,75.0,67.0,7.0,1.0
2021-08-05 21:42:26,81.0,72.0,5.0,4.0
2021-08-05 21:42:27,86.0,74.0,8.0,4.0
2021-08-05 21:42:28,72.0,62.0,4.0,6.0
2021-08-05 21:42:29,65.0,56.0,5.0,4.0
2021-08-05 21:42:30,89.0,78.0,9.0,2.0
2021-08-05 21:42:31,85.0,73.0,6.0,6.0
2021-08-05 21:42:32,91.0,77.0,8.0,6.0
2021-08-05 21:42:33,85.0,76.0,7.0,2.0
2021-08-05 21:42:34,69.0,66.0,0.0,3.0
2021-08-05 21:42:35,87.0,80.0,4.0,3.0
2021-08-05 21:42:36,86.0,74.0,5.0,7.0
2021-08-05 21:42:37,80.0,65.0,9.0,6.0
2021-08-05 21:42:38,74.0,60.0,5.0,9.0
2021-08-05 21:42:39,75.0,68.0,4.0,3.0
2021-08-05 21:42:40,80.0,72.0,7.0,1.0
2021-08-05 21:42:41,87.0,77.0,7.0,3.0
2021-08-05 21:42:42,76.0,66.0,7.0,3.0
2021-08-05 21:42:43,93.0,83.0,5.0,5.0
2021-08-05 21:42:44,83.0,76.0,3.0,4.0
2021-08-05 21:42:45,89.0,85.0,2.0,2.0
2021-08-05 21:42:46,85.0,76.0,6.0,3.0
2021-08-05 21:42:47,66.0,56.0,5.0,5.0
2021-08-05 21:42:48,68.0,60.0,7.0,1.0
2021-08-05 21:42:49,84.0,74.0,6.0,4.0
2021-08-05 21:42:50,72.0,60.0,8.0,4.0
2021-08-05 21:42:51,79.0,65.0,6.0,8.0
2021-08-05 21:42:52,75.0,63.0,7.0,5.0
2021-08-05 21:42:53,83.0,72.0,6.0,5.0
2021-08-05 21:42:54,83.0,75.0,1.0,7.0
2021-08-05 21:42:55,76.0,69.0,4.0,3.0
2021-08-05 21:42:56,74.0,66.0,4.0,4.0
2021-08-05 21:42:57,80.0,64.0,13.0,3.0
2021-08-05 21:42:58,78.0,72.0,5.0,1.0
2021-08-05 21:42:59,83.0,79.0,4.0,0.0
2021-08-05 21:43:00,75.0,68.0,4.0,3.0
2021-08-05 21:43:01,62.0,53.0,3.0,6.0
2021-08-05 21:43:02,76.0,69.0,3.0,4.0
2021-08-05 21:43:03,80.0,71.0,6.0,3.0
2021-08-05 21:43:04,97.0,82.0,10.0,5.0
2021-08-05 21:43:05,82.0,76.0,2.0,4.0
2021-08-05 21:43:06,86.0,71.0,12.0,3.0
2021-08-05 21:43:07,95.0,81.0,9.0,5.0
2021-08-05 21:43:08,81.0,73.0,3.0,5.0
2021-08-05 21:43:09,64.0,55.0,5.0,4.0
2021-08-05 21:43:10,64.0,54.0,5.0,5.0
2021-08-05 21:43:11,98.0,85.0,10.0,3.0
2021-08-05 21:43:12,75.0,69.0,4.0,2.0
2021-08-05 21:43:13,71.0,57.0,8.0,6.0
2021-08-05 21:43:14,81.0,65.0,8.0,8.0
2021-08-05 21:43:15,77.0,64.0,7.0,6.0
2021-08-05 21:43:16,69.0,58.0,6.0,5.0
2021-08-05 21:43:17,87.0,74.0,9.0,4.0
2021-08-05 21:43:18,72.0,63.0,5.0,4.0
2021-08-05 21:43:19,86.0,74.0,9.0,3.0
2021-08-05 21:43:20,87.0,74.0,10.0,3.0
2021-08-05 21:43:21,78.0,65.0,6.0,7.0
2021-08-05 21:43:22,64.0,62.0,1.0,1.0
2021-08-05 21:43:23,85.0,77.0,5.0,3.0
2021-08-05 21:43:24,74.0,67.0,3.0,4.0
2021-08-05 21:43:25,89.0,73.0,10.0,6.0
2021-08-05 21:43:26,78.0,65.0,8.0,5.0
2021-08-05 21:43:27,76.0,69.0,5.0,2.0
2021-08-05 21:43:28,86.0,74.0,6.0,6.0
2021-08-05 21:43:29,68.0,61.0,6.0,1.0
2021-08-05 21:43:30,86.0,73.0,9.0,4.0
2021-08-05 21:43:31,57.0,48.0,4.0,5.0
2021-08-05 21:43:32,87.0,70.0,11.0,6.0
2021-08-05 21:43:33,63.0,57.0,4.0,2.0
2021-08-05 21:43:34,66.0,51.0,9.0,6.0
2021-08-05 21:43:35,84.0,71.0,9.0,4.0
2021-08-05 21:43:36,83.0,70.0,6.0,7.0
2021-08-05 21:43:37,78.0,72.0,6.0,0.0
2021-08-05 21:43:38,90.0,71.0,12.0,7.0
2021-08-05 21:43:39,69.0,60.0,5.0,4.0
2021-08-05 21:43:40,85.0,73.0,5.0,7.0
2021-08-05 21:43:41,79.0,66.0,8.0,5.0
2021-08-05 21:43:42,76.0,73.0,2.0,1.0
2021-08-05 21:43:43,81.0,68.0,11.0,2.0
2021-08-05 21:43:44,73.0,66.0,5.0,2.0
2021-08-05 21:43:45,76.0,67.0,7.0,2.0
2021-08-05 21:43:46,77.0,64.0,9.0,4.0
2021-08-05 21:43:47,65.0,60.0,3.0,2.0
2021-08-05 21:43:48,77.0,69.0,3.0,5.0
2021-08-05 21:43:49,71.0,69.0,1.0,1.0
2021-08-05 21:43:50,81.0,66.0,8.0,7.0
2021-08-05 21:43:51,69.0,56.0,9.0,4.0
2021-08-05 21:43:52,79.0,74.0,3.0,2.0
2021-08-05 21:43:53,81.0,69.0,3.0,9.0
2021-08-05 21:43:54,80.0,68.0,8.0,4.0
2021-08-05 21:43:55,78.0,69.0,6.0,3.0
2021-08-05 21:43:56,86.0,70.0,9.0,7.0
2021-08-05 21:43:57,91.0,82.0,5.0,4.0
2021-08-05 21:43:58,80.0,67.0,6.0,7.0
2021-08-05 21:43:59,75.0,71.0,3.0,1.0
2021-08-05 21:44:00,60.0,55.0,2.0,3.0
2021-08-05 21:44:01,70.0,65.0,2.0,3.0
2021-08-05 21:44:02,66.0,60.0,3.0,3.0
2021-08-05 21:44:03,72.0,64.0,6.0,2.0
2021-08-05 21:44:04,81.0,72.0,3.0,6.0
2021-08-05 21:44:05,68.0,53.0,11.0,4.0
2021-08-05 21:44:06,92.0,79.0,11.0,2.0
2021-08-05 21:44:07,74.0,62.0,8.0,4.0
2021-08-05 21:44:08,83.0,70.0,10.0,3.0
2021-08-05 21:44:09,87.0,76.0,4.0,7.0
2021-08-05 21:44:10,77.0,70.0,5.0,2.0
2021-08-05 21:44:11,87.0,77.0,6.0,4.0
2021-08-05 21:44:12,83.0,74.0,6.0,3.0
2021-08-05 21:44:13,101.0,82.0,6.0,13.0
2021-08-05 21:44:14,82.0,70.0,5.0,7.0
2021-08-05 21:44:15,86.0,77.0,5.0,4.0
2021-08-05 21:44:16,70.0,60.0,8.0,2.0
2021-08-05 21:44:17,70.0,61.0,9.0,0.0
2021-08-05 21:44:18,76.0,62.0,11.0,3.0
2021-08-05 21:44:19,91.0,82.0,5.0,4.0
2021-08-05 21:44:20,69.0,63.0,3.0,3.0
2021-08-05 21:44:21,82.0,69.0,7.0,6.0
2021-08-05 21:44:22,86.0,79.0,4.0,3.0
2021-08-05 21:44:23,90.0,77.0,12.0,1.0
2021-08-05 21:44:24,84.0,74.0,4.0,6.0
2021-08-05 21:44:25,83.0,73.0,6.0,4.0
2021-08-05 21:44:26,83.0,74.0,4.0,5.0
2021-08-05 21:44:27,76.0,67.0,1.0,8.0
2021-08-05 21:44:28,72.0,66.0,3.0,3.0
2021-08-05 21:44:29,78.0,72.0,5.0,1.0
2021-08-05 21:44:30,76.0,68.0,6.0,2.0
2021-08-05 21:44:31,67.0,61.0,4.0,2.0
2021-08-05 21:44:32,99.0,84.0,13.0,2.0
2021-08-05 21:44:33,70.0,64.0,3.0,3.0
2021-08-05 21:44:34,85.0,76.0,5.0,4.0
2021-08-05 21:44:35,63.0,53.0,6.0,4.0
2021-08-05 21:44:36,79.0,75.0,2.0,2.0
2021-08-05 21:44:37,87.0,76.0,8.0,3.0
2021-08-05 21:44:38,79.0,64.0,7.0,8.0
2021-08-05 21:44:39,77.0,67.0,5.0,5.0
2021-08-05 21:44:40,79.0,72.0,5.0,2.0
2021-08-05 21:44:41,78.0,67.0,8.0,3.0
2021-08-05 21:44:42,74.0,65.0,3.0,6.0
2021-08-05 21:44:43,72.0,61.0,6.0,5.0
2021-08-05 21:44:44,84.0,78.0,4.0,2.0
2021-08-05 21:44:45,92.0,78.0,10.0,4.0
2021-08-05 21:44:46,72.0,62.0,7.0,3.0
2021-08-05 21:44:47,74.0,70.0,2.0,2.0
2021-08-05 21:44:48,75.0,66.0,5.0,4.0
2021-08-05 21:44:49,94.0,82.0,6.0,6.0
2021-08-05 21:44:50,77.0,64.0,7.0,6.0
2021-08-05 21:44:51,88.0,81.0,3.0,4.0
2021-08-05 21:44:52,77.0,64.0,5.0,8.0
2021-08-05 21:44:53,67.0,61.0,3.0,3.0
2021-08-05 21:44:54,97.0,82.0,9.0,6.0
2021-08-05 21:44:55,76.0,63.0,5.0,8.0
2021-08-05 21:44:56,72.0,60.0,8.0,4.0
2021-08-05 21:44:57,97.0,82.0,10.0,5.0
2021-08-05 21:44:58,62.0,51.0,8.0,3.0
2021-08-05 21:44:59,74.0,68.0,3.0,3.0
2021-08-05 21:45:00,80.0,67.0,7.0,6.0
2021-08-05 21:45:01,68.0,59.0,4.0,5.0
2021-08-05 21:45:02,80.0,68.0,8.0,4.0
2021-08-05 21:45:03,78.0,63.0,8.0,7.0
2021-08-05 21:45:04,75.0,67.0,4.0,4.0
2021-08-05 21:45:05,86.0,70.0,11.0,5.0
2021-08-05 21:45:06,85.0,76.0,5.0,4.0
2021-08-05 21:45:07,89.0,84.0,4.0,1.0
2021-08-05 21:45:08,79.0,68.0,6.0,5.0
2021-08-05 21:45:09,78.0,67.0,7.0,4.0
2021-08-05 21:45:10,94.0,84.0,8.0,2.0
2021-08-05 21:45:11,100.0,87.0,5.0,8.0
2021-08-05 21:45:12,84.0,74.0,6.0,4.0
2021-08-05 21:45:13,101.0,89.0,6.0,6.0
2021-08-05 21:45:14,93.0,77.0,10.0,6.0
2021-08-05 21:45:15,75.0,62.0,7.0,6.0
2021-08-05 21:45:16,76.0,63.0,7.0,6.0
2021-08-05 21:45:17,88.0,74.0,7.0,7.0
2021-08-05 21:45:18,89.0,81.0,7.0,1.0
2021-08-05 21:45:19,77.0,70.0,3.0,4.0
2021-08-05 21:45:20,88.0,75.0,10.0,3.0
2021-08-05 21:45:21,82.0,71.0,7.0,4.0
2021-08-05 21:45:22,68.0,60.0,7.0,1.0
2021-08-05 21:45:23,83.0,71.0,10.0,2.0
2021-08-05 21:45:24,78.0,69.0,3.0,6.0
2021-08-05 21:45:25,70.0,61.0,6.0,3.0
2021-08-05 21:45:26,91.0,81.0,7.0,3.0
2021-08-05 21:45:27,71.0,65.0,3.0,3.0
2021-08-05 21:45:28,76.0,68.0,5.0,3.0
2021-08-05 21:45:29,86.0,81.0,3.0,2.0
2021-08-05 21:45:30,82.0,68.0,7.0,7.0
2021-08-05 21:45:31,87.0,72.0,10.0,5.0
2021-08-05 21:45:32,72.0,60.0,8.0,4.0
2021-08-05 21:45:33,88.0,74.0,9.0,5.0
2021-08-05 21:45:34,73.0,64.0,2.0,7.0
2021-08-05 21:45:35,78.0,68.0,6.0,4.0
2021-08-05 21:45:36,72.0,62.0,6.0,4.0
2021-08-05 21:45:37,81.0,73.0,6.0,2.0
2021-08-05 21:45:38,78.0,66.0,8.0,4.0
2021-08-05 21:45:39,73.0,64.0,1.0,8.0
2021-08-05 21:45:40,84.0,73.0,7.0,4.0
2021-08-05 21:45:41,83.0,72.0,7.0,4.0
2021-08-05 21:45:42,79.0,67.0,4.0,8.0
2021-08-05 21:45:43,78.0,66.0,8.0,4.0
2021-08-05 21:45:44,80.0,72.0,8.0,0.0
2021-08-05 21:45:45,62.0,54.0,4.0,4.0
2021-08-05 21:45:46,79.0,69.0,7.0,3.0
2021-08-05 21:45:47,78.0,67.0,4.0,7.0
2021-08-05 21:45:48,85.0,71.0,7.0,7.0
2021-08-05 21:45:49,89.0,74.0,8.0,7.0
2021-08-05 21:45:50,83.0,74.0,4.0,5.0
2021-08-05 21:45:51,84.0,72.0,5.0,7.0
2021-08-05 21:45:52,82.0,68.0,10.0,4.0
2021-08-05 21:45:53,73.0,65.0,6.0,2.0
2021-08-05 21:45:54,80.0,72.0,5.0,3.0
2021-08-05 21:45:55,66.0,61.0,3.0,2.0
2021-08-05 21:45:56,88.0,82.0,4.0,2.0
2021-08-05 21:45:57,85.0,79.0,3.0,3.0
2021-08-05 21:45:58,77.0,65.0,6.0,6.0
2021-08-05 21:45:59,69.0,62.0,3.0,4.0
2021-08-05 21:46:00,107.0,94.0,8.0,5.0
2021-08-05 21:46:01,71.0,65.0,4.0,2.0
2021-08-05 21:46:02,83.0,77.0,4.0,2.0
2021-08-05 21:46:03,69.0,63.0,3.0,3.0
2021-08-05 21:46:04,102.0,85.0,10.0,7.0
2021-08-05 21:46:05,83.0,74.0,4.0,5.0
2021-08-05 21:46:06,72.0,63.0,7.0,2.0
2021-08-05 21:46:07,68.0,58.0,6.0,4.0
2021-08-05 21:46:08,92.0,73.0,13.0,6.0
2021-08-05 21:46:09,87.0,73.0,6.0,8.0
2021-08-05 21:46:10,97.0,83.0,11.0,3.0
2021-08-05 21:46:11,68.0,60.0,4.0,4.0
2021-08-05 21:46:12,68.0,66.0,1.0,1.0
2021-08-05 21:46:13,97.0,84.0,4.0,9.0
2021-08-05 21:46:14,74.0,61.0,10.0,3.0
2021-08-05 21:46:15,83.0,70.0,8.0,5.0
2021-08-05 21:46:16,88.0,76.0,9.0,3.0
2021-08-05 21:46:17,64.0,51.0,9.0,4.0
2021-08-05 21:46:18,86.0,77.0,6.0,3.0
2021-08-05 21:46:19,80.0,66.0,10.0,4.0
2021-08-05 21:46:20,104.0,90.0,8.0,6.0
2021-08-05 21:46:21,82.0,68.0,10.0,4.0
2021-08-05 21:46:22,71.0,63.0,4.0,4.0
2021-08-05 21:46:23,80.0,70.0,6.0,4.0
2021-08-05 21:46:24,82.0,69.0,6.0,7.0
2021-08-05 21:46:25,68.0,61.0,3.0,4.0
2021-08-05 21:46:26,66.0,51.0,10.0,5.0
2021-08-05 21:46:27,80.0,70.0,6.0,4.0
2021-08-05 21:46:28,73.0,66.0,3.0,4.0
2021-08-05 21:46:29,86.0,73.0,10.0,3.0
2021-08-05 21:46:30,91.0,72.0,12.0,7.0
2021-08-05 21:46:31,71.0,61.0,4.0,6.0
2021-08-05 21:46:32,83.0,76.0,6.0,1.0
2021-08-05 21:46:33,85.0,72.0,8.0,5.0
2021-08-05 21:46:34,74.0,60.0,8.0,6.0
2021-08-05 21:46:35,85.0,79.0,4.0,2.0
2021-08-05 21:46:36,81.0,70.0,6.0,5.0
2021-08-05 21:46:37,83.0,75.0,4.0,4.0
2021-08-05 21:46:38,84.0,69.0,12.0,3.0
2021-08-05 21:46:39,75.0,64.0,5.0,6.0
2021-08-05 21:46:40,81.0,73.0,3.0,5.0
2021-08-05 21:46:41,88.0,77.0,6.0,5.0
2021-08-05 21:46:42,86.0,76.0,6.0,4.0
2021-08-05 21:46:43,82.0,68.0,12.0,2.0
2021-08-05 21:46:44,77.0,64.0,7.0,6.0
2021-08-05 21:46:45,84.0,64.0,9.0,11.0
2021-08-05 21:46:46,84.0,71.0,7.0,6.0
2021-08-05 21:46:47,86.0,77.0,4.0,5.0
2021-08-05 21:46:48,80.0,70.0,8.0,2.0
2021-08-05 21:46:49,82.0,69.0,8.0,5.0
2021-08-05 21:46:50,82.0,61.0,13.0,8.0
2021-08-05 21:46:51,90.0,75.0,9.0,6.0
2021-08-05 21:46:52,70.0,59.0,5.0,6.0
2021-08-05 21:46:53,79.0,69.0,7.0,3.0
2021-08-05 21:46:54,82.0,70.0,10.0,2.0
2021-08-05 21:46:55,85.0,75.0,4.0,6.0
2021-08-05 21:46:56,79.0,74.0,4.0,1.0
2021-08-05 21:46:57,79.0,65.0,7.0,7.0
2021-08-05 21:46:58,85.0,75.0,4.0,6.0
2021-08-05 21:46:59,80.0,72.0,7.0,1.0
2021-08-05 21:47:00,82.0,71.0,6.0,5.0
2021-08-05 21:47:01,77.0,65.0,6.0,6.0
2021-08-05 21:47:02,78.0,72.0,3.0,3.0
2021-08-05 21:47:03,76.0,66.0,6.0,4.0
2021-08-05 21:47:04,78.0,68.0,7.0,3.0
2021-08-05 21:47:05,96.0,87.0,4.0,5.0
2021-08-05 21:47:06,88.0,82.0,3.0,3.0
2021-08-05 21:47:07,65.0,60.0,5.0,0.0
2021-08-05 21:47:08,76.0,67.0,5.0,4.0
2021-08-05 21:47:09,78.0,69.0,3.0,6.0
2021-08-05 21:47:10,80.0,66.0,7.0,7.0
2021-08-05 21:47:11,63.0,51.0,8.0,4.0
2021-08-05 21:47:12,86.0,78.0,7.0,1.0
2021-08-05 21:47:13,89.0,77.0,7.0,5.0
2021-08-05 21:47:14,80.0,74.0,4.0,2.0
2021-08-05 21:47:15,82.0,77.0,2.0,3.0
2021-08-05 21:47:16,76.0,67.0,7.0,2.0
2021-08-05 21:47:17,78.0,68.0,2.0,8.0
2021-08-05 21:47:18,68.0,64.0,2.0,2.0
2021-08-05 21:47:19,72.0,64.0,4.0,4.0
2021-08-05 21:47:20,73.0,63.0,5.0,5.0
2021-08-05 21:47:21,74.0,67.0,5.0,2.0
2021-08-05 21:47:22,78.0,66.0,8.0,4.0
2021-08-05 21:47:23,89.0,77.0,7.0,5.0
2021-08-05 21:47:24,80.0,71.0,4.0,5.0
2021-08-05 21:47:25,87.0,74.0,2.0,11.0
2021-08-05 21:47:26,81.0,74.0,5.0,2.0
2021-08-05 21:47:27,78.0,70.0,6.0,2.0
2021-08-05 21:47:28,68.0,58.0,7.0,3.0
2021-08-05 21:47:29,97.0,83.0,7.0,7.0
2021-08-05 21:47:30,76.0,69.0,4.0,3.0
2021-08-05 21:47:31,67.0,58.0,3.0,6.0
2021-08-05 21:47:32,85.0,73.0,7.0,5.0
2021-08-05 21:47:33,83.0,76.0,6.0,1.0
2021-08-05 21:47:34,91.0,79.0,5.0,7.0
2021-08-05 21:47:35,87.0,76.0,8.0,3.0
2021-08-05 21:47:36,73.0,61.0,9.0,3.0
2021-08-05 21:47:37,93.0,82.0,9.0,2.0
2021-08-05 21:47:38,93.0,82.0,6.0,5.0
2021-08-05 21:47:39,90.0,85.0,3.0,2.0
2021-08-05 21:47:40,104.0,91.0,7.0,6.0
2021-08-05 21:47:41,77.0,67.0,7.0,3.0
2021-08-05 21:47:42,71.0,61.0,6.0,4.0
2021-08-05 21:47:43,79.0,68.0,5.0,6.0
2021-08-05 21:47:44,97.0,77.0,14.0,6.0
2021-08-05 21:47:45,88.0,81.0,4.0,3.0
2021-08-05 21:47:46,82.0,69.0,7.0,6.0
2021-08-05 21:47:47,82.0,63.0,15.0,4.0
2021-08-05 21:47:48,90.0,78.0,6.0,6.0
2021-08-05 21:47:49,73.0,65.0,7.0,1.0
2021-08-05 21:47:50,79.0,70.0,7.0,2.0
2021-08-05 21:47:51,86.0,74.0,8.0,4.0
2021-08-05 21:47:52,91.0,72.0,11.0,8.0
2021-08-05 21:47:53,79.0,70.0,7.0,2.0
2021-08-05 21:47:54,84.0,70.0,8.0,6.0
2021-08-05 21:47:55,75.0,62.0,10.0,3.0
2021-08-05 21:47:56,95.0,82.0,9.0,4.0
2021-08-05 21:47:57,92.0,77.0,8.0,7.0
2021-08-05 21:47:58,75.0,65.0,3.0,7.0
2021-08-05 21:47:59,100.0,90.0,4.0,6.0
2021-08-05 21:48:00,78.0,64.0,9.0,5.0
2021-08-05 21:48:01,75.0,64.0,5.0,6.0
2021-08-05 21:48:02,80.0,66.0,12.0,2.0
2021-08-05 21:48:03,103.0,99.0,2.0,2.0
2021-08-05 21:48:04,84.0,72.0,9.0,3.0
2021-08-05 21:48:05,70.0,65.0,2.0,3.0
2021-08-05 21:48:06,74.0,62.0,9.0,3.0
2021-08-05 21:48:07,93.0,82.0,5.0,6.0
2021-08-05 21:48:08,72.0,62.0,3.0,7.0
2021-08-05 21:48:09,89.0,78.0,7.0,4.0
2021-08-05 21:48:10,77.0,65.0,6.0,6.0
2021-08-05 21:48:11,93.0,82.0,9.0,2.0
2021-08-05 21:48:12,98.0,86.0,9.0,3.0
2021-08-05 21:48:13,85.0,75.0,8.0,2.0
2021-08-05 21:48:14,81.0,67.0,9.0,5.0
2021-08-05 21:48:15,92.0,76.0,12.0,4.0
2021-08-05 21:48:16,84.0,75.0,5.0,4.0
2021-08-05 21:48:17,73.0,63.0,7.0,3.0
2021-08-05 21:48:18,79.0,65.0,8.0,6.0
2021-08-05 21:48:19,89.0,77.0,8.0,4.0
2021-08-05 21:48:20,77.0,70.0,5.0,2.0
2021-08-05 21:48:21,91.0,82.0,5.0,4.0
2021-08-05 21:48:22,82.0,73.0,1.0,8.0
2021-08-05 21:48:23,86.0,76.0,5.0,5.0
2021-08-05 21:48:24,73.0,67.0,4.0,2.0
2021-08-05 21:48:25,77.0,65.0,3.0,9.0
2021-08-05 21:48:26,87.0,79.0,5.0,3.0
2021-08-05 21:48:27,67.0,58.0,6.0,3.0
2021-08-05 21:48:28,82.0,68.0,5.0,9.0
2021-08-05 21:48:29,80.0,71.0,4.0,5.0
2021-08-05 21:48:30,80.0,69.0,8.0,3.0
2021-08-05 21:48:31,82.0,78.0,4.0,0.0
2021-08-05 21:48:32,72.0,61.0,5.0,6.0
2021-08-05 21:48:33,74.0,64.0,6.0,4.0
2021-08-05 21:48:34,79.0,75.0,2.0,2.0
2021-08-05 21:48:35,74.0,64.0,7.0,3.0
2021-08-05 21:48:36,64.0,58.0,5.0,1.0
2021-08-05 21:48:37,80.0,73.0,2.0,5.0
2021-08-05 21:48:38,82.0,73.0,7.0,2.0
2021-08-05 21:48:39,87.0,78.0,6.0,3.0
2021-08-05 21:48:40,93.0,84.0,6.0,3.0
2021-08-05 21:48:41,77.0,67.0,5.0,5.0
2021-08-05 21:48:42,73.0,63.0,7.0,3.0
2021-08-05 21:48:43,67.0,55.0,7.0,5.0
2021-08-05 21:48:44,58.0,51.0,4.0,3.0
2021-08-05 21:48:45,79.0,66.0,8.0,5.0
2021-08-05 21:48:46,88.0,74.0,8.0,6.0
2021-08-05 21:48:47,77.0,62.0,12.0,3.0
2021-08-05 21:48:48,81.0,67.0,9.0,5.0
2021-08-05 21:48:49,83.0,69.0,9.0,5.0
2021-08-05 21:48:50,81.0,66.0,12.0,3.0
2021-08-05 21:48:51,96.0,81.0,11.0,4.0
2021-08-05 21:48:52,70.0,59.0,10.0,1.0
2021-08-05 21:48:53,81.0,72.0,4.0,5.0
2021-08-05 21:48:54,77.0,71.0,4.0,2.0
2021-08-05 21:48:55,78.0,68.0,4.0,6.0
2021-08-05 21:48:56,84.0,71.0,11.0,2.0
2021-08-05 21:48:57,82.0,73.0,6.0,3.0
2021-08-05 21:48:58,73.0,68.0,1.0,4.0
2021-08-05 21:48:59,72.0,62.0,6.0,4.0
2021-08-05 21:49:00,76.0,69.0,6.0,1.0
2021-08-05 21:49:01,95.0,74.0,10.0,11.0
2021-08-05 21:49:02,93.0,78.0,9.0,6.0
2021-08-05 21:49:03,100.0,80.0,12.0,8.0
2021-08-05 21:49:04,78.0,69.0,3.0,6.0
2021-08-05 21:49:05,83.0,76.0,4.0,3.0
2021-08-05 21:49:06,65.0,54.0,8.0,3.0
2021-08-05 21:49:07,81.0,70.0,4.0,7.0
2021-08-05 21:49:08,82.0,74.0,6.0,2.0
2021-08-05 21:49:09,75.0,64.0,8.0,3.0
2021-08-05 21:49:10,80.0,65.0,6.0,9.0
2021-08-05 21:49:11,88.0,74.0,10.0,4.0
2021-08-05 21:49:12,86.0,75.0,9.0,2.0
2021-08-05 21:49:13,71.0,60.0,8.0,3.0
2021-08-05 21:49:14,66.0,55.0,7.0,4.0
2021-08-05 21:49:15,85.0,75.0,5.0,5.0
2021-08-05 21:49:16,73.0,62.0,9.0,2.0
2021-08-05 21:49:17,68.0,61.0,5.0,2.0
2021-08-05 21:49:18,88.0,78.0,6.0,4.0
2021-08-05 21:49:19,97.0,85.0,9.0,3.0
2021-08-05 21:49:20,86.0,76.0,7.0,3.0
2021-08-05 21:49:21,70.0,61.0,3.0,6.0
2021-08-05 21:49:22,67.0,57.0,8.0,2.0
2021-08-05 21:49:23,75.0,69.0,4.0,2.0
2021-08-05 21:49:24,78.0,63.0,7.0,8.0
2021-08-05 21:49:25,87.0,70.0,11.0,6.0
2021-08-05 21:49:26,90.0,78.0,7.0,5.0
2021-08-05 21:49:27,65.0,55.0,3.0,7.0
2021-08-05 21:49:28,81.0,74.0,3.0,4.0
2021-08-05 21:49:29,90.0,77.0,8.0,5.0
2021-08-05 21:49:30,103.0,88.0,9.0,6.0
2021-08-05 21:49:31,74.0,66.0,4.0,4.0
2021-08-05 21:49:32,86.0,76.0,6.0,4.0
2021-08-05 21:49:33,76.0,69.0,3.0,4.0
2021-08-05 21:49:34,93.0,78.0,11.0,4.0
2021-08-05 21:49:35,79.0,72.0,3.0,4.0
2021-08-05 21:49:36,82.0,70.0,8.0,4.0
2021-08-05 21:49:37,84.0,75.0,5.0,4.0
2021-08-05 21:49:38,74.0,71.0,1.0,2.0
2021-08-05 21:49:39,70.0,64.0,4.0,2.0
2021-08-05 21:49:40,84.0,68.0,9.0,7.0
2021-08-05 21:49:41,59.0,56.0,2.0,1.0
2021-08-05 21:49:42,87.0,79.0,5.0,3.0
2021-08-05 21:49:43,66.0,52.0,6.0,8.0
2021-08-05 21:49:44,78.0,65.0,10.0,3.0
2021-08-05 21:49:45,89.0,78.0,7.0,4.0
2021-08-05 21:49:46,78.0,64.0,9.0,5.0
2021-08-05 21:49:47,94.0,80.0,8.0,6.0
2021-08-05 21:49:48,74.0,66.0,6.0,2.0
2021-08-05 21:49:49,86.0,76.0,6.0,4.0
2021-08-05 21:49:50,92.0,81.0,6.0,5.0
2021-08-05 21:49:51,74.0,62.0,10.0,2.0
2021-08-05 21:49:52,79.0,71.0,7.0,1.0
2021-08-05 21:49:53,97.0,79.0,11.0,7.0
2021-08-05 21:49:54,105.0,88.0,13.0,4.0
2021-08-05 21:49:55,101.0,86.0,9.0,6.0
2021-08-05 21:49:56,78.0,66.0,6.0,6.0
2021-08-05 21:49:57,72.0,59.0,6.0,7.0
2021-08-05 21:49:58,88.0,72.0,4.0,12.0
2021-08-05 21:49:59,67.0,58.0,4.0,5.0
2021-08-05 21:50:00,73.0,57.0,11.0,5.0
2021-08-05 21:50:01,91.0,78.0,5.0,8.0
2021-08-05 21:50:02,87.0,75.0,6.0,6.0
2021-08-05 21:50:03,74.0,65.0,6.0,3.0
2021-08-05 21:50:04,70.0,58.0,8.0,4.0
2021-08-05 21:50:05,82.0,71.0,6.0,5.0
2021-08-05 21:50:06,74.0,64.0,4.0,6.0
2021-08-05 21:50:07,73.0,62.0,9.0,2.0
2021-08-05 21:50:08,70.0,67.0,3.0,0.0
2021-08-05 21:50:09,87.0,72.0,10.0,5.0
2021-08-05 21:50:10,78.0,69.0,3.0,6.0
2021-08-05 21:50:11,94.0,83.0,5.0,6.0
2021-08-05 21:50:12,82.0,74.0,7.0,1.0
2021-08-05 21:50:13,61.0,59.0,2.0,0.0
2021-08-05 21:50:14,76.0,66.0,7.0,3.0
2021-08-05 21:50:15,85.0,79.0,2.0,4.0
2021-08-05 21:50:16,86.0,78.0,5.0,3.0
2021-08-05 21:50:17,80.0,63.0,9.0,8.0
2021-08-05 21:50:18,82.0,65.0,13.0,4.0
2021-08-05 21:50:19,79.0,66.0,10.0,3.0
2021-08-05 21:50:20,85.0,73.0,7.0,5.0
2021-08-05 21:50:21,81.0,69.0,10.0,2.0
2021-08-05 21:50:22,82.0,66.0,12.0,4.0
2021-08-05 21:50:23,78.0,71.0,6.0,1.0
2021-08-05 21:50:24,97.0,83.0,8.0,6.0
2021-08-05 21:50:25,70.0,68.0,1.0,1.0
2021-08-05 21:50:26,90.0,79.0,7.0,4.0
2021-08-05 21:50:27,85.0,71.0,12.0,2.0
2021-08-05 21:50:28,77.0,68.0,4.0,5.0
2021-08-05 21:50:29,80.0,65.0,8.0,7.0
2021-08-05 21:50:30,89.0,79.0,5.0,5.0
2021-08-05 21:50:31,81.0,69.0,3.0,9.0
2021-08-05 21:50:32,70.0,65.0,2.0,3.0
2021-08-05 21:50:33,90.0,77.0,9.0,4.0
2021-08-05 21:50:34,88.0,81.0,6.0,1.0
2021-08-05 21:50:35,81.0,68.0,6.0,7.0
2021-08-05 21:50:36,81.0,72.0,5.0,4.0
2021-08-05 21:50:37,83.0,73.0,7.0,3.0
2021-08-05 21:50:38,87.0,79.0,4.0,4.0
2021-08-05 21:50:39,80.0,69.0,5.0,6.0
2021-08-05 21:50:40,85.0,77.0,4.0,4.0
2021-08-05 21:50:41,82.0,71.0,10.0,1.0
2021-08-05 21:50:42,83.0,71.0,6.0,6.0
2021-08-05 21:50:43,73.0,64.0,6.0,3.0
2021-08-05 21:50:44,72.0,64.0,6.0,2.0
2021-08-05 21:50:45,76.0,72.0,3.0,1.0
2021-08-05 21:50:46,76.0,64.0,4.0,8.0
2021-08-05 21:50:47,88.0,75.0,8.0,5.0
2021-08-05 21:50:48,64.0,58.0,3.0,3.0
2021-08-05 21:50:49,74.0,65.0,6.0,3.0
2021-08-05 21:50:50,85.0,69.0,5.0,11.0
2021-08-05 21:50:51,81.0,74.0,3.0,4.0
2021-08-05 21:50:52,86.0,71.0,9.0,6.0
2021-08-05 21:50:53,91.0,79.0,6.0,6.0
2021-08-05 21:50:54,87.0,80.0,5.0,2.0
2021-08-05 21:50:55,79.0,71.0,4.0,4.0
2021-08-05 21:50:56,73.0,66.0,6.0,1.0
2021-08-05 21:50:57,82.0,71.0,6.0,5.0
2021-08-05 21:50:58,69.0,56.0,8.0,5.0
2021-08-05 21:50:59,78.0,67.0,7.0,4.0
2021-08-05 21:51:00,87.0,71.0,8.0,8.0
2021-08-05 21:51:01,66.0,56.0,4.0,6.0
2021-08-05 21:51:02,93.0,85.0,2.0,6.0
2021-08-05 21:51:03,76.0,66.0,4.0,6.0
2021-08-05 21:51:04,81.0,67.0,7.0,7.0
2021-08-05 21:51:05,97.0,87.0,5.0,5.0
2021-08-05 21:51:06,75.0,62.0,7.0,6.0
2021-08-05 21:51:07,79.0,66.0,8.0,5.0
2021-08-05 21:51:08,80.0,77.0,2.0,1.0
2021-08-05 21:51:09,81.0,71.0,5.0,5.0
2021-08-05 21:51:10,75.0,66.0,3.0,6.0
2021-08-05 21:51:11,90.0,78.0,8.0,4.0
2021-08-05 21:51:12,67.0,62.0,4.0,1.0
2021-08-05 21:51:13,70.0,60.0,7.0,3.0
2021-08-05 21:51:14,72.0,63.0,5.0,4.0
2021-08-05 21:51:15,85.0,76.0,6.0,3.0
2021-08-05 21:51:16,73.0,60.0,9.0,4.0
2021-08-05 21:51:17,72.0,69.0,2.0,1.0
2021-08-05 21:51:18,78.0,63.0,8.0,7.0
2021-08-05 21:51:19,110.0,99.0,5.0,6.0
2021-08-05 21:51:20,85.0,77.0,2.0,6.0
2021-08-05 21:51:21,74.0,67.0,5.0,2.0
2021-08-05 21:51:22,87.0,72.0,8.0,7.0
2021-08-05 21:51:23,99.0,88.0,7.0,4.0
2021-08-05 21:51:24,76.0,63.0,8.0,5.0
2021-08-05 21:51:25,89.0,77.0,10.0,2.0
2021-08-05 21:51:26,81.0,71.0,5.0,5.0
2021-08-05 21:51:27,70.0,62.0,5.0,3.0
2021-08-05 21:51:28,78.0,68.0,4.0,6.0
2021-08-05 21:51:29,83.0,74.0,4.0,5.0
2021-08-05 21:51:30,78.0,74.0,1.0,3.0
2021-08-05 21:51:31,89.0,75.0,5.0,9.0
2021-08-05 21:51:32,82.0,68.0,10.0,4.0
2021-08-05 21:51:33,69.0,55.0,7.0,7.0
2021-08-05 21:51:34,79.0,65.0,8.0,6.0
2021-08-05 21:51:35,94.0,84.0,7.0,3.0
2021-08-05 21:51:36,73.0,61.0,8.0,4.0
2021-08-05 21:51:37,84.0,78.0,5.0,1.0
2021-08-05 21:51:38,98.0,79.0,14.0,5.0
2021-08-05 21:51:39,79.0,68.0,8.0,3.0
2021-08-05 21:51:40,85.0,77.0,5.0,3.0
2021-08-05 21:51:41,82.0,69.0,6.0,7.0
2021-08-05 21:51:42,67.0,61.0,3.0,3.0
2021-08-05 21:51:43,90.0,82.0,7.0,1.0
2021-08-05 21:51:44,87.0,74.0,8.0,5.0
2021-08-05 21:51:45,78.0,68.0,3.0,7.0
2021-08-05 21:51:46,63.0,52.0,9.0,2.0
2021-08-05 21:51:47,77.0,68.0,6.0,3.0
2021-08-05 21:51:48,74.0,67.0,3.0,4.0
2021-08-05 21:51:49,78.0,66.0,7.0,5.0
2021-08-05 21:51:50,78.0,69.0,6.0,3.0
2021-08-05 21:51:51,75.0,64.0,7.0,4.0
2021-08-05 21:51:52,75.0,64.0,10.0,1.0
2021-08-05 21:51:53,89.0,80.0,2.0,7.0
2021-08-05 21:51:54,68.0,61.0,2.0,5.0
2021-08-05 21:51:55,74.0,63.0,5.0,6.0
2021-08-05 21:51:56,81.0,66.0,8.0,7.0
2021-08-05 21:51:57,74.0,64.0,4.0,6.0
2021-08-05 21:51:58,77.0,70.0,4.0,3.0
2021-08-05 21:51:59,51.0,45.0,4.0,2.0
2021-08-05 21:52:00,89.0,75.0,7.0,7.0
2021-08-05 21:52:01,82.0,74.0,2.0,6.0
2021-08-05 21:52:02,72.0,60.0,6.0,6.0
2021-08-05 21:52:03,70.0,62.0,5.0,3.0
2021-08-05 21:52:04,80.0,71.0,9.0,0.0
2021-08-05 21:52:05,90.0,82.0,6.0,2.0
2021-08-05 21:52:06,101.0,83.0,10.0,8.0
2021-08-05 21:52:07,85.0,68.0,11.0,6.0
2021-08-05 21:52:08,86.0,74.0,4.0,8.0
2021-08-05 21:52:09,91.0,77.0,8.0,6.0
2021-08-05 21:52:10,84.0,74.0,4.0,6.0
2021-08-05 21:52:11,96.0,83.0,10.0,3.0
2021-08-05 21:52:12,74.0,66.0,4.0,4.0
2021-08-05 21:52:13,59.0,48.0,5.0,6.0
2021-08-05 21:52:14,72.0,60.0,3.0,9.0
2021-08-05 21:52:15,98.0,84.0,10.0,4.0
2021-08-05 21:52:16,78.0,72.0,4.0,2.0
2021-08-05 21:52:17,80.0,71.0,7.0,2.0
2021-08-05 21:52:18,93.0,81.0,7.0,5.0
2021-08-05 21:52:19,88.0,75.0,7.0,6.0
2021-08-05 21:52:20,85.0,73.0,6.0,6.0
2021-08-05 21:52:21,78.0,67.0,8.0,3.0
2021-08-05 21:52:22,93.0,81.0,6.0,6.0
2021-08-05 21:52:23,87.0,79.0,6.0,2.0
2021-08-05 21:52:24,61.0,51.0,7.0,3.0
2021-08-05 21:52:25,89.0,78.0,6.0,5.0
2021-08-05 21:52:26,75.0,61.0,11.0,3.0
2021-08-05 21:52:27,69.0,61.0,3.0,5.0
2021-08-05 21:52:28,82.0,72.0,7.0,3.0
2021-08-05 21:52:29,76.0,64.0,7.0,5.0
2021-08-05 21:52:30,73.0,65.0,5.0,3.0
2021-08-05 21:52:31,69.0,60.0,4.0,5.0
2021-08-05 21:52:32,80.0,71.0,4.0,5.0
2021-08-05 21:52:33,68.0,60.0,4.0,4.0
2021-08-05 21:52:34,84.0,74.0,6.0,4.0
2021-08-05 21:52:35,79.0,68.0,6.0,5.0
2021-08-05 21:52:36,64.0,56.0,6.0,2.0
2021-08-05 21:52:37,69.0,59.0,5.0,5.0
2021-08-05 21:52:38,79.0,71.0,5.0,3.0
2021-08-05 21:52:39,87.0,73.0,8.0,6.0
2021-08-05 21:52:40,82.0,71.0,7.0,4.0
2021-08-05 21:52:41,65.0,55.0,7.0,3.0
2021-08-05 21:52:42,74.0,67.0,5.0,2.0
2021-08-05 21:52:43,80.0,68.0,7.0,5.0
2021-08-05 21:52:44,79.0,69.0,4.0,6.0
2021-08-05 21:52:45,81.0,71.0,7.0,3.0
2021-08-05 21:52:46,69.0,61.0,4.0,4.0
2021-08-05 21:52:47,79.0,69.0,5.0,5.0
2021-08-05 21:52:48,104.0,85.0,15.0,4.0
2021-08-05 21:52:49,105.0,94.0,4.0,7.0
2021-08-05 21:52:50,78.0,67.0,6.0,5.0
2021-08-05 21:52:51,79.0,66.0,6.0,7.0
2021-08-05 21:52:52,69.0,62.0,4.0,3.0
2021-08-05 21:52:53,81.0,69.0,12.0,0.0
2021-08-05 21:52:54,84.0,78.0,3.0,3.0
2021-08-05 21:52:55,91.0,76.0,11.0,4.0
2021-08-05 21:52:56,74.0,63.0,6.0,5.0
2021-08-05 21:52:57,84.0,76.0,4.0,4.0
2021-08-05 21:52:58,78.0,72.0,4.0,2.0
2021-08-05 21:52:59,84.0,72.0,11.0,1.0
2021-08-05 21:53:00,82.0,69.0,8.0,5.0
2021-08-05 21:53:01,63.0,56.0,6.0,1.0
2021-08-05 21:53:02,86.0,75.0,5.0,6.0
2021-08-05 21:53:03,79.0,63.0,7.0,9.0
2021-08-05 21:53:04,55.0,47.0,4.0,4.0
2021-08-05 21:53:05,89.0,70.0,6.0,13.0
2021-08-05 21:53:06,74.0,61.0,7.0,6.0
2021-08-05 21:53:07,85.0,77.0,3.0,5.0
2021-08-05 21:53:08,77.0,68.0,6.0,3.0
2021-08-05 21:53:09,79.0,67.0,8.0,4.0
2021-08-05 21:53:10,81.0,66.0,9.0,6.0
2021-08-05 21:53:11,81.0,71.0,4.0,6.0
2021-08-05 21:53:12,78.0,73.0,3.0,2.0
2021-08-05 21:53:13,87.0,75.0,6.0,6.0
2021-08-05 21:53:14,78.0,70.0,2.0,6.0
2021-08-05 21:53:15,80.0,73.0,6.0,1.0
2021-08-05 21:53:16,65.0,54.0,4.0,7.0
2021-08-05 21:53:17,84.0,73.0,8.0,3.0
2021-08-05 21:53:18,87.0,73.0,8.0,6.0
2021-08-05 21:53:19,87.0,77.0,8.0,2.0
2021-08-05 21:53:20,74.0,65.0,6.0,3.0
2021-08-05 21:53:21,75.0,64.0,9.0,2.0
2021-08-05 21:53:22,81.0,70.0,8.0,3.0
2021-08-05 21:53:23,78.0,68.0,6.0,4.0
2021-08-05 21:53:24,90.0,77.0,5.0,8.0
2021-08-05 21:53:25,91.0,73.0,10.0,8.0
2021-08-05 21:53:26,82.0,66.0,11.0,5.0
2021-08-05 21:53:27,83.0,70.0,10.0,3.0
2021-08-05 21:53:28,86.0,75.0,9.0,2.0
2021-08-05 21:53:29,72.0,58.0,8.0,6.0
2021-08-05 21:53:30,85.0,73.0,6.0,6.0
2021-08-05 21:53:31,92.0,78.0,9.0,5.0
2021-08-05 21:53:32,89.0,73.0,11.0,5.0
2021-08-05 21:53:33,82.0,77.0,3.0,2.0
2021-08-05 21:53:34,73.0,63.0,5.0,5.0
2021-08-05 21:53:35,77.0,65.0,8.0,4.0
2021-08-05 21:53:36,75.0,66.0,5.0,4.0
2021-08-05 21:53:37,78.0,63.0,9.0,6.0
2021-08-05 21:53:38,87.0,76.0,8.0,3.0
2021-08-05 21:53:39,92.0,81.0,9.0,2.0
2021-08-05 21:53:40,81.0,70.0,9.0,2.0
2021-08-05 21:53:41,97.0,86.0,7.0,4.0
2021-08-05 21:53:42,75.0,60.0,10.0,5.0
2021-08-05 21:53:43,84.0,70.0,7.0,7.0
2021-08-05 21:53:44,82.0,69.0,8.0,5.0
2021-08-05 21:53:45,77.0,66.0,8.0,3.0
2021-08-05 21:53:46,85.0,72.0,5.0,8.0
2021-08-05 21:53:47,81.0,66.0,11.0,4.0
2021-08-05 21:53:48,84.0,74.0,7.0,3.0
2021-08-05 21:53:49,56.0,46.0,7.0,3.0
2021-08-05 21:53:50,88.0,77.0,7.0,4.0
2021-08-05 21:53:51,59.0,51.0,4.0,4.0
2021-08-05 21:53:52,62.0,52.0,6.0,4.0
2021-08-05 21:53:53,71.0,66.0,3.0,2.0
2021-08-05 21:53:54,79.0,70.0,5.0,4.0
2021-08-05 21:53:55,74.0,67.0,3.0,4.0
2021-08-05 21:53:56,80.0,69.0,6.0,5.0
2021-08-05 21:53:57,70.0,60.0,6.0,4.0
2021-08-05 21:53:58,70.0,56.0,10.0,4.0
2021-08-05 21:53:59,93.0,85.0,5.0,3.0
2021-08-05 21:54:00,76.0,71.0,4.0,1.0
2021-08-05 21:54:01,72.0,65.0,3.0,4.0
2021-08-05 21:54:02,80.0,70.0,8.0,2.0
2021-08-05 21:54:03,96.0,83.0,5.0,8.0
2021-08-05 21:54:04,77.0,70.0,3.0,4.0
2021-08-05 21:54:05,72.0,63.0,5.0,4.0
2021-08-05 21:54:06,72.0,70.0,2.0,0.0
2021-08-05 21:54:07,84.0,74.0,6.0,4.0
2021-08-05 21:54:08,78.0,69.0,4.0,5.0
2021-08-05 21:54:09,81.0,71.0,5.0,5.0
2021-08-05 21:54:10,93.0,84.0,7.0,2.0
2021-08-05 21:54:11,72.0,63.0,5.0,4.0
2021-08-05 21:54:12,89.0,81.0,5.0,3.0
2021-08-05 21:54:13,81.0,70.0,5.0,6.0
2021-08-05 21:54:14,81.0,68.0,8.0,5.0
2021-08-05 21:54:15,81.0,65.0,10.0,6.0
2021-08-05 21:54:16,84.0,77.0,6.0,1.0
2021-08-05 21:54:17,75.0,62.0,5.0,8.0
2021-08-05 21:54:18,81.0,70.0,9.0,2.0
2021-08-05 21:54:19,82.0,64.0,12.0,6.0
2021-08-05 21:54:20,84.0,74.0,7.0,3.0
2021-08-05 21:54:21,78.0,65.0,8.0,5.0
2021-08-05 21:54:22,74.0,64.0,6.0,4.0
2021-08-05 21:54:23,85.0,78.0,5.0,2.0
2021-08-05 21:54:24,90.0,75.0,8.0,7.0
2021-08-05 21:54:25,88.0,75.0,9.0,4.0
2021-08-05 21:54:26,80.0,67.0,8.0,5.0
2021-08-05 21:54:27,75.0,65.0,5.0,5.0
2021-08-05 21:54:28,80.0,73.0,4.0,3.0
2021-08-05 21:54:29,69.0,58.0,8.0,3.0
2021-08-05 21:54:30,76.0,63.0,8.0,5.0
2021-08-05 21:54:31,81.0,70.0,7.0,4.0
2021-08-05 21:54:32,74.0,67.0,4.0,3.0
2021-08-05 21:54:33,74.0,66.0,5.0,3.0
2021-08-05 21:54:34,68.0,59.0,6.0,3.0
2021-08-05 21:54:35,80.0,66.0,10.0,4.0
2021-08-05 21:54:36,75.0,63.0,7.0,5.0
2021-08-05 21:54:37,81.0,68.0,7.0,6.0
2021-08-05 21:54:38,72.0,61.0,8.0,3.0
2021-08-05 21:54:39,83.0,67.0,9.0,7.0
2021-08-05 21:54:40,83.0,70.0,7.0,6.0
2021-08-05 21:54:41,87.0,77.0,5.0,5.0
2021-08-05 21:54:42,78.0,63.0,3.0,12.0
2021-08-05 21:54:43,72.0,66.0,2.0,4.0
2021-08-05 21:54:44,76.0,68.0,3.0,5.0
2021-08-05 21:54:45,76.0,68.0,7.0,1.0
2021-08-05 21:54:46,72.0,61.0,5.0,6.0
2021-08-05 21:54:47,98.0,79.0,9.0,10.0
2021-08-05 21:54:48,82.0,75.0,3.0,4.0
2021-08-05 21:54:49,68.0,58.0,4.0,6.0
2021-08-05 21:54:50,71.0,62.0,8.0,1.0
2021-08-05 21:54:51,95.0,84.0,8.0,3.0
2021-08-05 21:54:52,89.0,78.0,5.0,6.0
2021-08-05 21:54:53,66.0,57.0,4.0,5.0
2021-08-05 21:54:54,83.0,70.0,5.0,8.0
2021-08-05 21:54:55,64.0,54.0,3.0,7.0
2021-08-05 21:54:56,73.0,65.0,2.0,6.0
2021-08-05 21:54:57,92.0,84.0,7.0,1.0
2021-08-05 21:54:58,73.0,67.0,3.0,3.0
2021-08-05 21:54:59,72.0,64.0,3.0,5.0
2021-08-05 21:55:00,75.0,65.0,6.0,4.0
2021-08-05 21:55:01,76.0,64.0,4.0,8.0
2021-08-05 21:55:02,75.0,64.0,8.0,3.0
2021-08-05 21:55:03,93.0,77.0,9.0,7.0
2021-08-05 21:55:04,90.0,74.0,9.0,7.0
2021-08-05 21:55:05,81.0,71.0,4.0,6.0
2021-08-05 21:55:06,78.0,62.0,10.0,6.0
2021-08-05 21:55:07,74.0,65.0,3.0,6.0
2021-08-05 21:55:08,80.0,74.0,2.0,4.0
2021-08-05 21:55:09,89.0,77.0,6.0,6.0
2021-08-05 21:55:10,78.0,72.0,4.0,2.0
2021-08-05 21:55:11,84.0,74.0,9.0,1.0
2021-08-05 21:55:12,82.0,71.0,8.0,3.0
2021-08-05 21:55:13,72.0,65.0,2.0,5.0
2021-08-05 21:55:14,70.0,55.0,10.0,5.0
2021-08-05 21:55:15,85.0,80.0,5.0,0.0
2021-08-05 21:55:16,89.0,75.0,7.0,7.0
2021-08-05 21:55:17,85.0,74.0,8.0,3.0
2021-08-05 21:55:18,87.0,78.0,6.0,3.0
2021-08-05 21:55:19,78.0,69.0,8.0,1.0
2021-08-05 21:55:20,77.0,68.0,4.0,5.0
2021-08-05 21:55:21,90.0,74.0,9.0,7.0
2021-08-05 21:55:22,71.0,62.0,5.0,4.0
2021-08-05 21:55:23,74.0,67.0,6.0,1.0
2021-08-05 21:55:24,69.0,59.0,7.0,3.0
2021-08-05 21:55:25,63.0,54.0,6.0,3.0
2021-08-05 21:55:26,65.0,58.0,5.0,2.0
2021-08-05 21:55:27,90.0,73.0,9.0,8.0
2021-08-05 21:55:28,70.0,59.0,4.0,7.0
2021-08-05 21:55:29,85.0,70.0,10.0,5.0
2021-08-05 21:55:30,77.0,67.0,7.0,3.0
2021-08-05 21:55:31,92.0,83.0,5.0,4.0
2021-08-05 21:55:32,77.0,67.0,8.0,2.0
2021-08-05 21:55:33,72.0,64.0,4.0,4.0
2021-08-05 21:55:34,83.0,73.0,9.0,1.0
2021-08-05 21:55:35,75.0,68.0,2.0,5.0
2021-08-05 21:55:36,75.0,66.0,5.0,4.0
2021-08-05 21:55:37,84.0,74.0,7.0,3.0
2021-08-05 21:55:38,74.0,66.0,5.0,3.0
2021-08-05 21:55:39,72.0,60.0,7.0,5.0
2021-08-05 21:55:40,72.0,58.0,5.0,9.0
2021-08-05 21:55:41,91.0,79.0,6.0,6.0
2021-08-05 21:55:42,87.0,79.0,2.0,6.0
2021-08-05 21:55:43,93.0,82.0,8.0,3.0
2021-08-05 21:55:44,71.0,66.0,5.0,0.0
2021-08-05 21:55:45,78.0,67.0,7.0,4.0
2021-08-05 21:55:46,65.0,52.0,11.0,2.0
2021-08-05 21:55:47,82.0,71.0,8.0,3.0
2021-08-05 21:55:48,85.0,74.0,7.0,4.0
2021-08-05 21:55:49,78.0,68.0,6.0,4.0
2021-08-05 21:55:50,79.0,69.0,7.0,3.0
2021-08-05 21:55:51,67.0,59.0,5.0,3.0
2021-08-05 21:55:52,86.0,73.0,9.0,4.0
2021-08-05 21:55:53,89.0,76.0,7.0,6.0
2021-08-05 21:55:54,87.0,78.0,7.0,2.0
2021-08-05 21:55:55,85.0,73.0,7.0,5.0
2021-08-05 21:55:56,83.0,71.0,6.0,6.0
2021-08-05 21:55:57,75.0,65.0,5.0,5.0
2021-08-05 21:55:58,89.0,79.0,5.0,5.0
2021-08-05 21:55:59,79.0,69.0,6.0,4.0
2021-08-05 21:56:00,81.0,67.0,11.0,3.0
2021-08-05 21:56:01,63.0,59.0,3.0,1.0
2021-08-05 21:56:02,85.0,71.0,11.0,3.0
2021-08-05 21:56:03,71.0,63.0,3.0,5.0
2021-08-05 21:56:04,90.0,77.0,8.0,5.0
2021-08-05 21:56:05,93.0,84.0,4.0,5.0
2021-08-05 21:56:06,82.0,72.0,5.0,5.0
2021-08-05 21:56:07,82.0,70.0,5.0,7.0
2021-08-05 21:56:08,60.0,53.0,4.0,3.0
2021-08-05 21:56:09,92.0,78.0,5.0,9.0
2021-08-05 21:56:10,75.0,65.0,6.0,4.0
2021-08-05 21:56:11,85.0,74.0,8.0,3.0
2021-08-05 21:56:12,73.0,60.0,9.0,4.0
2021-08-05 21:56:13,90.0,80.0,7.0,3.0
2021-08-05 21:56:14,97.0,89.0,8.0,0.0
2021-08-05 21:56:15,82.0,71.0,4.0,7.0
2021-08-05 21:56:16,70.0,61.0,3.0,6.0
2021-08-05 21:56:17,90.0,79.0,6.0,5.0
2021-08-05 21:56:18,88.0,82.0,5.0,1.0
2021-08-05 21:56:19,63.0,57.0,1.0,5.0
2021-08-05 21:56:20,75.0,63.0,7.0,5.0
2021-08-05 21:56:21,66.0,56.0,5.0,5.0
2021-08-05 21:56:22,93.0,76.0,9.0,8.0
2021-08-05 21:56:23,64.0,57.0,4.0,3.0
2021-08-05 21:56:24,79.0,70.0,4.0,5.0
2021-08-05 21:56:25,85.0,76.0,6.0,3.0
2021-08-05 21:56:26,92.0,77.0,8.0,7.0
2021-08-05 21:56:27,73.0,60.0,9.0,4.0
2021-08-05 21:56:28,85.0,70.0,9.0,6.0
2021-08-05 21:56:29,83.0,76.0,4.0,3.0
2021-08-05 21:56:30,67.0,58.0,5.0,4.0
2021-08-05 21:56:31,90.0,80.0,6.0,4.0
2021-08-05 21:56:32,91.0,82.0,7.0,2.0
2021-08-05 21:56:33,91.0,76.0,9.0,6.0
2021-08-05 21:56:34,80.0,67.0,6.0,7.0
2021-08-05 21:56:35,68.0,58.0,5.0,5.0
2021-08-05 21:56:36,90.0,76.0,6.0,8.0
2021-08-05 21:56:37,64.0,57.0,4.0,3.0
2021-08-05 21:56:38,83.0,75.0,4.0,4.0
2021-08-05 21:56:39,87.0,76.0,3.0,8.0
2021-08-05 21:56:40,79.0,65.0,14.0,0.0
2021-08-05 21:56:41,70.0,58.0,7.0,5.0
2021-08-05 21:56:42,79.0,66.0,9.0,4.0
2021-08-05 21:56:43,84.0,72.0,7.0,5.0
2021-08-05 21:56:44,72.0,57.0,7.0,8.0
2021-08-05 21:56:45,71.0,67.0,4.0,0.0
2021-08-05 21:56:46,104.0,96.0,2.0,6.0
2021-08-05 21:56:47,84.0,69.0,12.0,3.0
2021-08-05 21:56:48,80.0,72.0,7.0,1.0
2021-08-05 21:56:49,70.0,59.0,9.0,2.0
2021-08-05 21:56:50,67.0,51.0,10.0,6.0
2021-08-05 21:56:51,91.0,72.0,10.0,9.0
2021-08-05 21:56:52,86.0,72.0,10.0,4.0
2021-08-05 21:56:53,70.0,60.0,6.0,4.0
2021-08-05 21:56:54,65.0,58.0,4.0,3.0
2021-08-05 21:56:55,67.0,60.0,4.0,3.0
2021-08-05 21:56:56,58.0,51.0,5.0,2.0
2021-08-05 21:56:57,84.0,75.0,6.0,3.0
2021-08-05 21:56:58,79.0,71.0,3.0,5.0
2021-08-05 21:56:59,71.0,61.0,7.0,3.0
2021-08-05 21:57:00,69.0,60.0,6.0,3.0
2021-08-05 21:57:01,88.0,79.0,7.0,2.0
2021-08-05 21:57:02,78.0,69.0,4.0,5.0
2021-08-05 21:57:03,60.0,51.0,6.0,3.0
2021-08-05 21:57:04,67.0,57.0,6.0,4.0
2021-08-05 21:57:05,80.0,72.0,5.0,3.0
2021-08-05 21:57:06,84.0,69.0,10.0,5.0
2021-08-05 21:57:07,75.0,59.0,8.0,8.0
2021-08-05 21:57:08,68.0,59.0,6.0,3.0
2021-08-05 21:57:09,86.0,76.0,6.0,4.0
2021-08-05 21:57:10,78.0,66.0,8.0,4.0
2021-08-05 21:57:11,82.0,65.0,8.0,9.0
2021-08-05 21:57:12,86.0,74.0,9.0,3.0
2021-08-05 21:57:13,82.0,72.0,6.0,4.0
2021-08-05 21:57:14,77.0,71.0,3.0,3.0
2021-08-05 21:57:15,68.0,54.0,7.0,7.0
2021-08-05 21:57:16,72.0,59.0,7.0,6.0
2021-08-05 21:57:17,82.0,72.0,6.0,4.0
2021-08-05 21:57:18,89.0,74.0,9.0,6.0
2021-08-05 21:57:19,61.0,54.0,3.0,4.0
2021-08-05 21:57:20,72.0,65.0,3.0,4.0
2021-08-05 21:57:21,70.0,60.0,8.0,2.0
2021-08-05 21:57:22,91.0,82.0,6.0,3.0
2021-08-05 21:57:23,60.0,53.0,3.0,4.0
2021-08-05 21:57:24,84.0,75.0,4.0,5.0
2021-08-05 21:57:25,74.0,60.0,13.0,1.0
2021-08-05 21:57:26,80.0,77.0,1.0,2.0
2021-08-05 21:57:27,84.0,71.0,11.0,2.0
2021-08-05 21:57:28,77.0,69.0,6.0,2.0
2021-08-05 21:57:29,74.0,66.0,6.0,2.0
2021-08-05 21:57:30,84.0,74.0,8.0,2.0
2021-08-05 21:57:31,95.0,79.0,13.0,3.0
2021-08-05 21:57:32,71.0,67.0,2.0,2.0
2021-08-05 21:57:33,91.0,78.0,7.0,6.0
2021-08-05 21:57:34,73.0,65.0,5.0,3.0
2021-08-05 21:57:35,84.0,67.0,8.0,9.0
2021-08-05 21:57:36,79.0,68.0,7.0,4.0
2021-08-05 21:57:37,96.0,81.0,10.0,5.0
2021-08-05 21:57:38,74.0,65.0,6.0,3.0
2021-08-05 21:57:39,80.0,72.0,5.0,3.0
2021-08-05 21:57:40,88.0,75.0,10.0,3.0
2021-08-05 21:57:41,76.0,63.0,7.0,6.0
2021-08-05 21:57:42,78.0,69.0,6.0,3.0
2021-08-05 21:57:43,68.0,59.0,2.0,7.0
2021-08-05 21:57:44,91.0,81.0,5.0,5.0
2021-08-05 21:57:45,81.0,68.0,8.0,5.0
2021-08-05 21:57:46,77.0,70.0,3.0,4.0
2021-08-05 21:57:47,74.0,65.0,6.0,3.0
2021-08-05 21:57:48,68.0,57.0,6.0,5.0
2021-08-05 21:57:49,76.0,67.0,4.0,5.0
2021-08-05 21:57:50,78.0,72.0,4.0,2.0
2021-08-05 21:57:51,79.0,64.0,8.0,7.0
2021-08-05 21:57:52,76.0,66.0,6.0,4.0
2021-08-05 21:57:53,79.0,72.0,7.0,0.0
2021-08-05 21:57:54,81.0,76.0,4.0,1.0
2021-08-05 21:57:55,89.0,81.0,3.0,5.0
2021-08-05 21:57:56,78.0,66.0,6.0,6.0
2021-08-05 21:57:57,87.0,73.0,6.0,8.0
2021-08-05 21:57:58,78.0,69.0,3.0,6.0
2021-08-05 21:57:59,83.0,76.0,1.0,6.0
2021-08-05 21:58:00,73.0,63.0,6.0,4.0
2021-08-05 21:58:01,72.0,58.0,8.0,6.0
2021-08-05 21:58:02,78.0,65.0,8.0,5.0
2021-08-05 21:58:03,65.0,58.0,4.0,3.0
2021-08-05 21:58:04,60.0,52.0,6.0,2.0
2021-08-05 21:58:05,79.0,66.0,8.0,5.0
2021-08-05 21:58:06,76.0,66.0,5.0,5.0
2021-08-05 21:58:07,69.0,63.0,3.0,3.0
2021-08-05 21:58:08,78.0,69.0,7.0,2.0
2021-08-05 21:58:09,80.0,72.0,4.0,4.0
2021-08-05 21:58:10,84.0,69.0,8.0,7.0
2021-08-05 21:58:11,93.0,80.0,7.0,6.0
2021-08-05 21:58:12,80.0,68.0,8.0,4.0
2021-08-05 21:58:13,77.0,65.0,9.0,3.0
2021-08-05 21:58:14,71.0,66.0,3.0,2.0
2021-08-05 21:58:15,86.0,74.0,7.0,5.0
2021-08-05 21:58:16,77.0,64.0,9.0,4.0
2021-08-05 21:58:17,74.0,63.0,4.0,7.0
2021-08-05 21:58:18,83.0,71.0,7.0,5.0
2021-08-05 21:58:19,55.0,48.0,3.0,4.0
2021-08-05 21:58:20,73.0,67.0,4.0,2.0
2021-08-05 21:58:21,78.0,71.0,4.0,3.0
2021-08-05 21:58:22,91.0,75.0,9.0,7.0
2021-08-05 21:58:23,78.0,63.0,11.0,4.0
2021-08-05 21:58:24,71.0,64.0,3.0,4.0
2021-08-05 21:58:25,83.0,70.0,4.0,9.0
2021-08-05 21:58:26,88.0,76.0,8.0,4.0
2021-08-05 21:58:27,70.0,61.0,7.0,2.0
2021-08-05 21:58:28,71.0,61.0,6.0,4.0
2021-08-05 21:58:29,85.0,76.0,4.0,5.0
2021-08-05 21:58:30,76.0,69.0,5.0,2.0
2021-08-05 21:58:31,92.0,79.0,10.0,3.0
2021-08-05 21:58:32,88.0,77.0,9.0,2.0
2021-08-05 21:58:33,79.0,68.0,8.0,3.0
2021-08-05 21:58:34,81.0,71.0,8.0,2.0
2021-08-05 21:58:35,62.0,54.0,4.0,4.0
2021-08-05 21:58:36,86.0,75.0,7.0,4.0
2021-08-05 21:58:37,92.0,79.0,6.0,7.0
2021-08-05 21:58:38,91.0,76.0,10.0,5.0
2021-08-05 21:58:39,72.0,61.0,6.0,5.0
2021-08-05 21:58:40,79.0,71.0,4.0,4.0
2021-08-05 21:58:41,82.0,72.0,7.0,3.0
2021-08-05 21:58:42,67.0,57.0,3.0,7.0
2021-08-05 21:58:43,82.0,72.0,7.0,3.0
2021-08-05 21:58:44,75.0,65.0,6.0,4.0
2021-08-05 21:58:45,72.0,66.0,5.0,1.0
2021-08-05 21:58:46,72.0,63.0,3.0,6.0
2021-08-05 21:58:47,74.0,64.0,5.0,5.0
2021-08-05 21:58:48,73.0,66.0,3.0,4.0
2021-08-05 21:58:49,76.0,65.0,7.0,4.0
2021-08-05 21:58:50,85.0,70.0,8.0,7.0
2021-08-05 21:58:51,75.0,63.0,5.0,7.0
2021-08-05 21:58:52,95.0,82.0,9.0,4.0
2021-08-05 21:58:53,80.0,65.0,7.0,8.0
2021-08-05 21:58:54,82.0,75.0,3.0,4.0
2021-08-05 21:58:55,80.0,68.0,6.0,6.0
2021-08-05 21:58:56,79.0,67.0,5.0,7.0
2021-08-05 21:58:57,74.0,63.0,7.0,4.0
2021-08-05 21:58:58,64.0,57.0,2.0,5.0
2021-08-05 21:58:59,77.0,65.0,5.0,7.0
2021-08-05 21:59:00,66.0,56.0,7.0,3.0
2021-08-05 21:59:01,77.0,67.0,6.0,4.0
2021-08-05 21:59:02,72.0,62.0,9.0,1.0
2021-08-05 21:59:03,68.0,62.0,5.0,1.0
2021-08-05 21:59:04,75.0,66.0,7.0,2.0
2021-08-05 21:59:05,73.0,59.0,10.0,4.0
2021-08-05 21:59:06,83.0,74.0,6.0,3.0
2021-08-05 21:59:07,81.0,68.0,7.0,6.0
2021-08-05 21:59:08,81.0,72.0,5.0,4.0
2021-08-05 21:59:09,71.0,64.0,2.0,5.0
2021-08-05 21:59:10,63.0,58.0,3.0,2.0
2021-08-05 21:59:11,71.0,59.0,3.0,9.0
2021-08-05 21:59:12,78.0,66.0,8.0,4.0
2021-08-05 21:59:13,83.0,72.0,3.0,8.0
2021-08-05 21:59:14,88.0,81.0,4.0,3.0
2021-08-05 21:59:15,84.0,73.0,10.0,1.0
2021-08-05 21:59:16,78.0,67.0,6.0,5.0
2021-08-05 21:59:17,81.0,71.0,6.0,4.0
2021-08-05 21:59:18,64.0,58.0,2.0,4.0
2021-08-05 21:59:19,75.0,64.0,8.0,3.0
2021-08-05 21:59:20,70.0,61.0,5.0,4.0
2021-08-05 21:59:21,95.0,79.0,10.0,6.0
2021-08-05 21:59:22,76.0,67.0,5.0,4.0
2021-08-05 21:59:23,81.0,67.0,4.0,10.0
2021-08-05 21:59:24,70.0,65.0,3.0,2.0
2021-08-05 21:59:25,67.0,57.0,4.0,6.0
2021-08-05 21:59:26,83.0,73.0,6.0,4.0
2021-08-05 21:59:27,82.0,72.0,6.0,4.0
2021-08-05 21:59:28,82.0,68.0,6.0,8.0
2021-08-05 21:59:29,75.0,58.0,8.0,9.0
2021-08-05 21:59:30,87.0,78.0,5.0,4.0
2021-08-05 21:59:31,85.0,68.0,7.0,10.0
2021-08-05 21:59:32,95.0,80.0,7.0,8.0
2021-08-05 21:59:33,89.0,80.0,4.0,5.0
2021-08-05 21:59:34,71.0,59.0,8.0,4.0
2021-08-05 21:59:35,89.0,76.0,8.0,5.0
2021-08-05 21:59:36,91.0,80.0,8.0,3.0
2021-08-05 21:59:37,88.0,81.0,3.0,4.0
2021-08-05 21:59:38,87.0,78.0,7.0,2.0
2021-08-05 21:59:39,81.0,67.0,6.0,8.0
2021-08-05 21:59:40,70.0,61.0,4.0,5.0
2021-08-05 21:59:41,72.0,64.0,3.0,5.0
2021-08-05 21:59:42,82.0,74.0,6.0,2.0
2021-08-05 21:59:43,75.0,68.0,2.0,5.0
2021-08-05 21:59:44,74.0,64.0,5.0,5.0
2021-08-05 21:59:45,103.0,95.0,5.0,3.0
2021-08-05 21:59:46,60.0,52.0,6.0,2.0
2021-08-05 21:59:47,85.0,79.0,4.0,2.0
2021-08-05 21:59:48,76.0,67.0,5.0,4.0
2021-08-05 21:59:49,73.0,56.0,8.0,9.0
2021-08-05 21:59:50,83.0,71.0,12.0,0.0
2021-08-05 21:59:51,76.0,69.0,5.0,2.0
2021-08-05 21:59:52,85.0,77.0,5.0,3.0
2021-08-05 21:59:53,94.0,85.0,6.0,3.0
2021-08-05 21:59:54,75.0,70.0,4.0,1.0
2021-08-05 21:59:55,78.0,69.0,5.0,4.0
2021-08-05 21:59:56,65.0,60.0,4.0,1.0
2021-08-05 21:59:57,73.0,66.0,3.0,4.0
2021-08-05 21:59:58,78.0,70.0,3.0,5.0
2021-08-05 21:59:59,84.0,71.0,11.0,2.0
2021-08-05 22:00:00,74.0,62.0,6.0,6.0
2021-08-05 22:00:01,94.0,81.0,6.0,7.0
2021-08-05 22:00:02,61.0,56.0,4.0,1.0
2021-08-05 22:00:03,90.0,80.0,8.0,2.0
2021-08-05 22:00:04,75.0,64.0,9.0,2.0
2021-08-05 22:00:05,80.0,71.0,7.0,2.0
2021-08-05 22:00:06,74.0,64.0,5.0,5.0
2021-08-05 22:00:07,86.0,75.0,5.0,6.0
2021-08-05 22:00:08,72.0,61.0,7.0,4.0
2021-08-05 22:00:09,85.0,69.0,11.0,5.0
2021-08-05 22:00:10,88.0,72.0,13.0,3.0
2021-08-05 22:00:11,69.0,60.0,5.0,4.0
2021-08-05 22:00:12,78.0,65.0,7.0,6.0
2021-08-05 22:00:13,72.0,62.0,6.0,4.0
2021-08-05 22:00:14,83.0,71.0,6.0,6.0
2021-08-05 22:00:15,62.0,55.0,5.0,2.0
2021-08-05 22:00:16,88.0,68.0,12.0,8.0
2021-08-05 22:00:17,72.0,63.0,5.0,4.0
2021-08-05 22:00:18,74.0,58.0,12.0,4.0
2021-08-05 22:00:19,71.0,60.0,5.0,6.0
2021-08-05 22:00:20,79.0,71.0,5.0,3.0
2021-08-05 22:00:21,83.0,72.0,8.0,3.0
2021-08-05 22:00:22,63.0,55.0,4.0,4.0
2021-08-05 22:00:23,77.0,64.0,9.0,4.0
2021-08-05 22:00:24,89.0,78.0,4.0,7.0
2021-08-05 22:00:25,70.0,61.0,7.0,2.0
2021-08-05 22:00:26,68.0,62.0,2.0,4.0
2021-08-05 22:00:27,85.0,72.0,7.0,6.0
2021-08-05 22:00:28,80.0,67.0,9.0,4.0
2021-08-05 22:00:29,95.0,77.0,10.0,8.0
2021-08-05 22:00:30,89.0,74.0,11.0,4.0
2021-08-05 22:00:31,69.0,61.0,5.0,3.0
2021-08-05 22:00:32,71.0,62.0,5.0,4.0
2021-08-05 22:00:33,78.0,62.0,8.0,8.0
2021-08-05 22:00:34,79.0,69.0,6.0,4.0
2021-08-05 22:00:35,74.0,61.0,9.0,4.0
2021-08-05 22:00:36,82.0,69.0,11.0,2.0
2021-08-05 22:00:37,90.0,85.0,2.0,3.0
2021-08-05 22:00:38,79.0,68.0,5.0,6.0
2021-08-05 22:00:39,72.0,60.0,5.0,7.0
2021-08-05 22:00:40,71.0,60.0,3.0,8.0
2021-08-05 22:00:41,83.0,72.0,8.0,3.0
2021-08-05 22:00:42,77.0,72.0,5.0,0.0
2021-08-05 22:00:43,98.0,84.0,10.0,4.0
2021-08-05 22:00:44,87.0,76.0,6.0,5.0
2021-08-05 22:00:45,89.0,77.0,10.0,2.0
2021-08-05 22:00:46,91.0,81.0,4.0,6.0
2021-08-05 22:00:47,67.0,60.0,5.0,2.0
2021-08-05 22:00:48,83.0,72.0,6.0,5.0
2021-08-05 22:00:49,71.0,64.0,3.0,4.0
2021-08-05 22:00:50,74.0,68.0,3.0,3.0
2021-08-05 22:00:51,92.0,82.0,4.0,6.0
2021-08-05 22:00:52,84.0,79.0,4.0,1.0
2021-08-05 22:00:53,73.0,63.0,4.0,6.0
2021-08-05 22:00:54,98.0,88.0,8.0,2.0
2021-08-05 22:00:55,93.0,81.0,9.0,3.0
2021-08-05 22:00:56,94.0,83.0,8.0,3.0
2021-08-05 22:00:57,92.0,77.0,13.0,2.0
2021-08-05 22:00:58,76.0,66.0,6.0,4.0
2021-08-05 22:00:59,89.0,79.0,6.0,4.0
2021-08-05 22:01:00,77.0,65.0,8.0,4.0
2021-08-05 22:01:01,67.0,59.0,6.0,2.0
2021-08-05 22:01:02,71.0,61.0,3.0,7.0
2021-08-05 22:01:03,75.0,68.0,5.0,2.0
2021-08-05 22:01:04,79.0,67.0,6.0,6.0
2021-08-05 22:01:05,66.0,60.0,3.0,3.0
2021-08-05 22:01:06,84.0,73.0,7.0,4.0
2021-08-05 22:01:07,98.0,82.0,10.0,6.0
2021-08-05 22:01:08,78.0,73.0,2.0,3.0
2021-08-05 22:01:09,75.0,59.0,11.0,5.0
2021-08-05 22:01:10,93.0,84.0,6.0,3.0
2021-08-05 22:01:11,78.0,65.0,7.0,6.0
2021-08-05 22:01:12,87.0,77.0,5.0,5.0
2021-08-05 22:01:13,93.0,82.0,9.0,2.0
2021-08-05 22:01:14,94.0,82.0,8.0,4.0
2021-08-05 22:01:15,87.0,79.0,5.0,3.0
2021-08-05 22:01:16,77.0,62.0,12.0,3.0
2021-08-05 22:01:17,89.0,73.0,10.0,6.0
2021-08-05 22:01:18,69.0,59.0,4.0,6.0
2021-08-05 22:01:19,76.0,63.0,9.0,4.0
2021-08-05 22:01:20,82.0,74.0,6.0,2.0
2021-08-05 22:01:21,73.0,66.0,3.0,4.0
2021-08-05 22:01:22,76.0,66.0,7.0,3.0
2021-08-05 22:01:23,76.0,70.0,2.0,4.0
2021-08-05 22:01:24,68.0,55.0,10.0,3.0
2021-08-05 22:01:25,90.0,81.0,5.0,4.0
2021-08-05 22:01:26,75.0,65.0,6.0,4.0
2021-08-05 22:01:27,86.0,73.0,11.0,2.0
2021-08-05 22:01:28,85.0,68.0,7.0,10.0
2021-08-05 22:01:29,83.0,67.0,6.0,10.0
2021-08-05 22:01:30,76.0,64.0,6.0,6.0
2021-08-05 22:01:31,75.0,65.0,7.0,3.0
2021-08-05 22:01:32,74.0,69.0,2.0,3.0
2021-08-05 22:01:33,85.0,73.0,9.0,3.0
2021-08-05 22:01:34,70.0,54.0,10.0,6.0
2021-08-05 22:01:35,67.0,61.0,4.0,2.0
2021-08-05 22:01:36,71.0,62.0,5.0,4.0
2021-08-05 22:01:37,77.0,65.0,8.0,4.0
2021-08-05 22:01:38,83.0,75.0,7.0,1.0
2021-08-05 22:01:39,75.0,67.0,5.0,3.0
2021-08-05 22:01:40,73.0,61.0,8.0,4.0
2021-08-05 22:01:41,72.0,65.0,5.0,2.0
2021-08-05 22:01:42,76.0,63.0,5.0,8.0
2021-08-05 22:01:43,82.0,70.0,8.0,4.0
2021-08-05 22:01:44,80.0,64.0,10.0,6.0
2021-08-05 22:01:45,64.0,59.0,3.0,2.0
2021-08-05 22:01:46,81.0,71.0,7.0,3.0
2021-08-05 22:01:47,78.0,67.0,7.0,4.0
2021-08-05 22:01:48,77.0,65.0,8.0,4.0
2021-08-05 22:01:49,90.0,76.0,8.0,6.0
2021-08-05 22:01:50,87.0,68.0,10.0,9.0
2021-08-05 22:01:51,90.0,77.0,8.0,5.0
2021-08-05 22:01:52,72.0,60.0,7.0,5.0
2021-08-05 22:01:53,82.0,70.0,8.0,4.0
2021-08-05 22:01:54,76.0,67.0,6.0,3.0
2021-08-05 22:01:55,63.0,55.0,5.0,3.0
2021-08-05 22:01:56,75.0,67.0,4.0,4.0
2021-08-05 22:01:57,76.0,65.0,7.0,4.0
2021-08-05 22:01:58,74.0,64.0,8.0,2.0
2021-08-05 22:01:59,88.0,72.0,10.0,6.0
2021-08-05 22:02:00,71.0,60.0,6.0,5.0
2021-08-05 22:02:01,77.0,62.0,4.0,11.0
2021-08-05 22:02:02,78.0,58.0,16.0,4.0
2021-08-05 22:02:03,81.0,68.0,11.0,2.0
2021-08-05 22:02:04,79.0,68.0,5.0,6.0
2021-08-05 22:02:05,64.0,56.0,4.0,4.0
2021-08-05 22:02:06,76.0,66.0,5.0,5.0
2021-08-05 22:02:07,79.0,67.0,3.0,9.0
2021-08-05 22:02:08,69.0,59.0,6.0,4.0
2021-08-05 22:02:09,68.0,59.0,5.0,4.0
2021-08-05 22:02:10,60.0,54.0,2.0,4.0
2021-08-05 22:02:11,72.0,64.0,4.0,4.0
2021-08-05 22:02:12,83.0,74.0,5.0,4.0
2021-08-05 22:02:13,88.0,66.0,11.0,11.0
2021-08-05 22:02:14,80.0,69.0,6.0,5.0
2021-08-05 22:02:15,83.0,72.0,10.0,1.0
2021-08-05 22:02:16,85.0,75.0,6.0,4.0
2021-08-05 22:02:17,79.0,67.0,6.0,6.0
2021-08-05 22:02:18,91.0,78.0,10.0,3.0
2021-08-05 22:02:19,104.0,85.0,12.0,7.0
2021-08-05 22:02:20,81.0,67.0,3.0,11.0
2021-08-05 22:02:21,80.0,72.0,5.0,3.0
2021-08-05 22:02:22,92.0,73.0,15.0,4.0
2021-08-05 22:02:23,82.0,73.0,5.0,4.0
2021-08-05 22:02:24,73.0,68.0,2.0,3.0
2021-08-05 22:02:25,90.0,85.0,3.0,2.0
2021-08-05 22:02:26,78.0,64.0,7.0,7.0
2021-08-05 22:02:27,73.0,58.0,7.0,8.0
2021-08-05 22:02:28,82.0,75.0,4.0,3.0
2021-08-05 22:02:29,58.0,50.0,5.0,3.0
2021-08-05 22:02:30,88.0,79.0,6.0,3.0
2021-08-05 22:02:31,75.0,64.0,7.0,4.0
2021-08-05 22:02:32,73.0,67.0,3.0,3.0
2021-08-05 22:02:33,82.0,69.0,8.0,5.0
2021-08-05 22:02:34,74.0,68.0,3.0,3.0
2021-08-05 22:02:35,94.0,72.0,17.0,5.0
2021-08-05 22:02:36,91.0,80.0,5.0,6.0
2021-08-05 22:02:37,80.0,66.0,3.0,11.0
2021-08-05 22:02:38,77.0,65.0,9.0,3.0
2021-08-05 22:02:39,82.0,73.0,7.0,2.0
2021-08-05 22:02:40,68.0,52.0,8.0,8.0
2021-08-05 22:02:41,86.0,75.0,6.0,5.0
2021-08-05 22:02:42,90.0,81.0,7.0,2.0
2021-08-05 22:02:43,101.0,94.0,6.0,1.0
2021-08-05 22:02:44,72.0,63.0,3.0,6.0
2021-08-05 22:02:45,79.0,72.0,6.0,1.0
2021-08-05 22:02:46,81.0,73.0,5.0,3.0
2021-08-05 22:02:47,69.0,59.0,7.0,3.0
2021-08-05 22:02:48,82.0,74.0,6.0,2.0
2021-08-05 22:02:49,81.0,69.0,4.0,8.0
2021-08-05 22:02:50,67.0,65.0,0.0,2.0
2021-08-05 22:02:51,72.0,63.0,3.0,6.0
2021-08-05 22:02:52,94.0,85.0,5.0,4.0
2021-08-05 22:02:53,79.0,63.0,11.0,5.0
2021-08-05 22:02:54,77.0,68.0,2.0,7.0
2021-08-05 22:02:55,66.0,62.0,2.0,2.0
2021-08-05 22:02:56,71.0,62.0,5.0,4.0
2021-08-05 22:02:57,87.0,70.0,10.0,7.0
2021-08-05 22:02:58,84.0,74.0,10.0,0.0
2021-08-05 22:02:59,70.0,61.0,6.0,3.0
2021-08-05 22:03:00,85.0,74.0,6.0,5.0
2021-08-05 22:03:01,92.0,78.0,9.0,5.0
2021-08-05 22:03:02,75.0,69.0,2.0,4.0
2021-08-05 22:03:03,88.0,75.0,7.0,6.0
2021-08-05 22:03:04,67.0,53.0,11.0,3.0
2021-08-05 22:03:05,77.0,67.0,5.0,5.0
2021-08-05 22:03:06,73.0,63.0,9.0,1.0
2021-08-05 22:03:07,67.0,60.0,6.0,1.0
2021-08-05 22:03:08,80.0,63.0,10.0,7.0
2021-08-05 22:03:09,68.0,61.0,4.0,3.0
2021-08-05 22:03:10,84.0,72.0,6.0,6.0
2021-08-05 22:03:11,72.0,66.0,4.0,2.0
2021-08-05 22:03:12,68.0,59.0,5.0,4.0
2021-08-05 22:03:13,89.0,78.0,7.0,4.0
2021-08-05 22:03:14,67.0,59.0,5.0,3.0
2021-08-05 22:03:15,76.0,65.0,7.0,4.0
2021-08-05 22:03:16,79.0,71.0,3.0,5.0
2021-08-05 22:03:17,87.0,77.0,4.0,6.0
2021-08-05 22:03:18,76.0,64.0,8.0,4.0
2021-08-05 22:03:19,74.0,68.0,3.0,3.0
2021-08-05 22:03:20,72.0,64.0,6.0,2.0
2021-08-05 22:03:21,81.0,69.0,8.0,4.0
2021-08-05 22:03:22,71.0,61.0,3.0,7.0
2021-08-05 22:03:23,89.0,76.0,7.0,6.0
2021-08-05 22:03:24,75.0,66.0,5.0,4.0
2021-08-05 22:03:25,69.0,65.0,1.0,3.0
2021-08-05 22:03:26,68.0,62.0,5.0,1.0
2021-08-05 22:03:27,96.0,85.0,8.0,3.0
2021-08-05 22:03:28,95.0,80.0,10.0,5.0
2021-08-05 22:03:29,85.0,72.0,6.0,7.0
2021-08-05 22:03:30,78.0,66.0,6.0,6.0
2021-08-05 22:03:31,92.0,83.0,9.0,0.0
2021-08-05 22:03:32,72.0,61.0,5.0,6.0
2021-08-05 22:03:33,93.0,85.0,5.0,3.0
2021-08-05 22:03:34,67.0,60.0,3.0,4.0
2021-08-05 22:03:35,68.0,60.0,5.0,3.0
2021-08-05 22:03:36,84.0,70.0,5.0,9.0
2021-08-05 22:03:37,69.0,59.0,7.0,3.0
2021-08-05 22:03:38,80.0,67.0,4.0,9.0
2021-08-05 22:03:39,71.0,64.0,5.0,2.0
2021-08-05 22:03:40,79.0,72.0,5.0,2.0
2021-08-05 22:03:41,80.0,67.0,7.0,6.0
2021-08-05 22:03:42,74.0,62.0,7.0,5.0
2021-08-05 22:03:43,76.0,67.0,6.0,3.0
2021-08-05 22:03:44,86.0,71.0,11.0,4.0
2021-08-05 22:03:45,80.0,69.0,6.0,5.0
2021-08-05 22:03:46,87.0,78.0,7.0,2.0
2021-08-05 22:03:47,68.0,60.0,4.0,4.0
2021-08-05 22:03:48,69.0,59.0,5.0,5.0
2021-08-05 22:03:49,69.0,56.0,7.0,6.0
2021-08-05 22:03:50,68.0,58.0,6.0,4.0
2021-08-05 22:03:51,73.0,63.0,5.0,5.0
2021-08-05 22:03:52,78.0,68.0,7.0,3.0
2021-08-05 22:03:53,75.0,63.0,7.0,5.0
2021-08-05 22:03:54,88.0,78.0,7.0,3.0
2021-08-05 22:03:55,77.0,69.0,7.0,1.0
2021-08-05 22:03:56,90.0,76.0,10.0,4.0
2021-08-05 22:03:57,65.0,58.0,3.0,4.0
2021-08-05 22:03:58,77.0,65.0,6.0,6.0
2021-08-05 22:03:59,85.0,69.0,9.0,7.0
2021-08-05 22:04:00,78.0,64.0,10.0,4.0
2021-08-05 22:04:01,83.0,76.0,5.0,2.0
2021-08-05 22:04:02,84.0,76.0,5.0,3.0
2021-08-05 22:04:03,72.0,63.0,7.0,2.0
2021-08-05 22:04:04,58.0,48.0,7.0,3.0
2021-08-05 22:04:05,97.0,76.0,12.0,9.0
2021-08-05 22:04:06,73.0,60.0,7.0,6.0
2021-08-05 22:04:07,73.0,63.0,3.0,7.0
2021-08-05 22:04:08,79.0,74.0,4.0,1.0
2021-08-05 22:04:09,96.0,77.0,11.0,8.0
2021-08-05 22:04:10,81.0,73.0,6.0,2.0
2021-08-05 22:04:11,71.0,58.0,10.0,3.0
2021-08-05 22:04:12,81.0,77.0,2.0,2.0
2021-08-05 22:04:13,73.0,63.0,7.0,3.0
2021-08-05 22:04:14,88.0,75.0,7.0,6.0
2021-08-05 22:04:15,67.0,60.0,2.0,5.0
2021-08-05 22:04:16,94.0,81.0,9.0,4.0
2021-08-05 22:04:17,75.0,67.0,3.0,5.0
2021-08-05 22:04:18,92.0,75.0,12.0,5.0
2021-08-05 22:04:19,72.0,63.0,8.0,1.0
2021-08-05 22:04:20,70.0,61.0,5.0,4.0
2021-08-05 22:04:21,70.0,61.0,4.0,5.0
2021-08-05 22:04:22,66.0,61.0,3.0,2.0
2021-08-05 22:04:23,97.0,86.0,10.0,1.0
2021-08-05 22:04:24,68.0,57.0,8.0,3.0
2021-08-05 22:04:25,90.0,76.0,9.0,5.0
2021-08-05 22:04:26,75.0,65.0,5.0,5.0
2021-08-05 22:04:27,83.0,79.0,2.0,2.0
2021-08-05 22:04:28,66.0,57.0,5.0,4.0
2021-08-05 22:04:29,80.0,69.0,9.0,2.0
2021-08-05 22:04:30,66.0,58.0,4.0,4.0
2021-08-05 22:04:31,84.0,73.0,8.0,3.0
2021-08-05 22:04:32,75.0,64.0,8.0,3.0
2021-08-05 22:04:33,77.0,69.0,7.0,1.0
2021-08-05 22:04:34,80.0,70.0,8.0,2.0
2021-08-05 22:04:35,69.0,63.0,4.0,2.0
2021-08-05 22:04:36,88.0,76.0,5.0,7.0
2021-08-05 22:04:37,79.0,70.0,3.0,6.0
2021-08-05 22:04:38,78.0,70.0,7.0,1.0
2021-08-05 22:04:39,74.0,60.0,7.0,7.0
2021-08-05 22:04:40,95.0,78.0,11.0,6.0
2021-08-05 22:04:41,70.0,55.0,11.0,4.0
2021-08-05 22:04:42,84.0,71.0,9.0,4.0
2021-08-05 22:04:43,76.0,66.0,3.0,7.0
2021-08-05 22:04:44,94.0,84.0,4.0,6.0
2021-08-05 22:04:45,81.0,73.0,6.0,2.0
2021-08-05 22:04:46,85.0,78.0,5.0,2.0
2021-08-05 22:04:47,78.0,65.0,7.0,6.0
2021-08-05 22:04:48,77.0,66.0,7.0,4.0
2021-08-05 22:04:49,88.0,72.0,12.0,4.0
2021-08-05 22:04:50,95.0,83.0,6.0,6.0
2021-08-05 22:04:51,73.0,63.0,7.0,3.0
2021-08-05 22:04:52,82.0,72.0,6.0,4.0
2021-08-05 22:04:53,87.0,71.0,15.0,1.0
2021-08-05 22:04:54,97.0,83.0,8.0,6.0
2021-08-05 22:04:55,78.0,69.0,5.0,4.0
2021-08-05 22:04:56,93.0,82.0,6.0,5.0
2021-08-05 22:04:57,79.0,70.0,6.0,3.0
2021-08-05 22:04:58,85.0,74.0,7.0,4.0
2021-08-05 22:04:59,78.0,71.0,6.0,1.0
2021-08-05 22:05:00,83.0,74.0,3.0,6.0
2021-08-05 22:05:01,87.0,78.0,4.0,5.0
2021-08-05 22:05:02,76.0,66.0,6.0,4.0
2021-08-05 22:05:03,93.0,78.0,8.0,7.0
2021-08-05 22:05:04,70.0,60.0,7.0,3.0
2021-08-05 22:05:05,68.0,67.0,0.0,1.0
2021-08-05 22:05:06,86.0,77.0,7.0,2.0
2021-08-05 22:05:07,87.0,77.0,5.0,5.0
2021-08-05 22:05:08,68.0,60.0,4.0,4.0
2021-08-05 22:05:09,73.0,66.0,6.0,1.0
2021-08-05 22:05:10,79.0,66.0,9.0,4.0
2021-08-05 22:05:11,76.0,67.0,5.0,4.0
2021-08-05 22:05:12,72.0,62.0,5.0,5.0
2021-08-05 22:05:13,74.0,61.0,8.0,5.0
2021-08-05 22:05:14,69.0,66.0,3.0,0.0
2021-08-05 22:05:15,82.0,68.0,9.0,5.0
2021-08-05 22:05:16,89.0,75.0,6.0,8.0
2021-08-05 22:05:17,80.0,67.0,9.0,4.0
2021-08-05 22:05:18,62.0,55.0,3.0,4.0
2021-08-05 22:05:19,72.0,59.0,9.0,4.0
2021-08-05 22:05:20,78.0,71.0,5.0,2.0
2021-08-05 22:05:21,78.0,67.0,7.0,4.0
2021-08-05 22:05:22,71.0,61.0,8.0,2.0
2021-08-05 22:05:23,108.0,101.0,3.0,4.0
2021-08-05 22:05:24,79.0,68.0,11.0,0.0
2021-08-05 22:05:25,71.0,59.0,10.0,2.0
2021-08-05 22:05:26,79.0,65.0,12.0,2.0
2021-08-05 22:05:27,73.0,66.0,5.0,2.0
2021-08-05 22:05:28,72.0,64.0,6.0,2.0
2021-08-05 22:05:29,80.0,70.0,5.0,5.0
2021-08-05 22:05:30,83.0,75.0,6.0,2.0
2021-08-05 22:05:31,83.0,74.0,2.0,7.0
2021-08-05 22:05:32,88.0,79.0,5.0,4.0
2021-08-05 22:05:33,86.0,75.0,9.0,2.0
2021-08-05 22:05:34,79.0,70.0,3.0,6.0
2021-08-05 22:05:35,83.0,74.0,5.0,4.0
2021-08-05 22:05:36,85.0,71.0,7.0,7.0
2021-08-05 22:05:37,63.0,51.0,5.0,7.0
2021-08-05 22:05:38,63.0,59.0,2.0,2.0
2021-08-05 22:05:39,89.0,77.0,8.0,4.0
2021-08-05 22:05:40,60.0,52.0,6.0,2.0
2021-08-05 22:05:41,80.0,72.0,5.0,3.0
2021-08-05 22:05:42,83.0,68.0,9.0,6.0
2021-08-05 22:05:43,84.0,72.0,8.0,4.0
2021-08-05 22:05:44,86.0,71.0,11.0,4.0
2021-08-05 22:05:45,88.0,76.0,6.0,6.0
2021-08-05 22:05:46,97.0,80.0,13.0,4.0
2021-08-05 22:05:47,70.0,59.0,6.0,5.0
2021-08-05 22:05:48,60.0,47.0,7.0,6.0
2021-08-05 22:05:49,88.0,75.0,10.0,3.0
2021-08-05 22:05:50,87.0,80.0,3.0,4.0
2021-08-05 22:05:51,86.0,73.0,6.0,7.0
2021-08-05 22:05:52,64.0,57.0,4.0,3.0
2021-08-05 22:05:53,82.0,71.0,8.0,3.0
2021-08-05 22:05:54,69.0,60.0,7.0,2.0
2021-08-05 22:05:55,76.0,68.0,4.0,4.0
2021-08-05 22:05:56,79.0,69.0,5.0,5.0
2021-08-05 22:05:57,79.0,68.0,5.0,6.0
2021-08-05 22:05:58,72.0,64.0,4.0,4.0
2021-08-05 22:05:59,92.0,80.0,4.0,8.0
2021-08-05 22:06:00,83.0,70.0,7.0,6.0
2021-08-05 22:06:01,71.0,57.0,10.0,4.0
2021-08-05 22:06:02,89.0,79.0,6.0,4.0
2021-08-05 22:06:03,76.0,63.0,8.0,5.0
2021-08-05 22:06:04,90.0,75.0,9.0,6.0
2021-08-05 22:06:05,92.0,80.0,8.0,4.0
2021-08-05 22:06:06,66.0,58.0,5.0,3.0
2021-08-05 22:06:07,96.0,87.0,7.0,2.0
2021-08-05 22:06:08,73.0,63.0,6.0,4.0
2021-08-05 22:06:09,77.0,70.0,6.0,1.0
2021-08-05 22:06:10,89.0,79.0,8.0,2.0
2021-08-05 22:06:11,104.0,95.0,6.0,3.0
2021-08-05 22:06:12,68.0,58.0,5.0,5.0
2021-08-05 22:06:13,80.0,68.0,9.0,3.0
2021-08-05 22:06:14,87.0,79.0,6.0,2.0
2021-08-05 22:06:15,74.0,64.0,9.0,1.0
2021-08-05 22:06:16,92.0,76.0,7.0,9.0
2021-08-05 22:06:17,93.0,80.0,9.0,4.0
2021-08-05 22:06:18,88.0,77.0,6.0,5.0
2021-08-05 22:06:19,86.0,76.0,3.0,7.0
2021-08-05 22:06:20,97.0,86.0,6.0,5.0
2021-08-05 22:06:21,82.0,72.0,5.0,5.0
2021-08-05 22:06:22,86.0,80.0,2.0,4.0
2021-08-05 22:06:23,95.0,79.0,9.0,7.0
2021-08-05 22:06:24,78.0,66.0,5.0,7.0
2021-08-05 22:06:25,74.0,59.0,4.0,11.0
2021-08-05 22:06:26,89.0,80.0,5.0,4.0
2021-08-05 22:06:27,75.0,66.0,8.0,1.0
2021-08-05 22:06:28,71.0,62.0,4.0,5.0
2021-08-05 22:06:29,95.0,83.0,5.0,7.0
2021-08-05 22:06:30,79.0,72.0,3.0,4.0
2021-08-05 22:06:31,93.0,78.0,10.0,5.0
2021-08-05 22:06:32,79.0,72.0,4.0,3.0
2021-08-05 22:06:33,83.0,72.0,9.0,2.0
2021-08-05 22:06:34,72.0,64.0,6.0,2.0
2021-08-05 22:06:35,74.0,66.0,6.0,2.0
2021-08-05 22:06:36,76.0,65.0,6.0,5.0
2021-08-05 22:06:37,101.0,89.0,5.0,7.0
2021-08-05 22:06:38,66.0,63.0,2.0,1.0
2021-08-05 22:06:39,60.0,50.0,4.0,6.0
2021-08-05 22:06:40,72.0,64.0,0.0,8.0
2021-08-05 22:06:41,60.0,54.0,5.0,1.0
2021-08-05 22:06:42,76.0,66.0,5.0,5.0
2021-08-05 22:06:43,76.0,66.0,6.0,4.0
2021-08-05 22:06:44,73.0,63.0,6.0,4.0
2021-08-05 22:06:45,73.0,63.0,5.0,5.0
2021-08-05 22:06:46,82.0,67.0,9.0,6.0
2021-08-05 22:06:47,82.0,72.0,7.0,3.0
2021-08-05 22:06:48,69.0,63.0,2.0,4.0
2021-08-05 22:06:49,79.0,68.0,7.0,4.0
2021-08-05 22:06:50,74.0,60.0,10.0,4.0
2021-08-05 22:06:51,76.0,58.0,12.0,6.0
2021-08-05 22:06:52,78.0,63.0,6.0,9.0
2021-08-05 22:06:53,89.0,80.0,6.0,3.0
2021-08-05 22:06:54,66.0,55.0,7.0,4.0
2021-08-05 22:06:55,85.0,75.0,9.0,1.0
2021-08-05 22:06:56,54.0,44.0,8.0,2.0
2021-08-05 22:06:57,92.0,76.0,14.0,2.0
2021-08-05 22:06:58,72.0,61.0,5.0,6.0
2021-08-05 22:06:59,69.0,66.0,1.0,2.0
2021-08-05 22:07:00,91.0,81.0,6.0,4.0
2021-08-05 22:07:01,77.0,68.0,3.0,6.0
2021-08-05 22:07:02,73.0,59.0,7.0,7.0
2021-08-05 22:07:03,71.0,62.0,5.0,4.0
2021-08-05 22:07:04,73.0,67.0,2.0,4.0
2021-08-05 22:07:05,78.0,68.0,5.0,5.0
2021-08-05 22:07:06,85.0,71.0,8.0,6.0
2021-08-05 22:07:07,72.0,57.0,11.0,4.0
2021-08-05 22:07:08,90.0,79.0,7.0,4.0
2021-08-05 22:07:09,73.0,69.0,2.0,2.0
2021-08-05 22:07:10,83.0,69.0,6.0,8.0
2021-08-05 22:07:11,86.0,73.0,7.0,6.0
2021-08-05 22:07:12,87.0,74.0,7.0,6.0
2021-08-05 22:07:13,79.0,64.0,9.0,6.0
2021-08-05 22:07:14,74.0,67.0,7.0,0.0
2021-08-05 22:07:15,76.0,63.0,9.0,4.0
2021-08-05 22:07:16,86.0,73.0,7.0,6.0
2021-08-05 22:07:17,83.0,71.0,8.0,4.0
2021-08-05 22:07:18,77.0,68.0,7.0,2.0
2021-08-05 22:07:19,84.0,72.0,8.0,4.0
2021-08-05 22:07:20,88.0,76.0,8.0,4.0
2021-08-05 22:07:21,81.0,71.0,5.0,5.0
2021-08-05 22:07:22,85.0,79.0,1.0,5.0
2021-08-05 22:07:23,81.0,73.0,6.0,2.0
2021-08-05 22:07:24,72.0,62.0,9.0,1.0
2021-08-05 22:07:25,91.0,83.0,4.0,4.0
2021-08-05 22:07:26,71.0,62.0,7.0,2.0
2021-08-05 22:07:27,76.0,66.0,6.0,4.0
2021-08-05 22:07:28,89.0,76.0,9.0,4.0
2021-08-05 22:07:29,73.0,66.0,3.0,4.0
2021-08-05 22:07:30,78.0,62.0,8.0,8.0
2021-08-05 22:07:31,78.0,67.0,8.0,3.0
2021-08-05 22:07:32,93.0,81.0,11.0,1.0
2021-08-05 22:07:33,82.0,68.0,9.0,5.0
2021-08-05 22:07:34,67.0,58.0,6.0,3.0
2021-08-05 22:07:35,74.0,67.0,5.0,2.0
2021-08-05 22:07:36,85.0,70.0,8.0,7.0
2021-08-05 22:07:37,83.0,70.0,4.0,9.0
2021-08-05 22:07:38,76.0,66.0,5.0,5.0
2021-08-05 22:07:39,80.0,68.0,9.0,3.0
2021-08-05 22:07:40,70.0,60.0,4.0,6.0
2021-08-05 22:07:41,76.0,66.0,5.0,5.0
2021-08-05 22:07:42,89.0,70.0,11.0,8.0
2021-08-05 22:07:43,75.0,65.0,4.0,6.0
2021-08-05 22:07:44,72.0,66.0,6.0,0.0
2021-08-05 22:07:45,74.0,68.0,5.0,1.0
2021-08-05 22:07:46,99.0,87.0,7.0,5.0
2021-08-05 22:07:47,72.0,59.0,5.0,8.0
2021-08-05 22:07:48,85.0,74.0,3.0,8.0
2021-08-05 22:07:49,87.0,76.0,8.0,3.0
2021-08-05 22:07:50,82.0,70.0,6.0,6.0
2021-08-05 22:07:51,72.0,64.0,4.0,4.0
2021-08-05 22:07:52,88.0,74.0,6.0,8.0
2021-08-05 22:07:53,77.0,67.0,5.0,5.0
2021-08-05 22:07:54,89.0,76.0,8.0,5.0
2021-08-05 22:07:55,87.0,75.0,9.0,3.0
2021-08-05 22:07:56,77.0,64.0,10.0,3.0
2021-08-05 22:07:57,76.0,69.0,2.0,5.0
2021-08-05 22:07:58,77.0,67.0,5.0,5.0
2021-08-05 22:07:59,71.0,63.0,4.0,4.0
2021-08-05 22:08:00,92.0,82.0,6.0,4.0
2021-08-05 22:08:01,77.0,60.0,11.0,6.0
2021-08-05 22:08:02,96.0,82.0,8.0,6.0
2021-08-05 22:08:03,74.0,68.0,4.0,2.0
2021-08-05 22:08:04,91.0,81.0,6.0,4.0
2021-08-05 22:08:05,73.0,67.0,2.0,4.0
2021-08-05 22:08:06,76.0,69.0,4.0,3.0
2021-08-05 22:08:07,73.0,66.0,6.0,1.0
2021-08-05 22:08:08,75.0,64.0,5.0,6.0
2021-08-05 22:08:09,69.0,63.0,3.0,3.0
2021-08-05 22:08:10,88.0,68.0,15.0,5.0
2021-08-05 22:08:11,89.0,76.0,7.0,6.0
2021-08-05 22:08:12,87.0,81.0,3.0,3.0
2021-08-05 22:08:13,71.0,61.0,9.0,1.0
2021-08-05 22:08:14,76.0,66.0,6.0,4.0
2021-08-05 22:08:15,69.0,58.0,5.0,6.0
2021-08-05 22:08:16,84.0,78.0,6.0,0.0
2021-08-05 22:08:17,76.0,69.0,4.0,3.0
2021-08-05 22:08:18,85.0,76.0,7.0,2.0
2021-08-05 22:08:19,66.0,55.0,7.0,4.0
2021-08-05 22:08:20,78.0,69.0,4.0,5.0
2021-08-05 22:08:21,92.0,83.0,3.0,6.0
2021-08-05 22:08:22,100.0,94.0,5.0,1.0
2021-08-05 22:08:23,80.0,72.0,1.0,7.0
2021-08-05 22:08:24,75.0,66.0,4.0,5.0
2021-08-05 22:08:25,89.0,70.0,10.0,9.0
2021-08-05 22:08:26,81.0,70.0,6.0,5.0
2021-08-05 22:08:27,82.0,72.0,7.0,3.0
2021-08-05 22:08:28,74.0,68.0,3.0,3.0
2021-08-05 22:08:29,83.0,71.0,7.0,5.0
2021-08-05 22:08:30,88.0,77.0,8.0,3.0
2021-08-05 22:08:31,92.0,77.0,9.0,6.0
2021-08-05 22:08:32,82.0,72.0,7.0,3.0
2021-08-05 22:08:33,70.0,60.0,6.0,4.0
2021-08-05 22:08:34,78.0,66.0,6.0,6.0
2021-08-05 22:08:35,100.0,85.0,8.0,7.0
2021-08-05 22:08:36,93.0,77.0,10.0,6.0
2021-08-05 22:08:37,90.0,78.0,6.0,6.0
2021-08-05 22:08:38,76.0,70.0,4.0,2.0
2021-08-05 22:08:39,81.0,69.0,8.0,4.0
2021-08-05 22:08:40,74.0,64.0,6.0,4.0
2021-08-05 22:08:41,87.0,78.0,7.0,2.0
2021-08-05 22:08:42,88.0,74.0,7.0,7.0
2021-08-05 22:08:43,73.0,63.0,5.0,5.0
2021-08-05 22:08:44,74.0,67.0,5.0,2.0
2021-08-05 22:08:45,85.0,75.0,6.0,4.0
2021-08-05 22:08:46,72.0,58.0,4.0,10.0
2021-08-05 22:08:47,93.0,83.0,4.0,6.0
2021-08-05 22:08:48,66.0,59.0,5.0,2.0
2021-08-05 22:08:49,89.0,79.0,6.0,4.0
2021-08-05 22:08:50,105.0,93.0,9.0,3.0
2021-08-05 22:08:51,77.0,71.0,0.0,6.0
2021-08-05 22:08:52,101.0,82.0,14.0,5.0
2021-08-05 22:08:53,77.0,67.0,3.0,7.0
2021-08-05 22:08:54,83.0,73.0,8.0,2.0
2021-08-05 22:08:55,92.0,84.0,3.0,5.0
2021-08-05 22:08:56,91.0,83.0,6.0,2.0
2021-08-05 22:08:57,93.0,81.0,7.0,5.0
2021-08-05 22:08:58,86.0,71.0,11.0,4.0
2021-08-05 22:08:59,78.0,71.0,4.0,3.0
2021-08-05 22:09:00,78.0,68.0,9.0,1.0
2021-08-05 22:09:01,76.0,61.0,10.0,5.0
2021-08-05 22:09:02,69.0,53.0,10.0,6.0
2021-08-05 22:09:03,100.0,87.0,8.0,5.0
2021-08-05 22:09:04,83.0,72.0,8.0,3.0
2021-08-05 22:09:05,92.0,81.0,9.0,2.0
2021-08-05 22:09:06,94.0,77.0,11.0,6.0
2021-08-05 22:09:07,76.0,71.0,2.0,3.0
2021-08-05 22:09:08,82.0,69.0,10.0,3.0
2021-08-05 22:09:09,93.0,84.0,6.0,3.0
2021-08-05 22:09:10,92.0,82.0,6.0,4.0
2021-08-05 22:09:11,80.0,64.0,13.0,3.0
2021-08-05 22:09:12,63.0,54.0,5.0,4.0
2021-08-05 22:09:13,87.0,78.0,6.0,3.0
2021-08-05 22:09:14,76.0,65.0,6.0,5.0
2021-08-05 22:09:15,77.0,68.0,7.0,2.0
2021-08-05 22:09:16,78.0,70.0,6.0,2.0
2021-08-05 22:09:17,73.0,61.0,6.0,6.0
2021-08-05 22:09:18,84.0,78.0,3.0,3.0
2021-08-05 22:09:19,82.0,71.0,6.0,5.0
2021-08-05 22:09:20,79.0,73.0,2.0,4.0
2021-08-05 22:09:21,86.0,76.0,5.0,5.0
2021-08-05 22:09:22,78.0,70.0,5.0,3.0
2021-08-05 22:09:23,81.0,75.0,3.0,3.0
2021-08-05 22:09:24,74.0,65.0,7.0,2.0
2021-08-05 22:09:25,71.0,60.0,6.0,5.0
2021-08-05 22:09:26,79.0,68.0,7.0,4.0
2021-08-05 22:09:27,72.0,62.0,4.0,6.0
2021-08-05 22:09:28,79.0,75.0,3.0,1.0
2021-08-05 22:09:29,86.0,74.0,7.0,5.0
2021-08-05 22:09:30,80.0,67.0,7.0,6.0
2021-08-05 22:09:31,67.0,61.0,3.0,3.0
2021-08-05 22:09:32,93.0,83.0,6.0,4.0
2021-08-05 22:09:33,75.0,65.0,4.0,6.0
2021-08-05 22:09:34,82.0,73.0,3.0,6.0
2021-08-05 22:09:35,75.0,66.0,4.0,5.0
2021-08-05 22:09:36,82.0,74.0,4.0,4.0
2021-08-05 22:09:37,69.0,56.0,11.0,2.0
2021-08-05 22:09:38,72.0,63.0,4.0,5.0
2021-08-05 22:09:39,77.0,68.0,3.0,6.0
2021-08-05 22:09:40,73.0,60.0,5.0,8.0
2021-08-05 22:09:41,70.0,63.0,3.0,4.0
2021-08-05 22:09:42,73.0,62.0,7.0,4.0
2021-08-05 22:09:43,83.0,68.0,11.0,4.0
2021-08-05 22:09:44,70.0,61.0,6.0,3.0
2021-08-05 22:09:45,87.0,72.0,9.0,6.0
2021-08-05 22:09:46,75.0,66.0,6.0,3.0
2021-08-05 22:09:47,71.0,65.0,5.0,1.0
2021-08-05 22:09:48,66.0,56.0,9.0,1.0
2021-08-05 22:09:49,68.0,57.0,8.0,3.0
2021-08-05 22:09:50,74.0,64.0,5.0,5.0
2021-08-05 22:09:51,70.0,57.0,6.0,7.0
2021-08-05 22:09:52,97.0,83.0,7.0,7.0
2021-08-05 22:09:53,88.0,78.0,7.0,3.0
2021-08-05 22:09:54,78.0,59.0,13.0,6.0
2021-08-05 22:09:55,84.0,75.0,8.0,1.0
2021-08-05 22:09:56,80.0,71.0,4.0,5.0
2021-08-05 22:09:57,69.0,67.0,1.0,1.0
2021-08-05 22:09:58,92.0,83.0,6.0,3.0
2021-08-05 22:09:59,95.0,86.0,5.0,4.0
2021-08-05 22:10:00,89.0,79.0,6.0,4.0
2021-08-05 22:10:01,71.0,59.0,8.0,4.0
2021-08-05 22:10:02,81.0,68.0,8.0,5.0
2021-08-05 22:10:03,89.0,77.0,7.0,5.0
2021-08-05 22:10:04,66.0,57.0,3.0,6.0
2021-08-05 22:10:05,99.0,82.0,13.0,4.0
2021-08-05 22:10:06,76.0,60.0,10.0,6.0
2021-08-05 22:10:07,101.0,90.0,5.0,6.0
2021-08-05 22:10:08,87.0,74.0,10.0,3.0
2021-08-05 22:10:09,78.0,61.0,8.0,9.0
2021-08-05 22:10:10,77.0,69.0,4.0,4.0
2021-08-05 22:10:11,66.0,55.0,6.0,5.0
2021-08-05 22:10:12,84.0,70.0,10.0,4.0
2021-08-05 22:10:13,74.0,65.0,6.0,3.0
2021-08-05 22:10:14,70.0,59.0,6.0,5.0
2021-08-05 22:10:15,80.0,71.0,4.0,5.0
2021-08-05 22:10:16,82.0,73.0,6.0,3.0
2021-08-05 22:10:17,82.0,76.0,2.0,4.0
2021-08-05 22:10:18,72.0,63.0,7.0,2.0
2021-08-05 22:10:19,65.0,54.0,8.0,3.0
2021-08-05 22:10:20,85.0,74.0,3.0,8.0
2021-08-05 22:10:21,82.0,69.0,8.0,5.0
2021-08-05 22:10:22,91.0,76.0,10.0,5.0
2021-08-05 22:10:23,80.0,72.0,1.0,7.0
2021-08-05 22:10:24,81.0,70.0,7.0,4.0
2021-08-05 22:10:25,88.0,76.0,9.0,3.0
2021-08-05 22:10:26,66.0,58.0,5.0,3.0
2021-08-05 22:10:27,77.0,62.0,8.0,7.0
2021-08-05 22:10:28,73.0,60.0,4.0,9.0
2021-08-05 22:10:29,80.0,73.0,4.0,3.0
2021-08-05 22:10:30,92.0,83.0,6.0,3.0
2021-08-05 22:10:31,85.0,72.0,8.0,5.0
2021-08-05 22:10:32,87.0,81.0,6.0,0.0
2021-08-05 22:10:33,69.0,64.0,2.0,3.0
2021-08-05 22:10:34,75.0,65.0,7.0,3.0
2021-08-05 22:10:35,70.0,60.0,6.0,4.0
2021-08-05 22:10:36,71.0,69.0,1.0,1.0
2021-08-05 22:10:37,71.0,66.0,1.0,4.0
2021-08-05 22:10:38,75.0,69.0,4.0,2.0
2021-08-05 22:10:39,88.0,77.0,5.0,6.0
2021-08-05 22:10:40,103.0,91.0,6.0,6.0
2021-08-05 22:10:41,87.0,73.0,9.0,5.0
2021-08-05 22:10:42,87.0,80.0,5.0,2.0
2021-08-05 22:10:43,87.0,74.0,11.0,2.0
2021-08-05 22:10:44,85.0,70.0,11.0,4.0
2021-08-05 22:10:45,82.0,77.0,1.0,4.0
2021-08-05 22:10:46,76.0,67.0,4.0,5.0
2021-08-05 22:10:47,69.0,61.0,5.0,3.0
2021-08-05 22:10:48,88.0,81.0,4.0,3.0
2021-08-05 22:10:49,75.0,64.0,7.0,4.0
2021-08-05 22:10:50,73.0,62.0,9.0,2.0
2021-08-05 22:10:51,78.0,66.0,4.0,8.0
2021-08-05 22:10:52,72.0,64.0,6.0,2.0
2021-08-05 22:10:53,91.0,79.0,6.0,6.0
2021-08-05 22:10:54,84.0,73.0,5.0,6.0
2021-08-05 22:10:55,83.0,70.0,5.0,8.0
2021-08-05 22:10:56,74.0,67.0,5.0,2.0
2021-08-05 22:10:57,80.0,71.0,4.0,5.0
2021-08-05 22:10:58,70.0,56.0,10.0,4.0
2021-08-05 22:10:59,77.0,66.0,9.0,2.0
2021-08-05 22:11:00,68.0,59.0,6.0,3.0
2021-08-05 22:11:01,90.0,81.0,4.0,5.0
2021-08-05 22:11:02,75.0,58.0,12.0,5.0
2021-08-05 22:11:03,89.0,79.0,7.0,3.0
2021-08-05 22:11:04,77.0,64.0,9.0,4.0
2021-08-05 22:11:05,78.0,66.0,7.0,5.0
2021-08-05 22:11:06,89.0,79.0,6.0,4.0
2021-08-05 22:11:07,85.0,76.0,5.0,4.0
2021-08-05 22:11:08,84.0,68.0,10.0,6.0
2021-08-05 22:11:09,69.0,55.0,9.0,5.0
2021-08-05 22:11:10,79.0,69.0,3.0,7.0
2021-08-05 22:11:11,80.0,66.0,12.0,2.0
2021-08-05 22:11:12,78.0,67.0,6.0,5.0
2021-08-05 22:11:13,84.0,71.0,9.0,4.0
2021-08-05 22:11:14,85.0,75.0,6.0,4.0
2021-08-05 22:11:15,89.0,80.0,4.0,5.0
2021-08-05 22:11:16,85.0,79.0,5.0,1.0
2021-08-05 22:11:17,71.0,61.0,5.0,5.0
2021-08-05 22:11:18,88.0,79.0,4.0,5.0
2021-08-05 22:11:19,84.0,76.0,1.0,7.0
2021-08-05 22:11:20,85.0,75.0,6.0,4.0
2021-08-05 22:11:21,80.0,72.0,6.0,2.0
2021-08-05 22:11:22,76.0,67.0,7.0,2.0
2021-08-05 22:11:23,80.0,70.0,3.0,7.0
2021-08-05 22:11:24,82.0,70.0,7.0,5.0
2021-08-05 22:11:25,91.0,79.0,8.0,4.0
2021-08-05 22:11:26,93.0,82.0,8.0,3.0
2021-08-05 22:11:27,75.0,69.0,1.0,5.0
2021-08-05 22:11:28,69.0,62.0,6.0,1.0
2021-08-05 22:11:29,78.0,67.0,6.0,5.0
2021-08-05 22:11:30,75.0,64.0,7.0,4.0
2021-08-05 22:11:31,86.0,76.0,6.0,4.0
2021-08-05 22:11:32,89.0,78.0,5.0,6.0
2021-08-05 22:11:33,92.0,82.0,6.0,4.0
2021-08-05 22:11:34,88.0,78.0,6.0,4.0
2021-08-05 22:11:35,89.0,78.0,8.0,3.0
2021-08-05 22:11:36,78.0,65.0,12.0,1.0
2021-08-05 22:11:37,85.0,70.0,13.0,2.0
2021-08-05 22:11:38,90.0,75.0,9.0,6.0
2021-08-05 22:11:39,87.0,75.0,9.0,3.0
2021-08-05 22:11:40,85.0,73.0,6.0,6.0
2021-08-05 22:11:41,74.0,67.0,6.0,1.0
2021-08-05 22:11:42,74.0,68.0,4.0,2.0
2021-08-05 22:11:43,84.0,75.0,5.0,4.0
2021-08-05 22:11:44,70.0,59.0,7.0,4.0
2021-08-05 22:11:45,89.0,73.0,10.0,6.0
2021-08-05 22:11:46,89.0,79.0,5.0,5.0
2021-08-05 22:11:47,82.0,70.0,8.0,4.0
2021-08-05 22:11:48,90.0,83.0,5.0,2.0
2021-08-05 22:11:49,90.0,76.0,7.0,7.0
2021-08-05 22:11:50,84.0,77.0,5.0,2.0
2021-08-05 22:11:51,80.0,69.0,10.0,1.0
2021-08-05 22:11:52,63.0,54.0,5.0,4.0
2021-08-05 22:11:53,95.0,78.0,12.0,5.0
2021-08-05 22:11:54,66.0,60.0,3.0,3.0
2021-08-05 22:11:55,82.0,75.0,3.0,4.0
2021-08-05 22:11:56,78.0,68.0,6.0,4.0
2021-08-05 22:11:57,76.0,61.0,8.0,7.0
2021-08-05 22:11:58,91.0,77.0,4.0,10.0
2021-08-05 22:11:59,66.0,59.0,5.0,2.0
2021-08-05 22:12:00,96.0,83.0,11.0,2.0
2021-08-05 22:12:01,73.0,69.0,2.0,2.0
2021-08-05 22:12:02,89.0,80.0,3.0,6.0
2021-08-05 22:12:03,88.0,77.0,8.0,3.0
2021-08-05 22:12:04,71.0,64.0,2.0,5.0
2021-08-05 22:12:05,80.0,70.0,5.0,5.0
2021-08-05 22:12:06,87.0,74.0,9.0,4.0
2021-08-05 22:12:07,87.0,78.0,5.0,4.0
2021-08-05 22:12:08,84.0,76.0,7.0,1.0
2021-08-05 22:12:09,61.0,53.0,6.0,2.0
2021-08-05 22:12:10,84.0,76.0,6.0,2.0
2021-08-05 22:12:11,76.0,60.0,8.0,8.0
2021-08-05 22:12:12,97.0,81.0,10.0,6.0
2021-08-05 22:12:13,74.0,62.0,5.0,7.0
2021-08-05 22:12:14,70.0,58.0,7.0,5.0
2021-08-05 22:12:15,82.0,66.0,11.0,5.0
2021-08-05 22:12:16,80.0,73.0,4.0,3.0
2021-08-05 22:12:17,70.0,65.0,2.0,3.0
2021-08-05 22:12:18,68.0,61.0,5.0,2.0
2021-08-05 22:12:19,70.0,59.0,9.0,2.0
2021-08-05 22:12:20,84.0,74.0,6.0,4.0
2021-08-05 22:12:21,85.0,80.0,4.0,1.0
2021-08-05 22:12:22,82.0,72.0,5.0,5.0
2021-08-05 22:12:23,68.0,59.0,6.0,3.0
2021-08-05 22:12:24,84.0,70.0,11.0,3.0
2021-08-05 22:12:25,68.0,59.0,4.0,5.0
2021-08-05 22:12:26,83.0,70.0,10.0,3.0
2021-08-05 22:12:27,77.0,63.0,9.0,5.0
2021-08-05 22:12:28,79.0,75.0,2.0,2.0
2021-08-05 22:12:29,62.0,55.0,4.0,3.0
2021-08-05 22:12:30,90.0,77.0,8.0,5.0
2021-08-05 22:12:31,77.0,57.0,14.0,6.0
2021-08-05 22:12:32,79.0,69.0,7.0,3.0
2021-08-05 22:12:33,70.0,55.0,9.0,6.0
2021-08-05 22:12:34,79.0,70.0,6.0,3.0
2021-08-05 22:12:35,71.0,63.0,6.0,2.0
2021-08-05 22:12:36,88.0,79.0,5.0,4.0
2021-08-05 22:12:37,80.0,73.0,4.0,3.0
2021-08-05 22:12:38,64.0,60.0,4.0,0.0
2021-08-05 22:12:39,77.0,69.0,8.0,0.0
2021-08-05 22:12:40,72.0,61.0,5.0,6.0
2021-08-05 22:12:41,82.0,73.0,6.0,3.0
2021-08-05 22:12:42,88.0,79.0,5.0,4.0
2021-08-05 22:12:43,90.0,77.0,9.0,4.0
2021-08-05 22:12:44,92.0,86.0,4.0,2.0
2021-08-05 22:12:45,81.0,72.0,5.0,4.0
2021-08-05 22:12:46,79.0,69.0,5.0,5.0
2021-08-05 22:12:47,83.0,72.0,4.0,7.0
2021-08-05 22:12:48,87.0,73.0,12.0,2.0
2021-08-05 22:12:49,79.0,74.0,2.0,3.0
2021-08-05 22:12:50,75.0,63.0,9.0,3.0
2021-08-05 22:12:51,75.0,64.0,7.0,4.0
2021-08-05 22:12:52,69.0,62.0,4.0,3.0
2021-08-05 22:12:53,74.0,62.0,7.0,5.0
2021-08-05 22:12:54,88.0,79.0,5.0,4.0
2021-08-05 22:12:55,76.0,67.0,6.0,3.0
2021-08-05 22:12:56,87.0,69.0,12.0,6.0
2021-08-05 22:12:57,71.0,61.0,6.0,4.0
2021-08-05 22:12:58,73.0,66.0,6.0,1.0
2021-08-05 22:12:59,85.0,73.0,6.0,6.0
2021-08-05 22:13:00,82.0,68.0,9.0,5.0
2021-08-05 22:13:01,67.0,58.0,4.0,5.0
2021-08-05 22:13:02,91.0,82.0,3.0,6.0
2021-08-05 22:13:03,75.0,65.0,6.0,4.0
2021-08-05 22:13:04,57.0,50.0,4.0,3.0
2021-08-05 22:13:05,87.0,75.0,5.0,7.0
2021-08-05 22:13:06,87.0,78.0,2.0,7.0
2021-08-05 22:13:07,84.0,71.0,4.0,9.0
2021-08-05 22:13:08,75.0,64.0,7.0,4.0
2021-08-05 22:13:09,67.0,62.0,3.0,2.0
2021-08-05 22:13:10,61.0,54.0,4.0,3.0
2021-08-05 22:13:11,79.0,68.0,8.0,3.0
2021-08-05 22:13:12,69.0,54.0,9.0,6.0
2021-08-05 22:13:13,63.0,51.0,7.0,5.0
2021-08-05 22:13:14,92.0,80.0,5.0,7.0
2021-08-05 22:13:15,81.0,64.0,10.0,7.0
2021-08-05 22:13:16,84.0,74.0,4.0,6.0
2021-08-05 22:13:17,71.0,66.0,2.0,3.0
2021-08-05 22:13:18,75.0,70.0,5.0,0.0
2021-08-05 22:13:19,83.0,71.0,6.0,6.0
2021-08-05 22:13:20,77.0,61.0,9.0,7.0
2021-08-05 22:13:21,92.0,80.0,10.0,2.0
2021-08-05 22:13:22,80.0,68.0,9.0,3.0
2021-08-05 22:13:23,84.0,71.0,4.0,9.0
2021-08-05 22:13:24,79.0,64.0,8.0,7.0
2021-08-05 22:13:25,77.0,68.0,4.0,5.0
2021-08-05 22:13:26,99.0,86.0,8.0,5.0
2021-08-05 22:13:27,81.0,73.0,6.0,2.0
2021-08-05 22:13:28,63.0,56.0,4.0,3.0
2021-08-05 22:13:29,85.0,70.0,9.0,6.0
2021-08-05 22:13:30,65.0,56.0,6.0,3.0
2021-08-05 22:13:31,74.0,62.0,9.0,3.0
2021-08-05 22:13:32,72.0,64.0,5.0,3.0
2021-08-05 22:13:33,82.0,69.0,11.0,2.0
2021-08-05 22:13:34,78.0,73.0,2.0,3.0
2021-08-05 22:13:35,77.0,64.0,5.0,8.0
2021-08-05 22:13:36,89.0,77.0,6.0,6.0
2021-08-05 22:13:37,91.0,72.0,15.0,4.0
2021-08-05 22:13:38,96.0,85.0,7.0,4.0
2021-08-05 22:13:39,72.0,61.0,8.0,3.0
2021-08-05 22:13:40,80.0,69.0,7.0,4.0
2021-08-05 22:13:41,59.0,54.0,3.0,2.0
2021-08-05 22:13:42,88.0,78.0,8.0,2.0
2021-08-05 22:13:43,81.0,75.0,2.0,4.0
2021-08-05 22:13:44,68.0,61.0,5.0,2.0
2021-08-05 22:13:45,78.0,68.0,6.0,4.0
2021-08-05 22:13:46,96.0,85.0,7.0,4.0
2021-08-05 22:13:47,93.0,81.0,5.0,7.0
2021-08-05 22:13:48,78.0,69.0,3.0,6.0
2021-08-05 22:13:49,63.0,51.0,9.0,3.0
2021-08-05 22:13:50,75.0,67.0,6.0,2.0
2021-08-05 22:13:51,86.0,69.0,9.0,8.0
2021-08-05 22:13:52,74.0,66.0,5.0,3.0
2021-08-05 22:13:53,73.0,67.0,4.0,2.0
2021-08-05 22:13:54,79.0,72.0,6.0,1.0
2021-08-05 22:13:55,87.0,79.0,6.0,2.0
2021-08-05 22:13:56,70.0,56.0,13.0,1.0
2021-08-05 22:13:57,78.0,70.0,7.0,1.0
2021-08-05 22:13:58,83.0,72.0,4.0,7.0
2021-08-05 22:13:59,82.0,71.0,5.0,6.0
2021-08-05 22:14:00,86.0,74.0,6.0,6.0
2021-08-05 22:14:01,81.0,68.0,9.0,4.0
2021-08-05 22:14:02,94.0,82.0,8.0,4.0
2021-08-05 22:14:03,95.0,80.0,8.0,7.0
2021-08-05 22:14:04,102.0,88.0,11.0,3.0
2021-08-05 22:14:05,88.0,78.0,7.0,3.0
2021-08-05 22:14:06,100.0,81.0,12.0,7.0
2021-08-05 22:14:07,88.0,78.0,6.0,4.0
2021-08-05 22:14:08,80.0,67.0,8.0,5.0
2021-08-05 22:14:09,82.0,67.0,9.0,6.0
2021-08-05 22:14:10,76.0,69.0,3.0,4.0
2021-08-05 22:14:11,71.0,57.0,5.0,9.0
2021-08-05 22:14:12,88.0,77.0,7.0,4.0
2021-08-05 22:14:13,72.0,67.0,3.0,2.0
2021-08-05 22:14:14,65.0,58.0,4.0,3.0
2021-08-05 22:14:15,73.0,66.0,3.0,4.0
2021-08-05 22:14:16,78.0,66.0,6.0,6.0
2021-08-05 22:14:17,85.0,69.0,10.0,6.0
2021-08-05 22:14:18,87.0,75.0,11.0,1.0
2021-08-05 22:14:19,77.0,64.0,9.0,4.0
2021-08-05 22:14:20,72.0,60.0,5.0,7.0
2021-08-05 22:14:21,92.0,83.0,4.0,5.0
2021-08-05 22:14:22,85.0,70.0,7.0,8.0
2021-08-05 22:14:23,88.0,78.0,6.0,4.0
2021-08-05 22:14:24,84.0,76.0,6.0,2.0
2021-08-05 22:14:25,86.0,72.0,6.0,8.0
2021-08-05 22:14:26,81.0,68.0,9.0,4.0
2021-08-05 22:14:27,86.0,72.0,10.0,4.0
2021-08-05 22:14:28,70.0,60.0,2.0,8.0
2021-08-05 22:14:29,81.0,68.0,8.0,5.0
2021-08-05 22:14:30,63.0,58.0,1.0,4.0
2021-08-05 22:14:31,81.0,72.0,8.0,1.0
2021-08-05 22:14:32,78.0,68.0,9.0,1.0
2021-08-05 22:14:33,81.0,66.0,8.0,7.0
2021-08-05 22:14:34,68.0,62.0,3.0,3.0
2021-08-05 22:14:35,105.0,94.0,5.0,6.0
2021-08-05 22:14:36,99.0,84.0,11.0,4.0
2021-08-05 22:14:37,94.0,81.0,4.0,9.0
2021-08-05 22:14:38,74.0,63.0,6.0,5.0
2021-08-05 22:14:39,79.0,67.0,7.0,5.0
2021-08-05 22:14:40,97.0,80.0,9.0,8.0
2021-08-05 22:14:41,62.0,57.0,4.0,1.0
2021-08-05 22:14:42,89.0,78.0,4.0,7.0
2021-08-05 22:14:43,98.0,82.0,9.0,7.0
2021-08-05 22:14:44,77.0,71.0,3.0,3.0
2021-08-05 22:14:45,90.0,75.0,9.0,6.0
2021-08-05 22:14:46,78.0,68.0,9.0,1.0
2021-08-05 22:14:47,82.0,73.0,5.0,4.0
2021-08-05 22:14:48,64.0,56.0,5.0,3.0
2021-08-05 22:14:49,89.0,77.0,9.0,3.0
2021-08-05 22:14:50,105.0,90.0,8.0,7.0
2021-08-05 22:14:51,71.0,63.0,2.0,6.0
2021-08-05 22:14:52,63.0,50.0,8.0,5.0
2021-08-05 22:14:53,87.0,73.0,8.0,6.0
2021-08-05 22:14:54,83.0,69.0,10.0,4.0
2021-08-05 22:14:55,81.0,67.0,7.0,7.0
2021-08-05 22:14:56,77.0,71.0,4.0,2.0
2021-08-05 22:14:57,70.0,62.0,4.0,4.0
2021-08-05 22:14:58,81.0,72.0,5.0,4.0
2021-08-05 22:14:59,84.0,72.0,8.0,4.0
2021-08-05 22:15:00,90.0,78.0,6.0,6.0
2021-08-05 22:15:01,91.0,76.0,10.0,5.0
2021-08-05 22:15:02,73.0,64.0,6.0,3.0
2021-08-05 22:15:03,84.0,70.0,8.0,6.0
2021-08-05 22:15:04,71.0,60.0,8.0,3.0
2021-08-05 22:15:05,68.0,63.0,4.0,1.0
2021-08-05 22:15:06,81.0,69.0,6.0,6.0
2021-08-05 22:15:07,85.0,69.0,7.0,9.0
2021-08-05 22:15:08,79.0,72.0,6.0,1.0
2021-08-05 22:15:09,72.0,63.0,8.0,1.0
2021-08-05 22:15:10,96.0,87.0,3.0,6.0
2021-08-05 22:15:11,74.0,68.0,5.0,1.0
2021-08-05 22:15:12,82.0,71.0,5.0,6.0
2021-08-05 22:15:13,66.0,61.0,4.0,1.0
2021-08-05 22:15:14,87.0,73.0,10.0,4.0
2021-08-05 22:15:15,77.0,73.0,3.0,1.0
2021-08-05 22:15:16,81.0,66.0,10.0,5.0
2021-08-05 22:15:17,88.0,72.0,9.0,7.0
2021-08-05 22:15:18,84.0,71.0,11.0,2.0
2021-08-05 22:15:19,78.0,64.0,7.0,7.0
2021-08-05 22:15:20,72.0,66.0,2.0,4.0
2021-08-05 22:15:21,78.0,70.0,7.0,1.0
2021-08-05 22:15:22,67.0,55.0,5.0,7.0
2021-08-05 22:15:23,80.0,66.0,9.0,5.0
2021-08-05 22:15:24,69.0,58.0,7.0,4.0
2021-08-05 22:15:25,90.0,79.0,5.0,6.0
2021-08-05 22:15:26,91.0,80.0,8.0,3.0
2021-08-05 22:15:27,75.0,64.0,7.0,4.0
2021-08-05 22:15:28,82.0,73.0,4.0,5.0
2021-08-05 22:15:29,68.0,62.0,2.0,4.0
2021-08-05 22:15:30,92.0,74.0,10.0,8.0
2021-08-05 22:15:31,67.0,61.0,3.0,3.0
2021-08-05 22:15:32,75.0,67.0,6.0,2.0
2021-08-05 22:15:33,83.0,73.0,8.0,2.0
2021-08-05 22:15:34,84.0,76.0,5.0,3.0
2021-08-05 22:15:35,77.0,69.0,5.0,3.0
2021-08-05 22:15:36,74.0,60.0,9.0,5.0
2021-08-05 22:15:37,62.0,54.0,3.0,5.0
2021-08-05 22:15:38,87.0,76.0,7.0,4.0
2021-08-05 22:15:39,91.0,82.0,5.0,4.0
2021-08-05 22:15:40,95.0,85.0,7.0,3.0
2021-08-05 22:15:41,75.0,64.0,7.0,4.0
2021-08-05 22:15:42,82.0,70.0,6.0,6.0
2021-08-05 22:15:43,98.0,87.0,9.0,2.0
2021-08-05 22:15:44,64.0,53.0,6.0,5.0
2021-08-05 22:15:45,78.0,70.0,6.0,2.0
2021-08-05 22:15:46,71.0,61.0,2.0,8.0
2021-08-05 22:15:47,62.0,51.0,6.0,5.0
2021-08-05 22:15:48,85.0,73.0,6.0,6.0
2021-08-05 22:15:49,77.0,69.0,4.0,4.0
2021-08-05 22:15:50,87.0,77.0,6.0,4.0
2021-08-05 22:15:51,86.0,77.0,6.0,3.0
2021-08-05 22:15:52,87.0,75.0,8.0,4.0
2021-08-05 22:15:53,84.0,75.0,6.0,3.0
2021-08-05 22:15:54,77.0,65.0,10.0,2.0
2021-08-05 22:15:55,86.0,78.0,6.0,2.0
2021-08-05 22:15:56,74.0,61.0,8.0,5.0
2021-08-05 22:15:57,77.0,68.0,4.0,5.0
2021-08-05 22:15:58,79.0,65.0,9.0,5.0
2021-08-05 22:15:59,91.0,83.0,5.0,3.0
2021-08-05 22:16:00,88.0,77.0,7.0,4.0
2021-08-05 22:16:01,86.0,74.0,7.0,5.0
2021-08-05 22:16:02,74.0,62.0,6.0,6.0
2021-08-05 22:16:03,82.0,70.0,6.0,6.0
2021-08-05 22:16:04,69.0,63.0,1.0,5.0
2021-08-05 22:16:05,73.0,64.0,6.0,3.0
2021-08-05 22:16:06,77.0,68.0,7.0,2.0
2021-08-05 22:16:07,83.0,77.0,6.0,0.0
2021-08-05 22:16:08,78.0,71.0,4.0,3.0
2021-08-05 22:16:09,70.0,55.0,9.0,6.0
2021-08-05 22:16:10,101.0,92.0,8.0,1.0
2021-08-05 22:16:11,76.0,65.0,6.0,5.0
2021-08-05 22:16:12,71.0,62.0,8.0,1.0
2021-08-05 22:16:13,84.0,76.0,3.0,5.0
2021-08-05 22:16:14,83.0,74.0,4.0,5.0
2021-08-05 22:16:15,84.0,78.0,4.0,2.0
2021-08-05 22:16:16,90.0,76.0,8.0,6.0
2021-08-05 22:16:17,84.0,74.0,9.0,1.0
2021-08-05 22:16:18,79.0,66.0,5.0,8.0
2021-08-05 22:16:19,60.0,53.0,4.0,3.0
2021-08-05 22:16:20,88.0,81.0,5.0,2.0
2021-08-05 22:16:21,67.0,57.0,8.0,2.0
2021-08-05 22:16:22,77.0,67.0,7.0,3.0
2021-08-05 22:16:23,78.0,68.0,6.0,4.0
2021-08-05 22:16:24,78.0,64.0,6.0,8.0
2021-08-05 22:16:25,63.0,55.0,5.0,3.0
2021-08-05 22:16:26,81.0,71.0,9.0,1.0
2021-08-05 22:16:27,67.0,60.0,4.0,3.0
2021-08-05 22:16:28,68.0,51.0,8.0,9.0
2021-08-05 22:16:29,81.0,72.0,5.0,4.0
2021-08-05 22:16:30,90.0,73.0,9.0,8.0
2021-08-05 22:16:31,75.0,67.0,6.0,2.0
2021-08-05 22:16:32,69.0,56.0,9.0,4.0
2021-08-05 22:16:33,75.0,64.0,3.0,8.0
2021-08-05 22:16:34,64.0,59.0,4.0,1.0
2021-08-05 22:16:35,88.0,80.0,7.0,1.0
2021-08-05 22:16:36,85.0,74.0,6.0,5.0
2021-08-05 22:16:37,81.0,66.0,12.0,3.0
2021-08-05 22:16:38,77.0,71.0,4.0,2.0
2021-08-05 22:16:39,87.0,76.0,7.0,4.0
2021-08-05 22:16:40,82.0,74.0,5.0,3.0
2021-08-05 22:16:41,88.0,73.0,10.0,5.0
2021-08-05 22:16:42,68.0,57.0,8.0,3.0
2021-08-05 22:16:43,67.0,56.0,5.0,6.0
2021-08-05 22:16:44,68.0,60.0,4.0,4.0
2021-08-05 22:16:45,74.0,65.0,4.0,5.0
2021-08-05 22:16:46,73.0,69.0,2.0,2.0
2021-08-05 22:16:47,89.0,70.0,13.0,6.0
2021-08-05 22:16:48,77.0,69.0,2.0,6.0
2021-08-05 22:16:49,74.0,65.0,4.0,5.0
2021-08-05 22:16:50,83.0,69.0,6.0,8.0
2021-08-05 22:16:51,81.0,71.0,6.0,4.0
2021-08-05 22:16:52,87.0,78.0,6.0,3.0
2021-08-05 22:16:53,77.0,70.0,3.0,4.0
2021-08-05 22:16:54,77.0,63.0,11.0,3.0
2021-08-05 22:16:55,79.0,73.0,4.0,2.0
2021-08-05 22:16:56,89.0,71.0,12.0,6.0
2021-08-05 22:16:57,77.0,68.0,6.0,3.0
2021-08-05 22:16:58,94.0,86.0,5.0,3.0
2021-08-05 22:16:59,85.0,83.0,0.0,2.0
2021-08-05 22:17:00,91.0,79.0,6.0,6.0
2021-08-05 22:17:01,85.0,74.0,5.0,6.0
2021-08-05 22:17:02,78.0,68.0,5.0,5.0
2021-08-05 22:17:03,95.0,81.0,10.0,4.0
2021-08-05 22:17:04,79.0,70.0,3.0,6.0
2021-08-05 22:17:05,75.0,67.0,5.0,3.0
2021-08-05 22:17:06,70.0,62.0,7.0,1.0
2021-08-05 22:17:07,70.0,58.0,7.0,5.0
2021-08-05 22:17:08,80.0,70.0,4.0,6.0
2021-08-05 22:17:09,92.0,80.0,8.0,4.0
2021-08-05 22:17:10,83.0,72.0,6.0,5.0
2021-08-05 22:17:11,74.0,63.0,7.0,4.0
2021-08-05 22:17:12,78.0,71.0,4.0,3.0
2021-08-05 22:17:13,80.0,69.0,8.0,3.0
2021-08-05 22:17:14,90.0,77.0,10.0,3.0
2021-08-05 22:17:15,77.0,70.0,7.0,0.0
2021-08-05 22:17:16,95.0,82.0,9.0,4.0
2021-08-05 22:17:17,85.0,75.0,7.0,3.0
2021-08-05 22:17:18,85.0,79.0,5.0,1.0
2021-08-05 22:17:19,79.0,73.0,3.0,3.0
2021-08-05 22:17:20,74.0,66.0,4.0,4.0
2021-08-05 22:17:21,79.0,70.0,4.0,5.0
2021-08-05 22:17:22,84.0,75.0,5.0,4.0
2021-08-05 22:17:23,77.0,70.0,4.0,3.0
2021-08-05 22:17:24,79.0,68.0,7.0,4.0
2021-08-05 22:17:25,79.0,68.0,5.0,6.0
2021-08-05 22:17:26,88.0,74.0,9.0,5.0
2021-08-05 22:17:27,81.0,71.0,5.0,5.0
2021-08-05 22:17:28,90.0,77.0,9.0,4.0
2021-08-05 22:17:29,92.0,86.0,4.0,2.0
2021-08-05 22:17:30,65.0,58.0,5.0,2.0
2021-08-05 22:17:31,75.0,67.0,5.0,3.0
2021-08-05 22:17:32,84.0,74.0,6.0,4.0
2021-08-05 22:17:33,86.0,72.0,10.0,4.0
2021-08-05 22:17:34,63.0,56.0,4.0,3.0
2021-08-05 22:17:35,74.0,69.0,4.0,1.0
2021-08-05 22:17:36,87.0,79.0,6.0,2.0
2021-08-05 22:17:37,66.0,58.0,7.0,1.0
2021-08-05 22:17:38,84.0,72.0,6.0,6.0
2021-08-05 22:17:39,81.0,70.0,8.0,3.0
2021-08-05 22:17:40,75.0,64.0,7.0,4.0
2021-08-05 22:17:41,74.0,65.0,8.0,1.0
2021-08-05 22:17:42,64.0,55.0,2.0,7.0
2021-08-05 22:17:43,98.0,80.0,9.0,9.0
2021-08-05 22:17:44,63.0,55.0,6.0,2.0
2021-08-05 22:17:45,62.0,54.0,4.0,4.0
2021-08-05 22:17:46,69.0,56.0,9.0,4.0
2021-08-05 22:17:47,84.0,76.0,4.0,4.0
2021-08-05 22:17:48,68.0,61.0,4.0,3.0
2021-08-05 22:17:49,89.0,83.0,3.0,3.0
2021-08-05 22:17:50,73.0,66.0,5.0,2.0
2021-08-05 22:17:51,84.0,76.0,4.0,4.0
2021-08-05 22:17:52,75.0,62.0,9.0,4.0
2021-08-05 22:17:53,75.0,69.0,3.0,3.0
2021-08-05 22:17:54,65.0,53.0,7.0,5.0
2021-08-05 22:17:55,63.0,56.0,5.0,2.0
2021-08-05 22:17:56,76.0,70.0,3.0,3.0
2021-08-05 22:17:57,90.0,77.0,8.0,5.0
2021-08-05 22:17:58,72.0,66.0,3.0,3.0
2021-08-05 22:17:59,69.0,62.0,6.0,1.0
2021-08-05 22:18:00,72.0,61.0,8.0,3.0
2021-08-05 22:18:01,62.0,56.0,1.0,5.0
2021-08-05 22:18:02,90.0,82.0,6.0,2.0
2021-08-05 22:18:03,69.0,53.0,10.0,6.0
2021-08-05 22:18:04,87.0,70.0,13.0,4.0
2021-08-05 22:18:05,92.0,76.0,11.0,5.0
2021-08-05 22:18:06,74.0,67.0,4.0,3.0
2021-08-05 22:18:07,87.0,67.0,9.0,11.0
2021-08-05 22:18:08,78.0,71.0,4.0,3.0
2021-08-05 22:18:09,87.0,83.0,2.0,2.0
2021-08-05 22:18:10,68.0,61.0,4.0,3.0
2021-08-05 22:18:11,82.0,70.0,9.0,3.0
2021-08-05 22:18:12,80.0,74.0,1.0,5.0
2021-08-05 22:18:13,79.0,70.0,5.0,4.0
2021-08-05 22:18:14,83.0,67.0,13.0,3.0
2021-08-05 22:18:15,78.0,66.0,6.0,6.0
2021-08-05 22:18:16,97.0,87.0,6.0,4.0
2021-08-05 22:18:17,92.0,83.0,5.0,4.0
2021-08-05 22:18:18,92.0,76.0,8.0,8.0
2021-08-05 22:18:19,70.0,63.0,5.0,2.0
2021-08-05 22:18:20,91.0,77.0,3.0,11.0
2021-08-05 22:18:21,89.0,78.0,9.0,2.0
2021-08-05 22:18:22,66.0,62.0,2.0,2.0
2021-08-05 22:18:23,72.0,62.0,6.0,4.0
2021-08-05 22:18:24,74.0,66.0,5.0,3.0
2021-08-05 22:18:25,71.0,63.0,7.0,1.0
2021-08-05 22:18:26,67.0,58.0,5.0,4.0
2021-08-05 22:18:27,68.0,52.0,8.0,8.0
2021-08-05 22:18:28,72.0,64.0,5.0,3.0
2021-08-05 22:18:29,76.0,71.0,2.0,3.0
2021-08-05 22:18:30,68.0,59.0,7.0,2.0
2021-08-05 22:18:31,78.0,70.0,5.0,3.0
2021-08-05 22:18:32,83.0,71.0,7.0,5.0
2021-08-05 22:18:33,87.0,76.0,9.0,2.0
2021-08-05 22:18:34,84.0,73.0,6.0,5.0
2021-08-05 22:18:35,85.0,76.0,5.0,4.0
2021-08-05 22:18:36,84.0,70.0,11.0,3.0
2021-08-05 22:18:37,87.0,75.0,7.0,5.0
2021-08-05 22:18:38,80.0,69.0,7.0,4.0
2021-08-05 22:18:39,67.0,54.0,8.0,5.0
2021-08-05 22:18:40,64.0,55.0,4.0,5.0
2021-08-05 22:18:41,83.0,70.0,6.0,7.0
2021-08-05 22:18:42,70.0,64.0,4.0,2.0
2021-08-05 22:18:43,71.0,66.0,3.0,2.0
2021-08-05 22:18:44,77.0,67.0,4.0,6.0
2021-08-05 22:18:45,85.0,77.0,2.0,6.0
2021-08-05 22:18:46,65.0,61.0,2.0,2.0
2021-08-05 22:18:47,105.0,90.0,7.0,8.0
2021-08-05 22:18:48,83.0,71.0,6.0,6.0
2021-08-05 22:18:49,89.0,75.0,8.0,6.0
2021-08-05 22:18:50,73.0,65.0,6.0,2.0
2021-08-05 22:18:51,77.0,64.0,8.0,5.0
2021-08-05 22:18:52,77.0,73.0,3.0,1.0
2021-08-05 22:18:53,82.0,73.0,2.0,7.0
2021-08-05 22:18:54,81.0,68.0,9.0,4.0
2021-08-05 22:18:55,83.0,75.0,5.0,3.0
2021-08-05 22:18:56,90.0,78.0,8.0,4.0
2021-08-05 22:18:57,78.0,69.0,7.0,2.0
2021-08-05 22:18:58,78.0,64.0,9.0,5.0
2021-08-05 22:18:59,89.0,80.0,5.0,4.0
2021-08-05 22:19:00,84.0,76.0,6.0,2.0
2021-08-05 22:19:01,84.0,76.0,3.0,5.0
2021-08-05 22:19:02,81.0,68.0,9.0,4.0
2021-08-05 22:19:03,64.0,55.0,5.0,4.0
2021-08-05 22:19:04,82.0,68.0,9.0,5.0
2021-08-05 22:19:05,81.0,73.0,8.0,0.0
2021-08-05 22:19:06,80.0,66.0,7.0,7.0
2021-08-05 22:19:07,69.0,60.0,4.0,5.0
2021-08-05 22:19:08,79.0,66.0,10.0,3.0
2021-08-05 22:19:09,91.0,77.0,8.0,6.0
2021-08-05 22:19:10,99.0,88.0,7.0,4.0
2021-08-05 22:19:11,69.0,61.0,7.0,1.0
2021-08-05 22:19:12,86.0,71.0,8.0,7.0
2021-08-05 22:19:13,75.0,64.0,3.0,8.0
2021-08-05 22:19:14,79.0,70.0,5.0,4.0
2021-08-05 22:19:15,86.0,76.0,6.0,4.0
2021-08-05 22:19:16,85.0,68.0,9.0,8.0
2021-08-05 22:19:17,74.0,65.0,6.0,3.0
2021-08-05 22:19:18,78.0,68.0,6.0,4.0
2021-08-05 22:19:19,85.0,73.0,10.0,2.0
2021-08-05 22:19:20,77.0,67.0,5.0,5.0
2021-08-05 22:19:21,77.0,69.0,5.0,3.0
2021-08-05 22:19:22,80.0,71.0,2.0,7.0
2021-08-05 22:19:23,73.0,56.0,7.0,10.0
2021-08-05 22:19:24,77.0,65.0,5.0,7.0
2021-08-05 22:19:25,83.0,72.0,7.0,4.0
2021-08-05 22:19:26,78.0,62.0,10.0,6.0
2021-08-05 22:19:27,85.0,69.0,15.0,1.0
2021-08-05 22:19:28,85.0,76.0,3.0,6.0
2021-08-05 22:19:29,83.0,72.0,7.0,4.0
2021-08-05 22:19:30,75.0,67.0,4.0,4.0
2021-08-05 22:19:31,67.0,56.0,4.0,7.0
2021-08-05 22:19:32,91.0,76.0,6.0,9.0
2021-08-05 22:19:33,74.0,69.0,3.0,2.0
2021-08-05 22:19:34,87.0,72.0,10.0,5.0
2021-08-05 22:19:35,88.0,73.0,8.0,7.0
2021-08-05 22:19:36,76.0,70.0,3.0,3.0
2021-08-05 22:19:37,87.0,76.0,7.0,4.0
2021-08-05 22:19:38,86.0,71.0,7.0,8.0
2021-08-05 22:19:39,88.0,70.0,9.0,9.0
2021-08-05 22:19:40,84.0,75.0,4.0,5.0
2021-08-05 22:19:41,70.0,58.0,8.0,4.0
2021-08-05 22:19:42,78.0,63.0,9.0,6.0
2021-08-05 22:19:43,95.0,79.0,9.0,7.0
2021-08-05 22:19:44,73.0,61.0,8.0,4.0
2021-08-05 22:19:45,82.0,69.0,6.0,7.0
2021-08-05 22:19:46,81.0,69.0,8.0,4.0
2021-08-05 22:19:47,89.0,79.0,6.0,4.0
2021-08-05 22:19:48,77.0,63.0,3.0,11.0
2021-08-05 22:19:49,91.0,81.0,8.0,2.0
2021-08-05 22:19:50,98.0,85.0,11.0,2.0
2021-08-05 22:19:51,94.0,85.0,3.0,6.0
2021-08-05 22:19:52,78.0,72.0,2.0,4.0
2021-08-05 22:19:53,70.0,62.0,5.0,3.0
2021-08-05 22:19:54,79.0,67.0,9.0,3.0
2021-08-05 22:19:55,69.0,60.0,6.0,3.0
2021-08-05 22:19:56,88.0,81.0,5.0,2.0
2021-08-05 22:19:57,69.0,60.0,4.0,5.0
2021-08-05 22:19:58,77.0,64.0,9.0,4.0
2021-08-05 22:19:59,92.0,76.0,10.0,6.0
2021-08-05 22:20:00,87.0,72.0,7.0,8.0
2021-08-05 22:20:01,68.0,60.0,1.0,7.0
2021-08-05 22:20:02,84.0,74.0,5.0,5.0
2021-08-05 22:20:03,87.0,71.0,11.0,5.0
2021-08-05 22:20:04,93.0,80.0,8.0,5.0
2021-08-05 22:20:05,82.0,70.0,3.0,9.0
2021-08-05 22:20:06,72.0,63.0,7.0,2.0
2021-08-05 22:20:07,70.0,61.0,4.0,5.0
2021-08-05 22:20:08,97.0,86.0,9.0,2.0
2021-08-05 22:20:09,80.0,73.0,6.0,1.0
2021-08-05 22:20:10,84.0,65.0,16.0,3.0
2021-08-05 22:20:11,72.0,63.0,4.0,5.0
2021-08-05 22:20:12,86.0,75.0,8.0,3.0
2021-08-05 22:20:13,67.0,53.0,8.0,6.0
2021-08-05 22:20:14,77.0,65.0,9.0,3.0
2021-08-05 22:20:15,68.0,62.0,4.0,2.0
2021-08-05 22:20:16,92.0,83.0,6.0,3.0
2021-08-05 22:20:17,67.0,62.0,3.0,2.0
2021-08-05 22:20:18,95.0,84.0,7.0,4.0
2021-08-05 22:20:19,83.0,70.0,8.0,5.0
2021-08-05 22:20:20,77.0,69.0,5.0,3.0
2021-08-05 22:20:21,79.0,68.0,5.0,6.0
2021-08-05 22:20:22,71.0,64.0,5.0,2.0
2021-08-05 22:20:23,60.0,53.0,4.0,3.0
2021-08-05 22:20:24,61.0,47.0,6.0,8.0
2021-08-05 22:20:25,76.0,67.0,7.0,2.0
2021-08-05 22:20:26,75.0,61.0,9.0,5.0
2021-08-05 22:20:27,82.0,70.0,9.0,3.0
2021-08-05 22:20:28,73.0,65.0,4.0,4.0
2021-08-05 22:20:29,93.0,81.0,8.0,4.0
2021-08-05 22:20:30,79.0,71.0,1.0,7.0
2021-08-05 22:20:31,73.0,58.0,9.0,6.0
2021-08-05 22:20:32,84.0,70.0,7.0,7.0
2021-08-05 22:20:33,75.0,66.0,4.0,5.0
2021-08-05 22:20:34,77.0,68.0,7.0,2.0
2021-08-05 22:20:35,73.0,63.0,10.0,0.0
2021-08-05 22:20:36,85.0,78.0,4.0,3.0
2021-08-05 22:20:37,78.0,69.0,6.0,3.0
2021-08-05 22:20:38,70.0,62.0,3.0,5.0
2021-08-05 22:20:39,84.0,77.0,5.0,2.0
2021-08-05 22:20:40,91.0,80.0,5.0,6.0
2021-08-05 22:20:41,85.0,73.0,5.0,7.0
2021-08-05 22:20:42,95.0,83.0,7.0,5.0
2021-08-05 22:20:43,90.0,75.0,7.0,8.0
2021-08-05 22:20:44,75.0,61.0,8.0,6.0
2021-08-05 22:20:45,90.0,82.0,3.0,5.0
2021-08-05 22:20:46,77.0,65.0,6.0,6.0
2021-08-05 22:20:47,78.0,66.0,7.0,5.0
2021-08-05 22:20:48,72.0,63.0,6.0,3.0
2021-08-05 22:20:49,90.0,73.0,11.0,6.0
2021-08-05 22:20:50,79.0,66.0,5.0,8.0
2021-08-05 22:20:51,86.0,71.0,7.0,8.0
2021-08-05 22:20:52,74.0,68.0,3.0,3.0
2021-08-05 22:20:53,88.0,73.0,10.0,5.0
2021-08-05 22:20:54,79.0,59.0,13.0,7.0
2021-08-05 22:20:55,71.0,61.0,7.0,3.0
2021-08-05 22:20:56,96.0,80.0,10.0,6.0
2021-08-05 22:20:57,71.0,66.0,4.0,1.0
2021-08-05 22:20:58,85.0,75.0,6.0,4.0
2021-08-05 22:20:59,80.0,70.0,5.0,5.0
2021-08-05 22:21:00,76.0,62.0,8.0,6.0
2021-08-05 22:21:01,68.0,57.0,5.0,6.0
2021-08-05 22:21:02,72.0,63.0,5.0,4.0
2021-08-05 22:21:03,85.0,77.0,6.0,2.0
2021-08-05 22:21:04,86.0,74.0,4.0,8.0
2021-08-05 22:21:05,79.0,68.0,5.0,6.0
2021-08-05 22:21:06,83.0,66.0,4.0,13.0
2021-08-05 22:21:07,78.0,67.0,4.0,7.0
2021-08-05 22:21:08,88.0,80.0,6.0,2.0
2021-08-05 22:21:09,83.0,71.0,4.0,8.0
2021-08-05 22:21:10,80.0,66.0,10.0,4.0
2021-08-05 22:21:11,85.0,73.0,12.0,0.0
2021-08-05 22:21:12,81.0,75.0,3.0,3.0
2021-08-05 22:21:13,79.0,68.0,7.0,4.0
2021-08-05 22:21:14,93.0,84.0,8.0,1.0
2021-08-05 22:21:15,78.0,67.0,8.0,3.0
2021-08-05 22:21:16,81.0,72.0,7.0,2.0
2021-08-05 22:21:17,82.0,66.0,8.0,8.0
2021-08-05 22:21:18,72.0,63.0,7.0,2.0
2021-08-05 22:21:19,92.0,79.0,8.0,5.0
2021-08-05 22:21:20,77.0,62.0,6.0,9.0
2021-08-05 22:21:21,72.0,59.0,7.0,6.0
2021-08-05 22:21:22,90.0,72.0,10.0,8.0
2021-08-05 22:21:23,88.0,77.0,7.0,4.0
2021-08-05 22:21:24,64.0,56.0,6.0,2.0
2021-08-05 22:21:25,71.0,59.0,5.0,7.0
2021-08-05 22:21:26,76.0,70.0,4.0,2.0
2021-08-05 22:21:27,71.0,63.0,6.0,2.0
2021-08-05 22:21:28,71.0,58.0,8.0,5.0
2021-08-05 22:21:29,83.0,74.0,6.0,3.0
2021-08-05 22:21:30,62.0,54.0,4.0,4.0
2021-08-05 22:21:31,74.0,65.0,7.0,2.0
2021-08-05 22:21:32,80.0,68.0,11.0,1.0
2021-08-05 22:21:33,78.0,69.0,5.0,4.0
2021-08-05 22:21:34,76.0,66.0,7.0,3.0
2021-08-05 22:21:35,89.0,77.0,7.0,5.0
2021-08-05 22:21:36,64.0,59.0,4.0,1.0
2021-08-05 22:21:37,72.0,64.0,5.0,3.0
2021-08-05 22:21:38,81.0,76.0,2.0,3.0
2021-08-05 22:21:39,93.0,85.0,5.0,3.0
2021-08-05 22:21:40,74.0,61.0,6.0,7.0
2021-08-05 22:21:41,71.0,68.0,3.0,0.0
2021-08-05 22:21:42,85.0,77.0,4.0,4.0
2021-08-05 22:21:43,87.0,77.0,5.0,5.0
2021-08-05 22:21:44,84.0,69.0,10.0,5.0
2021-08-05 22:21:45,82.0,71.0,4.0,7.0
2021-08-05 22:21:46,72.0,62.0,6.0,4.0
2021-08-05 22:21:47,93.0,81.0,6.0,6.0
2021-08-05 22:21:48,67.0,59.0,3.0,5.0
2021-08-05 22:21:49,80.0,66.0,11.0,3.0
2021-08-05 22:21:50,80.0,66.0,10.0,4.0
2021-08-05 22:21:51,65.0,51.0,7.0,7.0
2021-08-05 22:21:52,67.0,57.0,9.0,1.0
2021-08-05 22:21:53,89.0,81.0,7.0,1.0
2021-08-05 22:21:54,78.0,68.0,6.0,4.0
2021-08-05 22:21:55,71.0,62.0,7.0,2.0
2021-08-05 22:21:56,67.0,60.0,4.0,3.0
2021-08-05 22:21:57,86.0,76.0,7.0,3.0
2021-08-05 22:21:58,65.0,61.0,4.0,0.0
2021-08-05 22:21:59,70.0,60.0,6.0,4.0
2021-08-05 22:22:00,76.0,73.0,2.0,1.0
2021-08-05 22:22:01,79.0,69.0,5.0,5.0
2021-08-05 22:22:02,87.0,73.0,7.0,7.0
2021-08-05 22:22:03,93.0,89.0,2.0,2.0
2021-08-05 22:22:04,89.0,75.0,8.0,6.0
2021-08-05 22:22:05,73.0,64.0,4.0,5.0
2021-08-05 22:22:06,82.0,73.0,5.0,4.0
2021-08-05 22:22:07,76.0,64.0,9.0,3.0
2021-08-05 22:22:08,79.0,67.0,5.0,7.0
2021-08-05 22:22:09,81.0,67.0,12.0,2.0
2021-08-05 22:22:10,70.0,64.0,4.0,2.0
2021-08-05 22:22:11,79.0,72.0,6.0,1.0
2021-08-05 22:22:12,86.0,72.0,4.0,10.0
2021-08-05 22:22:13,84.0,75.0,5.0,4.0
2021-08-05 22:22:14,80.0,69.0,6.0,5.0
2021-08-05 22:22:15,89.0,77.0,3.0,9.0
2021-08-05 22:22:16,54.0,46.0,5.0,3.0
2021-08-05 22:22:17,82.0,78.0,3.0,1.0
2021-08-05 22:22:18,73.0,62.0,5.0,6.0
2021-08-05 22:22:19,68.0,59.0,2.0,7.0
2021-08-05 22:22:20,76.0,63.0,7.0,6.0
2021-08-05 22:22:21,78.0,68.0,6.0,4.0
2021-08-05 22:22:22,81.0,67.0,11.0,3.0
2021-08-05 22:22:23,75.0,66.0,3.0,6.0
2021-08-05 22:22:24,85.0,77.0,4.0,4.0
2021-08-05 22:22:25,76.0,70.0,4.0,2.0
2021-08-05 22:22:26,66.0,58.0,7.0,1.0
2021-08-05 22:22:27,80.0,76.0,3.0,1.0
2021-08-05 22:22:28,93.0,77.0,10.0,6.0
2021-08-05 22:22:29,71.0,62.0,6.0,3.0
2021-08-05 22:22:30,79.0,71.0,4.0,4.0
2021-08-05 22:22:31,69.0,58.0,5.0,6.0
2021-08-05 22:22:32,68.0,60.0,5.0,3.0
2021-08-05 22:22:33,70.0,63.0,4.0,3.0
2021-08-05 22:22:34,85.0,70.0,10.0,5.0
2021-08-05 22:22:35,74.0,65.0,6.0,3.0
2021-08-05 22:22:36,79.0,65.0,10.0,4.0
2021-08-05 22:22:37,83.0,69.0,6.0,8.0
2021-08-05 22:22:38,55.0,46.0,5.0,4.0
2021-08-05 22:22:39,80.0,66.0,6.0,8.0
2021-08-05 22:22:40,88.0,68.0,13.0,7.0
2021-08-05 22:22:41,74.0,68.0,4.0,2.0
2021-08-05 22:22:42,87.0,79.0,4.0,4.0
2021-08-05 22:22:43,82.0,72.0,4.0,6.0
2021-08-05 22:22:44,93.0,76.0,12.0,5.0
2021-08-05 22:22:45,72.0,64.0,7.0,1.0
2021-08-05 22:22:46,73.0,63.0,4.0,6.0
2021-08-05 22:22:47,58.0,53.0,4.0,1.0
2021-08-05 22:22:48,57.0,51.0,3.0,3.0
2021-08-05 22:22:49,87.0,71.0,7.0,9.0
2021-08-05 22:22:50,63.0,53.0,5.0,5.0
2021-08-05 22:22:51,63.0,57.0,5.0,1.0
2021-08-05 22:22:52,83.0,68.0,7.0,8.0
2021-08-05 22:22:53,76.0,68.0,6.0,2.0
2021-08-05 22:22:54,82.0,64.0,15.0,3.0
2021-08-05 22:22:55,82.0,74.0,6.0,2.0
2021-08-05 22:22:56,73.0,63.0,7.0,3.0
2021-08-05 22:22:57,97.0,80.0,9.0,8.0
2021-08-05 22:22:58,84.0,72.0,8.0,4.0
2021-08-05 22:22:59,78.0,74.0,2.0,2.0
2021-08-05 22:23:00,70.0,59.0,4.0,7.0
2021-08-05 22:23:01,89.0,74.0,9.0,6.0
2021-08-05 22:23:02,84.0,74.0,4.0,6.0
2021-08-05 22:23:03,91.0,82.0,6.0,3.0
2021-08-05 22:23:04,65.0,59.0,6.0,0.0
2021-08-05 22:23:05,78.0,66.0,8.0,4.0
2021-08-05 22:23:06,87.0,74.0,7.0,6.0
2021-08-05 22:23:07,67.0,63.0,2.0,2.0
2021-08-05 22:23:08,72.0,69.0,1.0,2.0
2021-08-05 22:23:09,81.0,71.0,4.0,6.0
2021-08-05 22:23:10,85.0,72.0,4.0,9.0
2021-08-05 22:23:11,79.0,70.0,3.0,6.0
2021-08-05 22:23:12,69.0,55.0,8.0,6.0
2021-08-05 22:23:13,76.0,61.0,8.0,7.0
2021-08-05 22:23:14,75.0,67.0,4.0,4.0
2021-08-05 22:23:15,80.0,71.0,6.0,3.0
2021-08-05 22:23:16,61.0,53.0,4.0,4.0
2021-08-05 22:23:17,86.0,74.0,9.0,3.0
2021-08-05 22:23:18,82.0,67.0,10.0,5.0
2021-08-05 22:23:19,75.0,65.0,4.0,6.0
2021-08-05 22:23:20,78.0,66.0,10.0,2.0
2021-08-05 22:23:21,81.0,64.0,12.0,5.0
2021-08-05 22:23:22,92.0,79.0,10.0,3.0
2021-08-05 22:23:23,58.0,47.0,5.0,6.0
2021-08-05 22:23:24,90.0,85.0,4.0,1.0
2021-08-05 22:23:25,76.0,70.0,3.0,3.0
2021-08-05 22:23:26,79.0,67.0,9.0,3.0
2021-08-05 22:23:27,83.0,78.0,4.0,1.0
2021-08-05 22:23:28,90.0,74.0,7.0,9.0
2021-08-05 22:23:29,77.0,68.0,7.0,2.0
2021-08-05 22:23:30,94.0,83.0,9.0,2.0
2021-08-05 22:23:31,67.0,55.0,6.0,6.0
2021-08-05 22:23:32,76.0,70.0,4.0,2.0
2021-08-05 22:23:33,90.0,79.0,8.0,3.0
2021-08-05 22:23:34,82.0,70.0,7.0,5.0
2021-08-05 22:23:35,106.0,89.0,11.0,6.0
2021-08-05 22:23:36,86.0,75.0,7.0,4.0
2021-08-05 22:23:37,76.0,60.0,12.0,4.0
2021-08-05 22:23:38,88.0,77.0,9.0,2.0
2021-08-05 22:23:39,67.0,54.0,6.0,7.0
2021-08-05 22:23:40,75.0,69.0,4.0,2.0
2021-08-05 22:23:41,71.0,64.0,6.0,1.0
2021-08-05 22:23:42,75.0,60.0,9.0,6.0
2021-08-05 22:23:43,62.0,56.0,2.0,4.0
2021-08-05 22:23:44,106.0,92.0,7.0,7.0
2021-08-05 22:23:45,81.0,72.0,7.0,2.0
2021-08-05 22:23:46,91.0,86.0,1.0,4.0
2021-08-05 22:23:47,78.0,69.0,6.0,3.0
2021-08-05 22:23:48,73.0,63.0,6.0,4.0
2021-08-05 22:23:49,74.0,66.0,3.0,5.0
2021-08-05 22:23:50,84.0,74.0,8.0,2.0
2021-08-05 22:23:51,91.0,75.0,13.0,3.0
2021-08-05 22:23:52,81.0,75.0,4.0,2.0
2021-08-05 22:23:53,67.0,58.0,6.0,3.0
2021-08-05 22:23:54,75.0,64.0,6.0,5.0
2021-08-05 22:23:55,61.0,54.0,5.0,2.0
2021-08-05 22:23:56,85.0,79.0,2.0,4.0
2021-08-05 22:23:57,94.0,81.0,8.0,5.0
2021-08-05 22:23:58,84.0,69.0,11.0,4.0
2021-08-05 22:23:59,77.0,67.0,3.0,7.0
2021-08-05 22:24:00,86.0,72.0,9.0,5.0
2021-08-05 22:24:01,96.0,76.0,10.0,10.0
2021-08-05 22:24:02,90.0,85.0,3.0,2.0
2021-08-05 22:24:03,72.0,59.0,9.0,4.0
2021-08-05 22:24:04,87.0,76.0,5.0,6.0
2021-08-05 22:24:05,72.0,64.0,5.0,3.0
2021-08-05 22:24:06,92.0,81.0,8.0,3.0
2021-08-05 22:24:07,82.0,71.0,7.0,4.0
2021-08-05 22:24:08,79.0,73.0,5.0,1.0
2021-08-05 22:24:09,95.0,79.0,9.0,7.0
2021-08-05 22:24:10,85.0,75.0,9.0,1.0
2021-08-05 22:24:11,82.0,71.0,3.0,8.0
2021-08-05 22:24:12,106.0,95.0,6.0,5.0
2021-08-05 22:24:13,72.0,61.0,6.0,5.0
2021-08-05 22:24:14,81.0,73.0,5.0,3.0
2021-08-05 22:24:15,86.0,82.0,2.0,2.0
2021-08-05 22:24:16,85.0,72.0,9.0,4.0
2021-08-05 22:24:17,62.0,54.0,6.0,2.0
2021-08-05 22:24:18,84.0,70.0,9.0,5.0
2021-08-05 22:24:19,90.0,78.0,8.0,4.0
2021-08-05 22:24:20,73.0,65.0,5.0,3.0
2021-08-05 22:24:21,76.0,67.0,5.0,4.0
2021-08-05 22:24:22,93.0,86.0,5.0,2.0
2021-08-05 22:24:23,70.0,64.0,3.0,3.0
2021-08-05 22:24:24,81.0,69.0,6.0,6.0
2021-08-05 22:24:25,88.0,74.0,6.0,8.0
2021-08-05 22:24:26,84.0,72.0,7.0,5.0
2021-08-05 22:24:27,77.0,60.0,7.0,10.0
2021-08-05 22:24:28,74.0,62.0,6.0,6.0
2021-08-05 22:24:29,76.0,69.0,3.0,4.0
2021-08-05 22:24:30,70.0,62.0,5.0,3.0
2021-08-05 22:24:31,81.0,67.0,12.0,2.0
2021-08-05 22:24:32,88.0,76.0,7.0,5.0
2021-08-05 22:24:33,66.0,62.0,1.0,3.0
2021-08-05 22:24:34,78.0,67.0,6.0,5.0
2021-08-05 22:24:35,78.0,68.0,6.0,4.0
2021-08-05 22:24:36,81.0,73.0,4.0,4.0
2021-08-05 22:24:37,85.0,70.0,10.0,5.0
2021-08-05 22:24:38,73.0,66.0,3.0,4.0
2021-08-05 22:24:39,86.0,78.0,4.0,4.0
2021-08-05 22:24:40,75.0,67.0,3.0,5.0
2021-08-05 22:24:41,76.0,69.0,3.0,4.0
2021-08-05 22:24:42,90.0,78.0,8.0,4.0
2021-08-05 22:24:43,82.0,71.0,9.0,2.0
2021-08-05 22:24:44,76.0,66.0,7.0,3.0
2021-08-05 22:24:45,99.0,90.0,6.0,3.0
2021-08-05 22:24:46,86.0,76.0,8.0,2.0
2021-08-05 22:24:47,88.0,79.0,7.0,2.0
2021-08-05 22:24:48,79.0,68.0,7.0,4.0
2021-08-05 22:24:49,81.0,72.0,6.0,3.0
2021-08-05 22:24:50,78.0,70.0,6.0,2.0
2021-08-05 22:24:51,71.0,58.0,8.0,5.0
2021-08-05 22:24:52,74.0,63.0,8.0,3.0
2021-08-05 22:24:53,82.0,74.0,3.0,5.0
2021-08-05 22:24:54,78.0,69.0,4.0,5.0
2021-08-05 22:24:55,86.0,73.0,4.0,9.0
2021-08-05 22:24:56,89.0,78.0,5.0,6.0
2021-08-05 22:24:57,73.0,65.0,4.0,4.0
2021-08-05 22:24:58,72.0,66.0,4.0,2.0
2021-08-05 22:24:59,75.0,66.0,7.0,2.0
2021-08-05 22:25:00,99.0,89.0,7.0,3.0
2021-08-05 22:25:01,76.0,69.0,5.0,2.0
2021-08-05 22:25:02,75.0,66.0,4.0,5.0
2021-08-05 22:25:03,80.0,67.0,7.0,6.0
2021-08-05 22:25:04,86.0,79.0,6.0,1.0
2021-08-05 22:25:05,75.0,68.0,3.0,4.0
2021-08-05 22:25:06,87.0,77.0,6.0,4.0
2021-08-05 22:25:07,69.0,62.0,7.0,0.0
2021-08-05 22:25:08,71.0,58.0,7.0,6.0
2021-08-05 22:25:09,86.0,74.0,8.0,4.0
2021-08-05 22:25:10,81.0,75.0,2.0,4.0
2021-08-05 22:25:11,72.0,63.0,6.0,3.0
2021-08-05 22:25:12,87.0,74.0,8.0,5.0
2021-08-05 22:25:13,79.0,73.0,2.0,4.0
2021-08-05 22:25:14,70.0,60.0,7.0,3.0
2021-08-05 22:25:15,79.0,71.0,6.0,2.0
2021-08-05 22:25:16,89.0,75.0,10.0,4.0
2021-08-05 22:25:17,88.0,75.0,5.0,8.0
2021-08-05 22:25:18,80.0,76.0,3.0,1.0
2021-08-05 22:25:19,89.0,72.0,10.0,7.0
2021-08-05 22:25:20,75.0,67.0,5.0,3.0
2021-08-05 22:25:21,83.0,68.0,11.0,4.0
2021-08-05 22:25:22,83.0,68.0,11.0,4.0
2021-08-05 22:25:23,75.0,63.0,8.0,4.0
2021-08-05 22:25:24,78.0,61.0,8.0,9.0
2021-08-05 22:25:25,77.0,62.0,12.0,3.0
2021-08-05 22:25:26,89.0,81.0,1.0,7.0
2021-08-05 22:25:27,69.0,62.0,4.0,3.0
2021-08-05 22:25:28,74.0,64.0,6.0,4.0
2021-08-05 22:25:29,73.0,59.0,5.0,9.0
2021-08-05 22:25:30,79.0,62.0,9.0,8.0
2021-08-05 22:25:31,74.0,65.0,6.0,3.0
2021-08-05 22:25:32,66.0,53.0,8.0,5.0
2021-08-05 22:25:33,84.0,72.0,5.0,7.0
2021-08-05 22:25:34,98.0,89.0,6.0,3.0
2021-08-05 22:25:35,72.0,60.0,9.0,3.0
2021-08-05 22:25:36,66.0,59.0,4.0,3.0
2021-08-05 22:25:37,78.0,70.0,6.0,2.0
2021-08-05 22:25:38,67.0,56.0,7.0,4.0
2021-08-05 22:25:39,82.0,68.0,6.0,8.0
2021-08-05 22:25:40,76.0,69.0,6.0,1.0
2021-08-05 22:25:41,74.0,65.0,5.0,4.0
2021-08-05 22:25:42,84.0,74.0,7.0,3.0
2021-08-05 22:25:43,75.0,64.0,6.0,5.0
2021-08-05 22:25:44,68.0,59.0,5.0,4.0
2021-08-05 22:25:45,81.0,75.0,3.0,3.0
2021-08-05 22:25:46,86.0,74.0,6.0,6.0
2021-08-05 22:25:47,74.0,61.0,9.0,4.0
2021-08-05 22:25:48,70.0,59.0,6.0,5.0
2021-08-05 22:25:49,83.0,74.0,6.0,3.0
2021-08-05 22:25:50,76.0,65.0,6.0,5.0
2021-08-05 22:25:51,91.0,81.0,5.0,5.0
2021-08-05 22:25:52,82.0,72.0,9.0,1.0
2021-08-05 22:25:53,88.0,73.0,7.0,8.0
2021-08-05 22:25:54,88.0,76.0,7.0,5.0
2021-08-05 22:25:55,78.0,72.0,6.0,0.0
2021-08-05 22:25:56,83.0,74.0,7.0,2.0
2021-08-05 22:25:57,74.0,64.0,8.0,2.0
2021-08-05 22:25:58,85.0,75.0,1.0,9.0
2021-08-05 22:25:59,66.0,57.0,6.0,3.0
2021-08-05 22:26:00,75.0,67.0,4.0,4.0
2021-08-05 22:26:01,78.0,65.0,5.0,8.0
2021-08-05 22:26:02,90.0,74.0,6.0,10.0
2021-08-05 22:26:03,74.0,67.0,3.0,4.0
2021-08-05 22:26:04,72.0,63.0,6.0,3.0
2021-08-05 22:26:05,67.0,59.0,4.0,4.0
2021-08-05 22:26:06,91.0,73.0,12.0,6.0
2021-08-05 22:26:07,86.0,69.0,11.0,6.0
2021-08-05 22:26:08,67.0,59.0,6.0,2.0
2021-08-05 22:26:09,69.0,60.0,6.0,3.0
2021-08-05 22:26:10,76.0,66.0,4.0,6.0
2021-08-05 22:26:11,90.0,82.0,4.0,4.0
2021-08-05 22:26:12,89.0,77.0,6.0,6.0
2021-08-05 22:26:13,77.0,67.0,8.0,2.0
2021-08-05 22:26:14,79.0,68.0,5.0,6.0
2021-08-05 22:26:15,68.0,58.0,6.0,4.0
2021-08-05 22:26:16,83.0,76.0,3.0,4.0
2021-08-05 22:26:17,76.0,67.0,3.0,6.0
2021-08-05 22:26:18,89.0,77.0,6.0,6.0
2021-08-05 22:26:19,76.0,66.0,8.0,2.0
2021-08-05 22:26:20,76.0,62.0,9.0,5.0
2021-08-05 22:26:21,76.0,65.0,7.0,4.0
2021-08-05 22:26:22,67.0,56.0,9.0,2.0
2021-08-05 22:26:23,77.0,69.0,5.0,3.0
2021-08-05 22:26:24,73.0,62.0,8.0,3.0
2021-08-05 22:26:25,91.0,76.0,10.0,5.0
2021-08-05 22:26:26,82.0,72.0,8.0,2.0
2021-08-05 22:26:27,75.0,65.0,6.0,4.0
2021-08-05 22:26:28,84.0,78.0,3.0,3.0
2021-08-05 22:26:29,82.0,67.0,9.0,6.0
2021-08-05 22:26:30,77.0,66.0,8.0,3.0
2021-08-05 22:26:31,75.0,64.0,6.0,5.0
2021-08-05 22:26:32,75.0,57.0,11.0,7.0
2021-08-05 22:26:33,89.0,81.0,4.0,4.0
2021-08-05 22:26:34,88.0,70.0,14.0,4.0
2021-08-05 22:26:35,74.0,64.0,7.0,3.0
2021-08-05 22:26:36,83.0,71.0,7.0,5.0
2021-08-05 22:26:37,91.0,80.0,6.0,5.0
2021-08-05 22:26:38,76.0,69.0,4.0,3.0
2021-08-05 22:26:39,86.0,76.0,7.0,3.0
2021-08-05 22:26:40,81.0,70.0,5.0,6.0
2021-08-05 22:26:41,88.0,71.0,8.0,9.0
2021-08-05 22:26:42,84.0,71.0,8.0,5.0
2021-08-05 22:26:43,81.0,71.0,9.0,1.0
2021-08-05 22:26:44,78.0,71.0,4.0,3.0
2021-08-05 22:26:45,72.0,63.0,3.0,6.0
2021-08-05 22:26:46,65.0,58.0,6.0,1.0
2021-08-05 22:26:47,83.0,73.0,7.0,3.0
2021-08-05 22:26:48,77.0,68.0,6.0,3.0
2021-08-05 22:26:49,94.0,77.0,11.0,6.0
2021-08-05 22:26:50,69.0,62.0,3.0,4.0
2021-08-05 22:26:51,98.0,84.0,11.0,3.0
2021-08-05 22:26:52,75.0,67.0,3.0,5.0
2021-08-05 22:26:53,73.0,68.0,4.0,1.0
2021-08-05 22:26:54,90.0,74.0,7.0,9.0
2021-08-05 22:26:55,76.0,69.0,2.0,5.0
2021-08-05 22:26:56,79.0,70.0,3.0,6.0
2021-08-05 22:26:57,77.0,62.0,8.0,7.0
2021-08-05 22:26:58,72.0,63.0,5.0,4.0
2021-08-05 22:26:59,79.0,66.0,10.0,3.0
2021-08-05 22:27:00,76.0,62.0,6.0,8.0
2021-08-05 22:27:01,64.0,57.0,4.0,3.0
2021-08-05 22:27:02,63.0,57.0,2.0,4.0
2021-08-05 22:27:03,87.0,76.0,9.0,2.0
2021-08-05 22:27:04,83.0,71.0,7.0,5.0
2021-08-05 22:27:05,80.0,71.0,6.0,3.0
2021-08-05 22:27:06,86.0,73.0,5.0,8.0
2021-08-05 22:27:07,86.0,75.0,6.0,5.0
2021-08-05 22:27:08,78.0,73.0,2.0,3.0
2021-08-05 22:27:09,87.0,74.0,9.0,4.0
2021-08-05 22:27:10,88.0,76.0,7.0,5.0
2021-08-05 22:27:11,86.0,79.0,4.0,3.0
2021-08-05 22:27:12,75.0,62.0,9.0,4.0
2021-08-05 22:27:13,95.0,81.0,6.0,8.0
2021-08-05 22:27:14,80.0,72.0,5.0,3.0
2021-08-05 22:27:15,83.0,73.0,8.0,2.0
2021-08-05 22:27:16,71.0,68.0,1.0,2.0
2021-08-05 22:27:17,88.0,74.0,7.0,7.0
2021-08-05 22:27:18,77.0,62.0,7.0,8.0
2021-08-05 22:27:19,85.0,78.0,4.0,3.0
2021-08-05 22:27:20,84.0,71.0,7.0,6.0
2021-08-05 22:27:21,66.0,58.0,3.0,5.0
2021-08-05 22:27:22,93.0,86.0,3.0,4.0
2021-08-05 22:27:23,73.0,64.0,7.0,2.0
2021-08-05 22:27:24,84.0,76.0,5.0,3.0
2021-08-05 22:27:25,89.0,78.0,7.0,4.0
2021-08-05 22:27:26,66.0,62.0,3.0,1.0
2021-08-05 22:27:27,101.0,87.0,8.0,6.0
2021-08-05 22:27:28,68.0,63.0,4.0,1.0
2021-08-05 22:27:29,94.0,84.0,6.0,4.0
2021-08-05 22:27:30,75.0,66.0,5.0,4.0
2021-08-05 22:27:31,94.0,87.0,2.0,5.0
2021-08-05 22:27:32,83.0,71.0,4.0,8.0
2021-08-05 22:27:33,64.0,56.0,6.0,2.0
2021-08-05 22:27:34,73.0,61.0,9.0,3.0
2021-08-05 22:27:35,86.0,77.0,4.0,5.0
2021-08-05 22:27:36,89.0,76.0,6.0,7.0
2021-08-05 22:27:37,69.0,59.0,8.0,2.0
2021-08-05 22:27:38,75.0,66.0,6.0,3.0
2021-08-05 22:27:39,91.0,77.0,8.0,6.0
2021-08-05 22:27:40,90.0,75.0,9.0,6.0
2021-08-05 22:27:41,74.0,59.0,7.0,8.0
2021-08-05 22:27:42,79.0,71.0,7.0,1.0
2021-08-05 22:27:43,83.0,70.0,6.0,7.0
2021-08-05 22:27:44,79.0,65.0,10.0,4.0
2021-08-05 22:27:45,86.0,76.0,6.0,4.0
2021-08-05 22:27:46,78.0,66.0,4.0,8.0
2021-08-05 22:27:47,72.0,61.0,4.0,7.0
2021-08-05 22:27:48,97.0,83.0,8.0,6.0
2021-08-05 22:27:49,82.0,71.0,6.0,5.0
2021-08-05 22:27:50,74.0,63.0,3.0,8.0
2021-08-05 22:27:51,74.0,64.0,4.0,6.0
2021-08-05 22:27:52,86.0,72.0,9.0,5.0
2021-08-05 22:27:53,86.0,75.0,9.0,2.0
2021-08-05 22:27:54,80.0,70.0,5.0,5.0
2021-08-05 22:27:55,72.0,57.0,6.0,9.0
2021-08-05 22:27:56,83.0,70.0,10.0,3.0
2021-08-05 22:27:57,76.0,67.0,4.0,5.0
2021-08-05 22:27:58,77.0,63.0,5.0,9.0
2021-08-05 22:27:59,46.0,41.0,5.0,0.0
2021-08-05 22:28:00,64.0,55.0,3.0,6.0
2021-08-05 22:28:01,72.0,64.0,4.0,4.0
2021-08-05 22:28:02,85.0,79.0,2.0,4.0
2021-08-05 22:28:03,75.0,63.0,9.0,3.0
2021-08-05 22:28:04,87.0,78.0,7.0,2.0
2021-08-05 22:28:05,91.0,78.0,11.0,2.0
2021-08-05 22:28:06,67.0,56.0,7.0,4.0
2021-08-05 22:28:07,90.0,76.0,9.0,5.0
2021-08-05 22:28:08,69.0,59.0,7.0,3.0
2021-08-05 22:28:09,68.0,62.0,3.0,3.0
2021-08-05 22:28:10,81.0,72.0,4.0,5.0
2021-08-05 22:28:11,78.0,70.0,4.0,4.0
2021-08-05 22:28:12,73.0,69.0,3.0,1.0
2021-08-05 22:28:13,80.0,73.0,3.0,4.0
2021-08-05 22:28:14,87.0,81.0,4.0,2.0
2021-08-05 22:28:15,67.0,64.0,2.0,1.0
2021-08-05 22:28:16,71.0,62.0,5.0,4.0
2021-08-05 22:28:17,73.0,69.0,2.0,2.0
2021-08-05 22:28:18,109.0,97.0,7.0,5.0
2021-08-05 22:28:19,75.0,66.0,7.0,2.0
2021-08-05 22:28:20,93.0,81.0,7.0,5.0
2021-08-05 22:28:21,95.0,77.0,14.0,4.0
2021-08-05 22:28:22,84.0,73.0,7.0,4.0
2021-08-05 22:28:23,80.0,68.0,9.0,3.0
2021-08-05 22:28:24,74.0,65.0,5.0,4.0
2021-08-05 22:28:25,66.0,61.0,2.0,3.0
2021-08-05 22:28:26,74.0,69.0,5.0,0.0
2021-08-05 22:28:27,72.0,64.0,4.0,4.0
2021-08-05 22:28:28,77.0,66.0,7.0,4.0
2021-08-05 22:28:29,87.0,74.0,10.0,3.0
2021-08-05 22:28:30,96.0,87.0,7.0,2.0
2021-08-05 22:28:31,83.0,73.0,3.0,7.0
2021-08-05 22:28:32,75.0,65.0,7.0,3.0
2021-08-05 22:28:33,78.0,70.0,4.0,4.0
2021-08-05 22:28:34,73.0,67.0,1.0,5.0
2021-08-05 22:28:35,75.0,66.0,5.0,4.0
2021-08-05 22:28:36,79.0,70.0,5.0,4.0
2021-08-05 22:28:37,93.0,81.0,8.0,4.0
2021-08-05 22:28:38,69.0,60.0,3.0,6.0
2021-08-05 22:28:39,76.0,70.0,5.0,1.0
2021-08-05 22:28:40,68.0,55.0,10.0,3.0
2021-08-05 22:28:41,81.0,75.0,5.0,1.0
2021-08-05 22:28:42,83.0,70.0,7.0,6.0
2021-08-05 22:28:43,84.0,73.0,7.0,4.0
2021-08-05 22:28:44,84.0,74.0,8.0,2.0
2021-08-05 22:28:45,71.0,67.0,3.0,1.0
2021-08-05 22:28:46,77.0,68.0,4.0,5.0
2021-08-05 22:28:47,75.0,65.0,5.0,5.0
2021-08-05 22:28:48,81.0,74.0,4.0,3.0
2021-08-05 22:28:49,89.0,75.0,9.0,5.0
2021-08-05 22:28:50,70.0,58.0,7.0,5.0
2021-08-05 22:28:51,88.0,64.0,14.0,10.0
2021-08-05 22:28:52,87.0,75.0,7.0,5.0
2021-08-05 22:28:53,73.0,61.0,7.0,5.0
2021-08-05 22:28:54,97.0,88.0,5.0,4.0
2021-08-05 22:28:55,84.0,80.0,2.0,2.0
2021-08-05 22:28:56,84.0,73.0,5.0,6.0
2021-08-05 22:28:57,91.0,78.0,7.0,6.0
2021-08-05 22:28:58,69.0,60.0,6.0,3.0
2021-08-05 22:28:59,82.0,68.0,10.0,4.0
2021-08-05 22:29:00,78.0,67.0,8.0,3.0
2021-08-05 22:29:01,65.0,54.0,5.0,6.0
2021-08-05 22:29:02,71.0,65.0,2.0,4.0
2021-08-05 22:29:03,68.0,58.0,8.0,2.0
2021-08-05 22:29:04,76.0,63.0,8.0,5.0
2021-08-05 22:29:05,87.0,74.0,8.0,5.0
2021-08-05 22:29:06,76.0,68.0,5.0,3.0
2021-08-05 22:29:07,77.0,70.0,1.0,6.0
2021-08-05 22:29:08,66.0,53.0,6.0,7.0
2021-08-05 22:29:09,80.0,69.0,7.0,4.0
2021-08-05 22:29:10,80.0,67.0,8.0,5.0
2021-08-05 22:29:11,83.0,72.0,6.0,5.0
2021-08-05 22:29:12,86.0,76.0,8.0,2.0
2021-08-05 22:29:13,64.0,61.0,2.0,1.0
2021-08-05 22:29:14,81.0,71.0,7.0,3.0
2021-08-05 22:29:15,89.0,76.0,6.0,7.0
2021-08-05 22:29:16,97.0,88.0,6.0,3.0
2021-08-05 22:29:17,79.0,69.0,5.0,5.0
2021-08-05 22:29:18,63.0,59.0,3.0,1.0
2021-08-05 22:29:19,82.0,74.0,2.0,6.0
2021-08-05 22:29:20,85.0,72.0,10.0,3.0
2021-08-05 22:29:21,78.0,68.0,7.0,3.0
2021-08-05 22:29:22,77.0,66.0,8.0,3.0
2021-08-05 22:29:23,86.0,76.0,6.0,4.0
2021-08-05 22:29:24,91.0,83.0,4.0,4.0
2021-08-05 22:29:25,80.0,68.0,8.0,4.0
2021-08-05 22:29:26,84.0,75.0,8.0,1.0
2021-08-05 22:29:27,88.0,76.0,9.0,3.0
2021-08-05 22:29:28,74.0,62.0,5.0,7.0
2021-08-05 22:29:29,83.0,73.0,7.0,3.0
2021-08-05 22:29:30,90.0,79.0,7.0,4.0
2021-08-05 22:29:31,84.0,79.0,2.0,3.0
2021-08-05 22:29:32,91.0,83.0,4.0,4.0
2021-08-05 22:29:33,74.0,61.0,8.0,5.0
2021-08-05 22:29:34,77.0,71.0,2.0,4.0
2021-08-05 22:29:35,93.0,84.0,7.0,2.0
2021-08-05 22:29:36,80.0,71.0,6.0,3.0
2021-08-05 22:29:37,86.0,71.0,10.0,5.0
2021-08-05 22:29:38,83.0,72.0,8.0,3.0
2021-08-05 22:29:39,76.0,62.0,8.0,6.0
2021-08-05 22:29:40,79.0,70.0,2.0,7.0
2021-08-05 22:29:41,84.0,73.0,9.0,2.0
2021-08-05 22:29:42,73.0,62.0,6.0,5.0
2021-08-05 22:29:43,66.0,60.0,3.0,3.0
2021-08-05 22:29:44,92.0,79.0,9.0,4.0
2021-08-05 22:29:45,83.0,69.0,8.0,6.0
2021-08-05 22:29:46,65.0,58.0,4.0,3.0
2021-08-05 22:29:47,73.0,63.0,4.0,6.0
2021-08-05 22:29:48,67.0,58.0,7.0,2.0
2021-08-05 22:29:49,89.0,76.0,8.0,5.0
2021-08-05 22:29:50,79.0,64.0,7.0,8.0
2021-08-05 22:29:51,78.0,69.0,6.0,3.0
2021-08-05 22:29:52,83.0,75.0,5.0,3.0
2021-08-05 22:29:53,87.0,79.0,2.0,6.0
2021-08-05 22:29:54,90.0,80.0,7.0,3.0
2021-08-05 22:29:55,84.0,75.0,7.0,2.0
2021-08-05 22:29:56,82.0,71.0,7.0,4.0
2021-08-05 22:29:57,78.0,63.0,8.0,7.0
2021-08-05 22:29:58,91.0,85.0,4.0,2.0
2021-08-05 22:29:59,81.0,76.0,3.0,2.0
2021-08-05 22:30:00,86.0,78.0,7.0,1.0
2021-08-05 22:30:01,80.0,69.0,8.0,3.0
2021-08-05 22:30:02,76.0,66.0,5.0,5.0
2021-08-05 22:30:03,87.0,82.0,3.0,2.0
2021-08-05 22:30:04,76.0,69.0,5.0,2.0
2021-08-05 22:30:05,78.0,68.0,6.0,4.0
2021-08-05 22:30:06,71.0,62.0,5.0,4.0
2021-08-05 22:30:07,89.0,78.0,7.0,4.0
2021-08-05 22:30:08,70.0,65.0,3.0,2.0
2021-08-05 22:30:09,93.0,85.0,4.0,4.0
2021-08-05 22:30:10,80.0,70.0,5.0,5.0
2021-08-05 22:30:11,93.0,72.0,10.0,11.0
2021-08-05 22:30:12,74.0,64.0,3.0,7.0
2021-08-05 22:30:13,83.0,76.0,4.0,3.0
2021-08-05 22:30:14,87.0,77.0,8.0,2.0
2021-08-05 22:30:15,84.0,70.0,9.0,5.0
2021-08-05 22:30:16,90.0,77.0,4.0,9.0
2021-08-05 22:30:17,85.0,73.0,7.0,5.0
2021-08-05 22:30:18,72.0,55.0,12.0,5.0
2021-08-05 22:30:19,79.0,73.0,4.0,2.0
2021-08-05 22:30:20,94.0,85.0,6.0,3.0
2021-08-05 22:30:21,73.0,62.0,8.0,3.0
2021-08-05 22:30:22,68.0,63.0,2.0,3.0
2021-08-05 22:30:23,89.0,77.0,7.0,5.0
2021-08-05 22:30:24,94.0,85.0,6.0,3.0
2021-08-05 22:30:25,86.0,73.0,8.0,5.0
2021-08-05 22:30:26,79.0,69.0,5.0,5.0
2021-08-05 22:30:27,91.0,83.0,6.0,2.0
2021-08-05 22:30:28,82.0,74.0,4.0,4.0
2021-08-05 22:30:29,99.0,79.0,11.0,9.0
2021-08-05 22:30:30,81.0,72.0,8.0,1.0
2021-08-05 22:30:31,81.0,73.0,4.0,4.0
2021-08-05 22:30:32,90.0,80.0,6.0,4.0
2021-08-05 22:30:33,83.0,67.0,13.0,3.0
2021-08-05 22:30:34,82.0,72.0,6.0,4.0
2021-08-05 22:30:35,72.0,62.0,3.0,7.0
2021-08-05 22:30:36,66.0,58.0,5.0,3.0
2021-08-05 22:30:37,86.0,74.0,10.0,2.0
2021-08-05 22:30:38,91.0,83.0,5.0,3.0
2021-08-05 22:30:39,87.0,78.0,7.0,2.0
2021-08-05 22:30:40,78.0,70.0,5.0,3.0
2021-08-05 22:30:41,72.0,64.0,4.0,4.0
2021-08-05 22:30:42,95.0,75.0,10.0,10.0
2021-08-05 22:30:43,89.0,76.0,11.0,2.0
2021-08-05 22:30:44,84.0,73.0,7.0,4.0
2021-08-05 22:30:45,75.0,62.0,9.0,4.0
2021-08-05 22:30:46,80.0,70.0,7.0,3.0
2021-08-05 22:30:47,105.0,87.0,10.0,8.0
2021-08-05 22:30:48,82.0,72.0,5.0,5.0
2021-08-05 22:30:49,91.0,86.0,2.0,3.0
2021-08-05 22:30:50,81.0,66.0,10.0,5.0
2021-08-05 22:30:51,65.0,58.0,5.0,2.0
2021-08-05 22:30:52,94.0,76.0,10.0,8.0
2021-08-05 22:30:53,87.0,73.0,8.0,6.0
2021-08-05 22:30:54,92.0,83.0,5.0,4.0
2021-08-05 22:30:55,68.0,61.0,5.0,2.0
2021-08-05 22:30:56,72.0,61.0,5.0,6.0
2021-08-05 22:30:57,70.0,64.0,4.0,2.0
2021-08-05 22:30:58,66.0,61.0,2.0,3.0
2021-08-05 22:30:59,85.0,71.0,8.0,6.0
2021-08-05 22:31:00,84.0,72.0,8.0,4.0
2021-08-05 22:31:01,94.0,85.0,8.0,1.0
2021-08-05 22:31:02,79.0,68.0,6.0,5.0
2021-08-05 22:31:03,77.0,66.0,7.0,4.0
2021-08-05 22:31:04,93.0,83.0,7.0,3.0
2021-08-05 22:31:05,68.0,61.0,2.0,5.0
2021-08-05 22:31:06,83.0,74.0,6.0,3.0
2021-08-05 22:31:07,69.0,56.0,6.0,7.0
2021-08-05 22:31:08,95.0,82.0,10.0,3.0
2021-08-05 22:31:09,86.0,73.0,7.0,6.0
2021-08-05 22:31:10,78.0,66.0,6.0,6.0
2021-08-05 22:31:11,68.0,57.0,3.0,8.0
2021-08-05 22:31:12,94.0,81.0,8.0,5.0
2021-08-05 22:31:13,70.0,63.0,4.0,3.0
2021-08-05 22:31:14,73.0,52.0,12.0,9.0
2021-08-05 22:31:15,77.0,71.0,3.0,3.0
2021-08-05 22:31:16,70.0,56.0,9.0,5.0
2021-08-05 22:31:17,107.0,92.0,10.0,5.0
2021-08-05 22:31:18,100.0,86.0,9.0,5.0
2021-08-05 22:31:19,64.0,54.0,5.0,5.0
2021-08-05 22:31:20,76.0,65.0,8.0,3.0
2021-08-05 22:31:21,63.0,57.0,4.0,2.0
2021-08-05 22:31:22,81.0,69.0,7.0,5.0
2021-08-05 22:31:23,79.0,65.0,7.0,7.0
2021-08-05 22:31:24,96.0,74.0,16.0,6.0
2021-08-05 22:31:25,74.0,60.0,10.0,4.0
2021-08-05 22:31:26,72.0,54.0,11.0,7.0
2021-08-05 22:31:27,79.0,68.0,6.0,5.0
2021-08-05 22:31:28,94.0,81.0,9.0,4.0
2021-08-05 22:31:29,83.0,73.0,7.0,3.0
2021-08-05 22:31:30,95.0,87.0,3.0,5.0
2021-08-05 22:31:31,86.0,76.0,6.0,4.0
2021-08-05 22:31:32,65.0,56.0,7.0,2.0
2021-08-05 22:31:33,93.0,78.0,11.0,4.0
2021-08-05 22:31:34,93.0,72.0,14.0,7.0
2021-08-05 22:31:35,73.0,64.0,6.0,3.0
2021-08-05 22:31:36,73.0,63.0,6.0,4.0
2021-08-05 22:31:37,71.0,61.0,6.0,4.0
2021-08-05 22:31:38,75.0,65.0,5.0,5.0
2021-08-05 22:31:39,88.0,82.0,4.0,2.0
2021-08-05 22:31:40,84.0,73.0,5.0,6.0
2021-08-05 22:31:41,68.0,58.0,6.0,4.0
2021-08-05 22:31:42,85.0,77.0,7.0,1.0
2021-08-05 22:31:43,78.0,65.0,11.0,2.0
2021-08-05 22:31:44,97.0,88.0,6.0,3.0
2021-08-05 22:31:45,83.0,76.0,5.0,2.0
2021-08-05 22:31:46,94.0,82.0,7.0,5.0
2021-08-05 22:31:47,70.0,62.0,3.0,5.0
2021-08-05 22:31:48,88.0,76.0,8.0,4.0
2021-08-05 22:31:49,83.0,75.0,6.0,2.0
2021-08-05 22:31:50,94.0,86.0,4.0,4.0
2021-08-05 22:31:51,83.0,71.0,10.0,2.0
2021-08-05 22:31:52,82.0,70.0,9.0,3.0
2021-08-05 22:31:53,85.0,78.0,2.0,5.0
2021-08-05 22:31:54,83.0,66.0,11.0,6.0
2021-08-05 22:31:55,80.0,70.0,5.0,5.0
2021-08-05 22:31:56,101.0,91.0,7.0,3.0
2021-08-05 22:31:57,78.0,69.0,3.0,6.0
2021-08-05 22:31:58,71.0,58.0,8.0,5.0
2021-08-05 22:31:59,92.0,78.0,7.0,7.0
2021-08-05 22:32:00,71.0,64.0,6.0,1.0
2021-08-05 22:32:01,73.0,62.0,6.0,5.0
2021-08-05 22:32:02,88.0,81.0,4.0,3.0
2021-08-05 22:32:03,54.0,49.0,3.0,2.0
2021-08-05 22:32:04,61.0,53.0,5.0,3.0
2021-08-05 22:32:05,80.0,74.0,2.0,4.0
2021-08-05 22:32:06,93.0,82.0,6.0,5.0
2021-08-05 22:32:07,102.0,91.0,6.0,5.0
2021-08-05 22:32:08,79.0,74.0,3.0,2.0
2021-08-05 22:32:09,78.0,63.0,8.0,7.0
2021-08-05 22:32:10,72.0,64.0,7.0,1.0
2021-08-05 22:32:11,88.0,76.0,6.0,6.0
2021-08-05 22:32:12,80.0,66.0,10.0,4.0
2021-08-05 22:32:13,86.0,81.0,2.0,3.0
2021-08-05 22:32:14,88.0,80.0,5.0,3.0
2021-08-05 22:32:15,83.0,68.0,5.0,10.0
2021-08-05 22:32:16,69.0,57.0,10.0,2.0
2021-08-05 22:32:17,81.0,72.0,4.0,5.0
2021-08-05 22:32:18,67.0,61.0,5.0,1.0
2021-08-05 22:32:19,77.0,64.0,5.0,8.0
2021-08-05 22:32:20,85.0,75.0,7.0,3.0
2021-08-05 22:32:21,72.0,57.0,10.0,5.0
2021-08-05 22:32:22,75.0,68.0,4.0,3.0
2021-08-05 22:32:23,78.0,69.0,9.0,0.0
2021-08-05 22:32:24,83.0,72.0,6.0,5.0
2021-08-05 22:32:25,89.0,75.0,8.0,6.0
2021-08-05 22:32:26,79.0,70.0,6.0,3.0
2021-08-05 22:32:27,74.0,68.0,5.0,1.0
2021-08-05 22:32:28,90.0,79.0,6.0,5.0
2021-08-05 22:32:29,63.0,50.0,7.0,6.0
2021-08-05 22:32:30,84.0,72.0,7.0,5.0
2021-08-05 22:32:31,84.0,71.0,6.0,7.0
2021-08-05 22:32:32,91.0,77.0,9.0,5.0
2021-08-05 22:32:33,83.0,77.0,4.0,2.0
2021-08-05 22:32:34,66.0,60.0,4.0,2.0
2021-08-05 22:32:35,85.0,74.0,5.0,6.0
2021-08-05 22:32:36,88.0,71.0,8.0,9.0
2021-08-05 22:32:37,80.0,72.0,3.0,5.0
2021-08-05 22:32:38,72.0,61.0,7.0,4.0
2021-08-05 22:32:39,94.0,87.0,4.0,3.0
2021-08-05 22:32:40,67.0,59.0,4.0,4.0
2021-08-05 22:32:41,81.0,72.0,7.0,2.0
2021-08-05 22:32:42,59.0,54.0,4.0,1.0
2021-08-05 22:32:43,84.0,72.0,8.0,4.0
2021-08-05 22:32:44,83.0,74.0,5.0,4.0
2021-08-05 22:32:45,89.0,79.0,8.0,2.0
2021-08-05 22:32:46,80.0,69.0,5.0,6.0
2021-08-05 22:32:47,76.0,69.0,4.0,3.0
2021-08-05 22:32:48,94.0,85.0,3.0,6.0
2021-08-05 22:32:49,79.0,67.0,6.0,6.0
2021-08-05 22:32:50,88.0,80.0,4.0,4.0
2021-08-05 22:32:51,74.0,65.0,6.0,3.0
2021-08-05 22:32:52,80.0,71.0,2.0,7.0
2021-08-05 22:32:53,88.0,70.0,12.0,6.0
2021-08-05 22:32:54,73.0,65.0,5.0,3.0
2021-08-05 22:32:55,94.0,85.0,7.0,2.0
2021-08-05 22:32:56,81.0,67.0,5.0,9.0
2021-08-05 22:32:57,70.0,60.0,5.0,5.0
2021-08-05 22:32:58,76.0,69.0,4.0,3.0
2021-08-05 22:32:59,69.0,55.0,6.0,8.0
2021-08-05 22:33:00,78.0,68.0,5.0,5.0
2021-08-05 22:33:01,68.0,62.0,2.0,4.0
2021-08-05 22:33:02,78.0,63.0,9.0,6.0
2021-08-05 22:33:03,66.0,61.0,2.0,3.0
2021-08-05 22:33:04,85.0,70.0,11.0,4.0
2021-08-05 22:33:05,80.0,72.0,3.0,5.0
2021-08-05 22:33:06,77.0,65.0,8.0,4.0
2021-08-05 22:33:07,88.0,78.0,6.0,4.0
2021-08-05 22:33:08,71.0,59.0,8.0,4.0
2021-08-05 22:33:09,86.0,74.0,7.0,5.0
2021-08-05 22:33:10,77.0,65.0,7.0,5.0
2021-08-05 22:33:11,91.0,83.0,3.0,5.0
2021-08-05 22:33:12,72.0,68.0,1.0,3.0
2021-08-05 22:33:13,77.0,69.0,4.0,4.0
2021-08-05 22:33:14,75.0,68.0,7.0,0.0
2021-08-05 22:33:15,72.0,62.0,6.0,4.0
2021-08-05 22:33:16,78.0,68.0,5.0,5.0
2021-08-05 22:33:17,77.0,66.0,6.0,5.0
2021-08-05 22:33:18,73.0,61.0,6.0,6.0
2021-08-05 22:33:19,77.0,70.0,4.0,3.0
2021-08-05 22:33:20,87.0,72.0,9.0,6.0
2021-08-05 22:33:21,82.0,70.0,8.0,4.0
2021-08-05 22:33:22,68.0,56.0,9.0,3.0
2021-08-05 22:33:23,75.0,59.0,13.0,3.0
2021-08-05 22:33:24,93.0,83.0,6.0,4.0
2021-08-05 22:33:25,89.0,76.0,8.0,5.0
2021-08-05 22:33:26,83.0,66.0,7.0,10.0
2021-08-05 22:33:27,80.0,70.0,6.0,4.0
2021-08-05 22:33:28,87.0,70.0,12.0,5.0
2021-08-05 22:33:29,73.0,65.0,3.0,5.0
2021-08-05 22:33:30,84.0,69.0,9.0,6.0
2021-08-05 22:33:31,79.0,69.0,6.0,4.0
2021-08-05 22:33:32,85.0,74.0,6.0,5.0
2021-08-05 22:33:33,82.0,75.0,4.0,3.0
2021-08-05 22:33:34,80.0,69.0,3.0,8.0
2021-08-05 22:33:35,73.0,66.0,5.0,2.0
2021-08-05 22:33:36,67.0,59.0,2.0,6.0
2021-08-05 22:33:37,78.0,63.0,11.0,4.0
2021-08-05 22:33:38,79.0,68.0,5.0,6.0
2021-08-05 22:33:39,68.0,57.0,5.0,6.0
2021-08-05 22:33:40,75.0,65.0,3.0,7.0
2021-08-05 22:33:41,90.0,81.0,6.0,3.0
2021-08-05 22:33:42,70.0,58.0,8.0,4.0
2021-08-05 22:33:43,86.0,74.0,5.0,7.0
2021-08-05 22:33:44,70.0,66.0,1.0,3.0
2021-08-05 22:33:45,89.0,78.0,6.0,5.0
2021-08-05 22:33:46,78.0,71.0,3.0,4.0
2021-08-05 22:33:47,86.0,77.0,2.0,7.0
2021-08-05 22:33:48,81.0,72.0,6.0,3.0
2021-08-05 22:33:49,77.0,67.0,7.0,3.0
2021-08-05 22:33:50,80.0,65.0,11.0,4.0
2021-08-05 22:33:51,83.0,73.0,7.0,3.0
2021-08-05 22:33:52,92.0,82.0,9.0,1.0
2021-08-05 22:33:53,78.0,72.0,3.0,3.0
2021-08-05 22:33:54,81.0,71.0,8.0,2.0
2021-08-05 22:33:55,84.0,73.0,7.0,4.0
2021-08-05 22:33:56,84.0,74.0,7.0,3.0
2021-08-05 22:33:57,93.0,81.0,8.0,4.0
2021-08-05 22:33:58,75.0,64.0,7.0,4.0
2021-08-05 22:33:59,72.0,58.0,8.0,6.0
2021-08-05 22:34:00,84.0,70.0,10.0,4.0
2021-08-05 22:34:01,67.0,56.0,5.0,6.0
2021-08-05 22:34:02,82.0,71.0,7.0,4.0
2021-08-05 22:34:03,64.0,60.0,3.0,1.0
2021-08-05 22:34:04,72.0,63.0,7.0,2.0
2021-08-05 22:34:05,79.0,69.0,5.0,5.0
2021-08-05 22:34:06,75.0,60.0,8.0,7.0
2021-08-05 22:34:07,81.0,73.0,6.0,2.0
2021-08-05 22:34:08,81.0,62.0,10.0,9.0
2021-08-05 22:34:09,80.0,73.0,5.0,2.0
2021-08-05 22:34:10,66.0,57.0,5.0,4.0
2021-08-05 22:34:11,84.0,75.0,7.0,2.0
2021-08-05 22:34:12,75.0,63.0,9.0,3.0
2021-08-05 22:34:13,81.0,70.0,4.0,7.0
2021-08-05 22:34:14,71.0,64.0,4.0,3.0
2021-08-05 22:34:15,82.0,70.0,8.0,4.0
2021-08-05 22:34:16,85.0,72.0,11.0,2.0
2021-08-05 22:34:17,72.0,67.0,4.0,1.0
2021-08-05 22:34:18,82.0,70.0,11.0,1.0
2021-08-05 22:34:19,92.0,79.0,10.0,3.0
2021-08-05 22:34:20,59.0,53.0,5.0,1.0
2021-08-05 22:34:21,90.0,78.0,6.0,6.0
2021-08-05 22:34:22,99.0,87.0,6.0,6.0
2021-08-05 22:34:23,63.0,54.0,5.0,4.0
2021-08-05 22:34:24,85.0,73.0,10.0,2.0
2021-08-05 22:34:25,85.0,79.0,3.0,3.0
2021-08-05 22:34:26,79.0,71.0,5.0,3.0
2021-08-05 22:34:27,85.0,72.0,6.0,7.0
2021-08-05 22:34:28,89.0,83.0,3.0,3.0
2021-08-05 22:34:29,88.0,75.0,8.0,5.0
2021-08-05 22:34:30,96.0,82.0,7.0,7.0
2021-08-05 22:34:31,76.0,71.0,4.0,1.0
2021-08-05 22:34:32,79.0,70.0,7.0,2.0
2021-08-05 22:34:33,71.0,63.0,7.0,1.0
2021-08-05 22:34:34,75.0,63.0,9.0,3.0
2021-08-05 22:34:35,66.0,56.0,6.0,4.0
2021-08-05 22:34:36,77.0,67.0,4.0,6.0
2021-08-05 22:34:37,79.0,64.0,8.0,7.0
2021-08-05 22:34:38,99.0,88.0,8.0,3.0
2021-08-05 22:34:39,74.0,61.0,8.0,5.0
2021-08-05 22:34:40,86.0,71.0,10.0,5.0
2021-08-05 22:34:41,87.0,80.0,5.0,2.0
2021-08-05 22:34:42,88.0,76.0,6.0,6.0
2021-08-05 22:34:43,87.0,77.0,4.0,6.0
2021-08-05 22:34:44,81.0,69.0,7.0,5.0
2021-08-05 22:34:45,76.0,70.0,4.0,2.0
2021-08-05 22:34:46,72.0,65.0,5.0,2.0
2021-08-05 22:34:47,68.0,60.0,6.0,2.0
2021-08-05 22:34:48,94.0,83.0,8.0,3.0
2021-08-05 22:34:49,90.0,82.0,4.0,4.0
2021-08-05 22:34:50,69.0,64.0,1.0,4.0
2021-08-05 22:34:51,73.0,60.0,10.0,3.0
2021-08-05 22:34:52,80.0,66.0,5.0,9.0
2021-08-05 22:34:53,72.0,64.0,5.0,3.0
2021-08-05 22:34:54,78.0,68.0,4.0,6.0
2021-08-05 22:34:55,94.0,81.0,7.0,6.0
2021-08-05 22:34:56,91.0,77.0,10.0,4.0
2021-08-05 22:34:57,88.0,77.0,8.0,3.0
2021-08-05 22:34:58,85.0,74.0,9.0,2.0
2021-08-05 22:34:59,96.0,80.0,9.0,7.0
2021-08-05 22:35:00,66.0,54.0,7.0,5.0
2021-08-05 22:35:01,58.0,53.0,3.0,2.0
2021-08-05 22:35:02,77.0,70.0,4.0,3.0
2021-08-05 22:35:03,95.0,84.0,5.0,6.0
2021-08-05 22:35:04,76.0,65.0,5.0,6.0
2021-08-05 22:35:05,61.0,54.0,5.0,2.0
2021-08-05 22:35:06,74.0,61.0,8.0,5.0
2021-08-05 22:35:07,87.0,76.0,7.0,4.0
2021-08-05 22:35:08,63.0,55.0,5.0,3.0
2021-08-05 22:35:09,88.0,78.0,5.0,5.0
2021-08-05 22:35:10,72.0,62.0,4.0,6.0
2021-08-05 22:35:11,55.0,45.0,8.0,2.0
2021-08-05 22:35:12,83.0,71.0,6.0,6.0
2021-08-05 22:35:13,88.0,72.0,11.0,5.0
2021-08-05 22:35:14,56.0,48.0,5.0,3.0
2021-08-05 22:35:15,97.0,85.0,10.0,2.0
2021-08-05 22:35:16,74.0,71.0,3.0,0.0
2021-08-05 22:35:17,88.0,75.0,5.0,8.0
2021-08-05 22:35:18,87.0,74.0,7.0,6.0
2021-08-05 22:35:19,87.0,77.0,6.0,4.0
2021-08-05 22:35:20,92.0,76.0,6.0,10.0
2021-08-05 22:35:21,72.0,62.0,8.0,2.0
2021-08-05 22:35:22,83.0,77.0,3.0,3.0
2021-08-05 22:35:23,61.0,48.0,9.0,4.0
2021-08-05 22:35:24,92.0,81.0,4.0,7.0
2021-08-05 22:35:25,87.0,74.0,6.0,7.0
2021-08-05 22:35:26,80.0,71.0,6.0,3.0
2021-08-05 22:35:27,79.0,65.0,4.0,10.0
2021-08-05 22:35:28,69.0,58.0,9.0,2.0
2021-08-05 22:35:29,75.0,70.0,3.0,2.0
2021-08-05 22:35:30,82.0,72.0,5.0,5.0
2021-08-05 22:35:31,74.0,62.0,7.0,5.0
2021-08-05 22:35:32,81.0,71.0,8.0,2.0
2021-08-05 22:35:33,82.0,68.0,3.0,11.0
2021-08-05 22:35:34,84.0,68.0,10.0,6.0
2021-08-05 22:35:35,85.0,74.0,7.0,4.0
2021-08-05 22:35:36,76.0,67.0,6.0,3.0
2021-08-05 22:35:37,72.0,63.0,4.0,5.0
2021-08-05 22:35:38,59.0,50.0,7.0,2.0
2021-08-05 22:35:39,86.0,71.0,7.0,8.0
2021-08-05 22:35:40,88.0,76.0,7.0,5.0
2021-08-05 22:35:41,79.0,68.0,8.0,3.0
2021-08-05 22:35:42,82.0,71.0,4.0,7.0
2021-08-05 22:35:43,86.0,75.0,6.0,5.0
2021-08-05 22:35:44,85.0,74.0,6.0,5.0
2021-08-05 22:35:45,82.0,71.0,4.0,7.0
2021-08-05 22:35:46,82.0,75.0,4.0,3.0
2021-08-05 22:35:47,73.0,67.0,4.0,2.0
2021-08-05 22:35:48,77.0,64.0,10.0,3.0
2021-08-05 22:35:49,82.0,66.0,12.0,4.0
2021-08-05 22:35:50,78.0,68.0,7.0,3.0
2021-08-05 22:35:51,74.0,68.0,4.0,2.0
2021-08-05 22:35:52,78.0,65.0,8.0,5.0
2021-08-05 22:35:53,85.0,76.0,6.0,3.0
2021-08-05 22:35:54,86.0,70.0,9.0,7.0
2021-08-05 22:35:55,85.0,72.0,9.0,4.0
2021-08-05 22:35:56,65.0,58.0,5.0,2.0
2021-08-05 22:35:57,69.0,61.0,6.0,2.0
2021-08-05 22:35:58,84.0,80.0,2.0,2.0
2021-08-05 22:35:59,71.0,63.0,5.0,3.0
2021-08-05 22:36:00,88.0,75.0,7.0,6.0
2021-08-05 22:36:01,72.0,60.0,9.0,3.0
2021-08-05 22:36:02,80.0,66.0,7.0,7.0
2021-08-05 22:36:03,64.0,60.0,2.0,2.0
2021-08-05 22:36:04,83.0,69.0,9.0,5.0
2021-08-05 22:36:05,83.0,74.0,6.0,3.0
2021-08-05 22:36:06,90.0,82.0,5.0,3.0
2021-08-05 22:36:07,89.0,80.0,5.0,4.0
2021-08-05 22:36:08,73.0,62.0,6.0,5.0
2021-08-05 22:36:09,73.0,66.0,5.0,2.0
2021-08-05 22:36:10,69.0,61.0,4.0,4.0
2021-08-05 22:36:11,62.0,53.0,5.0,4.0
2021-08-05 22:36:12,80.0,70.0,6.0,4.0
2021-08-05 22:36:13,78.0,62.0,6.0,10.0
2021-08-05 22:36:14,81.0,69.0,8.0,4.0
2021-08-05 22:36:15,75.0,65.0,8.0,2.0
2021-08-05 22:36:16,96.0,82.0,9.0,5.0
2021-08-05 22:36:17,76.0,68.0,3.0,5.0
2021-08-05 22:36:18,75.0,67.0,5.0,3.0
2021-08-05 22:36:19,71.0,62.0,7.0,2.0
2021-08-05 22:36:20,67.0,62.0,5.0,0.0
2021-08-05 22:36:21,71.0,61.0,5.0,5.0
2021-08-05 22:36:22,76.0,66.0,7.0,3.0
2021-08-05 22:36:23,91.0,79.0,9.0,3.0
2021-08-05 22:36:24,96.0,81.0,11.0,4.0
2021-08-05 22:36:25,82.0,73.0,5.0,4.0
2021-08-05 22:36:26,91.0,70.0,15.0,6.0
2021-08-05 22:36:27,78.0,71.0,4.0,3.0
2021-08-05 22:36:28,92.0,78.0,9.0,5.0
2021-08-05 22:36:29,77.0,69.0,6.0,2.0
2021-08-05 22:36:30,81.0,72.0,6.0,3.0
2021-08-05 22:36:31,95.0,81.0,8.0,6.0
2021-08-05 22:36:32,82.0,72.0,3.0,7.0
2021-08-05 22:36:33,92.0,78.0,11.0,3.0
2021-08-05 22:36:34,83.0,73.0,6.0,4.0
2021-08-05 22:36:35,69.0,57.0,6.0,6.0
2021-08-05 22:36:36,87.0,71.0,7.0,9.0
2021-08-05 22:36:37,89.0,79.0,5.0,5.0
2021-08-05 22:36:38,76.0,67.0,7.0,2.0
2021-08-05 22:36:39,79.0,68.0,8.0,3.0
2021-08-05 22:36:40,85.0,71.0,12.0,2.0
2021-08-05 22:36:41,98.0,83.0,8.0,7.0
2021-08-05 22:36:42,85.0,81.0,3.0,1.0
2021-08-05 22:36:43,82.0,69.0,6.0,7.0
2021-08-05 22:36:44,86.0,73.0,7.0,6.0
2021-08-05 22:36:45,77.0,63.0,10.0,4.0
2021-08-05 22:36:46,79.0,70.0,4.0,5.0
2021-08-05 22:36:47,81.0,69.0,6.0,6.0
2021-08-05 22:36:48,81.0,72.0,5.0,4.0
2021-08-05 22:36:49,67.0,50.0,10.0,7.0
2021-08-05 22:36:50,73.0,64.0,6.0,3.0
2021-08-05 22:36:51,78.0,62.0,10.0,6.0
2021-08-05 22:36:52,60.0,50.0,6.0,4.0
2021-08-05 22:36:53,72.0,60.0,6.0,6.0
2021-08-05 22:36:54,70.0,60.0,7.0,3.0
2021-08-05 22:36:55,70.0,62.0,7.0,1.0
2021-08-05 22:36:56,80.0,67.0,9.0,4.0
2021-08-05 22:36:57,79.0,67.0,10.0,2.0
2021-08-05 22:36:58,74.0,62.0,7.0,5.0
2021-08-05 22:36:59,64.0,52.0,5.0,7.0
2021-08-05 22:37:00,75.0,64.0,2.0,9.0
2021-08-05 22:37:01,68.0,57.0,7.0,4.0
2021-08-05 22:37:02,79.0,69.0,7.0,3.0
2021-08-05 22:37:03,85.0,67.0,9.0,9.0
2021-08-05 22:37:04,83.0,74.0,5.0,4.0
2021-08-05 22:37:05,80.0,68.0,9.0,3.0
2021-08-05 22:37:06,100.0,82.0,11.0,7.0
2021-08-05 22:37:07,98.0,87.0,7.0,4.0
2021-08-05 22:37:08,98.0,88.0,7.0,3.0
2021-08-05 22:37:09,69.0,64.0,4.0,1.0
2021-08-05 22:37:10,61.0,54.0,5.0,2.0
2021-08-05 22:37:11,74.0,69.0,2.0,3.0
2021-08-05 22:37:12,96.0,85.0,6.0,5.0
2021-08-05 22:37:13,66.0,56.0,8.0,2.0
2021-08-05 22:37:14,86.0,75.0,6.0,5.0
2021-08-05 22:37:15,76.0,68.0,3.0,5.0
2021-08-05 22:37:16,81.0,67.0,10.0,4.0
2021-08-05 22:37:17,76.0,69.0,3.0,4.0
2021-08-05 22:37:18,90.0,79.0,7.0,4.0
2021-08-05 22:37:19,81.0,69.0,9.0,3.0
2021-08-05 22:37:20,83.0,79.0,2.0,2.0
2021-08-05 22:37:21,83.0,74.0,6.0,3.0
2021-08-05 22:37:22,76.0,67.0,9.0,0.0
2021-08-05 22:37:23,82.0,67.0,7.0,8.0
2021-08-05 22:37:24,84.0,78.0,5.0,1.0
2021-08-05 22:37:25,75.0,63.0,7.0,5.0
2021-08-05 22:37:26,89.0,71.0,11.0,7.0
2021-08-05 22:37:27,68.0,59.0,4.0,5.0
2021-08-05 22:37:28,63.0,56.0,5.0,2.0
2021-08-05 22:37:29,70.0,62.0,6.0,2.0
2021-08-05 22:37:30,71.0,63.0,2.0,6.0
2021-08-05 22:37:31,82.0,66.0,7.0,9.0
2021-08-05 22:37:32,86.0,67.0,13.0,6.0
2021-08-05 22:37:33,84.0,69.0,9.0,6.0
2021-08-05 22:37:34,71.0,64.0,4.0,3.0
2021-08-05 22:37:35,86.0,75.0,6.0,5.0
2021-08-05 22:37:36,63.0,56.0,3.0,4.0
2021-08-05 22:37:37,62.0,57.0,4.0,1.0
2021-08-05 22:37:38,94.0,84.0,6.0,4.0
2021-08-05 22:37:39,76.0,64.0,7.0,5.0
2021-08-05 22:37:40,87.0,79.0,6.0,2.0
2021-08-05 22:37:41,78.0,65.0,7.0,6.0
2021-08-05 22:37:42,92.0,80.0,10.0,2.0
2021-08-05 22:37:43,94.0,78.0,7.0,9.0
2021-08-05 22:37:44,88.0,76.0,6.0,6.0
2021-08-05 22:37:45,81.0,74.0,5.0,2.0
2021-08-05 22:37:46,81.0,70.0,9.0,2.0
2021-08-05 22:37:47,92.0,78.0,9.0,5.0
2021-08-05 22:37:48,77.0,65.0,4.0,8.0
2021-08-05 22:37:49,87.0,73.0,9.0,5.0
2021-08-05 22:37:50,60.0,49.0,7.0,4.0
2021-08-05 22:37:51,92.0,85.0,5.0,2.0
2021-08-05 22:37:52,80.0,71.0,7.0,2.0
2021-08-05 22:37:53,67.0,60.0,5.0,2.0
2021-08-05 22:37:54,65.0,58.0,3.0,4.0
2021-08-05 22:37:55,73.0,67.0,4.0,2.0
2021-08-05 22:37:56,71.0,63.0,7.0,1.0
2021-08-05 22:37:57,63.0,55.0,4.0,4.0
2021-08-05 22:37:58,89.0,70.0,13.0,6.0
2021-08-05 22:37:59,82.0,68.0,8.0,6.0
2021-08-05 22:38:00,81.0,71.0,4.0,6.0
2021-08-05 22:38:01,69.0,62.0,2.0,5.0
2021-08-05 22:38:02,92.0,76.0,12.0,4.0
2021-08-05 22:38:03,89.0,77.0,6.0,6.0
2021-08-05 22:38:04,84.0,76.0,5.0,3.0
2021-08-05 22:38:05,86.0,78.0,3.0,5.0
2021-08-05 22:38:06,82.0,66.0,10.0,6.0
2021-08-05 22:38:07,86.0,75.0,5.0,6.0
2021-08-05 22:38:08,72.0,60.0,7.0,5.0
2021-08-05 22:38:09,86.0,66.0,10.0,10.0
2021-08-05 22:38:10,74.0,68.0,4.0,2.0
2021-08-05 22:38:11,76.0,65.0,7.0,4.0
2021-08-05 22:38:12,82.0,74.0,3.0,5.0
2021-08-05 22:38:13,78.0,70.0,5.0,3.0
2021-08-05 22:38:14,65.0,58.0,5.0,2.0
2021-08-05 22:38:15,76.0,66.0,7.0,3.0
2021-08-05 22:38:16,71.0,61.0,4.0,6.0
2021-08-05 22:38:17,92.0,84.0,4.0,4.0
2021-08-05 22:38:18,76.0,65.0,6.0,5.0
2021-08-05 22:38:19,94.0,81.0,8.0,5.0
2021-08-05 22:38:20,80.0,74.0,4.0,2.0
2021-08-05 22:38:21,95.0,81.0,8.0,6.0
2021-08-05 22:38:22,82.0,69.0,7.0,6.0
2021-08-05 22:38:23,65.0,55.0,8.0,2.0
2021-08-05 22:38:24,93.0,83.0,6.0,4.0
2021-08-05 22:38:25,82.0,75.0,1.0,6.0
2021-08-05 22:38:26,99.0,90.0,7.0,2.0
2021-08-05 22:38:27,81.0,72.0,3.0,6.0
2021-08-05 22:38:28,89.0,77.0,7.0,5.0
2021-08-05 22:38:29,76.0,65.0,5.0,6.0
2021-08-05 22:38:30,86.0,74.0,8.0,4.0
2021-08-05 22:38:31,88.0,70.0,9.0,9.0
2021-08-05 22:38:32,86.0,75.0,6.0,5.0
2021-08-05 22:38:33,56.0,46.0,4.0,6.0
2021-08-05 22:38:34,69.0,63.0,2.0,4.0
2021-08-05 22:38:35,77.0,72.0,4.0,1.0
2021-08-05 22:38:36,84.0,70.0,8.0,6.0
2021-08-05 22:38:37,79.0,69.0,6.0,4.0
2021-08-05 22:38:38,92.0,81.0,4.0,7.0
2021-08-05 22:38:39,76.0,64.0,7.0,5.0
2021-08-05 22:38:40,82.0,67.0,9.0,6.0
2021-08-05 22:38:41,71.0,65.0,5.0,1.0
2021-08-05 22:38:42,82.0,71.0,7.0,4.0
2021-08-05 22:38:43,90.0,78.0,8.0,4.0
2021-08-05 22:38:44,80.0,65.0,12.0,3.0
2021-08-05 22:38:45,82.0,67.0,7.0,8.0
2021-08-05 22:38:46,56.0,52.0,2.0,2.0
2021-08-05 22:38:47,72.0,59.0,6.0,7.0
2021-08-05 22:38:48,83.0,70.0,9.0,4.0
2021-08-05 22:38:49,79.0,70.0,5.0,4.0
2021-08-05 22:38:50,75.0,61.0,8.0,6.0
2021-08-05 22:38:51,84.0,71.0,10.0,3.0
2021-08-05 22:38:52,71.0,60.0,6.0,5.0
2021-08-05 22:38:53,91.0,83.0,6.0,2.0
2021-08-05 22:38:54,72.0,63.0,8.0,1.0
2021-08-05 22:38:55,71.0,66.0,2.0,3.0
2021-08-05 22:38:56,86.0,71.0,7.0,8.0
2021-08-05 22:38:57,78.0,70.0,4.0,4.0
2021-08-05 22:38:58,76.0,68.0,7.0,1.0
2021-08-05 22:38:59,76.0,68.0,4.0,4.0
2021-08-05 22:39:00,85.0,80.0,4.0,1.0
2021-08-05 22:39:01,78.0,69.0,3.0,6.0
2021-08-05 22:39:02,95.0,84.0,9.0,2.0
2021-08-05 22:39:03,74.0,68.0,3.0,3.0
2021-08-05 22:39:04,90.0,78.0,8.0,4.0
2021-08-05 22:39:05,79.0,69.0,7.0,3.0
2021-08-05 22:39:06,66.0,52.0,8.0,6.0
2021-08-05 22:39:07,81.0,71.0,7.0,3.0
2021-08-05 22:39:08,85.0,75.0,3.0,7.0
2021-08-05 22:39:09,73.0,62.0,6.0,5.0
2021-08-05 22:39:10,69.0,60.0,6.0,3.0
2021-08-05 22:39:11,66.0,58.0,5.0,3.0
2021-08-05 22:39:12,80.0,70.0,7.0,3.0
2021-08-05 22:39:13,63.0,52.0,7.0,4.0
2021-08-05 22:39:14,76.0,63.0,4.0,9.0
2021-08-05 22:39:15,68.0,63.0,2.0,3.0
2021-08-05 22:39:16,64.0,57.0,6.0,1.0
2021-08-05 22:39:17,78.0,65.0,8.0,5.0
2021-08-05 22:39:18,85.0,75.0,5.0,5.0
2021-08-05 22:39:19,108.0,93.0,6.0,9.0
2021-08-05 22:39:20,66.0,59.0,5.0,2.0
2021-08-05 22:39:21,88.0,72.0,10.0,6.0
2021-08-05 22:39:22,67.0,58.0,9.0,0.0
2021-08-05 22:39:23,95.0,84.0,8.0,3.0
2021-08-05 22:39:24,82.0,71.0,9.0,2.0
2021-08-05 22:39:25,90.0,76.0,5.0,9.0
2021-08-05 22:39:26,83.0,70.0,8.0,5.0
2021-08-05 22:39:27,80.0,69.0,6.0,5.0
2021-08-05 22:39:28,94.0,82.0,5.0,7.0
2021-08-05 22:39:29,96.0,83.0,7.0,6.0
2021-08-05 22:39:30,90.0,79.0,6.0,5.0
2021-08-05 22:39:31,78.0,67.0,7.0,4.0
2021-08-05 22:39:32,78.0,69.0,5.0,4.0
2021-08-05 22:39:33,91.0,79.0,7.0,5.0
2021-08-05 22:39:34,67.0,56.0,8.0,3.0
2021-08-05 22:39:35,82.0,73.0,5.0,4.0
2021-08-05 22:39:36,88.0,76.0,9.0,3.0
2021-08-05 22:39:37,94.0,84.0,4.0,6.0
2021-08-05 22:39:38,74.0,65.0,4.0,5.0
2021-08-05 22:39:39,75.0,67.0,3.0,5.0
2021-08-05 22:39:40,81.0,67.0,8.0,6.0
2021-08-05 22:39:41,83.0,69.0,7.0,7.0
2021-08-05 22:39:42,84.0,75.0,1.0,8.0
2021-08-05 22:39:43,77.0,68.0,4.0,5.0
2021-08-05 22:39:44,79.0,66.0,7.0,6.0
2021-08-05 22:39:45,67.0,62.0,2.0,3.0
2021-08-05 22:39:46,71.0,60.0,7.0,4.0
2021-08-05 22:39:47,90.0,80.0,6.0,4.0
2021-08-05 22:39:48,90.0,75.0,7.0,8.0
2021-08-05 22:39:49,68.0,64.0,2.0,2.0
2021-08-05 22:39:50,76.0,63.0,2.0,11.0
2021-08-05 22:39:51,75.0,65.0,7.0,3.0
2021-08-05 22:39:52,64.0,58.0,5.0,1.0
2021-08-05 22:39:53,75.0,63.0,7.0,5.0
2021-08-05 22:39:54,102.0,92.0,7.0,3.0
2021-08-05 22:39:55,69.0,60.0,7.0,2.0
2021-08-05 22:39:56,91.0,77.0,8.0,6.0
2021-08-05 22:39:57,80.0,71.0,3.0,6.0
2021-08-05 22:39:58,84.0,71.0,8.0,5.0
2021-08-05 22:39:59,96.0,84.0,9.0,3.0
2021-08-05 22:40:00,77.0,70.0,5.0,2.0
2021-08-05 22:40:01,74.0,62.0,8.0,4.0
2021-08-05 22:40:02,72.0,66.0,4.0,2.0
2021-08-05 22:40:03,62.0,52.0,4.0,6.0
2021-08-05 22:40:04,73.0,65.0,7.0,1.0
2021-08-05 22:40:05,75.0,68.0,6.0,1.0
2021-08-05 22:40:06,88.0,75.0,6.0,7.0
2021-08-05 22:40:07,76.0,65.0,6.0,5.0
2021-08-05 22:40:08,95.0,79.0,8.0,8.0
2021-08-05 22:40:09,77.0,67.0,8.0,2.0
2021-08-05 22:40:10,82.0,70.0,4.0,8.0
2021-08-05 22:40:11,84.0,75.0,7.0,2.0
2021-08-05 22:40:12,73.0,67.0,3.0,3.0
2021-08-05 22:40:13,70.0,60.0,5.0,5.0
2021-08-05 22:40:14,73.0,63.0,6.0,4.0
2021-08-05 22:40:15,70.0,58.0,8.0,4.0
2021-08-05 22:40:16,92.0,81.0,8.0,3.0
2021-08-05 22:40:17,78.0,71.0,6.0,1.0
2021-08-05 22:40:18,69.0,63.0,4.0,2.0
2021-08-05 22:40:19,86.0,75.0,7.0,4.0
2021-08-05 22:40:20,91.0,81.0,5.0,5.0
2021-08-05 22:40:21,85.0,75.0,5.0,5.0
2021-08-05 22:40:22,67.0,61.0,5.0,1.0
2021-08-05 22:40:23,72.0,62.0,8.0,2.0
2021-08-05 22:40:24,91.0,83.0,3.0,5.0
2021-08-05 22:40:25,70.0,59.0,7.0,4.0
2021-08-05 22:40:26,75.0,63.0,9.0,3.0
2021-08-05 22:40:27,81.0,67.0,8.0,6.0
2021-08-05 22:40:28,69.0,56.0,6.0,7.0
2021-08-05 22:40:29,71.0,59.0,9.0,3.0
2021-08-05 22:40:30,79.0,72.0,4.0,3.0
2021-08-05 22:40:31,71.0,61.0,8.0,2.0
2021-08-05 22:40:32,74.0,66.0,2.0,6.0
2021-08-05 22:40:33,87.0,77.0,5.0,5.0
2021-08-05 22:40:34,60.0,50.0,8.0,2.0
2021-08-05 22:40:35,85.0,72.0,8.0,5.0
2021-08-05 22:40:36,67.0,58.0,7.0,2.0
2021-08-05 22:40:37,97.0,87.0,7.0,3.0
2021-08-05 22:40:38,86.0,73.0,6.0,7.0
2021-08-05 22:40:39,84.0,69.0,4.0,11.0
2021-08-05 22:40:40,75.0,68.0,6.0,1.0
2021-08-05 22:40:41,84.0,72.0,8.0,4.0
2021-08-05 22:40:42,81.0,75.0,4.0,2.0
2021-08-05 22:40:43,67.0,58.0,6.0,3.0
2021-08-05 22:40:44,72.0,62.0,8.0,2.0
2021-08-05 22:40:45,88.0,77.0,5.0,6.0
2021-08-05 22:40:46,78.0,70.0,3.0,5.0
2021-08-05 22:40:47,99.0,85.0,9.0,5.0
2021-08-05 22:40:48,87.0,72.0,9.0,6.0
2021-08-05 22:40:49,73.0,65.0,4.0,4.0
2021-08-05 22:40:50,74.0,62.0,9.0,3.0
2021-08-05 22:40:51,69.0,63.0,2.0,4.0
2021-08-05 22:40:52,87.0,77.0,5.0,5.0
2021-08-05 22:40:53,80.0,63.0,6.0,11.0
2021-08-05 22:40:54,65.0,61.0,1.0,3.0
2021-08-05 22:40:55,67.0,58.0,6.0,3.0
2021-08-05 22:40:56,69.0,62.0,4.0,3.0
2021-08-05 22:40:57,79.0,76.0,1.0,2.0
2021-08-05 22:40:58,90.0,75.0,9.0,6.0
2021-08-05 22:40:59,91.0,74.0,9.0,8.0
2021-08-05 22:41:00,71.0,60.0,9.0,2.0
2021-08-05 22:41:01,78.0,67.0,5.0,6.0
2021-08-05 22:41:02,81.0,70.0,8.0,3.0
2021-08-05 22:41:03,97.0,85.0,5.0,7.0
2021-08-05 22:41:04,91.0,77.0,8.0,6.0
2021-08-05 22:41:05,93.0,83.0,5.0,5.0
2021-08-05 22:41:06,71.0,55.0,11.0,5.0
2021-08-05 22:41:07,81.0,70.0,5.0,6.0
2021-08-05 22:41:08,68.0,63.0,4.0,1.0
2021-08-05 22:41:09,91.0,81.0,5.0,5.0
2021-08-05 22:41:10,81.0,71.0,4.0,6.0
2021-08-05 22:41:11,72.0,64.0,3.0,5.0
2021-08-05 22:41:12,78.0,69.0,7.0,2.0
2021-08-05 22:41:13,72.0,62.0,5.0,5.0
2021-08-05 22:41:14,88.0,78.0,6.0,4.0
2021-08-05 22:41:15,66.0,53.0,8.0,5.0
2021-08-05 22:41:16,72.0,64.0,3.0,5.0
2021-08-05 22:41:17,88.0,77.0,7.0,4.0
2021-08-05 22:41:18,94.0,82.0,6.0,6.0
2021-08-05 22:41:19,71.0,57.0,7.0,7.0
2021-08-05 22:41:20,89.0,75.0,11.0,3.0
2021-08-05 22:41:21,80.0,71.0,7.0,2.0
2021-08-05 22:41:22,78.0,61.0,12.0,5.0
2021-08-05 22:41:23,65.0,60.0,3.0,2.0
2021-08-05 22:41:24,88.0,71.0,12.0,5.0
2021-08-05 22:41:25,101.0,87.0,6.0,8.0
2021-08-05 22:41:26,81.0,71.0,6.0,4.0
2021-08-05 22:41:27,86.0,75.0,6.0,5.0
2021-08-05 22:41:28,82.0,73.0,5.0,4.0
2021-08-05 22:41:29,71.0,60.0,8.0,3.0
2021-08-05 22:41:30,81.0,73.0,5.0,3.0
2021-08-05 22:41:31,95.0,84.0,10.0,1.0
2021-08-05 22:41:32,81.0,67.0,11.0,3.0
2021-08-05 22:41:33,86.0,70.0,9.0,7.0
2021-08-05 22:41:34,76.0,70.0,5.0,1.0
2021-08-05 22:41:35,88.0,81.0,4.0,3.0
2021-08-05 22:41:36,83.0,72.0,6.0,5.0
2021-08-05 22:41:37,81.0,67.0,8.0,6.0
2021-08-05 22:41:38,72.0,54.0,11.0,7.0
2021-08-05 22:41:39,78.0,67.0,6.0,5.0
2021-08-05 22:41:40,76.0,62.0,8.0,6.0
2021-08-05 22:41:41,80.0,66.0,8.0,6.0
2021-08-05 22:41:42,82.0,75.0,6.0,1.0
2021-08-05 22:41:43,56.0,48.0,4.0,4.0
2021-08-05 22:41:44,94.0,84.0,8.0,2.0
2021-08-05 22:41:45,83.0,71.0,6.0,6.0
2021-08-05 22:41:46,79.0,70.0,7.0,2.0
2021-08-05 22:41:47,85.0,76.0,5.0,4.0
2021-08-05 22:41:48,67.0,57.0,5.0,5.0
2021-08-05 22:41:49,79.0,72.0,7.0,0.0
2021-08-05 22:41:50,79.0,64.0,11.0,4.0
2021-08-05 22:41:51,73.0,61.0,6.0,6.0
2021-08-05 22:41:52,78.0,71.0,7.0,0.0
2021-08-05 22:41:53,84.0,75.0,7.0,2.0
2021-08-05 22:41:54,83.0,71.0,6.0,6.0
2021-08-05 22:41:55,88.0,73.0,13.0,2.0
2021-08-05 22:41:56,86.0,79.0,2.0,5.0
2021-08-05 22:41:57,81.0,66.0,9.0,6.0
2021-08-05 22:41:58,97.0,89.0,6.0,2.0
2021-08-05 22:41:59,73.0,62.0,5.0,6.0
2021-08-05 22:42:00,92.0,78.0,9.0,5.0
2021-08-05 22:42:01,62.0,54.0,2.0,6.0
2021-08-05 22:42:02,86.0,76.0,5.0,5.0
2021-08-05 22:42:03,86.0,78.0,1.0,7.0
2021-08-05 22:42:04,97.0,83.0,5.0,9.0
2021-08-05 22:42:05,78.0,69.0,4.0,5.0
2021-08-05 22:42:06,66.0,58.0,5.0,3.0
2021-08-05 22:42:07,69.0,58.0,8.0,3.0
2021-08-05 22:42:08,93.0,79.0,11.0,3.0
2021-08-05 22:42:09,89.0,77.0,6.0,6.0
2021-08-05 22:42:10,75.0,60.0,11.0,4.0
2021-08-05 22:42:11,76.0,64.0,6.0,6.0
2021-08-05 22:42:12,89.0,73.0,13.0,3.0
2021-08-05 22:42:13,80.0,70.0,7.0,3.0
2021-08-05 22:42:14,75.0,65.0,7.0,3.0
2021-08-05 22:42:15,80.0,62.0,10.0,8.0
2021-08-05 22:42:16,60.0,51.0,8.0,1.0
2021-08-05 22:42:17,90.0,75.0,10.0,5.0
2021-08-05 22:42:18,77.0,64.0,10.0,3.0
2021-08-05 22:42:19,61.0,55.0,5.0,1.0
2021-08-05 22:42:20,74.0,64.0,6.0,4.0
2021-08-05 22:42:21,66.0,58.0,5.0,3.0
2021-08-05 22:42:22,71.0,60.0,8.0,3.0
2021-08-05 22:42:23,86.0,78.0,7.0,1.0
2021-08-05 22:42:24,80.0,73.0,4.0,3.0
2021-08-05 22:42:25,75.0,68.0,4.0,3.0
2021-08-05 22:42:26,90.0,74.0,9.0,7.0
2021-08-05 22:42:27,87.0,77.0,9.0,1.0
2021-08-05 22:42:28,77.0,68.0,4.0,5.0
2021-08-05 22:42:29,89.0,80.0,5.0,4.0
2021-08-05 22:42:30,64.0,58.0,5.0,1.0
2021-08-05 22:42:31,66.0,55.0,6.0,5.0
2021-08-05 22:42:32,72.0,57.0,9.0,6.0
2021-08-05 22:42:33,78.0,67.0,6.0,5.0
2021-08-05 22:42:34,90.0,82.0,4.0,4.0
2021-08-05 22:42:35,80.0,70.0,7.0,3.0
2021-08-05 22:42:36,75.0,62.0,8.0,5.0
2021-08-05 22:42:37,82.0,70.0,9.0,3.0
2021-08-05 22:42:38,82.0,69.0,6.0,7.0
2021-08-05 22:42:39,82.0,75.0,3.0,4.0
2021-08-05 22:42:40,71.0,61.0,7.0,3.0
2021-08-05 22:42:41,84.0,73.0,5.0,6.0
2021-08-05 22:42:42,73.0,64.0,4.0,5.0
2021-08-05 22:42:43,86.0,69.0,13.0,4.0
2021-08-05 22:42:44,89.0,81.0,6.0,2.0
2021-08-05 22:42:45,63.0,54.0,5.0,4.0
2021-08-05 22:42:46,72.0,65.0,5.0,2.0
2021-08-05 22:42:47,85.0,79.0,3.0,3.0
2021-08-05 22:42:48,77.0,70.0,4.0,3.0
2021-08-05 22:42:49,71.0,65.0,4.0,2.0
2021-08-05 22:42:50,66.0,59.0,6.0,1.0
2021-08-05 22:42:51,92.0,83.0,5.0,4.0
2021-08-05 22:42:52,57.0,51.0,4.0,2.0
2021-08-05 22:42:53,74.0,69.0,0.0,5.0
2021-08-05 22:42:54,72.0,65.0,4.0,3.0
2021-08-05 22:42:55,86.0,77.0,8.0,1.0
2021-08-05 22:42:56,81.0,72.0,6.0,3.0
2021-08-05 22:42:57,64.0,54.0,6.0,4.0
2021-08-05 22:42:58,80.0,72.0,5.0,3.0
2021-08-05 22:42:59,83.0,71.0,9.0,3.0
2021-08-05 22:43:00,78.0,60.0,10.0,8.0
2021-08-05 22:43:01,74.0,63.0,7.0,4.0
2021-08-05 22:43:02,91.0,77.0,8.0,6.0
2021-08-05 22:43:03,82.0,69.0,9.0,4.0
2021-08-05 22:43:04,87.0,74.0,6.0,7.0
2021-08-05 22:43:05,83.0,72.0,8.0,3.0
2021-08-05 22:43:06,67.0,56.0,5.0,6.0
2021-08-05 22:43:07,85.0,74.0,7.0,4.0
2021-08-05 22:43:08,72.0,68.0,4.0,0.0
2021-08-05 22:43:09,83.0,73.0,6.0,4.0
2021-08-05 22:43:10,84.0,71.0,9.0,4.0
2021-08-05 22:43:11,91.0,80.0,3.0,8.0
2021-08-05 22:43:12,77.0,65.0,4.0,8.0
2021-08-05 22:43:13,80.0,72.0,6.0,2.0
2021-08-05 22:43:14,84.0,71.0,11.0,2.0
2021-08-05 22:43:15,84.0,77.0,5.0,2.0
2021-08-05 22:43:16,64.0,55.0,5.0,4.0
2021-08-05 22:43:17,63.0,52.0,3.0,8.0
2021-08-05 22:43:18,76.0,62.0,10.0,4.0
2021-08-05 22:43:19,74.0,61.0,6.0,7.0
2021-08-05 22:43:20,90.0,76.0,9.0,5.0
2021-08-05 22:43:21,55.0,50.0,3.0,2.0
2021-08-05 22:43:22,76.0,67.0,5.0,4.0
2021-08-05 22:43:23,85.0,77.0,5.0,3.0
2021-08-05 22:43:24,97.0,90.0,3.0,4.0
2021-08-05 22:43:25,71.0,62.0,6.0,3.0
2021-08-05 22:43:26,71.0,61.0,3.0,7.0
2021-08-05 22:43:27,90.0,78.0,8.0,4.0
2021-08-05 22:43:28,77.0,68.0,8.0,1.0
2021-08-05 22:43:29,79.0,64.0,12.0,3.0
2021-08-05 22:43:30,88.0,80.0,3.0,5.0
2021-08-05 22:43:31,78.0,68.0,6.0,4.0
2021-08-05 22:43:32,75.0,66.0,7.0,2.0
2021-08-05 22:43:33,82.0,73.0,5.0,4.0
2021-08-05 22:43:34,76.0,65.0,8.0,3.0
2021-08-05 22:43:35,90.0,84.0,5.0,1.0
2021-08-05 22:43:36,81.0,73.0,7.0,1.0
2021-08-05 22:43:37,81.0,71.0,7.0,3.0
2021-08-05 22:43:38,75.0,64.0,7.0,4.0
2021-08-05 22:43:39,101.0,80.0,7.0,14.0
2021-08-05 22:43:40,83.0,75.0,5.0,3.0
2021-08-05 22:43:41,85.0,77.0,6.0,2.0
2021-08-05 22:43:42,73.0,61.0,5.0,7.0
2021-08-05 22:43:43,78.0,66.0,7.0,5.0
2021-08-05 22:43:44,92.0,78.0,8.0,6.0
2021-08-05 22:43:45,89.0,78.0,8.0,3.0
2021-08-05 22:43:46,105.0,92.0,8.0,5.0
2021-08-05 22:43:47,90.0,78.0,7.0,5.0
2021-08-05 22:43:48,88.0,79.0,3.0,6.0
2021-08-05 22:43:49,76.0,64.0,8.0,4.0
2021-08-05 22:43:50,68.0,58.0,5.0,5.0
2021-08-05 22:43:51,70.0,64.0,3.0,3.0
2021-08-05 22:43:52,69.0,61.0,7.0,1.0
2021-08-05 22:43:53,73.0,66.0,6.0,1.0
2021-08-05 22:43:54,81.0,68.0,6.0,7.0
2021-08-05 22:43:55,84.0,76.0,5.0,3.0
2021-08-05 22:43:56,74.0,66.0,4.0,4.0
2021-08-05 22:43:57,70.0,61.0,4.0,5.0
2021-08-05 22:43:58,71.0,60.0,8.0,3.0
2021-08-05 22:43:59,89.0,74.0,7.0,8.0
2021-08-05 22:44:00,87.0,75.0,9.0,3.0
2021-08-05 22:44:01,56.0,47.0,5.0,4.0
2021-08-05 22:44:02,86.0,77.0,4.0,5.0
2021-08-05 22:44:03,86.0,71.0,6.0,9.0
2021-08-05 22:44:04,71.0,66.0,3.0,2.0
2021-08-05 22:44:05,98.0,88.0,8.0,2.0
2021-08-05 22:44:06,78.0,69.0,6.0,3.0
2021-08-05 22:44:07,95.0,82.0,7.0,6.0
2021-08-05 22:44:08,85.0,77.0,3.0,5.0
2021-08-05 22:44:09,81.0,72.0,6.0,3.0
2021-08-05 22:44:10,73.0,61.0,7.0,5.0
2021-08-05 22:44:11,83.0,68.0,8.0,7.0
2021-08-05 22:44:12,67.0,56.0,8.0,3.0
2021-08-05 22:44:13,94.0,79.0,9.0,6.0
2021-08-05 22:44:14,80.0,68.0,7.0,5.0
2021-08-05 22:44:15,93.0,81.0,7.0,5.0
2021-08-05 22:44:16,71.0,65.0,6.0,0.0
2021-08-05 22:44:17,83.0,67.0,9.0,7.0
2021-08-05 22:44:18,85.0,73.0,7.0,5.0
2021-08-05 22:44:19,93.0,83.0,9.0,1.0
2021-08-05 22:44:20,71.0,57.0,7.0,7.0
2021-08-05 22:44:21,72.0,62.0,8.0,2.0
2021-08-05 22:44:22,89.0,79.0,3.0,7.0
2021-08-05 22:44:23,80.0,72.0,3.0,5.0
2021-08-05 22:44:24,61.0,50.0,10.0,1.0
2021-08-05 22:44:25,75.0,70.0,3.0,2.0
2021-08-05 22:44:26,76.0,66.0,6.0,4.0
2021-08-05 22:44:27,71.0,66.0,3.0,2.0
2021-08-05 22:44:28,93.0,83.0,6.0,4.0
2021-08-05 22:44:29,65.0,59.0,3.0,3.0
2021-08-05 22:44:30,82.0,74.0,8.0,0.0
2021-08-05 22:44:31,75.0,67.0,2.0,6.0
2021-08-05 22:44:32,88.0,80.0,4.0,4.0
2021-08-05 22:44:33,91.0,76.0,10.0,5.0
2021-08-05 22:44:34,67.0,60.0,3.0,4.0
2021-08-05 22:44:35,71.0,62.0,4.0,5.0
2021-08-05 22:44:36,88.0,72.0,6.0,10.0
2021-08-05 22:44:37,75.0,63.0,10.0,2.0
2021-08-05 22:44:38,73.0,65.0,6.0,2.0
2021-08-05 22:44:39,83.0,77.0,5.0,1.0
2021-08-05 22:44:40,101.0,91.0,7.0,3.0
2021-08-05 22:44:41,73.0,63.0,5.0,5.0
2021-08-05 22:44:42,85.0,71.0,11.0,3.0
2021-08-05 22:44:43,75.0,69.0,5.0,1.0
2021-08-05 22:44:44,79.0,66.0,4.0,9.0
2021-08-05 22:44:45,72.0,67.0,2.0,3.0
2021-08-05 22:44:46,79.0,68.0,9.0,2.0
2021-08-05 22:44:47,66.0,57.0,5.0,4.0
2021-08-05 22:44:48,64.0,61.0,1.0,2.0
2021-08-05 22:44:49,98.0,85.0,8.0,5.0
2021-08-05 22:44:50,73.0,63.0,6.0,4.0
2021-08-05 22:44:51,106.0,92.0,7.0,7.0
2021-08-05 22:44:52,79.0,67.0,11.0,1.0
2021-08-05 22:44:53,82.0,70.0,11.0,1.0
2021-08-05 22:44:54,74.0,60.0,5.0,9.0
2021-08-05 22:44:55,81.0,70.0,7.0,4.0
2021-08-05 22:44:56,82.0,69.0,5.0,8.0
2021-08-05 22:44:57,76.0,67.0,6.0,3.0
2021-08-05 22:44:58,81.0,75.0,3.0,3.0
2021-08-05 22:44:59,84.0,78.0,5.0,1.0
2021-08-05 22:45:00,72.0,65.0,4.0,3.0
2021-08-05 22:45:01,77.0,71.0,5.0,1.0
2021-08-05 22:45:02,74.0,59.0,6.0,9.0
2021-08-05 22:45:03,80.0,70.0,8.0,2.0
2021-08-05 22:45:04,68.0,53.0,6.0,9.0
2021-08-05 22:45:05,89.0,79.0,6.0,4.0
2021-08-05 22:45:06,74.0,57.0,6.0,11.0
2021-08-05 22:45:07,84.0,73.0,3.0,8.0
2021-08-05 22:45:08,79.0,68.0,8.0,3.0
2021-08-05 22:45:09,85.0,76.0,6.0,3.0
2021-08-05 22:45:10,76.0,65.0,7.0,4.0
2021-08-05 22:45:11,78.0,69.0,3.0,6.0
2021-08-05 22:45:12,73.0,64.0,6.0,3.0
2021-08-05 22:45:13,83.0,70.0,11.0,2.0
2021-08-05 22:45:14,70.0,61.0,8.0,1.0
2021-08-05 22:45:15,77.0,71.0,5.0,1.0
2021-08-05 22:45:16,64.0,56.0,6.0,2.0
2021-08-05 22:45:17,93.0,83.0,6.0,4.0
2021-08-05 22:45:18,89.0,82.0,1.0,6.0
2021-08-05 22:45:19,88.0,77.0,7.0,4.0
2021-08-05 22:45:20,71.0,63.0,5.0,3.0
2021-08-05 22:45:21,76.0,62.0,11.0,3.0
2021-08-05 22:45:22,64.0,57.0,5.0,2.0
2021-08-05 22:45:23,82.0,75.0,4.0,3.0
2021-08-05 22:45:24,71.0,65.0,2.0,4.0
2021-08-05 22:45:25,92.0,83.0,4.0,5.0
2021-08-05 22:45:26,81.0,72.0,6.0,3.0
2021-08-05 22:45:27,102.0,87.0,7.0,8.0
2021-08-05 22:45:28,78.0,66.0,8.0,4.0
2021-08-05 22:45:29,68.0,61.0,4.0,3.0
2021-08-05 22:45:30,85.0,66.0,10.0,9.0
2021-08-05 22:45:31,74.0,66.0,4.0,4.0
2021-08-05 22:45:32,95.0,83.0,8.0,4.0
2021-08-05 22:45:33,82.0,68.0,11.0,3.0
2021-08-05 22:45:34,79.0,70.0,3.0,6.0
2021-08-05 22:45:35,78.0,70.0,5.0,3.0
2021-08-05 22:45:36,75.0,66.0,5.0,4.0
2021-08-05 22:45:37,90.0,78.0,5.0,7.0
2021-08-05 22:45:38,72.0,61.0,5.0,6.0
2021-08-05 22:45:39,77.0,66.0,5.0,6.0
2021-08-05 22:45:40,89.0,78.0,2.0,9.0
2021-08-05 22:45:41,98.0,82.0,10.0,6.0
2021-08-05 22:45:42,93.0,78.0,6.0,9.0
2021-08-05 22:45:43,80.0,65.0,10.0,5.0
2021-08-05 22:45:44,63.0,57.0,4.0,2.0
2021-08-05 22:45:45,99.0,82.0,9.0,8.0
2021-08-05 22:45:46,60.0,55.0,2.0,3.0
2021-08-05 22:45:47,94.0,80.0,8.0,6.0
2021-08-05 22:45:48,75.0,68.0,5.0,2.0
2021-08-05 22:45:49,75.0,67.0,5.0,3.0
2021-08-05 22:45:50,75.0,66.0,5.0,4.0
2021-08-05 22:45:51,81.0,70.0,6.0,5.0
2021-08-05 22:45:52,100.0,91.0,8.0,1.0
2021-08-05 22:45:53,91.0,83.0,6.0,2.0
2021-08-05 22:45:54,82.0,68.0,8.0,6.0
2021-08-05 22:45:55,66.0,59.0,6.0,1.0
2021-08-05 22:45:56,84.0,76.0,3.0,5.0
2021-08-05 22:45:57,88.0,81.0,6.0,1.0
2021-08-05 22:45:58,66.0,63.0,1.0,2.0
2021-08-05 22:45:59,86.0,77.0,4.0,5.0
2021-08-05 22:46:00,84.0,68.0,10.0,6.0
2021-08-05 22:46:01,88.0,82.0,3.0,3.0
2021-08-05 22:46:02,84.0,74.0,3.0,7.0
2021-08-05 22:46:03,80.0,70.0,7.0,3.0
2021-08-05 22:46:04,80.0,65.0,6.0,9.0
2021-08-05 22:46:05,72.0,61.0,8.0,3.0
2021-08-05 22:46:06,61.0,55.0,4.0,2.0
2021-08-05 22:46:07,89.0,81.0,3.0,5.0
2021-08-05 22:46:08,80.0,67.0,9.0,4.0
2021-08-05 22:46:09,72.0,59.0,8.0,5.0
2021-08-05 22:46:10,86.0,75.0,6.0,5.0
2021-08-05 22:46:11,76.0,66.0,5.0,5.0
2021-08-05 22:46:12,83.0,68.0,11.0,4.0
2021-08-05 22:46:13,79.0,71.0,4.0,4.0
2021-08-05 22:46:14,87.0,74.0,6.0,7.0
2021-08-05 22:46:15,106.0,87.0,9.0,10.0
2021-08-05 22:46:16,76.0,64.0,7.0,5.0
2021-08-05 22:46:17,66.0,58.0,3.0,5.0
2021-08-05 22:46:18,92.0,81.0,4.0,7.0
2021-08-05 22:46:19,78.0,66.0,7.0,5.0
2021-08-05 22:46:20,69.0,57.0,5.0,7.0
2021-08-05 22:46:21,84.0,74.0,9.0,1.0
2021-08-05 22:46:22,86.0,73.0,6.0,7.0
2021-08-05 22:46:23,78.0,65.0,5.0,8.0
2021-08-05 22:46:24,78.0,67.0,7.0,4.0
2021-08-05 22:46:25,78.0,62.0,12.0,4.0
2021-08-05 22:46:26,79.0,70.0,6.0,3.0
2021-08-05 22:46:27,75.0,66.0,6.0,3.0
2021-08-05 22:46:28,81.0,67.0,7.0,7.0
2021-08-05 22:46:29,89.0,78.0,7.0,4.0
2021-08-05 22:46:30,80.0,67.0,9.0,4.0
2021-08-05 22:46:31,87.0,79.0,6.0,2.0
2021-08-05 22:46:32,86.0,73.0,6.0,7.0
2021-08-05 22:46:33,80.0,68.0,7.0,5.0
2021-08-05 22:46:34,60.0,52.0,3.0,5.0
2021-08-05 22:46:35,72.0,64.0,4.0,4.0
2021-08-05 22:46:36,80.0,71.0,7.0,2.0
2021-08-05 22:46:37,75.0,58.0,9.0,8.0
2021-08-05 22:46:38,78.0,75.0,1.0,2.0
2021-08-05 22:46:39,94.0,77.0,10.0,7.0
2021-08-05 22:46:40,80.0,70.0,5.0,5.0
2021-08-05 22:46:41,79.0,70.0,6.0,3.0
2021-08-05 22:46:42,71.0,65.0,3.0,3.0
2021-08-05 22:46:43,89.0,74.0,12.0,3.0
2021-08-05 22:46:44,80.0,65.0,10.0,5.0
2021-08-05 22:46:45,74.0,64.0,7.0,3.0
2021-08-05 22:46:46,65.0,52.0,6.0,7.0
2021-08-05 22:46:47,97.0,83.0,6.0,8.0
2021-08-05 22:46:48,79.0,65.0,9.0,5.0
2021-08-05 22:46:49,84.0,76.0,4.0,4.0
2021-08-05 22:46:50,85.0,70.0,9.0,6.0
2021-08-05 22:46:51,89.0,77.0,8.0,4.0
2021-08-05 22:46:52,94.0,82.0,8.0,4.0
2021-08-05 22:46:53,83.0,73.0,4.0,6.0
2021-08-05 22:46:54,91.0,82.0,7.0,2.0
2021-08-05 22:46:55,85.0,73.0,3.0,9.0
2021-08-05 22:46:56,83.0,67.0,11.0,5.0
2021-08-05 22:46:57,72.0,62.0,7.0,3.0
2021-08-05 22:46:58,83.0,72.0,5.0,6.0
2021-08-05 22:46:59,82.0,74.0,4.0,4.0
2021-08-05 22:47:00,71.0,59.0,10.0,2.0
2021-08-05 22:47:01,125.0,104.0,11.0,10.0
2021-08-05 22:47:02,96.0,78.0,13.0,5.0
2021-08-05 22:47:03,78.0,66.0,9.0,3.0
2021-08-05 22:47:04,74.0,67.0,5.0,2.0
2021-08-05 22:47:05,77.0,65.0,6.0,6.0
2021-08-05 22:47:06,81.0,66.0,9.0,6.0
2021-08-05 22:47:07,72.0,60.0,8.0,4.0
2021-08-05 22:47:08,79.0,65.0,13.0,1.0
2021-08-05 22:47:09,78.0,69.0,9.0,0.0
2021-08-05 22:47:10,80.0,68.0,5.0,7.0
2021-08-05 22:47:11,77.0,68.0,7.0,2.0
2021-08-05 22:47:12,63.0,53.0,4.0,6.0
2021-08-05 22:47:13,85.0,73.0,5.0,7.0
2021-08-05 22:47:14,85.0,75.0,3.0,7.0
2021-08-05 22:47:15,82.0,67.0,4.0,11.0
2021-08-05 22:47:16,63.0,53.0,5.0,5.0
2021-08-05 22:47:17,80.0,68.0,7.0,5.0
2021-08-05 22:47:18,71.0,63.0,3.0,5.0
2021-08-05 22:47:19,68.0,57.0,7.0,4.0
2021-08-05 22:47:20,83.0,71.0,8.0,4.0
2021-08-05 22:47:21,91.0,79.0,8.0,4.0
2021-08-05 22:47:22,71.0,63.0,3.0,5.0
2021-08-05 22:47:23,81.0,70.0,5.0,6.0
2021-08-05 22:47:24,76.0,63.0,5.0,8.0
2021-08-05 22:47:25,73.0,60.0,7.0,6.0
2021-08-05 22:47:26,78.0,62.0,11.0,5.0
2021-08-05 22:47:27,86.0,80.0,4.0,2.0
2021-08-05 22:47:28,92.0,84.0,6.0,2.0
2021-08-05 22:47:29,81.0,72.0,6.0,3.0
2021-08-05 22:47:30,74.0,64.0,6.0,4.0
2021-08-05 22:47:31,73.0,62.0,7.0,4.0
2021-08-05 22:47:32,64.0,55.0,6.0,3.0
2021-08-05 22:47:33,80.0,69.0,9.0,2.0
2021-08-05 22:47:34,78.0,62.0,8.0,8.0
2021-08-05 22:47:35,82.0,69.0,6.0,7.0
2021-08-05 22:47:36,80.0,69.0,7.0,4.0
2021-08-05 22:47:37,84.0,74.0,4.0,6.0
2021-08-05 22:47:38,67.0,56.0,8.0,3.0
2021-08-05 22:47:39,76.0,70.0,3.0,3.0
2021-08-05 22:47:40,74.0,61.0,7.0,6.0
2021-08-05 22:47:41,61.0,50.0,8.0,3.0
2021-08-05 22:47:42,65.0,60.0,2.0,3.0
2021-08-05 22:47:43,80.0,71.0,5.0,4.0
2021-08-05 22:47:44,80.0,71.0,6.0,3.0
2021-08-05 22:47:45,95.0,85.0,5.0,5.0
2021-08-05 22:47:46,70.0,59.0,8.0,3.0
2021-08-05 22:47:47,75.0,66.0,4.0,5.0
2021-08-05 22:47:48,72.0,63.0,4.0,5.0
2021-08-05 22:47:49,89.0,82.0,6.0,1.0
2021-08-05 22:47:50,90.0,75.0,8.0,7.0
2021-08-05 22:47:51,88.0,80.0,6.0,2.0
2021-08-05 22:47:52,79.0,70.0,4.0,5.0
2021-08-05 22:47:53,82.0,71.0,9.0,2.0
2021-08-05 22:47:54,80.0,65.0,9.0,6.0
2021-08-05 22:47:55,86.0,74.0,9.0,3.0
2021-08-05 22:47:56,65.0,59.0,5.0,1.0
2021-08-05 22:47:57,75.0,62.0,4.0,9.0
2021-08-05 22:47:58,67.0,56.0,3.0,8.0
2021-08-05 22:47:59,85.0,78.0,4.0,3.0
2021-08-05 22:48:00,95.0,82.0,8.0,5.0
2021-08-05 22:48:01,86.0,73.0,10.0,3.0
2021-08-05 22:48:02,82.0,71.0,5.0,6.0
2021-08-05 22:48:03,64.0,57.0,4.0,3.0
2021-08-05 22:48:04,78.0,67.0,7.0,4.0
2021-08-05 22:48:05,84.0,72.0,7.0,5.0
2021-08-05 22:48:06,82.0,68.0,9.0,5.0
2021-08-05 22:48:07,81.0,68.0,8.0,5.0
2021-08-05 22:48:08,99.0,89.0,7.0,3.0
2021-08-05 22:48:09,80.0,65.0,9.0,6.0
2021-08-05 22:48:10,86.0,77.0,7.0,2.0
2021-08-05 22:48:11,86.0,76.0,9.0,1.0
2021-08-05 22:48:12,87.0,75.0,10.0,2.0
2021-08-05 22:48:13,91.0,82.0,5.0,4.0
2021-08-05 22:48:14,79.0,70.0,5.0,4.0
2021-08-05 22:48:15,73.0,62.0,6.0,5.0
2021-08-05 22:48:16,75.0,72.0,1.0,2.0
2021-08-05 22:48:17,75.0,68.0,3.0,4.0
2021-08-05 22:48:18,85.0,77.0,3.0,5.0
2021-08-05 22:48:19,73.0,59.0,11.0,3.0
2021-08-05 22:48:20,81.0,72.0,4.0,5.0
2021-08-05 22:48:21,88.0,79.0,5.0,4.0
2021-08-05 22:48:22,69.0,58.0,3.0,8.0
2021-08-05 22:48:23,79.0,66.0,9.0,4.0
2021-08-05 22:48:24,79.0,69.0,6.0,4.0
2021-08-05 22:48:25,89.0,80.0,5.0,4.0
2021-08-05 22:48:26,89.0,76.0,6.0,7.0
2021-08-05 22:48:27,92.0,83.0,8.0,1.0
2021-08-05 22:48:28,94.0,84.0,5.0,5.0
2021-08-05 22:48:29,66.0,56.0,4.0,6.0
2021-08-05 22:48:30,71.0,60.0,4.0,7.0
2021-08-05 22:48:31,87.0,73.0,8.0,6.0
2021-08-05 22:48:32,78.0,62.0,11.0,5.0
2021-08-05 22:48:33,63.0,55.0,5.0,3.0
2021-08-05 22:48:34,80.0,64.0,8.0,8.0
2021-08-05 22:48:35,85.0,72.0,9.0,4.0
2021-08-05 22:48:36,61.0,53.0,6.0,2.0
2021-08-05 22:48:37,80.0,69.0,6.0,5.0
2021-08-05 22:48:38,75.0,63.0,10.0,2.0
2021-08-05 22:48:39,80.0,66.0,7.0,7.0
2021-08-05 22:48:40,62.0,58.0,2.0,2.0
2021-08-05 22:48:41,77.0,71.0,2.0,4.0
2021-08-05 22:48:42,87.0,76.0,5.0,6.0
2021-08-05 22:48:43,68.0,57.0,5.0,6.0
2021-08-05 22:48:44,70.0,62.0,6.0,2.0
2021-08-05 22:48:45,71.0,61.0,8.0,2.0
2021-08-05 22:48:46,64.0,56.0,5.0,3.0
2021-08-05 22:48:47,83.0,68.0,8.0,7.0
2021-08-05 22:48:48,87.0,81.0,5.0,1.0
2021-08-05 22:48:49,84.0,73.0,6.0,5.0
2021-08-05 22:48:50,79.0,72.0,4.0,3.0
2021-08-05 22:48:51,74.0,63.0,6.0,5.0
2021-08-05 22:48:52,83.0,68.0,10.0,5.0
2021-08-05 22:48:53,94.0,83.0,6.0,5.0
2021-08-05 22:48:54,107.0,89.0,10.0,8.0
2021-08-05 22:48:55,77.0,60.0,8.0,9.0
2021-08-05 22:48:56,81.0,68.0,9.0,4.0
2021-08-05 22:48:57,89.0,86.0,1.0,2.0
2021-08-05 22:48:58,80.0,69.0,6.0,5.0
2021-08-05 22:48:59,80.0,69.0,7.0,4.0
2021-08-05 22:49:00,86.0,76.0,4.0,6.0
2021-08-05 22:49:01,86.0,78.0,7.0,1.0
2021-08-05 22:49:02,88.0,80.0,3.0,5.0
2021-08-05 22:49:03,81.0,67.0,9.0,5.0
2021-08-05 22:49:04,70.0,59.0,7.0,4.0
2021-08-05 22:49:05,78.0,68.0,7.0,3.0
2021-08-05 22:49:06,83.0,76.0,2.0,5.0
2021-08-05 22:49:07,88.0,77.0,6.0,5.0
2021-08-05 22:49:08,89.0,78.0,5.0,6.0
2021-08-05 22:49:09,83.0,69.0,7.0,7.0
2021-08-05 22:49:10,82.0,71.0,8.0,3.0
2021-08-05 22:49:11,80.0,66.0,8.0,6.0
2021-08-05 22:49:12,84.0,69.0,9.0,6.0
2021-08-05 22:49:13,86.0,72.0,7.0,7.0
2021-08-05 22:49:14,88.0,76.0,9.0,3.0
2021-08-05 22:49:15,79.0,68.0,4.0,7.0
2021-08-05 22:49:16,76.0,67.0,6.0,3.0
2021-08-05 22:49:17,88.0,73.0,7.0,8.0
2021-08-05 22:49:18,80.0,66.0,6.0,8.0
2021-08-05 22:49:19,80.0,66.0,9.0,5.0
2021-08-05 22:49:20,76.0,64.0,5.0,7.0
2021-08-05 22:49:21,76.0,69.0,3.0,4.0
2021-08-05 22:49:22,85.0,75.0,4.0,6.0
2021-08-05 22:49:23,82.0,66.0,10.0,6.0
2021-08-05 22:49:24,84.0,72.0,10.0,2.0
2021-08-05 22:49:25,90.0,77.0,11.0,2.0
2021-08-05 22:49:26,89.0,71.0,11.0,7.0
2021-08-05 22:49:27,75.0,69.0,4.0,2.0
2021-08-05 22:49:28,71.0,58.0,8.0,5.0
2021-08-05 22:49:29,71.0,62.0,6.0,3.0
2021-08-05 22:49:30,74.0,64.0,4.0,6.0
2021-08-05 22:49:31,80.0,67.0,10.0,3.0
2021-08-05 22:49:32,69.0,56.0,8.0,5.0
2021-08-05 22:49:33,67.0,62.0,2.0,3.0
2021-08-05 22:49:34,85.0,75.0,5.0,5.0
2021-08-05 22:49:35,80.0,71.0,5.0,4.0
2021-08-05 22:49:36,82.0,75.0,5.0,2.0
2021-08-05 22:49:37,76.0,63.0,7.0,6.0
2021-08-05 22:49:38,78.0,64.0,7.0,7.0
2021-08-05 22:49:39,66.0,53.0,5.0,8.0
2021-08-05 22:49:40,59.0,49.0,7.0,3.0
2021-08-05 22:49:41,74.0,64.0,5.0,5.0
2021-08-05 22:49:42,75.0,64.0,7.0,4.0
2021-08-05 22:49:43,85.0,70.0,7.0,8.0
2021-08-05 22:49:44,80.0,65.0,12.0,3.0
2021-08-05 22:49:45,76.0,63.0,7.0,6.0
2021-08-05 22:49:46,83.0,68.0,6.0,9.0
2021-08-05 22:49:47,81.0,69.0,5.0,7.0
2021-08-05 22:49:48,59.0,52.0,5.0,2.0
2021-08-05 22:49:49,70.0,62.0,3.0,5.0
2021-08-05 22:49:50,90.0,76.0,11.0,3.0
2021-08-05 22:49:51,98.0,86.0,6.0,6.0
2021-08-05 22:49:52,74.0,67.0,4.0,3.0
2021-08-05 22:49:53,75.0,65.0,8.0,2.0
2021-08-05 22:49:54,77.0,67.0,2.0,8.0
2021-08-05 22:49:55,93.0,81.0,8.0,4.0
2021-08-05 22:49:56,73.0,61.0,10.0,2.0
2021-08-05 22:49:57,79.0,73.0,3.0,3.0
2021-08-05 22:49:58,94.0,81.0,9.0,4.0
2021-08-05 22:49:59,87.0,77.0,8.0,2.0
2021-08-05 22:50:00,75.0,67.0,5.0,3.0
2021-08-05 22:50:01,110.0,95.0,10.0,5.0
2021-08-05 22:50:02,83.0,67.0,9.0,7.0
2021-08-05 22:50:03,70.0,65.0,3.0,2.0
2021-08-05 22:50:04,89.0,78.0,7.0,4.0
2021-08-05 22:50:05,68.0,56.0,7.0,5.0
2021-08-05 22:50:06,73.0,65.0,8.0,0.0
2021-08-05 22:50:07,82.0,71.0,8.0,3.0
2021-08-05 22:50:08,72.0,62.0,6.0,4.0
2021-08-05 22:50:09,83.0,72.0,6.0,5.0
2021-08-05 22:50:10,75.0,67.0,7.0,1.0
2021-08-05 22:50:11,68.0,61.0,4.0,3.0
2021-08-05 22:50:12,81.0,67.0,8.0,6.0
2021-08-05 22:50:13,79.0,66.0,6.0,7.0
2021-08-05 22:50:14,70.0,58.0,8.0,4.0
2021-08-05 22:50:15,73.0,70.0,2.0,1.0
2021-08-05 22:50:16,77.0,66.0,7.0,4.0
2021-08-05 22:50:17,80.0,71.0,7.0,2.0
2021-08-05 22:50:18,75.0,67.0,4.0,4.0
2021-08-05 22:50:19,77.0,67.0,6.0,4.0
2021-08-05 22:50:20,87.0,76.0,5.0,6.0
2021-08-05 22:50:21,91.0,74.0,8.0,9.0
2021-08-05 22:50:22,88.0,72.0,11.0,5.0
2021-08-05 22:50:23,93.0,77.0,10.0,6.0
2021-08-05 22:50:24,78.0,67.0,5.0,6.0
2021-08-05 22:50:25,73.0,67.0,0.0,6.0
2021-08-05 22:50:26,91.0,81.0,7.0,3.0
2021-08-05 22:50:27,89.0,77.0,6.0,6.0
2021-08-05 22:50:28,70.0,56.0,6.0,8.0
2021-08-05 22:50:29,84.0,73.0,8.0,3.0
2021-08-05 22:50:30,87.0,76.0,8.0,3.0
2021-08-05 22:50:31,88.0,81.0,3.0,4.0
2021-08-05 22:50:32,73.0,64.0,4.0,5.0
2021-08-05 22:50:33,67.0,63.0,3.0,1.0
2021-08-05 22:50:34,79.0,70.0,3.0,6.0
2021-08-05 22:50:35,62.0,57.0,5.0,0.0
2021-08-05 22:50:36,72.0,61.0,8.0,3.0
2021-08-05 22:50:37,72.0,60.0,8.0,4.0
2021-08-05 22:50:38,84.0,68.0,13.0,3.0
2021-08-05 22:50:39,75.0,61.0,9.0,5.0
2021-08-05 22:50:40,68.0,61.0,6.0,1.0
2021-08-05 22:50:41,88.0,76.0,8.0,4.0
2021-08-05 22:50:42,81.0,68.0,7.0,6.0
2021-08-05 22:50:43,68.0,56.0,3.0,9.0
2021-08-05 22:50:44,67.0,57.0,7.0,3.0
2021-08-05 22:50:45,73.0,66.0,5.0,2.0
2021-08-05 22:50:46,77.0,68.0,5.0,4.0
2021-08-05 22:50:47,70.0,55.0,11.0,4.0
2021-08-05 22:50:48,81.0,70.0,5.0,6.0
2021-08-05 22:50:49,73.0,63.0,3.0,7.0
2021-08-05 22:50:50,77.0,68.0,4.0,5.0
2021-08-05 22:50:51,81.0,71.0,9.0,1.0
2021-08-05 22:50:52,71.0,64.0,7.0,0.0
2021-08-05 22:50:53,84.0,75.0,8.0,1.0
2021-08-05 22:50:54,79.0,71.0,4.0,4.0
2021-08-05 22:50:55,95.0,80.0,10.0,5.0
2021-08-05 22:50:56,64.0,54.0,7.0,3.0
2021-08-05 22:50:57,91.0,82.0,3.0,6.0
2021-08-05 22:50:58,79.0,70.0,4.0,5.0
2021-08-05 22:50:59,83.0,72.0,4.0,7.0
2021-08-05 22:51:00,73.0,58.0,9.0,6.0
2021-08-05 22:51:01,95.0,83.0,4.0,8.0
2021-08-05 22:51:02,76.0,68.0,2.0,6.0
2021-08-05 22:51:03,85.0,77.0,3.0,5.0
2021-08-05 22:51:04,88.0,79.0,5.0,4.0
2021-08-05 22:51:05,82.0,71.0,8.0,3.0
2021-08-05 22:51:06,74.0,64.0,4.0,6.0
2021-08-05 22:51:07,80.0,68.0,5.0,7.0
2021-08-05 22:51:08,73.0,63.0,7.0,3.0
2021-08-05 22:51:09,86.0,71.0,10.0,5.0
2021-08-05 22:51:10,69.0,58.0,7.0,4.0
2021-08-05 22:51:11,76.0,68.0,7.0,1.0
2021-08-05 22:51:12,71.0,65.0,6.0,0.0
2021-08-05 22:51:13,71.0,59.0,7.0,5.0
2021-08-05 22:51:14,89.0,74.0,9.0,6.0
2021-08-05 22:51:15,87.0,78.0,4.0,5.0
2021-08-05 22:51:16,82.0,69.0,8.0,5.0
2021-08-05 22:51:17,84.0,73.0,7.0,4.0
2021-08-05 22:51:18,76.0,71.0,4.0,1.0
2021-08-05 22:51:19,92.0,85.0,6.0,1.0
2021-08-05 22:51:20,69.0,64.0,3.0,2.0
2021-08-05 22:51:21,90.0,81.0,6.0,3.0
2021-08-05 22:51:22,73.0,63.0,6.0,4.0
2021-08-05 22:51:23,77.0,69.0,4.0,4.0
2021-08-05 22:51:24,87.0,80.0,5.0,2.0
2021-08-05 22:51:25,70.0,64.0,2.0,4.0
2021-08-05 22:51:26,81.0,67.0,9.0,5.0
2021-08-05 22:51:27,66.0,55.0,6.0,5.0
2021-08-05 22:51:28,77.0,70.0,5.0,2.0
2021-08-05 22:51:29,81.0,70.0,7.0,4.0
2021-08-05 22:51:30,81.0,74.0,4.0,3.0
2021-08-05 22:51:31,84.0,68.0,9.0,7.0
2021-08-05 22:51:32,88.0,79.0,2.0,7.0
2021-08-05 22:51:33,73.0,63.0,2.0,8.0
2021-08-05 22:51:34,73.0,60.0,8.0,5.0
2021-08-05 22:51:35,72.0,64.0,5.0,3.0
2021-08-05 22:51:36,77.0,67.0,6.0,4.0
2021-08-05 22:51:37,79.0,67.0,8.0,4.0
2021-08-05 22:51:38,81.0,72.0,6.0,3.0
2021-08-05 22:51:39,83.0,71.0,9.0,3.0
2021-08-05 22:51:40,89.0,78.0,4.0,7.0
2021-08-05 22:51:41,88.0,81.0,6.0,1.0
2021-08-05 22:51:42,86.0,76.0,7.0,3.0
2021-08-05 22:51:43,81.0,69.0,8.0,4.0
2021-08-05 22:51:44,66.0,57.0,7.0,2.0
2021-08-05 22:51:45,87.0,74.0,6.0,7.0
2021-08-05 22:51:46,71.0,64.0,6.0,1.0
2021-08-05 22:51:47,84.0,74.0,6.0,4.0
2021-08-05 22:51:48,82.0,69.0,9.0,4.0
2021-08-05 22:51:49,69.0,62.0,6.0,1.0
2021-08-05 22:51:50,65.0,58.0,5.0,2.0
2021-08-05 22:51:51,84.0,75.0,6.0,3.0
2021-08-05 22:51:52,68.0,54.0,8.0,6.0
2021-08-05 22:51:53,75.0,65.0,5.0,5.0
2021-08-05 22:51:54,95.0,80.0,9.0,6.0
2021-08-05 22:51:55,70.0,61.0,7.0,2.0
2021-08-05 22:51:56,89.0,72.0,9.0,8.0
2021-08-05 22:51:57,75.0,58.0,10.0,7.0
2021-08-05 22:51:58,72.0,59.0,9.0,4.0
2021-08-05 22:51:59,96.0,78.0,10.0,8.0
2021-08-05 22:52:00,78.0,70.0,5.0,3.0
2021-08-05 22:52:01,104.0,90.0,10.0,4.0
2021-08-05 22:52:02,103.0,88.0,9.0,6.0
2021-08-05 22:52:03,88.0,79.0,4.0,5.0
2021-08-05 22:52:04,83.0,70.0,9.0,4.0
2021-08-05 22:52:05,71.0,60.0,7.0,4.0
2021-08-05 22:52:06,64.0,55.0,7.0,2.0
2021-08-05 22:52:07,79.0,62.0,10.0,7.0
2021-08-05 22:52:08,81.0,71.0,9.0,1.0
2021-08-05 22:52:09,79.0,71.0,2.0,6.0
2021-08-05 22:52:10,77.0,64.0,8.0,5.0
2021-08-05 22:52:11,91.0,76.0,9.0,6.0
2021-08-05 22:52:12,72.0,59.0,8.0,5.0
2021-08-05 22:52:13,74.0,64.0,5.0,5.0
2021-08-05 22:52:14,75.0,66.0,6.0,3.0
2021-08-05 22:52:15,82.0,70.0,4.0,8.0
2021-08-05 22:52:16,81.0,74.0,6.0,1.0
2021-08-05 22:52:17,76.0,63.0,9.0,4.0
2021-08-05 22:52:18,72.0,64.0,8.0,0.0
2021-08-05 22:52:19,87.0,74.0,6.0,7.0
2021-08-05 22:52:20,77.0,66.0,6.0,5.0
2021-08-05 22:52:21,74.0,70.0,2.0,2.0
2021-08-05 22:52:22,85.0,72.0,7.0,6.0
2021-08-05 22:52:23,79.0,65.0,6.0,8.0
2021-08-05 22:52:24,74.0,62.0,10.0,2.0
2021-08-05 22:52:25,69.0,60.0,3.0,6.0
2021-08-05 22:52:26,72.0,68.0,2.0,2.0
2021-08-05 22:52:27,91.0,79.0,9.0,3.0
2021-08-05 22:52:28,88.0,75.0,7.0,6.0
2021-08-05 22:52:29,80.0,70.0,3.0,7.0
2021-08-05 22:52:30,81.0,72.0,4.0,5.0
2021-08-05 22:52:31,89.0,81.0,4.0,4.0
2021-08-05 22:52:32,89.0,70.0,13.0,6.0
2021-08-05 22:52:33,86.0,72.0,11.0,3.0
2021-08-05 22:52:34,88.0,78.0,4.0,6.0
2021-08-05 22:52:35,58.0,55.0,3.0,0.0
2021-08-05 22:52:36,90.0,81.0,4.0,5.0
2021-08-05 22:52:37,74.0,59.0,9.0,6.0
2021-08-05 22:52:38,71.0,59.0,5.0,7.0
2021-08-05 22:52:39,87.0,81.0,3.0,3.0
2021-08-05 22:52:40,87.0,77.0,6.0,4.0
2021-08-05 22:52:41,86.0,72.0,6.0,8.0
2021-08-05 22:52:42,86.0,73.0,6.0,7.0
2021-08-05 22:52:43,86.0,81.0,3.0,2.0
2021-08-05 22:52:44,97.0,86.0,5.0,6.0
2021-08-05 22:52:45,80.0,64.0,8.0,8.0
2021-08-05 22:52:46,83.0,68.0,6.0,9.0
2021-08-05 22:52:47,79.0,64.0,10.0,5.0
2021-08-05 22:52:48,70.0,56.0,8.0,6.0
2021-08-05 22:52:49,105.0,87.0,9.0,9.0
2021-08-05 22:52:50,60.0,51.0,5.0,4.0
2021-08-05 22:52:51,88.0,71.0,11.0,6.0
2021-08-05 22:52:52,90.0,78.0,8.0,4.0
2021-08-05 22:52:53,72.0,57.0,7.0,8.0
2021-08-05 22:52:54,82.0,67.0,7.0,8.0
2021-08-05 22:52:55,68.0,61.0,5.0,2.0
2021-08-05 22:52:56,66.0,55.0,7.0,4.0
2021-08-05 22:52:57,78.0,67.0,5.0,6.0
2021-08-05 22:52:58,71.0,65.0,4.0,2.0
2021-08-05 22:52:59,96.0,79.0,10.0,7.0
2021-08-05 22:53:00,96.0,80.0,7.0,9.0
2021-08-05 22:53:01,71.0,63.0,3.0,5.0
2021-08-05 22:53:02,82.0,74.0,6.0,2.0
2021-08-05 22:53:03,71.0,61.0,8.0,2.0
2021-08-05 22:53:04,71.0,66.0,4.0,1.0
2021-08-05 22:53:05,86.0,72.0,7.0,7.0
2021-08-05 22:53:06,88.0,76.0,9.0,3.0
2021-08-05 22:53:07,67.0,53.0,9.0,5.0
2021-08-05 22:53:08,86.0,76.0,5.0,5.0
2021-08-05 22:53:09,91.0,79.0,10.0,2.0
2021-08-05 22:53:10,85.0,78.0,4.0,3.0
2021-08-05 22:53:11,84.0,67.0,10.0,7.0
2021-08-05 22:53:12,67.0,61.0,3.0,3.0
2021-08-05 22:53:13,63.0,56.0,6.0,1.0
2021-08-05 22:53:14,79.0,67.0,8.0,4.0
2021-08-05 22:53:15,72.0,64.0,4.0,4.0
2021-08-05 22:53:16,94.0,81.0,7.0,6.0
2021-08-05 22:53:17,75.0,64.0,9.0,2.0
2021-08-05 22:53:18,91.0,81.0,3.0,7.0
2021-08-05 22:53:19,69.0,61.0,5.0,3.0
2021-08-05 22:53:20,86.0,74.0,6.0,6.0
2021-08-05 22:53:21,56.0,47.0,5.0,4.0
2021-08-05 22:53:22,68.0,61.0,6.0,1.0
2021-08-05 22:53:23,91.0,82.0,7.0,2.0
2021-08-05 22:53:24,76.0,65.0,9.0,2.0
2021-08-05 22:53:25,83.0,74.0,4.0,5.0
2021-08-05 22:53:26,95.0,83.0,7.0,5.0
2021-08-05 22:53:27,78.0,64.0,7.0,7.0
2021-08-05 22:53:28,74.0,64.0,6.0,4.0
2021-08-05 22:53:29,95.0,72.0,14.0,9.0
2021-08-05 22:53:30,80.0,73.0,5.0,2.0
2021-08-05 22:53:31,82.0,70.0,6.0,6.0
2021-08-05 22:53:32,81.0,72.0,6.0,3.0
2021-08-05 22:53:33,73.0,62.0,5.0,6.0
2021-08-05 22:53:34,82.0,67.0,11.0,4.0
2021-08-05 22:53:35,83.0,70.0,9.0,4.0
2021-08-05 22:53:36,81.0,71.0,5.0,5.0
2021-08-05 22:53:37,57.0,49.0,7.0,1.0
2021-08-05 22:53:38,73.0,64.0,6.0,3.0
2021-08-05 22:53:39,75.0,71.0,3.0,1.0
2021-08-05 22:53:40,73.0,60.0,11.0,2.0
2021-08-05 22:53:41,81.0,66.0,8.0,7.0
2021-08-05 22:53:42,82.0,74.0,5.0,3.0
2021-08-05 22:53:43,73.0,62.0,7.0,4.0
2021-08-05 22:53:44,84.0,72.0,7.0,5.0
2021-08-05 22:53:45,86.0,72.0,9.0,5.0
2021-08-05 22:53:46,88.0,78.0,8.0,2.0
2021-08-05 22:53:47,101.0,88.0,6.0,7.0
2021-08-05 22:53:48,72.0,63.0,7.0,2.0
2021-08-05 22:53:49,74.0,66.0,6.0,2.0
2021-08-05 22:53:50,79.0,70.0,3.0,6.0
2021-08-05 22:53:51,96.0,82.0,9.0,5.0
2021-08-05 22:53:52,65.0,58.0,5.0,2.0
2021-08-05 22:53:53,78.0,68.0,6.0,4.0
2021-08-05 22:53:54,90.0,81.0,6.0,3.0
2021-08-05 22:53:55,77.0,64.0,8.0,5.0
2021-08-05 22:53:56,62.0,50.0,9.0,3.0
2021-08-05 22:53:57,82.0,72.0,10.0,0.0
2021-08-05 22:53:58,74.0,61.0,6.0,7.0
2021-08-05 22:53:59,64.0,53.0,5.0,6.0
2021-08-05 22:54:00,84.0,74.0,6.0,4.0
2021-08-05 22:54:01,94.0,77.0,10.0,7.0
2021-08-05 22:54:02,76.0,62.0,9.0,5.0
2021-08-05 22:54:03,79.0,67.0,7.0,5.0
2021-08-05 22:54:04,92.0,81.0,8.0,3.0
2021-08-05 22:54:05,74.0,69.0,2.0,3.0
2021-08-05 22:54:06,78.0,67.0,4.0,7.0
2021-08-05 22:54:07,86.0,75.0,7.0,4.0
2021-08-05 22:54:08,70.0,59.0,9.0,2.0
2021-08-05 22:54:09,84.0,72.0,8.0,4.0
2021-08-05 22:54:10,69.0,58.0,7.0,4.0
2021-08-05 22:54:11,91.0,79.0,7.0,5.0
2021-08-05 22:54:12,88.0,78.0,7.0,3.0
2021-08-05 22:54:13,105.0,86.0,11.0,8.0
2021-08-05 22:54:14,84.0,73.0,7.0,4.0
2021-08-05 22:54:15,67.0,55.0,9.0,3.0
2021-08-05 22:54:16,73.0,61.0,6.0,6.0
2021-08-05 22:54:17,77.0,68.0,6.0,3.0
2021-08-05 22:54:18,90.0,78.0,7.0,5.0
2021-08-05 22:54:19,73.0,65.0,5.0,3.0
2021-08-05 22:54:20,91.0,77.0,9.0,5.0
2021-08-05 22:54:21,79.0,66.0,6.0,7.0
2021-08-05 22:54:22,89.0,75.0,11.0,3.0
2021-08-05 22:54:23,69.0,56.0,10.0,3.0
2021-08-05 22:54:24,76.0,68.0,3.0,5.0
2021-08-05 22:54:25,89.0,71.0,12.0,6.0
2021-08-05 22:54:26,64.0,54.0,7.0,3.0
2021-08-05 22:54:27,75.0,64.0,6.0,5.0
2021-08-05 22:54:28,83.0,76.0,4.0,3.0
2021-08-05 22:54:29,83.0,74.0,5.0,4.0
2021-08-05 22:54:30,80.0,69.0,8.0,3.0
2021-08-05 22:54:31,90.0,80.0,5.0,5.0
2021-08-05 22:54:32,74.0,60.0,8.0,6.0
2021-08-05 22:54:33,84.0,72.0,5.0,7.0
2021-08-05 22:54:34,87.0,73.0,8.0,6.0
2021-08-05 22:54:35,86.0,75.0,7.0,4.0
2021-08-05 22:54:36,78.0,65.0,10.0,3.0
2021-08-05 22:54:37,73.0,65.0,7.0,1.0
2021-08-05 22:54:38,84.0,72.0,4.0,8.0
2021-08-05 22:54:39,72.0,67.0,3.0,2.0
2021-08-05 22:54:40,70.0,60.0,6.0,4.0
2021-08-05 22:54:41,82.0,73.0,2.0,7.0
2021-08-05 22:54:42,85.0,72.0,5.0,8.0
2021-08-05 22:54:43,87.0,76.0,11.0,0.0
2021-08-05 22:54:44,75.0,63.0,9.0,3.0
2021-08-05 22:54:45,86.0,77.0,5.0,4.0
2021-08-05 22:54:46,80.0,66.0,8.0,6.0
2021-08-05 22:54:47,95.0,78.0,11.0,6.0
2021-08-05 22:54:48,69.0,57.0,7.0,5.0
2021-08-05 22:54:49,78.0,61.0,11.0,6.0
2021-08-05 22:54:50,67.0,62.0,2.0,3.0
2021-08-05 22:54:51,79.0,74.0,4.0,1.0
2021-08-05 22:54:52,79.0,69.0,7.0,3.0
2021-08-05 22:54:53,78.0,68.0,8.0,2.0
2021-08-05 22:54:54,79.0,65.0,6.0,8.0
2021-08-05 22:54:55,86.0,73.0,5.0,8.0
2021-08-05 22:54:56,82.0,71.0,6.0,5.0
2021-08-05 22:54:57,83.0,71.0,10.0,2.0
2021-08-05 22:54:58,96.0,84.0,6.0,6.0
2021-08-05 22:54:59,85.0,80.0,2.0,3.0
2021-08-05 22:55:00,86.0,78.0,7.0,1.0
2021-08-05 22:55:01,94.0,85.0,6.0,3.0
2021-08-05 22:55:02,78.0,68.0,7.0,3.0
2021-08-05 22:55:03,84.0,73.0,3.0,8.0
2021-08-05 22:55:04,95.0,85.0,5.0,5.0
2021-08-05 22:55:05,86.0,74.0,6.0,6.0
2021-08-05 22:55:06,78.0,66.0,7.0,5.0
2021-08-05 22:55:07,85.0,78.0,3.0,4.0
2021-08-05 22:55:08,65.0,55.0,6.0,4.0
2021-08-05 22:55:09,83.0,77.0,5.0,1.0
2021-08-05 22:55:10,76.0,68.0,1.0,7.0
2021-08-05 22:55:11,89.0,76.0,10.0,3.0
2021-08-05 22:55:12,78.0,61.0,10.0,7.0
2021-08-05 22:55:13,97.0,79.0,12.0,6.0
2021-08-05 22:55:14,75.0,63.0,7.0,5.0
2021-08-05 22:55:15,72.0,66.0,6.0,0.0
2021-08-05 22:55:16,79.0,69.0,5.0,5.0
2021-08-05 22:55:17,78.0,66.0,8.0,4.0
2021-08-05 22:55:18,93.0,83.0,2.0,8.0
2021-08-05 22:55:19,77.0,68.0,4.0,5.0
2021-08-05 22:55:20,92.0,78.0,4.0,10.0
2021-08-05 22:55:21,86.0,73.0,9.0,4.0
2021-08-05 22:55:22,66.0,56.0,6.0,4.0
2021-08-05 22:55:23,94.0,88.0,5.0,1.0
2021-08-05 22:55:24,87.0,72.0,12.0,3.0
2021-08-05 22:55:25,89.0,79.0,6.0,4.0
2021-08-05 22:55:26,93.0,83.0,7.0,3.0
2021-08-05 22:55:27,75.0,64.0,6.0,5.0
2021-08-05 22:55:28,90.0,81.0,9.0,0.0
2021-08-05 22:55:29,65.0,58.0,3.0,4.0
2021-08-05 22:55:30,74.0,59.0,6.0,9.0
2021-08-05 22:55:31,89.0,74.0,11.0,4.0
2021-08-05 22:55:32,91.0,79.0,6.0,6.0
2021-08-05 22:55:33,76.0,64.0,7.0,5.0
2021-08-05 22:55:34,76.0,63.0,9.0,4.0
2021-08-05 22:55:35,76.0,64.0,4.0,8.0
2021-08-05 22:55:36,59.0,51.0,4.0,4.0
2021-08-05 22:55:37,75.0,68.0,6.0,1.0
2021-08-05 22:55:38,91.0,86.0,2.0,3.0
2021-08-05 22:55:39,79.0,69.0,9.0,1.0
2021-08-05 22:55:40,72.0,66.0,4.0,2.0
2021-08-05 22:55:41,84.0,67.0,11.0,6.0
2021-08-05 22:55:42,103.0,90.0,8.0,5.0
2021-08-05 22:55:43,85.0,76.0,3.0,6.0
2021-08-05 22:55:44,75.0,61.0,6.0,8.0
2021-08-05 22:55:45,78.0,69.0,7.0,2.0
2021-08-05 22:55:46,104.0,93.0,5.0,6.0
2021-08-05 22:55:47,94.0,80.0,10.0,4.0
2021-08-05 22:55:48,80.0,66.0,10.0,4.0
2021-08-05 22:55:49,79.0,69.0,5.0,5.0
2021-08-05 22:55:50,83.0,74.0,4.0,5.0
2021-08-05 22:55:51,86.0,74.0,10.0,2.0
2021-08-05 22:55:52,79.0,70.0,6.0,3.0
2021-08-05 22:55:53,85.0,77.0,1.0,7.0
2021-08-05 22:55:54,77.0,66.0,7.0,4.0
2021-08-05 22:55:55,68.0,55.0,9.0,4.0
2021-08-05 22:55:56,71.0,56.0,11.0,4.0
2021-08-05 22:55:57,70.0,61.0,6.0,3.0
2021-08-05 22:55:58,80.0,68.0,7.0,5.0
2021-08-05 22:55:59,80.0,68.0,6.0,6.0
2021-08-05 22:56:00,85.0,75.0,8.0,2.0
2021-08-05 22:56:01,74.0,72.0,2.0,0.0
2021-08-05 22:56:02,107.0,90.0,10.0,7.0
2021-08-05 22:56:03,75.0,67.0,6.0,2.0
2021-08-05 22:56:04,87.0,75.0,7.0,5.0
2021-08-05 22:56:05,80.0,68.0,10.0,2.0
2021-08-05 22:56:06,60.0,55.0,1.0,4.0
2021-08-05 22:56:07,74.0,66.0,4.0,4.0
2021-08-05 22:56:08,84.0,75.0,4.0,5.0
2021-08-05 22:56:09,80.0,70.0,6.0,4.0
2021-08-05 22:56:10,68.0,56.0,9.0,3.0
2021-08-05 22:56:11,93.0,82.0,4.0,7.0
2021-08-05 22:56:12,89.0,75.0,7.0,7.0
2021-08-05 22:56:13,66.0,56.0,6.0,4.0
2021-08-05 22:56:14,81.0,70.0,7.0,4.0
2021-08-05 22:56:15,81.0,75.0,5.0,1.0
2021-08-05 22:56:16,82.0,68.0,4.0,10.0
2021-08-05 22:56:17,71.0,59.0,7.0,5.0
2021-08-05 22:56:18,83.0,71.0,7.0,5.0
2021-08-05 22:56:19,69.0,62.0,3.0,4.0
2021-08-05 22:56:20,101.0,90.0,7.0,4.0
2021-08-05 22:56:21,91.0,75.0,13.0,3.0
2021-08-05 22:56:22,78.0,70.0,5.0,3.0
2021-08-05 22:56:23,87.0,73.0,6.0,8.0
2021-08-05 22:56:24,75.0,67.0,2.0,6.0
2021-08-05 22:56:25,89.0,72.0,8.0,9.0
2021-08-05 22:56:26,88.0,77.0,6.0,5.0
2021-08-05 22:56:27,92.0,80.0,10.0,2.0
2021-08-05 22:56:28,91.0,79.0,4.0,8.0
2021-08-05 22:56:29,79.0,62.0,12.0,5.0
2021-08-05 22:56:30,69.0,58.0,6.0,5.0
2021-08-05 22:56:31,79.0,61.0,15.0,3.0
2021-08-05 22:56:32,77.0,65.0,8.0,4.0
2021-08-05 22:56:33,53.0,44.0,5.0,4.0
2021-08-05 22:56:34,88.0,77.0,4.0,7.0
2021-08-05 22:56:35,84.0,73.0,6.0,5.0
2021-08-05 22:56:36,81.0,71.0,6.0,4.0
2021-08-05 22:56:37,74.0,65.0,5.0,4.0
2021-08-05 22:56:38,86.0,75.0,5.0,6.0
2021-08-05 22:56:39,71.0,64.0,3.0,4.0
2021-08-05 22:56:40,88.0,77.0,6.0,5.0
2021-08-05 22:56:41,65.0,60.0,2.0,3.0
2021-08-05 22:56:42,76.0,66.0,6.0,4.0
2021-08-05 22:56:43,83.0,70.0,9.0,4.0
2021-08-05 22:56:44,86.0,73.0,9.0,4.0
2021-08-05 22:56:45,66.0,56.0,6.0,4.0
2021-08-05 22:56:46,78.0,70.0,5.0,3.0
2021-08-05 22:56:47,80.0,69.0,5.0,6.0
2021-08-05 22:56:48,67.0,60.0,4.0,3.0
2021-08-05 22:56:49,66.0,55.0,10.0,1.0
2021-08-05 22:56:50,80.0,71.0,4.0,5.0
2021-08-05 22:56:51,76.0,69.0,4.0,3.0
2021-08-05 22:56:52,82.0,76.0,5.0,1.0
2021-08-05 22:56:53,86.0,68.0,10.0,8.0
2021-08-05 22:56:54,83.0,73.0,3.0,7.0
2021-08-05 22:56:55,65.0,57.0,6.0,2.0
2021-08-05 22:56:56,96.0,85.0,9.0,2.0
2021-08-05 22:56:57,68.0,60.0,3.0,5.0
2021-08-05 22:56:58,85.0,77.0,5.0,3.0
2021-08-05 22:56:59,76.0,68.0,5.0,3.0
2021-08-05 22:57:00,85.0,76.0,6.0,3.0
2021-08-05 22:57:01,86.0,74.0,8.0,4.0
2021-08-05 22:57:02,56.0,47.0,5.0,4.0
2021-08-05 22:57:03,85.0,71.0,11.0,3.0
2021-08-05 22:57:04,71.0,60.0,6.0,5.0
2021-08-05 22:57:05,91.0,78.0,9.0,4.0
2021-08-05 22:57:06,88.0,74.0,10.0,4.0
2021-08-05 22:57:07,80.0,72.0,5.0,3.0
2021-08-05 22:57:08,80.0,70.0,8.0,2.0
2021-08-05 22:57:09,87.0,83.0,4.0,0.0
2021-08-05 22:57:10,74.0,68.0,3.0,3.0
2021-08-05 22:57:11,86.0,74.0,7.0,5.0
2021-08-05 22:57:12,89.0,78.0,8.0,3.0
2021-08-05 22:57:13,82.0,69.0,8.0,5.0
2021-08-05 22:57:14,88.0,73.0,5.0,10.0
2021-08-05 22:57:15,82.0,66.0,10.0,6.0
2021-08-05 22:57:16,82.0,72.0,7.0,3.0
2021-08-05 22:57:17,68.0,58.0,8.0,2.0
2021-08-05 22:57:18,87.0,83.0,3.0,1.0
2021-08-05 22:57:19,69.0,56.0,9.0,4.0
2021-08-05 22:57:20,82.0,70.0,7.0,5.0
2021-08-05 22:57:21,83.0,69.0,10.0,4.0
2021-08-05 22:57:22,98.0,90.0,4.0,4.0
2021-08-05 22:57:23,100.0,92.0,6.0,2.0
2021-08-05 22:57:24,91.0,75.0,13.0,3.0
2021-08-05 22:57:25,103.0,88.0,9.0,6.0
2021-08-05 22:57:26,70.0,62.0,3.0,5.0
2021-08-05 22:57:27,83.0,71.0,8.0,4.0
2021-08-05 22:57:28,74.0,62.0,5.0,7.0
2021-08-05 22:57:29,85.0,73.0,5.0,7.0
2021-08-05 22:57:30,89.0,73.0,10.0,6.0
2021-08-05 22:57:31,100.0,86.0,7.0,7.0
2021-08-05 22:57:32,68.0,58.0,8.0,2.0
2021-08-05 22:57:33,84.0,71.0,7.0,6.0
2021-08-05 22:57:34,83.0,72.0,6.0,5.0
2021-08-05 22:57:35,84.0,72.0,5.0,7.0
2021-08-05 22:57:36,83.0,74.0,6.0,3.0
2021-08-05 22:57:37,63.0,60.0,2.0,1.0
2021-08-05 22:57:38,81.0,60.0,15.0,6.0
2021-08-05 22:57:39,80.0,74.0,4.0,2.0
2021-08-05 22:57:40,51.0,47.0,3.0,1.0
2021-08-05 22:57:41,89.0,76.0,8.0,5.0
2021-08-05 22:57:42,80.0,62.0,12.0,6.0
2021-08-05 22:57:43,86.0,77.0,7.0,2.0
2021-08-05 22:57:44,100.0,90.0,4.0,6.0
2021-08-05 22:57:45,76.0,63.0,9.0,4.0
2021-08-05 22:57:46,84.0,76.0,6.0,2.0
2021-08-05 22:57:47,92.0,78.0,5.0,9.0
2021-08-05 22:57:48,89.0,78.0,8.0,3.0
2021-08-05 22:57:49,82.0,70.0,8.0,4.0
2021-08-05 22:57:50,72.0,65.0,4.0,3.0
2021-08-05 22:57:51,72.0,64.0,6.0,2.0
2021-08-05 22:57:52,67.0,56.0,9.0,2.0
2021-08-05 22:57:53,60.0,56.0,3.0,1.0
2021-08-05 22:57:54,76.0,70.0,4.0,2.0
2021-08-05 22:57:55,79.0,67.0,8.0,4.0
2021-08-05 22:57:56,89.0,72.0,10.0,7.0
2021-08-05 22:57:57,65.0,55.0,5.0,5.0
2021-08-05 22:57:58,87.0,81.0,1.0,5.0
2021-08-05 22:57:59,76.0,66.0,5.0,5.0
2021-08-05 22:58:00,66.0,59.0,3.0,4.0
2021-08-05 22:58:01,79.0,64.0,7.0,8.0
2021-08-05 22:58:02,77.0,67.0,7.0,3.0
2021-08-05 22:58:03,65.0,57.0,3.0,5.0
2021-08-05 22:58:04,68.0,61.0,3.0,4.0
2021-08-05 22:58:05,84.0,75.0,5.0,4.0
2021-08-05 22:58:06,89.0,78.0,6.0,5.0
2021-08-05 22:58:07,66.0,59.0,4.0,3.0
2021-08-05 22:58:08,72.0,64.0,4.0,4.0
2021-08-05 22:58:09,75.0,67.0,3.0,5.0
2021-08-05 22:58:10,92.0,83.0,7.0,2.0
2021-08-05 22:58:11,79.0,70.0,5.0,4.0
2021-08-05 22:58:12,82.0,68.0,10.0,4.0
2021-08-05 22:58:13,77.0,69.0,5.0,3.0
2021-08-05 22:58:14,79.0,65.0,12.0,2.0
2021-08-05 22:58:15,83.0,73.0,5.0,5.0
2021-08-05 22:58:16,80.0,73.0,4.0,3.0
2021-08-05 22:58:17,77.0,70.0,4.0,3.0
2021-08-05 22:58:18,73.0,62.0,5.0,6.0
2021-08-05 22:58:19,80.0,61.0,8.0,11.0
2021-08-05 22:58:20,97.0,90.0,4.0,3.0
2021-08-05 22:58:21,89.0,80.0,5.0,4.0
2021-08-05 22:58:22,82.0,73.0,6.0,3.0
2021-08-05 22:58:23,95.0,83.0,5.0,7.0
2021-08-05 22:58:24,81.0,71.0,8.0,2.0
2021-08-05 22:58:25,70.0,58.0,7.0,5.0
2021-08-05 22:58:26,86.0,78.0,5.0,3.0
2021-08-05 22:58:27,78.0,66.0,8.0,4.0
2021-08-05 22:58:28,77.0,67.0,4.0,6.0
2021-08-05 22:58:29,70.0,58.0,7.0,5.0
2021-08-05 22:58:30,69.0,57.0,8.0,4.0
2021-08-05 22:58:31,90.0,87.0,3.0,0.0
2021-08-05 22:58:32,76.0,68.0,7.0,1.0
2021-08-05 22:58:33,82.0,72.0,10.0,0.0
2021-08-05 22:58:34,84.0,76.0,3.0,5.0
2021-08-05 22:58:35,87.0,77.0,2.0,8.0
2021-08-05 22:58:36,78.0,70.0,3.0,5.0
2021-08-05 22:58:37,69.0,56.0,10.0,3.0
2021-08-05 22:58:38,92.0,75.0,8.0,9.0
2021-08-05 22:58:39,72.0,66.0,4.0,2.0
2021-08-05 22:58:40,92.0,82.0,3.0,7.0
2021-08-05 22:58:41,64.0,58.0,5.0,1.0
2021-08-05 22:58:42,66.0,55.0,9.0,2.0
2021-08-05 22:58:43,88.0,73.0,7.0,8.0
2021-08-05 22:58:44,96.0,83.0,9.0,4.0
2021-08-05 22:58:45,77.0,70.0,4.0,3.0
2021-08-05 22:58:46,82.0,71.0,4.0,7.0
2021-08-05 22:58:47,76.0,69.0,4.0,3.0
2021-08-05 22:58:48,90.0,83.0,5.0,2.0
2021-08-05 22:58:49,90.0,74.0,9.0,7.0
2021-08-05 22:58:50,71.0,62.0,5.0,4.0
2021-08-05 22:58:51,79.0,67.0,6.0,6.0
2021-08-05 22:58:52,85.0,76.0,6.0,3.0
2021-08-05 22:58:53,99.0,89.0,6.0,4.0
2021-08-05 22:58:54,87.0,72.0,9.0,6.0
2021-08-05 22:58:55,84.0,76.0,7.0,1.0
2021-08-05 22:58:56,74.0,69.0,2.0,3.0
2021-08-05 22:58:57,81.0,73.0,5.0,3.0
2021-08-05 22:58:58,84.0,67.0,12.0,5.0
2021-08-05 22:58:59,85.0,73.0,9.0,3.0
2021-08-05 22:59:00,80.0,65.0,10.0,5.0
2021-08-05 22:59:01,78.0,66.0,6.0,6.0
2021-08-05 22:59:02,65.0,53.0,8.0,4.0
2021-08-05 22:59:03,90.0,80.0,3.0,7.0
2021-08-05 22:59:04,88.0,74.0,10.0,4.0
2021-08-05 22:59:05,70.0,56.0,7.0,7.0
2021-08-05 22:59:06,62.0,50.0,7.0,5.0
2021-08-05 22:59:07,75.0,65.0,5.0,5.0
2021-08-05 22:59:08,79.0,71.0,5.0,3.0
2021-08-05 22:59:09,81.0,72.0,4.0,5.0
2021-08-05 22:59:10,71.0,65.0,5.0,1.0
2021-08-05 22:59:11,79.0,71.0,5.0,3.0
2021-08-05 22:59:12,90.0,76.0,7.0,7.0
2021-08-05 22:59:13,78.0,70.0,6.0,2.0
2021-08-05 22:59:14,76.0,68.0,5.0,3.0
2021-08-05 22:59:15,78.0,70.0,3.0,5.0
2021-08-05 22:59:16,84.0,75.0,4.0,5.0
2021-08-05 22:59:17,80.0,73.0,5.0,2.0
2021-08-05 22:59:18,81.0,76.0,3.0,2.0
2021-08-05 22:59:19,66.0,61.0,3.0,2.0
2021-08-05 22:59:20,76.0,64.0,7.0,5.0
2021-08-05 22:59:21,76.0,68.0,1.0,7.0
2021-08-05 22:59:22,84.0,72.0,9.0,3.0
2021-08-05 22:59:23,81.0,64.0,7.0,10.0
2021-08-05 22:59:24,87.0,78.0,4.0,5.0
2021-08-05 22:59:25,86.0,75.0,8.0,3.0
2021-08-05 22:59:26,67.0,55.0,5.0,7.0
2021-08-05 22:59:27,83.0,72.0,7.0,4.0
2021-08-05 22:59:28,87.0,75.0,7.0,5.0
2021-08-05 22:59:29,56.0,47.0,6.0,3.0
2021-08-05 22:59:30,78.0,67.0,5.0,6.0
2021-08-05 22:59:31,95.0,87.0,6.0,2.0
2021-08-05 22:59:32,78.0,62.0,11.0,5.0
2021-08-05 22:59:33,89.0,78.0,4.0,7.0
2021-08-05 22:59:34,85.0,75.0,4.0,6.0
2021-08-05 22:59:35,81.0,70.0,5.0,6.0
2021-08-05 22:59:36,75.0,69.0,4.0,2.0
2021-08-05 22:59:37,88.0,79.0,5.0,4.0
2021-08-05 22:59:38,93.0,84.0,4.0,5.0
2021-08-05 22:59:39,89.0,76.0,9.0,4.0
2021-08-05 22:59:40,74.0,65.0,5.0,4.0
2021-08-05 22:59:41,96.0,78.0,13.0,5.0
2021-08-05 22:59:42,85.0,75.0,5.0,5.0
2021-08-05 22:59:43,73.0,63.0,7.0,3.0
2021-08-05 22:59:44,78.0,67.0,6.0,5.0
2021-08-05 22:59:45,79.0,65.0,8.0,6.0
2021-08-05 22:59:46,88.0,74.0,11.0,3.0
2021-08-05 22:59:47,74.0,62.0,7.0,5.0
2021-08-05 22:59:48,73.0,63.0,3.0,7.0
2021-08-05 22:59:49,97.0,84.0,8.0,5.0
2021-08-05 22:59:50,73.0,61.0,6.0,6.0
2021-08-05 22:59:51,70.0,66.0,2.0,2.0
2021-08-05 22:59:52,97.0,87.0,7.0,3.0
2021-08-05 22:59:53,86.0,71.0,11.0,4.0
2021-08-05 22:59:54,76.0,62.0,9.0,5.0
2021-08-05 22:59:55,77.0,64.0,6.0,7.0
2021-08-05 22:59:56,87.0,72.0,10.0,5.0
2021-08-05 22:59:57,70.0,63.0,6.0,1.0
2021-08-05 22:59:58,76.0,65.0,4.0,7.0
2021-08-05 22:59:59,97.0,82.0,9.0,6.0
2021-08-05 23:00:00,75.0,65.0,7.0,3.0
2021-08-05 23:00:01,88.0,80.0,3.0,5.0
2021-08-05 23:00:02,77.0,64.0,5.0,8.0
2021-08-05 23:00:03,95.0,89.0,5.0,1.0
2021-08-05 23:00:04,77.0,67.0,5.0,5.0
2021-08-05 23:00:05,76.0,66.0,7.0,3.0
2021-08-05 23:00:06,82.0,76.0,3.0,3.0
2021-08-05 23:00:07,92.0,81.0,6.0,5.0
2021-08-05 23:00:08,69.0,52.0,13.0,4.0
2021-08-05 23:00:09,74.0,55.0,11.0,8.0
2021-08-05 23:00:10,65.0,52.0,7.0,6.0
2021-08-05 23:00:11,80.0,67.0,7.0,6.0
2021-08-05 23:00:12,87.0,80.0,3.0,4.0
2021-08-05 23:00:13,83.0,77.0,4.0,2.0
2021-08-05 23:00:14,84.0,73.0,6.0,5.0
2021-08-05 23:00:15,85.0,75.0,5.0,5.0
2021-08-05 23:00:16,75.0,65.0,6.0,4.0
2021-08-05 23:00:17,65.0,59.0,4.0,2.0
2021-08-05 23:00:18,71.0,63.0,6.0,2.0
2021-08-05 23:00:19,83.0,78.0,1.0,4.0
2021-08-05 23:00:20,73.0,66.0,3.0,4.0
2021-08-05 23:00:21,70.0,58.0,9.0,3.0
2021-08-05 23:00:22,83.0,69.0,11.0,3.0
2021-08-05 23:00:23,74.0,61.0,8.0,5.0
2021-08-05 23:00:24,70.0,60.0,5.0,5.0
2021-08-05 23:00:25,75.0,64.0,8.0,3.0
2021-08-05 23:00:26,87.0,78.0,6.0,3.0
2021-08-05 23:00:27,81.0,71.0,5.0,5.0
2021-08-05 23:00:28,87.0,69.0,10.0,8.0
2021-08-05 23:00:29,74.0,69.0,4.0,1.0
2021-08-05 23:00:30,65.0,52.0,6.0,7.0
2021-08-05 23:00:31,84.0,73.0,5.0,6.0
2021-08-05 23:00:32,76.0,65.0,6.0,5.0
2021-08-05 23:00:33,87.0,73.0,7.0,7.0
2021-08-05 23:00:34,78.0,70.0,3.0,5.0
2021-08-05 23:00:35,62.0,54.0,4.0,4.0
2021-08-05 23:00:36,88.0,77.0,6.0,5.0
2021-08-05 23:00:37,86.0,78.0,5.0,3.0
2021-08-05 23:00:38,96.0,81.0,13.0,2.0
2021-08-05 23:00:39,84.0,76.0,3.0,5.0
2021-08-05 23:00:40,93.0,77.0,8.0,8.0
2021-08-05 23:00:41,72.0,62.0,7.0,3.0
2021-08-05 23:00:42,64.0,59.0,5.0,0.0
2021-08-05 23:00:43,83.0,71.0,5.0,7.0
2021-08-05 23:00:44,66.0,53.0,12.0,1.0
2021-08-05 23:00:45,81.0,68.0,9.0,4.0
2021-08-05 23:00:46,71.0,63.0,6.0,2.0
2021-08-05 23:00:47,95.0,83.0,7.0,5.0
2021-08-05 23:00:48,77.0,63.0,9.0,5.0
2021-08-05 23:00:49,94.0,82.0,4.0,8.0
2021-08-05 23:00:50,75.0,63.0,7.0,5.0
2021-08-05 23:00:51,63.0,59.0,3.0,1.0
2021-08-05 23:00:52,63.0,54.0,5.0,4.0
2021-08-05 23:00:53,101.0,87.0,9.0,5.0
2021-08-05 23:00:54,73.0,64.0,6.0,3.0
2021-08-05 23:00:55,92.0,85.0,4.0,3.0
2021-08-05 23:00:56,78.0,70.0,4.0,4.0
2021-08-05 23:00:57,80.0,74.0,4.0,2.0
2021-08-05 23:00:58,67.0,57.0,6.0,4.0
2021-08-05 23:00:59,83.0,68.0,9.0,6.0
2021-08-05 23:01:00,75.0,62.0,8.0,5.0
2021-08-05 23:01:01,67.0,60.0,2.0,5.0
2021-08-05 23:01:02,80.0,72.0,8.0,0.0
2021-08-05 23:01:03,73.0,66.0,6.0,1.0
2021-08-05 23:01:04,71.0,64.0,3.0,4.0
2021-08-05 23:01:05,93.0,82.0,5.0,6.0
2021-08-05 23:01:06,88.0,76.0,6.0,6.0
2021-08-05 23:01:07,86.0,77.0,2.0,7.0
2021-08-05 23:01:08,70.0,59.0,9.0,2.0
2021-08-05 23:01:09,73.0,63.0,5.0,5.0
2021-08-05 23:01:10,69.0,60.0,4.0,5.0
2021-08-05 23:01:11,85.0,70.0,11.0,4.0
2021-08-05 23:01:12,81.0,70.0,4.0,7.0
2021-08-05 23:01:13,69.0,56.0,12.0,1.0
2021-08-05 23:01:14,90.0,78.0,7.0,5.0
2021-08-05 23:01:15,86.0,78.0,5.0,3.0
2021-08-05 23:01:16,71.0,63.0,7.0,1.0
2021-08-05 23:01:17,63.0,50.0,8.0,5.0
2021-08-05 23:01:18,85.0,70.0,8.0,7.0
2021-08-05 23:01:19,81.0,73.0,1.0,7.0
2021-08-05 23:01:20,60.0,48.0,7.0,5.0
2021-08-05 23:01:21,87.0,71.0,9.0,7.0
2021-08-05 23:01:22,85.0,79.0,4.0,2.0
2021-08-05 23:01:23,83.0,71.0,10.0,2.0
2021-08-05 23:01:24,86.0,81.0,4.0,1.0
2021-08-05 23:01:25,80.0,73.0,5.0,2.0
2021-08-05 23:01:26,85.0,76.0,4.0,5.0
2021-08-05 23:01:27,75.0,61.0,8.0,6.0
2021-08-05 23:01:28,84.0,74.0,9.0,1.0
2021-08-05 23:01:29,83.0,72.0,5.0,6.0
2021-08-05 23:01:30,87.0,76.0,5.0,6.0
2021-08-05 23:01:31,89.0,72.0,9.0,8.0
2021-08-05 23:01:32,69.0,61.0,5.0,3.0
2021-08-05 23:01:33,82.0,77.0,4.0,1.0
2021-08-05 23:01:34,90.0,74.0,12.0,4.0
2021-08-05 23:01:35,100.0,85.0,8.0,7.0
2021-08-05 23:01:36,102.0,91.0,8.0,3.0
2021-08-05 23:01:37,79.0,69.0,6.0,4.0
2021-08-05 23:01:38,95.0,82.0,9.0,4.0
2021-08-05 23:01:39,64.0,52.0,6.0,6.0
2021-08-05 23:01:40,67.0,58.0,4.0,5.0
2021-08-05 23:01:41,73.0,68.0,1.0,4.0
2021-08-05 23:01:42,82.0,66.0,10.0,6.0
2021-08-05 23:01:43,88.0,75.0,7.0,6.0
2021-08-05 23:01:44,71.0,60.0,7.0,4.0
2021-08-05 23:01:45,76.0,63.0,7.0,6.0
2021-08-05 23:01:46,93.0,76.0,11.0,6.0
2021-08-05 23:01:47,83.0,72.0,7.0,4.0
2021-08-05 23:01:48,84.0,77.0,5.0,2.0
2021-08-05 23:01:49,79.0,73.0,1.0,5.0
2021-08-05 23:01:50,73.0,67.0,3.0,3.0
2021-08-05 23:01:51,94.0,80.0,9.0,5.0
2021-08-05 23:01:52,83.0,74.0,4.0,5.0
2021-08-05 23:01:53,89.0,83.0,3.0,3.0
2021-08-05 23:01:54,83.0,75.0,3.0,5.0
2021-08-05 23:01:55,83.0,66.0,10.0,7.0
2021-08-05 23:01:56,86.0,72.0,10.0,4.0
2021-08-05 23:01:57,76.0,64.0,7.0,5.0
2021-08-05 23:01:58,76.0,68.0,3.0,5.0
2021-08-05 23:01:59,78.0,66.0,4.0,8.0
2021-08-05 23:02:00,77.0,66.0,6.0,5.0
2021-08-05 23:02:01,78.0,67.0,6.0,5.0
2021-08-05 23:02:02,81.0,72.0,6.0,3.0
2021-08-05 23:02:03,80.0,67.0,5.0,8.0
2021-08-05 23:02:04,88.0,76.0,6.0,6.0
2021-08-05 23:02:05,69.0,58.0,8.0,3.0
2021-08-05 23:02:06,75.0,66.0,5.0,4.0
2021-08-05 23:02:07,81.0,75.0,1.0,5.0
2021-08-05 23:02:08,76.0,64.0,9.0,3.0
2021-08-05 23:02:09,68.0,60.0,5.0,3.0
2021-08-05 23:02:10,94.0,72.0,13.0,9.0
2021-08-05 23:02:11,87.0,79.0,4.0,4.0
2021-08-05 23:02:12,72.0,63.0,5.0,4.0
2021-08-05 23:02:13,82.0,70.0,6.0,6.0
2021-08-05 23:02:14,73.0,64.0,7.0,2.0
2021-08-05 23:02:15,71.0,64.0,3.0,4.0
2021-08-05 23:02:16,79.0,69.0,6.0,4.0
2021-08-05 23:02:17,88.0,70.0,11.0,7.0
2021-08-05 23:02:18,80.0,70.0,5.0,5.0
2021-08-05 23:02:19,94.0,82.0,4.0,8.0
2021-08-05 23:02:20,75.0,64.0,7.0,4.0
2021-08-05 23:02:21,60.0,52.0,3.0,5.0
2021-08-05 23:02:22,77.0,69.0,6.0,2.0
2021-08-05 23:02:23,81.0,75.0,3.0,3.0
2021-08-05 23:02:24,84.0,74.0,8.0,2.0
2021-08-05 23:02:25,77.0,61.0,9.0,7.0
2021-08-05 23:02:26,69.0,62.0,5.0,2.0
2021-08-05 23:02:27,75.0,64.0,6.0,5.0
2021-08-05 23:02:28,75.0,65.0,6.0,4.0
2021-08-05 23:02:29,75.0,64.0,7.0,4.0
2021-08-05 23:02:30,91.0,75.0,10.0,6.0
2021-08-05 23:02:31,88.0,81.0,3.0,4.0
2021-08-05 23:02:32,94.0,81.0,11.0,2.0
2021-08-05 23:02:33,61.0,55.0,3.0,3.0
2021-08-05 23:02:34,71.0,56.0,8.0,7.0
2021-08-05 23:02:35,81.0,66.0,11.0,4.0
2021-08-05 23:02:36,76.0,69.0,3.0,4.0
2021-08-05 23:02:37,90.0,81.0,6.0,3.0
2021-08-05 23:02:38,88.0,77.0,7.0,4.0
2021-08-05 23:02:39,72.0,63.0,5.0,4.0
2021-08-05 23:02:40,87.0,78.0,7.0,2.0
2021-08-05 23:02:41,75.0,66.0,4.0,5.0
2021-08-05 23:02:42,97.0,88.0,4.0,5.0
2021-08-05 23:02:43,76.0,70.0,4.0,2.0
2021-08-05 23:02:44,65.0,54.0,6.0,5.0
2021-08-05 23:02:45,78.0,65.0,7.0,6.0
2021-08-05 23:02:46,81.0,67.0,8.0,6.0
2021-08-05 23:02:47,75.0,68.0,5.0,2.0
2021-08-05 23:02:48,72.0,63.0,8.0,1.0
2021-08-05 23:02:49,98.0,91.0,3.0,4.0
2021-08-05 23:02:50,93.0,83.0,8.0,2.0
2021-08-05 23:02:51,90.0,77.0,8.0,5.0
2021-08-05 23:02:52,75.0,63.0,1.0,11.0
2021-08-05 23:02:53,83.0,79.0,2.0,2.0
2021-08-05 23:02:54,73.0,60.0,9.0,4.0
2021-08-05 23:02:55,85.0,67.0,15.0,3.0
2021-08-05 23:02:56,69.0,59.0,5.0,5.0
2021-08-05 23:02:57,79.0,70.0,4.0,5.0
2021-08-05 23:02:58,85.0,76.0,6.0,3.0
2021-08-05 23:02:59,90.0,74.0,10.0,6.0
2021-08-05 23:03:00,88.0,76.0,11.0,1.0
2021-08-05 23:03:01,85.0,73.0,10.0,2.0
2021-08-05 23:03:02,66.0,59.0,3.0,4.0
2021-08-05 23:03:03,81.0,70.0,7.0,4.0
2021-08-05 23:03:04,88.0,74.0,5.0,9.0
2021-08-05 23:03:05,88.0,76.0,9.0,3.0
2021-08-05 23:03:06,76.0,65.0,6.0,5.0
2021-08-05 23:03:07,95.0,78.0,14.0,3.0
2021-08-05 23:03:08,91.0,75.0,11.0,5.0
2021-08-05 23:03:09,91.0,76.0,8.0,7.0
2021-08-05 23:03:10,89.0,79.0,4.0,6.0
2021-08-05 23:03:11,74.0,65.0,3.0,6.0
2021-08-05 23:03:12,73.0,62.0,6.0,5.0
2021-08-05 23:03:13,73.0,64.0,4.0,5.0
2021-08-05 23:03:14,87.0,74.0,7.0,6.0
2021-08-05 23:03:15,64.0,54.0,6.0,4.0
2021-08-05 23:03:16,84.0,77.0,2.0,5.0
2021-08-05 23:03:17,85.0,71.0,11.0,3.0
2021-08-05 23:03:18,95.0,87.0,5.0,3.0
2021-08-05 23:03:19,81.0,73.0,5.0,3.0
2021-08-05 23:03:20,88.0,79.0,6.0,3.0
2021-08-05 23:03:21,85.0,73.0,4.0,8.0
2021-08-05 23:03:22,66.0,54.0,6.0,6.0
2021-08-05 23:03:23,75.0,58.0,11.0,6.0
2021-08-05 23:03:24,75.0,69.0,3.0,3.0
2021-08-05 23:03:25,75.0,68.0,3.0,4.0
2021-08-05 23:03:26,71.0,57.0,7.0,7.0
2021-08-05 23:03:27,71.0,61.0,4.0,6.0
2021-08-05 23:03:28,77.0,66.0,7.0,4.0
2021-08-05 23:03:29,75.0,66.0,4.0,5.0
2021-08-05 23:03:30,82.0,71.0,10.0,1.0
2021-08-05 23:03:31,75.0,60.0,8.0,7.0
2021-08-05 23:03:32,71.0,64.0,5.0,2.0
2021-08-05 23:03:33,86.0,77.0,7.0,2.0
2021-08-05 23:03:34,77.0,65.0,8.0,4.0
2021-08-05 23:03:35,75.0,69.0,2.0,4.0
2021-08-05 23:03:36,84.0,72.0,5.0,7.0
2021-08-05 23:03:37,78.0,68.0,4.0,6.0
2021-08-05 23:03:38,80.0,75.0,3.0,2.0
2021-08-05 23:03:39,80.0,73.0,4.0,3.0
2021-08-05 23:03:40,78.0,67.0,6.0,5.0
2021-08-05 23:03:41,81.0,75.0,4.0,2.0
2021-08-05 23:03:42,75.0,64.0,7.0,4.0
2021-08-05 23:03:43,78.0,65.0,8.0,5.0
2021-08-05 23:03:44,67.0,54.0,10.0,3.0
2021-08-05 23:03:45,101.0,88.0,6.0,7.0
2021-08-05 23:03:46,101.0,84.0,10.0,7.0
2021-08-05 23:03:47,81.0,72.0,4.0,5.0
2021-08-05 23:03:48,73.0,65.0,6.0,2.0
2021-08-05 23:03:49,73.0,66.0,4.0,3.0
2021-08-05 23:03:50,68.0,59.0,7.0,2.0
2021-08-05 23:03:51,68.0,58.0,5.0,5.0
2021-08-05 23:03:52,80.0,69.0,8.0,3.0
2021-08-05 23:03:53,90.0,76.0,10.0,4.0
2021-08-05 23:03:54,73.0,63.0,6.0,4.0
2021-08-05 23:03:55,77.0,71.0,3.0,3.0
2021-08-05 23:03:56,63.0,59.0,2.0,2.0
2021-08-05 23:03:57,77.0,66.0,6.0,5.0
2021-08-05 23:03:58,82.0,72.0,6.0,4.0
2021-08-05 23:03:59,71.0,61.0,5.0,5.0
2021-08-05 23:04:00,73.0,65.0,5.0,3.0
2021-08-05 23:04:01,87.0,78.0,7.0,2.0
2021-08-05 23:04:02,61.0,51.0,7.0,3.0
2021-08-05 23:04:03,84.0,69.0,10.0,5.0
2021-08-05 23:04:04,86.0,72.0,9.0,5.0
2021-08-05 23:04:05,57.0,53.0,2.0,2.0
2021-08-05 23:04:06,75.0,66.0,6.0,3.0
2021-08-05 23:04:07,74.0,58.0,7.0,9.0
2021-08-05 23:04:08,86.0,79.0,5.0,2.0
2021-08-05 23:04:09,93.0,82.0,6.0,5.0
2021-08-05 23:04:10,88.0,81.0,6.0,1.0
2021-08-05 23:04:11,77.0,67.0,9.0,1.0
2021-08-05 23:04:12,102.0,91.0,3.0,8.0
2021-08-05 23:04:13,94.0,82.0,8.0,4.0
2021-08-05 23:04:14,79.0,67.0,10.0,2.0
2021-08-05 23:04:15,84.0,78.0,1.0,5.0
2021-08-05 23:04:16,69.0,60.0,5.0,4.0
2021-08-05 23:04:17,69.0,57.0,9.0,3.0
2021-08-05 23:04:18,98.0,81.0,9.0,8.0
2021-08-05 23:04:19,78.0,70.0,3.0,5.0
2021-08-05 23:04:20,83.0,76.0,4.0,3.0
2021-08-05 23:04:21,70.0,63.0,6.0,1.0
2021-08-05 23:04:22,87.0,74.0,7.0,6.0
2021-08-05 23:04:23,68.0,57.0,7.0,4.0
2021-08-05 23:04:24,88.0,74.0,7.0,7.0
2021-08-05 23:04:25,69.0,64.0,4.0,1.0
2021-08-05 23:04:26,82.0,69.0,9.0,4.0
2021-08-05 23:04:27,86.0,72.0,11.0,3.0
2021-08-05 23:04:28,71.0,62.0,5.0,4.0
2021-08-05 23:04:29,88.0,73.0,10.0,5.0
2021-08-05 23:04:30,78.0,65.0,11.0,2.0
2021-08-05 23:04:31,83.0,77.0,3.0,3.0
2021-08-05 23:04:32,84.0,72.0,3.0,9.0
2021-08-05 23:04:33,67.0,53.0,9.0,5.0
2021-08-05 23:04:34,89.0,86.0,2.0,1.0
2021-08-05 23:04:35,74.0,63.0,5.0,6.0
2021-08-05 23:04:36,76.0,67.0,6.0,3.0
2021-08-05 23:04:37,72.0,60.0,10.0,2.0
2021-08-05 23:04:38,69.0,60.0,7.0,2.0
2021-08-05 23:04:39,79.0,69.0,7.0,3.0
2021-08-05 23:04:40,73.0,64.0,7.0,2.0
2021-08-05 23:04:41,81.0,73.0,7.0,1.0
2021-08-05 23:04:42,73.0,60.0,7.0,6.0
2021-08-05 23:04:43,67.0,60.0,4.0,3.0
2021-08-05 23:04:44,70.0,58.0,8.0,4.0
2021-08-05 23:04:45,79.0,69.0,5.0,5.0
2021-08-05 23:04:46,63.0,56.0,3.0,4.0
2021-08-05 23:04:47,84.0,72.0,11.0,1.0
2021-08-05 23:04:48,72.0,65.0,4.0,3.0
2021-08-05 23:04:49,90.0,81.0,7.0,2.0
2021-08-05 23:04:50,81.0,75.0,2.0,4.0
2021-08-05 23:04:51,81.0,73.0,5.0,3.0
2021-08-05 23:04:52,76.0,68.0,6.0,2.0
2021-08-05 23:04:53,86.0,73.0,9.0,4.0
2021-08-05 23:04:54,78.0,69.0,4.0,5.0
2021-08-05 23:04:55,72.0,62.0,5.0,5.0
2021-08-05 23:04:56,89.0,77.0,5.0,7.0
2021-08-05 23:04:57,72.0,66.0,5.0,1.0
2021-08-05 23:04:58,68.0,59.0,4.0,5.0
2021-08-05 23:04:59,81.0,69.0,5.0,7.0
2021-08-05 23:05:00,90.0,75.0,7.0,8.0
2021-08-05 23:05:01,68.0,61.0,4.0,3.0
2021-08-05 23:05:02,69.0,61.0,5.0,3.0
2021-08-05 23:05:03,75.0,64.0,7.0,4.0
2021-08-05 23:05:04,81.0,74.0,4.0,3.0
2021-08-05 23:05:05,82.0,69.0,8.0,5.0
2021-08-05 23:05:06,71.0,64.0,2.0,5.0
2021-08-05 23:05:07,82.0,70.0,8.0,4.0
2021-08-05 23:05:08,64.0,60.0,3.0,1.0
2021-08-05 23:05:09,81.0,74.0,4.0,3.0
2021-08-05 23:05:10,73.0,62.0,4.0,7.0
2021-08-05 23:05:11,89.0,78.0,6.0,5.0
2021-08-05 23:05:12,86.0,76.0,3.0,7.0
2021-08-05 23:05:13,95.0,83.0,7.0,5.0
2021-08-05 23:05:14,70.0,61.0,4.0,5.0
2021-08-05 23:05:15,72.0,63.0,5.0,4.0
2021-08-05 23:05:16,81.0,67.0,5.0,9.0
2021-08-05 23:05:17,88.0,78.0,4.0,6.0
2021-08-05 23:05:18,85.0,79.0,4.0,2.0
2021-08-05 23:05:19,79.0,70.0,4.0,5.0
2021-08-05 23:05:20,74.0,66.0,4.0,4.0
2021-08-05 23:05:21,85.0,71.0,9.0,5.0
2021-08-05 23:05:22,75.0,69.0,2.0,4.0
2021-08-05 23:05:23,69.0,63.0,3.0,3.0
2021-08-05 23:05:24,79.0,70.0,3.0,6.0
2021-08-05 23:05:25,97.0,90.0,6.0,1.0
2021-08-05 23:05:26,75.0,62.0,8.0,5.0
2021-08-05 23:05:27,79.0,68.0,6.0,5.0
2021-08-05 23:05:28,88.0,71.0,11.0,6.0
2021-08-05 23:05:29,77.0,67.0,7.0,3.0
2021-08-05 23:05:30,78.0,68.0,6.0,4.0
2021-08-05 23:05:31,82.0,69.0,12.0,1.0
2021-08-05 23:05:32,75.0,71.0,2.0,2.0
2021-08-05 23:05:33,83.0,76.0,4.0,3.0
2021-08-05 23:05:34,78.0,67.0,5.0,6.0
2021-08-05 23:05:35,72.0,66.0,5.0,1.0
2021-08-05 23:05:36,65.0,56.0,5.0,4.0
2021-08-05 23:05:37,82.0,70.0,8.0,4.0
2021-08-05 23:05:38,77.0,69.0,3.0,5.0
2021-08-05 23:05:39,81.0,73.0,6.0,2.0
2021-08-05 23:05:40,85.0,75.0,6.0,4.0
2021-08-05 23:05:41,87.0,79.0,6.0,2.0
2021-08-05 23:05:42,59.0,52.0,3.0,4.0
2021-08-05 23:05:43,82.0,70.0,9.0,3.0
2021-08-05 23:05:44,92.0,77.0,10.0,5.0
2021-08-05 23:05:45,78.0,70.0,5.0,3.0
2021-08-05 23:05:46,68.0,61.0,4.0,3.0
2021-08-05 23:05:47,70.0,61.0,4.0,5.0
2021-08-05 23:05:48,74.0,67.0,3.0,4.0
2021-08-05 23:05:49,67.0,64.0,0.0,3.0
2021-08-05 23:05:50,81.0,67.0,4.0,10.0
2021-08-05 23:05:51,72.0,66.0,4.0,2.0
2021-08-05 23:05:52,98.0,83.0,9.0,6.0
2021-08-05 23:05:53,80.0,67.0,5.0,8.0
2021-08-05 23:05:54,67.0,58.0,5.0,4.0
2021-08-05 23:05:55,76.0,65.0,8.0,3.0
2021-08-05 23:05:56,80.0,71.0,6.0,3.0
2021-08-05 23:05:57,93.0,84.0,6.0,3.0
2021-08-05 23:05:58,61.0,52.0,7.0,2.0
2021-08-05 23:05:59,79.0,71.0,5.0,3.0
2021-08-05 23:06:00,76.0,68.0,5.0,3.0
2021-08-05 23:06:01,85.0,71.0,7.0,7.0
2021-08-05 23:06:02,88.0,79.0,5.0,4.0
2021-08-05 23:06:03,98.0,83.0,10.0,5.0
2021-08-05 23:06:04,74.0,67.0,5.0,2.0
2021-08-05 23:06:05,92.0,75.0,9.0,8.0
2021-08-05 23:06:06,69.0,55.0,9.0,5.0
2021-08-05 23:06:07,79.0,66.0,9.0,4.0
2021-08-05 23:06:08,71.0,61.0,8.0,2.0
2021-08-05 23:06:09,88.0,80.0,6.0,2.0
2021-08-05 23:06:10,80.0,69.0,7.0,4.0
2021-08-05 23:06:11,90.0,77.0,6.0,7.0
2021-08-05 23:06:12,83.0,73.0,6.0,4.0
2021-08-05 23:06:13,82.0,67.0,10.0,5.0
2021-08-05 23:06:14,76.0,68.0,7.0,1.0
2021-08-05 23:06:15,85.0,71.0,8.0,6.0
2021-08-05 23:06:16,83.0,71.0,7.0,5.0
2021-08-05 23:06:17,71.0,62.0,3.0,6.0
2021-08-05 23:06:18,99.0,91.0,4.0,4.0
2021-08-05 23:06:19,79.0,70.0,3.0,6.0
2021-08-05 23:06:20,80.0,69.0,6.0,5.0
2021-08-05 23:06:21,95.0,82.0,7.0,6.0
2021-08-05 23:06:22,80.0,72.0,7.0,1.0
2021-08-05 23:06:23,80.0,69.0,5.0,6.0
2021-08-05 23:06:24,92.0,80.0,7.0,5.0
2021-08-05 23:06:25,77.0,67.0,8.0,2.0
2021-08-05 23:06:26,74.0,64.0,10.0,0.0
2021-08-05 23:06:27,76.0,69.0,4.0,3.0
2021-08-05 23:06:28,69.0,64.0,2.0,3.0
2021-08-05 23:06:29,104.0,88.0,10.0,6.0
2021-08-05 23:06:30,74.0,65.0,4.0,5.0
2021-08-05 23:06:31,98.0,77.0,11.0,10.0
2021-08-05 23:06:32,79.0,70.0,5.0,4.0
2021-08-05 23:06:33,76.0,61.0,6.0,9.0
2021-08-05 23:06:34,83.0,69.0,9.0,5.0
2021-08-05 23:06:35,80.0,71.0,6.0,3.0
2021-08-05 23:06:36,71.0,69.0,1.0,1.0
2021-08-05 23:06:37,87.0,78.0,4.0,5.0
2021-08-05 23:06:38,85.0,76.0,6.0,3.0
2021-08-05 23:06:39,88.0,78.0,7.0,3.0
2021-08-05 23:06:40,87.0,76.0,8.0,3.0
2021-08-05 23:06:41,77.0,67.0,6.0,4.0
2021-08-05 23:06:42,77.0,67.0,8.0,2.0
2021-08-05 23:06:43,76.0,64.0,8.0,4.0
2021-08-05 23:06:44,78.0,68.0,8.0,2.0
2021-08-05 23:06:45,92.0,77.0,8.0,7.0
2021-08-05 23:06:46,79.0,72.0,6.0,1.0
2021-08-05 23:06:47,80.0,70.0,6.0,4.0
2021-08-05 23:06:48,68.0,60.0,4.0,4.0
2021-08-05 23:06:49,93.0,83.0,5.0,5.0
2021-08-05 23:06:50,95.0,81.0,10.0,4.0
2021-08-05 23:06:51,84.0,64.0,14.0,6.0
2021-08-05 23:06:52,91.0,75.0,9.0,7.0
2021-08-05 23:06:53,78.0,69.0,6.0,3.0
2021-08-05 23:06:54,71.0,61.0,6.0,4.0
2021-08-05 23:06:55,75.0,64.0,5.0,6.0
2021-08-05 23:06:56,79.0,72.0,3.0,4.0
2021-08-05 23:06:57,91.0,80.0,4.0,7.0
2021-08-05 23:06:58,84.0,81.0,2.0,1.0
2021-08-05 23:06:59,66.0,56.0,6.0,4.0
2021-08-05 23:07:00,90.0,78.0,10.0,2.0
2021-08-05 23:07:01,78.0,71.0,1.0,6.0
2021-08-05 23:07:02,87.0,76.0,6.0,5.0
2021-08-05 23:07:03,55.0,47.0,5.0,3.0
2021-08-05 23:07:04,85.0,65.0,12.0,8.0
2021-08-05 23:07:05,96.0,85.0,4.0,7.0
2021-08-05 23:07:06,77.0,66.0,8.0,3.0
2021-08-05 23:07:07,91.0,78.0,6.0,7.0
2021-08-05 23:07:08,84.0,69.0,11.0,4.0
2021-08-05 23:07:09,76.0,66.0,5.0,5.0
2021-08-05 23:07:10,88.0,80.0,6.0,2.0
2021-08-05 23:07:11,87.0,75.0,7.0,5.0
2021-08-05 23:07:12,74.0,64.0,3.0,7.0
2021-08-05 23:07:13,90.0,75.0,9.0,6.0
2021-08-05 23:07:14,77.0,65.0,5.0,7.0
2021-08-05 23:07:15,102.0,90.0,6.0,6.0
2021-08-05 23:07:16,78.0,71.0,5.0,2.0
2021-08-05 23:07:17,78.0,70.0,3.0,5.0
2021-08-05 23:07:18,83.0,75.0,6.0,2.0
2021-08-05 23:07:19,84.0,80.0,2.0,2.0
2021-08-05 23:07:20,75.0,62.0,7.0,6.0
2021-08-05 23:07:21,91.0,78.0,10.0,3.0
2021-08-05 23:07:22,90.0,76.0,6.0,8.0
2021-08-05 23:07:23,70.0,62.0,4.0,4.0
2021-08-05 23:07:24,83.0,73.0,6.0,4.0
2021-08-05 23:07:25,84.0,70.0,9.0,5.0
2021-08-05 23:07:26,61.0,54.0,4.0,3.0
2021-08-05 23:07:27,69.0,61.0,7.0,1.0
2021-08-05 23:07:28,96.0,86.0,5.0,5.0
2021-08-05 23:07:29,76.0,68.0,4.0,4.0
2021-08-05 23:07:30,80.0,70.0,5.0,5.0
2021-08-05 23:07:31,71.0,65.0,6.0,0.0
2021-08-05 23:07:32,79.0,67.0,5.0,7.0
2021-08-05 23:07:33,74.0,67.0,5.0,2.0
2021-08-05 23:07:34,79.0,64.0,8.0,7.0
2021-08-05 23:07:35,91.0,77.0,5.0,9.0
2021-08-05 23:07:36,82.0,72.0,8.0,2.0
2021-08-05 23:07:37,77.0,66.0,6.0,5.0
2021-08-05 23:07:38,81.0,73.0,4.0,4.0
2021-08-05 23:07:39,75.0,66.0,6.0,3.0
2021-08-05 23:07:40,73.0,61.0,9.0,3.0
2021-08-05 23:07:41,68.0,59.0,6.0,3.0
2021-08-05 23:07:42,89.0,74.0,12.0,3.0
2021-08-05 23:07:43,81.0,70.0,7.0,4.0
2021-08-05 23:07:44,92.0,80.0,9.0,3.0
2021-08-05 23:07:45,94.0,80.0,5.0,9.0
2021-08-05 23:07:46,91.0,77.0,9.0,5.0
2021-08-05 23:07:47,74.0,67.0,5.0,2.0
2021-08-05 23:07:48,75.0,63.0,6.0,6.0
2021-08-05 23:07:49,74.0,66.0,6.0,2.0
2021-08-05 23:07:50,75.0,65.0,5.0,5.0
2021-08-05 23:07:51,81.0,71.0,5.0,5.0
2021-08-05 23:07:52,82.0,71.0,5.0,6.0
2021-08-05 23:07:53,84.0,69.0,13.0,2.0
2021-08-05 23:07:54,78.0,65.0,8.0,5.0
2021-08-05 23:07:55,73.0,66.0,5.0,2.0
2021-08-05 23:07:56,60.0,54.0,5.0,1.0
2021-08-05 23:07:57,78.0,66.0,7.0,5.0
2021-08-05 23:07:58,74.0,64.0,6.0,4.0
2021-08-05 23:07:59,77.0,67.0,8.0,2.0
2021-08-05 23:08:00,91.0,79.0,6.0,6.0
2021-08-05 23:08:01,73.0,60.0,9.0,4.0
2021-08-05 23:08:02,69.0,61.0,3.0,5.0
2021-08-05 23:08:03,90.0,71.0,14.0,5.0
2021-08-05 23:08:04,94.0,79.0,9.0,6.0
2021-08-05 23:08:05,80.0,72.0,5.0,3.0
2021-08-05 23:08:06,79.0,66.0,7.0,6.0
2021-08-05 23:08:07,77.0,65.0,6.0,6.0
2021-08-05 23:08:08,85.0,77.0,6.0,2.0
2021-08-05 23:08:09,87.0,79.0,4.0,4.0
2021-08-05 23:08:10,82.0,73.0,4.0,5.0
2021-08-05 23:08:11,81.0,63.0,10.0,8.0
2021-08-05 23:08:12,78.0,65.0,10.0,3.0
2021-08-05 23:08:13,105.0,93.0,7.0,5.0
2021-08-05 23:08:14,79.0,67.0,7.0,5.0
2021-08-05 23:08:15,91.0,76.0,7.0,8.0
2021-08-05 23:08:16,77.0,69.0,6.0,2.0
2021-08-05 23:08:17,78.0,69.0,6.0,3.0
2021-08-05 23:08:18,78.0,70.0,4.0,4.0
2021-08-05 23:08:19,83.0,74.0,6.0,3.0
2021-08-05 23:08:20,82.0,67.0,8.0,7.0
2021-08-05 23:08:21,90.0,81.0,4.0,5.0
2021-08-05 23:08:22,69.0,62.0,5.0,2.0
2021-08-05 23:08:23,79.0,71.0,3.0,5.0
2021-08-05 23:08:24,86.0,76.0,9.0,1.0
2021-08-05 23:08:25,90.0,71.0,13.0,6.0
2021-08-05 23:08:26,70.0,61.0,6.0,3.0
2021-08-05 23:08:27,82.0,69.0,8.0,5.0
2021-08-05 23:08:28,62.0,50.0,9.0,3.0
2021-08-05 23:08:29,69.0,52.0,11.0,6.0
2021-08-05 23:08:30,68.0,59.0,5.0,4.0
2021-08-05 23:08:31,85.0,72.0,9.0,4.0
2021-08-05 23:08:32,89.0,79.0,4.0,6.0
2021-08-05 23:08:33,83.0,77.0,4.0,2.0
2021-08-05 23:08:34,97.0,83.0,9.0,5.0
2021-08-05 23:08:35,73.0,69.0,2.0,2.0
2021-08-05 23:08:36,67.0,60.0,6.0,1.0
2021-08-05 23:08:37,66.0,57.0,4.0,5.0
2021-08-05 23:08:38,98.0,79.0,11.0,8.0
2021-08-05 23:08:39,79.0,63.0,8.0,8.0
2021-08-05 23:08:40,94.0,84.0,7.0,3.0
2021-08-05 23:08:41,96.0,80.0,10.0,6.0
2021-08-05 23:08:42,70.0,64.0,4.0,2.0
2021-08-05 23:08:43,85.0,75.0,7.0,3.0
2021-08-05 23:08:44,87.0,72.0,7.0,8.0
2021-08-05 23:08:45,95.0,78.0,13.0,4.0
2021-08-05 23:08:46,79.0,66.0,8.0,5.0
2021-08-05 23:08:47,86.0,75.0,9.0,2.0
2021-08-05 23:08:48,86.0,66.0,14.0,6.0
2021-08-05 23:08:49,74.0,61.0,10.0,3.0
2021-08-05 23:08:50,80.0,72.0,5.0,3.0
2021-08-05 23:08:51,67.0,59.0,5.0,3.0
2021-08-05 23:08:52,74.0,60.0,7.0,7.0
2021-08-05 23:08:53,73.0,67.0,5.0,1.0
2021-08-05 23:08:54,73.0,65.0,4.0,4.0
2021-08-05 23:08:55,72.0,57.0,10.0,5.0
2021-08-05 23:08:56,69.0,62.0,5.0,2.0
2021-08-05 23:08:57,72.0,65.0,3.0,4.0
2021-08-05 23:08:58,71.0,58.0,11.0,2.0
2021-08-05 23:08:59,85.0,76.0,3.0,6.0
2021-08-05 23:09:00,80.0,69.0,5.0,6.0
2021-08-05 23:09:01,93.0,84.0,4.0,5.0
2021-08-05 23:09:02,61.0,55.0,5.0,1.0
2021-08-05 23:09:03,89.0,77.0,9.0,3.0
2021-08-05 23:09:04,96.0,79.0,9.0,8.0
2021-08-05 23:09:05,85.0,77.0,4.0,4.0
2021-08-05 23:09:06,80.0,71.0,6.0,3.0
2021-08-05 23:09:07,96.0,80.0,6.0,10.0
2021-08-05 23:09:08,71.0,61.0,6.0,4.0
2021-08-05 23:09:09,71.0,56.0,8.0,7.0
2021-08-05 23:09:10,84.0,70.0,9.0,5.0
2021-08-05 23:09:11,68.0,58.0,6.0,4.0
2021-08-05 23:09:12,72.0,67.0,2.0,3.0
2021-08-05 23:09:13,82.0,65.0,9.0,8.0
2021-08-05 23:09:14,69.0,55.0,8.0,6.0
2021-08-05 23:09:15,74.0,67.0,5.0,2.0
2021-08-05 23:09:16,73.0,63.0,5.0,5.0
2021-08-05 23:09:17,81.0,74.0,4.0,3.0
2021-08-05 23:09:18,88.0,77.0,4.0,7.0
2021-08-05 23:09:19,92.0,79.0,9.0,4.0
2021-08-05 23:09:20,89.0,83.0,2.0,4.0
2021-08-05 23:09:21,91.0,74.0,10.0,7.0
2021-08-05 23:09:22,72.0,63.0,6.0,3.0
2021-08-05 23:09:23,80.0,66.0,9.0,5.0
2021-08-05 23:09:24,72.0,62.0,8.0,2.0
2021-08-05 23:09:25,69.0,64.0,3.0,2.0
2021-08-05 23:09:26,83.0,70.0,7.0,6.0
2021-08-05 23:09:27,67.0,60.0,5.0,2.0
2021-08-05 23:09:28,79.0,65.0,11.0,3.0
2021-08-05 23:09:29,68.0,60.0,1.0,7.0
2021-08-05 23:09:30,84.0,73.0,7.0,4.0
2021-08-05 23:09:31,84.0,73.0,7.0,4.0
2021-08-05 23:09:32,89.0,83.0,2.0,4.0
2021-08-05 23:09:33,80.0,68.0,6.0,6.0
2021-08-05 23:09:34,55.0,43.0,7.0,5.0
2021-08-05 23:09:35,75.0,63.0,8.0,4.0
2021-08-05 23:09:36,98.0,80.0,13.0,5.0
2021-08-05 23:09:37,83.0,70.0,7.0,6.0
2021-08-05 23:09:38,82.0,73.0,6.0,3.0
2021-08-05 23:09:39,78.0,68.0,6.0,4.0
2021-08-05 23:09:40,81.0,69.0,7.0,5.0
2021-08-05 23:09:41,80.0,69.0,6.0,5.0
2021-08-05 23:09:42,78.0,71.0,2.0,5.0
2021-08-05 23:09:43,84.0,75.0,4.0,5.0
2021-08-05 23:09:44,96.0,85.0,8.0,3.0
2021-08-05 23:09:45,83.0,76.0,4.0,3.0
2021-08-05 23:09:46,75.0,65.0,4.0,6.0
2021-08-05 23:09:47,88.0,77.0,6.0,5.0
2021-08-05 23:09:48,88.0,81.0,5.0,2.0
2021-08-05 23:09:49,85.0,70.0,9.0,6.0
2021-08-05 23:09:50,99.0,85.0,10.0,4.0
2021-08-05 23:09:51,74.0,64.0,5.0,5.0
2021-08-05 23:09:52,73.0,64.0,7.0,2.0
2021-08-05 23:09:53,77.0,67.0,4.0,6.0
2021-08-05 23:09:54,76.0,66.0,8.0,2.0
2021-08-05 23:09:55,73.0,62.0,5.0,6.0
2021-08-05 23:09:56,81.0,67.0,8.0,6.0
2021-08-05 23:09:57,87.0,79.0,5.0,3.0
2021-08-05 23:09:58,88.0,73.0,7.0,8.0
2021-08-05 23:09:59,90.0,79.0,6.0,5.0
2021-08-05 23:10:00,77.0,68.0,4.0,5.0
2021-08-05 23:10:01,74.0,65.0,5.0,4.0
2021-08-05 23:10:02,75.0,67.0,4.0,4.0
2021-08-05 23:10:03,77.0,71.0,3.0,3.0
2021-08-05 23:10:04,83.0,71.0,5.0,7.0
2021-08-05 23:10:05,77.0,64.0,9.0,4.0
2021-08-05 23:10:06,74.0,68.0,3.0,3.0
2021-08-05 23:10:07,90.0,76.0,8.0,6.0
2021-08-05 23:10:08,93.0,82.0,9.0,2.0
2021-08-05 23:10:09,78.0,66.0,7.0,5.0
2021-08-05 23:10:10,76.0,65.0,7.0,4.0
2021-08-05 23:10:11,83.0,72.0,6.0,5.0
2021-08-05 23:10:12,80.0,71.0,5.0,4.0
2021-08-05 23:10:13,90.0,78.0,5.0,7.0
2021-08-05 23:10:14,91.0,79.0,8.0,4.0
2021-08-05 23:10:15,69.0,62.0,4.0,3.0
2021-08-05 23:10:16,72.0,59.0,10.0,3.0
2021-08-05 23:10:17,71.0,62.0,8.0,1.0
2021-08-05 23:10:18,76.0,69.0,5.0,2.0
2021-08-05 23:10:19,72.0,59.0,8.0,5.0
2021-08-05 23:10:20,89.0,79.0,6.0,4.0
2021-08-05 23:10:21,79.0,67.0,8.0,4.0
2021-08-05 23:10:22,56.0,49.0,2.0,5.0
2021-08-05 23:10:23,63.0,50.0,7.0,6.0
2021-08-05 23:10:24,95.0,79.0,9.0,7.0
2021-08-05 23:10:25,83.0,76.0,6.0,1.0
2021-08-05 23:10:26,87.0,70.0,12.0,5.0
2021-08-05 23:10:27,86.0,76.0,3.0,7.0
2021-08-05 23:10:28,80.0,68.0,7.0,5.0
2021-08-05 23:10:29,90.0,83.0,4.0,3.0
2021-08-05 23:10:30,77.0,67.0,5.0,5.0
2021-08-05 23:10:31,64.0,51.0,8.0,5.0
2021-08-05 23:10:32,76.0,67.0,4.0,5.0
2021-08-05 23:10:33,75.0,69.0,4.0,2.0
2021-08-05 23:10:34,90.0,77.0,6.0,7.0
2021-08-05 23:10:35,81.0,67.0,9.0,5.0
2021-08-05 23:10:36,81.0,68.0,7.0,6.0
2021-08-05 23:10:37,84.0,73.0,6.0,5.0
2021-08-05 23:10:38,82.0,73.0,9.0,0.0
2021-08-05 23:10:39,68.0,62.0,4.0,2.0
2021-08-05 23:10:40,76.0,68.0,4.0,4.0
2021-08-05 23:10:41,81.0,68.0,5.0,8.0
2021-08-05 23:10:42,81.0,70.0,6.0,5.0
2021-08-05 23:10:43,89.0,82.0,4.0,3.0
2021-08-05 23:10:44,88.0,77.0,8.0,3.0
2021-08-05 23:10:45,89.0,75.0,8.0,6.0
2021-08-05 23:10:46,77.0,63.0,11.0,3.0
2021-08-05 23:10:47,81.0,69.0,6.0,6.0
2021-08-05 23:10:48,87.0,74.0,10.0,3.0
2021-08-05 23:10:49,96.0,74.0,12.0,10.0
2021-08-05 23:10:50,80.0,66.0,9.0,5.0
2021-08-05 23:10:51,78.0,69.0,6.0,3.0
2021-08-05 23:10:52,75.0,67.0,5.0,3.0
2021-08-05 23:10:53,94.0,79.0,8.0,7.0
2021-08-05 23:10:54,104.0,86.0,11.0,7.0
2021-08-05 23:10:55,88.0,73.0,11.0,4.0
2021-08-05 23:10:56,69.0,53.0,8.0,8.0
2021-08-05 23:10:57,56.0,46.0,3.0,7.0
2021-08-05 23:10:58,77.0,68.0,4.0,5.0
2021-08-05 23:10:59,92.0,76.0,11.0,5.0
2021-08-05 23:11:00,81.0,70.0,3.0,8.0
2021-08-05 23:11:01,56.0,44.0,5.0,7.0
2021-08-05 23:11:02,77.0,70.0,3.0,4.0
2021-08-05 23:11:03,81.0,68.0,7.0,6.0
2021-08-05 23:11:04,79.0,64.0,8.0,7.0
2021-08-05 23:11:05,80.0,71.0,5.0,4.0
2021-08-05 23:11:06,82.0,66.0,9.0,7.0
2021-08-05 23:11:07,90.0,83.0,5.0,2.0
2021-08-05 23:11:08,60.0,57.0,2.0,1.0
2021-08-05 23:11:09,68.0,62.0,4.0,2.0
2021-08-05 23:11:10,75.0,68.0,5.0,2.0
2021-08-05 23:11:11,82.0,73.0,5.0,4.0
2021-08-05 23:11:12,79.0,66.0,9.0,4.0
2021-08-05 23:11:13,77.0,68.0,6.0,3.0
2021-08-05 23:11:14,86.0,71.0,7.0,8.0
2021-08-05 23:11:15,82.0,73.0,5.0,4.0
2021-08-05 23:11:16,69.0,61.0,6.0,2.0
2021-08-05 23:11:17,77.0,75.0,1.0,1.0
2021-08-05 23:11:18,67.0,61.0,3.0,3.0
2021-08-05 23:11:19,79.0,71.0,6.0,2.0
2021-08-05 23:11:20,71.0,59.0,6.0,6.0
2021-08-05 23:11:21,87.0,80.0,5.0,2.0
2021-08-05 23:11:22,77.0,69.0,4.0,4.0
2021-08-05 23:11:23,90.0,79.0,7.0,4.0
2021-08-05 23:11:24,90.0,67.0,16.0,7.0
2021-08-05 23:11:25,88.0,77.0,6.0,5.0
2021-08-05 23:11:26,81.0,67.0,13.0,1.0
2021-08-05 23:11:27,84.0,71.0,7.0,6.0
2021-08-05 23:11:28,88.0,77.0,5.0,6.0
2021-08-05 23:11:29,79.0,66.0,10.0,3.0
2021-08-05 23:11:30,80.0,70.0,5.0,5.0
2021-08-05 23:11:31,85.0,67.0,12.0,6.0
2021-08-05 23:11:32,82.0,71.0,4.0,7.0
2021-08-05 23:11:33,80.0,69.0,5.0,6.0
2021-08-05 23:11:34,88.0,77.0,4.0,7.0
2021-08-05 23:11:35,69.0,62.0,5.0,2.0
2021-08-05 23:11:36,92.0,84.0,4.0,4.0
2021-08-05 23:11:37,81.0,69.0,7.0,5.0
2021-08-05 23:11:38,86.0,75.0,7.0,4.0
2021-08-05 23:11:39,80.0,70.0,7.0,3.0
2021-08-05 23:11:40,87.0,76.0,8.0,3.0
2021-08-05 23:11:41,78.0,68.0,6.0,4.0
2021-08-05 23:11:42,75.0,67.0,5.0,3.0
2021-08-05 23:11:43,75.0,66.0,3.0,6.0
2021-08-05 23:11:44,90.0,78.0,8.0,4.0
2021-08-05 23:11:45,80.0,70.0,9.0,1.0
2021-08-05 23:11:46,79.0,57.0,16.0,6.0
2021-08-05 23:11:47,69.0,57.0,9.0,3.0
2021-08-05 23:11:48,94.0,79.0,12.0,3.0
2021-08-05 23:11:49,81.0,75.0,4.0,2.0
2021-08-05 23:11:50,66.0,61.0,4.0,1.0
2021-08-05 23:11:51,61.0,49.0,5.0,7.0
2021-08-05 23:11:52,79.0,71.0,5.0,3.0
2021-08-05 23:11:53,80.0,72.0,3.0,5.0
2021-08-05 23:11:54,91.0,82.0,8.0,1.0
2021-08-05 23:11:55,92.0,76.0,14.0,2.0
2021-08-05 23:11:56,83.0,74.0,5.0,4.0
2021-08-05 23:11:57,68.0,61.0,7.0,0.0
2021-08-05 23:11:58,90.0,68.0,14.0,8.0
2021-08-05 23:11:59,85.0,74.0,9.0,2.0
2021-08-05 23:12:00,72.0,64.0,3.0,5.0
2021-08-05 23:12:01,76.0,63.0,10.0,3.0
2021-08-05 23:12:02,89.0,81.0,5.0,3.0
2021-08-05 23:12:03,63.0,58.0,1.0,4.0
2021-08-05 23:12:04,81.0,70.0,7.0,4.0
2021-08-05 23:12:05,71.0,61.0,6.0,4.0
2021-08-05 23:12:06,71.0,64.0,3.0,4.0
2021-08-05 23:12:07,83.0,74.0,6.0,3.0
2021-08-05 23:12:08,72.0,56.0,11.0,5.0
2021-08-05 23:12:09,84.0,72.0,5.0,7.0
2021-08-05 23:12:10,74.0,64.0,6.0,4.0
2021-08-05 23:12:11,88.0,75.0,9.0,4.0
2021-08-05 23:12:12,87.0,78.0,5.0,4.0
2021-08-05 23:12:13,71.0,63.0,5.0,3.0
2021-08-05 23:12:14,84.0,74.0,7.0,3.0
2021-08-05 23:12:15,71.0,54.0,9.0,8.0
2021-08-05 23:12:16,82.0,71.0,7.0,4.0
2021-08-05 23:12:17,77.0,70.0,6.0,1.0
2021-08-05 23:12:18,85.0,76.0,6.0,3.0
2021-08-05 23:12:19,95.0,77.0,13.0,5.0
2021-08-05 23:12:20,85.0,72.0,9.0,4.0
2021-08-05 23:12:21,83.0,66.0,10.0,7.0
2021-08-05 23:12:22,94.0,86.0,6.0,2.0
2021-08-05 23:12:23,65.0,57.0,5.0,3.0
2021-08-05 23:12:24,92.0,75.0,8.0,9.0
2021-08-05 23:12:25,84.0,70.0,7.0,7.0
2021-08-05 23:12:26,96.0,82.0,8.0,6.0
2021-08-05 23:12:27,67.0,58.0,5.0,4.0
2021-08-05 23:12:28,88.0,77.0,10.0,1.0
2021-08-05 23:12:29,82.0,70.0,7.0,5.0
2021-08-05 23:12:30,69.0,62.0,3.0,4.0
2021-08-05 23:12:31,66.0,57.0,5.0,4.0
2021-08-05 23:12:32,72.0,64.0,6.0,2.0
2021-08-05 23:12:33,66.0,57.0,5.0,4.0
2021-08-05 23:12:34,73.0,62.0,6.0,5.0
2021-08-05 23:12:35,76.0,68.0,5.0,3.0
2021-08-05 23:12:36,70.0,55.0,8.0,7.0
2021-08-05 23:12:37,83.0,73.0,7.0,3.0
2021-08-05 23:12:38,87.0,78.0,6.0,3.0
2021-08-05 23:12:39,92.0,77.0,11.0,4.0
2021-08-05 23:12:40,74.0,64.0,6.0,4.0
2021-08-05 23:12:41,81.0,68.0,6.0,7.0
2021-08-05 23:12:42,65.0,58.0,4.0,3.0
2021-08-05 23:12:43,73.0,66.0,5.0,2.0
2021-08-05 23:12:44,100.0,80.0,16.0,4.0
2021-08-05 23:12:45,71.0,62.0,6.0,3.0
2021-08-05 23:12:46,87.0,78.0,5.0,4.0
2021-08-05 23:12:47,76.0,71.0,3.0,2.0
2021-08-05 23:12:48,80.0,68.0,7.0,5.0
2021-08-05 23:12:49,80.0,69.0,8.0,3.0
2021-08-05 23:12:50,87.0,78.0,4.0,5.0
2021-08-05 23:12:51,73.0,66.0,6.0,1.0
2021-08-05 23:12:52,59.0,52.0,5.0,2.0
2021-08-05 23:12:53,67.0,58.0,6.0,3.0
2021-08-05 23:12:54,74.0,63.0,5.0,6.0
2021-08-05 23:12:55,95.0,81.0,6.0,8.0
2021-08-05 23:12:56,105.0,92.0,5.0,8.0
2021-08-05 23:12:57,77.0,68.0,5.0,4.0
2021-08-05 23:12:58,77.0,68.0,4.0,5.0
2021-08-05 23:12:59,87.0,76.0,7.0,4.0
2021-08-05 23:13:00,73.0,60.0,7.0,6.0
2021-08-05 23:13:01,76.0,64.0,6.0,6.0
2021-08-05 23:13:02,80.0,72.0,5.0,3.0
2021-08-05 23:13:03,97.0,89.0,5.0,3.0
2021-08-05 23:13:04,81.0,69.0,8.0,4.0
2021-08-05 23:13:05,65.0,52.0,9.0,4.0
2021-08-05 23:13:06,77.0,65.0,6.0,6.0
2021-08-05 23:13:07,67.0,60.0,2.0,5.0
2021-08-05 23:13:08,84.0,71.0,4.0,9.0
2021-08-05 23:13:09,92.0,79.0,10.0,3.0
2021-08-05 23:13:10,79.0,74.0,2.0,3.0
2021-08-05 23:13:11,86.0,74.0,6.0,6.0
2021-08-05 23:13:12,81.0,70.0,7.0,4.0
2021-08-05 23:13:13,85.0,81.0,3.0,1.0
2021-08-05 23:13:14,84.0,71.0,7.0,6.0
2021-08-05 23:13:15,83.0,75.0,3.0,5.0
2021-08-05 23:13:16,87.0,74.0,9.0,4.0
2021-08-05 23:13:17,88.0,72.0,8.0,8.0
2021-08-05 23:13:18,63.0,58.0,3.0,2.0
2021-08-05 23:13:19,87.0,74.0,4.0,9.0
2021-08-05 23:13:20,85.0,78.0,6.0,1.0
2021-08-05 23:13:21,85.0,70.0,6.0,9.0
2021-08-05 23:13:22,74.0,64.0,8.0,2.0
2021-08-05 23:13:23,83.0,80.0,0.0,3.0
2021-08-05 23:13:24,83.0,70.0,5.0,8.0
2021-08-05 23:13:25,75.0,66.0,5.0,4.0
2021-08-05 23:13:26,83.0,76.0,4.0,3.0
2021-08-05 23:13:27,87.0,77.0,7.0,3.0
2021-08-05 23:13:28,84.0,80.0,1.0,3.0
2021-08-05 23:13:29,85.0,70.0,8.0,7.0
2021-08-05 23:13:30,78.0,70.0,5.0,3.0
2021-08-05 23:13:31,87.0,79.0,6.0,2.0
2021-08-05 23:13:32,80.0,73.0,6.0,1.0
2021-08-05 23:13:33,78.0,70.0,5.0,3.0
2021-08-05 23:13:34,91.0,83.0,4.0,4.0
2021-08-05 23:13:35,99.0,82.0,13.0,4.0
2021-08-05 23:13:36,83.0,71.0,7.0,5.0
2021-08-05 23:13:37,90.0,74.0,7.0,9.0
2021-08-05 23:13:38,81.0,77.0,1.0,3.0
2021-08-05 23:13:39,80.0,67.0,6.0,7.0
2021-08-05 23:13:40,78.0,67.0,9.0,2.0
2021-08-05 23:13:41,82.0,75.0,1.0,6.0
2021-08-05 23:13:42,69.0,61.0,3.0,5.0
2021-08-05 23:13:43,74.0,68.0,2.0,4.0
2021-08-05 23:13:44,88.0,72.0,10.0,6.0
2021-08-05 23:13:45,98.0,89.0,5.0,4.0
2021-08-05 23:13:46,90.0,78.0,6.0,6.0
2021-08-05 23:13:47,72.0,65.0,6.0,1.0
2021-08-05 23:13:48,83.0,71.0,7.0,5.0
2021-08-05 23:13:49,85.0,73.0,8.0,4.0
2021-08-05 23:13:50,82.0,76.0,1.0,5.0
2021-08-05 23:13:51,69.0,61.0,3.0,5.0
2021-08-05 23:13:52,105.0,88.0,11.0,6.0
2021-08-05 23:13:53,85.0,74.0,7.0,4.0
2021-08-05 23:13:54,91.0,80.0,7.0,4.0
2021-08-05 23:13:55,82.0,73.0,7.0,2.0
2021-08-05 23:13:56,86.0,77.0,1.0,8.0
2021-08-05 23:13:57,85.0,69.0,11.0,5.0
2021-08-05 23:13:58,70.0,58.0,8.0,4.0
2021-08-05 23:13:59,82.0,70.0,8.0,4.0
2021-08-05 23:14:00,80.0,68.0,7.0,5.0
2021-08-05 23:14:01,77.0,64.0,11.0,2.0
2021-08-05 23:14:02,89.0,78.0,5.0,6.0
2021-08-05 23:14:03,76.0,66.0,7.0,3.0
2021-08-05 23:14:04,66.0,59.0,3.0,4.0
2021-08-05 23:14:05,74.0,61.0,7.0,6.0
2021-08-05 23:14:06,93.0,85.0,4.0,4.0
2021-08-05 23:14:07,96.0,80.0,12.0,4.0
2021-08-05 23:14:08,89.0,74.0,12.0,3.0
2021-08-05 23:14:09,60.0,53.0,5.0,2.0
2021-08-05 23:14:10,94.0,80.0,10.0,4.0
2021-08-05 23:14:11,76.0,60.0,8.0,8.0
2021-08-05 23:14:12,93.0,85.0,4.0,4.0
2021-08-05 23:14:13,90.0,80.0,6.0,4.0
2021-08-05 23:14:14,73.0,68.0,2.0,3.0
2021-08-05 23:14:15,72.0,64.0,5.0,3.0
2021-08-05 23:14:16,84.0,73.0,6.0,5.0
2021-08-05 23:14:17,83.0,76.0,5.0,2.0
2021-08-05 23:14:18,92.0,79.0,9.0,4.0
2021-08-05 23:14:19,93.0,83.0,5.0,5.0
2021-08-05 23:14:20,81.0,75.0,3.0,3.0
2021-08-05 23:14:21,81.0,72.0,7.0,2.0
2021-08-05 23:14:22,93.0,80.0,6.0,7.0
2021-08-05 23:14:23,78.0,68.0,7.0,3.0
2021-08-05 23:14:24,69.0,61.0,5.0,3.0
2021-08-05 23:14:25,83.0,70.0,5.0,8.0
2021-08-05 23:14:26,77.0,65.0,10.0,2.0
2021-08-05 23:14:27,73.0,61.0,7.0,5.0
2021-08-05 23:14:28,78.0,68.0,6.0,4.0
2021-08-05 23:14:29,86.0,73.0,6.0,7.0
2021-08-05 23:14:30,88.0,73.0,9.0,6.0
2021-08-05 23:14:31,97.0,90.0,4.0,3.0
2021-08-05 23:14:32,72.0,60.0,10.0,2.0
2021-08-05 23:14:33,77.0,71.0,3.0,3.0
2021-08-05 23:14:34,70.0,59.0,7.0,4.0
2021-08-05 23:14:35,81.0,72.0,3.0,6.0
2021-08-05 23:14:36,81.0,71.0,6.0,4.0
2021-08-05 23:14:37,98.0,85.0,11.0,2.0
2021-08-05 23:14:38,74.0,62.0,7.0,5.0
2021-08-05 23:14:39,79.0,69.0,4.0,6.0
2021-08-05 23:14:40,96.0,80.0,13.0,3.0
2021-08-05 23:14:41,88.0,76.0,5.0,7.0
2021-08-05 23:14:42,67.0,58.0,4.0,5.0
2021-08-05 23:14:43,76.0,68.0,3.0,5.0
2021-08-05 23:14:44,93.0,84.0,5.0,4.0
2021-08-05 23:14:45,69.0,63.0,3.0,3.0
2021-08-05 23:14:46,64.0,56.0,4.0,4.0
2021-08-05 23:14:47,62.0,53.0,6.0,3.0
2021-08-05 23:14:48,81.0,73.0,5.0,3.0
2021-08-05 23:14:49,63.0,55.0,4.0,4.0
2021-08-05 23:14:50,93.0,80.0,9.0,4.0
2021-08-05 23:14:51,78.0,67.0,8.0,3.0
2021-08-05 23:14:52,95.0,84.0,4.0,7.0
2021-08-05 23:14:53,95.0,83.0,8.0,4.0
2021-08-05 23:14:54,54.0,44.0,5.0,5.0
2021-08-05 23:14:55,74.0,61.0,8.0,5.0
2021-08-05 23:14:56,85.0,77.0,6.0,2.0
2021-08-05 23:14:57,89.0,75.0,10.0,4.0
2021-08-05 23:14:58,72.0,61.0,8.0,3.0
2021-08-05 23:14:59,90.0,75.0,8.0,7.0
2021-08-05 23:15:00,80.0,71.0,7.0,2.0
2021-08-05 23:15:01,79.0,71.0,6.0,2.0
2021-08-05 23:15:02,84.0,68.0,8.0,8.0
2021-08-05 23:15:03,80.0,65.0,10.0,5.0
2021-08-05 23:15:04,73.0,58.0,7.0,8.0
2021-08-05 23:15:05,64.0,57.0,5.0,2.0
2021-08-05 23:15:06,88.0,72.0,10.0,6.0
2021-08-05 23:15:07,87.0,83.0,3.0,1.0
2021-08-05 23:15:08,88.0,78.0,7.0,3.0
2021-08-05 23:15:09,93.0,77.0,10.0,6.0
2021-08-05 23:15:10,77.0,70.0,5.0,2.0
2021-08-05 23:15:11,74.0,59.0,11.0,4.0
2021-08-05 23:15:12,113.0,94.0,12.0,7.0
2021-08-05 23:15:13,87.0,78.0,3.0,6.0
2021-08-05 23:15:14,76.0,68.0,5.0,3.0
2021-08-05 23:15:15,78.0,64.0,10.0,4.0
2021-08-05 23:15:16,101.0,87.0,7.0,7.0
2021-08-05 23:15:17,79.0,70.0,7.0,2.0
2021-08-05 23:15:18,67.0,60.0,6.0,1.0
2021-08-05 23:15:19,87.0,72.0,6.0,9.0
2021-08-05 23:15:20,94.0,80.0,10.0,4.0
2021-08-05 23:15:21,83.0,70.0,7.0,6.0
2021-08-05 23:15:22,77.0,63.0,12.0,2.0
2021-08-05 23:15:23,85.0,69.0,13.0,3.0
2021-08-05 23:15:24,74.0,67.0,3.0,4.0
2021-08-05 23:15:25,80.0,71.0,7.0,2.0
2021-08-05 23:15:26,80.0,71.0,4.0,5.0
2021-08-05 23:15:27,76.0,58.0,8.0,10.0
2021-08-05 23:15:28,84.0,72.0,5.0,7.0
2021-08-05 23:15:29,80.0,75.0,2.0,3.0
2021-08-05 23:15:30,80.0,63.0,10.0,7.0
2021-08-05 23:15:31,70.0,59.0,7.0,4.0
2021-08-05 23:15:32,77.0,64.0,6.0,7.0
2021-08-05 23:15:33,72.0,63.0,4.0,5.0
2021-08-05 23:15:34,68.0,56.0,9.0,3.0
2021-08-05 23:15:35,82.0,76.0,4.0,2.0
2021-08-05 23:15:36,80.0,64.0,7.0,9.0
2021-08-05 23:15:37,90.0,77.0,4.0,9.0
2021-08-05 23:15:38,74.0,66.0,5.0,3.0
2021-08-05 23:15:39,70.0,60.0,5.0,5.0
2021-08-05 23:15:40,88.0,78.0,3.0,7.0
2021-08-05 23:15:41,80.0,71.0,5.0,4.0
2021-08-05 23:15:42,77.0,57.0,10.0,10.0
2021-08-05 23:15:43,67.0,62.0,4.0,1.0
2021-08-05 23:15:44,81.0,73.0,0.0,8.0
2021-08-05 23:15:45,84.0,76.0,4.0,4.0
2021-08-05 23:15:46,79.0,68.0,8.0,3.0
2021-08-05 23:15:47,86.0,77.0,4.0,5.0
2021-08-05 23:15:48,77.0,71.0,2.0,4.0
2021-08-05 23:15:49,80.0,70.0,9.0,1.0
2021-08-05 23:15:50,78.0,69.0,4.0,5.0
2021-08-05 23:15:51,70.0,60.0,8.0,2.0
2021-08-05 23:15:52,74.0,60.0,10.0,4.0
2021-08-05 23:15:53,78.0,71.0,4.0,3.0
2021-08-05 23:15:54,76.0,65.0,6.0,5.0
2021-08-05 23:15:55,75.0,65.0,5.0,5.0
2021-08-05 23:15:56,83.0,69.0,6.0,8.0
2021-08-05 23:15:57,68.0,66.0,2.0,0.0
2021-08-05 23:15:58,83.0,73.0,8.0,2.0
2021-08-05 23:15:59,77.0,66.0,8.0,3.0
2021-08-05 23:16:00,72.0,65.0,4.0,3.0
2021-08-05 23:16:01,72.0,68.0,3.0,1.0
2021-08-05 23:16:02,88.0,78.0,7.0,3.0
2021-08-05 23:16:03,67.0,58.0,5.0,4.0
2021-08-05 23:16:04,89.0,75.0,7.0,7.0
2021-08-05 23:16:05,91.0,75.0,9.0,7.0
2021-08-05 23:16:06,77.0,61.0,9.0,7.0
2021-08-05 23:16:07,83.0,72.0,7.0,4.0
2021-08-05 23:16:08,75.0,62.0,6.0,7.0
2021-08-05 23:16:09,65.0,57.0,5.0,3.0
2021-08-05 23:16:10,79.0,70.0,4.0,5.0
2021-08-05 23:16:11,64.0,54.0,4.0,6.0
2021-08-05 23:16:12,73.0,66.0,4.0,3.0
2021-08-05 23:16:13,64.0,56.0,5.0,3.0
2021-08-05 23:16:14,81.0,63.0,12.0,6.0
2021-08-05 23:16:15,75.0,68.0,6.0,1.0
2021-08-05 23:16:16,86.0,70.0,10.0,6.0
2021-08-05 23:16:17,76.0,64.0,5.0,7.0
2021-08-05 23:16:18,74.0,61.0,10.0,3.0
2021-08-05 23:16:19,79.0,69.0,5.0,5.0
2021-08-05 23:16:20,79.0,73.0,4.0,2.0
2021-08-05 23:16:21,85.0,76.0,7.0,2.0
2021-08-05 23:16:22,85.0,76.0,9.0,0.0
2021-08-05 23:16:23,77.0,66.0,9.0,2.0
2021-08-05 23:16:24,72.0,66.0,4.0,2.0
2021-08-05 23:16:25,72.0,61.0,6.0,5.0
2021-08-05 23:16:26,76.0,65.0,8.0,3.0
2021-08-05 23:16:27,77.0,69.0,7.0,1.0
2021-08-05 23:16:28,71.0,62.0,3.0,6.0
2021-08-05 23:16:29,80.0,68.0,6.0,6.0
2021-08-05 23:16:30,75.0,66.0,4.0,5.0
2021-08-05 23:16:31,61.0,54.0,6.0,1.0
2021-08-05 23:16:32,105.0,91.0,10.0,4.0
2021-08-05 23:16:33,80.0,68.0,7.0,5.0
2021-08-05 23:16:34,62.0,56.0,2.0,4.0
2021-08-05 23:16:35,82.0,71.0,7.0,4.0
2021-08-05 23:16:36,91.0,80.0,6.0,5.0
2021-08-05 23:16:37,84.0,76.0,5.0,3.0
2021-08-05 23:16:38,82.0,73.0,5.0,4.0
2021-08-05 23:16:39,78.0,66.0,10.0,2.0
2021-08-05 23:16:40,86.0,80.0,5.0,1.0
2021-08-05 23:16:41,84.0,72.0,7.0,5.0
2021-08-05 23:16:42,70.0,62.0,5.0,3.0
2021-08-05 23:16:43,94.0,79.0,7.0,8.0
2021-08-05 23:16:44,94.0,79.0,10.0,5.0
2021-08-05 23:16:45,76.0,65.0,4.0,7.0
2021-08-05 23:16:46,81.0,74.0,5.0,2.0
2021-08-05 23:16:47,90.0,81.0,3.0,6.0
2021-08-05 23:16:48,80.0,74.0,6.0,0.0
2021-08-05 23:16:49,86.0,68.0,11.0,7.0
2021-08-05 23:16:50,74.0,67.0,5.0,2.0
2021-08-05 23:16:51,76.0,67.0,7.0,2.0
2021-08-05 23:16:52,74.0,58.0,10.0,6.0
2021-08-05 23:16:53,83.0,70.0,6.0,7.0
2021-08-05 23:16:54,81.0,68.0,4.0,9.0
2021-08-05 23:16:55,81.0,71.0,4.0,6.0
2021-08-05 23:16:56,80.0,67.0,7.0,6.0
2021-08-05 23:16:57,100.0,89.0,4.0,7.0
2021-08-05 23:16:58,90.0,72.0,11.0,7.0
2021-08-05 23:16:59,93.0,87.0,4.0,2.0
2021-08-05 23:17:00,73.0,59.0,11.0,3.0
2021-08-05 23:17:01,96.0,84.0,8.0,4.0
2021-08-05 23:17:02,65.0,58.0,4.0,3.0
2021-08-05 23:17:03,77.0,65.0,6.0,6.0
2021-08-05 23:17:04,73.0,61.0,5.0,7.0
2021-08-05 23:17:05,81.0,71.0,7.0,3.0
2021-08-05 23:17:06,93.0,77.0,10.0,6.0
2021-08-05 23:17:07,90.0,81.0,3.0,6.0
2021-08-05 23:17:08,84.0,67.0,11.0,6.0
2021-08-05 23:17:09,93.0,84.0,5.0,4.0
2021-08-05 23:17:10,83.0,75.0,2.0,6.0
2021-08-05 23:17:11,103.0,92.0,5.0,6.0
2021-08-05 23:17:12,83.0,68.0,8.0,7.0
2021-08-05 23:17:13,93.0,81.0,9.0,3.0
2021-08-05 23:17:14,89.0,73.0,9.0,7.0
2021-08-05 23:17:15,96.0,88.0,2.0,6.0
2021-08-05 23:17:16,76.0,65.0,6.0,5.0
2021-08-05 23:17:17,75.0,67.0,5.0,3.0
2021-08-05 23:17:18,85.0,71.0,8.0,6.0
2021-08-05 23:17:19,77.0,66.0,5.0,6.0
2021-08-05 23:17:20,77.0,67.0,4.0,6.0
2021-08-05 23:17:21,76.0,64.0,5.0,7.0
2021-08-05 23:17:22,80.0,76.0,2.0,2.0
2021-08-05 23:17:23,103.0,87.0,8.0,8.0
2021-08-05 23:17:24,76.0,68.0,5.0,3.0
2021-08-05 23:17:25,77.0,72.0,4.0,1.0
2021-08-05 23:17:26,71.0,60.0,7.0,4.0
2021-08-05 23:17:27,84.0,77.0,3.0,4.0
2021-08-05 23:17:28,80.0,72.0,8.0,0.0
2021-08-05 23:17:29,66.0,57.0,4.0,5.0
2021-08-05 23:17:30,55.0,49.0,3.0,3.0
2021-08-05 23:17:31,85.0,72.0,11.0,2.0
2021-08-05 23:17:32,87.0,74.0,6.0,7.0
2021-08-05 23:17:33,79.0,70.0,7.0,2.0
2021-08-05 23:17:34,87.0,75.0,8.0,4.0
2021-08-05 23:17:35,81.0,71.0,5.0,5.0
2021-08-05 23:17:36,59.0,50.0,5.0,4.0
2021-08-05 23:17:37,83.0,71.0,8.0,4.0
2021-08-05 23:17:38,77.0,70.0,2.0,5.0
2021-08-05 23:17:39,81.0,77.0,3.0,1.0
2021-08-05 23:17:40,84.0,73.0,8.0,3.0
2021-08-05 23:17:41,92.0,83.0,3.0,6.0
2021-08-05 23:17:42,93.0,82.0,8.0,3.0
2021-08-05 23:17:43,83.0,72.0,4.0,7.0
2021-08-05 23:17:44,70.0,65.0,1.0,4.0
2021-08-05 23:17:45,69.0,55.0,10.0,4.0
2021-08-05 23:17:46,62.0,54.0,5.0,3.0
2021-08-05 23:17:47,95.0,81.0,11.0,3.0
2021-08-05 23:17:48,75.0,67.0,7.0,1.0
2021-08-05 23:17:49,73.0,69.0,3.0,1.0
2021-08-05 23:17:50,88.0,76.0,6.0,6.0
2021-08-05 23:17:51,88.0,75.0,10.0,3.0
2021-08-05 23:17:52,82.0,71.0,6.0,5.0
2021-08-05 23:17:53,74.0,66.0,6.0,2.0
2021-08-05 23:17:54,100.0,83.0,11.0,6.0
2021-08-05 23:17:55,92.0,83.0,5.0,4.0
2021-08-05 23:17:56,92.0,75.0,11.0,6.0
2021-08-05 23:17:57,84.0,75.0,3.0,6.0
2021-08-05 23:17:58,81.0,73.0,6.0,2.0
2021-08-05 23:17:59,94.0,81.0,8.0,5.0
2021-08-05 23:18:00,83.0,74.0,3.0,6.0
2021-08-05 23:18:01,86.0,77.0,6.0,3.0
2021-08-05 23:18:02,89.0,76.0,7.0,6.0
2021-08-05 23:18:03,91.0,78.0,7.0,6.0
2021-08-05 23:18:04,84.0,69.0,11.0,4.0
2021-08-05 23:18:05,85.0,74.0,6.0,5.0
2021-08-05 23:18:06,69.0,62.0,6.0,1.0
2021-08-05 23:18:07,98.0,86.0,7.0,5.0
2021-08-05 23:18:08,72.0,63.0,4.0,5.0
2021-08-05 23:18:09,79.0,64.0,12.0,3.0
2021-08-05 23:18:10,88.0,75.0,9.0,4.0
2021-08-05 23:18:11,76.0,60.0,10.0,6.0
2021-08-05 23:18:12,82.0,69.0,12.0,1.0
2021-08-05 23:18:13,75.0,68.0,4.0,3.0
2021-08-05 23:18:14,74.0,61.0,4.0,9.0
2021-08-05 23:18:15,87.0,75.0,9.0,3.0
2021-08-05 23:18:16,73.0,62.0,7.0,4.0
2021-08-05 23:18:17,70.0,63.0,2.0,5.0
2021-08-05 23:18:18,95.0,82.0,9.0,4.0
2021-08-05 23:18:19,85.0,72.0,10.0,3.0
2021-08-05 23:18:20,80.0,60.0,16.0,4.0
2021-08-05 23:18:21,69.0,54.0,9.0,6.0
2021-08-05 23:18:22,78.0,69.0,4.0,5.0
2021-08-05 23:18:23,90.0,85.0,3.0,2.0
2021-08-05 23:18:24,99.0,91.0,4.0,4.0
2021-08-05 23:18:25,64.0,55.0,7.0,2.0
2021-08-05 23:18:26,83.0,76.0,5.0,2.0
2021-08-05 23:18:27,81.0,65.0,9.0,7.0
2021-08-05 23:18:28,77.0,65.0,6.0,6.0
2021-08-05 23:18:29,69.0,59.0,7.0,3.0
2021-08-05 23:18:30,92.0,83.0,7.0,2.0
2021-08-05 23:18:31,70.0,64.0,3.0,3.0
2021-08-05 23:18:32,79.0,66.0,9.0,4.0
2021-08-05 23:18:33,68.0,60.0,5.0,3.0
2021-08-05 23:18:34,77.0,67.0,3.0,7.0
2021-08-05 23:18:35,74.0,63.0,7.0,4.0
2021-08-05 23:18:36,85.0,69.0,7.0,9.0
2021-08-05 23:18:37,81.0,67.0,9.0,5.0
2021-08-05 23:18:38,68.0,60.0,6.0,2.0
2021-08-05 23:18:39,78.0,61.0,8.0,9.0
2021-08-05 23:18:40,82.0,78.0,1.0,3.0
2021-08-05 23:18:41,75.0,61.0,10.0,4.0
2021-08-05 23:18:42,74.0,60.0,8.0,6.0
2021-08-05 23:18:43,75.0,71.0,3.0,1.0
2021-08-05 23:18:44,72.0,62.0,6.0,4.0
2021-08-05 23:18:45,73.0,63.0,5.0,5.0
2021-08-05 23:18:46,72.0,60.0,5.0,7.0
2021-08-05 23:18:47,78.0,65.0,9.0,4.0
2021-08-05 23:18:48,77.0,67.0,7.0,3.0
2021-08-05 23:18:49,99.0,82.0,8.0,9.0
2021-08-05 23:18:50,98.0,82.0,12.0,4.0
2021-08-05 23:18:51,96.0,78.0,8.0,10.0
2021-08-05 23:18:52,89.0,80.0,6.0,3.0
2021-08-05 23:18:53,77.0,70.0,4.0,3.0
2021-08-05 23:18:54,75.0,69.0,4.0,2.0
2021-08-05 23:18:55,89.0,76.0,7.0,6.0
2021-08-05 23:18:56,70.0,61.0,6.0,3.0
2021-08-05 23:18:57,98.0,85.0,8.0,5.0
2021-08-05 23:18:58,78.0,70.0,3.0,5.0
2021-08-05 23:18:59,81.0,72.0,5.0,4.0
2021-08-05 23:19:00,85.0,71.0,7.0,7.0
2021-08-05 23:19:01,79.0,70.0,3.0,6.0
2021-08-05 23:19:02,81.0,69.0,9.0,3.0
2021-08-05 23:19:03,82.0,78.0,3.0,1.0
2021-08-05 23:19:04,95.0,80.0,11.0,4.0
2021-08-05 23:19:05,81.0,70.0,7.0,4.0
2021-08-05 23:19:06,76.0,65.0,8.0,3.0
2021-08-05 23:19:07,82.0,71.0,5.0,6.0
2021-08-05 23:19:08,77.0,64.0,10.0,3.0
2021-08-05 23:19:09,83.0,70.0,6.0,7.0
2021-08-05 23:19:10,72.0,59.0,10.0,3.0
2021-08-05 23:19:11,83.0,70.0,7.0,6.0
2021-08-05 23:19:12,80.0,68.0,7.0,5.0
2021-08-05 23:19:13,86.0,74.0,7.0,5.0
2021-08-05 23:19:14,92.0,80.0,6.0,6.0
2021-08-05 23:19:15,77.0,64.0,7.0,6.0
2021-08-05 23:19:16,82.0,67.0,10.0,5.0
2021-08-05 23:19:17,73.0,65.0,6.0,2.0
2021-08-05 23:19:18,86.0,73.0,9.0,4.0
2021-08-05 23:19:19,86.0,74.0,8.0,4.0
2021-08-05 23:19:20,91.0,82.0,7.0,2.0
2021-08-05 23:19:21,79.0,74.0,1.0,4.0
2021-08-05 23:19:22,103.0,91.0,2.0,10.0
2021-08-05 23:19:23,81.0,71.0,7.0,3.0
2021-08-05 23:19:24,82.0,71.0,6.0,5.0
2021-08-05 23:19:25,68.0,57.0,6.0,5.0
2021-08-05 23:19:26,100.0,87.0,7.0,6.0
2021-08-05 23:19:27,77.0,64.0,8.0,5.0
2021-08-05 23:19:28,80.0,66.0,10.0,4.0
2021-08-05 23:19:29,88.0,72.0,12.0,4.0
2021-08-05 23:19:30,87.0,75.0,6.0,6.0
2021-08-05 23:19:31,88.0,75.0,9.0,4.0
2021-08-05 23:19:32,71.0,64.0,6.0,1.0
2021-08-05 23:19:33,92.0,81.0,5.0,6.0
2021-08-05 23:19:34,77.0,69.0,6.0,2.0
2021-08-05 23:19:35,88.0,81.0,4.0,3.0
2021-08-05 23:19:36,94.0,79.0,8.0,7.0
2021-08-05 23:19:37,77.0,65.0,7.0,5.0
2021-08-05 23:19:38,72.0,67.0,3.0,2.0
2021-08-05 23:19:39,90.0,79.0,7.0,4.0
2021-08-05 23:19:40,83.0,73.0,5.0,5.0
2021-08-05 23:19:41,93.0,81.0,4.0,8.0
2021-08-05 23:19:42,80.0,71.0,6.0,3.0
2021-08-05 23:19:43,70.0,62.0,3.0,5.0
2021-08-05 23:19:44,80.0,70.0,5.0,5.0
2021-08-05 23:19:45,90.0,81.0,6.0,3.0
2021-08-05 23:19:46,80.0,69.0,4.0,7.0
2021-08-05 23:19:47,88.0,81.0,4.0,3.0
2021-08-05 23:19:48,94.0,81.0,9.0,4.0
2021-08-05 23:19:49,94.0,82.0,8.0,4.0
2021-08-05 23:19:50,79.0,69.0,6.0,4.0
2021-08-05 23:19:51,78.0,67.0,7.0,4.0
2021-08-05 23:19:52,74.0,63.0,9.0,2.0
2021-08-05 23:19:53,87.0,79.0,6.0,2.0
2021-08-05 23:19:54,86.0,76.0,6.0,4.0
2021-08-05 23:19:55,80.0,70.0,4.0,6.0
2021-08-05 23:19:56,87.0,71.0,13.0,3.0
2021-08-05 23:19:57,64.0,58.0,3.0,3.0
2021-08-05 23:19:58,78.0,69.0,7.0,2.0
2021-08-05 23:19:59,76.0,67.0,5.0,4.0
2021-08-05 23:20:00,98.0,85.0,11.0,2.0
2021-08-05 23:20:01,78.0,68.0,5.0,5.0
2021-08-05 23:20:02,81.0,72.0,7.0,2.0
2021-08-05 23:20:03,89.0,80.0,2.0,7.0
2021-08-05 23:20:04,79.0,73.0,0.0,6.0
2021-08-05 23:20:05,71.0,61.0,8.0,2.0
2021-08-05 23:20:06,90.0,78.0,4.0,8.0
2021-08-05 23:20:07,64.0,51.0,8.0,5.0
2021-08-05 23:20:08,89.0,81.0,4.0,4.0
2021-08-05 23:20:09,90.0,79.0,7.0,4.0
2021-08-05 23:20:10,86.0,79.0,4.0,3.0
2021-08-05 23:20:11,81.0,65.0,10.0,6.0
2021-08-05 23:20:12,69.0,65.0,2.0,2.0
2021-08-05 23:20:13,99.0,92.0,5.0,2.0
2021-08-05 23:20:14,71.0,64.0,5.0,2.0
2021-08-05 23:20:15,78.0,64.0,9.0,5.0
2021-08-05 23:20:16,76.0,68.0,5.0,3.0
2021-08-05 23:20:17,72.0,58.0,7.0,7.0
2021-08-05 23:20:18,83.0,72.0,6.0,5.0
2021-08-05 23:20:19,78.0,65.0,7.0,6.0
2021-08-05 23:20:20,82.0,71.0,6.0,5.0
2021-08-05 23:20:21,94.0,85.0,4.0,5.0
2021-08-05 23:20:22,75.0,66.0,8.0,1.0
2021-08-05 23:20:23,66.0,54.0,8.0,4.0
2021-08-05 23:20:24,81.0,74.0,4.0,3.0
2021-08-05 23:20:25,80.0,73.0,6.0,1.0
2021-08-05 23:20:26,75.0,63.0,11.0,1.0
2021-08-05 23:20:27,71.0,60.0,5.0,6.0
2021-08-05 23:20:28,61.0,54.0,4.0,3.0
2021-08-05 23:20:29,77.0,63.0,10.0,4.0
2021-08-05 23:20:30,91.0,82.0,7.0,2.0
2021-08-05 23:20:31,76.0,67.0,5.0,4.0
2021-08-05 23:20:32,74.0,63.0,4.0,7.0
2021-08-05 23:20:33,62.0,54.0,7.0,1.0
2021-08-05 23:20:34,89.0,77.0,10.0,2.0
2021-08-05 23:20:35,94.0,85.0,6.0,3.0
2021-08-05 23:20:36,92.0,77.0,10.0,5.0
2021-08-05 23:20:37,74.0,64.0,5.0,5.0
2021-08-05 23:20:38,81.0,70.0,6.0,5.0
2021-08-05 23:20:39,88.0,75.0,10.0,3.0
2021-08-05 23:20:40,85.0,70.0,8.0,7.0
2021-08-05 23:20:41,70.0,64.0,2.0,4.0
2021-08-05 23:20:42,92.0,72.0,12.0,8.0
2021-08-05 23:20:43,93.0,79.0,6.0,8.0
2021-08-05 23:20:44,79.0,68.0,7.0,4.0
2021-08-05 23:20:45,74.0,63.0,7.0,4.0
2021-08-05 23:20:46,79.0,64.0,10.0,5.0
2021-08-05 23:20:47,81.0,71.0,8.0,2.0
2021-08-05 23:20:48,79.0,65.0,10.0,4.0
2021-08-05 23:20:49,81.0,70.0,7.0,4.0
2021-08-05 23:20:50,81.0,72.0,6.0,3.0
2021-08-05 23:20:51,77.0,65.0,7.0,5.0
2021-08-05 23:20:52,59.0,51.0,4.0,4.0
2021-08-05 23:20:53,82.0,72.0,5.0,5.0
2021-08-05 23:20:54,80.0,73.0,4.0,3.0
2021-08-05 23:20:55,84.0,69.0,10.0,5.0
2021-08-05 23:20:56,92.0,80.0,9.0,3.0
2021-08-05 23:20:57,55.0,48.0,6.0,1.0
2021-08-05 23:20:58,86.0,76.0,9.0,1.0
2021-08-05 23:20:59,83.0,71.0,5.0,7.0
2021-08-05 23:21:00,71.0,61.0,5.0,5.0
2021-08-05 23:21:01,82.0,76.0,4.0,2.0
2021-08-05 23:21:02,76.0,65.0,8.0,3.0
2021-08-05 23:21:03,90.0,79.0,7.0,4.0
2021-08-05 23:21:04,68.0,58.0,6.0,4.0
2021-08-05 23:21:05,105.0,93.0,8.0,4.0
2021-08-05 23:21:06,57.0,48.0,5.0,4.0
2021-08-05 23:21:07,90.0,80.0,6.0,4.0
2021-08-05 23:21:08,68.0,60.0,3.0,5.0
2021-08-05 23:21:09,77.0,71.0,3.0,3.0
2021-08-05 23:21:10,81.0,68.0,7.0,6.0
2021-08-05 23:21:11,83.0,66.0,7.0,10.0
2021-08-05 23:21:12,83.0,72.0,6.0,5.0
2021-08-05 23:21:13,75.0,60.0,10.0,5.0
2021-08-05 23:21:14,85.0,80.0,5.0,0.0
2021-08-05 23:21:15,76.0,62.0,11.0,3.0
2021-08-05 23:21:16,88.0,77.0,9.0,2.0
2021-08-05 23:21:17,92.0,85.0,3.0,4.0
2021-08-05 23:21:18,102.0,89.0,10.0,3.0
2021-08-05 23:21:19,77.0,64.0,10.0,3.0
2021-08-05 23:21:20,77.0,67.0,5.0,5.0
2021-08-05 23:21:21,68.0,63.0,5.0,0.0
2021-08-05 23:21:22,81.0,71.0,6.0,4.0
2021-08-05 23:21:23,82.0,69.0,6.0,7.0
2021-08-05 23:21:24,65.0,53.0,9.0,3.0
2021-08-05 23:21:25,89.0,82.0,5.0,2.0
2021-08-05 23:21:26,63.0,55.0,5.0,3.0
2021-08-05 23:21:27,66.0,56.0,9.0,1.0
2021-08-05 23:21:28,105.0,89.0,11.0,5.0
2021-08-05 23:21:29,79.0,72.0,5.0,2.0
2021-08-05 23:21:30,93.0,83.0,6.0,4.0
2021-08-05 23:21:31,84.0,75.0,5.0,4.0
2021-08-05 23:21:32,92.0,79.0,9.0,4.0
2021-08-05 23:21:33,73.0,65.0,4.0,4.0
2021-08-05 23:21:34,73.0,64.0,7.0,2.0
2021-08-05 23:21:35,87.0,71.0,12.0,4.0
2021-08-05 23:21:36,98.0,84.0,8.0,6.0
2021-08-05 23:21:37,78.0,71.0,5.0,2.0
2021-08-05 23:21:38,90.0,84.0,5.0,1.0
2021-08-05 23:21:39,90.0,78.0,9.0,3.0
2021-08-05 23:21:40,81.0,73.0,6.0,2.0
2021-08-05 23:21:41,86.0,80.0,4.0,2.0
2021-08-05 23:21:42,50.0,43.0,4.0,3.0
2021-08-05 23:21:43,79.0,73.0,5.0,1.0
2021-08-05 23:21:44,72.0,63.0,5.0,4.0
2021-08-05 23:21:45,108.0,94.0,9.0,5.0
2021-08-05 23:21:46,93.0,73.0,11.0,9.0
2021-08-05 23:21:47,83.0,71.0,8.0,4.0
2021-08-05 23:21:48,81.0,71.0,7.0,3.0
2021-08-05 23:21:49,65.0,55.0,7.0,3.0
2021-08-05 23:21:50,75.0,66.0,7.0,2.0
2021-08-05 23:21:51,76.0,66.0,7.0,3.0
2021-08-05 23:21:52,87.0,77.0,8.0,2.0
2021-08-05 23:21:53,77.0,70.0,3.0,4.0
2021-08-05 23:21:54,91.0,82.0,6.0,3.0
2021-08-05 23:21:55,82.0,73.0,4.0,5.0
2021-08-05 23:21:56,81.0,71.0,8.0,2.0
2021-08-05 23:21:57,72.0,61.0,7.0,4.0
2021-08-05 23:21:58,83.0,73.0,6.0,4.0
2021-08-05 23:21:59,68.0,60.0,4.0,4.0
2021-08-05 23:22:00,83.0,70.0,8.0,5.0
2021-08-05 23:22:01,90.0,79.0,5.0,6.0
2021-08-05 23:22:02,88.0,78.0,3.0,7.0
2021-08-05 23:22:03,94.0,76.0,12.0,6.0
2021-08-05 23:22:04,65.0,53.0,5.0,7.0
2021-08-05 23:22:05,69.0,57.0,8.0,4.0
2021-08-05 23:22:06,75.0,71.0,2.0,2.0
2021-08-05 23:22:07,95.0,77.0,11.0,7.0
2021-08-05 23:22:08,77.0,64.0,5.0,8.0
2021-08-05 23:22:09,80.0,67.0,10.0,3.0
2021-08-05 23:22:10,94.0,88.0,3.0,3.0
2021-08-05 23:22:11,82.0,73.0,6.0,3.0
2021-08-05 23:22:12,84.0,72.0,8.0,4.0
2021-08-05 23:22:13,69.0,62.0,4.0,3.0
2021-08-05 23:22:14,85.0,75.0,5.0,5.0
2021-08-05 23:22:15,71.0,60.0,10.0,1.0
2021-08-05 23:22:16,69.0,57.0,8.0,4.0
2021-08-05 23:22:17,70.0,62.0,3.0,5.0
2021-08-05 23:22:18,82.0,67.0,11.0,4.0
2021-08-05 23:22:19,89.0,78.0,7.0,4.0
2021-08-05 23:22:20,84.0,70.0,9.0,5.0
2021-08-05 23:22:21,74.0,67.0,4.0,3.0
2021-08-05 23:22:22,71.0,58.0,8.0,5.0
2021-08-05 23:22:23,75.0,65.0,7.0,3.0
2021-08-05 23:22:24,75.0,61.0,8.0,6.0
2021-08-05 23:22:25,75.0,64.0,6.0,5.0
2021-08-05 23:22:26,76.0,61.0,8.0,7.0
2021-08-05 23:22:27,76.0,66.0,7.0,3.0
2021-08-05 23:22:28,68.0,61.0,4.0,3.0
2021-08-05 23:22:29,90.0,81.0,9.0,0.0
2021-08-05 23:22:30,72.0,61.0,5.0,6.0
2021-08-05 23:22:31,64.0,48.0,9.0,7.0
2021-08-05 23:22:32,79.0,71.0,3.0,5.0
2021-08-05 23:22:33,83.0,75.0,4.0,4.0
2021-08-05 23:22:34,76.0,63.0,8.0,5.0
2021-08-05 23:22:35,92.0,74.0,10.0,8.0
2021-08-05 23:22:36,78.0,70.0,6.0,2.0
2021-08-05 23:22:37,82.0,72.0,7.0,3.0
2021-08-05 23:22:38,78.0,70.0,5.0,3.0
2021-08-05 23:22:39,84.0,82.0,2.0,0.0
2021-08-05 23:22:40,95.0,84.0,6.0,5.0
2021-08-05 23:22:41,85.0,68.0,10.0,7.0
2021-08-05 23:22:42,76.0,68.0,5.0,3.0
2021-08-05 23:22:43,75.0,65.0,7.0,3.0
2021-08-05 23:22:44,77.0,64.0,9.0,4.0
2021-08-05 23:22:45,75.0,67.0,7.0,1.0
2021-08-05 23:22:46,72.0,65.0,5.0,2.0
2021-08-05 23:22:47,77.0,69.0,5.0,3.0
2021-08-05 23:22:48,93.0,79.0,9.0,5.0
2021-08-05 23:22:49,83.0,69.0,10.0,4.0
2021-08-05 23:22:50,70.0,62.0,7.0,1.0
2021-08-05 23:22:51,69.0,58.0,6.0,5.0
2021-08-05 23:22:52,99.0,80.0,10.0,9.0
2021-08-05 23:22:53,89.0,76.0,6.0,7.0
2021-08-05 23:22:54,78.0,72.0,4.0,2.0
2021-08-05 23:22:55,95.0,82.0,8.0,5.0
2021-08-05 23:22:56,70.0,60.0,7.0,3.0
2021-08-05 23:22:57,88.0,79.0,5.0,4.0
2021-08-05 23:22:58,60.0,50.0,4.0,6.0
2021-08-05 23:22:59,65.0,55.0,9.0,1.0
2021-08-05 23:23:00,76.0,67.0,5.0,4.0
2021-08-05 23:23:01,70.0,62.0,4.0,4.0
2021-08-05 23:23:02,81.0,70.0,6.0,5.0
2021-08-05 23:23:03,86.0,75.0,5.0,6.0
2021-08-05 23:23:04,68.0,62.0,2.0,4.0
2021-08-05 23:23:05,70.0,66.0,1.0,3.0
2021-08-05 23:23:06,80.0,69.0,8.0,3.0
2021-08-05 23:23:07,80.0,73.0,2.0,5.0
2021-08-05 23:23:08,75.0,64.0,7.0,4.0
2021-08-05 23:23:09,79.0,72.0,6.0,1.0
2021-08-05 23:23:10,93.0,83.0,5.0,5.0
2021-08-05 23:23:11,75.0,66.0,5.0,4.0
2021-08-05 23:23:12,85.0,77.0,3.0,5.0
2021-08-05 23:23:13,72.0,63.0,7.0,2.0
2021-08-05 23:23:14,81.0,66.0,11.0,4.0
2021-08-05 23:23:15,87.0,77.0,6.0,4.0
2021-08-05 23:23:16,103.0,91.0,6.0,6.0
2021-08-05 23:23:17,71.0,60.0,10.0,1.0
2021-08-05 23:23:18,91.0,80.0,8.0,3.0
2021-08-05 23:23:19,93.0,78.0,12.0,3.0
2021-08-05 23:23:20,81.0,68.0,8.0,5.0
2021-08-05 23:23:21,73.0,60.0,7.0,6.0
2021-08-05 23:23:22,70.0,58.0,4.0,8.0
2021-08-05 23:23:23,82.0,70.0,9.0,3.0
2021-08-05 23:23:24,72.0,66.0,4.0,2.0
2021-08-05 23:23:25,90.0,78.0,8.0,4.0
2021-08-05 23:23:26,77.0,71.0,5.0,1.0
2021-08-05 23:23:27,74.0,63.0,5.0,6.0
2021-08-05 23:23:28,85.0,67.0,10.0,8.0
2021-08-05 23:23:29,93.0,86.0,4.0,3.0
2021-08-05 23:23:30,95.0,87.0,4.0,4.0
2021-08-05 23:23:31,80.0,69.0,8.0,3.0
2021-08-05 23:23:32,84.0,73.0,5.0,6.0
2021-08-05 23:23:33,85.0,76.0,5.0,4.0
2021-08-05 23:23:34,88.0,78.0,3.0,7.0
2021-08-05 23:23:35,72.0,63.0,6.0,3.0
2021-08-05 23:23:36,89.0,77.0,6.0,6.0
2021-08-05 23:23:37,92.0,81.0,7.0,4.0
2021-08-05 23:23:38,81.0,70.0,6.0,5.0
2021-08-05 23:23:39,95.0,88.0,3.0,4.0
2021-08-05 23:23:40,76.0,69.0,3.0,4.0
2021-08-05 23:23:41,96.0,82.0,11.0,3.0
2021-08-05 23:23:42,71.0,59.0,8.0,4.0
2021-08-05 23:23:43,53.0,42.0,8.0,3.0
2021-08-05 23:23:44,85.0,75.0,5.0,5.0
2021-08-05 23:23:45,80.0,64.0,8.0,8.0
2021-08-05 23:23:46,91.0,73.0,9.0,9.0
2021-08-05 23:23:47,77.0,61.0,6.0,10.0
2021-08-05 23:23:48,78.0,70.0,5.0,3.0
2021-08-05 23:23:49,73.0,65.0,4.0,4.0
2021-08-05 23:23:50,70.0,59.0,8.0,3.0
2021-08-05 23:23:51,75.0,64.0,6.0,5.0
2021-08-05 23:23:52,79.0,68.0,10.0,1.0
2021-08-05 23:23:53,72.0,62.0,5.0,5.0
2021-08-05 23:23:54,93.0,78.0,9.0,6.0
2021-08-05 23:23:55,67.0,53.0,6.0,8.0
2021-08-05 23:23:56,80.0,69.0,9.0,2.0
2021-08-05 23:23:57,79.0,64.0,9.0,6.0
2021-08-05 23:23:58,69.0,61.0,3.0,5.0
2021-08-05 23:23:59,83.0,71.0,5.0,7.0
2021-08-05 23:24:00,80.0,64.0,10.0,6.0
2021-08-05 23:24:01,65.0,56.0,5.0,4.0
2021-08-05 23:24:02,76.0,66.0,5.0,5.0
2021-08-05 23:24:03,70.0,60.0,5.0,5.0
2021-08-05 23:24:04,86.0,72.0,5.0,9.0
2021-08-05 23:24:05,85.0,78.0,5.0,2.0
2021-08-05 23:24:06,70.0,65.0,1.0,4.0
2021-08-05 23:24:07,86.0,77.0,5.0,4.0
2021-08-05 23:24:08,68.0,57.0,6.0,5.0
2021-08-05 23:24:09,88.0,78.0,6.0,4.0
2021-08-05 23:24:10,90.0,78.0,7.0,5.0
2021-08-05 23:24:11,71.0,66.0,4.0,1.0
2021-08-05 23:24:12,88.0,81.0,7.0,0.0
2021-08-05 23:24:13,82.0,72.0,8.0,2.0
2021-08-05 23:24:14,93.0,81.0,8.0,4.0
2021-08-05 23:24:15,72.0,65.0,7.0,0.0
2021-08-05 23:24:16,89.0,78.0,6.0,5.0
2021-08-05 23:24:17,79.0,74.0,4.0,1.0
2021-08-05 23:24:18,52.0,45.0,4.0,3.0
2021-08-05 23:24:19,88.0,74.0,6.0,8.0
2021-08-05 23:24:20,87.0,77.0,6.0,4.0
2021-08-05 23:24:21,86.0,76.0,5.0,5.0
2021-08-05 23:24:22,93.0,80.0,4.0,9.0
2021-08-05 23:24:23,80.0,72.0,6.0,2.0
2021-08-05 23:24:24,71.0,63.0,6.0,2.0
2021-08-05 23:24:25,75.0,69.0,3.0,3.0
2021-08-05 23:24:26,76.0,70.0,4.0,2.0
2021-08-05 23:24:27,91.0,82.0,5.0,4.0
2021-08-05 23:24:28,72.0,66.0,4.0,2.0
2021-08-05 23:24:29,85.0,70.0,10.0,5.0
2021-08-05 23:24:30,79.0,71.0,5.0,3.0
2021-08-05 23:24:31,65.0,54.0,7.0,4.0
2021-08-05 23:24:32,71.0,60.0,8.0,3.0
2021-08-05 23:24:33,78.0,67.0,8.0,3.0
2021-08-05 23:24:34,94.0,82.0,5.0,7.0
2021-08-05 23:24:35,89.0,74.0,10.0,5.0
2021-08-05 23:24:36,74.0,62.0,7.0,5.0
2021-08-05 23:24:37,76.0,71.0,2.0,3.0
2021-08-05 23:24:38,84.0,76.0,6.0,2.0
2021-08-05 23:24:39,68.0,62.0,4.0,2.0
2021-08-05 23:24:40,82.0,71.0,10.0,1.0
2021-08-05 23:24:41,80.0,71.0,8.0,1.0
2021-08-05 23:24:42,77.0,67.0,6.0,4.0
2021-08-05 23:24:43,77.0,64.0,8.0,5.0
2021-08-05 23:24:44,82.0,68.0,10.0,4.0
2021-08-05 23:24:45,78.0,71.0,5.0,2.0
2021-08-05 23:24:46,75.0,69.0,4.0,2.0
2021-08-05 23:24:47,85.0,72.0,9.0,4.0
2021-08-05 23:24:48,73.0,69.0,3.0,1.0
2021-08-05 23:24:49,83.0,74.0,4.0,5.0
2021-08-05 23:24:50,79.0,72.0,3.0,4.0
2021-08-05 23:24:51,96.0,80.0,12.0,4.0
2021-08-05 23:24:52,77.0,63.0,10.0,4.0
2021-08-05 23:24:53,72.0,63.0,6.0,3.0
2021-08-05 23:24:54,99.0,81.0,11.0,7.0
2021-08-05 23:24:55,89.0,80.0,7.0,2.0
2021-08-05 23:24:56,77.0,70.0,6.0,1.0
2021-08-05 23:24:57,73.0,62.0,7.0,4.0
2021-08-05 23:24:58,86.0,75.0,9.0,2.0
2021-08-05 23:24:59,86.0,71.0,8.0,7.0
2021-08-05 23:25:00,68.0,61.0,5.0,2.0
2021-08-05 23:25:01,97.0,86.0,5.0,6.0
2021-08-05 23:25:02,66.0,55.0,8.0,3.0
2021-08-05 23:25:03,84.0,73.0,7.0,4.0
2021-08-05 23:25:04,91.0,78.0,7.0,6.0
2021-08-05 23:25:05,75.0,63.0,8.0,4.0
2021-08-05 23:25:06,72.0,63.0,4.0,5.0
2021-08-05 23:25:07,70.0,65.0,2.0,3.0
2021-08-05 23:25:08,85.0,74.0,4.0,7.0
2021-08-05 23:25:09,84.0,65.0,11.0,8.0
2021-08-05 23:25:10,82.0,69.0,10.0,3.0
2021-08-05 23:25:11,95.0,87.0,6.0,2.0
2021-08-05 23:25:12,83.0,71.0,9.0,3.0
2021-08-05 23:25:13,88.0,79.0,4.0,5.0
2021-08-05 23:25:14,68.0,56.0,8.0,4.0
2021-08-05 23:25:15,72.0,67.0,2.0,3.0
2021-08-05 23:25:16,85.0,80.0,3.0,2.0
2021-08-05 23:25:17,83.0,70.0,7.0,6.0
2021-08-05 23:25:18,89.0,79.0,5.0,5.0
2021-08-05 23:25:19,79.0,70.0,5.0,4.0
2021-08-05 23:25:20,73.0,68.0,2.0,3.0
2021-08-05 23:25:21,81.0,68.0,8.0,5.0
2021-08-05 23:25:22,73.0,67.0,5.0,1.0
2021-08-05 23:25:23,65.0,55.0,3.0,7.0
2021-08-05 23:25:24,79.0,68.0,9.0,2.0
2021-08-05 23:25:25,75.0,67.0,6.0,2.0
2021-08-05 23:25:26,62.0,53.0,3.0,6.0
2021-08-05 23:25:27,68.0,62.0,5.0,1.0
2021-08-05 23:25:28,93.0,80.0,8.0,5.0
2021-08-05 23:25:29,73.0,62.0,7.0,4.0
2021-08-05 23:25:30,84.0,72.0,10.0,2.0
2021-08-05 23:25:31,83.0,76.0,2.0,5.0
2021-08-05 23:25:32,86.0,73.0,7.0,6.0
2021-08-05 23:25:33,77.0,69.0,4.0,4.0
2021-08-05 23:25:34,93.0,80.0,6.0,7.0
2021-08-05 23:25:35,90.0,73.0,12.0,5.0
2021-08-05 23:25:36,85.0,70.0,8.0,7.0
2021-08-05 23:25:37,94.0,79.0,10.0,5.0
2021-08-05 23:25:38,93.0,83.0,6.0,4.0
2021-08-05 23:25:39,76.0,66.0,4.0,6.0
2021-08-05 23:25:40,80.0,68.0,7.0,5.0
2021-08-05 23:25:41,84.0,67.0,10.0,7.0
2021-08-05 23:25:42,94.0,85.0,4.0,5.0
2021-08-05 23:25:43,81.0,71.0,2.0,8.0
2021-08-05 23:25:44,78.0,65.0,9.0,4.0
2021-08-05 23:25:45,92.0,72.0,11.0,9.0
2021-08-05 23:25:46,98.0,88.0,7.0,3.0
2021-08-05 23:25:47,84.0,74.0,5.0,5.0
2021-08-05 23:25:48,83.0,72.0,6.0,5.0
2021-08-05 23:25:49,83.0,73.0,5.0,5.0
2021-08-05 23:25:50,66.0,53.0,5.0,8.0
2021-08-05 23:25:51,85.0,71.0,9.0,5.0
2021-08-05 23:25:52,98.0,85.0,9.0,4.0
2021-08-05 23:25:53,85.0,74.0,6.0,5.0
2021-08-05 23:25:54,73.0,64.0,7.0,2.0
2021-08-05 23:25:55,78.0,67.0,7.0,4.0
2021-08-05 23:25:56,67.0,57.0,7.0,3.0
2021-08-05 23:25:57,81.0,73.0,5.0,3.0
2021-08-05 23:25:58,85.0,78.0,4.0,3.0
2021-08-05 23:25:59,84.0,68.0,8.0,8.0
2021-08-05 23:26:00,75.0,65.0,6.0,4.0
2021-08-05 23:26:01,83.0,74.0,4.0,5.0
2021-08-05 23:26:02,90.0,79.0,8.0,3.0
2021-08-05 23:26:03,71.0,67.0,3.0,1.0
2021-08-05 23:26:04,76.0,59.0,13.0,4.0
2021-08-05 23:26:05,73.0,66.0,5.0,2.0
2021-08-05 23:26:06,80.0,66.0,7.0,7.0
2021-08-05 23:26:07,77.0,70.0,3.0,4.0
2021-08-05 23:26:08,78.0,70.0,5.0,3.0
2021-08-05 23:26:09,85.0,71.0,7.0,7.0
2021-08-05 23:26:10,83.0,68.0,10.0,5.0
2021-08-05 23:26:11,63.0,56.0,3.0,4.0
2021-08-05 23:26:12,85.0,71.0,10.0,4.0
2021-08-05 23:26:13,77.0,67.0,4.0,6.0
2021-08-05 23:26:14,88.0,74.0,7.0,7.0
2021-08-05 23:26:15,85.0,75.0,7.0,3.0
2021-08-05 23:26:16,98.0,80.0,13.0,5.0
2021-08-05 23:26:17,94.0,80.0,10.0,4.0
2021-08-05 23:26:18,79.0,62.0,10.0,7.0
2021-08-05 23:26:19,83.0,76.0,3.0,4.0
2021-08-05 23:26:20,73.0,63.0,8.0,2.0
2021-08-05 23:26:21,94.0,79.0,10.0,5.0
2021-08-05 23:26:22,73.0,68.0,3.0,2.0
2021-08-05 23:26:23,85.0,75.0,6.0,4.0
2021-08-05 23:26:24,72.0,62.0,6.0,4.0
2021-08-05 23:26:25,94.0,80.0,11.0,3.0
2021-08-05 23:26:26,98.0,81.0,10.0,7.0
2021-08-05 23:26:27,70.0,62.0,5.0,3.0
2021-08-05 23:26:28,98.0,77.0,15.0,6.0
2021-08-05 23:26:29,69.0,60.0,6.0,3.0
2021-08-05 23:26:30,85.0,75.0,5.0,5.0
2021-08-05 23:26:31,85.0,71.0,10.0,4.0
2021-08-05 23:26:32,76.0,72.0,3.0,1.0
2021-08-05 23:26:33,74.0,63.0,9.0,2.0
2021-08-05 23:26:34,74.0,67.0,6.0,1.0
2021-08-05 23:26:35,71.0,63.0,6.0,2.0
2021-08-05 23:26:36,74.0,64.0,5.0,5.0
2021-08-05 23:26:37,80.0,66.0,8.0,6.0
2021-08-05 23:26:38,72.0,64.0,3.0,5.0
2021-08-05 23:26:39,71.0,63.0,5.0,3.0
2021-08-05 23:26:40,86.0,81.0,4.0,1.0
2021-08-05 23:26:41,76.0,70.0,2.0,4.0
2021-08-05 23:26:42,80.0,71.0,7.0,2.0
2021-08-05 23:26:43,74.0,64.0,6.0,4.0
2021-08-05 23:26:44,93.0,77.0,6.0,10.0
2021-08-05 23:26:45,63.0,51.0,5.0,7.0
2021-08-05 23:26:46,94.0,81.0,10.0,3.0
2021-08-05 23:26:47,71.0,64.0,6.0,1.0
2021-08-05 23:26:48,64.0,53.0,6.0,5.0
2021-08-05 23:26:49,90.0,82.0,6.0,2.0
2021-08-05 23:26:50,80.0,71.0,5.0,4.0
2021-08-05 23:26:51,76.0,61.0,12.0,3.0
2021-08-05 23:26:52,79.0,67.0,10.0,2.0
2021-08-05 23:26:53,82.0,70.0,7.0,5.0
2021-08-05 23:26:54,83.0,69.0,11.0,3.0
2021-08-05 23:26:55,77.0,71.0,3.0,3.0
2021-08-05 23:26:56,93.0,79.0,8.0,6.0
2021-08-05 23:26:57,89.0,78.0,8.0,3.0
2021-08-05 23:26:58,67.0,64.0,2.0,1.0
2021-08-05 23:26:59,70.0,63.0,4.0,3.0
2021-08-05 23:27:00,92.0,83.0,7.0,2.0
2021-08-05 23:27:01,76.0,68.0,4.0,4.0
2021-08-05 23:27:02,71.0,60.0,5.0,6.0
2021-08-05 23:27:03,86.0,70.0,9.0,7.0
2021-08-05 23:27:04,69.0,56.0,7.0,6.0
2021-08-05 23:27:05,91.0,86.0,3.0,2.0
2021-08-05 23:27:06,76.0,67.0,3.0,6.0
2021-08-05 23:27:07,75.0,67.0,7.0,1.0
2021-08-05 23:27:08,69.0,56.0,10.0,3.0
2021-08-05 23:27:09,70.0,65.0,3.0,2.0
2021-08-05 23:27:10,82.0,73.0,2.0,7.0
2021-08-05 23:27:11,90.0,77.0,8.0,5.0
2021-08-05 23:27:12,92.0,73.0,11.0,8.0
2021-08-05 23:27:13,77.0,67.0,5.0,5.0
2021-08-05 23:27:14,90.0,81.0,8.0,1.0
2021-08-05 23:27:15,79.0,67.0,6.0,6.0
2021-08-05 23:27:16,86.0,73.0,7.0,6.0
2021-08-05 23:27:17,81.0,67.0,10.0,4.0
2021-08-05 23:27:18,72.0,61.0,5.0,6.0
2021-08-05 23:27:19,98.0,86.0,9.0,3.0
2021-08-05 23:27:20,72.0,58.0,9.0,5.0
2021-08-05 23:27:21,72.0,64.0,5.0,3.0
2021-08-05 23:27:22,70.0,61.0,6.0,3.0
2021-08-05 23:27:23,78.0,67.0,7.0,4.0
2021-08-05 23:27:24,80.0,71.0,4.0,5.0
2021-08-05 23:27:25,80.0,72.0,5.0,3.0
2021-08-05 23:27:26,75.0,64.0,7.0,4.0
2021-08-05 23:27:27,88.0,74.0,5.0,9.0
2021-08-05 23:27:28,103.0,87.0,11.0,5.0
2021-08-05 23:27:29,65.0,52.0,11.0,2.0
2021-08-05 23:27:30,75.0,62.0,8.0,5.0
2021-08-05 23:27:31,63.0,58.0,3.0,2.0
2021-08-05 23:27:32,73.0,62.0,8.0,3.0
2021-08-05 23:27:33,90.0,82.0,3.0,5.0
2021-08-05 23:27:34,81.0,68.0,7.0,6.0
2021-08-05 23:27:35,90.0,79.0,5.0,6.0
2021-08-05 23:27:36,73.0,62.0,6.0,5.0
2021-08-05 23:27:37,71.0,60.0,7.0,4.0
2021-08-05 23:27:38,72.0,56.0,12.0,4.0
2021-08-05 23:27:39,70.0,56.0,9.0,5.0
2021-08-05 23:27:40,95.0,90.0,2.0,3.0
2021-08-05 23:27:41,79.0,68.0,5.0,6.0
2021-08-05 23:27:42,73.0,61.0,6.0,6.0
2021-08-05 23:27:43,66.0,54.0,7.0,5.0
2021-08-05 23:27:44,80.0,67.0,10.0,3.0
2021-08-05 23:27:45,75.0,69.0,3.0,3.0
2021-08-05 23:27:46,78.0,64.0,8.0,6.0
2021-08-05 23:27:47,73.0,65.0,6.0,2.0
2021-08-05 23:27:48,100.0,92.0,6.0,2.0
2021-08-05 23:27:49,88.0,76.0,8.0,4.0
2021-08-05 23:27:50,65.0,57.0,3.0,5.0
2021-08-05 23:27:51,79.0,73.0,2.0,4.0
2021-08-05 23:27:52,77.0,63.0,9.0,5.0
2021-08-05 23:27:53,85.0,72.0,11.0,2.0
2021-08-05 23:27:54,80.0,67.0,5.0,8.0
2021-08-05 23:27:55,69.0,62.0,5.0,2.0
2021-08-05 23:27:56,73.0,66.0,2.0,5.0
2021-08-05 23:27:57,70.0,62.0,6.0,2.0
2021-08-05 23:27:58,76.0,71.0,4.0,1.0
2021-08-05 23:27:59,62.0,55.0,3.0,4.0
2021-08-05 23:28:00,80.0,70.0,8.0,2.0
2021-08-05 23:28:01,93.0,79.0,8.0,6.0
2021-08-05 23:28:02,84.0,73.0,3.0,8.0
2021-08-05 23:28:03,81.0,72.0,4.0,5.0
2021-08-05 23:28:04,93.0,79.0,9.0,5.0
2021-08-05 23:28:05,80.0,72.0,5.0,3.0
2021-08-05 23:28:06,87.0,75.0,5.0,7.0
2021-08-05 23:28:07,85.0,72.0,9.0,4.0
2021-08-05 23:28:08,66.0,59.0,3.0,4.0
2021-08-05 23:28:09,76.0,62.0,11.0,3.0
2021-08-05 23:28:10,65.0,59.0,3.0,3.0
2021-08-05 23:28:11,74.0,64.0,5.0,5.0
2021-08-05 23:28:12,77.0,67.0,4.0,6.0
2021-08-05 23:28:13,80.0,68.0,4.0,8.0
2021-08-05 23:28:14,89.0,81.0,1.0,7.0
2021-08-05 23:28:15,75.0,59.0,5.0,11.0
2021-08-05 23:28:16,94.0,85.0,3.0,6.0
2021-08-05 23:28:17,82.0,68.0,8.0,6.0
2021-08-05 23:28:18,89.0,76.0,10.0,3.0
2021-08-05 23:28:19,92.0,85.0,2.0,5.0
2021-08-05 23:28:20,86.0,76.0,8.0,2.0
2021-08-05 23:28:21,66.0,63.0,1.0,2.0
2021-08-05 23:28:22,66.0,56.0,5.0,5.0
2021-08-05 23:28:23,95.0,84.0,7.0,4.0
2021-08-05 23:28:24,71.0,63.0,5.0,3.0
2021-08-05 23:28:25,99.0,81.0,6.0,12.0
2021-08-05 23:28:26,72.0,68.0,3.0,1.0
2021-08-05 23:28:27,68.0,59.0,7.0,2.0
2021-08-05 23:28:28,71.0,63.0,3.0,5.0
2021-08-05 23:28:29,84.0,73.0,4.0,7.0
2021-08-05 23:28:30,79.0,67.0,8.0,4.0
2021-08-05 23:28:31,73.0,64.0,5.0,4.0
2021-08-05 23:28:32,88.0,75.0,8.0,5.0
2021-08-05 23:28:33,94.0,86.0,6.0,2.0
2021-08-05 23:28:34,83.0,73.0,4.0,6.0
2021-08-05 23:28:35,68.0,59.0,6.0,3.0
2021-08-05 23:28:36,71.0,62.0,6.0,3.0
2021-08-05 23:28:37,77.0,68.0,5.0,4.0
2021-08-05 23:28:38,100.0,83.0,12.0,5.0
2021-08-05 23:28:39,75.0,63.0,7.0,5.0
2021-08-05 23:28:40,68.0,58.0,6.0,4.0
2021-08-05 23:28:41,85.0,80.0,2.0,3.0
2021-08-05 23:28:42,91.0,78.0,10.0,3.0
2021-08-05 23:28:43,67.0,57.0,9.0,1.0
2021-08-05 23:28:44,88.0,75.0,5.0,8.0
2021-08-05 23:28:45,76.0,64.0,8.0,4.0
2021-08-05 23:28:46,91.0,79.0,7.0,5.0
2021-08-05 23:28:47,69.0,62.0,6.0,1.0
2021-08-05 23:28:48,69.0,55.0,9.0,5.0
2021-08-05 23:28:49,78.0,73.0,2.0,3.0
2021-08-05 23:28:50,83.0,68.0,12.0,3.0
2021-08-05 23:28:51,81.0,68.0,9.0,4.0
2021-08-05 23:28:52,84.0,72.0,8.0,4.0
2021-08-05 23:28:53,66.0,56.0,9.0,1.0
2021-08-05 23:28:54,76.0,68.0,6.0,2.0
2021-08-05 23:28:55,95.0,84.0,6.0,5.0
2021-08-05 23:28:56,76.0,65.0,7.0,4.0
2021-08-05 23:28:57,68.0,56.0,7.0,5.0
2021-08-05 23:28:58,70.0,58.0,6.0,6.0
2021-08-05 23:28:59,93.0,82.0,9.0,2.0
2021-08-05 23:29:00,83.0,69.0,10.0,4.0
2021-08-05 23:29:01,75.0,62.0,8.0,5.0
2021-08-05 23:29:02,78.0,68.0,4.0,6.0
2021-08-05 23:29:03,93.0,82.0,5.0,6.0
2021-08-05 23:29:04,81.0,73.0,3.0,5.0
2021-08-05 23:29:05,93.0,82.0,3.0,8.0
2021-08-05 23:29:06,73.0,64.0,4.0,5.0
2021-08-05 23:29:07,68.0,64.0,3.0,1.0
2021-08-05 23:29:08,95.0,83.0,5.0,7.0
2021-08-05 23:29:09,69.0,65.0,3.0,1.0
2021-08-05 23:29:10,79.0,68.0,7.0,4.0
2021-08-05 23:29:11,76.0,63.0,5.0,8.0
2021-08-05 23:29:12,81.0,69.0,9.0,3.0
2021-08-05 23:29:13,85.0,78.0,5.0,2.0
2021-08-05 23:29:14,68.0,55.0,7.0,6.0
2021-08-05 23:29:15,93.0,80.0,10.0,3.0
2021-08-05 23:29:16,71.0,63.0,4.0,4.0
2021-08-05 23:29:17,73.0,64.0,6.0,3.0
2021-08-05 23:29:18,87.0,76.0,5.0,6.0
2021-08-05 23:29:19,76.0,68.0,5.0,3.0
2021-08-05 23:29:20,65.0,60.0,2.0,3.0
2021-08-05 23:29:21,60.0,55.0,5.0,0.0
2021-08-05 23:29:22,75.0,68.0,5.0,2.0
2021-08-05 23:29:23,69.0,61.0,6.0,2.0
2021-08-05 23:29:24,81.0,73.0,4.0,4.0
2021-08-05 23:29:25,71.0,55.0,11.0,5.0
2021-08-05 23:29:26,84.0,75.0,7.0,2.0
2021-08-05 23:29:27,80.0,69.0,3.0,8.0
2021-08-05 23:29:28,79.0,72.0,4.0,3.0
2021-08-05 23:29:29,71.0,60.0,6.0,5.0
2021-08-05 23:29:30,91.0,83.0,3.0,5.0
2021-08-05 23:29:31,77.0,67.0,5.0,5.0
2021-08-05 23:29:32,67.0,55.0,6.0,6.0
2021-08-05 23:29:33,87.0,78.0,5.0,4.0
2021-08-05 23:29:34,77.0,63.0,11.0,3.0
2021-08-05 23:29:35,71.0,62.0,5.0,4.0
2021-08-05 23:29:36,86.0,78.0,4.0,4.0
2021-08-05 23:29:37,78.0,67.0,7.0,4.0
2021-08-05 23:29:38,87.0,71.0,11.0,5.0
2021-08-05 23:29:39,77.0,66.0,6.0,5.0
2021-08-05 23:29:40,74.0,68.0,4.0,2.0
2021-08-05 23:29:41,87.0,73.0,10.0,4.0
2021-08-05 23:29:42,87.0,72.0,9.0,6.0
2021-08-05 23:29:43,82.0,75.0,1.0,6.0
2021-08-05 23:29:44,84.0,75.0,6.0,3.0
2021-08-05 23:29:45,65.0,55.0,4.0,6.0
2021-08-05 23:29:46,80.0,70.0,8.0,2.0
2021-08-05 23:29:47,90.0,84.0,6.0,0.0
2021-08-05 23:29:48,84.0,74.0,7.0,3.0
2021-08-05 23:29:49,75.0,60.0,8.0,7.0
2021-08-05 23:29:50,87.0,76.0,8.0,3.0
2021-08-05 23:29:51,79.0,70.0,5.0,4.0
2021-08-05 23:29:52,76.0,63.0,9.0,4.0
2021-08-05 23:29:53,74.0,60.0,7.0,7.0
2021-08-05 23:29:54,75.0,63.0,9.0,3.0
2021-08-05 23:29:55,89.0,77.0,7.0,5.0
2021-08-05 23:29:56,84.0,71.0,8.0,5.0
2021-08-05 23:29:57,78.0,69.0,4.0,5.0
2021-08-05 23:29:58,88.0,77.0,6.0,5.0
2021-08-05 23:29:59,74.0,63.0,4.0,7.0
2021-08-05 23:30:00,80.0,68.0,8.0,4.0
2021-08-05 23:30:01,76.0,63.0,8.0,5.0
2021-08-05 23:30:02,70.0,64.0,3.0,3.0
2021-08-05 23:30:03,87.0,74.0,6.0,7.0
2021-08-05 23:30:04,82.0,70.0,7.0,5.0
2021-08-05 23:30:05,75.0,66.0,5.0,4.0
2021-08-05 23:30:06,95.0,82.0,4.0,9.0
2021-08-05 23:30:07,86.0,75.0,5.0,6.0
2021-08-05 23:30:08,75.0,71.0,2.0,2.0
2021-08-05 23:30:09,88.0,77.0,8.0,3.0
2021-08-05 23:30:10,80.0,67.0,7.0,6.0
2021-08-05 23:30:11,75.0,65.0,8.0,2.0
2021-08-05 23:30:12,84.0,76.0,4.0,4.0
2021-08-05 23:30:13,87.0,77.0,9.0,1.0
2021-08-05 23:30:14,80.0,68.0,6.0,6.0
2021-08-05 23:30:15,90.0,72.0,9.0,9.0
2021-08-05 23:30:16,74.0,59.0,6.0,9.0
2021-08-05 23:30:17,91.0,80.0,5.0,6.0
2021-08-05 23:30:18,89.0,78.0,8.0,3.0
2021-08-05 23:30:19,82.0,70.0,8.0,4.0
2021-08-05 23:30:20,97.0,80.0,10.0,7.0
2021-08-05 23:30:21,81.0,68.0,6.0,7.0
2021-08-05 23:30:22,80.0,67.0,8.0,5.0
2021-08-05 23:30:23,82.0,71.0,5.0,6.0
2021-08-05 23:30:24,84.0,74.0,4.0,6.0
2021-08-05 23:30:25,67.0,59.0,5.0,3.0
2021-08-05 23:30:26,82.0,65.0,9.0,8.0
2021-08-05 23:30:27,78.0,71.0,6.0,1.0
2021-08-05 23:30:28,75.0,65.0,7.0,3.0
2021-08-05 23:30:29,68.0,57.0,6.0,5.0
2021-08-05 23:30:30,87.0,71.0,9.0,7.0
2021-08-05 23:30:31,90.0,82.0,5.0,3.0
2021-08-05 23:30:32,79.0,70.0,4.0,5.0
2021-08-05 23:30:33,85.0,75.0,4.0,6.0
2021-08-05 23:30:34,69.0,56.0,11.0,2.0
2021-08-05 23:30:35,77.0,66.0,6.0,5.0
2021-08-05 23:30:36,73.0,64.0,5.0,4.0
2021-08-05 23:30:37,74.0,64.0,7.0,3.0
2021-08-05 23:30:38,96.0,87.0,5.0,4.0
2021-08-05 23:30:39,85.0,75.0,9.0,1.0
2021-08-05 23:30:40,84.0,77.0,5.0,2.0
2021-08-05 23:30:41,76.0,67.0,1.0,8.0
2021-08-05 23:30:42,76.0,66.0,5.0,5.0
2021-08-05 23:30:43,76.0,68.0,4.0,4.0
2021-08-05 23:30:44,67.0,60.0,4.0,3.0
2021-08-05 23:30:45,71.0,61.0,2.0,8.0
2021-08-05 23:30:46,69.0,65.0,1.0,3.0
2021-08-05 23:30:47,103.0,85.0,12.0,6.0
2021-08-05 23:30:48,75.0,65.0,6.0,4.0
2021-08-05 23:30:49,75.0,67.0,5.0,3.0
2021-08-05 23:30:50,77.0,64.0,6.0,7.0
2021-08-05 23:30:51,72.0,61.0,6.0,5.0
2021-08-05 23:30:52,80.0,73.0,3.0,4.0
2021-08-05 23:30:53,103.0,91.0,8.0,4.0
2021-08-05 23:30:54,77.0,65.0,7.0,5.0
2021-08-05 23:30:55,78.0,68.0,6.0,4.0
2021-08-05 23:30:56,91.0,77.0,9.0,5.0
2021-08-05 23:30:57,63.0,56.0,4.0,3.0
2021-08-05 23:30:58,76.0,61.0,9.0,6.0
2021-08-05 23:30:59,82.0,70.0,7.0,5.0
2021-08-05 23:31:00,80.0,72.0,3.0,5.0
2021-08-05 23:31:01,95.0,84.0,10.0,1.0
2021-08-05 23:31:02,85.0,74.0,7.0,4.0
2021-08-05 23:31:03,79.0,67.0,6.0,6.0
2021-08-05 23:31:04,69.0,57.0,7.0,5.0
2021-08-05 23:31:05,82.0,73.0,6.0,3.0
2021-08-05 23:31:06,70.0,61.0,4.0,5.0
2021-08-05 23:31:07,88.0,73.0,8.0,7.0
2021-08-05 23:31:08,74.0,60.0,7.0,7.0
2021-08-05 23:31:09,80.0,72.0,3.0,5.0
2021-08-05 23:31:10,68.0,57.0,7.0,4.0
2021-08-05 23:31:11,75.0,62.0,11.0,2.0
2021-08-05 23:31:12,87.0,77.0,8.0,2.0
2021-08-05 23:31:13,86.0,75.0,6.0,5.0
2021-08-05 23:31:14,86.0,80.0,3.0,3.0
2021-08-05 23:31:15,85.0,76.0,4.0,5.0
2021-08-05 23:31:16,72.0,60.0,6.0,6.0
2021-08-05 23:31:17,67.0,57.0,7.0,3.0
2021-08-05 23:31:18,79.0,70.0,4.0,5.0
2021-08-05 23:31:19,78.0,69.0,4.0,5.0
2021-08-05 23:31:20,78.0,65.0,8.0,5.0
2021-08-05 23:31:21,77.0,64.0,8.0,5.0
2021-08-05 23:31:22,64.0,55.0,3.0,6.0
2021-08-05 23:31:23,73.0,63.0,7.0,3.0
2021-08-05 23:31:24,82.0,74.0,5.0,3.0
2021-08-05 23:31:25,85.0,69.0,9.0,7.0
2021-08-05 23:31:26,67.0,57.0,7.0,3.0
2021-08-05 23:31:27,87.0,75.0,6.0,6.0
2021-08-05 23:31:28,87.0,78.0,7.0,2.0
2021-08-05 23:31:29,89.0,79.0,4.0,6.0
2021-08-05 23:31:30,77.0,67.0,5.0,5.0
2021-08-05 23:31:31,67.0,61.0,2.0,4.0
2021-08-05 23:31:32,69.0,62.0,5.0,2.0
2021-08-05 23:31:33,90.0,79.0,9.0,2.0
2021-08-05 23:31:34,75.0,70.0,4.0,1.0
2021-08-05 23:31:35,68.0,59.0,6.0,3.0
2021-08-05 23:31:36,84.0,75.0,4.0,5.0
2021-08-05 23:31:37,86.0,75.0,6.0,5.0
2021-08-05 23:31:38,80.0,69.0,5.0,6.0
2021-08-05 23:31:39,70.0,58.0,5.0,7.0
2021-08-05 23:31:40,105.0,97.0,2.0,6.0
2021-08-05 23:31:41,66.0,59.0,5.0,2.0
2021-08-05 23:31:42,66.0,57.0,3.0,6.0
2021-08-05 23:31:43,82.0,68.0,8.0,6.0
2021-08-05 23:31:44,98.0,85.0,9.0,4.0
2021-08-05 23:31:45,75.0,66.0,5.0,4.0
2021-08-05 23:31:46,75.0,65.0,10.0,0.0
2021-08-05 23:31:47,95.0,76.0,15.0,4.0
2021-08-05 23:31:48,86.0,70.0,8.0,8.0
2021-08-05 23:31:49,93.0,83.0,7.0,3.0
2021-08-05 23:31:50,79.0,69.0,7.0,3.0
2021-08-05 23:31:51,84.0,73.0,5.0,6.0
2021-08-05 23:31:52,78.0,58.0,12.0,8.0
2021-08-05 23:31:53,67.0,53.0,7.0,7.0
2021-08-05 23:31:54,75.0,64.0,7.0,4.0
2021-08-05 23:31:55,93.0,78.0,9.0,6.0
2021-08-05 23:31:56,91.0,77.0,7.0,7.0
2021-08-05 23:31:57,78.0,67.0,7.0,4.0
2021-08-05 23:31:58,84.0,70.0,4.0,10.0
2021-08-05 23:31:59,100.0,80.0,15.0,5.0
2021-08-05 23:32:00,79.0,65.0,6.0,8.0
2021-08-05 23:32:01,80.0,72.0,4.0,4.0
2021-08-05 23:32:02,78.0,70.0,4.0,4.0
2021-08-05 23:32:03,89.0,81.0,3.0,5.0
2021-08-05 23:32:04,71.0,63.0,5.0,3.0
2021-08-05 23:32:05,70.0,62.0,5.0,3.0
2021-08-05 23:32:06,68.0,64.0,3.0,1.0
2021-08-05 23:32:07,82.0,72.0,6.0,4.0
2021-08-05 23:32:08,79.0,67.0,6.0,6.0
2021-08-05 23:32:09,71.0,61.0,7.0,3.0
2021-08-05 23:32:10,75.0,67.0,5.0,3.0
2021-08-05 23:32:11,71.0,59.0,7.0,5.0
2021-08-05 23:32:12,83.0,74.0,7.0,2.0
2021-08-05 23:32:13,76.0,65.0,5.0,6.0
2021-08-05 23:32:14,64.0,54.0,6.0,4.0
2021-08-05 23:32:15,87.0,77.0,8.0,2.0
2021-08-05 23:32:16,91.0,79.0,9.0,3.0
2021-08-05 23:32:17,75.0,63.0,5.0,7.0
2021-08-05 23:32:18,75.0,65.0,5.0,5.0
2021-08-05 23:32:19,72.0,63.0,5.0,4.0
2021-08-05 23:32:20,65.0,56.0,4.0,5.0
2021-08-05 23:32:21,78.0,67.0,5.0,6.0
2021-08-05 23:32:22,82.0,76.0,3.0,3.0
2021-08-05 23:32:23,64.0,57.0,5.0,2.0
2021-08-05 23:32:24,84.0,72.0,5.0,7.0
2021-08-05 23:32:25,88.0,76.0,5.0,7.0
2021-08-05 23:32:26,84.0,74.0,4.0,6.0
2021-08-05 23:32:27,89.0,81.0,3.0,5.0
2021-08-05 23:32:28,72.0,61.0,6.0,5.0
2021-08-05 23:32:29,76.0,65.0,10.0,1.0
2021-08-05 23:32:30,77.0,69.0,6.0,2.0
2021-08-05 23:32:31,98.0,84.0,9.0,5.0
2021-08-05 23:32:32,75.0,66.0,5.0,4.0
2021-08-05 23:32:33,76.0,63.0,10.0,3.0
2021-08-05 23:32:34,72.0,62.0,7.0,3.0
2021-08-05 23:32:35,82.0,72.0,6.0,4.0
2021-08-05 23:32:36,74.0,68.0,1.0,5.0
2021-08-05 23:32:37,90.0,79.0,7.0,4.0
2021-08-05 23:32:38,81.0,76.0,3.0,2.0
2021-08-05 23:32:39,87.0,81.0,5.0,1.0
2021-08-05 23:32:40,72.0,58.0,8.0,6.0
2021-08-05 23:32:41,89.0,80.0,5.0,4.0
2021-08-05 23:32:42,77.0,72.0,4.0,1.0
2021-08-05 23:32:43,68.0,57.0,10.0,1.0
2021-08-05 23:32:44,79.0,70.0,6.0,3.0
2021-08-05 23:32:45,85.0,70.0,8.0,7.0
2021-08-05 23:32:46,68.0,57.0,8.0,3.0
2021-08-05 23:32:47,74.0,65.0,7.0,2.0
2021-08-05 23:32:48,70.0,62.0,6.0,2.0
2021-08-05 23:32:49,69.0,59.0,9.0,1.0
2021-08-05 23:32:50,83.0,73.0,6.0,4.0
2021-08-05 23:32:51,68.0,57.0,9.0,2.0
2021-08-05 23:32:52,78.0,64.0,8.0,6.0
2021-08-05 23:32:53,93.0,86.0,5.0,2.0
2021-08-05 23:32:54,84.0,75.0,6.0,3.0
2021-08-05 23:32:55,91.0,79.0,6.0,6.0
2021-08-05 23:32:56,78.0,64.0,6.0,8.0
2021-08-05 23:32:57,89.0,77.0,6.0,6.0
2021-08-05 23:32:58,70.0,61.0,8.0,1.0
2021-08-05 23:32:59,75.0,65.0,5.0,5.0
2021-08-05 23:33:00,86.0,76.0,7.0,3.0
2021-08-05 23:33:01,86.0,77.0,3.0,6.0
2021-08-05 23:33:02,69.0,59.0,7.0,3.0
2021-08-05 23:33:03,81.0,65.0,9.0,7.0
2021-08-05 23:33:04,85.0,76.0,6.0,3.0
2021-08-05 23:33:05,60.0,54.0,2.0,4.0
2021-08-05 23:33:06,76.0,63.0,8.0,5.0
2021-08-05 23:33:07,76.0,64.0,8.0,4.0
2021-08-05 23:33:08,83.0,68.0,10.0,5.0
2021-08-05 23:33:09,75.0,69.0,4.0,2.0
2021-08-05 23:33:10,97.0,81.0,7.0,9.0
2021-08-05 23:33:11,84.0,76.0,6.0,2.0
2021-08-05 23:33:12,72.0,59.0,9.0,4.0
2021-08-05 23:33:13,81.0,73.0,6.0,2.0
2021-08-05 23:33:14,76.0,70.0,3.0,3.0
2021-08-05 23:33:15,79.0,68.0,8.0,3.0
2021-08-05 23:33:16,75.0,68.0,3.0,4.0
2021-08-05 23:33:17,69.0,62.0,4.0,3.0
2021-08-05 23:33:18,84.0,76.0,6.0,2.0
2021-08-05 23:33:19,65.0,54.0,9.0,2.0
2021-08-05 23:33:20,81.0,76.0,2.0,3.0
2021-08-05 23:33:21,83.0,72.0,9.0,2.0
2021-08-05 23:33:22,63.0,58.0,2.0,3.0
2021-08-05 23:33:23,83.0,67.0,11.0,5.0
2021-08-05 23:33:24,82.0,75.0,5.0,2.0
2021-08-05 23:33:25,78.0,67.0,9.0,2.0
2021-08-05 23:33:26,87.0,69.0,10.0,8.0
2021-08-05 23:33:27,75.0,70.0,2.0,3.0
2021-08-05 23:33:28,73.0,68.0,4.0,1.0
2021-08-05 23:33:29,90.0,78.0,5.0,7.0
2021-08-05 23:33:30,89.0,76.0,9.0,4.0
2021-08-05 23:33:31,79.0,67.0,7.0,5.0
2021-08-05 23:33:32,83.0,75.0,8.0,0.0
2021-08-05 23:33:33,90.0,80.0,6.0,4.0
2021-08-05 23:33:34,66.0,55.0,6.0,5.0
2021-08-05 23:33:35,69.0,57.0,9.0,3.0
2021-08-05 23:33:36,63.0,56.0,2.0,5.0
2021-08-05 23:33:37,84.0,75.0,6.0,3.0
2021-08-05 23:33:38,79.0,68.0,9.0,2.0
2021-08-05 23:33:39,67.0,58.0,5.0,4.0
2021-08-05 23:33:40,74.0,63.0,5.0,6.0
2021-08-05 23:33:41,87.0,72.0,12.0,3.0
2021-08-05 23:33:42,86.0,75.0,7.0,4.0
2021-08-05 23:33:43,104.0,89.0,5.0,10.0
2021-08-05 23:33:44,92.0,82.0,7.0,3.0
2021-08-05 23:33:45,70.0,60.0,7.0,3.0
2021-08-05 23:33:46,74.0,65.0,4.0,5.0
2021-08-05 23:33:47,78.0,67.0,10.0,1.0
2021-08-05 23:33:48,68.0,60.0,4.0,4.0
2021-08-05 23:33:49,75.0,65.0,7.0,3.0
2021-08-05 23:33:50,80.0,74.0,1.0,5.0
2021-08-05 23:33:51,67.0,57.0,9.0,1.0
2021-08-05 23:33:52,83.0,78.0,2.0,3.0
2021-08-05 23:33:53,69.0,64.0,3.0,2.0
2021-08-05 23:33:54,81.0,68.0,7.0,6.0
2021-08-05 23:33:55,93.0,85.0,6.0,2.0
2021-08-05 23:33:56,97.0,89.0,6.0,2.0
2021-08-05 23:33:57,74.0,69.0,3.0,2.0
2021-08-05 23:33:58,69.0,61.0,4.0,4.0
2021-08-05 23:33:59,91.0,81.0,7.0,3.0
2021-08-05 23:34:00,77.0,68.0,8.0,1.0
2021-08-05 23:34:01,80.0,73.0,3.0,4.0
2021-08-05 23:34:02,73.0,65.0,5.0,3.0
2021-08-05 23:34:03,73.0,66.0,3.0,4.0
2021-08-05 23:34:04,73.0,65.0,2.0,6.0
2021-08-05 23:34:05,60.0,55.0,1.0,4.0
2021-08-05 23:34:06,76.0,64.0,7.0,5.0
2021-08-05 23:34:07,66.0,57.0,5.0,4.0
2021-08-05 23:34:08,88.0,74.0,8.0,6.0
2021-08-05 23:34:09,65.0,56.0,6.0,3.0
2021-08-05 23:34:10,66.0,59.0,4.0,3.0
2021-08-05 23:34:11,78.0,70.0,6.0,2.0
2021-08-05 23:34:12,96.0,85.0,7.0,4.0
2021-08-05 23:34:13,81.0,69.0,6.0,6.0
2021-08-05 23:34:14,85.0,77.0,2.0,6.0
2021-08-05 23:34:15,84.0,78.0,3.0,3.0
2021-08-05 23:34:16,78.0,70.0,6.0,2.0
2021-08-05 23:34:17,83.0,69.0,8.0,6.0
2021-08-05 23:34:18,66.0,60.0,2.0,4.0
2021-08-05 23:34:19,71.0,60.0,6.0,5.0
2021-08-05 23:34:20,75.0,65.0,5.0,5.0
2021-08-05 23:34:21,79.0,73.0,5.0,1.0
2021-08-05 23:34:22,72.0,61.0,8.0,3.0
2021-08-05 23:34:23,76.0,61.0,9.0,6.0
2021-08-05 23:34:24,73.0,64.0,7.0,2.0
2021-08-05 23:34:25,79.0,67.0,6.0,6.0
2021-08-05 23:34:26,72.0,62.0,8.0,2.0
2021-08-05 23:34:27,86.0,76.0,6.0,4.0
2021-08-05 23:34:28,87.0,78.0,5.0,4.0
2021-08-05 23:34:29,75.0,62.0,8.0,5.0
2021-08-05 23:34:30,72.0,66.0,3.0,3.0
2021-08-05 23:34:31,90.0,76.0,9.0,5.0
2021-08-05 23:34:32,82.0,75.0,5.0,2.0
2021-08-05 23:34:33,73.0,62.0,6.0,5.0
2021-08-05 23:34:34,72.0,59.0,8.0,5.0
2021-08-05 23:34:35,73.0,62.0,5.0,6.0
2021-08-05 23:34:36,59.0,49.0,4.0,6.0
2021-08-05 23:34:37,61.0,52.0,3.0,6.0
2021-08-05 23:34:38,82.0,70.0,5.0,7.0
2021-08-05 23:34:39,69.0,58.0,4.0,7.0
2021-08-05 23:34:40,79.0,72.0,6.0,1.0
2021-08-05 23:34:41,68.0,56.0,7.0,5.0
2021-08-05 23:34:42,81.0,76.0,3.0,2.0
2021-08-05 23:34:43,83.0,69.0,10.0,4.0
2021-08-05 23:34:44,70.0,58.0,6.0,6.0
2021-08-05 23:34:45,75.0,66.0,6.0,3.0
2021-08-05 23:34:46,77.0,66.0,4.0,7.0
2021-08-05 23:34:47,73.0,64.0,5.0,4.0
2021-08-05 23:34:48,75.0,63.0,9.0,3.0
2021-08-05 23:34:49,88.0,74.0,9.0,5.0
2021-08-05 23:34:50,83.0,75.0,5.0,3.0
2021-08-05 23:34:51,76.0,68.0,7.0,1.0
2021-08-05 23:34:52,85.0,73.0,7.0,5.0
2021-08-05 23:34:53,59.0,54.0,3.0,2.0
2021-08-05 23:34:54,88.0,81.0,4.0,3.0
2021-08-05 23:34:55,83.0,72.0,9.0,2.0
2021-08-05 23:34:56,79.0,68.0,11.0,0.0
2021-08-05 23:34:57,90.0,75.0,8.0,7.0
2021-08-05 23:34:58,64.0,58.0,5.0,1.0
2021-08-05 23:34:59,81.0,74.0,3.0,4.0
2021-08-05 23:35:00,93.0,80.0,7.0,6.0
2021-08-05 23:35:01,79.0,65.0,8.0,6.0
2021-08-05 23:35:02,87.0,77.0,5.0,5.0
2021-08-05 23:35:03,70.0,61.0,6.0,3.0
2021-08-05 23:35:04,73.0,65.0,4.0,4.0
2021-08-05 23:35:05,76.0,66.0,5.0,5.0
2021-08-05 23:35:06,88.0,80.0,6.0,2.0
2021-08-05 23:35:07,81.0,65.0,11.0,5.0
2021-08-05 23:35:08,63.0,49.0,7.0,7.0
2021-08-05 23:35:09,72.0,64.0,5.0,3.0
2021-08-05 23:35:10,87.0,66.0,15.0,6.0
2021-08-05 23:35:11,83.0,71.0,8.0,4.0
2021-08-05 23:35:12,86.0,74.0,5.0,7.0
2021-08-05 23:35:13,82.0,68.0,5.0,9.0
2021-08-05 23:35:14,75.0,65.0,7.0,3.0
2021-08-05 23:35:15,69.0,63.0,4.0,2.0
2021-08-05 23:35:16,82.0,75.0,5.0,2.0
2021-08-05 23:35:17,72.0,60.0,7.0,5.0
2021-08-05 23:35:18,91.0,76.0,10.0,5.0
2021-08-05 23:35:19,78.0,68.0,7.0,3.0
2021-08-05 23:35:20,65.0,52.0,7.0,6.0
2021-08-05 23:35:21,83.0,69.0,5.0,9.0
2021-08-05 23:35:22,80.0,73.0,3.0,4.0
2021-08-05 23:35:23,83.0,74.0,5.0,4.0
2021-08-05 23:35:24,76.0,71.0,3.0,2.0
2021-08-05 23:35:25,82.0,72.0,8.0,2.0
2021-08-05 23:35:26,65.0,56.0,2.0,7.0
2021-08-05 23:35:27,94.0,88.0,3.0,3.0
2021-08-05 23:35:28,77.0,66.0,6.0,5.0
2021-08-05 23:35:29,68.0,59.0,3.0,6.0
2021-08-05 23:35:30,84.0,76.0,5.0,3.0
2021-08-05 23:35:31,68.0,58.0,7.0,3.0
2021-08-05 23:35:32,74.0,66.0,5.0,3.0
2021-08-05 23:35:33,83.0,74.0,4.0,5.0
2021-08-05 23:35:34,74.0,67.0,5.0,2.0
2021-08-05 23:35:35,91.0,80.0,9.0,2.0
2021-08-05 23:35:36,64.0,55.0,6.0,3.0
2021-08-05 23:35:37,78.0,70.0,3.0,5.0
2021-08-05 23:35:38,87.0,74.0,8.0,5.0
2021-08-05 23:35:39,82.0,71.0,6.0,5.0
2021-08-05 23:35:40,74.0,68.0,4.0,2.0
2021-08-05 23:35:41,76.0,66.0,7.0,3.0
2021-08-05 23:35:42,80.0,70.0,6.0,4.0
2021-08-05 23:35:43,69.0,59.0,5.0,5.0
2021-08-05 23:35:44,79.0,68.0,6.0,5.0
2021-08-05 23:35:45,77.0,66.0,6.0,5.0
2021-08-05 23:35:46,74.0,65.0,3.0,6.0
2021-08-05 23:35:47,68.0,58.0,3.0,7.0
2021-08-05 23:35:48,77.0,68.0,5.0,4.0
2021-08-05 23:35:49,80.0,74.0,1.0,5.0
2021-08-05 23:35:50,79.0,73.0,6.0,0.0
2021-08-05 23:35:51,87.0,77.0,7.0,3.0
2021-08-05 23:35:52,61.0,56.0,3.0,2.0
2021-08-05 23:35:53,61.0,56.0,5.0,0.0
2021-08-05 23:35:54,92.0,80.0,6.0,6.0
2021-08-05 23:35:55,93.0,80.0,7.0,6.0
2021-08-05 23:35:56,75.0,67.0,4.0,4.0
2021-08-05 23:35:57,83.0,67.0,9.0,7.0
2021-08-05 23:35:58,77.0,68.0,4.0,5.0
2021-08-05 23:35:59,87.0,77.0,4.0,6.0
2021-08-05 23:36:00,70.0,61.0,7.0,2.0
2021-08-05 23:36:01,73.0,67.0,5.0,1.0
2021-08-05 23:36:02,72.0,61.0,6.0,5.0
2021-08-05 23:36:03,77.0,69.0,5.0,3.0
2021-08-05 23:36:04,87.0,73.0,6.0,8.0
2021-08-05 23:36:05,74.0,62.0,7.0,5.0
2021-08-05 23:36:06,82.0,74.0,4.0,4.0
2021-08-05 23:36:07,94.0,82.0,10.0,2.0
2021-08-05 23:36:08,88.0,77.0,9.0,2.0
2021-08-05 23:36:09,92.0,78.0,9.0,5.0
2021-08-05 23:36:10,72.0,64.0,5.0,3.0
2021-08-05 23:36:11,68.0,58.0,7.0,3.0
2021-08-05 23:36:12,73.0,63.0,7.0,3.0
2021-08-05 23:36:13,88.0,75.0,8.0,5.0
2021-08-05 23:36:14,80.0,66.0,10.0,4.0
2021-08-05 23:36:15,70.0,67.0,1.0,2.0
2021-08-05 23:36:16,67.0,57.0,4.0,6.0
2021-08-05 23:36:17,79.0,65.0,7.0,7.0
2021-08-05 23:36:18,74.0,64.0,7.0,3.0
2021-08-05 23:36:19,86.0,72.0,9.0,5.0
2021-08-05 23:36:20,77.0,58.0,12.0,7.0
2021-08-05 23:36:21,84.0,66.0,10.0,8.0
2021-08-05 23:36:22,72.0,60.0,7.0,5.0
2021-08-05 23:36:23,89.0,75.0,13.0,1.0
2021-08-05 23:36:24,68.0,61.0,4.0,3.0
2021-08-05 23:36:25,93.0,86.0,3.0,4.0
2021-08-05 23:36:26,82.0,67.0,11.0,4.0
2021-08-05 23:36:27,85.0,74.0,4.0,7.0
2021-08-05 23:36:28,82.0,68.0,9.0,5.0
2021-08-05 23:36:29,83.0,71.0,6.0,6.0
2021-08-05 23:36:30,72.0,59.0,5.0,8.0
2021-08-05 23:36:31,70.0,62.0,4.0,4.0
2021-08-05 23:36:32,61.0,48.0,10.0,3.0
2021-08-05 23:36:33,73.0,66.0,5.0,2.0
2021-08-05 23:36:34,76.0,63.0,8.0,5.0
2021-08-05 23:36:35,66.0,60.0,5.0,1.0
2021-08-05 23:36:36,90.0,79.0,6.0,5.0
2021-08-05 23:36:37,66.0,57.0,7.0,2.0
2021-08-05 23:36:38,96.0,88.0,3.0,5.0
2021-08-05 23:36:39,76.0,67.0,4.0,5.0
2021-08-05 23:36:40,76.0,70.0,4.0,2.0
2021-08-05 23:36:41,85.0,70.0,8.0,7.0
2021-08-05 23:36:42,86.0,77.0,4.0,5.0
2021-08-05 23:36:43,69.0,60.0,6.0,3.0
2021-08-05 23:36:44,88.0,78.0,6.0,4.0
2021-08-05 23:36:45,71.0,62.0,5.0,4.0
2021-08-05 23:36:46,66.0,57.0,6.0,3.0
2021-08-05 23:36:47,80.0,73.0,3.0,4.0
2021-08-05 23:36:48,75.0,67.0,4.0,4.0
2021-08-05 23:36:49,71.0,62.0,4.0,5.0
2021-08-05 23:36:50,89.0,81.0,3.0,5.0
2021-08-05 23:36:51,76.0,68.0,5.0,3.0
2021-08-05 23:36:52,84.0,74.0,3.0,7.0
2021-08-05 23:36:53,71.0,67.0,3.0,1.0
2021-08-05 23:36:54,63.0,56.0,4.0,3.0
2021-08-05 23:36:55,86.0,72.0,8.0,6.0
2021-08-05 23:36:56,74.0,64.0,8.0,2.0
2021-08-05 23:36:57,86.0,73.0,8.0,5.0
2021-08-05 23:36:58,71.0,65.0,5.0,1.0
2021-08-05 23:36:59,82.0,74.0,2.0,6.0
2021-08-05 23:37:00,74.0,67.0,6.0,1.0
2021-08-05 23:37:01,81.0,75.0,3.0,3.0
2021-08-05 23:37:02,68.0,64.0,3.0,1.0
2021-08-05 23:37:03,92.0,85.0,6.0,1.0
2021-08-05 23:37:04,72.0,64.0,5.0,3.0
2021-08-05 23:37:05,77.0,64.0,7.0,6.0
2021-08-05 23:37:06,85.0,72.0,6.0,7.0
2021-08-05 23:37:07,84.0,75.0,5.0,4.0
2021-08-05 23:37:08,79.0,69.0,7.0,3.0
2021-08-05 23:37:09,89.0,79.0,6.0,4.0
2021-08-05 23:37:10,74.0,63.0,7.0,4.0
2021-08-05 23:37:11,81.0,73.0,3.0,5.0
2021-08-05 23:37:12,70.0,62.0,3.0,5.0
2021-08-05 23:37:13,75.0,63.0,8.0,4.0
2021-08-05 23:37:14,91.0,75.0,7.0,9.0
2021-08-05 23:37:15,84.0,71.0,8.0,5.0
2021-08-05 23:37:16,89.0,82.0,4.0,3.0
2021-08-05 23:37:17,82.0,69.0,7.0,6.0
2021-08-05 23:37:18,74.0,61.0,8.0,5.0
2021-08-05 23:37:19,70.0,63.0,6.0,1.0
2021-08-05 23:37:20,84.0,70.0,9.0,5.0
2021-08-05 23:37:21,89.0,73.0,8.0,8.0
2021-08-05 23:37:22,91.0,80.0,4.0,7.0
2021-08-05 23:37:23,84.0,72.0,8.0,4.0
2021-08-05 23:37:24,73.0,67.0,6.0,0.0
2021-08-05 23:37:25,60.0,49.0,7.0,4.0
2021-08-05 23:37:26,68.0,56.0,9.0,3.0
2021-08-05 23:37:27,59.0,48.0,5.0,6.0
2021-08-05 23:37:28,87.0,80.0,4.0,3.0
2021-08-05 23:37:29,82.0,62.0,13.0,7.0
2021-08-05 23:37:30,76.0,67.0,6.0,3.0
2021-08-05 23:37:31,71.0,64.0,3.0,4.0
2021-08-05 23:37:32,91.0,78.0,9.0,4.0
2021-08-05 23:37:33,79.0,73.0,2.0,4.0
2021-08-05 23:37:34,75.0,68.0,3.0,4.0
2021-08-05 23:37:35,73.0,59.0,12.0,2.0
2021-08-05 23:37:36,70.0,60.0,5.0,5.0
2021-08-05 23:37:37,92.0,81.0,7.0,4.0
2021-08-05 23:37:38,75.0,62.0,8.0,5.0
2021-08-05 23:37:39,69.0,61.0,3.0,5.0
2021-08-05 23:37:40,80.0,71.0,7.0,2.0
2021-08-05 23:37:41,79.0,65.0,7.0,7.0
2021-08-05 23:37:42,86.0,74.0,7.0,5.0
2021-08-05 23:37:43,93.0,82.0,8.0,3.0
2021-08-05 23:37:44,81.0,68.0,7.0,6.0
2021-08-05 23:37:45,88.0,75.0,10.0,3.0
2021-08-05 23:37:46,75.0,70.0,3.0,2.0
2021-08-05 23:37:47,79.0,69.0,6.0,4.0
2021-08-05 23:37:48,63.0,59.0,2.0,2.0
2021-08-05 23:37:49,72.0,62.0,3.0,7.0
2021-08-05 23:37:50,83.0,70.0,10.0,3.0
2021-08-05 23:37:51,74.0,67.0,6.0,1.0
2021-08-05 23:37:52,96.0,81.0,8.0,7.0
2021-08-05 23:37:53,90.0,78.0,8.0,4.0
2021-08-05 23:37:54,75.0,54.0,11.0,10.0
2021-08-05 23:37:55,76.0,65.0,8.0,3.0
2021-08-05 23:37:56,70.0,61.0,8.0,1.0
2021-08-05 23:37:57,66.0,52.0,11.0,3.0
2021-08-05 23:37:58,99.0,87.0,7.0,5.0
2021-08-05 23:37:59,92.0,79.0,7.0,6.0
2021-08-05 23:38:00,71.0,64.0,4.0,3.0
2021-08-05 23:38:01,76.0,63.0,4.0,9.0
2021-08-05 23:38:02,71.0,63.0,6.0,2.0
2021-08-05 23:38:03,80.0,70.0,8.0,2.0
2021-08-05 23:38:04,62.0,54.0,5.0,3.0
2021-08-05 23:38:05,67.0,52.0,11.0,4.0
2021-08-05 23:38:06,78.0,65.0,9.0,4.0
2021-08-05 23:38:07,95.0,79.0,7.0,9.0
2021-08-05 23:38:08,79.0,61.0,10.0,8.0
2021-08-05 23:38:09,90.0,81.0,7.0,2.0
2021-08-05 23:38:10,68.0,62.0,2.0,4.0
2021-08-05 23:38:11,79.0,71.0,5.0,3.0
2021-08-05 23:38:12,67.0,61.0,5.0,1.0
2021-08-05 23:38:13,85.0,69.0,6.0,10.0
2021-08-05 23:38:14,75.0,66.0,5.0,4.0
2021-08-05 23:38:15,91.0,78.0,7.0,6.0
2021-08-05 23:38:16,74.0,67.0,4.0,3.0
2021-08-05 23:38:17,84.0,70.0,8.0,6.0
2021-08-05 23:38:18,71.0,62.0,6.0,3.0
2021-08-05 23:38:19,86.0,73.0,7.0,6.0
2021-08-05 23:38:20,75.0,59.0,6.0,10.0
2021-08-05 23:38:21,90.0,74.0,8.0,8.0
2021-08-05 23:38:22,82.0,71.0,5.0,6.0
2021-08-05 23:38:23,78.0,70.0,6.0,2.0
2021-08-05 23:38:24,75.0,67.0,3.0,5.0
2021-08-05 23:38:25,89.0,77.0,9.0,3.0
2021-08-05 23:38:26,84.0,75.0,6.0,3.0
2021-08-05 23:38:27,73.0,63.0,7.0,3.0
2021-08-05 23:38:28,81.0,64.0,10.0,7.0
2021-08-05 23:38:29,84.0,70.0,9.0,5.0
2021-08-05 23:38:30,90.0,78.0,3.0,9.0
2021-08-05 23:38:31,81.0,73.0,5.0,3.0
2021-08-05 23:38:32,100.0,86.0,8.0,6.0
2021-08-05 23:38:33,73.0,67.0,4.0,2.0
2021-08-05 23:38:34,82.0,70.0,8.0,4.0
2021-08-05 23:38:35,83.0,76.0,2.0,5.0
2021-08-05 23:38:36,82.0,75.0,5.0,2.0
2021-08-05 23:38:37,82.0,70.0,5.0,7.0
2021-08-05 23:38:38,91.0,81.0,4.0,6.0
2021-08-05 23:38:39,77.0,63.0,7.0,7.0
2021-08-05 23:38:40,84.0,77.0,4.0,3.0
2021-08-05 23:38:41,70.0,64.0,3.0,3.0
2021-08-05 23:38:42,70.0,63.0,7.0,0.0
2021-08-05 23:38:43,89.0,84.0,4.0,1.0
2021-08-05 23:38:44,65.0,52.0,4.0,9.0
2021-08-05 23:38:45,101.0,86.0,10.0,5.0
2021-08-05 23:38:46,67.0,56.0,7.0,4.0
2021-08-05 23:38:47,83.0,67.0,10.0,6.0
2021-08-05 23:38:48,81.0,70.0,10.0,1.0
2021-08-05 23:38:49,86.0,70.0,10.0,6.0
2021-08-05 23:38:50,60.0,52.0,5.0,3.0
2021-08-05 23:38:51,76.0,71.0,2.0,3.0
2021-08-05 23:38:52,77.0,70.0,5.0,2.0
2021-08-05 23:38:53,80.0,73.0,4.0,3.0
2021-08-05 23:38:54,93.0,82.0,9.0,2.0
2021-08-05 23:38:55,71.0,57.0,5.0,9.0
2021-08-05 23:38:56,77.0,66.0,8.0,3.0
2021-08-05 23:38:57,85.0,71.0,10.0,4.0
2021-08-05 23:38:58,78.0,71.0,3.0,4.0
2021-08-05 23:38:59,78.0,65.0,9.0,4.0
2021-08-05 23:39:00,92.0,77.0,8.0,7.0
2021-08-05 23:39:01,89.0,82.0,5.0,2.0
2021-08-05 23:39:02,90.0,79.0,8.0,3.0
2021-08-05 23:39:03,77.0,61.0,9.0,7.0
2021-08-05 23:39:04,77.0,64.0,7.0,6.0
2021-08-05 23:39:05,90.0,79.0,7.0,4.0
2021-08-05 23:39:06,81.0,71.0,8.0,2.0
2021-08-05 23:39:07,70.0,62.0,7.0,1.0
2021-08-05 23:39:08,68.0,58.0,6.0,4.0
2021-08-05 23:39:09,87.0,73.0,8.0,6.0
2021-08-05 23:39:10,87.0,76.0,9.0,2.0
2021-08-05 23:39:11,82.0,74.0,7.0,1.0
2021-08-05 23:39:12,70.0,59.0,7.0,4.0
2021-08-05 23:39:13,73.0,62.0,7.0,4.0
2021-08-05 23:39:14,75.0,60.0,7.0,8.0
2021-08-05 23:39:15,76.0,68.0,3.0,5.0
2021-08-05 23:39:16,74.0,68.0,4.0,2.0
2021-08-05 23:39:17,76.0,63.0,7.0,6.0
2021-08-05 23:39:18,67.0,55.0,7.0,5.0
2021-08-05 23:39:19,88.0,75.0,8.0,5.0
2021-08-05 23:39:20,74.0,63.0,7.0,4.0
2021-08-05 23:39:21,77.0,61.0,10.0,6.0
2021-08-05 23:39:22,74.0,61.0,6.0,7.0
2021-08-05 23:39:23,76.0,71.0,4.0,1.0
2021-08-05 23:39:24,84.0,76.0,4.0,4.0
2021-08-05 23:39:25,88.0,76.0,11.0,1.0
2021-08-05 23:39:26,75.0,65.0,5.0,5.0
2021-08-05 23:39:27,77.0,64.0,9.0,4.0
2021-08-05 23:39:28,75.0,63.0,10.0,2.0
2021-08-05 23:39:29,86.0,74.0,5.0,7.0
2021-08-05 23:39:30,69.0,61.0,6.0,2.0
2021-08-05 23:39:31,87.0,75.0,8.0,4.0
2021-08-05 23:39:32,72.0,61.0,9.0,2.0
2021-08-05 23:39:33,74.0,69.0,2.0,3.0
2021-08-05 23:39:34,78.0,67.0,6.0,5.0
2021-08-05 23:39:35,73.0,61.0,7.0,5.0
2021-08-05 23:39:36,86.0,79.0,6.0,1.0
2021-08-05 23:39:37,83.0,69.0,9.0,5.0
2021-08-05 23:39:38,77.0,64.0,7.0,6.0
2021-08-05 23:39:39,78.0,73.0,4.0,1.0
2021-08-05 23:39:40,80.0,66.0,4.0,10.0
2021-08-05 23:39:41,64.0,54.0,4.0,6.0
2021-08-05 23:39:42,79.0,66.0,9.0,4.0
2021-08-05 23:39:43,86.0,76.0,7.0,3.0
2021-08-05 23:39:44,88.0,78.0,6.0,4.0
2021-08-05 23:39:45,79.0,66.0,10.0,3.0
2021-08-05 23:39:46,94.0,81.0,7.0,6.0
2021-08-05 23:39:47,93.0,81.0,7.0,5.0
2021-08-05 23:39:48,75.0,66.0,7.0,2.0
2021-08-05 23:39:49,94.0,82.0,7.0,5.0
2021-08-05 23:39:50,78.0,67.0,9.0,2.0
2021-08-05 23:39:51,89.0,84.0,3.0,2.0
2021-08-05 23:39:52,84.0,77.0,5.0,2.0
2021-08-05 23:39:53,72.0,63.0,6.0,3.0
2021-08-05 23:39:54,65.0,52.0,6.0,7.0
2021-08-05 23:39:55,77.0,63.0,6.0,8.0
2021-08-05 23:39:56,80.0,70.0,9.0,1.0
2021-08-05 23:39:57,72.0,57.0,6.0,9.0
2021-08-05 23:39:58,76.0,66.0,3.0,7.0
2021-08-05 23:39:59,80.0,71.0,5.0,4.0
2021-08-05 23:40:00,75.0,67.0,5.0,3.0
2021-08-05 23:40:01,72.0,58.0,9.0,5.0
2021-08-05 23:40:02,89.0,74.0,9.0,6.0
2021-08-05 23:40:03,71.0,59.0,5.0,7.0
2021-08-05 23:40:04,63.0,58.0,3.0,2.0
2021-08-05 23:40:05,101.0,84.0,10.0,7.0
2021-08-05 23:40:06,92.0,77.0,8.0,7.0
2021-08-05 23:40:07,77.0,71.0,5.0,1.0
2021-08-05 23:40:08,83.0,79.0,2.0,2.0
2021-08-05 23:40:09,88.0,79.0,6.0,3.0
2021-08-05 23:40:10,85.0,76.0,5.0,4.0
2021-08-05 23:40:11,82.0,73.0,5.0,4.0
2021-08-05 23:40:12,72.0,55.0,10.0,7.0
2021-08-05 23:40:13,76.0,70.0,3.0,3.0
2021-08-05 23:40:14,92.0,79.0,7.0,6.0
2021-08-05 23:40:15,85.0,75.0,7.0,3.0
2021-08-05 23:40:16,72.0,66.0,5.0,1.0
2021-08-05 23:40:17,75.0,65.0,6.0,4.0
2021-08-05 23:40:18,72.0,60.0,5.0,7.0
2021-08-05 23:40:19,77.0,66.0,7.0,4.0
2021-08-05 23:40:20,69.0,55.0,9.0,5.0
2021-08-05 23:40:21,72.0,64.0,6.0,2.0
2021-08-05 23:40:22,85.0,79.0,4.0,2.0
2021-08-05 23:40:23,90.0,73.0,12.0,5.0
2021-08-05 23:40:24,79.0,71.0,7.0,1.0
2021-08-05 23:40:25,91.0,79.0,7.0,5.0
2021-08-05 23:40:26,78.0,71.0,4.0,3.0
2021-08-05 23:40:27,88.0,75.0,8.0,5.0
2021-08-05 23:40:28,90.0,83.0,4.0,3.0
2021-08-05 23:40:29,76.0,64.0,4.0,8.0
2021-08-05 23:40:30,81.0,74.0,3.0,4.0
2021-08-05 23:40:31,69.0,61.0,6.0,2.0
2021-08-05 23:40:32,82.0,71.0,3.0,8.0
2021-08-05 23:40:33,80.0,66.0,6.0,8.0
2021-08-05 23:40:34,85.0,74.0,8.0,3.0
2021-08-05 23:40:35,76.0,66.0,5.0,5.0
2021-08-05 23:40:36,76.0,68.0,4.0,4.0
2021-08-05 23:40:37,81.0,71.0,7.0,3.0
2021-08-05 23:40:38,91.0,82.0,6.0,3.0
2021-08-05 23:40:39,84.0,73.0,5.0,6.0
2021-08-05 23:40:40,95.0,78.0,13.0,4.0
2021-08-05 23:40:41,78.0,72.0,1.0,5.0
2021-08-05 23:40:42,78.0,70.0,7.0,1.0
2021-08-05 23:40:43,61.0,50.0,6.0,5.0
2021-08-05 23:40:44,76.0,63.0,10.0,3.0
2021-08-05 23:40:45,78.0,68.0,7.0,3.0
2021-08-05 23:40:46,79.0,62.0,11.0,6.0
2021-08-05 23:40:47,64.0,53.0,4.0,7.0
2021-08-05 23:40:48,75.0,66.0,4.0,5.0
2021-08-05 23:40:49,82.0,70.0,3.0,9.0
2021-08-05 23:40:50,77.0,70.0,5.0,2.0
2021-08-05 23:40:51,80.0,67.0,5.0,8.0
2021-08-05 23:40:52,81.0,75.0,2.0,4.0
2021-08-05 23:40:53,57.0,51.0,2.0,4.0
2021-08-05 23:40:54,94.0,81.0,6.0,7.0
2021-08-05 23:40:55,73.0,67.0,4.0,2.0
2021-08-05 23:40:56,89.0,77.0,12.0,0.0
2021-08-05 23:40:57,79.0,70.0,6.0,3.0
2021-08-05 23:40:58,73.0,66.0,5.0,2.0
2021-08-05 23:40:59,69.0,58.0,7.0,4.0
2021-08-05 23:41:00,101.0,89.0,9.0,3.0
2021-08-05 23:41:01,77.0,63.0,10.0,4.0
2021-08-05 23:41:02,90.0,82.0,6.0,2.0
2021-08-05 23:41:03,76.0,69.0,4.0,3.0
2021-08-05 23:41:04,77.0,68.0,6.0,3.0
2021-08-05 23:41:05,92.0,80.0,9.0,3.0
2021-08-05 23:41:06,89.0,78.0,6.0,5.0
2021-08-05 23:41:07,83.0,79.0,1.0,3.0
2021-08-05 23:41:08,81.0,72.0,7.0,2.0
2021-08-05 23:41:09,65.0,61.0,4.0,0.0
2021-08-05 23:41:10,82.0,71.0,6.0,5.0
2021-08-05 23:41:11,83.0,75.0,4.0,4.0
2021-08-05 23:41:12,81.0,69.0,8.0,4.0
2021-08-05 23:41:13,82.0,73.0,5.0,4.0
2021-08-05 23:41:14,70.0,62.0,4.0,4.0
2021-08-05 23:41:15,82.0,70.0,8.0,4.0
2021-08-05 23:41:16,71.0,59.0,5.0,7.0
2021-08-05 23:41:17,75.0,65.0,5.0,5.0
2021-08-05 23:41:18,76.0,65.0,7.0,4.0
2021-08-05 23:41:19,79.0,72.0,4.0,3.0
2021-08-05 23:41:20,94.0,85.0,7.0,2.0
2021-08-05 23:41:21,85.0,77.0,6.0,2.0
2021-08-05 23:41:22,89.0,77.0,6.0,6.0
2021-08-05 23:41:23,79.0,67.0,9.0,3.0
2021-08-05 23:41:24,94.0,83.0,6.0,5.0
2021-08-05 23:41:25,88.0,72.0,11.0,5.0
2021-08-05 23:41:26,86.0,78.0,3.0,5.0
2021-08-05 23:41:27,78.0,68.0,7.0,3.0
2021-08-05 23:41:28,71.0,59.0,10.0,2.0
2021-08-05 23:41:29,72.0,59.0,10.0,3.0
2021-08-05 23:41:30,83.0,74.0,6.0,3.0
2021-08-05 23:41:31,79.0,67.0,7.0,5.0
2021-08-05 23:41:32,69.0,60.0,5.0,4.0
2021-08-05 23:41:33,73.0,63.0,7.0,3.0
2021-08-05 23:41:34,85.0,76.0,4.0,5.0
2021-08-05 23:41:35,84.0,74.0,9.0,1.0
2021-08-05 23:41:36,71.0,54.0,11.0,6.0
2021-08-05 23:41:37,63.0,56.0,5.0,2.0
2021-08-05 23:41:38,74.0,62.0,6.0,6.0
2021-08-05 23:41:39,82.0,69.0,7.0,6.0
2021-08-05 23:41:40,84.0,68.0,8.0,8.0
2021-08-05 23:41:41,92.0,82.0,8.0,2.0
2021-08-05 23:41:42,82.0,73.0,6.0,3.0
2021-08-05 23:41:43,80.0,71.0,5.0,4.0
2021-08-05 23:41:44,88.0,78.0,7.0,3.0
2021-08-05 23:41:45,89.0,73.0,9.0,7.0
2021-08-05 23:41:46,74.0,63.0,8.0,3.0
2021-08-05 23:41:47,81.0,65.0,11.0,5.0
2021-08-05 23:41:48,71.0,64.0,5.0,2.0
2021-08-05 23:41:49,86.0,80.0,3.0,3.0
2021-08-05 23:41:50,78.0,71.0,3.0,4.0
2021-08-05 23:41:51,79.0,67.0,7.0,5.0
2021-08-05 23:41:52,92.0,81.0,4.0,7.0
2021-08-05 23:41:53,84.0,74.0,6.0,4.0
2021-08-05 23:41:54,78.0,71.0,4.0,3.0
2021-08-05 23:41:55,82.0,74.0,6.0,2.0
2021-08-05 23:41:56,77.0,68.0,3.0,6.0
2021-08-05 23:41:57,82.0,68.0,7.0,7.0
2021-08-05 23:41:58,77.0,66.0,4.0,7.0
2021-08-05 23:41:59,85.0,72.0,7.0,6.0
2021-08-05 23:42:00,67.0,64.0,3.0,0.0
2021-08-05 23:42:01,82.0,76.0,4.0,2.0
2021-08-05 23:42:02,92.0,85.0,5.0,2.0
2021-08-05 23:42:03,88.0,76.0,8.0,4.0
2021-08-05 23:42:04,92.0,82.0,3.0,7.0
2021-08-05 23:42:05,77.0,67.0,6.0,4.0
2021-08-05 23:42:06,92.0,83.0,3.0,6.0
2021-08-05 23:42:07,83.0,70.0,8.0,5.0
2021-08-05 23:42:08,71.0,63.0,5.0,3.0
2021-08-05 23:42:09,98.0,84.0,10.0,4.0
2021-08-05 23:42:10,94.0,84.0,7.0,3.0
2021-08-05 23:42:11,69.0,61.0,3.0,5.0
2021-08-05 23:42:12,83.0,68.0,11.0,4.0
2021-08-05 23:42:13,71.0,61.0,7.0,3.0
2021-08-05 23:42:14,99.0,82.0,9.0,8.0
2021-08-05 23:42:15,56.0,49.0,5.0,2.0
2021-08-05 23:42:16,91.0,81.0,7.0,3.0
2021-08-05 23:42:17,89.0,72.0,13.0,4.0
2021-08-05 23:42:18,65.0,54.0,6.0,5.0
2021-08-05 23:42:19,80.0,72.0,4.0,4.0
2021-08-05 23:42:20,96.0,79.0,13.0,4.0
2021-08-05 23:42:21,70.0,57.0,8.0,5.0
2021-08-05 23:42:22,83.0,74.0,8.0,1.0
2021-08-05 23:42:23,84.0,72.0,6.0,6.0
2021-08-05 23:42:24,84.0,78.0,3.0,3.0
2021-08-05 23:42:25,70.0,61.0,8.0,1.0
2021-08-05 23:42:26,79.0,66.0,4.0,9.0
2021-08-05 23:42:27,67.0,59.0,3.0,5.0
2021-08-05 23:42:28,78.0,62.0,12.0,4.0
2021-08-05 23:42:29,79.0,66.0,11.0,2.0
2021-08-05 23:42:30,90.0,80.0,6.0,4.0
2021-08-05 23:42:31,76.0,66.0,9.0,1.0
2021-08-05 23:42:32,88.0,78.0,6.0,4.0
2021-08-05 23:42:33,71.0,59.0,8.0,4.0
2021-08-05 23:42:34,72.0,59.0,9.0,4.0
2021-08-05 23:42:35,62.0,53.0,6.0,3.0
2021-08-05 23:42:36,90.0,79.0,8.0,3.0
2021-08-05 23:42:37,70.0,63.0,7.0,0.0
2021-08-05 23:42:38,74.0,65.0,6.0,3.0
2021-08-05 23:42:39,89.0,78.0,8.0,3.0
2021-08-05 23:42:40,75.0,64.0,5.0,6.0
2021-08-05 23:42:41,75.0,67.0,4.0,4.0
2021-08-05 23:42:42,76.0,67.0,7.0,2.0
2021-08-05 23:42:43,95.0,86.0,6.0,3.0
2021-08-05 23:42:44,56.0,44.0,7.0,5.0
2021-08-05 23:42:45,76.0,63.0,8.0,5.0
2021-08-05 23:42:46,63.0,58.0,3.0,2.0
2021-08-05 23:42:47,91.0,77.0,10.0,4.0
2021-08-05 23:42:48,82.0,70.0,5.0,7.0
2021-08-05 23:42:49,82.0,75.0,4.0,3.0
2021-08-05 23:42:50,79.0,66.0,8.0,5.0
2021-08-05 23:42:51,50.0,41.0,6.0,3.0
